timestamp,lag,wait_ms
2025-10-22 23:23:13.350,0,3
2025-10-22 23:23:13.352,0,2
2025-10-22 23:23:13.369,0,2
2025-10-22 23:23:13.385,0,1
2025-10-22 23:23:14.300,0,1
2025-10-22 23:23:14.320,5,1
2025-10-22 23:23:15.313,5,1
2025-10-22 23:23:15.316,3,2
2025-10-22 23:23:15.327,3,1
2025-10-22 23:23:15.332,3,1
2025-10-22 23:23:16.313,3,1
2025-10-22 23:23:16.316,4,1
2025-10-22 23:23:16.328,4,1
2025-10-22 23:23:16.336,4,1
2025-10-22 23:23:17.305,4,1
2025-10-22 23:23:17.319,4,1
2025-10-22 23:23:17.322,4,0
2025-10-22 23:23:17.325,6,1
2025-10-22 23:23:17.328,6,1
2025-10-22 23:23:17.329,6,1
2025-10-22 23:23:18.303,6,1
2025-10-22 23:23:18.309,5,1
2025-10-22 23:23:18.317,5,1
2025-10-22 23:23:18.320,5,1
2025-10-22 23:23:18.330,5,0
2025-10-22 23:23:19.308,5,2
2025-10-22 23:23:19.313,5,2
2025-10-22 23:23:19.351,5,1
2025-10-22 23:23:19.365,5,1
2025-10-22 23:23:20.302,5,2
2025-10-22 23:23:20.310,4,0
2025-10-22 23:23:20.318,4,1
2025-10-22 23:23:20.324,4,1
2025-10-22 23:23:21.313,4,1
2025-10-22 23:23:21.331,4,0
2025-10-22 23:23:22.329,4,1
2025-10-22 23:23:23.306,4,0
2025-10-22 23:23:23.314,3,0
2025-10-22 23:23:23.318,1,0
2025-10-22 23:23:23.327,1,1
2025-10-22 23:23:23.330,1,0
2025-10-22 23:23:24.311,1,1
2025-10-22 23:23:24.314,6,2
2025-10-22 23:23:24.315,6,1
2025-10-22 23:23:24.318,6,0
2025-10-22 23:23:24.328,6,1
2025-10-22 23:23:25.312,6,1
2025-10-22 23:23:25.315,5,0
2025-10-22 23:23:25.334,5,1
2025-10-22 23:23:26.304,5,0
2025-10-22 23:23:26.312,3,1
2025-10-22 23:23:26.315,3,1
2025-10-22 23:23:27.312,3,0
2025-10-22 23:23:27.317,3,0
2025-10-22 23:23:27.322,4,1
2025-10-22 23:23:27.324,4,1
2025-10-22 23:23:27.331,4,0
2025-10-22 23:23:27.339,4,1
2025-10-22 23:23:28.304,4,1
2025-10-22 23:23:28.308,6,1
2025-10-22 23:23:28.317,6,1
2025-10-22 23:23:28.321,6,1
2025-10-22 23:23:28.331,6,1
2025-10-22 23:23:29.309,6,1
2025-10-22 23:23:29.313,6,2
2025-10-22 23:23:29.318,6,0
2025-10-22 23:23:29.320,6,0
2025-10-22 23:23:29.326,6,1
2025-10-22 23:23:29.330,6,1
2025-10-22 23:23:30.305,6,1
2025-10-22 23:23:30.317,6,0
2025-10-22 23:23:30.331,6,1
2025-10-22 23:23:31.301,8,0
2025-10-22 23:23:31.309,8,1
2025-10-22 23:23:31.312,8,2
2025-10-22 23:23:31.322,4,1
2025-10-22 23:23:32.303,4,0
2025-10-22 23:23:32.310,3,0
2025-10-22 23:23:32.313,3,0
2025-10-22 23:23:32.316,3,0
2025-10-22 23:23:32.326,3,1
2025-10-22 23:23:33.345,4,0
2025-10-22 23:23:33.349,4,0
2025-10-22 23:23:33.350,4,0
2025-10-22 23:23:33.352,4,0
2025-10-22 23:23:33.366,4,1
2025-10-22 23:23:34.350,4,1
2025-10-22 23:23:34.359,6,0
2025-10-22 23:23:34.367,6,1
2025-10-22 23:23:34.374,6,0
2025-10-22 23:23:34.379,6,1
2025-10-22 23:23:34.381,6,0
2025-10-22 23:23:34.386,6,1
2025-10-22 23:23:35.336,6,1
2025-10-22 23:23:35.345,7,0
2025-10-22 23:23:35.352,7,0
2025-10-22 23:23:35.356,7,0
2025-10-22 23:23:35.357,7,0
2025-10-22 23:23:35.369,7,1
2025-10-22 23:23:35.375,7,0
2025-10-22 23:23:35.390,7,0
2025-10-22 23:23:35.401,7,0
2025-10-22 23:23:36.354,7,0
2025-10-22 23:23:36.357,10,3
2025-10-22 23:23:36.362,10,0
2025-10-22 23:23:36.380,10,0
2025-10-22 23:23:36.380,10,0
2025-10-22 23:23:36.382,10,1
2025-10-22 23:23:36.389,10,0
2025-10-22 23:23:37.353,10,0
2025-10-22 23:23:37.363,7,0
2025-10-22 23:23:38.332,7,2
2025-10-22 23:23:38.340,2,1
2025-10-22 23:23:38.346,2,2
2025-10-22 23:23:38.347,2,2
2025-10-22 23:23:38.351,2,2
2025-10-22 23:23:38.367,2,1
2025-10-22 23:23:38.368,2,2
2025-10-22 23:23:38.369,2,2
2025-10-22 23:23:38.379,2,2
2025-10-22 23:23:38.395,2,2
2025-10-22 23:23:40.001,11,653
2025-10-22 23:23:40.001,11,651
2025-10-22 23:23:40.001,11,647
2025-10-22 23:23:40.001,11,642
2025-10-22 23:23:40.001,11,639
2025-10-22 23:23:40.001,11,634
2025-10-22 23:23:40.001,11,618
2025-10-22 23:23:40.001,11,612
2025-10-22 23:23:40.336,11,2
2025-10-22 23:23:40.339,11,1
2025-10-22 23:23:40.341,11,2
2025-10-22 23:23:40.345,11,1
2025-10-22 23:23:40.361,11,2
2025-10-22 23:23:40.363,11,1
2025-10-22 23:23:40.379,11,1
2025-10-22 23:23:41.333,11,2
2025-10-22 23:23:41.338,7,1
2025-10-22 23:23:41.339,7,2
2025-10-22 23:23:41.351,7,1
2025-10-22 23:23:41.353,7,2
2025-10-22 23:23:41.356,7,2
2025-10-22 23:23:41.363,7,1
2025-10-22 23:23:41.374,7,2
2025-10-22 23:23:41.378,7,2
2025-10-22 23:23:41.381,7,1
2025-10-22 23:23:43.000,13,1609
2025-10-22 23:23:43.000,13,1608
2025-10-22 23:23:43.000,13,661
2025-10-22 23:23:43.000,13,661
2025-10-22 23:23:43.000,13,659
2025-10-22 23:23:43.000,13,655
2025-10-22 23:23:43.000,13,645
2025-10-22 23:23:43.000,13,632
2025-10-22 23:23:43.000,13,631
2025-10-22 23:23:43.000,13,627
2025-10-22 23:23:44.001,11,670
2025-10-22 23:23:44.001,11,652
2025-10-22 23:23:44.001,11,645
2025-10-22 23:23:44.001,11,623
2025-10-22 23:23:44.001,11,616
2025-10-22 23:23:44.001,11,612
2025-10-22 23:23:44.334,11,2
2025-10-22 23:23:44.339,7,1
2025-10-22 23:23:44.342,7,1
2025-10-22 23:23:44.347,7,1
2025-10-22 23:23:44.352,7,1
2025-10-22 23:23:44.362,7,1
2025-10-22 23:23:44.365,7,2
2025-10-22 23:23:44.366,7,1
2025-10-22 23:23:44.373,7,1
2025-10-22 23:23:44.389,7,1
2025-10-22 23:23:46.001,12,1607
2025-10-22 23:23:46.001,12,1601
2025-10-22 23:23:46.001,12,668
2025-10-22 23:23:46.001,12,658
2025-10-22 23:23:46.001,12,657
2025-10-22 23:23:46.001,12,655
2025-10-22 23:23:46.001,12,652
2025-10-22 23:23:46.001,12,651
2025-10-22 23:23:46.001,12,649
2025-10-22 23:23:46.001,12,649
2025-10-22 23:23:47.000,16,1646
2025-10-22 23:23:47.000,16,1634
2025-10-22 23:23:47.000,16,1632
2025-10-22 23:23:47.000,16,1616
2025-10-22 23:23:47.000,16,1615
2025-10-22 23:23:47.000,16,666
2025-10-22 23:23:47.000,16,661
2025-10-22 23:23:47.000,16,657
2025-10-22 23:23:47.000,16,652
2025-10-22 23:23:47.000,16,646
2025-10-22 23:23:48.000,20,1636
2025-10-22 23:23:48.000,20,1634
2025-10-22 23:23:48.000,20,1624
2025-10-22 23:23:48.000,20,1621
2025-10-22 23:23:48.000,20,1619
2025-10-22 23:23:48.000,20,1611
2025-10-22 23:23:48.000,20,1604
2025-10-22 23:23:48.000,20,1603
2025-10-22 23:23:48.000,20,658
2025-10-22 23:23:48.000,20,656
2025-10-22 23:23:49.001,17,1649
2025-10-22 23:23:49.001,17,1647
2025-10-22 23:23:49.001,17,1626
2025-10-22 23:23:49.001,17,1619
2025-10-22 23:23:49.001,17,1610
2025-10-22 23:23:49.001,17,651
2025-10-22 23:23:49.001,17,647
2025-10-22 23:23:49.001,17,638
2025-10-22 23:23:49.001,17,628
2025-10-22 23:23:49.001,17,619
2025-10-22 23:23:50.001,19,1609
2025-10-22 23:23:50.001,19,1603
2025-10-22 23:23:50.001,19,1595
2025-10-22 23:23:50.001,19,1590
2025-10-22 23:23:50.001,19,1580
2025-10-22 23:23:50.001,19,1578
2025-10-22 23:23:50.001,19,663
2025-10-22 23:23:50.001,19,660
2025-10-22 23:23:50.001,19,655
2025-10-22 23:23:50.001,19,650
2025-10-22 23:23:51.000,18,1644
2025-10-22 23:23:51.000,18,1643
2025-10-22 23:23:51.000,18,1637
2025-10-22 23:23:51.000,18,1634
2025-10-22 23:23:51.000,18,1626
2025-10-22 23:23:51.000,18,1609
2025-10-22 23:23:51.000,18,1606
2025-10-22 23:23:51.000,18,648
2025-10-22 23:23:51.000,18,642
2025-10-22 23:23:51.000,18,641
2025-10-22 23:23:52.000,17,1634
2025-10-22 23:23:52.000,17,1613
2025-10-22 23:23:52.000,17,1610
2025-10-22 23:23:52.000,17,1608
2025-10-22 23:23:52.000,17,664
2025-10-22 23:23:52.000,17,663
2025-10-22 23:23:52.000,17,660
2025-10-22 23:23:52.000,17,636
2025-10-22 23:23:52.000,17,634
2025-10-22 23:23:52.000,17,627
2025-10-22 23:23:53.001,16,1628
2025-10-22 23:23:53.001,16,1617
2025-10-22 23:23:53.001,16,1611
2025-10-22 23:23:53.001,16,1610
2025-10-22 23:23:53.001,16,1607
2025-10-22 23:23:53.001,16,663
2025-10-22 23:23:53.001,16,646
2025-10-22 23:23:53.001,16,645
2025-10-22 23:23:53.001,16,619
2025-10-22 23:23:53.001,16,618
2025-10-22 23:23:54.000,13,1616
2025-10-22 23:23:54.000,13,1613
2025-10-22 23:23:54.000,13,1611
2025-10-22 23:23:54.000,13,590
2025-10-22 23:23:54.000,13,584
2025-10-22 23:23:54.000,13,558
2025-10-22 23:23:54.000,13,557
2025-10-22 23:23:54.000,13,549
2025-10-22 23:23:54.000,13,544
2025-10-22 23:23:54.000,13,543
2025-10-22 23:23:55.000,21,1527
2025-10-22 23:23:55.000,21,1524
2025-10-22 23:23:55.000,21,1516
2025-10-22 23:23:55.000,21,1509
2025-10-22 23:23:55.000,21,1495
2025-10-22 23:23:55.000,21,1488
2025-10-22 23:23:55.000,21,1480
2025-10-22 23:23:55.000,21,1477
2025-10-22 23:23:55.000,21,1467
2025-10-22 23:23:55.000,21,1454
2025-10-22 23:23:56.000,30,1593
2025-10-22 23:23:56.000,30,1571
2025-10-22 23:23:56.000,30,1557
2025-10-22 23:23:56.000,30,1552
2025-10-22 23:23:56.000,30,1551
2025-10-22 23:23:56.000,30,1546
2025-10-22 23:23:56.000,30,1543
2025-10-22 23:23:56.000,30,1540
2025-10-22 23:23:56.000,30,1534
2025-10-22 23:23:56.000,30,1517
2025-10-22 23:23:57.001,33,2499
2025-10-22 23:23:57.001,33,2476
2025-10-22 23:23:57.001,33,2473
2025-10-22 23:23:57.001,33,2470
2025-10-22 23:23:57.001,33,2468
2025-10-22 23:23:57.001,33,2467
2025-10-22 23:23:57.001,33,2455
2025-10-22 23:23:57.001,33,2450
2025-10-22 23:23:57.001,33,2442
2025-10-22 23:23:57.001,33,1592
2025-10-22 23:23:58.000,42,2555
2025-10-22 23:23:58.000,42,2551
2025-10-22 23:23:58.000,42,2533
2025-10-22 23:23:58.000,42,2532
2025-10-22 23:23:58.000,42,2530
2025-10-22 23:23:58.000,42,2516
2025-10-22 23:23:58.000,42,2514
2025-10-22 23:23:58.000,42,2508
2025-10-22 23:23:58.000,42,2484
2025-10-22 23:23:58.000,42,2464
2025-10-22 23:23:59.000,46,3456
2025-10-22 23:23:59.000,46,3448
2025-10-22 23:23:59.000,46,2596
2025-10-22 23:23:59.000,46,2572
2025-10-22 23:23:59.000,46,2562
2025-10-22 23:23:59.000,46,2560
2025-10-22 23:23:59.000,46,2551
2025-10-22 23:23:59.000,46,2545
2025-10-22 23:23:59.000,46,2540
2025-10-22 23:23:59.000,46,2540
2025-10-22 23:24:00.000,51,3517
2025-10-22 23:24:00.000,51,3515
2025-10-22 23:24:00.000,51,3511
2025-10-22 23:24:00.000,51,3501
2025-10-22 23:24:00.000,51,3491
2025-10-22 23:24:00.000,51,3490
2025-10-22 23:24:00.000,51,3483
2025-10-22 23:24:00.000,51,3480
2025-10-22 23:24:00.000,51,3475
2025-10-22 23:24:00.000,51,3472
2025-10-22 23:24:01.001,57,4467
2025-10-22 23:24:01.001,57,3597
2025-10-22 23:24:01.001,57,3593
2025-10-22 23:24:01.001,57,3583
2025-10-22 23:24:01.001,57,3568
2025-10-22 23:24:01.001,57,3553
2025-10-22 23:24:01.001,57,3547
2025-10-22 23:24:01.001,57,3547
2025-10-22 23:24:01.001,57,3529
2025-10-22 23:24:01.001,57,3519
2025-10-22 23:24:02.000,67,4491
2025-10-22 23:24:02.000,67,4486
2025-10-22 23:24:02.000,67,4481
2025-10-22 23:24:02.000,67,4476
2025-10-22 23:24:02.000,67,4472
2025-10-22 23:24:02.000,67,3579
2025-10-22 23:24:02.000,67,3570
2025-10-22 23:24:02.000,67,3556
2025-10-22 23:24:02.000,67,3552
2025-10-22 23:24:02.000,67,3543
2025-10-22 23:24:03.000,74,4531
2025-10-22 23:24:03.000,74,4522
2025-10-22 23:24:03.000,74,4519
2025-10-22 23:24:03.000,74,4507
2025-10-22 23:24:03.000,74,4506
2025-10-22 23:24:03.000,74,4473
2025-10-22 23:24:03.001,74,4466
2025-10-22 23:24:03.001,74,4460
2025-10-22 23:24:03.001,74,3597
2025-10-22 23:24:03.001,74,3582
2025-10-22 23:24:04.000,80,4580
2025-10-22 23:24:04.000,80,4573
2025-10-22 23:24:04.000,80,4564
2025-10-22 23:24:04.000,80,4558
2025-10-22 23:24:04.000,80,4550
2025-10-22 23:24:04.000,80,4549
2025-10-22 23:24:04.000,80,4542
2025-10-22 23:24:04.000,80,4539
2025-10-22 23:24:04.000,80,4536
2025-10-22 23:24:04.000,80,4524
2025-10-22 23:24:05.000,81,5494
2025-10-22 23:24:05.000,81,5477
2025-10-22 23:24:05.000,81,5466
2025-10-22 23:24:05.000,81,5460
2025-10-22 23:24:05.000,81,5451
2025-10-22 23:24:05.000,81,5451
2025-10-22 23:24:05.000,81,4591
2025-10-22 23:24:05.000,81,4586
2025-10-22 23:24:05.000,81,4575
2025-10-22 23:24:05.000,81,4563
2025-10-22 23:24:06.001,92,5561
2025-10-22 23:24:06.001,92,5552
2025-10-22 23:24:06.001,92,5530
2025-10-22 23:24:06.001,92,5526
2025-10-22 23:24:06.001,92,5507
2025-10-22 23:24:06.001,92,5497
2025-10-22 23:24:06.001,92,5486
2025-10-22 23:24:06.001,92,5480
2025-10-22 23:24:06.001,92,5471
2025-10-22 23:24:06.001,92,5470
2025-10-22 23:24:07.000,105,6464
2025-10-22 23:24:07.000,105,6458
2025-10-22 23:24:07.000,105,6454
2025-10-22 23:24:07.000,105,6448
2025-10-22 23:24:07.000,105,6446
2025-10-22 23:24:07.000,105,5561
2025-10-22 23:24:07.000,105,5557
2025-10-22 23:24:07.000,105,5549
2025-10-22 23:24:07.001,105,5547
2025-10-22 23:24:07.001,105,5544
2025-10-22 23:24:08.000,121,6543
2025-10-22 23:24:08.000,121,6541
2025-10-22 23:24:08.000,121,6539
2025-10-22 23:24:08.000,121,6537
2025-10-22 23:24:08.000,121,6535
2025-10-22 23:24:08.000,121,6518
2025-10-22 23:24:08.000,121,6516
2025-10-22 23:24:08.000,121,6487
2025-10-22 23:24:08.000,121,6481
2025-10-22 23:24:08.000,121,6480
2025-10-22 23:24:09.001,132,7476
2025-10-22 23:24:09.001,132,7472
2025-10-22 23:24:09.001,132,7468
2025-10-22 23:24:09.001,132,6590
2025-10-22 23:24:09.001,132,6587
2025-10-22 23:24:09.001,132,6572
2025-10-22 23:24:09.001,132,6569
2025-10-22 23:24:09.001,132,6552
2025-10-22 23:24:09.001,132,6545
2025-10-22 23:24:09.001,132,6529
2025-10-22 23:24:10.000,134,7527
2025-10-22 23:24:10.000,134,7519
2025-10-22 23:24:10.000,134,7512
2025-10-22 23:24:10.000,134,7505
2025-10-22 23:24:10.000,134,7489
2025-10-22 23:24:10.000,134,7475
2025-10-22 23:24:10.000,134,7471
2025-10-22 23:24:10.000,134,7466
2025-10-22 23:24:10.000,134,7465
2025-10-22 23:24:10.000,134,6583
2025-10-22 23:24:11.000,144,7569
2025-10-22 23:24:11.000,144,7561
2025-10-22 23:24:11.000,144,7551
2025-10-22 23:24:11.000,144,7543
2025-10-22 23:24:11.000,144,7494
2025-10-22 23:24:11.000,144,7489
2025-10-22 23:24:11.000,144,7488
2025-10-22 23:24:11.000,144,7468
2025-10-22 23:24:11.000,144,6598
2025-10-22 23:24:11.000,144,6597
2025-10-22 23:24:12.001,148,7577
2025-10-22 23:24:12.001,148,7566
2025-10-22 23:24:12.001,148,7562
2025-10-22 23:24:12.001,148,7561
2025-10-22 23:24:12.001,148,7550
2025-10-22 23:24:12.001,148,7548
2025-10-22 23:24:12.001,148,7546
2025-10-22 23:24:12.001,148,7542
2025-10-22 23:24:12.001,148,7539
2025-10-22 23:24:12.001,148,7531
2025-10-22 23:24:13.000,151,8517
2025-10-22 23:24:13.000,151,8510
2025-10-22 23:24:13.000,151,8504
2025-10-22 23:24:13.000,151,8503
2025-10-22 23:24:13.000,151,8495
2025-10-22 23:24:13.000,151,8488
2025-10-22 23:24:13.000,151,8484
2025-10-22 23:24:13.000,151,8478
2025-10-22 23:24:13.000,151,8471
2025-10-22 23:24:13.000,151,8452
2025-10-22 23:24:14.001,161,8584
2025-10-22 23:24:14.001,161,8583
2025-10-22 23:24:14.001,161,8582
2025-10-22 23:24:14.001,161,8580
2025-10-22 23:24:14.001,161,8575
2025-10-22 23:24:14.001,161,8574
2025-10-22 23:24:14.001,161,8571
2025-10-22 23:24:14.001,161,8569
2025-10-22 23:24:14.001,161,8551
2025-10-22 23:24:14.001,161,8548
2025-10-22 23:24:15.000,183,9543
2025-10-22 23:24:15.000,183,9538
2025-10-22 23:24:15.000,183,9524
2025-10-22 23:24:15.000,183,9518
2025-10-22 23:24:15.000,183,9493
2025-10-22 23:24:15.000,183,9485
2025-10-22 23:24:15.000,183,9484
2025-10-22 23:24:15.000,183,9481
2025-10-22 23:24:15.000,183,9476
2025-10-22 23:24:15.000,183,9468
2025-10-22 23:24:16.000,210,10451
2025-10-22 23:24:16.000,210,10445
2025-10-22 23:24:16.000,210,10421
2025-10-22 23:24:16.000,210,9591
2025-10-22 23:24:16.000,210,9589
2025-10-22 23:24:16.000,210,9588
2025-10-22 23:24:16.000,210,9578
2025-10-22 23:24:16.000,210,9576
2025-10-22 23:24:16.000,210,9570
2025-10-22 23:24:16.000,210,9568
2025-10-22 23:24:17.000,221,10568
2025-10-22 23:24:17.000,221,10562
2025-10-22 23:24:17.001,221,10547
2025-10-22 23:24:17.001,221,10542
2025-10-22 23:24:17.001,221,10530
2025-10-22 23:24:17.001,221,10524
2025-10-22 23:24:17.001,221,10520
2025-10-22 23:24:17.001,221,10519
2025-10-22 23:24:17.001,221,10505
2025-10-22 23:24:17.001,221,10500
2025-10-22 23:24:18.001,250,11497
2025-10-22 23:24:18.001,250,11492
2025-10-22 23:24:18.001,250,11483
2025-10-22 23:24:18.001,250,11481
2025-10-22 23:24:18.001,250,11476
2025-10-22 23:24:18.001,250,11474
2025-10-22 23:24:18.001,250,11469
2025-10-22 23:24:18.001,250,11468
2025-10-22 23:24:18.001,250,11463
2025-10-22 23:24:18.001,250,10594
2025-10-22 23:24:19.000,262,11590
2025-10-22 23:24:19.000,262,11582
2025-10-22 23:24:19.000,262,11567
2025-10-22 23:24:19.000,262,11562
2025-10-22 23:24:19.000,262,11551
2025-10-22 23:24:19.000,262,11546
2025-10-22 23:24:19.000,262,11543
2025-10-22 23:24:19.000,262,11530
2025-10-22 23:24:19.000,262,11526
2025-10-22 23:24:19.000,262,11520
2025-10-22 23:24:20.001,279,12511
2025-10-22 23:24:20.001,279,12506
2025-10-22 23:24:20.001,279,12490
2025-10-22 23:24:20.001,279,12489
2025-10-22 23:24:20.001,279,12484
2025-10-22 23:24:20.001,279,12483
2025-10-22 23:24:20.001,279,12467
2025-10-22 23:24:20.001,279,12456
2025-10-22 23:24:20.001,279,12435
2025-10-22 23:24:20.001,279,12435
2025-10-22 23:24:21.001,296,13431
2025-10-22 23:24:21.001,296,12599
2025-10-22 23:24:21.001,296,12590
2025-10-22 23:24:21.001,296,12572
2025-10-22 23:24:21.001,296,12567
2025-10-22 23:24:21.001,296,12552
2025-10-22 23:24:21.001,296,12550
2025-10-22 23:24:21.001,296,12525
2025-10-22 23:24:21.001,296,12517
2025-10-22 23:24:21.001,296,12516
2025-10-22 23:24:22.000,316,13483
2025-10-22 23:24:22.000,316,13482
2025-10-22 23:24:22.000,316,13476
2025-10-22 23:24:22.000,316,12599
2025-10-22 23:24:22.000,316,12594
2025-10-22 23:24:22.000,316,12584
2025-10-22 23:24:22.000,316,12582
2025-10-22 23:24:22.000,316,12570
2025-10-22 23:24:22.000,316,12569
2025-10-22 23:24:22.000,316,12562
2025-10-22 23:24:23.001,339,13561
2025-10-22 23:24:23.001,339,13546
2025-10-22 23:24:23.001,339,13538
2025-10-22 23:24:23.001,339,13527
2025-10-22 23:24:23.001,339,13521
2025-10-22 23:24:23.001,339,13511
2025-10-22 23:24:23.001,339,13508
2025-10-22 23:24:23.001,339,13504
2025-10-22 23:24:23.001,339,13480
2025-10-22 23:24:23.001,339,13469
2025-10-22 23:24:24.000,361,14465
2025-10-22 23:24:24.000,361,14461
2025-10-22 23:24:24.000,361,14454
2025-10-22 23:24:24.000,361,13594
2025-10-22 23:24:24.000,361,13589
2025-10-22 23:24:24.000,361,13579
2025-10-22 23:24:24.000,361,13570
2025-10-22 23:24:24.001,361,13555
2025-10-22 23:24:24.001,361,13551
2025-10-22 23:24:24.001,361,13545
2025-10-22 23:24:25.000,390,14528
2025-10-22 23:24:25.000,390,14527
2025-10-22 23:24:25.000,390,14494
2025-10-22 23:24:25.000,390,14491
2025-10-22 23:24:25.000,390,14483
2025-10-22 23:24:25.000,390,14466
2025-10-22 23:24:25.000,390,14460
2025-10-22 23:24:25.000,390,13587
2025-10-22 23:24:25.000,390,13582
2025-10-22 23:24:25.000,390,13571
2025-10-22 23:24:26.001,413,14566
2025-10-22 23:24:26.001,413,14545
2025-10-22 23:24:26.001,413,14533
2025-10-22 23:24:26.001,413,14527
2025-10-22 23:24:26.001,413,14517
2025-10-22 23:24:26.001,413,14501
2025-10-22 23:24:26.001,413,14500
2025-10-22 23:24:26.001,413,14497
2025-10-22 23:24:26.001,413,14475
2025-10-22 23:24:26.001,413,14473
2025-10-22 23:24:27.001,428,14588
2025-10-22 23:24:27.001,428,14572
2025-10-22 23:24:27.001,428,14563
2025-10-22 23:24:27.001,428,14561
2025-10-22 23:24:27.001,428,14555
2025-10-22 23:24:27.001,428,14542
2025-10-22 23:24:27.001,428,14540
2025-10-22 23:24:27.001,428,14537
2025-10-22 23:24:27.001,428,14528
2025-10-22 23:24:27.001,428,14527
2025-10-22 23:24:28.000,447,15521
2025-10-22 23:24:28.000,447,15518
2025-10-22 23:24:28.000,447,15473
2025-10-22 23:24:28.000,447,15467
2025-10-22 23:24:28.000,447,15462
2025-10-22 23:24:28.000,447,15461
2025-10-22 23:24:28.000,447,15456
2025-10-22 23:24:28.000,447,15454
2025-10-22 23:24:28.000,447,15452
2025-10-22 23:24:28.000,447,14441
2025-10-22 23:24:29.001,466,15440
2025-10-22 23:24:29.001,466,15431
2025-10-22 23:24:29.001,466,15430
2025-10-22 23:24:29.001,466,15421
2025-10-22 23:24:29.001,466,15403
2025-10-22 23:24:29.001,466,15401
2025-10-22 23:24:29.001,466,15395
2025-10-22 23:24:29.001,466,15393
2025-10-22 23:24:29.001,466,15392
2025-10-22 23:24:29.001,466,15381
2025-10-22 23:24:30.000,483,16375
2025-10-22 23:24:30.000,483,16371
2025-10-22 23:24:30.000,483,16357
2025-10-22 23:24:30.000,483,16354
2025-10-22 23:24:30.000,483,16350
2025-10-22 23:24:30.000,483,16347
2025-10-22 23:24:30.000,483,16340
2025-10-22 23:24:30.000,483,16338
2025-10-22 23:24:30.000,483,16327
2025-10-22 23:24:30.000,483,16317
2025-10-22 23:24:31.001,504,17306
2025-10-22 23:24:31.001,504,17294
2025-10-22 23:24:31.001,504,17291
2025-10-22 23:24:31.001,504,17288
2025-10-22 23:24:31.001,504,17287
2025-10-22 23:24:31.001,504,17282
2025-10-22 23:24:31.001,504,17274
2025-10-22 23:24:31.001,504,17271
2025-10-22 23:24:31.001,504,17270
2025-10-22 23:24:31.001,504,17260
2025-10-22 23:24:32.001,526,18255
2025-10-22 23:24:32.001,526,18227
2025-10-22 23:24:32.001,526,18226
2025-10-22 23:24:32.001,526,17433
2025-10-22 23:24:32.001,526,17430
2025-10-22 23:24:32.001,526,17428
2025-10-22 23:24:32.001,526,17418
2025-10-22 23:24:32.001,526,17406
2025-10-22 23:24:32.001,526,17403
2025-10-22 23:24:32.001,526,17393
2025-10-22 23:24:33.000,545,18389
2025-10-22 23:24:33.000,545,18382
2025-10-22 23:24:33.000,545,18378
2025-10-22 23:24:33.000,545,18377
2025-10-22 23:24:33.000,545,18356
2025-10-22 23:24:33.000,545,18354
2025-10-22 23:24:33.000,545,18347
2025-10-22 23:24:33.000,545,18344
2025-10-22 23:24:33.000,545,18342
2025-10-22 23:24:33.000,545,18340
2025-10-22 23:24:34.000,563,19335
2025-10-22 23:24:34.000,563,19333
2025-10-22 23:24:34.000,563,19325
2025-10-22 23:24:34.000,563,19319
2025-10-22 23:24:34.000,563,19315
2025-10-22 23:24:34.000,563,19288
2025-10-22 23:24:34.000,563,19286
2025-10-22 23:24:34.000,563,19282
2025-10-22 23:24:34.000,563,19280
2025-10-22 23:24:34.000,563,19271
2025-10-22 23:24:35.000,583,20260
2025-10-22 23:24:35.000,583,20251
2025-10-22 23:24:35.000,583,20240
2025-10-22 23:24:35.000,583,20239
2025-10-22 23:24:35.000,583,20231
2025-10-22 23:24:35.000,583,20222
2025-10-22 23:24:35.000,583,20221
2025-10-22 23:24:35.000,583,20219
2025-10-22 23:24:35.000,583,19434
2025-10-22 23:24:35.000,583,19426
2025-10-22 23:24:36.001,607,20417
2025-10-22 23:24:36.001,607,20406
2025-10-22 23:24:36.001,607,20405
2025-10-22 23:24:36.001,607,20404
2025-10-22 23:24:36.001,607,20394
2025-10-22 23:24:36.001,607,20386
2025-10-22 23:24:36.001,607,20382
2025-10-22 23:24:36.001,607,20338
2025-10-22 23:24:36.001,607,20304
2025-10-22 23:24:36.001,607,20287
2025-10-22 23:24:37.000,627,21277
2025-10-22 23:24:37.000,627,21276
2025-10-22 23:24:37.000,627,21276
2025-10-22 23:24:37.000,627,21267
2025-10-22 23:24:37.000,627,21266
2025-10-22 23:24:37.000,627,21259
2025-10-22 23:24:37.000,627,21229
2025-10-22 23:24:37.000,627,21205
2025-10-22 23:24:37.000,627,21197
2025-10-22 23:24:37.000,627,20435
2025-10-22 23:24:38.000,648,21431
2025-10-22 23:24:38.000,648,21419
2025-10-22 23:24:38.000,648,21417
2025-10-22 23:24:38.000,648,21414
2025-10-22 23:24:38.000,648,21400
2025-10-22 23:24:38.000,648,21389
2025-10-22 23:24:38.000,648,21387
2025-10-22 23:24:38.000,648,21375
2025-10-22 23:24:38.000,648,21367
2025-10-22 23:24:38.000,648,21362
2025-10-22 23:24:39.001,669,22362
2025-10-22 23:24:39.001,669,22360
2025-10-22 23:24:39.001,669,22354
2025-10-22 23:24:39.001,669,22351
2025-10-22 23:24:39.001,669,22349
2025-10-22 23:24:39.001,669,22346
2025-10-22 23:24:39.001,669,22344
2025-10-22 23:24:39.001,669,22340
2025-10-22 23:24:39.001,669,22335
2025-10-22 23:24:39.001,669,22320
2025-10-22 23:24:40.000,691,23298
2025-10-22 23:24:40.000,691,23297
2025-10-22 23:24:40.000,691,23295
2025-10-22 23:24:40.000,691,23294
2025-10-22 23:24:40.000,691,23289
2025-10-22 23:24:40.000,691,23277
2025-10-22 23:24:40.000,691,23276
2025-10-22 23:24:40.000,691,23258
2025-10-22 23:24:40.000,691,23245
2025-10-22 23:24:40.000,691,23236
2025-10-22 23:24:41.001,715,24229
2025-10-22 23:24:41.001,715,24225
2025-10-22 23:24:41.001,715,24223
2025-10-22 23:24:41.001,715,24219
2025-10-22 23:24:41.001,715,24214
2025-10-22 23:24:41.001,715,24209
2025-10-22 23:24:41.001,715,24198
2025-10-22 23:24:41.001,715,24193
2025-10-22 23:24:41.001,715,23441
2025-10-22 23:24:41.001,715,23415
2025-10-22 23:24:42.000,737,24400
2025-10-22 23:24:42.000,737,24396
2025-10-22 23:24:42.000,737,24382
2025-10-22 23:24:42.000,737,24381
2025-10-22 23:24:42.000,737,24377
2025-10-22 23:24:42.000,737,24373
2025-10-22 23:24:42.000,737,24372
2025-10-22 23:24:42.000,737,24367
2025-10-22 23:24:42.000,737,24313
2025-10-22 23:24:42.000,737,24306
2025-10-22 23:24:43.000,757,25301
2025-10-22 23:24:43.000,757,25298
2025-10-22 23:24:43.000,757,25284
2025-10-22 23:24:43.000,757,25266
2025-10-22 23:24:43.000,757,25263
2025-10-22 23:24:43.000,757,25255
2025-10-22 23:24:43.000,757,25252
2025-10-22 23:24:43.000,757,25249
2025-10-22 23:24:43.000,757,25246
2025-10-22 23:24:43.000,757,25237
2025-10-22 23:24:44.001,780,26230
2025-10-22 23:24:44.001,780,26215
2025-10-22 23:24:44.001,780,25438
2025-10-22 23:24:44.001,780,25435
2025-10-22 23:24:44.001,780,25422
2025-10-22 23:24:44.001,780,25421
2025-10-22 23:24:44.001,780,25421
2025-10-22 23:24:44.001,780,25414
2025-10-22 23:24:44.001,780,25412
2025-10-22 23:24:44.001,780,25407
2025-10-22 23:24:45.000,814,26403
2025-10-22 23:24:45.000,814,26400
2025-10-22 23:24:45.000,814,26381
2025-10-22 23:24:45.000,814,26363
2025-10-22 23:24:45.000,814,26345
2025-10-22 23:24:45.000,814,26344
2025-10-22 23:24:45.000,814,26343
2025-10-22 23:24:45.000,814,26337
2025-10-22 23:24:45.000,814,26318
2025-10-22 23:24:45.000,814,26316
2025-10-22 23:24:46.000,841,27306
2025-10-22 23:24:46.000,841,27302
2025-10-22 23:24:46.000,841,27274
2025-10-22 23:24:46.000,841,27246
2025-10-22 23:24:46.000,841,27239
2025-10-22 23:24:46.000,841,27236
2025-10-22 23:24:46.000,841,27231
2025-10-22 23:24:46.000,841,27228
2025-10-22 23:24:46.000,841,27215
2025-10-22 23:24:46.000,841,26435
2025-10-22 23:24:47.000,864,27428
2025-10-22 23:24:47.000,864,27419
2025-10-22 23:24:47.000,864,27406
2025-10-22 23:24:47.000,864,27404
2025-10-22 23:24:47.000,864,27403
2025-10-22 23:24:47.000,864,27388
2025-10-22 23:24:47.000,864,27379
2025-10-22 23:24:47.000,864,27376
2025-10-22 23:24:47.000,864,27373
2025-10-22 23:24:47.000,864,27368
2025-10-22 23:24:48.001,880,28364
2025-10-22 23:24:48.001,880,28355
2025-10-22 23:24:48.001,880,28355
2025-10-22 23:24:48.001,880,28348
2025-10-22 23:24:48.001,880,28345
2025-10-22 23:24:48.001,880,28341
2025-10-22 23:24:48.001,880,28322
2025-10-22 23:24:48.001,880,28320
2025-10-22 23:24:48.001,880,28318
2025-10-22 23:24:48.001,880,28317
2025-10-22 23:24:49.000,891,29314
2025-10-22 23:24:49.000,891,29307
2025-10-22 23:24:49.000,891,29276
2025-10-22 23:24:49.000,891,29275
2025-10-22 23:24:49.000,891,29240
2025-10-22 23:24:49.000,891,29236
2025-10-22 23:24:49.000,891,28444
2025-10-22 23:24:49.000,891,28437
2025-10-22 23:24:49.000,891,28434
2025-10-22 23:24:49.000,891,28420
2025-10-22 23:24:50.001,914,29411
2025-10-22 23:24:50.001,914,29408
2025-10-22 23:24:50.001,914,29407
2025-10-22 23:24:50.001,914,29401
2025-10-22 23:24:50.001,914,29399
2025-10-22 23:24:50.001,914,29395
2025-10-22 23:24:50.001,914,29394
2025-10-22 23:24:50.001,914,29355
2025-10-22 23:24:50.001,914,29340
2025-10-22 23:24:50.001,914,29339
2025-10-22 23:24:51.000,927,30332
2025-10-22 23:24:51.000,927,30329
2025-10-22 23:24:51.000,927,30322
2025-10-22 23:24:51.000,927,30293
2025-10-22 23:24:51.000,927,30284
2025-10-22 23:24:51.000,927,30282
2025-10-22 23:24:51.000,927,30280
2025-10-22 23:24:51.000,927,30279
2025-10-22 23:24:51.000,927,30276
2025-10-22 23:24:51.000,927,30260
2025-10-22 23:24:52.000,958,31243
2025-10-22 23:24:52.000,958,31233
2025-10-22 23:24:52.000,958,31231
2025-10-22 23:24:52.000,958,31229
2025-10-22 23:24:52.000,958,31224
2025-10-22 23:24:52.000,958,31201
2025-10-22 23:24:52.000,958,30435
2025-10-22 23:24:52.000,958,30429
2025-10-22 23:24:52.000,958,30422
2025-10-22 23:24:52.000,958,30415
2025-10-22 23:24:53.001,982,31416
2025-10-22 23:24:53.001,982,31409
2025-10-22 23:24:53.001,982,31404
2025-10-22 23:24:53.001,982,31399
2025-10-22 23:24:53.001,982,31396
2025-10-22 23:24:53.001,982,31395
2025-10-22 23:24:53.001,982,31379
2025-10-22 23:24:53.001,982,31372
2025-10-22 23:24:53.001,982,31367
2025-10-22 23:24:53.001,982,31366
2025-10-22 23:24:54.000,1003,32341
2025-10-22 23:24:54.001,1003,32338
2025-10-22 23:24:54.001,1003,32337
2025-10-22 23:24:54.001,1003,32331
2025-10-22 23:24:54.001,1003,32330
2025-10-22 23:24:54.001,1003,32329
2025-10-22 23:24:54.001,1003,32323
2025-10-22 23:24:54.001,1003,32313
2025-10-22 23:24:54.001,1003,32308
2025-10-22 23:24:54.001,1003,32302
2025-10-22 23:24:55.000,1000,33296
2025-10-22 23:24:55.000,1000,33290
2025-10-22 23:24:55.000,1000,33283
2025-10-22 23:24:55.000,1000,33278
2025-10-22 23:24:55.000,1000,33267
2025-10-22 23:24:55.000,1000,33266
2025-10-22 23:24:55.000,1000,33258
2025-10-22 23:24:55.000,1000,33243
2025-10-22 23:24:55.000,1000,33238
2025-10-22 23:24:55.000,1000,32442
2025-10-22 23:24:56.000,1010,33437
2025-10-22 23:24:56.000,1010,33434
2025-10-22 23:24:56.000,1010,33432
2025-10-22 23:24:56.000,1010,33430
2025-10-22 23:24:56.000,1010,33412
2025-10-22 23:24:56.000,1010,33410
2025-10-22 23:24:56.000,1010,33404
2025-10-22 23:24:56.000,1010,33390
2025-10-22 23:24:56.000,1010,33385
2025-10-22 23:24:56.000,1010,33382
2025-10-22 23:24:57.001,1018,34381
2025-10-22 23:24:57.001,1018,34372
2025-10-22 23:24:57.001,1018,34367
2025-10-22 23:24:57.001,1018,34359
2025-10-22 23:24:57.001,1018,34354
2025-10-22 23:24:57.001,1018,34353
2025-10-22 23:24:57.001,1018,34348
2025-10-22 23:24:57.001,1018,34347
2025-10-22 23:24:57.001,1018,34323
2025-10-22 23:24:57.001,1018,34321
2025-10-22 23:24:58.000,1053,35315
2025-10-22 23:24:58.000,1053,35312
2025-10-22 23:24:58.000,1053,35295
2025-10-22 23:24:58.000,1053,35284
2025-10-22 23:24:58.000,1053,35284
2025-10-22 23:24:58.000,1053,35278
2025-10-22 23:24:58.000,1053,35262
2025-10-22 23:24:58.000,1053,35238
2025-10-22 23:24:58.000,1053,35234
2025-10-22 23:24:58.000,1053,35233
2025-10-22 23:24:59.001,1073,36220
2025-10-22 23:24:59.001,1073,35436
2025-10-22 23:24:59.001,1073,35401
2025-10-22 23:24:59.001,1073,35398
2025-10-22 23:24:59.001,1073,35391
2025-10-22 23:24:59.001,1073,35385
2025-10-22 23:24:59.001,1073,35383
2025-10-22 23:24:59.001,1073,35373
2025-10-22 23:24:59.001,1073,35369
2025-10-22 23:24:59.001,1073,35368
2025-10-22 23:25:00.000,1092,36362
2025-10-22 23:25:00.000,1092,36360
2025-10-22 23:25:00.000,1092,36359
2025-10-22 23:25:00.000,1092,36356
2025-10-22 23:25:00.000,1092,36355
2025-10-22 23:25:00.000,1092,36352
2025-10-22 23:25:00.000,1092,36351
2025-10-22 23:25:00.000,1092,36322
2025-10-22 23:25:00.000,1092,36310
2025-10-22 23:25:00.000,1092,36302
2025-10-22 23:25:01.000,1111,37295
2025-10-22 23:25:01.000,1111,37291
2025-10-22 23:25:01.000,1111,37289
2025-10-22 23:25:01.000,1111,37281
2025-10-22 23:25:01.000,1111,37278
2025-10-22 23:25:01.000,1111,37276
2025-10-22 23:25:01.000,1111,37275
2025-10-22 23:25:01.000,1111,37271
2025-10-22 23:25:01.000,1111,37267
2025-10-22 23:25:01.000,1111,37265
2025-10-22 23:25:02.001,1123,38264
2025-10-22 23:25:02.001,1123,38238
2025-10-22 23:25:02.001,1123,38235
2025-10-22 23:25:02.001,1123,38231
2025-10-22 23:25:02.001,1123,38229
2025-10-22 23:25:02.001,1123,38220
2025-10-22 23:25:02.001,1123,38219
2025-10-22 23:25:02.001,1123,38210
2025-10-22 23:25:02.001,1123,38201
2025-10-22 23:25:02.001,1123,38196
2025-10-22 23:25:03.000,1150,38441
2025-10-22 23:25:03.000,1150,38435
2025-10-22 23:25:03.000,1150,38427
2025-10-22 23:25:03.000,1150,38421
2025-10-22 23:25:03.000,1150,38416
2025-10-22 23:25:03.000,1150,38406
2025-10-22 23:25:03.000,1150,38397
2025-10-22 23:25:03.000,1150,38386
2025-10-22 23:25:03.000,1150,38385
2025-10-22 23:25:03.000,1150,38381
2025-10-22 23:25:04.001,1167,39378
2025-10-22 23:25:04.001,1167,39376
2025-10-22 23:25:04.001,1167,39371
2025-10-22 23:25:04.001,1167,39368
2025-10-22 23:25:04.001,1167,39366
2025-10-22 23:25:04.001,1167,39363
2025-10-22 23:25:04.001,1167,39361
2025-10-22 23:25:04.001,1167,39357
2025-10-22 23:25:04.001,1167,39342
2025-10-22 23:25:04.001,1167,39337
2025-10-22 23:25:05.000,1178,40333
2025-10-22 23:25:05.000,1178,40328
2025-10-22 23:25:05.000,1178,40320
2025-10-22 23:25:05.000,1178,40313
2025-10-22 23:25:05.000,1178,40267
2025-10-22 23:25:05.000,1178,40266
2025-10-22 23:25:05.000,1178,40260
2025-10-22 23:25:05.000,1178,40253
2025-10-22 23:25:05.000,1178,40250
2025-10-22 23:25:05.000,1178,40249
2025-10-22 23:25:06.000,1190,41247
2025-10-22 23:25:06.000,1190,41245
2025-10-22 23:25:06.000,1190,41234
2025-10-22 23:25:06.000,1190,40424
2025-10-22 23:25:06.000,1190,40405
2025-10-22 23:25:06.000,1190,40398
2025-10-22 23:25:06.000,1190,40394
2025-10-22 23:25:06.000,1190,40392
2025-10-22 23:25:06.000,1190,40388
2025-10-22 23:25:06.000,1190,40378
2025-10-22 23:25:07.001,1212,41372
2025-10-22 23:25:07.001,1212,41369
2025-10-22 23:25:07.001,1212,41367
2025-10-22 23:25:07.001,1212,41366
2025-10-22 23:25:07.001,1212,41358
2025-10-22 23:25:07.001,1212,41352
2025-10-22 23:25:07.001,1212,41351
2025-10-22 23:25:07.001,1212,41338
2025-10-22 23:25:07.001,1212,41336
2025-10-22 23:25:07.001,1212,41313
2025-10-22 23:25:08.000,1239,42310
2025-10-22 23:25:08.000,1239,42303
2025-10-22 23:25:08.000,1239,42299
2025-10-22 23:25:08.000,1239,42296
2025-10-22 23:25:08.000,1239,42288
2025-10-22 23:25:08.000,1239,42279
2025-10-22 23:25:08.000,1239,42274
2025-10-22 23:25:08.000,1239,42261
2025-10-22 23:25:08.000,1239,41439
2025-10-22 23:25:08.000,1239,41436
2025-10-22 23:25:09.001,1268,42432
2025-10-22 23:25:09.001,1268,42429
2025-10-22 23:25:09.001,1268,42420
2025-10-22 23:25:09.001,1268,42411
2025-10-22 23:25:09.001,1268,42410
2025-10-22 23:25:09.001,1268,42402
2025-10-22 23:25:09.001,1268,42396
2025-10-22 23:25:09.001,1268,42389
2025-10-22 23:25:09.001,1268,42377
2025-10-22 23:25:09.001,1268,42369
2025-10-22 23:25:10.000,1288,43367
2025-10-22 23:25:10.000,1288,43366
2025-10-22 23:25:10.000,1288,43353
2025-10-22 23:25:10.000,1288,43336
2025-10-22 23:25:10.000,1288,43326
2025-10-22 23:25:10.000,1288,43323
2025-10-22 23:25:10.000,1288,43308
2025-10-22 23:25:10.000,1288,43300
2025-10-22 23:25:10.000,1288,43295
2025-10-22 23:25:10.000,1288,43287
2025-10-22 23:25:11.001,1305,44264
2025-10-22 23:25:11.001,1305,44262
2025-10-22 23:25:11.001,1305,44241
2025-10-22 23:25:11.001,1305,44233
2025-10-22 23:25:11.001,1305,44232
2025-10-22 23:25:11.001,1305,44221
2025-10-22 23:25:11.001,1305,44216
2025-10-22 23:25:11.001,1305,43431
2025-10-22 23:25:11.001,1305,43422
2025-10-22 23:25:11.001,1305,43415
2025-10-22 23:25:12.001,1337,44398
2025-10-22 23:25:12.001,1337,44396
2025-10-22 23:25:12.001,1337,44387
2025-10-22 23:25:12.001,1337,44372
2025-10-22 23:25:12.001,1337,44370
2025-10-22 23:25:12.001,1337,44365
2025-10-22 23:25:12.001,1337,44350
2025-10-22 23:25:12.001,1337,44344
2025-10-22 23:25:12.001,1337,44333
2025-10-22 23:25:12.001,1337,44332
2025-10-22 23:25:13.001,1358,45330
2025-10-22 23:25:13.001,1358,45323
2025-10-22 23:25:13.001,1358,45311
2025-10-22 23:25:13.001,1358,45308
2025-10-22 23:25:13.001,1358,45300
2025-10-22 23:25:13.001,1358,45298
2025-10-22 23:25:13.001,1358,45296
2025-10-22 23:25:13.001,1358,45295
2025-10-22 23:25:13.001,1358,45293
2025-10-22 23:25:13.001,1358,45291
2025-10-22 23:25:14.000,1378,46288
2025-10-22 23:25:14.000,1378,46276
2025-10-22 23:25:14.000,1378,46264
2025-10-22 23:25:14.000,1378,46253
2025-10-22 23:25:14.000,1378,46249
2025-10-22 23:25:14.000,1378,46235
2025-10-22 23:25:14.000,1378,45429
2025-10-22 23:25:14.000,1378,45424
2025-10-22 23:25:14.000,1378,45402
2025-10-22 23:25:14.000,1378,45395
2025-10-22 23:25:15.000,1394,46387
2025-10-22 23:25:15.000,1394,46385
2025-10-22 23:25:15.000,1394,46382
2025-10-22 23:25:15.000,1394,46373
2025-10-22 23:25:15.000,1394,46338
2025-10-22 23:25:15.000,1394,46336
2025-10-22 23:25:15.000,1394,46332
2025-10-22 23:25:15.000,1394,46331
2025-10-22 23:25:15.000,1394,46308
2025-10-22 23:25:15.000,1394,46305
2025-10-22 23:25:16.001,1417,47298
2025-10-22 23:25:16.001,1417,47295
2025-10-22 23:25:16.001,1417,47292
2025-10-22 23:25:16.001,1417,47291
2025-10-22 23:25:16.001,1417,47286
2025-10-22 23:25:16.001,1417,47277
2025-10-22 23:25:16.001,1417,47271
2025-10-22 23:25:16.001,1417,47268
2025-10-22 23:25:16.001,1417,47251
2025-10-22 23:25:16.001,1417,47246
2025-10-22 23:25:17.000,1433,48242
2025-10-22 23:25:17.000,1433,48240
2025-10-22 23:25:17.000,1433,48236
2025-10-22 23:25:17.000,1433,47439
2025-10-22 23:25:17.000,1433,47424
2025-10-22 23:25:17.000,1433,47422
2025-10-22 23:25:17.000,1433,47413
2025-10-22 23:25:17.000,1433,47404
2025-10-22 23:25:17.000,1433,47382
2025-10-22 23:25:17.000,1433,47380
2025-10-22 23:25:18.001,1442,48379
2025-10-22 23:25:18.001,1442,48373
2025-10-22 23:25:18.001,1442,48363
2025-10-22 23:25:18.001,1442,48361
2025-10-22 23:25:18.001,1442,48360
2025-10-22 23:25:18.001,1442,48357
2025-10-22 23:25:18.001,1442,48343
2025-10-22 23:25:18.001,1442,48335
2025-10-22 23:25:18.001,1442,48327
2025-10-22 23:25:18.001,1442,48314
2025-10-22 23:25:19.000,1460,49298
2025-10-22 23:25:19.000,1460,49291
2025-10-22 23:25:19.000,1460,49288
2025-10-22 23:25:19.000,1460,49287
2025-10-22 23:25:19.000,1460,49258
2025-10-22 23:25:19.000,1460,49257
2025-10-22 23:25:19.000,1460,49255
2025-10-22 23:25:19.000,1460,49253
2025-10-22 23:25:19.000,1460,49242
2025-10-22 23:25:19.000,1460,49236
2025-10-22 23:25:20.000,1478,50222
2025-10-22 23:25:20.000,1478,50196
2025-10-22 23:25:20.001,1478,50195
2025-10-22 23:25:20.001,1478,50192
2025-10-22 23:25:20.001,1478,49438
2025-10-22 23:25:20.001,1478,49418
2025-10-22 23:25:20.001,1478,49418
2025-10-22 23:25:20.001,1478,49415
2025-10-22 23:25:20.001,1478,49398
2025-10-22 23:25:20.001,1478,49393
2025-10-22 23:25:21.000,1491,50390
2025-10-22 23:25:21.000,1491,50388
2025-10-22 23:25:21.000,1491,50387
2025-10-22 23:25:21.000,1491,50381
2025-10-22 23:25:21.000,1491,50379
2025-10-22 23:25:21.000,1491,50375
2025-10-22 23:25:21.000,1491,50373
2025-10-22 23:25:21.000,1491,50370
2025-10-22 23:25:21.000,1491,50357
2025-10-22 23:25:21.000,1491,50338
2025-10-22 23:25:22.001,1505,51335
2025-10-22 23:25:22.001,1505,51324
2025-10-22 23:25:22.001,1505,51323
2025-10-22 23:25:22.001,1505,51322
2025-10-22 23:25:22.001,1505,51318
2025-10-22 23:25:22.001,1505,51314
2025-10-22 23:25:22.001,1505,51312
2025-10-22 23:25:22.001,1505,51311
2025-10-22 23:25:22.001,1505,51304
2025-10-22 23:25:22.001,1505,51296
2025-10-22 23:25:23.000,1515,52286
2025-10-22 23:25:23.000,1515,52275
2025-10-22 23:25:23.000,1515,52251
2025-10-22 23:25:23.000,1515,52238
2025-10-22 23:25:23.000,1515,52234
2025-10-22 23:25:23.000,1515,52232
2025-10-22 23:25:23.000,1515,51438
2025-10-22 23:25:23.000,1515,51437
2025-10-22 23:25:23.000,1515,51428
2025-10-22 23:25:23.000,1515,51393
2025-10-22 23:25:24.000,1527,52392
2025-10-22 23:25:24.000,1527,52362
2025-10-22 23:25:24.000,1527,52352
2025-10-22 23:25:24.000,1527,52347
2025-10-22 23:25:24.000,1527,52335
2025-10-22 23:25:24.000,1527,52325
2025-10-22 23:25:24.000,1527,52321
2025-10-22 23:25:24.000,1527,52317
2025-10-22 23:25:24.000,1527,52311
2025-10-22 23:25:24.000,1527,52297
2025-10-22 23:25:25.001,1548,53297
2025-10-22 23:25:25.001,1548,53292
2025-10-22 23:25:25.001,1548,53290
2025-10-22 23:25:25.001,1548,53286
2025-10-22 23:25:25.001,1548,53279
2025-10-22 23:25:25.001,1548,53271
2025-10-22 23:25:25.001,1548,53263
2025-10-22 23:25:25.001,1548,53258
2025-10-22 23:25:25.001,1548,53255
2025-10-22 23:25:25.001,1548,53250
2025-10-22 23:25:26.000,1559,54233
2025-10-22 23:25:26.000,1559,54217
2025-10-22 23:25:26.000,1559,54214
2025-10-22 23:25:26.000,1559,54213
2025-10-22 23:25:26.000,1559,54207
2025-10-22 23:25:26.001,1559,53441
2025-10-22 23:25:26.001,1559,53435
2025-10-22 23:25:26.001,1559,53427
2025-10-22 23:25:26.001,1559,53426
2025-10-22 23:25:26.001,1559,53415
2025-10-22 23:25:27.000,1576,54394
2025-10-22 23:25:27.000,1576,54392
2025-10-22 23:25:27.000,1576,54386
2025-10-22 23:25:27.000,1576,54385
2025-10-22 23:25:27.000,1576,54381
2025-10-22 23:25:27.000,1576,54380
2025-10-22 23:25:27.000,1576,54377
2025-10-22 23:25:27.000,1576,54373
2025-10-22 23:25:27.000,1576,54372
2025-10-22 23:25:27.000,1576,54359
2025-10-22 23:25:28.000,1596,55358
2025-10-22 23:25:28.000,1596,55350
2025-10-22 23:25:28.000,1596,55340
2025-10-22 23:25:28.000,1596,55321
2025-10-22 23:25:28.000,1596,55312
2025-10-22 23:25:28.000,1596,55299
2025-10-22 23:25:28.000,1596,55294
2025-10-22 23:25:28.000,1596,55274
2025-10-22 23:25:28.000,1596,55274
2025-10-22 23:25:28.000,1596,55265
2025-10-22 23:25:29.001,1616,56255
2025-10-22 23:25:29.001,1616,56252
2025-10-22 23:25:29.001,1616,56236
2025-10-22 23:25:29.001,1616,55231
2025-10-22 23:25:29.001,1616,55221
2025-10-22 23:25:29.001,1616,55218
2025-10-22 23:25:29.001,1616,55184
2025-10-22 23:25:29.001,1616,55181
2025-10-22 23:25:29.001,1616,55177
2025-10-22 23:25:29.001,1616,55155
2025-10-22 23:25:30.000,1627,56145
2025-10-22 23:25:30.000,1627,56143
2025-10-22 23:25:30.000,1627,56133
2025-10-22 23:25:30.000,1627,56124
2025-10-22 23:25:30.000,1627,56116
2025-10-22 23:25:30.000,1627,56101
2025-10-22 23:25:30.000,1627,56100
2025-10-22 23:25:30.000,1627,56090
2025-10-22 23:25:30.000,1627,56089
2025-10-22 23:25:30.000,1627,56083
2025-10-22 23:25:31.000,1639,57067
2025-10-22 23:25:31.000,1639,57061
2025-10-22 23:25:31.000,1639,57058
2025-10-22 23:25:31.000,1639,57057
2025-10-22 23:25:31.000,1639,57053
2025-10-22 23:25:31.000,1639,57053
2025-10-22 23:25:31.000,1639,57050
2025-10-22 23:25:31.000,1639,57041
2025-10-22 23:25:31.000,1639,57036
2025-10-22 23:25:31.000,1639,57033
2025-10-22 23:25:32.001,1656,58023
2025-10-22 23:25:32.001,1656,58018
2025-10-22 23:25:32.001,1656,58016
2025-10-22 23:25:32.001,1656,57233
2025-10-22 23:25:32.001,1656,57221
2025-10-22 23:25:32.001,1656,57213
2025-10-22 23:25:32.001,1656,57204
2025-10-22 23:25:32.001,1656,57193
2025-10-22 23:25:32.001,1656,57177
2025-10-22 23:25:32.001,1656,57167
2025-10-22 23:25:33.000,1669,58165
2025-10-22 23:25:33.000,1669,58160
2025-10-22 23:25:33.000,1669,58153
2025-10-22 23:25:33.000,1669,58152
2025-10-22 23:25:33.000,1669,58145
2025-10-22 23:25:33.000,1669,58135
2025-10-22 23:25:33.000,1669,58120
2025-10-22 23:25:33.000,1669,58115
2025-10-22 23:25:33.000,1669,58111
2025-10-22 23:25:33.000,1669,58106
2025-10-22 23:25:34.001,1683,59097
2025-10-22 23:25:34.001,1683,59095
2025-10-22 23:25:34.001,1683,59080
2025-10-22 23:25:34.001,1683,59062
2025-10-22 23:25:34.001,1683,59048
2025-10-22 23:25:34.001,1683,59029
2025-10-22 23:25:34.001,1683,59028
2025-10-22 23:25:34.001,1683,59027
2025-10-22 23:25:34.001,1683,59017
2025-10-22 23:25:34.001,1683,59016
2025-10-22 23:25:35.000,1697,60014
2025-10-22 23:25:35.000,1697,60011
2025-10-22 23:25:35.000,1697,60004
2025-10-22 23:25:35.000,1697,60000
2025-10-22 23:25:35.000,1697,59998
2025-10-22 23:25:35.000,1697,59994
2025-10-22 23:25:35.000,1697,59987
2025-10-22 23:25:35.000,1697,59227
2025-10-22 23:25:35.000,1697,59193
2025-10-22 23:25:35.000,1697,59193
2025-10-22 23:25:36.000,1703,60191
2025-10-22 23:25:36.000,1703,60173
2025-10-22 23:25:36.000,1703,60159
2025-10-22 23:25:36.000,1703,60150
2025-10-22 23:25:36.000,1703,60147
2025-10-22 23:25:36.000,1703,60138
2025-10-22 23:25:36.000,1703,60132
2025-10-22 23:25:36.000,1703,60126
2025-10-22 23:25:36.000,1703,60119
2025-10-22 23:25:36.000,1703,60115
2025-10-22 23:25:37.000,1707,61088
2025-10-22 23:25:37.000,1707,61086
2025-10-22 23:25:37.000,1707,61071
2025-10-22 23:25:37.000,1707,61069
2025-10-22 23:25:37.000,1707,61064
2025-10-22 23:25:37.000,1707,61061
2025-10-22 23:25:37.000,1707,61060
2025-10-22 23:25:37.000,1707,61054
2025-10-22 23:25:37.000,1707,61052
2025-10-22 23:25:37.000,1707,61041
2025-10-22 23:25:38.001,1710,62040
2025-10-22 23:25:38.001,1710,62037
2025-10-22 23:25:38.001,1710,62036
2025-10-22 23:25:38.001,1710,62018
2025-10-22 23:25:38.001,1710,62005
2025-10-22 23:25:38.001,1710,61999
2025-10-22 23:25:38.001,1710,61987
2025-10-22 23:25:38.001,1710,61206
2025-10-22 23:25:38.001,1710,61205
2025-10-22 23:25:38.001,1710,61196
2025-10-22 23:25:39.001,1718,62194
2025-10-22 23:25:39.001,1718,62192
2025-10-22 23:25:39.001,1718,62189
2025-10-22 23:25:39.001,1718,62187
2025-10-22 23:25:39.001,1718,62184
2025-10-22 23:25:39.001,1718,62183
2025-10-22 23:25:39.001,1718,62177
2025-10-22 23:25:39.001,1718,62148
2025-10-22 23:25:39.001,1718,62144
2025-10-22 23:25:39.001,1718,62132
2025-10-22 23:25:40.000,1727,63128
2025-10-22 23:25:40.000,1727,63126
2025-10-22 23:25:40.000,1727,63112
2025-10-22 23:25:40.000,1727,63107
2025-10-22 23:25:40.000,1727,63103
2025-10-22 23:25:40.000,1727,63094
2025-10-22 23:25:40.000,1727,63090
2025-10-22 23:25:40.000,1727,63089
2025-10-22 23:25:40.000,1727,63086
2025-10-22 23:25:40.000,1727,63079
2025-10-22 23:25:41.001,1729,64060
2025-10-22 23:25:41.001,1729,64055
2025-10-22 23:25:41.001,1729,64030
2025-10-22 23:25:41.001,1729,64018
2025-10-22 23:25:41.001,1729,64008
2025-10-22 23:25:41.001,1729,63994
2025-10-22 23:25:41.001,1729,63982
2025-10-22 23:25:41.001,1729,63973
2025-10-22 23:25:41.001,1729,63223
2025-10-22 23:25:41.001,1729,63220
2025-10-22 23:25:42.000,1736,64218
2025-10-22 23:25:42.000,1736,64216
2025-10-22 23:25:42.000,1736,64203
2025-10-22 23:25:42.000,1736,64201
2025-10-22 23:25:42.000,1736,64200
2025-10-22 23:25:42.000,1736,64196
2025-10-22 23:25:42.000,1736,64194
2025-10-22 23:25:42.000,1736,64192
2025-10-22 23:25:42.000,1736,64187
2025-10-22 23:25:42.000,1736,64182
2025-10-22 23:25:43.001,1743,65176
2025-10-22 23:25:43.001,1743,65155
2025-10-22 23:25:43.001,1743,65149
2025-10-22 23:25:43.001,1743,65144
2025-10-22 23:25:43.001,1743,65144
2025-10-22 23:25:43.001,1743,65141
2025-10-22 23:25:43.001,1743,65132
2025-10-22 23:25:43.001,1743,65129
2025-10-22 23:25:43.001,1743,65126
2025-10-22 23:25:43.001,1743,65120
2025-10-22 23:25:44.000,1749,66112
2025-10-22 23:25:44.000,1749,66101
2025-10-22 23:25:44.000,1749,66099
2025-10-22 23:25:44.000,1749,66094
2025-10-22 23:25:44.000,1749,66076
2025-10-22 23:25:44.000,1749,66064
2025-10-22 23:25:44.000,1749,66053
2025-10-22 23:25:44.000,1749,66047
2025-10-22 23:25:44.000,1749,66022
2025-10-22 23:25:44.000,1749,65217
2025-10-22 23:25:45.000,1753,66210
2025-10-22 23:25:45.000,1753,66201
2025-10-22 23:25:45.000,1753,66199
2025-10-22 23:25:45.000,1753,66197
2025-10-22 23:25:45.000,1753,66196
2025-10-22 23:25:45.000,1753,66189
2025-10-22 23:25:45.000,1753,66182
2025-10-22 23:25:45.000,1753,66179
2025-10-22 23:25:45.000,1753,66178
2025-10-22 23:25:45.000,1753,66171
2025-10-22 23:25:46.000,1755,67168
2025-10-22 23:25:46.000,1755,67160
2025-10-22 23:25:46.000,1755,67158
2025-10-22 23:25:46.000,1755,67149
2025-10-22 23:25:46.000,1755,67147
2025-10-22 23:25:46.000,1755,67135
2025-10-22 23:25:46.000,1755,67133
2025-10-22 23:25:46.000,1755,67124
2025-10-22 23:25:46.000,1755,67113
2025-10-22 23:25:46.000,1755,67106
2025-10-22 23:25:47.001,1762,68105
2025-10-22 23:25:47.001,1762,68096
2025-10-22 23:25:47.001,1762,68094
2025-10-22 23:25:47.001,1762,68057
2025-10-22 23:25:47.001,1762,68047
2025-10-22 23:25:47.001,1762,68043
2025-10-22 23:25:47.001,1762,68040
2025-10-22 23:25:47.001,1762,68036
2025-10-22 23:25:47.001,1762,68032
2025-10-22 23:25:47.001,1762,68023
2025-10-22 23:25:48.000,1765,69018
2025-10-22 23:25:48.000,1765,68231
2025-10-22 23:25:48.000,1765,68222
2025-10-22 23:25:48.000,1765,68221
2025-10-22 23:25:48.000,1765,68211
2025-10-22 23:25:48.000,1765,68210
2025-10-22 23:25:48.000,1765,68201
2025-10-22 23:25:48.000,1765,68190
2025-10-22 23:25:48.000,1765,68189
2025-10-22 23:25:48.000,1765,68169
2025-10-22 23:25:49.001,1768,69159
2025-10-22 23:25:49.001,1768,69151
2025-10-22 23:25:49.001,1768,69149
2025-10-22 23:25:49.001,1768,69139
2025-10-22 23:25:49.001,1768,69136
2025-10-22 23:25:49.001,1768,69135
2025-10-22 23:25:49.001,1768,69127
2025-10-22 23:25:49.001,1768,69123
2025-10-22 23:25:49.001,1768,69102
2025-10-22 23:25:49.001,1768,69099
2025-10-22 23:25:50.000,1777,70087
2025-10-22 23:25:50.000,1777,70078
2025-10-22 23:25:50.000,1777,70072
2025-10-22 23:25:50.000,1777,70066
2025-10-22 23:25:50.000,1777,70065
2025-10-22 23:25:50.000,1777,70064
2025-10-22 23:25:50.000,1777,70059
2025-10-22 23:25:50.000,1777,70054
2025-10-22 23:25:50.000,1777,70052
2025-10-22 23:25:50.000,1777,70040
2025-10-22 23:25:51.000,1784,71016
2025-10-22 23:25:51.000,1784,71002
2025-10-22 23:25:51.000,1784,70989
2025-10-22 23:25:51.000,1784,70981
2025-10-22 23:25:51.000,1784,70976
2025-10-22 23:25:51.000,1784,70229
2025-10-22 23:25:51.000,1784,70223
2025-10-22 23:25:51.000,1784,70219
2025-10-22 23:25:51.000,1784,70219
2025-10-22 23:25:51.000,1784,70218
2025-10-22 23:25:52.001,1788,71218
2025-10-22 23:25:52.001,1788,71202
2025-10-22 23:25:52.001,1788,71194
2025-10-22 23:25:52.001,1788,71180
2025-10-22 23:25:52.001,1788,71169
2025-10-22 23:25:52.001,1788,71167
2025-10-22 23:25:52.001,1788,71150
2025-10-22 23:25:52.001,1788,71147
2025-10-22 23:25:52.001,1788,71146
2025-10-22 23:25:52.001,1788,71139
2025-10-22 23:25:53.000,1799,72135
2025-10-22 23:25:53.000,1799,72131
2025-10-22 23:25:53.000,1799,72127
2025-10-22 23:25:53.000,1799,72126
2025-10-22 23:25:53.000,1799,72124
2025-10-22 23:25:53.000,1799,72103
2025-10-22 23:25:53.000,1799,72097
2025-10-22 23:25:53.000,1799,72093
2025-10-22 23:25:53.000,1799,72090
2025-10-22 23:25:53.000,1799,72087
2025-10-22 23:25:54.001,1802,73088
2025-10-22 23:25:54.001,1802,73081
2025-10-22 23:25:54.001,1802,73075
2025-10-22 23:25:54.001,1802,73070
2025-10-22 23:25:54.001,1802,73069
2025-10-22 23:25:54.001,1802,73064
2025-10-22 23:25:54.001,1802,73058
2025-10-22 23:25:54.001,1802,72233
2025-10-22 23:25:54.001,1802,72231
2025-10-22 23:25:54.001,1802,72225
2025-10-22 23:25:55.000,1809,73213
2025-10-22 23:25:55.000,1809,73208
2025-10-22 23:25:55.000,1809,73201
2025-10-22 23:25:55.000,1809,73199
2025-10-22 23:25:55.000,1809,73169
2025-10-22 23:25:55.000,1809,73164
2025-10-22 23:25:55.000,1809,73162
2025-10-22 23:25:55.000,1809,73159
2025-10-22 23:25:55.000,1809,73137
2025-10-22 23:25:55.000,1809,73131
2025-10-22 23:25:56.001,1806,74130
2025-10-22 23:25:56.001,1806,74127
2025-10-22 23:25:56.001,1806,74115
2025-10-22 23:25:56.001,1806,74103
2025-10-22 23:25:56.001,1806,74092
2025-10-22 23:25:56.001,1806,74078
2025-10-22 23:25:56.001,1806,74067
2025-10-22 23:25:56.001,1806,74060
2025-10-22 23:25:56.001,1806,74056
2025-10-22 23:25:56.001,1806,74055
2025-10-22 23:25:57.000,1805,75044
2025-10-22 23:25:57.000,1805,75040
2025-10-22 23:25:57.000,1805,75030
2025-10-22 23:25:57.000,1805,75023
2025-10-22 23:25:57.000,1805,75018
2025-10-22 23:25:57.000,1805,75016
2025-10-22 23:25:57.000,1805,75015
2025-10-22 23:25:57.000,1805,74228
2025-10-22 23:25:57.000,1805,74214
2025-10-22 23:25:57.000,1805,74208
2025-10-22 23:25:58.000,1801,75204
2025-10-22 23:25:58.000,1801,75194
2025-10-22 23:25:58.000,1801,75189
2025-10-22 23:25:58.000,1801,75161
2025-10-22 23:25:58.000,1801,75159
2025-10-22 23:25:58.000,1801,75152
2025-10-22 23:25:58.000,1801,75151
2025-10-22 23:25:58.000,1801,75151
2025-10-22 23:25:58.000,1801,75136
2025-10-22 23:25:58.000,1801,75131
2025-10-22 23:25:59.000,1804,76126
2025-10-22 23:25:59.000,1804,76122
2025-10-22 23:25:59.000,1804,76121
2025-10-22 23:25:59.000,1804,76119
2025-10-22 23:25:59.001,1804,76114
2025-10-22 23:25:59.001,1804,76113
2025-10-22 23:25:59.001,1804,76103
2025-10-22 23:25:59.001,1804,76088
2025-10-22 23:25:59.001,1804,76087
2025-10-22 23:25:59.001,1804,76084
2025-10-22 23:26:00.000,1809,77078
2025-10-22 23:26:00.000,1809,77076
2025-10-22 23:26:00.000,1809,77072
2025-10-22 23:26:00.000,1809,77066
2025-10-22 23:26:00.000,1809,77053
2025-10-22 23:26:00.000,1809,77047
2025-10-22 23:26:00.000,1809,77046
2025-10-22 23:26:00.000,1809,77044
2025-10-22 23:26:00.000,1809,77043
2025-10-22 23:26:00.000,1809,77037
2025-10-22 23:26:01.001,1808,77221
2025-10-22 23:26:01.001,1808,77216
2025-10-22 23:26:01.001,1808,77214
2025-10-22 23:26:01.001,1808,77212
2025-10-22 23:26:01.001,1808,77204
2025-10-22 23:26:01.001,1808,77203
2025-10-22 23:26:01.001,1808,77201
2025-10-22 23:26:01.001,1808,77196
2025-10-22 23:26:01.001,1808,77194
2025-10-22 23:26:01.001,1808,77194
2025-10-22 23:26:02.000,1810,78191
2025-10-22 23:26:02.000,1810,78188
2025-10-22 23:26:02.000,1810,78182
2025-10-22 23:26:02.000,1810,78181
2025-10-22 23:26:02.000,1810,78178
2025-10-22 23:26:02.000,1810,78162
2025-10-22 23:26:02.000,1810,78156
2025-10-22 23:26:02.000,1810,78149
2025-10-22 23:26:02.000,1810,78145
2025-10-22 23:26:02.000,1810,78143
2025-10-22 23:26:03.000,1812,79141
2025-10-22 23:26:03.000,1812,79137
2025-10-22 23:26:03.000,1812,79134
2025-10-22 23:26:03.000,1812,79130
2025-10-22 23:26:03.000,1812,79125
2025-10-22 23:26:03.000,1812,79115
2025-10-22 23:26:03.000,1812,79113
2025-10-22 23:26:03.000,1812,79098
2025-10-22 23:26:03.000,1812,79093
2025-10-22 23:26:03.000,1812,79087
2025-10-22 23:26:04.001,1809,80085
2025-10-22 23:26:04.001,1809,80083
2025-10-22 23:26:04.001,1809,80079
2025-10-22 23:26:04.001,1809,80071
2025-10-22 23:26:04.001,1809,80061
2025-10-22 23:26:04.001,1809,80048
2025-10-22 23:26:04.001,1809,80044
2025-10-22 23:26:04.001,1809,80043
2025-10-22 23:26:04.001,1809,80038
2025-10-22 23:26:04.001,1809,80037
2025-10-22 23:26:05.000,1808,81032
2025-10-22 23:26:05.000,1808,81029
2025-10-22 23:26:05.000,1808,81026
2025-10-22 23:26:05.000,1808,81017
2025-10-22 23:26:05.000,1808,80230
2025-10-22 23:26:05.000,1808,80223
2025-10-22 23:26:05.000,1808,80210
2025-10-22 23:26:05.000,1808,80201
2025-10-22 23:26:05.000,1808,80199
2025-10-22 23:26:05.000,1808,80190
2025-10-22 23:26:06.000,1805,81183
2025-10-22 23:26:06.000,1805,81182
2025-10-22 23:26:06.000,1805,81179
2025-10-22 23:26:06.000,1805,81178
2025-10-22 23:26:06.000,1805,81172
2025-10-22 23:26:06.000,1805,81154
2025-10-22 23:26:06.000,1805,81148
2025-10-22 23:26:06.000,1805,81141
2025-10-22 23:26:06.000,1805,81140
2025-10-22 23:26:06.000,1805,81129
2025-10-22 23:26:07.000,1804,82123
2025-10-22 23:26:07.000,1804,82116
2025-10-22 23:26:07.000,1804,82113
2025-10-22 23:26:07.000,1804,82112
2025-10-22 23:26:07.000,1804,82110
2025-10-22 23:26:07.000,1804,82105
2025-10-22 23:26:07.000,1804,82101
2025-10-22 23:26:07.000,1804,82096
2025-10-22 23:26:07.000,1804,82090
2025-10-22 23:26:07.000,1804,82087
2025-10-22 23:26:08.000,1804,83082
2025-10-22 23:26:08.000,1804,83068
2025-10-22 23:26:08.001,1804,83059
2025-10-22 23:26:08.001,1804,83053
2025-10-22 23:26:08.001,1804,83048
2025-10-22 23:26:08.001,1804,83042
2025-10-22 23:26:08.001,1804,83041
2025-10-22 23:26:08.001,1804,83025
2025-10-22 23:26:08.001,1804,83021
2025-10-22 23:26:08.001,1804,83016
2025-10-22 23:26:09.000,1805,84011
2025-10-22 23:26:09.000,1805,83229
2025-10-22 23:26:09.000,1805,83212
2025-10-22 23:26:09.000,1805,83203
2025-10-22 23:26:09.000,1805,83201
2025-10-22 23:26:09.000,1805,83198
2025-10-22 23:26:09.000,1805,83194
2025-10-22 23:26:09.000,1805,83167
2025-10-22 23:26:09.000,1805,83159
2025-10-22 23:26:09.000,1805,83157
2025-10-22 23:26:10.000,1803,84151
2025-10-22 23:26:10.000,1803,84146
2025-10-22 23:26:10.000,1803,84129
2025-10-22 23:26:10.000,1803,84125
2025-10-22 23:26:10.000,1803,84124
2025-10-22 23:26:10.000,1803,84103
2025-10-22 23:26:10.000,1803,84096
2025-10-22 23:26:10.000,1803,84095
2025-10-22 23:26:10.000,1803,84086
2025-10-22 23:26:10.000,1803,84083
2025-10-22 23:26:11.001,1807,85077
2025-10-22 23:26:11.001,1807,85072
2025-10-22 23:26:11.001,1807,85072
2025-10-22 23:26:11.001,1807,85068
2025-10-22 23:26:11.001,1807,85056
2025-10-22 23:26:11.001,1807,85047
2025-10-22 23:26:11.001,1807,85045
2025-10-22 23:26:11.001,1807,85043
2025-10-22 23:26:11.001,1807,85041
2025-10-22 23:26:11.001,1807,85039
2025-10-22 23:26:12.000,1805,86036
2025-10-22 23:26:12.000,1805,86027
2025-10-22 23:26:12.000,1805,86026
2025-10-22 23:26:12.000,1805,86021
2025-10-22 23:26:12.000,1805,85221
2025-10-22 23:26:12.000,1805,85210
2025-10-22 23:26:12.000,1805,85201
2025-10-22 23:26:12.000,1805,85197
2025-10-22 23:26:12.000,1805,85195
2025-10-22 23:26:12.000,1805,85189
2025-10-22 23:26:13.001,1809,86188
2025-10-22 23:26:13.001,1809,86174
2025-10-22 23:26:13.001,1809,86153
2025-10-22 23:26:13.001,1809,86150
2025-10-22 23:26:13.001,1809,86144
2025-10-22 23:26:13.001,1809,86137
2025-10-22 23:26:13.001,1809,86130
2025-10-22 23:26:13.001,1809,86121
2025-10-22 23:26:13.001,1809,86103
2025-10-22 23:26:13.001,1809,86099
2025-10-22 23:26:14.000,1808,87091
2025-10-22 23:26:14.000,1808,87086
2025-10-22 23:26:14.000,1808,87072
2025-10-22 23:26:14.000,1808,87064
2025-10-22 23:26:14.000,1808,87062
2025-10-22 23:26:14.000,1808,87056
2025-10-22 23:26:14.000,1808,87042
2025-10-22 23:26:14.001,1808,87037
2025-10-22 23:26:14.001,1808,87023
2025-10-22 23:26:14.001,1808,87022
2025-10-22 23:26:15.000,1809,87226
2025-10-22 23:26:15.000,1809,87200
2025-10-22 23:26:15.000,1809,87195
2025-10-22 23:26:15.000,1809,87193
2025-10-22 23:26:15.000,1809,87186
2025-10-22 23:26:15.000,1809,87164
2025-10-22 23:26:15.000,1809,87159
2025-10-22 23:26:15.000,1809,87154
2025-10-22 23:26:15.000,1809,87135
2025-10-22 23:26:15.000,1809,87129
2025-10-22 23:26:16.001,1805,88129
2025-10-22 23:26:16.001,1805,88090
2025-10-22 23:26:16.001,1805,88086
2025-10-22 23:26:16.001,1805,88080
2025-10-22 23:26:16.001,1805,88061
2025-10-22 23:26:16.001,1805,88054
2025-10-22 23:26:16.001,1805,88051
2025-10-22 23:26:16.001,1805,88046
2025-10-22 23:26:16.001,1805,88034
2025-10-22 23:26:16.001,1805,88032
2025-10-22 23:26:17.000,1803,89007
2025-10-22 23:26:17.000,1803,88202
2025-10-22 23:26:17.000,1803,88195
2025-10-22 23:26:17.000,1803,88186
2025-10-22 23:26:17.000,1803,88183
2025-10-22 23:26:17.000,1803,88180
2025-10-22 23:26:17.000,1803,88172
2025-10-22 23:26:17.000,1803,88158
2025-10-22 23:26:17.000,1803,88153
2025-10-22 23:26:17.000,1803,88144
2025-10-22 23:26:18.001,1801,89129
2025-10-22 23:26:18.001,1801,89118
2025-10-22 23:26:18.001,1801,89115
2025-10-22 23:26:18.001,1801,89075
2025-10-22 23:26:18.001,1801,89071
2025-10-22 23:26:18.001,1801,89062
2025-10-22 23:26:18.001,1801,89060
2025-10-22 23:26:18.001,1801,89052
2025-10-22 23:26:18.001,1801,89049
2025-10-22 23:26:18.001,1801,89032
2025-10-22 23:26:19.000,1802,90030
2025-10-22 23:26:19.000,1802,90029
2025-10-22 23:26:19.000,1802,90029
2025-10-22 23:26:19.000,1802,90013
2025-10-22 23:26:19.000,1802,90011
2025-10-22 23:26:19.000,1802,90001
2025-10-22 23:26:19.000,1802,89983
2025-10-22 23:26:19.000,1802,89972
2025-10-22 23:26:19.000,1802,89964
2025-10-22 23:26:19.000,1802,89959
2025-10-22 23:26:20.001,1803,90959
2025-10-22 23:26:20.001,1803,90945
2025-10-22 23:26:20.001,1803,90937
2025-10-22 23:26:20.001,1803,90935
2025-10-22 23:26:20.001,1803,90230
2025-10-22 23:26:20.001,1803,90221
2025-10-22 23:26:20.001,1803,90216
2025-10-22 23:26:20.001,1803,90206
2025-10-22 23:26:20.001,1803,90204
2025-10-22 23:26:20.001,1803,90192
2025-10-22 23:26:21.000,1798,91160
2025-10-22 23:26:21.000,1798,91159
2025-10-22 23:26:21.000,1798,91150
2025-10-22 23:26:21.000,1798,91145
2025-10-22 23:26:21.000,1798,91127
2025-10-22 23:26:21.000,1798,91121
2025-10-22 23:26:21.000,1798,91109
2025-10-22 23:26:21.000,1798,91091
2025-10-22 23:26:21.000,1798,91081
2025-10-22 23:26:21.000,1798,91080
2025-10-22 23:26:22.000,1801,92079
2025-10-22 23:26:22.000,1801,92078
2025-10-22 23:26:22.000,1801,92070
2025-10-22 23:26:22.000,1801,92064
2025-10-22 23:26:22.000,1801,92052
2025-10-22 23:26:22.000,1801,92036
2025-10-22 23:26:22.000,1801,92011
2025-10-22 23:26:22.000,1801,91229
2025-10-22 23:26:22.000,1801,91219
2025-10-22 23:26:22.000,1801,91210
2025-10-22 23:26:23.001,1808,92207
2025-10-22 23:26:23.001,1808,92204
2025-10-22 23:26:23.001,1808,92195
2025-10-22 23:26:23.001,1808,92185
2025-10-22 23:26:23.001,1808,92179
2025-10-22 23:26:23.001,1808,92178
2025-10-22 23:26:23.001,1808,92169
2025-10-22 23:26:23.001,1808,92167
2025-10-22 23:26:23.001,1808,92149
2025-10-22 23:26:23.001,1808,92148
2025-10-22 23:26:24.000,1809,93146
2025-10-22 23:26:24.000,1809,93141
2025-10-22 23:26:24.000,1809,93133
2025-10-22 23:26:24.000,1809,93109
2025-10-22 23:26:24.000,1809,93106
2025-10-22 23:26:24.000,1809,93105
2025-10-22 23:26:24.000,1809,93104
2025-10-22 23:26:24.000,1809,93103
2025-10-22 23:26:24.000,1809,93099
2025-10-22 23:26:24.000,1809,93093
2025-10-22 23:26:25.000,1807,94093
2025-10-22 23:26:25.000,1807,94092
2025-10-22 23:26:25.000,1807,94089
2025-10-22 23:26:25.000,1807,94085
2025-10-22 23:26:25.000,1807,94083
2025-10-22 23:26:25.000,1807,94077
2025-10-22 23:26:25.000,1807,94076
2025-10-22 23:26:25.000,1807,94075
2025-10-22 23:26:25.000,1807,94069
2025-10-22 23:26:25.000,1807,94067
2025-10-22 23:26:26.001,1804,95059
2025-10-22 23:26:26.001,1804,95051
2025-10-22 23:26:26.001,1804,95039
2025-10-22 23:26:26.001,1804,95029
2025-10-22 23:26:26.001,1804,95027
2025-10-22 23:26:26.001,1804,95024
2025-10-22 23:26:26.001,1804,95020
2025-10-22 23:26:26.001,1804,95013
2025-10-22 23:26:26.001,1804,94227
2025-10-22 23:26:26.001,1804,94215
2025-10-22 23:26:27.001,1807,95200
2025-10-22 23:26:27.001,1807,95198
2025-10-22 23:26:27.001,1807,95196
2025-10-22 23:26:27.001,1807,95192
2025-10-22 23:26:27.001,1807,95190
2025-10-22 23:26:27.001,1807,95187
2025-10-22 23:26:27.001,1807,95179
2025-10-22 23:26:27.001,1807,95174
2025-10-22 23:26:27.001,1807,95170
2025-10-22 23:26:27.001,1807,95165
2025-10-22 23:26:28.000,1805,96154
2025-10-22 23:26:28.000,1805,96138
2025-10-22 23:26:28.000,1805,96134
2025-10-22 23:26:28.000,1805,96131
2025-10-22 23:26:28.000,1805,96127
2025-10-22 23:26:28.000,1805,96120
2025-10-22 23:26:28.000,1805,96118
2025-10-22 23:26:28.000,1805,96105
2025-10-22 23:26:28.000,1805,96104
2025-10-22 23:26:28.000,1805,96094
2025-10-22 23:26:29.000,1801,97083
2025-10-22 23:26:29.000,1801,97079
2025-10-22 23:26:29.000,1801,97070
2025-10-22 23:26:29.000,1801,97068
2025-10-22 23:26:29.000,1801,97051
2025-10-22 23:26:29.000,1801,97049
2025-10-22 23:26:29.000,1801,97039
2025-10-22 23:26:29.000,1801,97038
2025-10-22 23:26:29.000,1801,97038
2025-10-22 23:26:29.000,1801,97036
2025-10-22 23:26:30.000,1796,98035
2025-10-22 23:26:30.000,1796,98016
2025-10-22 23:26:30.000,1796,97229
2025-10-22 23:26:30.000,1796,97227
2025-10-22 23:26:30.000,1796,97226
2025-10-22 23:26:30.000,1796,97220
2025-10-22 23:26:30.000,1796,97219
2025-10-22 23:26:30.000,1796,97192
2025-10-22 23:26:30.000,1796,97191
2025-10-22 23:26:30.000,1796,97170
2025-10-22 23:26:31.001,1793,98166
2025-10-22 23:26:31.001,1793,98165
2025-10-22 23:26:31.001,1793,98159
2025-10-22 23:26:31.001,1793,98154
2025-10-22 23:26:31.001,1793,98144
2025-10-22 23:26:31.001,1793,98142
2025-10-22 23:26:31.001,1793,98122
2025-10-22 23:26:31.001,1793,98106
2025-10-22 23:26:31.001,1793,98103
2025-10-22 23:26:31.001,1793,98096
2025-10-22 23:26:32.000,1790,99095
2025-10-22 23:26:32.000,1790,99087
2025-10-22 23:26:32.000,1790,99085
2025-10-22 23:26:32.000,1790,99083
2025-10-22 23:26:32.000,1790,99073
2025-10-22 23:26:32.000,1790,99071
2025-10-22 23:26:32.000,1790,99054
2025-10-22 23:26:32.000,1790,99049
2025-10-22 23:26:32.000,1790,99043
2025-10-22 23:26:32.000,1790,99040
2025-10-22 23:26:33.001,1792,100039
2025-10-22 23:26:33.001,1792,100029
2025-10-22 23:26:33.001,1792,100016
2025-10-22 23:26:33.001,1792,98959
2025-10-22 23:26:33.001,1792,98932
2025-10-22 23:26:33.001,1792,98928
2025-10-22 23:26:33.001,1792,98922
2025-10-22 23:26:33.001,1792,98918
2025-10-22 23:26:33.001,1792,98913
2025-10-22 23:26:33.001,1792,98911
2025-10-22 23:26:34.000,1790,99865
2025-10-22 23:26:34.001,1790,99851
2025-10-22 23:26:34.001,1790,99848
2025-10-22 23:26:34.001,1790,99837
2025-10-22 23:26:34.001,1790,99834
2025-10-22 23:26:34.001,1790,99820
2025-10-22 23:26:34.001,1790,99818
2025-10-22 23:26:34.001,1790,99807
2025-10-22 23:26:34.001,1790,99795
2025-10-22 23:26:34.001,1790,99769
2025-10-22 23:26:35.000,1785,99977
2025-10-22 23:26:35.000,1785,99962
2025-10-22 23:26:35.000,1785,99953
2025-10-22 23:26:35.000,1785,99947
2025-10-22 23:26:35.000,1785,99941
2025-10-22 23:26:35.000,1785,99928
2025-10-22 23:26:35.000,1785,99926
2025-10-22 23:26:35.000,1785,99917
2025-10-22 23:26:35.000,1785,99913
2025-10-22 23:26:35.000,1785,99911
2025-10-22 23:26:36.000,1780,100903
2025-10-22 23:26:36.000,1780,100895
2025-10-22 23:26:36.000,1780,100892
2025-10-22 23:26:36.000,1780,100871
2025-10-22 23:26:36.000,1780,100865
2025-10-22 23:26:36.000,1780,100845
2025-10-22 23:26:36.000,1780,100830
2025-10-22 23:26:36.000,1780,100829
2025-10-22 23:26:36.000,1780,100824
2025-10-22 23:26:36.000,1780,100823
2025-10-22 23:26:37.001,1774,101794
2025-10-22 23:26:37.001,1774,101777
2025-10-22 23:26:37.001,1774,101774
2025-10-22 23:26:37.001,1774,101750
2025-10-22 23:26:37.001,1774,100974
2025-10-22 23:26:37.001,1774,100969
2025-10-22 23:26:37.001,1774,100964
2025-10-22 23:26:37.001,1774,100959
2025-10-22 23:26:37.001,1774,100907
2025-10-22 23:26:37.001,1774,100903
2025-10-22 23:26:38.000,1768,101900
2025-10-22 23:26:38.000,1768,101898
2025-10-22 23:26:38.000,1768,101887
2025-10-22 23:26:38.000,1768,101887
2025-10-22 23:26:38.000,1768,101886
2025-10-22 23:26:38.000,1768,101864
2025-10-22 23:26:38.000,1768,101861
2025-10-22 23:26:38.000,1768,101859
2025-10-22 23:26:38.000,1768,101850
2025-10-22 23:26:38.000,1768,101840
2025-10-22 23:26:39.001,1763,102836
2025-10-22 23:26:39.001,1763,102829
2025-10-22 23:26:39.001,1763,102819
2025-10-22 23:26:39.001,1763,102802
2025-10-22 23:26:39.001,1763,102797
2025-10-22 23:26:39.001,1763,102796
2025-10-22 23:26:39.001,1763,102787
2025-10-22 23:26:39.001,1763,102786
2025-10-22 23:26:39.001,1763,102783
2025-10-22 23:26:39.001,1763,102783
2025-10-22 23:26:40.000,1759,103775
2025-10-22 23:26:40.000,1759,103759
2025-10-22 23:26:40.000,1759,103752
2025-10-22 23:26:40.000,1759,103752
2025-10-22 23:26:40.000,1759,103751
2025-10-22 23:26:40.000,1759,103746
2025-10-22 23:26:40.000,1759,103732
2025-10-22 23:26:40.000,1759,103731
2025-10-22 23:26:40.000,1759,103730
2025-10-22 23:26:40.000,1759,103716
2025-10-22 23:26:41.000,1752,103968
2025-10-22 23:26:41.000,1752,103964
2025-10-22 23:26:41.000,1752,103963
2025-10-22 23:26:41.000,1752,103962
2025-10-22 23:26:41.000,1752,103956
2025-10-22 23:26:41.000,1752,103952
2025-10-22 23:26:41.000,1752,103948
2025-10-22 23:26:41.000,1752,103933
2025-10-22 23:26:41.000,1752,103930
2025-10-22 23:26:41.000,1752,103926
2025-10-22 23:26:42.001,1746,104921
2025-10-22 23:26:42.001,1746,104914
2025-10-22 23:26:42.001,1746,104912
2025-10-22 23:26:42.001,1746,104909
2025-10-22 23:26:42.001,1746,104898
2025-10-22 23:26:42.001,1746,104889
2025-10-22 23:26:42.001,1746,104884
2025-10-22 23:26:42.001,1746,104872
2025-10-22 23:26:42.001,1746,104870
2025-10-22 23:26:42.001,1746,104863
2025-10-22 23:26:43.000,1740,105862
2025-10-22 23:26:43.000,1740,105860
2025-10-22 23:26:43.000,1740,105858
2025-10-22 23:26:43.000,1740,105856
2025-10-22 23:26:43.000,1740,105845
2025-10-22 23:26:43.000,1740,105840
2025-10-22 23:26:43.000,1740,105837
2025-10-22 23:26:43.000,1740,105826
2025-10-22 23:26:43.000,1740,105804
2025-10-22 23:26:43.000,1740,105795
2025-10-22 23:26:44.001,1735,106789
2025-10-22 23:26:44.001,1735,106787
2025-10-22 23:26:44.001,1735,106777
2025-10-22 23:26:44.001,1735,106772
2025-10-22 23:26:44.001,1735,106751
2025-10-22 23:26:44.001,1735,106739
2025-10-22 23:26:44.001,1735,106732
2025-10-22 23:26:44.001,1735,105966
2025-10-22 23:26:44.001,1735,105962
2025-10-22 23:26:44.001,1735,105952
2025-10-22 23:26:45.000,1728,106947
2025-10-22 23:26:45.000,1728,106940
2025-10-22 23:26:45.000,1728,106916
2025-10-22 23:26:45.000,1728,106908
2025-10-22 23:26:45.000,1728,106896
2025-10-22 23:26:45.000,1728,106890
2025-10-22 23:26:45.000,1728,106868
2025-10-22 23:26:45.000,1728,106848
2025-10-22 23:26:45.000,1728,106837
2025-10-22 23:26:45.000,1728,106831
2025-10-22 23:26:46.000,1721,107825
2025-10-22 23:26:46.000,1721,107823
2025-10-22 23:26:46.000,1721,107820
2025-10-22 23:26:46.000,1721,107818
2025-10-22 23:26:46.000,1721,107815
2025-10-22 23:26:46.000,1721,107812
2025-10-22 23:26:46.000,1721,107811
2025-10-22 23:26:46.000,1721,107809
2025-10-22 23:26:46.000,1721,107802
2025-10-22 23:26:46.000,1721,107799
2025-10-22 23:26:47.001,1717,108793
2025-10-22 23:26:47.001,1717,108791
2025-10-22 23:26:47.001,1717,108783
2025-10-22 23:26:47.001,1717,108783
2025-10-22 23:26:47.001,1717,108778
2025-10-22 23:26:47.001,1717,108775
2025-10-22 23:26:47.001,1717,108767
2025-10-22 23:26:47.001,1717,107981
2025-10-22 23:26:47.001,1717,107977
2025-10-22 23:26:47.001,1717,107966
2025-10-22 23:26:48.000,1714,108963
2025-10-22 23:26:48.000,1714,108943
2025-10-22 23:26:48.000,1714,108904
2025-10-22 23:26:48.000,1714,108894
2025-10-22 23:26:48.000,1714,108884
2025-10-22 23:26:48.000,1714,108880
2025-10-22 23:26:48.000,1714,108859
2025-10-22 23:26:48.000,1714,108841
2025-10-22 23:26:48.000,1714,108838
2025-10-22 23:26:48.000,1714,108831
2025-10-22 23:26:49.000,1706,109816
2025-10-22 23:26:49.000,1706,109814
2025-10-22 23:26:49.000,1706,109809
2025-10-22 23:26:49.000,1706,109798
2025-10-22 23:26:49.000,1706,109788
2025-10-22 23:26:49.000,1706,109781
2025-10-22 23:26:49.000,1706,109775
2025-10-22 23:26:49.000,1706,109771
2025-10-22 23:26:49.000,1706,109754
2025-10-22 23:26:49.000,1706,109751
2025-10-22 23:26:50.001,1702,110751
2025-10-22 23:26:50.001,1702,110742
2025-10-22 23:26:50.001,1702,110737
2025-10-22 23:26:50.001,1702,109976
2025-10-22 23:26:50.001,1702,109966
2025-10-22 23:26:50.001,1702,109961
2025-10-22 23:26:50.001,1702,109956
2025-10-22 23:26:50.001,1702,109948
2025-10-22 23:26:50.001,1702,109946
2025-10-22 23:26:50.001,1702,109935
2025-10-22 23:26:51.000,1696,110928
2025-10-22 23:26:51.000,1696,110909
2025-10-22 23:26:51.000,1696,110902
2025-10-22 23:26:51.000,1696,110887
2025-10-22 23:26:51.000,1696,110885
2025-10-22 23:26:51.000,1696,110879
2025-10-22 23:26:51.000,1696,110857
2025-10-22 23:26:51.000,1696,110834
2025-10-22 23:26:51.000,1696,110833
2025-10-22 23:26:51.000,1696,110807
2025-10-22 23:26:52.000,1689,111803
2025-10-22 23:26:52.000,1689,111787
2025-10-22 23:26:52.000,1689,111786
2025-10-22 23:26:52.000,1689,111772
2025-10-22 23:26:52.000,1689,111768
2025-10-22 23:26:52.000,1689,111752
2025-10-22 23:26:52.000,1689,111750
2025-10-22 23:26:52.000,1689,111730
2025-10-22 23:26:52.000,1689,110961
2025-10-22 23:26:52.000,1689,110952
2025-10-22 23:26:53.001,1685,111931
2025-10-22 23:26:53.001,1685,111929
2025-10-22 23:26:53.001,1685,111918
2025-10-22 23:26:53.001,1685,111904
2025-10-22 23:26:53.001,1685,111890
2025-10-22 23:26:53.001,1685,111886
2025-10-22 23:26:53.001,1685,111885
2025-10-22 23:26:53.001,1685,111880
2025-10-22 23:26:53.001,1685,111879
2025-10-22 23:26:53.001,1685,111874
2025-10-22 23:26:54.000,1679,112865
2025-10-22 23:26:54.000,1679,112850
2025-10-22 23:26:54.000,1679,112849
2025-10-22 23:26:54.000,1679,112826
2025-10-22 23:26:54.000,1679,112816
2025-10-22 23:26:54.000,1679,112814
2025-10-22 23:26:54.000,1679,112808
2025-10-22 23:26:54.000,1679,112796
2025-10-22 23:26:54.000,1679,112793
2025-10-22 23:26:54.000,1679,112792
2025-10-22 23:26:55.001,1682,113776
2025-10-22 23:26:55.001,1682,113765
2025-10-22 23:26:55.001,1682,113752
2025-10-22 23:26:55.001,1682,112980
2025-10-22 23:26:55.001,1682,112968
2025-10-22 23:26:55.001,1682,112967
2025-10-22 23:26:55.001,1682,112965
2025-10-22 23:26:55.001,1682,112962
2025-10-22 23:26:55.001,1682,112950
2025-10-22 23:26:55.001,1682,112945
2025-10-22 23:26:56.000,1676,113942
2025-10-22 23:26:56.000,1676,113941
2025-10-22 23:26:56.000,1676,113939
2025-10-22 23:26:56.000,1676,113937
2025-10-22 23:26:56.000,1676,113934
2025-10-22 23:26:56.000,1676,113932
2025-10-22 23:26:56.000,1676,113930
2025-10-22 23:26:56.000,1676,113922
2025-10-22 23:26:56.000,1676,113920
2025-10-22 23:26:56.000,1676,113912
2025-10-22 23:26:57.000,1669,114893
2025-10-22 23:26:57.000,1669,114892
2025-10-22 23:26:57.000,1669,114886
2025-10-22 23:26:57.000,1669,114876
2025-10-22 23:26:57.000,1669,114875
2025-10-22 23:26:57.000,1669,114873
2025-10-22 23:26:57.000,1669,114858
2025-10-22 23:26:57.000,1669,114832
2025-10-22 23:26:57.000,1669,114829
2025-10-22 23:26:57.000,1669,114819
2025-10-22 23:26:58.000,1663,115817
2025-10-22 23:26:58.000,1663,115815
2025-10-22 23:26:58.000,1663,115810
2025-10-22 23:26:58.000,1663,115803
2025-10-22 23:26:58.000,1663,115799
2025-10-22 23:26:58.000,1663,115792
2025-10-22 23:26:58.000,1663,115780
2025-10-22 23:26:58.000,1663,115777
2025-10-22 23:26:58.000,1663,115773
2025-10-22 23:26:58.000,1663,115771
2025-10-22 23:26:59.001,1657,115978
2025-10-22 23:26:59.001,1657,115976
2025-10-22 23:26:59.001,1657,115951
2025-10-22 23:26:59.001,1657,115943
2025-10-22 23:26:59.001,1657,115939
2025-10-22 23:26:59.001,1657,115937
2025-10-22 23:26:59.001,1657,115925
2025-10-22 23:26:59.001,1657,115892
2025-10-22 23:26:59.001,1657,115849
2025-10-22 23:26:59.001,1657,115819
2025-10-22 23:27:00.000,1650,116817
2025-10-22 23:27:00.000,1650,116799
2025-10-22 23:27:00.000,1650,116797
2025-10-22 23:27:00.000,1650,116796
2025-10-22 23:27:00.000,1650,116777
2025-10-22 23:27:00.000,1650,116753
2025-10-22 23:27:00.000,1650,116746
2025-10-22 23:27:00.000,1650,116739
2025-10-22 23:27:00.000,1650,116733
2025-10-22 23:27:00.000,1650,116731
2025-10-22 23:27:01.000,1645,117725
2025-10-22 23:27:01.000,1645,116951
2025-10-22 23:27:01.000,1645,116948
2025-10-22 23:27:01.000,1645,116934
2025-10-22 23:27:01.000,1645,116926
2025-10-22 23:27:01.000,1645,116918
2025-10-22 23:27:01.000,1645,116914
2025-10-22 23:27:01.000,1645,116910
2025-10-22 23:27:01.000,1645,116869
2025-10-22 23:27:01.000,1645,116857
2025-10-22 23:27:02.000,1639,117852
2025-10-22 23:27:02.000,1639,117843
2025-10-22 23:27:02.000,1639,117836
2025-10-22 23:27:02.000,1639,117831
2025-10-22 23:27:02.000,1639,117819
2025-10-22 23:27:02.000,1639,117818
2025-10-22 23:27:02.000,1639,117799
2025-10-22 23:27:02.000,1639,117783
2025-10-22 23:27:02.000,1639,117777
2025-10-22 23:27:02.000,1639,116972
2025-10-22 23:27:03.001,1635,117964
2025-10-22 23:27:03.001,1635,117962
2025-10-22 23:27:03.001,1635,117960
2025-10-22 23:27:03.001,1635,117954
2025-10-22 23:27:03.001,1635,117948
2025-10-22 23:27:03.001,1635,117947
2025-10-22 23:27:03.001,1635,117935
2025-10-22 23:27:03.001,1635,117932
2025-10-22 23:27:03.001,1635,117931
2025-10-22 23:27:03.001,1635,117930
2025-10-22 23:27:04.000,1630,118908
2025-10-22 23:27:04.000,1630,118905
2025-10-22 23:27:04.000,1630,118898
2025-10-22 23:27:04.000,1630,118897
2025-10-22 23:27:04.000,1630,118892
2025-10-22 23:27:04.000,1630,118892
2025-10-22 23:27:04.000,1630,118887
2025-10-22 23:27:04.000,1630,118881
2025-10-22 23:27:04.000,1630,118879
2025-10-22 23:27:04.000,1630,118864
2025-10-22 23:27:05.000,1623,119852
2025-10-22 23:27:05.000,1623,119850
2025-10-22 23:27:05.000,1623,119845
2025-10-22 23:27:05.000,1623,119842
2025-10-22 23:27:05.000,1623,119832
2025-10-22 23:27:05.000,1623,119827
2025-10-22 23:27:05.000,1623,119795
2025-10-22 23:27:05.000,1623,119788
2025-10-22 23:27:05.000,1623,119765
2025-10-22 23:27:05.000,1623,119763
2025-10-22 23:27:06.000,1615,120760
2025-10-22 23:27:06.000,1615,120750
2025-10-22 23:27:06.000,1615,120746
2025-10-22 23:27:06.000,1615,119969
2025-10-22 23:27:06.000,1615,119966
2025-10-22 23:27:06.000,1615,119964
2025-10-22 23:27:06.000,1615,119934
2025-10-22 23:27:06.000,1615,119933
2025-10-22 23:27:06.000,1615,119927
2025-10-22 23:27:06.000,1615,119925
2025-10-22 23:27:07.001,1607,120923
2025-10-22 23:27:07.001,1607,120920
2025-10-22 23:27:07.001,1607,120898
2025-10-22 23:27:07.001,1607,120894
2025-10-22 23:27:07.001,1607,120890
2025-10-22 23:27:07.001,1607,120886
2025-10-22 23:27:07.001,1607,120877
2025-10-22 23:27:07.001,1607,120874
2025-10-22 23:27:07.001,1607,120859
2025-10-22 23:27:07.001,1607,120856
2025-10-22 23:27:08.000,1603,121852
2025-10-22 23:27:08.000,1603,121851
2025-10-22 23:27:08.000,1603,121849
2025-10-22 23:27:08.000,1603,121838
2025-10-22 23:27:08.000,1603,121829
2025-10-22 23:27:08.000,1603,121820
2025-10-22 23:27:08.000,1603,121795
2025-10-22 23:27:08.000,1603,121794
2025-10-22 23:27:08.000,1603,121791
2025-10-22 23:27:08.000,1603,121779
2025-10-22 23:27:09.000,1596,122772
2025-10-22 23:27:09.000,1596,122768
2025-10-22 23:27:09.000,1596,122762
2025-10-22 23:27:09.000,1596,122757
2025-10-22 23:27:09.000,1596,122751
2025-10-22 23:27:09.000,1596,122738
2025-10-22 23:27:09.000,1596,121979
2025-10-22 23:27:09.000,1596,121967
2025-10-22 23:27:09.000,1596,121966
2025-10-22 23:27:09.000,1596,121964
2025-10-22 23:27:10.001,1590,122961
2025-10-22 23:27:10.001,1590,122956
2025-10-22 23:27:10.001,1590,122948
2025-10-22 23:27:10.001,1590,122940
2025-10-22 23:27:10.001,1590,122939
2025-10-22 23:27:10.001,1590,122937
2025-10-22 23:27:10.001,1590,122931
2025-10-22 23:27:10.001,1590,122918
2025-10-22 23:27:10.001,1590,122911
2025-10-22 23:27:10.001,1590,122905
2025-10-22 23:27:11.000,1582,123894
2025-10-22 23:27:11.000,1582,123893
2025-10-22 23:27:11.000,1582,123892
2025-10-22 23:27:11.000,1582,123886
2025-10-22 23:27:11.000,1582,123883
2025-10-22 23:27:11.000,1582,123878
2025-10-22 23:27:11.000,1582,123864
2025-10-22 23:27:11.000,1582,123862
2025-10-22 23:27:11.000,1582,123861
2025-10-22 23:27:11.000,1582,123857
2025-10-22 23:27:12.000,1579,124857
2025-10-22 23:27:12.000,1579,124851
2025-10-22 23:27:12.000,1579,124850
2025-10-22 23:27:12.000,1579,124845
2025-10-22 23:27:12.000,1579,124843
2025-10-22 23:27:12.000,1579,124842
2025-10-22 23:27:12.000,1579,124840
2025-10-22 23:27:12.000,1579,124835
2025-10-22 23:27:12.000,1579,124824
2025-10-22 23:27:12.001,1579,124810
2025-10-22 23:27:13.000,1571,125803
2025-10-22 23:27:13.000,1571,125800
2025-10-22 23:27:13.000,1571,125794
2025-10-22 23:27:13.000,1571,125787
2025-10-22 23:27:13.000,1571,125782
2025-10-22 23:27:13.000,1571,125781
2025-10-22 23:27:13.000,1571,125771
2025-10-22 23:27:13.000,1571,124977
2025-10-22 23:27:13.000,1571,124973
2025-10-22 23:27:13.000,1571,124966
2025-10-22 23:27:14.000,1565,125954
2025-10-22 23:27:14.000,1565,125949
2025-10-22 23:27:14.000,1565,125946
2025-10-22 23:27:14.000,1565,125941
2025-10-22 23:27:14.000,1565,125937
2025-10-22 23:27:14.000,1565,125929
2025-10-22 23:27:14.000,1565,125923
2025-10-22 23:27:14.000,1565,125912
2025-10-22 23:27:14.000,1565,125890
2025-10-22 23:27:14.000,1565,125888
2025-10-22 23:27:15.000,1563,126876
2025-10-22 23:27:15.000,1563,126874
2025-10-22 23:27:15.000,1563,126865
2025-10-22 23:27:15.000,1563,126838
2025-10-22 23:27:15.000,1563,126831
2025-10-22 23:27:15.000,1563,126824
2025-10-22 23:27:15.000,1563,126807
2025-10-22 23:27:15.000,1563,126781
2025-10-22 23:27:15.000,1563,126777
2025-10-22 23:27:15.000,1563,126769
2025-10-22 23:27:16.001,1554,127766
2025-10-22 23:27:16.001,1554,127752
2025-10-22 23:27:16.001,1554,127747
2025-10-22 23:27:16.001,1554,127742
2025-10-22 23:27:16.001,1554,127733
2025-10-22 23:27:16.001,1554,127731
2025-10-22 23:27:16.001,1554,126973
2025-10-22 23:27:16.001,1554,126971
2025-10-22 23:27:16.001,1554,126970
2025-10-22 23:27:16.001,1554,126968
2025-10-22 23:27:17.001,1546,127958
2025-10-22 23:27:17.001,1546,127942
2025-10-22 23:27:17.001,1546,127938
2025-10-22 23:27:17.001,1546,127930
2025-10-22 23:27:17.001,1546,127929
2025-10-22 23:27:17.001,1546,127920
2025-10-22 23:27:17.001,1546,127915
2025-10-22 23:27:17.001,1546,127913
2025-10-22 23:27:17.001,1546,127900
2025-10-22 23:27:17.001,1546,127899
2025-10-22 23:27:18.000,1545,128886
2025-10-22 23:27:18.000,1545,128871
2025-10-22 23:27:18.000,1545,128868
2025-10-22 23:27:18.000,1545,128857
2025-10-22 23:27:18.000,1545,128824
2025-10-22 23:27:18.000,1545,128823
2025-10-22 23:27:18.000,1545,128817
2025-10-22 23:27:18.000,1545,128794
2025-10-22 23:27:18.000,1545,128790
2025-10-22 23:27:18.000,1545,128784
2025-10-22 23:27:19.001,1541,129784
2025-10-22 23:27:19.001,1541,129782
2025-10-22 23:27:19.001,1541,129778
2025-10-22 23:27:19.001,1541,129771
2025-10-22 23:27:19.001,1541,129756
2025-10-22 23:27:19.001,1541,129750
2025-10-22 23:27:19.001,1541,129748
2025-10-22 23:27:19.001,1541,128976
2025-10-22 23:27:19.001,1541,128967
2025-10-22 23:27:19.001,1541,128963
2025-10-22 23:27:20.001,1535,129949
2025-10-22 23:27:20.001,1535,129925
2025-10-22 23:27:20.001,1535,129920
2025-10-22 23:27:20.001,1535,129920
2025-10-22 23:27:20.001,1535,129913
2025-10-22 23:27:20.001,1535,129904
2025-10-22 23:27:20.001,1535,129900
2025-10-22 23:27:20.001,1535,129898
2025-10-22 23:27:20.001,1535,129883
2025-10-22 23:27:20.001,1535,129879
2025-10-22 23:27:21.000,1531,130870
2025-10-22 23:27:21.000,1531,130865
2025-10-22 23:27:21.000,1531,130859
2025-10-22 23:27:21.000,1531,130859
2025-10-22 23:27:21.000,1531,130858
2025-10-22 23:27:21.000,1531,130851
2025-10-22 23:27:21.000,1531,130846
2025-10-22 23:27:21.000,1531,130845
2025-10-22 23:27:21.000,1531,130827
2025-10-22 23:27:21.000,1531,130824
2025-10-22 23:27:22.001,1525,131824
2025-10-22 23:27:22.001,1525,131823
2025-10-22 23:27:22.001,1525,131820
2025-10-22 23:27:22.001,1525,131814
2025-10-22 23:27:22.001,1525,131813
2025-10-22 23:27:22.001,1525,131811
2025-10-22 23:27:22.001,1525,131800
2025-10-22 23:27:22.001,1525,131781
2025-10-22 23:27:22.001,1525,131778
2025-10-22 23:27:22.001,1525,131777
2025-10-22 23:27:23.000,1516,132775
2025-10-22 23:27:23.000,1516,132764
2025-10-22 23:27:23.000,1516,132763
2025-10-22 23:27:23.000,1516,132760
2025-10-22 23:27:23.000,1516,132750
2025-10-22 23:27:23.000,1516,131967
2025-10-22 23:27:23.000,1516,131960
2025-10-22 23:27:23.000,1516,131955
2025-10-22 23:27:23.000,1516,131939
2025-10-22 23:27:23.000,1516,131938
2025-10-22 23:27:24.000,1511,132931
2025-10-22 23:27:24.000,1511,132924
2025-10-22 23:27:24.000,1511,132919
2025-10-22 23:27:24.000,1511,132918
2025-10-22 23:27:24.000,1511,132917
2025-10-22 23:27:24.000,1511,132914
2025-10-22 23:27:24.000,1511,132909
2025-10-22 23:27:24.000,1511,132907
2025-10-22 23:27:24.000,1511,132898
2025-10-22 23:27:24.000,1511,132894
2025-10-22 23:27:25.000,1508,133889
2025-10-22 23:27:25.000,1508,133888
2025-10-22 23:27:25.000,1508,133885
2025-10-22 23:27:25.000,1508,133876
2025-10-22 23:27:25.000,1508,133874
2025-10-22 23:27:25.000,1508,133859
2025-10-22 23:27:25.000,1508,133855
2025-10-22 23:27:25.000,1508,133839
2025-10-22 23:27:25.000,1508,133833
2025-10-22 23:27:25.000,1508,133811
2025-10-22 23:27:26.001,1500,134807
2025-10-22 23:27:26.001,1500,134802
2025-10-22 23:27:26.001,1500,134794
2025-10-22 23:27:26.001,1500,134793
2025-10-22 23:27:26.001,1500,134774
2025-10-22 23:27:26.001,1500,134770
2025-10-22 23:27:26.001,1500,134769
2025-10-22 23:27:26.001,1500,134767
2025-10-22 23:27:26.001,1500,134739
2025-10-22 23:27:26.001,1500,133958
2025-10-22 23:27:27.001,1494,134945
2025-10-22 23:27:27.001,1494,134939
2025-10-22 23:27:27.001,1494,134937
2025-10-22 23:27:27.001,1494,134936
2025-10-22 23:27:27.001,1494,134934
2025-10-22 23:27:27.001,1494,134924
2025-10-22 23:27:27.001,1494,134922
2025-10-22 23:27:27.001,1494,134918
2025-10-22 23:27:27.001,1494,134910
2025-10-22 23:27:27.001,1494,134903
2025-10-22 23:27:28.000,1488,135884
2025-10-22 23:27:28.000,1488,135882
2025-10-22 23:27:28.000,1488,135877
2025-10-22 23:27:28.000,1488,135877
2025-10-22 23:27:28.000,1488,135866
2025-10-22 23:27:28.000,1488,135863
2025-10-22 23:27:28.000,1488,135850
2025-10-22 23:27:28.000,1488,135848
2025-10-22 23:27:28.000,1488,135836
2025-10-22 23:27:28.000,1488,135830
2025-10-22 23:27:29.001,1482,136829
2025-10-22 23:27:29.001,1482,136824
2025-10-22 23:27:29.001,1482,136823
2025-10-22 23:27:29.001,1482,136815
2025-10-22 23:27:29.001,1482,136786
2025-10-22 23:27:29.001,1482,136778
2025-10-22 23:27:29.001,1482,136772
2025-10-22 23:27:29.001,1482,135978
2025-10-22 23:27:29.001,1482,135956
2025-10-22 23:27:29.001,1482,135952
2025-10-22 23:27:30.001,1474,136949
2025-10-22 23:27:30.001,1474,136945
2025-10-22 23:27:30.001,1474,136936
2025-10-22 23:27:30.001,1474,136932
2025-10-22 23:27:30.001,1474,136922
2025-10-22 23:27:30.001,1474,136921
2025-10-22 23:27:30.001,1474,136919
2025-10-22 23:27:30.001,1474,136916
2025-10-22 23:27:30.001,1474,136902
2025-10-22 23:27:30.001,1474,136900
2025-10-22 23:27:31.000,1468,137889
2025-10-22 23:27:31.000,1468,137885
2025-10-22 23:27:31.000,1468,137879
2025-10-22 23:27:31.000,1468,137878
2025-10-22 23:27:31.000,1468,137876
2025-10-22 23:27:31.000,1468,137875
2025-10-22 23:27:31.000,1468,137855
2025-10-22 23:27:31.000,1468,137848
2025-10-22 23:27:31.000,1468,137845
2025-10-22 23:27:31.000,1468,137832
2025-10-22 23:27:32.000,1467,138823
2025-10-22 23:27:32.000,1467,138818
2025-10-22 23:27:32.000,1467,138808
2025-10-22 23:27:32.000,1467,138801
2025-10-22 23:27:32.000,1467,138789
2025-10-22 23:27:32.000,1467,138785
2025-10-22 23:27:32.000,1467,138760
2025-10-22 23:27:32.000,1467,138755
2025-10-22 23:27:32.000,1467,138747
2025-10-22 23:27:32.000,1467,138746
2025-10-22 23:27:33.001,1459,139735
2025-10-22 23:27:33.001,1459,139734
2025-10-22 23:27:33.001,1459,139730
2025-10-22 23:27:33.001,1459,139729
2025-10-22 23:27:33.001,1459,138717
2025-10-22 23:27:33.001,1459,138715
2025-10-22 23:27:33.001,1459,138697
2025-10-22 23:27:33.001,1459,138691
2025-10-22 23:27:33.001,1459,138677
2025-10-22 23:27:33.001,1459,138677
2025-10-22 23:27:34.000,1453,139663
2025-10-22 23:27:34.000,1453,139660
2025-10-22 23:27:34.000,1453,139658
2025-10-22 23:27:34.000,1453,139646
2025-10-22 23:27:34.000,1453,139644
2025-10-22 23:27:34.000,1453,139642
2025-10-22 23:27:34.000,1453,139635
2025-10-22 23:27:34.000,1453,139633
2025-10-22 23:27:34.000,1453,139625
2025-10-22 23:27:34.000,1453,139611
2025-10-22 23:27:35.001,1446,140611
2025-10-22 23:27:35.001,1446,140609
2025-10-22 23:27:35.001,1446,140607
2025-10-22 23:27:35.001,1446,140606
2025-10-22 23:27:35.001,1446,140605
2025-10-22 23:27:35.001,1446,140605
2025-10-22 23:27:35.001,1446,140602
2025-10-22 23:27:35.001,1446,140598
2025-10-22 23:27:35.001,1446,140596
2025-10-22 23:27:35.001,1446,140587
2025-10-22 23:27:36.000,1439,141577
2025-10-22 23:27:36.000,1439,141576
2025-10-22 23:27:36.000,1439,141566
2025-10-22 23:27:36.000,1439,141559
2025-10-22 23:27:36.000,1439,141556
2025-10-22 23:27:36.000,1439,141548
2025-10-22 23:27:36.000,1439,141542
2025-10-22 23:27:36.000,1439,140697
2025-10-22 23:27:36.000,1439,140690
2025-10-22 23:27:36.000,1439,140689
2025-10-22 23:27:37.000,1433,141687
2025-10-22 23:27:37.000,1433,141684
2025-10-22 23:27:37.000,1433,141682
2025-10-22 23:27:37.000,1433,141681
2025-10-22 23:27:37.000,1433,141671
2025-10-22 23:27:37.000,1433,141668
2025-10-22 23:27:37.000,1433,141661
2025-10-22 23:27:37.000,1433,141654
2025-10-22 23:27:37.000,1433,141653
2025-10-22 23:27:37.000,1433,141617
2025-10-22 23:27:38.001,1425,142616
2025-10-22 23:27:38.001,1425,142608
2025-10-22 23:27:38.001,1425,142605
2025-10-22 23:27:38.001,1425,142600
2025-10-22 23:27:38.001,1425,142597
2025-10-22 23:27:38.001,1425,142594
2025-10-22 23:27:38.001,1425,142583
2025-10-22 23:27:38.001,1425,142581
2025-10-22 23:27:38.001,1425,142580
2025-10-22 23:27:38.001,1425,142555
2025-10-22 23:27:39.000,1419,143553
2025-10-22 23:27:39.000,1419,143545
2025-10-22 23:27:39.000,1419,143539
2025-10-22 23:27:39.000,1419,142708
2025-10-22 23:27:39.000,1419,142702
2025-10-22 23:27:39.000,1419,142697
2025-10-22 23:27:39.000,1419,142696
2025-10-22 23:27:39.000,1419,142652
2025-10-22 23:27:39.000,1419,142651
2025-10-22 23:27:39.000,1419,142649
2025-10-22 23:27:40.000,1411,143637
2025-10-22 23:27:40.000,1411,143627
2025-10-22 23:27:40.000,1411,143621
2025-10-22 23:27:40.000,1411,143604
2025-10-22 23:27:40.000,1411,143603
2025-10-22 23:27:40.000,1411,143577
2025-10-22 23:27:40.000,1411,143565
2025-10-22 23:27:40.000,1411,143562
2025-10-22 23:27:40.000,1411,143561
2025-10-22 23:27:40.000,1411,143543
2025-10-22 23:27:41.000,1403,144518
2025-10-22 23:27:41.000,1403,144514
2025-10-22 23:27:41.000,1403,143713
2025-10-22 23:27:41.000,1403,143709
2025-10-22 23:27:41.000,1403,143697
2025-10-22 23:27:41.000,1403,143682
2025-10-22 23:27:41.000,1403,143679
2025-10-22 23:27:41.000,1403,143675
2025-10-22 23:27:41.000,1403,143649
2025-10-22 23:27:41.000,1403,143643
2025-10-22 23:27:42.001,1395,144643
2025-10-22 23:27:42.001,1395,144642
2025-10-22 23:27:42.001,1395,144634
2025-10-22 23:27:42.001,1395,144632
2025-10-22 23:27:42.001,1395,144631
2025-10-22 23:27:42.001,1395,144629
2025-10-22 23:27:42.001,1395,144617
2025-10-22 23:27:42.001,1395,144603
2025-10-22 23:27:42.001,1395,144597
2025-10-22 23:27:42.001,1395,144596
2025-10-22 23:27:43.000,1388,145591
2025-10-22 23:27:43.000,1388,145586
2025-10-22 23:27:43.000,1388,145584
2025-10-22 23:27:43.000,1388,145581
2025-10-22 23:27:43.000,1388,145576
2025-10-22 23:27:43.000,1388,145567
2025-10-22 23:27:43.000,1388,145565
2025-10-22 23:27:43.000,1388,145558
2025-10-22 23:27:43.000,1388,145557
2025-10-22 23:27:43.000,1388,145556
2025-10-22 23:27:44.001,1383,145722
2025-10-22 23:27:44.001,1383,145697
2025-10-22 23:27:44.001,1383,145683
2025-10-22 23:27:44.001,1383,145682
2025-10-22 23:27:44.001,1383,145680
2025-10-22 23:27:44.001,1383,145678
2025-10-22 23:27:44.001,1383,145660
2025-10-22 23:27:44.001,1383,145655
2025-10-22 23:27:44.001,1383,145651
2025-10-22 23:27:44.001,1383,145650
2025-10-22 23:27:45.000,1375,146648
2025-10-22 23:27:45.000,1375,146640
2025-10-22 23:27:45.000,1375,146639
2025-10-22 23:27:45.000,1375,146637
2025-10-22 23:27:45.000,1375,146633
2025-10-22 23:27:45.000,1375,146623
2025-10-22 23:27:45.000,1375,146619
2025-10-22 23:27:45.000,1375,146606
2025-10-22 23:27:45.000,1375,146592
2025-10-22 23:27:45.000,1375,146584
2025-10-22 23:27:46.000,1371,147578
2025-10-22 23:27:46.000,1371,147559
2025-10-22 23:27:46.001,1371,147558
2025-10-22 23:27:46.001,1371,147553
2025-10-22 23:27:46.001,1371,147553
2025-10-22 23:27:46.001,1371,147550
2025-10-22 23:27:46.001,1371,147543
2025-10-22 23:27:46.001,1371,147541
2025-10-22 23:27:46.001,1371,146718
2025-10-22 23:27:46.001,1371,146713
2025-10-22 23:27:47.000,1363,147704
2025-10-22 23:27:47.000,1363,147700
2025-10-22 23:27:47.000,1363,147690
2025-10-22 23:27:47.000,1363,147684
2025-10-22 23:27:47.000,1363,147674
2025-10-22 23:27:47.000,1363,147673
2025-10-22 23:27:47.000,1363,147671
2025-10-22 23:27:47.000,1363,147668
2025-10-22 23:27:47.000,1363,147667
2025-10-22 23:27:47.000,1363,147660
2025-10-22 23:27:48.001,1356,148636
2025-10-22 23:27:48.001,1356,148635
2025-10-22 23:27:48.001,1356,148618
2025-10-22 23:27:48.001,1356,148603
2025-10-22 23:27:48.001,1356,148602
2025-10-22 23:27:48.001,1356,148595
2025-10-22 23:27:48.001,1356,148581
2025-10-22 23:27:48.001,1356,148578
2025-10-22 23:27:48.001,1356,148571
2025-10-22 23:27:48.001,1356,148553
2025-10-22 23:27:49.000,1350,149535
2025-10-22 23:27:49.000,1350,148721
2025-10-22 23:27:49.000,1350,148718
2025-10-22 23:27:49.000,1350,148716
2025-10-22 23:27:49.000,1350,148689
2025-10-22 23:27:49.000,1350,148681
2025-10-22 23:27:49.000,1350,148677
2025-10-22 23:27:49.000,1350,148674
2025-10-22 23:27:49.000,1350,148672
2025-10-22 23:27:49.000,1350,148658
2025-10-22 23:27:50.000,1343,149652
2025-10-22 23:27:50.000,1343,149650
2025-10-22 23:27:50.000,1343,149645
2025-10-22 23:27:50.000,1343,149645
2025-10-22 23:27:50.000,1343,149634
2025-10-22 23:27:50.000,1343,149629
2025-10-22 23:27:50.000,1343,149604
2025-10-22 23:27:50.000,1343,149601
2025-10-22 23:27:50.001,1343,149595
2025-10-22 23:27:50.001,1343,149594
2025-10-22 23:27:51.000,1337,150587
2025-10-22 23:27:51.000,1337,150585
2025-10-22 23:27:51.000,1337,150567
2025-10-22 23:27:51.000,1337,150554
2025-10-22 23:27:51.000,1337,150550
2025-10-22 23:27:51.000,1337,149706
2025-10-22 23:27:51.000,1337,149703
2025-10-22 23:27:51.000,1337,149698
2025-10-22 23:27:51.000,1337,149698
2025-10-22 23:27:51.000,1337,149690
2025-10-22 23:27:52.001,1332,150686
2025-10-22 23:27:52.001,1332,150684
2025-10-22 23:27:52.001,1332,150676
2025-10-22 23:27:52.001,1332,150675
2025-10-22 23:27:52.001,1332,150664
2025-10-22 23:27:52.001,1332,150654
2025-10-22 23:27:52.001,1332,150653
2025-10-22 23:27:52.001,1332,150633
2025-10-22 23:27:52.001,1332,150622
2025-10-22 23:27:52.001,1332,150620
2025-10-22 23:27:53.000,1331,151611
2025-10-22 23:27:53.000,1331,151607
2025-10-22 23:27:53.000,1331,151597
2025-10-22 23:27:53.000,1331,151560
2025-10-22 23:27:53.000,1331,151545
2025-10-22 23:27:53.000,1331,150715
2025-10-22 23:27:53.000,1331,150709
2025-10-22 23:27:53.000,1331,150688
2025-10-22 23:27:53.000,1331,150682
2025-10-22 23:27:53.000,1331,150679
2025-10-22 23:27:54.000,1324,151676
2025-10-22 23:27:54.000,1324,151670
2025-10-22 23:27:54.000,1324,151659
2025-10-22 23:27:54.000,1324,151652
2025-10-22 23:27:54.000,1324,151629
2025-10-22 23:27:54.000,1324,151627
2025-10-22 23:27:54.000,1324,151623
2025-10-22 23:27:54.000,1324,151603
2025-10-22 23:27:54.000,1324,151596
2025-10-22 23:27:54.000,1324,151572
2025-10-22 23:27:55.001,1319,152571
2025-10-22 23:27:55.001,1319,152570
2025-10-22 23:27:55.001,1319,152563
2025-10-22 23:27:55.001,1319,152559
2025-10-22 23:27:55.001,1319,152554
2025-10-22 23:27:55.001,1319,152548
2025-10-22 23:27:55.001,1319,152547
2025-10-22 23:27:55.001,1319,151719
2025-10-22 23:27:55.001,1319,151715
2025-10-22 23:27:55.001,1319,151713
2025-10-22 23:27:56.000,1313,152709
2025-10-22 23:27:56.000,1313,152694
2025-10-22 23:27:56.000,1313,152687
2025-10-22 23:27:56.000,1313,152685
2025-10-22 23:27:56.000,1313,152680
2025-10-22 23:27:56.000,1313,152675
2025-10-22 23:27:56.000,1313,152668
2025-10-22 23:27:56.000,1313,152667
2025-10-22 23:27:56.000,1313,152662
2025-10-22 23:27:56.000,1313,152659
2025-10-22 23:27:57.000,1306,153644
2025-10-22 23:27:57.000,1306,153624
2025-10-22 23:27:57.000,1306,153621
2025-10-22 23:27:57.000,1306,153617
2025-10-22 23:27:57.000,1306,153609
2025-10-22 23:27:57.000,1306,153607
2025-10-22 23:27:57.000,1306,153605
2025-10-22 23:27:57.000,1306,153594
2025-10-22 23:27:57.000,1306,153590
2025-10-22 23:27:57.000,1306,153589
2025-10-22 23:27:58.001,1299,154590
2025-10-22 23:27:58.001,1299,154581
2025-10-22 23:27:58.001,1299,154578
2025-10-22 23:27:58.001,1299,154555
2025-10-22 23:27:58.001,1299,154554
2025-10-22 23:27:58.001,1299,154549
2025-10-22 23:27:58.001,1299,154549
2025-10-22 23:27:58.001,1299,154540
2025-10-22 23:27:58.001,1299,153696
2025-10-22 23:27:58.001,1299,153689
2025-10-22 23:27:59.000,1294,154680
2025-10-22 23:27:59.000,1294,154668
2025-10-22 23:27:59.000,1294,154660
2025-10-22 23:27:59.000,1294,154643
2025-10-22 23:27:59.000,1294,154629
2025-10-22 23:27:59.000,1294,154620
2025-10-22 23:27:59.000,1294,154617
2025-10-22 23:27:59.000,1294,154612
2025-10-22 23:27:59.000,1294,154606
2025-10-22 23:27:59.000,1294,154591
2025-10-22 23:28:00.000,1291,155588
2025-10-22 23:28:00.000,1291,155584
2025-10-22 23:28:00.000,1291,155572
2025-10-22 23:28:00.000,1291,155568
2025-10-22 23:28:00.000,1291,155556
2025-10-22 23:28:00.000,1291,155543
2025-10-22 23:28:00.000,1291,155540
2025-10-22 23:28:00.000,1291,155525
2025-10-22 23:28:00.000,1291,155524
2025-10-22 23:28:00.000,1291,154711
2025-10-22 23:28:01.001,1286,155706
2025-10-22 23:28:01.001,1286,155701
2025-10-22 23:28:01.001,1286,155697
2025-10-22 23:28:01.001,1286,155693
2025-10-22 23:28:01.001,1286,155678
2025-10-22 23:28:01.001,1286,155670
2025-10-22 23:28:01.001,1286,155667
2025-10-22 23:28:01.002,1286,155663
2025-10-22 23:28:01.002,1286,155649
2025-10-22 23:28:01.002,1286,155649
2025-10-22 23:28:02.000,1281,156645
2025-10-22 23:28:02.000,1281,156637
2025-10-22 23:28:02.000,1281,156634
2025-10-22 23:28:02.000,1281,156633
2025-10-22 23:28:02.000,1281,156631
2025-10-22 23:28:02.000,1281,156622
2025-10-22 23:28:02.000,1281,156581
2025-10-22 23:28:02.000,1281,156574
2025-10-22 23:28:02.000,1281,156560
2025-10-22 23:28:02.000,1281,156559
2025-10-22 23:28:03.001,1275,157559
2025-10-22 23:28:03.001,1275,157553
2025-10-22 23:28:03.001,1275,157540
2025-10-22 23:28:03.001,1275,157538
2025-10-22 23:28:03.001,1275,157527
2025-10-22 23:28:03.001,1275,157521
2025-10-22 23:28:03.001,1275,156715
2025-10-22 23:28:03.001,1275,156706
2025-10-22 23:28:03.001,1275,156701
2025-10-22 23:28:03.001,1275,156694
2025-10-22 23:28:04.000,1267,157691
2025-10-22 23:28:04.000,1267,157689
2025-10-22 23:28:04.000,1267,157684
2025-10-22 23:28:04.000,1267,157679
2025-10-22 23:28:04.000,1267,157671
2025-10-22 23:28:04.000,1267,157669
2025-10-22 23:28:04.000,1267,157665
2025-10-22 23:28:04.000,1267,157665
2025-10-22 23:28:04.000,1267,157659
2025-10-22 23:28:04.000,1267,157646
2025-10-22 23:28:05.000,1265,158644
2025-10-22 23:28:05.000,1265,158643
2025-10-22 23:28:05.000,1265,158641
2025-10-22 23:28:05.000,1265,158639
2025-10-22 23:28:05.000,1265,158636
2025-10-22 23:28:05.000,1265,158619
2025-10-22 23:28:05.000,1265,158611
2025-10-22 23:28:05.000,1265,158608
2025-10-22 23:28:05.000,1265,158595
2025-10-22 23:28:05.000,1265,158586
2025-10-22 23:28:06.001,1262,159568
2025-10-22 23:28:06.001,1262,159567
2025-10-22 23:28:06.001,1262,159565
2025-10-22 23:28:06.001,1262,159553
2025-10-22 23:28:06.001,1262,159537
2025-10-22 23:28:06.001,1262,159535
2025-10-22 23:28:06.001,1262,158712
2025-10-22 23:28:06.001,1262,158708
2025-10-22 23:28:06.001,1262,158705
2025-10-22 23:28:06.001,1262,158704
2025-10-22 23:28:07.000,1257,159702
2025-10-22 23:28:07.000,1257,159685
2025-10-22 23:28:07.000,1257,159680
2025-10-22 23:28:07.000,1257,159680
2025-10-22 23:28:07.000,1257,159675
2025-10-22 23:28:07.000,1257,159668
2025-10-22 23:28:07.000,1257,159661
2025-10-22 23:28:07.000,1257,159642
2025-10-22 23:28:07.000,1257,159638
2025-10-22 23:28:07.001,1257,159616
2025-10-22 23:28:08.000,1255,160614
2025-10-22 23:28:08.000,1255,160606
2025-10-22 23:28:08.000,1255,160605
2025-10-22 23:28:08.000,1255,160603
2025-10-22 23:28:08.000,1255,160600
2025-10-22 23:28:08.000,1255,160599
2025-10-22 23:28:08.000,1255,160598
2025-10-22 23:28:08.000,1255,160596
2025-10-22 23:28:08.000,1255,160593
2025-10-22 23:28:08.000,1255,160586
2025-10-22 23:28:09.001,1251,161576
2025-10-22 23:28:09.001,1251,161574
2025-10-22 23:28:09.001,1251,161573
2025-10-22 23:28:09.001,1251,161571
2025-10-22 23:28:09.001,1251,161554
2025-10-22 23:28:09.001,1251,161543
2025-10-22 23:28:09.001,1251,160719
2025-10-22 23:28:09.001,1251,160713
2025-10-22 23:28:09.001,1251,160700
2025-10-22 23:28:09.001,1251,160697
2025-10-22 23:28:10.000,1246,161677
2025-10-22 23:28:10.000,1246,161673
2025-10-22 23:28:10.000,1246,161671
2025-10-22 23:28:10.000,1246,161663
2025-10-22 23:28:10.000,1246,161660
2025-10-22 23:28:10.000,1246,161656
2025-10-22 23:28:10.000,1246,161649
2025-10-22 23:28:10.000,1246,161647
2025-10-22 23:28:10.000,1246,161636
2025-10-22 23:28:10.000,1246,161634
2025-10-22 23:28:11.001,1241,162634
2025-10-22 23:28:11.001,1241,162633
2025-10-22 23:28:11.001,1241,162603
2025-10-22 23:28:11.001,1241,162587
2025-10-22 23:28:11.001,1241,162583
2025-10-22 23:28:11.001,1241,162582
2025-10-22 23:28:11.001,1241,162561
2025-10-22 23:28:11.001,1241,161721
2025-10-22 23:28:11.001,1241,161674
2025-10-22 23:28:11.001,1241,161669
2025-10-22 23:28:12.000,1236,162666
2025-10-22 23:28:12.000,1236,162646
2025-10-22 23:28:12.000,1236,162641
2025-10-22 23:28:12.000,1236,162627
2025-10-22 23:28:12.000,1236,162624
2025-10-22 23:28:12.000,1236,162622
2025-10-22 23:28:12.000,1236,162618
2025-10-22 23:28:12.000,1236,162604
2025-10-22 23:28:12.000,1236,162603
2025-10-22 23:28:12.000,1236,162597
2025-10-22 23:28:13.001,1227,163587
2025-10-22 23:28:13.001,1227,163580
2025-10-22 23:28:13.001,1227,163578
2025-10-22 23:28:13.001,1227,163574
2025-10-22 23:28:13.001,1227,163561
2025-10-22 23:28:13.001,1227,163561
2025-10-22 23:28:13.001,1227,163555
2025-10-22 23:28:13.001,1227,163552
2025-10-22 23:28:13.001,1227,163541
2025-10-22 23:28:13.001,1227,162709
2025-10-22 23:28:14.000,1218,163697
2025-10-22 23:28:14.000,1218,163694
2025-10-22 23:28:14.000,1218,163679
2025-10-22 23:28:14.000,1218,163676
2025-10-22 23:28:14.000,1218,163667
2025-10-22 23:28:14.000,1218,163662
2025-10-22 23:28:14.000,1218,163660
2025-10-22 23:28:14.000,1218,163658
2025-10-22 23:28:14.000,1218,163657
2025-10-22 23:28:14.000,1218,163655
2025-10-22 23:28:15.001,1209,164646
2025-10-22 23:28:15.001,1209,164644
2025-10-22 23:28:15.001,1209,164635
2025-10-22 23:28:15.001,1209,164630
2025-10-22 23:28:15.001,1209,164622
2025-10-22 23:28:15.001,1209,164611
2025-10-22 23:28:15.001,1209,164593
2025-10-22 23:28:15.001,1209,164589
2025-10-22 23:28:15.001,1209,164570
2025-10-22 23:28:15.001,1209,164566
2025-10-22 23:28:16.000,1203,165561
2025-10-22 23:28:16.000,1203,165546
2025-10-22 23:28:16.000,1203,165539
2025-10-22 23:28:16.000,1203,165537
2025-10-22 23:28:16.000,1203,165529
2025-10-22 23:28:16.000,1203,165519
2025-10-22 23:28:16.000,1203,164710
2025-10-22 23:28:16.000,1203,164703
2025-10-22 23:28:16.000,1203,164697
2025-10-22 23:28:16.000,1203,164691
2025-10-22 23:28:17.001,1197,165687
2025-10-22 23:28:17.001,1197,165686
2025-10-22 23:28:17.001,1197,165672
2025-10-22 23:28:17.001,1197,165657
2025-10-22 23:28:17.001,1197,165640
2025-10-22 23:28:17.001,1197,165636
2025-10-22 23:28:17.001,1197,165622
2025-10-22 23:28:17.001,1197,165612
2025-10-22 23:28:17.001,1197,165612
2025-10-22 23:28:17.001,1197,165598
2025-10-22 23:28:18.000,1189,166596
2025-10-22 23:28:18.000,1189,166592
2025-10-22 23:28:18.000,1189,166591
2025-10-22 23:28:18.000,1189,166582
2025-10-22 23:28:18.000,1189,166558
2025-10-22 23:28:18.000,1189,166540
2025-10-22 23:28:18.000,1189,166535
2025-10-22 23:28:18.000,1189,166524
2025-10-22 23:28:18.000,1189,166519
2025-10-22 23:28:18.000,1189,165720
2025-10-22 23:28:19.000,1182,166715
2025-10-22 23:28:19.000,1182,166709
2025-10-22 23:28:19.000,1182,166698
2025-10-22 23:28:19.000,1182,166687
2025-10-22 23:28:19.000,1182,166680
2025-10-22 23:28:19.000,1182,166677
2025-10-22 23:28:19.000,1182,166674
2025-10-22 23:28:19.000,1182,166672
2025-10-22 23:28:19.000,1182,166651
2025-10-22 23:28:19.000,1182,166648
2025-10-22 23:28:20.001,1178,167647
2025-10-22 23:28:20.001,1178,167626
2025-10-22 23:28:20.001,1178,167625
2025-10-22 23:28:20.001,1178,167622
2025-10-22 23:28:20.001,1178,167619
2025-10-22 23:28:20.001,1178,167600
2025-10-22 23:28:20.001,1178,167599
2025-10-22 23:28:20.001,1178,167597
2025-10-22 23:28:20.001,1178,167595
2025-10-22 23:28:20.001,1178,167593
2025-10-22 23:28:21.000,1173,168591
2025-10-22 23:28:21.000,1173,168560
2025-10-22 23:28:21.000,1173,168556
2025-10-22 23:28:21.000,1173,167718
2025-10-22 23:28:21.000,1173,167683
2025-10-22 23:28:21.000,1173,167680
2025-10-22 23:28:21.000,1173,167673
2025-10-22 23:28:21.000,1173,167669
2025-10-22 23:28:21.000,1173,167663
2025-10-22 23:28:21.000,1173,167659
2025-10-22 23:28:22.000,1165,168658
2025-10-22 23:28:22.000,1165,168655
2025-10-22 23:28:22.000,1165,168650
2025-10-22 23:28:22.000,1165,168644
2025-10-22 23:28:22.000,1165,168644
2025-10-22 23:28:22.000,1165,168643
2025-10-22 23:28:22.000,1165,168642
2025-10-22 23:28:22.000,1165,168627
2025-10-22 23:28:22.000,1165,168620
2025-10-22 23:28:22.000,1165,168609
2025-10-22 23:28:23.000,1158,169605
2025-10-22 23:28:23.000,1158,169601
2025-10-22 23:28:23.000,1158,169597
2025-10-22 23:28:23.000,1158,169585
2025-10-22 23:28:23.000,1158,169573
2025-10-22 23:28:23.001,1158,169572
2025-10-22 23:28:23.001,1158,169549
2025-10-22 23:28:23.001,1158,168538
2025-10-22 23:28:23.001,1158,168519
2025-10-22 23:28:23.001,1158,168500
2025-10-22 23:28:24.000,1153,169496
2025-10-22 23:28:24.000,1153,169493
2025-10-22 23:28:24.000,1153,169490
2025-10-22 23:28:24.000,1153,169485
2025-10-22 23:28:24.000,1153,169482
2025-10-22 23:28:24.000,1153,169479
2025-10-22 23:28:24.000,1153,169470
2025-10-22 23:28:24.000,1153,169465
2025-10-22 23:28:24.000,1153,169464
2025-10-22 23:28:24.000,1153,169455
2025-10-22 23:28:25.000,1150,170449
2025-10-22 23:28:25.000,1150,170432
2025-10-22 23:28:25.001,1150,170428
2025-10-22 23:28:25.001,1150,169524
2025-10-22 23:28:25.001,1150,169524
2025-10-22 23:28:25.001,1150,169517
2025-10-22 23:28:25.001,1150,169512
2025-10-22 23:28:25.001,1150,169510
2025-10-22 23:28:25.001,1150,169504
2025-10-22 23:28:25.001,1150,169502
2025-10-22 23:28:26.000,1141,170481
2025-10-22 23:28:26.000,1141,170478
2025-10-22 23:28:26.000,1141,170472
2025-10-22 23:28:26.000,1141,170469
2025-10-22 23:28:26.000,1141,170442
2025-10-22 23:28:26.000,1141,170436
2025-10-22 23:28:26.000,1141,170435
2025-10-22 23:28:26.000,1141,169542
2025-10-22 23:28:26.000,1141,169531
2025-10-22 23:28:26.000,1141,169529
2025-10-22 23:28:27.000,1136,170487
2025-10-22 23:28:27.000,1136,170478
2025-10-22 23:28:27.000,1136,170467
2025-10-22 23:28:27.000,1136,170465
2025-10-22 23:28:27.000,1136,170459
2025-10-22 23:28:27.000,1136,170456
2025-10-22 23:28:27.000,1136,170417
2025-10-22 23:28:27.000,1136,170416
2025-10-22 23:28:27.000,1136,170410
2025-10-22 23:28:27.000,1136,170400
2025-10-22 23:28:28.001,1129,170542
2025-10-22 23:28:28.001,1129,170514
2025-10-22 23:28:28.001,1129,170512
2025-10-22 23:28:28.001,1129,170510
2025-10-22 23:28:28.001,1129,170502
2025-10-22 23:28:28.001,1129,170501
2025-10-22 23:28:28.001,1129,170491
2025-10-22 23:28:28.001,1129,170487
2025-10-22 23:28:28.001,1129,170485
2025-10-22 23:28:28.001,1129,170483
2025-10-22 23:28:29.000,1123,171478
2025-10-22 23:28:29.000,1123,171474
2025-10-22 23:28:29.000,1123,171462
2025-10-22 23:28:29.000,1123,171438
2025-10-22 23:28:29.000,1123,171434
2025-10-22 23:28:29.000,1123,171430
2025-10-22 23:28:29.000,1123,171426
2025-10-22 23:28:29.000,1123,171422
2025-10-22 23:28:29.000,1123,170546
2025-10-22 23:28:29.000,1123,170536
2025-10-22 23:28:30.001,1116,171536
2025-10-22 23:28:30.001,1116,171534
2025-10-22 23:28:30.001,1116,171531
2025-10-22 23:28:30.001,1116,171525
2025-10-22 23:28:30.001,1116,171523
2025-10-22 23:28:30.001,1116,171520
2025-10-22 23:28:30.001,1116,171519
2025-10-22 23:28:30.001,1116,171494
2025-10-22 23:28:30.001,1116,171482
2025-10-22 23:28:30.001,1116,171480
2025-10-22 23:28:31.000,1108,172476
2025-10-22 23:28:31.000,1108,172459
2025-10-22 23:28:31.000,1108,172449
2025-10-22 23:28:31.000,1108,172447
2025-10-22 23:28:31.000,1108,172446
2025-10-22 23:28:31.000,1108,172435
2025-10-22 23:28:31.000,1108,172428
2025-10-22 23:28:31.000,1108,171543
2025-10-22 23:28:31.000,1108,171533
2025-10-22 23:28:31.000,1108,171527
2025-10-22 23:28:32.001,1102,172527
2025-10-22 23:28:32.001,1102,172511
2025-10-22 23:28:32.001,1102,172509
2025-10-22 23:28:32.001,1102,172497
2025-10-22 23:28:32.001,1102,172484
2025-10-22 23:28:32.001,1102,172482
2025-10-22 23:28:32.001,1102,172478
2025-10-22 23:28:32.001,1102,172453
2025-10-22 23:28:32.001,1102,172434
2025-10-22 23:28:32.001,1102,171537
2025-10-22 23:28:33.000,1099,172529
2025-10-22 23:28:33.000,1099,172523
2025-10-22 23:28:33.000,1099,172520
2025-10-22 23:28:33.000,1099,172517
2025-10-22 23:28:33.000,1099,172515
2025-10-22 23:28:33.000,1099,172506
2025-10-22 23:28:33.000,1099,172491
2025-10-22 23:28:33.000,1099,172476
2025-10-22 23:28:33.000,1099,172475
2025-10-22 23:28:33.000,1099,172459
2025-10-22 23:28:34.001,1094,173455
2025-10-22 23:28:34.001,1094,173454
2025-10-22 23:28:34.001,1094,173443
2025-10-22 23:28:34.001,1094,173439
2025-10-22 23:28:34.001,1094,173429
2025-10-22 23:28:34.001,1094,173412
2025-10-22 23:28:34.001,1094,172543
2025-10-22 23:28:34.001,1094,172541
2025-10-22 23:28:34.001,1094,172527
2025-10-22 23:28:34.001,1094,172518
2025-10-22 23:28:35.000,1091,173500
2025-10-22 23:28:35.000,1091,173486
2025-10-22 23:28:35.000,1091,173472
2025-10-22 23:28:35.000,1091,173456
2025-10-22 23:28:35.000,1091,173452
2025-10-22 23:28:35.000,1091,173447
2025-10-22 23:28:35.000,1091,173443
2025-10-22 23:28:35.000,1091,173440
2025-10-22 23:28:35.000,1091,173434
2025-10-22 23:28:35.000,1091,173430
2025-10-22 23:28:36.001,1086,174423
2025-10-22 23:28:36.001,1086,174419
2025-10-22 23:28:36.001,1086,174417
2025-10-22 23:28:36.001,1086,173536
2025-10-22 23:28:36.001,1086,173525
2025-10-22 23:28:36.001,1086,173525
2025-10-22 23:28:36.001,1086,173522
2025-10-22 23:28:36.001,1086,173521
2025-10-22 23:28:36.001,1086,173499
2025-10-22 23:28:36.001,1086,173498
2025-10-22 23:28:37.001,1082,174485
2025-10-22 23:28:37.001,1082,174470
2025-10-22 23:28:37.001,1082,174469
2025-10-22 23:28:37.001,1082,174463
2025-10-22 23:28:37.001,1082,174456
2025-10-22 23:28:37.001,1082,174453
2025-10-22 23:28:37.001,1082,174421
2025-10-22 23:28:37.001,1082,174420
2025-10-22 23:28:37.001,1082,174419
2025-10-22 23:28:37.001,1082,173510
2025-10-22 23:28:38.000,1076,174508
2025-10-22 23:28:38.000,1076,174506
2025-10-22 23:28:38.000,1076,174503
2025-10-22 23:28:38.000,1076,174496
2025-10-22 23:28:38.000,1076,174494
2025-10-22 23:28:38.000,1076,174481
2025-10-22 23:28:38.000,1076,174463
2025-10-22 23:28:38.000,1076,174448
2025-10-22 23:28:38.000,1076,174447
2025-10-22 23:28:38.000,1076,174446
2025-10-22 23:28:39.001,1070,175444
2025-10-22 23:28:39.001,1070,175434
2025-10-22 23:28:39.001,1070,175418
2025-10-22 23:28:39.001,1070,174527
2025-10-22 23:28:39.001,1070,174503
2025-10-22 23:28:39.001,1070,174489
2025-10-22 23:28:39.001,1070,174486
2025-10-22 23:28:39.001,1070,174482
2025-10-22 23:28:39.001,1070,174482
2025-10-22 23:28:39.001,1070,174468
2025-10-22 23:28:40.000,1063,175462
2025-10-22 23:28:40.000,1063,175457
2025-10-22 23:28:40.000,1063,175455
2025-10-22 23:28:40.000,1063,175451
2025-10-22 23:28:40.000,1063,175433
2025-10-22 23:28:40.000,1063,174536
2025-10-22 23:28:40.000,1063,174534
2025-10-22 23:28:40.000,1063,174526
2025-10-22 23:28:40.000,1063,174517
2025-10-22 23:28:40.000,1063,174517
2025-10-22 23:28:41.000,1058,175495
2025-10-22 23:28:41.000,1058,175494
2025-10-22 23:28:41.000,1058,175490
2025-10-22 23:28:41.000,1058,175482
2025-10-22 23:28:41.000,1058,175464
2025-10-22 23:28:41.000,1058,175458
2025-10-22 23:28:41.000,1058,175443
2025-10-22 23:28:41.000,1058,175441
2025-10-22 23:28:41.000,1058,175438
2025-10-22 23:28:41.000,1058,175435
2025-10-22 23:28:42.001,1051,176435
2025-10-22 23:28:42.001,1051,176432
2025-10-22 23:28:42.001,1051,175529
2025-10-22 23:28:42.001,1051,175526
2025-10-22 23:28:42.001,1051,175511
2025-10-22 23:28:42.001,1051,175492
2025-10-22 23:28:42.001,1051,175488
2025-10-22 23:28:42.001,1051,175480
2025-10-22 23:28:42.001,1051,175462
2025-10-22 23:28:42.001,1051,175445
2025-10-22 23:28:43.000,1048,176435
2025-10-22 23:28:43.000,1048,176426
2025-10-22 23:28:43.000,1048,176420
2025-10-22 23:28:43.000,1048,176411
2025-10-22 23:28:43.000,1048,176409
2025-10-22 23:28:43.000,1048,175541
2025-10-22 23:28:43.000,1048,175532
2025-10-22 23:28:43.000,1048,175527
2025-10-22 23:28:43.000,1048,175513
2025-10-22 23:28:43.000,1048,175509
2025-10-22 23:28:44.001,1043,176482
2025-10-22 23:28:44.001,1043,176476
2025-10-22 23:28:44.001,1043,176454
2025-10-22 23:28:44.001,1043,176452
2025-10-22 23:28:44.001,1043,176428
2025-10-22 23:28:44.001,1043,176427
2025-10-22 23:28:44.001,1043,176419
2025-10-22 23:28:44.001,1043,176409
2025-10-22 23:28:44.001,1043,175536
2025-10-22 23:28:44.001,1043,175530
2025-10-22 23:28:45.001,1040,176520
2025-10-22 23:28:45.001,1040,176514
2025-10-22 23:28:45.001,1040,176510
2025-10-22 23:28:45.001,1040,176507
2025-10-22 23:28:45.001,1040,176505
2025-10-22 23:28:45.001,1040,176496
2025-10-22 23:28:45.001,1040,176488
2025-10-22 23:28:45.001,1040,176483
2025-10-22 23:28:45.001,1040,176472
2025-10-22 23:28:45.001,1040,176460
2025-10-22 23:28:46.000,1033,177454
2025-10-22 23:28:46.000,1033,177440
2025-10-22 23:28:46.000,1033,177437
2025-10-22 23:28:46.000,1033,177430
2025-10-22 23:28:46.000,1033,177428
2025-10-22 23:28:46.000,1033,177423
2025-10-22 23:28:46.000,1033,177422
2025-10-22 23:28:46.000,1033,176546
2025-10-22 23:28:46.000,1033,176543
2025-10-22 23:28:46.000,1033,176542
2025-10-22 23:28:47.000,1027,177537
2025-10-22 23:28:47.000,1027,177536
2025-10-22 23:28:47.000,1027,177534
2025-10-22 23:28:47.000,1027,177523
2025-10-22 23:28:47.000,1027,177514
2025-10-22 23:28:47.000,1027,177510
2025-10-22 23:28:47.000,1027,177496
2025-10-22 23:28:47.000,1027,177493
2025-10-22 23:28:47.000,1027,177490
2025-10-22 23:28:47.000,1027,177465
2025-10-22 23:28:48.000,1024,178463
2025-10-22 23:28:48.000,1024,178448
2025-10-22 23:28:48.000,1024,178440
2025-10-22 23:28:48.000,1024,178436
2025-10-22 23:28:48.000,1024,177530
2025-10-22 23:28:48.000,1024,177529
2025-10-22 23:28:48.000,1024,177521
2025-10-22 23:28:48.000,1024,177518
2025-10-22 23:28:48.000,1024,177517
2025-10-22 23:28:48.000,1024,177510
2025-10-22 23:28:49.001,1018,178493
2025-10-22 23:28:49.001,1018,178467
2025-10-22 23:28:49.001,1018,178462
2025-10-22 23:28:49.001,1018,178461
2025-10-22 23:28:49.001,1018,178460
2025-10-22 23:28:49.001,1018,178428
2025-10-22 23:28:49.001,1018,178427
2025-10-22 23:28:49.001,1018,178423
2025-10-22 23:28:49.001,1018,177543
2025-10-22 23:28:49.001,1018,177542
2025-10-22 23:28:50.001,1015,178540
2025-10-22 23:28:50.001,1015,178534
2025-10-22 23:28:50.001,1015,178529
2025-10-22 23:28:50.001,1015,178526
2025-10-22 23:28:50.001,1015,178522
2025-10-22 23:28:50.001,1015,178521
2025-10-22 23:28:50.001,1015,178515
2025-10-22 23:28:50.001,1015,178510
2025-10-22 23:28:50.001,1015,178503
2025-10-22 23:28:50.001,1015,178469
2025-10-22 23:28:51.000,1011,179466
2025-10-22 23:28:51.000,1011,179461
2025-10-22 23:28:51.000,1011,179458
2025-10-22 23:28:51.000,1011,179450
2025-10-22 23:28:51.000,1011,179442
2025-10-22 23:28:51.000,1011,179441
2025-10-22 23:28:51.000,1011,179437
2025-10-22 23:28:51.000,1011,179432
2025-10-22 23:28:51.000,1011,179430
2025-10-22 23:28:51.000,1011,178546
2025-10-22 23:28:52.000,1005,179541
2025-10-22 23:28:52.000,1005,179539
2025-10-22 23:28:52.000,1005,179534
2025-10-22 23:28:52.000,1005,179532
2025-10-22 23:28:52.000,1005,179520
2025-10-22 23:28:52.000,1005,179482
2025-10-22 23:28:52.000,1005,179458
2025-10-22 23:28:52.000,1005,179447
2025-10-22 23:28:52.000,1005,179445
2025-10-22 23:28:52.000,1005,179430
2025-10-22 23:28:53.001,995,180427
2025-10-22 23:28:53.001,995,180409
2025-10-22 23:28:53.001,995,179537
2025-10-22 23:28:53.001,995,179503
2025-10-22 23:28:53.001,995,179494
2025-10-22 23:28:53.001,995,179490
2025-10-22 23:28:53.001,995,179486
2025-10-22 23:28:53.001,995,179486
2025-10-22 23:28:53.001,995,179480
2025-10-22 23:28:53.001,995,179471
2025-10-22 23:28:54.000,989,180462
2025-10-22 23:28:54.000,989,180456
2025-10-22 23:28:54.000,989,180455
2025-10-22 23:28:54.000,989,180443
2025-10-22 23:28:54.000,989,180441
2025-10-22 23:28:54.000,989,180428
2025-10-22 23:28:54.000,989,180421
2025-10-22 23:28:54.000,989,180417
2025-10-22 23:28:54.000,989,180411
2025-10-22 23:28:54.000,989,179383
2025-10-22 23:28:55.001,984,180371
2025-10-22 23:28:55.001,984,180351
2025-10-22 23:28:55.001,984,180344
2025-10-22 23:28:55.001,984,180339
2025-10-22 23:28:55.001,984,180334
2025-10-22 23:28:55.001,984,180322
2025-10-22 23:28:55.001,984,179382
2025-10-22 23:28:55.001,984,179364
2025-10-22 23:28:55.001,984,179352
2025-10-22 23:28:55.001,984,179349
2025-10-22 23:28:56.000,976,180341
2025-10-22 23:28:56.000,976,180334
2025-10-22 23:28:56.000,976,180328
2025-10-22 23:28:56.000,976,180326
2025-10-22 23:28:56.000,976,180323
2025-10-22 23:28:56.000,976,179382
2025-10-22 23:28:56.000,976,179372
2025-10-22 23:28:56.000,976,179350
2025-10-22 23:28:56.000,976,179341
2025-10-22 23:28:56.000,976,179340
2025-10-22 23:28:57.000,969,180333
2025-10-22 23:28:57.000,969,179386
2025-10-22 23:28:57.000,969,179380
2025-10-22 23:28:57.000,969,179376
2025-10-22 23:28:57.000,969,179373
2025-10-22 23:28:57.000,969,179371
2025-10-22 23:28:57.000,969,179363
2025-10-22 23:28:57.000,969,179359
2025-10-22 23:28:57.000,969,179356
2025-10-22 23:28:57.000,969,179353
2025-10-22 23:28:58.000,964,180344
2025-10-22 23:28:58.000,964,180329
2025-10-22 23:28:58.000,964,180324
2025-10-22 23:28:58.000,964,180315
2025-10-22 23:28:58.000,964,179361
2025-10-22 23:28:58.000,964,179355
2025-10-22 23:28:58.000,964,179351
2025-10-22 23:28:58.000,964,179346
2025-10-22 23:28:58.000,964,179343
2025-10-22 23:28:58.000,964,179336
2025-10-22 23:28:59.000,956,180332
2025-10-22 23:28:59.000,956,180328
2025-10-22 23:28:59.000,956,180325
2025-10-22 23:28:59.000,956,180324
2025-10-22 23:28:59.000,956,180320
2025-10-22 23:28:59.000,956,180317
2025-10-22 23:28:59.000,956,180315
2025-10-22 23:28:59.000,956,180314
2025-10-22 23:28:59.000,956,180303
2025-10-22 23:28:59.000,956,179385
2025-10-22 23:29:00.001,951,180372
2025-10-22 23:29:00.001,951,180359
2025-10-22 23:29:00.001,951,180353
2025-10-22 23:29:00.001,951,180331
2025-10-22 23:29:00.001,951,180323
2025-10-22 23:29:00.001,951,180321
2025-10-22 23:29:00.001,951,180320
2025-10-22 23:29:00.001,951,180318
2025-10-22 23:29:00.001,951,179374
2025-10-22 23:29:00.001,951,179371
2025-10-22 23:29:01.000,945,180368
2025-10-22 23:29:01.000,945,180365
2025-10-22 23:29:01.000,945,180360
2025-10-22 23:29:01.000,945,180357
2025-10-22 23:29:01.000,945,180352
2025-10-22 23:29:01.000,945,180350
2025-10-22 23:29:01.000,945,180345
2025-10-22 23:29:01.000,945,180340
2025-10-22 23:29:01.000,945,180323
2025-10-22 23:29:01.000,945,180316
2025-10-22 23:29:02.000,938,180379
2025-10-22 23:29:02.000,938,180371
2025-10-22 23:29:02.000,938,180364
2025-10-22 23:29:02.000,938,180357
2025-10-22 23:29:02.000,938,180349
2025-10-22 23:29:02.000,938,180343
2025-10-22 23:29:02.000,938,180331
2025-10-22 23:29:02.000,938,180326
2025-10-22 23:29:02.000,938,180324
2025-10-22 23:29:02.000,938,180323
2025-10-22 23:29:03.001,932,181322
2025-10-22 23:29:03.001,932,181317
2025-10-22 23:29:03.001,932,180387
2025-10-22 23:29:03.001,932,180383
2025-10-22 23:29:03.001,932,180382
2025-10-22 23:29:03.001,932,180357
2025-10-22 23:29:03.001,932,180328
2025-10-22 23:29:03.001,932,180295
2025-10-22 23:29:03.001,932,180286
2025-10-22 23:29:03.001,932,179385
2025-10-22 23:29:04.000,928,180381
2025-10-22 23:29:04.000,928,180363
2025-10-22 23:29:04.000,928,180355
2025-10-22 23:29:04.000,928,180345
2025-10-22 23:29:04.000,928,180332
2025-10-22 23:29:04.000,928,180332
2025-10-22 23:29:04.000,928,180325
2025-10-22 23:29:04.000,928,180320
2025-10-22 23:29:04.000,928,179378
2025-10-22 23:29:04.000,928,179352
2025-10-22 23:29:05.000,922,180346
2025-10-22 23:29:05.000,922,180338
2025-10-22 23:29:05.000,922,180338
2025-10-22 23:29:05.000,922,180333
2025-10-22 23:29:05.000,922,180329
2025-10-22 23:29:05.000,922,179381
2025-10-22 23:29:05.000,922,179374
2025-10-22 23:29:05.000,922,179371
2025-10-22 23:29:05.000,922,179363
2025-10-22 23:29:05.000,922,179362
2025-10-22 23:29:06.001,915,180354
2025-10-22 23:29:06.001,915,180350
2025-10-22 23:29:06.001,915,180334
2025-10-22 23:29:06.001,915,180330
2025-10-22 23:29:06.001,915,179376
2025-10-22 23:29:06.001,915,179375
2025-10-22 23:29:06.001,915,179369
2025-10-22 23:29:06.001,915,179363
2025-10-22 23:29:06.001,915,179361
2025-10-22 23:29:06.001,915,179345
2025-10-22 23:29:07.000,907,180343
2025-10-22 23:29:07.000,907,180337
2025-10-22 23:29:07.000,907,180329
2025-10-22 23:29:07.000,907,180325
2025-10-22 23:29:07.000,907,179386
2025-10-22 23:29:07.000,907,179380
2025-10-22 23:29:07.000,907,179372
2025-10-22 23:29:07.000,907,179356
2025-10-22 23:29:07.000,907,179353
2025-10-22 23:29:07.000,907,179347
2025-10-22 23:29:08.001,902,180331
2025-10-22 23:29:08.001,902,180327
2025-10-22 23:29:08.001,902,180319
2025-10-22 23:29:08.001,902,180317
2025-10-22 23:29:08.001,902,180316
2025-10-22 23:29:08.001,902,179379
2025-10-22 23:29:08.001,902,179354
2025-10-22 23:29:08.001,902,179353
2025-10-22 23:29:08.001,902,179344
2025-10-22 23:29:08.001,902,179312
2025-10-22 23:29:09.000,898,180310
2025-10-22 23:29:09.000,898,180309
2025-10-22 23:29:09.000,898,180303
2025-10-22 23:29:09.000,898,179383
2025-10-22 23:29:09.000,898,179382
2025-10-22 23:29:09.000,898,179376
2025-10-22 23:29:09.000,898,179372
2025-10-22 23:29:09.000,898,179369
2025-10-22 23:29:09.000,898,179368
2025-10-22 23:29:09.000,898,179365
2025-10-22 23:29:10.000,889,180356
2025-10-22 23:29:10.000,889,180335
2025-10-22 23:29:10.000,889,180334
2025-10-22 23:29:10.000,889,180333
2025-10-22 23:29:10.000,889,180328
2025-10-22 23:29:10.000,889,180327
2025-10-22 23:29:10.000,889,180312
2025-10-22 23:29:10.000,889,179361
2025-10-22 23:29:10.000,889,179353
2025-10-22 23:29:10.000,889,179348
2025-10-22 23:29:11.001,883,180327
2025-10-22 23:29:11.001,883,180319
2025-10-22 23:29:11.001,883,180304
2025-10-22 23:29:11.001,883,180293
2025-10-22 23:29:11.001,883,180277
2025-10-22 23:29:11.001,883,179384
2025-10-22 23:29:11.001,883,179369
2025-10-22 23:29:11.001,883,179367
2025-10-22 23:29:11.001,883,179362
2025-10-22 23:29:11.001,883,179347
2025-10-22 23:29:12.000,875,180345
2025-10-22 23:29:12.000,875,180338
2025-10-22 23:29:12.000,875,180332
2025-10-22 23:29:12.000,875,180330
2025-10-22 23:29:12.000,875,180328
2025-10-22 23:29:12.000,875,180325
2025-10-22 23:29:12.000,875,180321
2025-10-22 23:29:12.000,875,180320
2025-10-22 23:29:12.000,875,180317
2025-10-22 23:29:12.000,875,179384
2025-10-22 23:29:13.001,871,180376
2025-10-22 23:29:13.001,871,180370
2025-10-22 23:29:13.001,871,180364
2025-10-22 23:29:13.001,871,180363
2025-10-22 23:29:13.001,871,180352
2025-10-22 23:29:13.001,871,180345
2025-10-22 23:29:13.001,871,180332
2025-10-22 23:29:13.001,871,180324
2025-10-22 23:29:13.001,871,179387
2025-10-22 23:29:13.001,871,179368
2025-10-22 23:29:14.000,867,180365
2025-10-22 23:29:14.000,867,180352
2025-10-22 23:29:14.000,867,180349
2025-10-22 23:29:14.000,867,180344
2025-10-22 23:29:14.000,867,180333
2025-10-22 23:29:14.000,867,180330
2025-10-22 23:29:14.000,867,180314
2025-10-22 23:29:14.000,867,180312
2025-10-22 23:29:14.000,867,180311
2025-10-22 23:29:14.000,867,179295
2025-10-22 23:29:15.000,859,180282
2025-10-22 23:29:15.000,859,180274
2025-10-22 23:29:15.000,859,180267
2025-10-22 23:29:15.000,859,180267
2025-10-22 23:29:15.000,859,180261
2025-10-22 23:29:15.000,859,179294
2025-10-22 23:29:15.000,859,179293
2025-10-22 23:29:15.000,859,179285
2025-10-22 23:29:15.000,859,179277
2025-10-22 23:29:15.000,859,179270
2025-10-22 23:29:16.001,850,180266
2025-10-22 23:29:16.001,850,180253
2025-10-22 23:29:16.001,850,180251
2025-10-22 23:29:16.001,850,179306
2025-10-22 23:29:16.001,850,179305
2025-10-22 23:29:16.001,850,179299
2025-10-22 23:29:16.001,850,179281
2025-10-22 23:29:16.001,850,179258
2025-10-22 23:29:16.001,850,179257
2025-10-22 23:29:16.001,850,179249
2025-10-22 23:29:17.000,842,180237
2025-10-22 23:29:17.000,842,179302
2025-10-22 23:29:17.000,842,179296
2025-10-22 23:29:17.000,842,179293
2025-10-22 23:29:17.000,842,179289
2025-10-22 23:29:17.000,842,179278
2025-10-22 23:29:17.000,842,179272
2025-10-22 23:29:17.000,842,179270
2025-10-22 23:29:17.000,842,179257
2025-10-22 23:29:17.000,842,179255
2025-10-22 23:29:18.001,833,180253
2025-10-22 23:29:18.001,833,180250
2025-10-22 23:29:18.001,833,179302
2025-10-22 23:29:18.001,833,179300
2025-10-22 23:29:18.001,833,179281
2025-10-22 23:29:18.001,833,179281
2025-10-22 23:29:18.001,833,179280
2025-10-22 23:29:18.001,833,179274
2025-10-22 23:29:18.001,833,179263
2025-10-22 23:29:18.001,833,179260
2025-10-22 23:29:19.000,829,180254
2025-10-22 23:29:19.000,829,180250
2025-10-22 23:29:19.000,829,180248
2025-10-22 23:29:19.000,829,179288
2025-10-22 23:29:19.000,829,179287
2025-10-22 23:29:19.000,829,179278
2025-10-22 23:29:19.000,829,179261
2025-10-22 23:29:19.000,829,179260
2025-10-22 23:29:19.000,829,178304
2025-10-22 23:29:19.000,829,178288
2025-10-22 23:29:20.000,824,179284
2025-10-22 23:29:20.000,824,179279
2025-10-22 23:29:20.001,824,179277
2025-10-22 23:29:20.001,824,179277
2025-10-22 23:29:20.001,824,179275
2025-10-22 23:29:20.001,824,179262
2025-10-22 23:29:20.001,824,179256
2025-10-22 23:29:20.001,824,179246
2025-10-22 23:29:20.001,824,179245
2025-10-22 23:29:20.001,824,179240
2025-10-22 23:29:21.000,818,180235
2025-10-22 23:29:21.000,818,179301
2025-10-22 23:29:21.000,818,179291
2025-10-22 23:29:21.000,818,179288
2025-10-22 23:29:21.000,818,179287
2025-10-22 23:29:21.000,818,179284
2025-10-22 23:29:21.000,818,179282
2025-10-22 23:29:21.000,818,179282
2025-10-22 23:29:21.000,818,179281
2025-10-22 23:29:21.000,818,179272
2025-10-22 23:29:22.000,812,180271
2025-10-22 23:29:22.000,812,180264
2025-10-22 23:29:22.000,812,180258
2025-10-22 23:29:22.000,812,180256
2025-10-22 23:29:22.000,812,180251
2025-10-22 23:29:22.000,812,180250
2025-10-22 23:29:22.000,812,180247
2025-10-22 23:29:22.000,812,180244
2025-10-22 23:29:22.000,812,179301
2025-10-22 23:29:22.000,812,179295
2025-10-22 23:29:23.001,807,180294
2025-10-22 23:29:23.001,807,180289
2025-10-22 23:29:23.001,807,180288
2025-10-22 23:29:23.001,807,180283
2025-10-22 23:29:23.001,807,180271
2025-10-22 23:29:23.001,807,180259
2025-10-22 23:29:23.001,807,180257
2025-10-22 23:29:23.001,807,180256
2025-10-22 23:29:23.001,807,180245
2025-10-22 23:29:23.001,807,179295
2025-10-22 23:29:24.001,798,180288
2025-10-22 23:29:24.001,798,180284
2025-10-22 23:29:24.001,798,180283
2025-10-22 23:29:24.001,798,180281
2025-10-22 23:29:24.001,798,180277
2025-10-22 23:29:24.001,798,180264
2025-10-22 23:29:24.001,798,180250
2025-10-22 23:29:24.001,798,179287
2025-10-22 23:29:24.001,798,179277
2025-10-22 23:29:24.001,798,179273
2025-10-22 23:29:25.000,792,180271
2025-10-22 23:29:25.000,792,180248
2025-10-22 23:29:25.000,792,180244
2025-10-22 23:29:25.000,792,180237
2025-10-22 23:29:25.000,792,179304
2025-10-22 23:29:25.000,792,179298
2025-10-22 23:29:25.000,792,179295
2025-10-22 23:29:25.000,792,179290
2025-10-22 23:29:25.000,792,179288
2025-10-22 23:29:25.000,792,179287
2025-10-22 23:29:26.001,788,180287
2025-10-22 23:29:26.001,788,180265
2025-10-22 23:29:26.001,788,180251
2025-10-22 23:29:26.001,788,180250
2025-10-22 23:29:26.001,788,180245
2025-10-22 23:29:26.001,788,180244
2025-10-22 23:29:26.001,788,180242
2025-10-22 23:29:26.001,788,179301
2025-10-22 23:29:26.001,788,179289
2025-10-22 23:29:26.001,788,179287
2025-10-22 23:29:27.000,783,180283
2025-10-22 23:29:27.000,783,180275
2025-10-22 23:29:27.000,783,180264
2025-10-22 23:29:27.000,783,180259
2025-10-22 23:29:27.000,783,180252
2025-10-22 23:29:27.000,783,179293
2025-10-22 23:29:27.000,783,179276
2025-10-22 23:29:27.000,783,179266
2025-10-22 23:29:27.000,783,179260
2025-10-22 23:29:27.000,783,179257
2025-10-22 23:29:28.000,774,180249
2025-10-22 23:29:28.000,774,179291
2025-10-22 23:29:28.000,774,179283
2025-10-22 23:29:28.000,774,179280
2025-10-22 23:29:28.000,774,179275
2025-10-22 23:29:28.000,774,179268
2025-10-22 23:29:28.000,774,178303
2025-10-22 23:29:28.000,774,178299
2025-10-22 23:29:28.001,774,178276
2025-10-22 23:29:28.001,774,178276
2025-10-22 23:29:29.000,769,179272
2025-10-22 23:29:29.000,769,179251
2025-10-22 23:29:29.000,769,179249
2025-10-22 23:29:29.000,769,178298
2025-10-22 23:29:29.001,769,178281
2025-10-22 23:29:29.001,769,178268
2025-10-22 23:29:29.001,769,178265
2025-10-22 23:29:29.001,769,178262
2025-10-22 23:29:29.001,769,178261
2025-10-22 23:29:29.001,769,178255
2025-10-22 23:29:30.000,762,178281
2025-10-22 23:29:30.000,762,178278
2025-10-22 23:29:30.000,762,178276
2025-10-22 23:29:30.000,762,178270
2025-10-22 23:29:30.000,762,178269
2025-10-22 23:29:30.000,762,178268
2025-10-22 23:29:30.000,762,178267
2025-10-22 23:29:30.000,762,178266
2025-10-22 23:29:30.000,762,178265
2025-10-22 23:29:30.000,762,178261
2025-10-22 23:29:31.001,757,179259
2025-10-22 23:29:31.001,757,179247
2025-10-22 23:29:31.001,757,178296
2025-10-22 23:29:31.001,757,178287
2025-10-22 23:29:31.001,757,178278
2025-10-22 23:29:31.001,757,178269
2025-10-22 23:29:31.001,757,178263
2025-10-22 23:29:31.001,757,178249
2025-10-22 23:29:31.001,757,178245
2025-10-22 23:29:31.001,757,178235
2025-10-22 23:29:32.000,751,178294
2025-10-22 23:29:32.000,751,178287
2025-10-22 23:29:32.000,751,178275
2025-10-22 23:29:32.000,751,178266
2025-10-22 23:29:32.000,751,178246
2025-10-22 23:29:32.000,751,177238
2025-10-22 23:29:32.000,751,177220
2025-10-22 23:29:32.000,751,177216
2025-10-22 23:29:32.000,751,177212
2025-10-22 23:29:32.000,751,177211
2025-10-22 23:29:33.001,744,177232
2025-10-22 23:29:33.001,744,177228
2025-10-22 23:29:33.001,744,177225
2025-10-22 23:29:33.001,744,177219
2025-10-22 23:29:33.001,744,176227
2025-10-22 23:29:33.001,744,176226
2025-10-22 23:29:33.001,744,176221
2025-10-22 23:29:33.001,744,176215
2025-10-22 23:29:33.001,744,175237
2025-10-22 23:29:33.001,744,175234
2025-10-22 23:29:34.000,736,176228
2025-10-22 23:29:34.000,736,176225
2025-10-22 23:29:34.000,736,176215
2025-10-22 23:29:34.000,736,175226
2025-10-22 23:29:34.000,736,175223
2025-10-22 23:29:34.000,736,175220
2025-10-22 23:29:34.000,736,175218
2025-10-22 23:29:34.000,736,175215
2025-10-22 23:29:34.000,736,175212
2025-10-22 23:29:34.000,736,174243
2025-10-22 23:29:35.000,728,175222
2025-10-22 23:29:35.000,728,175212
2025-10-22 23:29:35.000,728,174235
2025-10-22 23:29:35.000,728,174233
2025-10-22 23:29:35.000,728,174230
2025-10-22 23:29:35.000,728,174220
2025-10-22 23:29:35.000,728,173227
2025-10-22 23:29:35.000,728,173210
2025-10-22 23:29:35.000,728,173207
2025-10-22 23:29:35.001,728,173205
2025-10-22 23:29:36.001,721,173243
2025-10-22 23:29:36.001,721,173235
2025-10-22 23:29:36.001,721,173220
2025-10-22 23:29:36.001,721,173219
2025-10-22 23:29:36.001,721,173215
2025-10-22 23:29:36.001,721,172234
2025-10-22 23:29:36.001,721,172221
2025-10-22 23:29:36.001,721,172215
2025-10-22 23:29:36.001,721,171238
2025-10-22 23:29:36.001,721,171234
2025-10-22 23:29:37.001,713,172220
2025-10-22 23:29:37.001,713,171237
2025-10-22 23:29:37.001,713,171220
2025-10-22 23:29:37.001,713,171218
2025-10-22 23:29:37.001,713,171217
2025-10-22 23:29:37.001,713,171216
2025-10-22 23:29:37.001,713,171213
2025-10-22 23:29:37.001,713,170242
2025-10-22 23:29:37.001,713,170234
2025-10-22 23:29:37.001,713,170233
2025-10-22 23:29:38.000,708,171224
2025-10-22 23:29:38.000,708,171221
2025-10-22 23:29:38.000,708,171216
2025-10-22 23:29:38.000,708,171205
2025-10-22 23:29:38.000,708,170242
2025-10-22 23:29:38.000,708,170230
2025-10-22 23:29:38.000,708,169237
2025-10-22 23:29:38.000,708,169228
2025-10-22 23:29:38.000,708,169224
2025-10-22 23:29:38.000,708,169223
2025-10-22 23:29:39.000,699,170220
2025-10-22 23:29:39.000,699,170215
2025-10-22 23:29:39.000,699,169234
2025-10-22 23:29:39.000,699,169230
2025-10-22 23:29:39.000,699,169219
2025-10-22 23:29:39.000,699,169219
2025-10-22 23:29:39.001,699,168232
2025-10-22 23:29:39.001,699,168229
2025-10-22 23:29:39.001,699,168216
2025-10-22 23:29:39.001,699,167241
2025-10-22 23:29:40.000,692,168227
2025-10-22 23:29:40.001,692,168224
2025-10-22 23:29:40.001,692,168216
2025-10-22 23:29:40.001,692,168203
2025-10-22 23:29:40.001,692,168203
2025-10-22 23:29:40.001,692,167233
2025-10-22 23:29:40.001,692,167232
2025-10-22 23:29:40.001,692,167216
2025-10-22 23:29:40.001,692,167209
2025-10-22 23:29:40.001,692,166243
2025-10-22 23:29:41.000,687,167238
2025-10-22 23:29:41.000,687,167237
2025-10-22 23:29:41.000,687,167234
2025-10-22 23:29:41.000,687,167232
2025-10-22 23:29:41.000,687,167228
2025-10-22 23:29:41.000,687,167226
2025-10-22 23:29:41.000,687,167224
2025-10-22 23:29:41.000,687,167221
2025-10-22 23:29:41.000,687,167220
2025-10-22 23:29:41.000,687,167217
2025-10-22 23:29:42.000,679,168215
2025-10-22 23:29:42.000,679,168212
2025-10-22 23:29:42.000,679,167200
2025-10-22 23:29:42.000,679,167198
2025-10-22 23:29:42.000,679,167196
2025-10-22 23:29:42.000,679,167181
2025-10-22 23:29:42.000,679,166192
2025-10-22 23:29:42.000,679,166183
2025-10-22 23:29:42.001,679,166182
2025-10-22 23:29:42.001,679,165202
2025-10-22 23:29:43.001,674,166194
2025-10-22 23:29:43.001,674,166186
2025-10-22 23:29:43.001,674,166179
2025-10-22 23:29:43.001,674,165201
2025-10-22 23:29:43.001,674,165197
2025-10-22 23:29:43.001,674,165179
2025-10-22 23:29:43.001,674,165178
2025-10-22 23:29:43.001,674,164185
2025-10-22 23:29:43.001,674,164182
2025-10-22 23:29:43.001,674,164180
2025-10-22 23:29:44.000,667,164201
2025-10-22 23:29:44.000,667,164193
2025-10-22 23:29:44.000,667,164183
2025-10-22 23:29:44.000,667,164182
2025-10-22 23:29:44.000,667,164180
2025-10-22 23:29:44.000,667,163202
2025-10-22 23:29:44.000,667,163196
2025-10-22 23:29:44.000,667,163190
2025-10-22 23:29:44.000,667,163180
2025-10-22 23:29:44.000,667,162200
2025-10-22 23:29:45.000,662,163197
2025-10-22 23:29:45.000,662,163184
2025-10-22 23:29:45.000,662,163183
2025-10-22 23:29:45.000,662,163182
2025-10-22 23:29:45.000,662,163177
2025-10-22 23:29:45.000,662,162202
2025-10-22 23:29:45.000,662,162199
2025-10-22 23:29:45.000,662,162193
2025-10-22 23:29:45.000,662,162177
2025-10-22 23:29:45.000,662,162172
2025-10-22 23:29:46.001,659,162183
2025-10-22 23:29:46.001,659,162182
2025-10-22 23:29:46.001,659,162175
2025-10-22 23:29:46.001,659,161184
2025-10-22 23:29:46.001,659,161180
2025-10-22 23:29:46.001,659,160191
2025-10-22 23:29:46.001,659,160189
2025-10-22 23:29:46.001,659,159198
2025-10-22 23:29:46.001,659,159193
2025-10-22 23:29:46.001,659,159189
2025-10-22 23:29:47.000,652,160186
2025-10-22 23:29:47.001,652,160184
2025-10-22 23:29:47.001,652,160179
2025-10-22 23:29:47.001,652,159199
2025-10-22 23:29:47.001,652,159192
2025-10-22 23:29:47.001,652,159180
2025-10-22 23:29:47.001,652,158202
2025-10-22 23:29:47.001,652,158195
2025-10-22 23:29:47.001,652,158192
2025-10-22 23:29:47.001,652,158180
2025-10-22 23:29:48.000,644,158180
2025-10-22 23:29:48.000,644,158176
2025-10-22 23:29:48.000,644,157206
2025-10-22 23:29:48.000,644,157196
2025-10-22 23:29:48.000,644,157192
2025-10-22 23:29:48.000,644,157189
2025-10-22 23:29:48.000,644,157182
2025-10-22 23:29:48.000,644,157176
2025-10-22 23:29:48.000,644,157173
2025-10-22 23:29:48.000,644,156205
2025-10-22 23:29:49.000,637,157196
2025-10-22 23:29:49.000,637,156201
2025-10-22 23:29:49.000,637,156196
2025-10-22 23:29:49.000,637,156182
2025-10-22 23:29:49.000,637,156180
2025-10-22 23:29:49.000,637,155205
2025-10-22 23:29:49.000,637,155198
2025-10-22 23:29:49.000,637,155194
2025-10-22 23:29:49.000,637,155184
2025-10-22 23:29:49.000,637,155179
2025-10-22 23:29:50.001,631,156177
2025-10-22 23:29:50.001,631,156174
2025-10-22 23:29:50.001,631,156172
2025-10-22 23:29:50.001,631,155165
2025-10-22 23:29:50.001,631,154156
2025-10-22 23:29:50.001,631,154148
2025-10-22 23:29:50.001,631,153156
2025-10-22 23:29:50.001,631,153155
2025-10-22 23:29:50.001,631,153152
2025-10-22 23:29:50.001,631,153150
2025-10-22 23:29:51.001,627,154147
2025-10-22 23:29:51.001,627,154144
2025-10-22 23:29:51.001,627,154139
2025-10-22 23:29:51.001,627,154136
2025-10-22 23:29:51.001,627,154135
2025-10-22 23:29:51.001,627,153162
2025-10-22 23:29:51.001,627,153162
2025-10-22 23:29:51.001,627,153160
2025-10-22 23:29:51.001,627,153152
2025-10-22 23:29:51.001,627,153145
2025-10-22 23:29:52.001,622,154139
2025-10-22 23:29:52.001,622,153158
2025-10-22 23:29:52.001,622,153144
2025-10-22 23:29:52.001,622,153139
2025-10-22 23:29:52.001,622,153137
2025-10-22 23:29:52.001,622,152169
2025-10-22 23:29:52.001,622,152159
2025-10-22 23:29:52.001,622,152157
2025-10-22 23:29:52.001,622,152140
2025-10-22 23:29:52.001,622,152139
2025-10-22 23:29:53.000,613,153135
2025-10-22 23:29:53.001,613,152164
2025-10-22 23:29:53.001,613,152163
2025-10-22 23:29:53.001,613,152158
2025-10-22 23:29:53.001,613,152142
2025-10-22 23:29:53.001,613,151153
2025-10-22 23:29:53.001,613,150164
2025-10-22 23:29:53.001,613,150164
2025-10-22 23:29:53.001,613,150161
2025-10-22 23:29:53.001,613,150149
2025-10-22 23:29:54.000,607,151141
2025-10-22 23:29:54.000,607,150166
2025-10-22 23:29:54.000,607,150163
2025-10-22 23:29:54.000,607,150146
2025-10-22 23:29:54.000,607,150144
2025-10-22 23:29:54.000,607,150141
2025-10-22 23:29:54.000,607,150140
2025-10-22 23:29:54.000,607,150139
2025-10-22 23:29:54.000,607,149160
2025-10-22 23:29:54.000,607,149160
2025-10-22 23:29:55.001,602,149167
2025-10-22 23:29:55.001,602,149163
2025-10-22 23:29:55.001,602,149150
2025-10-22 23:29:55.001,602,149142
2025-10-22 23:29:55.001,602,148163
2025-10-22 23:29:55.001,602,148156
2025-10-22 23:29:55.001,602,148154
2025-10-22 23:29:55.001,602,148140
2025-10-22 23:29:55.001,602,147168
2025-10-22 23:29:55.001,602,147159
2025-10-22 23:29:56.001,592,148149
2025-10-22 23:29:56.001,592,148142
2025-10-22 23:29:56.001,592,147167
2025-10-22 23:29:56.001,592,147161
2025-10-22 23:29:56.001,592,146159
2025-10-22 23:29:56.001,592,146159
2025-10-22 23:29:56.001,592,146156
2025-10-22 23:29:56.001,592,146139
2025-10-22 23:29:56.001,592,145169
2025-10-22 23:29:56.001,592,145167
2025-10-22 23:29:57.000,586,146159
2025-10-22 23:29:57.000,586,146157
2025-10-22 23:29:57.000,586,146151
2025-10-22 23:29:57.000,586,146149
2025-10-22 23:29:57.000,586,146146
2025-10-22 23:29:57.000,586,146141
2025-10-22 23:29:57.000,586,146138
2025-10-22 23:29:57.000,586,145145
2025-10-22 23:29:57.000,586,145142
2025-10-22 23:29:57.000,586,144167
2025-10-22 23:29:58.001,580,145150
2025-10-22 23:29:58.001,580,145149
2025-10-22 23:29:58.001,580,145137
2025-10-22 23:29:58.001,580,144165
2025-10-22 23:29:58.001,580,144161
2025-10-22 23:29:58.001,580,144143
2025-10-22 23:29:58.001,580,143135
2025-10-22 23:29:58.001,580,143113
2025-10-22 23:29:58.001,580,143111
2025-10-22 23:29:58.001,580,142127
2025-10-22 23:29:59.000,572,143125
2025-10-22 23:29:59.000,572,143098
2025-10-22 23:29:59.000,572,143095
2025-10-22 23:29:59.000,572,142112
2025-10-22 23:29:59.000,572,142110
2025-10-22 23:29:59.000,572,141117
2025-10-22 23:29:59.001,572,141116
2025-10-22 23:29:59.001,572,141110
2025-10-22 23:29:59.001,572,141108
2025-10-22 23:29:59.001,572,140133
2025-10-22 23:30:00.000,563,141121
2025-10-22 23:30:00.000,563,140134
2025-10-22 23:30:00.000,563,140121
2025-10-22 23:30:00.000,563,139131
2025-10-22 23:30:00.000,563,139117
2025-10-22 23:30:00.000,563,138131
2025-10-22 23:30:00.000,563,138131
2025-10-22 23:30:00.000,563,138111
2025-10-22 23:30:00.000,563,137132
2025-10-22 23:30:00.000,563,137130
2025-10-22 23:30:01.000,559,138127
2025-10-22 23:30:01.000,559,138125
2025-10-22 23:30:01.000,559,138120
2025-10-22 23:30:01.000,559,137127
2025-10-22 23:30:01.000,559,137112
2025-10-22 23:30:01.000,559,136131
2025-10-22 23:30:01.000,559,136127
2025-10-22 23:30:01.000,559,136125
2025-10-22 23:30:01.000,559,136116
2025-10-22 23:30:01.000,559,136112
2025-10-22 23:30:02.001,554,137113
2025-10-22 23:30:02.001,554,136119
2025-10-22 23:30:02.001,554,136113
2025-10-22 23:30:02.001,554,135124
2025-10-22 23:30:02.001,554,135114
2025-10-22 23:30:02.001,554,135112
2025-10-22 23:30:02.001,554,134128
2025-10-22 23:30:02.001,554,134125
2025-10-22 23:30:02.001,554,134121
2025-10-22 23:30:02.001,554,134120
2025-10-22 23:30:03.002,549,134130
2025-10-22 23:30:03.002,549,134115
2025-10-22 23:30:03.002,549,134111
2025-10-22 23:30:03.002,549,133135
2025-10-22 23:30:03.002,549,133128
2025-10-22 23:30:03.002,549,133123
2025-10-22 23:30:03.002,549,133118
2025-10-22 23:30:03.002,549,132138
2025-10-22 23:30:03.002,549,132132
2025-10-22 23:30:03.002,549,132123
2025-10-22 23:30:04.000,544,133115
2025-10-22 23:30:04.000,544,133111
2025-10-22 23:30:04.000,544,132134
2025-10-22 23:30:04.000,544,132132
2025-10-22 23:30:04.000,544,132125
2025-10-22 23:30:04.000,544,132122
2025-10-22 23:30:04.001,544,132121
2025-10-22 23:30:04.001,544,132119
2025-10-22 23:30:04.001,544,132116
2025-10-22 23:30:04.001,544,132113
2025-10-22 23:30:05.000,540,133111
2025-10-22 23:30:05.000,540,132129
2025-10-22 23:30:05.000,540,132127
2025-10-22 23:30:05.000,540,132115
2025-10-22 23:30:05.000,540,131131
2025-10-22 23:30:05.000,540,131130
2025-10-22 23:30:05.000,540,131129
2025-10-22 23:30:05.000,540,131110
2025-10-22 23:30:05.000,540,131108
2025-10-22 23:30:05.000,540,130101
2025-10-22 23:30:06.000,533,131097
2025-10-22 23:30:06.000,533,131087
2025-10-22 23:30:06.000,533,131084
2025-10-22 23:30:06.000,533,130096
2025-10-22 23:30:06.000,533,130086
2025-10-22 23:30:06.000,533,130080
2025-10-22 23:30:06.000,533,129095
2025-10-22 23:30:06.000,533,129089
2025-10-22 23:30:06.000,533,129086
2025-10-22 23:30:06.000,533,128103
2025-10-22 23:30:07.000,525,129101
2025-10-22 23:30:07.000,525,129091
2025-10-22 23:30:07.000,525,129088
2025-10-22 23:30:07.000,525,129077
2025-10-22 23:30:07.000,525,128095
2025-10-22 23:30:07.000,525,128093
2025-10-22 23:30:07.000,525,128089
2025-10-22 23:30:07.001,525,128087
2025-10-22 23:30:07.001,525,128087
2025-10-22 23:30:07.001,525,128086
2025-10-22 23:30:08.000,516,129078
2025-10-22 23:30:08.000,516,128096
2025-10-22 23:30:08.000,516,128095
2025-10-22 23:30:08.000,516,128093
2025-10-22 23:30:08.000,516,128088
2025-10-22 23:30:08.000,516,128081
2025-10-22 23:30:08.000,516,127102
2025-10-22 23:30:08.000,516,127091
2025-10-22 23:30:08.001,516,127081
2025-10-22 23:30:08.001,516,127080
2025-10-22 23:30:09.000,512,128078
2025-10-22 23:30:09.000,512,127096
2025-10-22 23:30:09.000,512,127093
2025-10-22 23:30:09.000,512,127085
2025-10-22 23:30:09.000,512,127079
2025-10-22 23:30:09.000,512,126098
2025-10-22 23:30:09.000,512,126092
2025-10-22 23:30:09.000,512,125101
2025-10-22 23:30:09.000,512,125100
2025-10-22 23:30:09.000,512,125097
2025-10-22 23:30:10.001,502,126094
2025-10-22 23:30:10.001,502,126086
2025-10-22 23:30:10.001,502,126080
2025-10-22 23:30:10.001,502,126080
2025-10-22 23:30:10.002,502,126078
2025-10-22 23:30:10.002,502,125102
2025-10-22 23:30:10.002,502,125099
2025-10-22 23:30:10.002,502,125095
2025-10-22 23:30:10.002,502,125093
2025-10-22 23:30:10.002,502,125083
2025-10-22 23:30:11.000,494,126078
2025-10-22 23:30:11.000,494,126077
2025-10-22 23:30:11.001,494,125100
2025-10-22 23:30:11.001,494,125093
2025-10-22 23:30:11.001,494,125089
2025-10-22 23:30:11.001,494,125088
2025-10-22 23:30:11.001,494,125078
2025-10-22 23:30:11.001,494,124101
2025-10-22 23:30:11.001,494,124097
2025-10-22 23:30:11.001,494,124096
2025-10-22 23:30:12.000,489,125093
2025-10-22 23:30:12.000,489,125085
2025-10-22 23:30:12.000,489,125084
2025-10-22 23:30:12.000,489,125082
2025-10-22 23:30:12.000,489,125080
2025-10-22 23:30:12.000,489,124100
2025-10-22 23:30:12.000,489,124095
2025-10-22 23:30:12.000,489,124087
2025-10-22 23:30:12.000,489,124083
2025-10-22 23:30:12.000,489,124082
2025-10-22 23:30:13.001,482,125080
2025-10-22 23:30:13.001,482,124099
2025-10-22 23:30:13.001,482,124090
2025-10-22 23:30:13.001,482,124089
2025-10-22 23:30:13.001,482,124086
2025-10-22 23:30:13.001,482,124084
2025-10-22 23:30:13.001,482,123097
2025-10-22 23:30:13.001,482,123094
2025-10-22 23:30:13.001,482,123089
2025-10-22 23:30:13.001,482,123085
2025-10-22 23:30:14.000,473,124077
2025-10-22 23:30:14.000,473,123100
2025-10-22 23:30:14.000,473,123095
2025-10-22 23:30:14.000,473,123090
2025-10-22 23:30:14.000,473,123084
2025-10-22 23:30:14.000,473,123082
2025-10-22 23:30:14.000,473,122102
2025-10-22 23:30:14.000,473,121100
2025-10-22 23:30:14.000,473,120091
2025-10-22 23:30:14.000,473,119068
2025-10-22 23:30:15.001,464,120060
2025-10-22 23:30:15.001,464,120059
2025-10-22 23:30:15.001,464,120057
2025-10-22 23:30:15.001,464,119060
2025-10-22 23:30:15.001,464,119058
2025-10-22 23:30:15.001,464,119051
2025-10-22 23:30:15.001,464,119050
2025-10-22 23:30:15.001,464,118058
2025-10-22 23:30:15.001,464,118055
2025-10-22 23:30:15.001,464,117071
2025-10-22 23:30:16.000,456,118054
2025-10-22 23:30:16.000,456,118051
2025-10-22 23:30:16.000,456,117064
2025-10-22 23:30:16.000,456,117062
2025-10-22 23:30:16.000,456,117056
2025-10-22 23:30:16.000,456,117054
2025-10-22 23:30:16.000,456,117050
2025-10-22 23:30:16.000,456,117045
2025-10-22 23:30:16.000,456,116071
2025-10-22 23:30:16.000,456,116064
2025-10-22 23:30:17.001,448,117058
2025-10-22 23:30:17.001,448,117053
2025-10-22 23:30:17.001,448,117051
2025-10-22 23:30:17.001,448,116050
2025-10-22 23:30:17.001,448,116046
2025-10-22 23:30:17.001,448,115072
2025-10-22 23:30:17.001,448,115060
2025-10-22 23:30:17.001,448,115047
2025-10-22 23:30:17.001,448,114071
2025-10-22 23:30:17.001,448,114065
2025-10-22 23:30:18.000,446,115056
2025-10-22 23:30:18.000,446,115050
2025-10-22 23:30:18.000,446,115047
2025-10-22 23:30:18.000,446,114061
2025-10-22 23:30:18.000,446,114060
2025-10-22 23:30:18.000,446,114057
2025-10-22 23:30:18.000,446,114049
2025-10-22 23:30:18.000,446,114046
2025-10-22 23:30:18.000,446,114037
2025-10-22 23:30:18.000,446,114034
2025-10-22 23:30:19.001,444,114073
2025-10-22 23:30:19.001,444,113072
2025-10-22 23:30:19.001,444,113071
2025-10-22 23:30:19.001,444,113063
2025-10-22 23:30:19.001,444,113055
2025-10-22 23:30:19.001,444,113052
2025-10-22 23:30:19.001,444,112066
2025-10-22 23:30:19.001,444,112054
2025-10-22 23:30:19.001,444,112053
2025-10-22 23:30:19.001,444,111059
2025-10-22 23:30:20.000,439,112052
2025-10-22 23:30:20.000,439,112051
2025-10-22 23:30:20.001,439,112050
2025-10-22 23:30:20.001,439,111070
2025-10-22 23:30:20.001,439,111058
2025-10-22 23:30:20.001,439,111056
2025-10-22 23:30:20.001,439,110060
2025-10-22 23:30:20.001,439,110045
2025-10-22 23:30:20.001,439,109073
2025-10-22 23:30:20.001,439,109070
2025-10-22 23:30:21.000,432,110053
2025-10-22 23:30:21.000,432,110050
2025-10-22 23:30:21.000,432,109070
2025-10-22 23:30:21.000,432,109065
2025-10-22 23:30:21.000,432,109061
2025-10-22 23:30:21.000,432,109061
2025-10-22 23:30:21.000,432,109060
2025-10-22 23:30:21.000,432,109044
2025-10-22 23:30:21.000,432,109043
2025-10-22 23:30:21.000,432,108073
2025-10-22 23:30:22.001,423,109071
2025-10-22 23:30:22.001,423,109059
2025-10-22 23:30:22.001,423,109059
2025-10-22 23:30:22.001,423,109051
2025-10-22 23:30:22.001,423,108073
2025-10-22 23:30:22.001,423,108069
2025-10-22 23:30:22.001,423,108068
2025-10-22 23:30:22.001,423,108059
2025-10-22 23:30:22.001,423,108058
2025-10-22 23:30:22.001,423,108057
2025-10-22 23:30:23.001,416,109048
2025-10-22 23:30:23.001,416,108036
2025-10-22 23:30:23.001,416,108034
2025-10-22 23:30:23.001,416,108028
2025-10-22 23:30:23.001,416,108026
2025-10-22 23:30:23.001,416,108014
2025-10-22 23:30:23.001,416,107041
2025-10-22 23:30:23.001,416,107039
2025-10-22 23:30:23.001,416,107028
2025-10-22 23:30:23.001,416,107027
2025-10-22 23:30:24.000,412,108017
2025-10-22 23:30:24.000,412,108017
2025-10-22 23:30:24.000,412,107032
2025-10-22 23:30:24.000,412,107031
2025-10-22 23:30:24.000,412,107018
2025-10-22 23:30:24.000,412,107015
2025-10-22 23:30:24.000,412,106038
2025-10-22 23:30:24.000,412,106036
2025-10-22 23:30:24.000,412,106032
2025-10-22 23:30:24.000,412,106026
2025-10-22 23:30:25.000,408,106037
2025-10-22 23:30:25.000,408,106017
2025-10-22 23:30:25.000,408,106011
2025-10-22 23:30:25.000,408,105042
2025-10-22 23:30:25.000,408,105028
2025-10-22 23:30:25.001,408,105025
2025-10-22 23:30:25.001,408,105020
2025-10-22 23:30:25.001,408,105018
2025-10-22 23:30:25.001,408,104035
2025-10-22 23:30:25.001,408,104027
2025-10-22 23:30:26.001,403,105024
2025-10-22 23:30:26.001,403,104033
2025-10-22 23:30:26.001,403,104031
2025-10-22 23:30:26.001,403,104029
2025-10-22 23:30:26.001,403,104028
2025-10-22 23:30:26.001,403,104026
2025-10-22 23:30:26.001,403,104025
2025-10-22 23:30:26.001,403,104020
2025-10-22 23:30:26.001,403,103046
2025-10-22 23:30:26.001,403,103037
2025-10-22 23:30:27.000,397,104027
2025-10-22 23:30:27.000,397,104026
2025-10-22 23:30:27.000,397,104023
2025-10-22 23:30:27.000,397,103037
2025-10-22 23:30:27.000,397,103034
2025-10-22 23:30:27.000,397,103031
2025-10-22 23:30:27.000,397,103027
2025-10-22 23:30:27.000,397,103023
2025-10-22 23:30:27.000,397,103018
2025-10-22 23:30:27.000,397,103016
2025-10-22 23:30:28.001,389,103038
2025-10-22 23:30:28.001,389,103027
2025-10-22 23:30:28.001,389,103021
2025-10-22 23:30:28.001,389,102039
2025-10-22 23:30:28.001,389,102030
2025-10-22 23:30:28.001,389,102024
2025-10-22 23:30:28.001,389,102017
2025-10-22 23:30:28.001,389,101042
2025-10-22 23:30:28.001,389,101036
2025-10-22 23:30:28.001,389,101035
2025-10-22 23:30:29.000,386,102032
2025-10-22 23:30:29.000,386,102029
2025-10-22 23:30:29.000,386,102027
2025-10-22 23:30:29.000,386,102020
2025-10-22 23:30:29.000,386,101039
2025-10-22 23:30:29.000,386,101038
2025-10-22 23:30:29.000,386,101033
2025-10-22 23:30:29.000,386,101024
2025-10-22 23:30:29.000,386,100033
2025-10-22 23:30:29.000,386,100030
2025-10-22 23:30:30.001,378,101030
2025-10-22 23:30:30.001,378,101019
2025-10-22 23:30:30.001,378,101018
2025-10-22 23:30:30.001,378,101017
2025-10-22 23:30:30.001,378,101016
2025-10-22 23:30:30.001,378,100035
2025-10-22 23:30:30.001,378,100032
2025-10-22 23:30:30.001,378,100027
2025-10-22 23:30:30.001,378,100026
2025-10-22 23:30:30.001,378,100021
2025-10-22 23:30:31.000,374,101018
2025-10-22 23:30:31.000,374,100044
2025-10-22 23:30:31.000,374,100033
2025-10-22 23:30:31.000,374,100016
2025-10-22 23:30:31.000,374,100014
2025-10-22 23:30:31.000,374,98030
2025-10-22 23:30:31.000,374,98028
2025-10-22 23:30:31.000,374,98024
2025-10-22 23:30:31.000,374,98017
2025-10-22 23:30:31.000,374,97045
2025-10-22 23:30:32.001,367,98044
2025-10-22 23:30:32.001,367,98034
2025-10-22 23:30:32.001,367,98029
2025-10-22 23:30:32.001,367,98026
2025-10-22 23:30:32.001,367,96990
2025-10-22 23:30:32.001,367,96988
2025-10-22 23:30:32.001,367,95993
2025-10-22 23:30:32.001,367,95985
2025-10-22 23:30:32.001,367,95978
2025-10-22 23:30:32.001,367,95002
2025-10-22 23:30:33.000,362,95996
2025-10-22 23:30:33.000,362,95994
2025-10-22 23:30:33.000,362,95984
2025-10-22 23:30:33.000,362,95980
2025-10-22 23:30:33.000,362,94991
2025-10-22 23:30:33.000,362,94988
2025-10-22 23:30:33.000,362,93999
2025-10-22 23:30:33.000,362,93994
2025-10-22 23:30:33.000,362,93989
2025-10-22 23:30:33.000,362,93986
2025-10-22 23:30:34.001,355,94986
2025-10-22 23:30:34.001,355,94002
2025-10-22 23:30:34.001,355,93996
2025-10-22 23:30:34.001,355,93987
2025-10-22 23:30:34.001,355,93982
2025-10-22 23:30:34.001,355,93008
2025-10-22 23:30:34.001,355,93002
2025-10-22 23:30:34.001,355,92976
2025-10-22 23:30:34.001,355,91998
2025-10-22 23:30:34.001,355,91995
2025-10-22 23:30:35.000,348,92988
2025-10-22 23:30:35.000,348,92982
2025-10-22 23:30:35.000,348,92003
2025-10-22 23:30:35.000,348,91994
2025-10-22 23:30:35.000,348,91983
2025-10-22 23:30:35.000,348,91982
2025-10-22 23:30:35.000,348,91981
2025-10-22 23:30:35.000,348,91980
2025-10-22 23:30:35.000,348,91001
2025-10-22 23:30:35.000,348,90988
2025-10-22 23:30:36.000,342,91986
2025-10-22 23:30:36.000,342,91982
2025-10-22 23:30:36.000,342,91004
2025-10-22 23:30:36.000,342,90997
2025-10-22 23:30:36.000,342,90989
2025-10-22 23:30:36.000,342,89992
2025-10-22 23:30:36.000,342,89984
2025-10-22 23:30:36.000,342,89001
2025-10-22 23:30:36.000,342,88994
2025-10-22 23:30:36.000,342,88993
2025-10-22 23:30:37.001,340,89977
2025-10-22 23:30:37.001,340,89974
2025-10-22 23:30:37.001,340,89002
2025-10-22 23:30:37.001,340,88991
2025-10-22 23:30:37.001,340,88989
2025-10-22 23:30:37.001,340,88983
2025-10-22 23:30:37.001,340,88982
2025-10-22 23:30:37.001,340,88980
2025-10-22 23:30:37.002,340,87993
2025-10-22 23:30:37.002,340,87001
2025-10-22 23:30:38.000,341,87994
2025-10-22 23:30:38.000,341,87985
2025-10-22 23:30:38.000,341,87981
2025-10-22 23:30:38.000,341,86994
2025-10-22 23:30:38.000,341,86986
2025-10-22 23:30:38.000,341,86005
2025-10-22 23:30:38.000,341,85998
2025-10-22 23:30:38.000,341,85992
2025-10-22 23:30:38.000,341,85989
2025-10-22 23:30:38.000,341,85985
2025-10-22 23:30:39.001,345,86981
2025-10-22 23:30:39.001,345,86001
2025-10-22 23:30:39.001,345,86000
2025-10-22 23:30:39.001,345,85993
2025-10-22 23:30:39.001,345,85991
2025-10-22 23:30:39.001,345,85984
2025-10-22 23:30:39.001,345,85981
2025-10-22 23:30:39.001,345,85003
2025-10-22 23:30:39.001,345,84997
2025-10-22 23:30:39.001,345,83957
2025-10-22 23:30:40.000,342,83975
2025-10-22 23:30:40.000,342,83953
2025-10-22 23:30:40.000,342,82968
2025-10-22 23:30:40.000,342,81975
2025-10-22 23:30:40.000,342,81972
2025-10-22 23:30:40.000,342,81968
2025-10-22 23:30:40.000,342,81962
2025-10-22 23:30:40.000,342,81948
2025-10-22 23:30:40.000,342,81946
2025-10-22 23:30:40.000,342,80953
2025-10-22 23:30:41.001,342,81952
2025-10-22 23:30:41.001,342,81941
2025-10-22 23:30:41.001,342,81938
2025-10-22 23:30:41.001,342,81937
2025-10-22 23:30:41.001,342,80961
2025-10-22 23:30:41.001,342,80952
2025-10-22 23:30:41.001,342,80951
2025-10-22 23:30:41.001,342,80950
2025-10-22 23:30:41.001,342,79977
2025-10-22 23:30:41.001,342,79972
2025-10-22 23:30:42.001,337,80960
2025-10-22 23:30:42.001,337,80950
2025-10-22 23:30:42.001,337,79971
2025-10-22 23:30:42.001,337,79971
2025-10-22 23:30:42.001,337,79966
2025-10-22 23:30:42.001,337,79964
2025-10-22 23:30:42.001,337,79957
2025-10-22 23:30:42.001,337,78951
2025-10-22 23:30:42.001,337,77975
2025-10-22 23:30:42.001,337,77964
2025-10-22 23:30:43.000,331,78958
2025-10-22 23:30:43.000,331,78952
2025-10-22 23:30:43.000,331,77975
2025-10-22 23:30:43.000,331,77958
2025-10-22 23:30:43.000,331,77956
2025-10-22 23:30:43.001,331,77954
2025-10-22 23:30:43.001,331,77952
2025-10-22 23:30:43.001,331,77952
2025-10-22 23:30:43.001,331,76964
2025-10-22 23:30:43.001,331,76963
2025-10-22 23:30:44.000,328,77961
2025-10-22 23:30:44.000,328,77959
2025-10-22 23:30:44.000,328,77952
2025-10-22 23:30:44.000,328,76964
2025-10-22 23:30:44.000,328,75973
2025-10-22 23:30:44.000,328,75972
2025-10-22 23:30:44.000,328,75967
2025-10-22 23:30:44.000,328,75965
2025-10-22 23:30:44.000,328,75949
2025-10-22 23:30:44.000,328,74967
2025-10-22 23:30:45.001,328,75957
2025-10-22 23:30:45.001,328,75957
2025-10-22 23:30:45.001,328,74976
2025-10-22 23:30:45.001,328,74973
2025-10-22 23:30:45.001,328,74973
2025-10-22 23:30:45.001,328,74965
2025-10-22 23:30:45.001,328,74960
2025-10-22 23:30:45.001,328,73961
2025-10-22 23:30:45.001,328,73958
2025-10-22 23:30:45.001,328,73950
2025-10-22 23:30:46.000,330,74947
2025-10-22 23:30:46.000,330,73970
2025-10-22 23:30:46.000,330,73967
2025-10-22 23:30:46.000,330,73957
2025-10-22 23:30:46.000,330,72957
2025-10-22 23:30:46.000,330,72948
2025-10-22 23:30:46.000,330,71966
2025-10-22 23:30:46.000,330,71952
2025-10-22 23:30:46.000,330,70934
2025-10-22 23:30:46.000,330,70932
2025-10-22 23:30:47.001,332,71917
2025-10-22 23:30:47.001,332,70928
2025-10-22 23:30:47.001,332,70925
2025-10-22 23:30:47.001,332,69942
2025-10-22 23:30:47.001,332,69941
2025-10-22 23:30:47.001,332,69935
2025-10-22 23:30:47.001,332,69919
2025-10-22 23:30:47.001,332,69916
2025-10-22 23:30:47.001,332,68937
2025-10-22 23:30:47.002,332,67944
2025-10-22 23:30:48.001,334,68932
2025-10-22 23:30:48.001,334,68921
2025-10-22 23:30:48.001,334,67944
2025-10-22 23:30:48.001,334,67939
2025-10-22 23:30:48.001,334,67936
2025-10-22 23:30:48.001,334,67928
2025-10-22 23:30:48.001,334,67911
2025-10-22 23:30:48.001,334,66932
2025-10-22 23:30:48.001,334,66924
2025-10-22 23:30:48.001,334,65932
2025-10-22 23:30:49.001,330,66930
2025-10-22 23:30:49.001,330,66926
2025-10-22 23:30:49.001,330,66919
2025-10-22 23:30:49.001,330,66918
2025-10-22 23:30:49.001,330,65939
2025-10-22 23:30:49.001,330,65936
2025-10-22 23:30:49.001,330,65927
2025-10-22 23:30:49.001,330,64940
2025-10-22 23:30:49.001,330,64931
2025-10-22 23:30:49.001,330,64929
2025-10-22 23:30:50.000,326,65919
2025-10-22 23:30:50.000,326,65918
2025-10-22 23:30:50.000,326,64943
2025-10-22 23:30:50.000,326,64936
2025-10-22 23:30:50.000,326,64934
2025-10-22 23:30:50.000,326,64932
2025-10-22 23:30:50.000,326,64931
2025-10-22 23:30:50.000,326,64928
2025-10-22 23:30:50.000,326,64925
2025-10-22 23:30:50.000,326,63943
2025-10-22 23:30:51.001,321,64937
2025-10-22 23:30:51.001,321,64924
2025-10-22 23:30:51.001,321,63927
2025-10-22 23:30:51.001,321,63921
2025-10-22 23:30:51.001,321,62947
2025-10-22 23:30:51.001,321,62941
2025-10-22 23:30:51.001,321,62924
2025-10-22 23:30:51.001,321,61943
2025-10-22 23:30:51.001,321,61937
2025-10-22 23:30:51.001,321,61932
2025-10-22 23:30:52.000,318,62923
2025-10-22 23:30:52.000,318,61941
2025-10-22 23:30:52.000,318,61934
2025-10-22 23:30:52.000,318,61927
2025-10-22 23:30:52.000,318,61923
2025-10-22 23:30:52.000,318,61918
2025-10-22 23:30:52.000,318,61915
2025-10-22 23:30:52.000,318,60943
2025-10-22 23:30:52.000,318,60936
2025-10-22 23:30:52.000,318,60935
2025-10-22 23:30:53.001,321,61933
2025-10-22 23:30:53.001,321,61923
2025-10-22 23:30:53.001,321,60921
2025-10-22 23:30:53.001,321,59939
2025-10-22 23:30:53.001,321,59937
2025-10-22 23:30:53.001,321,59921
2025-10-22 23:30:53.001,321,59918
2025-10-22 23:30:53.001,321,58941
2025-10-22 23:30:53.001,321,58936
2025-10-22 23:30:53.001,321,58935
2025-10-22 23:30:54.000,321,59933
2025-10-22 23:30:54.000,321,59927
2025-10-22 23:30:54.000,321,58902
2025-10-22 23:30:54.000,321,58899
2025-10-22 23:30:54.000,321,58890
2025-10-22 23:30:54.000,321,57910
2025-10-22 23:30:54.000,321,57904
2025-10-22 23:30:54.000,321,57900
2025-10-22 23:30:54.000,321,57896
2025-10-22 23:30:54.000,321,56910
2025-10-22 23:30:55.000,320,57901
2025-10-22 23:30:55.000,320,57890
2025-10-22 23:30:55.000,320,56885
2025-10-22 23:30:55.000,320,55906
2025-10-22 23:30:55.000,320,55899
2025-10-22 23:30:55.000,320,55897
2025-10-22 23:30:55.000,320,55889
2025-10-22 23:30:55.000,320,55887
2025-10-22 23:30:55.000,320,54912
2025-10-22 23:30:55.000,320,54908
2025-10-22 23:30:56.001,317,55906
2025-10-22 23:30:56.001,317,55905
2025-10-22 23:30:56.001,317,55900
2025-10-22 23:30:56.001,317,54915
2025-10-22 23:30:56.001,317,54900
2025-10-22 23:30:56.001,317,54897
2025-10-22 23:30:56.001,317,54896
2025-10-22 23:30:56.001,317,54887
2025-10-22 23:30:56.001,317,53910
2025-10-22 23:30:56.001,317,53909
2025-10-22 23:30:57.000,327,54904
2025-10-22 23:30:57.001,327,54900
2025-10-22 23:30:57.001,327,54893
2025-10-22 23:30:57.001,327,53915
2025-10-22 23:30:57.001,327,53904
2025-10-22 23:30:57.001,327,53902
2025-10-22 23:30:57.001,327,53899
2025-10-22 23:30:57.001,327,53895
2025-10-22 23:30:57.001,327,53893
2025-10-22 23:30:57.001,327,53884
2025-10-22 23:30:58.000,333,53904
2025-10-22 23:30:58.000,333,53904
2025-10-22 23:30:58.000,333,53886
2025-10-22 23:30:58.000,333,52889
2025-10-22 23:30:58.000,333,52887
2025-10-22 23:30:58.000,333,50911
2025-10-22 23:30:58.000,333,50908
2025-10-22 23:30:58.000,333,50904
2025-10-22 23:30:58.000,333,50897
2025-10-22 23:30:58.000,333,50894
2025-10-22 23:30:59.001,350,51889
2025-10-22 23:30:59.001,350,50914
2025-10-22 23:30:59.001,350,49892
2025-10-22 23:30:59.001,350,48911
2025-10-22 23:30:59.001,350,48901
2025-10-22 23:30:59.001,350,48895
2025-10-22 23:30:59.001,350,48893
2025-10-22 23:30:59.001,350,48889
2025-10-22 23:30:59.001,350,47916
2025-10-22 23:30:59.001,350,47900
2025-10-22 23:31:00.000,357,48893
2025-10-22 23:31:00.000,357,48889
2025-10-22 23:31:00.000,357,47908
2025-10-22 23:31:00.000,357,45912
2025-10-22 23:31:00.000,357,45907
2025-10-22 23:31:00.000,357,45897
2025-10-22 23:31:00.000,357,44885
2025-10-22 23:31:00.000,357,44873
2025-10-22 23:31:00.000,357,43884
2025-10-22 23:31:00.000,357,43884
2025-10-22 23:31:01.000,361,44877
2025-10-22 23:31:01.000,361,44874
2025-10-22 23:31:01.000,361,44871
2025-10-22 23:31:01.000,361,44859
2025-10-22 23:31:01.000,361,44857
2025-10-22 23:31:01.000,361,44855
2025-10-22 23:31:01.000,361,43884
2025-10-22 23:31:01.001,361,43877
2025-10-22 23:31:01.001,361,43874
2025-10-22 23:31:01.001,361,43872
2025-10-22 23:31:02.000,371,44870
2025-10-22 23:31:02.000,371,44867
2025-10-22 23:31:02.000,371,44862
2025-10-22 23:31:02.000,371,44859
2025-10-22 23:31:02.000,371,43884
2025-10-22 23:31:02.000,371,43880
2025-10-22 23:31:02.000,371,43879
2025-10-22 23:31:02.000,371,43869
2025-10-22 23:31:02.000,371,43867
2025-10-22 23:31:02.000,371,42884
2025-10-22 23:31:03.001,382,43877
2025-10-22 23:31:03.001,382,43874
2025-10-22 23:31:03.001,382,42863
2025-10-22 23:31:03.001,382,41867
2025-10-22 23:31:03.001,382,41864
2025-10-22 23:31:03.001,382,41863
2025-10-22 23:31:03.001,382,40886
2025-10-22 23:31:03.001,382,40882
2025-10-22 23:31:03.001,382,40879
2025-10-22 23:31:03.001,382,40878
2025-10-22 23:31:04.001,390,41872
2025-10-22 23:31:04.001,390,41869
2025-10-22 23:31:04.001,390,40874
2025-10-22 23:31:04.001,390,40872
2025-10-22 23:31:04.001,390,40867
2025-10-22 23:31:04.001,390,40861
2025-10-22 23:31:04.001,390,40860
2025-10-22 23:31:04.001,390,40859
2025-10-22 23:31:04.001,390,39882
2025-10-22 23:31:04.001,390,39874
2025-10-22 23:31:05.001,403,40838
2025-10-22 23:31:05.001,403,40833
2025-10-22 23:31:05.001,403,40831
2025-10-22 23:31:05.001,403,39874
2025-10-22 23:31:05.001,403,39873
2025-10-22 23:31:05.001,403,39870
2025-10-22 23:31:05.001,403,39866
2025-10-22 23:31:05.001,403,38883
2025-10-22 23:31:05.001,403,38860
2025-10-22 23:31:05.001,403,37879
2025-10-22 23:31:06.000,412,38872
2025-10-22 23:31:06.000,412,38871
2025-10-22 23:31:06.000,412,38868
2025-10-22 23:31:06.000,412,38866
2025-10-22 23:31:06.000,412,38863
2025-10-22 23:31:06.000,412,38861
2025-10-22 23:31:06.000,412,37873
2025-10-22 23:31:06.000,412,37863
2025-10-22 23:31:06.000,412,36883
2025-10-22 23:31:06.000,412,36879
2025-10-22 23:31:07.001,420,37868
2025-10-22 23:31:07.001,420,37866
2025-10-22 23:31:07.001,420,37865
2025-10-22 23:31:07.001,420,37863
2025-10-22 23:31:07.001,420,36881
2025-10-22 23:31:07.001,420,36863
2025-10-22 23:31:07.001,420,36862
2025-10-22 23:31:07.001,420,35880
2025-10-22 23:31:07.001,420,35874
2025-10-22 23:31:07.001,420,35870
2025-10-22 23:31:08.000,432,36866
2025-10-22 23:31:08.000,432,36859
2025-10-22 23:31:08.000,432,35876
2025-10-22 23:31:08.000,432,35873
2025-10-22 23:31:08.000,432,35862
2025-10-22 23:31:08.000,432,34868
2025-10-22 23:31:08.000,432,34867
2025-10-22 23:31:08.000,432,34864
2025-10-22 23:31:08.000,432,33857
2025-10-22 23:31:08.000,432,33851
2025-10-22 23:31:09.001,433,34841
2025-10-22 23:31:09.001,433,34840
2025-10-22 23:31:09.001,433,33811
2025-10-22 23:31:09.001,433,33804
2025-10-22 23:31:09.001,433,33793
2025-10-22 23:31:09.001,433,33783
2025-10-22 23:31:09.001,433,33774
2025-10-22 23:31:09.001,433,33765
2025-10-22 23:31:09.001,433,33761
2025-10-22 23:31:09.001,433,33755
2025-10-22 23:31:10.000,440,33825
2025-10-22 23:31:10.000,440,33824
2025-10-22 23:31:10.000,440,33818
2025-10-22 23:31:10.000,440,33817
2025-10-22 23:31:10.000,440,33797
2025-10-22 23:31:10.000,440,33785
2025-10-22 23:31:10.000,440,33784
2025-10-22 23:31:10.001,440,33776
2025-10-22 23:31:10.001,440,33760
2025-10-22 23:31:10.001,440,33760
2025-10-22 23:31:11.001,454,34756
2025-10-22 23:31:11.001,454,33812
2025-10-22 23:31:11.001,454,33811
2025-10-22 23:31:11.001,454,33803
2025-10-22 23:31:11.001,454,33798
2025-10-22 23:31:11.001,454,33790
2025-10-22 23:31:11.001,454,33783
2025-10-22 23:31:11.001,454,33780
2025-10-22 23:31:11.001,454,33776
2025-10-22 23:31:11.001,454,33769
2025-10-22 23:31:12.001,463,34766
2025-10-22 23:31:12.001,463,34764
2025-10-22 23:31:12.001,463,34760
2025-10-22 23:31:12.001,463,34758
2025-10-22 23:31:12.001,463,34753
2025-10-22 23:31:12.001,463,33801
2025-10-22 23:31:12.001,463,33778
2025-10-22 23:31:12.001,463,33775
2025-10-22 23:31:12.001,463,33772
2025-10-22 23:31:12.001,463,33767
2025-10-22 23:31:13.000,474,34764
2025-10-22 23:31:13.000,474,34757
2025-10-22 23:31:13.000,474,33818
2025-10-22 23:31:13.000,474,33814
2025-10-22 23:31:13.000,474,33812
2025-10-22 23:31:13.000,474,33806
2025-10-22 23:31:13.000,474,33804
2025-10-22 23:31:13.000,474,33785
2025-10-22 23:31:13.000,474,33782
2025-10-22 23:31:13.000,474,33778
2025-10-22 23:31:14.000,484,34768
2025-10-22 23:31:14.000,484,34764
2025-10-22 23:31:14.000,484,33799
2025-10-22 23:31:14.000,484,33797
2025-10-22 23:31:14.000,484,33793
2025-10-22 23:31:14.000,484,33792
2025-10-22 23:31:14.000,484,33753
2025-10-22 23:31:14.000,484,32823
2025-10-22 23:31:14.000,484,32822
2025-10-22 23:31:14.000,484,32800
2025-10-22 23:31:15.001,496,33786
2025-10-22 23:31:15.001,496,32809
2025-10-22 23:31:15.001,496,32802
2025-10-22 23:31:15.001,496,32790
2025-10-22 23:31:15.001,496,32779
2025-10-22 23:31:15.001,496,32772
2025-10-22 23:31:15.001,496,32768
2025-10-22 23:31:15.001,496,32767
2025-10-22 23:31:15.001,496,31824
2025-10-22 23:31:15.001,496,31822
2025-10-22 23:31:16.000,512,32810
2025-10-22 23:31:16.000,512,32809
2025-10-22 23:31:16.000,512,32805
2025-10-22 23:31:16.000,512,32799
2025-10-22 23:31:16.000,512,32779
2025-10-22 23:31:16.000,512,32770
2025-10-22 23:31:16.000,512,32766
2025-10-22 23:31:16.000,512,32766
2025-10-22 23:31:16.000,512,31809
2025-10-22 23:31:16.000,512,31807
2025-10-22 23:31:17.000,511,32806
2025-10-22 23:31:17.000,511,32805
2025-10-22 23:31:17.000,511,32802
2025-10-22 23:31:17.000,511,32801
2025-10-22 23:31:17.000,511,32799
2025-10-22 23:31:17.000,511,32785
2025-10-22 23:31:17.000,511,32776
2025-10-22 23:31:17.001,511,32767
2025-10-22 23:31:17.001,511,32754
2025-10-22 23:31:17.001,511,32752
2025-10-22 23:31:18.000,507,32820
2025-10-22 23:31:18.000,507,32802
2025-10-22 23:31:18.000,507,32800
2025-10-22 23:31:18.000,507,32798
2025-10-22 23:31:18.000,507,32797
2025-10-22 23:31:18.000,507,32790
2025-10-22 23:31:18.000,507,32781
2025-10-22 23:31:18.000,507,32775
2025-10-22 23:31:18.000,507,32773
2025-10-22 23:31:18.000,507,32758
2025-10-22 23:31:19.001,507,33757
2025-10-22 23:31:19.001,507,33756
2025-10-22 23:31:19.001,507,32815
2025-10-22 23:31:19.001,507,32810
2025-10-22 23:31:19.001,507,32809
2025-10-22 23:31:19.001,507,32800
2025-10-22 23:31:19.001,507,32795
2025-10-22 23:31:19.001,507,32790
2025-10-22 23:31:19.001,507,32782
2025-10-22 23:31:19.001,507,32773
2025-10-22 23:31:20.001,503,33771
2025-10-22 23:31:20.001,503,33766
2025-10-22 23:31:20.001,503,33766
2025-10-22 23:31:20.001,503,33762
2025-10-22 23:31:20.001,503,32813
2025-10-22 23:31:20.001,503,32812
2025-10-22 23:31:20.001,503,32803
2025-10-22 23:31:20.001,503,32800
2025-10-22 23:31:20.001,503,32788
2025-10-22 23:31:20.001,503,32767
2025-10-22 23:31:21.000,502,32816
2025-10-22 23:31:21.000,502,32811
2025-10-22 23:31:21.000,502,32794
2025-10-22 23:31:21.000,502,32791
2025-10-22 23:31:21.000,502,32785
2025-10-22 23:31:21.000,502,32784
2025-10-22 23:31:21.000,502,31819
2025-10-22 23:31:21.000,502,31799
2025-10-22 23:31:21.000,502,31792
2025-10-22 23:31:21.000,502,31760
2025-10-22 23:31:22.000,508,32759
2025-10-22 23:31:22.000,508,31804
2025-10-22 23:31:22.000,508,31794
2025-10-22 23:31:22.000,508,31784
2025-10-22 23:31:22.000,508,31778
2025-10-22 23:31:22.000,508,31776
2025-10-22 23:31:22.000,508,31769
2025-10-22 23:31:22.000,508,31733
2025-10-22 23:31:22.000,508,30822
2025-10-22 23:31:22.000,508,30821
2025-10-22 23:31:23.000,506,31818
2025-10-22 23:31:23.001,506,31815
2025-10-22 23:31:23.001,506,31815
2025-10-22 23:31:23.001,506,31803
2025-10-22 23:31:23.001,506,31800
2025-10-22 23:31:23.001,506,31796
2025-10-22 23:31:23.001,506,31792
2025-10-22 23:31:23.001,506,31782
2025-10-22 23:31:23.001,506,31780
2025-10-22 23:31:23.001,506,31772
2025-10-22 23:31:24.000,507,32764
2025-10-22 23:31:24.000,507,31825
2025-10-22 23:31:24.000,507,31820
2025-10-22 23:31:24.000,507,31818
2025-10-22 23:31:24.000,507,31812
2025-10-22 23:31:24.000,507,31811
2025-10-22 23:31:24.001,507,31797
2025-10-22 23:31:24.001,507,31797
2025-10-22 23:31:24.001,507,31792
2025-10-22 23:31:24.001,507,31779
2025-10-22 23:31:25.001,508,32771
2025-10-22 23:31:25.001,508,31824
2025-10-22 23:31:25.001,508,31810
2025-10-22 23:31:25.001,508,31807
2025-10-22 23:31:25.001,508,31805
2025-10-22 23:31:25.001,508,31801
2025-10-22 23:31:25.001,508,31780
2025-10-22 23:31:25.001,508,31766
2025-10-22 23:31:25.001,508,31761
2025-10-22 23:31:25.001,508,31759
2025-10-22 23:31:26.001,504,31826
2025-10-22 23:31:26.001,504,31813
2025-10-22 23:31:26.001,504,31801
2025-10-22 23:31:26.001,504,31800
2025-10-22 23:31:26.001,504,31783
2025-10-22 23:31:26.001,504,31774
2025-10-22 23:31:26.001,504,31773
2025-10-22 23:31:26.001,504,30747
2025-10-22 23:31:26.001,504,30746
2025-10-22 23:31:26.001,504,30725
2025-10-22 23:31:27.001,501,31721
2025-10-22 23:31:27.001,501,31718
2025-10-22 23:31:27.001,501,31701
2025-10-22 23:31:27.001,501,31697
2025-10-22 23:31:27.001,501,31687
2025-10-22 23:31:27.001,501,31667
2025-10-22 23:31:27.001,501,31655
2025-10-22 23:31:27.001,501,31653
2025-10-22 23:31:27.001,501,31652
2025-10-22 23:31:27.001,501,31652
2025-10-22 23:31:28.000,496,32648
2025-10-22 23:31:28.000,496,32644
2025-10-22 23:31:28.000,496,32643
2025-10-22 23:31:28.000,496,32634
2025-10-22 23:31:28.000,496,32629
2025-10-22 23:31:28.000,496,32616
2025-10-22 23:31:28.000,496,32616
2025-10-22 23:31:28.000,496,31750
2025-10-22 23:31:28.000,496,31737
2025-10-22 23:31:28.000,496,31732
2025-10-22 23:31:29.000,493,32729
2025-10-22 23:31:29.001,493,32682
2025-10-22 23:31:29.001,493,32668
2025-10-22 23:31:29.001,493,32665
2025-10-22 23:31:29.001,493,32663
2025-10-22 23:31:29.001,493,32652
2025-10-22 23:31:29.001,493,32647
2025-10-22 23:31:29.001,493,32642
2025-10-22 23:31:29.001,493,32635
2025-10-22 23:31:29.001,493,32633
2025-10-22 23:31:30.001,492,33629
2025-10-22 23:31:30.001,492,33623
2025-10-22 23:31:30.001,492,33619
2025-10-22 23:31:30.001,492,32753
2025-10-22 23:31:30.001,492,32740
2025-10-22 23:31:30.001,492,32731
2025-10-22 23:31:30.001,492,32716
2025-10-22 23:31:30.001,492,32715
2025-10-22 23:31:30.001,492,32710
2025-10-22 23:31:30.001,492,32708
2025-10-22 23:31:31.001,489,33698
2025-10-22 23:31:31.001,489,33689
2025-10-22 23:31:31.001,489,33676
2025-10-22 23:31:31.001,489,33671
2025-10-22 23:31:31.001,489,33667
2025-10-22 23:31:31.001,489,33667
2025-10-22 23:31:31.001,489,33658
2025-10-22 23:31:31.001,489,33657
2025-10-22 23:31:31.001,489,33655
2025-10-22 23:31:31.001,489,33653
2025-10-22 23:31:32.000,494,34650
2025-10-22 23:31:32.000,494,34641
2025-10-22 23:31:32.000,494,34639
2025-10-22 23:31:32.000,494,34638
2025-10-22 23:31:32.000,494,34623
2025-10-22 23:31:32.000,494,34622
2025-10-22 23:31:32.000,494,34618
2025-10-22 23:31:32.000,494,34615
2025-10-22 23:31:32.000,494,34615
2025-10-22 23:31:32.000,494,34612
2025-10-22 23:31:33.001,499,34746
2025-10-22 23:31:33.001,499,34742
2025-10-22 23:31:33.001,499,34727
2025-10-22 23:31:33.001,499,34725
2025-10-22 23:31:33.001,499,34724
2025-10-22 23:31:33.001,499,34722
2025-10-22 23:31:33.001,499,34717
2025-10-22 23:31:33.001,499,34717
2025-10-22 23:31:33.001,499,34715
2025-10-22 23:31:33.001,499,34706
2025-10-22 23:31:34.000,503,35673
2025-10-22 23:31:34.000,503,35665
2025-10-22 23:31:34.000,503,35647
2025-10-22 23:31:34.000,503,35641
2025-10-22 23:31:34.000,503,35639
2025-10-22 23:31:34.000,503,35634
2025-10-22 23:31:34.000,503,35626
2025-10-22 23:31:34.001,503,34734
2025-10-22 23:31:34.001,503,34728
2025-10-22 23:31:34.001,503,34721
2025-10-22 23:31:35.000,500,35711
2025-10-22 23:31:35.000,500,35701
2025-10-22 23:31:35.000,500,35675
2025-10-22 23:31:35.000,500,35656
2025-10-22 23:31:35.000,500,35654
2025-10-22 23:31:35.000,500,35653
2025-10-22 23:31:35.000,500,35648
2025-10-22 23:31:35.000,500,35645
2025-10-22 23:31:35.000,500,35644
2025-10-22 23:31:35.000,500,35632
2025-10-22 23:31:36.001,499,36616
2025-10-22 23:31:36.001,499,35749
2025-10-22 23:31:36.001,499,35748
2025-10-22 23:31:36.001,499,35742
2025-10-22 23:31:36.001,499,35735
2025-10-22 23:31:36.001,499,35734
2025-10-22 23:31:36.001,499,35718
2025-10-22 23:31:36.001,499,35715
2025-10-22 23:31:36.001,499,35708
2025-10-22 23:31:36.001,499,35706
2025-10-22 23:31:37.001,492,36699
2025-10-22 23:31:37.001,492,36698
2025-10-22 23:31:37.001,492,36688
2025-10-22 23:31:37.001,492,36687
2025-10-22 23:31:37.001,492,36668
2025-10-22 23:31:37.001,492,36665
2025-10-22 23:31:37.001,492,36655
2025-10-22 23:31:37.001,492,36642
2025-10-22 23:31:37.001,492,36640
2025-10-22 23:31:37.001,492,36633
2025-10-22 23:31:38.001,486,37621
2025-10-22 23:31:38.001,486,36740
2025-10-22 23:31:38.001,486,36728
2025-10-22 23:31:38.001,486,36716
2025-10-22 23:31:38.001,486,36709
2025-10-22 23:31:38.001,486,36701
2025-10-22 23:31:38.001,486,36699
2025-10-22 23:31:38.002,486,36694
2025-10-22 23:31:38.002,486,36688
2025-10-22 23:31:38.002,486,36686
2025-10-22 23:31:39.000,481,37683
2025-10-22 23:31:39.000,481,37681
2025-10-22 23:31:39.000,481,37677
2025-10-22 23:31:39.000,481,37651
2025-10-22 23:31:39.000,481,37648
2025-10-22 23:31:39.000,481,37646
2025-10-22 23:31:39.000,481,37646
2025-10-22 23:31:39.000,481,37635
2025-10-22 23:31:39.000,481,37626
2025-10-22 23:31:39.000,481,37625
2025-10-22 23:31:40.001,478,38620
2025-10-22 23:31:40.001,478,38615
2025-10-22 23:31:40.001,478,37746
2025-10-22 23:31:40.001,478,37744
2025-10-22 23:31:40.001,478,37742
2025-10-22 23:31:40.001,478,37737
2025-10-22 23:31:40.001,478,37735
2025-10-22 23:31:40.001,478,37716
2025-10-22 23:31:40.001,478,37711
2025-10-22 23:31:40.001,478,37708
2025-10-22 23:31:41.001,468,38706
2025-10-22 23:31:41.001,468,38694
2025-10-22 23:31:41.001,468,38682
2025-10-22 23:31:41.001,468,38677
2025-10-22 23:31:41.001,468,38641
2025-10-22 23:31:41.001,468,38635
2025-10-22 23:31:41.001,468,38634
2025-10-22 23:31:41.001,468,38629
2025-10-22 23:31:41.001,468,38623
2025-10-22 23:31:41.001,468,38614
2025-10-22 23:31:42.000,461,38747
2025-10-22 23:31:42.000,461,38745
2025-10-22 23:31:42.000,461,38733
2025-10-22 23:31:42.000,461,38730
2025-10-22 23:31:42.000,461,38722
2025-10-22 23:31:42.000,461,38718
2025-10-22 23:31:42.000,461,38685
2025-10-22 23:31:42.000,461,38682
2025-10-22 23:31:42.000,461,38681
2025-10-22 23:31:42.000,461,38677
2025-10-22 23:31:43.000,455,39669
2025-10-22 23:31:43.001,455,39666
2025-10-22 23:31:43.001,455,39661
2025-10-22 23:31:43.001,455,39660
2025-10-22 23:31:43.001,455,39655
2025-10-22 23:31:43.001,455,39653
2025-10-22 23:31:43.001,455,39641
2025-10-22 23:31:43.001,455,39638
2025-10-22 23:31:43.001,455,39619
2025-10-22 23:31:43.001,455,39615
2025-10-22 23:31:44.001,449,40612
2025-10-22 23:31:44.001,449,40611
2025-10-22 23:31:44.001,449,40606
2025-10-22 23:31:44.001,449,39746
2025-10-22 23:31:44.001,449,39745
2025-10-22 23:31:44.001,449,39734
2025-10-22 23:31:44.001,449,39728
2025-10-22 23:31:44.001,449,39713
2025-10-22 23:31:44.001,449,39709
2025-10-22 23:31:44.001,449,39696
2025-10-22 23:31:45.000,442,40689
2025-10-22 23:31:45.000,442,40681
2025-10-22 23:31:45.000,442,40677
2025-10-22 23:31:45.000,442,40664
2025-10-22 23:31:45.000,442,40662
2025-10-22 23:31:45.000,442,40645
2025-10-22 23:31:45.000,442,40620
2025-10-22 23:31:45.000,442,40619
2025-10-22 23:31:45.000,442,40617
2025-10-22 23:31:45.000,442,40616
2025-10-22 23:31:46.000,436,41611
2025-10-22 23:31:46.000,436,41602
2025-10-22 23:31:46.000,436,40745
2025-10-22 23:31:46.000,436,40731
2025-10-22 23:31:46.000,436,40721
2025-10-22 23:31:46.000,436,40719
2025-10-22 23:31:46.000,436,40712
2025-10-22 23:31:46.000,436,40702
2025-10-22 23:31:46.000,436,40700
2025-10-22 23:31:46.000,436,40695
2025-10-22 23:31:47.000,431,41694
2025-10-22 23:31:47.000,431,41682
2025-10-22 23:31:47.000,431,41680
2025-10-22 23:31:47.000,431,41677
2025-10-22 23:31:47.000,431,41676
2025-10-22 23:31:47.000,431,41669
2025-10-22 23:31:47.000,431,41666
2025-10-22 23:31:47.000,431,41636
2025-10-22 23:31:47.000,431,41631
2025-10-22 23:31:47.000,431,41621
2025-10-22 23:31:48.001,425,41743
2025-10-22 23:31:48.001,425,41735
2025-10-22 23:31:48.001,425,41728
2025-10-22 23:31:48.001,425,41713
2025-10-22 23:31:48.001,425,41712
2025-10-22 23:31:48.001,425,41708
2025-10-22 23:31:48.001,425,41706
2025-10-22 23:31:48.001,425,41700
2025-10-22 23:31:48.001,425,41691
2025-10-22 23:31:48.001,425,41679
2025-10-22 23:31:49.000,420,42670
2025-10-22 23:31:49.000,420,42666
2025-10-22 23:31:49.000,420,42655
2025-10-22 23:31:49.000,420,42649
2025-10-22 23:31:49.000,420,42647
2025-10-22 23:31:49.000,420,42641
2025-10-22 23:31:49.000,420,42631
2025-10-22 23:31:49.000,420,42630
2025-10-22 23:31:49.000,420,42627
2025-10-22 23:31:49.000,420,42623
2025-10-22 23:31:50.001,413,43612
2025-10-22 23:31:50.001,413,43611
2025-10-22 23:31:50.001,413,42744
2025-10-22 23:31:50.001,413,42737
2025-10-22 23:31:50.001,413,42705
2025-10-22 23:31:50.001,413,42698
2025-10-22 23:31:50.001,413,42695
2025-10-22 23:31:50.001,413,42693
2025-10-22 23:31:50.001,413,42679
2025-10-22 23:31:50.001,413,42636
2025-10-22 23:31:51.001,406,43600
2025-10-22 23:31:51.001,406,43598
2025-10-22 23:31:51.001,406,43595
2025-10-22 23:31:51.001,406,42751
2025-10-22 23:31:51.001,406,42736
2025-10-22 23:31:51.001,406,42724
2025-10-22 23:31:51.001,406,42720
2025-10-22 23:31:51.001,406,42698
2025-10-22 23:31:51.001,406,42695
2025-10-22 23:31:51.001,406,42681
2025-10-22 23:31:52.000,400,43677
2025-10-22 23:31:52.000,400,43676
2025-10-22 23:31:52.000,400,43666
2025-10-22 23:31:52.000,400,43659
2025-10-22 23:31:52.000,400,43652
2025-10-22 23:31:52.001,400,43649
2025-10-22 23:31:52.001,400,43637
2025-10-22 23:31:52.001,400,43636
2025-10-22 23:31:52.001,400,43634
2025-10-22 23:31:52.001,400,43623
2025-10-22 23:31:53.000,396,43733
2025-10-22 23:31:53.000,396,43701
2025-10-22 23:31:53.000,396,43700
2025-10-22 23:31:53.000,396,43697
2025-10-22 23:31:53.000,396,43687
2025-10-22 23:31:53.000,396,43684
2025-10-22 23:31:53.000,396,43683
2025-10-22 23:31:53.000,396,43681
2025-10-22 23:31:53.000,396,43675
2025-10-22 23:31:53.000,396,43673
2025-10-22 23:31:54.001,391,44668
2025-10-22 23:31:54.001,391,44666
2025-10-22 23:31:54.001,391,44665
2025-10-22 23:31:54.001,391,44664
2025-10-22 23:31:54.001,391,44653
2025-10-22 23:31:54.001,391,44652
2025-10-22 23:31:54.001,391,44649
2025-10-22 23:31:54.001,391,44646
2025-10-22 23:31:54.001,391,44644
2025-10-22 23:31:54.001,391,44642
2025-10-22 23:31:55.001,385,45638
2025-10-22 23:31:55.001,385,45614
2025-10-22 23:31:55.001,385,45612
2025-10-22 23:31:55.001,385,45598
2025-10-22 23:31:55.001,385,44743
2025-10-22 23:31:55.001,385,44716
2025-10-22 23:31:55.001,385,44702
2025-10-22 23:31:55.001,385,44698
2025-10-22 23:31:55.001,385,44691
2025-10-22 23:31:55.001,385,44676
2025-10-22 23:31:56.000,381,45668
2025-10-22 23:31:56.000,381,45667
2025-10-22 23:31:56.000,381,45664
2025-10-22 23:31:56.000,381,45657
2025-10-22 23:31:56.000,381,45654
2025-10-22 23:31:56.000,381,45651
2025-10-22 23:31:56.000,381,45634
2025-10-22 23:31:56.000,381,45632
2025-10-22 23:31:56.000,381,45627
2025-10-22 23:31:56.001,381,45622
2025-10-22 23:31:57.000,376,46618
2025-10-22 23:31:57.000,376,46616
2025-10-22 23:31:57.000,376,46613
2025-10-22 23:31:57.000,376,45751
2025-10-22 23:31:57.000,376,45744
2025-10-22 23:31:57.000,376,45725
2025-10-22 23:31:57.000,376,45725
2025-10-22 23:31:57.000,376,45724
2025-10-22 23:31:57.000,376,45719
2025-10-22 23:31:57.000,376,45711
2025-10-22 23:31:58.001,369,46711
2025-10-22 23:31:58.001,369,46710
2025-10-22 23:31:58.001,369,46703
2025-10-22 23:31:58.001,369,46699
2025-10-22 23:31:58.001,369,46691
2025-10-22 23:31:58.001,369,46686
2025-10-22 23:31:58.001,369,46672
2025-10-22 23:31:58.001,369,46670
2025-10-22 23:31:58.001,369,46666
2025-10-22 23:31:58.001,369,46654
2025-10-22 23:31:59.000,365,47647
2025-10-22 23:31:59.000,365,47644
2025-10-22 23:31:59.000,365,47631
2025-10-22 23:31:59.000,365,47625
2025-10-22 23:31:59.000,365,46746
2025-10-22 23:31:59.000,365,46743
2025-10-22 23:31:59.000,365,46730
2025-10-22 23:31:59.000,365,46724
2025-10-22 23:31:59.000,365,46723
2025-10-22 23:31:59.000,365,46720
2025-10-22 23:32:00.001,359,47717
2025-10-22 23:32:00.001,359,47716
2025-10-22 23:32:00.001,359,47712
2025-10-22 23:32:00.001,359,47709
2025-10-22 23:32:00.001,359,47708
2025-10-22 23:32:00.001,359,47703
2025-10-22 23:32:00.001,359,47670
2025-10-22 23:32:00.001,359,47663
2025-10-22 23:32:00.001,359,47652
2025-10-22 23:32:00.001,359,47649
2025-10-22 23:32:01.001,354,48642
2025-10-22 23:32:01.001,354,48629
2025-10-22 23:32:01.001,354,48628
2025-10-22 23:32:01.001,354,48617
2025-10-22 23:32:01.001,354,47751
2025-10-22 23:32:01.001,354,47747
2025-10-22 23:32:01.001,354,47743
2025-10-22 23:32:01.001,354,47739
2025-10-22 23:32:01.001,354,47737
2025-10-22 23:32:01.001,354,47736
2025-10-22 23:32:02.000,350,48723
2025-10-22 23:32:02.000,350,48714
2025-10-22 23:32:02.000,350,48700
2025-10-22 23:32:02.000,350,48697
2025-10-22 23:32:02.000,350,48696
2025-10-22 23:32:02.000,350,48693
2025-10-22 23:32:02.000,350,48678
2025-10-22 23:32:02.000,350,48675
2025-10-22 23:32:02.000,350,48659
2025-10-22 23:32:02.001,350,48653
2025-10-22 23:32:03.000,345,49648
2025-10-22 23:32:03.000,345,49645
2025-10-22 23:32:03.000,345,49641
2025-10-22 23:32:03.000,345,49637
2025-10-22 23:32:03.000,345,49631
2025-10-22 23:32:03.000,345,49628
2025-10-22 23:32:03.000,345,48752
2025-10-22 23:32:03.000,345,48743
2025-10-22 23:32:03.000,345,48742
2025-10-22 23:32:03.000,345,48729
2025-10-22 23:32:04.001,343,49712
2025-10-22 23:32:04.001,343,49704
2025-10-22 23:32:04.001,343,49701
2025-10-22 23:32:04.001,343,49694
2025-10-22 23:32:04.001,343,49690
2025-10-22 23:32:04.001,343,49685
2025-10-22 23:32:04.001,343,49682
2025-10-22 23:32:04.001,343,49679
2025-10-22 23:32:04.001,343,49671
2025-10-22 23:32:04.001,343,49656
2025-10-22 23:32:05.001,338,50655
2025-10-22 23:32:05.001,338,50650
2025-10-22 23:32:05.001,338,50648
2025-10-22 23:32:05.001,338,50647
2025-10-22 23:32:05.001,338,50647
2025-10-22 23:32:05.001,338,50644
2025-10-22 23:32:05.001,338,50642
2025-10-22 23:32:05.001,338,50635
2025-10-22 23:32:05.001,338,50629
2025-10-22 23:32:05.001,338,50627
2025-10-22 23:32:06.000,332,51624
2025-10-22 23:32:06.000,332,51618
2025-10-22 23:32:06.000,332,50589
2025-10-22 23:32:06.000,332,50579
2025-10-22 23:32:06.000,332,50575
2025-10-22 23:32:06.000,332,50568
2025-10-22 23:32:06.000,332,50562
2025-10-22 23:32:06.000,332,50559
2025-10-22 23:32:06.000,332,50556
2025-10-22 23:32:06.000,332,50543
2025-10-22 23:32:07.001,326,51533
2025-10-22 23:32:07.001,326,50596
2025-10-22 23:32:07.001,326,50595
2025-10-22 23:32:07.001,326,50580
2025-10-22 23:32:07.001,326,50568
2025-10-22 23:32:07.001,326,50563
2025-10-22 23:32:07.001,326,50539
2025-10-22 23:32:07.001,326,49586
2025-10-22 23:32:07.001,326,49585
2025-10-22 23:32:07.001,326,49584
2025-10-22 23:32:08.000,319,50579
2025-10-22 23:32:08.000,319,50577
2025-10-22 23:32:08.000,319,50576
2025-10-22 23:32:08.000,319,50574
2025-10-22 23:32:08.000,319,50566
2025-10-22 23:32:08.000,319,50560
2025-10-22 23:32:08.000,319,50538
2025-10-22 23:32:08.000,319,49573
2025-10-22 23:32:08.000,319,49551
2025-10-22 23:32:08.000,319,49545
2025-10-22 23:32:09.000,313,50540
2025-10-22 23:32:09.000,313,50539
2025-10-22 23:32:09.000,313,50532
2025-10-22 23:32:09.000,313,49587
2025-10-22 23:32:09.000,313,49568
2025-10-22 23:32:09.000,313,49568
2025-10-22 23:32:09.000,313,49563
2025-10-22 23:32:09.000,313,49549
2025-10-22 23:32:09.000,313,49545
2025-10-22 23:32:09.000,313,49541
2025-10-22 23:32:10.001,307,50536
2025-10-22 23:32:10.001,307,50533
2025-10-22 23:32:10.001,307,49596
2025-10-22 23:32:10.001,307,49594
2025-10-22 23:32:10.001,307,49574
2025-10-22 23:32:10.001,307,49571
2025-10-22 23:32:10.001,307,49567
2025-10-22 23:32:10.001,307,49565
2025-10-22 23:32:10.001,307,49565
2025-10-22 23:32:10.001,307,49563
2025-10-22 23:32:11.000,301,50557
2025-10-22 23:32:11.000,301,50556
2025-10-22 23:32:11.000,301,50555
2025-10-22 23:32:11.000,301,50554
2025-10-22 23:32:11.000,301,50552
2025-10-22 23:32:11.001,301,50550
2025-10-22 23:32:11.001,301,50543
2025-10-22 23:32:11.001,301,50536
2025-10-22 23:32:11.001,301,49594
2025-10-22 23:32:11.001,301,49588
2025-10-22 23:32:12.000,295,50583
2025-10-22 23:32:12.000,295,50578
2025-10-22 23:32:12.000,295,50563
2025-10-22 23:32:12.000,295,50562
2025-10-22 23:32:12.000,295,50529
2025-10-22 23:32:12.000,295,50527
2025-10-22 23:32:12.000,295,49597
2025-10-22 23:32:12.000,295,49593
2025-10-22 23:32:12.000,295,49577
2025-10-22 23:32:12.000,295,49569
2025-10-22 23:32:13.001,287,50560
2025-10-22 23:32:13.001,287,50558
2025-10-22 23:32:13.001,287,50557
2025-10-22 23:32:13.001,287,50537
2025-10-22 23:32:13.001,287,50535
2025-10-22 23:32:13.001,287,50529
2025-10-22 23:32:13.001,287,50525
2025-10-22 23:32:13.001,287,49577
2025-10-22 23:32:13.001,287,49568
2025-10-22 23:32:13.001,287,49561
2025-10-22 23:32:14.000,284,50552
2025-10-22 23:32:14.000,284,50550
2025-10-22 23:32:14.000,284,50543
2025-10-22 23:32:14.000,284,50532
2025-10-22 23:32:14.000,284,50532
2025-10-22 23:32:14.000,284,50530
2025-10-22 23:32:14.000,284,50529
2025-10-22 23:32:14.000,284,50524
2025-10-22 23:32:14.000,284,49585
2025-10-22 23:32:14.001,284,49581
2025-10-22 23:32:15.000,277,50573
2025-10-22 23:32:15.000,277,50559
2025-10-22 23:32:15.000,277,50539
2025-10-22 23:32:15.000,277,50524
2025-10-22 23:32:15.000,277,49589
2025-10-22 23:32:15.000,277,49579
2025-10-22 23:32:15.000,277,49559
2025-10-22 23:32:15.000,277,49555
2025-10-22 23:32:15.000,277,49551
2025-10-22 23:32:15.000,277,49542
2025-10-22 23:32:16.001,273,50539
2025-10-22 23:32:16.001,273,49580
2025-10-22 23:32:16.001,273,49566
2025-10-22 23:32:16.001,273,49556
2025-10-22 23:32:16.001,273,49545
2025-10-22 23:32:16.001,273,49538
2025-10-22 23:32:16.001,273,48597
2025-10-22 23:32:16.001,273,48592
2025-10-22 23:32:16.001,273,48563
2025-10-22 23:32:16.001,273,48538
2025-10-22 23:32:17.000,268,49535
2025-10-22 23:32:17.000,268,49527
2025-10-22 23:32:17.000,268,49522
2025-10-22 23:32:17.000,268,48594
2025-10-22 23:32:17.000,268,48589
2025-10-22 23:32:17.000,268,48586
2025-10-22 23:32:17.000,268,48581
2025-10-22 23:32:17.000,268,48579
2025-10-22 23:32:17.000,268,48555
2025-10-22 23:32:17.000,268,48548
2025-10-22 23:32:18.001,258,49546
2025-10-22 23:32:18.001,258,49537
2025-10-22 23:32:18.001,258,48594
2025-10-22 23:32:18.001,258,48590
2025-10-22 23:32:18.001,258,48577
2025-10-22 23:32:18.001,258,48571
2025-10-22 23:32:18.001,258,48568
2025-10-22 23:32:18.001,258,48554
2025-10-22 23:32:18.001,258,48537
2025-10-22 23:32:18.001,258,47596
2025-10-22 23:32:19.000,253,48594
2025-10-22 23:32:19.000,253,48584
2025-10-22 23:32:19.000,253,48574
2025-10-22 23:32:19.000,253,48573
2025-10-22 23:32:19.000,253,48568
2025-10-22 23:32:19.000,253,48567
2025-10-22 23:32:19.000,253,48563
2025-10-22 23:32:19.000,253,48555
2025-10-22 23:32:19.000,253,48552
2025-10-22 23:32:19.000,253,48550
2025-10-22 23:32:20.000,251,49547
2025-10-22 23:32:20.000,251,49540
2025-10-22 23:32:20.000,251,49538
2025-10-22 23:32:20.000,251,49537
2025-10-22 23:32:20.000,251,48590
2025-10-22 23:32:20.000,251,48588
2025-10-22 23:32:20.000,251,48586
2025-10-22 23:32:20.000,251,48581
2025-10-22 23:32:20.000,251,48579
2025-10-22 23:32:20.000,251,48576
2025-10-22 23:32:21.001,243,49574
2025-10-22 23:32:21.001,243,49569
2025-10-22 23:32:21.001,243,49568
2025-10-22 23:32:21.001,243,49567
2025-10-22 23:32:21.001,243,49563
2025-10-22 23:32:21.001,243,49552
2025-10-22 23:32:21.001,243,49549
2025-10-22 23:32:21.001,243,49542
2025-10-22 23:32:21.001,243,49533
2025-10-22 23:32:21.001,243,48589
2025-10-22 23:32:22.000,238,49584
2025-10-22 23:32:22.000,238,49583
2025-10-22 23:32:22.000,238,49581
2025-10-22 23:32:22.000,238,49581
2025-10-22 23:32:22.000,238,49575
2025-10-22 23:32:22.000,238,49574
2025-10-22 23:32:22.000,238,49568
2025-10-22 23:32:22.000,238,49567
2025-10-22 23:32:22.000,238,49557
2025-10-22 23:32:22.000,238,49553
2025-10-22 23:32:23.000,229,50552
2025-10-22 23:32:23.000,229,50529
2025-10-22 23:32:23.000,229,50528
2025-10-22 23:32:23.000,229,49578
2025-10-22 23:32:23.000,229,49566
2025-10-22 23:32:23.000,229,49561
2025-10-22 23:32:23.000,229,49557
2025-10-22 23:32:23.000,229,49550
2025-10-22 23:32:23.000,229,49536
2025-10-22 23:32:23.000,229,49534
2025-10-22 23:32:24.001,225,49592
2025-10-22 23:32:24.001,225,49582
2025-10-22 23:32:24.001,225,49578
2025-10-22 23:32:24.001,225,49575
2025-10-22 23:32:24.001,225,49563
2025-10-22 23:32:24.001,225,49548
2025-10-22 23:32:24.001,225,49544
2025-10-22 23:32:24.001,225,49536
2025-10-22 23:32:24.001,225,49525
2025-10-22 23:32:24.001,225,48497
2025-10-22 23:32:25.000,216,49495
2025-10-22 23:32:25.000,216,49493
2025-10-22 23:32:25.000,216,48510
2025-10-22 23:32:25.000,216,48506
2025-10-22 23:32:25.000,216,48495
2025-10-22 23:32:25.000,216,48493
2025-10-22 23:32:25.000,216,47519
2025-10-22 23:32:25.000,216,47503
2025-10-22 23:32:25.000,216,47500
2025-10-22 23:32:25.000,216,47495
2025-10-22 23:32:26.000,209,48493
2025-10-22 23:32:26.000,209,47519
2025-10-22 23:32:26.000,209,47512
2025-10-22 23:32:26.000,209,47509
2025-10-22 23:32:26.000,209,47506
2025-10-22 23:32:26.000,209,47492
2025-10-22 23:32:26.000,209,47488
2025-10-22 23:32:26.000,209,47484
2025-10-22 23:32:26.000,209,45518
2025-10-22 23:32:26.000,209,45507
2025-10-22 23:32:27.000,202,46503
2025-10-22 23:32:27.000,202,45498
2025-10-22 23:32:27.000,202,45497
2025-10-22 23:32:27.000,202,45490
2025-10-22 23:32:27.000,202,45489
2025-10-22 23:32:27.001,202,44521
2025-10-22 23:32:27.001,202,44513
2025-10-22 23:32:27.001,202,44498
2025-10-22 23:32:27.001,202,44496
2025-10-22 23:32:27.001,202,43500
2025-10-22 23:32:28.000,194,44498
2025-10-22 23:32:28.000,194,44493
2025-10-22 23:32:28.000,194,43518
2025-10-22 23:32:28.000,194,43516
2025-10-22 23:32:28.000,194,43496
2025-10-22 23:32:28.000,194,43491
2025-10-22 23:32:28.000,194,42518
2025-10-22 23:32:28.000,194,42516
2025-10-22 23:32:28.000,194,42507
2025-10-22 23:32:28.000,194,42506
2025-10-22 23:32:29.000,188,43499
2025-10-22 23:32:29.000,188,42520
2025-10-22 23:32:29.000,188,42511
2025-10-22 23:32:29.000,188,42503
2025-10-22 23:32:29.000,188,42496
2025-10-22 23:32:29.000,188,41518
2025-10-22 23:32:29.000,188,41500
2025-10-22 23:32:29.000,188,41499
2025-10-22 23:32:29.000,188,41497
2025-10-22 23:32:29.000,188,41494
2025-10-22 23:32:30.001,181,41509
2025-10-22 23:32:30.001,181,41505
2025-10-22 23:32:30.001,181,41494
2025-10-22 23:32:30.001,181,40509
2025-10-22 23:32:30.001,181,40499
2025-10-22 23:32:30.001,181,40495
2025-10-22 23:32:30.001,181,39515
2025-10-22 23:32:30.001,181,39510
2025-10-22 23:32:30.001,181,39500
2025-10-22 23:32:30.001,181,39494
2025-10-22 23:32:31.001,173,39521
2025-10-22 23:32:31.001,173,39515
2025-10-22 23:32:31.001,173,39506
2025-10-22 23:32:31.001,173,39500
2025-10-22 23:32:31.001,173,39493
2025-10-22 23:32:31.001,173,39488
2025-10-22 23:32:31.001,173,38518
2025-10-22 23:32:31.001,173,38517
2025-10-22 23:32:31.001,173,38501
2025-10-22 23:32:31.001,173,38500
2025-10-22 23:32:32.000,166,39491
2025-10-22 23:32:32.000,166,38511
2025-10-22 23:32:32.000,166,38506
2025-10-22 23:32:32.000,166,38501
2025-10-22 23:32:32.000,166,38491
2025-10-22 23:32:32.000,166,37511
2025-10-22 23:32:32.000,166,37509
2025-10-22 23:32:32.000,166,37500
2025-10-22 23:32:32.000,166,37497
2025-10-22 23:32:32.000,166,37494
2025-10-22 23:32:33.000,157,38484
2025-10-22 23:32:33.000,157,37478
2025-10-22 23:32:33.000,157,37468
2025-10-22 23:32:33.000,157,37459
2025-10-22 23:32:33.000,157,37453
2025-10-22 23:32:33.000,157,37452
2025-10-22 23:32:33.000,157,36468
2025-10-22 23:32:33.000,157,36458
2025-10-22 23:32:33.000,157,36451
2025-10-22 23:32:33.000,157,35477
2025-10-22 23:32:34.000,149,36461
2025-10-22 23:32:34.000,149,36458
2025-10-22 23:32:34.000,149,36457
2025-10-22 23:32:34.000,149,36450
2025-10-22 23:32:34.000,149,36449
2025-10-22 23:32:34.000,149,35476
2025-10-22 23:32:34.000,149,35467
2025-10-22 23:32:34.000,149,35460
2025-10-22 23:32:34.000,149,35450
2025-10-22 23:32:34.000,149,34475
2025-10-22 23:32:35.001,145,35473
2025-10-22 23:32:35.001,145,35471
2025-10-22 23:32:35.001,145,35468
2025-10-22 23:32:35.001,145,35466
2025-10-22 23:32:35.001,145,34479
2025-10-22 23:32:35.001,145,34472
2025-10-22 23:32:35.001,145,34464
2025-10-22 23:32:35.001,145,34463
2025-10-22 23:32:35.001,145,34460
2025-10-22 23:32:35.001,145,34452
2025-10-22 23:32:36.000,140,34473
2025-10-22 23:32:36.000,140,34466
2025-10-22 23:32:36.000,140,34464
2025-10-22 23:32:36.000,140,34463
2025-10-22 23:32:36.000,140,34449
2025-10-22 23:32:36.000,140,33478
2025-10-22 23:32:36.000,140,33471
2025-10-22 23:32:36.000,140,33468
2025-10-22 23:32:36.000,140,33467
2025-10-22 23:32:36.001,140,33465
2025-10-22 23:32:37.001,137,34460
2025-10-22 23:32:37.001,137,34454
2025-10-22 23:32:37.001,137,34453
2025-10-22 23:32:37.001,137,33465
2025-10-22 23:32:37.001,137,33463
2025-10-22 23:32:37.001,137,33457
2025-10-22 23:32:37.001,137,33455
2025-10-22 23:32:37.001,137,33452
2025-10-22 23:32:37.001,137,32466
2025-10-22 23:32:37.001,137,32461
2025-10-22 23:32:38.000,129,33457
2025-10-22 23:32:38.000,129,33455
2025-10-22 23:32:38.000,129,32460
2025-10-22 23:32:38.000,129,32459
2025-10-22 23:32:38.000,129,32459
2025-10-22 23:32:38.000,129,32451
2025-10-22 23:32:38.000,129,31466
2025-10-22 23:32:38.000,129,31465
2025-10-22 23:32:38.000,129,31454
2025-10-22 23:32:38.000,129,30470
2025-10-22 23:32:39.001,121,31468
2025-10-22 23:32:39.001,121,31467
2025-10-22 23:32:39.001,121,31456
2025-10-22 23:32:39.001,121,30475
2025-10-22 23:32:39.001,121,30467
2025-10-22 23:32:39.001,121,30459
2025-10-22 23:32:39.001,121,30457
2025-10-22 23:32:39.001,121,29476
2025-10-22 23:32:39.001,121,29466
2025-10-22 23:32:39.001,121,29462
2025-10-22 23:32:40.000,115,30448
2025-10-22 23:32:40.000,115,29475
2025-10-22 23:32:40.000,115,29471
2025-10-22 23:32:40.000,115,29465
2025-10-22 23:32:40.000,115,29451
2025-10-22 23:32:40.000,115,28474
2025-10-22 23:32:40.000,115,28447
2025-10-22 23:32:40.000,115,27478
2025-10-22 23:32:40.000,115,27474
2025-10-22 23:32:40.000,115,27473
2025-10-22 23:32:41.001,107,28463
2025-10-22 23:32:41.001,107,28461
2025-10-22 23:32:41.001,107,28456
2025-10-22 23:32:41.001,107,28452
2025-10-22 23:32:41.001,107,27481
2025-10-22 23:32:41.001,107,27472
2025-10-22 23:32:41.001,107,27462
2025-10-22 23:32:41.001,107,26478
2025-10-22 23:32:41.001,107,26474
2025-10-22 23:32:41.001,107,26469
2025-10-22 23:32:42.000,101,27467
2025-10-22 23:32:42.000,101,27456
2025-10-22 23:32:42.000,101,27454
2025-10-22 23:32:42.000,101,26446
2025-10-22 23:32:42.000,101,26442
2025-10-22 23:32:42.000,101,26428
2025-10-22 23:32:42.000,101,26426
2025-10-22 23:32:42.000,101,26424
2025-10-22 23:32:42.000,101,24439
2025-10-22 23:32:42.000,101,24437
2025-10-22 23:32:43.001,97,25433
2025-10-22 23:32:43.001,97,25424
2025-10-22 23:32:43.001,97,25420
2025-10-22 23:32:43.001,97,24445
2025-10-22 23:32:43.001,97,24443
2025-10-22 23:32:43.001,97,24428
2025-10-22 23:32:43.001,97,24425
2025-10-22 23:32:43.001,97,24424
2025-10-22 23:32:43.001,97,23449
2025-10-22 23:32:43.001,97,23429
2025-10-22 23:32:44.001,90,24427
2025-10-22 23:32:44.001,90,24421
2025-10-22 23:32:44.001,90,23442
2025-10-22 23:32:44.001,90,23433
2025-10-22 23:32:44.001,90,23423
2025-10-22 23:32:44.001,90,23419
2025-10-22 23:32:44.001,90,22444
2025-10-22 23:32:44.001,90,22443
2025-10-22 23:32:44.001,90,21445
2025-10-22 23:32:44.001,90,21441
2025-10-22 23:32:45.000,87,22436
2025-10-22 23:32:45.000,87,22435
2025-10-22 23:32:45.000,87,22430
2025-10-22 23:32:45.000,87,22428
2025-10-22 23:32:45.000,87,22426
2025-10-22 23:32:45.000,87,20439
2025-10-22 23:32:45.000,87,20426
2025-10-22 23:32:45.000,87,20417
2025-10-22 23:32:45.000,87,19448
2025-10-22 23:32:45.000,87,19440
2025-10-22 23:32:46.001,85,20440
2025-10-22 23:32:46.001,85,19437
2025-10-22 23:32:46.001,85,19432
2025-10-22 23:32:46.001,85,18444
2025-10-22 23:32:46.001,85,18441
2025-10-22 23:32:46.001,85,18432
2025-10-22 23:32:46.001,85,18427
2025-10-22 23:32:46.001,85,17443
2025-10-22 23:32:46.001,85,17439
2025-10-22 23:32:46.001,85,17436
2025-10-22 23:32:47.000,81,17440
2025-10-22 23:32:47.000,81,17418
2025-10-22 23:32:47.000,81,16441
2025-10-22 23:32:47.000,81,16428
2025-10-22 23:32:47.000,81,16418
2025-10-22 23:32:47.000,81,15421
2025-10-22 23:32:47.000,81,14442
2025-10-22 23:32:47.000,81,14432
2025-10-22 23:32:47.000,81,13447
2025-10-22 23:32:47.000,81,13440
2025-10-22 23:32:48.001,75,14434
2025-10-22 23:32:48.001,75,14428
2025-10-22 23:32:48.001,75,13448
2025-10-22 23:32:48.001,75,13446
2025-10-22 23:32:48.001,75,13444
2025-10-22 23:32:48.001,75,13431
2025-10-22 23:32:48.001,75,13426
2025-10-22 23:32:48.001,75,13424
2025-10-22 23:32:48.001,75,13422
2025-10-22 23:32:48.001,75,12418
2025-10-22 23:32:49.000,71,13410
2025-10-22 23:32:49.000,71,13405
2025-10-22 23:32:49.000,71,13403
2025-10-22 23:32:49.000,71,13402
2025-10-22 23:32:49.000,71,13389
2025-10-22 23:32:49.000,71,12411
2025-10-22 23:32:49.000,71,12404
2025-10-22 23:32:49.000,71,12398
2025-10-22 23:32:49.000,71,12387
2025-10-22 23:32:49.000,71,11412
2025-10-22 23:32:50.000,68,12410
2025-10-22 23:32:50.000,68,11403
2025-10-22 23:32:50.000,68,11399
2025-10-22 23:32:50.000,68,11397
2025-10-22 23:32:50.000,68,11393
2025-10-22 23:32:50.000,68,10403
2025-10-22 23:32:50.000,68,10399
2025-10-22 23:32:50.000,68,9411
2025-10-22 23:32:50.000,68,9394
2025-10-22 23:32:50.000,68,8415
2025-10-22 23:32:51.001,68,9406
2025-10-22 23:32:51.001,68,9401
2025-10-22 23:32:51.001,68,9394
2025-10-22 23:32:51.001,68,9385
2025-10-22 23:32:51.001,68,8419
2025-10-22 23:32:51.001,68,8415
2025-10-22 23:32:51.001,68,8415
2025-10-22 23:32:51.001,68,8414
2025-10-22 23:32:51.001,68,8377
2025-10-22 23:32:51.001,68,8370
2025-10-22 23:32:52.000,40,8416
2025-10-22 23:32:52.000,40,8405
2025-10-22 23:32:52.000,40,8401
2025-10-22 23:32:52.000,40,8393
2025-10-22 23:32:52.000,40,8389
2025-10-22 23:32:52.001,40,7410
2025-10-22 23:32:52.001,40,7411
2025-10-22 23:32:52.001,40,7405
2025-10-22 23:32:52.001,40,7404
2025-10-22 23:32:52.001,40,7401
2025-10-22 23:32:53.000,42,8392
2025-10-22 23:32:53.000,42,8390
2025-10-22 23:32:53.000,42,8387
2025-10-22 23:32:53.000,42,7416
2025-10-22 23:32:53.000,42,7411
2025-10-22 23:32:53.000,42,7405
2025-10-22 23:32:53.000,42,7404
2025-10-22 23:32:53.000,42,7397
2025-10-22 23:32:53.000,42,7387
2025-10-22 23:32:53.000,42,6410
2025-10-22 23:32:54.001,40,7409
2025-10-22 23:32:54.001,40,7395
2025-10-22 23:32:54.001,40,7390
2025-10-22 23:32:54.001,40,6413
2025-10-22 23:32:54.001,40,6411
2025-10-22 23:32:54.001,40,6406
2025-10-22 23:32:54.001,40,6400
2025-10-22 23:32:54.001,40,6399
2025-10-22 23:32:54.001,40,6397
2025-10-22 23:32:54.001,40,6389
2025-10-22 23:32:55.000,37,7386
2025-10-22 23:32:55.000,37,6415
2025-10-22 23:32:55.000,37,6392
2025-10-22 23:32:55.000,37,6390
2025-10-22 23:32:55.000,37,6385
2025-10-22 23:32:55.000,37,5413
2025-10-22 23:32:55.000,37,5412
2025-10-22 23:32:55.000,37,5410
2025-10-22 23:32:55.000,37,5396
2025-10-22 23:32:55.000,37,3406
2025-10-22 23:32:56.000,28,4403
2025-10-22 23:32:56.000,28,4399
2025-10-22 23:32:56.000,28,3417
2025-10-22 23:32:56.000,28,3413
2025-10-22 23:32:56.000,28,3407
2025-10-22 23:32:56.000,28,3400
2025-10-22 23:32:56.000,28,3397
2025-10-22 23:32:56.000,28,3394
2025-10-22 23:32:56.000,28,3392
2025-10-22 23:32:56.000,28,2415
2025-10-22 23:32:57.000,25,3411
2025-10-22 23:32:57.000,25,3404
2025-10-22 23:32:57.000,25,3401
2025-10-22 23:32:57.000,25,3392
2025-10-22 23:32:57.000,25,3389
2025-10-22 23:32:57.000,25,2414
2025-10-22 23:32:57.000,25,2408
2025-10-22 23:32:57.000,25,2392
2025-10-22 23:32:57.000,25,1359
2025-10-22 23:32:57.000,25,1358
2025-10-22 23:32:58.000,16,2356
2025-10-22 23:32:58.000,16,2355
2025-10-22 23:32:58.000,16,2342
2025-10-22 23:32:58.000,16,1370
2025-10-22 23:32:58.000,16,1358
2025-10-22 23:32:58.000,16,1351
2025-10-22 23:32:58.000,16,371
2025-10-22 23:32:58.000,16,362
2025-10-22 23:32:58.000,16,353
2025-10-22 23:32:58.000,16,350
2025-10-22 23:32:59.001,12,364
2025-10-22 23:32:59.001,12,348
2025-10-22 23:32:59.645,12,0
2025-10-22 23:32:59.650,12,0
2025-10-22 23:32:59.652,4,0
2025-10-22 23:33:00.625,2,0
2025-10-22 23:33:00.627,2,1
2025-10-22 23:33:00.642,2,0
2025-10-22 23:33:01.647,3,0
2025-10-22 23:33:02.640,3,0
2025-10-22 23:33:02.643,3,2
2025-10-22 23:33:02.643,3,1
2025-10-22 23:33:02.644,4,0
2025-10-22 23:33:02.646,4,0
2025-10-22 23:33:02.647,4,0
2025-10-22 23:33:03.627,4,1
2025-10-22 23:33:03.647,4,0
2025-10-22 23:33:04.632,1,0
2025-10-22 23:33:04.644,1,0
2025-10-22 23:33:04.649,1,0
2025-10-22 23:33:04.651,1,0
2025-10-22 23:33:05.637,1,0
2025-10-22 23:33:05.643,1,0
2025-10-22 23:33:05.646,6,0
2025-10-22 23:33:05.651,6,1
2025-10-22 23:33:05.653,6,0
2025-10-22 23:33:06.648,4,0
2025-10-22 23:33:06.650,4,0
2025-10-22 23:33:07.632,2,2
2025-10-22 23:33:07.635,2,0
2025-10-22 23:33:07.636,2,0
2025-10-22 23:33:07.642,2,0
2025-10-22 23:33:07.653,2,0
2025-10-22 23:33:07.655,2,0
2025-10-22 23:33:07.662,2,0
2025-10-22 23:33:08.631,2,1
2025-10-22 23:33:08.633,2,1
2025-10-22 23:33:08.642,9,1
2025-10-22 23:33:08.648,9,1
2025-10-22 23:33:09.635,3,1
2025-10-22 23:33:09.646,3,1
2025-10-22 23:33:10.647,3,1
2025-10-22 23:33:11.641,3,1
2025-10-22 23:33:12.627,2,1
2025-10-22 23:33:12.629,2,1
2025-10-22 23:33:12.638,2,1
2025-10-22 23:33:12.639,2,1
2025-10-22 23:33:12.648,2,1
2025-10-22 23:33:13.645,5,1
2025-10-22 23:33:13.650,5,1
2025-10-22 23:33:13.653,5,1
2025-10-22 23:33:14.632,3,1
2025-10-22 23:33:14.636,3,1
2025-10-22 23:33:14.646,3,1
2025-10-22 23:33:15.659,3,1
2025-10-22 23:33:15.674,4,0
2025-10-22 23:33:15.680,4,1
2025-10-22 23:33:15.681,4,1
2025-10-22 23:33:16.660,4,1
2025-10-22 23:33:16.666,4,1
2025-10-22 23:33:16.671,4,0
2025-10-22 23:33:16.679,4,0
2025-10-22 23:33:17.661,4,1
2025-10-22 23:33:17.665,4,1
2025-10-22 23:33:17.666,6,1
2025-10-22 23:33:18.659,6,1
2025-10-22 23:33:18.662,6,0
2025-10-22 23:33:18.665,5,2
2025-10-22 23:33:18.672,5,1
2025-10-22 23:33:18.673,5,1
2025-10-22 23:33:18.689,5,1
2025-10-22 23:33:18.690,5,1
2025-10-22 23:33:19.662,6,1
2025-10-22 23:33:19.669,6,1
2025-10-22 23:33:19.685,6,1
2025-10-22 23:33:19.688,6,1
2025-10-22 23:33:20.673,4,1
2025-10-22 23:33:20.675,4,0
2025-10-22 23:33:20.679,4,0
2025-10-22 23:33:21.663,3,0
2025-10-22 23:33:21.664,3,0
2025-10-22 23:33:21.675,3,1
2025-10-22 23:33:21.683,3,0
2025-10-22 23:33:22.666,3,1
2025-10-22 23:33:22.680,3,0
2025-10-22 23:33:23.657,6,0
2025-10-22 23:33:23.662,6,1
2025-10-22 23:33:23.672,3,1
2025-10-22 23:33:23.685,3,1
2025-10-22 23:33:23.696,3,0
2025-10-22 23:33:24.661,4,1
2025-10-22 23:33:24.678,4,1
2025-10-22 23:33:25.658,2,1
2025-10-22 23:33:25.664,2,0
2025-10-22 23:33:25.670,2,1
2025-10-22 23:33:25.670,2,0
2025-10-22 23:33:25.676,2,1
2025-10-22 23:33:25.678,2,0
2025-10-22 23:33:26.668,6,0
2025-10-22 23:33:26.681,6,1
2025-10-22 23:33:26.686,6,0
2025-10-22 23:33:27.668,3,0
2025-10-22 23:33:28.657,3,1
2025-10-22 23:33:28.676,3,0
2025-10-22 23:33:28.683,3,0
2025-10-22 23:33:29.669,3,0
2025-10-22 23:33:29.672,3,2
2025-10-22 23:33:29.676,4,0
2025-10-22 23:33:29.679,4,0
2025-10-22 23:33:30.658,4,0
2025-10-22 23:33:30.666,4,1
2025-10-22 23:33:30.676,5,1
2025-10-22 23:33:30.677,5,0
2025-10-22 23:33:30.689,5,1
2025-10-22 23:33:31.662,5,0
2025-10-22 23:33:31.665,5,2
2025-10-22 23:33:31.676,6,0
2025-10-22 23:33:31.680,6,0
2025-10-22 23:33:31.682,6,1
2025-10-22 23:33:31.685,6,0
2025-10-22 23:33:32.665,6,1
2025-10-22 23:33:32.670,6,0
2025-10-22 23:33:32.672,7,0
2025-10-22 23:33:32.675,7,0
2025-10-22 23:33:32.676,7,0
2025-10-22 23:33:32.680,7,1
2025-10-22 23:33:32.682,7,0
2025-10-22 23:33:32.689,7,1
2025-10-22 23:33:33.669,7,1
2025-10-22 23:33:33.676,7,0
2025-10-22 23:33:34.664,2,0
2025-10-22 23:33:34.667,2,0
2025-10-22 23:33:34.679,2,0
2025-10-22 23:33:34.682,2,0
2025-10-22 23:33:35.695,4,1
2025-10-22 23:33:36.705,4,0
2025-10-22 23:33:36.706,2,0
2025-10-22 23:33:36.707,2,0
2025-10-22 23:33:36.718,2,0
2025-10-22 23:33:36.721,2,1
2025-10-22 23:33:37.701,5,0
2025-10-22 23:33:37.705,5,0
2025-10-22 23:33:37.706,5,0
2025-10-22 23:33:38.691,5,1
2025-10-22 23:33:38.694,5,1
2025-10-22 23:33:38.697,5,1
2025-10-22 23:33:38.705,5,2
2025-10-22 23:33:38.709,5,1
2025-10-22 23:33:39.717,4,1
2025-10-22 23:33:39.720,4,1
2025-10-22 23:33:39.721,4,1
2025-10-22 23:33:40.686,4,1
2025-10-22 23:33:40.689,4,4
2025-10-22 23:33:40.695,5,1
2025-10-22 23:33:40.696,5,2
2025-10-22 23:33:40.696,5,1
2025-10-22 23:33:40.700,5,1
2025-10-22 23:33:40.703,5,1
2025-10-22 23:33:41.710,5,2
2025-10-22 23:33:41.710,5,1
2025-10-22 23:33:41.712,8,1
2025-10-22 23:33:42.708,3,0
2025-10-22 23:33:43.715,1,1
2025-10-22 23:33:44.704,1,2
2025-10-22 23:33:44.707,1,1
2025-10-22 23:33:45.687,2,2
2025-10-22 23:33:45.692,2,0
2025-10-22 23:33:45.696,2,1
2025-10-22 23:33:45.711,2,0
2025-10-22 23:33:45.714,2,1
2025-10-22 23:33:46.704,5,1
2025-10-22 23:33:46.707,5,1
2025-10-22 23:33:46.710,5,1
2025-10-22 23:33:47.687,5,2
2025-10-22 23:33:47.701,5,1
2025-10-22 23:33:47.708,5,0
2025-10-22 23:33:47.709,5,1
2025-10-22 23:33:48.694,3,1
2025-10-22 23:33:48.697,3,1
2025-10-22 23:33:48.707,3,1
2025-10-22 23:33:48.709,3,1
2025-10-22 23:33:49.692,4,1
2025-10-22 23:33:49.705,4,1
2025-10-22 23:33:49.715,4,1
2025-10-22 23:33:50.703,3,1
2025-10-22 23:33:51.688,1,1
2025-10-22 23:33:51.696,1,1
2025-10-22 23:33:52.686,2,1
2025-10-22 23:33:52.693,2,1
2025-10-22 23:33:52.706,2,2
2025-10-22 23:33:52.709,2,1
2025-10-22 23:33:53.695,2,1
2025-10-22 23:33:53.697,2,1
2025-10-22 23:33:53.717,6,0
2025-10-22 23:33:53.719,6,1
2025-10-22 23:33:54.692,3,1
2025-10-22 23:33:54.696,3,3
2025-10-22 23:33:54.699,3,2
2025-10-22 23:33:54.706,3,0
2025-10-22 23:33:54.708,3,0
2025-10-22 23:33:54.710,3,1
2025-10-22 23:33:54.719,3,0
2025-10-22 23:33:55.733,3,1
2025-10-22 23:33:55.740,8,0
2025-10-22 23:33:55.743,8,0
2025-10-22 23:33:56.730,8,0
2025-10-22 23:33:56.738,4,0
2025-10-22 23:33:56.740,4,1
2025-10-22 23:33:56.741,4,0
2025-10-22 23:33:56.746,4,1
2025-10-22 23:33:56.755,4,0
2025-10-22 23:33:56.759,4,0
2025-10-22 23:33:57.733,7,1
2025-10-22 23:33:57.737,7,1
2025-10-22 23:33:57.742,7,0
2025-10-22 23:33:57.752,7,1
2025-10-22 23:33:58.733,4,0
2025-10-22 23:33:58.735,4,0
2025-10-22 23:33:58.739,4,1
2025-10-22 23:33:58.743,4,1
2025-10-22 23:33:58.750,4,1
2025-10-22 23:33:58.756,4,1
2025-10-22 23:33:58.760,4,0
2025-10-22 23:33:59.727,4,1
2025-10-22 23:33:59.732,4,5
2025-10-22 23:33:59.742,9,1
2025-10-22 23:33:59.755,9,1
2025-10-22 23:33:59.757,9,0
2025-10-22 23:33:59.758,9,0
2025-10-22 23:34:00.726,5,0
2025-10-22 23:34:00.737,5,0
2025-10-22 23:34:00.742,5,0
2025-10-22 23:34:00.747,5,0
2025-10-22 23:34:01.731,5,1
2025-10-22 23:34:01.733,5,0
2025-10-22 23:34:01.740,6,0
2025-10-22 23:34:01.748,6,0
2025-10-22 23:34:01.750,6,0
2025-10-22 23:34:01.751,6,0
2025-10-22 23:34:02.748,5,0
2025-10-22 23:34:03.732,1,1
2025-10-22 23:34:03.737,1,1
2025-10-22 23:34:04.733,1,1
2025-10-22 23:34:04.744,1,1
2025-10-22 23:34:04.745,5,1
2025-10-22 23:34:05.732,2,0
2025-10-22 23:34:05.736,2,0
2025-10-22 23:34:05.741,2,0
2025-10-22 23:34:05.745,2,0
2025-10-22 23:34:06.748,4,0
2025-10-22 23:34:06.758,4,1
2025-10-22 23:34:07.738,2,0
2025-10-22 23:34:07.754,2,0
2025-10-22 23:34:07.755,2,0
2025-10-22 23:34:08.728,3,2
2025-10-22 23:34:08.738,3,2
2025-10-22 23:34:08.748,3,2
2025-10-22 23:34:08.755,3,3
2025-10-22 23:34:08.757,3,3
2025-10-22 23:34:08.768,3,2
2025-10-22 23:34:09.734,6,2
2025-10-22 23:34:09.738,6,1
2025-10-22 23:34:09.742,6,2
2025-10-22 23:34:09.750,6,2
2025-10-22 23:34:09.753,6,1
2025-10-22 23:34:09.754,6,0
2025-10-22 23:34:09.757,6,1
2025-10-22 23:34:09.758,6,1
2025-10-22 23:34:10.740,6,1
2025-10-22 23:34:10.750,6,1
2025-10-22 23:34:10.751,11,2
2025-10-22 23:34:11.727,2,1
2025-10-22 23:34:11.730,2,1
2025-10-22 23:34:11.740,2,2
2025-10-22 23:34:11.741,2,1
2025-10-22 23:34:11.742,2,1
2025-10-22 23:34:11.756,2,2
2025-10-22 23:34:11.760,2,2
2025-10-22 23:34:12.733,2,1
2025-10-22 23:34:12.738,2,1
2025-10-22 23:34:12.739,9,1
2025-10-22 23:34:12.745,9,1
2025-10-22 23:34:12.750,9,1
2025-10-22 23:34:13.751,4,1
2025-10-22 23:34:13.752,4,1
2025-10-22 23:34:13.755,4,1
2025-10-22 23:34:14.733,3,2
2025-10-22 23:34:14.744,3,1
2025-10-22 23:34:14.744,3,0
2025-10-22 23:34:14.749,3,1
2025-10-22 23:34:15.758,3,1
2025-10-22 23:34:15.765,5,1
2025-10-22 23:34:15.784,5,1
2025-10-22 23:34:15.785,5,1
2025-10-22 23:34:16.759,4,1
2025-10-22 23:34:17.781,1,1
2025-10-22 23:34:18.764,1,1
2025-10-22 23:34:18.773,1,0
2025-10-22 23:34:18.775,3,1
2025-10-22 23:34:18.784,3,1
2025-10-22 23:34:18.787,3,0
2025-10-22 23:34:19.778,3,1
2025-10-22 23:34:19.791,3,1
2025-10-22 23:34:20.771,6,0
2025-10-22 23:34:21.758,2,1
2025-10-22 23:34:21.762,1,1
2025-10-22 23:34:21.771,1,1
2025-10-22 23:34:21.772,1,1
2025-10-22 23:34:21.783,1,2
2025-10-22 23:34:22.766,1,1
2025-10-22 23:34:22.789,6,1
2025-10-22 23:34:22.790,6,1
2025-10-22 23:34:23.758,3,1
2025-10-22 23:34:23.778,3,1
2025-10-22 23:34:23.778,3,0
2025-10-22 23:34:23.782,3,1
2025-10-22 23:34:23.786,3,0
2025-10-22 23:34:24.763,3,1
2025-10-22 23:34:24.775,3,0
2025-10-22 23:34:24.778,7,0
2025-10-22 23:34:24.779,7,0
2025-10-22 23:34:24.781,7,1
2025-10-22 23:34:24.787,7,4
2025-10-22 23:34:24.790,7,1
2025-10-22 23:34:25.769,7,1
2025-10-22 23:34:25.773,7,0
2025-10-22 23:34:25.787,8,0
2025-10-22 23:34:26.771,8,1
2025-10-22 23:34:26.779,8,0
2025-10-22 23:34:26.781,4,1
2025-10-22 23:34:26.784,4,1
2025-10-22 23:34:27.760,3,1
2025-10-22 23:34:28.762,1,1
2025-10-22 23:34:28.794,1,1
2025-10-22 23:34:29.766,2,1
2025-10-22 23:34:29.778,2,0
2025-10-22 23:34:29.780,2,1
2025-10-22 23:34:29.790,2,1
2025-10-22 23:34:30.769,2,1
2025-10-22 23:34:30.771,2,0
2025-10-22 23:34:30.773,6,0
2025-10-22 23:34:30.794,6,1
2025-10-22 23:34:31.759,3,1
2025-10-22 23:34:31.762,3,0
2025-10-22 23:34:31.765,3,1
2025-10-22 23:34:31.767,3,0
2025-10-22 23:34:32.763,4,0
2025-10-22 23:34:32.771,4,1
2025-10-22 23:34:32.784,4,0
2025-10-22 23:34:32.790,4,1
2025-10-22 23:34:33.762,4,0
2025-10-22 23:34:33.777,4,1
2025-10-22 23:34:33.784,6,0
2025-10-22 23:34:33.788,6,1
2025-10-22 23:34:34.785,6,1
2025-10-22 23:34:35.794,1,2
2025-10-22 23:34:35.808,1,0
2025-10-22 23:34:36.792,2,0
2025-10-22 23:34:36.795,2,0
2025-10-22 23:34:36.796,2,0
2025-10-22 23:34:36.797,2,0
2025-10-22 23:34:36.808,2,1
2025-10-22 23:34:36.812,2,0
2025-10-22 23:34:36.813,2,0
2025-10-22 23:34:37.807,2,0
2025-10-22 23:34:37.810,2,0
2025-10-22 23:34:37.811,9,0
2025-10-22 23:34:38.808,9,2
2025-10-22 23:34:38.815,9,2
2025-10-22 23:34:38.820,4,1
2025-10-22 23:34:39.796,2,2
2025-10-22 23:34:39.816,2,2
2025-10-22 23:34:40.795,2,1
2025-10-22 23:34:40.803,2,1
2025-10-22 23:34:40.807,4,1
2025-10-22 23:34:41.793,4,1
2025-10-22 23:34:41.798,4,1
2025-10-22 23:34:41.820,4,2
2025-10-22 23:34:41.821,4,2
2025-10-22 23:34:42.794,3,1
2025-10-22 23:34:42.802,3,1
2025-10-22 23:34:42.811,3,2
2025-10-22 23:34:43.803,3,1
2025-10-22 23:34:43.806,3,4
2025-10-22 23:34:43.814,5,2
2025-10-22 23:34:43.825,5,1
2025-10-22 23:34:44.804,5,1
2025-10-22 23:34:44.816,5,2
2025-10-22 23:34:44.820,5,1
2025-10-22 23:34:45.798,2,2
2025-10-22 23:34:45.813,2,1
2025-10-22 23:34:45.817,2,2
2025-10-22 23:34:45.817,2,1
2025-10-22 23:34:46.794,4,1
2025-10-22 23:34:46.800,4,1
2025-10-22 23:34:46.802,4,1
2025-10-22 23:34:46.808,4,1
2025-10-22 23:34:46.814,4,1
2025-10-22 23:34:47.806,5,1
2025-10-22 23:34:47.809,5,1
2025-10-22 23:34:47.810,5,1
2025-10-22 23:34:47.811,5,1
2025-10-22 23:34:47.813,5,1
2025-10-22 23:34:47.822,5,1
2025-10-22 23:34:48.804,5,1
2025-10-22 23:34:48.809,5,1
2025-10-22 23:34:48.820,8,2
2025-10-22 23:34:49.794,8,1
2025-10-22 23:34:49.798,8,2
2025-10-22 23:34:49.817,4,1
2025-10-22 23:34:50.798,4,1
2025-10-22 23:34:50.802,4,1
2025-10-22 23:34:50.816,4,1
2025-10-22 23:34:51.793,4,2
2025-10-22 23:34:51.798,4,3
2025-10-22 23:34:51.806,4,1
2025-10-22 23:34:51.819,5,1
2025-10-22 23:34:51.822,5,1
2025-10-22 23:34:52.790,5,1
2025-10-22 23:34:52.795,5,1
2025-10-22 23:34:52.806,6,0
2025-10-22 23:34:52.814,6,1
2025-10-22 23:34:53.792,3,1
2025-10-22 23:34:53.796,3,1
2025-10-22 23:34:53.808,3,1
2025-10-22 23:34:54.790,3,1
2025-10-22 23:34:54.795,3,1
2025-10-22 23:34:54.799,3,1
2025-10-22 23:34:54.808,3,1
2025-10-22 23:34:54.810,3,0
2025-10-22 23:34:54.818,3,0
2025-10-22 23:34:55.839,6,1
2025-10-22 23:34:55.850,6,1
2025-10-22 23:34:55.851,6,1
2025-10-22 23:34:55.853,6,1
2025-10-22 23:34:55.855,6,0
2025-10-22 23:34:56.836,6,1
2025-10-22 23:34:56.846,6,1
2025-10-22 23:34:56.853,7,1
2025-10-22 23:34:56.855,7,1
2025-10-22 23:34:56.857,7,0
2025-10-22 23:34:57.843,4,0
2025-10-22 23:34:57.848,4,1
2025-10-22 23:34:57.851,4,1
2025-10-22 23:34:57.855,4,1
2025-10-22 23:34:58.827,4,1
2025-10-22 23:34:58.840,4,0
2025-10-22 23:34:58.844,4,1
2025-10-22 23:34:58.848,4,0
2025-10-22 23:34:58.852,4,1
2025-10-22 23:34:59.826,5,1
2025-10-22 23:34:59.833,5,0
2025-10-22 23:34:59.844,5,2
2025-10-22 23:34:59.855,5,0
2025-10-22 23:34:59.856,5,0
2025-10-22 23:35:00.828,5,1
2025-10-22 23:35:00.832,5,1
2025-10-22 23:35:00.843,7,1
2025-10-22 23:35:00.852,7,1
2025-10-22 23:35:01.834,7,0
2025-10-22 23:35:01.841,7,1
2025-10-22 23:35:01.851,5,0
2025-10-22 23:35:02.845,2,0
2025-10-22 23:35:02.851,2,0
2025-10-22 23:35:03.827,2,1
2025-10-22 23:35:03.829,2,1
2025-10-22 23:35:03.832,2,1
2025-10-22 23:35:03.833,2,0
2025-10-22 23:35:03.856,2,1
2025-10-22 23:35:03.861,2,0
2025-10-22 23:35:04.832,6,1
2025-10-22 23:35:04.840,6,1
2025-10-22 23:35:04.849,6,1
2025-10-22 23:35:04.856,6,1
2025-10-22 23:35:04.858,6,0
2025-10-22 23:35:05.835,6,1
2025-10-22 23:35:05.843,6,0
2025-10-22 23:35:05.845,7,1
2025-10-22 23:35:05.846,7,0
2025-10-22 23:35:05.847,7,0
2025-10-22 23:35:05.855,7,0
2025-10-22 23:35:06.837,7,0
2025-10-22 23:35:06.842,7,0
2025-10-22 23:35:06.852,7,1
2025-10-22 23:35:07.830,7,1
2025-10-22 23:35:07.837,3,1
2025-10-22 23:35:07.851,3,1
2025-10-22 23:35:07.857,3,0
2025-10-22 23:35:08.829,4,1
2025-10-22 23:35:08.831,4,1
2025-10-22 23:35:08.844,4,1
2025-10-22 23:35:08.846,4,1
2025-10-22 23:35:09.854,4,2
2025-10-22 23:35:09.856,5,1
2025-10-22 23:35:09.858,5,1
2025-10-22 23:35:10.843,3,2
2025-10-22 23:35:10.850,3,1
2025-10-22 23:35:10.859,3,1
2025-10-22 23:35:11.835,3,0
2025-10-22 23:35:11.839,3,3
2025-10-22 23:35:11.839,3,1
2025-10-22 23:35:12.840,2,2
2025-10-22 23:35:12.854,2,1
2025-10-22 23:35:12.857,2,1
2025-10-22 23:35:13.837,3,0
2025-10-22 23:35:13.843,3,1
2025-10-22 23:35:13.843,3,0
2025-10-22 23:35:13.851,3,0
2025-10-22 23:35:14.827,3,1
2025-10-22 23:35:14.836,3,1
2025-10-22 23:35:14.839,6,0
2025-10-22 23:35:14.840,6,1
2025-10-22 23:35:14.845,6,0
2025-10-22 23:35:14.847,6,1
