timestamp,lag,wait_ms
2025-10-30 23:17:35.901,0,15
2025-10-30 23:17:35.902,0,15
2025-10-30 23:17:35.902,0,15
2025-10-30 23:17:35.902,0,16
2025-10-30 23:17:35.902,0,16
2025-10-30 23:17:35.902,0,16
2025-10-30 23:17:35.902,0,16
2025-10-30 23:17:35.902,0,16
2025-10-30 23:17:35.902,0,16
2025-10-30 23:17:35.902,0,16
2025-10-30 23:17:37.906,10,7
2025-10-30 23:17:37.916,10,16
2025-10-30 23:17:37.917,10,16
2025-10-30 23:17:37.917,10,15
2025-10-30 23:17:37.917,10,15
2025-10-30 23:17:37.917,10,15
2025-10-30 23:17:37.917,10,14
2025-10-30 23:17:37.917,10,14
2025-10-30 23:17:37.917,10,14
2025-10-30 23:17:37.917,10,14
2025-10-30 23:17:40.888,9,5
2025-10-30 23:17:40.888,9,5
2025-10-30 23:17:40.896,2,13
2025-10-30 23:17:40.896,2,12
2025-10-30 23:17:40.897,2,11
2025-10-30 23:17:40.897,2,11
2025-10-30 23:17:40.897,2,12
2025-10-30 23:17:40.897,2,11
2025-10-30 23:17:40.897,2,10
2025-10-30 23:17:40.897,2,10
2025-10-30 23:17:42.904,8,5
2025-10-30 23:17:42.904,8,5
2025-10-30 23:17:42.910,10,11
2025-10-30 23:17:42.910,10,10
2025-10-30 23:17:42.910,10,10
2025-10-30 23:17:42.910,10,9
2025-10-30 23:17:42.910,10,9
2025-10-30 23:17:42.910,10,9
2025-10-30 23:17:42.910,10,9
2025-10-30 23:17:42.910,10,9
2025-10-30 23:17:45.886,8,4
2025-10-30 23:17:45.891,7,8
2025-10-30 23:17:45.891,7,7
2025-10-30 23:17:45.891,7,7
2025-10-30 23:17:45.891,7,7
2025-10-30 23:17:45.891,7,7
2025-10-30 23:17:45.891,7,6
2025-10-30 23:17:45.891,7,5
2025-10-30 23:17:45.891,7,5
2025-10-30 23:17:45.891,7,5
2025-10-30 23:17:47.906,9,2
2025-10-30 23:17:47.910,16,6
2025-10-30 23:17:47.910,16,5
2025-10-30 23:17:47.910,16,5
2025-10-30 23:17:47.910,16,5
2025-10-30 23:17:47.910,16,5
2025-10-30 23:17:47.910,16,5
2025-10-30 23:17:47.910,16,4
2025-10-30 23:17:47.910,16,4
2025-10-30 23:17:47.910,16,4
2025-10-30 23:17:50.882,0,3
2025-10-30 23:17:50.888,0,8
2025-10-30 23:17:50.888,0,8
2025-10-30 23:17:50.888,0,8
2025-10-30 23:17:50.888,0,8
2025-10-30 23:17:50.888,0,7
2025-10-30 23:17:50.888,0,7
2025-10-30 23:17:50.888,0,7
2025-10-30 23:17:50.888,0,7
2025-10-30 23:17:50.888,0,7
2025-10-30 23:17:52.900,9,3
2025-10-30 23:17:52.900,9,2
2025-10-30 23:17:52.908,10,10
2025-10-30 23:17:52.908,10,10
2025-10-30 23:17:52.908,10,10
2025-10-30 23:17:52.908,10,10
2025-10-30 23:17:52.908,10,9
2025-10-30 23:17:52.908,10,9
2025-10-30 23:17:52.908,10,9
2025-10-30 23:17:52.908,10,9
2025-10-30 23:17:54.920,8,3
2025-10-30 23:17:54.925,10,7
2025-10-30 23:17:54.925,10,6
2025-10-30 23:17:54.925,10,6
2025-10-30 23:17:54.925,10,6
2025-10-30 23:17:54.925,10,5
2025-10-30 23:17:54.925,10,5
2025-10-30 23:17:54.925,10,5
2025-10-30 23:17:54.925,10,5
2025-10-30 23:17:54.925,10,5
2025-10-30 23:17:56.001,11,66
2025-10-30 23:17:56.001,11,64
2025-10-30 23:17:56.001,11,63
2025-10-30 23:17:56.001,11,63
2025-10-30 23:17:56.001,11,62
2025-10-30 23:17:56.001,11,62
2025-10-30 23:17:56.001,11,62
2025-10-30 23:17:56.001,11,62
2025-10-30 23:17:56.001,11,62
2025-10-30 23:17:56.001,11,62
2025-10-30 23:17:57.001,18,52
2025-10-30 23:17:57.001,18,52
2025-10-30 23:17:57.001,18,51
2025-10-30 23:17:57.001,18,51
2025-10-30 23:17:57.001,18,51
2025-10-30 23:17:57.001,18,50
2025-10-30 23:17:57.001,18,50
2025-10-30 23:17:57.001,18,49
2025-10-30 23:17:57.001,18,48
2025-10-30 23:17:57.001,18,48
2025-10-30 23:17:58.007,10,4
2025-10-30 23:17:58.010,10,7
2025-10-30 23:17:58.010,10,6
2025-10-30 23:17:58.010,10,6
2025-10-30 23:17:58.010,10,6
2025-10-30 23:17:58.010,10,6
2025-10-30 23:17:58.010,10,5
2025-10-30 23:17:58.010,10,5
2025-10-30 23:17:58.010,10,5
2025-10-30 23:17:58.011,10,5
2025-10-30 23:17:59.918,10,3
2025-10-30 23:17:59.923,10,7
2025-10-30 23:17:59.924,10,6
2025-10-30 23:17:59.924,10,6
2025-10-30 23:17:59.924,10,6
2025-10-30 23:17:59.924,10,6
2025-10-30 23:17:59.924,10,6
2025-10-30 23:17:59.924,10,5
2025-10-30 23:17:59.924,10,5
2025-10-30 23:17:59.924,10,5
2025-10-30 23:18:01.000,19,67
2025-10-30 23:18:01.000,19,67
2025-10-30 23:18:01.000,19,67
2025-10-30 23:18:01.000,19,67
2025-10-30 23:18:01.000,19,66
2025-10-30 23:18:01.000,19,66
2025-10-30 23:18:01.000,19,65
2025-10-30 23:18:01.000,19,65
2025-10-30 23:18:01.000,19,65
2025-10-30 23:18:01.000,19,65
2025-10-30 23:18:02.001,10,54
2025-10-30 23:18:02.001,10,53
2025-10-30 23:18:02.001,10,53
2025-10-30 23:18:02.001,10,52
2025-10-30 23:18:02.001,10,52
2025-10-30 23:18:02.001,10,52
2025-10-30 23:18:02.001,10,51
2025-10-30 23:18:02.001,10,51
2025-10-30 23:18:02.001,10,51
2025-10-30 23:18:02.001,10,51
2025-10-30 23:18:03.001,18,35
2025-10-30 23:18:03.001,18,34
2025-10-30 23:18:03.001,18,34
2025-10-30 23:18:03.001,18,34
2025-10-30 23:18:03.001,18,33
2025-10-30 23:18:03.001,18,33
2025-10-30 23:18:03.001,18,33
2025-10-30 23:18:03.001,18,33
2025-10-30 23:18:03.001,18,32
2025-10-30 23:18:03.001,18,32
2025-10-30 23:18:04.921,10,4
2025-10-30 23:18:04.930,6,11
2025-10-30 23:18:04.930,6,11
2025-10-30 23:18:04.930,6,11
2025-10-30 23:18:04.930,6,10
2025-10-30 23:18:04.930,6,10
2025-10-30 23:18:04.943,6,3
2025-10-30 23:18:04.945,6,5
2025-10-30 23:18:04.945,6,4
2025-10-30 23:18:04.945,6,4
2025-10-30 23:18:06.000,19,62
2025-10-30 23:18:06.000,19,62
2025-10-30 23:18:06.000,19,61
2025-10-30 23:18:06.000,19,60
2025-10-30 23:18:06.000,19,59
2025-10-30 23:18:06.000,19,58
2025-10-30 23:18:06.000,19,58
2025-10-30 23:18:06.000,19,58
2025-10-30 23:18:06.000,19,57
2025-10-30 23:18:06.000,19,57
2025-10-30 23:18:07.001,19,42
2025-10-30 23:18:07.001,19,42
2025-10-30 23:18:07.001,19,42
2025-10-30 23:18:07.001,19,41
2025-10-30 23:18:07.001,19,41
2025-10-30 23:18:07.001,19,41
2025-10-30 23:18:07.001,19,41
2025-10-30 23:18:07.001,19,41
2025-10-30 23:18:07.001,19,40
2025-10-30 23:18:07.001,19,39
2025-10-30 23:18:08.000,20,31
2025-10-30 23:18:08.000,20,31
2025-10-30 23:18:08.000,20,31
2025-10-30 23:18:08.000,20,30
2025-10-30 23:18:08.000,20,30
2025-10-30 23:18:08.000,20,30
2025-10-30 23:18:08.000,20,30
2025-10-30 23:18:08.000,20,29
2025-10-30 23:18:08.000,20,29
2025-10-30 23:18:08.000,20,29
2025-10-30 23:18:09.922,10,6
2025-10-30 23:18:09.924,10,5
2025-10-30 23:18:09.931,10,11
2025-10-30 23:18:09.931,10,11
2025-10-30 23:18:09.931,10,10
2025-10-30 23:18:09.931,10,10
2025-10-30 23:18:09.931,10,10
2025-10-30 23:18:09.931,10,9
2025-10-30 23:18:09.931,10,8
2025-10-30 23:18:09.931,10,8
2025-10-30 23:18:11.000,18,71
2025-10-30 23:18:11.000,18,70
2025-10-30 23:18:11.000,18,70
2025-10-30 23:18:11.000,18,70
2025-10-30 23:18:11.000,18,70
2025-10-30 23:18:11.000,18,70
2025-10-30 23:18:11.000,18,69
2025-10-30 23:18:11.000,18,69
2025-10-30 23:18:11.000,18,68
2025-10-30 23:18:11.000,18,68
2025-10-30 23:18:12.002,10,40
2025-10-30 23:18:12.002,10,39
2025-10-30 23:18:12.002,10,39
2025-10-30 23:18:12.002,10,39
2025-10-30 23:18:12.002,10,39
2025-10-30 23:18:12.002,10,38
2025-10-30 23:18:12.002,10,38
2025-10-30 23:18:12.002,10,38
2025-10-30 23:18:12.002,10,37
2025-10-30 23:18:12.002,10,37
2025-10-30 23:18:13.000,10,36
2025-10-30 23:18:13.000,10,36
2025-10-30 23:18:13.000,10,36
2025-10-30 23:18:13.000,10,36
2025-10-30 23:18:13.000,10,35
2025-10-30 23:18:13.000,10,35
2025-10-30 23:18:13.000,10,34
2025-10-30 23:18:13.000,10,34
2025-10-30 23:18:13.000,10,34
2025-10-30 23:18:13.000,10,34
2025-10-30 23:18:14.046,10,3
2025-10-30 23:18:14.048,10,4
2025-10-30 23:18:14.048,10,4
2025-10-30 23:18:14.048,10,4
2025-10-30 23:18:14.048,10,3
2025-10-30 23:18:14.048,10,3
2025-10-30 23:18:14.048,10,3
2025-10-30 23:18:14.050,10,4
2025-10-30 23:18:14.050,10,4
2025-10-30 23:18:14.050,10,4
2025-10-30 23:18:15.000,20,16
2025-10-30 23:18:15.000,20,15
2025-10-30 23:18:15.000,20,15
2025-10-30 23:18:15.000,20,15
2025-10-30 23:18:15.000,20,14
2025-10-30 23:18:15.000,20,14
2025-10-30 23:18:15.000,20,14
2025-10-30 23:18:15.000,20,13
2025-10-30 23:18:15.000,20,13
2025-10-30 23:18:15.000,20,13
2025-10-30 23:18:16.001,20,926
2025-10-30 23:18:16.001,20,925
2025-10-30 23:18:16.001,20,924
2025-10-30 23:18:16.001,20,924
2025-10-30 23:18:16.001,20,923
2025-10-30 23:18:16.001,20,923
2025-10-30 23:18:16.001,20,922
2025-10-30 23:18:16.001,20,922
2025-10-30 23:18:16.001,20,922
2025-10-30 23:18:16.001,20,921
2025-10-30 23:18:17.000,30,1001
2025-10-30 23:18:17.000,30,1001
2025-10-30 23:18:17.000,30,1001
2025-10-30 23:18:17.000,30,1000
2025-10-30 23:18:17.000,30,1000
2025-10-30 23:18:17.000,30,1000
2025-10-30 23:18:17.000,30,999
2025-10-30 23:18:17.000,30,998
2025-10-30 23:18:17.000,30,997
2025-10-30 23:18:17.000,30,997
2025-10-30 23:18:18.000,30,1916
2025-10-30 23:18:18.000,30,1915
2025-10-30 23:18:18.000,30,1915
2025-10-30 23:18:18.000,30,1914
2025-10-30 23:18:18.000,30,1914
2025-10-30 23:18:18.000,30,1914
2025-10-30 23:18:18.000,30,1914
2025-10-30 23:18:18.000,30,1914
2025-10-30 23:18:18.000,30,1913
2025-10-30 23:18:18.000,30,1913
2025-10-30 23:18:19.001,39,1986
2025-10-30 23:18:19.001,39,1986
2025-10-30 23:18:19.001,39,1985
2025-10-30 23:18:19.001,39,1985
2025-10-30 23:18:19.001,39,1985
2025-10-30 23:18:19.001,39,1984
2025-10-30 23:18:19.001,39,1984
2025-10-30 23:18:19.001,39,1984
2025-10-30 23:18:19.001,39,1983
2025-10-30 23:18:19.001,39,1983
2025-10-30 23:18:20.000,37,2901
2025-10-30 23:18:20.000,37,2901
2025-10-30 23:18:20.000,37,2900
2025-10-30 23:18:20.000,37,2900
2025-10-30 23:18:20.000,37,2900
2025-10-30 23:18:20.000,37,2899
2025-10-30 23:18:20.000,37,2899
2025-10-30 23:18:20.000,37,2899
2025-10-30 23:18:20.000,37,2899
2025-10-30 23:18:20.000,37,2898
2025-10-30 23:18:21.001,37,2973
2025-10-30 23:18:21.001,37,2973
2025-10-30 23:18:21.001,37,2973
2025-10-30 23:18:21.001,37,2973
2025-10-30 23:18:21.001,37,2972
2025-10-30 23:18:21.001,37,2972
2025-10-30 23:18:21.001,37,2972
2025-10-30 23:18:21.001,37,2972
2025-10-30 23:18:21.001,37,2971
2025-10-30 23:18:21.001,37,2892
2025-10-30 23:18:22.000,53,3890
2025-10-30 23:18:22.000,53,3890
2025-10-30 23:18:22.000,53,3890
2025-10-30 23:18:22.000,53,3889
2025-10-30 23:18:22.000,53,3889
2025-10-30 23:18:22.000,53,3889
2025-10-30 23:18:22.000,53,3889
2025-10-30 23:18:22.000,53,3889
2025-10-30 23:18:22.000,53,2925
2025-10-30 23:18:22.002,53,2925
2025-10-30 23:18:23.001,53,3925
2025-10-30 23:18:23.001,53,3924
2025-10-30 23:18:23.001,53,3924
2025-10-30 23:18:23.001,53,3923
2025-10-30 23:18:23.001,53,3923
2025-10-30 23:18:23.001,53,3923
2025-10-30 23:18:23.001,53,3922
2025-10-30 23:18:23.001,53,3021
2025-10-30 23:18:23.001,53,3021
2025-10-30 23:18:23.001,53,3020
2025-10-30 23:18:24.000,69,4019
2025-10-30 23:18:24.000,69,4018
2025-10-30 23:18:24.000,69,4018
2025-10-30 23:18:24.000,69,4017
2025-10-30 23:18:24.000,69,4017
2025-10-30 23:18:24.000,69,4015
2025-10-30 23:18:24.000,69,3937
2025-10-30 23:18:24.000,69,3936
2025-10-30 23:18:24.000,69,3936
2025-10-30 23:18:24.000,69,3936
2025-10-30 23:18:25.001,89,4937
2025-10-30 23:18:25.001,89,4937
2025-10-30 23:18:25.001,89,4936
2025-10-30 23:18:25.001,89,4936
2025-10-30 23:18:25.001,89,4936
2025-10-30 23:18:25.001,89,3981
2025-10-30 23:18:25.001,89,3980
2025-10-30 23:18:25.001,89,3979
2025-10-30 23:18:25.001,89,3978
2025-10-30 23:18:25.001,89,3978
2025-10-30 23:18:26.000,89,4976
2025-10-30 23:18:26.000,89,4975
2025-10-30 23:18:26.000,89,4975
2025-10-30 23:18:26.000,89,4975
2025-10-30 23:18:26.000,89,4822
2025-10-30 23:18:26.001,89,4822
2025-10-30 23:18:26.001,89,4823
2025-10-30 23:18:26.001,89,4822
2025-10-30 23:18:26.001,89,4821
2025-10-30 23:18:26.001,89,4821
2025-10-30 23:18:27.000,89,5820
2025-10-30 23:18:27.000,89,5819
2025-10-30 23:18:27.000,89,5819
2025-10-30 23:18:27.000,89,4978
2025-10-30 23:18:27.000,89,4977
2025-10-30 23:18:27.000,89,4976
2025-10-30 23:18:27.000,89,4975
2025-10-30 23:18:27.000,89,4975
2025-10-30 23:18:27.000,89,4975
2025-10-30 23:18:27.000,89,4974
2025-10-30 23:18:28.001,109,5974
2025-10-30 23:18:28.001,109,5974
2025-10-30 23:18:28.001,109,5890
2025-10-30 23:18:28.001,109,5890
2025-10-30 23:18:28.001,109,5889
2025-10-30 23:18:28.001,109,5889
2025-10-30 23:18:28.001,109,5889
2025-10-30 23:18:28.001,109,5889
2025-10-30 23:18:28.001,109,5888
2025-10-30 23:18:28.001,109,5888
2025-10-30 23:18:29.000,119,6887
2025-10-30 23:18:29.000,119,5972
2025-10-30 23:18:29.000,119,5970
2025-10-30 23:18:29.000,119,5969
2025-10-30 23:18:29.000,119,5969
2025-10-30 23:18:29.000,119,5969
2025-10-30 23:18:29.000,119,5968
2025-10-30 23:18:29.000,119,5968
2025-10-30 23:18:29.000,119,5968
2025-10-30 23:18:29.000,119,5968
2025-10-30 23:18:30.000,119,6892
2025-10-30 23:18:30.000,119,6892
2025-10-30 23:18:30.000,119,6891
2025-10-30 23:18:30.000,119,6891
2025-10-30 23:18:30.000,119,6890
2025-10-30 23:18:30.000,119,6890
2025-10-30 23:18:30.000,119,6890
2025-10-30 23:18:30.000,119,6889
2025-10-30 23:18:30.000,119,6888
2025-10-30 23:18:30.000,119,5948
2025-10-30 23:18:31.001,119,6949
2025-10-30 23:18:31.001,119,6949
2025-10-30 23:18:31.001,119,6949
2025-10-30 23:18:31.001,119,6948
2025-10-30 23:18:31.001,119,6947
2025-10-30 23:18:31.001,119,6947
2025-10-30 23:18:31.001,119,6947
2025-10-30 23:18:31.001,119,6946
2025-10-30 23:18:31.001,119,6946
2025-10-30 23:18:31.001,119,6019
2025-10-30 23:18:32.001,129,7019
2025-10-30 23:18:32.001,129,7018
2025-10-30 23:18:32.001,129,7018
2025-10-30 23:18:32.001,129,7017
2025-10-30 23:18:32.001,129,7016
2025-10-30 23:18:32.001,129,7016
2025-10-30 23:18:32.001,129,7016
2025-10-30 23:18:32.001,129,7015
2025-10-30 23:18:32.001,129,7015
2025-10-30 23:18:32.001,129,6930
2025-10-30 23:18:33.000,149,7929
2025-10-30 23:18:33.000,149,7929
2025-10-30 23:18:33.000,149,7929
2025-10-30 23:18:33.000,149,7928
2025-10-30 23:18:33.000,149,7928
2025-10-30 23:18:33.000,149,7928
2025-10-30 23:18:33.000,149,7928
2025-10-30 23:18:33.000,149,7927
2025-10-30 23:18:33.000,149,7927
2025-10-30 23:18:33.000,149,6984
2025-10-30 23:18:34.000,159,7984
2025-10-30 23:18:34.000,159,7983
2025-10-30 23:18:34.000,159,7983
2025-10-30 23:18:34.000,159,7982
2025-10-30 23:18:34.000,159,7982
2025-10-30 23:18:34.000,159,7980
2025-10-30 23:18:34.000,159,7980
2025-10-30 23:18:34.000,159,7980
2025-10-30 23:18:34.000,159,7980
2025-10-30 23:18:34.000,159,7874
2025-10-30 23:18:35.000,149,8874
2025-10-30 23:18:35.000,149,8873
2025-10-30 23:18:35.000,149,8873
2025-10-30 23:18:35.000,149,8873
2025-10-30 23:18:35.000,149,8872
2025-10-30 23:18:35.000,149,8872
2025-10-30 23:18:35.000,149,8872
2025-10-30 23:18:35.000,149,8871
2025-10-30 23:18:35.000,149,8871
2025-10-30 23:18:35.000,149,7984
2025-10-30 23:18:36.001,177,8983
2025-10-30 23:18:36.001,177,8983
2025-10-30 23:18:36.001,177,8983
2025-10-30 23:18:36.001,177,8983
2025-10-30 23:18:36.001,177,8982
2025-10-30 23:18:36.001,177,8981
2025-10-30 23:18:36.001,177,8981
2025-10-30 23:18:36.001,177,8981
2025-10-30 23:18:36.001,177,8980
2025-10-30 23:18:36.001,177,8902
2025-10-30 23:18:37.000,188,9901
2025-10-30 23:18:37.001,188,9901
2025-10-30 23:18:37.001,188,9900
2025-10-30 23:18:37.001,188,9899
2025-10-30 23:18:37.001,188,9898
2025-10-30 23:18:37.001,188,9898
2025-10-30 23:18:37.001,188,9897
2025-10-30 23:18:37.001,188,9897
2025-10-30 23:18:37.001,188,9897
2025-10-30 23:18:37.001,188,8970
2025-10-30 23:18:38.000,213,9967
2025-10-30 23:18:38.000,213,9967
2025-10-30 23:18:38.000,213,9966
2025-10-30 23:18:38.000,213,9966
2025-10-30 23:18:38.000,213,9966
2025-10-30 23:18:38.000,213,9966
2025-10-30 23:18:38.000,213,9966
2025-10-30 23:18:38.000,213,9963
2025-10-30 23:18:38.000,213,9963
2025-10-30 23:18:38.000,213,9869
2025-10-30 23:18:39.000,222,10869
2025-10-30 23:18:39.000,222,10869
2025-10-30 23:18:39.000,222,10869
2025-10-30 23:18:39.000,222,10869
2025-10-30 23:18:39.000,222,10869
2025-10-30 23:18:39.000,222,10868
2025-10-30 23:18:39.000,222,10868
2025-10-30 23:18:39.000,222,10867
2025-10-30 23:18:39.000,222,10867
2025-10-30 23:18:39.000,222,9953
2025-10-30 23:18:40.001,247,10954
2025-10-30 23:18:40.001,247,10954
2025-10-30 23:18:40.001,247,10954
2025-10-30 23:18:40.001,247,10953
2025-10-30 23:18:40.001,247,10953
2025-10-30 23:18:40.001,247,10953
2025-10-30 23:18:40.001,247,10952
2025-10-30 23:18:40.001,247,10952
2025-10-30 23:18:40.001,247,10952
2025-10-30 23:18:40.001,247,10020
2025-10-30 23:18:41.000,266,11019
2025-10-30 23:18:41.000,266,11019
2025-10-30 23:18:41.000,266,11018
2025-10-30 23:18:41.000,266,11018
2025-10-30 23:18:41.000,266,11017
2025-10-30 23:18:41.000,266,11016
2025-10-30 23:18:41.000,266,11015
2025-10-30 23:18:41.000,266,11015
2025-10-30 23:18:41.000,266,11015
2025-10-30 23:18:41.000,266,10934
2025-10-30 23:18:42.001,274,11935
2025-10-30 23:18:42.001,274,11935
2025-10-30 23:18:42.001,274,11935
2025-10-30 23:18:42.001,274,11934
2025-10-30 23:18:42.001,274,11933
2025-10-30 23:18:42.001,274,11929
2025-10-30 23:18:42.001,274,11929
2025-10-30 23:18:42.001,274,11929
2025-10-30 23:18:42.001,274,11929
2025-10-30 23:18:42.001,274,11002
2025-10-30 23:18:43.000,291,12001
2025-10-30 23:18:43.000,291,12001
2025-10-30 23:18:43.000,291,12000
2025-10-30 23:18:43.000,291,11999
2025-10-30 23:18:43.000,291,11998
2025-10-30 23:18:43.000,291,11997
2025-10-30 23:18:43.000,291,11997
2025-10-30 23:18:43.000,291,11997
2025-10-30 23:18:43.000,291,11996
2025-10-30 23:18:43.000,291,11916
2025-10-30 23:18:44.000,305,12914
2025-10-30 23:18:44.000,305,12913
2025-10-30 23:18:44.000,305,12911
2025-10-30 23:18:44.000,305,12911
2025-10-30 23:18:44.000,305,12911
2025-10-30 23:18:44.000,305,12911
2025-10-30 23:18:44.000,305,12911
2025-10-30 23:18:44.000,305,12910
2025-10-30 23:18:44.000,305,12910
2025-10-30 23:18:44.000,305,11981
2025-10-30 23:18:45.001,319,12982
2025-10-30 23:18:45.001,319,12982
2025-10-30 23:18:45.001,319,12981
2025-10-30 23:18:45.001,319,12981
2025-10-30 23:18:45.001,319,12981
2025-10-30 23:18:45.001,319,12981
2025-10-30 23:18:45.001,319,12980
2025-10-30 23:18:45.001,319,12980
2025-10-30 23:18:45.001,319,12980
2025-10-30 23:18:45.001,319,12898
2025-10-30 23:18:46.000,333,13897
2025-10-30 23:18:46.000,333,13897
2025-10-30 23:18:46.000,333,13895
2025-10-30 23:18:46.000,333,13895
2025-10-30 23:18:46.000,333,13895
2025-10-30 23:18:46.000,333,13895
2025-10-30 23:18:46.000,333,13894
2025-10-30 23:18:46.000,333,13894
2025-10-30 23:18:46.000,333,13894
2025-10-30 23:18:46.000,333,12962
2025-10-30 23:18:47.000,347,13961
2025-10-30 23:18:47.000,347,13961
2025-10-30 23:18:47.000,347,13961
2025-10-30 23:18:47.000,347,13960
2025-10-30 23:18:47.000,347,13960
2025-10-30 23:18:47.000,347,13960
2025-10-30 23:18:47.000,347,13960
2025-10-30 23:18:47.000,347,13960
2025-10-30 23:18:47.000,347,13960
2025-10-30 23:18:47.000,347,13859
2025-10-30 23:18:48.001,361,14859
2025-10-30 23:18:48.001,361,14859
2025-10-30 23:18:48.001,361,14859
2025-10-30 23:18:48.001,361,14858
2025-10-30 23:18:48.001,361,14858
2025-10-30 23:18:48.001,361,14858
2025-10-30 23:18:48.001,361,14858
2025-10-30 23:18:48.001,361,14858
2025-10-30 23:18:48.001,361,14857
2025-10-30 23:18:48.001,361,13625
2025-10-30 23:18:49.000,375,14624
2025-10-30 23:18:49.001,375,14624
2025-10-30 23:18:49.001,375,14623
2025-10-30 23:18:49.001,375,14624
2025-10-30 23:18:49.001,375,14623
2025-10-30 23:18:49.001,375,14623
2025-10-30 23:18:49.001,375,14622
2025-10-30 23:18:49.001,375,14621
2025-10-30 23:18:49.001,375,14620
2025-10-30 23:18:49.001,375,14495
2025-10-30 23:18:50.000,389,15494
2025-10-30 23:18:50.000,389,15493
2025-10-30 23:18:50.000,389,15493
2025-10-30 23:18:50.000,389,15493
2025-10-30 23:18:50.000,389,15493
2025-10-30 23:18:50.000,389,15493
2025-10-30 23:18:50.000,389,15492
2025-10-30 23:18:50.000,389,15492
2025-10-30 23:18:50.000,389,15492
2025-10-30 23:18:50.000,389,15378
2025-10-30 23:18:51.001,403,16378
2025-10-30 23:18:51.001,403,16378
2025-10-30 23:18:51.001,403,16378
2025-10-30 23:18:51.001,403,16378
2025-10-30 23:18:51.001,403,16377
2025-10-30 23:18:51.001,403,16377
2025-10-30 23:18:51.001,403,16377
2025-10-30 23:18:51.001,403,16377
2025-10-30 23:18:51.001,403,16377
2025-10-30 23:18:51.001,403,15756
2025-10-30 23:18:52.000,417,16755
2025-10-30 23:18:52.000,417,16755
2025-10-30 23:18:52.000,417,16754
2025-10-30 23:18:52.000,417,16754
2025-10-30 23:18:52.000,417,16754
2025-10-30 23:18:52.000,417,16754
2025-10-30 23:18:52.000,417,16753
2025-10-30 23:18:52.000,417,16752
2025-10-30 23:18:52.000,417,16752
2025-10-30 23:18:52.000,417,16663
2025-10-30 23:18:53.000,431,17663
2025-10-30 23:18:53.000,431,17663
2025-10-30 23:18:53.000,431,17662
2025-10-30 23:18:53.000,431,17662
2025-10-30 23:18:53.000,431,17662
2025-10-30 23:18:53.000,431,17661
2025-10-30 23:18:53.000,431,17661
2025-10-30 23:18:53.000,431,17661
2025-10-30 23:18:53.000,431,17661
2025-10-30 23:18:53.000,431,17577
2025-10-30 23:18:54.000,445,18577
2025-10-30 23:18:54.001,445,18577
2025-10-30 23:18:54.001,445,18576
2025-10-30 23:18:54.001,445,18577
2025-10-30 23:18:54.001,445,18576
2025-10-30 23:18:54.001,445,18576
2025-10-30 23:18:54.001,445,18576
2025-10-30 23:18:54.001,445,18575
2025-10-30 23:18:54.001,445,18574
2025-10-30 23:18:54.001,445,17776
2025-10-30 23:18:55.001,459,18776
2025-10-30 23:18:55.001,459,18775
2025-10-30 23:18:55.001,459,18775
2025-10-30 23:18:55.001,459,18775
2025-10-30 23:18:55.001,459,18775
2025-10-30 23:18:55.001,459,18775
2025-10-30 23:18:55.001,459,18775
2025-10-30 23:18:55.001,459,18775
2025-10-30 23:18:55.001,459,18691
2025-10-30 23:18:55.001,459,18691
2025-10-30 23:18:56.000,473,19690
2025-10-30 23:18:56.000,473,19690
2025-10-30 23:18:56.000,473,19689
2025-10-30 23:18:56.000,473,19689
2025-10-30 23:18:56.000,473,19688
2025-10-30 23:18:56.000,473,19688
2025-10-30 23:18:56.000,473,19687
2025-10-30 23:18:56.000,473,19599
2025-10-30 23:18:56.000,473,19599
2025-10-30 23:18:56.000,473,19599
2025-10-30 23:18:57.001,487,20600
2025-10-30 23:18:57.001,487,20599
2025-10-30 23:18:57.001,487,20599
2025-10-30 23:18:57.001,487,20598
2025-10-30 23:18:57.001,487,20598
2025-10-30 23:18:57.001,487,20598
2025-10-30 23:18:57.001,487,19772
2025-10-30 23:18:57.001,487,19771
2025-10-30 23:18:57.001,487,19771
2025-10-30 23:18:57.001,487,19771
2025-10-30 23:18:58.001,501,20770
2025-10-30 23:18:58.001,501,20770
2025-10-30 23:18:58.001,501,20767
2025-10-30 23:18:58.001,501,20766
2025-10-30 23:18:58.001,501,20766
2025-10-30 23:18:58.001,501,20659
2025-10-30 23:18:58.001,501,20658
2025-10-30 23:18:58.001,501,20658
2025-10-30 23:18:58.001,501,20658
2025-10-30 23:18:58.001,501,20655
2025-10-30 23:18:59.000,515,21654
2025-10-30 23:18:59.000,515,21654
2025-10-30 23:18:59.000,515,21654
2025-10-30 23:18:59.000,515,21653
2025-10-30 23:18:59.000,515,21561
2025-10-30 23:18:59.000,515,21561
2025-10-30 23:18:59.000,515,21561
2025-10-30 23:18:59.000,515,21561
2025-10-30 23:18:59.000,515,21560
2025-10-30 23:18:59.000,515,21560
2025-10-30 23:19:00.001,529,22560
2025-10-30 23:19:00.001,529,22560
2025-10-30 23:19:00.001,529,22560
2025-10-30 23:19:00.001,529,21776
2025-10-30 23:19:00.001,529,21776
2025-10-30 23:19:00.001,529,21776
2025-10-30 23:19:00.001,529,21776
2025-10-30 23:19:00.001,529,21775
2025-10-30 23:19:00.001,529,21775
2025-10-30 23:19:00.001,529,21775
2025-10-30 23:19:01.000,543,22774
2025-10-30 23:19:01.000,543,22773
2025-10-30 23:19:01.000,543,22690
2025-10-30 23:19:01.001,543,22689
2025-10-30 23:19:01.001,543,22689
2025-10-30 23:19:01.001,543,22689
2025-10-30 23:19:01.001,543,22688
2025-10-30 23:19:01.001,543,22688
2025-10-30 23:19:01.001,543,22687
2025-10-30 23:19:01.001,543,22687
2025-10-30 23:19:02.000,554,23685
2025-10-30 23:19:02.000,554,23590
2025-10-30 23:19:02.000,554,23590
2025-10-30 23:19:02.000,554,23589
2025-10-30 23:19:02.000,554,23589
2025-10-30 23:19:02.000,554,23589
2025-10-30 23:19:02.000,554,23589
2025-10-30 23:19:02.000,554,23589
2025-10-30 23:19:02.000,554,23588
2025-10-30 23:19:02.000,554,23587
2025-10-30 23:19:03.001,565,23774
2025-10-30 23:19:03.001,565,23774
2025-10-30 23:19:03.001,565,23773
2025-10-30 23:19:03.001,565,23773
2025-10-30 23:19:03.001,565,23772
2025-10-30 23:19:03.001,565,23772
2025-10-30 23:19:03.001,565,23772
2025-10-30 23:19:03.001,565,23771
2025-10-30 23:19:03.001,565,23771
2025-10-30 23:19:03.001,565,23665
2025-10-30 23:19:04.000,576,24664
2025-10-30 23:19:04.000,576,24662
2025-10-30 23:19:04.000,576,24662
2025-10-30 23:19:04.000,576,24662
2025-10-30 23:19:04.000,576,24661
2025-10-30 23:19:04.000,576,24661
2025-10-30 23:19:04.000,576,24661
2025-10-30 23:19:04.000,576,24661
2025-10-30 23:19:04.000,576,24547
2025-10-30 23:19:04.000,576,24547
2025-10-30 23:19:05.000,587,25547
2025-10-30 23:19:05.000,587,25546
2025-10-30 23:19:05.000,587,25546
2025-10-30 23:19:05.000,587,25546
2025-10-30 23:19:05.000,587,25546
2025-10-30 23:19:05.000,587,25545
2025-10-30 23:19:05.000,587,25545
2025-10-30 23:19:05.000,587,24771
2025-10-30 23:19:05.000,587,24771
2025-10-30 23:19:05.000,587,24771
2025-10-30 23:19:06.001,598,25772
2025-10-30 23:19:06.001,598,25771
2025-10-30 23:19:06.001,598,25771
2025-10-30 23:19:06.001,598,25770
2025-10-30 23:19:06.001,598,25770
2025-10-30 23:19:06.001,598,25770
2025-10-30 23:19:06.001,598,25691
2025-10-30 23:19:06.001,598,25691
2025-10-30 23:19:06.001,598,25690
2025-10-30 23:19:06.001,598,25690
2025-10-30 23:19:07.000,609,26689
2025-10-30 23:19:07.000,609,26689
2025-10-30 23:19:07.000,609,26688
2025-10-30 23:19:07.000,609,26688
2025-10-30 23:19:07.000,609,26688
2025-10-30 23:19:07.000,609,26603
2025-10-30 23:19:07.000,609,26602
2025-10-30 23:19:07.000,609,26602
2025-10-30 23:19:07.000,609,26601
2025-10-30 23:19:07.000,609,26601
2025-10-30 23:19:08.000,620,27601
2025-10-30 23:19:08.000,620,27601
2025-10-30 23:19:08.000,620,27601
2025-10-30 23:19:08.000,620,27601
2025-10-30 23:19:08.000,620,26773
2025-10-30 23:19:08.000,620,26772
2025-10-30 23:19:08.000,620,26772
2025-10-30 23:19:08.000,620,26771
2025-10-30 23:19:08.000,620,26771
2025-10-30 23:19:08.000,620,26771
2025-10-30 23:19:09.001,631,27772
2025-10-30 23:19:09.001,631,27772
2025-10-30 23:19:09.001,631,27772
2025-10-30 23:19:09.001,631,27692
2025-10-30 23:19:09.001,631,27692
2025-10-30 23:19:09.001,631,27692
2025-10-30 23:19:09.001,631,27692
2025-10-30 23:19:09.001,631,27691
2025-10-30 23:19:09.001,631,27691
2025-10-30 23:19:09.001,631,27690
2025-10-30 23:19:10.000,642,28689
2025-10-30 23:19:10.000,642,28689
2025-10-30 23:19:10.000,642,28609
2025-10-30 23:19:10.000,642,28609
2025-10-30 23:19:10.000,642,28608
2025-10-30 23:19:10.000,642,28608
2025-10-30 23:19:10.000,642,28608
2025-10-30 23:19:10.000,642,28608
2025-10-30 23:19:10.000,642,28607
2025-10-30 23:19:10.000,642,28607
2025-10-30 23:19:11.001,653,29608
2025-10-30 23:19:11.001,653,28766
2025-10-30 23:19:11.001,653,28766
2025-10-30 23:19:11.001,653,28766
2025-10-30 23:19:11.001,653,28765
2025-10-30 23:19:11.001,653,28765
2025-10-30 23:19:11.001,653,28764
2025-10-30 23:19:11.001,653,28764
2025-10-30 23:19:11.001,653,28763
2025-10-30 23:19:11.001,653,28676
2025-10-30 23:19:12.000,664,29674
2025-10-30 23:19:12.000,664,29673
2025-10-30 23:19:12.000,664,29673
2025-10-30 23:19:12.000,664,29672
2025-10-30 23:19:12.000,664,29672
2025-10-30 23:19:12.000,664,29672
2025-10-30 23:19:12.000,664,29670
2025-10-30 23:19:12.000,664,29590
2025-10-30 23:19:12.000,664,29590
2025-10-30 23:19:12.000,664,29588
2025-10-30 23:19:13.001,675,30589
2025-10-30 23:19:13.001,675,30589
2025-10-30 23:19:13.001,675,30589
2025-10-30 23:19:13.001,675,30588
2025-10-30 23:19:13.001,675,30588
2025-10-30 23:19:13.001,675,29773
2025-10-30 23:19:13.001,675,29773
2025-10-30 23:19:13.001,675,29773
2025-10-30 23:19:13.001,675,29772
2025-10-30 23:19:13.001,675,29772
2025-10-30 23:19:14.000,686,30771
2025-10-30 23:19:14.000,686,30771
2025-10-30 23:19:14.000,686,30770
2025-10-30 23:19:14.000,686,30688
2025-10-30 23:19:14.000,686,30688
2025-10-30 23:19:14.000,686,30688
2025-10-30 23:19:14.000,686,30687
2025-10-30 23:19:14.000,686,30686
2025-10-30 23:19:14.000,686,30686
2025-10-30 23:19:14.000,686,30686
2025-10-30 23:19:15.001,697,31687
2025-10-30 23:19:15.001,697,31602
2025-10-30 23:19:15.001,697,31602
2025-10-30 23:19:15.001,697,31602
2025-10-30 23:19:15.001,697,31601
2025-10-30 23:19:15.001,697,31601
2025-10-30 23:19:15.001,697,31601
2025-10-30 23:19:15.001,697,31600
2025-10-30 23:19:15.001,697,31600
2025-10-30 23:19:15.001,697,30753
2025-10-30 23:19:16.000,708,31752
2025-10-30 23:19:16.000,708,31752
2025-10-30 23:19:16.000,708,31751
2025-10-30 23:19:16.000,708,31751
2025-10-30 23:19:16.000,708,31751
2025-10-30 23:19:16.000,708,31751
2025-10-30 23:19:16.000,708,31750
2025-10-30 23:19:16.000,708,31650
2025-10-30 23:19:16.000,708,31650
2025-10-30 23:19:16.000,708,31648
2025-10-30 23:19:17.001,719,32648
2025-10-30 23:19:17.001,719,32648
2025-10-30 23:19:17.001,719,32648
2025-10-30 23:19:17.001,719,32648
2025-10-30 23:19:17.001,719,32648
2025-10-30 23:19:17.001,719,32551
2025-10-30 23:19:17.001,719,32551
2025-10-30 23:19:17.001,719,32549
2025-10-30 23:19:17.001,719,32549
2025-10-30 23:19:17.001,719,32548
2025-10-30 23:19:18.000,730,33547
2025-10-30 23:19:18.000,730,33547
2025-10-30 23:19:18.000,730,33547
2025-10-30 23:19:18.000,730,32764
2025-10-30 23:19:18.000,730,32763
2025-10-30 23:19:18.000,730,32762
2025-10-30 23:19:18.000,730,32762
2025-10-30 23:19:18.000,730,32761
2025-10-30 23:19:18.000,730,32760
2025-10-30 23:19:18.000,730,32760
2025-10-30 23:19:19.000,741,33759
2025-10-30 23:19:19.000,741,33645
2025-10-30 23:19:19.000,741,33644
2025-10-30 23:19:19.000,741,33644
2025-10-30 23:19:19.000,741,33643
2025-10-30 23:19:19.000,741,33643
2025-10-30 23:19:19.000,741,33643
2025-10-30 23:19:19.000,741,33642
2025-10-30 23:19:19.000,741,33642
2025-10-30 23:19:19.000,741,33546
2025-10-30 23:19:20.001,752,34546
2025-10-30 23:19:20.001,752,34545
2025-10-30 23:19:20.001,752,34545
2025-10-30 23:19:20.001,752,34545
2025-10-30 23:19:20.001,752,34544
2025-10-30 23:19:20.001,752,34544
2025-10-30 23:19:20.001,752,34544
2025-10-30 23:19:20.001,752,33742
2025-10-30 23:19:20.001,752,33741
2025-10-30 23:19:20.001,752,33741
2025-10-30 23:19:21.000,763,34740
2025-10-30 23:19:21.000,763,34740
2025-10-30 23:19:21.000,763,34739
2025-10-30 23:19:21.000,763,34739
2025-10-30 23:19:21.000,763,34739
2025-10-30 23:19:21.000,763,34627
2025-10-30 23:19:21.000,763,34627
2025-10-30 23:19:21.000,763,34627
2025-10-30 23:19:21.000,763,34626
2025-10-30 23:19:21.000,763,34626
2025-10-30 23:19:22.001,774,35627
2025-10-30 23:19:22.001,774,35627
2025-10-30 23:19:22.001,774,35627
2025-10-30 23:19:22.001,774,35538
2025-10-30 23:19:22.001,774,35538
2025-10-30 23:19:22.001,774,35537
2025-10-30 23:19:22.001,774,35537
2025-10-30 23:19:22.001,774,35537
2025-10-30 23:19:22.001,774,35537
2025-10-30 23:19:22.001,774,35537
2025-10-30 23:19:23.000,785,36535
2025-10-30 23:19:23.000,785,35770
2025-10-30 23:19:23.000,785,35770
2025-10-30 23:19:23.000,785,35769
2025-10-30 23:19:23.000,785,35769
2025-10-30 23:19:23.000,785,35769
2025-10-30 23:19:23.000,785,35769
2025-10-30 23:19:23.000,785,35769
2025-10-30 23:19:23.000,785,35768
2025-10-30 23:19:23.000,785,35667
2025-10-30 23:19:24.000,796,36666
2025-10-30 23:19:24.000,796,36666
2025-10-30 23:19:24.000,796,36665
2025-10-30 23:19:24.000,796,36665
2025-10-30 23:19:24.000,796,36664
2025-10-30 23:19:24.000,796,36664
2025-10-30 23:19:24.000,796,36664
2025-10-30 23:19:24.000,796,36585
2025-10-30 23:19:24.000,796,36585
2025-10-30 23:19:24.000,796,36585
2025-10-30 23:19:25.001,805,37586
2025-10-30 23:19:25.001,805,37586
2025-10-30 23:19:25.001,805,37585
2025-10-30 23:19:25.001,805,37585
2025-10-30 23:19:25.001,805,37585
2025-10-30 23:19:25.001,805,36777
2025-10-30 23:19:25.001,805,36776
2025-10-30 23:19:25.001,805,36776
2025-10-30 23:19:25.001,805,36776
2025-10-30 23:19:25.001,805,36776
2025-10-30 23:19:26.000,813,37775
2025-10-30 23:19:26.000,813,37774
2025-10-30 23:19:26.000,813,37774
2025-10-30 23:19:26.000,813,37684
2025-10-30 23:19:26.000,813,37683
2025-10-30 23:19:26.000,813,37683
2025-10-30 23:19:26.000,813,37682
2025-10-30 23:19:26.000,813,37682
2025-10-30 23:19:26.000,813,37680
2025-10-30 23:19:26.000,813,37680
2025-10-30 23:19:27.000,821,38680
2025-10-30 23:19:27.000,821,38596
2025-10-30 23:19:27.000,821,38596
2025-10-30 23:19:27.000,821,38595
2025-10-30 23:19:27.000,821,38595
2025-10-30 23:19:27.000,821,38595
2025-10-30 23:19:27.000,821,38595
2025-10-30 23:19:27.000,821,38595
2025-10-30 23:19:27.000,821,38595
2025-10-30 23:19:27.000,821,37765
2025-10-30 23:19:28.000,829,38764
2025-10-30 23:19:28.000,829,38764
2025-10-30 23:19:28.000,829,38763
2025-10-30 23:19:28.000,829,38763
2025-10-30 23:19:28.000,829,38762
2025-10-30 23:19:28.000,829,38761
2025-10-30 23:19:28.000,829,38760
2025-10-30 23:19:28.000,829,38677
2025-10-30 23:19:28.000,829,38677
2025-10-30 23:19:28.000,829,38677
2025-10-30 23:19:29.001,837,39677
2025-10-30 23:19:29.001,837,39677
2025-10-30 23:19:29.001,837,39677
2025-10-30 23:19:29.001,837,39677
2025-10-30 23:19:29.001,837,39676
2025-10-30 23:19:29.001,837,39595
2025-10-30 23:19:29.001,837,39595
2025-10-30 23:19:29.001,837,39595
2025-10-30 23:19:29.001,837,39594
2025-10-30 23:19:29.001,837,39593
2025-10-30 23:19:30.000,845,40592
2025-10-30 23:19:30.000,845,40592
2025-10-30 23:19:30.000,845,40592
2025-10-30 23:19:30.000,845,39774
2025-10-30 23:19:30.000,845,39774
2025-10-30 23:19:30.000,845,39774
2025-10-30 23:19:30.000,845,39773
2025-10-30 23:19:30.000,845,39773
2025-10-30 23:19:30.000,845,39772
2025-10-30 23:19:30.000,845,39772
2025-10-30 23:19:31.000,853,40772
2025-10-30 23:19:31.000,853,40593
2025-10-30 23:19:31.000,853,40592
2025-10-30 23:19:31.000,853,40591
2025-10-30 23:19:31.000,853,40591
2025-10-30 23:19:31.000,853,40591
2025-10-30 23:19:31.000,853,40590
2025-10-30 23:19:31.000,853,40589
2025-10-30 23:19:31.000,853,40589
2025-10-30 23:19:31.000,853,40439
2025-10-30 23:19:32.001,861,41439
2025-10-30 23:19:32.001,861,41439
2025-10-30 23:19:32.001,861,41438
2025-10-30 23:19:32.001,861,41436
2025-10-30 23:19:32.001,861,41435
2025-10-30 23:19:32.001,861,41435
2025-10-30 23:19:32.001,861,41435
2025-10-30 23:19:32.001,861,40782
2025-10-30 23:19:32.001,861,40781
2025-10-30 23:19:32.001,861,40781
2025-10-30 23:19:33.001,869,41780
2025-10-30 23:19:33.001,869,41780
2025-10-30 23:19:33.001,869,41780
2025-10-30 23:19:33.001,869,41780
2025-10-30 23:19:33.001,869,41780
2025-10-30 23:19:33.001,869,41695
2025-10-30 23:19:33.001,869,41694
2025-10-30 23:19:33.001,869,41694
2025-10-30 23:19:33.001,869,41694
2025-10-30 23:19:33.001,869,41693
2025-10-30 23:19:34.000,877,42692
2025-10-30 23:19:34.000,877,42692
2025-10-30 23:19:34.000,877,42692
2025-10-30 23:19:34.000,877,42609
2025-10-30 23:19:34.000,877,42608
2025-10-30 23:19:34.000,877,42608
2025-10-30 23:19:34.000,877,42608
2025-10-30 23:19:34.000,877,42608
2025-10-30 23:19:34.000,877,42608
2025-10-30 23:19:34.000,877,42607
2025-10-30 23:19:35.001,885,43608
2025-10-30 23:19:35.001,885,42782
2025-10-30 23:19:35.001,885,42781
2025-10-30 23:19:35.001,885,42781
2025-10-30 23:19:35.001,885,42781
2025-10-30 23:19:35.001,885,42781
2025-10-30 23:19:35.001,885,42781
2025-10-30 23:19:35.001,885,42781
2025-10-30 23:19:35.001,885,42780
2025-10-30 23:19:35.001,885,42700
2025-10-30 23:19:36.000,887,43698
2025-10-30 23:19:36.000,887,43697
2025-10-30 23:19:36.000,887,43697
2025-10-30 23:19:36.000,887,43697
2025-10-30 23:19:36.000,887,43697
2025-10-30 23:19:36.000,887,43697
2025-10-30 23:19:36.000,887,43697
2025-10-30 23:19:36.000,887,43615
2025-10-30 23:19:36.000,887,43614
2025-10-30 23:19:36.000,887,43614
2025-10-30 23:19:37.000,889,44614
2025-10-30 23:19:37.000,889,44614
2025-10-30 23:19:37.000,889,44613
2025-10-30 23:19:37.000,889,44613
2025-10-30 23:19:37.000,889,44613
2025-10-30 23:19:37.000,889,43769
2025-10-30 23:19:37.000,889,43769
2025-10-30 23:19:37.000,889,43769
2025-10-30 23:19:37.000,889,43768
2025-10-30 23:19:37.000,889,43768
2025-10-30 23:19:38.001,897,44769
2025-10-30 23:19:38.001,897,44769
2025-10-30 23:19:38.001,897,44765
2025-10-30 23:19:38.001,897,44676
2025-10-30 23:19:38.001,897,44676
2025-10-30 23:19:38.001,897,44676
2025-10-30 23:19:38.001,897,44674
2025-10-30 23:19:38.001,897,44674
2025-10-30 23:19:38.001,897,44674
2025-10-30 23:19:38.001,897,44673
2025-10-30 23:19:39.000,899,45672
2025-10-30 23:19:39.000,899,45577
2025-10-30 23:19:39.000,899,45577
2025-10-30 23:19:39.000,899,45577
2025-10-30 23:19:39.000,899,45577
2025-10-30 23:19:39.000,899,45576
2025-10-30 23:19:39.000,899,45576
2025-10-30 23:19:39.000,899,45576
2025-10-30 23:19:39.000,899,45575
2025-10-30 23:19:39.000,899,44493
2025-10-30 23:19:40.001,901,45494
2025-10-30 23:19:40.001,901,45494
2025-10-30 23:19:40.001,901,45494
2025-10-30 23:19:40.001,901,45494
2025-10-30 23:19:40.001,901,45493
2025-10-30 23:19:40.001,901,45493
2025-10-30 23:19:40.001,901,45493
2025-10-30 23:19:40.001,901,45407
2025-10-30 23:19:40.001,901,45407
2025-10-30 23:19:40.001,901,45407
2025-10-30 23:19:41.000,909,46405
2025-10-30 23:19:41.000,909,46405
2025-10-30 23:19:41.000,909,46405
2025-10-30 23:19:41.000,909,46405
2025-10-30 23:19:41.000,909,46405
2025-10-30 23:19:41.000,909,46327
2025-10-30 23:19:41.000,909,46327
2025-10-30 23:19:41.000,909,46327
2025-10-30 23:19:41.000,909,46326
2025-10-30 23:19:41.000,909,46326
2025-10-30 23:19:42.001,911,47327
2025-10-30 23:19:42.001,911,47327
2025-10-30 23:19:42.001,911,47327
2025-10-30 23:19:42.001,911,46463
2025-10-30 23:19:42.001,911,46463
2025-10-30 23:19:42.001,911,46462
2025-10-30 23:19:42.001,911,46462
2025-10-30 23:19:42.001,911,46462
2025-10-30 23:19:42.001,911,46462
2025-10-30 23:19:42.001,911,46461
2025-10-30 23:19:43.000,913,47460
2025-10-30 23:19:43.000,913,47354
2025-10-30 23:19:43.000,913,47354
2025-10-30 23:19:43.000,913,47353
2025-10-30 23:19:43.000,913,47352
2025-10-30 23:19:43.000,913,47352
2025-10-30 23:19:43.000,913,47352
2025-10-30 23:19:43.000,913,47352
2025-10-30 23:19:43.000,913,47352
2025-10-30 23:19:43.000,913,47242
2025-10-30 23:19:44.001,921,48243
2025-10-30 23:19:44.001,921,48242
2025-10-30 23:19:44.001,921,48242
2025-10-30 23:19:44.001,921,48242
2025-10-30 23:19:44.001,921,48242
2025-10-30 23:19:44.001,921,48241
2025-10-30 23:19:44.001,921,48241
2025-10-30 23:19:44.001,921,47496
2025-10-30 23:19:44.001,921,47496
2025-10-30 23:19:44.001,921,47495
2025-10-30 23:19:45.000,924,48494
2025-10-30 23:19:45.000,924,48494
2025-10-30 23:19:45.000,924,48494
2025-10-30 23:19:45.000,924,48494
2025-10-30 23:19:45.000,924,48494
2025-10-30 23:19:45.000,924,48418
2025-10-30 23:19:45.000,924,48417
2025-10-30 23:19:45.000,924,48417
2025-10-30 23:19:45.000,924,48417
2025-10-30 23:19:45.000,924,48417
2025-10-30 23:19:46.000,931,49417
2025-10-30 23:19:46.000,931,49416
2025-10-30 23:19:46.000,931,49415
2025-10-30 23:19:46.000,931,49339
2025-10-30 23:19:46.000,931,49338
2025-10-30 23:19:46.000,931,49338
2025-10-30 23:19:46.000,931,49338
2025-10-30 23:19:46.000,931,49337
2025-10-30 23:19:46.000,931,49337
2025-10-30 23:19:46.000,931,49337
2025-10-30 23:19:47.000,933,50337
2025-10-30 23:19:47.000,933,49499
2025-10-30 23:19:47.000,933,49498
2025-10-30 23:19:47.000,933,49498
2025-10-30 23:19:47.000,933,49498
2025-10-30 23:19:47.000,933,49497
2025-10-30 23:19:47.000,933,49497
2025-10-30 23:19:47.000,933,49497
2025-10-30 23:19:47.000,933,49497
2025-10-30 23:19:47.000,933,49417
2025-10-30 23:19:48.001,941,50418
2025-10-30 23:19:48.001,941,50418
2025-10-30 23:19:48.001,941,50417
2025-10-30 23:19:48.001,941,50417
2025-10-30 23:19:48.001,941,50417
2025-10-30 23:19:48.001,941,50415
2025-10-30 23:19:48.001,941,50415
2025-10-30 23:19:48.001,941,50329
2025-10-30 23:19:48.001,941,50328
2025-10-30 23:19:48.001,941,50328
2025-10-30 23:19:49.000,943,51321
2025-10-30 23:19:49.000,943,51320
2025-10-30 23:19:49.000,943,51320
2025-10-30 23:19:49.000,943,51320
2025-10-30 23:19:49.000,943,51319
2025-10-30 23:19:49.000,943,50498
2025-10-30 23:19:49.000,943,50497
2025-10-30 23:19:49.000,943,50497
2025-10-30 23:19:49.000,943,50496
2025-10-30 23:19:49.000,943,50496
2025-10-30 23:19:50.001,945,51496
2025-10-30 23:19:50.001,945,51496
2025-10-30 23:19:50.001,945,51495
2025-10-30 23:19:50.001,945,51413
2025-10-30 23:19:50.001,945,51412
2025-10-30 23:19:50.001,945,51411
2025-10-30 23:19:50.001,945,51411
2025-10-30 23:19:50.001,945,51411
2025-10-30 23:19:50.001,945,51409
2025-10-30 23:19:50.001,945,51409
2025-10-30 23:19:51.000,953,52407
2025-10-30 23:19:51.000,953,52329
2025-10-30 23:19:51.000,953,52329
2025-10-30 23:19:51.000,953,52329
2025-10-30 23:19:51.000,953,52329
2025-10-30 23:19:51.000,953,52329
2025-10-30 23:19:51.000,953,52328
2025-10-30 23:19:51.000,953,52328
2025-10-30 23:19:51.000,953,52328
2025-10-30 23:19:51.000,953,51500
2025-10-30 23:19:52.000,953,52499
2025-10-30 23:19:52.000,953,52498
2025-10-30 23:19:52.000,953,52498
2025-10-30 23:19:52.000,953,52497
2025-10-30 23:19:52.000,953,52496
2025-10-30 23:19:52.000,953,52495
2025-10-30 23:19:52.000,953,52495
2025-10-30 23:19:52.000,953,52395
2025-10-30 23:19:52.000,953,52394
2025-10-30 23:19:52.000,953,52393
2025-10-30 23:19:53.000,958,53393
2025-10-30 23:19:53.000,958,53393
2025-10-30 23:19:53.000,958,53393
2025-10-30 23:19:53.000,958,53392
2025-10-30 23:19:53.000,958,53392
2025-10-30 23:19:53.000,958,53314
2025-10-30 23:19:53.000,958,53313
2025-10-30 23:19:53.000,958,53313
2025-10-30 23:19:53.000,958,53313
2025-10-30 23:19:53.000,958,53313
2025-10-30 23:19:54.000,958,54313
2025-10-30 23:19:54.000,958,54312
2025-10-30 23:19:54.000,958,54312
2025-10-30 23:19:54.000,958,53502
2025-10-30 23:19:54.000,958,53502
2025-10-30 23:19:54.000,958,53500
2025-10-30 23:19:54.000,958,53500
2025-10-30 23:19:54.000,958,53499
2025-10-30 23:19:54.000,958,53498
2025-10-30 23:19:54.000,958,53498
2025-10-30 23:19:55.001,963,54424
2025-10-30 23:19:55.001,963,54423
2025-10-30 23:19:55.001,963,54423
2025-10-30 23:19:55.001,963,54422
2025-10-30 23:19:55.001,963,54422
2025-10-30 23:19:55.001,963,54422
2025-10-30 23:19:55.001,963,54421
2025-10-30 23:19:55.001,963,54324
2025-10-30 23:19:55.001,963,54324
2025-10-30 23:19:55.001,963,54324
2025-10-30 23:19:56.000,953,55322
2025-10-30 23:19:56.000,953,55322
2025-10-30 23:19:56.000,953,55322
2025-10-30 23:19:56.000,953,55322
2025-10-30 23:19:56.000,953,54496
2025-10-30 23:19:56.000,953,54496
2025-10-30 23:19:56.000,953,54495
2025-10-30 23:19:56.000,953,54495
2025-10-30 23:19:56.000,953,54495
2025-10-30 23:19:56.000,953,54495
2025-10-30 23:19:57.001,948,55496
2025-10-30 23:19:57.001,948,55417
2025-10-30 23:19:57.001,948,55416
2025-10-30 23:19:57.001,948,55416
2025-10-30 23:19:57.001,948,55416
2025-10-30 23:19:57.001,948,55415
2025-10-30 23:19:57.001,948,55414
2025-10-30 23:19:57.001,948,55414
2025-10-30 23:19:57.001,948,55335
2025-10-30 23:19:57.001,948,55334
2025-10-30 23:19:58.000,948,56333
2025-10-30 23:19:58.000,948,56332
2025-10-30 23:19:58.000,948,56332
2025-10-30 23:19:58.000,948,56332
2025-10-30 23:19:58.000,948,56332
2025-10-30 23:19:58.000,948,55481
2025-10-30 23:19:58.000,948,55480
2025-10-30 23:19:58.000,948,55479
2025-10-30 23:19:58.000,948,55479
2025-10-30 23:19:58.000,948,55478
2025-10-30 23:19:59.001,943,56479
2025-10-30 23:19:59.001,943,56479
2025-10-30 23:19:59.001,943,56379
2025-10-30 23:19:59.001,943,56378
2025-10-30 23:19:59.001,943,56378
2025-10-30 23:19:59.001,943,56378
2025-10-30 23:19:59.001,943,56378
2025-10-30 23:19:59.001,943,56377
2025-10-30 23:19:59.001,943,56377
2025-10-30 23:19:59.001,943,56291
2025-10-30 23:20:00.000,943,57290
2025-10-30 23:20:00.000,943,57289
2025-10-30 23:20:00.000,943,57289
2025-10-30 23:20:00.000,943,57289
2025-10-30 23:20:00.000,943,57289
2025-10-30 23:20:00.000,943,57289
2025-10-30 23:20:00.000,943,56496
2025-10-30 23:20:00.000,943,56495
2025-10-30 23:20:00.000,943,56495
2025-10-30 23:20:00.000,943,56494
2025-10-30 23:20:01.001,943,57495
2025-10-30 23:20:01.001,943,57494
2025-10-30 23:20:01.001,943,57494
2025-10-30 23:20:01.001,943,57409
2025-10-30 23:20:01.001,943,57408
2025-10-30 23:20:01.001,943,57408
2025-10-30 23:20:01.001,943,57408
2025-10-30 23:20:01.001,943,57408
2025-10-30 23:20:01.001,943,57408
2025-10-30 23:20:01.001,943,57408
2025-10-30 23:20:02.001,938,58330
2025-10-30 23:20:02.001,938,58329
2025-10-30 23:20:02.001,938,58329
2025-10-30 23:20:02.001,938,58328
2025-10-30 23:20:02.001,938,58328
2025-10-30 23:20:02.001,938,58328
2025-10-30 23:20:02.001,938,58328
2025-10-30 23:20:02.001,938,57496
2025-10-30 23:20:02.001,938,57495
2025-10-30 23:20:02.001,938,57495
2025-10-30 23:20:03.000,938,58494
2025-10-30 23:20:03.000,938,58494
2025-10-30 23:20:03.000,938,58493
2025-10-30 23:20:03.000,938,58493
2025-10-30 23:20:03.000,938,58410
2025-10-30 23:20:03.000,938,58409
2025-10-30 23:20:03.000,938,58409
2025-10-30 23:20:03.000,938,58408
2025-10-30 23:20:03.000,938,58408
2025-10-30 23:20:03.000,938,58408
2025-10-30 23:20:04.000,933,59408
2025-10-30 23:20:04.000,933,59323
2025-10-30 23:20:04.000,933,59323
2025-10-30 23:20:04.000,933,59323
2025-10-30 23:20:04.000,933,59322
2025-10-30 23:20:04.000,933,59322
2025-10-30 23:20:04.000,933,59322
2025-10-30 23:20:04.000,933,59322
2025-10-30 23:20:04.000,933,58494
2025-10-30 23:20:04.000,933,58494
2025-10-30 23:20:05.001,933,59494
2025-10-30 23:20:05.001,933,59494
2025-10-30 23:20:05.001,933,59494
2025-10-30 23:20:05.001,933,59494
2025-10-30 23:20:05.001,933,59494
2025-10-30 23:20:05.001,933,59405
2025-10-30 23:20:05.001,933,59405
2025-10-30 23:20:05.001,933,59405
2025-10-30 23:20:05.001,933,59405
2025-10-30 23:20:05.001,933,59403
2025-10-30 23:20:06.000,933,60402
2025-10-30 23:20:06.000,933,60402
2025-10-30 23:20:06.000,933,60304
2025-10-30 23:20:06.000,933,60304
2025-10-30 23:20:06.000,933,60303
2025-10-30 23:20:06.000,933,60303
2025-10-30 23:20:06.000,933,60303
2025-10-30 23:20:06.000,933,60303
2025-10-30 23:20:06.000,933,60303
2025-10-30 23:20:06.000,933,59480
2025-10-30 23:20:07.000,928,60480
2025-10-30 23:20:07.000,928,60479
2025-10-30 23:20:07.000,928,60478
2025-10-30 23:20:07.000,928,60478
2025-10-30 23:20:07.000,928,60477
2025-10-30 23:20:07.000,928,60476
2025-10-30 23:20:07.000,928,60384
2025-10-30 23:20:07.000,928,60383
2025-10-30 23:20:07.000,928,60383
2025-10-30 23:20:07.000,928,60383
2025-10-30 23:20:08.001,928,61382
2025-10-30 23:20:08.001,928,61380
2025-10-30 23:20:08.001,928,61380
2025-10-30 23:20:08.001,928,61245
2025-10-30 23:20:08.001,928,61245
2025-10-30 23:20:08.001,928,61244
2025-10-30 23:20:08.001,928,61243
2025-10-30 23:20:08.001,928,61243
2025-10-30 23:20:08.001,928,61242
2025-10-30 23:20:08.001,928,61242
2025-10-30 23:20:09.000,923,61491
2025-10-30 23:20:09.001,923,61491
2025-10-30 23:20:09.001,923,61490
2025-10-30 23:20:09.001,923,61491
2025-10-30 23:20:09.001,923,61491
2025-10-30 23:20:09.001,923,61491
2025-10-30 23:20:09.001,923,61491
2025-10-30 23:20:09.001,923,61402
2025-10-30 23:20:09.001,923,61402
2025-10-30 23:20:09.001,923,61402
2025-10-30 23:20:10.000,923,62401
2025-10-30 23:20:10.000,923,62400
2025-10-30 23:20:10.000,923,62400
2025-10-30 23:20:10.000,923,62400
2025-10-30 23:20:10.000,923,62290
2025-10-30 23:20:10.000,923,62289
2025-10-30 23:20:10.000,923,62289
2025-10-30 23:20:10.000,923,62289
2025-10-30 23:20:10.000,923,62289
2025-10-30 23:20:10.000,923,62289
2025-10-30 23:20:11.000,923,63288
2025-10-30 23:20:11.000,923,62496
2025-10-30 23:20:11.000,923,62496
2025-10-30 23:20:11.000,923,62495
2025-10-30 23:20:11.000,923,62495
2025-10-30 23:20:11.000,923,62494
2025-10-30 23:20:11.000,923,62494
2025-10-30 23:20:11.000,923,62494
2025-10-30 23:20:11.000,923,62418
2025-10-30 23:20:11.000,923,62418
2025-10-30 23:20:12.001,918,63419
2025-10-30 23:20:12.001,918,63419
2025-10-30 23:20:12.001,918,63419
2025-10-30 23:20:12.001,918,63419
2025-10-30 23:20:12.001,918,63418
2025-10-30 23:20:12.001,918,63341
2025-10-30 23:20:12.001,918,63340
2025-10-30 23:20:12.001,918,63340
2025-10-30 23:20:12.001,918,63339
2025-10-30 23:20:12.001,918,63339
2025-10-30 23:20:13.000,918,64338
2025-10-30 23:20:13.000,918,64338
2025-10-30 23:20:13.000,918,63494
2025-10-30 23:20:13.000,918,63494
2025-10-30 23:20:13.000,918,63493
2025-10-30 23:20:13.000,918,63493
2025-10-30 23:20:13.000,918,63493
2025-10-30 23:20:13.000,918,63493
2025-10-30 23:20:13.000,918,63492
2025-10-30 23:20:13.000,918,63413
2025-10-30 23:20:14.000,913,64413
2025-10-30 23:20:14.000,913,64413
2025-10-30 23:20:14.000,913,64412
2025-10-30 23:20:14.000,913,64412
2025-10-30 23:20:14.000,913,64412
2025-10-30 23:20:14.000,913,64412
2025-10-30 23:20:14.000,913,64333
2025-10-30 23:20:14.000,913,64332
2025-10-30 23:20:14.000,913,64331
2025-10-30 23:20:14.000,913,64331
2025-10-30 23:20:15.001,913,65332
2025-10-30 23:20:15.001,913,65331
2025-10-30 23:20:15.001,913,65331
2025-10-30 23:20:15.001,913,64499
2025-10-30 23:20:15.001,913,64498
2025-10-30 23:20:15.001,913,64498
2025-10-30 23:20:15.001,913,64498
2025-10-30 23:20:15.001,913,64497
2025-10-30 23:20:15.001,913,64497
2025-10-30 23:20:15.001,913,64497
2025-10-30 23:20:16.000,913,65406
2025-10-30 23:20:16.000,913,65406
2025-10-30 23:20:16.000,913,65405
2025-10-30 23:20:16.000,913,65404
2025-10-30 23:20:16.000,913,65403
2025-10-30 23:20:16.000,913,65403
2025-10-30 23:20:16.000,913,65403
2025-10-30 23:20:16.000,913,65323
2025-10-30 23:20:16.000,913,65323
2025-10-30 23:20:16.000,913,65323
2025-10-30 23:20:17.000,908,66322
2025-10-30 23:20:17.000,908,66322
2025-10-30 23:20:17.000,908,66321
2025-10-30 23:20:17.000,908,66321
2025-10-30 23:20:17.000,908,65481
2025-10-30 23:20:17.000,908,65480
2025-10-30 23:20:17.000,908,65479
2025-10-30 23:20:17.000,908,65479
2025-10-30 23:20:17.000,908,65478
2025-10-30 23:20:17.000,908,65478
2025-10-30 23:20:18.001,903,66479
2025-10-30 23:20:18.001,903,66388
2025-10-30 23:20:18.001,903,66387
2025-10-30 23:20:18.001,903,66387
2025-10-30 23:20:18.001,903,66387
2025-10-30 23:20:18.001,903,66387
2025-10-30 23:20:18.001,903,66387
2025-10-30 23:20:18.001,903,66387
2025-10-30 23:20:18.001,903,66290
2025-10-30 23:20:18.001,903,66290
2025-10-30 23:20:19.000,898,67288
2025-10-30 23:20:19.000,898,67288
2025-10-30 23:20:19.000,898,67287
2025-10-30 23:20:19.000,898,67287
2025-10-30 23:20:19.000,898,67287
2025-10-30 23:20:19.000,898,66495
2025-10-30 23:20:19.000,898,66495
2025-10-30 23:20:19.000,898,66495
2025-10-30 23:20:19.000,898,66494
2025-10-30 23:20:19.000,898,66494
2025-10-30 23:20:20.000,893,67493
2025-10-30 23:20:20.001,893,67492
2025-10-30 23:20:20.001,893,67411
2025-10-30 23:20:20.001,893,67412
2025-10-30 23:20:20.001,893,67412
2025-10-30 23:20:20.001,893,67411
2025-10-30 23:20:20.001,893,67411
2025-10-30 23:20:20.001,893,67411
2025-10-30 23:20:20.001,893,67411
2025-10-30 23:20:20.001,893,67330
2025-10-30 23:20:21.000,888,68329
2025-10-30 23:20:21.000,888,68328
2025-10-30 23:20:21.001,888,68328
2025-10-30 23:20:21.001,888,68328
2025-10-30 23:20:21.001,888,68329
2025-10-30 23:20:21.001,888,68329
2025-10-30 23:20:21.001,888,67476
2025-10-30 23:20:21.001,888,67475
2025-10-30 23:20:21.001,888,67475
2025-10-30 23:20:21.001,888,67474
2025-10-30 23:20:22.000,883,68472
2025-10-30 23:20:22.000,883,68471
2025-10-30 23:20:22.000,883,68471
2025-10-30 23:20:22.000,883,68387
2025-10-30 23:20:22.000,883,68387
2025-10-30 23:20:22.000,883,68386
2025-10-30 23:20:22.000,883,68385
2025-10-30 23:20:22.000,883,68385
2025-10-30 23:20:22.000,883,68385
2025-10-30 23:20:22.000,883,68385
2025-10-30 23:20:23.000,878,69305
2025-10-30 23:20:23.000,878,69304
2025-10-30 23:20:23.000,878,69304
2025-10-30 23:20:23.000,878,69304
2025-10-30 23:20:23.000,878,69304
2025-10-30 23:20:23.000,878,69303
2025-10-30 23:20:23.000,878,69303
2025-10-30 23:20:23.000,878,68221
2025-10-30 23:20:23.000,878,68220
2025-10-30 23:20:23.000,878,68220
2025-10-30 23:20:24.001,873,69221
2025-10-30 23:20:24.001,873,69220
2025-10-30 23:20:24.001,873,69220
2025-10-30 23:20:24.001,873,69220
2025-10-30 23:20:24.001,873,69135
2025-10-30 23:20:24.001,873,69135
2025-10-30 23:20:24.001,873,69135
2025-10-30 23:20:24.001,873,69135
2025-10-30 23:20:24.001,873,69135
2025-10-30 23:20:24.001,873,69134
2025-10-30 23:20:25.001,868,70134
2025-10-30 23:20:25.001,868,70056
2025-10-30 23:20:25.001,868,70056
2025-10-30 23:20:25.001,868,70055
2025-10-30 23:20:25.001,868,70055
2025-10-30 23:20:25.001,868,70055
2025-10-30 23:20:25.001,868,70054
2025-10-30 23:20:25.001,868,70054
2025-10-30 23:20:25.001,868,69212
2025-10-30 23:20:25.001,868,69212
2025-10-30 23:20:26.000,864,70211
2025-10-30 23:20:26.000,864,70210
2025-10-30 23:20:26.000,864,70209
2025-10-30 23:20:26.000,864,70209
2025-10-30 23:20:26.000,864,70209
2025-10-30 23:20:26.000,864,70123
2025-10-30 23:20:26.000,864,70123
2025-10-30 23:20:26.000,864,70123
2025-10-30 23:20:26.000,864,70123
2025-10-30 23:20:26.000,864,70123
2025-10-30 23:20:27.000,860,71117
2025-10-30 23:20:27.000,860,71117
2025-10-30 23:20:27.000,860,71043
2025-10-30 23:20:27.000,860,71042
2025-10-30 23:20:27.000,860,71042
2025-10-30 23:20:27.000,860,71042
2025-10-30 23:20:27.000,860,71041
2025-10-30 23:20:27.000,860,71041
2025-10-30 23:20:27.000,860,71041
2025-10-30 23:20:27.001,860,70217
2025-10-30 23:20:28.000,856,71217
2025-10-30 23:20:28.000,856,71216
2025-10-30 23:20:28.000,856,71216
2025-10-30 23:20:28.000,856,71216
2025-10-30 23:20:28.000,856,71216
2025-10-30 23:20:28.000,856,71214
2025-10-30 23:20:28.000,856,71136
2025-10-30 23:20:28.000,856,71136
2025-10-30 23:20:28.000,856,71135
2025-10-30 23:20:28.000,856,71135
2025-10-30 23:20:29.001,852,72135
2025-10-30 23:20:29.001,852,72135
2025-10-30 23:20:29.001,852,72135
2025-10-30 23:20:29.001,852,72057
2025-10-30 23:20:29.001,852,72057
2025-10-30 23:20:29.001,852,72057
2025-10-30 23:20:29.001,852,72057
2025-10-30 23:20:29.001,852,72056
2025-10-30 23:20:29.001,852,72056
2025-10-30 23:20:29.001,852,72055
2025-10-30 23:20:30.001,848,72216
2025-10-30 23:20:30.001,848,72215
2025-10-30 23:20:30.001,848,72215
2025-10-30 23:20:30.001,848,72215
2025-10-30 23:20:30.001,848,72215
2025-10-30 23:20:30.001,848,72215
2025-10-30 23:20:30.001,848,72214
2025-10-30 23:20:30.001,848,72137
2025-10-30 23:20:30.001,848,72137
2025-10-30 23:20:30.001,848,72137
2025-10-30 23:20:31.000,844,73135
2025-10-30 23:20:31.000,844,73135
2025-10-30 23:20:31.000,844,73135
2025-10-30 23:20:31.000,844,73134
2025-10-30 23:20:31.000,844,73054
2025-10-30 23:20:31.000,844,73053
2025-10-30 23:20:31.000,844,73053
2025-10-30 23:20:31.000,844,73053
2025-10-30 23:20:31.000,844,73052
2025-10-30 23:20:31.000,844,73052
2025-10-30 23:20:32.001,840,74053
2025-10-30 23:20:32.001,840,73206
2025-10-30 23:20:32.001,840,73206
2025-10-30 23:20:32.001,840,73206
2025-10-30 23:20:32.001,840,73204
2025-10-30 23:20:32.001,840,73203
2025-10-30 23:20:32.001,840,73203
2025-10-30 23:20:32.001,840,73202
2025-10-30 23:20:32.001,840,73105
2025-10-30 23:20:32.001,840,73104
2025-10-30 23:20:33.000,836,74103
2025-10-30 23:20:33.000,836,74103
2025-10-30 23:20:33.000,836,74103
2025-10-30 23:20:33.000,836,74102
2025-10-30 23:20:33.000,836,74102
2025-10-30 23:20:33.000,836,74015
2025-10-30 23:20:33.000,836,74015
2025-10-30 23:20:33.000,836,74014
2025-10-30 23:20:33.000,836,74014
2025-10-30 23:20:33.000,836,74013
2025-10-30 23:20:34.001,832,75014
2025-10-30 23:20:34.001,832,75014
2025-10-30 23:20:34.001,832,74221
2025-10-30 23:20:34.001,832,74221
2025-10-30 23:20:34.001,832,74220
2025-10-30 23:20:34.001,832,74220
2025-10-30 23:20:34.001,832,74220
2025-10-30 23:20:34.001,832,74220
2025-10-30 23:20:34.001,832,74220
2025-10-30 23:20:34.001,832,74141
2025-10-30 23:20:35.001,828,75141
2025-10-30 23:20:35.001,828,75140
2025-10-30 23:20:35.001,828,75140
2025-10-30 23:20:35.001,828,75140
2025-10-30 23:20:35.001,828,75140
2025-10-30 23:20:35.001,828,75139
2025-10-30 23:20:35.001,828,75056
2025-10-30 23:20:35.001,828,75055
2025-10-30 23:20:35.001,828,75055
2025-10-30 23:20:35.001,828,75054
2025-10-30 23:20:36.000,824,76053
2025-10-30 23:20:36.000,824,76053
2025-10-30 23:20:36.000,824,76053
2025-10-30 23:20:36.000,824,75211
2025-10-30 23:20:36.000,824,75210
2025-10-30 23:20:36.000,824,75210
2025-10-30 23:20:36.000,824,75210
2025-10-30 23:20:36.000,824,75209
2025-10-30 23:20:36.000,824,75209
2025-10-30 23:20:36.000,824,75209
2025-10-30 23:20:37.000,814,76118
2025-10-30 23:20:37.000,814,76118
2025-10-30 23:20:37.000,814,76118
2025-10-30 23:20:37.000,814,76117
2025-10-30 23:20:37.000,814,76117
2025-10-30 23:20:37.000,814,76117
2025-10-30 23:20:37.000,814,76117
2025-10-30 23:20:37.000,814,76021
2025-10-30 23:20:37.000,814,76021
2025-10-30 23:20:37.000,814,76021
2025-10-30 23:20:38.000,810,77020
2025-10-30 23:20:38.000,810,77020
2025-10-30 23:20:38.000,810,77019
2025-10-30 23:20:38.000,810,77019
2025-10-30 23:20:38.000,810,76223
2025-10-30 23:20:38.000,810,76222
2025-10-30 23:20:38.000,810,76222
2025-10-30 23:20:38.000,810,76222
2025-10-30 23:20:38.000,810,76222
2025-10-30 23:20:38.000,810,76221
2025-10-30 23:20:39.001,806,77222
2025-10-30 23:20:39.001,806,77147
2025-10-30 23:20:39.001,806,77147
2025-10-30 23:20:39.001,806,77147
2025-10-30 23:20:39.001,806,77146
2025-10-30 23:20:39.001,806,77146
2025-10-30 23:20:39.001,806,77146
2025-10-30 23:20:39.001,806,77146
2025-10-30 23:20:39.001,806,77067
2025-10-30 23:20:39.001,806,77067
2025-10-30 23:20:40.000,802,78065
2025-10-30 23:20:40.000,802,78065
2025-10-30 23:20:40.000,802,78064
2025-10-30 23:20:40.000,802,78063
2025-10-30 23:20:40.000,802,78063
2025-10-30 23:20:40.000,802,77217
2025-10-30 23:20:40.000,802,77217
2025-10-30 23:20:40.000,802,77217
2025-10-30 23:20:40.000,802,77217
2025-10-30 23:20:40.000,802,77216
2025-10-30 23:20:41.000,798,78215
2025-10-30 23:20:41.000,798,78215
2025-10-30 23:20:41.000,798,78133
2025-10-30 23:20:41.000,798,78133
2025-10-30 23:20:41.000,798,78133
2025-10-30 23:20:41.000,798,78133
2025-10-30 23:20:41.000,798,78132
2025-10-30 23:20:41.000,798,78131
2025-10-30 23:20:41.000,798,78131
2025-10-30 23:20:41.000,798,78047
2025-10-30 23:20:42.001,788,79048
2025-10-30 23:20:42.001,788,79048
2025-10-30 23:20:42.001,788,79047
2025-10-30 23:20:42.001,788,79047
2025-10-30 23:20:42.001,788,79047
2025-10-30 23:20:42.001,788,79047
2025-10-30 23:20:42.001,788,78223
2025-10-30 23:20:42.001,788,78222
2025-10-30 23:20:42.001,788,78222
2025-10-30 23:20:42.001,788,78222
2025-10-30 23:20:43.000,784,79221
2025-10-30 23:20:43.000,784,79221
2025-10-30 23:20:43.000,784,79221
2025-10-30 23:20:43.000,784,79140
2025-10-30 23:20:43.000,784,79140
2025-10-30 23:20:43.000,784,79140
2025-10-30 23:20:43.000,784,79139
2025-10-30 23:20:43.000,784,79139
2025-10-30 23:20:43.000,784,79139
2025-10-30 23:20:43.000,784,79056
2025-10-30 23:20:44.001,780,80057
2025-10-30 23:20:44.001,780,80056
2025-10-30 23:20:44.001,780,80056
2025-10-30 23:20:44.001,780,80056
2025-10-30 23:20:44.001,780,80056
2025-10-30 23:20:44.001,780,79220
2025-10-30 23:20:44.001,780,79219
2025-10-30 23:20:44.001,780,79219
2025-10-30 23:20:44.001,780,79219
2025-10-30 23:20:44.001,780,79218
2025-10-30 23:20:45.000,776,80217
2025-10-30 23:20:45.000,776,80139
2025-10-30 23:20:45.000,776,80139
2025-10-30 23:20:45.000,776,80139
2025-10-30 23:20:45.000,776,80138
2025-10-30 23:20:45.000,776,80138
2025-10-30 23:20:45.000,776,80138
2025-10-30 23:20:45.000,776,80057
2025-10-30 23:20:45.000,776,80057
2025-10-30 23:20:45.000,776,80057
2025-10-30 23:20:46.001,772,81057
2025-10-30 23:20:46.001,772,81057
2025-10-30 23:20:46.001,772,81057
2025-10-30 23:20:46.001,772,80222
2025-10-30 23:20:46.001,772,80222
2025-10-30 23:20:46.001,772,80221
2025-10-30 23:20:46.001,772,80221
2025-10-30 23:20:46.001,772,80221
2025-10-30 23:20:46.001,772,80221
2025-10-30 23:20:46.001,772,80139
2025-10-30 23:20:47.000,762,81137
2025-10-30 23:20:47.000,762,81136
2025-10-30 23:20:47.000,762,81136
2025-10-30 23:20:47.000,762,81136
2025-10-30 23:20:47.000,762,81136
2025-10-30 23:20:47.000,762,81058
2025-10-30 23:20:47.000,762,81058
2025-10-30 23:20:47.000,762,81058
2025-10-30 23:20:47.000,762,81057
2025-10-30 23:20:47.000,762,81057
2025-10-30 23:20:48.000,758,82057
2025-10-30 23:20:48.000,758,81213
2025-10-30 23:20:48.000,758,81212
2025-10-30 23:20:48.000,758,81212
2025-10-30 23:20:48.000,758,81212
2025-10-30 23:20:48.000,758,81211
2025-10-30 23:20:48.000,758,81211
2025-10-30 23:20:48.000,758,81126
2025-10-30 23:20:48.000,758,81125
2025-10-30 23:20:48.000,758,81125
2025-10-30 23:20:49.001,754,82125
2025-10-30 23:20:49.001,754,82125
2025-10-30 23:20:49.001,754,82125
2025-10-30 23:20:49.001,754,82042
2025-10-30 23:20:49.001,754,82041
2025-10-30 23:20:49.001,754,82041
2025-10-30 23:20:49.002,754,82041
2025-10-30 23:20:49.002,754,82041
2025-10-30 23:20:49.002,754,82042
2025-10-30 23:20:49.002,754,81218
2025-10-30 23:20:50.000,750,82216
2025-10-30 23:20:50.000,750,82214
2025-10-30 23:20:50.000,750,82214
2025-10-30 23:20:50.000,750,82214
2025-10-30 23:20:50.000,750,82213
2025-10-30 23:20:50.000,750,82138
2025-10-30 23:20:50.000,750,82137
2025-10-30 23:20:50.000,750,82135
2025-10-30 23:20:50.000,750,82135
2025-10-30 23:20:50.000,750,82135
2025-10-30 23:20:51.000,746,83135
2025-10-30 23:20:51.000,746,83058
2025-10-30 23:20:51.000,746,83057
2025-10-30 23:20:51.000,746,83057
2025-10-30 23:20:51.000,746,83057
2025-10-30 23:20:51.000,746,83056
2025-10-30 23:20:51.000,746,83056
2025-10-30 23:20:51.000,746,82212
2025-10-30 23:20:51.000,746,82211
2025-10-30 23:20:51.000,746,82211
2025-10-30 23:20:52.000,736,83211
2025-10-30 23:20:52.000,736,83210
2025-10-30 23:20:52.000,736,83210
2025-10-30 23:20:52.000,736,83123
2025-10-30 23:20:52.000,736,83122
2025-10-30 23:20:52.000,736,83121
2025-10-30 23:20:52.000,736,83121
2025-10-30 23:20:52.000,736,83121
2025-10-30 23:20:52.000,736,83121
2025-10-30 23:20:52.000,736,83042
2025-10-30 23:20:53.000,732,84041
2025-10-30 23:20:53.000,732,84041
2025-10-30 23:20:53.000,732,84041
2025-10-30 23:20:53.000,732,84041
2025-10-30 23:20:53.000,732,84041
2025-10-30 23:20:53.000,732,83188
2025-10-30 23:20:53.000,732,83187
2025-10-30 23:20:53.000,732,83187
2025-10-30 23:20:53.000,732,83187
2025-10-30 23:20:53.000,732,83187
2025-10-30 23:20:54.000,728,84187
2025-10-30 23:20:54.000,728,84076
2025-10-30 23:20:54.000,728,84076
2025-10-30 23:20:54.000,728,84075
2025-10-30 23:20:54.000,728,84074
2025-10-30 23:20:54.000,728,84074
2025-10-30 23:20:54.000,728,84074
2025-10-30 23:20:54.000,728,83954
2025-10-30 23:20:54.000,728,83953
2025-10-30 23:20:54.000,728,83952
2025-10-30 23:20:55.001,724,84953
2025-10-30 23:20:55.001,724,84953
2025-10-30 23:20:55.001,724,84953
2025-10-30 23:20:55.001,724,84173
2025-10-30 23:20:55.001,724,84173
2025-10-30 23:20:55.001,724,84172
2025-10-30 23:20:55.001,724,84172
2025-10-30 23:20:55.001,724,84172
2025-10-30 23:20:55.001,724,84172
2025-10-30 23:20:55.001,724,84052
2025-10-30 23:20:56.000,720,85050
2025-10-30 23:20:56.000,720,85050
2025-10-30 23:20:56.000,720,85048
2025-10-30 23:20:56.000,720,85046
2025-10-30 23:20:56.000,720,85045
2025-10-30 23:20:56.000,720,84949
2025-10-30 23:20:56.000,720,84948
2025-10-30 23:20:56.001,720,84948
2025-10-30 23:20:56.001,720,84947
2025-10-30 23:20:56.001,720,84948
2025-10-30 23:20:57.000,710,85946
2025-10-30 23:20:57.000,710,85224
2025-10-30 23:20:57.000,710,85224
2025-10-30 23:20:57.000,710,85223
2025-10-30 23:20:57.000,710,85223
2025-10-30 23:20:57.000,710,85222
2025-10-30 23:20:57.000,710,85222
2025-10-30 23:20:57.000,710,85140
2025-10-30 23:20:57.000,710,85139
2025-10-30 23:20:57.000,710,85139
2025-10-30 23:20:58.000,700,86138
2025-10-30 23:20:58.000,700,86137
2025-10-30 23:20:58.000,700,86137
2025-10-30 23:20:58.000,700,86057
2025-10-30 23:20:58.000,700,86057
2025-10-30 23:20:58.000,700,86056
2025-10-30 23:20:58.000,700,86056
2025-10-30 23:20:58.000,700,86056
2025-10-30 23:20:58.000,700,86056
2025-10-30 23:20:58.000,700,85219
2025-10-30 23:20:59.001,697,86220
2025-10-30 23:20:59.001,697,86220
2025-10-30 23:20:59.001,697,86219
2025-10-30 23:20:59.001,697,86219
2025-10-30 23:20:59.001,697,86219
2025-10-30 23:20:59.001,697,86129
2025-10-30 23:20:59.001,697,86128
2025-10-30 23:20:59.001,697,86128
2025-10-30 23:20:59.001,697,86128
2025-10-30 23:20:59.001,697,86128
2025-10-30 23:21:00.000,687,87126
2025-10-30 23:21:00.000,687,87035
2025-10-30 23:21:00.000,687,87035
2025-10-30 23:21:00.000,687,87035
2025-10-30 23:21:00.000,687,87034
2025-10-30 23:21:00.000,687,87034
2025-10-30 23:21:00.000,687,87034
2025-10-30 23:21:00.000,687,86220
2025-10-30 23:21:00.000,687,86219
2025-10-30 23:21:00.000,687,86219
2025-10-30 23:21:01.000,684,87219
2025-10-30 23:21:01.000,684,87218
2025-10-30 23:21:01.000,684,87218
2025-10-30 23:21:01.000,684,87137
2025-10-30 23:21:01.001,684,87136
2025-10-30 23:21:01.001,684,87136
2025-10-30 23:21:01.001,684,87137
2025-10-30 23:21:01.001,684,87136
2025-10-30 23:21:01.001,684,87136
2025-10-30 23:21:01.001,684,87058
2025-10-30 23:21:02.000,674,88057
2025-10-30 23:21:02.000,674,88056
2025-10-30 23:21:02.000,674,88056
2025-10-30 23:21:02.000,674,88056
2025-10-30 23:21:02.000,674,88056
2025-10-30 23:21:02.000,674,86969
2025-10-30 23:21:02.000,674,86969
2025-10-30 23:21:02.000,674,86969
2025-10-30 23:21:02.000,674,86968
2025-10-30 23:21:02.000,674,86967
2025-10-30 23:21:03.000,664,87967
2025-10-30 23:21:03.000,664,87888
2025-10-30 23:21:03.000,664,87887
2025-10-30 23:21:03.000,664,87887
2025-10-30 23:21:03.000,664,87887
2025-10-30 23:21:03.000,664,87887
2025-10-30 23:21:03.000,664,87887
2025-10-30 23:21:03.000,664,87006
2025-10-30 23:21:03.000,664,87006
2025-10-30 23:21:03.000,664,87005
2025-10-30 23:21:04.001,661,88006
2025-10-30 23:21:04.001,661,88006
2025-10-30 23:21:04.001,661,88006
2025-10-30 23:21:04.001,661,87925
2025-10-30 23:21:04.001,661,87924
2025-10-30 23:21:04.001,661,87924
2025-10-30 23:21:04.001,661,87923
2025-10-30 23:21:04.001,661,87923
2025-10-30 23:21:04.001,661,87923
2025-10-30 23:21:04.001,661,87035
2025-10-30 23:21:05.000,651,88033
2025-10-30 23:21:05.000,651,88033
2025-10-30 23:21:05.000,651,88032
2025-10-30 23:21:05.000,651,88032
2025-10-30 23:21:05.000,651,88031
2025-10-30 23:21:05.000,651,87949
2025-10-30 23:21:05.000,651,87949
2025-10-30 23:21:05.000,651,87949
2025-10-30 23:21:05.000,651,87949
2025-10-30 23:21:05.000,651,87949
2025-10-30 23:21:06.001,648,88950
2025-10-30 23:21:06.001,648,88863
2025-10-30 23:21:06.001,648,88862
2025-10-30 23:21:06.001,648,88862
2025-10-30 23:21:06.001,648,88862
2025-10-30 23:21:06.001,648,88861
2025-10-30 23:21:06.001,648,88861
2025-10-30 23:21:06.001,648,87991
2025-10-30 23:21:06.001,648,87990
2025-10-30 23:21:06.001,648,87990
2025-10-30 23:21:07.000,638,88989
2025-10-30 23:21:07.000,638,88989
2025-10-30 23:21:07.000,638,88988
2025-10-30 23:21:07.000,638,88904
2025-10-30 23:21:07.000,638,88904
2025-10-30 23:21:07.000,638,88903
2025-10-30 23:21:07.000,638,88903
2025-10-30 23:21:07.000,638,88902
2025-10-30 23:21:07.000,638,88902
2025-10-30 23:21:07.000,638,88019
2025-10-30 23:21:08.000,628,89019
2025-10-30 23:21:08.000,628,89018
2025-10-30 23:21:08.000,628,89018
2025-10-30 23:21:08.000,628,89018
2025-10-30 23:21:08.000,628,89017
2025-10-30 23:21:08.000,628,88915
2025-10-30 23:21:08.000,628,88913
2025-10-30 23:21:08.000,628,88913
2025-10-30 23:21:08.000,628,88913
2025-10-30 23:21:08.000,628,88912
2025-10-30 23:21:09.001,625,89913
2025-10-30 23:21:09.001,625,89819
2025-10-30 23:21:09.001,625,89818
2025-10-30 23:21:09.001,625,89818
2025-10-30 23:21:09.001,625,89818
2025-10-30 23:21:09.001,625,89818
2025-10-30 23:21:09.001,625,89817
2025-10-30 23:21:09.001,625,88973
2025-10-30 23:21:09.001,625,88973
2025-10-30 23:21:09.001,625,88972
2025-10-30 23:21:10.000,615,89970
2025-10-30 23:21:10.000,615,89970
2025-10-30 23:21:10.000,615,89970
2025-10-30 23:21:10.000,615,89895
2025-10-30 23:21:10.000,615,89895
2025-10-30 23:21:10.000,615,89895
2025-10-30 23:21:10.000,615,89895
2025-10-30 23:21:10.000,615,89894
2025-10-30 23:21:10.000,615,89893
2025-10-30 23:21:10.000,615,89006
2025-10-30 23:21:11.000,612,90006
2025-10-30 23:21:11.000,612,90005
2025-10-30 23:21:11.000,612,90005
2025-10-30 23:21:11.000,612,90004
2025-10-30 23:21:11.000,612,90004
2025-10-30 23:21:11.000,612,89926
2025-10-30 23:21:11.000,612,89926
2025-10-30 23:21:11.000,612,89926
2025-10-30 23:21:11.000,612,89926
2025-10-30 23:21:11.000,612,89925
2025-10-30 23:21:12.001,602,90926
2025-10-30 23:21:12.001,602,90034
2025-10-30 23:21:12.001,602,90034
2025-10-30 23:21:12.001,602,90034
2025-10-30 23:21:12.001,602,90034
2025-10-30 23:21:12.001,602,90033
2025-10-30 23:21:12.001,602,90033
2025-10-30 23:21:12.001,602,89939
2025-10-30 23:21:12.001,602,89939
2025-10-30 23:21:12.001,602,89939
2025-10-30 23:21:13.000,592,90937
2025-10-30 23:21:13.000,592,90937
2025-10-30 23:21:13.000,592,90937
2025-10-30 23:21:13.000,592,90850
2025-10-30 23:21:13.000,592,90850
2025-10-30 23:21:13.000,592,90850
2025-10-30 23:21:13.000,592,90849
2025-10-30 23:21:13.000,592,90848
2025-10-30 23:21:13.000,592,90847
2025-10-30 23:21:13.000,592,89994
2025-10-30 23:21:14.001,590,90995
2025-10-30 23:21:14.001,590,90995
2025-10-30 23:21:14.001,590,90994
2025-10-30 23:21:14.001,590,90994
2025-10-30 23:21:14.001,590,90993
2025-10-30 23:21:14.001,590,90909
2025-10-30 23:21:14.001,590,90909
2025-10-30 23:21:14.001,590,90909
2025-10-30 23:21:14.001,590,90909
2025-10-30 23:21:14.001,590,90908
2025-10-30 23:21:15.000,580,91906
2025-10-30 23:21:15.000,580,91021
2025-10-30 23:21:15.000,580,91021
2025-10-30 23:21:15.000,580,91020
2025-10-30 23:21:15.000,580,91020
2025-10-30 23:21:15.000,580,91019
2025-10-30 23:21:15.000,580,91019
2025-10-30 23:21:15.000,580,90937
2025-10-30 23:21:15.000,580,90937
2025-10-30 23:21:15.000,580,90937
2025-10-30 23:21:16.000,578,91936
2025-10-30 23:21:16.000,578,91936
2025-10-30 23:21:16.000,578,91936
2025-10-30 23:21:16.000,578,91852
2025-10-30 23:21:16.000,578,91852
2025-10-30 23:21:16.000,578,91852
2025-10-30 23:21:16.000,578,91851
2025-10-30 23:21:16.000,578,91851
2025-10-30 23:21:16.000,578,91850
2025-10-30 23:21:16.000,578,90974
2025-10-30 23:21:17.001,568,91975
2025-10-30 23:21:17.001,568,91975
2025-10-30 23:21:17.001,568,91974
2025-10-30 23:21:17.001,568,91974
2025-10-30 23:21:17.001,568,91974
2025-10-30 23:21:17.001,568,91895
2025-10-30 23:21:17.001,568,91895
2025-10-30 23:21:17.001,568,91894
2025-10-30 23:21:17.001,568,91893
2025-10-30 23:21:17.001,568,91893
2025-10-30 23:21:18.000,558,92892
2025-10-30 23:21:18.000,558,91979
2025-10-30 23:21:18.000,558,91979
2025-10-30 23:21:18.000,558,91979
2025-10-30 23:21:18.000,558,91979
2025-10-30 23:21:18.000,558,91978
2025-10-30 23:21:18.000,558,91978
2025-10-30 23:21:18.000,558,91884
2025-10-30 23:21:18.000,558,91884
2025-10-30 23:21:18.000,558,91884
2025-10-30 23:21:19.001,556,92885
2025-10-30 23:21:19.001,556,92885
2025-10-30 23:21:19.001,556,92885
2025-10-30 23:21:19.001,556,92037
2025-10-30 23:21:19.001,556,92037
2025-10-30 23:21:19.001,556,92037
2025-10-30 23:21:19.001,556,92036
2025-10-30 23:21:19.001,556,92036
2025-10-30 23:21:19.001,556,92035
2025-10-30 23:21:19.001,556,91957
2025-10-30 23:21:20.000,546,92956
2025-10-30 23:21:20.000,546,92955
2025-10-30 23:21:20.000,546,92955
2025-10-30 23:21:20.000,546,92955
2025-10-30 23:21:20.000,546,92955
2025-10-30 23:21:20.000,546,92872
2025-10-30 23:21:20.000,546,92871
2025-10-30 23:21:20.000,546,92871
2025-10-30 23:21:20.000,546,92871
2025-10-30 23:21:20.000,546,92871
2025-10-30 23:21:21.000,544,93871
2025-10-30 23:21:21.000,544,92990
2025-10-30 23:21:21.000,544,92990
2025-10-30 23:21:21.000,544,92990
2025-10-30 23:21:21.000,544,92990
2025-10-30 23:21:21.000,544,92990
2025-10-30 23:21:21.000,544,92989
2025-10-30 23:21:21.000,544,92901
2025-10-30 23:21:21.000,544,92901
2025-10-30 23:21:21.000,544,92900
2025-10-30 23:21:22.001,534,93901
2025-10-30 23:21:22.001,534,93901
2025-10-30 23:21:22.001,534,93900
2025-10-30 23:21:22.001,534,93024
2025-10-30 23:21:22.001,534,93024
2025-10-30 23:21:22.001,534,93024
2025-10-30 23:21:22.001,534,93024
2025-10-30 23:21:22.001,534,93023
2025-10-30 23:21:22.001,534,93023
2025-10-30 23:21:22.001,534,92943
2025-10-30 23:21:23.000,524,93941
2025-10-30 23:21:23.000,524,93941
2025-10-30 23:21:23.000,524,93940
2025-10-30 23:21:23.000,524,93940
2025-10-30 23:21:23.000,524,93940
2025-10-30 23:21:23.000,524,93832
2025-10-30 23:21:23.000,524,93831
2025-10-30 23:21:23.000,524,93831
2025-10-30 23:21:23.001,524,93829
2025-10-30 23:21:23.001,524,93829
2025-10-30 23:21:24.000,522,94829
2025-10-30 23:21:24.000,522,93966
2025-10-30 23:21:24.000,522,93966
2025-10-30 23:21:24.000,522,93965
2025-10-30 23:21:24.000,522,93963
2025-10-30 23:21:24.000,522,93963
2025-10-30 23:21:24.000,522,93962
2025-10-30 23:21:24.000,522,93883
2025-10-30 23:21:24.000,522,93883
2025-10-30 23:21:24.000,522,93882
2025-10-30 23:21:25.001,512,94882
2025-10-30 23:21:25.001,512,94882
2025-10-30 23:21:25.001,512,94882
2025-10-30 23:21:25.001,512,94005
2025-10-30 23:21:25.001,512,94005
2025-10-30 23:21:25.001,512,94005
2025-10-30 23:21:25.001,512,94005
2025-10-30 23:21:25.001,512,94004
2025-10-30 23:21:25.001,512,93924
2025-10-30 23:21:25.001,512,93924
2025-10-30 23:21:26.000,511,94922
2025-10-30 23:21:26.000,511,94922
2025-10-30 23:21:26.000,511,94922
2025-10-30 23:21:26.000,511,94039
2025-10-30 23:21:26.000,511,94039
2025-10-30 23:21:26.000,511,94038
2025-10-30 23:21:26.000,511,94038
2025-10-30 23:21:26.000,511,94038
2025-10-30 23:21:26.000,511,93958
2025-10-30 23:21:26.000,511,93958
2025-10-30 23:21:27.001,501,94958
2025-10-30 23:21:27.001,501,94958
2025-10-30 23:21:27.001,501,94958
2025-10-30 23:21:27.001,501,94879
2025-10-30 23:21:27.001,501,94878
2025-10-30 23:21:27.001,501,94878
2025-10-30 23:21:27.001,501,94878
2025-10-30 23:21:27.001,501,94878
2025-10-30 23:21:27.001,501,93973
2025-10-30 23:21:27.001,501,93972
2025-10-30 23:21:28.000,491,94970
2025-10-30 23:21:28.000,491,94970
2025-10-30 23:21:28.000,491,94970
2025-10-30 23:21:28.000,491,94858
2025-10-30 23:21:28.000,491,94857
2025-10-30 23:21:28.000,491,94857
2025-10-30 23:21:28.000,491,94856
2025-10-30 23:21:28.000,491,94856
2025-10-30 23:21:28.000,491,94019
2025-10-30 23:21:28.001,491,94020
2025-10-30 23:21:29.000,490,95018
2025-10-30 23:21:29.000,490,95018
2025-10-30 23:21:29.000,490,95018
2025-10-30 23:21:29.000,490,94942
2025-10-30 23:21:29.000,490,94942
2025-10-30 23:21:29.000,490,94942
2025-10-30 23:21:29.000,490,94941
2025-10-30 23:21:29.000,490,94941
2025-10-30 23:21:29.000,490,94866
2025-10-30 23:21:29.000,490,94866
2025-10-30 23:21:30.001,480,95866
2025-10-30 23:21:30.001,480,95866
2025-10-30 23:21:30.001,480,95866
2025-10-30 23:21:30.001,480,94785
2025-10-30 23:21:30.001,480,94784
2025-10-30 23:21:30.001,480,94784
2025-10-30 23:21:30.001,480,94784
2025-10-30 23:21:30.001,480,94784
2025-10-30 23:21:30.001,480,93833
2025-10-30 23:21:30.001,480,93832
2025-10-30 23:21:31.000,479,94829
2025-10-30 23:21:31.000,479,94829
2025-10-30 23:21:31.000,479,94829
2025-10-30 23:21:31.000,479,94745
2025-10-30 23:21:31.000,479,94745
2025-10-30 23:21:31.000,479,94744
2025-10-30 23:21:31.000,479,94744
2025-10-30 23:21:31.000,479,94744
2025-10-30 23:21:31.000,479,93799
2025-10-30 23:21:31.000,479,93799
2025-10-30 23:21:32.000,469,94797
2025-10-30 23:21:32.000,469,94797
2025-10-30 23:21:32.000,469,94796
2025-10-30 23:21:32.000,469,93846
2025-10-30 23:21:32.000,469,93845
2025-10-30 23:21:32.000,469,93845
2025-10-30 23:21:32.000,469,93845
2025-10-30 23:21:32.000,469,93845
2025-10-30 23:21:32.000,469,93762
2025-10-30 23:21:32.000,469,93762
2025-10-30 23:21:33.001,459,94762
2025-10-30 23:21:33.001,459,94762
2025-10-30 23:21:33.001,459,94762
2025-10-30 23:21:33.001,459,93817
2025-10-30 23:21:33.001,459,93816
2025-10-30 23:21:33.001,459,93815
2025-10-30 23:21:33.001,459,93815
2025-10-30 23:21:33.001,459,93815
2025-10-30 23:21:33.001,459,93731
2025-10-30 23:21:33.001,459,93731
2025-10-30 23:21:34.000,458,94730
2025-10-30 23:21:34.000,458,94729
2025-10-30 23:21:34.000,458,94729
2025-10-30 23:21:34.000,458,93768
2025-10-30 23:21:34.000,458,93768
2025-10-30 23:21:34.000,458,93768
2025-10-30 23:21:34.000,458,93767
2025-10-30 23:21:34.000,458,93767
2025-10-30 23:21:34.000,458,92830
2025-10-30 23:21:34.000,458,92830
2025-10-30 23:21:35.000,448,93830
2025-10-30 23:21:35.000,448,93829
2025-10-30 23:21:35.000,448,93829
2025-10-30 23:21:35.000,448,93749
2025-10-30 23:21:35.000,448,93749
2025-10-30 23:21:35.000,448,93749
2025-10-30 23:21:35.000,448,93748
2025-10-30 23:21:35.000,448,93747
2025-10-30 23:21:35.000,448,92777
2025-10-30 23:21:35.000,448,92775
2025-10-30 23:21:36.001,448,93775
2025-10-30 23:21:36.001,448,93775
2025-10-30 23:21:36.001,448,93775
2025-10-30 23:21:36.001,448,92847
2025-10-30 23:21:36.001,448,92847
2025-10-30 23:21:36.001,448,92847
2025-10-30 23:21:36.001,448,92847
2025-10-30 23:21:36.001,448,92847
2025-10-30 23:21:36.001,448,92759
2025-10-30 23:21:36.001,448,92759
2025-10-30 23:21:37.000,438,93758
2025-10-30 23:21:37.000,438,93757
2025-10-30 23:21:37.000,438,93757
2025-10-30 23:21:37.000,438,92812
2025-10-30 23:21:37.000,438,92812
2025-10-30 23:21:37.000,438,92812
2025-10-30 23:21:37.000,438,92811
2025-10-30 23:21:37.000,438,92811
2025-10-30 23:21:37.000,438,92709
2025-10-30 23:21:37.000,438,92709
2025-10-30 23:21:38.000,428,93709
2025-10-30 23:21:38.000,428,93709
2025-10-30 23:21:38.000,428,93709
2025-10-30 23:21:38.000,428,92774
2025-10-30 23:21:38.000,428,92773
2025-10-30 23:21:38.000,428,92773
2025-10-30 23:21:38.000,428,92772
2025-10-30 23:21:38.000,428,92772
2025-10-30 23:21:38.000,428,91834
2025-10-30 23:21:38.000,428,91833
2025-10-30 23:21:39.001,428,92834
2025-10-30 23:21:39.001,428,92834
2025-10-30 23:21:39.001,428,92833
2025-10-30 23:21:39.001,428,92750
2025-10-30 23:21:39.001,428,92750
2025-10-30 23:21:39.001,428,92750
2025-10-30 23:21:39.001,428,92749
2025-10-30 23:21:39.001,428,92748
2025-10-30 23:21:39.001,428,91800
2025-10-30 23:21:39.001,428,91800
2025-10-30 23:21:40.000,418,92798
2025-10-30 23:21:40.000,418,92797
2025-10-30 23:21:40.000,418,92795
2025-10-30 23:21:40.000,418,91846
2025-10-30 23:21:40.000,418,91846
2025-10-30 23:21:40.000,418,91846
2025-10-30 23:21:40.000,418,91844
2025-10-30 23:21:40.000,418,91844
2025-10-30 23:21:40.000,418,91761
2025-10-30 23:21:40.000,418,91760
2025-10-30 23:21:41.000,418,92760
2025-10-30 23:21:41.000,418,92760
2025-10-30 23:21:41.000,418,92759
2025-10-30 23:21:41.000,418,91812
2025-10-30 23:21:41.000,418,91811
2025-10-30 23:21:41.000,418,91811
2025-10-30 23:21:41.000,418,91811
2025-10-30 23:21:41.000,418,91810
2025-10-30 23:21:41.000,418,91730
2025-10-30 23:21:41.000,418,91729
2025-10-30 23:21:42.001,408,92729
2025-10-30 23:21:42.001,408,92729
2025-10-30 23:21:42.001,408,92729
2025-10-30 23:21:42.001,408,91783
2025-10-30 23:21:42.001,408,91782
2025-10-30 23:21:42.001,408,91781
2025-10-30 23:21:42.001,408,91781
2025-10-30 23:21:42.001,408,91781
2025-10-30 23:21:42.001,408,90829
2025-10-30 23:21:42.001,408,90828
2025-10-30 23:21:43.001,398,91827
2025-10-30 23:21:43.001,398,91827
2025-10-30 23:21:43.001,398,91827
2025-10-30 23:21:43.001,398,91728
2025-10-30 23:21:43.001,398,91728
2025-10-30 23:21:43.001,398,91728
2025-10-30 23:21:43.001,398,91727
2025-10-30 23:21:43.001,398,91727
2025-10-30 23:21:43.001,398,90793
2025-10-30 23:21:43.001,398,90792
2025-10-30 23:21:44.001,399,91792
2025-10-30 23:21:44.001,399,91792
2025-10-30 23:21:44.001,399,91792
2025-10-30 23:21:44.001,399,90849
2025-10-30 23:21:44.001,399,90848
2025-10-30 23:21:44.001,399,90848
2025-10-30 23:21:44.001,399,90848
2025-10-30 23:21:44.001,399,90847
2025-10-30 23:21:44.001,399,90759
2025-10-30 23:21:44.001,399,90758
2025-10-30 23:21:45.000,389,91757
2025-10-30 23:21:45.000,389,91757
2025-10-30 23:21:45.000,389,91757
2025-10-30 23:21:45.000,389,90806
2025-10-30 23:21:45.000,389,90805
2025-10-30 23:21:45.000,389,90805
2025-10-30 23:21:45.000,389,90805
2025-10-30 23:21:45.000,389,90804
2025-10-30 23:21:45.000,389,90704
2025-10-30 23:21:45.000,389,90704
2025-10-30 23:21:46.001,390,91704
2025-10-30 23:21:46.001,390,91704
2025-10-30 23:21:46.001,390,91703
2025-10-30 23:21:46.001,390,90591
2025-10-30 23:21:46.001,390,90591
2025-10-30 23:21:46.001,390,90591
2025-10-30 23:21:46.001,390,90591
2025-10-30 23:21:46.001,390,90590
2025-10-30 23:21:46.001,390,89582
2025-10-30 23:21:46.001,390,89580
2025-10-30 23:21:47.000,380,90579
2025-10-30 23:21:47.000,380,90579
2025-10-30 23:21:47.000,380,90579
2025-10-30 23:21:47.000,380,89579
2025-10-30 23:21:47.000,380,89579
2025-10-30 23:21:47.000,380,89579
2025-10-30 23:21:47.000,380,89579
2025-10-30 23:21:47.000,380,89578
2025-10-30 23:21:47.000,380,88607
2025-10-30 23:21:47.000,380,88607
2025-10-30 23:21:48.001,370,89608
2025-10-30 23:21:48.001,370,89607
2025-10-30 23:21:48.001,370,89607
2025-10-30 23:21:48.001,370,88617
2025-10-30 23:21:48.001,370,88617
2025-10-30 23:21:48.001,370,88616
2025-10-30 23:21:48.001,370,88616
2025-10-30 23:21:48.001,370,88616
2025-10-30 23:21:48.001,370,87593
2025-10-30 23:21:48.001,370,87593
2025-10-30 23:21:49.000,371,88592
2025-10-30 23:21:49.000,371,88591
2025-10-30 23:21:49.000,371,88591
2025-10-30 23:21:49.000,371,87606
2025-10-30 23:21:49.000,371,87603
2025-10-30 23:21:49.000,371,87603
2025-10-30 23:21:49.000,371,87602
2025-10-30 23:21:49.000,371,87602
2025-10-30 23:21:49.000,371,86532
2025-10-30 23:21:49.000,371,86531
2025-10-30 23:21:50.001,361,87531
2025-10-30 23:21:50.001,361,87531
2025-10-30 23:21:50.001,361,87530
2025-10-30 23:21:50.001,361,86610
2025-10-30 23:21:50.001,361,86609
2025-10-30 23:21:50.001,361,86609
2025-10-30 23:21:50.001,361,86608
2025-10-30 23:21:50.001,361,86608
2025-10-30 23:21:50.001,361,85615
2025-10-30 23:21:50.001,361,85614
2025-10-30 23:21:51.000,363,86613
2025-10-30 23:21:51.000,363,86613
2025-10-30 23:21:51.000,363,86612
2025-10-30 23:21:51.000,363,86612
2025-10-30 23:21:51.000,363,85604
2025-10-30 23:21:51.000,363,85603
2025-10-30 23:21:51.000,363,85603
2025-10-30 23:21:51.000,363,85603
2025-10-30 23:21:51.000,363,85603
2025-10-30 23:21:51.000,363,85603
2025-10-30 23:21:52.000,353,85607
2025-10-30 23:21:52.000,353,85606
2025-10-30 23:21:52.000,353,85606
2025-10-30 23:21:52.000,353,85606
2025-10-30 23:21:52.000,353,85605
2025-10-30 23:21:52.000,353,85605
2025-10-30 23:21:52.000,353,84605
2025-10-30 23:21:52.000,353,84605
2025-10-30 23:21:52.000,353,84605
2025-10-30 23:21:52.000,353,84604
2025-10-30 23:21:53.001,343,85605
2025-10-30 23:21:53.001,343,85605
2025-10-30 23:21:53.001,343,84609
2025-10-30 23:21:53.001,343,84608
2025-10-30 23:21:53.001,343,84608
2025-10-30 23:21:53.001,343,84608
2025-10-30 23:21:53.001,343,84607
2025-10-30 23:21:53.001,343,84607
2025-10-30 23:21:53.001,343,83606
2025-10-30 23:21:53.001,343,83606
2025-10-30 23:21:54.000,345,84605
2025-10-30 23:21:54.000,345,84604
2025-10-30 23:21:54.000,345,84604
2025-10-30 23:21:54.000,345,84604
2025-10-30 23:21:54.000,345,83602
2025-10-30 23:21:54.000,345,83600
2025-10-30 23:21:54.000,345,83600
2025-10-30 23:21:54.000,345,83600
2025-10-30 23:21:54.000,345,83600
2025-10-30 23:21:54.001,345,83599
2025-10-30 23:21:55.000,335,83608
2025-10-30 23:21:55.000,335,83608
2025-10-30 23:21:55.000,335,83607
2025-10-30 23:21:55.000,335,83607
2025-10-30 23:21:55.000,335,83607
2025-10-30 23:21:55.000,335,83607
2025-10-30 23:21:55.000,335,82595
2025-10-30 23:21:55.000,335,82595
2025-10-30 23:21:55.000,335,82595
2025-10-30 23:21:55.000,335,82594
2025-10-30 23:21:56.001,338,83595
2025-10-30 23:21:56.001,338,83595
2025-10-30 23:21:56.001,338,82593
2025-10-30 23:21:56.001,338,82592
2025-10-30 23:21:56.001,338,82592
2025-10-30 23:21:56.001,338,82592
2025-10-30 23:21:56.001,338,82592
2025-10-30 23:21:56.001,338,82592
2025-10-30 23:21:56.001,338,81600
2025-10-30 23:21:56.001,338,81600
2025-10-30 23:21:57.000,328,82599
2025-10-30 23:21:57.000,328,82599
2025-10-30 23:21:57.000,328,82599
2025-10-30 23:21:57.000,328,82598
2025-10-30 23:21:57.000,328,80579
2025-10-30 23:21:57.000,328,80579
2025-10-30 23:21:57.000,328,80578
2025-10-30 23:21:57.000,328,80578
2025-10-30 23:21:57.000,328,80577
2025-10-30 23:21:57.000,328,80577
2025-10-30 23:21:58.001,318,80560
2025-10-30 23:21:58.001,318,80560
2025-10-30 23:21:58.001,318,80560
2025-10-30 23:21:58.001,318,80559
2025-10-30 23:21:58.001,318,80559
2025-10-30 23:21:58.001,318,80559
2025-10-30 23:21:58.001,318,79539
2025-10-30 23:21:58.001,318,79539
2025-10-30 23:21:58.001,318,79538
2025-10-30 23:21:58.001,318,79538
2025-10-30 23:21:59.000,321,80537
2025-10-30 23:21:59.000,321,80536
2025-10-30 23:21:59.000,321,79513
2025-10-30 23:21:59.000,321,79513
2025-10-30 23:21:59.000,321,79512
2025-10-30 23:21:59.000,321,79512
2025-10-30 23:21:59.000,321,79512
2025-10-30 23:21:59.000,321,79511
2025-10-30 23:21:59.000,321,77582
2025-10-30 23:21:59.000,321,77581
2025-10-30 23:22:00.000,311,78581
2025-10-30 23:22:00.000,311,78580
2025-10-30 23:22:00.000,311,78580
2025-10-30 23:22:00.000,311,78579
2025-10-30 23:22:00.000,311,77562
2025-10-30 23:22:00.000,311,77561
2025-10-30 23:22:00.000,311,77561
2025-10-30 23:22:00.000,311,77561
2025-10-30 23:22:00.000,311,77561
2025-10-30 23:22:00.000,311,77560
2025-10-30 23:22:01.001,314,77533
2025-10-30 23:22:01.001,314,77532
2025-10-30 23:22:01.001,314,77532
2025-10-30 23:22:01.001,314,77532
2025-10-30 23:22:01.001,314,77532
2025-10-30 23:22:01.001,314,77531
2025-10-30 23:22:01.001,314,76519
2025-10-30 23:22:01.001,314,76518
2025-10-30 23:22:01.001,314,76518
2025-10-30 23:22:01.001,314,76517
2025-10-30 23:22:02.001,304,77517
2025-10-30 23:22:02.001,304,77517
2025-10-30 23:22:02.001,304,75585
2025-10-30 23:22:02.001,304,75584
2025-10-30 23:22:02.001,304,75584
2025-10-30 23:22:02.001,304,75584
2025-10-30 23:22:02.001,304,75584
2025-10-30 23:22:02.001,304,75583
2025-10-30 23:22:02.001,304,74558
2025-10-30 23:22:02.001,304,74557
2025-10-30 23:22:03.000,294,75556
2025-10-30 23:22:03.000,294,75554
2025-10-30 23:22:03.000,294,75553
2025-10-30 23:22:03.000,294,75553
2025-10-30 23:22:03.000,294,74536
2025-10-30 23:22:03.000,294,74535
2025-10-30 23:22:03.000,294,74535
2025-10-30 23:22:03.000,294,74535
2025-10-30 23:22:03.000,294,74535
2025-10-30 23:22:03.000,294,74534
2025-10-30 23:22:04.001,298,74531
2025-10-30 23:22:04.001,298,74530
2025-10-30 23:22:04.001,298,74530
2025-10-30 23:22:04.001,298,74530
2025-10-30 23:22:04.001,298,74530
2025-10-30 23:22:04.001,298,74529
2025-10-30 23:22:04.001,298,72577
2025-10-30 23:22:04.001,298,72577
2025-10-30 23:22:04.001,298,72577
2025-10-30 23:22:04.001,298,72576
2025-10-30 23:22:05.000,288,73575
2025-10-30 23:22:05.000,288,73575
2025-10-30 23:22:05.000,288,72541
2025-10-30 23:22:05.000,288,72540
2025-10-30 23:22:05.000,288,72539
2025-10-30 23:22:05.000,288,72539
2025-10-30 23:22:05.000,288,72539
2025-10-30 23:22:05.000,288,72539
2025-10-30 23:22:05.000,288,71541
2025-10-30 23:22:05.000,288,71541
2025-10-30 23:22:06.001,292,72541
2025-10-30 23:22:06.001,292,72541
2025-10-30 23:22:06.001,292,72541
2025-10-30 23:22:06.001,292,72540
2025-10-30 23:22:06.001,292,71528
2025-10-30 23:22:06.001,292,71528
2025-10-30 23:22:06.001,292,71528
2025-10-30 23:22:06.001,292,71528
2025-10-30 23:22:06.001,292,71527
2025-10-30 23:22:06.001,292,71527
2025-10-30 23:22:07.000,282,69508
2025-10-30 23:22:07.000,282,69508
2025-10-30 23:22:07.000,282,69508
2025-10-30 23:22:07.000,282,69507
2025-10-30 23:22:07.000,282,69507
2025-10-30 23:22:07.000,282,69507
2025-10-30 23:22:07.000,282,69507
2025-10-30 23:22:07.000,282,67492
2025-10-30 23:22:07.000,282,67491
2025-10-30 23:22:07.000,282,67491
2025-10-30 23:22:08.001,272,68492
2025-10-30 23:22:08.001,272,68492
2025-10-30 23:22:08.001,272,68492
2025-10-30 23:22:08.001,272,68491
2025-10-30 23:22:08.001,272,65510
2025-10-30 23:22:08.001,272,65510
2025-10-30 23:22:08.001,272,65509
2025-10-30 23:22:08.001,272,65508
2025-10-30 23:22:08.001,272,65508
2025-10-30 23:22:08.001,272,65508
2025-10-30 23:22:09.000,277,66507
2025-10-30 23:22:09.000,277,64495
2025-10-30 23:22:09.000,277,64493
2025-10-30 23:22:09.000,277,64493
2025-10-30 23:22:09.000,277,64492
2025-10-30 23:22:09.000,277,64492
2025-10-30 23:22:09.000,277,64492
2025-10-30 23:22:09.000,277,64491
2025-10-30 23:22:09.000,277,61506
2025-10-30 23:22:09.000,277,61506
2025-10-30 23:22:10.001,267,62506
2025-10-30 23:22:10.001,267,62506
2025-10-30 23:22:10.001,267,62506
2025-10-30 23:22:10.001,267,62506
2025-10-30 23:22:10.001,267,62506
2025-10-30 23:22:10.001,267,60494
2025-10-30 23:22:10.001,267,60494
2025-10-30 23:22:10.001,267,60494
2025-10-30 23:22:10.001,267,60494
2025-10-30 23:22:10.001,267,60494
2025-10-30 23:22:11.000,273,61492
2025-10-30 23:22:11.000,273,61492
2025-10-30 23:22:11.000,273,58504
2025-10-30 23:22:11.000,273,58503
2025-10-30 23:22:11.000,273,58503
2025-10-30 23:22:11.000,273,58502
2025-10-30 23:22:11.000,273,58502
2025-10-30 23:22:11.000,273,58502
2025-10-30 23:22:11.000,273,58502
2025-10-30 23:22:11.000,273,58501
2025-10-30 23:22:12.000,273,57488
2025-10-30 23:22:12.000,273,57487
2025-10-30 23:22:12.000,273,57487
2025-10-30 23:22:12.000,273,57487
2025-10-30 23:22:12.000,273,57487
2025-10-30 23:22:12.000,273,57487
2025-10-30 23:22:12.000,273,57486
2025-10-30 23:22:12.000,273,57486
2025-10-30 23:22:12.000,273,54470
2025-10-30 23:22:12.000,273,54470
2025-10-30 23:22:13.000,256,55469
2025-10-30 23:22:13.000,256,55469
2025-10-30 23:22:13.000,256,55469
2025-10-30 23:22:13.000,256,55469
2025-10-30 23:22:13.000,256,55469
2025-10-30 23:22:13.000,256,55469
2025-10-30 23:22:13.000,256,53450
2025-10-30 23:22:13.000,256,53450
2025-10-30 23:22:13.000,256,53450
2025-10-30 23:22:13.000,256,53450
2025-10-30 23:22:14.001,256,54450
2025-10-30 23:22:14.001,256,54450
2025-10-30 23:22:14.001,256,54450
2025-10-30 23:22:14.001,256,54450
2025-10-30 23:22:14.001,256,51469
2025-10-30 23:22:14.001,256,51469
2025-10-30 23:22:14.001,256,51468
2025-10-30 23:22:14.001,256,51468
2025-10-30 23:22:14.001,256,51467
2025-10-30 23:22:14.001,256,51467
2025-10-30 23:22:15.000,248,52465
2025-10-30 23:22:15.000,248,52465
2025-10-30 23:22:15.000,248,50445
2025-10-30 23:22:15.000,248,50444
2025-10-30 23:22:15.000,248,50444
2025-10-30 23:22:15.000,248,50444
2025-10-30 23:22:15.000,248,50444
2025-10-30 23:22:15.000,248,50443
2025-10-30 23:22:15.000,248,50443
2025-10-30 23:22:15.000,248,50442
2025-10-30 23:22:16.000,248,51442
2025-10-30 23:22:16.000,248,48470
2025-10-30 23:22:16.000,248,48469
2025-10-30 23:22:16.000,248,48469
2025-10-30 23:22:16.000,248,48469
2025-10-30 23:22:16.000,248,48469
2025-10-30 23:22:16.000,248,48468
2025-10-30 23:22:16.000,248,48468
2025-10-30 23:22:16.000,248,48468
2025-10-30 23:22:16.000,248,48468
2025-10-30 23:22:17.001,255,47453
2025-10-30 23:22:17.001,255,47453
2025-10-30 23:22:17.001,255,47453
2025-10-30 23:22:17.001,255,47452
2025-10-30 23:22:17.001,255,47452
2025-10-30 23:22:17.001,255,47452
2025-10-30 23:22:17.001,255,47452
2025-10-30 23:22:17.001,255,47451
2025-10-30 23:22:17.001,255,47451
2025-10-30 23:22:17.001,255,44471
2025-10-30 23:22:18.000,246,45470
2025-10-30 23:22:18.000,246,45470
2025-10-30 23:22:18.000,246,45470
2025-10-30 23:22:18.000,246,45469
2025-10-30 23:22:18.000,246,45469
2025-10-30 23:22:18.000,246,45469
2025-10-30 23:22:18.000,246,45469
2025-10-30 23:22:18.000,246,45468
2025-10-30 23:22:18.000,246,43456
2025-10-30 23:22:18.000,246,43456
2025-10-30 23:22:19.000,242,44455
2025-10-30 23:22:19.000,242,44455
2025-10-30 23:22:19.000,242,44454
2025-10-30 23:22:19.000,242,44454
2025-10-30 23:22:19.000,242,44454
2025-10-30 23:22:19.000,242,44453
2025-10-30 23:22:19.000,242,44453
2025-10-30 23:22:19.000,242,44453
2025-10-30 23:22:19.000,242,41433
2025-10-30 23:22:19.000,242,41433
2025-10-30 23:22:20.000,232,42432
2025-10-30 23:22:20.000,232,42432
2025-10-30 23:22:20.000,232,42432
2025-10-30 23:22:20.000,232,42432
2025-10-30 23:22:20.000,232,42432
2025-10-30 23:22:20.000,232,42431
2025-10-30 23:22:20.000,232,42431
2025-10-30 23:22:20.000,232,42431
2025-10-30 23:22:20.000,232,40417
2025-10-30 23:22:20.000,232,40417
2025-10-30 23:22:21.001,232,41417
2025-10-30 23:22:21.001,232,41417
2025-10-30 23:22:21.001,232,41416
2025-10-30 23:22:21.001,232,41416
2025-10-30 23:22:21.001,232,41416
2025-10-30 23:22:21.001,232,41416
2025-10-30 23:22:21.001,232,41416
2025-10-30 23:22:21.001,232,41415
2025-10-30 23:22:21.001,232,38439
2025-10-30 23:22:21.001,232,38438
2025-10-30 23:22:22.000,230,39437
2025-10-30 23:22:22.000,230,39437
2025-10-30 23:22:22.000,230,39436
2025-10-30 23:22:22.000,230,39436
2025-10-30 23:22:22.000,230,39436
2025-10-30 23:22:22.000,230,39435
2025-10-30 23:22:22.000,230,39435
2025-10-30 23:22:22.000,230,39435
2025-10-30 23:22:22.000,230,39435
2025-10-30 23:22:22.000,230,37417
2025-10-30 23:22:23.001,234,38417
2025-10-30 23:22:23.001,234,38417
2025-10-30 23:22:23.001,234,38417
2025-10-30 23:22:23.001,234,38416
2025-10-30 23:22:23.001,234,38416
2025-10-30 23:22:23.001,234,38416
2025-10-30 23:22:23.001,234,38416
2025-10-30 23:22:23.001,234,38415
2025-10-30 23:22:23.001,234,38415
2025-10-30 23:22:23.001,234,38414
2025-10-30 23:22:24.000,228,36430
2025-10-30 23:22:24.000,228,36429
2025-10-30 23:22:24.000,228,36428
2025-10-30 23:22:24.000,228,36428
2025-10-30 23:22:24.000,228,36428
2025-10-30 23:22:24.000,228,36427
2025-10-30 23:22:24.000,228,36426
2025-10-30 23:22:24.000,228,36425
2025-10-30 23:22:24.000,228,36425
2025-10-30 23:22:24.000,228,36424
2025-10-30 23:22:25.001,218,37425
2025-10-30 23:22:25.001,218,35416
2025-10-30 23:22:25.001,218,35416
2025-10-30 23:22:25.001,218,35415
2025-10-30 23:22:25.001,218,35414
2025-10-30 23:22:25.001,218,35414
2025-10-30 23:22:25.001,218,35414
2025-10-30 23:22:25.001,218,35413
2025-10-30 23:22:25.001,218,35413
2025-10-30 23:22:25.001,218,35413
2025-10-30 23:22:26.000,227,36412
2025-10-30 23:22:26.000,227,36412
2025-10-30 23:22:26.000,227,36411
2025-10-30 23:22:26.000,227,33439
2025-10-30 23:22:26.000,227,33438
2025-10-30 23:22:26.000,227,33438
2025-10-30 23:22:26.000,227,33437
2025-10-30 23:22:26.000,227,33437
2025-10-30 23:22:26.000,227,33437
2025-10-30 23:22:26.000,227,33437
2025-10-30 23:22:27.000,217,34437
2025-10-30 23:22:27.000,217,34436
2025-10-30 23:22:27.000,217,34436
2025-10-30 23:22:27.000,217,34436
2025-10-30 23:22:27.000,217,34436
2025-10-30 23:22:27.000,217,32419
2025-10-30 23:22:27.000,217,32419
2025-10-30 23:22:27.000,217,32419
2025-10-30 23:22:27.000,217,32418
2025-10-30 23:22:27.000,217,32418
2025-10-30 23:22:28.001,202,33418
2025-10-30 23:22:28.001,202,33418
2025-10-30 23:22:28.001,202,33418
2025-10-30 23:22:28.001,202,33418
2025-10-30 23:22:28.001,202,33418
2025-10-30 23:22:28.001,202,33418
2025-10-30 23:22:28.001,202,33418
2025-10-30 23:22:28.001,202,33417
2025-10-30 23:22:28.001,202,30401
2025-10-30 23:22:28.001,202,30400
2025-10-30 23:22:29.000,202,31399
2025-10-30 23:22:29.000,202,31398
2025-10-30 23:22:29.000,202,31398
2025-10-30 23:22:29.000,202,31398
2025-10-30 23:22:29.000,202,31398
2025-10-30 23:22:29.000,202,31397
2025-10-30 23:22:29.000,202,31397
2025-10-30 23:22:29.000,202,31396
2025-10-30 23:22:29.000,202,31396
2025-10-30 23:22:29.000,202,31396
2025-10-30 23:22:30.001,218,32396
2025-10-30 23:22:30.001,218,30382
2025-10-30 23:22:30.001,218,30381
2025-10-30 23:22:30.001,218,30380
2025-10-30 23:22:30.001,218,30379
2025-10-30 23:22:30.001,218,30379
2025-10-30 23:22:30.001,218,30379
2025-10-30 23:22:30.001,218,30378
2025-10-30 23:22:30.001,218,30378
2025-10-30 23:22:30.001,218,30378
2025-10-30 23:22:31.000,217,31377
2025-10-30 23:22:31.000,217,31377
2025-10-30 23:22:31.000,217,31376
2025-10-30 23:22:31.000,217,31376
2025-10-30 23:22:31.000,217,28398
2025-10-30 23:22:31.000,217,28396
2025-10-30 23:22:31.000,217,28396
2025-10-30 23:22:31.000,217,28394
2025-10-30 23:22:31.000,217,28394
2025-10-30 23:22:31.000,217,28394
2025-10-30 23:22:32.000,217,29394
2025-10-30 23:22:32.000,217,29393
2025-10-30 23:22:32.000,217,29393
2025-10-30 23:22:32.000,217,29393
2025-10-30 23:22:32.000,217,29393
2025-10-30 23:22:32.000,217,29393
2025-10-30 23:22:32.000,217,29392
2025-10-30 23:22:32.000,217,29391
2025-10-30 23:22:32.000,217,27373
2025-10-30 23:22:32.000,217,27373
2025-10-30 23:22:33.001,203,28374
2025-10-30 23:22:33.001,203,28373
2025-10-30 23:22:33.001,203,28372
2025-10-30 23:22:33.001,203,28371
2025-10-30 23:22:33.001,203,28371
2025-10-30 23:22:33.001,203,28370
2025-10-30 23:22:33.001,203,28370
2025-10-30 23:22:33.001,203,28370
2025-10-30 23:22:33.001,203,28370
2025-10-30 23:22:33.001,203,28369
2025-10-30 23:22:34.000,208,29368
2025-10-30 23:22:34.000,208,29367
2025-10-30 23:22:34.000,208,26400
2025-10-30 23:22:34.000,208,26399
2025-10-30 23:22:34.000,208,26399
2025-10-30 23:22:34.000,208,26399
2025-10-30 23:22:34.000,208,26399
2025-10-30 23:22:34.000,208,26398
2025-10-30 23:22:34.000,208,26398
2025-10-30 23:22:34.000,208,26398
2025-10-30 23:22:35.001,192,27399
2025-10-30 23:22:35.001,192,27399
2025-10-30 23:22:35.001,192,27399
2025-10-30 23:22:35.001,192,27398
2025-10-30 23:22:35.001,192,27398
2025-10-30 23:22:35.001,192,27397
2025-10-30 23:22:35.001,192,27396
2025-10-30 23:22:35.001,192,25384
2025-10-30 23:22:35.001,192,25383
2025-10-30 23:22:35.001,192,25383
2025-10-30 23:22:36.000,209,26382
2025-10-30 23:22:36.000,209,26381
2025-10-30 23:22:36.000,209,26381
2025-10-30 23:22:36.000,209,26381
2025-10-30 23:22:36.000,209,26381
2025-10-30 23:22:36.000,209,26380
2025-10-30 23:22:36.000,209,26379
2025-10-30 23:22:36.000,209,26379
2025-10-30 23:22:36.000,209,26379
2025-10-30 23:22:36.000,209,26379
2025-10-30 23:22:37.000,209,27378
2025-10-30 23:22:37.000,209,27378
2025-10-30 23:22:37.000,209,27378
2025-10-30 23:22:37.000,209,24395
2025-10-30 23:22:37.000,209,24395
2025-10-30 23:22:37.000,209,24394
2025-10-30 23:22:37.000,209,24394
2025-10-30 23:22:37.000,209,24394
2025-10-30 23:22:37.000,209,24394
2025-10-30 23:22:37.000,209,24393
2025-10-30 23:22:38.001,211,25394
2025-10-30 23:22:38.001,211,25394
2025-10-30 23:22:38.001,211,25394
2025-10-30 23:22:38.001,211,25394
2025-10-30 23:22:38.001,211,25393
2025-10-30 23:22:38.001,211,25392
2025-10-30 23:22:38.001,211,25391
2025-10-30 23:22:38.001,211,25390
2025-10-30 23:22:38.001,211,25390
2025-10-30 23:22:38.001,211,23383
2025-10-30 23:22:39.000,211,24382
2025-10-30 23:22:39.000,211,24382
2025-10-30 23:22:39.000,211,24382
2025-10-30 23:22:39.000,211,24381
2025-10-30 23:22:39.000,211,24380
2025-10-30 23:22:39.000,211,24380
2025-10-30 23:22:39.000,211,24380
2025-10-30 23:22:39.000,211,24380
2025-10-30 23:22:39.000,211,24379
2025-10-30 23:22:39.000,211,24379
2025-10-30 23:22:40.001,199,25379
2025-10-30 23:22:40.001,199,25379
2025-10-30 23:22:40.001,199,25379
2025-10-30 23:22:40.001,199,25378
2025-10-30 23:22:40.001,199,25378
2025-10-30 23:22:40.001,199,22363
2025-10-30 23:22:40.001,199,22363
2025-10-30 23:22:40.001,199,22363
2025-10-30 23:22:40.001,199,22362
2025-10-30 23:22:40.001,199,22362
2025-10-30 23:22:41.000,199,23361
2025-10-30 23:22:41.001,199,23361
2025-10-30 23:22:41.001,199,23361
2025-10-30 23:22:41.001,199,23361
2025-10-30 23:22:41.001,199,23361
2025-10-30 23:22:41.001,199,23361
2025-10-30 23:22:41.001,199,23360
2025-10-30 23:22:41.001,199,23360
2025-10-30 23:22:41.001,199,23360
2025-10-30 23:22:41.001,199,23360
2025-10-30 23:22:42.000,204,24358
2025-10-30 23:22:42.000,204,24358
2025-10-30 23:22:42.000,204,22344
2025-10-30 23:22:42.000,204,22344
2025-10-30 23:22:42.000,204,22344
2025-10-30 23:22:42.000,204,22343
2025-10-30 23:22:42.000,204,22343
2025-10-30 23:22:42.000,204,22342
2025-10-30 23:22:42.000,204,22342
2025-10-30 23:22:42.000,204,22342
2025-10-30 23:22:43.001,197,23342
2025-10-30 23:22:43.001,197,23342
2025-10-30 23:22:43.001,197,23342
2025-10-30 23:22:43.001,197,23342
2025-10-30 23:22:43.001,197,23342
2025-10-30 23:22:43.001,197,23341
2025-10-30 23:22:43.001,197,23340
2025-10-30 23:22:43.001,197,23340
2025-10-30 23:22:43.001,197,23340
2025-10-30 23:22:43.001,197,23339
2025-10-30 23:22:44.001,197,21344
2025-10-30 23:22:44.001,197,21344
2025-10-30 23:22:44.001,197,21343
2025-10-30 23:22:44.001,197,21343
2025-10-30 23:22:44.001,197,21343
2025-10-30 23:22:44.001,197,21342
2025-10-30 23:22:44.001,197,21342
2025-10-30 23:22:44.001,197,21341
2025-10-30 23:22:44.001,197,21341
2025-10-30 23:22:44.001,197,21341
2025-10-30 23:22:45.000,189,22340
2025-10-30 23:22:45.000,189,22339
2025-10-30 23:22:45.000,189,22339
2025-10-30 23:22:45.000,189,22338
2025-10-30 23:22:45.000,189,22337
2025-10-30 23:22:45.000,189,22337
2025-10-30 23:22:45.000,189,22336
2025-10-30 23:22:45.000,189,22336
2025-10-30 23:22:45.000,189,20338
2025-10-30 23:22:45.000,189,20338
2025-10-30 23:22:46.000,200,21338
2025-10-30 23:22:46.000,200,21338
2025-10-30 23:22:46.000,200,21337
2025-10-30 23:22:46.000,200,21337
2025-10-30 23:22:46.000,200,21336
2025-10-30 23:22:46.000,200,21336
2025-10-30 23:22:46.000,200,21336
2025-10-30 23:22:46.000,200,21335
2025-10-30 23:22:46.000,200,21335
2025-10-30 23:22:46.000,200,21334
2025-10-30 23:22:47.000,200,22334
2025-10-30 23:22:47.000,200,22334
2025-10-30 23:22:47.000,200,22334
2025-10-30 23:22:47.000,200,22334
2025-10-30 23:22:47.000,200,22334
2025-10-30 23:22:47.000,200,22333
2025-10-30 23:22:47.000,200,22333
2025-10-30 23:22:47.000,200,19357
2025-10-30 23:22:47.000,200,19357
2025-10-30 23:22:47.000,200,19357
2025-10-30 23:22:48.001,194,20358
2025-10-30 23:22:48.001,194,20358
2025-10-30 23:22:48.001,194,20357
2025-10-30 23:22:48.001,194,20356
2025-10-30 23:22:48.001,194,20356
2025-10-30 23:22:48.001,194,20355
2025-10-30 23:22:48.001,194,20355
2025-10-30 23:22:48.001,194,20355
2025-10-30 23:22:48.001,194,20355
2025-10-30 23:22:48.001,194,20354
2025-10-30 23:22:49.000,194,21352
2025-10-30 23:22:49.000,194,21352
2025-10-30 23:22:49.000,194,21351
2025-10-30 23:22:49.000,194,21351
2025-10-30 23:22:49.000,194,21351
2025-10-30 23:22:49.000,194,21350
2025-10-30 23:22:49.000,194,21350
2025-10-30 23:22:49.000,194,19340
2025-10-30 23:22:49.000,194,19340
2025-10-30 23:22:49.000,194,19339
2025-10-30 23:22:50.001,196,20340
2025-10-30 23:22:50.001,196,20339
2025-10-30 23:22:50.001,196,20339
2025-10-30 23:22:50.001,196,20339
2025-10-30 23:22:50.001,196,20339
2025-10-30 23:22:50.001,196,20339
2025-10-30 23:22:50.001,196,20338
2025-10-30 23:22:50.001,196,20338
2025-10-30 23:22:50.001,196,20338
2025-10-30 23:22:50.001,196,20338
2025-10-30 23:22:51.001,196,21337
2025-10-30 23:22:51.001,196,21337
2025-10-30 23:22:51.001,196,21336
2025-10-30 23:22:51.001,196,21336
2025-10-30 23:22:51.001,196,21336
2025-10-30 23:22:51.001,196,21336
2025-10-30 23:22:51.001,196,21335
2025-10-30 23:22:51.001,196,18359
2025-10-30 23:22:51.001,196,18358
2025-10-30 23:22:51.001,196,18358
2025-10-30 23:22:52.000,188,19356
2025-10-30 23:22:52.000,188,19356
2025-10-30 23:22:52.000,188,19355
2025-10-30 23:22:52.000,188,19355
2025-10-30 23:22:52.000,188,19354
2025-10-30 23:22:52.000,188,19354
2025-10-30 23:22:52.000,188,19354
2025-10-30 23:22:52.000,188,19354
2025-10-30 23:22:52.000,188,19354
2025-10-30 23:22:52.000,188,19354
2025-10-30 23:22:53.000,170,20353
2025-10-30 23:22:53.000,170,20353
2025-10-30 23:22:53.000,170,20353
2025-10-30 23:22:53.000,170,20353
2025-10-30 23:22:53.000,170,20352
2025-10-30 23:22:53.000,170,20352
2025-10-30 23:22:53.000,170,20351
2025-10-30 23:22:53.000,170,20351
2025-10-30 23:22:53.000,170,18342
2025-10-30 23:22:53.000,170,18342
2025-10-30 23:22:54.001,170,19343
2025-10-30 23:22:54.001,170,19343
2025-10-30 23:22:54.001,170,19342
2025-10-30 23:22:54.001,170,19342
2025-10-30 23:22:54.001,170,19341
2025-10-30 23:22:54.001,170,19341
2025-10-30 23:22:54.001,170,19341
2025-10-30 23:22:54.001,170,19341
2025-10-30 23:22:54.001,170,19340
2025-10-30 23:22:54.001,170,19340
2025-10-30 23:22:55.000,197,20339
2025-10-30 23:22:55.000,197,20338
2025-10-30 23:22:55.000,197,20338
2025-10-30 23:22:55.000,197,20337
2025-10-30 23:22:55.000,197,20337
2025-10-30 23:22:55.000,197,20337
2025-10-30 23:22:55.000,197,20337
2025-10-30 23:22:55.000,197,20336
2025-10-30 23:22:55.000,197,20336
2025-10-30 23:22:55.000,197,17322
2025-10-30 23:22:56.001,197,18322
2025-10-30 23:22:56.001,197,18322
2025-10-30 23:22:56.001,197,18322
2025-10-30 23:22:56.001,197,18321
2025-10-30 23:22:56.001,197,18320
2025-10-30 23:22:56.001,197,18320
2025-10-30 23:22:56.001,197,18320
2025-10-30 23:22:56.001,197,18319
2025-10-30 23:22:56.001,197,18319
2025-10-30 23:22:56.001,197,18319
2025-10-30 23:22:57.000,199,19318
2025-10-30 23:22:57.000,199,19317
2025-10-30 23:22:57.000,199,19316
2025-10-30 23:22:57.000,199,19316
2025-10-30 23:22:57.000,199,19315
2025-10-30 23:22:57.000,199,19315
2025-10-30 23:22:57.000,199,19315
2025-10-30 23:22:57.000,199,19315
2025-10-30 23:22:57.000,199,19314
2025-10-30 23:22:57.000,199,19314
2025-10-30 23:22:58.001,180,20313
2025-10-30 23:22:58.001,180,18300
2025-10-30 23:22:58.001,180,18300
2025-10-30 23:22:58.001,180,18299
2025-10-30 23:22:58.001,180,18299
2025-10-30 23:22:58.001,180,18299
2025-10-30 23:22:58.001,180,18298
2025-10-30 23:22:58.001,180,18298
2025-10-30 23:22:58.001,180,18298
2025-10-30 23:22:58.001,180,18297
2025-10-30 23:22:59.000,180,19295
2025-10-30 23:22:59.000,180,19294
2025-10-30 23:22:59.000,180,19293
2025-10-30 23:22:59.000,180,19292
2025-10-30 23:22:59.000,180,19292
2025-10-30 23:22:59.000,180,19292
2025-10-30 23:22:59.000,180,19292
2025-10-30 23:22:59.000,180,19291
2025-10-30 23:22:59.000,180,19290
2025-10-30 23:22:59.000,180,19290
2025-10-30 23:23:00.000,206,20289
2025-10-30 23:23:00.000,206,20289
2025-10-30 23:23:00.000,206,20289
2025-10-30 23:23:00.000,206,20288
2025-10-30 23:23:00.000,206,17324
2025-10-30 23:23:00.000,206,17324
2025-10-30 23:23:00.000,206,17323
2025-10-30 23:23:00.000,206,17323
2025-10-30 23:23:00.000,206,17322
2025-10-30 23:23:00.000,206,17322
2025-10-30 23:23:01.000,206,18321
2025-10-30 23:23:01.000,206,18321
2025-10-30 23:23:01.000,206,18321
2025-10-30 23:23:01.000,206,18321
2025-10-30 23:23:01.000,206,18321
2025-10-30 23:23:01.000,206,18321
2025-10-30 23:23:01.000,206,18321
2025-10-30 23:23:01.000,206,18321
2025-10-30 23:23:01.000,206,18321
2025-10-30 23:23:01.000,206,18320
2025-10-30 23:23:02.001,201,19320
2025-10-30 23:23:02.001,201,19320
2025-10-30 23:23:02.001,201,19319
2025-10-30 23:23:02.001,201,19319
2025-10-30 23:23:02.001,201,19318
2025-10-30 23:23:02.001,201,19317
2025-10-30 23:23:02.001,201,19317
2025-10-30 23:23:02.001,201,17304
2025-10-30 23:23:02.001,201,17304
2025-10-30 23:23:02.001,201,17303
2025-10-30 23:23:03.000,186,18302
2025-10-30 23:23:03.000,186,18302
2025-10-30 23:23:03.000,186,18302
2025-10-30 23:23:03.000,186,18302
2025-10-30 23:23:03.000,186,18301
2025-10-30 23:23:03.000,186,18300
2025-10-30 23:23:03.000,186,18300
2025-10-30 23:23:03.000,186,18300
2025-10-30 23:23:03.000,186,18287
2025-10-30 23:23:03.001,186,18287
2025-10-30 23:23:04.000,186,19286
2025-10-30 23:23:04.000,186,19286
2025-10-30 23:23:04.000,186,19286
2025-10-30 23:23:04.000,186,19285
2025-10-30 23:23:04.000,186,19285
2025-10-30 23:23:04.000,186,19285
2025-10-30 23:23:04.000,186,19284
2025-10-30 23:23:04.000,186,19284
2025-10-30 23:23:04.000,186,19283
2025-10-30 23:23:04.000,186,19283
2025-10-30 23:23:05.000,194,17323
2025-10-30 23:23:05.000,194,17323
2025-10-30 23:23:05.000,194,17322
2025-10-30 23:23:05.000,194,17322
2025-10-30 23:23:05.000,194,17322
2025-10-30 23:23:05.000,194,17322
2025-10-30 23:23:05.000,194,17322
2025-10-30 23:23:05.000,194,17321
2025-10-30 23:23:05.000,194,17320
2025-10-30 23:23:05.000,194,17319
2025-10-30 23:23:06.001,194,18320
2025-10-30 23:23:06.001,194,18320
2025-10-30 23:23:06.001,194,18320
2025-10-30 23:23:06.001,194,18320
2025-10-30 23:23:06.001,194,18319
2025-10-30 23:23:06.001,194,18319
2025-10-30 23:23:06.001,194,18319
2025-10-30 23:23:06.001,194,18319
2025-10-30 23:23:06.001,194,18318
2025-10-30 23:23:06.001,194,18317
2025-10-30 23:23:07.001,204,19317
2025-10-30 23:23:07.001,204,19317
2025-10-30 23:23:07.001,204,19316
2025-10-30 23:23:07.001,204,19316
2025-10-30 23:23:07.001,204,17310
2025-10-30 23:23:07.001,204,17309
2025-10-30 23:23:07.001,204,17309
2025-10-30 23:23:07.001,204,17309
2025-10-30 23:23:07.001,204,17309
2025-10-30 23:23:07.001,204,17308
2025-10-30 23:23:08.000,192,18307
2025-10-30 23:23:08.000,192,18307
2025-10-30 23:23:08.000,192,18307
2025-10-30 23:23:08.000,192,18307
2025-10-30 23:23:08.000,192,18306
2025-10-30 23:23:08.000,192,18306
2025-10-30 23:23:08.000,192,18306
2025-10-30 23:23:08.000,192,18306
2025-10-30 23:23:08.000,192,18306
2025-10-30 23:23:08.000,192,18306
2025-10-30 23:23:09.001,201,19306
2025-10-30 23:23:09.001,201,19306
2025-10-30 23:23:09.001,201,19306
2025-10-30 23:23:09.001,201,19305
2025-10-30 23:23:09.001,201,19304
2025-10-30 23:23:09.001,201,19304
2025-10-30 23:23:09.001,201,19304
2025-10-30 23:23:09.001,201,19303
2025-10-30 23:23:09.001,201,16322
2025-10-30 23:23:09.001,201,16321
2025-10-30 23:23:10.000,191,17320
2025-10-30 23:23:10.000,191,17320
2025-10-30 23:23:10.000,191,17320
2025-10-30 23:23:10.000,191,17319
2025-10-30 23:23:10.000,191,17319
2025-10-30 23:23:10.000,191,17319
2025-10-30 23:23:10.000,191,17319
2025-10-30 23:23:10.000,191,17319
2025-10-30 23:23:10.000,191,17319
2025-10-30 23:23:10.001,191,17319
2025-10-30 23:23:11.000,191,18318
2025-10-30 23:23:11.000,191,18318
2025-10-30 23:23:11.000,191,18317
2025-10-30 23:23:11.000,191,18317
2025-10-30 23:23:11.000,191,18317
2025-10-30 23:23:11.000,191,18316
2025-10-30 23:23:11.000,191,18316
2025-10-30 23:23:11.000,191,18315
2025-10-30 23:23:11.000,191,18315
2025-10-30 23:23:11.000,191,18314
2025-10-30 23:23:12.000,198,19314
2025-10-30 23:23:12.000,198,19313
2025-10-30 23:23:12.000,198,19312
2025-10-30 23:23:12.000,198,17306
2025-10-30 23:23:12.000,198,17305
2025-10-30 23:23:12.000,198,17305
2025-10-30 23:23:12.000,198,17305
2025-10-30 23:23:12.000,198,17304
2025-10-30 23:23:12.000,198,17304
2025-10-30 23:23:12.000,198,17304
2025-10-30 23:23:13.001,197,18305
2025-10-30 23:23:13.001,197,18305
2025-10-30 23:23:13.001,197,18305
2025-10-30 23:23:13.001,197,18304
2025-10-30 23:23:13.001,197,18304
2025-10-30 23:23:13.001,197,18304
2025-10-30 23:23:13.001,197,18304
2025-10-30 23:23:13.001,197,18303
2025-10-30 23:23:13.001,197,18303
2025-10-30 23:23:13.001,197,18303
2025-10-30 23:23:14.000,197,19302
2025-10-30 23:23:14.000,197,19302
2025-10-30 23:23:14.000,197,19301
2025-10-30 23:23:14.000,197,19301
2025-10-30 23:23:14.000,197,19301
2025-10-30 23:23:14.000,197,19300
2025-10-30 23:23:14.000,197,19300
2025-10-30 23:23:14.000,197,19299
2025-10-30 23:23:14.000,197,19299
2025-10-30 23:23:14.000,197,16286
2025-10-30 23:23:15.000,200,17286
2025-10-30 23:23:15.000,200,17286
2025-10-30 23:23:15.000,200,17285
2025-10-30 23:23:15.000,200,17285
2025-10-30 23:23:15.000,200,17285
2025-10-30 23:23:15.000,200,17285
2025-10-30 23:23:15.000,200,17285
2025-10-30 23:23:15.000,200,17284
2025-10-30 23:23:15.000,200,17284
2025-10-30 23:23:15.000,200,17283
2025-10-30 23:23:16.001,212,18283
2025-10-30 23:23:16.001,212,18283
2025-10-30 23:23:16.001,212,18283
2025-10-30 23:23:16.001,212,18283
2025-10-30 23:23:16.001,212,18283
2025-10-30 23:23:16.001,212,18282
2025-10-30 23:23:16.001,212,18282
2025-10-30 23:23:16.001,212,18282
2025-10-30 23:23:16.001,212,18282
2025-10-30 23:23:16.001,212,18281
2025-10-30 23:23:17.000,212,19280
2025-10-30 23:23:17.000,212,19279
2025-10-30 23:23:17.000,212,19278
2025-10-30 23:23:17.000,212,19277
2025-10-30 23:23:17.000,212,19277
2025-10-30 23:23:17.000,212,17254
2025-10-30 23:23:17.000,212,17253
2025-10-30 23:23:17.000,212,17253
2025-10-30 23:23:17.000,212,17252
2025-10-30 23:23:17.000,212,17252
2025-10-30 23:23:18.000,201,18252
2025-10-30 23:23:18.000,201,18252
2025-10-30 23:23:18.000,201,18252
2025-10-30 23:23:18.000,201,18252
2025-10-30 23:23:18.000,201,18252
2025-10-30 23:23:18.000,201,18252
2025-10-30 23:23:18.000,201,18252
2025-10-30 23:23:18.000,201,18252
2025-10-30 23:23:18.000,201,18251
2025-10-30 23:23:18.000,201,18251
2025-10-30 23:23:19.001,201,19252
2025-10-30 23:23:19.001,201,19252
2025-10-30 23:23:19.001,201,19252
2025-10-30 23:23:19.001,201,19251
2025-10-30 23:23:19.001,201,19251
2025-10-30 23:23:19.001,201,19251
2025-10-30 23:23:19.001,201,19250
2025-10-30 23:23:19.001,201,19250
2025-10-30 23:23:19.001,201,19249
2025-10-30 23:23:19.001,201,19249
2025-10-30 23:23:20.000,219,20248
2025-10-30 23:23:20.000,219,17285
2025-10-30 23:23:20.000,219,17284
2025-10-30 23:23:20.000,219,17284
2025-10-30 23:23:20.000,219,17284
2025-10-30 23:23:20.000,219,17284
2025-10-30 23:23:20.000,219,17283
2025-10-30 23:23:20.000,219,17283
2025-10-30 23:23:20.000,219,17283
2025-10-30 23:23:20.000,219,17283
2025-10-30 23:23:21.001,216,18284
2025-10-30 23:23:21.001,216,18283
2025-10-30 23:23:21.001,216,18283
2025-10-30 23:23:21.001,216,18282
2025-10-30 23:23:21.001,216,18281
2025-10-30 23:23:21.001,216,18281
2025-10-30 23:23:21.001,216,18280
2025-10-30 23:23:21.001,216,18280
2025-10-30 23:23:21.001,216,18280
2025-10-30 23:23:21.001,216,18278
2025-10-30 23:23:22.000,216,19277
2025-10-30 23:23:22.000,216,19276
2025-10-30 23:23:22.000,216,19276
2025-10-30 23:23:22.000,216,19275
2025-10-30 23:23:22.000,216,19274
2025-10-30 23:23:22.000,216,19274
2025-10-30 23:23:22.000,216,19273
2025-10-30 23:23:22.000,216,17274
2025-10-30 23:23:22.000,216,17273
2025-10-30 23:23:22.000,216,17273
2025-10-30 23:23:23.000,198,18273
2025-10-30 23:23:23.000,198,18272
2025-10-30 23:23:23.000,198,18272
2025-10-30 23:23:23.000,198,18272
2025-10-30 23:23:23.000,198,18271
2025-10-30 23:23:23.000,198,18271
2025-10-30 23:23:23.000,198,18271
2025-10-30 23:23:23.000,198,18271
2025-10-30 23:23:23.000,198,18271
2025-10-30 23:23:23.000,198,18270
2025-10-30 23:23:24.001,213,19271
2025-10-30 23:23:24.001,213,19271
2025-10-30 23:23:24.001,213,19270
2025-10-30 23:23:24.001,213,19270
2025-10-30 23:23:24.001,213,19270
2025-10-30 23:23:24.001,213,19270
2025-10-30 23:23:24.001,213,19270
2025-10-30 23:23:24.001,213,19269
2025-10-30 23:23:24.001,213,19269
2025-10-30 23:23:24.001,213,19269
2025-10-30 23:23:25.000,197,20268
2025-10-30 23:23:25.000,197,20267
2025-10-30 23:23:25.000,197,20267
2025-10-30 23:23:25.000,197,20266
2025-10-30 23:23:25.000,197,17285
2025-10-30 23:23:25.000,197,17285
2025-10-30 23:23:25.000,197,17284
2025-10-30 23:23:25.000,197,17284
2025-10-30 23:23:25.000,197,17284
2025-10-30 23:23:25.000,197,17283
2025-10-30 23:23:26.000,220,18283
2025-10-30 23:23:26.000,220,18282
2025-10-30 23:23:26.000,220,18282
2025-10-30 23:23:26.000,220,18282
2025-10-30 23:23:26.000,220,18282
2025-10-30 23:23:26.000,220,18282
2025-10-30 23:23:26.000,220,18282
2025-10-30 23:23:26.000,220,18281
2025-10-30 23:23:26.000,220,18281
2025-10-30 23:23:26.000,220,18281
2025-10-30 23:23:27.001,210,19281
2025-10-30 23:23:27.001,210,19280
2025-10-30 23:23:27.001,210,19278
2025-10-30 23:23:27.001,210,19278
2025-10-30 23:23:27.001,210,19277
2025-10-30 23:23:27.001,210,19276
2025-10-30 23:23:27.001,210,19276
2025-10-30 23:23:27.001,210,19275
2025-10-30 23:23:27.001,210,19275
2025-10-30 23:23:27.001,210,19274
2025-10-30 23:23:28.000,197,20272
2025-10-30 23:23:28.000,197,18266
2025-10-30 23:23:28.000,197,18265
2025-10-30 23:23:28.000,197,18265
2025-10-30 23:23:28.000,197,18265
2025-10-30 23:23:28.000,197,18264
2025-10-30 23:23:28.000,197,18264
2025-10-30 23:23:28.000,197,18263
2025-10-30 23:23:28.000,197,18263
2025-10-30 23:23:28.000,197,18263
2025-10-30 23:23:29.000,197,19262
2025-10-30 23:23:29.000,197,19260
2025-10-30 23:23:29.000,197,19259
2025-10-30 23:23:29.000,197,19258
2025-10-30 23:23:29.000,197,19258
2025-10-30 23:23:29.000,197,19258
2025-10-30 23:23:29.000,197,19256
2025-10-30 23:23:29.000,197,19255
2025-10-30 23:23:29.000,197,19255
2025-10-30 23:23:29.000,197,19255
2025-10-30 23:23:30.000,218,20254
2025-10-30 23:23:30.000,218,20253
2025-10-30 23:23:30.000,218,20253
2025-10-30 23:23:30.000,218,20252
2025-10-30 23:23:30.000,218,20252
2025-10-30 23:23:30.000,218,20253
2025-10-30 23:23:30.000,218,20252
2025-10-30 23:23:30.000,218,20252
2025-10-30 23:23:30.000,218,17275
2025-10-30 23:23:30.000,218,17273
2025-10-30 23:23:31.001,218,18274
2025-10-30 23:23:31.001,218,18273
2025-10-30 23:23:31.001,218,18272
2025-10-30 23:23:31.001,218,18272
2025-10-30 23:23:31.001,218,18271
2025-10-30 23:23:31.001,218,18271
2025-10-30 23:23:31.001,218,18268
2025-10-30 23:23:31.001,218,18268
2025-10-30 23:23:31.001,218,18267
2025-10-30 23:23:31.001,218,18267
2025-10-30 23:23:32.000,214,19266
2025-10-30 23:23:32.000,214,19265
2025-10-30 23:23:32.000,214,19265
2025-10-30 23:23:32.000,214,19265
2025-10-30 23:23:32.000,214,19265
2025-10-30 23:23:32.000,214,19265
2025-10-30 23:23:32.000,214,19265
2025-10-30 23:23:32.000,214,19261
2025-10-30 23:23:32.000,214,19260
2025-10-30 23:23:32.000,214,19260
2025-10-30 23:23:33.001,211,20260
2025-10-30 23:23:33.001,211,20259
2025-10-30 23:23:33.001,211,20258
2025-10-30 23:23:33.001,211,20257
2025-10-30 23:23:33.001,211,20257
2025-10-30 23:23:33.001,211,18266
2025-10-30 23:23:33.001,211,18266
2025-10-30 23:23:33.001,211,18265
2025-10-30 23:23:33.001,211,18263
2025-10-30 23:23:33.001,211,18263
2025-10-30 23:23:34.000,221,19261
2025-10-30 23:23:34.000,221,19260
2025-10-30 23:23:34.000,221,19260
2025-10-30 23:23:34.000,221,19260
2025-10-30 23:23:34.000,221,19259
2025-10-30 23:23:34.000,221,19259
2025-10-30 23:23:34.000,221,19258
2025-10-30 23:23:34.000,221,19258
2025-10-30 23:23:34.000,221,19257
2025-10-30 23:23:34.000,221,19257
2025-10-30 23:23:35.000,207,20257
2025-10-30 23:23:35.000,207,20257
2025-10-30 23:23:35.000,207,20257
2025-10-30 23:23:35.000,207,20257
2025-10-30 23:23:35.000,207,20257
2025-10-30 23:23:35.000,207,20256
2025-10-30 23:23:35.000,207,20256
2025-10-30 23:23:35.000,207,20255
2025-10-30 23:23:35.000,207,20255
2025-10-30 23:23:35.000,207,20254
2025-10-30 23:23:36.001,207,21255
2025-10-30 23:23:36.001,207,21255
2025-10-30 23:23:36.001,207,18242
2025-10-30 23:23:36.001,207,18242
2025-10-30 23:23:36.001,207,18242
2025-10-30 23:23:36.001,207,18241
2025-10-30 23:23:36.001,207,18241
2025-10-30 23:23:36.001,207,18241
2025-10-30 23:23:36.001,207,18240
2025-10-30 23:23:36.001,207,18240
2025-10-30 23:23:37.000,218,19239
2025-10-30 23:23:37.000,218,19239
2025-10-30 23:23:37.000,218,19238
2025-10-30 23:23:37.000,218,19238
2025-10-30 23:23:37.000,218,19237
2025-10-30 23:23:37.000,218,19237
2025-10-30 23:23:37.000,218,19237
2025-10-30 23:23:37.000,218,19237
2025-10-30 23:23:37.000,218,19237
2025-10-30 23:23:37.000,218,19237
2025-10-30 23:23:38.000,208,20237
2025-10-30 23:23:38.000,208,20237
2025-10-30 23:23:38.001,208,20236
2025-10-30 23:23:38.001,208,20237
2025-10-30 23:23:38.001,208,20237
2025-10-30 23:23:38.001,208,20237
2025-10-30 23:23:38.001,208,20236
2025-10-30 23:23:38.001,208,20235
2025-10-30 23:23:38.001,208,20235
2025-10-30 23:23:38.001,208,18212
2025-10-30 23:23:39.000,208,19210
2025-10-30 23:23:39.000,208,19210
2025-10-30 23:23:39.000,208,19209
2025-10-30 23:23:39.000,208,19208
2025-10-30 23:23:39.000,208,19208
2025-10-30 23:23:39.000,208,19207
2025-10-30 23:23:39.000,208,19206
2025-10-30 23:23:39.000,208,19206
2025-10-30 23:23:39.000,208,19206
2025-10-30 23:23:39.000,208,19206
2025-10-30 23:23:40.000,222,20205
2025-10-30 23:23:40.000,222,20205
2025-10-30 23:23:40.000,222,20205
2025-10-30 23:23:40.000,222,20205
2025-10-30 23:23:40.000,222,20205
2025-10-30 23:23:40.000,222,20204
2025-10-30 23:23:40.000,222,20204
2025-10-30 23:23:40.000,222,20203
2025-10-30 23:23:40.000,222,20203
2025-10-30 23:23:40.000,222,20202
2025-10-30 23:23:41.001,232,21203
2025-10-30 23:23:41.001,232,21202
2025-10-30 23:23:41.001,232,21201
2025-10-30 23:23:41.001,232,21201
2025-10-30 23:23:41.001,232,21200
2025-10-30 23:23:41.001,232,21199
2025-10-30 23:23:41.001,232,18235
2025-10-30 23:23:41.001,232,18233
2025-10-30 23:23:41.001,232,18232
2025-10-30 23:23:41.001,232,18232
2025-10-30 23:23:42.000,232,19231
2025-10-30 23:23:42.000,232,19231
2025-10-30 23:23:42.000,232,19228
2025-10-30 23:23:42.000,232,19228
2025-10-30 23:23:42.000,232,19228
2025-10-30 23:23:42.000,232,19227
2025-10-30 23:23:42.000,232,19226
2025-10-30 23:23:42.000,232,19226
2025-10-30 23:23:42.000,232,19225
2025-10-30 23:23:42.000,232,19225
2025-10-30 23:23:43.000,217,20225
2025-10-30 23:23:43.000,217,20225
2025-10-30 23:23:43.000,217,20225
2025-10-30 23:23:43.000,217,20225
2025-10-30 23:23:43.000,217,20225
2025-10-30 23:23:43.000,217,20224
2025-10-30 23:23:43.000,217,20223
2025-10-30 23:23:43.000,217,20222
2025-10-30 23:23:43.000,217,20222
2025-10-30 23:23:43.000,217,20219
2025-10-30 23:23:44.001,229,21219
2025-10-30 23:23:44.001,229,21219
2025-10-30 23:23:44.001,229,21218
2025-10-30 23:23:44.001,229,19221
2025-10-30 23:23:44.001,229,19221
2025-10-30 23:23:44.001,229,19220
2025-10-30 23:23:44.001,229,19220
2025-10-30 23:23:44.001,229,19220
2025-10-30 23:23:44.001,229,19219
2025-10-30 23:23:44.001,229,19219
2025-10-30 23:23:45.000,219,20218
2025-10-30 23:23:45.000,219,20218
2025-10-30 23:23:45.000,219,20218
2025-10-30 23:23:45.000,219,20217
2025-10-30 23:23:45.000,219,20217
2025-10-30 23:23:45.000,219,20217
2025-10-30 23:23:45.000,219,20217
2025-10-30 23:23:45.000,219,20217
2025-10-30 23:23:45.000,219,20217
2025-10-30 23:23:45.000,219,20216
2025-10-30 23:23:46.000,236,21216
2025-10-30 23:23:46.000,236,21215
2025-10-30 23:23:46.000,236,21215
2025-10-30 23:23:46.000,236,21215
2025-10-30 23:23:46.000,236,21215
2025-10-30 23:23:46.000,236,21214
2025-10-30 23:23:46.000,236,21214
2025-10-30 23:23:46.000,236,21213
2025-10-30 23:23:46.000,236,21213
2025-10-30 23:23:46.000,236,21212
2025-10-30 23:23:47.001,226,19248
2025-10-30 23:23:47.001,226,19247
2025-10-30 23:23:47.001,226,19247
2025-10-30 23:23:47.001,226,19247
2025-10-30 23:23:47.001,226,19247
2025-10-30 23:23:47.001,226,19247
2025-10-30 23:23:47.001,226,19247
2025-10-30 23:23:47.001,226,19246
2025-10-30 23:23:47.001,226,19246
2025-10-30 23:23:47.001,226,19245
2025-10-30 23:23:48.000,216,20244
2025-10-30 23:23:48.000,216,20244
2025-10-30 23:23:48.000,216,20243
2025-10-30 23:23:48.000,216,20243
2025-10-30 23:23:48.000,216,20243
2025-10-30 23:23:48.000,216,20243
2025-10-30 23:23:48.000,216,20242
2025-10-30 23:23:48.000,216,20241
2025-10-30 23:23:48.000,216,20240
2025-10-30 23:23:48.000,216,20240
2025-10-30 23:23:49.000,216,21240
2025-10-30 23:23:49.000,216,21240
2025-10-30 23:23:49.000,216,21240
2025-10-30 23:23:49.000,216,21239
2025-10-30 23:23:49.000,216,21238
2025-10-30 23:23:49.000,216,21238
2025-10-30 23:23:49.000,216,21237
2025-10-30 23:23:49.000,216,19229
2025-10-30 23:23:49.000,216,19228
2025-10-30 23:23:49.000,216,19227
2025-10-30 23:23:50.001,243,20228
2025-10-30 23:23:50.001,243,20228
2025-10-30 23:23:50.001,243,20228
2025-10-30 23:23:50.001,243,20228
2025-10-30 23:23:50.001,243,20228
2025-10-30 23:23:50.001,243,20228
2025-10-30 23:23:50.001,243,20228
2025-10-30 23:23:50.001,243,20228
2025-10-30 23:23:50.001,243,20227
2025-10-30 23:23:50.001,243,20227
2025-10-30 23:23:51.001,243,21226
2025-10-30 23:23:51.001,243,21226
2025-10-30 23:23:51.001,243,21226
2025-10-30 23:23:51.001,243,21226
2025-10-30 23:23:51.001,243,21224
2025-10-30 23:23:51.001,243,21223
2025-10-30 23:23:51.001,243,21223
2025-10-30 23:23:51.001,243,21222
2025-10-30 23:23:51.001,243,21221
2025-10-30 23:23:51.001,243,21221
2025-10-30 23:23:52.000,238,22220
2025-10-30 23:23:52.000,238,22219
2025-10-30 23:23:52.000,238,22219
2025-10-30 23:23:52.000,238,22218
2025-10-30 23:23:52.000,238,19240
2025-10-30 23:23:52.000,238,19237
2025-10-30 23:23:52.000,238,19234
2025-10-30 23:23:52.000,238,19234
2025-10-30 23:23:52.000,238,19233
2025-10-30 23:23:52.000,238,19233
2025-10-30 23:23:53.000,226,20233
2025-10-30 23:23:53.000,226,20232
2025-10-30 23:23:53.000,226,20227
2025-10-30 23:23:53.000,226,20225
2025-10-30 23:23:53.000,226,20224
2025-10-30 23:23:53.000,226,20224
2025-10-30 23:23:53.000,226,20224
2025-10-30 23:23:53.000,226,20224
2025-10-30 23:23:53.000,226,20224
2025-10-30 23:23:53.000,226,20224
2025-10-30 23:23:54.000,226,21223
2025-10-30 23:23:54.000,226,21223
2025-10-30 23:23:54.000,226,21222
2025-10-30 23:23:54.000,226,21222
2025-10-30 23:23:54.000,226,21221
2025-10-30 23:23:54.000,226,21220
2025-10-30 23:23:54.000,226,21220
2025-10-30 23:23:54.000,226,21219
2025-10-30 23:23:54.000,226,21218
2025-10-30 23:23:54.000,226,21218
2025-10-30 23:23:55.000,233,22217
2025-10-30 23:23:55.000,233,20232
2025-10-30 23:23:55.000,233,20232
2025-10-30 23:23:55.000,233,20232
2025-10-30 23:23:55.000,233,20232
2025-10-30 23:23:55.000,233,20231
2025-10-30 23:23:55.000,233,20229
2025-10-30 23:23:55.000,233,20228
2025-10-30 23:23:55.000,233,20228
2025-10-30 23:23:55.000,233,20227
2025-10-30 23:23:56.001,233,21228
2025-10-30 23:23:56.001,233,21227
2025-10-30 23:23:56.001,233,21227
2025-10-30 23:23:56.001,233,21227
2025-10-30 23:23:56.001,233,21227
2025-10-30 23:23:56.001,233,21226
2025-10-30 23:23:56.001,233,21226
2025-10-30 23:23:56.001,233,21225
2025-10-30 23:23:56.001,233,21225
2025-10-30 23:23:56.001,233,21225
2025-10-30 23:23:57.001,230,22225
2025-10-30 23:23:57.001,230,22225
2025-10-30 23:23:57.001,230,22224
2025-10-30 23:23:57.001,230,22224
2025-10-30 23:23:57.001,230,22223
2025-10-30 23:23:57.001,230,22223
2025-10-30 23:23:57.001,230,22223
2025-10-30 23:23:57.001,230,22222
2025-10-30 23:23:57.001,230,19214
2025-10-30 23:23:57.001,230,19214
2025-10-30 23:23:58.001,220,20208
2025-10-30 23:23:58.001,220,20208
2025-10-30 23:23:58.001,220,20207
2025-10-30 23:23:58.001,220,20206
2025-10-30 23:23:58.001,220,20206
2025-10-30 23:23:58.001,220,20205
2025-10-30 23:23:58.001,220,20205
2025-10-30 23:23:58.001,220,20205
2025-10-30 23:23:58.001,220,20204
2025-10-30 23:23:58.001,220,20203
2025-10-30 23:23:59.000,220,21201
2025-10-30 23:23:59.000,220,21201
2025-10-30 23:23:59.000,220,21201
2025-10-30 23:23:59.000,220,21201
2025-10-30 23:23:59.000,220,21200
2025-10-30 23:23:59.000,220,21199
2025-10-30 23:23:59.000,220,21199
2025-10-30 23:23:59.000,220,21198
2025-10-30 23:23:59.000,220,21198
2025-10-30 23:23:59.000,220,21198
2025-10-30 23:24:00.000,226,22198
2025-10-30 23:24:00.000,226,22198
2025-10-30 23:24:00.000,226,22198
2025-10-30 23:24:00.000,226,22197
2025-10-30 23:24:00.000,226,22197
2025-10-30 23:24:00.000,226,20193
2025-10-30 23:24:00.000,226,20192
2025-10-30 23:24:00.000,226,20192
2025-10-30 23:24:00.000,226,20191
2025-10-30 23:24:00.000,226,20191
2025-10-30 23:24:01.001,226,21192
2025-10-30 23:24:01.001,226,21191
2025-10-30 23:24:01.001,226,21191
2025-10-30 23:24:01.001,226,21190
2025-10-30 23:24:01.001,226,21190
2025-10-30 23:24:01.001,226,21190
2025-10-30 23:24:01.001,226,21189
2025-10-30 23:24:01.001,226,21189
2025-10-30 23:24:01.001,226,21189
2025-10-30 23:24:01.001,226,21189
2025-10-30 23:24:02.006,242,22194
2025-10-30 23:24:02.006,242,22193
2025-10-30 23:24:02.006,242,22193
2025-10-30 23:24:02.006,242,22192
2025-10-30 23:24:02.006,242,22192
2025-10-30 23:24:02.007,242,22192
2025-10-30 23:24:02.007,242,22193
2025-10-30 23:24:02.007,242,22193
2025-10-30 23:24:02.007,242,22192
2025-10-30 23:24:02.009,242,22192
2025-10-30 23:24:03.000,218,23184
2025-10-30 23:24:03.000,218,23184
2025-10-30 23:24:03.000,218,20204
2025-10-30 23:24:03.000,218,20204
2025-10-30 23:24:03.000,218,20204
2025-10-30 23:24:03.000,218,20203
2025-10-30 23:24:03.000,218,20203
2025-10-30 23:24:03.000,218,20202
2025-10-30 23:24:03.000,218,20201
2025-10-30 23:24:03.000,218,20201
2025-10-30 23:24:04.000,238,21201
2025-10-30 23:24:04.000,238,21201
2025-10-30 23:24:04.000,238,21201
2025-10-30 23:24:04.000,238,21201
2025-10-30 23:24:04.000,238,21200
2025-10-30 23:24:04.000,238,21200
2025-10-30 23:24:04.000,238,21200
2025-10-30 23:24:04.000,238,21199
2025-10-30 23:24:04.000,238,21197
2025-10-30 23:24:04.000,238,21197
2025-10-30 23:24:05.000,222,22197
2025-10-30 23:24:05.000,222,22196
2025-10-30 23:24:05.000,222,22195
2025-10-30 23:24:05.000,222,22194
2025-10-30 23:24:05.000,222,22192
2025-10-30 23:24:05.000,222,22191
2025-10-30 23:24:05.000,222,22191
2025-10-30 23:24:05.000,222,22190
2025-10-30 23:24:05.000,222,22190
2025-10-30 23:24:05.000,222,20191
2025-10-30 23:24:06.001,244,21192
2025-10-30 23:24:06.001,244,21191
2025-10-30 23:24:06.001,244,21191
2025-10-30 23:24:06.001,244,21191
2025-10-30 23:24:06.001,244,21191
2025-10-30 23:24:06.001,244,21191
2025-10-30 23:24:06.001,244,21191
2025-10-30 23:24:06.001,244,21190
2025-10-30 23:24:06.001,244,21190
2025-10-30 23:24:06.001,244,21189
2025-10-30 23:24:07.000,224,22188
2025-10-30 23:24:07.000,224,22188
2025-10-30 23:24:07.000,224,22188
2025-10-30 23:24:07.000,224,22188
2025-10-30 23:24:07.000,224,22188
2025-10-30 23:24:07.000,224,22187
2025-10-30 23:24:07.000,224,22187
2025-10-30 23:24:07.000,224,22187
2025-10-30 23:24:07.000,224,22187
2025-10-30 23:24:07.000,224,22187
2025-10-30 23:24:08.000,241,23186
2025-10-30 23:24:08.000,241,23186
2025-10-30 23:24:08.000,241,23186
2025-10-30 23:24:08.000,241,23185
2025-10-30 23:24:08.000,241,23185
2025-10-30 23:24:08.000,241,23184
2025-10-30 23:24:08.000,241,20205
2025-10-30 23:24:08.000,241,20205
2025-10-30 23:24:08.000,241,20204
2025-10-30 23:24:08.000,241,20203
2025-10-30 23:24:09.000,239,21203
2025-10-30 23:24:09.000,239,21202
2025-10-30 23:24:09.000,239,21202
2025-10-30 23:24:09.000,239,21202
2025-10-30 23:24:09.000,239,21202
2025-10-30 23:24:09.000,239,21202
2025-10-30 23:24:09.000,239,21202
2025-10-30 23:24:09.000,239,21201
2025-10-30 23:24:09.000,239,21201
2025-10-30 23:24:09.000,239,21200
2025-10-30 23:24:10.001,247,22201
2025-10-30 23:24:10.001,247,22200
2025-10-30 23:24:10.001,247,22200
2025-10-30 23:24:10.001,247,22200
2025-10-30 23:24:10.001,247,22200
2025-10-30 23:24:10.001,247,22200
2025-10-30 23:24:10.001,247,22199
2025-10-30 23:24:10.001,247,22199
2025-10-30 23:24:10.001,247,22198
2025-10-30 23:24:10.001,247,22198
2025-10-30 23:24:11.001,244,23197
2025-10-30 23:24:11.001,244,23197
2025-10-30 23:24:11.001,244,21182
2025-10-30 23:24:11.001,244,21182
2025-10-30 23:24:11.001,244,21182
2025-10-30 23:24:11.001,244,21182
2025-10-30 23:24:11.001,244,21181
2025-10-30 23:24:11.001,244,21181
2025-10-30 23:24:11.001,244,21180
2025-10-30 23:24:11.001,244,21179
2025-10-30 23:24:12.001,234,22179
2025-10-30 23:24:12.001,234,22178
2025-10-30 23:24:12.001,234,22178
2025-10-30 23:24:12.001,234,22178
2025-10-30 23:24:12.001,234,22178
2025-10-30 23:24:12.001,234,22178
2025-10-30 23:24:12.001,234,22178
2025-10-30 23:24:12.001,234,22178
2025-10-30 23:24:12.001,234,22178
2025-10-30 23:24:12.001,234,22178
2025-10-30 23:24:13.000,218,23176
2025-10-30 23:24:13.000,218,23176
2025-10-30 23:24:13.000,218,23175
2025-10-30 23:24:13.000,218,23175
2025-10-30 23:24:13.000,218,23174
2025-10-30 23:24:13.000,218,23173
2025-10-30 23:24:13.000,218,23173
2025-10-30 23:24:13.000,218,23173
2025-10-30 23:24:13.000,218,20211
2025-10-30 23:24:13.000,218,20210
2025-10-30 23:24:14.001,218,21211
2025-10-30 23:24:14.001,218,21211
2025-10-30 23:24:14.001,218,21211
2025-10-30 23:24:14.001,218,21210
2025-10-30 23:24:14.001,218,21210
2025-10-30 23:24:14.001,218,21209
2025-10-30 23:24:14.001,218,21209
2025-10-30 23:24:14.001,218,21209
2025-10-30 23:24:14.001,218,21209
2025-10-30 23:24:14.001,218,21209
2025-10-30 23:24:15.000,238,22207
2025-10-30 23:24:15.000,238,22207
2025-10-30 23:24:15.000,238,22207
2025-10-30 23:24:15.000,238,22207
2025-10-30 23:24:15.000,238,22207
2025-10-30 23:24:15.000,238,22207
2025-10-30 23:24:15.000,238,22207
2025-10-30 23:24:15.000,238,22206
2025-10-30 23:24:15.000,238,22206
2025-10-30 23:24:15.000,238,22206
2025-10-30 23:24:16.000,244,23205
2025-10-30 23:24:16.000,244,23188
2025-10-30 23:24:16.000,244,23187
2025-10-30 23:24:16.000,244,23187
2025-10-30 23:24:16.000,244,21196
2025-10-30 23:24:16.000,244,21196
2025-10-30 23:24:16.000,244,21195
2025-10-30 23:24:16.000,244,21195
2025-10-30 23:24:16.000,244,21194
2025-10-30 23:24:16.000,244,21194
2025-10-30 23:24:17.001,224,22195
2025-10-30 23:24:17.001,224,22195
2025-10-30 23:24:17.001,224,22195
2025-10-30 23:24:17.001,224,22194
2025-10-30 23:24:17.001,224,22194
2025-10-30 23:24:17.001,224,22194
2025-10-30 23:24:17.001,224,22194
2025-10-30 23:24:17.001,224,22193
2025-10-30 23:24:17.001,224,22193
2025-10-30 23:24:17.001,224,22193
2025-10-30 23:24:18.000,224,23192
2025-10-30 23:24:18.000,224,23192
2025-10-30 23:24:18.000,224,23191
2025-10-30 23:24:18.000,224,23191
2025-10-30 23:24:18.000,224,23191
2025-10-30 23:24:18.000,224,23191
2025-10-30 23:24:18.000,224,23191
2025-10-30 23:24:18.000,224,23190
2025-10-30 23:24:18.000,224,23190
2025-10-30 23:24:18.000,224,23189
2025-10-30 23:24:19.001,224,21179
2025-10-30 23:24:19.001,224,21179
2025-10-30 23:24:19.001,224,21179
2025-10-30 23:24:19.001,224,21178
2025-10-30 23:24:19.001,224,21178
2025-10-30 23:24:19.001,224,21177
2025-10-30 23:24:19.001,224,21177
2025-10-30 23:24:19.001,224,21176
2025-10-30 23:24:19.001,224,21176
2025-10-30 23:24:19.001,224,21175
2025-10-30 23:24:20.000,237,22174
2025-10-30 23:24:20.000,237,22174
2025-10-30 23:24:20.000,237,22174
2025-10-30 23:24:20.000,237,22174
2025-10-30 23:24:20.000,237,22174
2025-10-30 23:24:20.000,237,22173
2025-10-30 23:24:20.000,237,22173
2025-10-30 23:24:20.000,237,22173
2025-10-30 23:24:20.000,237,22173
2025-10-30 23:24:20.000,237,22172
2025-10-30 23:24:21.001,237,23173
2025-10-30 23:24:21.001,237,23173
2025-10-30 23:24:21.001,237,23172
2025-10-30 23:24:21.001,237,23172
2025-10-30 23:24:21.001,237,23171
2025-10-30 23:24:21.001,237,23171
2025-10-30 23:24:21.001,237,21154
2025-10-30 23:24:21.001,237,21154
2025-10-30 23:24:21.001,237,21153
2025-10-30 23:24:21.001,237,21153
2025-10-30 23:24:22.000,244,22152
2025-10-30 23:24:22.000,244,22151
2025-10-30 23:24:22.000,244,22151
2025-10-30 23:24:22.000,244,22151
2025-10-30 23:24:22.000,244,22151
2025-10-30 23:24:22.000,244,22151
2025-10-30 23:24:22.000,244,22151
2025-10-30 23:24:22.000,244,22150
2025-10-30 23:24:22.000,244,22150
2025-10-30 23:24:22.000,244,22150
2025-10-30 23:24:23.000,227,23150
2025-10-30 23:24:23.000,227,23150
2025-10-30 23:24:23.000,227,23149
2025-10-30 23:24:23.000,227,23148
2025-10-30 23:24:23.000,227,23148
2025-10-30 23:24:23.000,227,23147
2025-10-30 23:24:23.000,227,23147
2025-10-30 23:24:23.000,227,23147
2025-10-30 23:24:23.000,227,23146
2025-10-30 23:24:23.000,227,23146
2025-10-30 23:24:24.000,238,24145
2025-10-30 23:24:24.000,238,24145
2025-10-30 23:24:24.000,238,21128
2025-10-30 23:24:24.000,238,21125
2025-10-30 23:24:24.000,238,21123
2025-10-30 23:24:24.000,238,21123
2025-10-30 23:24:24.000,238,21123
2025-10-30 23:24:24.000,238,21122
2025-10-30 23:24:24.000,238,21121
2025-10-30 23:24:24.000,238,21120
2025-10-30 23:24:25.001,223,22120
2025-10-30 23:24:25.001,223,22119
2025-10-30 23:24:25.001,223,22119
2025-10-30 23:24:25.001,223,22119
2025-10-30 23:24:25.001,223,22119
2025-10-30 23:24:25.001,223,22119
2025-10-30 23:24:25.001,223,22118
2025-10-30 23:24:25.001,223,22118
2025-10-30 23:24:25.001,223,22118
2025-10-30 23:24:25.001,223,22118
2025-10-30 23:24:26.000,223,23116
2025-10-30 23:24:26.000,223,23115
2025-10-30 23:24:26.000,223,23115
2025-10-30 23:24:26.000,223,23114
2025-10-30 23:24:26.000,223,23114
2025-10-30 23:24:26.000,223,23113
2025-10-30 23:24:26.000,223,23112
2025-10-30 23:24:26.000,223,23111
2025-10-30 23:24:26.000,223,21141
2025-10-30 23:24:26.000,223,21141
2025-10-30 23:24:27.000,242,22141
2025-10-30 23:24:27.000,242,22140
2025-10-30 23:24:27.000,242,22139
2025-10-30 23:24:27.000,242,22138
2025-10-30 23:24:27.000,242,22138
2025-10-30 23:24:27.000,242,22138
2025-10-30 23:24:27.000,242,22137
2025-10-30 23:24:27.000,242,22137
2025-10-30 23:24:27.000,242,22137
2025-10-30 23:24:27.000,242,22136
2025-10-30 23:24:28.001,228,23137
2025-10-30 23:24:28.001,228,23136
2025-10-30 23:24:28.001,228,23135
2025-10-30 23:24:28.001,228,23134
2025-10-30 23:24:28.001,228,23134
2025-10-30 23:24:28.001,228,23134
2025-10-30 23:24:28.001,228,23133
2025-10-30 23:24:28.001,228,23132
2025-10-30 23:24:28.001,228,23132
2025-10-30 23:24:28.001,228,23132
2025-10-30 23:24:29.000,236,24130
2025-10-30 23:24:29.000,236,24129
2025-10-30 23:24:29.000,236,24127
2025-10-30 23:24:29.000,236,24126
2025-10-30 23:24:29.000,236,21175
2025-10-30 23:24:29.000,236,21174
2025-10-30 23:24:29.000,236,21174
2025-10-30 23:24:29.000,236,21174
2025-10-30 23:24:29.000,236,21173
2025-10-30 23:24:29.000,236,21173
2025-10-30 23:24:30.000,218,22172
2025-10-30 23:24:30.000,218,22172
2025-10-30 23:24:30.000,218,22171
2025-10-30 23:24:30.000,218,22171
2025-10-30 23:24:30.000,218,22170
2025-10-30 23:24:30.000,218,22170
2025-10-30 23:24:30.000,218,22170
2025-10-30 23:24:30.000,218,22170
2025-10-30 23:24:30.000,218,22170
2025-10-30 23:24:30.000,218,22170
2025-10-30 23:24:31.001,218,23170
2025-10-30 23:24:31.001,218,23169
2025-10-30 23:24:31.001,218,23168
2025-10-30 23:24:31.001,218,23168
2025-10-30 23:24:31.001,218,23168
2025-10-30 23:24:31.001,218,23167
2025-10-30 23:24:31.001,218,23165
2025-10-30 23:24:31.001,218,23165
2025-10-30 23:24:31.001,218,23164
2025-10-30 23:24:31.001,218,21154
2025-10-30 23:24:32.000,230,22153
2025-10-30 23:24:32.000,230,22153
2025-10-30 23:24:32.000,230,22152
2025-10-30 23:24:32.000,230,22152
2025-10-30 23:24:32.000,230,22152
2025-10-30 23:24:32.000,230,22151
2025-10-30 23:24:32.000,230,22151
2025-10-30 23:24:32.000,230,22151
2025-10-30 23:24:32.000,230,22151
2025-10-30 23:24:32.000,230,22150
2025-10-30 23:24:33.001,220,23151
2025-10-30 23:24:33.001,220,23151
2025-10-30 23:24:33.001,220,23151
2025-10-30 23:24:33.001,220,23151
2025-10-30 23:24:33.001,220,23151
2025-10-30 23:24:33.001,220,23150
2025-10-30 23:24:33.001,220,23150
2025-10-30 23:24:33.001,220,23149
2025-10-30 23:24:33.001,220,23149
2025-10-30 23:24:33.001,220,23149
2025-10-30 23:24:34.000,220,24148
2025-10-30 23:24:34.000,220,24147
2025-10-30 23:24:34.000,220,24147
2025-10-30 23:24:34.000,220,24146
2025-10-30 23:24:34.000,220,21172
2025-10-30 23:24:34.000,220,21172
2025-10-30 23:24:34.000,220,21171
2025-10-30 23:24:34.000,220,21171
2025-10-30 23:24:34.000,220,21170
2025-10-30 23:24:34.000,220,21170
2025-10-30 23:24:35.001,230,22171
2025-10-30 23:24:35.001,230,22170
2025-10-30 23:24:35.001,230,22170
2025-10-30 23:24:35.001,230,22170
2025-10-30 23:24:35.001,230,22170
2025-10-30 23:24:35.001,230,22170
2025-10-30 23:24:35.001,230,22170
2025-10-30 23:24:35.001,230,22169
2025-10-30 23:24:35.001,230,22169
2025-10-30 23:24:35.001,230,22169
2025-10-30 23:24:36.001,238,23168
2025-10-30 23:24:36.001,238,23168
2025-10-30 23:24:36.001,238,23168
2025-10-30 23:24:36.001,238,23141
2025-10-30 23:24:36.001,238,23141
2025-10-30 23:24:36.001,238,23140
2025-10-30 23:24:36.001,238,23140
2025-10-30 23:24:36.001,238,23139
2025-10-30 23:24:36.001,238,23139
2025-10-30 23:24:36.001,238,21156
2025-10-30 23:24:37.000,238,22154
2025-10-30 23:24:37.000,238,22154
2025-10-30 23:24:37.000,238,22154
2025-10-30 23:24:37.000,238,22154
2025-10-30 23:24:37.000,238,22153
2025-10-30 23:24:37.000,238,22153
2025-10-30 23:24:37.000,238,22153
2025-10-30 23:24:37.000,238,22153
2025-10-30 23:24:37.000,238,22153
2025-10-30 23:24:37.000,238,22152
2025-10-30 23:24:38.001,218,23153
2025-10-30 23:24:38.001,218,23152
2025-10-30 23:24:38.001,218,23152
2025-10-30 23:24:38.001,218,23152
2025-10-30 23:24:38.001,218,23152
2025-10-30 23:24:38.001,218,23152
2025-10-30 23:24:38.001,218,23151
2025-10-30 23:24:38.001,218,23151
2025-10-30 23:24:38.001,218,23151
2025-10-30 23:24:38.001,218,23151
2025-10-30 23:24:39.000,218,24149
2025-10-30 23:24:39.000,218,24149
2025-10-30 23:24:39.000,218,24148
2025-10-30 23:24:39.000,218,24148
2025-10-30 23:24:39.000,218,21137
2025-10-30 23:24:39.000,218,21137
2025-10-30 23:24:39.000,218,21137
2025-10-30 23:24:39.000,218,21137
2025-10-30 23:24:39.000,218,21137
2025-10-30 23:24:39.000,218,21137
2025-10-30 23:24:40.003,226,22139
2025-10-30 23:24:40.003,226,22140
2025-10-30 23:24:40.003,226,22140
2025-10-30 23:24:40.003,226,22139
2025-10-30 23:24:40.003,226,22139
2025-10-30 23:24:40.003,226,22139
2025-10-30 23:24:40.003,226,22138
2025-10-30 23:24:40.003,226,22137
2025-10-30 23:24:40.003,226,22137
2025-10-30 23:24:40.003,226,22136
2025-10-30 23:24:41.000,234,23133
2025-10-30 23:24:41.000,234,23133
2025-10-30 23:24:41.000,234,23133
2025-10-30 23:24:41.000,234,23132
2025-10-30 23:24:41.000,234,23132
2025-10-30 23:24:41.000,234,23131
2025-10-30 23:24:41.000,234,23131
2025-10-30 23:24:41.000,234,23130
2025-10-30 23:24:41.000,234,23130
2025-10-30 23:24:41.000,234,21118
2025-10-30 23:24:42.000,224,22118
2025-10-30 23:24:42.000,224,22118
2025-10-30 23:24:42.000,224,22117
2025-10-30 23:24:42.000,224,22117
2025-10-30 23:24:42.000,224,22117
2025-10-30 23:24:42.000,224,22117
2025-10-30 23:24:42.000,224,22116
2025-10-30 23:24:42.000,224,22116
2025-10-30 23:24:42.000,224,22116
2025-10-30 23:24:42.000,224,22115
2025-10-30 23:24:43.001,207,23116
2025-10-30 23:24:43.001,207,23115
2025-10-30 23:24:43.001,207,23115
2025-10-30 23:24:43.001,207,23115
2025-10-30 23:24:43.001,207,23115
2025-10-30 23:24:43.001,207,23115
2025-10-30 23:24:43.001,207,23115
2025-10-30 23:24:43.001,207,23115
2025-10-30 23:24:43.001,207,23115
2025-10-30 23:24:43.001,207,23115
2025-10-30 23:24:44.000,207,24113
2025-10-30 23:24:44.000,207,24112
2025-10-30 23:24:44.000,207,24111
2025-10-30 23:24:44.000,207,24111
2025-10-30 23:24:44.000,207,21131
2025-10-30 23:24:44.000,207,21131
2025-10-30 23:24:44.000,207,21128
2025-10-30 23:24:44.000,207,21125
2025-10-30 23:24:44.000,207,21124
2025-10-30 23:24:44.000,207,21124
2025-10-30 23:24:45.001,220,22124
2025-10-30 23:24:45.001,220,22124
2025-10-30 23:24:45.001,220,22123
2025-10-30 23:24:45.001,220,22122
2025-10-30 23:24:45.001,220,22122
2025-10-30 23:24:45.001,220,22122
2025-10-30 23:24:45.001,220,22122
2025-10-30 23:24:45.001,220,22121
2025-10-30 23:24:45.001,220,22121
2025-10-30 23:24:45.001,220,22121
2025-10-30 23:24:46.000,220,23120
2025-10-30 23:24:46.000,220,23120
2025-10-30 23:24:46.000,220,23119
2025-10-30 23:24:46.000,220,23118
2025-10-30 23:24:46.000,220,23118
2025-10-30 23:24:46.000,220,23117
2025-10-30 23:24:46.000,220,23116
2025-10-30 23:24:46.000,220,23116
2025-10-30 23:24:46.000,220,21121
2025-10-30 23:24:46.000,220,21120
2025-10-30 23:24:47.001,230,22121
2025-10-30 23:24:47.001,230,22120
2025-10-30 23:24:47.001,230,22120
2025-10-30 23:24:47.001,230,22120
2025-10-30 23:24:47.001,230,22120
2025-10-30 23:24:47.001,230,22120
2025-10-30 23:24:47.001,230,22120
2025-10-30 23:24:47.001,230,22119
2025-10-30 23:24:47.001,230,22119
2025-10-30 23:24:47.001,230,22119
2025-10-30 23:24:48.001,211,23119
2025-10-30 23:24:48.001,211,23119
2025-10-30 23:24:48.001,211,23119
2025-10-30 23:24:48.001,211,23118
2025-10-30 23:24:48.001,211,23118
2025-10-30 23:24:48.001,211,23117
2025-10-30 23:24:48.001,211,23117
2025-10-30 23:24:48.001,211,23117
2025-10-30 23:24:48.001,211,23116
2025-10-30 23:24:48.001,211,23116
2025-10-30 23:24:49.000,211,24114
2025-10-30 23:24:49.001,211,24114
2025-10-30 23:24:49.001,211,21133
2025-10-30 23:24:49.001,211,21133
2025-10-30 23:24:49.001,211,21133
2025-10-30 23:24:49.001,211,21133
2025-10-30 23:24:49.001,211,21132
2025-10-30 23:24:49.001,211,21132
2025-10-30 23:24:49.001,211,21132
2025-10-30 23:24:49.001,211,21132
2025-10-30 23:24:50.000,221,22130
2025-10-30 23:24:50.000,221,22130
2025-10-30 23:24:50.000,221,22130
2025-10-30 23:24:50.000,221,22130
2025-10-30 23:24:50.000,221,22130
2025-10-30 23:24:50.000,221,22130
2025-10-30 23:24:50.000,221,22128
2025-10-30 23:24:50.000,221,22128
2025-10-30 23:24:50.000,221,22127
2025-10-30 23:24:50.000,221,22126
2025-10-30 23:24:51.001,221,23126
2025-10-30 23:24:51.001,221,23126
2025-10-30 23:24:51.001,221,23125
2025-10-30 23:24:51.001,221,23124
2025-10-30 23:24:51.001,221,23124
2025-10-30 23:24:51.001,221,23123
2025-10-30 23:24:51.001,221,21121
2025-10-30 23:24:51.001,221,21120
2025-10-30 23:24:51.001,221,21120
2025-10-30 23:24:51.001,221,21120
2025-10-30 23:24:52.000,216,22119
2025-10-30 23:24:52.000,216,22118
2025-10-30 23:24:52.000,216,22118
2025-10-30 23:24:52.000,216,22118
2025-10-30 23:24:52.000,216,22117
2025-10-30 23:24:52.000,216,22117
2025-10-30 23:24:52.000,216,22117
2025-10-30 23:24:52.000,216,22116
2025-10-30 23:24:52.000,216,22116
2025-10-30 23:24:52.000,216,22116
2025-10-30 23:24:53.000,221,23116
2025-10-30 23:24:53.000,221,23116
2025-10-30 23:24:53.000,221,23116
2025-10-30 23:24:53.000,221,23115
2025-10-30 23:24:53.000,221,23115
2025-10-30 23:24:53.000,221,23114
2025-10-30 23:24:53.000,221,23114
2025-10-30 23:24:53.000,221,23113
2025-10-30 23:24:53.000,221,23111
2025-10-30 23:24:53.000,221,23110
2025-10-30 23:24:54.000,219,21119
2025-10-30 23:24:54.000,219,21119
2025-10-30 23:24:54.000,219,21119
2025-10-30 23:24:54.000,219,21118
2025-10-30 23:24:54.000,219,21118
2025-10-30 23:24:54.000,219,21118
2025-10-30 23:24:54.000,219,21117
2025-10-30 23:24:54.000,219,21116
2025-10-30 23:24:54.000,219,21115
2025-10-30 23:24:54.000,219,21114
2025-10-30 23:24:55.001,209,22115
2025-10-30 23:24:55.001,209,22115
2025-10-30 23:24:55.001,209,22114
2025-10-30 23:24:55.001,209,22111
2025-10-30 23:24:55.001,209,22108
2025-10-30 23:24:55.001,209,22106
2025-10-30 23:24:55.001,209,22105
2025-10-30 23:24:55.001,209,22104
2025-10-30 23:24:55.001,209,22103
2025-10-30 23:24:55.001,209,22103
2025-10-30 23:24:56.000,221,23101
2025-10-30 23:24:56.000,221,23100
2025-10-30 23:24:56.000,221,23099
2025-10-30 23:24:56.000,221,23098
2025-10-30 23:24:56.000,221,21118
2025-10-30 23:24:56.000,221,21117
2025-10-30 23:24:56.000,221,21116
2025-10-30 23:24:56.000,221,21116
2025-10-30 23:24:56.000,221,21116
2025-10-30 23:24:56.000,221,21116
2025-10-30 23:24:57.000,221,22115
2025-10-30 23:24:57.000,221,22115
2025-10-30 23:24:57.000,221,22115
2025-10-30 23:24:57.000,221,22115
2025-10-30 23:24:57.000,221,22115
2025-10-30 23:24:57.000,221,22114
2025-10-30 23:24:57.000,221,22114
2025-10-30 23:24:57.000,221,22114
2025-10-30 23:24:57.000,221,22113
2025-10-30 23:24:57.000,221,22113
2025-10-30 23:24:58.001,234,23113
2025-10-30 23:24:58.001,234,23112
2025-10-30 23:24:58.001,234,23112
2025-10-30 23:24:58.001,234,23112
2025-10-30 23:24:58.001,234,23111
2025-10-30 23:24:58.001,234,23110
2025-10-30 23:24:58.001,234,23110
2025-10-30 23:24:58.001,234,23109
2025-10-30 23:24:58.001,234,20090
2025-10-30 23:24:58.001,234,20089
2025-10-30 23:24:59.001,234,21089
2025-10-30 23:24:59.001,234,21089
2025-10-30 23:24:59.001,234,21089
2025-10-30 23:24:59.001,234,21088
2025-10-30 23:24:59.001,234,21088
2025-10-30 23:24:59.001,234,21088
2025-10-30 23:24:59.001,234,21087
2025-10-30 23:24:59.001,234,21087
2025-10-30 23:24:59.001,234,21086
2025-10-30 23:24:59.001,234,21086
2025-10-30 23:25:00.000,276,22084
2025-10-30 23:25:00.000,276,22084
2025-10-30 23:25:00.000,276,22084
2025-10-30 23:25:00.000,276,22084
2025-10-30 23:25:00.000,276,22084
2025-10-30 23:25:00.000,276,22083
2025-10-30 23:25:00.000,276,22083
2025-10-30 23:25:00.000,276,22082
2025-10-30 23:25:00.000,276,22081
2025-10-30 23:25:00.000,276,22081
2025-10-30 23:25:01.000,265,23081
2025-10-30 23:25:01.000,265,21073
2025-10-30 23:25:01.000,265,21073
2025-10-30 23:25:01.000,265,21073
2025-10-30 23:25:01.000,265,21073
2025-10-30 23:25:01.000,265,21073
2025-10-30 23:25:01.000,265,21073
2025-10-30 23:25:01.000,265,21072
2025-10-30 23:25:01.000,265,21072
2025-10-30 23:25:01.000,265,21072
2025-10-30 23:25:02.001,284,22072
2025-10-30 23:25:02.001,284,22072
2025-10-30 23:25:02.001,284,22071
2025-10-30 23:25:02.001,284,22069
2025-10-30 23:25:02.001,284,22069
2025-10-30 23:25:02.001,284,22069
2025-10-30 23:25:02.001,284,22069
2025-10-30 23:25:02.001,284,22069
2025-10-30 23:25:02.001,284,22068
2025-10-30 23:25:02.001,284,22067
2025-10-30 23:25:03.000,293,23065
2025-10-30 23:25:03.000,293,23064
2025-10-30 23:25:03.000,293,23064
2025-10-30 23:25:03.000,293,23062
2025-10-30 23:25:03.000,293,20098
2025-10-30 23:25:03.000,293,20098
2025-10-30 23:25:03.000,293,20098
2025-10-30 23:25:03.000,293,20097
2025-10-30 23:25:03.000,293,20097
2025-10-30 23:25:03.000,293,20096
2025-10-30 23:25:04.000,299,21096
2025-10-30 23:25:04.000,299,21096
2025-10-30 23:25:04.000,299,21095
2025-10-30 23:25:04.000,299,21094
2025-10-30 23:25:04.000,299,21090
2025-10-30 23:25:04.000,299,21089
2025-10-30 23:25:04.000,299,21088
2025-10-30 23:25:04.000,299,21088
2025-10-30 23:25:04.000,299,21088
2025-10-30 23:25:04.000,299,21088
2025-10-30 23:25:05.001,305,22089
2025-10-30 23:25:05.001,305,22088
2025-10-30 23:25:05.001,305,22088
2025-10-30 23:25:05.001,305,22087
2025-10-30 23:25:05.001,305,22087
2025-10-30 23:25:05.001,305,22086
2025-10-30 23:25:05.001,305,22086
2025-10-30 23:25:05.001,305,20081
2025-10-30 23:25:05.001,305,20081
2025-10-30 23:25:05.001,305,20080
2025-10-30 23:25:06.000,311,21078
2025-10-30 23:25:06.000,311,21077
2025-10-30 23:25:06.000,311,21077
2025-10-30 23:25:06.000,311,21077
2025-10-30 23:25:06.000,311,21077
2025-10-30 23:25:06.000,311,21077
2025-10-30 23:25:06.000,311,21077
2025-10-30 23:25:06.000,311,21076
2025-10-30 23:25:06.000,311,21076
2025-10-30 23:25:06.000,311,21076
2025-10-30 23:25:07.001,313,22077
2025-10-30 23:25:07.001,313,22077
2025-10-30 23:25:07.001,313,22077
2025-10-30 23:25:07.001,313,22077
2025-10-30 23:25:07.001,313,22076
2025-10-30 23:25:07.001,313,22063
2025-10-30 23:25:07.001,313,22062
2025-10-30 23:25:07.001,313,22062
2025-10-30 23:25:07.001,313,22062
2025-10-30 23:25:07.001,313,22062
2025-10-30 23:25:08.000,315,20099
2025-10-30 23:25:08.000,315,20099
2025-10-30 23:25:08.000,315,20099
2025-10-30 23:25:08.000,315,20098
2025-10-30 23:25:08.000,315,20098
2025-10-30 23:25:08.000,315,20098
2025-10-30 23:25:08.000,315,20097
2025-10-30 23:25:08.000,315,20096
2025-10-30 23:25:08.000,315,20095
2025-10-30 23:25:08.000,315,20094
2025-10-30 23:25:09.001,317,21094
2025-10-30 23:25:09.001,317,21093
2025-10-30 23:25:09.001,317,21092
2025-10-30 23:25:09.001,317,21092
2025-10-30 23:25:09.001,317,21092
2025-10-30 23:25:09.001,317,21092
2025-10-30 23:25:09.001,317,21092
2025-10-30 23:25:09.001,317,21092
2025-10-30 23:25:09.001,317,21091
2025-10-30 23:25:09.001,317,21091
2025-10-30 23:25:10.000,316,22089
2025-10-30 23:25:10.000,316,22088
2025-10-30 23:25:10.000,316,22087
2025-10-30 23:25:10.000,316,20086
2025-10-30 23:25:10.000,316,20085
2025-10-30 23:25:10.000,316,20084
2025-10-30 23:25:10.000,316,20084
2025-10-30 23:25:10.000,316,20084
2025-10-30 23:25:10.000,316,20084
2025-10-30 23:25:10.000,316,20084
2025-10-30 23:25:11.000,315,21084
2025-10-30 23:25:11.000,315,21083
2025-10-30 23:25:11.000,315,21083
2025-10-30 23:25:11.000,315,21083
2025-10-30 23:25:11.000,315,21083
2025-10-30 23:25:11.000,315,21082
2025-10-30 23:25:11.000,315,21082
2025-10-30 23:25:11.000,315,21081
2025-10-30 23:25:11.000,315,21081
2025-10-30 23:25:11.000,315,21081
2025-10-30 23:25:12.001,314,22082
2025-10-30 23:25:12.001,314,22081
2025-10-30 23:25:12.001,314,22081
2025-10-30 23:25:12.001,314,22080
2025-10-30 23:25:12.001,314,22080
2025-10-30 23:25:12.001,314,22079
2025-10-30 23:25:12.001,314,19102
2025-10-30 23:25:12.001,314,19102
2025-10-30 23:25:12.001,314,19101
2025-10-30 23:25:12.001,314,19101
2025-10-30 23:25:13.000,311,20100
2025-10-30 23:25:13.000,311,20100
2025-10-30 23:25:13.000,311,20100
2025-10-30 23:25:13.000,311,20100
2025-10-30 23:25:13.000,311,20099
2025-10-30 23:25:13.000,311,20098
2025-10-30 23:25:13.000,311,20098
2025-10-30 23:25:13.000,311,20098
2025-10-30 23:25:13.000,311,20097
2025-10-30 23:25:13.000,311,20097
2025-10-30 23:25:14.001,308,21097
2025-10-30 23:25:14.001,308,21097
2025-10-30 23:25:14.001,308,21096
2025-10-30 23:25:14.001,308,21096
2025-10-30 23:25:14.001,308,21096
2025-10-30 23:25:14.001,308,21095
2025-10-30 23:25:14.001,308,21094
2025-10-30 23:25:14.001,308,21094
2025-10-30 23:25:14.001,308,21093
2025-10-30 23:25:14.001,308,19078
2025-10-30 23:25:15.000,305,20076
2025-10-30 23:25:15.000,305,20076
2025-10-30 23:25:15.000,305,20076
2025-10-30 23:25:15.000,305,20075
2025-10-30 23:25:15.000,305,20074
2025-10-30 23:25:15.000,305,20074
2025-10-30 23:25:15.000,305,20074
2025-10-30 23:25:15.000,305,20074
2025-10-30 23:25:15.000,305,20073
2025-10-30 23:25:15.000,305,20073
2025-10-30 23:25:16.000,299,21072
2025-10-30 23:25:16.000,299,21072
2025-10-30 23:25:16.000,299,21072
2025-10-30 23:25:16.000,299,21072
2025-10-30 23:25:16.000,299,21071
2025-10-30 23:25:16.000,299,21071
2025-10-30 23:25:16.000,299,21071
2025-10-30 23:25:16.000,299,21071
2025-10-30 23:25:16.000,299,21070
2025-10-30 23:25:16.000,299,21070
2025-10-30 23:25:17.000,293,22069
2025-10-30 23:25:17.000,293,20978
2025-10-30 23:25:17.000,293,20978
2025-10-30 23:25:17.000,293,20978
2025-10-30 23:25:17.000,293,20976
2025-10-30 23:25:17.000,293,20975
2025-10-30 23:25:17.000,293,20974
2025-10-30 23:25:17.000,293,20974
2025-10-30 23:25:17.000,293,20973
2025-10-30 23:25:17.000,293,20972
2025-10-30 23:25:18.001,291,21973
2025-10-30 23:25:18.001,291,21973
2025-10-30 23:25:18.001,291,21973
2025-10-30 23:25:18.001,291,21973
2025-10-30 23:25:18.001,291,21972
2025-10-30 23:25:18.001,291,21972
2025-10-30 23:25:18.001,291,21972
2025-10-30 23:25:18.001,291,21971
2025-10-30 23:25:18.001,291,21971
2025-10-30 23:25:18.001,291,21971
2025-10-30 23:25:19.000,289,22969
2025-10-30 23:25:19.000,289,22969
2025-10-30 23:25:19.000,289,22968
2025-10-30 23:25:19.000,289,21890
2025-10-30 23:25:19.000,289,21890
2025-10-30 23:25:19.000,289,21890
2025-10-30 23:25:19.000,289,21889
2025-10-30 23:25:19.000,289,21888
2025-10-30 23:25:19.000,289,21888
2025-10-30 23:25:19.000,289,21888
2025-10-30 23:25:20.001,287,22889
2025-10-30 23:25:20.001,287,22889
2025-10-30 23:25:20.001,287,22888
2025-10-30 23:25:20.001,287,22888
2025-10-30 23:25:20.001,287,22887
2025-10-30 23:25:20.001,287,22887
2025-10-30 23:25:20.001,287,22887
2025-10-30 23:25:20.001,287,22887
2025-10-30 23:25:20.001,287,22886
2025-10-30 23:25:20.001,287,22886
2025-10-30 23:25:21.000,285,23884
2025-10-30 23:25:21.000,285,23884
2025-10-30 23:25:21.000,285,23883
2025-10-30 23:25:21.000,285,23882
2025-10-30 23:25:21.000,285,22966
2025-10-30 23:25:21.000,285,22965
2025-10-30 23:25:21.000,285,22965
2025-10-30 23:25:21.000,285,22965
2025-10-30 23:25:21.000,285,22965
2025-10-30 23:25:21.000,285,22964
2025-10-30 23:25:22.000,283,23964
2025-10-30 23:25:22.000,283,23964
2025-10-30 23:25:22.000,283,23963
2025-10-30 23:25:22.000,283,23963
2025-10-30 23:25:22.000,283,23963
2025-10-30 23:25:22.000,283,23963
2025-10-30 23:25:22.000,283,23963
2025-10-30 23:25:22.000,283,23962
2025-10-30 23:25:22.000,283,23961
2025-10-30 23:25:22.000,283,23961
2025-10-30 23:25:23.000,281,24960
2025-10-30 23:25:23.000,281,24958
2025-10-30 23:25:23.000,281,24958
2025-10-30 23:25:23.000,281,24957
2025-10-30 23:25:23.000,281,24956
2025-10-30 23:25:23.000,281,23980
2025-10-30 23:25:23.000,281,23980
2025-10-30 23:25:23.000,281,23979
2025-10-30 23:25:23.000,281,23979
2025-10-30 23:25:23.000,281,23979
2025-10-30 23:25:24.001,275,24980
2025-10-30 23:25:24.001,275,24979
2025-10-30 23:25:24.001,275,24978
2025-10-30 23:25:24.001,275,24978
2025-10-30 23:25:24.001,275,24977
2025-10-30 23:25:24.001,275,24976
2025-10-30 23:25:24.001,275,24976
2025-10-30 23:25:24.001,275,24976
2025-10-30 23:25:24.001,275,24976
2025-10-30 23:25:24.001,275,24976
2025-10-30 23:25:25.000,278,25975
2025-10-30 23:25:25.000,278,25974
2025-10-30 23:25:25.000,278,25974
2025-10-30 23:25:25.000,278,25973
2025-10-30 23:25:25.001,278,25973
2025-10-30 23:25:25.001,278,25973
2025-10-30 23:25:25.001,278,24998
2025-10-30 23:25:25.001,278,24998
2025-10-30 23:25:25.001,278,24997
2025-10-30 23:25:25.001,278,24997
2025-10-30 23:25:26.000,278,25995
2025-10-30 23:25:26.000,278,25995
2025-10-30 23:25:26.000,278,25995
2025-10-30 23:25:26.000,278,25995
2025-10-30 23:25:26.000,278,25995
2025-10-30 23:25:26.000,278,25995
2025-10-30 23:25:26.000,278,25994
2025-10-30 23:25:26.000,278,25994
2025-10-30 23:25:26.000,278,25994
2025-10-30 23:25:26.000,278,25993
2025-10-30 23:25:27.000,278,26993
2025-10-30 23:25:27.000,278,26992
2025-10-30 23:25:27.000,278,26991
2025-10-30 23:25:27.000,278,26991
2025-10-30 23:25:27.000,278,26990
2025-10-30 23:25:27.000,278,25985
2025-10-30 23:25:27.000,278,25985
2025-10-30 23:25:27.000,278,25985
2025-10-30 23:25:27.000,278,25985
2025-10-30 23:25:27.000,278,25984
2025-10-30 23:25:28.000,279,26984
2025-10-30 23:25:28.000,279,26984
2025-10-30 23:25:28.000,279,26984
2025-10-30 23:25:28.000,279,26983
2025-10-30 23:25:28.000,279,26983
2025-10-30 23:25:28.000,279,26982
2025-10-30 23:25:28.000,279,26982
2025-10-30 23:25:28.000,279,26982
2025-10-30 23:25:28.000,279,26981
2025-10-30 23:25:28.000,279,26981
2025-10-30 23:25:29.000,281,27980
2025-10-30 23:25:29.000,281,27980
2025-10-30 23:25:29.000,281,27979
2025-10-30 23:25:29.000,281,27979
2025-10-30 23:25:29.000,281,26988
2025-10-30 23:25:29.000,281,26987
2025-10-30 23:25:29.000,281,26987
2025-10-30 23:25:29.000,281,26987
2025-10-30 23:25:29.000,281,26987
2025-10-30 23:25:29.000,281,26986
2025-10-30 23:25:30.001,283,27987
2025-10-30 23:25:30.001,283,27987
2025-10-30 23:25:30.001,283,27987
2025-10-30 23:25:30.001,283,27987
2025-10-30 23:25:30.001,283,27986
2025-10-30 23:25:30.001,283,27986
2025-10-30 23:25:30.001,283,27986
2025-10-30 23:25:30.001,283,27986
2025-10-30 23:25:30.001,283,27985
2025-10-30 23:25:30.001,283,27985
2025-10-30 23:25:31.000,286,28984
2025-10-30 23:25:31.000,286,28983
2025-10-30 23:25:31.000,286,28983
2025-10-30 23:25:31.000,286,27986
2025-10-30 23:25:31.000,286,27986
2025-10-30 23:25:31.000,286,27985
2025-10-30 23:25:31.000,286,27985
2025-10-30 23:25:31.000,286,27985
2025-10-30 23:25:31.000,286,27985
2025-10-30 23:25:31.000,286,27985
2025-10-30 23:25:32.001,290,28986
2025-10-30 23:25:32.001,290,28985
2025-10-30 23:25:32.001,290,28985
2025-10-30 23:25:32.001,290,28985
2025-10-30 23:25:32.001,290,28984
2025-10-30 23:25:32.001,290,28984
2025-10-30 23:25:32.001,290,28983
2025-10-30 23:25:32.001,290,28983
2025-10-30 23:25:32.001,290,28983
2025-10-30 23:25:32.001,290,27977
2025-10-30 23:25:33.000,294,28975
2025-10-30 23:25:33.000,294,28975
2025-10-30 23:25:33.000,294,28974
2025-10-30 23:25:33.000,294,28974
2025-10-30 23:25:33.000,294,28974
2025-10-30 23:25:33.000,294,28974
2025-10-30 23:25:33.000,294,28974
2025-10-30 23:25:33.000,294,28973
2025-10-30 23:25:33.000,294,28973
2025-10-30 23:25:33.000,294,28972
2025-10-30 23:25:34.000,299,29972
2025-10-30 23:25:34.000,299,29971
2025-10-30 23:25:34.000,299,29971
2025-10-30 23:25:34.001,299,29971
2025-10-30 23:25:34.001,299,29970
2025-10-30 23:25:34.001,299,28981
2025-10-30 23:25:34.001,299,28982
2025-10-30 23:25:34.001,299,28981
2025-10-30 23:25:34.001,299,28981
2025-10-30 23:25:34.001,299,28981
2025-10-30 23:25:35.000,305,29980
2025-10-30 23:25:35.000,305,29980
2025-10-30 23:25:35.000,305,29980
2025-10-30 23:25:35.000,305,29979
2025-10-30 23:25:35.000,305,29979
2025-10-30 23:25:35.000,305,29979
2025-10-30 23:25:35.000,305,29978
2025-10-30 23:25:35.000,305,29978
2025-10-30 23:25:35.000,305,29978
2025-10-30 23:25:35.000,305,29977
2025-10-30 23:25:36.000,311,30976
2025-10-30 23:25:36.000,311,29995
2025-10-30 23:25:36.000,311,29994
2025-10-30 23:25:36.000,311,29994
2025-10-30 23:25:36.000,311,29993
2025-10-30 23:25:36.000,311,29992
2025-10-30 23:25:36.000,311,29992
2025-10-30 23:25:36.000,311,29992
2025-10-30 23:25:36.000,311,29992
2025-10-30 23:25:36.000,311,29991
2025-10-30 23:25:37.001,309,30992
2025-10-30 23:25:37.001,309,30992
2025-10-30 23:25:37.001,309,30992
2025-10-30 23:25:37.001,309,29993
2025-10-30 23:25:37.001,309,29993
2025-10-30 23:25:37.001,309,29992
2025-10-30 23:25:37.001,309,29992
2025-10-30 23:25:37.001,309,29991
2025-10-30 23:25:37.001,309,29991
2025-10-30 23:25:37.001,309,29991
2025-10-30 23:25:38.001,308,30991
2025-10-30 23:25:38.001,308,30990
2025-10-30 23:25:38.001,308,30990
2025-10-30 23:25:38.001,308,30990
2025-10-30 23:25:38.001,308,30990
2025-10-30 23:25:38.001,308,29989
2025-10-30 23:25:38.001,308,29989
2025-10-30 23:25:38.001,308,29988
2025-10-30 23:25:38.001,308,29987
2025-10-30 23:25:38.001,308,29987
2025-10-30 23:25:39.000,307,30986
2025-10-30 23:25:39.000,307,30986
2025-10-30 23:25:39.000,307,30985
2025-10-30 23:25:39.000,307,30985
2025-10-30 23:25:39.000,307,30985
2025-10-30 23:25:39.000,307,30985
2025-10-30 23:25:39.000,307,30985
2025-10-30 23:25:39.000,307,29966
2025-10-30 23:25:39.000,307,29965
2025-10-30 23:25:39.000,307,29965
2025-10-30 23:25:40.000,306,30964
2025-10-30 23:25:40.000,306,30963
2025-10-30 23:25:40.000,306,30963
2025-10-30 23:25:40.000,306,30963
2025-10-30 23:25:40.000,306,30962
2025-10-30 23:25:40.000,306,30962
2025-10-30 23:25:40.000,306,29993
2025-10-30 23:25:40.000,306,29992
2025-10-30 23:25:40.000,306,29981
2025-10-30 23:25:40.000,306,29980
2025-10-30 23:25:41.000,306,30980
2025-10-30 23:25:41.000,306,30980
2025-10-30 23:25:41.000,306,30980
2025-10-30 23:25:41.001,306,30980
2025-10-30 23:25:41.001,306,30981
2025-10-30 23:25:41.001,306,29991
2025-10-30 23:25:41.001,306,29991
2025-10-30 23:25:41.001,306,29991
2025-10-30 23:25:41.001,306,29990
2025-10-30 23:25:41.001,306,29990
2025-10-30 23:25:42.000,306,30989
2025-10-30 23:25:42.000,306,30989
2025-10-30 23:25:42.000,306,30989
2025-10-30 23:25:42.000,306,30988
2025-10-30 23:25:42.000,306,29990
2025-10-30 23:25:42.000,306,29990
2025-10-30 23:25:42.000,306,29989
2025-10-30 23:25:42.000,306,29989
2025-10-30 23:25:42.000,306,29989
2025-10-30 23:25:42.000,306,29989
2025-10-30 23:25:43.001,306,30990
2025-10-30 23:25:43.001,306,29998
2025-10-30 23:25:43.001,306,29998
2025-10-30 23:25:43.001,306,29997
2025-10-30 23:25:43.001,306,29997
2025-10-30 23:25:43.001,306,29997
2025-10-30 23:25:43.001,306,29996
2025-10-30 23:25:43.001,306,29996
2025-10-30 23:25:43.001,306,28980
2025-10-30 23:25:43.001,306,28979
2025-10-30 23:25:44.000,306,29978
2025-10-30 23:25:44.000,306,29977
2025-10-30 23:25:44.000,306,29977
2025-10-30 23:25:44.000,306,29976
2025-10-30 23:25:44.000,306,29976
2025-10-30 23:25:44.000,306,28980
2025-10-30 23:25:44.000,306,28980
2025-10-30 23:25:44.000,306,28975
2025-10-30 23:25:44.000,306,28975
2025-10-30 23:25:44.000,306,27900
2025-10-30 23:25:45.001,306,28901
2025-10-30 23:25:45.001,306,28901
2025-10-30 23:25:45.001,306,28900
2025-10-30 23:25:45.001,306,28817
2025-10-30 23:25:45.001,306,28817
2025-10-30 23:25:45.001,306,28817
2025-10-30 23:25:45.001,306,28816
2025-10-30 23:25:45.001,306,27899
2025-10-30 23:25:45.001,306,27897
2025-10-30 23:25:45.001,306,27896
2025-10-30 23:25:46.000,306,28894
2025-10-30 23:25:46.000,306,28798
2025-10-30 23:25:46.000,306,28798
2025-10-30 23:25:46.000,306,28798
2025-10-30 23:25:46.000,306,28797
2025-10-30 23:25:46.000,306,27873
2025-10-30 23:25:46.000,306,27873
2025-10-30 23:25:46.000,306,27872
2025-10-30 23:25:46.000,306,27872
2025-10-30 23:25:46.000,306,27773
2025-10-30 23:25:47.000,307,28773
2025-10-30 23:25:47.000,307,28773
2025-10-30 23:25:47.000,307,28772
2025-10-30 23:25:47.000,307,27866
2025-10-30 23:25:47.000,307,27866
2025-10-30 23:25:47.000,307,27866
2025-10-30 23:25:47.000,307,27865
2025-10-30 23:25:47.000,307,27773
2025-10-30 23:25:47.000,307,27772
2025-10-30 23:25:47.000,307,27772
2025-10-30 23:25:48.000,308,28772
2025-10-30 23:25:48.000,308,27872
2025-10-30 23:25:48.000,308,27871
2025-10-30 23:25:48.000,308,27870
2025-10-30 23:25:48.000,308,27869
2025-10-30 23:25:48.000,308,27775
2025-10-30 23:25:48.000,308,27775
2025-10-30 23:25:48.000,308,27774
2025-10-30 23:25:48.000,308,27774
2025-10-30 23:25:48.000,308,26871
2025-10-30 23:25:49.001,309,27872
2025-10-30 23:25:49.001,309,27872
2025-10-30 23:25:49.001,309,27871
2025-10-30 23:25:49.001,309,27788
2025-10-30 23:25:49.001,309,27788
2025-10-30 23:25:49.001,309,27788
2025-10-30 23:25:49.001,309,27788
2025-10-30 23:25:49.001,309,26899
2025-10-30 23:25:49.001,309,26899
2025-10-30 23:25:49.001,309,26899
2025-10-30 23:25:50.000,310,27897
2025-10-30 23:25:50.000,310,27815
2025-10-30 23:25:50.000,310,27815
2025-10-30 23:25:50.000,310,27815
2025-10-30 23:25:50.000,310,27815
2025-10-30 23:25:50.000,310,26839
2025-10-30 23:25:50.000,310,26838
2025-10-30 23:25:50.000,310,26838
2025-10-30 23:25:50.000,310,26838
2025-10-30 23:25:50.000,310,26739
2025-10-30 23:25:51.000,311,27739
2025-10-30 23:25:51.000,311,27738
2025-10-30 23:25:51.000,311,27738
2025-10-30 23:25:51.000,311,26895
2025-10-30 23:25:51.000,311,26895
2025-10-30 23:25:51.000,311,26895
2025-10-30 23:25:51.000,311,26894
2025-10-30 23:25:51.000,311,26894
2025-10-30 23:25:51.000,311,26803
2025-10-30 23:25:51.000,311,26803
2025-10-30 23:25:52.001,312,27803
2025-10-30 23:25:52.001,312,27803
2025-10-30 23:25:52.001,312,27803
2025-10-30 23:25:52.001,312,26890
2025-10-30 23:25:52.001,312,26890
2025-10-30 23:25:52.001,312,26890
2025-10-30 23:25:52.001,312,26889
2025-10-30 23:25:52.001,312,26889
2025-10-30 23:25:52.001,312,26801
2025-10-30 23:25:52.001,312,26800
2025-10-30 23:25:53.001,314,27800
2025-10-30 23:25:53.001,314,27800
2025-10-30 23:25:53.001,314,27800
2025-10-30 23:25:53.001,314,26892
2025-10-30 23:25:53.001,314,26892
2025-10-30 23:25:53.001,314,26891
2025-10-30 23:25:53.001,314,26891
2025-10-30 23:25:53.001,314,26891
2025-10-30 23:25:53.001,314,26804
2025-10-30 23:25:53.001,314,26804
2025-10-30 23:25:54.000,316,27802
2025-10-30 23:25:54.000,316,27802
2025-10-30 23:25:54.000,316,27801
2025-10-30 23:25:54.000,316,26869
2025-10-30 23:25:54.000,316,26869
2025-10-30 23:25:54.000,316,26869
2025-10-30 23:25:54.000,316,26869
2025-10-30 23:25:54.000,316,26869
2025-10-30 23:25:54.000,316,26868
2025-10-30 23:25:54.000,316,26774
2025-10-30 23:25:55.001,318,27775
2025-10-30 23:25:55.001,318,27774
2025-10-30 23:25:55.001,318,27774
2025-10-30 23:25:55.001,318,27773
2025-10-30 23:25:55.001,318,27773
2025-10-30 23:25:55.001,318,26880
2025-10-30 23:25:55.001,318,26880
2025-10-30 23:25:55.001,318,26879
2025-10-30 23:25:55.001,318,26878
2025-10-30 23:25:55.001,318,26877
2025-10-30 23:25:56.000,320,27876
2025-10-30 23:25:56.000,320,27785
2025-10-30 23:25:56.000,320,27785
2025-10-30 23:25:56.000,320,27785
2025-10-30 23:25:56.000,320,27785
2025-10-30 23:25:56.000,320,27784
2025-10-30 23:25:56.000,320,27784
2025-10-30 23:25:56.000,320,26884
2025-10-30 23:25:56.000,320,26883
2025-10-30 23:25:56.000,320,26883
2025-10-30 23:25:57.001,322,27884
2025-10-30 23:25:57.001,322,27883
2025-10-30 23:25:57.001,322,27883
2025-10-30 23:25:57.001,322,27788
2025-10-30 23:25:57.001,322,27787
2025-10-30 23:25:57.001,322,27787
2025-10-30 23:25:57.001,322,27787
2025-10-30 23:25:57.001,322,27786
2025-10-30 23:25:57.001,322,27786
2025-10-30 23:25:57.001,322,26896
2025-10-30 23:25:58.000,312,27895
2025-10-30 23:25:58.000,312,27894
2025-10-30 23:25:58.000,312,27893
2025-10-30 23:25:58.000,312,27893
2025-10-30 23:25:58.000,312,27892
2025-10-30 23:25:58.000,312,27891
2025-10-30 23:25:58.000,312,27806
2025-10-30 23:25:58.000,312,27806
2025-10-30 23:25:58.000,312,27806
2025-10-30 23:25:58.000,312,27806
2025-10-30 23:25:59.001,302,28806
2025-10-30 23:25:59.001,302,28805
2025-10-30 23:25:59.001,302,28805
2025-10-30 23:25:59.001,302,27894
2025-10-30 23:25:59.001,302,27894
2025-10-30 23:25:59.001,302,27893
2025-10-30 23:25:59.001,302,27893
2025-10-30 23:25:59.001,302,27893
2025-10-30 23:25:59.001,302,27893
2025-10-30 23:25:59.001,302,27892
2025-10-30 23:26:00.000,304,28810
2025-10-30 23:26:00.000,304,28810
2025-10-30 23:26:00.000,304,28809
2025-10-30 23:26:00.000,304,28809
2025-10-30 23:26:00.000,304,28809
2025-10-30 23:26:00.000,304,28809
2025-10-30 23:26:00.000,304,28808
2025-10-30 23:26:00.000,304,27893
2025-10-30 23:26:00.000,304,27892
2025-10-30 23:26:00.000,304,27891
2025-10-30 23:26:01.001,294,28892
2025-10-30 23:26:01.001,294,28892
2025-10-30 23:26:01.001,294,28892
2025-10-30 23:26:01.001,294,28892
2025-10-30 23:26:01.001,294,28812
2025-10-30 23:26:01.001,294,28811
2025-10-30 23:26:01.001,294,28811
2025-10-30 23:26:01.001,294,28810
2025-10-30 23:26:01.001,294,28810
2025-10-30 23:26:01.001,294,28809
2025-10-30 23:26:02.000,297,29808
2025-10-30 23:26:02.000,297,28884
2025-10-30 23:26:02.000,297,28884
2025-10-30 23:26:02.000,297,28883
2025-10-30 23:26:02.000,297,28883
2025-10-30 23:26:02.000,297,28883
2025-10-30 23:26:02.000,297,28883
2025-10-30 23:26:02.000,297,28882
2025-10-30 23:26:02.000,297,28882
2025-10-30 23:26:02.000,297,28800
2025-10-30 23:26:03.000,287,29799
2025-10-30 23:26:03.000,287,29799
2025-10-30 23:26:03.000,287,29799
2025-10-30 23:26:03.000,287,29799
2025-10-30 23:26:03.000,287,29798
2025-10-30 23:26:03.000,287,29798
2025-10-30 23:26:03.000,287,29798
2025-10-30 23:26:03.000,287,28865
2025-10-30 23:26:03.000,287,28864
2025-10-30 23:26:03.000,287,28864
2025-10-30 23:26:04.001,277,29864
2025-10-30 23:26:04.001,277,29864
2025-10-30 23:26:04.001,277,29864
2025-10-30 23:26:04.001,277,29864
2025-10-30 23:26:04.001,277,29863
2025-10-30 23:26:04.001,277,29776
2025-10-30 23:26:04.001,277,29776
2025-10-30 23:26:04.001,277,29775
2025-10-30 23:26:04.001,277,29775
2025-10-30 23:26:04.001,277,29774
2025-10-30 23:26:05.000,280,30773
2025-10-30 23:26:05.000,280,30773
2025-10-30 23:26:05.000,280,30773
2025-10-30 23:26:05.000,280,29888
2025-10-30 23:26:05.000,280,29888
2025-10-30 23:26:05.000,280,29888
2025-10-30 23:26:05.000,280,29887
2025-10-30 23:26:05.000,280,29887
2025-10-30 23:26:05.000,280,29887
2025-10-30 23:26:05.000,280,29887
2025-10-30 23:26:06.001,270,30888
2025-10-30 23:26:06.001,270,30802
2025-10-30 23:26:06.001,270,30802
2025-10-30 23:26:06.001,270,30802
2025-10-30 23:26:06.001,270,30801
2025-10-30 23:26:06.001,270,30801
2025-10-30 23:26:06.001,270,30801
2025-10-30 23:26:06.001,270,30801
2025-10-30 23:26:06.001,270,30801
2025-10-30 23:26:06.001,270,29721
2025-10-30 23:26:07.000,273,30719
2025-10-30 23:26:07.001,273,30719
2025-10-30 23:26:07.001,273,30719
2025-10-30 23:26:07.001,273,30720
2025-10-30 23:26:07.001,273,30720
2025-10-30 23:26:07.001,273,30719
2025-10-30 23:26:07.001,273,30719
2025-10-30 23:26:07.001,273,30719
2025-10-30 23:26:07.001,273,29696
2025-10-30 23:26:07.001,273,29695
2025-10-30 23:26:08.000,263,30694
2025-10-30 23:26:08.000,263,30694
2025-10-30 23:26:08.000,263,30693
2025-10-30 23:26:08.001,263,30693
2025-10-30 23:26:08.001,263,30694
2025-10-30 23:26:08.001,263,30693
2025-10-30 23:26:08.001,263,30693
2025-10-30 23:26:08.001,263,29708
2025-10-30 23:26:08.001,263,29707
2025-10-30 23:26:08.001,263,29707
2025-10-30 23:26:09.000,264,30706
2025-10-30 23:26:09.000,264,30706
2025-10-30 23:26:09.000,264,30706
2025-10-30 23:26:09.000,264,30705
2025-10-30 23:26:09.000,264,30705
2025-10-30 23:26:09.000,264,30705
2025-10-30 23:26:09.000,264,29713
2025-10-30 23:26:09.000,264,29712
2025-10-30 23:26:09.000,264,29712
2025-10-30 23:26:09.000,264,29712
2025-10-30 23:26:10.000,257,30712
2025-10-30 23:26:10.000,257,30712
2025-10-30 23:26:10.000,257,30711
2025-10-30 23:26:10.000,257,30711
2025-10-30 23:26:10.000,257,30711
2025-10-30 23:26:10.001,257,30711
2025-10-30 23:26:10.001,257,29707
2025-10-30 23:26:10.001,257,29708
2025-10-30 23:26:10.001,257,29708
2025-10-30 23:26:10.001,257,29708
2025-10-30 23:26:11.000,257,30707
2025-10-30 23:26:11.000,257,30706
2025-10-30 23:26:11.000,257,30706
2025-10-30 23:26:11.000,257,30706
2025-10-30 23:26:11.000,257,30706
2025-10-30 23:26:11.001,257,30706
2025-10-30 23:26:11.001,257,29684
2025-10-30 23:26:11.001,257,29685
2025-10-30 23:26:11.001,257,29685
2025-10-30 23:26:11.001,257,29684
2025-10-30 23:26:12.000,252,30683
2025-10-30 23:26:12.000,252,30683
2025-10-30 23:26:12.000,252,30683
2025-10-30 23:26:12.000,252,30682
2025-10-30 23:26:12.000,252,30682
2025-10-30 23:26:12.000,252,30682
2025-10-30 23:26:12.000,252,29717
2025-10-30 23:26:12.000,252,29716
2025-10-30 23:26:12.000,252,29716
2025-10-30 23:26:12.000,252,29716
2025-10-30 23:26:13.001,242,30717
2025-10-30 23:26:13.001,242,30717
2025-10-30 23:26:13.001,242,30716
2025-10-30 23:26:13.001,242,30716
2025-10-30 23:26:13.001,242,30715
2025-10-30 23:26:13.001,242,30715
2025-10-30 23:26:13.001,242,29720
2025-10-30 23:26:13.001,242,29719
2025-10-30 23:26:13.001,242,29719
2025-10-30 23:26:13.001,242,29719
2025-10-30 23:26:14.000,235,30718
2025-10-30 23:26:14.000,235,30717
2025-10-30 23:26:14.000,235,30717
2025-10-30 23:26:14.000,235,30717
2025-10-30 23:26:14.000,235,30717
2025-10-30 23:26:14.000,235,30716
2025-10-30 23:26:14.000,235,29712
2025-10-30 23:26:14.000,235,29711
2025-10-30 23:26:14.000,235,29710
2025-10-30 23:26:14.000,235,29710
2025-10-30 23:26:15.001,227,30711
2025-10-30 23:26:15.001,227,30711
2025-10-30 23:26:15.001,227,30711
2025-10-30 23:26:15.001,227,30710
2025-10-30 23:26:15.001,227,30710
2025-10-30 23:26:15.001,227,30710
2025-10-30 23:26:15.001,227,29711
2025-10-30 23:26:15.001,227,29711
2025-10-30 23:26:15.001,227,29710
2025-10-30 23:26:15.001,227,29710
2025-10-30 23:26:16.000,235,30708
2025-10-30 23:26:16.000,235,30708
2025-10-30 23:26:16.000,235,30708
2025-10-30 23:26:16.000,235,30708
2025-10-30 23:26:16.000,235,30708
2025-10-30 23:26:16.000,235,30708
2025-10-30 23:26:16.000,235,30707
2025-10-30 23:26:16.000,235,29685
2025-10-30 23:26:16.000,235,29684
2025-10-30 23:26:16.000,235,29684
2025-10-30 23:26:17.001,223,30684
2025-10-30 23:26:17.001,223,30684
2025-10-30 23:26:17.001,223,30683
2025-10-30 23:26:17.001,223,30683
2025-10-30 23:26:17.001,223,30683
2025-10-30 23:26:17.001,223,30683
2025-10-30 23:26:17.001,223,30683
2025-10-30 23:26:17.001,223,30683
2025-10-30 23:26:17.001,223,29720
2025-10-30 23:26:17.001,223,29720
2025-10-30 23:26:18.000,223,30718
2025-10-30 23:26:18.000,223,30718
2025-10-30 23:26:18.000,223,30717
2025-10-30 23:26:18.000,223,30717
2025-10-30 23:26:18.000,223,30717
2025-10-30 23:26:18.000,223,30717
2025-10-30 23:26:18.000,223,30717
2025-10-30 23:26:18.000,223,30716
2025-10-30 23:26:18.000,223,30716
2025-10-30 23:26:18.000,223,29711
2025-10-30 23:26:19.001,213,30711
2025-10-30 23:26:19.001,213,30711
2025-10-30 23:26:19.001,213,30710
2025-10-30 23:26:19.001,213,30710
2025-10-30 23:26:19.001,213,30710
2025-10-30 23:26:19.001,213,30710
2025-10-30 23:26:19.001,213,30709
2025-10-30 23:26:19.001,213,30709
2025-10-30 23:26:19.001,213,30708
2025-10-30 23:26:19.001,213,30708
2025-10-30 23:26:20.000,220,30700
2025-10-30 23:26:20.001,220,30699
2025-10-30 23:26:20.001,220,30699
2025-10-30 23:26:20.001,220,30700
2025-10-30 23:26:20.001,220,30699
2025-10-30 23:26:20.001,220,30699
2025-10-30 23:26:20.001,220,30699
2025-10-30 23:26:20.001,220,30699
2025-10-30 23:26:20.001,220,30698
2025-10-30 23:26:20.001,220,30698
2025-10-30 23:26:21.000,212,31697
2025-10-30 23:26:21.000,212,30720
2025-10-30 23:26:21.000,212,30719
2025-10-30 23:26:21.000,212,30719
2025-10-30 23:26:21.000,212,30719
2025-10-30 23:26:21.000,212,30719
2025-10-30 23:26:21.000,212,30719
2025-10-30 23:26:21.000,212,30718
2025-10-30 23:26:21.000,212,30718
2025-10-30 23:26:21.000,212,30718
2025-10-30 23:26:22.001,212,31719
2025-10-30 23:26:22.001,212,31719
2025-10-30 23:26:22.001,212,30723
2025-10-30 23:26:22.001,212,30723
2025-10-30 23:26:22.001,212,30723
2025-10-30 23:26:22.001,212,30723
2025-10-30 23:26:22.001,212,30722
2025-10-30 23:26:22.001,212,30722
2025-10-30 23:26:22.001,212,30722
2025-10-30 23:26:22.001,212,30721
2025-10-30 23:26:23.000,207,31720
2025-10-30 23:26:23.000,207,31720
2025-10-30 23:26:23.000,207,31720
2025-10-30 23:26:23.000,207,31720
2025-10-30 23:26:23.000,207,30721
2025-10-30 23:26:23.000,207,30721
2025-10-30 23:26:23.000,207,30720
2025-10-30 23:26:23.000,207,30719
2025-10-30 23:26:23.000,207,30719
2025-10-30 23:26:23.000,207,30719
2025-10-30 23:26:24.000,201,31718
2025-10-30 23:26:24.000,201,31717
2025-10-30 23:26:24.000,201,31717
2025-10-30 23:26:24.000,201,31717
2025-10-30 23:26:24.000,201,31716
2025-10-30 23:26:24.000,201,31716
2025-10-30 23:26:24.000,201,30716
2025-10-30 23:26:24.000,201,30715
2025-10-30 23:26:24.000,201,30715
2025-10-30 23:26:24.000,201,30715
2025-10-30 23:26:25.001,194,31716
2025-10-30 23:26:25.001,194,31715
2025-10-30 23:26:25.001,194,31715
2025-10-30 23:26:25.001,194,31714
2025-10-30 23:26:25.001,194,31714
2025-10-30 23:26:25.001,194,31714
2025-10-30 23:26:25.001,194,31714
2025-10-30 23:26:25.001,194,31714
2025-10-30 23:26:25.001,194,30704
2025-10-30 23:26:25.001,194,30703
2025-10-30 23:26:26.001,200,31703
2025-10-30 23:26:26.001,200,31703
2025-10-30 23:26:26.001,200,31703
2025-10-30 23:26:26.001,200,31702
2025-10-30 23:26:26.001,200,31702
2025-10-30 23:26:26.001,200,31702
2025-10-30 23:26:26.001,200,31701
2025-10-30 23:26:26.001,200,31701
2025-10-30 23:26:26.001,200,31701
2025-10-30 23:26:26.001,200,31701
2025-10-30 23:26:27.000,200,31703
2025-10-30 23:26:27.000,200,31702
2025-10-30 23:26:27.000,200,31702
2025-10-30 23:26:27.000,200,31702
2025-10-30 23:26:27.000,200,31701
2025-10-30 23:26:27.000,200,31701
2025-10-30 23:26:27.000,200,31701
2025-10-30 23:26:27.000,200,31701
2025-10-30 23:26:27.000,200,31700
2025-10-30 23:26:27.000,200,31700
2025-10-30 23:26:28.000,191,32700
2025-10-30 23:26:28.001,191,32700
2025-10-30 23:26:28.001,191,29686
2025-10-30 23:26:28.001,191,29686
2025-10-30 23:26:28.001,191,29686
2025-10-30 23:26:28.001,191,29686
2025-10-30 23:26:28.001,191,29685
2025-10-30 23:26:28.001,191,29685
2025-10-30 23:26:28.001,191,29685
2025-10-30 23:26:28.001,191,29685
2025-10-30 23:26:29.000,195,30683
2025-10-30 23:26:29.000,195,30683
2025-10-30 23:26:29.000,195,30683
2025-10-30 23:26:29.000,195,30683
2025-10-30 23:26:29.000,195,28665
2025-10-30 23:26:29.000,195,28665
2025-10-30 23:26:29.000,195,28665
2025-10-30 23:26:29.000,195,28665
2025-10-30 23:26:29.000,195,28664
2025-10-30 23:26:29.000,195,28664
2025-10-30 23:26:30.001,195,29665
2025-10-30 23:26:30.001,195,29665
2025-10-30 23:26:30.001,195,29665
2025-10-30 23:26:30.001,195,29664
2025-10-30 23:26:30.001,195,29664
2025-10-30 23:26:30.001,195,29664
2025-10-30 23:26:30.001,195,29664
2025-10-30 23:26:30.001,195,26677
2025-10-30 23:26:30.001,195,26677
2025-10-30 23:26:30.001,195,26676
2025-10-30 23:26:31.000,188,27675
2025-10-30 23:26:31.000,188,27675
2025-10-30 23:26:31.000,188,27674
2025-10-30 23:26:31.000,188,27674
2025-10-30 23:26:31.000,188,27674
2025-10-30 23:26:31.000,188,27674
2025-10-30 23:26:31.000,188,27674
2025-10-30 23:26:31.000,188,27673
2025-10-30 23:26:31.000,188,27673
2025-10-30 23:26:31.000,188,27672
2025-10-30 23:26:32.000,188,26659
2025-10-30 23:26:32.000,188,26659
2025-10-30 23:26:32.000,188,26658
2025-10-30 23:26:32.000,188,26658
2025-10-30 23:26:32.000,188,26658
2025-10-30 23:26:32.000,188,26658
2025-10-30 23:26:32.000,188,26657
2025-10-30 23:26:32.000,188,26657
2025-10-30 23:26:32.000,188,26657
2025-10-30 23:26:32.000,188,26657
2025-10-30 23:26:33.001,178,27658
2025-10-30 23:26:33.001,178,27657
2025-10-30 23:26:33.001,178,27657
2025-10-30 23:26:33.001,178,24685
2025-10-30 23:26:33.001,178,24685
2025-10-30 23:26:33.001,178,24685
2025-10-30 23:26:33.001,178,24684
2025-10-30 23:26:33.001,178,24684
2025-10-30 23:26:33.001,178,24684
2025-10-30 23:26:33.001,178,24684
2025-10-30 23:26:34.000,183,25683
2025-10-30 23:26:34.000,183,25683
2025-10-30 23:26:34.000,183,25683
2025-10-30 23:26:34.000,183,25682
2025-10-30 23:26:34.000,183,25682
2025-10-30 23:26:34.000,183,25679
2025-10-30 23:26:34.000,183,25678
2025-10-30 23:26:34.000,183,23668
2025-10-30 23:26:34.000,183,23668
2025-10-30 23:26:34.000,183,23667
2025-10-30 23:26:35.000,167,24667
2025-10-30 23:26:35.000,167,24667
2025-10-30 23:26:35.000,167,24666
2025-10-30 23:26:35.000,167,24666
2025-10-30 23:26:35.000,167,24666
2025-10-30 23:26:35.000,167,24666
2025-10-30 23:26:35.000,167,24666
2025-10-30 23:26:35.000,167,24665
2025-10-30 23:26:35.000,167,24665
2025-10-30 23:26:35.000,167,24665
2025-10-30 23:26:36.001,167,25666
2025-10-30 23:26:36.001,167,25665
2025-10-30 23:26:36.001,167,22683
2025-10-30 23:26:36.001,167,22683
2025-10-30 23:26:36.001,167,22682
2025-10-30 23:26:36.001,167,22682
2025-10-30 23:26:36.001,167,22681
2025-10-30 23:26:36.001,167,22681
2025-10-30 23:26:36.001,167,22681
2025-10-30 23:26:36.001,167,22681
2025-10-30 23:26:37.000,166,23680
2025-10-30 23:26:37.000,166,23679
2025-10-30 23:26:37.000,166,23679
2025-10-30 23:26:37.000,166,23678
2025-10-30 23:26:37.000,166,23678
2025-10-30 23:26:37.000,166,23677
2025-10-30 23:26:37.000,166,23676
2025-10-30 23:26:37.000,166,21665
2025-10-30 23:26:37.000,166,21665
2025-10-30 23:26:37.000,166,21665
2025-10-30 23:26:38.001,166,22666
2025-10-30 23:26:38.001,166,22666
2025-10-30 23:26:38.001,166,22665
2025-10-30 23:26:38.001,166,22665
2025-10-30 23:26:38.001,166,22665
2025-10-30 23:26:38.001,166,22665
2025-10-30 23:26:38.001,166,22665
2025-10-30 23:26:38.001,166,22664
2025-10-30 23:26:38.001,166,22664
2025-10-30 23:26:38.001,166,22663
2025-10-30 23:26:39.000,164,23662
2025-10-30 23:26:39.000,164,23659
2025-10-30 23:26:39.000,164,23658
2025-10-30 23:26:39.000,164,20640
2025-10-30 23:26:39.000,164,20640
2025-10-30 23:26:39.000,164,20639
2025-10-30 23:26:39.000,164,20639
2025-10-30 23:26:39.000,164,20639
2025-10-30 23:26:39.000,164,20639
2025-10-30 23:26:39.000,164,20638
2025-10-30 23:26:40.000,165,21638
2025-10-30 23:26:40.000,165,21638
2025-10-30 23:26:40.000,165,21637
2025-10-30 23:26:40.000,165,21637
2025-10-30 23:26:40.000,165,21637
2025-10-30 23:26:40.000,165,21636
2025-10-30 23:26:40.000,165,21635
2025-10-30 23:26:40.000,165,21635
2025-10-30 23:26:40.000,165,21634
2025-10-30 23:26:40.000,165,21634
2025-10-30 23:26:41.001,159,20622
2025-10-30 23:26:41.001,159,20621
2025-10-30 23:26:41.001,159,20620
2025-10-30 23:26:41.001,159,20620
2025-10-30 23:26:41.001,159,20620
2025-10-30 23:26:41.001,159,20620
2025-10-30 23:26:41.001,159,20620
2025-10-30 23:26:41.001,159,20620
2025-10-30 23:26:41.001,159,20619
2025-10-30 23:26:41.001,159,20619
2025-10-30 23:26:42.000,163,21618
2025-10-30 23:26:42.000,163,21617
2025-10-30 23:26:42.000,163,21617
2025-10-30 23:26:42.000,163,21616
2025-10-30 23:26:42.000,163,21616
2025-10-30 23:26:42.000,163,21616
2025-10-30 23:26:42.000,163,21615
2025-10-30 23:26:42.000,163,18643
2025-10-30 23:26:42.000,163,18643
2025-10-30 23:26:42.000,163,18642
2025-10-30 23:26:43.001,153,19643
2025-10-30 23:26:43.001,153,19638
2025-10-30 23:26:43.001,153,19638
2025-10-30 23:26:43.001,153,19638
2025-10-30 23:26:43.001,153,19638
2025-10-30 23:26:43.001,153,19638
2025-10-30 23:26:43.001,153,19637
2025-10-30 23:26:43.001,153,19637
2025-10-30 23:26:43.001,153,19636
2025-10-30 23:26:43.001,153,19636
2025-10-30 23:26:44.000,148,20633
2025-10-30 23:26:44.000,148,20633
2025-10-30 23:26:44.000,148,20633
2025-10-30 23:26:44.000,148,20632
2025-10-30 23:26:44.000,148,18620
2025-10-30 23:26:44.000,148,18619
2025-10-30 23:26:44.000,148,18619
2025-10-30 23:26:44.000,148,18619
2025-10-30 23:26:44.000,148,18618
2025-10-30 23:26:44.000,148,18617
2025-10-30 23:26:45.001,141,19618
2025-10-30 23:26:45.001,141,19607
2025-10-30 23:26:45.001,141,19607
2025-10-30 23:26:45.001,141,19607
2025-10-30 23:26:45.001,141,19607
2025-10-30 23:26:45.001,141,19607
2025-10-30 23:26:45.001,141,19606
2025-10-30 23:26:45.001,141,19605
2025-10-30 23:26:45.001,141,19605
2025-10-30 23:26:45.001,141,19605
2025-10-30 23:26:46.000,153,20603
2025-10-30 23:26:46.000,153,17643
2025-10-30 23:26:46.000,153,17641
2025-10-30 23:26:46.000,153,17641
2025-10-30 23:26:46.000,153,17640
2025-10-30 23:26:46.000,153,17640
2025-10-30 23:26:46.000,153,17640
2025-10-30 23:26:46.000,153,17639
2025-10-30 23:26:46.000,153,17639
2025-10-30 23:26:46.000,153,17639
2025-10-30 23:26:47.000,149,18638
2025-10-30 23:26:47.000,149,18638
2025-10-30 23:26:47.000,149,18638
2025-10-30 23:26:47.000,149,18638
2025-10-30 23:26:47.000,149,18637
2025-10-30 23:26:47.000,149,18637
2025-10-30 23:26:47.000,149,18636
2025-10-30 23:26:47.000,149,18636
2025-10-30 23:26:47.000,149,18635
2025-10-30 23:26:47.000,149,16625
2025-10-30 23:26:48.001,149,17625
2025-10-30 23:26:48.001,149,17625
2025-10-30 23:26:48.001,149,17625
2025-10-30 23:26:48.001,149,17625
2025-10-30 23:26:48.001,149,17624
2025-10-30 23:26:48.001,149,17624
2025-10-30 23:26:48.001,149,17624
2025-10-30 23:26:48.001,149,17623
2025-10-30 23:26:48.001,149,17623
2025-10-30 23:26:48.001,149,17623
2025-10-30 23:26:49.001,143,18623
2025-10-30 23:26:49.001,143,18623
2025-10-30 23:26:49.001,143,18622
2025-10-30 23:26:49.001,143,18622
2025-10-30 23:26:49.001,143,18622
2025-10-30 23:26:49.001,143,18621
2025-10-30 23:26:49.001,143,18621
2025-10-30 23:26:49.001,143,18621
2025-10-30 23:26:49.001,143,15646
2025-10-30 23:26:49.001,143,15646
2025-10-30 23:26:50.001,143,16646
2025-10-30 23:26:50.001,143,16646
2025-10-30 23:26:50.001,143,16644
2025-10-30 23:26:50.001,143,16643
2025-10-30 23:26:50.001,143,16642
2025-10-30 23:26:50.001,143,16642
2025-10-30 23:26:50.001,143,16642
2025-10-30 23:26:50.001,143,16642
2025-10-30 23:26:50.001,143,16642
2025-10-30 23:26:50.001,143,16641
2025-10-30 23:26:51.000,126,17639
2025-10-30 23:26:51.000,126,17639
2025-10-30 23:26:51.000,126,17639
2025-10-30 23:26:51.000,126,17639
2025-10-30 23:26:51.000,126,17636
2025-10-30 23:26:51.000,126,17636
2025-10-30 23:26:51.000,126,17635
2025-10-30 23:26:51.000,126,15619
2025-10-30 23:26:51.000,126,15619
2025-10-30 23:26:51.000,126,15618
2025-10-30 23:26:52.001,126,16619
2025-10-30 23:26:52.001,126,16618
2025-10-30 23:26:52.001,126,16618
2025-10-30 23:26:52.001,126,16618
2025-10-30 23:26:52.001,126,16617
2025-10-30 23:26:52.001,126,16617
2025-10-30 23:26:52.001,126,16617
2025-10-30 23:26:52.001,126,16617
2025-10-30 23:26:52.001,126,16617
2025-10-30 23:26:52.001,126,16616
2025-10-30 23:26:53.001,133,17616
2025-10-30 23:26:53.001,133,17616
2025-10-30 23:26:53.001,133,17615
2025-10-30 23:26:53.001,133,17615
2025-10-30 23:26:53.001,133,17614
2025-10-30 23:26:53.001,133,17614
2025-10-30 23:26:53.001,133,14601
2025-10-30 23:26:53.001,133,14601
2025-10-30 23:26:53.001,133,14601
2025-10-30 23:26:53.001,133,14601
2025-10-30 23:26:54.000,127,15600
2025-10-30 23:26:54.000,127,15600
2025-10-30 23:26:54.000,127,15599
2025-10-30 23:26:54.000,127,15599
2025-10-30 23:26:54.000,127,15598
2025-10-30 23:26:54.000,127,15598
2025-10-30 23:26:54.000,127,15598
2025-10-30 23:26:54.000,127,15597
2025-10-30 23:26:54.000,127,15597
2025-10-30 23:26:54.000,127,15597
2025-10-30 23:26:55.000,118,16596
2025-10-30 23:26:55.000,118,16595
2025-10-30 23:26:55.000,118,16594
2025-10-30 23:26:55.000,118,16594
2025-10-30 23:26:55.000,118,16593
2025-10-30 23:26:55.000,118,14588
2025-10-30 23:26:55.000,118,14586
2025-10-30 23:26:55.000,118,14586
2025-10-30 23:26:55.000,118,14586
2025-10-30 23:26:55.000,118,14585
2025-10-30 23:26:56.001,105,15586
2025-10-30 23:26:56.001,105,15586
2025-10-30 23:26:56.001,105,15586
2025-10-30 23:26:56.001,105,15586
2025-10-30 23:26:56.001,105,15586
2025-10-30 23:26:56.001,105,15585
2025-10-30 23:26:56.001,105,15585
2025-10-30 23:26:56.001,105,15585
2025-10-30 23:26:56.001,105,15584
2025-10-30 23:26:56.001,105,15584
2025-10-30 23:26:57.000,102,16582
2025-10-30 23:26:57.000,102,16582
2025-10-30 23:26:57.000,102,16582
2025-10-30 23:26:57.000,102,13600
2025-10-30 23:26:57.000,102,13599
2025-10-30 23:26:57.000,102,13599
2025-10-30 23:26:57.000,102,13599
2025-10-30 23:26:57.000,102,13599
2025-10-30 23:26:57.000,102,13598
2025-10-30 23:26:57.000,102,13598
2025-10-30 23:26:58.001,102,14599
2025-10-30 23:26:58.001,102,14598
2025-10-30 23:26:58.001,102,14598
2025-10-30 23:26:58.001,102,14598
2025-10-30 23:26:58.001,102,14597
2025-10-30 23:26:58.001,102,14597
2025-10-30 23:26:58.001,102,14597
2025-10-30 23:26:58.001,102,14596
2025-10-30 23:26:58.001,102,14595
2025-10-30 23:26:58.001,102,14595
2025-10-30 23:26:59.001,92,15594
2025-10-30 23:26:59.001,92,13587
2025-10-30 23:26:59.001,92,13587
2025-10-30 23:26:59.001,92,13587
2025-10-30 23:26:59.001,92,13586
2025-10-30 23:26:59.001,92,13586
2025-10-30 23:26:59.001,92,13586
2025-10-30 23:26:59.001,92,13585
2025-10-30 23:26:59.001,92,13585
2025-10-30 23:26:59.001,92,13585
2025-10-30 23:27:00.000,95,14584
2025-10-30 23:27:00.000,95,14584
2025-10-30 23:27:00.000,95,14583
2025-10-30 23:27:00.000,95,14583
2025-10-30 23:27:00.000,95,14583
2025-10-30 23:27:00.000,95,14582
2025-10-30 23:27:00.000,95,14582
2025-10-30 23:27:00.000,95,14582
2025-10-30 23:27:00.000,95,14581
2025-10-30 23:27:00.000,95,11599
2025-10-30 23:27:01.001,85,12600
2025-10-30 23:27:01.001,85,12600
2025-10-30 23:27:01.001,85,12599
2025-10-30 23:27:01.001,85,12599
2025-10-30 23:27:01.001,85,12598
2025-10-30 23:27:01.001,85,12598
2025-10-30 23:27:01.001,85,12597
2025-10-30 23:27:01.001,85,12597
2025-10-30 23:27:01.001,85,12597
2025-10-30 23:27:01.001,85,12597
2025-10-30 23:27:02.000,85,13596
2025-10-30 23:27:02.000,85,13596
2025-10-30 23:27:02.000,85,13594
2025-10-30 23:27:02.000,85,13594
2025-10-30 23:27:02.000,85,13593
2025-10-30 23:27:02.000,85,13593
2025-10-30 23:27:02.000,85,11569
2025-10-30 23:27:02.000,85,11569
2025-10-30 23:27:02.000,85,11568
2025-10-30 23:27:02.000,85,11568
2025-10-30 23:27:03.001,76,12569
2025-10-30 23:27:03.001,76,12569
2025-10-30 23:27:03.001,76,12569
2025-10-30 23:27:03.001,76,12568
2025-10-30 23:27:03.001,76,12568
2025-10-30 23:27:03.001,76,12568
2025-10-30 23:27:03.001,76,12567
2025-10-30 23:27:03.001,76,12567
2025-10-30 23:27:03.001,76,12567
2025-10-30 23:27:03.001,76,12567
2025-10-30 23:27:04.000,75,13565
2025-10-30 23:27:04.000,75,13565
2025-10-30 23:27:04.000,75,13564
2025-10-30 23:27:04.000,75,10599
2025-10-30 23:27:04.000,75,10599
2025-10-30 23:27:04.000,75,10598
2025-10-30 23:27:04.000,75,10598
2025-10-30 23:27:04.000,75,10598
2025-10-30 23:27:04.000,75,10597
2025-10-30 23:27:04.000,75,10597
2025-10-30 23:27:05.001,75,11598
2025-10-30 23:27:05.001,75,11598
2025-10-30 23:27:05.001,75,11597
2025-10-30 23:27:05.001,75,11597
2025-10-30 23:27:05.001,75,11597
2025-10-30 23:27:05.001,75,11597
2025-10-30 23:27:05.001,75,11596
2025-10-30 23:27:05.001,75,11596
2025-10-30 23:27:05.001,75,9584
2025-10-30 23:27:05.001,75,9583
2025-10-30 23:27:06.000,66,10582
2025-10-30 23:27:06.000,66,10582
2025-10-30 23:27:06.000,66,10582
2025-10-30 23:27:06.000,66,10581
2025-10-30 23:27:06.000,66,10580
2025-10-30 23:27:06.000,66,10580
2025-10-30 23:27:06.000,66,10580
2025-10-30 23:27:06.000,66,10580
2025-10-30 23:27:06.000,66,10580
2025-10-30 23:27:06.000,66,10579
2025-10-30 23:27:07.001,46,11580
2025-10-30 23:27:07.001,46,11580
2025-10-30 23:27:07.001,46,8555
2025-10-30 23:27:07.001,46,8554
2025-10-30 23:27:07.001,46,8553
2025-10-30 23:27:07.001,46,8553
2025-10-30 23:27:07.001,46,8552
2025-10-30 23:27:07.001,46,8552
2025-10-30 23:27:07.001,46,8552
2025-10-30 23:27:07.001,46,8552
2025-10-30 23:27:08.000,46,9550
2025-10-30 23:27:08.000,46,9549
2025-10-30 23:27:08.000,46,9549
2025-10-30 23:27:08.000,46,9549
2025-10-30 23:27:08.000,46,9549
2025-10-30 23:27:08.000,46,7532
2025-10-30 23:27:08.000,46,7531
2025-10-30 23:27:08.000,46,7531
2025-10-30 23:27:08.000,46,7530
2025-10-30 23:27:08.000,46,7530
2025-10-30 23:27:09.000,39,8530
2025-10-30 23:27:09.000,39,8529
2025-10-30 23:27:09.000,39,8529
2025-10-30 23:27:09.000,39,8529
2025-10-30 23:27:09.000,39,8529
2025-10-30 23:27:09.000,39,8528
2025-10-30 23:27:09.000,39,5558
2025-10-30 23:27:09.000,39,5557
2025-10-30 23:27:09.000,39,5556
2025-10-30 23:27:09.000,39,5554
2025-10-30 23:27:10.001,39,6554
2025-10-30 23:27:10.001,39,6553
2025-10-30 23:27:10.001,39,6553
2025-10-30 23:27:10.001,39,6552
2025-10-30 23:27:10.001,39,6549
2025-10-30 23:27:10.001,39,6540
2025-10-30 23:27:10.001,39,4540
2025-10-30 23:27:10.001,39,4539
2025-10-30 23:27:10.001,39,4539
2025-10-30 23:27:10.001,39,4538
2025-10-30 23:27:11.000,31,5537
2025-10-30 23:27:11.000,31,5537
2025-10-30 23:27:11.000,31,5536
2025-10-30 23:27:11.000,31,5536
2025-10-30 23:27:11.000,31,5536
2025-10-30 23:27:11.000,31,5536
2025-10-30 23:27:11.000,31,2563
2025-10-30 23:27:11.000,31,2562
2025-10-30 23:27:11.000,31,2562
2025-10-30 23:27:11.000,31,2561
2025-10-30 23:27:12.000,31,3559
2025-10-30 23:27:12.000,31,3559
2025-10-30 23:27:12.000,31,3558
2025-10-30 23:27:12.000,31,3558
2025-10-30 23:27:12.000,31,1547
2025-10-30 23:27:12.000,31,1547
2025-10-30 23:27:12.000,31,1546
2025-10-30 23:27:12.000,31,1546
2025-10-30 23:27:12.000,31,1546
2025-10-30 23:27:12.000,31,1545
2025-10-30 23:27:13.001,11,2546
2025-10-30 23:27:13.443,11,3
2025-10-30 23:27:13.443,11,3
2025-10-30 23:27:13.445,4,4
2025-10-30 23:27:13.445,4,3
2025-10-30 23:27:13.445,4,3
2025-10-30 23:27:13.445,4,2
2025-10-30 23:27:15.456,7,2
2025-10-30 23:27:15.460,3,5
2025-10-30 23:27:15.460,3,5
2025-10-30 23:27:15.460,3,4
2025-10-30 23:27:15.460,3,3
2025-10-30 23:27:15.460,3,3
2025-10-30 23:27:18.475,0,2
2025-10-30 23:27:18.478,3,5
2025-10-30 23:27:18.478,3,5
2025-10-30 23:27:18.478,3,4
2025-10-30 23:27:18.478,3,4
2025-10-30 23:27:18.478,3,4
2025-10-30 23:27:20.494,0,2
2025-10-30 23:27:20.496,6,3
2025-10-30 23:27:20.496,6,3
2025-10-30 23:27:20.496,6,3
2025-10-30 23:27:20.496,6,2
2025-10-30 23:27:20.496,6,2
2025-10-30 23:27:23.476,0,2
2025-10-30 23:27:23.480,0,5
2025-10-30 23:27:23.480,0,5
2025-10-30 23:27:23.480,0,5
2025-10-30 23:27:23.480,0,4
2025-10-30 23:27:23.480,0,4
2025-10-30 23:27:25.496,0,1
2025-10-30 23:27:25.498,2,2
2025-10-30 23:27:25.498,2,2
2025-10-30 23:27:25.498,2,2
2025-10-30 23:27:25.498,2,2
2025-10-30 23:27:25.498,2,1
2025-10-30 23:27:25.499,2,2
2025-10-30 23:27:28.482,0,2
2025-10-30 23:27:28.485,0,5
2025-10-30 23:27:28.485,0,3
2025-10-30 23:27:28.485,0,2
2025-10-30 23:27:28.485,0,2
2025-10-30 23:27:28.488,8,5
2025-10-30 23:27:28.488,8,4
2025-10-30 23:27:28.488,8,4
2025-10-30 23:27:30.495,7,0
2025-10-30 23:27:30.497,4,2
2025-10-30 23:27:30.498,4,2
2025-10-30 23:27:30.498,4,2
2025-10-30 23:27:30.498,4,2
2025-10-30 23:27:30.498,4,2
2025-10-30 23:27:30.498,4,2
2025-10-30 23:27:30.498,4,2
2025-10-30 23:27:33.476,0,2
2025-10-30 23:27:33.478,0,3
2025-10-30 23:27:33.478,0,1
2025-10-30 23:27:33.478,0,1
2025-10-30 23:27:33.478,0,1
2025-10-30 23:27:33.480,8,2
2025-10-30 23:27:33.480,8,2
2025-10-30 23:27:33.480,8,2
2025-10-30 23:27:33.480,8,2
2025-10-30 23:27:35.495,2,4
2025-10-30 23:27:35.495,2,4
2025-10-30 23:27:35.495,2,4
2025-10-30 23:27:35.495,2,3
2025-10-30 23:27:35.495,2,3
2025-10-30 23:27:35.495,2,2
2025-10-30 23:27:35.495,2,2
2025-10-30 23:27:35.495,2,2
2025-10-30 23:27:35.495,2,2
2025-10-30 23:27:38.508,0,1
2025-10-30 23:27:38.512,0,4
2025-10-30 23:27:38.512,0,4
2025-10-30 23:27:38.512,0,3
2025-10-30 23:27:38.512,0,3
2025-10-30 23:27:38.512,0,3
2025-10-30 23:27:38.512,0,2
2025-10-30 23:27:38.512,0,2
2025-10-30 23:27:38.512,0,2
2025-10-30 23:27:38.512,0,2
2025-10-30 23:27:40.529,9,2
2025-10-30 23:27:40.533,12,6
2025-10-30 23:27:40.533,12,6
2025-10-30 23:27:40.533,12,6
2025-10-30 23:27:40.533,12,5
2025-10-30 23:27:40.533,12,5
2025-10-30 23:27:40.533,12,5
2025-10-30 23:27:40.533,12,5
2025-10-30 23:27:40.533,12,5
2025-10-30 23:27:40.533,12,5
2025-10-30 23:27:42.001,12,1472
2025-10-30 23:27:42.001,12,1472
2025-10-30 23:27:43.511,2,3
2025-10-30 23:27:43.513,2,4
2025-10-30 23:27:43.513,2,4
2025-10-30 23:27:43.513,2,4
2025-10-30 23:27:43.513,2,4
2025-10-30 23:27:43.513,2,3
2025-10-30 23:27:43.514,2,4
2025-10-30 23:27:43.514,2,3
2025-10-30 23:27:43.514,2,3
2025-10-30 23:27:43.515,13,3
2025-10-30 23:27:45.000,12,1488
2025-10-30 23:27:45.000,12,1488
2025-10-30 23:27:45.000,12,1488
2025-10-30 23:27:45.530,3,2
2025-10-30 23:27:45.535,8,6
2025-10-30 23:27:45.535,8,6
2025-10-30 23:27:45.535,8,6
2025-10-30 23:27:45.535,8,6
2025-10-30 23:27:45.535,8,5
2025-10-30 23:27:45.535,8,5
2025-10-30 23:27:45.535,8,5
2025-10-30 23:27:45.535,8,4
2025-10-30 23:27:45.535,8,4
2025-10-30 23:27:47.001,8,1470
2025-10-30 23:27:47.001,8,1469
2025-10-30 23:27:47.001,8,1469
2025-10-30 23:27:48.516,0,2
2025-10-30 23:27:48.519,4,4
2025-10-30 23:27:48.519,4,4
2025-10-30 23:27:48.519,4,3
2025-10-30 23:27:48.519,4,3
2025-10-30 23:27:48.519,4,3
2025-10-30 23:27:48.519,4,2
2025-10-30 23:27:48.519,4,2
2025-10-30 23:27:48.519,4,2
2025-10-30 23:27:48.519,4,2
2025-10-30 23:27:50.000,4,1483
2025-10-30 23:27:50.000,4,1482
2025-10-30 23:27:50.000,4,1482
2025-10-30 23:27:50.000,4,1482
2025-10-30 23:27:50.528,4,1
2025-10-30 23:27:50.528,4,1
2025-10-30 23:27:50.533,4,6
2025-10-30 23:27:50.533,4,6
2025-10-30 23:27:50.533,4,6
2025-10-30 23:27:50.533,4,5
2025-10-30 23:27:50.533,4,5
2025-10-30 23:27:50.533,4,4
2025-10-30 23:27:50.533,4,4
2025-10-30 23:27:50.533,4,4
2025-10-30 23:27:52.001,9,1471
2025-10-30 23:27:52.001,9,1471
2025-10-30 23:27:52.001,9,1470
2025-10-30 23:27:52.001,9,1470
2025-10-30 23:27:53.513,4,2
2025-10-30 23:27:53.514,2,2
2025-10-30 23:27:53.514,2,2
2025-10-30 23:27:53.514,2,2
2025-10-30 23:27:53.514,2,2
2025-10-30 23:27:53.514,2,1
2025-10-30 23:27:53.515,2,1
2025-10-30 23:27:53.515,2,2
2025-10-30 23:27:53.516,2,3
2025-10-30 23:27:53.516,2,2
2025-10-30 23:27:55.001,14,1487
2025-10-30 23:27:55.001,14,1487
2025-10-30 23:27:55.001,14,1487
2025-10-30 23:27:55.001,14,1487
2025-10-30 23:27:55.525,4,1
2025-10-30 23:27:55.528,4,4
2025-10-30 23:27:55.528,4,3
2025-10-30 23:27:55.528,4,3
2025-10-30 23:27:55.528,4,2
2025-10-30 23:27:55.528,4,2
2025-10-30 23:27:55.528,4,2
2025-10-30 23:27:55.529,4,2
2025-10-30 23:27:55.529,4,2
2025-10-30 23:27:55.529,4,2
2025-10-30 23:27:57.000,4,1473
2025-10-30 23:27:57.000,4,1473
2025-10-30 23:27:57.000,4,1473
2025-10-30 23:27:57.000,4,1472
2025-10-30 23:27:58.547,4,1
2025-10-30 23:27:58.551,6,5
2025-10-30 23:27:58.551,6,4
2025-10-30 23:27:58.551,6,4
2025-10-30 23:27:58.551,6,4
2025-10-30 23:27:58.551,6,4
2025-10-30 23:27:58.551,6,3
2025-10-30 23:27:58.551,6,3
2025-10-30 23:27:58.551,6,3
2025-10-30 23:27:58.551,6,3
2025-10-30 23:28:00.000,14,1451
2025-10-30 23:28:00.000,14,1451
2025-10-30 23:28:00.000,14,1451
2025-10-30 23:28:00.000,14,1451
2025-10-30 23:28:00.563,4,1
2025-10-30 23:28:00.563,4,1
2025-10-30 23:28:00.566,7,4
2025-10-30 23:28:00.566,7,3
2025-10-30 23:28:00.566,7,3
2025-10-30 23:28:00.566,7,3
2025-10-30 23:28:00.566,7,3
2025-10-30 23:28:00.566,7,2
2025-10-30 23:28:00.566,7,2
2025-10-30 23:28:00.566,7,1
2025-10-30 23:28:02.000,3,1435
2025-10-30 23:28:02.000,3,1435
2025-10-30 23:28:02.000,3,1435
2025-10-30 23:28:03.547,0,2
2025-10-30 23:28:03.550,4,4
2025-10-30 23:28:03.550,4,4
2025-10-30 23:28:03.550,4,3
2025-10-30 23:28:03.550,4,3
2025-10-30 23:28:03.550,4,3
2025-10-30 23:28:03.550,4,3
2025-10-30 23:28:03.550,4,2
2025-10-30 23:28:03.550,4,2
2025-10-30 23:28:03.551,4,2
2025-10-30 23:28:05.001,4,1452
2025-10-30 23:28:05.001,4,1452
2025-10-30 23:28:05.558,4,2
2025-10-30 23:28:05.558,4,2
2025-10-30 23:28:05.558,4,2
2025-10-30 23:28:05.563,10,6
2025-10-30 23:28:05.563,10,6
2025-10-30 23:28:05.563,10,5
2025-10-30 23:28:05.563,10,5
2025-10-30 23:28:05.563,10,4
2025-10-30 23:28:05.563,10,4
2025-10-30 23:28:05.563,10,3
2025-10-30 23:28:07.000,9,1440
2025-10-30 23:28:07.000,9,1440
2025-10-30 23:28:08.544,2,1
2025-10-30 23:28:08.547,4,4
2025-10-30 23:28:08.547,4,4
2025-10-30 23:28:08.547,4,3
2025-10-30 23:28:08.547,4,3
2025-10-30 23:28:08.547,4,3
2025-10-30 23:28:08.547,4,3
2025-10-30 23:28:08.547,4,3
2025-10-30 23:28:08.547,4,1
2025-10-30 23:28:08.549,11,3
2025-10-30 23:28:10.000,11,1453
2025-10-30 23:28:10.555,11,2
2025-10-30 23:28:10.558,5,4
2025-10-30 23:28:10.558,5,4
2025-10-30 23:28:10.559,5,3
2025-10-30 23:28:10.559,5,4
2025-10-30 23:28:10.559,5,4
2025-10-30 23:28:10.559,5,4
2025-10-30 23:28:10.559,5,4
2025-10-30 23:28:10.559,5,4
2025-10-30 23:28:10.559,5,3
2025-10-30 23:28:13.545,0,2
2025-10-30 23:28:13.547,0,3
2025-10-30 23:28:13.547,0,3
2025-10-30 23:28:13.547,0,2
2025-10-30 23:28:13.547,0,2
2025-10-30 23:28:13.547,0,2
2025-10-30 23:28:13.547,0,2
2025-10-30 23:28:13.547,0,2
2025-10-30 23:28:13.549,9,4
2025-10-30 23:28:15.562,6,5
2025-10-30 23:28:15.562,6,4
2025-10-30 23:28:15.562,6,3
2025-10-30 23:28:15.562,6,3
2025-10-30 23:28:15.562,6,3
2025-10-30 23:28:15.562,6,3
2025-10-30 23:28:15.562,6,2
2025-10-30 23:28:18.578,0,2
2025-10-30 23:28:18.580,3,4
2025-10-30 23:28:18.580,3,3
2025-10-30 23:28:18.580,3,2
2025-10-30 23:28:18.580,3,1
2025-10-30 23:28:18.580,3,1
2025-10-30 23:28:20.596,0,1
2025-10-30 23:28:20.597,0,2
2025-10-30 23:28:20.597,0,1
2025-10-30 23:28:20.597,0,1
2025-10-30 23:28:20.598,0,2
2025-10-30 23:28:20.598,0,2
2025-10-30 23:28:23.581,6,1
2025-10-30 23:28:23.583,5,3
2025-10-30 23:28:23.583,5,3
2025-10-30 23:28:23.583,5,2
2025-10-30 23:28:23.583,5,2
2025-10-30 23:28:25.597,5,1
2025-10-30 23:28:25.601,3,4
2025-10-30 23:28:25.601,3,4
2025-10-30 23:28:25.601,3,4
2025-10-30 23:28:25.601,3,4
2025-10-30 23:28:28.580,4,1
2025-10-30 23:28:28.582,5,3
2025-10-30 23:28:28.582,5,2
2025-10-30 23:28:28.582,5,2
2025-10-30 23:28:28.582,5,2
2025-10-30 23:28:30.595,0,1
2025-10-30 23:28:30.598,6,3
2025-10-30 23:28:30.599,6,3
2025-10-30 23:28:30.599,6,3
2025-10-30 23:28:30.599,6,3
2025-10-30 23:28:30.599,6,3
2025-10-30 23:28:33.577,6,1
2025-10-30 23:28:33.579,6,3
2025-10-30 23:28:33.579,6,3
2025-10-30 23:28:33.580,6,3
2025-10-30 23:28:33.580,6,3
2025-10-30 23:28:33.580,6,3
2025-10-30 23:28:33.580,6,3
2025-10-30 23:28:35.600,0,1
2025-10-30 23:28:35.600,0,1
2025-10-30 23:28:35.603,7,4
2025-10-30 23:28:35.603,7,3
2025-10-30 23:28:35.603,7,3
2025-10-30 23:28:35.603,7,3
2025-10-30 23:28:35.603,7,3
2025-10-30 23:28:38.622,3,2
2025-10-30 23:28:38.622,3,2
2025-10-30 23:28:38.622,3,2
2025-10-30 23:28:38.622,3,2
2025-10-30 23:28:38.622,3,1
2025-10-30 23:28:38.622,3,1
2025-10-30 23:28:38.624,3,3
2025-10-30 23:28:38.624,3,2
2025-10-30 23:28:40.644,8,2
2025-10-30 23:28:40.647,6,4
2025-10-30 23:28:40.647,6,4
2025-10-30 23:28:40.647,6,3
2025-10-30 23:28:40.647,6,3
2025-10-30 23:28:40.647,6,2
2025-10-30 23:28:40.647,6,2
2025-10-30 23:28:40.647,6,2
2025-10-30 23:28:40.647,6,2
2025-10-30 23:28:43.622,0,1
2025-10-30 23:28:43.626,0,5
2025-10-30 23:28:43.626,0,5
2025-10-30 23:28:43.626,0,5
2025-10-30 23:28:43.626,0,5
2025-10-30 23:28:43.626,0,4
2025-10-30 23:28:43.626,0,4
2025-10-30 23:28:43.626,0,3
2025-10-30 23:28:43.626,0,3
2025-10-30 23:28:43.626,0,2
2025-10-30 23:28:45.000,10,1376
2025-10-30 23:28:45.634,10,2
2025-10-30 23:28:45.637,8,5
2025-10-30 23:28:45.637,8,4
2025-10-30 23:28:45.637,8,4
2025-10-30 23:28:45.637,8,3
2025-10-30 23:28:45.637,8,3
2025-10-30 23:28:45.637,8,3
2025-10-30 23:28:45.637,8,2
2025-10-30 23:28:45.637,8,2
2025-10-30 23:28:45.637,8,2
2025-10-30 23:28:47.001,11,1366
2025-10-30 23:28:47.001,11,1366
2025-10-30 23:28:48.618,2,2
2025-10-30 23:28:48.621,3,4
2025-10-30 23:28:48.621,3,4
2025-10-30 23:28:48.621,3,4
2025-10-30 23:28:48.621,3,4
2025-10-30 23:28:48.621,3,3
2025-10-30 23:28:48.621,3,2
2025-10-30 23:28:48.621,3,2
2025-10-30 23:28:48.622,3,2
2025-10-30 23:28:48.623,3,3
2025-10-30 23:28:50.000,3,1379
2025-10-30 23:28:50.000,3,1379
2025-10-30 23:28:50.000,3,1379
2025-10-30 23:28:50.000,3,1379
2025-10-30 23:28:50.633,3,1
2025-10-30 23:28:50.635,16,3
2025-10-30 23:28:50.635,16,2
2025-10-30 23:28:50.635,16,2
2025-10-30 23:28:50.635,16,2
2025-10-30 23:28:50.650,4,1
2025-10-30 23:28:50.651,4,2
2025-10-30 23:28:50.651,4,2
2025-10-30 23:28:50.651,4,2
2025-10-30 23:28:50.651,4,2
2025-10-30 23:28:52.000,4,1351
2025-10-30 23:28:52.000,4,1350
2025-10-30 23:28:52.000,4,1350
2025-10-30 23:28:52.000,4,1350
2025-10-30 23:28:53.619,13,1
2025-10-30 23:28:53.622,6,3
2025-10-30 23:28:53.623,6,2
2025-10-30 23:28:53.623,6,2
2025-10-30 23:28:53.623,6,3
2025-10-30 23:28:53.623,6,3
2025-10-30 23:28:53.623,6,2
2025-10-30 23:28:53.626,13,5
2025-10-30 23:28:53.626,13,5
2025-10-30 23:28:53.626,13,4
2025-10-30 23:28:55.001,13,1379
2025-10-30 23:28:55.001,13,1379
2025-10-30 23:28:55.001,13,1379
2025-10-30 23:28:55.001,13,1379
2025-10-30 23:28:55.634,13,1
2025-10-30 23:28:55.634,13,1
2025-10-30 23:28:55.639,13,5
2025-10-30 23:28:55.639,13,5
2025-10-30 23:28:55.639,13,5
2025-10-30 23:28:55.639,13,5
2025-10-30 23:28:55.639,13,4
2025-10-30 23:28:55.639,13,4
2025-10-30 23:28:55.639,13,4
2025-10-30 23:28:55.639,13,4
2025-10-30 23:28:57.000,13,1365
2025-10-30 23:28:57.000,13,1364
2025-10-30 23:28:57.000,13,1364
2025-10-30 23:28:57.000,13,1364
2025-10-30 23:28:57.000,13,1363
2025-10-30 23:28:58.660,13,6
2025-10-30 23:28:58.660,13,6
2025-10-30 23:28:58.660,13,5
2025-10-30 23:28:58.660,13,5
2025-10-30 23:28:58.660,13,5
2025-10-30 23:28:58.660,13,5
2025-10-30 23:28:58.660,13,4
2025-10-30 23:28:58.660,13,4
2025-10-30 23:28:58.660,13,4
2025-10-30 23:28:58.663,12,7
2025-10-30 23:29:00.000,15,1343
2025-10-30 23:29:00.000,15,1342
2025-10-30 23:29:00.000,15,1340
2025-10-30 23:29:00.000,15,1339
2025-10-30 23:29:00.000,15,1339
2025-10-30 23:29:00.669,15,1
2025-10-30 23:29:00.672,11,3
2025-10-30 23:29:00.672,11,3
2025-10-30 23:29:00.672,11,3
2025-10-30 23:29:00.672,11,3
2025-10-30 23:29:00.672,11,2
2025-10-30 23:29:00.672,11,2
2025-10-30 23:29:00.672,11,2
2025-10-30 23:29:00.672,11,1
2025-10-30 23:29:00.672,11,1
2025-10-30 23:29:02.001,11,1330
2025-10-30 23:29:02.001,11,1330
2025-10-30 23:29:02.001,11,1330
2025-10-30 23:29:02.001,11,1329
2025-10-30 23:29:02.001,11,1329
2025-10-30 23:29:03.657,0,2
2025-10-30 23:29:03.659,0,3
2025-10-30 23:29:03.659,0,3
2025-10-30 23:29:03.659,0,3
2025-10-30 23:29:03.660,0,3
2025-10-30 23:29:03.660,0,3
2025-10-30 23:29:03.660,0,3
2025-10-30 23:29:03.660,0,2
2025-10-30 23:29:03.660,0,2
2025-10-30 23:29:03.660,0,2
2025-10-30 23:29:05.000,0,1341
2025-10-30 23:29:05.000,0,1341
2025-10-30 23:29:05.000,0,1340
2025-10-30 23:29:05.000,0,1340
2025-10-30 23:29:05.000,0,1340
2025-10-30 23:29:05.673,15,1
2025-10-30 23:29:05.678,15,6
2025-10-30 23:29:05.678,15,5
2025-10-30 23:29:05.678,15,5
2025-10-30 23:29:05.678,15,5
2025-10-30 23:29:05.678,15,5
2025-10-30 23:29:05.678,15,4
2025-10-30 23:29:05.678,15,4
2025-10-30 23:29:05.678,15,4
2025-10-30 23:29:05.678,15,4
2025-10-30 23:29:07.000,15,1325
2025-10-30 23:29:07.000,15,1325
2025-10-30 23:29:07.000,15,1324
2025-10-30 23:29:07.000,15,1323
2025-10-30 23:29:07.000,15,1323
2025-10-30 23:29:08.655,5,0
2025-10-30 23:29:08.659,5,4
2025-10-30 23:29:08.659,5,3
2025-10-30 23:29:08.659,5,1
2025-10-30 23:29:08.659,5,1
2025-10-30 23:29:08.659,5,1
2025-10-30 23:29:08.661,9,3
2025-10-30 23:29:08.661,9,2
2025-10-30 23:29:08.661,9,2
2025-10-30 23:29:08.662,9,1
2025-10-30 23:29:10.000,9,1339
2025-10-30 23:29:10.000,9,1337
2025-10-30 23:29:10.000,9,1337
2025-10-30 23:29:10.674,12,3
2025-10-30 23:29:10.678,8,6
2025-10-30 23:29:10.678,8,6
2025-10-30 23:29:10.678,8,5
2025-10-30 23:29:10.678,8,5
2025-10-30 23:29:10.678,8,4
2025-10-30 23:29:10.678,8,4
2025-10-30 23:29:10.678,8,3
2025-10-30 23:29:10.678,8,3
2025-10-30 23:29:10.678,8,2
2025-10-30 23:29:12.001,8,1325
2025-10-30 23:29:13.654,10,2
2025-10-30 23:29:13.654,10,2
2025-10-30 23:29:13.658,10,6
2025-10-30 23:29:13.658,10,6
2025-10-30 23:29:13.658,10,5
2025-10-30 23:29:13.658,10,5
2025-10-30 23:29:13.659,10,6
2025-10-30 23:29:13.659,10,5
2025-10-30 23:29:13.659,10,5
2025-10-30 23:29:15.669,0,1
2025-10-30 23:29:15.669,0,1
2025-10-30 23:29:15.673,8,5
2025-10-30 23:29:15.673,8,5
2025-10-30 23:29:15.673,8,5
2025-10-30 23:29:15.673,8,4
2025-10-30 23:29:15.673,8,4
2025-10-30 23:29:15.673,8,4
2025-10-30 23:29:18.688,0,1
2025-10-30 23:29:18.689,0,1
2025-10-30 23:29:18.689,0,2
2025-10-30 23:29:18.691,0,3
2025-10-30 23:29:18.691,0,3
2025-10-30 23:29:18.691,0,3
2025-10-30 23:29:18.691,0,2
2025-10-30 23:29:20.703,7,1
2025-10-30 23:29:20.707,5,4
2025-10-30 23:29:20.707,5,4
2025-10-30 23:29:20.707,5,4
2025-10-30 23:29:20.707,5,3
2025-10-30 23:29:20.707,5,3
2025-10-30 23:29:20.707,5,3
2025-10-30 23:29:23.686,0,1
2025-10-30 23:29:23.687,0,1
2025-10-30 23:29:23.688,0,2
2025-10-30 23:29:23.688,0,1
2025-10-30 23:29:23.688,0,1
2025-10-30 23:29:23.688,0,1
2025-10-30 23:29:25.703,0,1
2025-10-30 23:29:25.704,0,1
2025-10-30 23:29:25.704,0,1
2025-10-30 23:29:25.705,0,2
2025-10-30 23:29:25.705,0,1
2025-10-30 23:29:28.690,5,2
2025-10-30 23:29:28.695,2,6
2025-10-30 23:29:28.695,2,6
2025-10-30 23:29:28.695,2,6
2025-10-30 23:29:28.695,2,6
2025-10-30 23:29:30.713,4,2
2025-10-30 23:29:30.715,5,3
2025-10-30 23:29:30.715,5,3
2025-10-30 23:29:30.715,5,3
2025-10-30 23:29:30.715,5,3
2025-10-30 23:29:33.689,0,1
2025-10-30 23:29:33.689,0,1
2025-10-30 23:29:33.690,0,2
2025-10-30 23:29:33.690,0,2
2025-10-30 23:29:33.690,0,1
2025-10-30 23:29:35.709,5,2
2025-10-30 23:29:35.709,5,2
2025-10-30 23:29:35.709,5,2
2025-10-30 23:29:35.712,5,4
2025-10-30 23:29:35.712,5,3
