timestamp,lag,wait_ms
2025-10-29 17:49:34.016,0,26
2025-10-29 17:49:34.016,0,25
2025-10-29 17:49:34.088,4,89
2025-10-29 17:49:34.089,4,82
2025-10-29 17:49:34.089,4,50
2025-10-29 17:49:34.947,4,2
2025-10-29 17:49:34.954,4,9
2025-10-29 17:49:34.958,6,6
2025-10-29 17:49:35.938,2,4
2025-10-29 17:49:35.942,2,7
2025-10-29 17:49:35.942,2,2
2025-10-29 17:49:35.958,2,3
2025-10-29 17:49:35.965,2,2
2025-10-29 17:49:36.955,2,3
2025-10-29 17:49:36.961,2,2
2025-10-29 17:49:36.965,7,2
2025-10-29 17:49:37.942,2,2
2025-10-29 17:49:37.944,2,1
2025-10-29 17:49:37.962,2,2
2025-10-29 17:49:37.965,2,2
2025-10-29 17:49:38.949,2,2
2025-10-29 17:49:38.956,2,4
2025-10-29 17:49:39.935,5,2
2025-10-29 17:49:39.945,5,1
2025-10-29 17:49:39.949,3,1
2025-10-29 17:49:39.954,3,3
2025-10-29 17:49:39.961,3,2
2025-10-29 17:49:39.963,3,2
2025-10-29 17:49:40.934,3,2
2025-10-29 17:49:40.945,3,3
2025-10-29 17:49:40.956,7,3
2025-10-29 17:49:40.959,7,2
2025-10-29 17:49:41.942,7,3
2025-10-29 17:49:41.946,7,5
2025-10-29 17:49:41.946,7,4
2025-10-29 17:49:41.958,6,2
2025-10-29 17:49:44.941,3,5
2025-10-29 17:49:44.946,2,7
2025-10-29 17:49:44.965,1,3
2025-10-29 17:49:44.966,1,2
2025-10-29 17:49:44.969,1,3
2025-10-29 17:49:45.940,4,3
2025-10-29 17:49:45.948,4,2
2025-10-29 17:49:45.959,4,2
2025-10-29 17:49:46.947,4,2
2025-10-29 17:49:47.933,4,2
2025-10-29 17:49:47.944,1,3
2025-10-29 17:49:47.963,1,2
2025-10-29 17:49:47.966,1,1
2025-10-29 17:49:48.941,1,2
2025-10-29 17:49:48.956,1,3
2025-10-29 17:49:49.943,5,2
2025-10-29 17:49:50.934,2,2
2025-10-29 17:49:50.940,2,7
2025-10-29 17:49:50.944,2,2
2025-10-29 17:49:50.966,2,2
2025-10-29 17:49:51.957,3,2
2025-10-29 17:49:51.959,3,3
2025-10-29 17:49:51.961,3,4
2025-10-29 17:49:52.942,2,5
2025-10-29 17:49:52.974,2,2
2025-10-29 17:49:52.977,2,2
2025-10-29 17:49:52.982,2,3
2025-10-29 17:49:54.019,2,3
2025-10-29 17:49:54.047,5,2
2025-10-29 17:49:54.061,5,3
2025-10-29 17:49:54.075,5,4
2025-10-29 17:49:54.076,5,2
2025-10-29 17:49:55.004,5,3
2025-10-29 17:49:55.009,5,3
2025-10-29 17:49:55.014,7,1
2025-10-29 17:49:55.018,7,2
2025-10-29 17:49:56.007,7,3
2025-10-29 17:49:56.015,7,2
2025-10-29 17:49:56.024,5,7
2025-10-29 17:49:56.055,5,3
2025-10-29 17:49:56.984,3,3
2025-10-29 17:49:57.007,3,2
2025-10-29 17:49:57.011,3,4
2025-10-29 17:49:57.011,3,2
2025-10-29 17:49:57.024,3,4
2025-10-29 17:49:57.030,3,3
2025-10-29 17:49:57.039,3,3
2025-10-29 17:49:57.986,3,3
2025-10-29 17:49:58.012,3,3
2025-10-29 17:49:58.017,8,3
2025-10-29 17:49:58.065,8,5
2025-10-29 17:49:58.071,8,3
2025-10-29 17:49:58.080,8,3
2025-10-29 17:49:58.093,8,3
2025-10-29 17:49:58.985,8,2
2025-10-29 17:49:58.995,8,2
2025-10-29 17:49:59.025,8,6
2025-10-29 17:49:59.084,8,3
2025-10-29 17:49:59.991,8,3
2025-10-29 17:49:59.998,8,2
2025-10-29 17:50:00.010,5,3
2025-10-29 17:50:00.011,5,1
2025-10-29 17:50:00.015,5,3
2025-10-29 17:50:00.024,5,3
2025-10-29 17:50:00.027,5,2
2025-10-29 17:50:00.029,5,2
2025-10-29 17:50:00.039,5,4
2025-10-29 17:50:00.042,5,4
2025-10-29 17:50:01.000,5,942
2025-10-29 17:50:01.000,5,927
2025-10-29 17:50:01.000,5,924
2025-10-29 17:50:01.000,5,4
2025-10-29 17:50:01.002,5,3
2025-10-29 17:50:01.019,14,2
2025-10-29 17:50:01.021,14,3
2025-10-29 17:50:01.032,14,1
2025-10-29 17:50:01.036,14,2
2025-10-29 17:50:01.987,14,2
2025-10-29 17:50:01.996,14,2
2025-10-29 17:50:01.998,11,1
2025-10-29 17:50:02.001,11,1
2025-10-29 17:50:02.007,11,2
2025-10-29 17:50:02.020,11,2
2025-10-29 17:50:02.026,11,2
2025-10-29 17:50:02.035,11,2
2025-10-29 17:50:02.040,11,1
2025-10-29 17:50:02.992,8,2
2025-10-29 17:50:02.998,8,1
2025-10-29 17:50:03.008,8,2
2025-10-29 17:50:03.011,8,3
2025-10-29 17:50:03.035,8,2
2025-10-29 17:50:03.037,8,2
2025-10-29 17:50:03.042,8,3
2025-10-29 17:50:03.046,8,3
2025-10-29 17:50:03.054,8,2
2025-10-29 17:50:03.992,9,2
2025-10-29 17:50:03.998,9,2
2025-10-29 17:50:04.031,9,2
2025-10-29 17:50:04.042,9,2
2025-10-29 17:50:04.051,9,2
2025-10-29 17:50:04.072,9,2
2025-10-29 17:50:04.989,9,3
2025-10-29 17:50:04.994,9,0
2025-10-29 17:50:05.014,7,1
2025-10-29 17:50:05.043,7,2
2025-10-29 17:50:05.045,7,2
2025-10-29 17:50:05.996,7,1
2025-10-29 17:50:06.001,7,2
2025-10-29 17:50:06.003,7,2
2025-10-29 17:50:06.008,7,2
2025-10-29 17:50:06.021,7,2
2025-10-29 17:50:06.025,7,1
2025-10-29 17:50:06.028,7,2
2025-10-29 17:50:06.030,7,1
2025-10-29 17:50:06.983,7,1
2025-10-29 17:50:07.005,7,1
2025-10-29 17:50:07.022,9,1
2025-10-29 17:50:07.030,9,1
2025-10-29 17:50:07.036,9,2
2025-10-29 17:50:07.045,9,1
2025-10-29 17:50:07.050,9,1
2025-10-29 17:50:07.059,9,2
2025-10-29 17:50:07.983,7,1
2025-10-29 17:50:08.005,7,2
2025-10-29 17:50:08.010,7,3
2025-10-29 17:50:08.019,7,2
2025-10-29 17:50:08.026,7,1
2025-10-29 17:50:08.033,7,2
2025-10-29 17:50:08.034,7,1
2025-10-29 17:50:08.043,7,2
2025-10-29 17:50:08.048,7,1
2025-10-29 17:50:08.051,7,1
2025-10-29 17:50:09.000,10,14
2025-10-29 17:50:09.000,10,11
2025-10-29 17:50:09.000,10,4
2025-10-29 17:50:09.001,10,1
2025-10-29 17:50:09.004,10,3
2025-10-29 17:50:09.021,10,2
2025-10-29 17:50:09.041,10,3
2025-10-29 17:50:09.053,10,2
2025-10-29 17:50:09.062,10,1
2025-10-29 17:50:09.996,10,1
2025-10-29 17:50:10.009,10,2
2025-10-29 17:50:10.011,11,0
2025-10-29 17:50:10.026,11,2
2025-10-29 17:50:10.029,11,1
2025-10-29 17:50:10.050,11,1
2025-10-29 17:50:10.985,5,2
2025-10-29 17:50:11.000,5,2
2025-10-29 17:50:11.014,5,2
2025-10-29 17:50:11.992,5,2
2025-10-29 17:50:11.996,5,6
2025-10-29 17:50:11.999,5,4
2025-10-29 17:50:12.008,5,4
2025-10-29 17:50:12.010,5,2
2025-10-29 17:50:12.016,5,2
2025-10-29 17:50:12.025,5,3
2025-10-29 17:50:12.029,5,2
2025-10-29 17:50:12.031,5,2
2025-10-29 17:50:12.039,5,4
2025-10-29 17:50:13.001,9,20
2025-10-29 17:50:13.001,9,2
2025-10-29 17:50:13.003,9,2
2025-10-29 17:50:13.011,9,2
2025-10-29 17:50:13.021,9,2
2025-10-29 17:50:13.029,9,1
2025-10-29 17:50:13.040,9,2
2025-10-29 17:50:13.042,9,2
2025-10-29 17:50:14.062,8,2
2025-10-29 17:50:14.073,8,3
2025-10-29 17:50:14.074,8,3
2025-10-29 17:50:14.090,8,2
2025-10-29 17:50:14.098,8,2
2025-10-29 17:50:14.100,8,1
2025-10-29 17:50:14.110,8,2
2025-10-29 17:50:14.113,8,2
2025-10-29 17:50:14.114,8,2
2025-10-29 17:50:14.124,8,2
2025-10-29 17:50:15.001,22,874
2025-10-29 17:50:15.001,22,872
2025-10-29 17:50:15.001,22,869
2025-10-29 17:50:15.001,22,859
2025-10-29 17:50:15.001,22,844
2025-10-29 17:50:15.001,22,840
2025-10-29 17:50:15.001,22,836
2025-10-29 17:50:15.001,22,834
2025-10-29 17:50:15.001,22,826
2025-10-29 17:50:15.001,22,821
2025-10-29 17:50:16.000,22,1816
2025-10-29 17:50:16.000,22,1807
2025-10-29 17:50:16.000,22,940
2025-10-29 17:50:16.000,22,938
2025-10-29 17:50:16.000,22,935
2025-10-29 17:50:16.000,22,930
2025-10-29 17:50:16.000,22,927
2025-10-29 17:50:16.000,22,923
2025-10-29 17:50:16.000,22,921
2025-10-29 17:50:16.000,22,920
2025-10-29 17:50:17.000,28,1913
2025-10-29 17:50:17.000,28,1909
2025-10-29 17:50:17.000,28,1906
2025-10-29 17:50:17.000,28,1900
2025-10-29 17:50:17.000,28,1899
2025-10-29 17:50:17.000,28,1890
2025-10-29 17:50:17.000,28,1887
2025-10-29 17:50:17.000,28,1874
2025-10-29 17:50:17.000,28,1868
2025-10-29 17:50:17.000,28,1862
2025-10-29 17:50:18.001,31,2859
2025-10-29 17:50:18.001,31,2857
2025-10-29 17:50:18.001,31,2851
2025-10-29 17:50:18.001,31,2836
2025-10-29 17:50:18.001,31,2825
2025-10-29 17:50:18.001,31,2815
2025-10-29 17:50:18.001,31,1947
2025-10-29 17:50:18.001,31,1925
2025-10-29 17:50:18.001,31,1909
2025-10-29 17:50:18.001,31,1899
2025-10-29 17:50:19.000,31,2856
2025-10-29 17:50:19.000,31,2853
2025-10-29 17:50:19.000,31,2851
2025-10-29 17:50:19.000,31,2836
2025-10-29 17:50:19.000,31,2809
2025-10-29 17:50:19.000,31,2796
2025-10-29 17:50:19.000,31,2785
2025-10-29 17:50:19.000,31,2780
2025-10-29 17:50:19.000,31,2777
2025-10-29 17:50:19.000,31,1949
2025-10-29 17:50:20.000,37,2940
2025-10-29 17:50:20.000,37,2938
2025-10-29 17:50:20.000,37,2932
2025-10-29 17:50:20.000,37,2925
2025-10-29 17:50:20.000,37,2904
2025-10-29 17:50:20.000,37,2895
2025-10-29 17:50:20.000,37,2881
2025-10-29 17:50:20.000,37,2879
2025-10-29 17:50:20.000,37,2876
2025-10-29 17:50:20.000,37,1954
2025-10-29 17:50:21.001,45,2951
2025-10-29 17:50:21.001,45,2937
2025-10-29 17:50:21.001,45,2925
2025-10-29 17:50:21.001,45,2921
2025-10-29 17:50:21.001,45,2911
2025-10-29 17:50:21.001,45,2902
2025-10-29 17:50:21.001,45,2901
2025-10-29 17:50:21.001,45,2884
2025-10-29 17:50:21.001,45,2864
2025-10-29 17:50:21.001,45,2855
2025-10-29 17:50:22.000,64,3852
2025-10-29 17:50:22.000,64,3840
2025-10-29 17:50:22.000,64,3835
2025-10-29 17:50:22.000,64,3827
2025-10-29 17:50:22.000,64,3810
2025-10-29 17:50:22.000,64,2939
2025-10-29 17:50:22.000,64,2930
2025-10-29 17:50:22.000,64,2925
2025-10-29 17:50:22.000,64,2914
2025-10-29 17:50:22.000,64,2894
2025-10-29 17:50:23.001,64,3891
2025-10-29 17:50:23.001,64,3887
2025-10-29 17:50:23.001,64,3881
2025-10-29 17:50:23.001,64,3877
2025-10-29 17:50:23.001,64,3876
2025-10-29 17:50:23.001,64,3854
2025-10-29 17:50:23.001,64,3849
2025-10-29 17:50:23.001,64,3842
2025-10-29 17:50:23.001,64,3835
2025-10-29 17:50:23.001,64,3826
2025-10-29 17:50:24.000,72,4819
2025-10-29 17:50:24.000,72,4810
2025-10-29 17:50:24.000,72,4808
2025-10-29 17:50:24.000,72,3953
2025-10-29 17:50:24.000,72,3950
2025-10-29 17:50:24.000,72,3934
2025-10-29 17:50:24.000,72,3924
2025-10-29 17:50:24.000,72,3920
2025-10-29 17:50:24.000,72,3915
2025-10-29 17:50:24.000,72,3910
2025-10-29 17:50:25.001,72,4888
2025-10-29 17:50:25.001,72,4882
2025-10-29 17:50:25.001,72,4873
2025-10-29 17:50:25.001,72,4860
2025-10-29 17:50:25.001,72,4854
2025-10-29 17:50:25.001,72,4850
2025-10-29 17:50:25.001,72,4840
2025-10-29 17:50:25.001,72,4827
2025-10-29 17:50:25.001,72,4819
2025-10-29 17:50:25.001,72,4817
2025-10-29 17:50:26.000,81,5815
2025-10-29 17:50:26.000,81,5812
2025-10-29 17:50:26.000,81,5809
2025-10-29 17:50:26.000,81,5806
2025-10-29 17:50:26.000,81,4948
2025-10-29 17:50:26.000,81,4934
2025-10-29 17:50:26.000,81,4933
2025-10-29 17:50:26.000,81,4928
2025-10-29 17:50:26.000,81,4920
2025-10-29 17:50:26.000,81,4912
2025-10-29 17:50:27.001,81,5907
2025-10-29 17:50:27.001,81,5903
2025-10-29 17:50:27.001,81,5887
2025-10-29 17:50:27.001,81,5882
2025-10-29 17:50:27.001,81,5871
2025-10-29 17:50:27.001,81,5867
2025-10-29 17:50:27.001,81,5857
2025-10-29 17:50:27.001,81,5845
2025-10-29 17:50:27.001,81,5829
2025-10-29 17:50:27.001,81,5823
2025-10-29 17:50:28.000,102,6821
2025-10-29 17:50:28.000,102,6817
2025-10-29 17:50:28.000,102,6811
2025-10-29 17:50:28.000,102,6804
2025-10-29 17:50:28.000,102,5939
2025-10-29 17:50:28.000,102,5936
2025-10-29 17:50:28.000,102,5930
2025-10-29 17:50:28.000,102,5928
2025-10-29 17:50:28.000,102,5916
2025-10-29 17:50:28.000,102,5912
2025-10-29 17:50:29.000,111,6906
2025-10-29 17:50:29.000,111,6884
2025-10-29 17:50:29.000,111,6883
2025-10-29 17:50:29.000,111,6870
2025-10-29 17:50:29.000,111,6864
2025-10-29 17:50:29.000,111,6835
2025-10-29 17:50:29.000,111,6819
2025-10-29 17:50:29.000,111,6807
2025-10-29 17:50:29.000,111,6796
2025-10-29 17:50:29.000,111,6795
2025-10-29 17:50:30.000,111,7791
2025-10-29 17:50:30.000,111,7785
2025-10-29 17:50:30.000,111,7784
2025-10-29 17:50:30.000,111,7769
2025-10-29 17:50:30.000,111,6945
2025-10-29 17:50:30.000,111,6914
2025-10-29 17:50:30.000,111,6857
2025-10-29 17:50:30.000,111,6856
2025-10-29 17:50:30.000,111,6836
2025-10-29 17:50:30.000,111,6834
2025-10-29 17:50:31.001,123,7827
2025-10-29 17:50:31.001,123,7824
2025-10-29 17:50:31.001,123,6948
2025-10-29 17:50:31.001,123,6921
2025-10-29 17:50:31.001,123,6920
2025-10-29 17:50:31.001,123,6902
2025-10-29 17:50:31.001,123,6891
2025-10-29 17:50:31.001,123,6886
2025-10-29 17:50:31.001,123,6883
2025-10-29 17:50:31.001,123,6876
2025-10-29 17:50:32.000,123,7846
2025-10-29 17:50:32.000,123,7841
2025-10-29 17:50:32.000,123,7817
2025-10-29 17:50:32.000,123,7811
2025-10-29 17:50:32.000,123,7791
2025-10-29 17:50:32.000,123,7788
2025-10-29 17:50:32.000,123,6952
2025-10-29 17:50:32.000,123,6943
2025-10-29 17:50:32.000,123,6933
2025-10-29 17:50:32.000,123,6932
2025-10-29 17:50:33.001,127,7928
2025-10-29 17:50:33.001,127,7906
2025-10-29 17:50:33.001,127,7901
2025-10-29 17:50:33.001,127,7894
2025-10-29 17:50:33.001,127,7890
2025-10-29 17:50:33.001,127,7869
2025-10-29 17:50:33.001,127,7862
2025-10-29 17:50:33.001,127,7861
2025-10-29 17:50:33.001,127,7851
2025-10-29 17:50:33.001,127,7846
2025-10-29 17:50:34.000,133,8844
2025-10-29 17:50:34.000,133,7939
2025-10-29 17:50:34.000,133,7927
2025-10-29 17:50:34.000,133,7921
2025-10-29 17:50:34.000,133,7920
2025-10-29 17:50:34.000,133,7919
2025-10-29 17:50:34.000,133,7918
2025-10-29 17:50:34.000,133,7909
2025-10-29 17:50:34.000,133,7905
2025-10-29 17:50:34.000,133,7892
2025-10-29 17:50:35.000,152,8882
2025-10-29 17:50:35.000,152,8880
2025-10-29 17:50:35.000,152,8876
2025-10-29 17:50:35.000,152,8853
2025-10-29 17:50:35.000,152,8834
2025-10-29 17:50:35.000,152,8824
2025-10-29 17:50:35.000,152,8818
2025-10-29 17:50:35.000,152,8813
2025-10-29 17:50:35.000,152,8788
2025-10-29 17:50:35.000,152,8784
2025-10-29 17:50:36.001,168,8943
2025-10-29 17:50:36.001,168,8937
2025-10-29 17:50:36.001,168,8923
2025-10-29 17:50:36.001,168,8920
2025-10-29 17:50:36.001,168,8910
2025-10-29 17:50:36.001,168,8907
2025-10-29 17:50:36.001,168,8894
2025-10-29 17:50:36.001,168,8885
2025-10-29 17:50:36.001,168,8871
2025-10-29 17:50:36.001,168,8863
2025-10-29 17:50:37.000,193,9855
2025-10-29 17:50:37.000,193,9854
2025-10-29 17:50:37.000,193,9839
2025-10-29 17:50:37.000,193,9838
2025-10-29 17:50:37.000,193,9834
2025-10-29 17:50:37.000,193,9813
2025-10-29 17:50:37.000,193,9809
2025-10-29 17:50:37.000,193,9801
2025-10-29 17:50:37.000,193,9791
2025-10-29 17:50:37.000,193,9790
2025-10-29 17:50:38.001,212,10781
2025-10-29 17:50:38.001,212,10766
2025-10-29 17:50:38.001,212,9935
2025-10-29 17:50:38.001,212,9929
2025-10-29 17:50:38.001,212,9928
2025-10-29 17:50:38.001,212,9922
2025-10-29 17:50:38.001,212,9921
2025-10-29 17:50:38.001,212,9907
2025-10-29 17:50:38.001,212,9906
2025-10-29 17:50:38.001,212,9896
2025-10-29 17:50:39.000,240,10892
2025-10-29 17:50:39.000,240,10878
2025-10-29 17:50:39.000,240,10853
2025-10-29 17:50:39.000,240,10850
2025-10-29 17:50:39.000,240,10844
2025-10-29 17:50:39.000,240,10841
2025-10-29 17:50:39.000,240,10840
2025-10-29 17:50:39.000,240,10837
2025-10-29 17:50:39.000,240,10829
2025-10-29 17:50:39.000,240,10810
2025-10-29 17:50:40.000,248,11809
2025-10-29 17:50:40.000,248,10940
2025-10-29 17:50:40.000,248,10928
2025-10-29 17:50:40.000,248,10908
2025-10-29 17:50:40.000,248,10907
2025-10-29 17:50:40.000,248,10906
2025-10-29 17:50:40.000,248,10898
2025-10-29 17:50:40.000,248,10896
2025-10-29 17:50:40.000,248,10884
2025-10-29 17:50:40.000,248,10882
2025-10-29 17:50:41.001,284,11879
2025-10-29 17:50:41.001,284,11861
2025-10-29 17:50:41.001,284,11851
2025-10-29 17:50:41.001,284,11847
2025-10-29 17:50:41.001,284,11838
2025-10-29 17:50:41.001,284,11829
2025-10-29 17:50:41.001,284,10951
2025-10-29 17:50:41.001,284,10944
2025-10-29 17:50:41.001,284,10943
2025-10-29 17:50:41.001,284,10920
2025-10-29 17:50:42.000,300,11909
2025-10-29 17:50:42.000,300,11901
2025-10-29 17:50:42.000,300,11856
2025-10-29 17:50:42.000,300,11852
2025-10-29 17:50:42.000,300,11848
2025-10-29 17:50:42.000,300,11845
2025-10-29 17:50:42.000,300,11840
2025-10-29 17:50:42.000,300,11839
2025-10-29 17:50:42.000,300,11829
2025-10-29 17:50:42.000,300,11828
2025-10-29 17:50:43.000,321,12826
2025-10-29 17:50:43.000,321,12812
2025-10-29 17:50:43.000,321,12808
2025-10-29 17:50:43.000,321,11949
2025-10-29 17:50:43.000,321,11943
2025-10-29 17:50:43.000,321,11912
2025-10-29 17:50:43.000,321,11894
2025-10-29 17:50:43.000,321,11878
2025-10-29 17:50:43.000,321,11871
2025-10-29 17:50:43.000,321,11862
2025-10-29 17:50:44.001,342,12856
2025-10-29 17:50:44.001,342,12838
2025-10-29 17:50:44.001,342,12837
2025-10-29 17:50:44.001,342,12834
2025-10-29 17:50:44.001,342,12806
2025-10-29 17:50:44.001,342,11949
2025-10-29 17:50:44.001,342,11929
2025-10-29 17:50:44.001,342,11914
2025-10-29 17:50:44.001,342,11912
2025-10-29 17:50:44.001,342,11903
2025-10-29 17:50:45.000,358,12899
2025-10-29 17:50:45.000,358,12895
2025-10-29 17:50:45.000,358,12886
2025-10-29 17:50:45.000,358,12882
2025-10-29 17:50:45.000,358,12880
2025-10-29 17:50:45.000,358,12876
2025-10-29 17:50:45.000,358,12868
2025-10-29 17:50:45.000,358,12845
2025-10-29 17:50:45.000,358,12844
2025-10-29 17:50:45.000,358,12832
2025-10-29 17:50:46.001,377,13820
2025-10-29 17:50:46.001,377,12941
2025-10-29 17:50:46.001,377,12939
2025-10-29 17:50:46.001,377,12928
2025-10-29 17:50:46.001,377,12924
2025-10-29 17:50:46.001,377,12913
2025-10-29 17:50:46.001,377,12905
2025-10-29 17:50:46.001,377,12895
2025-10-29 17:50:46.001,377,12893
2025-10-29 17:50:46.001,377,12888
2025-10-29 17:50:47.000,391,13861
2025-10-29 17:50:47.000,391,13859
2025-10-29 17:50:47.000,391,13857
2025-10-29 17:50:47.000,391,13856
2025-10-29 17:50:47.000,391,13852
2025-10-29 17:50:47.000,391,13847
2025-10-29 17:50:47.000,391,13841
2025-10-29 17:50:47.000,391,13838
2025-10-29 17:50:47.000,391,13836
2025-10-29 17:50:47.000,391,13833
2025-10-29 17:50:48.001,406,14832
2025-10-29 17:50:48.001,406,14826
2025-10-29 17:50:48.001,406,14820
2025-10-29 17:50:48.001,406,13809
2025-10-29 17:50:48.001,406,13801
2025-10-29 17:50:48.001,406,13787
2025-10-29 17:50:48.001,406,13777
2025-10-29 17:50:48.001,406,13747
2025-10-29 17:50:48.001,406,13738
2025-10-29 17:50:48.001,406,13737
2025-10-29 17:50:49.000,426,14736
2025-10-29 17:50:49.000,426,14722
2025-10-29 17:50:49.000,426,14716
2025-10-29 17:50:49.000,426,14714
2025-10-29 17:50:49.000,426,14705
2025-10-29 17:50:49.000,426,14702
2025-10-29 17:50:49.000,426,14691
2025-10-29 17:50:49.000,426,14689
2025-10-29 17:50:49.000,426,14678
2025-10-29 17:50:49.000,426,14655
2025-10-29 17:50:50.000,451,15628
2025-10-29 17:50:50.000,451,15626
2025-10-29 17:50:50.000,451,15618
2025-10-29 17:50:50.000,451,15590
2025-10-29 17:50:50.000,451,15583
2025-10-29 17:50:50.000,451,15578
2025-10-29 17:50:50.000,451,15549
2025-10-29 17:50:50.000,451,15544
2025-10-29 17:50:50.000,451,14806
2025-10-29 17:50:50.000,451,14781
2025-10-29 17:50:51.000,458,15780
2025-10-29 17:50:51.000,458,15771
2025-10-29 17:50:51.000,458,15768
2025-10-29 17:50:51.000,458,15760
2025-10-29 17:50:51.000,458,15748
2025-10-29 17:50:51.000,458,15725
2025-10-29 17:50:51.000,458,15720
2025-10-29 17:50:51.000,458,15719
2025-10-29 17:50:51.000,458,15693
2025-10-29 17:50:51.000,458,15687
2025-10-29 17:50:52.001,478,16684
2025-10-29 17:50:52.001,478,16679
2025-10-29 17:50:52.001,478,16667
2025-10-29 17:50:52.001,478,16666
2025-10-29 17:50:52.001,478,16664
2025-10-29 17:50:52.001,478,16651
2025-10-29 17:50:52.001,478,16650
2025-10-29 17:50:52.001,478,16649
2025-10-29 17:50:52.001,478,16648
2025-10-29 17:50:52.001,478,16623
2025-10-29 17:50:53.000,502,17619
2025-10-29 17:50:53.000,502,17617
2025-10-29 17:50:53.000,502,17616
2025-10-29 17:50:53.000,502,17610
2025-10-29 17:50:53.000,502,17604
2025-10-29 17:50:53.000,502,17600
2025-10-29 17:50:53.000,502,17599
2025-10-29 17:50:53.000,502,17576
2025-10-29 17:50:53.000,502,16810
2025-10-29 17:50:53.000,502,16802
2025-10-29 17:50:54.001,525,17800
2025-10-29 17:50:54.001,525,17791
2025-10-29 17:50:54.001,525,17790
2025-10-29 17:50:54.001,525,17789
2025-10-29 17:50:54.001,525,17788
2025-10-29 17:50:54.001,525,17784
2025-10-29 17:50:54.001,525,17782
2025-10-29 17:50:54.001,525,17774
2025-10-29 17:50:54.001,525,17769
2025-10-29 17:50:54.001,525,17757
2025-10-29 17:50:55.000,531,18748
2025-10-29 17:50:55.000,531,18722
2025-10-29 17:50:55.000,531,18720
2025-10-29 17:50:55.000,531,18707
2025-10-29 17:50:55.000,531,18688
2025-10-29 17:50:55.000,531,18684
2025-10-29 17:50:55.000,531,18678
2025-10-29 17:50:55.000,531,18676
2025-10-29 17:50:55.000,531,18674
2025-10-29 17:50:55.000,531,18666
2025-10-29 17:50:56.000,544,19660
2025-10-29 17:50:56.000,544,19656
2025-10-29 17:50:56.000,544,19655
2025-10-29 17:50:56.000,544,19652
2025-10-29 17:50:56.000,544,19644
2025-10-29 17:50:56.000,544,19643
2025-10-29 17:50:56.000,544,19594
2025-10-29 17:50:56.000,544,19592
2025-10-29 17:50:56.000,544,19583
2025-10-29 17:50:56.000,544,19562
2025-10-29 17:50:57.000,564,20557
2025-10-29 17:50:57.000,564,20553
2025-10-29 17:50:57.000,564,20552
2025-10-29 17:50:57.000,564,19811
2025-10-29 17:50:57.000,564,19803
2025-10-29 17:50:57.000,564,19800
2025-10-29 17:50:57.000,564,19800
2025-10-29 17:50:57.000,564,19796
2025-10-29 17:50:57.000,564,19774
2025-10-29 17:50:57.000,564,19771
2025-10-29 17:50:58.001,582,20770
2025-10-29 17:50:58.001,582,20765
2025-10-29 17:50:58.001,582,20755
2025-10-29 17:50:58.001,582,20743
2025-10-29 17:50:58.001,582,20726
2025-10-29 17:50:58.001,582,20696
2025-10-29 17:50:58.001,582,20688
2025-10-29 17:50:58.001,582,20672
2025-10-29 17:50:58.001,582,20669
2025-10-29 17:50:58.001,582,20666
2025-10-29 17:50:59.001,606,21665
2025-10-29 17:50:59.001,606,21662
2025-10-29 17:50:59.001,606,21652
2025-10-29 17:50:59.001,606,21649
2025-10-29 17:50:59.001,606,21646
2025-10-29 17:50:59.001,606,21632
2025-10-29 17:50:59.001,606,21631
2025-10-29 17:50:59.001,606,21625
2025-10-29 17:50:59.001,606,21618
2025-10-29 17:50:59.001,606,21609
2025-10-29 17:51:00.000,630,22604
2025-10-29 17:51:00.000,630,22603
2025-10-29 17:51:00.000,630,22595
2025-10-29 17:51:00.000,630,22591
2025-10-29 17:51:00.000,630,21792
2025-10-29 17:51:00.000,630,21760
2025-10-29 17:51:00.000,630,21753
2025-10-29 17:51:00.000,630,21748
2025-10-29 17:51:00.000,630,21741
2025-10-29 17:51:00.000,630,21741
2025-10-29 17:51:01.000,640,22726
2025-10-29 17:51:01.000,640,22722
2025-10-29 17:51:01.000,640,22699
2025-10-29 17:51:01.000,640,22685
2025-10-29 17:51:01.000,640,22683
2025-10-29 17:51:01.000,640,22672
2025-10-29 17:51:01.000,640,22671
2025-10-29 17:51:01.000,640,22668
2025-10-29 17:51:01.000,640,22661
2025-10-29 17:51:01.000,640,22659
2025-10-29 17:51:02.000,653,23649
2025-10-29 17:51:02.000,653,23647
2025-10-29 17:51:02.000,653,23644
2025-10-29 17:51:02.000,653,23642
2025-10-29 17:51:02.000,653,23625
2025-10-29 17:51:02.000,653,23620
2025-10-29 17:51:02.000,653,23615
2025-10-29 17:51:02.000,653,23608
2025-10-29 17:51:02.000,653,23600
2025-10-29 17:51:02.000,653,23598
2025-10-29 17:51:03.001,684,24588
2025-10-29 17:51:03.001,684,24562
2025-10-29 17:51:03.001,684,24557
2025-10-29 17:51:03.001,684,23815
2025-10-29 17:51:03.001,684,23801
2025-10-29 17:51:03.001,684,23788
2025-10-29 17:51:03.001,684,23784
2025-10-29 17:51:03.001,684,23783
2025-10-29 17:51:03.001,684,23771
2025-10-29 17:51:03.001,684,23769
2025-10-29 17:51:04.000,708,24742
2025-10-29 17:51:04.000,708,24720
2025-10-29 17:51:04.000,708,24715
2025-10-29 17:51:04.000,708,24706
2025-10-29 17:51:04.000,708,24689
2025-10-29 17:51:04.000,708,24674
2025-10-29 17:51:04.000,708,24666
2025-10-29 17:51:04.000,708,24660
2025-10-29 17:51:04.000,708,24646
2025-10-29 17:51:04.000,708,24643
2025-10-29 17:51:05.000,724,25639
2025-10-29 17:51:05.000,724,25639
2025-10-29 17:51:05.000,724,25603
2025-10-29 17:51:05.000,724,25602
2025-10-29 17:51:05.000,724,25598
2025-10-29 17:51:05.000,724,25594
2025-10-29 17:51:05.000,724,25593
2025-10-29 17:51:05.000,724,25592
2025-10-29 17:51:05.000,724,25578
2025-10-29 17:51:05.000,724,25576
2025-10-29 17:51:06.001,737,26565
2025-10-29 17:51:06.001,737,26554
2025-10-29 17:51:06.001,737,26547
2025-10-29 17:51:06.001,737,25811
2025-10-29 17:51:06.001,737,25810
2025-10-29 17:51:06.001,737,25807
2025-10-29 17:51:06.001,737,25801
2025-10-29 17:51:06.001,737,25787
2025-10-29 17:51:06.001,737,25753
2025-10-29 17:51:06.001,737,25752
2025-10-29 17:51:07.000,754,26750
2025-10-29 17:51:07.000,754,26745
2025-10-29 17:51:07.000,754,26733
2025-10-29 17:51:07.000,754,26723
2025-10-29 17:51:07.000,754,26712
2025-10-29 17:51:07.000,754,26709
2025-10-29 17:51:07.000,754,26686
2025-10-29 17:51:07.000,754,26684
2025-10-29 17:51:07.000,754,26683
2025-10-29 17:51:07.000,754,26682
2025-10-29 17:51:08.000,773,27668
2025-10-29 17:51:08.000,773,27663
2025-10-29 17:51:08.000,773,27661
2025-10-29 17:51:08.000,773,27659
2025-10-29 17:51:08.000,773,27657
2025-10-29 17:51:08.000,773,27638
2025-10-29 17:51:08.000,773,27634
2025-10-29 17:51:08.000,773,27629
2025-10-29 17:51:08.000,773,27612
2025-10-29 17:51:08.000,773,27609
2025-10-29 17:51:09.001,794,27815
2025-10-29 17:51:09.001,794,27806
2025-10-29 17:51:09.001,794,27791
2025-10-29 17:51:09.001,794,27785
2025-10-29 17:51:09.001,794,27775
2025-10-29 17:51:09.001,794,27774
2025-10-29 17:51:09.001,794,27766
2025-10-29 17:51:09.001,794,27759
2025-10-29 17:51:09.001,794,27754
2025-10-29 17:51:09.001,794,27739
2025-10-29 17:51:10.000,816,28723
2025-10-29 17:51:10.000,816,28718
2025-10-29 17:51:10.000,816,28710
2025-10-29 17:51:10.000,816,28707
2025-10-29 17:51:10.000,816,28699
2025-10-29 17:51:10.000,816,28692
2025-10-29 17:51:10.000,816,28688
2025-10-29 17:51:10.000,816,28675
2025-10-29 17:51:10.000,816,28670
2025-10-29 17:51:10.000,816,28659
2025-10-29 17:51:11.000,841,29654
2025-10-29 17:51:11.000,841,29633
2025-10-29 17:51:11.000,841,29632
2025-10-29 17:51:11.000,841,29631
2025-10-29 17:51:11.000,841,29607
2025-10-29 17:51:11.000,841,29604
2025-10-29 17:51:11.000,841,29602
2025-10-29 17:51:11.000,841,29601
2025-10-29 17:51:11.000,841,29597
2025-10-29 17:51:11.000,841,29590
2025-10-29 17:51:12.000,871,29811
2025-10-29 17:51:12.000,871,29807
2025-10-29 17:51:12.000,871,29800
2025-10-29 17:51:12.000,871,29793
2025-10-29 17:51:12.000,871,29791
2025-10-29 17:51:12.000,871,29788
2025-10-29 17:51:12.000,871,29781
2025-10-29 17:51:12.000,871,29769
2025-10-29 17:51:12.000,871,29757
2025-10-29 17:51:12.000,871,29751
2025-10-29 17:51:13.001,882,30728
2025-10-29 17:51:13.001,882,30725
2025-10-29 17:51:13.001,882,30722
2025-10-29 17:51:13.001,882,30711
2025-10-29 17:51:13.001,882,30701
2025-10-29 17:51:13.001,882,30699
2025-10-29 17:51:13.001,882,30690
2025-10-29 17:51:13.001,882,30687
2025-10-29 17:51:13.001,882,30678
2025-10-29 17:51:13.001,882,30677
2025-10-29 17:51:14.000,901,31662
2025-10-29 17:51:14.000,901,31658
2025-10-29 17:51:14.000,901,31655
2025-10-29 17:51:14.000,901,31651
2025-10-29 17:51:14.000,901,31649
2025-10-29 17:51:14.000,901,31637
2025-10-29 17:51:14.000,901,31634
2025-10-29 17:51:14.000,901,31623
2025-10-29 17:51:14.000,901,31608
2025-10-29 17:51:14.000,901,31604
2025-10-29 17:51:15.001,918,32586
2025-10-29 17:51:15.001,918,31811
2025-10-29 17:51:15.001,918,31810
2025-10-29 17:51:15.001,918,31805
2025-10-29 17:51:15.001,918,31801
2025-10-29 17:51:15.001,918,31797
2025-10-29 17:51:15.001,918,31788
2025-10-29 17:51:15.001,918,31787
2025-10-29 17:51:15.001,918,31769
2025-10-29 17:51:15.001,918,31766
2025-10-29 17:51:16.000,943,32755
2025-10-29 17:51:16.000,943,32748
2025-10-29 17:51:16.000,943,32743
2025-10-29 17:51:16.000,943,32738
2025-10-29 17:51:16.000,943,32721
2025-10-29 17:51:16.000,943,32709
2025-10-29 17:51:16.000,943,32706
2025-10-29 17:51:16.000,943,32701
2025-10-29 17:51:16.000,943,32700
2025-10-29 17:51:16.000,943,32699
2025-10-29 17:51:17.000,967,33692
2025-10-29 17:51:17.000,967,33672
2025-10-29 17:51:17.000,967,33650
2025-10-29 17:51:17.000,967,33649
2025-10-29 17:51:17.000,967,33618
2025-10-29 17:51:17.000,967,33608
2025-10-29 17:51:17.000,967,33604
2025-10-29 17:51:17.000,967,33588
2025-10-29 17:51:17.000,967,33582
2025-10-29 17:51:17.000,967,33576
2025-10-29 17:51:18.001,992,33811
2025-10-29 17:51:18.001,992,33807
2025-10-29 17:51:18.001,992,33800
2025-10-29 17:51:18.001,992,33795
2025-10-29 17:51:18.001,992,33793
2025-10-29 17:51:18.001,992,33786
2025-10-29 17:51:18.001,992,33783
2025-10-29 17:51:18.001,992,33780
2025-10-29 17:51:18.001,992,33771
2025-10-29 17:51:18.001,992,33755
2025-10-29 17:51:19.000,1007,34735
2025-10-29 17:51:19.000,1007,34733
2025-10-29 17:51:19.000,1007,34731
2025-10-29 17:51:19.000,1007,34703
2025-10-29 17:51:19.000,1007,34694
2025-10-29 17:51:19.000,1007,34683
2025-10-29 17:51:19.000,1007,34674
2025-10-29 17:51:19.000,1007,34666
2025-10-29 17:51:19.000,1007,34657
2025-10-29 17:51:19.000,1007,34655
2025-10-29 17:51:20.001,1030,35654
2025-10-29 17:51:20.001,1030,35654
2025-10-29 17:51:20.001,1030,35641
2025-10-29 17:51:20.001,1030,35629
2025-10-29 17:51:20.001,1030,35627
2025-10-29 17:51:20.001,1030,35624
2025-10-29 17:51:20.001,1030,35607
2025-10-29 17:51:20.001,1030,35605
2025-10-29 17:51:20.001,1030,35604
2025-10-29 17:51:20.001,1030,35591
2025-10-29 17:51:21.000,1039,36583
2025-10-29 17:51:21.000,1039,35788
2025-10-29 17:51:21.000,1039,35779
2025-10-29 17:51:21.000,1039,35759
2025-10-29 17:51:21.000,1039,35752
2025-10-29 17:51:21.000,1039,35751
2025-10-29 17:51:21.000,1039,35740
2025-10-29 17:51:21.000,1039,35739
2025-10-29 17:51:21.000,1039,35737
2025-10-29 17:51:21.000,1039,35734
2025-10-29 17:51:22.000,1062,36732
2025-10-29 17:51:22.000,1062,36722
2025-10-29 17:51:22.000,1062,36719
2025-10-29 17:51:22.000,1062,36709
2025-10-29 17:51:22.000,1062,36699
2025-10-29 17:51:22.000,1062,36698
2025-10-29 17:51:22.000,1062,36695
2025-10-29 17:51:22.000,1062,36658
2025-10-29 17:51:22.000,1062,36656
2025-10-29 17:51:22.000,1062,36618
2025-10-29 17:51:23.000,1086,37611
2025-10-29 17:51:23.000,1086,37604
2025-10-29 17:51:23.000,1086,37592
2025-10-29 17:51:23.000,1086,37589
2025-10-29 17:51:23.000,1086,36812
2025-10-29 17:51:23.000,1086,36796
2025-10-29 17:51:23.000,1086,36794
2025-10-29 17:51:23.000,1086,36749
2025-10-29 17:51:23.000,1086,36741
2025-10-29 17:51:23.000,1086,36724
2025-10-29 17:51:24.001,1097,37723
2025-10-29 17:51:24.001,1097,37709
2025-10-29 17:51:24.001,1097,37705
2025-10-29 17:51:24.001,1097,37700
2025-10-29 17:51:24.001,1097,37699
2025-10-29 17:51:24.001,1097,37697
2025-10-29 17:51:24.001,1097,37691
2025-10-29 17:51:24.001,1097,37688
2025-10-29 17:51:24.001,1097,37678
2025-10-29 17:51:24.001,1097,37676
2025-10-29 17:51:25.000,1120,38663
2025-10-29 17:51:25.000,1120,38656
2025-10-29 17:51:25.000,1120,38652
2025-10-29 17:51:25.000,1120,38650
2025-10-29 17:51:25.000,1120,38643
2025-10-29 17:51:25.000,1120,38633
2025-10-29 17:51:25.000,1120,38625
2025-10-29 17:51:25.000,1120,38621
2025-10-29 17:51:25.000,1120,38615
2025-10-29 17:51:25.000,1120,38603
2025-10-29 17:51:26.001,1137,39598
2025-10-29 17:51:26.001,1137,39597
2025-10-29 17:51:26.001,1137,39590
2025-10-29 17:51:26.001,1137,38809
2025-10-29 17:51:26.001,1137,38804
2025-10-29 17:51:26.001,1137,38796
2025-10-29 17:51:26.001,1137,38781
2025-10-29 17:51:26.001,1137,38765
2025-10-29 17:51:26.001,1137,38749
2025-10-29 17:51:26.001,1137,38720
2025-10-29 17:51:27.000,1163,39716
2025-10-29 17:51:27.000,1163,39698
2025-10-29 17:51:27.000,1163,39687
2025-10-29 17:51:27.000,1163,39684
2025-10-29 17:51:27.000,1163,39681
2025-10-29 17:51:27.000,1163,39662
2025-10-29 17:51:27.000,1163,39654
2025-10-29 17:51:27.000,1163,39651
2025-10-29 17:51:27.000,1163,39643
2025-10-29 17:51:27.000,1163,39638
2025-10-29 17:51:28.000,1182,40623
2025-10-29 17:51:28.000,1182,40621
2025-10-29 17:51:28.000,1182,40613
2025-10-29 17:51:28.000,1182,40603
2025-10-29 17:51:28.000,1182,40602
2025-10-29 17:51:28.000,1182,40594
2025-10-29 17:51:28.000,1182,40587
2025-10-29 17:51:28.001,1182,40585
2025-10-29 17:51:28.002,1182,39805
2025-10-29 17:51:28.002,1182,39799
2025-10-29 17:51:29.000,1199,40791
2025-10-29 17:51:29.000,1199,40776
2025-10-29 17:51:29.000,1199,40770
2025-10-29 17:51:29.000,1199,40764
2025-10-29 17:51:29.000,1199,40762
2025-10-29 17:51:29.000,1199,40760
2025-10-29 17:51:29.000,1199,40749
2025-10-29 17:51:29.000,1199,40737
2025-10-29 17:51:29.000,1199,40732
2025-10-29 17:51:29.000,1199,40723
2025-10-29 17:51:30.001,1225,41722
2025-10-29 17:51:30.001,1225,41699
2025-10-29 17:51:30.001,1225,41696
2025-10-29 17:51:30.001,1225,41689
2025-10-29 17:51:30.001,1225,41673
2025-10-29 17:51:30.001,1225,41667
2025-10-29 17:51:30.001,1225,41644
2025-10-29 17:51:30.001,1225,41638
2025-10-29 17:51:30.001,1225,41638
2025-10-29 17:51:30.001,1225,41632
2025-10-29 17:51:31.000,1246,42619
2025-10-29 17:51:31.000,1246,42610
2025-10-29 17:51:31.000,1246,42609
2025-10-29 17:51:31.000,1246,42593
2025-10-29 17:51:31.000,1246,42588
2025-10-29 17:51:31.000,1246,42581
2025-10-29 17:51:31.000,1246,42571
2025-10-29 17:51:31.000,1246,42571
2025-10-29 17:51:31.000,1246,42569
2025-10-29 17:51:31.000,1246,41811
2025-10-29 17:51:32.001,1262,42806
2025-10-29 17:51:32.001,1262,42805
2025-10-29 17:51:32.001,1262,42802
2025-10-29 17:51:32.001,1262,42788
2025-10-29 17:51:32.001,1262,42783
2025-10-29 17:51:32.001,1262,42776
2025-10-29 17:51:32.001,1262,42772
2025-10-29 17:51:32.001,1262,42759
2025-10-29 17:51:32.001,1262,42737
2025-10-29 17:51:32.001,1262,42725
2025-10-29 17:51:33.000,1284,43714
2025-10-29 17:51:33.000,1284,43702
2025-10-29 17:51:33.000,1284,43696
2025-10-29 17:51:33.000,1284,43688
2025-10-29 17:51:33.000,1284,43684
2025-10-29 17:51:33.000,1284,43683
2025-10-29 17:51:33.000,1284,43682
2025-10-29 17:51:33.000,1284,43678
2025-10-29 17:51:33.000,1284,43677
2025-10-29 17:51:33.000,1284,43672
2025-10-29 17:51:34.000,1296,44661
2025-10-29 17:51:34.000,1296,44643
2025-10-29 17:51:34.000,1296,44641
2025-10-29 17:51:34.000,1296,44623
2025-10-29 17:51:34.000,1296,44609
2025-10-29 17:51:34.000,1296,44591
2025-10-29 17:51:34.000,1296,44584
2025-10-29 17:51:34.000,1296,43771
2025-10-29 17:51:34.000,1296,43725
2025-10-29 17:51:34.000,1296,43720
2025-10-29 17:51:35.001,1310,44720
2025-10-29 17:51:35.001,1310,44717
2025-10-29 17:51:35.001,1310,44705
2025-10-29 17:51:35.001,1310,44700
2025-10-29 17:51:35.001,1310,44697
2025-10-29 17:51:35.001,1310,44696
2025-10-29 17:51:35.001,1310,44689
2025-10-29 17:51:35.001,1310,44666
2025-10-29 17:51:35.001,1310,44657
2025-10-29 17:51:35.001,1310,44623
2025-10-29 17:51:36.001,1325,45616
2025-10-29 17:51:36.001,1325,45611
2025-10-29 17:51:36.001,1325,45599
2025-10-29 17:51:36.001,1325,45594
2025-10-29 17:51:36.001,1325,45587
2025-10-29 17:51:36.001,1325,45577
2025-10-29 17:51:36.001,1325,45569
2025-10-29 17:51:36.001,1325,45559
2025-10-29 17:51:36.001,1325,45553
2025-10-29 17:51:36.001,1325,45546
2025-10-29 17:51:37.000,1335,46543
2025-10-29 17:51:37.000,1335,46538
2025-10-29 17:51:37.000,1335,46534
2025-10-29 17:51:37.000,1335,45811
2025-10-29 17:51:37.000,1335,45801
2025-10-29 17:51:37.000,1335,45795
2025-10-29 17:51:37.000,1335,45790
2025-10-29 17:51:37.000,1335,45782
2025-10-29 17:51:37.000,1335,45771
2025-10-29 17:51:37.000,1335,45756
2025-10-29 17:51:38.000,1346,46745
2025-10-29 17:51:38.000,1346,46737
2025-10-29 17:51:38.000,1346,46722
2025-10-29 17:51:38.000,1346,46693
2025-10-29 17:51:38.000,1346,46688
2025-10-29 17:51:38.000,1346,46675
2025-10-29 17:51:38.000,1346,46669
2025-10-29 17:51:38.000,1346,46661
2025-10-29 17:51:38.000,1346,46633
2025-10-29 17:51:38.000,1346,46622
2025-10-29 17:51:39.001,1358,47620
2025-10-29 17:51:39.001,1358,47615
2025-10-29 17:51:39.001,1358,47597
2025-10-29 17:51:39.001,1358,47593
2025-10-29 17:51:39.001,1358,47590
2025-10-29 17:51:39.001,1358,47589
2025-10-29 17:51:39.001,1358,47587
2025-10-29 17:51:39.001,1358,47587
2025-10-29 17:51:39.001,1358,47583
2025-10-29 17:51:39.001,1358,46808
2025-10-29 17:51:40.000,1376,47788
2025-10-29 17:51:40.000,1376,47783
2025-10-29 17:51:40.000,1376,47767
2025-10-29 17:51:40.000,1376,47756
2025-10-29 17:51:40.000,1376,47755
2025-10-29 17:51:40.000,1376,47748
2025-10-29 17:51:40.000,1376,47737
2025-10-29 17:51:40.000,1376,47735
2025-10-29 17:51:40.000,1376,47728
2025-10-29 17:51:40.000,1376,47726
2025-10-29 17:51:41.000,1388,48723
2025-10-29 17:51:41.000,1388,48716
2025-10-29 17:51:41.000,1388,48714
2025-10-29 17:51:41.000,1388,48703
2025-10-29 17:51:41.000,1388,48696
2025-10-29 17:51:41.000,1388,48684
2025-10-29 17:51:41.000,1388,48680
2025-10-29 17:51:41.000,1388,48669
2025-10-29 17:51:41.000,1388,48668
2025-10-29 17:51:41.000,1388,48666
2025-10-29 17:51:42.001,1405,49664
2025-10-29 17:51:42.001,1405,49660
2025-10-29 17:51:42.001,1405,49657
2025-10-29 17:51:42.001,1405,49652
2025-10-29 17:51:42.001,1405,49651
2025-10-29 17:51:42.001,1405,49633
2025-10-29 17:51:42.001,1405,49630
2025-10-29 17:51:42.001,1405,49625
2025-10-29 17:51:42.001,1405,49624
2025-10-29 17:51:42.001,1405,49613
2025-10-29 17:51:43.000,1422,50609
2025-10-29 17:51:43.000,1422,50585
2025-10-29 17:51:43.000,1422,50578
2025-10-29 17:51:43.000,1422,49810
2025-10-29 17:51:43.000,1422,49808
2025-10-29 17:51:43.000,1422,49806
2025-10-29 17:51:43.000,1422,49803
2025-10-29 17:51:43.000,1422,49802
2025-10-29 17:51:43.000,1422,49750
2025-10-29 17:51:43.000,1422,49746
2025-10-29 17:51:44.000,1437,50744
2025-10-29 17:51:44.000,1437,50742
2025-10-29 17:51:44.000,1437,50739
2025-10-29 17:51:44.000,1437,50735
2025-10-29 17:51:44.000,1437,50728
2025-10-29 17:51:44.000,1437,50719
2025-10-29 17:51:44.000,1437,50704
2025-10-29 17:51:44.000,1437,50703
2025-10-29 17:51:44.000,1437,50698
2025-10-29 17:51:44.000,1437,50697
2025-10-29 17:51:45.000,1455,51690
2025-10-29 17:51:45.000,1455,51686
2025-10-29 17:51:45.000,1455,51679
2025-10-29 17:51:45.000,1455,51670
2025-10-29 17:51:45.000,1455,51666
2025-10-29 17:51:45.000,1455,51646
2025-10-29 17:51:45.000,1455,51643
2025-10-29 17:51:45.000,1455,51641
2025-10-29 17:51:45.000,1455,51638
2025-10-29 17:51:45.000,1455,51636
2025-10-29 17:51:46.000,1464,52625
2025-10-29 17:51:46.000,1464,52620
2025-10-29 17:51:46.000,1464,52619
2025-10-29 17:51:46.000,1464,52607
2025-10-29 17:51:46.000,1464,52605
2025-10-29 17:51:46.000,1464,52602
2025-10-29 17:51:46.000,1464,52601
2025-10-29 17:51:46.000,1464,52600
2025-10-29 17:51:46.000,1464,52596
2025-10-29 17:51:46.000,1464,52592
2025-10-29 17:51:47.000,1484,53588
2025-10-29 17:51:47.000,1484,52582
2025-10-29 17:51:47.000,1484,52578
2025-10-29 17:51:47.000,1484,52576
2025-10-29 17:51:47.000,1484,52569
2025-10-29 17:51:47.000,1484,52564
2025-10-29 17:51:47.000,1484,52553
2025-10-29 17:51:47.000,1484,52530
2025-10-29 17:51:47.000,1484,52516
2025-10-29 17:51:47.000,1484,52497
2025-10-29 17:51:48.000,1492,53485
2025-10-29 17:51:48.000,1492,53480
2025-10-29 17:51:48.000,1492,53472
2025-10-29 17:51:48.000,1492,53471
2025-10-29 17:51:48.000,1492,53470
2025-10-29 17:51:48.000,1492,53455
2025-10-29 17:51:48.000,1492,53440
2025-10-29 17:51:48.000,1492,53421
2025-10-29 17:51:48.000,1492,53412
2025-10-29 17:51:48.000,1492,53402
2025-10-29 17:51:49.001,1503,54400
2025-10-29 17:51:49.001,1503,54398
2025-10-29 17:51:49.001,1503,54387
2025-10-29 17:51:49.001,1503,54373
2025-10-29 17:51:49.001,1503,53582
2025-10-29 17:51:49.001,1503,53565
2025-10-29 17:51:49.001,1503,53555
2025-10-29 17:51:49.001,1503,53549
2025-10-29 17:51:49.001,1503,53548
2025-10-29 17:51:49.001,1503,53547
2025-10-29 17:51:50.000,1514,54532
2025-10-29 17:51:50.000,1514,54530
2025-10-29 17:51:50.000,1514,54520
2025-10-29 17:51:50.000,1514,54519
2025-10-29 17:51:50.000,1514,54504
2025-10-29 17:51:50.000,1514,54499
2025-10-29 17:51:50.000,1514,54490
2025-10-29 17:51:50.000,1514,54482
2025-10-29 17:51:50.000,1514,54475
2025-10-29 17:51:50.000,1514,54472
2025-10-29 17:51:51.001,1531,55470
2025-10-29 17:51:51.001,1531,55454
2025-10-29 17:51:51.001,1531,55445
2025-10-29 17:51:51.001,1531,55441
2025-10-29 17:51:51.001,1531,55419
2025-10-29 17:51:51.001,1531,55402
2025-10-29 17:51:51.001,1531,55400
2025-10-29 17:51:51.001,1531,55397
2025-10-29 17:51:51.001,1531,55396
2025-10-29 17:51:51.001,1531,55392
2025-10-29 17:51:52.000,1550,56375
2025-10-29 17:51:52.000,1550,56373
2025-10-29 17:51:52.000,1550,56368
2025-10-29 17:51:52.000,1550,56358
2025-10-29 17:51:52.000,1550,55569
2025-10-29 17:51:52.000,1550,55567
2025-10-29 17:51:52.000,1550,55558
2025-10-29 17:51:52.000,1550,55548
2025-10-29 17:51:52.000,1550,55543
2025-10-29 17:51:52.000,1550,55540
2025-10-29 17:51:53.000,1567,56536
2025-10-29 17:51:53.000,1567,56532
2025-10-29 17:51:53.000,1567,56527
2025-10-29 17:51:53.000,1567,56523
2025-10-29 17:51:53.000,1567,56498
2025-10-29 17:51:53.000,1567,56490
2025-10-29 17:51:53.000,1567,56483
2025-10-29 17:51:53.000,1567,56471
2025-10-29 17:51:53.000,1567,56464
2025-10-29 17:51:53.000,1567,56444
2025-10-29 17:51:54.000,1582,57442
2025-10-29 17:51:54.000,1582,57417
2025-10-29 17:51:54.000,1582,57400
2025-10-29 17:51:54.000,1582,57398
2025-10-29 17:51:54.000,1582,57371
2025-10-29 17:51:54.000,1582,57369
2025-10-29 17:51:54.000,1582,57366
2025-10-29 17:51:54.000,1582,57360
2025-10-29 17:51:54.000,1582,57342
2025-10-29 17:51:54.000,1582,57338
2025-10-29 17:51:55.001,1592,58332
2025-10-29 17:51:55.001,1592,58321
2025-10-29 17:51:55.001,1592,57586
2025-10-29 17:51:55.001,1592,57585
2025-10-29 17:51:55.001,1592,57583
2025-10-29 17:51:55.001,1592,57582
2025-10-29 17:51:55.001,1592,57579
2025-10-29 17:51:55.001,1592,57575
2025-10-29 17:51:55.001,1592,57555
2025-10-29 17:51:55.001,1592,57550
2025-10-29 17:51:56.000,1600,58545
2025-10-29 17:51:56.000,1600,58530
2025-10-29 17:51:56.000,1600,58524
2025-10-29 17:51:56.000,1600,58523
2025-10-29 17:51:56.000,1600,58492
2025-10-29 17:51:56.000,1600,58482
2025-10-29 17:51:56.000,1600,58475
2025-10-29 17:51:56.000,1600,58465
2025-10-29 17:51:56.000,1600,58459
2025-10-29 17:51:56.000,1600,58457
2025-10-29 17:51:57.000,1608,59455
2025-10-29 17:51:57.000,1608,59454
2025-10-29 17:51:57.000,1608,59445
2025-10-29 17:51:57.000,1608,59436
2025-10-29 17:51:57.000,1608,59433
2025-10-29 17:51:57.000,1608,59426
2025-10-29 17:51:57.000,1608,59417
2025-10-29 17:51:57.000,1608,59414
2025-10-29 17:51:57.000,1608,59408
2025-10-29 17:51:57.000,1608,59403
2025-10-29 17:51:58.001,1615,60399
2025-10-29 17:51:58.001,1615,60395
2025-10-29 17:51:58.001,1615,60389
2025-10-29 17:51:58.001,1615,60375
2025-10-29 17:51:58.001,1615,60374
2025-10-29 17:51:58.001,1615,60368
2025-10-29 17:51:58.001,1615,59585
2025-10-29 17:51:58.001,1615,59581
2025-10-29 17:51:58.001,1615,59574
2025-10-29 17:51:58.001,1615,59564
2025-10-29 17:51:59.000,1621,60541
2025-10-29 17:51:59.000,1621,60534
2025-10-29 17:51:59.000,1621,60533
2025-10-29 17:51:59.000,1621,60528
2025-10-29 17:51:59.000,1621,60513
2025-10-29 17:51:59.000,1621,60507
2025-10-29 17:51:59.000,1621,60504
2025-10-29 17:51:59.000,1621,60503
2025-10-29 17:51:59.000,1621,60499
2025-10-29 17:51:59.000,1621,60490
2025-10-29 17:52:00.000,1630,61489
2025-10-29 17:52:00.000,1630,61474
2025-10-29 17:52:00.000,1630,61462
2025-10-29 17:52:00.000,1630,61445
2025-10-29 17:52:00.000,1630,61441
2025-10-29 17:52:00.000,1630,61439
2025-10-29 17:52:00.000,1630,61438
2025-10-29 17:52:00.000,1630,61437
2025-10-29 17:52:00.000,1630,61430
2025-10-29 17:52:00.000,1630,61427
2025-10-29 17:52:01.001,1634,62420
2025-10-29 17:52:01.001,1634,62408
2025-10-29 17:52:01.001,1634,62403
2025-10-29 17:52:01.001,1634,62402
2025-10-29 17:52:01.001,1634,62401
2025-10-29 17:52:01.001,1634,62392
2025-10-29 17:52:01.001,1634,62370
2025-10-29 17:52:01.001,1634,62359
2025-10-29 17:52:01.001,1634,62358
2025-10-29 17:52:01.001,1634,62356
2025-10-29 17:52:02.000,1642,62578
2025-10-29 17:52:02.000,1642,62558
2025-10-29 17:52:02.000,1642,62555
2025-10-29 17:52:02.000,1642,62546
2025-10-29 17:52:02.000,1642,62525
2025-10-29 17:52:02.000,1642,62520
2025-10-29 17:52:02.000,1642,62506
2025-10-29 17:52:02.000,1642,62502
2025-10-29 17:52:02.000,1642,62487
2025-10-29 17:52:02.000,1642,62477
2025-10-29 17:52:03.000,1643,63472
2025-10-29 17:52:03.000,1643,63468
2025-10-29 17:52:03.000,1643,63465
2025-10-29 17:52:03.000,1643,63442
2025-10-29 17:52:03.000,1643,63435
2025-10-29 17:52:03.000,1643,63431
2025-10-29 17:52:03.000,1643,63417
2025-10-29 17:52:03.000,1643,63414
2025-10-29 17:52:03.000,1643,63382
2025-10-29 17:52:03.000,1643,63368
2025-10-29 17:52:04.000,1648,63578
2025-10-29 17:52:04.000,1648,63567
2025-10-29 17:52:04.000,1648,63556
2025-10-29 17:52:04.000,1648,63553
2025-10-29 17:52:04.000,1648,63521
2025-10-29 17:52:04.000,1648,63508
2025-10-29 17:52:04.000,1648,63494
2025-10-29 17:52:04.000,1648,63488
2025-10-29 17:52:04.000,1648,63484
2025-10-29 17:52:04.000,1648,63476
2025-10-29 17:52:05.000,1648,64470
2025-10-29 17:52:05.000,1648,64464
2025-10-29 17:52:05.000,1648,64458
2025-10-29 17:52:05.000,1648,64455
2025-10-29 17:52:05.000,1648,64450
2025-10-29 17:52:05.000,1648,64440
2025-10-29 17:52:05.000,1648,64437
2025-10-29 17:52:05.000,1648,64415
2025-10-29 17:52:05.000,1648,64408
2025-10-29 17:52:05.000,1648,64401
2025-10-29 17:52:06.001,1659,65372
2025-10-29 17:52:06.001,1659,65369
2025-10-29 17:52:06.001,1659,65354
2025-10-29 17:52:06.001,1659,64586
2025-10-29 17:52:06.001,1659,64573
2025-10-29 17:52:06.001,1659,64572
2025-10-29 17:52:06.001,1659,64566
2025-10-29 17:52:06.001,1659,64539
2025-10-29 17:52:06.001,1659,64522
2025-10-29 17:52:06.001,1659,64519
2025-10-29 17:52:07.000,1666,65512
2025-10-29 17:52:07.000,1666,65509
2025-10-29 17:52:07.000,1666,65504
2025-10-29 17:52:07.000,1666,65498
2025-10-29 17:52:07.000,1666,65474
2025-10-29 17:52:07.000,1666,65455
2025-10-29 17:52:07.000,1666,65448
2025-10-29 17:52:07.000,1666,65442
2025-10-29 17:52:07.000,1666,65438
2025-10-29 17:52:07.000,1666,65437
2025-10-29 17:52:08.000,1672,66416
2025-10-29 17:52:08.001,1672,66415
2025-10-29 17:52:08.001,1672,66409
2025-10-29 17:52:08.001,1672,66401
2025-10-29 17:52:08.001,1672,66398
2025-10-29 17:52:08.001,1672,66374
2025-10-29 17:52:08.001,1672,66369
2025-10-29 17:52:08.001,1672,66365
2025-10-29 17:52:08.001,1672,66364
2025-10-29 17:52:08.001,1672,66353
2025-10-29 17:52:09.000,1684,67345
2025-10-29 17:52:09.000,1684,67342
2025-10-29 17:52:09.000,1684,67336
2025-10-29 17:52:09.000,1684,67324
2025-10-29 17:52:09.000,1684,67322
2025-10-29 17:52:09.000,1684,67321
2025-10-29 17:52:09.000,1684,67315
2025-10-29 17:52:09.000,1684,67313
2025-10-29 17:52:09.000,1684,67311
2025-10-29 17:52:09.000,1684,67307
2025-10-29 17:52:10.001,1686,68304
2025-10-29 17:52:10.001,1686,68292
2025-10-29 17:52:10.001,1686,68288
2025-10-29 17:52:10.001,1686,68278
2025-10-29 17:52:10.001,1686,67584
2025-10-29 17:52:10.001,1686,67572
2025-10-29 17:52:10.001,1686,67569
2025-10-29 17:52:10.001,1686,67557
2025-10-29 17:52:10.001,1686,67554
2025-10-29 17:52:10.001,1686,67553
2025-10-29 17:52:11.000,1696,68537
2025-10-29 17:52:11.000,1696,68532
2025-10-29 17:52:11.000,1696,68517
2025-10-29 17:52:11.000,1696,68498
2025-10-29 17:52:11.000,1696,68497
2025-10-29 17:52:11.000,1696,68495
2025-10-29 17:52:11.000,1696,68489
2025-10-29 17:52:11.000,1696,68484
2025-10-29 17:52:11.000,1696,68459
2025-10-29 17:52:11.000,1696,68440
2025-10-29 17:52:12.000,1700,69434
2025-10-29 17:52:12.000,1700,69423
2025-10-29 17:52:12.000,1700,69421
2025-10-29 17:52:12.000,1700,69420
2025-10-29 17:52:12.000,1700,69400
2025-10-29 17:52:12.000,1700,69395
2025-10-29 17:52:12.000,1700,69387
2025-10-29 17:52:12.000,1700,69374
2025-10-29 17:52:12.001,1700,69372
2025-10-29 17:52:12.001,1700,69371
2025-10-29 17:52:13.000,1706,70370
2025-10-29 17:52:13.000,1706,70365
2025-10-29 17:52:13.000,1706,70359
2025-10-29 17:52:13.000,1706,70355
2025-10-29 17:52:13.000,1706,70353
2025-10-29 17:52:13.000,1706,70351
2025-10-29 17:52:13.000,1706,70348
2025-10-29 17:52:13.000,1706,70347
2025-10-29 17:52:13.000,1706,69578
2025-10-29 17:52:13.000,1706,69577
2025-10-29 17:52:14.000,1715,70575
2025-10-29 17:52:14.000,1715,70530
2025-10-29 17:52:14.000,1715,70522
2025-10-29 17:52:14.000,1715,70518
2025-10-29 17:52:14.000,1715,70512
2025-10-29 17:52:14.000,1715,70508
2025-10-29 17:52:14.000,1715,70506
2025-10-29 17:52:14.000,1715,70505
2025-10-29 17:52:14.000,1715,70504
2025-10-29 17:52:14.000,1715,70493
2025-10-29 17:52:15.001,1724,71489
2025-10-29 17:52:15.001,1724,71483
2025-10-29 17:52:15.001,1724,71470
2025-10-29 17:52:15.001,1724,71449
2025-10-29 17:52:15.001,1724,71440
2025-10-29 17:52:15.001,1724,71437
2025-10-29 17:52:15.001,1724,71418
2025-10-29 17:52:15.001,1724,71416
2025-10-29 17:52:15.001,1724,71416
2025-10-29 17:52:15.001,1724,71398
2025-10-29 17:52:16.001,1718,72384
2025-10-29 17:52:16.001,1718,72375
2025-10-29 17:52:16.001,1718,72374
2025-10-29 17:52:16.001,1718,72359
2025-10-29 17:52:16.001,1718,71572
2025-10-29 17:52:16.001,1718,71559
2025-10-29 17:52:16.001,1718,71558
2025-10-29 17:52:16.001,1718,71537
2025-10-29 17:52:16.001,1718,71531
2025-10-29 17:52:16.001,1718,71524
2025-10-29 17:52:17.000,1720,72518
2025-10-29 17:52:17.000,1720,72507
2025-10-29 17:52:17.000,1720,72501
2025-10-29 17:52:17.000,1720,72494
2025-10-29 17:52:17.000,1720,72487
2025-10-29 17:52:17.000,1720,72481
2025-10-29 17:52:17.000,1720,72477
2025-10-29 17:52:17.000,1720,72471
2025-10-29 17:52:17.000,1720,72450
2025-10-29 17:52:17.000,1720,72436
2025-10-29 17:52:18.001,1718,73432
2025-10-29 17:52:18.001,1718,73428
2025-10-29 17:52:18.001,1718,73409
2025-10-29 17:52:18.001,1718,73399
2025-10-29 17:52:18.001,1718,73350
2025-10-29 17:52:18.001,1718,73347
2025-10-29 17:52:18.001,1718,73328
2025-10-29 17:52:18.001,1718,72573
2025-10-29 17:52:18.001,1718,72570
2025-10-29 17:52:18.001,1718,72566
2025-10-29 17:52:19.000,1720,73527
2025-10-29 17:52:19.000,1720,73525
2025-10-29 17:52:19.000,1720,73518
2025-10-29 17:52:19.001,1720,73517
2025-10-29 17:52:19.001,1720,73514
2025-10-29 17:52:19.001,1720,73497
2025-10-29 17:52:19.001,1720,73495
2025-10-29 17:52:19.001,1720,73494
2025-10-29 17:52:19.001,1720,73489
2025-10-29 17:52:19.001,1720,73471
2025-10-29 17:52:20.000,1724,74464
2025-10-29 17:52:20.000,1724,74457
2025-10-29 17:52:20.000,1724,74456
2025-10-29 17:52:20.000,1724,74442
2025-10-29 17:52:20.000,1724,74439
2025-10-29 17:52:20.000,1724,74430
2025-10-29 17:52:20.000,1724,74421
2025-10-29 17:52:20.000,1724,74418
2025-10-29 17:52:20.000,1724,74405
2025-10-29 17:52:20.000,1724,74399
2025-10-29 17:52:21.000,1720,75387
2025-10-29 17:52:21.000,1720,75377
2025-10-29 17:52:21.000,1720,75368
2025-10-29 17:52:21.000,1720,75350
2025-10-29 17:52:21.000,1720,74585
2025-10-29 17:52:21.000,1720,74580
2025-10-29 17:52:21.000,1720,74574
2025-10-29 17:52:21.000,1720,74550
2025-10-29 17:52:21.000,1720,74548
2025-10-29 17:52:21.000,1720,74545
2025-10-29 17:52:22.001,1717,75508
2025-10-29 17:52:22.001,1717,75497
2025-10-29 17:52:22.001,1717,75484
2025-10-29 17:52:22.001,1717,75471
2025-10-29 17:52:22.001,1717,75466
2025-10-29 17:52:22.001,1717,75465
2025-10-29 17:52:22.001,1717,75461
2025-10-29 17:52:22.001,1717,75453
2025-10-29 17:52:22.001,1717,75446
2025-10-29 17:52:22.001,1717,75445
2025-10-29 17:52:23.000,1721,76434
2025-10-29 17:52:23.000,1721,76433
2025-10-29 17:52:23.000,1721,76431
2025-10-29 17:52:23.000,1721,76423
2025-10-29 17:52:23.000,1721,76403
2025-10-29 17:52:23.000,1721,76392
2025-10-29 17:52:23.000,1721,76370
2025-10-29 17:52:23.000,1721,76367
2025-10-29 17:52:23.000,1721,76356
2025-10-29 17:52:23.000,1721,76353
2025-10-29 17:52:24.001,1719,77354
2025-10-29 17:52:24.001,1719,77351
2025-10-29 17:52:24.001,1719,77347
2025-10-29 17:52:24.001,1719,76577
2025-10-29 17:52:24.001,1719,76567
2025-10-29 17:52:24.001,1719,76565
2025-10-29 17:52:24.001,1719,76558
2025-10-29 17:52:24.001,1719,76538
2025-10-29 17:52:24.001,1719,76523
2025-10-29 17:52:24.001,1719,76522
2025-10-29 17:52:25.000,1718,77518
2025-10-29 17:52:25.000,1718,77515
2025-10-29 17:52:25.000,1718,77507
2025-10-29 17:52:25.000,1718,77497
2025-10-29 17:52:25.000,1718,77492
2025-10-29 17:52:25.000,1718,77488
2025-10-29 17:52:25.000,1718,77485
2025-10-29 17:52:25.000,1718,77483
2025-10-29 17:52:25.000,1718,77478
2025-10-29 17:52:25.000,1718,77476
2025-10-29 17:52:26.001,1717,78474
2025-10-29 17:52:26.001,1717,78472
2025-10-29 17:52:26.001,1717,78442
2025-10-29 17:52:26.001,1717,78428
2025-10-29 17:52:26.001,1717,78425
2025-10-29 17:52:26.001,1717,78423
2025-10-29 17:52:26.001,1717,78420
2025-10-29 17:52:26.001,1717,78419
2025-10-29 17:52:26.001,1717,78416
2025-10-29 17:52:26.001,1717,78410
2025-10-29 17:52:27.000,1717,79389
2025-10-29 17:52:27.000,1717,79381
2025-10-29 17:52:27.000,1717,79370
2025-10-29 17:52:27.000,1717,79361
2025-10-29 17:52:27.000,1717,78582
2025-10-29 17:52:27.000,1717,78579
2025-10-29 17:52:27.000,1717,78576
2025-10-29 17:52:27.000,1717,78569
2025-10-29 17:52:27.000,1717,78564
2025-10-29 17:52:27.000,1717,78563
2025-10-29 17:52:28.000,1720,79547
2025-10-29 17:52:28.000,1720,79544
2025-10-29 17:52:28.000,1720,79537
2025-10-29 17:52:28.000,1720,79503
2025-10-29 17:52:28.000,1720,79502
2025-10-29 17:52:28.000,1720,79495
2025-10-29 17:52:28.000,1720,79470
2025-10-29 17:52:28.000,1720,79466
2025-10-29 17:52:28.000,1720,79449
2025-10-29 17:52:28.000,1720,79436
2025-10-29 17:52:29.001,1720,80434
2025-10-29 17:52:29.001,1720,80431
2025-10-29 17:52:29.001,1720,80423
2025-10-29 17:52:29.001,1720,80418
2025-10-29 17:52:29.001,1720,80395
2025-10-29 17:52:29.001,1720,80394
2025-10-29 17:52:29.001,1720,80392
2025-10-29 17:52:29.001,1720,80387
2025-10-29 17:52:29.001,1720,80380
2025-10-29 17:52:29.001,1720,80377
2025-10-29 17:52:30.000,1721,81371
2025-10-29 17:52:30.000,1721,81365
2025-10-29 17:52:30.000,1721,81361
2025-10-29 17:52:30.000,1721,81359
2025-10-29 17:52:30.000,1721,81350
2025-10-29 17:52:30.000,1721,81349
2025-10-29 17:52:30.000,1721,80583
2025-10-29 17:52:30.000,1721,80581
2025-10-29 17:52:30.000,1721,80580
2025-10-29 17:52:30.000,1721,80561
2025-10-29 17:52:31.001,1720,81556
2025-10-29 17:52:31.001,1720,81552
2025-10-29 17:52:31.001,1720,81550
2025-10-29 17:52:31.001,1720,81535
2025-10-29 17:52:31.001,1720,81522
2025-10-29 17:52:31.001,1720,81510
2025-10-29 17:52:31.001,1720,81506
2025-10-29 17:52:31.001,1720,81505
2025-10-29 17:52:31.001,1720,81500
2025-10-29 17:52:31.001,1720,81498
2025-10-29 17:52:32.000,1723,82495
2025-10-29 17:52:32.000,1723,82491
2025-10-29 17:52:32.000,1723,82484
2025-10-29 17:52:32.000,1723,82481
2025-10-29 17:52:32.000,1723,82473
2025-10-29 17:52:32.000,1723,82462
2025-10-29 17:52:32.000,1723,82461
2025-10-29 17:52:32.000,1723,82458
2025-10-29 17:52:32.000,1723,82444
2025-10-29 17:52:32.000,1723,82436
2025-10-29 17:52:33.001,1724,83430
2025-10-29 17:52:33.001,1724,83416
2025-10-29 17:52:33.001,1724,83406
2025-10-29 17:52:33.001,1724,83402
2025-10-29 17:52:33.001,1724,83392
2025-10-29 17:52:33.001,1724,83391
2025-10-29 17:52:33.001,1724,83390
2025-10-29 17:52:33.001,1724,83383
2025-10-29 17:52:33.001,1724,83373
2025-10-29 17:52:33.001,1724,83370
2025-10-29 17:52:34.000,1725,84344
2025-10-29 17:52:34.000,1725,83582
2025-10-29 17:52:34.000,1725,83567
2025-10-29 17:52:34.000,1725,83565
2025-10-29 17:52:34.000,1725,83564
2025-10-29 17:52:34.000,1725,83563
2025-10-29 17:52:34.000,1725,83530
2025-10-29 17:52:34.000,1725,83519
2025-10-29 17:52:34.000,1725,83510
2025-10-29 17:52:34.000,1725,83509
2025-10-29 17:52:35.001,1723,84507
2025-10-29 17:52:35.001,1723,84493
2025-10-29 17:52:35.001,1723,84491
2025-10-29 17:52:35.001,1723,84490
2025-10-29 17:52:35.001,1723,84488
2025-10-29 17:52:35.001,1723,84486
2025-10-29 17:52:35.001,1723,84485
2025-10-29 17:52:35.001,1723,84471
2025-10-29 17:52:35.001,1723,84467
2025-10-29 17:52:35.001,1723,84454
2025-10-29 17:52:36.000,1719,85451
2025-10-29 17:52:36.000,1719,85444
2025-10-29 17:52:36.000,1719,85410
2025-10-29 17:52:36.000,1719,85409
2025-10-29 17:52:36.000,1719,85405
2025-10-29 17:52:36.000,1719,85405
2025-10-29 17:52:36.000,1719,85401
2025-10-29 17:52:36.000,1719,85397
2025-10-29 17:52:36.000,1719,85392
2025-10-29 17:52:36.000,1719,85386
2025-10-29 17:52:37.001,1716,86372
2025-10-29 17:52:37.001,1716,86371
2025-10-29 17:52:37.001,1716,86361
2025-10-29 17:52:37.001,1716,86349
2025-10-29 17:52:37.001,1716,86337
2025-10-29 17:52:37.001,1716,86335
2025-10-29 17:52:37.001,1716,86333
2025-10-29 17:52:37.001,1716,86326
2025-10-29 17:52:37.001,1716,86323
2025-10-29 17:52:37.001,1716,86322
2025-10-29 17:52:38.000,1715,87305
2025-10-29 17:52:38.000,1715,86580
2025-10-29 17:52:38.000,1715,86558
2025-10-29 17:52:38.000,1715,86552
2025-10-29 17:52:38.000,1715,86544
2025-10-29 17:52:38.000,1715,86527
2025-10-29 17:52:38.000,1715,86524
2025-10-29 17:52:38.000,1715,86523
2025-10-29 17:52:38.000,1715,86498
2025-10-29 17:52:38.000,1715,86488
2025-10-29 17:52:39.000,1716,87486
2025-10-29 17:52:39.000,1716,87476
2025-10-29 17:52:39.000,1716,87449
2025-10-29 17:52:39.000,1716,87445
2025-10-29 17:52:39.000,1716,87438
2025-10-29 17:52:39.000,1716,87435
2025-10-29 17:52:39.000,1716,87433
2025-10-29 17:52:39.000,1716,87415
2025-10-29 17:52:39.000,1716,87408
2025-10-29 17:52:39.000,1716,87367
2025-10-29 17:52:40.000,1716,88353
2025-10-29 17:52:40.000,1716,88340
2025-10-29 17:52:40.000,1716,87581
2025-10-29 17:52:40.000,1716,87567
2025-10-29 17:52:40.000,1716,87567
2025-10-29 17:52:40.000,1716,87561
2025-10-29 17:52:40.000,1716,87556
2025-10-29 17:52:40.000,1716,87555
2025-10-29 17:52:40.000,1716,87550
2025-10-29 17:52:40.000,1716,87539
2025-10-29 17:52:41.001,1713,88536
2025-10-29 17:52:41.001,1713,88533
2025-10-29 17:52:41.001,1713,88533
2025-10-29 17:52:41.001,1713,88530
2025-10-29 17:52:41.001,1713,88529
2025-10-29 17:52:41.001,1713,88524
2025-10-29 17:52:41.001,1713,88523
2025-10-29 17:52:41.001,1713,88519
2025-10-29 17:52:41.001,1713,88515
2025-10-29 17:52:41.001,1713,88505
2025-10-29 17:52:42.000,1713,89473
2025-10-29 17:52:42.000,1713,89466
2025-10-29 17:52:42.000,1713,89435
2025-10-29 17:52:42.000,1713,89434
2025-10-29 17:52:42.000,1713,89422
2025-10-29 17:52:42.000,1713,89417
2025-10-29 17:52:42.000,1713,89394
2025-10-29 17:52:42.000,1713,89391
2025-10-29 17:52:42.000,1713,89367
2025-10-29 17:52:42.000,1713,89355
2025-10-29 17:52:43.000,1709,90338
2025-10-29 17:52:43.000,1709,89571
2025-10-29 17:52:43.001,1709,89570
2025-10-29 17:52:43.001,1709,89564
2025-10-29 17:52:43.001,1709,89561
2025-10-29 17:52:43.001,1709,89559
2025-10-29 17:52:43.001,1709,89551
2025-10-29 17:52:43.001,1709,89532
2025-10-29 17:52:43.001,1709,89530
2025-10-29 17:52:43.001,1709,89527
2025-10-29 17:52:44.000,1706,90506
2025-10-29 17:52:44.000,1706,90491
2025-10-29 17:52:44.000,1706,90474
2025-10-29 17:52:44.000,1706,90458
2025-10-29 17:52:44.000,1706,90453
2025-10-29 17:52:44.000,1706,90442
2025-10-29 17:52:44.000,1706,90441
2025-10-29 17:52:44.000,1706,90431
2025-10-29 17:52:44.000,1706,90420
2025-10-29 17:52:44.000,1706,90391
2025-10-29 17:52:45.001,1705,91391
2025-10-29 17:52:45.001,1705,91377
2025-10-29 17:52:45.001,1705,91372
2025-10-29 17:52:45.001,1705,91371
2025-10-29 17:52:45.001,1705,91359
2025-10-29 17:52:45.001,1705,91353
2025-10-29 17:52:45.001,1705,91348
2025-10-29 17:52:45.001,1705,91344
2025-10-29 17:52:45.001,1705,90314
2025-10-29 17:52:45.001,1705,90308
2025-10-29 17:52:46.000,1703,91292
2025-10-29 17:52:46.000,1703,91287
2025-10-29 17:52:46.000,1703,91279
2025-10-29 17:52:46.000,1703,91278
2025-10-29 17:52:46.000,1703,91253
2025-10-29 17:52:46.000,1703,91243
2025-10-29 17:52:46.000,1703,91242
2025-10-29 17:52:46.000,1703,91240
2025-10-29 17:52:46.000,1703,91232
2025-10-29 17:52:46.000,1703,91227
2025-10-29 17:52:47.001,1700,92225
2025-10-29 17:52:47.001,1700,92217
2025-10-29 17:52:47.001,1700,92217
2025-10-29 17:52:47.001,1700,92215
2025-10-29 17:52:47.001,1700,92207
2025-10-29 17:52:47.001,1700,92201
2025-10-29 17:52:47.001,1700,92194
2025-10-29 17:52:47.001,1700,92190
2025-10-29 17:52:47.001,1700,92184
2025-10-29 17:52:47.001,1700,92179
2025-10-29 17:52:48.000,1696,93177
2025-10-29 17:52:48.000,1696,93171
2025-10-29 17:52:48.000,1696,93167
2025-10-29 17:52:48.000,1696,93161
2025-10-29 17:52:48.000,1696,93158
2025-10-29 17:52:48.000,1696,93145
2025-10-29 17:52:48.000,1696,93130
2025-10-29 17:52:48.000,1696,93123
2025-10-29 17:52:48.000,1696,93122
2025-10-29 17:52:48.000,1696,93120
2025-10-29 17:52:49.000,1696,94118
2025-10-29 17:52:49.000,1696,94107
2025-10-29 17:52:49.000,1696,94106
2025-10-29 17:52:49.000,1696,93337
2025-10-29 17:52:49.000,1696,93336
2025-10-29 17:52:49.000,1696,93325
2025-10-29 17:52:49.000,1696,93305
2025-10-29 17:52:49.000,1696,93290
2025-10-29 17:52:49.000,1696,93288
2025-10-29 17:52:49.000,1696,93284
2025-10-29 17:52:50.001,1697,94278
2025-10-29 17:52:50.001,1697,94270
2025-10-29 17:52:50.001,1697,94269
2025-10-29 17:52:50.001,1697,94268
2025-10-29 17:52:50.001,1697,94262
2025-10-29 17:52:50.001,1697,94235
2025-10-29 17:52:50.001,1697,94232
2025-10-29 17:52:50.001,1697,94224
2025-10-29 17:52:50.001,1697,94209
2025-10-29 17:52:50.001,1697,94202
2025-10-29 17:52:51.001,1696,95194
2025-10-29 17:52:51.001,1696,95180
2025-10-29 17:52:51.001,1696,95179
2025-10-29 17:52:51.001,1696,95171
2025-10-29 17:52:51.001,1696,95170
2025-10-29 17:52:51.001,1696,95167
2025-10-29 17:52:51.001,1696,95166
2025-10-29 17:52:51.001,1696,95156
2025-10-29 17:52:51.001,1696,95153
2025-10-29 17:52:51.001,1696,95151
2025-10-29 17:52:52.000,1696,96149
2025-10-29 17:52:52.000,1696,96132
2025-10-29 17:52:52.000,1696,96131
2025-10-29 17:52:52.000,1696,96109
2025-10-29 17:52:52.000,1696,96108
2025-10-29 17:52:52.000,1696,96106
2025-10-29 17:52:52.000,1696,96105
2025-10-29 17:52:52.000,1696,95327
2025-10-29 17:52:52.000,1696,95322
2025-10-29 17:52:52.000,1696,95319
2025-10-29 17:52:53.000,1698,96318
2025-10-29 17:52:53.000,1698,96316
2025-10-29 17:52:53.000,1698,96307
2025-10-29 17:52:53.000,1698,96300
2025-10-29 17:52:53.000,1698,96287
2025-10-29 17:52:53.000,1698,96283
2025-10-29 17:52:53.000,1698,96276
2025-10-29 17:52:53.000,1698,96275
2025-10-29 17:52:53.000,1698,96268
2025-10-29 17:52:53.000,1698,96265
2025-10-29 17:52:54.000,1702,97262
2025-10-29 17:52:54.000,1702,97261
2025-10-29 17:52:54.000,1702,97260
2025-10-29 17:52:54.000,1702,97243
2025-10-29 17:52:54.000,1702,97241
2025-10-29 17:52:54.000,1702,97236
2025-10-29 17:52:54.000,1702,97232
2025-10-29 17:52:54.000,1702,97227
2025-10-29 17:52:54.000,1702,97223
2025-10-29 17:52:54.000,1702,97217
2025-10-29 17:52:55.001,1699,98209
2025-10-29 17:52:55.001,1699,98206
2025-10-29 17:52:55.001,1699,98183
2025-10-29 17:52:55.001,1699,98174
2025-10-29 17:52:55.001,1699,98160
2025-10-29 17:52:55.001,1699,98147
2025-10-29 17:52:55.001,1699,98130
2025-10-29 17:52:55.001,1699,98125
2025-10-29 17:52:55.001,1699,98124
2025-10-29 17:52:55.001,1699,98122
2025-10-29 17:52:56.000,1696,99115
2025-10-29 17:52:56.000,1696,99113
2025-10-29 17:52:56.000,1696,98333
2025-10-29 17:52:56.000,1696,98325
2025-10-29 17:52:56.000,1696,98318
2025-10-29 17:52:56.000,1696,98316
2025-10-29 17:52:56.000,1696,98313
2025-10-29 17:52:56.000,1696,98309
2025-10-29 17:52:56.000,1696,98303
2025-10-29 17:52:56.000,1696,98290
2025-10-29 17:52:57.001,1691,99283
2025-10-29 17:52:57.001,1691,99274
2025-10-29 17:52:57.001,1691,99270
2025-10-29 17:52:57.001,1691,99265
2025-10-29 17:52:57.001,1691,99259
2025-10-29 17:52:57.001,1691,99257
2025-10-29 17:52:57.001,1691,99245
2025-10-29 17:52:57.001,1691,99231
2025-10-29 17:52:57.001,1691,99206
2025-10-29 17:52:57.001,1691,99177
2025-10-29 17:52:58.000,1687,100173
2025-10-29 17:52:58.000,1687,100163
2025-10-29 17:52:58.000,1687,100159
2025-10-29 17:52:58.000,1687,100141
2025-10-29 17:52:58.000,1687,100125
2025-10-29 17:52:58.000,1687,100119
2025-10-29 17:52:58.000,1687,100117
2025-10-29 17:52:58.000,1687,99336
2025-10-29 17:52:58.000,1687,99331
2025-10-29 17:52:58.000,1687,99314
2025-10-29 17:52:59.000,1682,100312
2025-10-29 17:52:59.000,1682,100308
2025-10-29 17:52:59.000,1682,100301
2025-10-29 17:52:59.000,1682,100298
2025-10-29 17:52:59.000,1682,100288
2025-10-29 17:52:59.000,1682,100287
2025-10-29 17:52:59.000,1682,100266
2025-10-29 17:52:59.000,1682,100264
2025-10-29 17:52:59.000,1682,100255
2025-10-29 17:52:59.000,1682,100250
2025-10-29 17:53:00.001,1678,101245
2025-10-29 17:53:00.001,1678,101240
2025-10-29 17:53:00.001,1678,101212
2025-10-29 17:53:00.001,1678,101210
2025-10-29 17:53:00.001,1678,101198
2025-10-29 17:53:00.001,1678,101192
2025-10-29 17:53:00.001,1678,101174
2025-10-29 17:53:00.001,1678,101167
2025-10-29 17:53:00.001,1678,101163
2025-10-29 17:53:00.001,1678,101158
2025-10-29 17:53:01.000,1673,102151
2025-10-29 17:53:01.000,1673,102134
2025-10-29 17:53:01.000,1673,102131
2025-10-29 17:53:01.000,1673,102126
2025-10-29 17:53:01.000,1673,102118
2025-10-29 17:53:01.000,1673,102117
2025-10-29 17:53:01.000,1673,102114
2025-10-29 17:53:01.000,1673,102113
2025-10-29 17:53:01.000,1673,102110
2025-10-29 17:53:01.000,1673,102103
2025-10-29 17:53:02.001,1665,102311
2025-10-29 17:53:02.001,1665,102292
2025-10-29 17:53:02.001,1665,102291
2025-10-29 17:53:02.001,1665,102286
2025-10-29 17:53:02.001,1665,102284
2025-10-29 17:53:02.001,1665,102255
2025-10-29 17:53:02.001,1665,102255
2025-10-29 17:53:02.001,1665,102243
2025-10-29 17:53:02.001,1665,102233
2025-10-29 17:53:02.001,1665,102231
2025-10-29 17:53:03.000,1660,103227
2025-10-29 17:53:03.000,1660,103202
2025-10-29 17:53:03.000,1660,103174
2025-10-29 17:53:03.000,1660,103140
2025-10-29 17:53:03.000,1660,103119
2025-10-29 17:53:03.000,1660,103118
2025-10-29 17:53:03.000,1660,103117
2025-10-29 17:53:03.000,1660,103113
2025-10-29 17:53:03.000,1660,103098
2025-10-29 17:53:03.000,1660,102336
2025-10-29 17:53:04.001,1654,103328
2025-10-29 17:53:04.001,1654,103316
2025-10-29 17:53:04.001,1654,103314
2025-10-29 17:53:04.001,1654,103313
2025-10-29 17:53:04.001,1654,103306
2025-10-29 17:53:04.001,1654,103300
2025-10-29 17:53:04.001,1654,103288
2025-10-29 17:53:04.001,1654,103283
2025-10-29 17:53:04.001,1654,103277
2025-10-29 17:53:04.001,1654,103260
2025-10-29 17:53:05.000,1651,104254
2025-10-29 17:53:05.000,1651,104250
2025-10-29 17:53:05.000,1651,104243
2025-10-29 17:53:05.000,1651,104241
2025-10-29 17:53:05.000,1651,104232
2025-10-29 17:53:05.000,1651,104225
2025-10-29 17:53:05.000,1651,104219
2025-10-29 17:53:05.000,1651,104214
2025-10-29 17:53:05.000,1651,104207
2025-10-29 17:53:05.000,1651,104186
2025-10-29 17:53:06.001,1643,105183
2025-10-29 17:53:06.001,1643,105182
2025-10-29 17:53:06.001,1643,105176
2025-10-29 17:53:06.001,1643,105172
2025-10-29 17:53:06.001,1643,105169
2025-10-29 17:53:06.001,1643,105154
2025-10-29 17:53:06.001,1643,105152
2025-10-29 17:53:06.001,1643,105143
2025-10-29 17:53:06.001,1643,105140
2025-10-29 17:53:06.001,1643,105125
2025-10-29 17:53:07.000,1641,106118
2025-10-29 17:53:07.000,1641,106113
2025-10-29 17:53:07.000,1641,105324
2025-10-29 17:53:07.000,1641,105303
2025-10-29 17:53:07.000,1641,105286
2025-10-29 17:53:07.000,1641,105286
2025-10-29 17:53:07.000,1641,105267
2025-10-29 17:53:07.000,1641,105264
2025-10-29 17:53:07.000,1641,105263
2025-10-29 17:53:07.000,1641,105256
2025-10-29 17:53:08.001,1638,106245
2025-10-29 17:53:08.001,1638,106231
2025-10-29 17:53:08.001,1638,106225
2025-10-29 17:53:08.001,1638,106224
2025-10-29 17:53:08.001,1638,106223
2025-10-29 17:53:08.001,1638,106221
2025-10-29 17:53:08.001,1638,106219
2025-10-29 17:53:08.001,1638,106214
2025-10-29 17:53:08.001,1638,106208
2025-10-29 17:53:08.001,1638,106207
2025-10-29 17:53:09.000,1636,107206
2025-10-29 17:53:09.000,1636,107200
2025-10-29 17:53:09.000,1636,107197
2025-10-29 17:53:09.000,1636,107192
2025-10-29 17:53:09.000,1636,107189
2025-10-29 17:53:09.000,1636,107185
2025-10-29 17:53:09.000,1636,107182
2025-10-29 17:53:09.000,1636,107165
2025-10-29 17:53:09.000,1636,107159
2025-10-29 17:53:09.000,1636,107152
2025-10-29 17:53:10.001,1628,108144
2025-10-29 17:53:10.001,1628,108142
2025-10-29 17:53:10.001,1628,108136
2025-10-29 17:53:10.001,1628,108132
2025-10-29 17:53:10.001,1628,108118
2025-10-29 17:53:10.001,1628,108106
2025-10-29 17:53:10.001,1628,107306
2025-10-29 17:53:10.001,1628,107300
2025-10-29 17:53:10.001,1628,107219
2025-10-29 17:53:10.001,1628,107196
2025-10-29 17:53:11.000,1623,108193
2025-10-29 17:53:11.000,1623,108191
2025-10-29 17:53:11.000,1623,108185
2025-10-29 17:53:11.000,1623,108155
2025-10-29 17:53:11.000,1623,108151
2025-10-29 17:53:11.000,1623,108143
2025-10-29 17:53:11.000,1623,108134
2025-10-29 17:53:11.000,1623,108122
2025-10-29 17:53:11.000,1623,108093
2025-10-29 17:53:11.000,1623,108091
2025-10-29 17:53:12.001,1619,109083
2025-10-29 17:53:12.001,1619,109078
2025-10-29 17:53:12.001,1619,109074
2025-10-29 17:53:12.001,1619,109068
2025-10-29 17:53:12.001,1619,109044
2025-10-29 17:53:12.001,1619,109033
2025-10-29 17:53:12.001,1619,109019
2025-10-29 17:53:12.001,1619,108336
2025-10-29 17:53:12.001,1619,108331
2025-10-29 17:53:12.001,1619,108297
2025-10-29 17:53:13.000,1615,109295
2025-10-29 17:53:13.000,1615,109279
2025-10-29 17:53:13.000,1615,109276
2025-10-29 17:53:13.000,1615,109273
2025-10-29 17:53:13.000,1615,109272
2025-10-29 17:53:13.000,1615,109270
2025-10-29 17:53:13.000,1615,109259
2025-10-29 17:53:13.000,1615,109256
2025-10-29 17:53:13.000,1615,109246
2025-10-29 17:53:13.000,1615,109244
2025-10-29 17:53:14.000,1610,110231
2025-10-29 17:53:14.000,1610,110207
2025-10-29 17:53:14.000,1610,110185
2025-10-29 17:53:14.000,1610,110182
2025-10-29 17:53:14.000,1610,110168
2025-10-29 17:53:14.000,1610,110155
2025-10-29 17:53:14.000,1610,110129
2025-10-29 17:53:14.000,1610,110113
2025-10-29 17:53:14.000,1610,110100
2025-10-29 17:53:14.000,1610,110093
2025-10-29 17:53:15.001,1601,111087
2025-10-29 17:53:15.001,1601,111075
2025-10-29 17:53:15.001,1601,111068
2025-10-29 17:53:15.001,1601,111061
2025-10-29 17:53:15.001,1601,111060
2025-10-29 17:53:15.001,1601,111057
2025-10-29 17:53:15.001,1601,111046
2025-10-29 17:53:15.001,1601,111039
2025-10-29 17:53:15.001,1601,111033
2025-10-29 17:53:15.001,1601,111032
2025-10-29 17:53:16.000,1596,111335
2025-10-29 17:53:16.000,1596,111332
2025-10-29 17:53:16.000,1596,111332
2025-10-29 17:53:16.000,1596,111327
2025-10-29 17:53:16.000,1596,111313
2025-10-29 17:53:16.000,1596,111281
2025-10-29 17:53:16.000,1596,111261
2025-10-29 17:53:16.000,1596,111226
2025-10-29 17:53:16.000,1596,111223
2025-10-29 17:53:16.000,1596,111217
2025-10-29 17:53:17.001,1594,112209
2025-10-29 17:53:17.001,1594,112190
2025-10-29 17:53:17.001,1594,112178
2025-10-29 17:53:17.001,1594,112177
2025-10-29 17:53:17.001,1594,112175
2025-10-29 17:53:17.001,1594,112171
2025-10-29 17:53:17.001,1594,112170
2025-10-29 17:53:17.001,1594,112161
2025-10-29 17:53:17.001,1594,112158
2025-10-29 17:53:17.001,1594,112149
2025-10-29 17:53:18.000,1586,113143
2025-10-29 17:53:18.000,1586,113139
2025-10-29 17:53:18.000,1586,113138
2025-10-29 17:53:18.000,1586,113105
2025-10-29 17:53:18.000,1586,113086
2025-10-29 17:53:18.000,1586,113059
2025-10-29 17:53:18.000,1586,113058
2025-10-29 17:53:18.000,1586,112329
2025-10-29 17:53:18.000,1586,112326
2025-10-29 17:53:18.000,1586,112321
2025-10-29 17:53:19.000,1580,113319
2025-10-29 17:53:19.000,1580,113317
2025-10-29 17:53:19.000,1580,113316
2025-10-29 17:53:19.000,1580,113299
2025-10-29 17:53:19.000,1580,113296
2025-10-29 17:53:19.000,1580,113291
2025-10-29 17:53:19.000,1580,113275
2025-10-29 17:53:19.000,1580,113266
2025-10-29 17:53:19.000,1580,113259
2025-10-29 17:53:19.000,1580,113255
2025-10-29 17:53:20.000,1572,114253
2025-10-29 17:53:20.000,1572,114249
2025-10-29 17:53:20.000,1572,114246
2025-10-29 17:53:20.000,1572,114231
2025-10-29 17:53:20.000,1572,114230
2025-10-29 17:53:20.000,1572,114229
2025-10-29 17:53:20.000,1572,114226
2025-10-29 17:53:20.000,1572,114225
2025-10-29 17:53:20.000,1572,114221
2025-10-29 17:53:20.000,1572,114206
2025-10-29 17:53:21.001,1567,115205
2025-10-29 17:53:21.001,1567,115196
2025-10-29 17:53:21.001,1567,115193
2025-10-29 17:53:21.001,1567,115190
2025-10-29 17:53:21.001,1567,115186
2025-10-29 17:53:21.001,1567,115182
2025-10-29 17:53:21.001,1567,115176
2025-10-29 17:53:21.001,1567,115168
2025-10-29 17:53:21.001,1567,115161
2025-10-29 17:53:21.001,1567,115160
2025-10-29 17:53:22.000,1567,116137
2025-10-29 17:53:22.000,1567,116134
2025-10-29 17:53:22.000,1567,116128
2025-10-29 17:53:22.000,1567,115335
2025-10-29 17:53:22.000,1567,115330
2025-10-29 17:53:22.000,1567,115311
2025-10-29 17:53:22.000,1567,115308
2025-10-29 17:53:22.000,1567,115306
2025-10-29 17:53:22.000,1567,115292
2025-10-29 17:53:22.000,1567,115257
2025-10-29 17:53:23.000,1557,116244
2025-10-29 17:53:23.000,1557,116206
2025-10-29 17:53:23.000,1557,116163
2025-10-29 17:53:23.000,1557,116155
2025-10-29 17:53:23.000,1557,116142
2025-10-29 17:53:23.000,1557,116121
2025-10-29 17:53:23.000,1557,116081
2025-10-29 17:53:23.000,1557,116079
2025-10-29 17:53:23.000,1557,116071
2025-10-29 17:53:23.000,1557,116054
2025-10-29 17:53:24.001,1549,117028
2025-10-29 17:53:24.001,1549,117024
2025-10-29 17:53:24.001,1549,117018
2025-10-29 17:53:24.001,1549,117016
2025-10-29 17:53:24.001,1549,116999
2025-10-29 17:53:24.001,1549,116997
2025-10-29 17:53:24.001,1549,116995
2025-10-29 17:53:24.001,1549,116987
2025-10-29 17:53:24.001,1549,116967
2025-10-29 17:53:24.001,1549,116966
2025-10-29 17:53:25.000,1541,117946
2025-10-29 17:53:25.000,1541,117934
2025-10-29 17:53:25.000,1541,117311
2025-10-29 17:53:25.000,1541,117285
2025-10-29 17:53:25.000,1541,117277
2025-10-29 17:53:25.000,1541,117271
2025-10-29 17:53:25.000,1541,117262
2025-10-29 17:53:25.000,1541,117227
2025-10-29 17:53:25.000,1541,117223
2025-10-29 17:53:25.000,1541,117222
2025-10-29 17:53:26.000,1533,118195
2025-10-29 17:53:26.000,1533,118186
2025-10-29 17:53:26.000,1533,118141
2025-10-29 17:53:26.000,1533,118135
2025-10-29 17:53:26.000,1533,118076
2025-10-29 17:53:26.000,1533,118067
2025-10-29 17:53:26.000,1533,118003
2025-10-29 17:53:26.000,1533,117999
2025-10-29 17:53:26.000,1533,117991
2025-10-29 17:53:26.000,1533,117965
2025-10-29 17:53:27.001,1526,118935
2025-10-29 17:53:27.001,1526,118911
2025-10-29 17:53:27.001,1526,118909
2025-10-29 17:53:27.001,1526,118840
2025-10-29 17:53:27.001,1526,118835
2025-10-29 17:53:27.001,1526,118821
2025-10-29 17:53:27.001,1526,118800
2025-10-29 17:53:27.001,1526,118788
2025-10-29 17:53:27.001,1526,118784
2025-10-29 17:53:27.001,1526,118338
2025-10-29 17:53:28.000,1520,119298
2025-10-29 17:53:28.000,1520,119290
2025-10-29 17:53:28.000,1520,119287
2025-10-29 17:53:28.000,1520,119282
2025-10-29 17:53:28.000,1520,119277
2025-10-29 17:53:28.000,1520,119270
2025-10-29 17:53:28.000,1520,119258
2025-10-29 17:53:28.000,1520,119227
2025-10-29 17:53:28.000,1520,119215
2025-10-29 17:53:28.000,1520,119212
2025-10-29 17:53:29.000,1512,120202
2025-10-29 17:53:29.000,1512,120198
2025-10-29 17:53:29.000,1512,120191
2025-10-29 17:53:29.000,1512,120186
2025-10-29 17:53:29.000,1512,120182
2025-10-29 17:53:29.000,1512,120179
2025-10-29 17:53:29.000,1512,120172
2025-10-29 17:53:29.000,1512,120168
2025-10-29 17:53:29.000,1512,120164
2025-10-29 17:53:29.000,1512,120161
2025-10-29 17:53:30.000,1506,121153
2025-10-29 17:53:30.000,1506,121151
2025-10-29 17:53:30.000,1506,121145
2025-10-29 17:53:30.000,1506,121137
2025-10-29 17:53:30.000,1506,121118
2025-10-29 17:53:30.000,1506,121073
2025-10-29 17:53:30.000,1506,121070
2025-10-29 17:53:30.000,1506,121057
2025-10-29 17:53:30.000,1506,121055
2025-10-29 17:53:30.000,1506,121053
2025-10-29 17:53:31.000,1505,122052
2025-10-29 17:53:31.000,1505,122049
2025-10-29 17:53:31.000,1505,122048
2025-10-29 17:53:31.000,1505,122042
2025-10-29 17:53:31.000,1505,122038
2025-10-29 17:53:31.000,1505,121332
2025-10-29 17:53:31.000,1505,121327
2025-10-29 17:53:31.000,1505,121324
2025-10-29 17:53:31.000,1505,121321
2025-10-29 17:53:31.000,1505,121316
2025-10-29 17:53:32.001,1500,122316
2025-10-29 17:53:32.001,1500,122312
2025-10-29 17:53:32.001,1500,122292
2025-10-29 17:53:32.001,1500,122274
2025-10-29 17:53:32.001,1500,122262
2025-10-29 17:53:32.001,1500,122258
2025-10-29 17:53:32.001,1500,122257
2025-10-29 17:53:32.001,1500,122247
2025-10-29 17:53:32.001,1500,122244
2025-10-29 17:53:32.001,1500,122243
2025-10-29 17:53:33.000,1492,123229
2025-10-29 17:53:33.000,1492,123224
2025-10-29 17:53:33.000,1492,123207
2025-10-29 17:53:33.000,1492,123198
2025-10-29 17:53:33.000,1492,123196
2025-10-29 17:53:33.000,1492,123187
2025-10-29 17:53:33.000,1492,123182
2025-10-29 17:53:33.000,1492,123162
2025-10-29 17:53:33.000,1492,123160
2025-10-29 17:53:33.000,1492,123157
2025-10-29 17:53:34.001,1485,124150
2025-10-29 17:53:34.001,1485,124146
2025-10-29 17:53:34.001,1485,124109
2025-10-29 17:53:34.001,1485,124104
2025-10-29 17:53:34.001,1485,124103
2025-10-29 17:53:34.001,1485,124101
2025-10-29 17:53:34.001,1485,123333
2025-10-29 17:53:34.001,1485,123330
2025-10-29 17:53:34.001,1485,123320
2025-10-29 17:53:34.001,1485,123317
2025-10-29 17:53:35.000,1480,124314
2025-10-29 17:53:35.000,1480,124294
2025-10-29 17:53:35.000,1480,124290
2025-10-29 17:53:35.000,1480,124276
2025-10-29 17:53:35.000,1480,124274
2025-10-29 17:53:35.000,1480,124251
2025-10-29 17:53:35.000,1480,124238
2025-10-29 17:53:35.000,1480,124236
2025-10-29 17:53:35.000,1480,124228
2025-10-29 17:53:35.000,1480,124223
2025-10-29 17:53:36.000,1475,125215
2025-10-29 17:53:36.000,1475,125203
2025-10-29 17:53:36.000,1475,125181
2025-10-29 17:53:36.000,1475,125175
2025-10-29 17:53:36.000,1475,125164
2025-10-29 17:53:36.000,1475,125151
2025-10-29 17:53:36.000,1475,125144
2025-10-29 17:53:36.000,1475,125132
2025-10-29 17:53:36.000,1475,125128
2025-10-29 17:53:36.000,1475,125106
2025-10-29 17:53:37.001,1468,126104
2025-10-29 17:53:37.001,1468,126100
2025-10-29 17:53:37.001,1468,125315
2025-10-29 17:53:37.001,1468,125312
2025-10-29 17:53:37.001,1468,125289
2025-10-29 17:53:37.001,1468,125288
2025-10-29 17:53:37.001,1468,125286
2025-10-29 17:53:37.001,1468,125273
2025-10-29 17:53:37.001,1468,125253
2025-10-29 17:53:37.001,1468,125249
2025-10-29 17:53:38.000,1463,126246
2025-10-29 17:53:38.000,1463,126236
2025-10-29 17:53:38.000,1463,126224
2025-10-29 17:53:38.000,1463,126218
2025-10-29 17:53:38.000,1463,126211
2025-10-29 17:53:38.000,1463,126208
2025-10-29 17:53:38.000,1463,126207
2025-10-29 17:53:38.000,1463,126203
2025-10-29 17:53:38.000,1463,126201
2025-10-29 17:53:38.000,1463,126199
2025-10-29 17:53:39.000,1457,127191
2025-10-29 17:53:39.000,1457,127190
2025-10-29 17:53:39.000,1457,127173
2025-10-29 17:53:39.000,1457,127159
2025-10-29 17:53:39.000,1457,127148
2025-10-29 17:53:39.000,1457,127144
2025-10-29 17:53:39.000,1457,127140
2025-10-29 17:53:39.000,1457,127135
2025-10-29 17:53:39.000,1457,127124
2025-10-29 17:53:39.000,1457,127115
2025-10-29 17:53:40.001,1448,128111
2025-10-29 17:53:40.001,1448,128104
2025-10-29 17:53:40.001,1448,128094
2025-10-29 17:53:40.001,1448,128091
2025-10-29 17:53:40.001,1448,127324
2025-10-29 17:53:40.001,1448,127312
2025-10-29 17:53:40.001,1448,127285
2025-10-29 17:53:40.001,1448,127276
2025-10-29 17:53:40.001,1448,127256
2025-10-29 17:53:40.001,1448,127252
2025-10-29 17:53:41.000,1441,128249
2025-10-29 17:53:41.000,1441,128247
2025-10-29 17:53:41.000,1441,128244
2025-10-29 17:53:41.000,1441,128236
2025-10-29 17:53:41.000,1441,128232
2025-10-29 17:53:41.000,1441,128205
2025-10-29 17:53:41.000,1441,128174
2025-10-29 17:53:41.000,1441,128167
2025-10-29 17:53:41.000,1441,128159
2025-10-29 17:53:41.000,1441,128123
2025-10-29 17:53:42.001,1436,129099
2025-10-29 17:53:42.001,1436,129092
2025-10-29 17:53:42.001,1436,129087
2025-10-29 17:53:42.001,1436,129069
2025-10-29 17:53:42.001,1436,129055
2025-10-29 17:53:42.001,1436,129034
2025-10-29 17:53:42.001,1436,128321
2025-10-29 17:53:42.001,1436,128314
2025-10-29 17:53:42.001,1436,128292
2025-10-29 17:53:42.001,1436,128289
2025-10-29 17:53:43.000,1429,129280
2025-10-29 17:53:43.000,1429,129277
2025-10-29 17:53:43.000,1429,129271
2025-10-29 17:53:43.000,1429,129269
2025-10-29 17:53:43.000,1429,129228
2025-10-29 17:53:43.000,1429,129226
2025-10-29 17:53:43.000,1429,129224
2025-10-29 17:53:43.000,1429,129215
2025-10-29 17:53:43.000,1429,129206
2025-10-29 17:53:43.000,1429,129182
2025-10-29 17:53:44.001,1423,130155
2025-10-29 17:53:44.001,1423,130154
2025-10-29 17:53:44.001,1423,130125
2025-10-29 17:53:44.001,1423,130111
2025-10-29 17:53:44.001,1423,130109
2025-10-29 17:53:44.001,1423,130108
2025-10-29 17:53:44.001,1423,130099
2025-10-29 17:53:44.001,1423,130054
2025-10-29 17:53:44.001,1423,130041
2025-10-29 17:53:44.001,1423,130034
2025-10-29 17:53:45.000,1418,129985
2025-10-29 17:53:45.000,1418,129965
2025-10-29 17:53:45.000,1418,129963
2025-10-29 17:53:45.000,1418,129959
2025-10-29 17:53:45.000,1418,129954
2025-10-29 17:53:45.000,1418,129953
2025-10-29 17:53:45.000,1418,129946
2025-10-29 17:53:45.000,1418,129937
2025-10-29 17:53:45.000,1418,129933
2025-10-29 17:53:45.000,1418,129921
2025-10-29 17:53:46.000,1410,130918
2025-10-29 17:53:46.000,1410,130902
2025-10-29 17:53:46.000,1410,130897
2025-10-29 17:53:46.000,1410,130889
2025-10-29 17:53:46.000,1410,130880
2025-10-29 17:53:46.000,1410,130869
2025-10-29 17:53:46.000,1410,130864
2025-10-29 17:53:46.000,1410,130849
2025-10-29 17:53:46.000,1410,130836
2025-10-29 17:53:46.000,1410,130829
2025-10-29 17:53:47.000,1404,131817
2025-10-29 17:53:47.000,1404,131807
2025-10-29 17:53:47.000,1404,131780
2025-10-29 17:53:47.000,1404,131773
2025-10-29 17:53:47.000,1404,131771
2025-10-29 17:53:47.000,1404,131007
2025-10-29 17:53:47.000,1404,130998
2025-10-29 17:53:47.000,1404,130977
2025-10-29 17:53:47.000,1404,130969
2025-10-29 17:53:47.000,1404,130963
2025-10-29 17:53:48.001,1398,131943
2025-10-29 17:53:48.001,1398,131942
2025-10-29 17:53:48.001,1398,131938
2025-10-29 17:53:48.001,1398,131927
2025-10-29 17:53:48.001,1398,131919
2025-10-29 17:53:48.001,1398,131915
2025-10-29 17:53:48.001,1398,131905
2025-10-29 17:53:48.001,1398,131887
2025-10-29 17:53:48.001,1398,131883
2025-10-29 17:53:48.001,1398,131876
2025-10-29 17:53:49.000,1390,132867
2025-10-29 17:53:49.000,1390,132856
2025-10-29 17:53:49.000,1390,132839
2025-10-29 17:53:49.000,1390,132814
2025-10-29 17:53:49.000,1390,132793
2025-10-29 17:53:49.000,1390,131986
2025-10-29 17:53:49.000,1390,131981
2025-10-29 17:53:49.000,1390,131977
2025-10-29 17:53:49.000,1390,131962
2025-10-29 17:53:49.000,1390,131941
2025-10-29 17:53:50.001,1383,132937
2025-10-29 17:53:50.001,1383,132930
2025-10-29 17:53:50.001,1383,132928
2025-10-29 17:53:50.001,1383,132923
2025-10-29 17:53:50.001,1383,132919
2025-10-29 17:53:50.001,1383,132917
2025-10-29 17:53:50.001,1383,132907
2025-10-29 17:53:50.001,1383,132895
2025-10-29 17:53:50.001,1383,132861
2025-10-29 17:53:50.001,1383,132858
2025-10-29 17:53:51.000,1376,133852
2025-10-29 17:53:51.000,1376,133851
2025-10-29 17:53:51.000,1376,133837
2025-10-29 17:53:51.000,1376,133830
2025-10-29 17:53:51.000,1376,133829
2025-10-29 17:53:51.000,1376,133820
2025-10-29 17:53:51.000,1376,133005
2025-10-29 17:53:51.000,1376,132993
2025-10-29 17:53:51.000,1376,132963
2025-10-29 17:53:51.000,1376,132937
2025-10-29 17:53:52.000,1369,133918
2025-10-29 17:53:52.000,1369,133916
2025-10-29 17:53:52.000,1369,133913
2025-10-29 17:53:52.000,1369,133907
2025-10-29 17:53:52.000,1369,133902
2025-10-29 17:53:52.000,1369,133889
2025-10-29 17:53:52.000,1369,133882
2025-10-29 17:53:52.000,1369,133870
2025-10-29 17:53:52.000,1369,133863
2025-10-29 17:53:52.000,1369,133853
2025-10-29 17:53:53.001,1363,134852
2025-10-29 17:53:53.001,1363,134847
2025-10-29 17:53:53.001,1363,134839
2025-10-29 17:53:53.001,1363,134836
2025-10-29 17:53:53.001,1363,134824
2025-10-29 17:53:53.001,1363,134815
2025-10-29 17:53:53.001,1363,134809
2025-10-29 17:53:53.001,1363,134807
2025-10-29 17:53:53.001,1363,134005
2025-10-29 17:53:53.001,1363,134003
2025-10-29 17:53:54.000,1356,135001
2025-10-29 17:53:54.000,1356,135000
2025-10-29 17:53:54.000,1356,134975
2025-10-29 17:53:54.000,1356,134959
2025-10-29 17:53:54.000,1356,134958
2025-10-29 17:53:54.000,1356,134957
2025-10-29 17:53:54.000,1356,134948
2025-10-29 17:53:54.000,1356,134940
2025-10-29 17:53:54.000,1356,134933
2025-10-29 17:53:54.000,1356,134919
2025-10-29 17:53:55.001,1348,135919
2025-10-29 17:53:55.001,1348,135918
2025-10-29 17:53:55.001,1348,135913
2025-10-29 17:53:55.001,1348,135907
2025-10-29 17:53:55.001,1348,135901
2025-10-29 17:53:55.001,1348,135897
2025-10-29 17:53:55.001,1348,135888
2025-10-29 17:53:55.001,1348,135879
2025-10-29 17:53:55.001,1348,135877
2025-10-29 17:53:55.001,1348,135877
2025-10-29 17:53:56.000,1343,136823
2025-10-29 17:53:56.000,1343,136822
2025-10-29 17:53:56.000,1343,136820
2025-10-29 17:53:56.000,1343,136818
2025-10-29 17:53:56.000,1343,136815
2025-10-29 17:53:56.000,1343,136808
2025-10-29 17:53:56.000,1343,135997
2025-10-29 17:53:56.000,1343,135982
2025-10-29 17:53:56.000,1343,135958
2025-10-29 17:53:56.000,1343,135946
2025-10-29 17:53:57.000,1337,136941
2025-10-29 17:53:57.000,1337,136936
2025-10-29 17:53:57.000,1337,136929
2025-10-29 17:53:57.000,1337,136921
2025-10-29 17:53:57.000,1337,136914
2025-10-29 17:53:57.000,1337,136904
2025-10-29 17:53:57.000,1337,136892
2025-10-29 17:53:57.000,1337,136888
2025-10-29 17:53:57.000,1337,136883
2025-10-29 17:53:57.000,1337,136883
2025-10-29 17:53:58.001,1332,137879
2025-10-29 17:53:58.001,1332,137867
2025-10-29 17:53:58.001,1332,137853
2025-10-29 17:53:58.001,1332,137850
2025-10-29 17:53:58.001,1332,137848
2025-10-29 17:53:58.001,1332,137839
2025-10-29 17:53:58.001,1332,137827
2025-10-29 17:53:58.001,1332,137823
2025-10-29 17:53:58.001,1332,136999
2025-10-29 17:53:58.001,1332,136997
2025-10-29 17:53:59.001,1326,137979
2025-10-29 17:53:59.001,1326,137978
2025-10-29 17:53:59.001,1326,137974
2025-10-29 17:53:59.001,1326,137969
2025-10-29 17:53:59.001,1326,137965
2025-10-29 17:53:59.001,1326,137953
2025-10-29 17:53:59.001,1326,137946
2025-10-29 17:53:59.001,1326,137916
2025-10-29 17:53:59.001,1326,137910
2025-10-29 17:53:59.001,1326,137909
2025-10-29 17:54:00.000,1318,138903
2025-10-29 17:54:00.000,1318,138901
2025-10-29 17:54:00.000,1318,138901
2025-10-29 17:54:00.000,1318,138897
2025-10-29 17:54:00.000,1318,138888
2025-10-29 17:54:00.000,1318,138887
2025-10-29 17:54:00.000,1318,138886
2025-10-29 17:54:00.000,1318,138885
2025-10-29 17:54:00.000,1318,138881
2025-10-29 17:54:00.000,1318,138881
2025-10-29 17:54:01.000,1311,139872
2025-10-29 17:54:01.000,1311,139864
2025-10-29 17:54:01.000,1311,139848
2025-10-29 17:54:01.000,1311,139842
2025-10-29 17:54:01.000,1311,139831
2025-10-29 17:54:01.000,1311,139006
2025-10-29 17:54:01.000,1311,139005
2025-10-29 17:54:01.000,1311,138988
2025-10-29 17:54:01.000,1311,138974
2025-10-29 17:54:01.000,1311,138970
2025-10-29 17:54:02.001,1303,139970
2025-10-29 17:54:02.001,1303,139952
2025-10-29 17:54:02.001,1303,139947
2025-10-29 17:54:02.001,1303,139945
2025-10-29 17:54:02.001,1303,139935
2025-10-29 17:54:02.001,1303,139920
2025-10-29 17:54:02.001,1303,139916
2025-10-29 17:54:02.001,1303,139909
2025-10-29 17:54:02.001,1303,139907
2025-10-29 17:54:02.001,1303,139899
2025-10-29 17:54:03.000,1298,140879
2025-10-29 17:54:03.000,1298,140865
2025-10-29 17:54:03.000,1298,140861
2025-10-29 17:54:03.000,1298,140859
2025-10-29 17:54:03.000,1298,140858
2025-10-29 17:54:03.000,1298,140855
2025-10-29 17:54:03.000,1298,140853
2025-10-29 17:54:03.000,1298,140848
2025-10-29 17:54:03.000,1298,140844
2025-10-29 17:54:03.000,1298,140842
2025-10-29 17:54:04.000,1293,141834
2025-10-29 17:54:04.000,1293,141827
2025-10-29 17:54:04.000,1293,141004
2025-10-29 17:54:04.000,1293,140995
2025-10-29 17:54:04.000,1293,140989
2025-10-29 17:54:04.000,1293,140972
2025-10-29 17:54:04.000,1293,140971
2025-10-29 17:54:04.000,1293,140967
2025-10-29 17:54:04.000,1293,140963
2025-10-29 17:54:04.000,1293,140951
2025-10-29 17:54:05.001,1285,141950
2025-10-29 17:54:05.001,1285,141949
2025-10-29 17:54:05.001,1285,141946
2025-10-29 17:54:05.001,1285,141932
2025-10-29 17:54:05.001,1285,141926
2025-10-29 17:54:05.001,1285,141925
2025-10-29 17:54:05.001,1285,141914
2025-10-29 17:54:05.001,1285,141903
2025-10-29 17:54:05.001,1285,141885
2025-10-29 17:54:05.001,1285,141881
2025-10-29 17:54:06.000,1279,142844
2025-10-29 17:54:06.000,1279,142834
2025-10-29 17:54:06.000,1279,142832
2025-10-29 17:54:06.000,1279,142820
2025-10-29 17:54:06.000,1279,142819
2025-10-29 17:54:06.000,1279,142815
2025-10-29 17:54:06.000,1279,142807
2025-10-29 17:54:06.000,1279,142008
2025-10-29 17:54:06.000,1279,142006
2025-10-29 17:54:06.000,1279,141992
2025-10-29 17:54:07.000,1270,142988
2025-10-29 17:54:07.000,1270,142986
2025-10-29 17:54:07.000,1270,142974
2025-10-29 17:54:07.000,1270,142966
2025-10-29 17:54:07.000,1270,142966
2025-10-29 17:54:07.000,1270,142949
2025-10-29 17:54:07.000,1270,142944
2025-10-29 17:54:07.000,1270,142943
2025-10-29 17:54:07.000,1270,142921
2025-10-29 17:54:07.000,1270,142917
2025-10-29 17:54:08.001,1263,143914
2025-10-29 17:54:08.001,1263,143901
2025-10-29 17:54:08.001,1263,143900
2025-10-29 17:54:08.001,1263,143898
2025-10-29 17:54:08.001,1263,143884
2025-10-29 17:54:08.001,1263,143878
2025-10-29 17:54:08.001,1263,143873
2025-10-29 17:54:08.001,1263,143871
2025-10-29 17:54:08.001,1263,143854
2025-10-29 17:54:08.001,1263,143850
2025-10-29 17:54:09.000,1266,144835
2025-10-29 17:54:09.000,1266,144833
2025-10-29 17:54:09.000,1266,144832
2025-10-29 17:54:09.000,1266,144831
2025-10-29 17:54:09.000,1266,144827
2025-10-29 17:54:09.000,1266,144001
2025-10-29 17:54:09.000,1266,143992
2025-10-29 17:54:09.000,1266,143965
2025-10-29 17:54:09.000,1266,143953
2025-10-29 17:54:09.000,1266,143951
2025-10-29 17:54:10.001,1262,144945
2025-10-29 17:54:10.001,1262,144940
2025-10-29 17:54:10.001,1262,144937
2025-10-29 17:54:10.001,1262,144919
2025-10-29 17:54:10.001,1262,144918
2025-10-29 17:54:10.001,1262,144902
2025-10-29 17:54:10.001,1262,144890
2025-10-29 17:54:10.001,1262,144881
2025-10-29 17:54:10.001,1262,144869
2025-10-29 17:54:10.001,1262,144864
2025-10-29 17:54:11.000,1255,145853
2025-10-29 17:54:11.000,1255,145851
2025-10-29 17:54:11.000,1255,145840
2025-10-29 17:54:11.000,1255,145832
2025-10-29 17:54:11.000,1255,145002
2025-10-29 17:54:11.000,1255,145000
2025-10-29 17:54:11.000,1255,144997
2025-10-29 17:54:11.000,1255,144991
2025-10-29 17:54:11.000,1255,144986
2025-10-29 17:54:11.000,1255,144984
2025-10-29 17:54:12.000,1251,145982
2025-10-29 17:54:12.000,1251,145977
2025-10-29 17:54:12.000,1251,145976
2025-10-29 17:54:12.000,1251,145967
2025-10-29 17:54:12.000,1251,145963
2025-10-29 17:54:12.000,1251,145962
2025-10-29 17:54:12.000,1251,145949
2025-10-29 17:54:12.000,1251,145942
2025-10-29 17:54:12.000,1251,145935
2025-10-29 17:54:12.000,1251,145927
2025-10-29 17:54:13.001,1249,146917
2025-10-29 17:54:13.001,1249,146911
2025-10-29 17:54:13.001,1249,146909
2025-10-29 17:54:13.001,1249,146901
2025-10-29 17:54:13.001,1249,146900
2025-10-29 17:54:13.001,1249,146899
2025-10-29 17:54:13.001,1249,146897
2025-10-29 17:54:13.001,1249,146888
2025-10-29 17:54:13.001,1249,146883
2025-10-29 17:54:13.001,1249,146877
2025-10-29 17:54:14.000,1243,147864
2025-10-29 17:54:14.000,1243,147850
2025-10-29 17:54:14.000,1243,147844
2025-10-29 17:54:14.000,1243,147841
2025-10-29 17:54:14.000,1243,146996
2025-10-29 17:54:14.000,1243,146993
2025-10-29 17:54:14.000,1243,146991
2025-10-29 17:54:14.000,1243,146990
2025-10-29 17:54:14.000,1243,146984
2025-10-29 17:54:14.000,1243,146969
2025-10-29 17:54:15.001,1237,147964
2025-10-29 17:54:15.001,1237,147959
2025-10-29 17:54:15.001,1237,147941
2025-10-29 17:54:15.001,1237,147941
2025-10-29 17:54:15.001,1237,147931
2025-10-29 17:54:15.001,1237,147919
2025-10-29 17:54:15.001,1237,147906
2025-10-29 17:54:15.001,1237,147891
2025-10-29 17:54:15.001,1237,147869
2025-10-29 17:54:15.001,1237,147868
2025-10-29 17:54:16.000,1231,148857
2025-10-29 17:54:16.000,1231,148820
2025-10-29 17:54:16.000,1231,148005
2025-10-29 17:54:16.000,1231,147996
2025-10-29 17:54:16.000,1231,147990
2025-10-29 17:54:16.000,1231,147967
2025-10-29 17:54:16.000,1231,147959
2025-10-29 17:54:16.000,1231,147958
2025-10-29 17:54:16.000,1231,147942
2025-10-29 17:54:16.000,1231,147938
2025-10-29 17:54:17.000,1224,148899
2025-10-29 17:54:17.000,1224,148892
2025-10-29 17:54:17.000,1224,148862
2025-10-29 17:54:17.000,1224,148861
2025-10-29 17:54:17.000,1224,148855
2025-10-29 17:54:17.000,1224,148847
2025-10-29 17:54:17.000,1224,148846
2025-10-29 17:54:17.000,1224,148843
2025-10-29 17:54:17.000,1224,148841
2025-10-29 17:54:17.000,1224,148836
2025-10-29 17:54:18.001,1219,149834
2025-10-29 17:54:18.001,1219,149833
2025-10-29 17:54:18.001,1219,149825
2025-10-29 17:54:18.001,1219,149000
2025-10-29 17:54:18.001,1219,148996
2025-10-29 17:54:18.001,1219,148992
2025-10-29 17:54:18.001,1219,148969
2025-10-29 17:54:18.001,1219,148961
2025-10-29 17:54:18.001,1219,148949
2025-10-29 17:54:18.001,1219,148943
2025-10-29 17:54:19.000,1212,149906
2025-10-29 17:54:19.000,1212,149904
2025-10-29 17:54:19.000,1212,149879
2025-10-29 17:54:19.000,1212,149874
2025-10-29 17:54:19.000,1212,149872
2025-10-29 17:54:19.000,1212,149858
2025-10-29 17:54:19.000,1212,149845
2025-10-29 17:54:19.000,1212,149843
2025-10-29 17:54:19.000,1212,149840
2025-10-29 17:54:19.000,1212,149822
2025-10-29 17:54:20.001,1211,150820
2025-10-29 17:54:20.001,1211,150817
2025-10-29 17:54:20.001,1211,150807
2025-10-29 17:54:20.001,1211,150804
2025-10-29 17:54:20.001,1211,150001
2025-10-29 17:54:20.001,1211,149997
2025-10-29 17:54:20.001,1211,149978
2025-10-29 17:54:20.001,1211,149975
2025-10-29 17:54:20.001,1211,149969
2025-10-29 17:54:20.001,1211,149966
2025-10-29 17:54:21.000,1202,150958
2025-10-29 17:54:21.000,1202,150948
2025-10-29 17:54:21.000,1202,150947
2025-10-29 17:54:21.000,1202,150945
2025-10-29 17:54:21.000,1202,150942
2025-10-29 17:54:21.000,1202,150939
2025-10-29 17:54:21.000,1202,150929
2025-10-29 17:54:21.000,1202,150928
2025-10-29 17:54:21.000,1202,150927
2025-10-29 17:54:21.000,1202,150904
2025-10-29 17:54:22.001,1196,151902
2025-10-29 17:54:22.001,1196,151899
2025-10-29 17:54:22.001,1196,151896
2025-10-29 17:54:22.001,1196,151890
2025-10-29 17:54:22.001,1196,151889
2025-10-29 17:54:22.001,1196,151885
2025-10-29 17:54:22.001,1196,151879
2025-10-29 17:54:22.001,1196,151868
2025-10-29 17:54:22.001,1196,151860
2025-10-29 17:54:22.001,1196,151859
2025-10-29 17:54:23.000,1190,152833
2025-10-29 17:54:23.000,1190,152005
2025-10-29 17:54:23.000,1190,151999
2025-10-29 17:54:23.000,1190,151993
2025-10-29 17:54:23.000,1190,151992
2025-10-29 17:54:23.000,1190,151983
2025-10-29 17:54:23.000,1190,151974
2025-10-29 17:54:23.000,1190,151971
2025-10-29 17:54:23.000,1190,151967
2025-10-29 17:54:23.000,1190,151963
2025-10-29 17:54:24.001,1184,152957
2025-10-29 17:54:24.001,1184,152949
2025-10-29 17:54:24.001,1184,152933
2025-10-29 17:54:24.001,1184,152930
2025-10-29 17:54:24.001,1184,152913
2025-10-29 17:54:24.001,1184,152912
2025-10-29 17:54:24.001,1184,152873
2025-10-29 17:54:24.001,1184,152870
2025-10-29 17:54:24.001,1184,152863
2025-10-29 17:54:24.001,1184,152853
2025-10-29 17:54:25.000,1176,153848
2025-10-29 17:54:25.000,1176,153839
2025-10-29 17:54:25.000,1176,153832
2025-10-29 17:54:25.000,1176,153826
2025-10-29 17:54:25.000,1176,153823
2025-10-29 17:54:25.000,1176,153811
2025-10-29 17:54:25.000,1176,153804
2025-10-29 17:54:25.000,1176,153797
2025-10-29 17:54:25.000,1176,153786
2025-10-29 17:54:25.000,1176,153784
2025-10-29 17:54:26.000,1169,154006
2025-10-29 17:54:26.000,1169,154004
2025-10-29 17:54:26.000,1169,154001
2025-10-29 17:54:26.000,1169,153999
2025-10-29 17:54:26.000,1169,153996
2025-10-29 17:54:26.000,1169,153990
2025-10-29 17:54:26.000,1169,153983
2025-10-29 17:54:26.000,1169,153954
2025-10-29 17:54:26.000,1169,153947
2025-10-29 17:54:26.000,1169,153941
2025-10-29 17:54:27.001,1163,154940
2025-10-29 17:54:27.001,1163,154938
2025-10-29 17:54:27.001,1163,154935
2025-10-29 17:54:27.001,1163,154924
2025-10-29 17:54:27.001,1163,154921
2025-10-29 17:54:27.001,1163,154904
2025-10-29 17:54:27.001,1163,154891
2025-10-29 17:54:27.001,1163,154882
2025-10-29 17:54:27.001,1163,154879
2025-10-29 17:54:27.001,1163,154869
2025-10-29 17:54:28.000,1155,155867
2025-10-29 17:54:28.000,1155,155843
2025-10-29 17:54:28.000,1155,155840
2025-10-29 17:54:28.000,1155,155837
2025-10-29 17:54:28.000,1155,155829
2025-10-29 17:54:28.000,1155,155828
2025-10-29 17:54:28.000,1155,155825
2025-10-29 17:54:28.000,1155,154998
2025-10-29 17:54:28.000,1155,154995
2025-10-29 17:54:28.000,1155,154981
2025-10-29 17:54:29.001,1147,155978
2025-10-29 17:54:29.001,1147,155974
2025-10-29 17:54:29.001,1147,155971
2025-10-29 17:54:29.001,1147,155958
2025-10-29 17:54:29.001,1147,155957
2025-10-29 17:54:29.001,1147,155954
2025-10-29 17:54:29.001,1147,155948
2025-10-29 17:54:29.001,1147,155945
2025-10-29 17:54:29.001,1147,155927
2025-10-29 17:54:29.001,1147,155924
2025-10-29 17:54:30.000,1141,156918
2025-10-29 17:54:30.000,1141,156896
2025-10-29 17:54:30.000,1141,156891
2025-10-29 17:54:30.000,1141,156867
2025-10-29 17:54:30.000,1141,156858
2025-10-29 17:54:30.000,1141,156852
2025-10-29 17:54:30.000,1141,156837
2025-10-29 17:54:30.000,1141,156835
2025-10-29 17:54:30.000,1141,156832
2025-10-29 17:54:30.000,1141,156831
2025-10-29 17:54:31.000,1134,157829
2025-10-29 17:54:31.000,1134,157825
2025-10-29 17:54:31.000,1134,156996
2025-10-29 17:54:31.000,1134,156978
2025-10-29 17:54:31.000,1134,156964
2025-10-29 17:54:31.000,1134,156962
2025-10-29 17:54:31.000,1134,156961
2025-10-29 17:54:31.000,1134,156958
2025-10-29 17:54:31.000,1134,156953
2025-10-29 17:54:31.000,1134,156909
2025-10-29 17:54:32.000,1129,157902
2025-10-29 17:54:32.000,1129,157899
2025-10-29 17:54:32.000,1129,157890
2025-10-29 17:54:32.000,1129,157887
2025-10-29 17:54:32.000,1129,157876
2025-10-29 17:54:32.000,1129,157875
2025-10-29 17:54:32.000,1129,157869
2025-10-29 17:54:32.000,1129,157845
2025-10-29 17:54:32.000,1129,157835
2025-10-29 17:54:32.000,1129,157834
2025-10-29 17:54:33.001,1124,158827
2025-10-29 17:54:33.001,1124,158820
2025-10-29 17:54:33.001,1124,157808
2025-10-29 17:54:33.001,1124,157791
2025-10-29 17:54:33.001,1124,157790
2025-10-29 17:54:33.001,1124,157786
2025-10-29 17:54:33.001,1124,157777
2025-10-29 17:54:33.001,1124,157769
2025-10-29 17:54:33.001,1124,157768
2025-10-29 17:54:33.001,1124,157762
2025-10-29 17:54:34.000,1118,158750
2025-10-29 17:54:34.000,1118,158747
2025-10-29 17:54:34.000,1118,158741
2025-10-29 17:54:34.000,1118,158737
2025-10-29 17:54:34.000,1118,158727
2025-10-29 17:54:34.000,1118,158725
2025-10-29 17:54:34.000,1118,158720
2025-10-29 17:54:34.000,1118,158718
2025-10-29 17:54:34.000,1118,158716
2025-10-29 17:54:34.000,1118,158706
2025-10-29 17:54:35.000,1113,158801
2025-10-29 17:54:35.000,1113,158798
2025-10-29 17:54:35.000,1113,158796
2025-10-29 17:54:35.000,1113,158785
2025-10-29 17:54:35.000,1113,158781
2025-10-29 17:54:35.000,1113,158779
2025-10-29 17:54:35.000,1113,158776
2025-10-29 17:54:35.000,1113,158768
2025-10-29 17:54:35.000,1113,158747
2025-10-29 17:54:35.000,1113,158744
2025-10-29 17:54:36.001,1106,159743
2025-10-29 17:54:36.001,1106,159727
2025-10-29 17:54:36.001,1106,159710
2025-10-29 17:54:36.001,1106,159708
2025-10-29 17:54:36.001,1106,159701
2025-10-29 17:54:36.001,1106,159698
2025-10-29 17:54:36.001,1106,159694
2025-10-29 17:54:36.001,1106,159692
2025-10-29 17:54:36.001,1106,158815
2025-10-29 17:54:36.001,1106,158813
2025-10-29 17:54:37.001,1098,159806
2025-10-29 17:54:37.001,1098,159801
2025-10-29 17:54:37.001,1098,159799
2025-10-29 17:54:37.001,1098,159797
2025-10-29 17:54:37.001,1098,159783
2025-10-29 17:54:37.001,1098,159769
2025-10-29 17:54:37.001,1098,159768
2025-10-29 17:54:37.001,1098,159755
2025-10-29 17:54:37.001,1098,159746
2025-10-29 17:54:37.001,1098,159745
2025-10-29 17:54:38.000,1088,160735
2025-10-29 17:54:38.000,1088,160733
2025-10-29 17:54:38.000,1088,160729
2025-10-29 17:54:38.000,1088,160710
2025-10-29 17:54:38.000,1088,160702
2025-10-29 17:54:38.000,1088,159806
2025-10-29 17:54:38.000,1088,159805
2025-10-29 17:54:38.000,1088,159800
2025-10-29 17:54:38.000,1088,159788
2025-10-29 17:54:38.000,1088,159787
2025-10-29 17:54:39.000,1081,160786
2025-10-29 17:54:39.000,1081,160777
2025-10-29 17:54:39.000,1081,160775
2025-10-29 17:54:39.000,1081,160765
2025-10-29 17:54:39.000,1081,160727
2025-10-29 17:54:39.000,1081,160723
2025-10-29 17:54:39.000,1081,160720
2025-10-29 17:54:39.000,1081,160713
2025-10-29 17:54:39.000,1081,160707
2025-10-29 17:54:39.000,1081,160696
2025-10-29 17:54:40.001,1075,161694
2025-10-29 17:54:40.001,1075,160812
2025-10-29 17:54:40.001,1075,160807
2025-10-29 17:54:40.001,1075,160805
2025-10-29 17:54:40.001,1075,160801
2025-10-29 17:54:40.001,1075,160794
2025-10-29 17:54:40.001,1075,160791
2025-10-29 17:54:40.001,1075,160778
2025-10-29 17:54:40.001,1075,160763
2025-10-29 17:54:40.001,1075,160755
2025-10-29 17:54:41.001,1070,161750
2025-10-29 17:54:41.001,1070,161741
2025-10-29 17:54:41.001,1070,161735
2025-10-29 17:54:41.001,1070,161723
2025-10-29 17:54:41.001,1070,161720
2025-10-29 17:54:41.001,1070,161712
2025-10-29 17:54:41.001,1070,161693
2025-10-29 17:54:41.001,1070,161689
2025-10-29 17:54:41.001,1070,161688
2025-10-29 17:54:41.001,1070,161682
2025-10-29 17:54:42.000,1064,161813
2025-10-29 17:54:42.000,1064,161802
2025-10-29 17:54:42.000,1064,161788
2025-10-29 17:54:42.000,1064,161779
2025-10-29 17:54:42.000,1064,161776
2025-10-29 17:54:42.000,1064,161769
2025-10-29 17:54:42.000,1064,161755
2025-10-29 17:54:42.000,1064,161751
2025-10-29 17:54:42.000,1064,161703
2025-10-29 17:54:42.000,1064,161702
2025-10-29 17:54:43.000,1055,162701
2025-10-29 17:54:43.000,1055,162701
2025-10-29 17:54:43.000,1055,162688
2025-10-29 17:54:43.000,1055,162681
2025-10-29 17:54:43.000,1055,161809
2025-10-29 17:54:43.000,1055,161799
2025-10-29 17:54:43.000,1055,161796
2025-10-29 17:54:43.000,1055,161791
2025-10-29 17:54:43.000,1055,161787
2025-10-29 17:54:43.000,1055,161786
2025-10-29 17:54:44.001,1048,162780
2025-10-29 17:54:44.001,1048,162761
2025-10-29 17:54:44.001,1048,162757
2025-10-29 17:54:44.001,1048,162757
2025-10-29 17:54:44.001,1048,162752
2025-10-29 17:54:44.001,1048,162751
2025-10-29 17:54:44.001,1048,162729
2025-10-29 17:54:44.001,1048,162723
2025-10-29 17:54:44.001,1048,162720
2025-10-29 17:54:44.001,1048,162710
2025-10-29 17:54:45.000,1042,163707
2025-10-29 17:54:45.000,1042,163699
2025-10-29 17:54:45.000,1042,162812
2025-10-29 17:54:45.000,1042,162803
2025-10-29 17:54:45.000,1042,162797
2025-10-29 17:54:45.000,1042,162783
2025-10-29 17:54:45.000,1042,162782
2025-10-29 17:54:45.000,1042,162774
2025-10-29 17:54:45.000,1042,162770
2025-10-29 17:54:45.000,1042,162754
2025-10-29 17:54:46.000,1034,163719
2025-10-29 17:54:46.000,1034,163714
2025-10-29 17:54:46.000,1034,163711
2025-10-29 17:54:46.000,1034,162804
2025-10-29 17:54:46.000,1034,162796
2025-10-29 17:54:46.000,1034,162780
2025-10-29 17:54:46.000,1034,162774
2025-10-29 17:54:46.000,1034,162758
2025-10-29 17:54:46.000,1034,162756
2025-10-29 17:54:46.000,1034,162748
2025-10-29 17:54:47.001,1031,163738
2025-10-29 17:54:47.001,1031,163736
2025-10-29 17:54:47.001,1031,163733
2025-10-29 17:54:47.001,1031,163730
2025-10-29 17:54:47.001,1031,163729
2025-10-29 17:54:47.001,1031,163725
2025-10-29 17:54:47.001,1031,163723
2025-10-29 17:54:47.001,1031,163719
2025-10-29 17:54:47.001,1031,162813
2025-10-29 17:54:47.001,1031,162807
2025-10-29 17:54:48.000,1023,163804
2025-10-29 17:54:48.000,1023,163800
2025-10-29 17:54:48.000,1023,163793
2025-10-29 17:54:48.000,1023,163783
2025-10-29 17:54:48.000,1023,163769
2025-10-29 17:54:48.000,1023,163757
2025-10-29 17:54:48.000,1023,163721
2025-10-29 17:54:48.000,1023,163712
2025-10-29 17:54:48.000,1023,162814
2025-10-29 17:54:48.000,1023,162807
2025-10-29 17:54:49.000,1015,163806
2025-10-29 17:54:49.000,1015,163806
2025-10-29 17:54:49.000,1015,163799
2025-10-29 17:54:49.000,1015,163792
2025-10-29 17:54:49.000,1015,163791
2025-10-29 17:54:49.000,1015,163784
2025-10-29 17:54:49.000,1015,163783
2025-10-29 17:54:49.000,1015,163771
2025-10-29 17:54:49.000,1015,163768
2025-10-29 17:54:49.000,1015,163766
2025-10-29 17:54:50.001,1011,164759
2025-10-29 17:54:50.001,1011,164756
2025-10-29 17:54:50.001,1011,164742
2025-10-29 17:54:50.001,1011,164741
2025-10-29 17:54:50.001,1011,164737
2025-10-29 17:54:50.001,1011,164725
2025-10-29 17:54:50.001,1011,164687
2025-10-29 17:54:50.001,1011,164685
2025-10-29 17:54:50.001,1011,164679
2025-10-29 17:54:50.001,1011,163813
2025-10-29 17:54:51.000,1003,164807
2025-10-29 17:54:51.000,1003,164806
2025-10-29 17:54:51.000,1003,164782
2025-10-29 17:54:51.000,1003,164775
2025-10-29 17:54:51.000,1003,164771
2025-10-29 17:54:51.000,1003,164770
2025-10-29 17:54:51.000,1003,164769
2025-10-29 17:54:51.000,1003,164768
2025-10-29 17:54:51.000,1003,164765
2025-10-29 17:54:51.000,1003,164737
2025-10-29 17:54:52.000,995,165731
2025-10-29 17:54:52.000,995,165724
2025-10-29 17:54:52.000,995,165716
2025-10-29 17:54:52.000,995,165715
2025-10-29 17:54:52.000,995,165707
2025-10-29 17:54:52.000,995,165702
2025-10-29 17:54:52.000,995,164806
2025-10-29 17:54:52.000,995,164797
2025-10-29 17:54:52.000,995,164796
2025-10-29 17:54:52.000,995,164793
2025-10-29 17:54:53.001,989,165790
2025-10-29 17:54:53.001,989,165775
2025-10-29 17:54:53.001,989,165774
2025-10-29 17:54:53.001,989,165773
2025-10-29 17:54:53.001,989,165772
2025-10-29 17:54:53.001,989,165767
2025-10-29 17:54:53.001,989,165755
2025-10-29 17:54:53.001,989,165751
2025-10-29 17:54:53.001,989,165733
2025-10-29 17:54:53.001,989,165728
2025-10-29 17:54:54.000,984,166717
2025-10-29 17:54:54.000,984,166700
2025-10-29 17:54:54.000,984,165816
2025-10-29 17:54:54.000,984,165811
2025-10-29 17:54:54.000,984,165809
2025-10-29 17:54:54.000,984,165804
2025-10-29 17:54:54.000,984,165803
2025-10-29 17:54:54.000,984,165785
2025-10-29 17:54:54.000,984,165783
2025-10-29 17:54:54.000,984,165778
2025-10-29 17:54:55.000,978,166773
2025-10-29 17:54:55.000,978,166771
2025-10-29 17:54:55.000,978,166758
2025-10-29 17:54:55.000,978,166748
2025-10-29 17:54:55.000,978,166746
2025-10-29 17:54:55.000,978,166744
2025-10-29 17:54:55.000,978,166743
2025-10-29 17:54:55.000,978,166740
2025-10-29 17:54:55.000,978,166732
2025-10-29 17:54:55.000,978,166721
2025-10-29 17:54:56.001,968,167713
2025-10-29 17:54:56.001,968,167711
2025-10-29 17:54:56.001,968,167707
2025-10-29 17:54:56.001,968,167700
2025-10-29 17:54:56.001,968,166801
2025-10-29 17:54:56.001,968,166779
2025-10-29 17:54:56.001,968,166773
2025-10-29 17:54:56.001,968,166769
2025-10-29 17:54:56.001,968,166768
2025-10-29 17:54:56.001,968,166729
2025-10-29 17:54:57.000,961,167716
2025-10-29 17:54:57.000,961,167686
2025-10-29 17:54:57.000,961,167674
2025-10-29 17:54:57.000,961,167665
2025-10-29 17:54:57.000,961,167661
2025-10-29 17:54:57.000,961,167658
2025-10-29 17:54:57.000,961,167653
2025-10-29 17:54:57.000,961,166816
2025-10-29 17:54:57.000,961,166801
2025-10-29 17:54:57.000,961,166799
2025-10-29 17:54:58.001,957,167795
2025-10-29 17:54:58.001,957,167783
2025-10-29 17:54:58.001,957,167779
2025-10-29 17:54:58.001,957,167772
2025-10-29 17:54:58.001,957,167763
2025-10-29 17:54:58.001,957,167755
2025-10-29 17:54:58.001,957,167751
2025-10-29 17:54:58.001,957,167743
2025-10-29 17:54:58.001,957,167728
2025-10-29 17:54:58.001,957,167715
2025-10-29 17:54:59.000,949,168710
2025-10-29 17:54:59.000,949,168706
2025-10-29 17:54:59.000,949,168699
2025-10-29 17:54:59.000,949,168692
2025-10-29 17:54:59.000,949,168681
2025-10-29 17:54:59.000,949,168672
2025-10-29 17:54:59.000,949,167810
2025-10-29 17:54:59.000,949,167805
2025-10-29 17:54:59.000,949,167804
2025-10-29 17:54:59.000,949,167802
2025-10-29 17:55:00.000,939,168798
2025-10-29 17:55:00.000,939,168791
2025-10-29 17:55:00.000,939,168780
2025-10-29 17:55:00.000,939,168771
2025-10-29 17:55:00.000,939,168766
2025-10-29 17:55:00.000,939,168740
2025-10-29 17:55:00.000,939,168723
2025-10-29 17:55:00.000,939,168714
2025-10-29 17:55:00.000,939,168714
2025-10-29 17:55:00.000,939,168712
2025-10-29 17:55:01.000,934,168817
2025-10-29 17:55:01.000,934,168799
2025-10-29 17:55:01.000,934,168793
2025-10-29 17:55:01.000,934,168789
2025-10-29 17:55:01.000,934,168775
2025-10-29 17:55:01.000,934,168773
2025-10-29 17:55:01.000,934,168772
2025-10-29 17:55:01.000,934,168757
2025-10-29 17:55:01.000,934,168748
2025-10-29 17:55:01.000,934,168744
2025-10-29 17:55:02.001,929,169742
2025-10-29 17:55:02.001,929,169728
2025-10-29 17:55:02.001,929,169722
2025-10-29 17:55:02.001,929,169705
2025-10-29 17:55:02.001,929,169701
2025-10-29 17:55:02.001,929,169700
2025-10-29 17:55:02.001,929,168815
2025-10-29 17:55:02.001,929,168803
2025-10-29 17:55:02.001,929,168803
2025-10-29 17:55:02.001,929,168788
2025-10-29 17:55:03.000,926,169781
2025-10-29 17:55:03.000,926,169766
2025-10-29 17:55:03.000,926,169763
2025-10-29 17:55:03.000,926,169761
2025-10-29 17:55:03.000,926,169757
2025-10-29 17:55:03.000,926,169743
2025-10-29 17:55:03.000,926,169742
2025-10-29 17:55:03.000,926,169740
2025-10-29 17:55:03.000,926,169738
2025-10-29 17:55:03.000,926,169736
2025-10-29 17:55:04.000,922,170726
2025-10-29 17:55:04.000,922,170720
2025-10-29 17:55:04.000,922,170717
2025-10-29 17:55:04.000,922,170713
2025-10-29 17:55:04.000,922,170701
2025-10-29 17:55:04.000,922,169797
2025-10-29 17:55:04.000,922,169781
2025-10-29 17:55:04.000,922,169780
2025-10-29 17:55:04.000,922,169779
2025-10-29 17:55:04.000,922,169765
2025-10-29 17:55:05.001,916,170760
2025-10-29 17:55:05.001,916,170754
2025-10-29 17:55:05.001,916,170746
2025-10-29 17:55:05.001,916,170734
2025-10-29 17:55:05.001,916,170733
2025-10-29 17:55:05.001,916,170732
2025-10-29 17:55:05.001,916,170724
2025-10-29 17:55:05.001,916,170721
2025-10-29 17:55:05.001,916,170711
2025-10-29 17:55:05.001,916,170709
2025-10-29 17:55:06.000,908,171706
2025-10-29 17:55:06.000,908,171705
2025-10-29 17:55:06.000,908,171698
2025-10-29 17:55:06.000,908,171690
2025-10-29 17:55:06.000,908,170679
2025-10-29 17:55:06.000,908,170677
2025-10-29 17:55:06.000,908,170675
2025-10-29 17:55:06.000,908,170669
2025-10-29 17:55:06.000,908,170641
2025-10-29 17:55:06.000,908,170639
2025-10-29 17:55:07.000,903,171633
2025-10-29 17:55:07.000,903,171632
2025-10-29 17:55:07.000,903,171631
2025-10-29 17:55:07.000,903,171621
2025-10-29 17:55:07.000,903,171609
2025-10-29 17:55:07.000,903,170681
2025-10-29 17:55:07.000,903,170676
2025-10-29 17:55:07.000,903,170674
2025-10-29 17:55:07.000,903,170665
2025-10-29 17:55:07.000,903,170662
2025-10-29 17:55:08.001,901,171658
2025-10-29 17:55:08.001,901,171640
2025-10-29 17:55:08.001,901,171627
2025-10-29 17:55:08.001,901,171617
2025-10-29 17:55:08.001,901,170682
2025-10-29 17:55:08.001,901,170678
2025-10-29 17:55:08.001,901,170671
2025-10-29 17:55:08.001,901,170662
2025-10-29 17:55:08.001,901,170656
2025-10-29 17:55:08.001,901,170651
2025-10-29 17:55:09.000,900,171646
2025-10-29 17:55:09.000,900,171630
2025-10-29 17:55:09.000,900,171616
2025-10-29 17:55:09.000,900,170686
2025-10-29 17:55:09.000,900,170684
2025-10-29 17:55:09.000,900,170683
2025-10-29 17:55:09.000,900,170673
2025-10-29 17:55:09.000,900,170669
2025-10-29 17:55:09.000,900,170664
2025-10-29 17:55:09.000,900,170662
2025-10-29 17:55:10.001,900,171654
2025-10-29 17:55:10.001,900,171649
2025-10-29 17:55:10.001,900,171643
2025-10-29 17:55:10.001,900,171642
2025-10-29 17:55:10.001,900,171641
2025-10-29 17:55:10.001,900,171640
2025-10-29 17:55:10.001,900,171635
2025-10-29 17:55:10.001,900,171622
2025-10-29 17:55:10.001,900,171618
2025-10-29 17:55:10.001,900,171611
2025-10-29 17:55:11.000,892,171671
2025-10-29 17:55:11.000,892,171669
2025-10-29 17:55:11.000,892,171668
2025-10-29 17:55:11.000,892,171661
2025-10-29 17:55:11.000,892,171656
2025-10-29 17:55:11.000,892,171625
2025-10-29 17:55:11.000,892,171622
2025-10-29 17:55:11.000,892,170683
2025-10-29 17:55:11.000,892,170677
2025-10-29 17:55:11.000,892,170666
2025-10-29 17:55:12.000,888,171645
2025-10-29 17:55:12.000,888,171639
2025-10-29 17:55:12.000,888,171626
2025-10-29 17:55:12.000,888,170673
2025-10-29 17:55:12.000,888,170669
2025-10-29 17:55:12.000,888,170665
2025-10-29 17:55:12.000,888,170659
2025-10-29 17:55:12.000,888,170657
2025-10-29 17:55:12.000,888,170647
2025-10-29 17:55:12.000,888,170639
2025-10-29 17:55:13.001,881,171638
2025-10-29 17:55:13.001,881,171637
2025-10-29 17:55:13.001,881,171628
2025-10-29 17:55:13.001,881,171627
2025-10-29 17:55:13.001,881,171620
2025-10-29 17:55:13.001,881,171608
2025-10-29 17:55:13.001,881,170687
2025-10-29 17:55:13.001,881,170682
2025-10-29 17:55:13.001,881,170675
2025-10-29 17:55:13.001,881,170669
2025-10-29 17:55:14.000,873,171660
2025-10-29 17:55:14.000,873,171651
2025-10-29 17:55:14.000,873,171649
2025-10-29 17:55:14.000,873,171622
2025-10-29 17:55:14.000,873,171619
2025-10-29 17:55:14.000,873,171611
2025-10-29 17:55:14.000,873,171606
2025-10-29 17:55:14.000,873,170682
2025-10-29 17:55:14.000,873,170668
2025-10-29 17:55:14.000,873,170657
2025-10-29 17:55:15.000,867,171640
2025-10-29 17:55:15.000,867,171636
2025-10-29 17:55:15.000,867,171634
2025-10-29 17:55:15.000,867,171621
2025-10-29 17:55:15.000,867,171617
2025-10-29 17:55:15.000,867,171611
2025-10-29 17:55:15.000,867,171611
2025-10-29 17:55:15.000,867,170684
2025-10-29 17:55:15.000,867,170643
2025-10-29 17:55:15.000,867,170639
2025-10-29 17:55:16.000,860,171626
2025-10-29 17:55:16.000,860,171621
2025-10-29 17:55:16.000,860,171608
2025-10-29 17:55:16.000,860,170684
2025-10-29 17:55:16.000,860,170679
2025-10-29 17:55:16.000,860,170678
2025-10-29 17:55:16.000,860,170671
2025-10-29 17:55:16.000,860,170655
2025-10-29 17:55:16.000,860,170649
2025-10-29 17:55:16.000,860,170641
2025-10-29 17:55:17.001,855,171641
2025-10-29 17:55:17.001,855,171630
2025-10-29 17:55:17.001,855,171600
2025-10-29 17:55:17.001,855,170686
2025-10-29 17:55:17.001,855,170685
2025-10-29 17:55:17.001,855,170676
2025-10-29 17:55:17.001,855,170666
2025-10-29 17:55:17.001,855,170657
2025-10-29 17:55:17.001,855,170656
2025-10-29 17:55:17.001,855,170654
2025-10-29 17:55:18.001,850,171648
2025-10-29 17:55:18.001,850,171646
2025-10-29 17:55:18.001,850,171645
2025-10-29 17:55:18.001,850,171637
2025-10-29 17:55:18.001,850,171627
2025-10-29 17:55:18.001,850,171624
2025-10-29 17:55:18.001,850,171621
2025-10-29 17:55:18.001,850,170676
2025-10-29 17:55:18.001,850,170672
2025-10-29 17:55:18.001,850,170669
2025-10-29 17:55:19.001,845,171644
2025-10-29 17:55:19.001,845,171644
2025-10-29 17:55:19.001,845,171628
2025-10-29 17:55:19.001,845,171618
2025-10-29 17:55:19.001,845,171613
2025-10-29 17:55:19.001,845,171608
2025-10-29 17:55:19.001,845,171603
2025-10-29 17:55:19.001,845,170682
2025-10-29 17:55:19.001,845,170680
2025-10-29 17:55:19.001,845,170668
2025-10-29 17:55:20.000,839,171651
2025-10-29 17:55:20.000,839,171642
2025-10-29 17:55:20.000,839,171637
2025-10-29 17:55:20.000,839,171629
2025-10-29 17:55:20.000,839,171628
2025-10-29 17:55:20.000,839,171620
2025-10-29 17:55:20.000,839,171613
2025-10-29 17:55:20.000,839,171610
2025-10-29 17:55:20.000,839,171609
2025-10-29 17:55:20.000,839,170674
2025-10-29 17:55:21.004,833,171671
2025-10-29 17:55:21.005,833,171662
2025-10-29 17:55:21.005,833,171658
2025-10-29 17:55:21.005,833,171627
2025-10-29 17:55:21.005,833,171623
2025-10-29 17:55:21.005,833,171622
2025-10-29 17:55:21.005,833,171620
2025-10-29 17:55:21.005,833,171617
2025-10-29 17:55:21.005,833,171615
2025-10-29 17:55:21.005,833,170691
2025-10-29 17:55:22.001,826,171656
2025-10-29 17:55:22.001,826,171648
2025-10-29 17:55:22.001,826,171642
2025-10-29 17:55:22.001,826,171639
2025-10-29 17:55:22.001,826,171631
2025-10-29 17:55:22.001,826,171629
2025-10-29 17:55:22.001,826,171627
2025-10-29 17:55:22.001,826,171618
2025-10-29 17:55:22.001,826,171612
2025-10-29 17:55:22.001,826,170687
2025-10-29 17:55:23.000,825,171682
2025-10-29 17:55:23.000,825,171681
2025-10-29 17:55:23.000,825,171679
2025-10-29 17:55:23.000,825,171645
2025-10-29 17:55:23.000,825,171643
2025-10-29 17:55:23.000,825,171638
2025-10-29 17:55:23.000,825,171634
2025-10-29 17:55:23.000,825,171623
2025-10-29 17:55:23.000,825,171615
2025-10-29 17:55:23.000,825,170676
2025-10-29 17:55:24.001,821,171676
2025-10-29 17:55:24.001,821,171671
2025-10-29 17:55:24.001,821,171670
2025-10-29 17:55:24.001,821,171665
2025-10-29 17:55:24.001,821,171650
2025-10-29 17:55:24.001,821,171648
2025-10-29 17:55:24.001,821,171644
2025-10-29 17:55:24.001,821,171631
2025-10-29 17:55:24.001,821,171622
2025-10-29 17:55:24.001,821,171620
2025-10-29 17:55:25.000,812,172617
2025-10-29 17:55:25.000,812,172614
2025-10-29 17:55:25.000,812,171671
2025-10-29 17:55:25.000,812,171669
2025-10-29 17:55:25.000,812,171666
2025-10-29 17:55:25.000,812,171650
2025-10-29 17:55:25.000,812,171646
2025-10-29 17:55:25.000,812,171641
2025-10-29 17:55:25.000,812,171613
2025-10-29 17:55:25.000,812,170682
2025-10-29 17:55:26.000,805,171679
2025-10-29 17:55:26.000,805,171671
2025-10-29 17:55:26.000,805,171670
2025-10-29 17:55:26.000,805,171644
2025-10-29 17:55:26.000,805,171643
2025-10-29 17:55:26.000,805,171640
2025-10-29 17:55:26.000,805,171633
2025-10-29 17:55:26.000,805,171630
2025-10-29 17:55:26.000,805,171622
2025-10-29 17:55:26.000,805,170602
2025-10-29 17:55:27.001,800,171601
2025-10-29 17:55:27.001,800,171598
2025-10-29 17:55:27.001,800,171589
2025-10-29 17:55:27.001,800,171581
2025-10-29 17:55:27.001,800,171581
2025-10-29 17:55:27.001,800,171571
2025-10-29 17:55:27.001,800,170603
2025-10-29 17:55:27.001,800,170601
2025-10-29 17:55:27.001,800,170598
2025-10-29 17:55:27.001,800,170590
2025-10-29 17:55:28.000,794,171587
2025-10-29 17:55:28.000,794,171584
2025-10-29 17:55:28.000,794,171564
2025-10-29 17:55:28.000,794,171552
2025-10-29 17:55:28.000,794,171538
2025-10-29 17:55:28.000,794,170601
2025-10-29 17:55:28.000,794,170597
2025-10-29 17:55:28.000,794,170594
2025-10-29 17:55:28.000,794,170578
2025-10-29 17:55:28.000,794,170577
2025-10-29 17:55:29.001,791,171577
2025-10-29 17:55:29.001,791,171575
2025-10-29 17:55:29.001,791,171555
2025-10-29 17:55:29.001,791,171551
2025-10-29 17:55:29.001,791,171539
2025-10-29 17:55:29.001,791,171538
2025-10-29 17:55:29.001,791,170598
2025-10-29 17:55:29.001,791,170586
2025-10-29 17:55:29.001,791,170585
2025-10-29 17:55:29.001,791,170568
2025-10-29 17:55:30.000,783,171564
2025-10-29 17:55:30.000,783,171552
2025-10-29 17:55:30.000,783,171551
2025-10-29 17:55:30.000,783,171547
2025-10-29 17:55:30.000,783,171542
2025-10-29 17:55:30.000,783,171541
2025-10-29 17:55:30.000,783,170599
2025-10-29 17:55:30.000,783,170595
2025-10-29 17:55:30.000,783,170586
2025-10-29 17:55:30.000,783,170575
2025-10-29 17:55:31.000,776,171569
2025-10-29 17:55:31.000,776,171556
2025-10-29 17:55:31.000,776,171547
2025-10-29 17:55:31.000,776,170601
2025-10-29 17:55:31.000,776,170592
2025-10-29 17:55:31.000,776,170589
2025-10-29 17:55:31.000,776,170575
2025-10-29 17:55:31.000,776,170569
2025-10-29 17:55:31.000,776,170566
2025-10-29 17:55:31.000,776,170560
2025-10-29 17:55:32.001,770,171551
2025-10-29 17:55:32.001,770,171545
2025-10-29 17:55:32.001,770,171542
2025-10-29 17:55:32.001,770,170591
2025-10-29 17:55:32.001,770,170582
2025-10-29 17:55:32.001,770,170570
2025-10-29 17:55:32.001,770,170565
2025-10-29 17:55:32.001,770,170560
2025-10-29 17:55:32.001,770,170559
2025-10-29 17:55:32.001,770,169600
2025-10-29 17:55:33.000,762,170598
2025-10-29 17:55:33.000,762,170584
2025-10-29 17:55:33.000,762,170582
2025-10-29 17:55:33.000,762,170564
2025-10-29 17:55:33.000,762,170555
2025-10-29 17:55:33.000,762,170547
2025-10-29 17:55:33.000,762,169599
2025-10-29 17:55:33.000,762,169470
2025-10-29 17:55:33.000,762,169469
2025-10-29 17:55:33.000,762,169463
2025-10-29 17:55:34.000,758,170462
2025-10-29 17:55:34.000,758,170444
2025-10-29 17:55:34.000,758,170438
2025-10-29 17:55:34.000,758,170427
2025-10-29 17:55:34.000,758,170425
2025-10-29 17:55:34.000,758,169580
2025-10-29 17:55:34.000,758,169570
2025-10-29 17:55:34.000,758,169565
2025-10-29 17:55:34.000,758,169561
2025-10-29 17:55:34.000,758,169551
2025-10-29 17:55:35.000,750,170549
2025-10-29 17:55:35.000,750,170546
2025-10-29 17:55:35.000,750,170543
2025-10-29 17:55:35.000,750,169592
2025-10-29 17:55:35.000,750,169569
2025-10-29 17:55:35.000,750,169556
2025-10-29 17:55:35.000,750,169552
2025-10-29 17:55:35.000,750,169547
2025-10-29 17:55:35.000,750,169538
2025-10-29 17:55:35.000,750,169535
2025-10-29 17:55:36.001,745,169597
2025-10-29 17:55:36.001,745,169571
2025-10-29 17:55:36.001,745,169570
2025-10-29 17:55:36.001,745,169564
2025-10-29 17:55:36.001,745,169563
2025-10-29 17:55:36.001,745,169549
2025-10-29 17:55:36.001,745,168601
2025-10-29 17:55:36.001,745,168587
2025-10-29 17:55:36.001,745,168585
2025-10-29 17:55:36.001,745,168584
2025-10-29 17:55:37.000,736,169572
2025-10-29 17:55:37.000,736,169571
2025-10-29 17:55:37.000,736,169570
2025-10-29 17:55:37.000,736,169554
2025-10-29 17:55:37.000,736,169547
2025-10-29 17:55:37.000,736,169544
2025-10-29 17:55:37.000,736,168601
2025-10-29 17:55:37.000,736,168600
2025-10-29 17:55:37.000,736,168596
2025-10-29 17:55:37.000,736,168594
2025-10-29 17:55:38.000,732,169591
2025-10-29 17:55:38.000,732,169586
2025-10-29 17:55:38.000,732,169572
2025-10-29 17:55:38.000,732,169567
2025-10-29 17:55:38.000,732,169565
2025-10-29 17:55:38.000,732,169550
2025-10-29 17:55:38.000,732,169544
2025-10-29 17:55:38.000,732,168598
2025-10-29 17:55:38.000,732,168593
2025-10-29 17:55:38.000,732,168590
2025-10-29 17:55:39.000,726,169576
2025-10-29 17:55:39.000,726,169566
2025-10-29 17:55:39.000,726,169557
2025-10-29 17:55:39.000,726,169556
2025-10-29 17:55:39.000,726,169553
2025-10-29 17:55:39.000,726,169543
2025-10-29 17:55:39.000,726,168598
2025-10-29 17:55:39.000,726,168596
2025-10-29 17:55:39.000,726,168595
2025-10-29 17:55:39.000,726,168579
2025-10-29 17:55:40.001,719,169567
2025-10-29 17:55:40.001,719,169567
2025-10-29 17:55:40.001,719,169562
2025-10-29 17:55:40.001,719,169555
2025-10-29 17:55:40.001,719,169551
2025-10-29 17:55:40.001,719,169551
2025-10-29 17:55:40.001,719,168599
2025-10-29 17:55:40.001,719,168582
2025-10-29 17:55:40.001,719,168580
2025-10-29 17:55:40.001,719,168572
2025-10-29 17:55:41.000,713,169569
2025-10-29 17:55:41.000,713,169568
2025-10-29 17:55:41.000,713,169566
2025-10-29 17:55:41.000,713,169564
2025-10-29 17:55:41.000,713,169560
2025-10-29 17:55:41.000,713,169555
2025-10-29 17:55:41.000,713,169549
2025-10-29 17:55:41.000,713,169543
2025-10-29 17:55:41.000,713,168471
2025-10-29 17:55:41.000,713,168468
2025-10-29 17:55:42.000,707,169464
2025-10-29 17:55:42.000,707,169460
2025-10-29 17:55:42.000,707,169452
2025-10-29 17:55:42.000,707,169451
2025-10-29 17:55:42.000,707,169441
2025-10-29 17:55:42.000,707,169439
2025-10-29 17:55:42.000,707,169438
2025-10-29 17:55:42.000,707,169432
2025-10-29 17:55:42.000,707,169416
2025-10-29 17:55:42.000,707,169413
2025-10-29 17:55:43.001,701,170411
2025-10-29 17:55:43.001,701,170408
2025-10-29 17:55:43.001,701,169599
2025-10-29 17:55:43.001,701,169589
2025-10-29 17:55:43.001,701,169579
2025-10-29 17:55:43.001,701,169574
2025-10-29 17:55:43.001,701,169569
2025-10-29 17:55:43.001,701,169555
2025-10-29 17:55:43.001,701,169551
2025-10-29 17:55:43.001,701,168589
2025-10-29 17:55:44.000,694,169587
2025-10-29 17:55:44.000,694,169564
2025-10-29 17:55:44.000,694,169553
2025-10-29 17:55:44.000,694,169547
2025-10-29 17:55:44.000,694,169528
2025-10-29 17:55:44.000,694,169506
2025-10-29 17:55:44.000,694,168482
2025-10-29 17:55:44.000,694,168479
2025-10-29 17:55:44.000,694,168473
2025-10-29 17:55:44.000,694,168467
2025-10-29 17:55:45.001,690,169462
2025-10-29 17:55:45.001,690,168190
2025-10-29 17:55:45.001,690,168189
2025-10-29 17:55:45.001,690,168184
2025-10-29 17:55:45.001,690,168177
2025-10-29 17:55:45.001,690,168162
2025-10-29 17:55:45.001,690,168155
2025-10-29 17:55:45.001,690,167494
2025-10-29 17:55:45.001,690,167493
2025-10-29 17:55:45.001,690,167484
2025-10-29 17:55:46.000,682,168480
2025-10-29 17:55:46.000,682,168456
2025-10-29 17:55:46.000,682,167493
2025-10-29 17:55:46.000,682,167492
2025-10-29 17:55:46.000,682,167490
2025-10-29 17:55:46.000,682,167486
2025-10-29 17:55:46.000,682,167474
2025-10-29 17:55:46.000,682,167467
2025-10-29 17:55:46.000,682,166493
2025-10-29 17:55:46.000,682,166484
2025-10-29 17:55:47.000,673,167466
2025-10-29 17:55:47.000,673,167465
2025-10-29 17:55:47.000,673,167462
2025-10-29 17:55:47.000,673,166484
2025-10-29 17:55:47.000,673,166463
2025-10-29 17:55:47.000,673,165491
2025-10-29 17:55:47.000,673,165485
2025-10-29 17:55:47.000,673,165470
2025-10-29 17:55:47.000,673,165469
2025-10-29 17:55:47.000,673,165463
2025-10-29 17:55:48.001,668,165490
2025-10-29 17:55:48.001,668,165484
2025-10-29 17:55:48.001,668,165482
2025-10-29 17:55:48.001,668,165466
2025-10-29 17:55:48.001,668,164491
2025-10-29 17:55:48.001,668,164484
2025-10-29 17:55:48.001,668,164463
2025-10-29 17:55:48.001,668,164459
2025-10-29 17:55:48.001,668,164458
2025-10-29 17:55:48.001,668,164452
2025-10-29 17:55:49.000,664,165449
2025-10-29 17:55:49.000,664,164482
2025-10-29 17:55:49.000,664,164465
2025-10-29 17:55:49.000,664,163490
2025-10-29 17:55:49.000,664,163480
2025-10-29 17:55:49.000,664,163478
2025-10-29 17:55:49.000,664,163469
2025-10-29 17:55:49.000,664,163467
2025-10-29 17:55:49.000,664,163465
2025-10-29 17:55:49.000,664,163464
2025-10-29 17:55:50.000,656,164462
2025-10-29 17:55:50.000,656,163486
2025-10-29 17:55:50.000,656,163482
2025-10-29 17:55:50.000,656,163479
2025-10-29 17:55:50.000,656,163475
2025-10-29 17:55:50.000,656,163474
2025-10-29 17:55:50.000,656,163468
2025-10-29 17:55:50.000,656,163461
2025-10-29 17:55:50.000,656,162486
2025-10-29 17:55:50.000,656,162482
2025-10-29 17:55:51.001,652,163482
2025-10-29 17:55:51.001,652,163481
2025-10-29 17:55:51.001,652,163468
2025-10-29 17:55:51.001,652,163452
2025-10-29 17:55:51.001,652,163449
2025-10-29 17:55:51.001,652,163448
2025-10-29 17:55:51.001,652,162466
2025-10-29 17:55:51.001,652,162460
2025-10-29 17:55:51.001,652,161488
2025-10-29 17:55:51.001,652,161487
2025-10-29 17:55:52.000,646,162467
2025-10-29 17:55:52.000,646,162459
2025-10-29 17:55:52.000,646,162458
2025-10-29 17:55:52.000,646,161492
2025-10-29 17:55:52.000,646,161490
2025-10-29 17:55:52.000,646,161478
2025-10-29 17:55:52.000,646,161475
2025-10-29 17:55:52.000,646,161458
2025-10-29 17:55:52.000,646,161457
2025-10-29 17:55:52.000,646,160484
2025-10-29 17:55:53.000,639,161479
2025-10-29 17:55:53.000,639,161476
2025-10-29 17:55:53.000,639,161471
2025-10-29 17:55:53.000,639,161461
2025-10-29 17:55:53.000,639,161459
2025-10-29 17:55:53.000,639,160487
2025-10-29 17:55:53.000,639,160472
2025-10-29 17:55:53.000,639,160464
2025-10-29 17:55:53.000,639,160461
2025-10-29 17:55:53.000,639,160456
2025-10-29 17:55:54.001,634,160495
2025-10-29 17:55:54.001,634,159493
2025-10-29 17:55:54.001,634,159489
2025-10-29 17:55:54.001,634,159486
2025-10-29 17:55:54.001,634,159477
2025-10-29 17:55:54.001,634,159458
2025-10-29 17:55:54.001,634,158451
2025-10-29 17:55:54.001,634,158441
2025-10-29 17:55:54.001,634,158440
2025-10-29 17:55:54.001,634,158439
2025-10-29 17:55:55.000,632,159429
2025-10-29 17:55:55.000,632,159428
2025-10-29 17:55:55.000,632,159419
2025-10-29 17:55:55.000,632,159416
2025-10-29 17:55:55.000,632,158436
2025-10-29 17:55:55.000,632,158434
2025-10-29 17:55:55.000,632,157432
2025-10-29 17:55:55.000,632,157423
2025-10-29 17:55:55.000,632,157410
2025-10-29 17:55:55.000,632,157408
2025-10-29 17:55:56.001,625,157425
2025-10-29 17:55:56.001,625,157424
2025-10-29 17:55:56.001,625,156452
2025-10-29 17:55:56.001,625,156441
2025-10-29 17:55:56.001,625,156427
2025-10-29 17:55:56.001,625,156424
2025-10-29 17:55:56.001,625,156423
2025-10-29 17:55:56.001,625,155451
2025-10-29 17:55:56.001,625,155449
2025-10-29 17:55:56.001,625,155448
2025-10-29 17:55:57.000,619,156437
2025-10-29 17:55:57.000,619,156424
2025-10-29 17:55:57.000,619,156422
2025-10-29 17:55:57.000,619,156421
2025-10-29 17:55:57.000,619,156418
2025-10-29 17:55:57.000,619,156416
2025-10-29 17:55:57.000,619,156410
2025-10-29 17:55:57.000,619,154452
2025-10-29 17:55:57.000,619,154435
2025-10-29 17:55:57.000,619,153444
2025-10-29 17:55:58.000,614,154422
2025-10-29 17:55:58.000,614,153445
2025-10-29 17:55:58.000,614,153416
2025-10-29 17:55:58.000,614,152442
2025-10-29 17:55:58.000,614,152427
2025-10-29 17:55:58.000,614,152421
2025-10-29 17:55:58.000,614,151448
2025-10-29 17:55:58.000,614,151446
2025-10-29 17:55:58.000,614,151435
2025-10-29 17:55:58.000,614,151431
2025-10-29 17:55:59.001,608,151440
2025-10-29 17:55:59.001,608,151425
2025-10-29 17:55:59.001,608,150453
2025-10-29 17:55:59.001,608,150441
2025-10-29 17:55:59.001,608,150439
2025-10-29 17:55:59.001,608,150435
2025-10-29 17:55:59.001,608,149446
2025-10-29 17:55:59.001,608,149444
2025-10-29 17:55:59.001,608,149440
2025-10-29 17:55:59.001,608,149438
2025-10-29 17:56:00.000,601,150429
2025-10-29 17:56:00.000,601,150426
2025-10-29 17:56:00.000,601,150422
2025-10-29 17:56:00.000,601,150417
2025-10-29 17:56:00.000,601,150417
2025-10-29 17:56:00.000,601,149446
2025-10-29 17:56:00.000,601,149441
2025-10-29 17:56:00.000,601,149418
2025-10-29 17:56:00.000,601,149417
2025-10-29 17:56:00.000,601,149416
2025-10-29 17:56:01.001,594,149443
2025-10-29 17:56:01.001,594,149422
2025-10-29 17:56:01.001,594,148446
2025-10-29 17:56:01.001,594,148438
2025-10-29 17:56:01.001,594,148430
2025-10-29 17:56:01.001,594,147451
2025-10-29 17:56:01.001,594,147447
2025-10-29 17:56:01.001,594,147420
2025-10-29 17:56:01.001,594,147416
2025-10-29 17:56:01.001,594,147411
2025-10-29 17:56:02.000,590,147451
2025-10-29 17:56:02.000,590,147448
2025-10-29 17:56:02.000,590,147441
2025-10-29 17:56:02.000,590,147420
2025-10-29 17:56:02.000,590,147419
2025-10-29 17:56:02.000,590,146398
2025-10-29 17:56:02.000,590,146395
2025-10-29 17:56:02.000,590,146389
2025-10-29 17:56:02.000,590,145413
2025-10-29 17:56:02.000,590,145402
2025-10-29 17:56:03.000,584,146392
2025-10-29 17:56:03.000,584,146391
2025-10-29 17:56:03.000,584,146382
2025-10-29 17:56:03.000,584,145401
2025-10-29 17:56:03.000,584,145400
2025-10-29 17:56:03.000,584,145394
2025-10-29 17:56:03.000,584,145386
2025-10-29 17:56:03.000,584,144405
2025-10-29 17:56:03.000,584,143403
2025-10-29 17:56:03.000,584,143390
2025-10-29 17:56:04.000,577,144385
2025-10-29 17:56:04.000,577,143414
2025-10-29 17:56:04.000,577,143394
2025-10-29 17:56:04.000,577,143388
2025-10-29 17:56:04.000,577,143387
2025-10-29 17:56:04.000,577,143380
2025-10-29 17:56:04.000,577,142401
2025-10-29 17:56:04.000,577,142395
2025-10-29 17:56:04.000,577,142383
2025-10-29 17:56:04.000,577,141410
2025-10-29 17:56:05.000,570,142359
2025-10-29 17:56:05.000,570,142352
2025-10-29 17:56:05.000,570,142345
2025-10-29 17:56:05.000,570,141408
2025-10-29 17:56:05.000,570,141406
2025-10-29 17:56:05.000,570,141398
2025-10-29 17:56:05.000,570,141383
2025-10-29 17:56:05.000,570,141381
2025-10-29 17:56:05.000,570,140398
2025-10-29 17:56:05.000,570,140389
2025-10-29 17:56:06.001,563,140407
2025-10-29 17:56:06.001,563,140399
2025-10-29 17:56:06.001,563,140393
2025-10-29 17:56:06.001,563,140384
2025-10-29 17:56:06.001,563,139412
2025-10-29 17:56:06.001,563,139392
2025-10-29 17:56:06.001,563,139388
2025-10-29 17:56:06.001,563,139382
2025-10-29 17:56:06.001,563,138413
2025-10-29 17:56:06.001,563,138395
2025-10-29 17:56:07.000,558,138400
2025-10-29 17:56:07.000,558,138383
2025-10-29 17:56:07.000,558,138382
2025-10-29 17:56:07.000,558,137403
2025-10-29 17:56:07.000,558,137388
2025-10-29 17:56:07.000,558,137385
2025-10-29 17:56:07.000,558,136406
2025-10-29 17:56:07.000,558,136390
2025-10-29 17:56:07.000,558,136382
2025-10-29 17:56:07.000,558,135409
2025-10-29 17:56:08.001,549,136404
2025-10-29 17:56:08.001,549,136395
2025-10-29 17:56:08.001,549,136383
2025-10-29 17:56:08.001,549,135406
2025-10-29 17:56:08.001,549,135389
2025-10-29 17:56:08.001,549,135381
2025-10-29 17:56:08.001,549,134389
2025-10-29 17:56:08.001,549,134387
2025-10-29 17:56:08.001,549,133414
2025-10-29 17:56:08.001,549,133408
2025-10-29 17:56:09.001,544,134404
2025-10-29 17:56:09.001,544,134387
2025-10-29 17:56:09.001,544,134373
2025-10-29 17:56:09.001,544,133367
2025-10-29 17:56:09.001,544,133356
2025-10-29 17:56:09.001,544,133347
2025-10-29 17:56:09.001,544,133340
2025-10-29 17:56:09.001,544,132361
2025-10-29 17:56:09.001,544,132345
2025-10-29 17:56:09.001,544,132343
2025-10-29 17:56:10.000,535,133335
2025-10-29 17:56:10.000,535,133329
2025-10-29 17:56:10.000,535,132360
2025-10-29 17:56:10.000,535,132351
2025-10-29 17:56:10.000,535,132322
2025-10-29 17:56:10.000,535,132316
2025-10-29 17:56:10.000,535,131362
2025-10-29 17:56:10.000,535,131339
2025-10-29 17:56:10.000,535,130344
2025-10-29 17:56:10.000,535,130333
2025-10-29 17:56:11.000,529,131331
2025-10-29 17:56:11.000,529,130365
2025-10-29 17:56:11.000,529,130330
2025-10-29 17:56:11.000,529,129366
2025-10-29 17:56:11.000,529,129360
2025-10-29 17:56:11.000,529,129347
2025-10-29 17:56:11.000,529,129344
2025-10-29 17:56:11.000,529,129336
2025-10-29 17:56:11.000,529,128366
2025-10-29 17:56:11.000,529,128361
2025-10-29 17:56:12.001,526,129351
2025-10-29 17:56:12.001,526,129347
2025-10-29 17:56:12.001,526,129337
2025-10-29 17:56:12.001,526,128340
2025-10-29 17:56:12.001,526,128337
2025-10-29 17:56:12.001,526,127364
2025-10-29 17:56:12.001,526,127340
2025-10-29 17:56:12.001,526,127336
2025-10-29 17:56:12.001,526,127330
2025-10-29 17:56:12.001,526,126331
2025-10-29 17:56:13.000,517,126366
2025-10-29 17:56:13.000,517,126334
2025-10-29 17:56:13.000,517,126329
2025-10-29 17:56:13.000,517,125362
2025-10-29 17:56:13.000,517,125359
2025-10-29 17:56:13.000,517,125355
2025-10-29 17:56:13.000,517,125352
2025-10-29 17:56:13.000,517,125348
2025-10-29 17:56:13.000,517,125347
2025-10-29 17:56:13.000,517,125346
2025-10-29 17:56:14.001,513,126345
2025-10-29 17:56:14.001,513,126344
2025-10-29 17:56:14.001,513,126343
2025-10-29 17:56:14.001,513,126337
2025-10-29 17:56:14.001,513,126336
2025-10-29 17:56:14.001,513,126332
2025-10-29 17:56:14.001,513,125364
2025-10-29 17:56:14.001,513,125359
2025-10-29 17:56:14.001,513,125347
2025-10-29 17:56:14.001,513,125345
2025-10-29 17:56:15.000,506,126339
2025-10-29 17:56:15.000,506,126332
2025-10-29 17:56:15.000,506,125367
2025-10-29 17:56:15.000,506,125346
2025-10-29 17:56:15.000,506,125331
2025-10-29 17:56:15.000,506,124362
2025-10-29 17:56:15.000,506,124355
2025-10-29 17:56:15.000,506,124346
2025-10-29 17:56:15.000,506,124342
2025-10-29 17:56:15.000,506,124334
2025-10-29 17:56:16.000,500,125329
2025-10-29 17:56:16.000,500,124369
2025-10-29 17:56:16.000,500,124366
2025-10-29 17:56:16.000,500,124362
2025-10-29 17:56:16.000,500,124360
2025-10-29 17:56:16.000,500,124353
2025-10-29 17:56:16.000,500,124347
2025-10-29 17:56:16.000,500,124341
2025-10-29 17:56:16.000,500,124339
2025-10-29 17:56:16.000,500,123340
2025-10-29 17:56:17.001,492,124339
2025-10-29 17:56:17.001,492,124337
2025-10-29 17:56:17.001,492,124335
2025-10-29 17:56:17.001,492,123354
2025-10-29 17:56:17.001,492,123353
2025-10-29 17:56:17.001,492,123335
2025-10-29 17:56:17.001,492,123330
2025-10-29 17:56:17.001,492,122363
2025-10-29 17:56:17.001,492,122351
2025-10-29 17:56:17.001,492,122338
2025-10-29 17:56:18.000,486,123333
2025-10-29 17:56:18.000,486,122316
2025-10-29 17:56:18.000,486,122306
2025-10-29 17:56:18.000,486,122305
2025-10-29 17:56:18.000,486,121327
2025-10-29 17:56:18.000,486,121326
2025-10-29 17:56:18.000,486,121310
2025-10-29 17:56:18.000,486,121309
2025-10-29 17:56:18.000,486,121299
2025-10-29 17:56:18.000,486,120308
2025-10-29 17:56:19.001,481,121306
2025-10-29 17:56:19.001,481,121305
2025-10-29 17:56:19.001,481,120327
2025-10-29 17:56:19.001,481,120326
2025-10-29 17:56:19.001,481,120324
2025-10-29 17:56:19.001,481,120323
2025-10-29 17:56:19.001,481,120320
2025-10-29 17:56:19.001,481,120317
2025-10-29 17:56:19.001,481,120315
2025-10-29 17:56:19.001,481,120314
2025-10-29 17:56:20.000,478,121304
2025-10-29 17:56:20.000,478,120307
2025-10-29 17:56:20.000,478,119320
2025-10-29 17:56:20.000,478,119312
2025-10-29 17:56:20.000,478,119308
2025-10-29 17:56:20.000,478,119293
2025-10-29 17:56:20.000,478,118329
2025-10-29 17:56:20.000,478,118312
2025-10-29 17:56:20.000,478,118311
2025-10-29 17:56:20.000,478,118299
2025-10-29 17:56:21.000,469,118314
2025-10-29 17:56:21.000,469,118310
2025-10-29 17:56:21.000,469,118301
2025-10-29 17:56:21.000,469,118299
2025-10-29 17:56:21.000,469,117309
2025-10-29 17:56:21.000,469,117303
2025-10-29 17:56:21.000,469,116330
2025-10-29 17:56:21.000,469,116323
2025-10-29 17:56:21.000,469,116305
2025-10-29 17:56:21.000,469,115323
2025-10-29 17:56:22.000,466,116305
2025-10-29 17:56:22.000,466,116292
2025-10-29 17:56:22.000,466,116291
2025-10-29 17:56:22.000,466,115304
2025-10-29 17:56:22.000,466,115303
2025-10-29 17:56:22.000,466,114318
2025-10-29 17:56:22.000,466,114297
2025-10-29 17:56:22.000,466,113327
2025-10-29 17:56:22.000,466,113316
2025-10-29 17:56:22.000,466,113304
2025-10-29 17:56:23.001,460,114297
2025-10-29 17:56:23.001,460,113328
2025-10-29 17:56:23.001,460,113315
2025-10-29 17:56:23.001,460,113304
2025-10-29 17:56:23.001,460,112324
2025-10-29 17:56:23.001,460,112322
2025-10-29 17:56:23.001,460,112321
2025-10-29 17:56:23.001,460,112307
2025-10-29 17:56:23.001,460,112295
2025-10-29 17:56:23.001,460,111325
2025-10-29 17:56:24.000,456,112308
2025-10-29 17:56:24.000,456,112305
2025-10-29 17:56:24.000,456,112297
2025-10-29 17:56:24.000,456,112297
2025-10-29 17:56:24.000,456,111314
2025-10-29 17:56:24.000,456,111308
2025-10-29 17:56:24.000,456,111300
2025-10-29 17:56:24.000,456,111295
2025-10-29 17:56:24.000,456,110329
2025-10-29 17:56:24.000,456,110324
2025-10-29 17:56:25.000,451,111321
2025-10-29 17:56:25.000,451,111305
2025-10-29 17:56:25.000,451,111295
2025-10-29 17:56:25.000,451,110326
2025-10-29 17:56:25.000,451,110317
2025-10-29 17:56:25.000,451,110299
2025-10-29 17:56:25.000,451,109283
2025-10-29 17:56:25.000,451,109270
2025-10-29 17:56:25.000,451,107288
2025-10-29 17:56:25.000,451,107267
2025-10-29 17:56:26.001,446,108266
2025-10-29 17:56:26.001,446,107289
2025-10-29 17:56:26.001,446,107278
2025-10-29 17:56:26.001,446,107253
2025-10-29 17:56:26.001,446,107249
2025-10-29 17:56:26.001,446,106284
2025-10-29 17:56:26.001,446,106274
2025-10-29 17:56:26.001,446,106266
2025-10-29 17:56:26.001,446,106263
2025-10-29 17:56:26.001,446,106242
2025-10-29 17:56:27.000,439,106280
2025-10-29 17:56:27.000,439,106276
2025-10-29 17:56:27.000,439,106250
2025-10-29 17:56:27.000,439,106249
2025-10-29 17:56:27.000,439,105271
2025-10-29 17:56:27.000,439,104274
2025-10-29 17:56:27.000,439,104270
2025-10-29 17:56:27.000,439,104270
2025-10-29 17:56:27.000,439,103276
2025-10-29 17:56:27.000,439,103270
2025-10-29 17:56:28.000,431,104258
2025-10-29 17:56:28.000,431,104256
2025-10-29 17:56:28.000,431,103268
2025-10-29 17:56:28.000,431,103263
2025-10-29 17:56:28.000,431,102285
2025-10-29 17:56:28.000,431,102284
2025-10-29 17:56:28.000,431,102283
2025-10-29 17:56:28.000,431,102278
2025-10-29 17:56:28.000,431,102275
2025-10-29 17:56:28.000,431,102252
2025-10-29 17:56:29.001,427,103252
2025-10-29 17:56:29.001,427,102285
2025-10-29 17:56:29.001,427,102280
2025-10-29 17:56:29.001,427,101244
2025-10-29 17:56:29.001,427,101235
2025-10-29 17:56:29.001,427,100283
2025-10-29 17:56:29.001,427,100280
2025-10-29 17:56:29.001,427,100278
2025-10-29 17:56:29.001,427,100273
2025-10-29 17:56:29.001,427,100266
2025-10-29 17:56:30.001,419,101264
2025-10-29 17:56:30.001,419,100289
2025-10-29 17:56:30.001,419,100280
2025-10-29 17:56:30.001,419,99267
2025-10-29 17:56:30.001,419,99260
2025-10-29 17:56:30.001,419,98290
2025-10-29 17:56:30.001,419,98286
2025-10-29 17:56:30.001,419,98268
2025-10-29 17:56:30.001,419,98258
2025-10-29 17:56:30.001,419,97280
2025-10-29 17:56:31.000,410,98273
2025-10-29 17:56:31.000,410,98269
2025-10-29 17:56:31.000,410,98261
2025-10-29 17:56:31.000,410,98252
2025-10-29 17:56:31.000,410,97289
2025-10-29 17:56:31.000,410,97271
2025-10-29 17:56:31.000,410,97267
2025-10-29 17:56:31.000,410,97263
2025-10-29 17:56:31.000,410,95250
2025-10-29 17:56:31.000,410,95238
2025-10-29 17:56:32.000,406,96220
2025-10-29 17:56:32.000,406,95245
2025-10-29 17:56:32.000,406,95244
2025-10-29 17:56:32.000,406,95236
2025-10-29 17:56:32.000,406,95229
2025-10-29 17:56:32.000,406,95228
2025-10-29 17:56:32.000,406,95216
2025-10-29 17:56:32.000,406,94246
2025-10-29 17:56:32.000,406,94224
2025-10-29 17:56:32.000,406,92249
2025-10-29 17:56:33.000,401,93247
2025-10-29 17:56:33.000,401,93232
2025-10-29 17:56:33.000,401,93230
2025-10-29 17:56:33.000,401,93222
2025-10-29 17:56:33.000,401,92249
2025-10-29 17:56:33.000,401,92229
2025-10-29 17:56:33.000,401,92228
2025-10-29 17:56:33.000,401,92223
2025-10-29 17:56:33.000,401,92222
2025-10-29 17:56:33.000,401,91252
2025-10-29 17:56:34.001,397,92251
2025-10-29 17:56:34.001,397,92234
2025-10-29 17:56:34.001,397,92233
2025-10-29 17:56:34.001,397,92228
2025-10-29 17:56:34.001,397,92225
2025-10-29 17:56:34.001,397,92220
2025-10-29 17:56:34.001,397,91247
2025-10-29 17:56:34.001,397,91246
2025-10-29 17:56:34.001,397,91238
2025-10-29 17:56:34.001,397,91237
2025-10-29 17:56:35.000,391,92230
2025-10-29 17:56:35.000,391,92220
2025-10-29 17:56:35.000,391,91250
2025-10-29 17:56:35.000,391,91247
2025-10-29 17:56:35.000,391,91230
2025-10-29 17:56:35.000,391,91221
2025-10-29 17:56:35.000,391,90244
2025-10-29 17:56:35.000,391,90242
2025-10-29 17:56:35.000,391,89252
2025-10-29 17:56:35.000,391,89251
2025-10-29 17:56:36.001,384,90234
2025-10-29 17:56:36.001,384,90220
2025-10-29 17:56:36.001,384,90212
2025-10-29 17:56:36.001,384,89250
2025-10-29 17:56:36.001,384,89246
2025-10-29 17:56:36.001,384,89238
2025-10-29 17:56:36.001,384,89234
2025-10-29 17:56:36.001,384,89230
2025-10-29 17:56:36.001,384,89228
2025-10-29 17:56:36.001,384,89219
2025-10-29 17:56:37.000,376,90217
2025-10-29 17:56:37.000,376,89252
2025-10-29 17:56:37.000,376,89240
2025-10-29 17:56:37.000,376,89239
2025-10-29 17:56:37.000,376,89224
2025-10-29 17:56:37.000,376,89223
2025-10-29 17:56:37.000,376,89222
2025-10-29 17:56:37.000,376,89216
2025-10-29 17:56:37.000,376,89214
2025-10-29 17:56:37.000,376,89209
2025-10-29 17:56:38.001,374,89242
2025-10-29 17:56:38.001,374,89236
2025-10-29 17:56:38.001,374,89235
2025-10-29 17:56:38.001,374,89233
2025-10-29 17:56:38.001,374,89229
2025-10-29 17:56:38.001,374,89223
2025-10-29 17:56:38.001,374,89220
2025-10-29 17:56:38.001,374,89215
2025-10-29 17:56:38.001,374,89214
2025-10-29 17:56:38.001,374,89212
2025-10-29 17:56:39.000,368,89252
2025-10-29 17:56:39.000,368,89221
2025-10-29 17:56:39.000,368,88250
2025-10-29 17:56:39.000,368,88242
2025-10-29 17:56:39.000,368,88235
2025-10-29 17:56:39.000,368,88234
2025-10-29 17:56:39.000,368,88228
2025-10-29 17:56:39.000,368,88221
2025-10-29 17:56:39.000,368,87250
2025-10-29 17:56:39.000,368,87241
2025-10-29 17:56:40.001,361,88222
2025-10-29 17:56:40.001,361,87230
2025-10-29 17:56:40.001,361,87225
2025-10-29 17:56:40.001,361,86245
2025-10-29 17:56:40.001,361,86241
2025-10-29 17:56:40.001,361,86239
2025-10-29 17:56:40.001,361,86238
2025-10-29 17:56:40.001,361,85253
2025-10-29 17:56:40.001,361,85222
2025-10-29 17:56:40.001,361,85221
2025-10-29 17:56:41.000,356,85207
2025-10-29 17:56:41.000,356,85200
2025-10-29 17:56:41.000,356,85189
2025-10-29 17:56:41.000,356,85182
2025-10-29 17:56:41.000,356,85170
2025-10-29 17:56:41.000,356,84207
2025-10-29 17:56:41.000,356,84202
2025-10-29 17:56:41.000,356,84198
2025-10-29 17:56:41.000,356,84189
2025-10-29 17:56:41.000,356,84174
2025-10-29 17:56:42.000,348,84203
2025-10-29 17:56:42.000,348,84190
2025-10-29 17:56:42.000,348,84185
2025-10-29 17:56:42.000,348,84175
2025-10-29 17:56:42.000,348,84169
2025-10-29 17:56:42.000,348,83203
2025-10-29 17:56:42.000,348,83195
2025-10-29 17:56:42.000,348,83193
2025-10-29 17:56:42.000,348,83186
2025-10-29 17:56:42.000,348,82204
2025-10-29 17:56:43.001,341,83193
2025-10-29 17:56:43.001,341,83186
2025-10-29 17:56:43.001,341,83177
2025-10-29 17:56:43.001,341,82200
2025-10-29 17:56:43.001,341,82189
2025-10-29 17:56:43.001,341,82183
2025-10-29 17:56:43.001,341,81210
2025-10-29 17:56:43.001,341,81204
2025-10-29 17:56:43.001,341,81202
2025-10-29 17:56:43.001,341,81197
2025-10-29 17:56:44.000,336,82187
2025-10-29 17:56:44.000,336,82185
2025-10-29 17:56:44.000,336,82183
2025-10-29 17:56:44.000,336,82183
2025-10-29 17:56:44.000,336,82176
2025-10-29 17:56:44.000,336,81206
2025-10-29 17:56:44.000,336,81203
2025-10-29 17:56:44.000,336,81195
2025-10-29 17:56:44.000,336,81194
2025-10-29 17:56:44.000,336,81188
2025-10-29 17:56:45.001,329,82180
2025-10-29 17:56:45.001,329,81208
2025-10-29 17:56:45.001,329,80194
2025-10-29 17:56:45.001,329,80188
2025-10-29 17:56:45.001,329,80179
2025-10-29 17:56:45.001,329,79208
2025-10-29 17:56:45.001,329,79189
2025-10-29 17:56:45.001,329,79185
2025-10-29 17:56:45.001,329,79181
2025-10-29 17:56:45.001,329,79180
2025-10-29 17:56:46.000,322,79199
2025-10-29 17:56:46.000,322,79196
2025-10-29 17:56:46.000,322,79174
2025-10-29 17:56:46.000,322,79171
2025-10-29 17:56:46.000,322,78208
2025-10-29 17:56:46.000,322,78192
2025-10-29 17:56:46.000,322,78189
2025-10-29 17:56:46.000,322,78183
2025-10-29 17:56:46.000,322,78182
2025-10-29 17:56:46.000,322,78181
2025-10-29 17:56:47.000,318,79176
2025-10-29 17:56:47.000,318,78206
2025-10-29 17:56:47.000,318,78202
2025-10-29 17:56:47.000,318,77201
2025-10-29 17:56:47.000,318,77194
2025-10-29 17:56:47.000,318,77177
2025-10-29 17:56:47.000,318,76208
2025-10-29 17:56:47.000,318,76207
2025-10-29 17:56:47.000,318,76196
2025-10-29 17:56:47.000,318,76183
2025-10-29 17:56:48.001,311,76195
2025-10-29 17:56:48.001,311,76186
2025-10-29 17:56:48.001,311,75205
2025-10-29 17:56:48.001,311,75195
2025-10-29 17:56:48.001,311,75188
2025-10-29 17:56:48.001,311,75186
2025-10-29 17:56:48.001,311,75185
2025-10-29 17:56:48.001,311,75172
2025-10-29 17:56:48.001,311,74182
2025-10-29 17:56:48.001,311,74158
2025-10-29 17:56:49.000,303,74207
2025-10-29 17:56:49.000,303,74202
2025-10-29 17:56:49.000,303,74187
2025-10-29 17:56:49.000,303,74176
2025-10-29 17:56:49.000,303,74171
2025-10-29 17:56:49.000,303,73134
2025-10-29 17:56:49.000,303,72163
2025-10-29 17:56:49.000,303,72155
2025-10-29 17:56:49.000,303,72151
2025-10-29 17:56:49.000,303,72150
2025-10-29 17:56:50.000,299,73144
2025-10-29 17:56:50.000,299,73133
2025-10-29 17:56:50.000,299,72168
2025-10-29 17:56:50.000,299,72163
2025-10-29 17:56:50.000,299,72150
2025-10-29 17:56:50.000,299,72142
2025-10-29 17:56:50.000,299,71156
2025-10-29 17:56:50.000,299,71123
2025-10-29 17:56:50.000,299,71119
2025-10-29 17:56:50.000,299,70158
2025-10-29 17:56:51.001,293,71155
2025-10-29 17:56:51.001,293,71147
2025-10-29 17:56:51.001,293,71126
2025-10-29 17:56:51.001,293,70164
2025-10-29 17:56:51.001,293,70157
2025-10-29 17:56:51.001,293,70150
2025-10-29 17:56:51.001,293,70147
2025-10-29 17:56:51.001,293,69163
2025-10-29 17:56:51.001,293,69159
2025-10-29 17:56:51.001,293,69138
2025-10-29 17:56:52.000,284,70127
2025-10-29 17:56:52.000,284,69164
2025-10-29 17:56:52.000,284,69149
2025-10-29 17:56:52.000,284,69144
2025-10-29 17:56:52.000,284,68166
2025-10-29 17:56:52.000,284,68160
2025-10-29 17:56:52.000,284,68156
2025-10-29 17:56:52.000,284,68147
2025-10-29 17:56:52.000,284,68144
2025-10-29 17:56:52.000,284,68134
2025-10-29 17:56:53.000,276,68138
2025-10-29 17:56:53.000,276,68122
2025-10-29 17:56:53.000,276,67146
2025-10-29 17:56:53.000,276,66166
2025-10-29 17:56:53.000,276,66162
2025-10-29 17:56:53.000,276,66149
2025-10-29 17:56:53.000,276,66141
2025-10-29 17:56:53.000,276,66130
2025-10-29 17:56:53.000,276,65164
2025-10-29 17:56:53.000,276,65156
2025-10-29 17:56:54.000,273,66154
2025-10-29 17:56:54.000,273,66152
2025-10-29 17:56:54.000,273,66139
2025-10-29 17:56:54.000,273,66131
2025-10-29 17:56:54.000,273,65163
2025-10-29 17:56:54.000,273,65160
2025-10-29 17:56:54.000,273,64146
2025-10-29 17:56:54.000,273,64142
2025-10-29 17:56:54.000,273,64138
2025-10-29 17:56:54.000,273,64133
2025-10-29 17:56:55.001,269,65131
2025-10-29 17:56:55.001,269,65130
2025-10-29 17:56:55.001,269,64164
2025-10-29 17:56:55.001,269,64155
2025-10-29 17:56:55.001,269,64152
2025-10-29 17:56:55.001,269,64131
2025-10-29 17:56:55.001,269,63162
2025-10-29 17:56:55.001,269,63158
2025-10-29 17:56:55.001,269,63138
2025-10-29 17:56:55.001,269,62158
2025-10-29 17:56:56.000,262,63155
2025-10-29 17:56:56.000,262,63152
2025-10-29 17:56:56.000,262,63144
2025-10-29 17:56:56.000,262,63130
2025-10-29 17:56:56.000,262,62167
2025-10-29 17:56:56.000,262,62150
2025-10-29 17:56:56.000,262,62146
2025-10-29 17:56:56.000,262,62144
2025-10-29 17:56:56.000,262,62142
2025-10-29 17:56:56.000,262,62136
2025-10-29 17:56:57.001,260,63132
2025-10-29 17:56:57.001,260,63131
2025-10-29 17:56:57.001,260,62160
2025-10-29 17:56:57.001,260,62147
2025-10-29 17:56:57.001,260,62142
2025-10-29 17:56:57.001,260,61114
2025-10-29 17:56:57.001,260,61110
2025-10-29 17:56:57.001,260,61107
2025-10-29 17:56:57.001,260,61095
2025-10-29 17:56:57.001,260,60133
2025-10-29 17:56:58.000,266,61116
2025-10-29 17:56:58.000,266,61112
2025-10-29 17:56:58.000,266,61105
2025-10-29 17:56:58.000,266,61100
2025-10-29 17:56:58.000,266,60123
2025-10-29 17:56:58.000,266,60116
2025-10-29 17:56:58.000,266,60113
2025-10-29 17:56:58.000,266,60109
2025-10-29 17:56:58.000,266,59129
2025-10-29 17:56:58.000,266,59127
2025-10-29 17:56:59.000,268,60114
2025-10-29 17:56:59.000,268,59131
2025-10-29 17:56:59.000,268,59122
2025-10-29 17:56:59.000,268,59113
2025-10-29 17:56:59.000,268,58128
2025-10-29 17:56:59.000,268,58124
2025-10-29 17:56:59.000,268,58121
2025-10-29 17:56:59.000,268,58110
2025-10-29 17:56:59.000,268,58104
2025-10-29 17:56:59.000,268,58099
2025-10-29 17:57:00.000,271,58130
2025-10-29 17:57:00.000,271,58118
2025-10-29 17:57:00.000,271,58102
2025-10-29 17:57:00.000,271,58100
2025-10-29 17:57:00.000,271,57128
2025-10-29 17:57:00.000,271,57112
2025-10-29 17:57:00.000,271,57096
2025-10-29 17:57:00.000,271,56127
2025-10-29 17:57:00.000,271,56111
2025-10-29 17:57:00.000,271,56108
2025-10-29 17:57:01.001,269,56133
2025-10-29 17:57:01.001,269,56127
2025-10-29 17:57:01.001,269,56125
2025-10-29 17:57:01.001,269,55132
2025-10-29 17:57:01.001,269,55124
2025-10-29 17:57:01.001,269,55121
2025-10-29 17:57:01.001,269,55114
2025-10-29 17:57:01.001,269,55102
2025-10-29 17:57:01.001,269,54132
2025-10-29 17:57:01.001,269,53126
2025-10-29 17:57:02.000,265,54119
2025-10-29 17:57:02.000,265,54117
2025-10-29 17:57:02.000,265,54115
2025-10-29 17:57:02.000,265,54103
2025-10-29 17:57:02.000,265,53101
2025-10-29 17:57:02.000,265,52124
2025-10-29 17:57:02.000,265,52102
2025-10-29 17:57:02.000,265,52101
2025-10-29 17:57:02.000,265,52099
2025-10-29 17:57:02.000,265,51129
2025-10-29 17:57:03.001,262,52125
2025-10-29 17:57:03.001,262,52116
2025-10-29 17:57:03.001,262,52111
2025-10-29 17:57:03.001,262,52107
2025-10-29 17:57:03.001,262,52104
2025-10-29 17:57:03.001,262,52101
2025-10-29 17:57:03.001,262,51104
2025-10-29 17:57:03.001,262,50131
2025-10-29 17:57:03.001,262,50123
2025-10-29 17:57:03.001,262,50118
2025-10-29 17:57:04.000,262,51115
2025-10-29 17:57:04.000,262,51106
2025-10-29 17:57:04.000,262,51103
2025-10-29 17:57:04.000,262,50115
2025-10-29 17:57:04.000,262,50108
2025-10-29 17:57:04.000,262,50101
2025-10-29 17:57:04.000,262,49127
2025-10-29 17:57:04.000,262,49125
2025-10-29 17:57:04.000,262,49121
2025-10-29 17:57:04.000,262,49113
2025-10-29 17:57:05.000,260,49092
2025-10-29 17:57:05.000,260,49066
2025-10-29 17:57:05.000,260,48092
2025-10-29 17:57:05.000,260,48084
2025-10-29 17:57:05.000,260,48074
2025-10-29 17:57:05.000,260,48072
2025-10-29 17:57:05.000,260,47095
2025-10-29 17:57:05.000,260,47086
2025-10-29 17:57:05.000,260,47080
2025-10-29 17:57:05.000,260,47079
2025-10-29 17:57:06.001,251,48064
2025-10-29 17:57:06.001,251,47095
2025-10-29 17:57:06.001,251,47090
2025-10-29 17:57:06.001,251,47082
2025-10-29 17:57:06.001,251,47077
2025-10-29 17:57:06.001,251,47076
2025-10-29 17:57:06.001,251,47071
2025-10-29 17:57:06.001,251,47069
2025-10-29 17:57:06.001,251,46093
2025-10-29 17:57:06.001,251,45094
2025-10-29 17:57:07.000,250,46090
2025-10-29 17:57:07.005,250,46080
2025-10-29 17:57:07.005,250,46077
2025-10-29 17:57:07.005,250,46077
2025-10-29 17:57:07.005,250,46075
2025-10-29 17:57:07.005,250,46068
2025-10-29 17:57:07.005,250,45097
2025-10-29 17:57:07.005,250,45094
2025-10-29 17:57:07.005,250,45091
2025-10-29 17:57:07.005,250,45068
2025-10-29 17:57:08.000,251,45093
2025-10-29 17:57:08.000,251,45070
2025-10-29 17:57:08.000,251,45065
2025-10-29 17:57:08.000,251,45063
2025-10-29 17:57:08.000,251,45057
2025-10-29 17:57:08.000,251,45053
2025-10-29 17:57:08.000,251,44089
2025-10-29 17:57:08.000,251,44085
2025-10-29 17:57:08.000,251,44073
2025-10-29 17:57:08.000,251,44071
2025-10-29 17:57:09.000,247,45067
2025-10-29 17:57:09.000,247,44072
2025-10-29 17:57:09.000,247,44069
2025-10-29 17:57:09.000,247,44063
2025-10-29 17:57:09.000,247,44057
2025-10-29 17:57:09.000,247,44056
2025-10-29 17:57:09.000,247,43095
2025-10-29 17:57:09.000,247,43092
2025-10-29 17:57:09.000,247,43091
2025-10-29 17:57:09.000,247,42087
2025-10-29 17:57:10.000,246,43062
2025-10-29 17:57:10.000,246,42094
2025-10-29 17:57:10.000,246,42089
2025-10-29 17:57:10.000,246,42079
2025-10-29 17:57:10.000,246,42072
2025-10-29 17:57:10.000,246,42067
2025-10-29 17:57:10.000,246,42058
2025-10-29 17:57:10.000,246,41071
2025-10-29 17:57:10.000,246,41066
2025-10-29 17:57:10.000,246,40058
2025-10-29 17:57:11.001,242,40094
2025-10-29 17:57:11.001,242,40087
2025-10-29 17:57:11.001,242,40086
2025-10-29 17:57:11.001,242,40075
2025-10-29 17:57:11.001,242,40071
2025-10-29 17:57:11.001,242,40062
2025-10-29 17:57:11.001,242,39076
2025-10-29 17:57:11.001,242,39073
2025-10-29 17:57:11.001,242,39072
2025-10-29 17:57:11.001,242,39070
2025-10-29 17:57:12.000,245,40054
2025-10-29 17:57:12.000,245,39091
2025-10-29 17:57:12.000,245,39088
2025-10-29 17:57:12.000,245,39085
2025-10-29 17:57:12.000,245,39074
2025-10-29 17:57:12.000,245,39062
2025-10-29 17:57:12.000,245,39060
2025-10-29 17:57:12.000,245,38089
2025-10-29 17:57:12.000,245,38082
2025-10-29 17:57:12.000,245,38078
2025-10-29 17:57:13.000,235,39072
2025-10-29 17:57:13.000,235,38087
2025-10-29 17:57:13.000,235,38076
2025-10-29 17:57:13.000,235,38063
2025-10-29 17:57:13.000,235,37048
2025-10-29 17:57:13.000,235,37021
2025-10-29 17:57:13.000,235,36052
2025-10-29 17:57:13.000,235,36050
2025-10-29 17:57:13.000,235,36029
2025-10-29 17:57:13.000,235,36027
2025-10-29 17:57:14.001,244,37022
2025-10-29 17:57:14.001,244,37016
2025-10-29 17:57:14.001,244,37012
2025-10-29 17:57:14.001,244,37009
2025-10-29 17:57:14.001,244,36059
2025-10-29 17:57:14.001,244,36043
2025-10-29 17:57:14.001,244,36041
2025-10-29 17:57:14.001,244,36035
2025-10-29 17:57:14.001,244,35052
2025-10-29 17:57:14.001,244,35035
2025-10-29 17:57:15.000,244,36030
2025-10-29 17:57:15.000,244,35058
2025-10-29 17:57:15.000,244,35055
2025-10-29 17:57:15.000,244,35049
2025-10-29 17:57:15.000,244,35048
2025-10-29 17:57:15.000,244,35024
2025-10-29 17:57:15.000,244,34056
2025-10-29 17:57:15.000,244,34026
2025-10-29 17:57:15.000,244,33035
2025-10-29 17:57:15.000,244,33034
2025-10-29 17:57:16.001,244,34034
2025-10-29 17:57:16.001,244,33056
2025-10-29 17:57:16.001,244,33050
2025-10-29 17:57:16.001,244,33038
2025-10-29 17:57:16.001,244,33035
2025-10-29 17:57:16.001,244,33032
2025-10-29 17:57:16.001,244,32049
2025-10-29 17:57:16.001,244,32040
2025-10-29 17:57:16.001,244,32035
2025-10-29 17:57:16.001,244,31055
2025-10-29 17:57:17.000,242,32045
2025-10-29 17:57:17.000,242,32041
2025-10-29 17:57:17.000,242,31051
2025-10-29 17:57:17.000,242,31044
2025-10-29 17:57:17.000,242,31040
2025-10-29 17:57:17.000,242,31029
2025-10-29 17:57:17.000,242,31028
2025-10-29 17:57:17.000,242,31024
2025-10-29 17:57:17.000,242,30047
2025-10-29 17:57:17.000,242,30040
2025-10-29 17:57:18.000,248,31036
2025-10-29 17:57:18.000,248,30052
2025-10-29 17:57:18.000,248,30020
2025-10-29 17:57:18.000,248,29056
2025-10-29 17:57:18.000,248,29055
2025-10-29 17:57:18.000,248,29048
2025-10-29 17:57:18.000,248,29042
2025-10-29 17:57:18.000,248,29030
2025-10-29 17:57:18.000,248,29024
2025-10-29 17:57:18.000,248,28047
2025-10-29 17:57:19.001,256,29041
2025-10-29 17:57:19.001,256,29037
2025-10-29 17:57:19.001,256,29023
2025-10-29 17:57:19.001,256,28047
2025-10-29 17:57:19.001,256,27046
2025-10-29 17:57:19.001,256,27026
2025-10-29 17:57:19.001,256,26058
2025-10-29 17:57:19.001,256,26051
2025-10-29 17:57:19.001,256,26040
2025-10-29 17:57:19.001,256,26036
2025-10-29 17:57:20.000,264,27034
2025-10-29 17:57:20.000,264,27032
2025-10-29 17:57:20.000,264,27028
2025-10-29 17:57:20.000,264,26047
2025-10-29 17:57:20.000,264,26044
2025-10-29 17:57:20.000,264,26040
2025-10-29 17:57:20.000,264,26034
2025-10-29 17:57:20.000,264,26032
2025-10-29 17:57:20.000,264,26029
2025-10-29 17:57:20.000,264,25054
2025-10-29 17:57:21.001,288,26037
2025-10-29 17:57:21.001,288,26031
2025-10-29 17:57:21.001,288,25020
2025-10-29 17:57:21.001,288,25013
2025-10-29 17:57:21.001,288,25011
2025-10-29 17:57:21.001,288,24988
2025-10-29 17:57:21.001,288,24983
2025-10-29 17:57:21.001,288,24980
2025-10-29 17:57:21.001,288,24967
2025-10-29 17:57:21.001,288,24944
2025-10-29 17:57:22.000,303,25011
2025-10-29 17:57:22.000,303,25002
2025-10-29 17:57:22.000,303,24998
2025-10-29 17:57:22.000,303,24992
2025-10-29 17:57:22.000,303,24977
2025-10-29 17:57:22.000,303,24972
2025-10-29 17:57:22.000,303,24968
2025-10-29 17:57:22.000,303,24966
2025-10-29 17:57:22.000,303,24962
2025-10-29 17:57:22.000,303,24960
2025-10-29 17:57:23.001,320,25959
2025-10-29 17:57:23.001,320,25958
2025-10-29 17:57:23.001,320,25944
2025-10-29 17:57:23.001,320,25941
2025-10-29 17:57:23.001,320,25022
2025-10-29 17:57:23.001,320,25016
2025-10-29 17:57:23.001,320,25004
2025-10-29 17:57:23.001,320,25000
2025-10-29 17:57:23.001,320,24991
2025-10-29 17:57:23.001,320,24968
2025-10-29 17:57:24.000,335,25959
2025-10-29 17:57:24.000,335,25949
2025-10-29 17:57:24.000,335,25948
2025-10-29 17:57:24.000,335,25941
2025-10-29 17:57:24.000,335,25940
2025-10-29 17:57:24.000,335,25938
2025-10-29 17:57:24.000,335,25937
2025-10-29 17:57:24.000,335,25934
2025-10-29 17:57:24.000,335,25007
2025-10-29 17:57:24.000,335,25005
2025-10-29 17:57:25.001,348,26000
2025-10-29 17:57:25.001,348,25998
2025-10-29 17:57:25.001,348,25990
2025-10-29 17:57:25.001,348,25973
2025-10-29 17:57:25.001,348,25969
2025-10-29 17:57:25.001,348,25960
2025-10-29 17:57:25.001,348,25945
2025-10-29 17:57:25.001,348,25943
2025-10-29 17:57:25.001,348,25935
2025-10-29 17:57:25.001,348,25915
2025-10-29 17:57:26.000,359,26906
2025-10-29 17:57:26.000,359,26013
2025-10-29 17:57:26.000,359,26006
2025-10-29 17:57:26.000,359,25979
2025-10-29 17:57:26.000,359,25967
2025-10-29 17:57:26.000,359,25966
2025-10-29 17:57:26.000,359,25956
2025-10-29 17:57:26.000,359,25947
2025-10-29 17:57:26.000,359,25935
2025-10-29 17:57:26.000,359,24998
2025-10-29 17:57:27.000,369,25988
2025-10-29 17:57:27.000,369,25984
2025-10-29 17:57:27.000,369,25975
2025-10-29 17:57:27.000,369,25939
2025-10-29 17:57:27.000,369,25021
2025-10-29 17:57:27.000,369,25007
2025-10-29 17:57:27.000,369,25005
2025-10-29 17:57:27.000,369,25004
2025-10-29 17:57:27.000,369,24994
2025-10-29 17:57:27.000,369,24958
2025-10-29 17:57:28.001,379,25952
2025-10-29 17:57:28.001,379,25951
2025-10-29 17:57:28.001,379,25019
2025-10-29 17:57:28.001,379,24992
2025-10-29 17:57:28.001,379,24984
2025-10-29 17:57:28.001,379,24973
2025-10-29 17:57:28.001,379,24971
2025-10-29 17:57:28.001,379,24942
2025-10-29 17:57:28.001,379,24012
2025-10-29 17:57:28.001,379,23999
2025-10-29 17:57:29.000,395,24965
2025-10-29 17:57:29.000,395,24960
2025-10-29 17:57:29.000,395,24955
2025-10-29 17:57:29.000,395,24948
2025-10-29 17:57:29.000,395,24008
2025-10-29 17:57:29.000,395,23988
2025-10-29 17:57:29.000,395,23975
2025-10-29 17:57:29.000,395,23965
2025-10-29 17:57:29.000,395,23960
2025-10-29 17:57:29.000,395,23952
2025-10-29 17:57:30.000,404,24936
2025-10-29 17:57:30.000,404,24021
2025-10-29 17:57:30.000,404,24018
2025-10-29 17:57:30.000,404,24001
2025-10-29 17:57:30.000,404,23985
2025-10-29 17:57:30.000,404,23975
2025-10-29 17:57:30.000,404,23973
2025-10-29 17:57:30.000,404,23963
2025-10-29 17:57:30.000,404,23947
2025-10-29 17:57:30.000,404,23935
2025-10-29 17:57:31.001,416,24019
2025-10-29 17:57:31.001,416,24018
2025-10-29 17:57:31.001,416,23999
2025-10-29 17:57:31.001,416,23987
2025-10-29 17:57:31.001,416,23972
2025-10-29 17:57:31.001,416,23966
2025-10-29 17:57:31.001,416,23965
2025-10-29 17:57:31.001,416,23961
2025-10-29 17:57:31.001,416,23955
2025-10-29 17:57:31.001,416,23949
2025-10-29 17:57:32.000,424,24935
2025-10-29 17:57:32.000,424,24022
2025-10-29 17:57:32.000,424,24021
2025-10-29 17:57:32.000,424,24019
2025-10-29 17:57:32.000,424,24009
2025-10-29 17:57:32.000,424,23998
2025-10-29 17:57:32.000,424,23963
2025-10-29 17:57:32.000,424,23020
2025-10-29 17:57:32.000,424,23014
2025-10-29 17:57:32.000,424,22992
2025-10-29 17:57:33.000,441,23985
2025-10-29 17:57:33.000,441,23973
2025-10-29 17:57:33.000,441,23954
2025-10-29 17:57:33.000,441,23949
2025-10-29 17:57:33.000,441,23936
2025-10-29 17:57:33.000,441,23011
2025-10-29 17:57:33.000,441,23007
2025-10-29 17:57:33.000,441,22999
2025-10-29 17:57:33.000,441,22992
2025-10-29 17:57:33.000,441,22952
2025-10-29 17:57:34.000,445,23929
2025-10-29 17:57:34.000,445,23927
2025-10-29 17:57:34.000,445,23019
2025-10-29 17:57:34.000,445,23017
2025-10-29 17:57:34.000,445,23011
2025-10-29 17:57:34.000,445,23007
2025-10-29 17:57:34.000,445,23005
2025-10-29 17:57:34.000,445,22998
2025-10-29 17:57:34.000,445,22988
2025-10-29 17:57:34.000,445,22983
2025-10-29 17:57:35.001,458,23982
2025-10-29 17:57:35.001,458,23974
2025-10-29 17:57:35.001,458,23973
2025-10-29 17:57:35.001,458,23942
2025-10-29 17:57:35.001,458,23916
2025-10-29 17:57:35.001,458,23017
2025-10-29 17:57:35.001,458,23000
2025-10-29 17:57:35.001,458,22992
2025-10-29 17:57:35.001,458,22987
2025-10-29 17:57:35.001,458,22984
2025-10-29 17:57:36.000,468,23966
2025-10-29 17:57:36.000,468,23964
2025-10-29 17:57:36.000,468,23950
2025-10-29 17:57:36.000,468,23948
2025-10-29 17:57:36.000,468,23937
2025-10-29 17:57:36.000,468,23020
2025-10-29 17:57:36.000,468,23006
2025-10-29 17:57:36.000,468,23004
2025-10-29 17:57:36.000,468,22974
2025-10-29 17:57:36.000,468,22969
2025-10-29 17:57:37.000,460,23955
2025-10-29 17:57:37.000,460,23944
2025-10-29 17:57:37.000,460,23924
2025-10-29 17:57:37.000,460,23921
2025-10-29 17:57:37.000,460,23020
2025-10-29 17:57:37.000,460,22995
2025-10-29 17:57:37.000,460,22991
2025-10-29 17:57:37.000,460,22983
2025-10-29 17:57:37.000,460,22981
2025-10-29 17:57:37.000,460,22969
2025-10-29 17:57:38.001,454,23969
2025-10-29 17:57:38.001,454,23949
2025-10-29 17:57:38.001,454,23939
2025-10-29 17:57:38.001,454,23937
2025-10-29 17:57:38.001,454,23005
2025-10-29 17:57:38.001,454,22993
2025-10-29 17:57:38.001,454,22992
2025-10-29 17:57:38.001,454,22987
2025-10-29 17:57:38.001,454,22984
2025-10-29 17:57:38.001,454,22976
2025-10-29 17:57:39.000,452,23970
2025-10-29 17:57:39.000,452,23954
2025-10-29 17:57:39.000,452,23952
2025-10-29 17:57:39.000,452,23936
2025-10-29 17:57:39.000,452,22932
2025-10-29 17:57:39.000,452,22920
2025-10-29 17:57:39.000,452,22919
2025-10-29 17:57:39.000,452,22895
2025-10-29 17:57:39.000,452,22894
2025-10-29 17:57:39.000,452,22890
2025-10-29 17:57:40.000,452,23870
2025-10-29 17:57:40.000,452,23858
2025-10-29 17:57:40.000,452,23846
2025-10-29 17:57:40.000,452,23840
2025-10-29 17:57:40.000,452,23822
2025-10-29 17:57:40.000,452,23810
2025-10-29 17:57:40.000,452,23801
2025-10-29 17:57:40.000,452,23796
2025-10-29 17:57:40.000,452,23788
2025-10-29 17:57:40.000,452,23776
2025-10-29 17:57:41.001,451,24775
2025-10-29 17:57:41.001,451,24770
2025-10-29 17:57:41.001,451,23918
2025-10-29 17:57:41.001,451,23914
2025-10-29 17:57:41.001,451,23900
2025-10-29 17:57:41.001,451,23889
2025-10-29 17:57:41.001,451,23886
2025-10-29 17:57:41.001,451,23875
2025-10-29 17:57:41.001,451,23854
2025-10-29 17:57:41.001,451,23852
2025-10-29 17:57:42.000,452,24824
2025-10-29 17:57:42.000,452,24823
2025-10-29 17:57:42.000,452,24813
2025-10-29 17:57:42.000,452,24801
2025-10-29 17:57:42.000,452,24772
2025-10-29 17:57:42.000,452,24738
2025-10-29 17:57:42.000,452,24729
2025-10-29 17:57:42.000,452,24728
2025-10-29 17:57:42.000,452,23934
2025-10-29 17:57:42.000,452,23932
2025-10-29 17:57:43.000,453,24928
2025-10-29 17:57:43.000,453,24927
2025-10-29 17:57:43.000,453,24913
2025-10-29 17:57:43.000,453,24905
2025-10-29 17:57:43.000,453,24904
2025-10-29 17:57:43.000,453,24886
2025-10-29 17:57:43.000,453,24877
2025-10-29 17:57:43.000,453,24868
2025-10-29 17:57:43.000,453,24867
2025-10-29 17:57:43.000,453,24857
2025-10-29 17:57:44.001,455,25835
2025-10-29 17:57:44.001,455,25830
2025-10-29 17:57:44.001,455,25805
2025-10-29 17:57:44.001,455,25799
2025-10-29 17:57:44.001,455,25793
2025-10-29 17:57:44.001,455,25792
2025-10-29 17:57:44.001,455,24932
2025-10-29 17:57:44.001,455,24930
2025-10-29 17:57:44.001,455,24911
2025-10-29 17:57:44.001,455,24902
2025-10-29 17:57:45.000,455,25887
2025-10-29 17:57:45.000,455,25880
2025-10-29 17:57:45.000,455,25849
2025-10-29 17:57:45.000,455,25830
2025-10-29 17:57:45.000,455,25822
2025-10-29 17:57:45.000,455,25809
2025-10-29 17:57:45.000,455,25805
2025-10-29 17:57:45.000,455,25803
2025-10-29 17:57:45.000,455,25794
2025-10-29 17:57:45.000,455,25784
2025-10-29 17:57:46.000,454,26782
2025-10-29 17:57:46.000,454,26779
2025-10-29 17:57:46.000,454,26764
2025-10-29 17:57:46.000,454,26763
2025-10-29 17:57:46.000,454,25925
2025-10-29 17:57:46.000,454,25924
2025-10-29 17:57:46.000,454,25920
2025-10-29 17:57:46.000,454,25916
2025-10-29 17:57:46.000,454,25908
2025-10-29 17:57:46.000,454,25905
2025-10-29 17:57:47.001,456,26900
2025-10-29 17:57:47.001,456,26893
2025-10-29 17:57:47.001,456,26887
2025-10-29 17:57:47.001,456,26879
2025-10-29 17:57:47.001,456,26859
2025-10-29 17:57:47.001,456,26855
2025-10-29 17:57:47.001,456,26845
2025-10-29 17:57:47.001,456,26840
2025-10-29 17:57:47.001,456,26837
2025-10-29 17:57:47.001,456,26832
2025-10-29 17:57:48.000,451,27811
2025-10-29 17:57:48.000,451,27806
2025-10-29 17:57:48.000,451,27803
2025-10-29 17:57:48.000,451,27788
2025-10-29 17:57:48.000,451,27786
2025-10-29 17:57:48.000,451,27782
2025-10-29 17:57:48.000,451,27768
2025-10-29 17:57:48.000,451,27762
2025-10-29 17:57:48.000,451,26926
2025-10-29 17:57:48.000,451,26920
2025-10-29 17:57:49.001,449,27917
2025-10-29 17:57:49.001,449,27916
2025-10-29 17:57:49.001,449,27907
2025-10-29 17:57:49.001,449,27904
2025-10-29 17:57:49.001,449,27903
2025-10-29 17:57:49.001,449,27892
2025-10-29 17:57:49.001,449,27890
2025-10-29 17:57:49.001,449,27882
2025-10-29 17:57:49.001,449,27876
2025-10-29 17:57:49.001,449,27874
2025-10-29 17:57:50.000,448,28865
2025-10-29 17:57:50.000,448,28855
2025-10-29 17:57:50.000,448,28835
2025-10-29 17:57:50.000,448,28826
2025-10-29 17:57:50.000,448,28820
2025-10-29 17:57:50.000,448,28810
2025-10-29 17:57:50.000,448,28807
2025-10-29 17:57:50.000,448,28800
2025-10-29 17:57:50.000,448,28796
2025-10-29 17:57:50.000,448,28794
2025-10-29 17:57:51.000,448,29792
2025-10-29 17:57:51.000,448,29778
2025-10-29 17:57:51.000,448,29769
2025-10-29 17:57:51.000,448,28925
2025-10-29 17:57:51.000,448,28922
2025-10-29 17:57:51.000,448,28914
2025-10-29 17:57:51.000,448,28909
2025-10-29 17:57:51.000,448,28901
2025-10-29 17:57:51.000,448,28889
2025-10-29 17:57:51.000,448,28883
2025-10-29 17:57:52.001,446,29879
2025-10-29 17:57:52.001,446,29877
2025-10-29 17:57:52.001,446,29875
2025-10-29 17:57:52.001,446,29871
2025-10-29 17:57:52.001,446,29852
2025-10-29 17:57:52.001,446,29849
2025-10-29 17:57:52.001,446,29846
2025-10-29 17:57:52.001,446,29841
2025-10-29 17:57:52.001,446,29838
2025-10-29 17:57:52.001,446,29835
2025-10-29 17:57:53.000,447,30818
2025-10-29 17:57:53.000,447,30817
2025-10-29 17:57:53.000,447,30813
2025-10-29 17:57:53.000,447,30791
2025-10-29 17:57:53.000,447,30787
2025-10-29 17:57:53.000,447,30778
2025-10-29 17:57:53.000,447,30773
2025-10-29 17:57:53.000,447,30772
2025-10-29 17:57:53.000,447,30767
2025-10-29 17:57:53.000,447,30760
2025-10-29 17:57:54.000,446,30923
2025-10-29 17:57:54.000,446,30921
2025-10-29 17:57:54.000,446,30906
2025-10-29 17:57:54.000,446,30901
2025-10-29 17:57:54.000,446,30889
2025-10-29 17:57:54.000,446,30882
2025-10-29 17:57:54.000,446,30874
2025-10-29 17:57:54.000,446,30868
2025-10-29 17:57:54.000,446,30865
2025-10-29 17:57:54.000,446,30864
2025-10-29 17:57:55.000,449,31863
2025-10-29 17:57:55.000,449,31860
2025-10-29 17:57:55.000,449,31822
2025-10-29 17:57:55.000,449,31796
2025-10-29 17:57:55.000,449,31791
2025-10-29 17:57:55.000,449,31785
2025-10-29 17:57:55.000,449,31779
2025-10-29 17:57:55.000,449,31778
2025-10-29 17:57:55.000,449,31773
2025-10-29 17:57:55.000,449,31770
2025-10-29 17:57:56.001,450,32765
2025-10-29 17:57:56.001,450,32759
2025-10-29 17:57:56.001,450,32755
2025-10-29 17:57:56.001,450,32753
2025-10-29 17:57:56.001,450,32731
2025-10-29 17:57:56.001,450,31920
2025-10-29 17:57:56.001,450,31911
2025-10-29 17:57:56.001,450,31907
2025-10-29 17:57:56.001,450,31905
2025-10-29 17:57:56.001,450,31902
2025-10-29 17:57:57.001,450,32858
2025-10-29 17:57:57.001,450,32840
2025-10-29 17:57:57.001,450,32837
2025-10-29 17:57:57.001,450,32835
2025-10-29 17:57:57.001,450,32833
2025-10-29 17:57:57.001,450,32817
2025-10-29 17:57:57.001,450,32816
2025-10-29 17:57:57.001,450,32802
2025-10-29 17:57:57.001,450,32801
2025-10-29 17:57:57.001,450,32797
2025-10-29 17:57:58.000,444,33792
2025-10-29 17:57:58.000,444,33791
2025-10-29 17:57:58.000,444,33773
2025-10-29 17:57:58.000,444,33770
2025-10-29 17:57:58.000,444,33750
2025-10-29 17:57:58.000,444,33744
2025-10-29 17:57:58.000,444,33740
2025-10-29 17:57:58.000,444,33739
2025-10-29 17:57:58.000,444,32928
2025-10-29 17:57:58.000,444,32915
2025-10-29 17:57:59.000,435,33898
2025-10-29 17:57:59.000,435,33892
2025-10-29 17:57:59.000,435,33882
2025-10-29 17:57:59.000,435,33879
2025-10-29 17:57:59.000,435,33873
2025-10-29 17:57:59.000,435,33855
2025-10-29 17:57:59.000,435,33851
2025-10-29 17:57:59.000,435,33819
2025-10-29 17:57:59.000,435,33812
2025-10-29 17:57:59.000,435,33809
2025-10-29 17:58:00.000,431,34806
2025-10-29 17:58:00.000,431,34799
2025-10-29 17:58:00.000,431,34796
2025-10-29 17:58:00.000,431,34782
2025-10-29 17:58:00.000,431,34771
2025-10-29 17:58:00.000,431,34740
2025-10-29 17:58:00.000,431,34737
2025-10-29 17:58:00.000,431,34736
2025-10-29 17:58:00.000,431,34734
2025-10-29 17:58:00.000,431,33931
2025-10-29 17:58:01.001,423,34928
2025-10-29 17:58:01.001,423,34921
2025-10-29 17:58:01.001,423,34915
2025-10-29 17:58:01.001,423,34910
2025-10-29 17:58:01.001,423,34908
2025-10-29 17:58:01.001,423,34896
2025-10-29 17:58:01.001,423,34892
2025-10-29 17:58:01.001,423,34880
2025-10-29 17:58:01.001,423,34852
2025-10-29 17:58:01.001,423,34838
2025-10-29 17:58:02.000,417,35817
2025-10-29 17:58:02.000,417,35816
2025-10-29 17:58:02.000,417,35794
2025-10-29 17:58:02.000,417,35788
2025-10-29 17:58:02.000,417,35783
2025-10-29 17:58:02.000,417,35781
2025-10-29 17:58:02.000,417,35749
2025-10-29 17:58:02.000,417,35717
2025-10-29 17:58:02.000,417,35698
2025-10-29 17:58:02.000,417,34930
2025-10-29 17:58:03.001,409,35910
2025-10-29 17:58:03.001,409,35900
2025-10-29 17:58:03.001,409,35893
2025-10-29 17:58:03.001,409,35891
2025-10-29 17:58:03.001,409,35887
2025-10-29 17:58:03.001,409,35884
2025-10-29 17:58:03.001,409,35868
2025-10-29 17:58:03.001,409,35854
2025-10-29 17:58:03.001,409,35844
2025-10-29 17:58:03.001,409,35842
2025-10-29 17:58:04.000,403,36837
2025-10-29 17:58:04.000,403,36822
2025-10-29 17:58:04.000,403,36820
2025-10-29 17:58:04.000,403,36803
2025-10-29 17:58:04.000,403,36794
2025-10-29 17:58:04.000,403,36793
2025-10-29 17:58:04.000,403,36789
2025-10-29 17:58:04.000,403,36783
2025-10-29 17:58:04.000,403,36776
2025-10-29 17:58:04.000,403,35933
2025-10-29 17:58:05.000,397,36930
2025-10-29 17:58:05.000,397,36928
2025-10-29 17:58:05.000,397,36920
2025-10-29 17:58:05.000,397,36904
2025-10-29 17:58:05.000,397,36898
2025-10-29 17:58:05.000,397,36892
2025-10-29 17:58:05.000,397,36883
2025-10-29 17:58:05.000,397,36879
2025-10-29 17:58:05.000,397,36878
2025-10-29 17:58:05.000,397,36869
2025-10-29 17:58:06.001,391,37862
2025-10-29 17:58:06.001,391,37852
2025-10-29 17:58:06.001,391,37851
2025-10-29 17:58:06.001,391,37850
2025-10-29 17:58:06.001,391,37845
2025-10-29 17:58:06.001,391,37836
2025-10-29 17:58:06.001,391,37835
2025-10-29 17:58:06.001,391,37832
2025-10-29 17:58:06.001,391,37826
2025-10-29 17:58:06.001,391,37825
2025-10-29 17:58:07.000,386,38813
2025-10-29 17:58:07.000,386,38798
2025-10-29 17:58:07.000,386,38777
2025-10-29 17:58:07.000,386,38772
2025-10-29 17:58:07.000,386,38768
2025-10-29 17:58:07.000,386,37904
2025-10-29 17:58:07.000,386,37903
2025-10-29 17:58:07.000,386,37887
2025-10-29 17:58:07.000,386,37882
2025-10-29 17:58:07.000,386,37879
2025-10-29 17:58:08.001,382,38869
2025-10-29 17:58:08.001,382,38862
2025-10-29 17:58:08.001,382,38855
2025-10-29 17:58:08.001,382,38842
2025-10-29 17:58:08.001,382,38833
2025-10-29 17:58:08.001,382,38816
2025-10-29 17:58:08.001,382,38794
2025-10-29 17:58:08.001,382,38772
2025-10-29 17:58:08.001,382,38771
2025-10-29 17:58:08.001,382,38768
2025-10-29 17:58:09.000,376,39765
2025-10-29 17:58:09.000,376,39765
2025-10-29 17:58:09.000,376,39759
2025-10-29 17:58:09.000,376,39755
2025-10-29 17:58:09.000,376,38924
2025-10-29 17:58:09.000,376,38918
2025-10-29 17:58:09.000,376,38908
2025-10-29 17:58:09.000,376,38907
2025-10-29 17:58:09.000,376,38890
2025-10-29 17:58:09.000,376,38886
2025-10-29 17:58:10.001,368,39884
2025-10-29 17:58:10.001,368,39882
2025-10-29 17:58:10.001,368,39878
2025-10-29 17:58:10.001,368,39858
2025-10-29 17:58:10.001,368,39854
2025-10-29 17:58:10.001,368,39837
2025-10-29 17:58:10.001,368,39824
2025-10-29 17:58:10.001,368,39818
2025-10-29 17:58:10.001,368,39817
2025-10-29 17:58:10.001,368,39807
2025-10-29 17:58:11.000,360,40805
2025-10-29 17:58:11.000,360,40803
2025-10-29 17:58:11.000,360,40798
2025-10-29 17:58:11.000,360,40797
2025-10-29 17:58:11.000,360,40769
2025-10-29 17:58:11.000,360,40768
2025-10-29 17:58:11.000,360,39918
2025-10-29 17:58:11.000,360,39895
2025-10-29 17:58:11.000,360,39887
2025-10-29 17:58:11.000,360,39882
2025-10-29 17:58:12.000,353,40871
2025-10-29 17:58:12.000,353,40868
2025-10-29 17:58:12.000,353,40862
2025-10-29 17:58:12.000,353,40857
2025-10-29 17:58:12.000,353,40849
2025-10-29 17:58:12.000,353,40827
2025-10-29 17:58:12.000,353,40817
2025-10-29 17:58:12.000,353,40798
2025-10-29 17:58:12.000,353,40791
2025-10-29 17:58:12.000,353,40766
2025-10-29 17:58:13.001,345,41765
2025-10-29 17:58:13.001,345,41764
2025-10-29 17:58:13.001,345,41755
2025-10-29 17:58:13.001,345,41753
2025-10-29 17:58:13.001,345,40933
2025-10-29 17:58:13.001,345,40923
2025-10-29 17:58:13.001,345,40918
2025-10-29 17:58:13.001,345,40907
2025-10-29 17:58:13.001,345,40904
2025-10-29 17:58:13.001,345,40892
2025-10-29 17:58:14.000,337,41885
2025-10-29 17:58:14.000,337,41875
2025-10-29 17:58:14.000,337,41874
2025-10-29 17:58:14.000,337,41871
2025-10-29 17:58:14.000,337,41869
2025-10-29 17:58:14.000,337,41857
2025-10-29 17:58:14.000,337,41853
2025-10-29 17:58:14.000,337,41852
2025-10-29 17:58:14.000,337,41851
2025-10-29 17:58:14.000,337,41833
2025-10-29 17:58:15.000,331,42825
2025-10-29 17:58:15.000,331,42821
2025-10-29 17:58:15.000,331,42809
2025-10-29 17:58:15.000,331,42808
2025-10-29 17:58:15.000,331,42791
2025-10-29 17:58:15.000,331,42788
2025-10-29 17:58:15.000,331,42786
2025-10-29 17:58:15.000,331,42782
2025-10-29 17:58:15.000,331,42777
2025-10-29 17:58:15.000,331,42764
2025-10-29 17:58:16.000,328,43756
2025-10-29 17:58:16.000,328,42922
2025-10-29 17:58:16.000,328,42897
2025-10-29 17:58:16.000,328,42895
2025-10-29 17:58:16.000,328,42889
2025-10-29 17:58:16.000,328,42856
2025-10-29 17:58:16.000,328,42846
2025-10-29 17:58:16.000,328,42844
2025-10-29 17:58:16.000,328,42827
2025-10-29 17:58:16.000,328,42823
2025-10-29 17:58:17.001,323,43820
2025-10-29 17:58:17.001,323,43817
2025-10-29 17:58:17.001,323,43809
2025-10-29 17:58:17.001,323,43805
2025-10-29 17:58:17.001,323,43764
2025-10-29 17:58:17.001,323,42930
2025-10-29 17:58:17.001,323,42897
2025-10-29 17:58:17.001,323,42896
2025-10-29 17:58:17.001,323,42895
2025-10-29 17:58:17.001,323,42874
2025-10-29 17:58:18.000,316,43853
2025-10-29 17:58:18.000,316,43819
2025-10-29 17:58:18.000,316,43811
2025-10-29 17:58:18.000,316,43798
2025-10-29 17:58:18.000,316,43796
2025-10-29 17:58:18.000,316,43793
2025-10-29 17:58:18.000,316,43788
2025-10-29 17:58:18.000,316,43785
2025-10-29 17:58:18.000,316,43764
2025-10-29 17:58:18.000,316,43754
2025-10-29 17:58:19.000,309,44749
2025-10-29 17:58:19.000,309,44748
2025-10-29 17:58:19.000,309,44746
2025-10-29 17:58:19.000,309,44738
2025-10-29 17:58:19.000,309,44725
2025-10-29 17:58:19.000,309,44716
2025-10-29 17:58:19.000,309,44715
2025-10-29 17:58:19.000,309,44708
2025-10-29 17:58:19.000,309,43933
2025-10-29 17:58:19.000,309,43930
2025-10-29 17:58:20.001,304,44928
2025-10-29 17:58:20.001,304,44923
2025-10-29 17:58:20.001,304,44917
2025-10-29 17:58:20.001,304,44916
2025-10-29 17:58:20.001,304,44907
2025-10-29 17:58:20.001,304,44902
2025-10-29 17:58:20.001,304,44900
2025-10-29 17:58:20.001,304,44886
2025-10-29 17:58:20.001,304,44867
2025-10-29 17:58:20.001,304,44810
2025-10-29 17:58:21.000,297,45787
2025-10-29 17:58:21.000,297,45785
2025-10-29 17:58:21.000,297,45779
2025-10-29 17:58:21.000,297,45765
2025-10-29 17:58:21.000,297,45733
2025-10-29 17:58:21.000,297,45710
2025-10-29 17:58:21.000,297,45704
2025-10-29 17:58:21.000,297,45701
2025-10-29 17:58:21.000,297,44669
2025-10-29 17:58:21.000,297,44667
2025-10-29 17:58:22.000,290,45653
2025-10-29 17:58:22.000,290,45611
2025-10-29 17:58:22.000,290,45608
2025-10-29 17:58:22.000,290,44680
2025-10-29 17:58:22.000,290,44649
2025-10-29 17:58:22.000,290,44642
2025-10-29 17:58:22.000,290,44638
2025-10-29 17:58:22.000,290,44632
2025-10-29 17:58:22.000,290,44618
2025-10-29 17:58:22.000,290,43685
2025-10-29 17:58:23.000,288,44681
2025-10-29 17:58:23.000,288,44677
2025-10-29 17:58:23.000,288,44655
2025-10-29 17:58:23.000,288,44651
2025-10-29 17:58:23.000,288,44634
2025-10-29 17:58:23.000,288,44632
2025-10-29 17:58:23.000,288,44625
2025-10-29 17:58:23.000,288,43692
2025-10-29 17:58:23.000,288,43689
2025-10-29 17:58:23.000,288,43683
2025-10-29 17:58:24.001,281,44675
2025-10-29 17:58:24.001,281,44661
2025-10-29 17:58:24.001,281,44653
2025-10-29 17:58:24.001,281,44652
2025-10-29 17:58:24.001,281,44643
2025-10-29 17:58:24.001,281,44640
2025-10-29 17:58:24.001,281,44633
2025-10-29 17:58:24.001,281,44630
2025-10-29 17:58:24.001,281,43680
2025-10-29 17:58:24.001,281,43672
2025-10-29 17:58:25.000,273,44662
2025-10-29 17:58:25.000,273,44656
2025-10-29 17:58:25.000,273,44647
2025-10-29 17:58:25.000,273,44635
2025-10-29 17:58:25.000,273,44587
2025-10-29 17:58:25.000,273,44582
2025-10-29 17:58:25.000,273,43689
2025-10-29 17:58:25.000,273,43688
2025-10-29 17:58:25.000,273,43681
2025-10-29 17:58:25.000,273,43678
2025-10-29 17:58:26.001,267,44674
2025-10-29 17:58:26.001,267,44667
2025-10-29 17:58:26.001,267,44644
2025-10-29 17:58:26.001,267,44634
2025-10-29 17:58:26.001,267,44632
2025-10-29 17:58:26.001,267,44631
2025-10-29 17:58:26.001,267,44628
2025-10-29 17:58:26.001,267,44624
2025-10-29 17:58:26.001,267,44621
2025-10-29 17:58:26.001,267,43686
2025-10-29 17:58:27.000,260,44682
2025-10-29 17:58:27.000,260,44680
2025-10-29 17:58:27.000,260,44663
2025-10-29 17:58:27.000,260,44657
2025-10-29 17:58:27.000,260,44653
2025-10-29 17:58:27.000,260,44651
2025-10-29 17:58:27.000,260,44646
2025-10-29 17:58:27.000,260,44639
2025-10-29 17:58:27.000,260,44636
2025-10-29 17:58:27.000,260,44621
2025-10-29 17:58:28.001,246,44693
2025-10-29 17:58:28.001,246,44690
2025-10-29 17:58:28.001,246,44673
2025-10-29 17:58:28.001,246,44671
2025-10-29 17:58:28.001,246,44661
2025-10-29 17:58:28.001,246,44652
2025-10-29 17:58:28.001,246,44640
2025-10-29 17:58:28.001,246,44638
2025-10-29 17:58:28.001,246,44621
2025-10-29 17:58:28.001,246,44617
2025-10-29 17:58:29.000,248,44683
2025-10-29 17:58:29.000,248,44681
2025-10-29 17:58:29.000,248,44674
2025-10-29 17:58:29.000,248,44672
2025-10-29 17:58:29.000,248,44670
2025-10-29 17:58:29.000,248,44655
2025-10-29 17:58:29.000,248,44648
2025-10-29 17:58:29.000,248,44615
2025-10-29 17:58:29.000,248,44606
2025-10-29 17:58:29.000,248,44589
2025-10-29 17:58:30.000,230,44686
2025-10-29 17:58:30.000,230,44673
2025-10-29 17:58:30.000,230,44668
2025-10-29 17:58:30.000,230,44661
2025-10-29 17:58:30.000,230,44658
2025-10-29 17:58:30.000,230,44648
2025-10-29 17:58:30.000,230,44644
2025-10-29 17:58:30.000,230,44639
2025-10-29 17:58:30.000,230,44635
2025-10-29 17:58:30.000,230,44627
2025-10-29 17:58:31.001,230,45621
2025-10-29 17:58:31.001,230,45620
2025-10-29 17:58:31.001,230,45608
2025-10-29 17:58:31.001,230,44697
2025-10-29 17:58:31.001,230,44681
2025-10-29 17:58:31.001,230,44666
2025-10-29 17:58:31.001,230,44639
2025-10-29 17:58:31.001,230,44630
2025-10-29 17:58:31.001,230,44629
2025-10-29 17:58:31.001,230,43694
2025-10-29 17:58:32.000,216,44673
2025-10-29 17:58:32.000,216,44636
2025-10-29 17:58:32.000,216,44632
2025-10-29 17:58:32.000,216,44628
2025-10-29 17:58:32.000,216,44620
2025-10-29 17:58:32.000,216,44617
2025-10-29 17:58:32.000,216,43682
2025-10-29 17:58:32.000,216,43677
2025-10-29 17:58:32.000,216,43667
2025-10-29 17:58:32.000,216,43645
2025-10-29 17:58:33.000,219,44632
2025-10-29 17:58:33.000,219,44625
2025-10-29 17:58:33.000,219,44612
2025-10-29 17:58:33.000,219,43694
2025-10-29 17:58:33.000,219,43688
2025-10-29 17:58:33.000,219,43683
2025-10-29 17:58:33.000,219,43680
2025-10-29 17:58:33.000,219,43676
2025-10-29 17:58:33.000,219,43657
2025-10-29 17:58:33.000,219,43656
2025-10-29 17:58:34.000,211,44638
2025-10-29 17:58:34.000,211,44630
2025-10-29 17:58:34.000,211,44627
2025-10-29 17:58:34.000,211,44615
2025-10-29 17:58:34.000,211,43694
2025-10-29 17:58:34.000,211,43689
2025-10-29 17:58:34.000,211,43681
2025-10-29 17:58:34.000,211,43662
2025-10-29 17:58:34.000,211,43655
2025-10-29 17:58:34.000,211,43638
2025-10-29 17:58:35.001,204,44638
2025-10-29 17:58:35.001,204,44637
2025-10-29 17:58:35.001,204,44625
2025-10-29 17:58:35.001,204,44612
2025-10-29 17:58:35.001,204,43688
2025-10-29 17:58:35.001,204,43684
2025-10-29 17:58:35.001,204,43647
2025-10-29 17:58:35.001,204,43638
2025-10-29 17:58:35.001,204,43632
2025-10-29 17:58:35.001,204,43614
2025-10-29 17:58:36.000,198,43692
2025-10-29 17:58:36.000,198,43690
2025-10-29 17:58:36.000,198,43684
2025-10-29 17:58:36.000,198,43674
2025-10-29 17:58:36.000,198,43672
2025-10-29 17:58:36.000,198,43669
2025-10-29 17:58:36.000,198,43664
2025-10-29 17:58:36.000,198,43659
2025-10-29 17:58:36.000,198,43649
2025-10-29 17:58:36.000,198,43646
2025-10-29 17:58:37.000,189,44632
2025-10-29 17:58:37.000,189,44622
2025-10-29 17:58:37.000,189,44619
2025-10-29 17:58:37.000,189,43686
2025-10-29 17:58:37.000,189,43679
2025-10-29 17:58:37.000,189,43666
2025-10-29 17:58:37.000,189,43619
2025-10-29 17:58:37.000,189,43607
2025-10-29 17:58:37.000,189,43604
2025-10-29 17:58:37.000,189,43598
2025-10-29 17:58:38.000,189,44595
2025-10-29 17:58:38.000,189,44591
2025-10-29 17:58:38.000,189,44589
2025-10-29 17:58:38.000,189,43696
2025-10-29 17:58:38.000,189,43692
2025-10-29 17:58:38.000,189,43681
2025-10-29 17:58:38.000,189,43680
2025-10-29 17:58:38.000,189,43665
2025-10-29 17:58:38.000,189,43663
2025-10-29 17:58:38.000,189,43659
2025-10-29 17:58:39.001,172,44649
2025-10-29 17:58:39.001,172,44647
2025-10-29 17:58:39.001,172,44635
2025-10-29 17:58:39.001,172,44631
2025-10-29 17:58:39.001,172,44622
2025-10-29 17:58:39.001,172,43693
2025-10-29 17:58:39.001,172,43691
2025-10-29 17:58:39.001,172,43669
2025-10-29 17:58:39.001,172,43667
2025-10-29 17:58:39.001,172,43664
2025-10-29 17:58:40.000,157,44654
2025-10-29 17:58:40.000,157,44651
2025-10-29 17:58:40.000,157,44650
2025-10-29 17:58:40.000,157,44637
2025-10-29 17:58:40.000,157,44620
2025-10-29 17:58:40.000,157,44611
2025-10-29 17:58:40.000,157,44602
2025-10-29 17:58:40.000,157,44597
2025-10-29 17:58:40.000,157,44594
2025-10-29 17:58:40.000,157,44591
2025-10-29 17:58:41.001,150,44581
2025-10-29 17:58:41.001,150,44580
2025-10-29 17:58:41.001,150,44578
2025-10-29 17:58:41.001,150,44552
2025-10-29 17:58:41.001,150,43572
2025-10-29 17:58:41.001,150,42585
2025-10-29 17:58:41.001,150,42576
2025-10-29 17:58:41.001,150,42571
2025-10-29 17:58:41.001,150,42570
2025-10-29 17:58:41.001,150,42569
2025-10-29 17:58:42.000,141,43566
2025-10-29 17:58:42.000,141,42586
2025-10-29 17:58:42.000,141,42574
2025-10-29 17:58:42.000,141,41581
2025-10-29 17:58:42.000,141,41578
2025-10-29 17:58:42.000,141,41572
2025-10-29 17:58:42.000,141,41570
2025-10-29 17:58:42.000,141,40574
2025-10-29 17:58:42.000,141,40565
2025-10-29 17:58:42.000,141,39583
2025-10-29 17:58:43.000,136,40564
2025-10-29 17:58:43.000,136,40559
2025-10-29 17:58:43.000,136,40545
2025-10-29 17:58:43.000,136,39582
2025-10-29 17:58:43.000,136,39580
2025-10-29 17:58:43.000,136,39559
2025-10-29 17:58:43.000,136,39557
2025-10-29 17:58:43.000,136,38574
2025-10-29 17:58:43.000,136,38568
2025-10-29 17:58:43.000,136,38555
2025-10-29 17:58:44.001,130,39550
2025-10-29 17:58:44.001,130,38584
2025-10-29 17:58:44.001,130,38567
2025-10-29 17:58:44.001,130,38564
2025-10-29 17:58:44.001,130,38563
2025-10-29 17:58:44.001,130,38558
2025-10-29 17:58:44.001,130,37578
2025-10-29 17:58:44.001,130,37565
2025-10-29 17:58:44.001,130,37564
2025-10-29 17:58:44.001,130,37558
2025-10-29 17:58:45.000,127,38553
2025-10-29 17:58:45.000,127,38552
2025-10-29 17:58:45.000,127,37583
2025-10-29 17:58:45.000,127,37582
2025-10-29 17:58:45.000,127,37571
2025-10-29 17:58:45.000,127,37565
2025-10-29 17:58:45.000,127,36570
2025-10-29 17:58:45.000,127,36567
2025-10-29 17:58:45.000,127,35579
2025-10-29 17:58:45.000,127,35544
2025-10-29 17:58:46.001,123,35586
2025-10-29 17:58:46.001,123,35581
2025-10-29 17:58:46.001,123,35573
2025-10-29 17:58:46.001,123,34571
2025-10-29 17:58:46.001,123,34552
2025-10-29 17:58:46.001,123,33572
2025-10-29 17:58:46.001,123,33570
2025-10-29 17:58:46.001,123,32584
2025-10-29 17:58:46.001,123,32581
2025-10-29 17:58:46.001,123,32567
2025-10-29 17:58:47.000,123,33550
2025-10-29 17:58:47.000,123,32585
2025-10-29 17:58:47.000,123,32571
2025-10-29 17:58:47.000,123,32569
2025-10-29 17:58:47.000,123,32567
2025-10-29 17:58:47.000,123,32565
2025-10-29 17:58:47.000,123,32557
2025-10-29 17:58:47.000,123,32555
2025-10-29 17:58:47.000,123,31586
2025-10-29 17:58:47.000,123,31585
2025-10-29 17:58:48.001,108,32570
2025-10-29 17:58:48.001,108,32563
2025-10-29 17:58:48.001,108,32558
2025-10-29 17:58:48.001,108,31546
2025-10-29 17:58:48.001,108,31526
2025-10-29 17:58:48.001,108,31517
2025-10-29 17:58:48.001,108,30545
2025-10-29 17:58:48.001,108,30521
2025-10-29 17:58:48.001,108,30509
2025-10-29 17:58:48.001,108,29529
2025-10-29 17:58:49.000,99,30524
2025-10-29 17:58:49.000,99,30521
2025-10-29 17:58:49.000,99,30516
2025-10-29 17:58:49.000,99,30514
2025-10-29 17:58:49.000,99,29539
2025-10-29 17:58:49.000,99,29531
2025-10-29 17:58:49.000,99,29528
2025-10-29 17:58:49.000,99,28544
2025-10-29 17:58:49.000,99,28535
2025-10-29 17:58:49.000,99,28518
2025-10-29 17:58:50.001,90,28544
2025-10-29 17:58:50.001,90,28541
2025-10-29 17:58:50.001,90,28537
2025-10-29 17:58:50.001,90,28535
2025-10-29 17:58:50.001,90,28533
2025-10-29 17:58:50.001,90,28524
2025-10-29 17:58:50.001,90,28521
2025-10-29 17:58:50.001,90,28514
2025-10-29 17:58:50.001,90,27532
2025-10-29 17:58:50.001,90,27523
2025-10-29 17:58:51.000,85,28513
2025-10-29 17:58:51.000,85,27542
2025-10-29 17:58:51.000,85,27519
2025-10-29 17:58:51.000,85,26530
2025-10-29 17:58:51.000,85,26526
2025-10-29 17:58:51.000,85,25546
2025-10-29 17:58:51.000,85,25541
2025-10-29 17:58:51.000,85,25534
2025-10-29 17:58:51.000,85,25507
2025-10-29 17:58:51.000,85,24547
2025-10-29 17:58:52.000,78,25541
2025-10-29 17:58:52.000,78,25532
2025-10-29 17:58:52.000,78,25531
2025-10-29 17:58:52.000,78,25518
2025-10-29 17:58:52.000,78,25514
2025-10-29 17:58:52.000,78,24524
2025-10-29 17:58:52.000,78,23520
2025-10-29 17:58:52.000,78,23520
2025-10-29 17:58:52.000,78,22536
2025-10-29 17:58:52.000,78,22523
2025-10-29 17:58:53.000,70,23518
2025-10-29 17:58:53.000,70,23510
2025-10-29 17:58:53.000,70,23504
2025-10-29 17:58:53.000,70,22538
2025-10-29 17:58:53.000,70,21522
2025-10-29 17:58:53.000,70,21521
2025-10-29 17:58:53.000,70,21519
2025-10-29 17:58:53.000,70,21511
2025-10-29 17:58:53.000,70,20529
2025-10-29 17:58:53.000,70,19544
2025-10-29 17:58:54.001,64,20542
2025-10-29 17:58:54.001,64,20535
2025-10-29 17:58:54.001,64,20530
2025-10-29 17:58:54.001,64,20524
2025-10-29 17:58:54.001,64,19517
2025-10-29 17:58:54.001,64,19516
2025-10-29 17:58:54.001,64,18537
2025-10-29 17:58:54.001,64,18536
2025-10-29 17:58:54.001,64,18522
2025-10-29 17:58:54.001,64,17481
2025-10-29 17:58:55.000,56,17496
2025-10-29 17:58:55.000,56,17481
2025-10-29 17:58:55.000,56,16509
2025-10-29 17:58:55.000,56,16499
2025-10-29 17:58:55.000,56,16487
2025-10-29 17:58:55.000,56,15505
2025-10-29 17:58:55.000,56,15497
2025-10-29 17:58:55.000,56,15476
2025-10-29 17:58:55.000,56,14478
2025-10-29 17:58:55.000,56,14475
2025-10-29 17:58:56.000,49,14510
2025-10-29 17:58:56.000,49,14507
2025-10-29 17:58:56.000,49,14499
2025-10-29 17:58:56.000,49,14493
2025-10-29 17:58:56.000,49,14479
2025-10-29 17:58:56.000,49,13505
2025-10-29 17:58:56.000,49,13498
2025-10-29 17:58:56.000,49,13486
2025-10-29 17:58:56.000,49,13481
2025-10-29 17:58:56.000,49,12507
2025-10-29 17:58:57.001,42,13496
2025-10-29 17:58:57.001,42,13488
2025-10-29 17:58:57.001,42,13486
2025-10-29 17:58:57.001,42,13473
2025-10-29 17:58:57.001,42,13466
2025-10-29 17:58:57.001,42,12512
2025-10-29 17:58:57.001,42,12505
2025-10-29 17:58:57.001,42,12501
2025-10-29 17:58:57.001,42,12492
2025-10-29 17:58:57.001,42,12485
2025-10-29 17:58:58.000,37,12499
2025-10-29 17:58:58.000,37,12497
2025-10-29 17:58:58.000,37,12495
2025-10-29 17:58:58.000,37,12487
2025-10-29 17:58:58.000,37,12485
2025-10-29 17:58:58.000,37,12482
2025-10-29 17:58:58.000,37,10482
2025-10-29 17:58:58.000,37,10468
2025-10-29 17:58:58.000,37,9505
2025-10-29 17:58:58.000,37,8486
2025-10-29 17:58:59.000,34,9472
2025-10-29 17:58:59.000,34,9470
2025-10-29 17:58:59.000,34,8506
2025-10-29 17:58:59.000,34,8476
2025-10-29 17:58:59.000,34,8472
2025-10-29 17:58:59.000,34,7507
2025-10-29 17:58:59.000,34,7497
2025-10-29 17:58:59.000,34,7496
2025-10-29 17:58:59.000,34,7491
2025-10-29 17:58:59.000,34,6479
2025-10-29 17:59:00.000,27,7477
2025-10-29 17:59:00.000,27,6496
2025-10-29 17:59:00.000,27,6480
2025-10-29 17:59:00.000,27,6479
2025-10-29 17:59:00.000,27,6477
2025-10-29 17:59:00.000,27,5501
2025-10-29 17:59:00.000,27,5486
2025-10-29 17:59:00.000,27,4506
2025-10-29 17:59:00.000,27,4482
2025-10-29 17:59:00.000,27,4470
2025-10-29 17:59:01.001,18,4464
2025-10-29 17:59:01.001,18,4462
2025-10-29 17:59:01.001,18,4457
2025-10-29 17:59:01.001,18,4448
2025-10-29 17:59:01.001,18,4438
2025-10-29 17:59:01.001,18,4426
2025-10-29 17:59:01.001,18,3456
2025-10-29 17:59:01.001,18,3447
2025-10-29 17:59:01.001,18,3438
2025-10-29 17:59:01.001,18,3434
2025-10-29 17:59:02.000,12,4430
2025-10-29 17:59:02.000,12,3452
2025-10-29 17:59:02.000,12,3430
2025-10-29 17:59:02.000,12,3428
2025-10-29 17:59:02.000,12,2445
2025-10-29 17:59:02.000,12,2438
2025-10-29 17:59:02.000,12,2436
2025-10-29 17:59:02.000,12,1458
2025-10-29 17:59:02.000,12,1444
2025-10-29 17:59:02.000,12,1440
2025-10-29 17:59:03.000,12,1461
2025-10-29 17:59:03.000,12,1460
2025-10-29 17:59:03.000,12,1449
2025-10-29 17:59:03.000,12,1441
2025-10-29 17:59:03.000,12,1427
2025-10-29 17:59:03.000,12,440
2025-10-29 17:59:03.541,12,1
2025-10-29 17:59:03.556,7,1
2025-10-29 17:59:04.542,7,1
2025-10-29 17:59:04.552,3,1
2025-10-29 17:59:04.554,2,0
2025-10-29 17:59:04.560,2,1
2025-10-29 17:59:04.562,2,0
2025-10-29 17:59:04.565,2,0
2025-10-29 17:59:04.572,2,1
2025-10-29 17:59:05.541,2,1
2025-10-29 17:59:05.549,2,2
2025-10-29 17:59:05.551,2,2
2025-10-29 17:59:05.557,2,1
2025-10-29 17:59:05.569,2,1
2025-10-29 17:59:05.571,2,1
2025-10-29 17:59:05.579,2,1
2025-10-29 17:59:06.543,2,1
2025-10-29 17:59:06.552,1,1
2025-10-29 17:59:06.560,1,1
2025-10-29 17:59:06.563,1,1
2025-10-29 17:59:07.565,1,1
2025-10-29 17:59:07.573,1,0
2025-10-29 17:59:07.581,2,1
2025-10-29 17:59:08.557,2,1
2025-10-29 17:59:08.561,2,2
2025-10-29 17:59:08.573,2,0
2025-10-29 17:59:09.555,2,1
2025-10-29 17:59:09.558,2,2
2025-10-29 17:59:09.573,2,0
2025-10-29 17:59:10.544,2,1
2025-10-29 17:59:10.548,2,3
2025-10-29 17:59:10.566,2,0
2025-10-29 17:59:10.575,2,1
2025-10-29 17:59:11.537,2,2
2025-10-29 17:59:11.543,2,1
2025-10-29 17:59:11.555,2,1
2025-10-29 17:59:11.563,2,2
2025-10-29 17:59:11.571,2,2
2025-10-29 17:59:12.546,2,2
2025-10-29 17:59:12.549,2,4
2025-10-29 17:59:12.550,2,2
2025-10-29 17:59:12.559,2,2
2025-10-29 17:59:12.569,2,2
2025-10-29 17:59:13.548,2,1
2025-10-29 17:59:13.551,2,1
2025-10-29 17:59:13.553,3,2
2025-10-29 17:59:13.569,3,1
2025-10-29 17:59:14.546,3,1
2025-10-29 17:59:14.554,3,1
2025-10-29 17:59:14.562,1,1
2025-10-29 17:59:15.540,1,1
2025-10-29 17:59:15.566,1,2
2025-10-29 17:59:16.592,2,1
2025-10-29 17:59:16.597,2,1
2025-10-29 17:59:16.606,2,1
2025-10-29 17:59:16.608,2,1
2025-10-29 17:59:17.575,2,1
2025-10-29 17:59:17.590,1,1
2025-10-29 17:59:17.607,1,1
2025-10-29 17:59:18.594,1,2
2025-10-29 17:59:18.600,1,1
2025-10-29 17:59:18.606,1,2
2025-10-29 17:59:18.609,3,2
2025-10-29 17:59:18.616,3,1
2025-10-29 17:59:19.587,3,2
2025-10-29 17:59:20.576,3,1
2025-10-29 17:59:20.580,3,4
2025-10-29 17:59:20.586,1,2
2025-10-29 17:59:20.597,1,1
2025-10-29 17:59:20.610,1,1
2025-10-29 17:59:21.576,1,1
2025-10-29 17:59:21.590,1,0
2025-10-29 17:59:21.595,1,0
2025-10-29 17:59:21.602,3,1
2025-10-29 17:59:21.610,3,1
2025-10-29 17:59:21.613,3,1
2025-10-29 17:59:22.584,3,1
2025-10-29 17:59:22.595,3,1
2025-10-29 17:59:23.595,2,1
2025-10-29 17:59:23.602,1,1
2025-10-29 17:59:23.607,1,1
2025-10-29 17:59:23.608,1,1
2025-10-29 17:59:24.588,1,1
2025-10-29 17:59:24.604,1,2
2025-10-29 17:59:25.577,2,1
2025-10-29 17:59:25.583,2,1
2025-10-29 17:59:26.591,2,1
2025-10-29 17:59:26.594,2,4
2025-10-29 17:59:26.601,2,1
2025-10-29 17:59:26.604,2,0
2025-10-29 17:59:26.609,2,1
2025-10-29 17:59:26.612,2,1
2025-10-29 17:59:27.579,2,1
2025-10-29 17:59:27.586,2,1
2025-10-29 17:59:27.588,2,1
2025-10-29 17:59:27.605,3,2
2025-10-29 17:59:28.595,3,1
2025-10-29 17:59:28.603,3,2
2025-10-29 17:59:29.598,2,1
2025-10-29 17:59:29.602,2,4
2025-10-29 17:59:29.604,2,1
2025-10-29 17:59:29.606,3,2
2025-10-29 17:59:29.607,3,2
2025-10-29 17:59:30.584,3,1
2025-10-29 17:59:30.599,3,1
2025-10-29 17:59:30.610,2,1
2025-10-29 17:59:31.576,2,1
2025-10-29 17:59:31.580,1,1
2025-10-29 17:59:31.586,1,1
2025-10-29 17:59:31.596,1,1
2025-10-29 17:59:31.599,1,0
2025-10-29 17:59:31.607,1,1
2025-10-29 17:59:32.581,1,1
2025-10-29 17:59:32.604,1,1
2025-10-29 17:59:33.582,2,1
2025-10-29 17:59:33.585,2,2
2025-10-29 17:59:33.599,2,0
2025-10-29 17:59:33.604,3,0
2025-10-29 17:59:34.602,3,0
2025-10-29 17:59:34.608,1,1
2025-10-29 17:59:35.575,1,0
2025-10-29 17:59:35.583,1,1
2025-10-29 17:59:35.585,1,0
2025-10-29 17:59:35.588,1,1
2025-10-29 17:59:36.610,0,1
2025-10-29 17:59:36.618,0,0
2025-10-29 17:59:36.637,0,0
2025-10-29 17:59:36.641,0,0
2025-10-29 17:59:37.618,0,1
2025-10-29 17:59:37.633,0,1
2025-10-29 17:59:38.623,2,0
2025-10-29 17:59:38.639,1,1
2025-10-29 17:59:39.633,1,1
2025-10-29 17:59:39.636,1,0
2025-10-29 17:59:39.641,2,1
2025-10-29 17:59:39.646,2,1
2025-10-29 17:59:39.651,2,1
2025-10-29 17:59:40.621,2,1
2025-10-29 17:59:40.626,2,0
2025-10-29 17:59:40.639,2,1
2025-10-29 17:59:41.618,2,2
2025-10-29 17:59:41.633,1,2
2025-10-29 17:59:42.615,1,1
2025-10-29 17:59:42.618,1,1
2025-10-29 17:59:42.628,2,1
2025-10-29 17:59:42.643,2,1
2025-10-29 17:59:43.620,2,2
2025-10-29 17:59:43.632,1,1
2025-10-29 17:59:43.639,1,1
2025-10-29 17:59:43.644,1,2
2025-10-29 17:59:43.648,1,2
2025-10-29 17:59:44.612,1,2
2025-10-29 17:59:45.610,1,1
2025-10-29 17:59:45.621,2,1
2025-10-29 17:59:45.622,2,1
2025-10-29 17:59:45.627,3,1
2025-10-29 17:59:46.612,3,2
2025-10-29 17:59:46.632,3,3
2025-10-29 17:59:46.652,2,2
2025-10-29 17:59:47.617,2,1
2025-10-29 17:59:47.625,2,1
2025-10-29 17:59:47.632,2,1
2025-10-29 17:59:47.637,2,2
2025-10-29 17:59:47.639,2,2
2025-10-29 17:59:48.631,2,1
2025-10-29 17:59:48.643,2,2
2025-10-29 17:59:49.613,2,1
2025-10-29 17:59:49.616,2,3
2025-10-29 17:59:49.622,2,1
2025-10-29 17:59:49.625,3,1
2025-10-29 17:59:49.632,3,1
2025-10-29 17:59:49.639,3,1
2025-10-29 17:59:49.641,3,2
2025-10-29 17:59:49.648,3,1
2025-10-29 17:59:50.616,3,1
2025-10-29 17:59:50.624,1,2
2025-10-29 17:59:50.629,1,2
2025-10-29 17:59:51.613,1,1
2025-10-29 17:59:51.628,1,1
2025-10-29 17:59:51.631,2,2
2025-10-29 17:59:51.640,2,1
2025-10-29 17:59:52.621,2,1
2025-10-29 17:59:52.626,2,2
2025-10-29 17:59:52.630,2,1
2025-10-29 17:59:52.635,2,1
2025-10-29 17:59:52.638,2,0
2025-10-29 17:59:52.643,2,1
2025-10-29 17:59:53.614,2,1
2025-10-29 17:59:53.641,1,1
2025-10-29 17:59:53.646,1,2
2025-10-29 17:59:53.648,1,2
2025-10-29 17:59:53.649,1,1
2025-10-29 17:59:54.613,1,2
2025-10-29 17:59:54.617,1,2
2025-10-29 17:59:54.631,2,1
2025-10-29 17:59:54.648,2,2
2025-10-29 17:59:54.650,2,2
2025-10-29 17:59:55.617,2,2
2025-10-29 17:59:56.664,1,0
2025-10-29 17:59:56.677,1,1
2025-10-29 17:59:57.660,1,1
2025-10-29 17:59:57.680,1,2
2025-10-29 17:59:58.657,2,1
2025-10-29 17:59:58.678,2,2
2025-10-29 17:59:58.683,2,1
2025-10-29 17:59:58.687,2,0
2025-10-29 17:59:59.655,2,1
2025-10-29 17:59:59.660,2,1
2025-10-29 17:59:59.663,2,2
2025-10-29 17:59:59.663,2,1
2025-10-29 17:59:59.677,2,1
2025-10-29 17:59:59.678,2,1
2025-10-29 17:59:59.682,2,1
2025-10-29 17:59:59.684,2,2
2025-10-29 17:59:59.688,2,1
2025-10-29 18:00:00.652,2,1
2025-10-29 18:00:01.654,2,1
2025-10-29 18:00:01.657,3,2
2025-10-29 18:00:01.657,3,1
2025-10-29 18:00:01.667,3,1
2025-10-29 18:00:02.657,3,1
2025-10-29 18:00:02.667,1,1
2025-10-29 18:00:02.674,1,1
2025-10-29 18:00:02.679,1,2
2025-10-29 18:00:02.683,1,1
2025-10-29 18:00:03.660,1,1
2025-10-29 18:00:03.663,1,1
2025-10-29 18:00:03.665,1,0
2025-10-29 18:00:03.672,3,1
2025-10-29 18:00:03.675,3,1
2025-10-29 18:00:03.678,3,1
2025-10-29 18:00:03.682,3,1
2025-10-29 18:00:03.683,3,0
2025-10-29 18:00:04.671,3,1
2025-10-29 18:00:04.692,1,2
2025-10-29 18:00:05.662,1,1
2025-10-29 18:00:05.664,1,2
2025-10-29 18:00:05.676,2,2
2025-10-29 18:00:05.705,2,1
2025-10-29 18:00:06.655,2,1
2025-10-29 18:00:06.665,2,0
2025-10-29 18:00:06.670,2,1
2025-10-29 18:00:06.681,3,1
2025-10-29 18:00:07.659,3,1
2025-10-29 18:00:07.670,3,0
2025-10-29 18:00:07.678,3,1
2025-10-29 18:00:08.655,3,1
2025-10-29 18:00:08.665,3,1
2025-10-29 18:00:08.677,2,1
2025-10-29 18:00:08.682,2,1
2025-10-29 18:00:08.683,2,1
2025-10-29 18:00:08.684,2,1
2025-10-29 18:00:09.688,2,0
2025-10-29 18:00:10.662,2,0
2025-10-29 18:00:10.666,2,1
2025-10-29 18:00:11.660,1,2
2025-10-29 18:00:11.684,1,2
2025-10-29 18:00:11.689,1,2
2025-10-29 18:00:11.696,1,2
2025-10-29 18:00:12.656,1,1
2025-10-29 18:00:12.684,1,2
2025-10-29 18:00:13.654,2,1
2025-10-29 18:00:13.660,2,2
2025-10-29 18:00:13.667,2,2
2025-10-29 18:00:13.678,3,1
2025-10-29 18:00:14.657,3,2
2025-10-29 18:00:14.666,1,1
2025-10-29 18:00:14.670,1,1
2025-10-29 18:00:14.675,1,2
2025-10-29 18:00:14.678,1,2
2025-10-29 18:00:14.680,1,2
2025-10-29 18:00:15.655,1,1
2025-10-29 18:00:15.677,1,2
2025-10-29 18:00:16.689,0,1
2025-10-29 18:00:16.691,0,2
2025-10-29 18:00:16.700,0,2
2025-10-29 18:00:16.711,0,1
2025-10-29 18:00:17.713,0,1
2025-10-29 18:00:18.688,0,1
2025-10-29 18:00:18.693,2,2
2025-10-29 18:00:18.707,2,1
2025-10-29 18:00:18.712,2,1
2025-10-29 18:00:18.713,2,1
2025-10-29 18:00:18.715,2,2
2025-10-29 18:00:19.700,2,2
2025-10-29 18:00:19.703,2,2
2025-10-29 18:00:19.716,2,1
2025-10-29 18:00:19.720,3,1
2025-10-29 18:00:19.725,3,1
2025-10-29 18:00:20.712,3,1
2025-10-29 18:00:21.713,3,1
2025-10-29 18:00:21.720,2,1
2025-10-29 18:00:22.690,2,1
2025-10-29 18:00:22.703,3,1
2025-10-29 18:00:22.720,2,1
2025-10-29 18:00:22.724,2,2
2025-10-29 18:00:23.694,2,2
2025-10-29 18:00:23.702,2,1
2025-10-29 18:00:23.708,2,0
2025-10-29 18:00:24.691,2,1
2025-10-29 18:00:24.706,2,1
2025-10-29 18:00:24.708,2,1
2025-10-29 18:00:24.716,3,1
2025-10-29 18:00:25.690,3,1
2025-10-29 18:00:25.694,1,1
2025-10-29 18:00:25.696,1,1
2025-10-29 18:00:25.701,1,1
2025-10-29 18:00:25.712,1,1
2025-10-29 18:00:25.715,1,1
2025-10-29 18:00:26.700,1,1
2025-10-29 18:00:26.703,1,1
2025-10-29 18:00:26.710,2,1
2025-10-29 18:00:26.715,2,1
2025-10-29 18:00:26.722,2,1
2025-10-29 18:00:27.688,2,1
2025-10-29 18:00:27.690,1,0
2025-10-29 18:00:27.692,1,1
2025-10-29 18:00:27.696,1,1
2025-10-29 18:00:27.702,1,1
2025-10-29 18:00:27.703,1,1
2025-10-29 18:00:27.705,1,1
2025-10-29 18:00:27.718,1,1
2025-10-29 18:00:27.723,1,0
2025-10-29 18:00:28.688,1,0
2025-10-29 18:00:28.695,1,1
2025-10-29 18:00:28.710,1,1
2025-10-29 18:00:28.719,3,1
2025-10-29 18:00:28.720,3,1
2025-10-29 18:00:29.688,3,1
2025-10-29 18:00:29.700,1,1
2025-10-29 18:00:29.704,1,1
2025-10-29 18:00:29.707,1,1
2025-10-29 18:00:29.710,1,1
2025-10-29 18:00:29.715,1,1
2025-10-29 18:00:29.716,1,1
2025-10-29 18:00:30.688,1,1
2025-10-29 18:00:30.697,1,1
2025-10-29 18:00:30.705,2,1
2025-10-29 18:00:30.714,2,1
2025-10-29 18:00:30.720,2,1
2025-10-29 18:00:30.722,2,1
2025-10-29 18:00:31.692,2,1
2025-10-29 18:00:31.699,2,1
2025-10-29 18:00:31.701,2,1
2025-10-29 18:00:31.713,3,1
2025-10-29 18:00:31.716,3,0
2025-10-29 18:00:31.720,3,1
2025-10-29 18:00:31.724,3,1
2025-10-29 18:00:32.701,3,1
2025-10-29 18:00:32.708,1,1
2025-10-29 18:00:32.710,1,1
2025-10-29 18:00:33.699,1,1
2025-10-29 18:00:33.701,1,0
2025-10-29 18:00:33.704,1,0
2025-10-29 18:00:34.689,3,1
2025-10-29 18:00:34.699,3,1
2025-10-29 18:00:34.704,2,1
2025-10-29 18:00:34.707,2,0
2025-10-29 18:00:35.689,2,1
2025-10-29 18:00:35.722,2,1
2025-10-29 18:00:36.730,1,0
2025-10-29 18:00:36.742,1,1
2025-10-29 18:00:36.746,1,1
2025-10-29 18:00:36.748,1,0
2025-10-29 18:00:36.752,1,1
2025-10-29 18:00:36.753,1,1
2025-10-29 18:00:37.730,1,0
2025-10-29 18:00:37.740,1,1
2025-10-29 18:00:37.746,2,0
2025-10-29 18:00:37.753,2,0
2025-10-29 18:00:37.761,2,0
2025-10-29 18:00:38.736,2,1
2025-10-29 18:00:38.742,2,5
2025-10-29 18:00:38.744,1,1
2025-10-29 18:00:38.749,1,0
2025-10-29 18:00:38.750,1,0
2025-10-29 18:00:39.735,1,1
2025-10-29 18:00:39.757,1,1
2025-10-29 18:00:39.769,1,0
2025-10-29 18:00:40.728,3,1
2025-10-29 18:00:40.731,2,2
2025-10-29 18:00:40.757,2,1
2025-10-29 18:00:41.742,2,2
2025-10-29 18:00:42.742,1,2
2025-10-29 18:00:42.752,1,2
2025-10-29 18:00:42.759,2,2
2025-10-29 18:00:43.733,2,2
2025-10-29 18:00:43.740,1,1
2025-10-29 18:00:43.748,1,2
2025-10-29 18:00:43.764,1,1
2025-10-29 18:00:43.764,1,1
2025-10-29 18:00:44.727,1,1
2025-10-29 18:00:44.736,1,2
2025-10-29 18:00:44.740,1,2
2025-10-29 18:00:44.758,1,1
2025-10-29 18:00:45.734,1,1
2025-10-29 18:00:45.739,2,4
2025-10-29 18:00:46.736,2,1
2025-10-29 18:00:46.752,2,2
2025-10-29 18:00:47.765,2,1
2025-10-29 18:00:47.769,2,4
2025-10-29 18:00:47.771,2,1
2025-10-29 18:00:48.726,2,1
2025-10-29 18:00:48.729,1,1
2025-10-29 18:00:48.741,1,1
2025-10-29 18:00:48.743,1,1
2025-10-29 18:00:48.756,1,2
2025-10-29 18:00:50.725,0,1
2025-10-29 18:00:50.734,0,2
2025-10-29 18:00:50.743,1,1
2025-10-29 18:00:50.753,1,1
2025-10-29 18:00:50.757,1,1
2025-10-29 18:00:51.741,1,1
2025-10-29 18:00:51.750,1,1
2025-10-29 18:00:51.753,1,2
2025-10-29 18:00:51.756,3,1
2025-10-29 18:00:51.763,3,1
2025-10-29 18:00:52.727,3,1
2025-10-29 18:00:52.732,3,0
2025-10-29 18:00:52.739,3,1
2025-10-29 18:00:52.751,3,1
2025-10-29 18:00:53.729,3,1
2025-10-29 18:00:53.743,3,1
2025-10-29 18:00:53.745,2,1
2025-10-29 18:00:54.732,2,2
2025-10-29 18:00:54.737,2,2
2025-10-29 18:00:54.745,2,1
2025-10-29 18:00:54.750,2,1
2025-10-29 18:00:54.752,2,1
2025-10-29 18:00:55.732,2,1
2025-10-29 18:00:55.735,1,1
2025-10-29 18:00:55.736,1,1
2025-10-29 18:00:55.745,1,1
2025-10-29 18:00:55.746,1,1
2025-10-29 18:00:55.753,1,1
2025-10-29 18:00:55.756,1,1
2025-10-29 18:00:56.764,1,1
2025-10-29 18:00:56.776,1,1
2025-10-29 18:00:56.780,2,1
2025-10-29 18:00:56.782,2,1
2025-10-29 18:00:56.784,2,1
2025-10-29 18:00:56.787,2,3
2025-10-29 18:00:56.788,2,2
2025-10-29 18:00:56.791,2,1
2025-10-29 18:00:56.793,2,0
2025-10-29 18:00:57.759,2,1
2025-10-29 18:00:57.762,2,1
2025-10-29 18:00:57.767,8,1
2025-10-29 18:00:57.778,8,1
2025-10-29 18:00:58.766,8,1
2025-10-29 18:00:58.777,2,1
2025-10-29 18:00:59.779,2,1
2025-10-29 18:00:59.785,2,0
2025-10-29 18:00:59.791,1,1
2025-10-29 18:01:00.767,1,0
2025-10-29 18:01:00.779,3,1
2025-10-29 18:01:00.791,3,1
2025-10-29 18:01:01.790,3,1
2025-10-29 18:01:02.763,2,2
2025-10-29 18:01:02.777,1,2
2025-10-29 18:01:02.788,1,1
2025-10-29 18:01:02.795,1,1
2025-10-29 18:01:02.801,1,1
2025-10-29 18:01:03.759,1,1
2025-10-29 18:01:03.767,4,1
2025-10-29 18:01:03.782,4,2
2025-10-29 18:01:04.775,4,0
2025-10-29 18:01:04.779,2,2
2025-10-29 18:01:04.787,2,1
2025-10-29 18:01:05.815,2,1
2025-10-29 18:01:05.819,2,1
2025-10-29 18:01:05.844,2,12
2025-10-29 18:01:05.849,2,12
2025-10-29 18:01:06.768,3,1
2025-10-29 18:01:06.771,3,2
2025-10-29 18:01:06.780,3,1
2025-10-29 18:01:06.791,3,1
2025-10-29 18:01:07.765,3,1
2025-10-29 18:01:07.768,3,3
2025-10-29 18:01:07.768,3,1
2025-10-29 18:01:07.776,3,1
2025-10-29 18:01:07.799,3,1
2025-10-29 18:01:07.801,3,2
2025-10-29 18:01:08.771,3,1
2025-10-29 18:01:08.780,3,2
2025-10-29 18:01:08.782,3,2
2025-10-29 18:01:08.782,3,0
2025-10-29 18:01:08.783,3,0
2025-10-29 18:01:08.792,6,2
2025-10-29 18:01:08.795,6,1
2025-10-29 18:01:08.799,6,0
2025-10-29 18:01:09.759,6,1
2025-10-29 18:01:09.781,7,1
2025-10-29 18:01:09.784,7,1
2025-10-29 18:01:10.771,7,1
2025-10-29 18:01:10.778,2,0
2025-10-29 18:01:10.779,2,0
2025-10-29 18:01:11.767,2,2
2025-10-29 18:01:11.783,1,2
2025-10-29 18:01:12.766,1,1
2025-10-29 18:01:12.779,1,2
2025-10-29 18:01:12.792,1,1
2025-10-29 18:01:13.760,4,1
2025-10-29 18:01:13.764,3,4
2025-10-29 18:01:13.765,3,1
2025-10-29 18:01:14.769,3,1
2025-10-29 18:01:14.775,1,2
2025-10-29 18:01:14.794,1,1
2025-10-29 18:01:14.798,1,1
2025-10-29 18:01:14.802,1,2
2025-10-29 18:01:15.762,1,1
2025-10-29 18:01:15.779,3,2
2025-10-29 18:01:15.793,3,1
2025-10-29 18:01:16.807,2,1
2025-10-29 18:01:16.817,2,2
2025-10-29 18:01:17.812,2,1
2025-10-29 18:01:17.818,3,1
2025-10-29 18:01:17.828,3,1
2025-10-29 18:01:17.840,3,1
2025-10-29 18:01:18.798,3,2
2025-10-29 18:01:18.815,3,1
2025-10-29 18:01:18.817,6,2
2025-10-29 18:01:18.822,6,1
2025-10-29 18:01:18.828,6,2
2025-10-29 18:01:19.795,6,1
2025-10-29 18:01:19.808,5,2
2025-10-29 18:01:19.819,5,1
2025-10-29 18:01:20.799,5,1
2025-10-29 18:01:20.824,5,1
2025-10-29 18:01:20.827,5,3
2025-10-29 18:01:21.800,5,2
2025-10-29 18:01:21.834,2,1
2025-10-29 18:01:22.808,2,1
2025-10-29 18:01:22.813,2,1
2025-10-29 18:01:23.797,3,1
2025-10-29 18:01:23.802,3,1
2025-10-29 18:01:23.807,3,1
2025-10-29 18:01:23.816,3,1
2025-10-29 18:01:23.824,3,1
2025-10-29 18:01:23.825,3,1
2025-10-29 18:01:24.798,3,1
2025-10-29 18:01:24.804,3,1
2025-10-29 18:01:24.818,3,1
2025-10-29 18:01:24.823,7,1
2025-10-29 18:01:24.830,7,1
2025-10-29 18:01:25.798,7,2
2025-10-29 18:01:25.802,7,4
2025-10-29 18:01:25.808,5,1
2025-10-29 18:01:25.817,5,1
2025-10-29 18:01:25.837,5,1
2025-10-29 18:01:26.800,4,1
2025-10-29 18:01:26.823,4,1
2025-10-29 18:01:26.833,4,2
2025-10-29 18:01:27.797,4,1
2025-10-29 18:01:27.806,4,1
2025-10-29 18:01:27.816,4,1
2025-10-29 18:01:27.822,4,1
2025-10-29 18:01:27.826,4,1
2025-10-29 18:01:28.803,4,1
2025-10-29 18:01:28.820,4,1
2025-10-29 18:01:28.823,4,0
2025-10-29 18:01:29.796,7,1
2025-10-29 18:01:29.801,2,0
2025-10-29 18:01:29.806,2,0
2025-10-29 18:01:29.808,2,1
2025-10-29 18:01:29.815,2,1
2025-10-29 18:01:30.834,4,1
2025-10-29 18:01:31.805,4,1
2025-10-29 18:01:32.805,4,2
2025-10-29 18:01:32.817,3,1
2025-10-29 18:01:32.832,1,3
2025-10-29 18:01:33.855,1,1
2025-10-29 18:01:33.860,1,1
2025-10-29 18:01:33.864,4,1
2025-10-29 18:01:33.868,4,1
2025-10-29 18:01:34.799,4,1
2025-10-29 18:01:34.810,4,1
2025-10-29 18:01:34.829,5,1
2025-10-29 18:01:34.835,5,1
2025-10-29 18:01:35.798,5,1
2025-10-29 18:01:35.817,4,1
2025-10-29 18:01:35.818,4,1
2025-10-29 18:01:35.819,4,1
2025-10-29 18:01:35.821,4,0
2025-10-29 18:01:35.833,4,1
2025-10-29 18:01:35.834,4,1
