timestamp,lag,wait_ms
2025-11-20 13:21:38.943,0,18
2025-11-20 13:21:38.943,0,18
2025-11-20 13:21:38.944,0,18
2025-11-20 13:21:38.944,0,18
2025-11-20 13:21:38.944,0,19
2025-11-20 13:21:38.944,0,19
2025-11-20 13:21:38.945,0,19
2025-11-20 13:21:38.945,0,19
2025-11-20 13:21:40.001,10,1076
2025-11-20 13:21:40.001,10,1076
2025-11-20 13:21:41.709,10,5
2025-11-20 13:21:41.713,10,9
2025-11-20 13:21:41.713,10,8
2025-11-20 13:21:41.713,10,7
2025-11-20 13:21:41.714,10,6
2025-11-20 13:21:41.714,10,6
2025-11-20 13:21:41.714,10,7
2025-11-20 13:21:41.714,10,7
2025-11-20 13:21:43.001,10,1294
2025-11-20 13:21:43.002,10,1294
2025-11-20 13:21:45.884,0,3
2025-11-20 13:21:45.888,10,6
2025-11-20 13:21:45.888,10,6
2025-11-20 13:21:45.889,10,6
2025-11-20 13:21:45.889,10,6
2025-11-20 13:21:45.890,10,7
2025-11-20 13:21:45.890,10,8
2025-11-20 13:21:45.890,10,8
2025-11-20 13:21:47.000,10,1118
2025-11-20 13:21:47.000,10,1117
2025-11-20 13:21:50.050,0,3
2025-11-20 13:21:50.051,0,3
2025-11-20 13:21:50.051,0,3
2025-11-20 13:21:50.052,0,3
2025-11-20 13:21:50.054,0,5
2025-11-20 13:21:50.055,0,5
2025-11-20 13:21:50.055,0,4
2025-11-20 13:21:50.056,0,4
2025-11-20 13:21:51.001,0,950
2025-11-20 13:21:51.002,0,950
2025-11-20 13:21:51.465,0,4
2025-11-20 13:21:51.466,0,4
2025-11-20 13:21:51.467,15,4
2025-11-20 13:21:51.467,15,3
2025-11-20 13:21:51.468,15,4
2025-11-20 13:21:51.470,10,6
2025-11-20 13:21:51.471,10,6
2025-11-20 13:21:51.471,10,6
2025-11-20 13:21:53.001,10,1537
2025-11-20 13:21:53.002,10,1537
2025-11-20 13:21:57.045,0,3
2025-11-20 13:21:57.047,0,4
2025-11-20 13:21:57.047,0,4
2025-11-20 13:21:57.048,0,4
2025-11-20 13:21:57.048,0,4
2025-11-20 13:21:57.049,0,5
2025-11-20 13:21:57.049,0,5
2025-11-20 13:21:57.050,0,6
2025-11-20 13:21:58.001,0,958
2025-11-20 13:21:58.001,0,958
2025-11-20 13:22:02.589,0,3
2025-11-20 13:22:02.591,0,5
2025-11-20 13:22:02.591,0,4
2025-11-20 13:22:02.591,0,4
2025-11-20 13:22:02.591,10,4
2025-11-20 13:22:02.591,10,4
2025-11-20 13:22:02.592,10,4
2025-11-20 13:22:02.592,10,4
2025-11-20 13:22:04.001,10,1414
2025-11-20 13:22:04.002,10,1414
2025-11-20 13:22:08.152,0,2
2025-11-20 13:22:08.153,0,3
2025-11-20 13:22:08.154,0,2
2025-11-20 13:22:08.154,0,2
2025-11-20 13:22:08.156,0,5
2025-11-20 13:22:08.157,0,5
2025-11-20 13:22:08.157,0,5
2025-11-20 13:22:08.157,0,6
2025-11-20 13:22:09.000,0,849
2025-11-20 13:22:09.001,0,849
2025-11-20 13:22:10.951,0,2
2025-11-20 13:22:10.953,0,4
2025-11-20 13:22:10.953,0,3
2025-11-20 13:22:10.953,0,3
2025-11-20 13:22:10.953,0,3
2025-11-20 13:22:10.958,0,7
2025-11-20 13:22:10.958,0,7
2025-11-20 13:22:10.959,0,6
2025-11-20 13:22:12.000,5,1047
2025-11-20 13:22:12.001,5,1047
2025-11-20 13:22:16.512,0,2
2025-11-20 13:22:16.515,5,5
2025-11-20 13:22:16.515,5,4
2025-11-20 13:22:16.516,5,4
2025-11-20 13:22:16.516,5,4
2025-11-20 13:22:16.517,5,5
2025-11-20 13:22:16.517,5,5
2025-11-20 13:22:16.517,5,5
2025-11-20 13:22:18.001,7,1489
2025-11-20 13:22:18.002,7,1488
2025-11-20 13:22:18.002,7,62
2025-11-20 13:22:18.003,7,63
2025-11-20 13:22:18.003,7,62
2025-11-20 13:22:18.003,7,62
2025-11-20 13:22:18.003,7,62
2025-11-20 13:22:18.004,7,61
2025-11-20 13:22:19.001,7,1059
2025-11-20 13:22:19.002,7,1058
2025-11-20 13:22:19.002,7,1058
2025-11-20 13:22:19.002,7,1059
2025-11-20 13:22:20.685,0,2
2025-11-20 13:22:20.687,0,3
2025-11-20 13:22:20.687,0,3
2025-11-20 13:22:20.687,0,3
2025-11-20 13:22:20.688,0,3
2025-11-20 13:22:20.688,0,3
2025-11-20 13:22:20.688,0,2
2025-11-20 13:22:20.690,0,3
2025-11-20 13:22:22.000,0,1313
2025-11-20 13:22:22.001,0,1312
2025-11-20 13:22:22.113,0,2
2025-11-20 13:22:22.117,0,5
2025-11-20 13:22:22.117,0,5
2025-11-20 13:22:22.118,12,4
2025-11-20 13:22:22.118,12,4
2025-11-20 13:22:22.118,12,4
2025-11-20 13:22:23.000,12,886
2025-11-20 13:22:23.000,12,886
2025-11-20 13:22:23.001,12,886
2025-11-20 13:22:23.001,12,886
2025-11-20 13:22:24.885,9,2
2025-11-20 13:22:24.890,9,7
2025-11-20 13:22:24.890,9,6
2025-11-20 13:22:24.891,9,6
2025-11-20 13:22:24.891,9,7
2025-11-20 13:22:24.891,9,6
2025-11-20 13:22:24.892,9,5
2025-11-20 13:22:24.893,10,4
2025-11-20 13:22:26.001,9,1114
2025-11-20 13:22:26.001,9,1114
2025-11-20 13:22:27.678,2,3
2025-11-20 13:22:27.679,2,4
2025-11-20 13:22:27.679,2,3
2025-11-20 13:22:27.680,2,3
2025-11-20 13:22:27.680,7,2
2025-11-20 13:22:27.682,8,5
2025-11-20 13:22:27.682,8,4
2025-11-20 13:22:27.683,8,4
2025-11-20 13:22:29.000,8,1321
2025-11-20 13:22:29.000,8,1321
2025-11-20 13:22:30.452,2,3
2025-11-20 13:22:30.458,2,8
2025-11-20 13:22:30.458,2,8
2025-11-20 13:22:30.458,2,7
2025-11-20 13:22:30.459,2,7
2025-11-20 13:22:30.459,2,7
2025-11-20 13:22:30.459,2,8
2025-11-20 13:22:30.460,2,8
2025-11-20 13:22:32.001,12,1550
2025-11-20 13:22:32.001,12,1550
2025-11-20 13:22:32.001,12,140
2025-11-20 13:22:32.002,12,140
2025-11-20 13:22:32.002,12,140
2025-11-20 13:22:32.002,12,140
2025-11-20 13:22:32.002,12,140
2025-11-20 13:22:32.003,12,139
2025-11-20 13:22:33.001,12,1138
2025-11-20 13:22:33.002,12,1138
2025-11-20 13:22:33.002,12,1138
2025-11-20 13:22:33.002,12,1139
2025-11-20 13:22:34.639,0,3
2025-11-20 13:22:34.641,0,4
2025-11-20 13:22:34.641,0,4
2025-11-20 13:22:34.641,0,3
2025-11-20 13:22:34.643,4,5
2025-11-20 13:22:34.644,4,4
2025-11-20 13:22:34.644,4,4
2025-11-20 13:22:34.644,4,4
2025-11-20 13:22:36.000,2,1360
2025-11-20 13:22:36.001,2,1360
2025-11-20 13:22:37.426,2,2
2025-11-20 13:22:37.431,1,6
2025-11-20 13:22:37.431,1,6
2025-11-20 13:22:37.431,1,5
2025-11-20 13:22:37.431,1,5
2025-11-20 13:22:37.432,1,5
2025-11-20 13:22:37.432,9,5
2025-11-20 13:22:37.433,9,6
2025-11-20 13:22:39.000,2,1574
2025-11-20 13:22:39.001,2,1574
2025-11-20 13:22:40.199,2,3
2025-11-20 13:22:40.203,1,6
2025-11-20 13:22:40.203,1,6
2025-11-20 13:22:40.204,1,5
2025-11-20 13:22:40.204,1,5
2025-11-20 13:22:40.204,1,5
2025-11-20 13:22:40.205,1,5
2025-11-20 13:22:40.205,1,4
2025-11-20 13:22:41.000,1,800
2025-11-20 13:22:41.000,1,800
2025-11-20 13:22:41.611,1,4
2025-11-20 13:22:41.613,1,5
2025-11-20 13:22:41.613,1,4
2025-11-20 13:22:41.613,14,4
2025-11-20 13:22:41.613,14,3
2025-11-20 13:22:41.616,10,6
2025-11-20 13:22:41.616,10,6
2025-11-20 13:22:41.616,10,6
2025-11-20 13:22:43.000,10,1390
2025-11-20 13:22:43.001,10,1390
2025-11-20 13:22:45.752,0,2
2025-11-20 13:22:45.757,0,6
2025-11-20 13:22:45.757,0,6
2025-11-20 13:22:45.758,9,5
2025-11-20 13:22:45.758,9,5
2025-11-20 13:22:45.758,9,5
2025-11-20 13:22:45.758,9,5
2025-11-20 13:22:45.758,9,4
2025-11-20 13:22:47.001,9,1247
2025-11-20 13:22:47.001,9,1246
2025-11-20 13:22:49.952,0,2
2025-11-20 13:22:49.953,0,2
2025-11-20 13:22:49.953,0,2
2025-11-20 13:22:49.953,0,2
2025-11-20 13:22:49.955,0,3
2025-11-20 13:22:49.955,0,3
2025-11-20 13:22:49.955,0,3
2025-11-20 13:22:49.955,0,3
2025-11-20 13:22:51.001,0,1049
2025-11-20 13:22:51.002,0,1049
2025-11-20 13:22:55.499,0,2
2025-11-20 13:22:55.501,4,3
2025-11-20 13:22:55.502,4,3
2025-11-20 13:22:55.502,4,3
2025-11-20 13:22:55.502,4,3
2025-11-20 13:22:55.502,4,3
2025-11-20 13:22:55.502,4,3
2025-11-20 13:22:55.503,4,3
2025-11-20 13:22:57.001,6,1502
2025-11-20 13:22:57.002,6,1502
2025-11-20 13:22:57.002,6,57
2025-11-20 13:22:57.002,6,57
2025-11-20 13:22:57.002,6,56
2025-11-20 13:22:57.003,6,56
2025-11-20 13:22:57.003,6,56
2025-11-20 13:22:57.003,6,57
2025-11-20 13:22:58.000,6,1053
2025-11-20 13:22:58.001,6,1053
2025-11-20 13:22:58.001,6,1053
2025-11-20 13:22:58.002,6,1054
2025-11-20 13:22:59.676,12,3
2025-11-20 13:22:59.677,12,4
2025-11-20 13:22:59.678,12,3
2025-11-20 13:22:59.679,8,2
2025-11-20 13:22:59.681,10,5
2025-11-20 13:22:59.682,10,4
2025-11-20 13:22:59.682,10,4
2025-11-20 13:22:59.682,10,5
2025-11-20 13:23:01.000,10,1323
2025-11-20 13:23:01.001,10,1323
2025-11-20 13:23:01.084,10,4
2025-11-20 13:23:01.086,10,5
2025-11-20 13:23:01.087,7,5
2025-11-20 13:23:01.087,7,4
2025-11-20 13:23:01.090,7,4
2025-11-20 13:23:01.091,7,7
2025-11-20 13:23:02.001,7,917
2025-11-20 13:23:02.001,7,917
2025-11-20 13:23:02.002,7,917
2025-11-20 13:23:02.002,7,918
2025-11-20 13:23:02.002,7,839
2025-11-20 13:23:02.002,7,839
2025-11-20 13:23:02.003,7,838
2025-11-20 13:23:02.003,7,838
2025-11-20 13:23:03.000,11,1835
2025-11-20 13:23:03.000,11,1835
2025-11-20 13:23:03.001,11,1834
2025-11-20 13:23:03.001,11,1834
2025-11-20 13:23:03.001,11,1834
2025-11-20 13:23:03.001,11,1834
2025-11-20 13:23:03.002,11,535
2025-11-20 13:23:03.002,11,535
2025-11-20 13:23:04.000,85,1533
2025-11-20 13:23:04.000,85,1532
2025-11-20 13:23:04.001,85,1531
2025-11-20 13:23:04.001,85,1532
2025-11-20 13:23:04.001,85,1531
2025-11-20 13:23:04.002,85,1531
2025-11-20 13:23:04.002,85,1531
2025-11-20 13:23:04.002,85,1530
2025-11-20 13:23:05.000,85,2462
2025-11-20 13:23:05.001,85,2462
2025-11-20 13:23:05.001,85,2461
2025-11-20 13:23:05.001,85,2462
2025-11-20 13:23:05.001,85,2461
2025-11-20 13:23:05.002,85,2461
2025-11-20 13:23:05.002,85,2459
2025-11-20 13:23:05.002,85,2459
2025-11-20 13:23:06.001,111,3458
2025-11-20 13:23:06.001,111,3458
2025-11-20 13:23:06.001,111,3400
2025-11-20 13:23:06.002,111,3399
2025-11-20 13:23:06.002,111,3399
2025-11-20 13:23:06.002,111,3399
2025-11-20 13:23:06.002,111,3399
2025-11-20 13:23:06.003,111,3398
2025-11-20 13:23:07.001,148,4397
2025-11-20 13:23:07.001,148,4396
2025-11-20 13:23:07.002,148,4396
2025-11-20 13:23:07.002,148,4396
2025-11-20 13:23:07.002,148,4336
2025-11-20 13:23:07.002,148,4335
2025-11-20 13:23:07.003,148,4335
2025-11-20 13:23:07.003,148,4336
2025-11-20 13:23:08.001,148,5333
2025-11-20 13:23:08.001,148,5333
2025-11-20 13:23:08.001,148,5332
2025-11-20 13:23:08.002,148,5333
2025-11-20 13:23:08.002,148,5333
2025-11-20 13:23:08.002,148,5333
2025-11-20 13:23:08.003,148,5260
2025-11-20 13:23:08.003,148,5260
2025-11-20 13:23:09.000,163,6257
2025-11-20 13:23:09.000,163,6257
2025-11-20 13:23:09.000,163,6257
2025-11-20 13:23:09.001,163,6256
2025-11-20 13:23:09.001,163,6254
2025-11-20 13:23:09.001,163,6255
2025-11-20 13:23:09.002,163,6255
2025-11-20 13:23:09.002,163,6255
2025-11-20 13:23:10.000,160,7195
2025-11-20 13:23:10.000,160,7195
2025-11-20 13:23:10.000,160,7194
2025-11-20 13:23:10.001,160,7193
2025-11-20 13:23:10.001,160,7193
2025-11-20 13:23:10.001,160,7193
2025-11-20 13:23:10.001,160,7193
2025-11-20 13:23:10.001,160,7193
2025-11-20 13:23:11.001,161,8193
2025-11-20 13:23:11.002,161,8193
2025-11-20 13:23:11.002,161,8131
2025-11-20 13:23:11.002,161,8132
2025-11-20 13:23:11.002,161,8131
2025-11-20 13:23:11.003,161,8131
2025-11-20 13:23:11.003,161,8131
2025-11-20 13:23:11.003,161,8132
2025-11-20 13:23:12.001,161,9130
2025-11-20 13:23:12.001,161,9130
2025-11-20 13:23:12.002,161,9130
2025-11-20 13:23:12.002,161,9129
2025-11-20 13:23:12.002,161,8153
2025-11-20 13:23:12.002,161,8152
2025-11-20 13:23:12.003,161,8152
2025-11-20 13:23:12.003,161,8152
2025-11-20 13:23:13.000,170,9149
2025-11-20 13:23:13.001,170,9149
2025-11-20 13:23:13.001,170,9148
2025-11-20 13:23:13.001,170,9149
2025-11-20 13:23:13.001,170,9148
2025-11-20 13:23:13.002,170,9079
2025-11-20 13:23:13.002,170,9079
2025-11-20 13:23:13.002,170,9078
2025-11-20 13:23:14.001,153,10077
2025-11-20 13:23:14.001,153,10076
2025-11-20 13:23:14.002,153,10076
2025-11-20 13:23:14.002,153,10076
2025-11-20 13:23:14.002,153,10077
2025-11-20 13:23:14.002,153,10077
2025-11-20 13:23:14.002,153,10008
2025-11-20 13:23:14.003,153,10007
2025-11-20 13:23:15.000,153,11005
2025-11-20 13:23:15.001,153,11004
2025-11-20 13:23:15.001,153,11002
2025-11-20 13:23:15.001,153,11003
2025-11-20 13:23:15.001,153,11003
2025-11-20 13:23:15.002,153,11003
2025-11-20 13:23:15.002,153,11003
2025-11-20 13:23:15.002,153,10936
2025-11-20 13:23:16.001,158,11934
2025-11-20 13:23:16.001,158,11934
2025-11-20 13:23:16.001,158,11933
2025-11-20 13:23:16.001,158,11933
2025-11-20 13:23:16.002,158,11933
2025-11-20 13:23:16.002,158,11932
2025-11-20 13:23:16.002,158,11933
2025-11-20 13:23:16.002,158,11933
2025-11-20 13:23:17.001,157,12855
2025-11-20 13:23:17.001,157,12854
2025-11-20 13:23:17.001,157,12853
2025-11-20 13:23:17.001,157,12852
2025-11-20 13:23:17.002,157,12851
2025-11-20 13:23:17.002,157,12851
2025-11-20 13:23:17.002,157,12851
2025-11-20 13:23:17.002,157,12851
2025-11-20 13:23:18.001,166,13850
2025-11-20 13:23:18.001,166,13790
2025-11-20 13:23:18.001,166,13790
2025-11-20 13:23:18.002,166,13789
2025-11-20 13:23:18.002,166,13789
2025-11-20 13:23:18.002,166,13789
2025-11-20 13:23:18.002,166,13788
2025-11-20 13:23:18.002,166,13788
2025-11-20 13:23:19.001,166,14787
2025-11-20 13:23:19.002,166,14787
2025-11-20 13:23:19.002,166,13753
2025-11-20 13:23:19.003,166,13753
2025-11-20 13:23:19.003,166,13752
2025-11-20 13:23:19.004,166,13750
2025-11-20 13:23:19.004,166,13750
2025-11-20 13:23:19.004,166,13750
2025-11-20 13:23:20.001,183,14747
2025-11-20 13:23:20.001,183,14746
2025-11-20 13:23:20.001,183,14746
2025-11-20 13:23:20.002,183,14685
2025-11-20 13:23:20.002,183,14684
2025-11-20 13:23:20.002,183,14685
2025-11-20 13:23:20.002,183,14684
2025-11-20 13:23:20.003,183,14684
2025-11-20 13:23:21.001,179,15682
2025-11-20 13:23:21.002,179,15682
2025-11-20 13:23:21.002,179,15681
2025-11-20 13:23:21.002,179,15682
2025-11-20 13:23:21.002,179,15613
2025-11-20 13:23:21.003,179,15612
2025-11-20 13:23:21.003,179,15612
2025-11-20 13:23:21.003,179,15612
2025-11-20 13:23:22.000,179,16609
2025-11-20 13:23:22.000,179,16608
2025-11-20 13:23:22.000,179,16608
2025-11-20 13:23:22.001,179,16608
2025-11-20 13:23:22.001,179,16608
2025-11-20 13:23:22.001,179,16540
2025-11-20 13:23:22.001,179,16539
2025-11-20 13:23:22.001,179,16539
2025-11-20 13:23:23.001,207,17538
2025-11-20 13:23:23.001,207,17538
2025-11-20 13:23:23.002,207,17538
2025-11-20 13:23:23.002,207,17537
2025-11-20 13:23:23.002,207,17538
2025-11-20 13:23:23.002,207,17538
2025-11-20 13:23:23.003,207,17459
2025-11-20 13:23:23.003,207,17459
2025-11-20 13:23:24.000,203,18457
2025-11-20 13:23:24.000,203,18456
2025-11-20 13:23:24.000,203,18456
2025-11-20 13:23:24.001,203,18455
2025-11-20 13:23:24.001,203,18455
2025-11-20 13:23:24.001,203,18456
2025-11-20 13:23:24.001,203,18456
2025-11-20 13:23:24.001,203,17311
2025-11-20 13:23:25.000,207,18309
2025-11-20 13:23:25.001,207,18309
2025-11-20 13:23:25.001,207,18308
2025-11-20 13:23:25.001,207,18309
2025-11-20 13:23:25.001,207,18309
2025-11-20 13:23:25.002,207,18308
2025-11-20 13:23:25.002,207,18308
2025-11-20 13:23:25.002,207,18248
2025-11-20 13:23:26.000,207,19246
2025-11-20 13:23:26.001,207,19245
2025-11-20 13:23:26.001,207,19245
2025-11-20 13:23:26.001,207,19244
2025-11-20 13:23:26.002,207,19244
2025-11-20 13:23:26.002,207,19244
2025-11-20 13:23:26.002,207,19245
2025-11-20 13:23:26.002,207,17942
2025-11-20 13:23:27.000,227,18940
2025-11-20 13:23:27.001,227,18939
2025-11-20 13:23:27.001,227,18939
2025-11-20 13:23:27.001,227,18940
2025-11-20 13:23:27.002,227,18939
2025-11-20 13:23:27.002,227,18940
2025-11-20 13:23:27.002,227,18939
2025-11-20 13:23:27.002,227,18881
2025-11-20 13:23:28.001,223,19879
2025-11-20 13:23:28.001,223,19879
2025-11-20 13:23:28.001,223,19879
2025-11-20 13:23:28.001,223,19878
2025-11-20 13:23:28.002,223,19877
2025-11-20 13:23:28.002,223,19877
2025-11-20 13:23:28.002,223,19877
2025-11-20 13:23:28.002,223,18562
2025-11-20 13:23:29.001,253,19560
2025-11-20 13:23:29.001,253,19560
2025-11-20 13:23:29.001,253,19559
2025-11-20 13:23:29.001,253,19558
2025-11-20 13:23:29.002,253,19558
2025-11-20 13:23:29.002,253,19557
2025-11-20 13:23:29.002,253,19497
2025-11-20 13:23:29.002,253,19497
2025-11-20 13:23:30.001,253,20493
2025-11-20 13:23:30.001,253,20493
2025-11-20 13:23:30.001,253,20492
2025-11-20 13:23:30.002,253,20492
2025-11-20 13:23:30.002,253,20491
2025-11-20 13:23:30.002,253,19157
2025-11-20 13:23:30.002,253,19156
2025-11-20 13:23:30.003,253,19156
2025-11-20 13:23:31.002,239,20155
2025-11-20 13:23:31.002,239,20155
2025-11-20 13:23:31.002,239,20155
2025-11-20 13:23:31.002,239,20154
2025-11-20 13:23:31.003,239,18768
2025-11-20 13:23:31.003,239,18768
2025-11-20 13:23:31.003,239,18768
2025-11-20 13:23:31.003,239,18767
2025-11-20 13:23:32.001,246,19765
2025-11-20 13:23:32.001,246,19765
2025-11-20 13:23:32.002,246,19764
2025-11-20 13:23:32.002,246,18368
2025-11-20 13:23:32.002,246,18368
2025-11-20 13:23:32.003,246,18368
2025-11-20 13:23:32.003,246,18367
2025-11-20 13:23:32.003,246,18368
2025-11-20 13:23:33.000,246,19365
2025-11-20 13:23:33.000,246,19364
2025-11-20 13:23:33.001,246,19304
2025-11-20 13:23:33.001,246,19305
2025-11-20 13:23:33.002,246,19305
2025-11-20 13:23:33.002,246,19305
2025-11-20 13:23:33.002,246,19306
2025-11-20 13:23:33.002,246,19306
2025-11-20 13:23:34.001,260,20305
2025-11-20 13:23:34.001,260,18957
2025-11-20 13:23:34.002,260,18957
2025-11-20 13:23:34.002,260,18956
2025-11-20 13:23:34.003,260,18957
2025-11-20 13:23:34.003,260,18957
2025-11-20 13:23:34.004,260,18957
2025-11-20 13:23:34.004,260,18956
2025-11-20 13:23:35.001,270,19890
2025-11-20 13:23:35.001,270,19890
2025-11-20 13:23:35.001,270,19889
2025-11-20 13:23:35.002,270,19889
2025-11-20 13:23:35.002,270,19888
2025-11-20 13:23:35.003,270,19889
2025-11-20 13:23:35.004,270,19888
2025-11-20 13:23:35.004,270,18570
2025-11-20 13:23:36.001,282,19567
2025-11-20 13:23:36.001,282,19567
2025-11-20 13:23:36.001,282,19566
2025-11-20 13:23:36.001,282,19566
2025-11-20 13:23:36.002,282,19566
2025-11-20 13:23:36.002,282,19502
2025-11-20 13:23:36.002,282,19503
2025-11-20 13:23:36.002,282,19502
2025-11-20 13:23:37.001,299,20500
2025-11-20 13:23:37.001,299,20500
2025-11-20 13:23:37.001,299,20500
2025-11-20 13:23:37.002,299,20433
2025-11-20 13:23:37.002,299,20432
2025-11-20 13:23:37.002,299,20433
2025-11-20 13:23:37.002,299,20432
2025-11-20 13:23:37.002,299,20432
2025-11-20 13:23:38.001,296,21430
2025-11-20 13:23:38.001,296,20193
2025-11-20 13:23:38.001,296,20193
2025-11-20 13:23:38.002,296,20193
2025-11-20 13:23:38.002,296,20192
2025-11-20 13:23:38.002,296,20192
2025-11-20 13:23:38.002,296,20191
2025-11-20 13:23:38.003,296,20127
2025-11-20 13:23:39.000,298,21125
2025-11-20 13:23:39.001,298,21125
2025-11-20 13:23:39.001,298,21124
2025-11-20 13:23:39.001,298,21125
2025-11-20 13:23:39.001,298,21124
2025-11-20 13:23:39.002,298,21063
2025-11-20 13:23:39.002,298,21062
2025-11-20 13:23:39.002,298,21063
2025-11-20 13:23:40.000,305,22061
2025-11-20 13:23:40.000,305,22060
2025-11-20 13:23:40.001,305,22060
2025-11-20 13:23:40.001,305,20801
2025-11-20 13:23:40.001,305,20801
2025-11-20 13:23:40.001,305,20800
2025-11-20 13:23:40.002,305,20800
2025-11-20 13:23:40.002,305,20800
2025-11-20 13:23:41.000,307,21798
2025-11-20 13:23:41.000,307,21722
2025-11-20 13:23:41.000,307,21722
2025-11-20 13:23:41.001,307,21721
2025-11-20 13:23:41.001,307,21722
2025-11-20 13:23:41.001,307,21722
2025-11-20 13:23:41.001,307,21721
2025-11-20 13:23:41.002,307,21654
2025-11-20 13:23:42.001,304,22654
2025-11-20 13:23:42.002,304,22653
2025-11-20 13:23:42.002,304,22653
2025-11-20 13:23:42.002,304,22654
2025-11-20 13:23:42.002,304,22654
2025-11-20 13:23:42.003,304,22587
2025-11-20 13:23:42.003,304,22587
2025-11-20 13:23:42.004,304,22587
2025-11-20 13:23:43.001,316,23585
2025-11-20 13:23:43.002,316,23584
2025-11-20 13:23:43.002,316,23584
2025-11-20 13:23:43.002,316,22399
2025-11-20 13:23:43.002,316,22398
2025-11-20 13:23:43.002,316,22398
2025-11-20 13:23:43.003,316,22398
2025-11-20 13:23:43.003,316,22397
2025-11-20 13:23:44.001,332,23396
2025-11-20 13:23:44.001,332,23331
2025-11-20 13:23:44.001,332,23330
2025-11-20 13:23:44.002,332,23330
2025-11-20 13:23:44.002,332,23329
2025-11-20 13:23:44.002,332,23330
2025-11-20 13:23:44.002,332,23330
2025-11-20 13:23:44.003,332,23268
2025-11-20 13:23:45.001,328,24266
2025-11-20 13:23:45.001,328,24266
2025-11-20 13:23:45.001,328,24265
2025-11-20 13:23:45.002,328,24265
2025-11-20 13:23:45.002,328,24265
2025-11-20 13:23:45.002,328,24204
2025-11-20 13:23:45.003,328,24203
2025-11-20 13:23:45.003,328,24203
2025-11-20 13:23:46.000,340,25200
2025-11-20 13:23:46.001,340,25200
2025-11-20 13:23:46.001,340,25199
2025-11-20 13:23:46.001,340,23988
2025-11-20 13:23:46.001,340,23988
2025-11-20 13:23:46.002,340,23988
2025-11-20 13:23:46.002,340,23988
2025-11-20 13:23:46.002,340,23988
2025-11-20 13:23:47.001,348,24986
2025-11-20 13:23:47.001,348,24927
2025-11-20 13:23:47.001,348,24927
2025-11-20 13:23:47.001,348,24926
2025-11-20 13:23:47.002,348,24926
2025-11-20 13:23:47.002,348,24926
2025-11-20 13:23:47.002,348,24926
2025-11-20 13:23:47.002,348,24867
2025-11-20 13:23:48.001,356,25865
2025-11-20 13:23:48.001,356,25865
2025-11-20 13:23:48.002,356,25864
2025-11-20 13:23:48.002,356,25864
2025-11-20 13:23:48.002,356,25865
2025-11-20 13:23:48.003,356,24587
2025-11-20 13:23:48.003,356,24586
2025-11-20 13:23:48.003,356,24586
2025-11-20 13:23:49.000,356,25583
2025-11-20 13:23:49.001,356,25583
2025-11-20 13:23:49.001,356,25583
2025-11-20 13:23:49.001,356,25519
2025-11-20 13:23:49.002,356,25519
2025-11-20 13:23:49.002,356,25519
2025-11-20 13:23:49.002,356,25519
2025-11-20 13:23:49.002,356,25519
2025-11-20 13:23:50.000,368,26516
2025-11-20 13:23:50.001,368,26454
2025-11-20 13:23:50.001,368,26454
2025-11-20 13:23:50.001,368,26454
2025-11-20 13:23:50.001,368,26454
2025-11-20 13:23:50.002,368,26453
2025-11-20 13:23:50.002,368,26451
2025-11-20 13:23:50.002,368,25206
2025-11-20 13:23:51.001,376,26205
2025-11-20 13:23:51.001,376,26204
2025-11-20 13:23:51.002,376,26204
2025-11-20 13:23:51.002,376,26204
2025-11-20 13:23:51.002,376,26145
2025-11-20 13:23:51.003,376,26145
2025-11-20 13:23:51.003,376,26144
2025-11-20 13:23:51.003,376,26145
2025-11-20 13:23:52.001,372,27143
2025-11-20 13:23:52.002,372,27081
2025-11-20 13:23:52.002,372,27080
2025-11-20 13:23:52.002,372,27081
2025-11-20 13:23:52.002,372,27080
2025-11-20 13:23:52.003,372,27080
2025-11-20 13:23:52.003,372,25860
2025-11-20 13:23:52.003,372,25859
2025-11-20 13:23:53.001,372,26857
2025-11-20 13:23:53.001,372,26857
2025-11-20 13:23:53.002,372,26856
2025-11-20 13:23:53.002,372,26796
2025-11-20 13:23:53.002,372,26797
2025-11-20 13:23:53.002,372,26795
2025-11-20 13:23:53.003,372,26794
2025-11-20 13:23:53.003,372,26794
2025-11-20 13:23:53.999,376,27731
2025-11-20 13:23:54.000,376,27731
2025-11-20 13:23:54.000,376,27729
2025-11-20 13:23:54.000,376,27730
2025-11-20 13:23:54.000,376,27729
2025-11-20 13:23:54.001,376,27665
2025-11-20 13:23:54.001,376,27665
2025-11-20 13:23:54.001,376,27666
2025-11-20 13:23:55.001,384,28665
2025-11-20 13:23:55.002,384,28665
2025-11-20 13:23:55.002,384,28605
2025-11-20 13:23:55.002,384,28605
2025-11-20 13:23:55.003,384,28605
2025-11-20 13:23:55.003,384,28606
2025-11-20 13:23:55.003,384,28605
2025-11-20 13:23:55.004,384,27433
2025-11-20 13:23:56.001,376,28431
2025-11-20 13:23:56.001,376,28430
2025-11-20 13:23:56.001,376,28429
2025-11-20 13:23:56.002,376,28428
2025-11-20 13:23:56.002,376,28352
2025-11-20 13:23:56.002,376,28352
2025-11-20 13:23:56.002,376,28352
2025-11-20 13:23:56.003,376,28351
2025-11-20 13:23:57.001,384,29350
2025-11-20 13:23:57.001,384,29260
2025-11-20 13:23:57.002,384,29260
2025-11-20 13:23:57.002,384,29259
2025-11-20 13:23:57.003,384,29260
2025-11-20 13:23:57.003,384,29259
2025-11-20 13:23:57.003,384,29194
2025-11-20 13:23:57.003,384,29193
2025-11-20 13:23:58.001,384,30191
2025-11-20 13:23:58.001,384,30191
2025-11-20 13:23:58.006,384,30190
2025-11-20 13:23:58.006,384,30128
2025-11-20 13:23:58.007,384,30132
2025-11-20 13:23:58.007,384,30132
2025-11-20 13:23:58.007,384,30132
2025-11-20 13:23:58.008,384,30132
2025-11-20 13:23:59.001,380,30019
2025-11-20 13:23:59.002,380,30018
2025-11-20 13:23:59.002,380,30018
2025-11-20 13:23:59.002,380,30019
2025-11-20 13:23:59.002,380,30019
2025-11-20 13:23:59.002,380,29951
2025-11-20 13:23:59.003,380,29950
2025-11-20 13:23:59.003,380,29950
2025-11-20 13:24:00.001,372,30949
2025-11-20 13:24:00.001,372,30948
2025-11-20 13:24:00.001,372,29669
2025-11-20 13:24:00.002,372,29669
2025-11-20 13:24:00.002,372,29669
2025-11-20 13:24:00.002,372,29670
2025-11-20 13:24:00.002,372,29670
2025-11-20 13:24:00.003,372,29607
2025-11-20 13:24:01.001,372,30606
2025-11-20 13:24:01.002,372,30605
2025-11-20 13:24:01.002,372,30605
2025-11-20 13:24:01.002,372,30606
2025-11-20 13:24:01.002,372,30538
2025-11-20 13:24:01.002,372,30537
2025-11-20 13:24:01.003,372,30537
2025-11-20 13:24:01.003,372,30538
2025-11-20 13:24:02.001,372,31535
2025-11-20 13:24:02.001,372,30299
2025-11-20 13:24:02.001,372,30299
2025-11-20 13:24:02.002,372,30298
2025-11-20 13:24:02.002,372,30298
2025-11-20 13:24:02.002,372,30299
2025-11-20 13:24:02.003,372,30235
2025-11-20 13:24:02.003,372,30234
2025-11-20 13:24:03.000,364,31232
2025-11-20 13:24:03.000,364,31231
2025-11-20 13:24:03.001,364,31231
2025-11-20 13:24:03.001,364,31161
2025-11-20 13:24:03.001,364,31162
2025-11-20 13:24:03.001,364,31159
2025-11-20 13:24:03.002,364,31159
2025-11-20 13:24:03.002,364,31159
2025-11-20 13:24:04.001,364,32082
2025-11-20 13:24:04.001,364,32082
2025-11-20 13:24:04.001,364,32081
2025-11-20 13:24:04.001,364,32081
2025-11-20 13:24:04.002,364,32081
2025-11-20 13:24:04.002,364,30900
2025-11-20 13:24:04.002,364,30901
2025-11-20 13:24:04.002,364,30900
2025-11-20 13:24:05.001,376,31899
2025-11-20 13:24:05.001,376,31899
2025-11-20 13:24:05.002,376,31781
2025-11-20 13:24:05.002,376,31780
2025-11-20 13:24:05.002,376,31781
2025-11-20 13:24:05.002,376,31780
2025-11-20 13:24:05.002,376,31779
2025-11-20 13:24:05.003,376,31705
2025-11-20 13:24:06.001,376,32703
2025-11-20 13:24:06.001,376,32703
2025-11-20 13:24:06.001,376,32703
2025-11-20 13:24:06.002,376,32702
2025-11-20 13:24:06.002,376,32627
2025-11-20 13:24:06.002,376,32626
2025-11-20 13:24:06.003,376,32625
2025-11-20 13:24:06.003,376,32624
2025-11-20 13:24:07.001,368,33623
2025-11-20 13:24:07.001,368,33555
2025-11-20 13:24:07.002,368,33554
2025-11-20 13:24:07.002,368,33553
2025-11-20 13:24:07.002,368,33553
2025-11-20 13:24:07.002,368,33553
2025-11-20 13:24:07.002,368,32468
2025-11-20 13:24:07.003,368,32467
2025-11-20 13:24:08.000,364,33464
2025-11-20 13:24:08.000,364,33463
2025-11-20 13:24:08.001,364,33463
2025-11-20 13:24:08.001,364,33207
2025-11-20 13:24:08.001,364,33207
2025-11-20 13:24:08.001,364,33206
2025-11-20 13:24:08.002,364,33205
2025-11-20 13:24:08.002,364,33203
2025-11-20 13:24:09.000,364,34018
2025-11-20 13:24:09.000,364,34017
2025-11-20 13:24:09.000,364,34015
2025-11-20 13:24:09.001,364,34014
2025-11-20 13:24:09.001,364,34015
2025-11-20 13:24:09.001,364,33849
2025-11-20 13:24:09.002,364,33848
2025-11-20 13:24:09.002,364,33848
2025-11-20 13:24:10.000,356,34846
2025-11-20 13:24:10.000,356,34845
2025-11-20 13:24:10.001,356,34116
2025-11-20 13:24:10.001,356,34116
2025-11-20 13:24:10.001,356,34116
2025-11-20 13:24:10.002,356,34116
2025-11-20 13:24:10.002,356,34115
2025-11-20 13:24:10.002,356,34042
2025-11-20 13:24:11.000,356,35039
2025-11-20 13:24:11.000,356,35038
2025-11-20 13:24:11.001,356,35037
2025-11-20 13:24:11.001,356,35038
2025-11-20 13:24:11.002,356,34973
2025-11-20 13:24:11.002,356,34972
2025-11-20 13:24:11.002,356,34973
2025-11-20 13:24:11.002,356,34973
2025-11-20 13:24:12.001,360,35971
2025-11-20 13:24:12.002,360,35903
2025-11-20 13:24:12.002,360,35903
2025-11-20 13:24:12.002,360,35903
2025-11-20 13:24:12.002,360,35903
2025-11-20 13:24:12.002,360,35902
2025-11-20 13:24:12.003,360,35808
2025-11-20 13:24:12.003,360,35807
2025-11-20 13:24:13.000,360,36805
2025-11-20 13:24:13.001,360,36804
2025-11-20 13:24:13.001,360,36803
2025-11-20 13:24:13.002,360,36724
2025-11-20 13:24:13.002,360,36724
2025-11-20 13:24:13.002,360,36723
2025-11-20 13:24:13.002,360,36722
2025-11-20 13:24:13.003,360,36722
2025-11-20 13:24:14.001,352,36627
2025-11-20 13:24:14.001,352,36626
2025-11-20 13:24:14.001,352,36625
2025-11-20 13:24:14.002,352,36624
2025-11-20 13:24:14.003,352,36624
2025-11-20 13:24:14.003,352,36535
2025-11-20 13:24:14.003,352,36535
2025-11-20 13:24:14.004,352,36535
2025-11-20 13:24:15.000,352,37531
2025-11-20 13:24:15.001,352,37531
2025-11-20 13:24:15.001,352,36302
2025-11-20 13:24:15.001,352,36303
2025-11-20 13:24:15.001,352,36303
2025-11-20 13:24:15.002,352,36302
2025-11-20 13:24:15.002,352,36302
2025-11-20 13:24:15.002,352,36230
2025-11-20 13:24:16.001,352,37228
2025-11-20 13:24:16.001,352,37227
2025-11-20 13:24:16.002,352,37226
2025-11-20 13:24:16.002,352,37227
2025-11-20 13:24:16.002,352,37157
2025-11-20 13:24:16.003,352,37157
2025-11-20 13:24:16.003,352,37156
2025-11-20 13:24:16.003,352,37157
2025-11-20 13:24:17.000,344,38154
2025-11-20 13:24:17.375,344,36897
2025-11-20 13:24:17.408,344,36897
2025-11-20 13:24:17.409,344,37270
2025-11-20 13:24:17.410,344,37303
2025-11-20 13:24:17.411,344,37303
2025-11-20 13:24:17.411,344,37227
2025-11-20 13:24:17.412,344,37227
2025-11-20 13:24:17.413,344,37227
2025-11-20 13:24:17.413,344,37228
2025-11-20 13:24:19.001,338,38816
2025-11-20 13:24:19.002,338,38739
2025-11-20 13:24:19.002,338,38738
2025-11-20 13:24:19.002,338,38739
2025-11-20 13:24:19.002,338,38739
2025-11-20 13:24:19.003,338,38738
2025-11-20 13:24:19.003,338,37498
2025-11-20 13:24:19.003,338,37499
2025-11-20 13:24:20.001,342,38496
2025-11-20 13:24:20.001,342,38496
2025-11-20 13:24:20.001,342,38496
2025-11-20 13:24:20.002,342,38421
2025-11-20 13:24:20.002,342,38421
2025-11-20 13:24:20.002,342,38421
2025-11-20 13:24:20.002,342,38421
2025-11-20 13:24:20.002,342,38420
2025-11-20 13:24:21.001,334,39340
2025-11-20 13:24:21.002,334,39340
2025-11-20 13:24:21.002,334,39339
2025-11-20 13:24:21.002,334,39340
2025-11-20 13:24:21.005,334,39339
2025-11-20 13:24:21.005,334,39272
2025-11-20 13:24:21.005,334,39274
2025-11-20 13:24:21.006,334,39274
2025-11-20 13:24:22.001,326,40270
2025-11-20 13:24:22.001,326,40269
2025-11-20 13:24:22.002,326,39134
2025-11-20 13:24:22.002,326,39133
2025-11-20 13:24:22.002,326,39134
2025-11-20 13:24:22.002,326,39134
2025-11-20 13:24:22.002,326,39061
2025-11-20 13:24:22.003,326,39061
2025-11-20 13:24:23.001,322,40060
2025-11-20 13:24:23.001,322,40059
2025-11-20 13:24:23.002,322,39984
2025-11-20 13:24:23.002,322,39984
2025-11-20 13:24:23.002,322,39984
2025-11-20 13:24:23.002,322,39984
2025-11-20 13:24:23.003,322,39918
2025-11-20 13:24:23.003,322,39918
2025-11-20 13:24:24.000,314,40915
2025-11-20 13:24:24.000,314,40915
2025-11-20 13:24:24.000,314,40852
2025-11-20 13:24:24.001,314,40852
2025-11-20 13:24:24.001,314,40851
2025-11-20 13:24:24.001,314,40852
2025-11-20 13:24:24.001,314,40785
2025-11-20 13:24:24.001,314,40785
2025-11-20 13:24:25.001,310,41784
2025-11-20 13:24:25.002,310,41784
2025-11-20 13:24:25.002,310,41710
2025-11-20 13:24:25.002,310,41710
2025-11-20 13:24:25.003,310,41709
2025-11-20 13:24:25.003,310,41709
2025-11-20 13:24:25.004,310,40737
2025-11-20 13:24:25.004,310,40737
2025-11-20 13:24:26.001,306,41735
2025-11-20 13:24:26.001,306,41734
2025-11-20 13:24:26.002,306,41652
2025-11-20 13:24:26.002,306,41652
2025-11-20 13:24:26.002,306,41652
2025-11-20 13:24:26.003,306,41652
2025-11-20 13:24:26.003,306,41572
2025-11-20 13:24:26.003,306,41573
2025-11-20 13:24:27.000,302,42569
2025-11-20 13:24:27.001,302,42569
2025-11-20 13:24:27.001,302,42497
2025-11-20 13:24:27.001,302,42497
2025-11-20 13:24:27.001,302,42497
2025-11-20 13:24:27.002,302,42496
2025-11-20 13:24:27.002,302,42412
2025-11-20 13:24:27.002,302,42412
2025-11-20 13:24:28.000,294,43410
2025-11-20 13:24:28.001,294,43410
2025-11-20 13:24:28.001,294,42343
2025-11-20 13:24:28.001,294,42344
2025-11-20 13:24:28.002,294,42343
2025-11-20 13:24:28.002,294,42343
2025-11-20 13:24:28.002,294,42273
2025-11-20 13:24:28.002,294,42272
2025-11-20 13:24:29.000,291,43270
2025-11-20 13:24:29.001,291,43270
2025-11-20 13:24:29.001,291,43193
2025-11-20 13:24:29.001,291,43193
2025-11-20 13:24:29.002,291,43193
2025-11-20 13:24:29.002,291,43192
2025-11-20 13:24:29.002,291,43117
2025-11-20 13:24:29.002,291,43116
2025-11-20 13:24:30.001,283,44115
2025-11-20 13:24:30.001,283,44115
2025-11-20 13:24:30.001,283,42977
2025-11-20 13:24:30.002,283,42976
2025-11-20 13:24:30.002,283,42975
2025-11-20 13:24:30.002,283,42976
2025-11-20 13:24:30.003,283,42906
2025-11-20 13:24:30.003,283,42905
2025-11-20 13:24:31.000,280,43903
2025-11-20 13:24:31.000,280,43903
2025-11-20 13:24:31.001,280,43836
2025-11-20 13:24:31.001,280,43835
2025-11-20 13:24:31.001,280,43835
2025-11-20 13:24:31.001,280,43834
2025-11-20 13:24:31.001,280,43767
2025-11-20 13:24:31.002,280,43767
2025-11-20 13:24:32.001,272,44766
2025-11-20 13:24:32.001,272,44766
2025-11-20 13:24:32.002,272,44696
2025-11-20 13:24:32.002,272,44695
2025-11-20 13:24:32.002,272,44695
2025-11-20 13:24:32.002,272,44694
2025-11-20 13:24:32.003,272,44619
2025-11-20 13:24:32.003,272,44618
2025-11-20 13:24:33.001,269,45615
2025-11-20 13:24:33.001,269,45615
2025-11-20 13:24:33.001,269,44545
2025-11-20 13:24:33.001,269,44545
2025-11-20 13:24:33.002,269,44544
2025-11-20 13:24:33.002,269,44544
2025-11-20 13:24:33.002,269,44474
2025-11-20 13:24:33.002,269,44473
2025-11-20 13:24:34.001,269,45472
2025-11-20 13:24:34.001,269,45472
2025-11-20 13:24:34.002,269,45405
2025-11-20 13:24:34.002,269,45404
2025-11-20 13:24:34.002,269,45405
2025-11-20 13:24:34.002,269,45405
2025-11-20 13:24:34.003,269,45338
2025-11-20 13:24:34.003,269,45338
2025-11-20 13:24:35.000,250,46335
2025-11-20 13:24:35.001,250,46334
2025-11-20 13:24:35.001,250,46270
2025-11-20 13:24:35.001,250,46271
2025-11-20 13:24:35.002,250,46270
2025-11-20 13:24:35.002,250,46269
2025-11-20 13:24:35.003,250,45148
2025-11-20 13:24:35.003,250,45147
2025-11-20 13:24:36.000,247,46145
2025-11-20 13:24:36.001,247,46144
2025-11-20 13:24:36.001,247,46078
2025-11-20 13:24:36.001,247,46079
2025-11-20 13:24:36.001,247,46078
2025-11-20 13:24:36.002,247,46078
2025-11-20 13:24:36.002,247,46014
2025-11-20 13:24:36.002,247,46015
2025-11-20 13:24:37.001,247,47012
2025-11-20 13:24:37.001,247,47012
2025-11-20 13:24:37.001,247,46949
2025-11-20 13:24:37.001,247,46949
2025-11-20 13:24:37.002,247,46948
2025-11-20 13:24:37.002,247,46948
2025-11-20 13:24:37.002,247,45783
2025-11-20 13:24:37.002,247,45783
2025-11-20 13:24:38.001,239,46781
2025-11-20 13:24:38.002,239,46779
2025-11-20 13:24:38.002,239,46705
2025-11-20 13:24:38.002,239,46705
2025-11-20 13:24:38.003,239,46704
2025-11-20 13:24:38.003,239,46704
2025-11-20 13:24:38.003,239,46636
2025-11-20 13:24:38.003,239,46636
2025-11-20 13:24:39.001,223,47634
2025-11-20 13:24:39.001,223,47633
2025-11-20 13:24:39.001,223,46395
2025-11-20 13:24:39.002,223,46395
2025-11-20 13:24:39.002,223,46395
2025-11-20 13:24:39.002,223,46395
2025-11-20 13:24:39.002,223,46331
2025-11-20 13:24:39.003,223,46331
2025-11-20 13:24:40.001,222,47330
2025-11-20 13:24:40.001,222,47329
2025-11-20 13:24:40.002,222,47259
2025-11-20 13:24:40.002,222,47259
2025-11-20 13:24:40.002,222,47259
2025-11-20 13:24:40.002,222,47259
2025-11-20 13:24:40.003,222,46008
2025-11-20 13:24:40.003,222,46007
2025-11-20 13:24:41.000,222,47005
2025-11-20 13:24:41.000,222,47005
2025-11-20 13:24:41.001,222,46929
2025-11-20 13:24:41.001,222,46928
2025-11-20 13:24:41.001,222,46929
2025-11-20 13:24:41.001,222,46928
2025-11-20 13:24:41.001,222,46852
2025-11-20 13:24:41.002,222,46851
2025-11-20 13:24:42.000,222,47850
2025-11-20 13:24:42.001,222,47849
2025-11-20 13:24:42.001,222,47767
2025-11-20 13:24:42.001,222,47767
2025-11-20 13:24:42.001,222,47767
2025-11-20 13:24:42.002,222,47767
2025-11-20 13:24:42.002,222,46607
2025-11-20 13:24:42.002,222,46608
2025-11-20 13:24:43.000,202,47605
2025-11-20 13:24:43.000,202,47605
2025-11-20 13:24:43.001,202,47536
2025-11-20 13:24:43.001,202,47536
2025-11-20 13:24:43.001,202,47536
2025-11-20 13:24:43.001,202,47536
2025-11-20 13:24:43.002,202,47467
2025-11-20 13:24:43.002,202,47467
2025-11-20 13:24:44.000,202,48465
2025-11-20 13:24:44.000,202,48464
2025-11-20 13:24:44.001,202,48391
2025-11-20 13:24:44.001,202,48390
2025-11-20 13:24:44.001,202,48391
2025-11-20 13:24:44.002,202,48390
2025-11-20 13:24:44.002,202,47185
2025-11-20 13:24:44.002,202,47186
2025-11-20 13:24:45.001,192,48184
2025-11-20 13:24:45.001,192,48184
2025-11-20 13:24:45.021,192,48118
2025-11-20 13:24:45.024,192,48117
2025-11-20 13:24:45.074,192,48136
2025-11-20 13:24:45.089,192,48139
2025-11-20 13:24:45.089,192,46871
2025-11-20 13:24:45.090,192,46886
2025-11-20 13:24:46.000,188,47796
2025-11-20 13:24:46.000,188,47796
2025-11-20 13:24:46.001,188,46413
2025-11-20 13:24:46.001,188,46414
2025-11-20 13:24:46.001,188,46414
2025-11-20 13:24:46.001,188,46413
2025-11-20 13:24:46.002,188,46340
2025-11-20 13:24:46.002,188,46339
2025-11-20 13:24:47.000,188,47337
2025-11-20 13:24:47.001,188,47337
2025-11-20 13:24:47.002,188,46004
2025-11-20 13:24:47.002,188,46004
2025-11-20 13:24:47.002,188,46005
2025-11-20 13:24:47.003,188,46004
2025-11-20 13:24:47.003,188,45918
2025-11-20 13:24:47.004,188,45917
2025-11-20 13:24:48.001,182,46915
2025-11-20 13:24:48.001,182,46914
2025-11-20 13:24:48.001,182,45570
2025-11-20 13:24:48.002,182,45569
2025-11-20 13:24:48.002,182,45570
2025-11-20 13:24:48.002,182,45569
2025-11-20 13:24:48.002,182,45496
2025-11-20 13:24:48.003,182,45496
2025-11-20 13:24:49.002,172,46494
2025-11-20 13:24:49.002,172,46495
2025-11-20 13:24:49.002,172,45241
2025-11-20 13:24:49.002,172,45240
2025-11-20 13:24:49.003,172,45240
2025-11-20 13:24:49.003,172,45239
2025-11-20 13:24:49.003,172,45160
2025-11-20 13:24:49.003,172,45159
2025-11-20 13:24:50.001,172,46157
2025-11-20 13:24:50.001,172,46156
2025-11-20 13:24:50.002,172,46081
2025-11-20 13:24:50.002,172,46080
2025-11-20 13:24:50.002,172,46081
2025-11-20 13:24:50.002,172,46080
2025-11-20 13:24:50.003,172,46009
2025-11-20 13:24:50.003,172,46008
2025-11-20 13:24:51.000,164,47006
2025-11-20 13:24:51.001,164,47005
2025-11-20 13:24:51.001,164,46939
2025-11-20 13:24:51.001,164,46939
2025-11-20 13:24:51.001,164,46939
2025-11-20 13:24:51.002,164,46939
2025-11-20 13:24:51.002,164,45831
2025-11-20 13:24:51.003,164,45831
2025-11-20 13:24:52.001,162,46830
2025-11-20 13:24:52.001,162,46829
2025-11-20 13:24:52.001,162,46767
2025-11-20 13:24:52.002,162,46767
2025-11-20 13:24:52.002,162,46767
2025-11-20 13:24:52.002,162,46767
2025-11-20 13:24:52.002,162,45432
2025-11-20 13:24:52.003,162,45431
2025-11-20 13:24:53.001,153,46430
2025-11-20 13:24:53.001,153,46430
2025-11-20 13:24:53.001,153,45054
2025-11-20 13:24:53.001,153,45054
2025-11-20 13:24:53.002,153,45053
2025-11-20 13:24:53.002,153,45053
2025-11-20 13:24:53.002,153,44985
2025-11-20 13:24:53.003,153,44985
2025-11-20 13:24:54.000,153,45982
2025-11-20 13:24:54.001,153,45981
2025-11-20 13:24:54.002,153,44621
2025-11-20 13:24:54.002,153,44622
2025-11-20 13:24:54.003,153,44622
2025-11-20 13:24:54.004,153,44622
2025-11-20 13:24:54.004,153,44536
2025-11-20 13:24:54.006,153,44536
2025-11-20 13:24:55.001,146,45532
2025-11-20 13:24:55.001,146,45533
2025-11-20 13:24:55.001,146,44309
2025-11-20 13:24:55.001,146,44308
2025-11-20 13:24:55.001,146,44308
2025-11-20 13:24:55.002,146,44307
2025-11-20 13:24:55.002,146,44222
2025-11-20 13:24:55.002,146,44221
2025-11-20 13:24:56.001,133,45220
2025-11-20 13:24:56.001,133,45219
2025-11-20 13:24:56.001,133,45129
2025-11-20 13:24:56.002,133,45128
2025-11-20 13:24:56.002,133,45127
2025-11-20 13:24:56.002,133,45128
2025-11-20 13:24:56.003,133,43848
2025-11-20 13:24:56.003,133,43848
2025-11-20 13:24:57.000,133,44846
2025-11-20 13:24:57.001,133,44845
2025-11-20 13:24:57.001,133,44775
2025-11-20 13:24:57.001,133,44776
2025-11-20 13:24:57.001,133,44775
2025-11-20 13:24:57.002,133,44775
2025-11-20 13:24:57.002,133,43440
2025-11-20 13:24:57.002,133,43440
2025-11-20 13:24:58.000,130,44438
2025-11-20 13:24:58.001,130,44437
2025-11-20 13:24:58.001,130,44103
2025-11-20 13:24:58.001,130,44101
2025-11-20 13:24:58.001,130,44100
2025-11-20 13:24:58.002,130,44099
2025-11-20 13:24:58.002,130,43109
2025-11-20 13:24:58.003,130,43110
2025-11-20 13:24:59.000,128,44107
2025-11-20 13:24:59.001,128,44107
2025-11-20 13:24:59.001,128,44018
2025-11-20 13:24:59.001,128,44018
2025-11-20 13:24:59.001,128,44017
2025-11-20 13:24:59.002,128,44017
2025-11-20 13:24:59.002,128,42641
2025-11-20 13:24:59.002,128,42640
2025-11-20 13:25:00.001,119,43638
2025-11-20 13:25:00.001,119,43637
2025-11-20 13:25:00.003,119,43518
2025-11-20 13:25:00.003,119,43518
2025-11-20 13:25:00.004,119,43519
2025-11-20 13:25:00.005,119,43518
2025-11-20 13:25:00.005,119,42223
2025-11-20 13:25:00.005,119,42224
2025-11-20 13:25:01.001,119,43217
2025-11-20 13:25:01.002,119,43216
2025-11-20 13:25:01.002,119,41886
2025-11-20 13:25:01.002,119,41886
2025-11-20 13:25:01.003,119,41885
2025-11-20 13:25:01.003,119,41885
2025-11-20 13:25:01.004,119,39169
2025-11-20 13:25:01.004,119,39168
2025-11-20 13:25:02.000,116,40165
2025-11-20 13:25:02.000,116,40164
2025-11-20 13:25:02.001,116,38747
2025-11-20 13:25:02.001,116,38746
2025-11-20 13:25:02.001,116,38746
2025-11-20 13:25:02.002,116,38746
2025-11-20 13:25:02.002,116,37380
2025-11-20 13:25:02.002,116,37381
2025-11-20 13:25:03.000,111,38378
2025-11-20 13:25:03.001,111,38377
2025-11-20 13:25:03.001,111,36907
2025-11-20 13:25:03.001,111,36907
2025-11-20 13:25:03.001,111,36906
2025-11-20 13:25:03.002,111,36905
2025-11-20 13:25:03.002,111,35526
2025-11-20 13:25:03.002,111,35526
2025-11-20 13:25:04.001,112,36524
2025-11-20 13:25:04.001,112,36523
2025-11-20 13:25:04.001,112,36523
2025-11-20 13:25:04.002,112,33814
2025-11-20 13:25:04.002,112,33813
2025-11-20 13:25:04.002,112,33814
2025-11-20 13:25:04.002,112,33813
2025-11-20 13:25:04.003,112,33812
2025-11-20 13:25:05.001,112,32019
2025-11-20 13:25:05.001,112,32019
2025-11-20 13:25:05.001,112,32018
2025-11-20 13:25:05.001,112,32018
2025-11-20 13:25:05.002,112,32017
2025-11-20 13:25:05.002,112,30615
2025-11-20 13:25:05.002,112,30615
2025-11-20 13:25:05.002,112,30615
2025-11-20 13:25:06.001,107,31613
2025-11-20 13:25:06.001,107,31613
2025-11-20 13:25:06.002,107,30222
2025-11-20 13:25:06.002,107,30222
2025-11-20 13:25:06.002,107,30222
2025-11-20 13:25:06.002,107,30222
2025-11-20 13:25:06.003,107,30222
2025-11-20 13:25:06.003,107,27456
2025-11-20 13:25:07.000,107,28453
2025-11-20 13:25:07.000,107,28452
2025-11-20 13:25:07.001,107,28451
2025-11-20 13:25:07.001,107,28450
2025-11-20 13:25:07.001,107,27011
2025-11-20 13:25:07.001,107,27010
2025-11-20 13:25:07.002,107,27008
2025-11-20 13:25:07.002,107,27008
2025-11-20 13:25:08.000,92,28006
2025-11-20 13:25:08.000,92,28005
2025-11-20 13:25:08.001,92,23883
2025-11-20 13:25:08.001,92,23882
2025-11-20 13:25:08.001,92,23882
2025-11-20 13:25:08.001,92,23881
2025-11-20 13:25:08.002,92,23880
2025-11-20 13:25:08.002,92,23880
2025-11-20 13:25:09.000,92,23424
2025-11-20 13:25:09.001,92,23423
2025-11-20 13:25:09.001,92,23422
2025-11-20 13:25:09.001,92,23421
2025-11-20 13:25:09.001,92,23420
2025-11-20 13:25:09.002,92,23415
2025-11-20 13:25:09.002,92,20698
2025-11-20 13:25:09.002,92,20699
2025-11-20 13:25:10.001,105,21697
2025-11-20 13:25:10.001,105,21697
2025-11-20 13:25:10.002,105,21696
2025-11-20 13:25:10.002,105,21696
2025-11-20 13:25:10.002,105,18928
2025-11-20 13:25:10.003,105,18927
2025-11-20 13:25:10.003,105,18926
2025-11-20 13:25:10.003,105,18926
2025-11-20 13:25:11.000,104,19922
2025-11-20 13:25:11.001,104,19921
2025-11-20 13:25:11.001,104,19921
2025-11-20 13:25:11.001,104,18519
2025-11-20 13:25:11.001,104,18518
2025-11-20 13:25:11.001,104,18518
2025-11-20 13:25:11.002,104,18517
2025-11-20 13:25:11.002,104,18518
2025-11-20 13:25:12.000,85,19515
2025-11-20 13:25:12.000,85,19515
2025-11-20 13:25:12.001,85,16741
2025-11-20 13:25:12.001,85,16740
2025-11-20 13:25:12.001,85,16741
2025-11-20 13:25:12.001,85,16740
2025-11-20 13:25:12.002,85,16740
2025-11-20 13:25:12.002,85,16740
2025-11-20 13:25:13.000,85,17739
2025-11-20 13:25:13.000,85,17739
2025-11-20 13:25:13.000,85,14957
2025-11-20 13:25:13.001,85,14956
2025-11-20 13:25:13.001,85,14955
2025-11-20 13:25:13.001,85,14955
2025-11-20 13:25:13.001,85,14954
2025-11-20 13:25:13.002,85,14954
2025-11-20 13:25:14.001,80,15953
2025-11-20 13:25:14.001,80,15953
2025-11-20 13:25:14.002,80,15953
2025-11-20 13:25:14.002,80,14480
2025-11-20 13:25:14.002,80,14477
2025-11-20 13:25:14.002,80,14473
2025-11-20 13:25:14.003,80,14472
2025-11-20 13:25:14.003,80,14469
2025-11-20 13:25:15.000,84,15464
2025-11-20 13:25:15.001,84,15463
2025-11-20 13:25:15.001,84,15460
2025-11-20 13:25:15.001,84,15454
2025-11-20 13:25:15.001,84,12780
2025-11-20 13:25:15.002,84,12779
2025-11-20 13:25:15.002,84,12779
2025-11-20 13:25:15.002,84,12778
2025-11-20 13:25:16.001,84,13775
2025-11-20 13:25:16.001,84,13774
2025-11-20 13:25:16.001,84,13774
2025-11-20 13:25:16.002,84,13774
2025-11-20 13:25:16.002,84,13775
2025-11-20 13:25:16.002,84,13775
2025-11-20 13:25:16.002,84,12346
2025-11-20 13:25:16.002,84,12346
2025-11-20 13:25:17.001,99,13344
2025-11-20 13:25:17.002,99,13343
2025-11-20 13:25:17.002,99,13343
2025-11-20 13:25:17.002,99,13343
2025-11-20 13:25:17.003,99,13343
2025-11-20 13:25:17.003,99,13342
2025-11-20 13:25:17.003,99,13343
2025-11-20 13:25:17.004,99,13343
2025-11-20 13:25:18.001,87,12954
2025-11-20 13:25:18.001,87,12953
2025-11-20 13:25:18.001,87,12952
2025-11-20 13:25:18.002,87,12952
2025-11-20 13:25:18.002,87,12952
2025-11-20 13:25:18.002,87,12952
2025-11-20 13:25:18.002,87,12952
2025-11-20 13:25:18.002,87,12952
2025-11-20 13:25:19.001,116,13951
2025-11-20 13:25:19.002,116,13951
2025-11-20 13:25:19.002,116,11193
2025-11-20 13:25:19.002,116,11190
2025-11-20 13:25:19.003,116,11188
2025-11-20 13:25:19.003,116,11187
2025-11-20 13:25:19.003,116,11188
2025-11-20 13:25:19.004,116,11188
2025-11-20 13:25:20.001,116,12185
2025-11-20 13:25:20.002,116,12185
2025-11-20 13:25:20.002,116,12185
2025-11-20 13:25:20.004,116,12186
2025-11-20 13:25:20.005,116,12187
2025-11-20 13:25:20.006,116,10786
2025-11-20 13:25:20.011,116,10787
2025-11-20 13:25:20.011,116,10787
2025-11-20 13:25:21.001,129,11782
2025-11-20 13:25:21.001,129,11781
2025-11-20 13:25:21.001,129,11781
2025-11-20 13:25:21.002,129,11781
2025-11-20 13:25:21.002,129,11781
2025-11-20 13:25:21.002,129,11782
2025-11-20 13:25:21.002,129,11782
2025-11-20 13:25:21.003,129,11781
2025-11-20 13:25:22.001,129,10007
2025-11-20 13:25:22.001,129,10006
2025-11-20 13:25:22.002,129,10006
2025-11-20 13:25:22.002,129,10005
2025-11-20 13:25:22.003,129,10004
2025-11-20 13:25:22.003,129,10003
2025-11-20 13:25:22.003,129,10004
2025-11-20 13:25:22.003,129,10004
2025-11-20 13:25:23.001,129,11002
2025-11-20 13:25:23.002,129,11002
2025-11-20 13:25:23.002,129,11002
2025-11-20 13:25:23.002,129,11002
2025-11-20 13:25:23.002,129,9586
2025-11-20 13:25:23.002,129,9585
2025-11-20 13:25:23.003,129,9585
2025-11-20 13:25:23.003,129,9585
2025-11-20 13:25:23.998,133,10580
2025-11-20 13:25:23.999,133,10580
2025-11-20 13:25:23.999,133,10579
2025-11-20 13:25:23.999,133,10579
2025-11-20 13:25:23.999,133,10579
2025-11-20 13:25:23.999,133,10579
2025-11-20 13:25:24.000,133,10579
2025-11-20 13:25:24.000,133,10580
2025-11-20 13:25:25.000,125,11580
2025-11-20 13:25:25.000,125,10213
2025-11-20 13:25:25.001,125,10212
2025-11-20 13:25:25.001,125,10212
2025-11-20 13:25:25.001,125,10212
2025-11-20 13:25:25.001,125,10212
2025-11-20 13:25:25.002,125,10210
2025-11-20 13:25:25.002,125,10210
2025-11-20 13:25:26.001,125,11210
2025-11-20 13:25:26.001,125,11210
2025-11-20 13:25:26.001,125,11210
2025-11-20 13:25:26.002,125,11210
2025-11-20 13:25:26.002,125,11208
2025-11-20 13:25:26.002,125,11209
2025-11-20 13:25:26.002,125,11095
2025-11-20 13:25:26.003,125,11094
2025-11-20 13:25:27.001,139,12092
2025-11-20 13:25:27.001,139,12090
2025-11-20 13:25:27.001,139,12090
2025-11-20 13:25:27.001,139,12089
2025-11-20 13:25:27.002,139,12089
2025-11-20 13:25:27.002,139,12090
2025-11-20 13:25:27.002,139,12090
2025-11-20 13:25:27.003,139,12090
2025-11-20 13:25:28.001,137,13089
2025-11-20 13:25:28.001,137,13089
2025-11-20 13:25:28.001,137,13089
2025-11-20 13:25:28.002,137,10470
2025-11-20 13:25:28.002,137,10470
2025-11-20 13:25:28.002,137,10470
2025-11-20 13:25:28.003,137,10469
2025-11-20 13:25:28.003,137,10468
2025-11-20 13:25:29.000,132,11466
2025-11-20 13:25:29.001,132,11466
2025-11-20 13:25:29.001,132,11466
2025-11-20 13:25:29.001,132,11467
2025-11-20 13:25:29.001,132,11467
2025-11-20 13:25:29.002,132,11467
2025-11-20 13:25:29.002,132,11468
2025-11-20 13:25:29.002,132,11467
2025-11-20 13:25:30.001,132,12383
2025-11-20 13:25:30.001,132,12383
2025-11-20 13:25:30.002,132,12382
2025-11-20 13:25:30.002,132,12381
2025-11-20 13:25:30.002,132,12382
2025-11-20 13:25:30.002,132,12381
2025-11-20 13:25:30.002,132,12381
2025-11-20 13:25:30.003,132,12379
2025-11-20 13:25:31.000,140,13377
2025-11-20 13:25:31.000,140,13377
2025-11-20 13:25:31.001,140,13377
2025-11-20 13:25:31.003,140,13378
2025-11-20 13:25:31.004,140,13379
2025-11-20 13:25:31.005,140,13298
2025-11-20 13:25:31.006,140,13298
2025-11-20 13:25:31.009,140,13300
2025-11-20 13:25:32.001,136,14294
2025-11-20 13:25:32.001,136,14294
2025-11-20 13:25:32.002,136,14294
2025-11-20 13:25:32.002,136,14294
2025-11-20 13:25:32.002,136,14295
2025-11-20 13:25:32.002,136,14295
2025-11-20 13:25:32.003,136,14294
2025-11-20 13:25:32.003,136,14294
2025-11-20 13:25:33.000,144,15292
2025-11-20 13:25:33.001,144,15292
2025-11-20 13:25:33.001,144,14021
2025-11-20 13:25:33.001,144,14021
2025-11-20 13:25:33.001,144,14021
2025-11-20 13:25:33.002,144,14020
2025-11-20 13:25:33.002,144,14018
2025-11-20 13:25:33.002,144,14017
2025-11-20 13:25:34.001,144,15016
2025-11-20 13:25:34.001,144,15016
2025-11-20 13:25:34.001,144,15016
2025-11-20 13:25:34.001,144,15016
2025-11-20 13:25:34.002,144,15016
2025-11-20 13:25:34.002,144,15017
2025-11-20 13:25:34.002,144,15017
2025-11-20 13:25:34.002,144,14905
2025-11-20 13:25:35.001,157,15903
2025-11-20 13:25:35.001,157,15903
2025-11-20 13:25:35.002,157,15902
2025-11-20 13:25:35.002,157,15901
2025-11-20 13:25:35.002,157,15902
2025-11-20 13:25:35.002,157,15902
2025-11-20 13:25:35.003,157,15902
2025-11-20 13:25:35.003,157,15902
2025-11-20 13:25:36.000,157,16900
2025-11-20 13:25:36.001,157,16899
2025-11-20 13:25:36.001,157,16899
2025-11-20 13:25:36.001,157,16900
2025-11-20 13:25:36.001,157,15641
2025-11-20 13:25:36.002,157,15641
2025-11-20 13:25:36.002,157,15640
2025-11-20 13:25:36.002,157,15641
2025-11-20 13:25:37.001,142,16638
2025-11-20 13:25:37.001,142,16638
2025-11-20 13:25:37.001,142,16638
2025-11-20 13:25:37.002,142,16638
2025-11-20 13:25:37.002,142,16638
2025-11-20 13:25:37.002,142,16639
2025-11-20 13:25:37.003,142,16639
2025-11-20 13:25:37.003,142,16639
2025-11-20 13:25:38.000,137,17637
2025-11-20 13:25:38.000,137,14880
2025-11-20 13:25:38.000,137,14879
2025-11-20 13:25:38.000,137,14879
2025-11-20 13:25:38.001,137,14878
2025-11-20 13:25:38.001,137,14878
2025-11-20 13:25:38.001,137,14879
2025-11-20 13:25:38.001,137,14879
2025-11-20 13:25:39.001,137,15879
2025-11-20 13:25:39.001,137,15879
2025-11-20 13:25:39.002,137,15879
2025-11-20 13:25:39.002,137,15878
2025-11-20 13:25:39.002,137,15879
2025-11-20 13:25:39.002,137,15879
2025-11-20 13:25:39.003,137,15879
2025-11-20 13:25:39.003,137,14503
2025-11-20 13:25:40.001,130,15501
2025-11-20 13:25:40.001,130,15501
2025-11-20 13:25:40.001,130,15501
2025-11-20 13:25:40.001,130,15500
2025-11-20 13:25:40.002,130,15499
2025-11-20 13:25:40.002,130,15498
2025-11-20 13:25:40.002,130,15499
2025-11-20 13:25:40.002,130,15498
2025-11-20 13:25:41.000,130,16496
2025-11-20 13:25:41.001,130,16495
2025-11-20 13:25:41.001,130,16495
2025-11-20 13:25:41.001,130,16496
2025-11-20 13:25:41.001,130,16496
2025-11-20 13:25:41.002,130,16411
2025-11-20 13:25:41.002,130,16412
2025-11-20 13:25:41.002,130,16411
2025-11-20 13:25:42.001,141,17409
2025-11-20 13:25:42.001,141,17408
2025-11-20 13:25:42.001,141,17408
2025-11-20 13:25:42.002,141,17407
2025-11-20 13:25:42.002,141,17407
2025-11-20 13:25:42.002,141,17407
2025-11-20 13:25:42.002,141,17407
2025-11-20 13:25:42.003,141,17407
2025-11-20 13:25:43.001,132,18406
2025-11-20 13:25:43.002,132,18406
2025-11-20 13:25:43.002,132,18406
2025-11-20 13:25:43.002,132,15721
2025-11-20 13:25:43.003,132,15720
2025-11-20 13:25:43.003,132,15720
2025-11-20 13:25:43.003,132,15720
2025-11-20 13:25:43.004,132,15720
2025-11-20 13:25:44.001,132,16717
2025-11-20 13:25:44.001,132,16717
2025-11-20 13:25:44.001,132,16717
2025-11-20 13:25:44.002,132,16717
2025-11-20 13:25:44.003,132,16717
2025-11-20 13:25:44.003,132,16718
2025-11-20 13:25:44.003,132,16719
2025-11-20 13:25:44.004,132,16719
2025-11-20 13:25:45.001,133,17716
2025-11-20 13:25:45.002,133,16294
2025-11-20 13:25:45.002,133,16293
2025-11-20 13:25:45.002,133,16294
2025-11-20 13:25:45.003,133,16293
2025-11-20 13:25:45.003,133,16292
2025-11-20 13:25:45.004,133,16292
2025-11-20 13:25:45.004,133,16292
2025-11-20 13:25:46.000,131,17288
2025-11-20 13:25:46.000,131,17288
2025-11-20 13:25:46.001,131,17287
2025-11-20 13:25:46.001,131,17287
2025-11-20 13:25:46.001,131,17288
2025-11-20 13:25:46.002,131,17288
2025-11-20 13:25:46.002,131,17288
2025-11-20 13:25:46.003,131,15902
2025-11-20 13:25:47.000,127,16899
2025-11-20 13:25:47.001,127,16899
2025-11-20 13:25:47.001,127,16898
2025-11-20 13:25:47.001,127,16899
2025-11-20 13:25:47.002,127,16898
2025-11-20 13:25:47.002,127,16899
2025-11-20 13:25:47.002,127,16899
2025-11-20 13:25:47.003,127,16899
2025-11-20 13:25:48.001,127,17898
2025-11-20 13:25:48.002,127,17898
2025-11-20 13:25:48.002,127,17898
2025-11-20 13:25:48.002,127,17895
2025-11-20 13:25:48.002,127,17895
2025-11-20 13:25:48.002,127,16531
2025-11-20 13:25:48.003,127,16530
2025-11-20 13:25:48.003,127,16529
2025-11-20 13:25:49.001,140,17525
2025-11-20 13:25:49.001,140,17525
2025-11-20 13:25:49.001,140,17525
2025-11-20 13:25:49.001,140,17525
2025-11-20 13:25:49.002,140,17525
2025-11-20 13:25:49.002,140,17523
2025-11-20 13:25:49.002,140,17524
2025-11-20 13:25:49.002,140,17524
2025-11-20 13:25:50.000,130,18522
2025-11-20 13:25:50.001,130,18522
2025-11-20 13:25:50.001,130,18520
2025-11-20 13:25:50.001,130,17139
2025-11-20 13:25:50.001,130,17138
2025-11-20 13:25:50.002,130,17138
2025-11-20 13:25:50.002,130,17137
2025-11-20 13:25:50.002,130,17138
2025-11-20 13:25:51.001,136,18136
2025-11-20 13:25:51.001,136,18136
2025-11-20 13:25:51.001,136,18135
2025-11-20 13:25:51.002,136,18135
2025-11-20 13:25:51.002,136,18134
2025-11-20 13:25:51.002,136,18134
2025-11-20 13:25:51.002,136,18134
2025-11-20 13:25:51.003,136,18133
2025-11-20 13:25:52.001,136,19132
2025-11-20 13:25:52.002,136,17720
2025-11-20 13:25:52.002,136,17719
2025-11-20 13:25:52.002,136,17719
2025-11-20 13:25:52.002,136,17719
2025-11-20 13:25:52.003,136,17718
2025-11-20 13:25:52.003,136,17719
2025-11-20 13:25:52.003,136,17718
2025-11-20 13:25:53.001,136,18716
2025-11-20 13:25:53.002,136,18716
2025-11-20 13:25:53.002,136,18716
2025-11-20 13:25:53.003,136,18717
2025-11-20 13:25:53.003,136,18717
2025-11-20 13:25:53.003,136,18718
2025-11-20 13:25:53.003,136,15918
2025-11-20 13:25:53.003,136,15917
2025-11-20 13:25:54.000,141,16911
2025-11-20 13:25:54.001,141,16908
2025-11-20 13:25:54.001,141,16905
2025-11-20 13:25:54.001,141,16905
2025-11-20 13:25:54.001,141,16904
2025-11-20 13:25:54.002,141,16903
2025-11-20 13:25:54.002,141,16903
2025-11-20 13:25:54.002,141,16904
2025-11-20 13:25:55.000,141,17902
2025-11-20 13:25:55.001,141,17902
2025-11-20 13:25:55.001,141,17901
2025-11-20 13:25:55.002,141,15187
2025-11-20 13:25:55.002,141,15186
2025-11-20 13:25:55.003,141,15186
2025-11-20 13:25:55.003,141,15186
2025-11-20 13:25:55.003,141,15186
2025-11-20 13:25:56.000,151,16182
2025-11-20 13:25:56.001,151,16182
2025-11-20 13:25:56.001,151,16181
2025-11-20 13:25:56.001,151,16181
2025-11-20 13:25:56.001,151,16181
2025-11-20 13:25:56.001,151,16181
2025-11-20 13:25:56.002,151,16181
2025-11-20 13:25:56.002,151,16181
2025-11-20 13:25:57.000,151,17180
2025-11-20 13:25:57.001,151,15785
2025-11-20 13:25:57.001,151,15784
2025-11-20 13:25:57.001,151,15785
2025-11-20 13:25:57.001,151,15784
2025-11-20 13:25:57.002,151,15784
2025-11-20 13:25:57.002,151,15783
2025-11-20 13:25:57.002,151,15784
2025-11-20 13:25:58.001,143,16783
2025-11-20 13:25:58.001,143,16783
2025-11-20 13:25:58.001,143,16783
2025-11-20 13:25:58.002,143,16783
2025-11-20 13:25:58.002,143,16782
2025-11-20 13:25:58.002,143,16782
2025-11-20 13:25:58.002,143,16781
2025-11-20 13:25:58.002,143,15350
2025-11-20 13:25:59.001,143,16343
2025-11-20 13:25:59.001,143,16342
2025-11-20 13:25:59.001,143,16341
2025-11-20 13:25:59.002,143,16340
2025-11-20 13:25:59.002,143,16341
2025-11-20 13:25:59.002,143,16340
2025-11-20 13:25:59.003,143,16339
2025-11-20 13:25:59.003,143,16339
2025-11-20 13:26:00.001,138,17338
2025-11-20 13:26:00.001,138,17338
2025-11-20 13:26:00.001,138,17338
2025-11-20 13:26:00.002,138,17338
2025-11-20 13:26:00.002,138,17337
2025-11-20 13:26:00.002,138,14617
2025-11-20 13:26:00.003,138,14616
2025-11-20 13:26:00.003,138,14616
2025-11-20 13:26:01.001,135,15614
2025-11-20 13:26:01.001,135,15614
2025-11-20 13:26:01.001,135,15614
2025-11-20 13:26:01.001,135,15614
2025-11-20 13:26:01.001,135,15614
2025-11-20 13:26:01.002,135,15614
2025-11-20 13:26:01.002,135,15614
2025-11-20 13:26:01.002,135,15615
2025-11-20 13:26:02.000,135,16612
2025-11-20 13:26:02.001,135,16612
2025-11-20 13:26:02.001,135,16611
2025-11-20 13:26:02.001,135,15217
2025-11-20 13:26:02.002,135,15216
2025-11-20 13:26:02.002,135,15216
2025-11-20 13:26:02.002,135,15217
2025-11-20 13:26:02.002,135,15216
2025-11-20 13:26:03.000,160,16214
2025-11-20 13:26:03.001,160,16213
2025-11-20 13:26:03.001,160,16213
2025-11-20 13:26:03.001,160,16214
2025-11-20 13:26:03.001,160,16214
2025-11-20 13:26:03.001,160,16214
2025-11-20 13:26:03.002,160,16214
2025-11-20 13:26:03.002,160,16214
2025-11-20 13:26:04.000,173,17213
2025-11-20 13:26:04.001,173,15822
2025-11-20 13:26:04.001,173,15821
2025-11-20 13:26:04.001,173,15822
2025-11-20 13:26:04.001,173,15822
2025-11-20 13:26:04.002,173,15821
2025-11-20 13:26:04.002,173,15821
2025-11-20 13:26:04.002,173,15821
2025-11-20 13:26:05.000,181,16818
2025-11-20 13:26:05.001,181,16818
2025-11-20 13:26:05.001,181,16817
2025-11-20 13:26:05.001,181,16818
2025-11-20 13:26:05.001,181,16818
2025-11-20 13:26:05.002,181,16818
2025-11-20 13:26:05.002,181,16818
2025-11-20 13:26:05.002,181,15411
2025-11-20 13:26:06.001,181,16409
2025-11-20 13:26:06.001,181,16409
2025-11-20 13:26:06.002,181,16406
2025-11-20 13:26:06.002,181,16406
2025-11-20 13:26:06.002,181,16406
2025-11-20 13:26:06.003,181,16406
2025-11-20 13:26:06.003,181,16406
2025-11-20 13:26:06.003,181,16407
2025-11-20 13:26:07.001,206,17405
2025-11-20 13:26:07.001,206,17405
2025-11-20 13:26:07.001,206,17405
2025-11-20 13:26:07.001,206,17405
2025-11-20 13:26:07.003,206,17404
2025-11-20 13:26:07.003,206,16006
2025-11-20 13:26:07.004,206,16007
2025-11-20 13:26:07.004,206,16008
2025-11-20 13:26:08.000,208,17003
2025-11-20 13:26:08.000,208,17003
2025-11-20 13:26:08.001,208,17003
2025-11-20 13:26:08.001,208,17003
2025-11-20 13:26:08.001,208,17004
2025-11-20 13:26:08.002,208,17004
2025-11-20 13:26:08.002,208,17004
2025-11-20 13:26:08.002,208,17004
2025-11-20 13:26:09.001,208,18003
2025-11-20 13:26:09.001,208,18003
2025-11-20 13:26:09.001,208,18002
2025-11-20 13:26:09.002,208,16589
2025-11-20 13:26:09.002,208,16588
2025-11-20 13:26:09.002,208,16589
2025-11-20 13:26:09.002,208,16588
2025-11-20 13:26:09.003,208,16588
2025-11-20 13:26:10.001,232,17586
2025-11-20 13:26:10.001,232,17586
2025-11-20 13:26:10.001,232,17585
2025-11-20 13:26:10.001,232,17585
2025-11-20 13:26:10.002,232,17585
2025-11-20 13:26:10.002,232,17585
2025-11-20 13:26:10.002,232,17586
2025-11-20 13:26:10.002,232,17586
2025-11-20 13:26:11.001,222,17220
2025-11-20 13:26:11.001,222,17219
2025-11-20 13:26:11.001,222,17219
2025-11-20 13:26:11.001,222,17219
2025-11-20 13:26:11.002,222,17218
2025-11-20 13:26:11.002,222,17218
2025-11-20 13:26:11.002,222,17218
2025-11-20 13:26:11.002,222,17218
2025-11-20 13:26:12.001,225,18217
2025-11-20 13:26:12.001,225,18217
2025-11-20 13:26:12.002,225,18217
2025-11-20 13:26:12.002,225,18217
2025-11-20 13:26:12.002,225,18218
2025-11-20 13:26:12.002,225,16778
2025-11-20 13:26:12.003,225,16777
2025-11-20 13:26:12.003,225,16777
2025-11-20 13:26:13.000,225,17773
2025-11-20 13:26:13.001,225,17772
2025-11-20 13:26:13.001,225,17771
2025-11-20 13:26:13.002,225,17772
2025-11-20 13:26:13.002,225,17772
2025-11-20 13:26:13.002,225,17773
2025-11-20 13:26:13.002,225,17773
2025-11-20 13:26:13.003,225,17772
2025-11-20 13:26:14.000,235,18770
2025-11-20 13:26:14.000,235,18770
2025-11-20 13:26:14.001,235,16066
2025-11-20 13:26:14.001,235,16065
2025-11-20 13:26:14.001,235,16066
2025-11-20 13:26:14.001,235,16066
2025-11-20 13:26:14.001,235,16065
2025-11-20 13:26:14.002,235,16064
2025-11-20 13:26:15.001,223,17064
2025-11-20 13:26:15.018,223,17063
2025-11-20 13:26:15.019,223,17063
2025-11-20 13:26:15.032,223,17080
2025-11-20 13:26:15.032,223,17081
2025-11-20 13:26:15.033,223,17094
2025-11-20 13:26:15.033,223,17094
2025-11-20 13:26:15.033,223,15606
2025-11-20 13:26:16.001,223,16571
2025-11-20 13:26:16.001,223,16568
2025-11-20 13:26:16.002,223,16567
2025-11-20 13:26:16.002,223,16567
2025-11-20 13:26:16.002,223,16568
2025-11-20 13:26:16.002,223,16568
2025-11-20 13:26:16.003,223,16568
2025-11-20 13:26:16.003,223,16568
2025-11-20 13:26:17.000,222,17565
2025-11-20 13:26:17.000,222,17565
2025-11-20 13:26:17.001,222,17565
2025-11-20 13:26:17.001,222,17564
2025-11-20 13:26:17.001,222,16235
2025-11-20 13:26:17.001,222,16235
2025-11-20 13:26:17.001,222,16234
2025-11-20 13:26:17.002,222,16234
2025-11-20 13:26:18.001,209,17234
2025-11-20 13:26:18.001,209,17233
2025-11-20 13:26:18.005,209,17232
2025-11-20 13:26:18.006,209,17232
2025-11-20 13:26:18.006,209,17236
2025-11-20 13:26:18.006,209,17236
2025-11-20 13:26:18.007,209,17236
2025-11-20 13:26:18.007,209,17236
2025-11-20 13:26:19.001,212,18231
2025-11-20 13:26:19.001,212,18161
2025-11-20 13:26:19.001,212,18161
2025-11-20 13:26:19.002,212,18160
2025-11-20 13:26:19.002,212,18159
2025-11-20 13:26:19.002,212,18160
2025-11-20 13:26:19.003,212,18159
2025-11-20 13:26:19.003,212,18158
2025-11-20 13:26:20.001,212,19157
2025-11-20 13:26:20.001,212,19157
2025-11-20 13:26:20.002,212,19157
2025-11-20 13:26:20.002,212,19157
2025-11-20 13:26:20.003,212,19158
2025-11-20 13:26:20.003,212,19158
2025-11-20 13:26:20.003,212,17875
2025-11-20 13:26:20.003,212,17874
2025-11-20 13:26:21.001,222,18871
2025-11-20 13:26:21.001,222,18870
2025-11-20 13:26:21.001,222,18870
2025-11-20 13:26:21.002,222,18869
2025-11-20 13:26:21.002,222,18868
2025-11-20 13:26:21.002,222,18869
2025-11-20 13:26:21.002,222,18868
2025-11-20 13:26:21.003,222,18868
2025-11-20 13:26:22.001,211,19867
2025-11-20 13:26:22.002,211,19867
2025-11-20 13:26:22.002,211,19867
2025-11-20 13:26:22.002,211,19766
2025-11-20 13:26:22.002,211,19765
2025-11-20 13:26:22.003,211,19765
2025-11-20 13:26:22.003,211,19764
2025-11-20 13:26:22.003,211,19765
2025-11-20 13:26:23.001,211,20762
2025-11-20 13:26:23.001,211,20761
2025-11-20 13:26:23.002,211,20761
2025-11-20 13:26:23.002,211,20761
2025-11-20 13:26:23.002,211,20762
2025-11-20 13:26:23.002,211,20762
2025-11-20 13:26:23.003,211,20762
2025-11-20 13:26:23.003,211,20763
2025-11-20 13:26:23.999,209,20491
2025-11-20 13:26:23.999,209,20490
2025-11-20 13:26:23.999,209,20490
2025-11-20 13:26:24.000,209,20489
2025-11-20 13:26:24.000,209,20489
2025-11-20 13:26:24.000,209,20490
2025-11-20 13:26:24.000,209,20490
2025-11-20 13:26:24.001,209,20490
2025-11-20 13:26:25.000,206,21490
2025-11-20 13:26:25.001,206,21490
2025-11-20 13:26:25.001,206,21489
2025-11-20 13:26:25.001,206,21490
2025-11-20 13:26:25.001,206,21490
2025-11-20 13:26:25.001,206,21416
2025-11-20 13:26:25.002,206,21415
2025-11-20 13:26:25.002,206,21415
2025-11-20 13:26:26.001,206,22415
2025-11-20 13:26:26.001,206,22415
2025-11-20 13:26:26.001,206,22415
2025-11-20 13:26:26.001,206,22415
2025-11-20 13:26:26.002,206,22415
2025-11-20 13:26:26.002,206,22414
2025-11-20 13:26:26.002,206,22415
2025-11-20 13:26:26.002,206,22415
2025-11-20 13:26:27.001,202,23414
2025-11-20 13:26:27.001,202,23414
2025-11-20 13:26:27.002,202,22112
2025-11-20 13:26:27.002,202,22112
2025-11-20 13:26:27.002,202,22112
2025-11-20 13:26:27.002,202,22111
2025-11-20 13:26:27.002,202,22110
2025-11-20 13:26:27.003,202,22108
2025-11-20 13:26:28.000,200,23105
2025-11-20 13:26:28.000,200,23104
2025-11-20 13:26:28.000,200,23104
2025-11-20 13:26:28.001,200,23104
2025-11-20 13:26:28.001,200,23104
2025-11-20 13:26:28.001,200,23105
2025-11-20 13:26:28.001,200,23105
2025-11-20 13:26:28.001,200,23022
2025-11-20 13:26:29.001,192,24021
2025-11-20 13:26:29.001,192,24020
2025-11-20 13:26:29.001,192,24019
2025-11-20 13:26:29.002,192,24019
2025-11-20 13:26:29.002,192,24019
2025-11-20 13:26:29.002,192,24018
2025-11-20 13:26:29.002,192,24017
2025-11-20 13:26:29.003,192,24017
2025-11-20 13:26:30.000,192,25015
2025-11-20 13:26:30.001,192,25015
2025-11-20 13:26:30.001,192,25015
2025-11-20 13:26:30.001,192,25016
2025-11-20 13:26:30.002,192,24915
2025-11-20 13:26:30.003,192,24914
2025-11-20 13:26:30.003,192,24915
2025-11-20 13:26:30.004,192,24916
2025-11-20 13:26:31.001,191,25913
2025-11-20 13:26:31.001,191,25913
2025-11-20 13:26:31.001,191,25913
2025-11-20 13:26:31.001,191,25913
2025-11-20 13:26:31.002,191,25913
2025-11-20 13:26:31.002,191,25914
2025-11-20 13:26:31.002,191,25914
2025-11-20 13:26:31.002,191,25913
2025-11-20 13:26:32.001,186,26912
2025-11-20 13:26:32.001,186,25652
2025-11-20 13:26:32.002,186,25651
2025-11-20 13:26:32.002,186,25651
2025-11-20 13:26:32.002,186,25651
2025-11-20 13:26:32.002,186,25650
2025-11-20 13:26:32.003,186,25649
2025-11-20 13:26:32.003,186,25649
2025-11-20 13:26:33.000,186,26647
2025-11-20 13:26:33.001,186,26647
2025-11-20 13:26:33.001,186,26647
2025-11-20 13:26:33.001,186,26648
2025-11-20 13:26:33.002,186,26648
2025-11-20 13:26:33.002,186,26648
2025-11-20 13:26:33.002,186,25310
2025-11-20 13:26:33.002,186,25308
2025-11-20 13:26:34.001,183,26306
2025-11-20 13:26:34.002,183,26305
2025-11-20 13:26:34.002,183,26304
2025-11-20 13:26:34.002,183,26303
2025-11-20 13:26:34.002,183,26303
2025-11-20 13:26:34.002,183,26303
2025-11-20 13:26:34.003,183,26303
2025-11-20 13:26:34.003,183,26303
2025-11-20 13:26:35.001,181,27302
2025-11-20 13:26:35.001,181,27301
2025-11-20 13:26:35.002,181,27206
2025-11-20 13:26:35.002,181,27205
2025-11-20 13:26:35.002,181,27206
2025-11-20 13:26:35.002,181,27205
2025-11-20 13:26:35.003,181,27204
2025-11-20 13:26:35.003,181,27203
2025-11-20 13:26:36.001,177,28202
2025-11-20 13:26:36.001,177,28202
2025-11-20 13:26:36.001,177,28202
2025-11-20 13:26:36.002,177,28202
2025-11-20 13:26:36.002,177,28201
2025-11-20 13:26:36.002,177,28202
2025-11-20 13:26:36.002,177,26927
2025-11-20 13:26:36.002,177,26926
2025-11-20 13:26:37.001,172,27924
2025-11-20 13:26:37.001,172,27923
2025-11-20 13:26:37.002,172,27922
2025-11-20 13:26:37.002,172,27921
2025-11-20 13:26:37.002,172,27922
2025-11-20 13:26:37.002,172,27922
2025-11-20 13:26:37.003,172,27922
2025-11-20 13:26:37.003,172,27922
2025-11-20 13:26:38.000,172,28920
2025-11-20 13:26:38.001,172,28919
2025-11-20 13:26:38.001,172,27541
2025-11-20 13:26:38.001,172,27541
2025-11-20 13:26:38.002,172,27540
2025-11-20 13:26:38.002,172,27540
2025-11-20 13:26:38.002,172,27540
2025-11-20 13:26:38.002,172,27540
2025-11-20 13:26:39.001,175,28538
2025-11-20 13:26:39.002,175,28538
2025-11-20 13:26:39.002,175,28538
2025-11-20 13:26:39.002,175,28539
2025-11-20 13:26:39.003,175,28539
2025-11-20 13:26:39.003,175,27122
2025-11-20 13:26:39.003,175,27122
2025-11-20 13:26:39.003,175,27122
2025-11-20 13:26:40.000,175,28118
2025-11-20 13:26:40.001,175,28118
2025-11-20 13:26:40.001,175,28117
2025-11-20 13:26:40.001,175,28117
2025-11-20 13:26:40.001,175,28117
2025-11-20 13:26:40.001,175,28116
2025-11-20 13:26:40.002,175,28116
2025-11-20 13:26:40.002,175,28116
2025-11-20 13:26:41.001,163,29049
2025-11-20 13:26:41.001,163,29049
2025-11-20 13:26:41.001,163,29048
2025-11-20 13:26:41.001,163,29048
2025-11-20 13:26:41.002,163,29047
2025-11-20 13:26:41.002,163,29047
2025-11-20 13:26:41.002,163,29047
2025-11-20 13:26:41.003,163,29047
2025-11-20 13:26:42.001,157,30046
2025-11-20 13:26:42.001,157,30045
2025-11-20 13:26:42.002,157,30045
2025-11-20 13:26:42.002,157,27332
2025-11-20 13:26:42.002,157,27332
2025-11-20 13:26:42.002,157,27332
2025-11-20 13:26:42.003,157,27332
2025-11-20 13:26:42.003,157,27331
2025-11-20 13:26:43.000,157,28329
2025-11-20 13:26:43.001,157,28329
2025-11-20 13:26:43.001,157,28329
2025-11-20 13:26:43.001,157,28330
2025-11-20 13:26:43.002,157,28330
2025-11-20 13:26:43.002,157,28330
2025-11-20 13:26:43.002,157,25573
2025-11-20 13:26:43.003,157,25572
2025-11-20 13:26:44.002,144,26570
2025-11-20 13:26:44.002,144,26569
2025-11-20 13:26:44.002,144,26567
2025-11-20 13:26:44.003,144,26567
2025-11-20 13:26:44.003,144,26567
2025-11-20 13:26:44.003,144,26568
2025-11-20 13:26:44.003,144,26568
2025-11-20 13:26:44.004,144,26567
2025-11-20 13:26:45.001,144,26182
2025-11-20 13:26:45.002,144,26180
2025-11-20 13:26:45.002,144,26180
2025-11-20 13:26:45.002,144,26180
2025-11-20 13:26:45.003,144,26180
2025-11-20 13:26:45.003,144,26179
2025-11-20 13:26:45.003,144,26179
2025-11-20 13:26:45.003,144,26179
2025-11-20 13:26:46.001,151,27177
2025-11-20 13:26:46.001,151,27177
2025-11-20 13:26:46.001,151,25803
2025-11-20 13:26:46.001,151,25803
2025-11-20 13:26:46.002,151,25802
2025-11-20 13:26:46.002,151,25802
2025-11-20 13:26:46.002,151,25803
2025-11-20 13:26:46.002,151,25802
2025-11-20 13:26:47.000,142,26800
2025-11-20 13:26:47.001,142,26800
2025-11-20 13:26:47.001,142,26800
2025-11-20 13:26:47.002,142,26801
2025-11-20 13:26:47.002,142,25379
2025-11-20 13:26:47.002,142,25380
2025-11-20 13:26:47.002,142,25379
2025-11-20 13:26:47.003,142,25379
2025-11-20 13:26:48.001,142,26377
2025-11-20 13:26:48.001,142,26377
2025-11-20 13:26:48.002,142,26376
2025-11-20 13:26:48.002,142,26374
2025-11-20 13:26:48.002,142,26373
2025-11-20 13:26:48.002,142,26372
2025-11-20 13:26:48.003,142,24987
2025-11-20 13:26:48.003,142,24986
2025-11-20 13:26:49.001,157,25985
2025-11-20 13:26:49.001,157,25984
2025-11-20 13:26:49.002,157,25984
2025-11-20 13:26:49.002,157,25983
2025-11-20 13:26:49.002,157,25983
2025-11-20 13:26:49.003,157,25982
2025-11-20 13:26:49.003,157,25982
2025-11-20 13:26:49.003,157,25983
2025-11-20 13:26:50.001,140,25563
2025-11-20 13:26:50.001,140,25563
2025-11-20 13:26:50.001,140,25562
2025-11-20 13:26:50.001,140,25562
2025-11-20 13:26:50.001,140,25561
2025-11-20 13:26:50.002,140,25560
2025-11-20 13:26:50.002,140,25559
2025-11-20 13:26:50.002,140,25559
2025-11-20 13:26:51.001,138,26557
2025-11-20 13:26:51.001,138,26557
2025-11-20 13:26:51.001,138,23834
2025-11-20 13:26:51.002,138,23833
2025-11-20 13:26:51.002,138,23832
2025-11-20 13:26:51.002,138,23833
2025-11-20 13:26:51.002,138,23832
2025-11-20 13:26:51.003,138,23832
2025-11-20 13:26:52.001,138,24831
2025-11-20 13:26:52.001,138,24830
2025-11-20 13:26:52.001,138,24830
2025-11-20 13:26:52.002,138,24830
2025-11-20 13:26:52.002,138,23408
2025-11-20 13:26:52.002,138,23408
2025-11-20 13:26:52.002,138,23408
2025-11-20 13:26:52.003,138,23407
2025-11-20 13:26:53.000,142,24405
2025-11-20 13:26:53.001,142,24405
2025-11-20 13:26:53.001,142,24405
2025-11-20 13:26:53.001,142,24406
2025-11-20 13:26:53.002,142,24406
2025-11-20 13:26:53.002,142,22995
2025-11-20 13:26:53.002,142,22996
2025-11-20 13:26:53.003,142,22995
2025-11-20 13:26:54.000,155,23992
2025-11-20 13:26:54.000,155,23990
2025-11-20 13:26:54.000,155,23989
2025-11-20 13:26:54.001,155,23988
2025-11-20 13:26:54.001,155,23987
2025-11-20 13:26:54.001,155,23987
2025-11-20 13:26:54.001,155,22598
2025-11-20 13:26:54.002,155,22597
2025-11-20 13:26:55.001,155,23596
2025-11-20 13:26:55.001,155,23596
2025-11-20 13:26:55.002,155,23596
2025-11-20 13:26:55.002,155,23595
2025-11-20 13:26:55.002,155,23595
2025-11-20 13:26:55.003,155,23595
2025-11-20 13:26:55.003,155,23595
2025-11-20 13:26:55.003,155,20882
2025-11-20 13:26:56.000,149,21879
2025-11-20 13:26:56.000,149,21877
2025-11-20 13:26:56.001,149,21877
2025-11-20 13:26:56.001,149,21877
2025-11-20 13:26:56.001,149,21877
2025-11-20 13:26:56.001,149,21876
2025-11-20 13:26:56.002,149,21876
2025-11-20 13:26:56.002,149,21875
2025-11-20 13:26:57.001,148,21464
2025-11-20 13:26:57.001,148,21463
2025-11-20 13:26:57.001,148,21463
2025-11-20 13:26:57.002,148,21463
2025-11-20 13:26:57.002,148,21462
2025-11-20 13:26:57.002,148,21463
2025-11-20 13:26:57.002,148,21462
2025-11-20 13:26:57.002,148,21461
2025-11-20 13:26:58.000,146,22459
2025-11-20 13:26:58.001,146,21053
2025-11-20 13:26:58.001,146,21053
2025-11-20 13:26:58.001,146,21053
2025-11-20 13:26:58.002,146,21053
2025-11-20 13:26:58.002,146,21052
2025-11-20 13:26:58.002,146,21053
2025-11-20 13:26:58.002,146,21053
2025-11-20 13:26:59.001,146,22052
2025-11-20 13:26:59.001,146,22052
2025-11-20 13:26:59.001,146,20640
2025-11-20 13:26:59.002,146,20639
2025-11-20 13:26:59.002,146,20639
2025-11-20 13:26:59.002,146,20639
2025-11-20 13:26:59.002,146,20638
2025-11-20 13:26:59.003,146,20638
2025-11-20 13:27:00.001,169,21637
2025-11-20 13:27:00.002,169,21637
2025-11-20 13:27:00.002,169,21636
2025-11-20 13:27:00.003,169,18872
2025-11-20 13:27:00.003,169,18871
2025-11-20 13:27:00.004,169,18871
2025-11-20 13:27:00.004,169,18869
2025-11-20 13:27:00.004,169,18868
2025-11-20 13:27:01.000,156,19864
2025-11-20 13:27:01.001,156,19863
2025-11-20 13:27:01.001,156,19861
2025-11-20 13:27:01.001,156,19862
2025-11-20 13:27:01.001,156,19862
2025-11-20 13:27:01.002,156,17123
2025-11-20 13:27:01.002,156,17122
2025-11-20 13:27:01.002,156,17123
2025-11-20 13:27:02.001,158,18121
2025-11-20 13:27:02.001,158,18120
2025-11-20 13:27:02.001,158,18120
2025-11-20 13:27:02.002,158,18119
2025-11-20 13:27:02.002,158,18119
2025-11-20 13:27:02.003,158,18119
2025-11-20 13:27:02.003,158,18119
2025-11-20 13:27:02.004,158,16712
2025-11-20 13:27:03.001,158,17710
2025-11-20 13:27:03.001,158,17709
2025-11-20 13:27:03.001,158,17709
2025-11-20 13:27:03.002,158,17708
2025-11-20 13:27:03.002,158,17707
2025-11-20 13:27:03.002,158,17707
2025-11-20 13:27:03.002,158,17707
2025-11-20 13:27:03.002,158,17706
2025-11-20 13:27:04.001,158,18705
2025-11-20 13:27:04.002,158,17289
2025-11-20 13:27:04.003,158,17289
2025-11-20 13:27:04.003,158,17290
2025-11-20 13:27:04.003,158,17290
2025-11-20 13:27:04.003,158,17290
2025-11-20 13:27:04.004,158,17289
2025-11-20 13:27:04.004,158,17289
2025-11-20 13:27:05.001,156,18286
2025-11-20 13:27:05.001,156,18286
2025-11-20 13:27:05.001,156,18286
2025-11-20 13:27:05.002,156,16878
2025-11-20 13:27:05.002,156,16878
2025-11-20 13:27:05.002,156,16878
2025-11-20 13:27:05.002,156,16877
2025-11-20 13:27:05.003,156,16876
2025-11-20 13:27:06.001,156,17875
2025-11-20 13:27:06.002,156,17875
2025-11-20 13:27:06.002,156,17875
2025-11-20 13:27:06.002,156,17876
2025-11-20 13:27:06.003,156,17876
2025-11-20 13:27:06.003,156,16543
2025-11-20 13:27:06.003,156,16543
2025-11-20 13:27:06.003,156,16542
2025-11-20 13:27:07.000,167,17538
2025-11-20 13:27:07.001,167,17538
2025-11-20 13:27:07.001,167,17537
2025-11-20 13:27:07.001,167,17538
2025-11-20 13:27:07.002,167,17537
2025-11-20 13:27:07.002,167,17537
2025-11-20 13:27:07.002,167,17537
2025-11-20 13:27:07.002,167,16153
2025-11-20 13:27:08.001,163,17152
2025-11-20 13:27:08.002,163,17151
2025-11-20 13:27:08.002,163,17145
2025-11-20 13:27:08.002,163,17145
2025-11-20 13:27:08.003,163,17145
2025-11-20 13:27:08.003,163,17145
2025-11-20 13:27:08.004,163,17144
2025-11-20 13:27:08.004,163,17143
2025-11-20 13:27:09.001,163,18140
2025-11-20 13:27:09.001,163,16732
2025-11-20 13:27:09.001,163,16732
2025-11-20 13:27:09.001,163,16731
2025-11-20 13:27:09.002,163,16731
2025-11-20 13:27:09.002,163,16730
2025-11-20 13:27:09.002,163,16731
2025-11-20 13:27:09.003,163,16730
2025-11-20 13:27:10.001,168,17725
2025-11-20 13:27:10.001,168,17724
2025-11-20 13:27:10.002,168,17722
2025-11-20 13:27:10.002,168,17722
2025-11-20 13:27:10.002,168,17624
2025-11-20 13:27:10.002,168,17623
2025-11-20 13:27:10.003,168,17622
2025-11-20 13:27:10.003,168,17622
2025-11-20 13:27:11.000,165,18619
2025-11-20 13:27:11.000,165,18618
2025-11-20 13:27:11.001,165,18618
2025-11-20 13:27:11.001,165,18617
2025-11-20 13:27:11.001,165,18618
2025-11-20 13:27:11.001,165,18618
2025-11-20 13:27:11.001,165,18618
2025-11-20 13:27:11.002,165,17339
2025-11-20 13:27:12.001,167,18338
2025-11-20 13:27:12.002,167,18338
2025-11-20 13:27:12.002,167,18337
2025-11-20 13:27:12.002,167,18338
2025-11-20 13:27:12.002,167,18337
2025-11-20 13:27:12.003,167,18337
2025-11-20 13:27:12.003,167,18336
2025-11-20 13:27:12.003,167,18337
2025-11-20 13:27:13.000,167,19334
2025-11-20 13:27:13.001,167,19334
2025-11-20 13:27:13.001,167,17941
2025-11-20 13:27:13.001,167,17941
2025-11-20 13:27:13.001,167,17940
2025-11-20 13:27:13.001,167,17939
2025-11-20 13:27:13.002,167,17938
2025-11-20 13:27:13.002,167,17939
2025-11-20 13:27:14.000,178,18937
2025-11-20 13:27:14.001,178,18937
2025-11-20 13:27:14.001,178,18937
2025-11-20 13:27:14.001,178,18938
2025-11-20 13:27:14.001,178,18938
2025-11-20 13:27:14.002,178,17574
2025-11-20 13:27:14.002,178,17574
2025-11-20 13:27:14.002,178,17575
2025-11-20 13:27:15.000,168,18572
2025-11-20 13:27:15.001,168,18572
2025-11-20 13:27:15.001,168,18571
2025-11-20 13:27:15.002,168,18571
2025-11-20 13:27:15.002,168,18571
2025-11-20 13:27:15.002,168,18571
2025-11-20 13:27:15.002,168,18570
2025-11-20 13:27:15.002,168,18570
2025-11-20 13:27:16.001,165,18202
2025-11-20 13:27:16.001,165,18201
2025-11-20 13:27:16.001,165,18201
2025-11-20 13:27:16.002,165,18200
2025-11-20 13:27:16.002,165,18199
2025-11-20 13:27:16.002,165,18199
2025-11-20 13:27:16.002,165,18199
2025-11-20 13:27:16.002,165,18199
2025-11-20 13:27:17.001,165,19198
2025-11-20 13:27:17.002,165,19198
2025-11-20 13:27:17.002,165,19198
2025-11-20 13:27:17.002,165,19130
2025-11-20 13:27:17.002,165,19130
2025-11-20 13:27:17.002,165,19129
2025-11-20 13:27:17.003,165,19128
2025-11-20 13:27:17.003,165,19127
2025-11-20 13:27:18.000,171,20124
2025-11-20 13:27:18.001,171,20124
2025-11-20 13:27:18.001,171,20123
2025-11-20 13:27:18.001,171,20124
2025-11-20 13:27:18.001,171,20124
2025-11-20 13:27:18.001,171,20124
2025-11-20 13:27:18.002,171,18737
2025-11-20 13:27:18.002,171,18737
2025-11-20 13:27:19.000,171,19735
2025-11-20 13:27:19.000,171,19735
2025-11-20 13:27:19.000,171,19734
2025-11-20 13:27:19.001,171,19734
2025-11-20 13:27:19.001,171,19733
2025-11-20 13:27:19.001,171,19734
2025-11-20 13:27:19.001,171,19733
2025-11-20 13:27:19.002,171,19733
2025-11-20 13:27:20.001,171,20733
2025-11-20 13:27:20.001,171,19361
2025-11-20 13:27:20.001,171,19361
2025-11-20 13:27:20.002,171,19361
2025-11-20 13:27:20.002,171,19360
2025-11-20 13:27:20.002,171,19359
2025-11-20 13:27:20.002,171,19358
2025-11-20 13:27:20.003,171,19358
2025-11-20 13:27:21.001,165,20356
2025-11-20 13:27:21.001,165,20356
2025-11-20 13:27:21.001,165,20356
2025-11-20 13:27:21.001,165,20356
2025-11-20 13:27:21.002,165,19019
2025-11-20 13:27:21.002,165,19018
2025-11-20 13:27:21.002,165,19017
2025-11-20 13:27:21.002,165,19015
2025-11-20 13:27:22.001,168,20012
2025-11-20 13:27:22.001,168,20011
2025-11-20 13:27:22.001,168,20010
2025-11-20 13:27:22.002,168,20009
2025-11-20 13:27:22.002,168,20008
2025-11-20 13:27:22.002,168,20008
2025-11-20 13:27:22.002,168,20008
2025-11-20 13:27:22.002,168,19920
2025-11-20 13:27:23.001,168,20919
2025-11-20 13:27:23.001,168,20918
2025-11-20 13:27:23.001,168,20917
2025-11-20 13:27:23.001,168,20917
2025-11-20 13:27:23.002,168,20917
2025-11-20 13:27:23.002,168,20916
2025-11-20 13:27:23.002,168,20917
2025-11-20 13:27:23.002,168,20917
2025-11-20 13:27:23.999,160,21914
2025-11-20 13:27:24.000,160,21914
2025-11-20 13:27:24.000,160,19228
2025-11-20 13:27:24.001,160,19228
2025-11-20 13:27:24.001,160,19227
2025-11-20 13:27:24.001,160,19227
2025-11-20 13:27:24.001,160,19226
2025-11-20 13:27:24.002,160,19225
2025-11-20 13:27:25.001,155,20224
2025-11-20 13:27:25.001,155,20224
2025-11-20 13:27:25.001,155,20224
2025-11-20 13:27:25.001,155,20224
2025-11-20 13:27:25.002,155,20224
2025-11-20 13:27:25.002,155,18816
2025-11-20 13:27:25.002,155,18816
2025-11-20 13:27:25.002,155,18816
2025-11-20 13:27:26.001,149,19814
2025-11-20 13:27:26.002,149,19813
2025-11-20 13:27:26.002,149,19812
2025-11-20 13:27:26.002,149,19812
2025-11-20 13:27:26.003,149,19812
2025-11-20 13:27:26.003,149,19811
2025-11-20 13:27:26.003,149,19811
2025-11-20 13:27:26.004,149,19809
2025-11-20 13:27:27.001,149,19444
2025-11-20 13:27:27.001,149,19444
2025-11-20 13:27:27.001,149,19443
2025-11-20 13:27:27.001,149,19443
2025-11-20 13:27:27.002,149,19443
2025-11-20 13:27:27.002,149,19444
2025-11-20 13:27:27.002,149,19444
2025-11-20 13:27:27.002,149,19444
2025-11-20 13:27:28.001,153,20443
2025-11-20 13:27:28.001,153,20443
2025-11-20 13:27:28.002,153,20442
2025-11-20 13:27:28.002,153,20362
2025-11-20 13:27:28.002,153,20363
2025-11-20 13:27:28.002,153,20363
2025-11-20 13:27:28.003,153,20362
2025-11-20 13:27:28.003,153,20362
2025-11-20 13:27:29.000,154,21359
2025-11-20 13:27:29.000,154,21359
2025-11-20 13:27:29.001,154,21359
2025-11-20 13:27:29.001,154,21359
2025-11-20 13:27:29.001,154,21360
2025-11-20 13:27:29.001,154,21360
2025-11-20 13:27:29.002,154,19994
2025-11-20 13:27:29.002,154,19993
2025-11-20 13:27:30.001,151,20992
2025-11-20 13:27:30.001,151,20990
2025-11-20 13:27:30.002,151,20988
2025-11-20 13:27:30.002,151,20988
2025-11-20 13:27:30.002,151,20989
2025-11-20 13:27:30.002,151,20989
2025-11-20 13:27:30.002,151,20989
2025-11-20 13:27:30.003,151,20989
2025-11-20 13:27:31.001,151,21987
2025-11-20 13:27:31.001,151,20631
2025-11-20 13:27:31.002,151,20631
2025-11-20 13:27:31.002,151,20630
2025-11-20 13:27:31.002,151,20631
2025-11-20 13:27:31.002,151,20630
2025-11-20 13:27:31.003,151,20630
2025-11-20 13:27:31.003,151,20629
2025-11-20 13:27:32.000,155,21627
2025-11-20 13:27:32.000,155,21626
2025-11-20 13:27:32.000,155,21626
2025-11-20 13:27:32.001,155,21626
2025-11-20 13:27:32.001,155,20253
2025-11-20 13:27:32.001,155,20253
2025-11-20 13:27:32.002,155,20253
2025-11-20 13:27:32.002,155,20252
2025-11-20 13:27:33.000,155,21251
2025-11-20 13:27:33.000,155,21250
2025-11-20 13:27:33.000,155,21250
2025-11-20 13:27:33.001,155,21250
2025-11-20 13:27:33.001,155,21251
2025-11-20 13:27:33.001,155,21251
2025-11-20 13:27:33.002,155,21251
2025-11-20 13:27:33.002,155,19874
2025-11-20 13:27:34.000,146,20873
2025-11-20 13:27:34.000,146,20872
2025-11-20 13:27:34.000,146,20872
2025-11-20 13:27:34.001,146,20871
2025-11-20 13:27:34.001,146,20871
2025-11-20 13:27:34.001,146,20871
2025-11-20 13:27:34.001,146,20871
2025-11-20 13:27:34.002,146,20871
2025-11-20 13:27:35.001,141,21871
2025-11-20 13:27:35.001,141,21871
2025-11-20 13:27:35.002,141,20466
2025-11-20 13:27:35.002,141,20466
2025-11-20 13:27:35.002,141,20466
2025-11-20 13:27:35.002,141,20466
2025-11-20 13:27:35.003,141,20465
2025-11-20 13:27:35.003,141,20464
2025-11-20 13:27:36.001,141,21463
2025-11-20 13:27:36.001,141,21463
2025-11-20 13:27:36.001,141,21463
2025-11-20 13:27:36.002,141,21463
2025-11-20 13:27:36.002,141,21463
2025-11-20 13:27:36.002,141,20092
2025-11-20 13:27:36.002,141,20091
2025-11-20 13:27:36.003,141,20091
2025-11-20 13:27:37.002,136,21090
2025-11-20 13:27:37.002,136,21090
2025-11-20 13:27:37.002,136,21089
2025-11-20 13:27:37.002,136,21089
2025-11-20 13:27:37.003,136,21089
2025-11-20 13:27:37.003,136,21089
2025-11-20 13:27:37.003,136,21090
2025-11-20 13:27:37.003,136,19710
2025-11-20 13:27:38.001,136,20707
2025-11-20 13:27:38.001,136,20706
2025-11-20 13:27:38.001,136,20706
2025-11-20 13:27:38.002,136,20705
2025-11-20 13:27:38.002,136,20706
2025-11-20 13:27:38.002,136,20706
2025-11-20 13:27:38.002,136,20706
2025-11-20 13:27:38.003,136,20706
2025-11-20 13:27:39.001,136,21704
2025-11-20 13:27:39.002,136,21619
2025-11-20 13:27:39.002,136,21618
2025-11-20 13:27:39.002,136,21619
2025-11-20 13:27:39.002,136,21618
2025-11-20 13:27:39.002,136,21618
2025-11-20 13:27:39.003,136,21618
2025-11-20 13:27:39.003,136,21617
2025-11-20 13:27:40.000,124,22615
2025-11-20 13:27:40.001,124,22614
2025-11-20 13:27:40.001,124,22614
2025-11-20 13:27:40.002,124,19925
2025-11-20 13:27:40.002,124,19924
2025-11-20 13:27:40.002,124,19924
2025-11-20 13:27:40.003,124,19923
2025-11-20 13:27:40.003,124,19923
2025-11-20 13:27:41.000,124,20920
2025-11-20 13:27:41.000,124,20919
2025-11-20 13:27:41.000,124,20919
2025-11-20 13:27:41.000,124,20918
2025-11-20 13:27:41.000,124,20918
2025-11-20 13:27:41.001,124,19515
2025-11-20 13:27:41.001,124,19514
2025-11-20 13:27:41.001,124,19515
2025-11-20 13:27:42.001,116,20514
2025-11-20 13:27:42.001,116,20514
2025-11-20 13:27:42.002,116,20514
2025-11-20 13:27:42.002,116,20515
2025-11-20 13:27:42.002,116,20515
2025-11-20 13:27:42.002,116,20515
2025-11-20 13:27:42.003,116,20515
2025-11-20 13:27:42.003,116,20515
2025-11-20 13:27:43.000,112,18749
2025-11-20 13:27:43.000,112,18748
2025-11-20 13:27:43.001,112,18747
2025-11-20 13:27:43.001,112,18747
2025-11-20 13:27:43.001,112,18747
2025-11-20 13:27:43.001,112,18747
2025-11-20 13:27:43.002,112,18747
2025-11-20 13:27:43.002,112,18747
2025-11-20 13:27:44.000,107,19746
2025-11-20 13:27:44.000,107,19746
2025-11-20 13:27:44.001,107,19746
2025-11-20 13:27:44.001,107,18351
2025-11-20 13:27:44.001,107,18351
2025-11-20 13:27:44.002,107,18351
2025-11-20 13:27:44.002,107,18350
2025-11-20 13:27:44.002,107,18351
2025-11-20 13:27:45.001,107,19349
2025-11-20 13:27:45.001,107,19349
2025-11-20 13:27:45.001,107,19348
2025-11-20 13:27:45.002,107,19348
2025-11-20 13:27:45.002,107,19348
2025-11-20 13:27:45.002,107,19349
2025-11-20 13:27:45.002,107,17938
2025-11-20 13:27:45.003,107,17937
2025-11-20 13:27:46.000,116,18935
2025-11-20 13:27:46.000,116,18934
2025-11-20 13:27:46.000,116,18932
2025-11-20 13:27:46.001,116,18930
2025-11-20 13:27:46.001,116,18929
2025-11-20 13:27:46.001,116,18928
2025-11-20 13:27:46.001,116,18928
2025-11-20 13:27:46.002,116,18927
2025-11-20 13:27:47.000,102,19925
2025-11-20 13:27:47.001,102,18536
2025-11-20 13:27:47.001,102,18536
2025-11-20 13:27:47.001,102,18536
2025-11-20 13:27:47.001,102,18535
2025-11-20 13:27:47.002,102,18535
2025-11-20 13:27:47.002,102,18535
2025-11-20 13:27:47.002,102,18536
2025-11-20 13:27:48.000,102,19534
2025-11-20 13:27:48.001,102,19534
2025-11-20 13:27:48.001,102,19534
2025-11-20 13:27:48.001,102,19535
2025-11-20 13:27:48.001,102,18122
2025-11-20 13:27:48.002,102,18122
2025-11-20 13:27:48.002,102,18122
2025-11-20 13:27:48.002,102,18122
2025-11-20 13:27:49.001,97,19120
2025-11-20 13:27:49.001,97,19120
2025-11-20 13:27:49.002,97,19119
2025-11-20 13:27:49.002,97,19118
2025-11-20 13:27:49.002,97,19119
2025-11-20 13:27:49.002,97,19118
2025-11-20 13:27:49.003,97,19118
2025-11-20 13:27:49.003,97,17747
2025-11-20 13:27:50.001,94,18746
2025-11-20 13:27:50.001,94,18745
2025-11-20 13:27:50.001,94,18745
2025-11-20 13:27:50.001,94,18744
2025-11-20 13:27:50.002,94,18744
2025-11-20 13:27:50.002,94,18743
2025-11-20 13:27:50.003,94,18743
2025-11-20 13:27:50.003,94,18743
2025-11-20 13:27:51.001,89,19742
2025-11-20 13:27:51.001,89,19742
2025-11-20 13:27:51.001,89,16988
2025-11-20 13:27:51.001,89,16988
2025-11-20 13:27:51.002,89,16987
2025-11-20 13:27:51.002,89,16987
2025-11-20 13:27:51.003,89,16987
2025-11-20 13:27:51.003,89,16987
2025-11-20 13:27:52.000,89,17985
2025-11-20 13:27:52.001,89,17985
2025-11-20 13:27:52.001,89,17985
2025-11-20 13:27:52.001,89,17986
2025-11-20 13:27:52.002,89,17986
2025-11-20 13:27:52.002,89,15190
2025-11-20 13:27:52.002,89,15190
2025-11-20 13:27:52.003,89,15190
2025-11-20 13:27:53.001,112,16188
2025-11-20 13:27:53.002,112,16188
2025-11-20 13:27:53.002,112,16188
2025-11-20 13:27:53.002,112,16189
2025-11-20 13:27:53.002,112,16189
2025-11-20 13:27:53.003,112,16189
2025-11-20 13:27:53.003,112,16188
2025-11-20 13:27:53.003,112,16189
2025-11-20 13:27:53.999,103,14400
2025-11-20 13:27:54.000,103,14399
2025-11-20 13:27:54.000,103,14398
2025-11-20 13:27:54.000,103,14398
2025-11-20 13:27:54.000,103,14398
2025-11-20 13:27:54.001,103,14398
2025-11-20 13:27:54.001,103,14397
2025-11-20 13:27:54.001,103,14397
2025-11-20 13:27:55.000,97,15396
2025-11-20 13:27:55.001,97,15396
2025-11-20 13:27:55.001,97,15396
2025-11-20 13:27:55.001,97,15397
2025-11-20 13:27:55.002,97,12630
2025-11-20 13:27:55.002,97,12630
2025-11-20 13:27:55.002,97,12630
2025-11-20 13:27:55.002,97,12630
2025-11-20 13:27:56.000,97,13627
2025-11-20 13:27:56.001,97,13627
2025-11-20 13:27:56.001,97,13626
2025-11-20 13:27:56.001,97,13627
2025-11-20 13:27:56.001,97,13626
2025-11-20 13:27:56.002,97,13626
2025-11-20 13:27:56.002,97,13626
2025-11-20 13:27:56.002,97,13627
2025-11-20 13:27:57.000,108,13228
2025-11-20 13:27:57.001,108,13228
2025-11-20 13:27:57.001,108,13227
2025-11-20 13:27:57.001,108,13228
2025-11-20 13:27:57.001,108,13227
2025-11-20 13:27:57.001,108,13227
2025-11-20 13:27:57.002,108,13227
2025-11-20 13:27:57.002,108,13228
2025-11-20 13:27:58.000,103,14226
2025-11-20 13:27:58.000,103,14226
2025-11-20 13:27:58.001,103,14226
2025-11-20 13:27:58.001,103,14226
2025-11-20 13:27:58.001,103,11438
2025-11-20 13:27:58.001,103,11438
2025-11-20 13:27:58.002,103,11437
2025-11-20 13:27:58.002,103,11437
2025-11-20 13:27:59.000,103,12435
2025-11-20 13:27:59.001,103,12435
2025-11-20 13:27:59.001,103,12434
2025-11-20 13:27:59.001,103,12434
2025-11-20 13:27:59.002,103,12434
2025-11-20 13:27:59.002,103,12433
2025-11-20 13:27:59.002,103,12434
2025-11-20 13:27:59.002,103,12434
2025-11-20 13:28:00.001,95,13433
2025-11-20 13:28:00.002,95,10677
2025-11-20 13:28:00.002,95,10677
2025-11-20 13:28:00.002,95,10678
2025-11-20 13:28:00.003,95,10677
2025-11-20 13:28:00.003,95,10676
2025-11-20 13:28:00.003,95,10677
2025-11-20 13:28:00.004,95,10677
2025-11-20 13:28:01.001,95,11675
2025-11-20 13:28:01.001,95,11675
2025-11-20 13:28:01.002,95,11675
2025-11-20 13:28:01.002,95,11675
2025-11-20 13:28:01.002,95,11675
2025-11-20 13:28:01.002,95,11675
2025-11-20 13:28:01.002,95,10216
2025-11-20 13:28:01.003,95,10215
2025-11-20 13:28:02.000,89,11213
2025-11-20 13:28:02.000,89,11212
2025-11-20 13:28:02.000,89,11211
2025-11-20 13:28:02.000,89,11210
2025-11-20 13:28:02.001,89,11206
2025-11-20 13:28:02.001,89,11204
2025-11-20 13:28:02.001,89,11205
2025-11-20 13:28:02.001,89,11205
2025-11-20 13:28:03.001,89,12205
2025-11-20 13:28:03.002,89,12205
2025-11-20 13:28:03.002,89,12204
2025-11-20 13:28:03.002,89,12124
2025-11-20 13:28:03.003,89,12123
2025-11-20 13:28:03.003,89,12122
2025-11-20 13:28:03.003,89,12123
2025-11-20 13:28:03.003,89,12122
2025-11-20 13:28:04.001,97,13119
2025-11-20 13:28:04.001,97,13119
2025-11-20 13:28:04.001,97,13118
2025-11-20 13:28:04.002,97,13118
2025-11-20 13:28:04.002,97,13117
2025-11-20 13:28:04.002,97,13118
2025-11-20 13:28:04.003,97,13118
2025-11-20 13:28:04.003,97,13118
2025-11-20 13:28:05.001,97,11492
2025-11-20 13:28:05.001,97,11492
2025-11-20 13:28:05.001,97,11491
2025-11-20 13:28:05.002,97,11490
2025-11-20 13:28:05.002,97,11489
2025-11-20 13:28:05.002,97,11490
2025-11-20 13:28:05.002,97,11489
2025-11-20 13:28:05.002,97,11489
2025-11-20 13:28:06.000,97,12487
2025-11-20 13:28:06.001,97,12487
2025-11-20 13:28:06.001,97,12487
2025-11-20 13:28:06.002,97,12488
2025-11-20 13:28:06.002,97,12487
2025-11-20 13:28:06.002,97,12488
2025-11-20 13:28:06.002,97,11070
2025-11-20 13:28:06.003,97,11069
2025-11-20 13:28:07.000,82,12067
2025-11-20 13:28:07.001,82,12066
2025-11-20 13:28:07.001,82,12066
2025-11-20 13:28:07.002,82,12066
2025-11-20 13:28:07.002,82,12066
2025-11-20 13:28:07.002,82,12067
2025-11-20 13:28:07.002,82,12067
2025-11-20 13:28:07.002,82,12067
2025-11-20 13:28:08.001,82,13066
2025-11-20 13:28:08.001,82,13066
2025-11-20 13:28:08.001,82,13066
2025-11-20 13:28:08.002,82,13065
2025-11-20 13:28:08.002,82,10302
2025-11-20 13:28:08.002,82,10302
2025-11-20 13:28:08.003,82,10300
2025-11-20 13:28:08.003,82,10300
2025-11-20 13:28:09.000,89,11297
2025-11-20 13:28:09.001,89,11296
2025-11-20 13:28:09.001,89,11296
2025-11-20 13:28:09.001,89,11297
2025-11-20 13:28:09.001,89,11297
2025-11-20 13:28:09.001,89,11297
2025-11-20 13:28:09.002,89,11297
2025-11-20 13:28:09.002,89,11297
2025-11-20 13:28:10.000,89,12296
2025-11-20 13:28:10.001,89,12296
2025-11-20 13:28:10.001,89,12295
2025-11-20 13:28:10.001,89,10908
2025-11-20 13:28:10.001,89,10907
2025-11-20 13:28:10.002,89,10907
2025-11-20 13:28:10.002,89,10906
2025-11-20 13:28:10.002,89,10907
2025-11-20 13:28:11.000,81,11905
2025-11-20 13:28:11.001,81,11905
2025-11-20 13:28:11.001,81,11905
2025-11-20 13:28:11.002,81,11906
2025-11-20 13:28:11.002,81,11906
2025-11-20 13:28:11.002,81,11906
2025-11-20 13:28:11.002,81,11906
2025-11-20 13:28:11.003,81,11906
2025-11-20 13:28:12.001,65,12905
2025-11-20 13:28:12.001,65,12904
2025-11-20 13:28:12.001,65,10128
2025-11-20 13:28:12.002,65,10127
2025-11-20 13:28:12.002,65,10127
2025-11-20 13:28:12.002,65,10127
2025-11-20 13:28:12.002,65,10127
2025-11-20 13:28:12.002,65,10126
2025-11-20 13:28:13.001,65,11124
2025-11-20 13:28:13.001,65,11123
2025-11-20 13:28:13.001,65,11123
2025-11-20 13:28:13.002,65,11122
2025-11-20 13:28:13.002,65,11121
2025-11-20 13:28:13.002,65,11122
2025-11-20 13:28:13.003,65,11122
2025-11-20 13:28:13.003,65,11122
2025-11-20 13:28:14.000,60,12120
2025-11-20 13:28:14.000,60,9365
2025-11-20 13:28:14.001,60,9364
2025-11-20 13:28:14.001,60,9364
2025-11-20 13:28:14.001,60,9365
2025-11-20 13:28:14.002,60,9365
2025-11-20 13:28:14.003,60,9365
2025-11-20 13:28:14.003,60,9366
2025-11-20 13:28:15.000,60,10364
2025-11-20 13:28:15.000,60,10364
2025-11-20 13:28:15.001,60,10364
2025-11-20 13:28:15.001,60,10364
2025-11-20 13:28:15.001,60,10364
2025-11-20 13:28:15.001,60,10364
2025-11-20 13:28:15.001,60,10364
2025-11-20 13:28:15.002,60,10364
2025-11-20 13:28:16.000,65,11363
2025-11-20 13:28:16.000,65,9928
2025-11-20 13:28:16.000,65,9927
2025-11-20 13:28:16.001,65,9927
2025-11-20 13:28:16.001,65,9926
2025-11-20 13:28:16.001,65,9927
2025-11-20 13:28:16.002,65,9926
2025-11-20 13:28:16.002,65,9926
2025-11-20 13:28:17.000,65,10925
2025-11-20 13:28:17.001,65,10925
2025-11-20 13:28:17.001,65,10925
2025-11-20 13:28:17.001,65,10926
2025-11-20 13:28:17.001,65,10926
2025-11-20 13:28:17.002,65,10925
2025-11-20 13:28:17.002,65,10925
2025-11-20 13:28:17.002,65,10926
2025-11-20 13:28:18.000,89,11922
2025-11-20 13:28:18.000,89,9148
2025-11-20 13:28:18.000,89,9148
2025-11-20 13:28:18.001,89,9148
2025-11-20 13:28:18.001,89,9148
2025-11-20 13:28:18.001,89,9148
2025-11-20 13:28:18.001,89,9147
2025-11-20 13:28:18.001,89,9147
2025-11-20 13:28:19.000,89,10146
2025-11-20 13:28:19.001,89,10146
2025-11-20 13:28:19.001,89,10146
2025-11-20 13:28:19.001,89,10147
2025-11-20 13:28:19.001,89,10146
2025-11-20 13:28:19.002,89,10146
2025-11-20 13:28:19.002,89,10146
2025-11-20 13:28:19.002,89,10147
2025-11-20 13:28:20.001,65,11146
2025-11-20 13:28:20.001,65,6988
2025-11-20 13:28:20.002,65,6987
2025-11-20 13:28:20.002,65,6987
2025-11-20 13:28:20.002,65,6987
2025-11-20 13:28:20.002,65,6986
2025-11-20 13:28:20.002,65,6984
2025-11-20 13:28:20.003,65,6984
2025-11-20 13:28:21.001,65,7982
2025-11-20 13:28:21.001,65,7982
2025-11-20 13:28:21.001,65,7981
2025-11-20 13:28:21.002,65,7981
2025-11-20 13:28:21.002,65,7981
2025-11-20 13:28:21.002,65,7982
2025-11-20 13:28:21.002,65,7982
2025-11-20 13:28:21.002,65,7981
2025-11-20 13:28:22.001,49,8980
2025-11-20 13:28:22.001,49,8980
2025-11-20 13:28:22.001,49,8980
2025-11-20 13:28:22.002,49,6222
2025-11-20 13:28:22.002,49,6221
2025-11-20 13:28:22.002,49,6222
2025-11-20 13:28:22.002,49,6221
2025-11-20 13:28:22.002,49,6220
2025-11-20 13:28:23.001,56,7218
2025-11-20 13:28:23.002,56,7218
2025-11-20 13:28:23.002,56,7218
2025-11-20 13:28:23.002,56,7219
2025-11-20 13:28:23.002,56,7219
2025-11-20 13:28:23.002,56,7219
2025-11-20 13:28:23.003,56,7219
2025-11-20 13:28:23.003,56,7219
2025-11-20 13:28:23.999,56,8216
2025-11-20 13:28:23.999,56,8216
2025-11-20 13:28:24.000,56,8215
2025-11-20 13:28:24.000,56,8215
2025-11-20 13:28:24.000,56,8216
2025-11-20 13:28:24.000,56,8216
2025-11-20 13:28:24.001,56,8148
2025-11-20 13:28:24.001,56,8147
2025-11-20 13:28:25.000,74,9147
2025-11-20 13:28:25.001,74,9146
2025-11-20 13:28:25.001,74,9146
2025-11-20 13:28:25.001,74,9146
2025-11-20 13:28:25.002,74,9146
2025-11-20 13:28:25.002,74,9145
2025-11-20 13:28:25.002,74,9146
2025-11-20 13:28:25.002,74,9146
2025-11-20 13:28:26.001,58,10145
2025-11-20 13:28:26.001,58,10145
2025-11-20 13:28:26.002,58,10145
2025-11-20 13:28:26.002,58,10145
2025-11-20 13:28:26.002,58,10146
2025-11-20 13:28:26.002,58,10146
2025-11-20 13:28:26.003,58,10146
2025-11-20 13:28:26.003,58,10145
2025-11-20 13:28:27.000,49,11143
2025-11-20 13:28:27.000,49,5652
2025-11-20 13:28:27.000,49,5651
2025-11-20 13:28:27.001,49,5651
2025-11-20 13:28:27.001,49,5650
2025-11-20 13:28:27.001,49,5650
2025-11-20 13:28:27.001,49,5650
2025-11-20 13:28:27.001,49,5649
2025-11-20 13:28:28.001,49,6649
2025-11-20 13:28:28.001,49,6648
2025-11-20 13:28:28.001,49,6648
2025-11-20 13:28:28.002,49,6648
2025-11-20 13:28:28.002,49,6648
2025-11-20 13:28:28.002,49,6649
2025-11-20 13:28:28.002,49,6649
2025-11-20 13:28:28.003,49,6649
2025-11-20 13:28:29.002,56,7649
2025-11-20 13:28:29.002,56,7649
2025-11-20 13:28:29.002,56,7649
2025-11-20 13:28:29.002,56,7648
2025-11-20 13:28:29.003,56,7648
2025-11-20 13:28:29.003,56,6193
2025-11-20 13:28:29.003,56,6193
2025-11-20 13:28:29.003,56,6192
2025-11-20 13:28:30.001,56,7190
2025-11-20 13:28:30.001,56,7189
2025-11-20 13:28:30.002,56,7189
2025-11-20 13:28:30.002,56,7188
2025-11-20 13:28:30.002,56,7188
2025-11-20 13:28:30.002,56,7188
2025-11-20 13:28:30.002,56,7188
2025-11-20 13:28:30.003,56,7188
2025-11-20 13:28:31.002,40,8188
2025-11-20 13:28:31.002,40,8188
2025-11-20 13:28:31.002,40,8188
2025-11-20 13:28:31.003,40,8188
2025-11-20 13:28:31.003,40,8188
2025-11-20 13:28:31.003,40,8188
2025-11-20 13:28:31.003,40,8188
2025-11-20 13:28:31.004,40,8188
2025-11-20 13:28:32.000,38,9185
2025-11-20 13:28:32.000,38,9185
2025-11-20 13:28:32.000,38,5065
2025-11-20 13:28:32.001,38,5065
2025-11-20 13:28:32.001,38,5066
2025-11-20 13:28:32.001,38,5065
2025-11-20 13:28:32.002,38,5064
2025-11-20 13:28:32.002,38,5064
2025-11-20 13:28:33.000,40,6063
2025-11-20 13:28:33.000,40,6062
2025-11-20 13:28:33.001,40,6062
2025-11-20 13:28:33.001,40,6062
2025-11-20 13:28:33.001,40,6063
2025-11-20 13:28:33.001,40,6063
2025-11-20 13:28:33.001,40,6063
2025-11-20 13:28:33.002,40,6063
2025-11-20 13:28:34.001,40,7063
2025-11-20 13:28:34.002,40,7063
2025-11-20 13:28:34.002,40,7063
2025-11-20 13:28:34.002,40,7064
2025-11-20 13:28:34.002,40,7064
2025-11-20 13:28:34.002,40,7064
2025-11-20 13:28:34.003,40,7064
2025-11-20 13:28:34.003,40,7064
2025-11-20 13:28:35.000,32,3895
2025-11-20 13:28:35.000,32,3894
2025-11-20 13:28:35.001,32,3894
2025-11-20 13:28:35.001,32,3893
2025-11-20 13:28:35.001,32,3893
2025-11-20 13:28:35.002,32,3893
2025-11-20 13:28:35.002,32,3892
2025-11-20 13:28:35.002,32,3892
2025-11-20 13:28:36.000,16,4889
2025-11-20 13:28:36.000,16,4889
2025-11-20 13:28:36.001,16,4889
2025-11-20 13:28:36.001,16,4889
2025-11-20 13:28:36.001,16,4890
2025-11-20 13:28:36.001,16,4890
2025-11-20 13:28:36.001,16,4890
2025-11-20 13:28:36.002,16,4889
2025-11-20 13:28:37.001,16,5889
2025-11-20 13:28:37.001,16,5889
2025-11-20 13:28:37.001,16,5889
2025-11-20 13:28:37.001,16,5888
2025-11-20 13:28:37.002,16,5888
2025-11-20 13:28:37.002,16,5888
2025-11-20 13:28:37.002,16,5889
2025-11-20 13:28:37.002,16,5889
2025-11-20 13:28:38.059,8,1
2025-11-20 13:28:38.062,8,4
2025-11-20 13:28:38.062,8,4
2025-11-20 13:28:38.063,8,3
2025-11-20 13:28:38.063,8,2
2025-11-20 13:28:38.063,14,3
2025-11-20 13:28:38.063,14,3
2025-11-20 13:28:38.064,14,3
2025-11-20 13:28:39.001,14,941
2025-11-20 13:28:39.001,14,940
2025-11-20 13:28:39.002,14,940
2025-11-20 13:28:39.002,14,940
2025-11-20 13:28:39.002,14,941
2025-11-20 13:28:39.002,14,941
2025-11-20 13:28:39.003,14,940
2025-11-20 13:28:39.003,14,941
2025-11-20 13:28:40.000,14,1938
2025-11-20 13:28:40.001,14,1938
2025-11-20 13:28:40.001,14,1938
2025-11-20 13:28:40.001,14,1939
2025-11-20 13:28:40.001,14,1939
2025-11-20 13:28:40.002,14,1939
2025-11-20 13:28:40.002,14,1939
2025-11-20 13:28:40.002,14,1940
2025-11-20 13:28:41.000,27,2937
2025-11-20 13:28:41.001,27,2937
2025-11-20 13:28:41.001,27,2937
2025-11-20 13:28:41.001,27,2938
2025-11-20 13:28:43.639,4,2
2025-11-20 13:28:43.640,1,3
2025-11-20 13:28:43.640,1,2
2025-11-20 13:28:43.640,1,1
2025-11-20 13:28:43.641,1,1
2025-11-20 13:28:43.641,1,1
2025-11-20 13:28:43.643,11,2
2025-11-20 13:28:43.643,11,2
2025-11-20 13:28:45.001,26,1360
2025-11-20 13:28:45.001,26,1360
2025-11-20 13:28:45.002,26,1360
2025-11-20 13:28:45.002,26,1361
2025-11-20 13:28:45.002,26,1361
2025-11-20 13:28:45.002,26,1361
2025-11-20 13:28:45.003,26,1361
2025-11-20 13:28:45.003,26,1361
2025-11-20 13:28:46.000,18,2358
2025-11-20 13:28:46.001,18,2358
2025-11-20 13:28:46.001,18,2358
2025-11-20 13:28:46.001,18,2359
2025-11-20 13:28:46.002,18,2359
2025-11-20 13:28:46.002,18,2357
2025-11-20 13:28:46.002,18,2358
2025-11-20 13:28:46.002,18,2358
2025-11-20 13:28:47.000,18,3356
2025-11-20 13:28:47.001,18,3356
2025-11-20 13:28:47.001,18,3355
2025-11-20 13:28:47.001,18,3356
2025-11-20 13:28:47.002,18,3356
2025-11-20 13:28:47.002,18,3356
2025-11-20 13:28:47.002,18,3357
2025-11-20 13:28:47.003,18,3356
2025-11-20 13:28:48.000,10,4354
2025-11-20 13:28:48.001,10,4354
2025-11-20 13:28:49.201,10,1
2025-11-20 13:28:49.203,5,3
2025-11-20 13:28:49.204,5,3
2025-11-20 13:28:49.204,5,2
2025-11-20 13:28:49.204,6,2
2025-11-20 13:28:49.205,6,2
2025-11-20 13:28:49.205,6,2
2025-11-20 13:28:49.205,6,2
2025-11-20 13:28:50.000,6,796
2025-11-20 13:28:50.000,6,796
2025-11-20 13:28:50.001,6,795
2025-11-20 13:28:50.001,6,795
2025-11-20 13:28:50.001,6,795
2025-11-20 13:28:50.001,6,795
2025-11-20 13:28:50.001,6,795
2025-11-20 13:28:50.002,6,795
2025-11-20 13:28:51.001,6,1795
2025-11-20 13:28:51.001,6,1795
2025-11-20 13:28:51.001,6,1795
2025-11-20 13:28:51.001,6,1795
2025-11-20 13:28:51.002,6,1795
2025-11-20 13:28:51.002,6,1794
2025-11-20 13:28:51.002,6,1795
2025-11-20 13:28:51.002,6,1795
2025-11-20 13:28:52.000,38,2793
2025-11-20 13:28:52.000,38,2793
2025-11-20 13:28:52.001,38,2793
2025-11-20 13:28:52.001,38,2794
2025-11-20 13:28:52.001,38,2794
2025-11-20 13:28:52.001,38,2794
2025-11-20 13:28:52.002,38,2793
2025-11-20 13:28:52.002,38,2793
2025-11-20 13:28:53.000,15,3792
2025-11-20 13:28:53.000,15,3792
2025-11-20 13:28:53.000,15,3792
2025-11-20 13:28:53.001,15,3792
2025-11-20 13:28:53.001,15,3793
2025-11-20 13:28:53.001,15,3793
2025-11-20 13:28:53.001,15,3793
2025-11-20 13:28:54.769,7,2
2025-11-20 13:28:54.771,2,2
2025-11-20 13:28:54.775,2,2
2025-11-20 13:28:54.775,2,2
2025-11-20 13:28:54.777,2,2
2025-11-20 13:28:54.778,2,2
2025-11-20 13:28:54.778,2,1
2025-11-20 13:28:54.779,2,2
2025-11-20 13:28:56.001,2,1223
2025-11-20 13:28:56.001,2,1223
2025-11-20 13:28:56.001,2,1222
2025-11-20 13:28:56.001,2,1222
2025-11-20 13:28:56.002,2,1221
2025-11-20 13:28:56.002,2,1222
2025-11-20 13:28:56.002,2,1222
2025-11-20 13:28:56.002,2,1222
2025-11-20 13:28:57.000,44,2220
2025-11-20 13:28:57.001,44,2220
2025-11-20 13:28:57.001,44,2219
2025-11-20 13:28:57.001,44,2220
2025-11-20 13:28:57.002,44,2220
2025-11-20 13:28:57.002,44,2220
2025-11-20 13:28:57.002,44,2221
2025-11-20 13:28:57.002,44,2220
2025-11-20 13:28:58.001,44,3219
2025-11-20 13:28:58.001,44,3219
2025-11-20 13:28:58.001,44,3219
2025-11-20 13:28:58.002,44,3219
2025-11-20 13:28:58.002,44,3219
2025-11-20 13:28:58.002,44,3220
2025-11-20 13:28:58.002,44,3220
2025-11-20 13:28:58.002,44,3220
2025-11-20 13:28:59.000,28,4218
2025-11-20 13:28:59.001,28,4217
2025-11-20 13:28:59.001,28,4217
2025-11-20 13:28:59.001,28,4218
2025-11-20 13:28:59.001,28,4218
2025-11-20 13:28:59.002,28,4218
2025-11-20 13:28:59.002,28,4218
2025-11-20 13:28:59.002,28,4218
2025-11-20 13:29:00.001,28,5217
2025-11-20 13:29:00.001,28,5217
2025-11-20 13:29:00.001,28,5217
2025-11-20 13:29:00.002,28,5217
2025-11-20 13:29:00.338,28,1
2025-11-20 13:29:00.340,8,3
2025-11-20 13:29:00.341,8,2
2025-11-20 13:29:00.341,8,2
2025-11-20 13:29:01.001,8,662
2025-11-20 13:29:01.001,8,662
2025-11-20 13:29:01.002,8,661
2025-11-20 13:29:01.002,8,661
2025-11-20 13:29:01.002,8,661
2025-11-20 13:29:01.002,8,660
2025-11-20 13:29:01.003,8,660
2025-11-20 13:29:01.003,8,660
2025-11-20 13:29:02.000,8,1658
2025-11-20 13:29:02.001,8,1657
2025-11-20 13:29:02.001,8,1657
2025-11-20 13:29:02.002,8,1657
2025-11-20 13:29:02.002,8,1656
2025-11-20 13:29:02.002,8,1657
2025-11-20 13:29:02.002,8,1657
2025-11-20 13:29:02.003,8,1657
2025-11-20 13:29:03.001,34,2656
2025-11-20 13:29:03.001,34,2656
2025-11-20 13:29:03.001,34,2656
2025-11-20 13:29:03.001,34,2655
2025-11-20 13:29:03.002,34,2655
2025-11-20 13:29:03.002,34,2656
2025-11-20 13:29:03.002,34,2656
2025-11-20 13:29:03.002,34,2656
2025-11-20 13:29:04.001,34,3654
2025-11-20 13:29:04.002,34,3654
2025-11-20 13:29:04.002,34,3654
2025-11-20 13:29:04.002,34,3655
2025-11-20 13:29:04.002,34,3655
2025-11-20 13:29:04.003,34,3655
2025-11-20 13:29:04.003,34,3655
2025-11-20 13:29:04.003,34,3656
2025-11-20 13:29:05.001,12,4653
2025-11-20 13:29:05.001,12,4653
2025-11-20 13:29:05.001,12,4652
2025-11-20 13:29:05.002,12,4652
2025-11-20 13:29:05.002,12,4653
2025-11-20 13:29:05.002,12,4653
2025-11-20 13:29:05.002,12,4653
2025-11-20 13:29:05.003,12,4653
2025-11-20 13:29:06.002,50,5653
2025-11-20 13:29:06.002,50,5653
2025-11-20 13:29:06.002,50,1479
2025-11-20 13:29:06.003,50,1478
2025-11-20 13:29:06.003,50,1478
2025-11-20 13:29:06.003,50,1479
2025-11-20 13:29:06.003,50,1479
2025-11-20 13:29:06.004,50,1479
2025-11-20 13:29:07.000,42,2476
2025-11-20 13:29:07.001,42,2475
2025-11-20 13:29:07.001,42,2475
2025-11-20 13:29:07.001,42,2476
2025-11-20 13:29:07.001,42,2476
2025-11-20 13:29:07.002,42,2476
2025-11-20 13:29:07.002,42,2475
2025-11-20 13:29:07.002,42,2476
2025-11-20 13:29:08.001,40,3475
2025-11-20 13:29:08.001,40,3475
2025-11-20 13:29:08.001,40,3475
2025-11-20 13:29:08.002,40,3475
2025-11-20 13:29:08.002,40,3476
2025-11-20 13:29:08.002,40,3476
2025-11-20 13:29:08.002,40,3476
2025-11-20 13:29:08.003,40,3476
2025-11-20 13:29:09.001,40,4474
2025-11-20 13:29:09.002,40,4474
2025-11-20 13:29:09.002,40,4474
2025-11-20 13:29:09.002,40,4475
2025-11-20 13:29:09.003,40,4475
2025-11-20 13:29:09.003,40,4475
2025-11-20 13:29:09.003,40,4476
2025-11-20 13:29:09.003,40,4476
2025-11-20 13:29:10.001,74,5474
2025-11-20 13:29:10.001,74,5473
2025-11-20 13:29:10.002,74,5472
2025-11-20 13:29:10.002,74,5472
2025-11-20 13:29:10.002,74,5473
2025-11-20 13:29:10.002,74,5473
2025-11-20 13:29:10.002,74,5473
2025-11-20 13:29:10.003,74,5473
2025-11-20 13:29:11.001,66,6472
2025-11-20 13:29:11.002,66,6472
2025-11-20 13:29:11.002,66,6472
2025-11-20 13:29:11.002,66,6472
2025-11-20 13:29:11.002,66,6472
2025-11-20 13:29:11.003,66,6472
2025-11-20 13:29:11.003,66,6473
2025-11-20 13:29:11.004,66,6473
2025-11-20 13:29:12.001,66,7471
2025-11-20 13:29:12.002,66,7471
2025-11-20 13:29:12.002,66,4678
2025-11-20 13:29:12.002,66,4678
2025-11-20 13:29:12.002,66,4678
2025-11-20 13:29:12.003,66,4671
2025-11-20 13:29:12.003,66,4670
2025-11-20 13:29:12.003,66,4671
2025-11-20 13:29:13.001,66,5669
2025-11-20 13:29:13.001,66,5668
2025-11-20 13:29:13.002,66,5668
2025-11-20 13:29:13.002,66,5668
2025-11-20 13:29:13.002,66,5669
2025-11-20 13:29:13.002,66,5669
2025-11-20 13:29:13.002,66,5669
2025-11-20 13:29:13.003,66,5669
2025-11-20 13:29:14.001,89,6668
2025-11-20 13:29:14.001,89,6668
2025-11-20 13:29:14.001,89,6667
2025-11-20 13:29:14.002,89,6667
2025-11-20 13:29:14.002,89,6667
2025-11-20 13:29:14.002,89,6668
2025-11-20 13:29:14.003,89,6668
2025-11-20 13:29:14.003,89,6668
2025-11-20 13:29:15.001,89,7666
2025-11-20 13:29:15.001,89,7666
2025-11-20 13:29:15.002,89,7666
2025-11-20 13:29:15.002,89,7666
2025-11-20 13:29:15.002,89,7666
2025-11-20 13:29:15.002,89,7666
2025-11-20 13:29:15.003,89,7666
2025-11-20 13:29:15.003,89,7667
2025-11-20 13:29:16.000,73,8664
2025-11-20 13:29:16.001,73,8664
2025-11-20 13:29:16.001,73,8663
2025-11-20 13:29:16.001,73,8664
2025-11-20 13:29:16.001,73,8664
2025-11-20 13:29:16.002,73,8664
2025-11-20 13:29:16.002,73,8663
2025-11-20 13:29:16.002,73,8664
2025-11-20 13:29:17.001,73,9663
2025-11-20 13:29:17.001,73,9663
2025-11-20 13:29:17.001,73,9663
2025-11-20 13:29:17.002,73,9663
2025-11-20 13:29:17.002,73,9662
2025-11-20 13:29:17.002,73,9663
2025-11-20 13:29:17.002,73,9663
2025-11-20 13:29:17.003,73,9663
2025-11-20 13:29:18.000,101,10660
2025-11-20 13:29:18.000,101,10660
2025-11-20 13:29:18.000,101,6519
2025-11-20 13:29:18.001,101,6518
2025-11-20 13:29:18.001,101,6517
2025-11-20 13:29:18.001,101,6518
2025-11-20 13:29:18.001,101,6517
2025-11-20 13:29:18.002,101,6516
2025-11-20 13:29:19.001,93,7516
2025-11-20 13:29:19.001,93,7511
2025-11-20 13:29:19.001,93,7510
2025-11-20 13:29:19.001,93,7509
2025-11-20 13:29:19.002,93,7509
2025-11-20 13:29:19.002,93,7509
2025-11-20 13:29:19.002,93,7510
2025-11-20 13:29:19.002,93,7510
2025-11-20 13:29:20.000,93,8508
2025-11-20 13:29:20.001,93,8508
2025-11-20 13:29:20.001,93,8508
2025-11-20 13:29:20.001,93,8509
2025-11-20 13:29:20.002,93,8508
2025-11-20 13:29:20.002,93,8507
2025-11-20 13:29:20.002,93,8508
2025-11-20 13:29:20.002,93,8508
2025-11-20 13:29:21.000,127,9506
2025-11-20 13:29:21.001,127,9506
2025-11-20 13:29:21.001,127,9506
2025-11-20 13:29:21.001,127,9507
2025-11-20 13:29:21.001,127,9507
2025-11-20 13:29:21.002,127,9507
2025-11-20 13:29:21.002,127,9506
2025-11-20 13:29:21.002,127,9506
2025-11-20 13:29:22.001,118,10504
2025-11-20 13:29:22.001,118,10504
2025-11-20 13:29:22.001,118,10504
2025-11-20 13:29:22.002,118,10504
2025-11-20 13:29:22.002,118,10504
2025-11-20 13:29:22.002,118,10505
2025-11-20 13:29:22.002,118,10505
2025-11-20 13:29:22.002,118,10505
2025-11-20 13:29:23.001,118,11503
2025-11-20 13:29:23.001,118,11502
2025-11-20 13:29:23.002,118,11502
2025-11-20 13:29:23.002,118,11502
2025-11-20 13:29:23.003,118,11503
2025-11-20 13:29:23.004,118,11503
2025-11-20 13:29:23.004,118,11504
2025-11-20 13:29:23.005,118,11505
2025-11-20 13:29:24.000,137,12501
2025-11-20 13:29:24.000,137,8339
2025-11-20 13:29:24.000,137,8338
2025-11-20 13:29:24.001,137,8337
2025-11-20 13:29:24.001,137,8336
2025-11-20 13:29:24.001,137,8337
2025-11-20 13:29:24.001,137,8336
2025-11-20 13:29:24.001,137,8335
2025-11-20 13:29:25.000,135,9334
2025-11-20 13:29:25.001,135,9333
2025-11-20 13:29:25.001,135,9332
2025-11-20 13:29:25.001,135,9333
2025-11-20 13:29:25.001,135,9333
2025-11-20 13:29:25.002,135,9333
2025-11-20 13:29:25.002,135,9333
2025-11-20 13:29:25.002,135,9334
2025-11-20 13:29:26.001,151,10332
2025-11-20 13:29:26.001,151,10331
2025-11-20 13:29:26.001,151,10330
2025-11-20 13:29:26.002,151,10330
2025-11-20 13:29:26.002,151,10330
2025-11-20 13:29:26.002,151,10331
2025-11-20 13:29:26.002,151,10331
2025-11-20 13:29:26.003,151,10331
2025-11-20 13:29:27.001,151,11330
2025-11-20 13:29:27.001,151,11330
2025-11-20 13:29:27.001,151,11330
2025-11-20 13:29:27.002,151,11330
2025-11-20 13:29:27.002,151,11330
2025-11-20 13:29:27.002,151,11330
2025-11-20 13:29:27.002,151,11330
2025-11-20 13:29:27.003,151,11330
2025-11-20 13:29:28.001,143,12329
2025-11-20 13:29:28.001,143,12328
2025-11-20 13:29:28.001,143,12328
2025-11-20 13:29:28.001,143,12328
2025-11-20 13:29:28.002,143,12328
2025-11-20 13:29:28.002,143,12329
2025-11-20 13:29:28.002,143,12329
2025-11-20 13:29:28.002,143,12329
2025-11-20 13:29:29.001,142,13328
2025-11-20 13:29:29.001,142,13328
2025-11-20 13:29:29.002,142,13327
2025-11-20 13:29:29.002,142,13327
2025-11-20 13:29:29.002,142,13328
2025-11-20 13:29:29.003,142,10544
2025-11-20 13:29:29.003,142,10544
2025-11-20 13:29:29.003,142,10544
2025-11-20 13:29:30.001,142,11541
2025-11-20 13:29:30.001,142,11540
2025-11-20 13:29:30.001,142,11539
2025-11-20 13:29:30.002,142,11539
2025-11-20 13:29:30.002,142,11538
2025-11-20 13:29:30.002,142,11538
2025-11-20 13:29:30.002,142,11538
2025-11-20 13:29:30.003,142,11536
2025-11-20 13:29:31.000,149,12534
2025-11-20 13:29:31.001,149,12534
2025-11-20 13:29:31.001,149,12534
2025-11-20 13:29:31.001,149,12535
2025-11-20 13:29:31.002,149,12535
2025-11-20 13:29:31.002,149,12535
2025-11-20 13:29:31.002,149,12536
2025-11-20 13:29:31.002,149,12536
2025-11-20 13:29:32.001,149,13535
2025-11-20 13:29:32.001,149,13534
2025-11-20 13:29:32.001,149,13534
2025-11-20 13:29:32.002,149,13534
2025-11-20 13:29:32.002,149,13534
2025-11-20 13:29:32.003,149,13535
2025-11-20 13:29:32.003,149,13535
2025-11-20 13:29:32.003,149,13536
2025-11-20 13:29:33.000,149,14533
2025-11-20 13:29:33.001,149,14532
2025-11-20 13:29:33.001,149,14532
2025-11-20 13:29:33.001,149,14532
2025-11-20 13:29:33.001,149,14532
2025-11-20 13:29:33.002,149,14532
2025-11-20 13:29:33.002,149,14532
2025-11-20 13:29:33.002,149,14533
2025-11-20 13:29:34.000,173,15531
2025-11-20 13:29:34.000,173,15531
2025-11-20 13:29:34.001,173,15531
2025-11-20 13:29:34.002,173,15530
2025-11-20 13:29:34.002,173,15531
2025-11-20 13:29:34.003,173,15531
2025-11-20 13:29:34.003,173,15531
2025-11-20 13:29:34.003,173,12757
2025-11-20 13:29:35.001,141,13755
2025-11-20 13:29:35.001,141,13754
2025-11-20 13:29:35.002,141,13754
2025-11-20 13:29:35.002,141,13753
2025-11-20 13:29:35.002,141,13754
2025-11-20 13:29:35.002,141,13753
2025-11-20 13:29:35.002,141,13752
2025-11-20 13:29:35.003,141,13751
2025-11-20 13:29:36.001,141,14749
2025-11-20 13:29:36.001,141,14748
2025-11-20 13:29:36.001,141,14747
2025-11-20 13:29:36.001,141,14747
2025-11-20 13:29:36.002,141,14747
2025-11-20 13:29:36.002,141,14748
2025-11-20 13:29:36.002,141,14748
2025-11-20 13:29:36.003,141,14748
2025-11-20 13:29:37.001,141,15746
2025-11-20 13:29:37.002,141,15746
2025-11-20 13:29:37.002,141,15746
2025-11-20 13:29:37.002,141,15747
2025-11-20 13:29:37.002,141,15747
2025-11-20 13:29:37.003,141,15747
2025-11-20 13:29:37.003,141,15746
2025-11-20 13:29:37.003,141,15747
2025-11-20 13:29:38.000,145,16744
2025-11-20 13:29:38.001,145,16744
2025-11-20 13:29:38.001,145,16744
2025-11-20 13:29:38.001,145,16745
2025-11-20 13:29:38.001,145,16745
2025-11-20 13:29:38.001,145,16745
2025-11-20 13:29:38.002,145,16745
2025-11-20 13:29:38.002,145,16744
2025-11-20 13:29:39.001,145,17744
2025-11-20 13:29:39.001,145,17744
2025-11-20 13:29:39.001,145,17744
2025-11-20 13:29:39.002,145,17744
2025-11-20 13:29:39.002,145,17743
2025-11-20 13:29:39.002,145,17744
2025-11-20 13:29:39.002,145,17744
2025-11-20 13:29:39.003,145,17744
2025-11-20 13:29:40.001,135,18743
2025-11-20 13:29:40.002,135,15962
2025-11-20 13:29:40.002,135,15961
2025-11-20 13:29:40.002,135,15961
2025-11-20 13:29:40.003,135,15960
2025-11-20 13:29:40.003,135,15958
2025-11-20 13:29:40.003,135,15958
2025-11-20 13:29:40.003,135,15957
2025-11-20 13:29:41.001,148,16955
2025-11-20 13:29:41.002,148,16954
2025-11-20 13:29:41.002,148,16954
2025-11-20 13:29:41.002,148,16955
2025-11-20 13:29:41.002,148,16955
2025-11-20 13:29:41.003,148,16955
2025-11-20 13:29:41.003,148,16955
2025-11-20 13:29:41.003,148,16956
2025-11-20 13:29:42.001,148,17953
2025-11-20 13:29:42.001,148,17953
2025-11-20 13:29:42.001,148,17953
2025-11-20 13:29:42.002,148,17953
2025-11-20 13:29:42.002,148,17953
2025-11-20 13:29:42.002,148,17953
2025-11-20 13:29:42.002,148,17953
2025-11-20 13:29:42.003,148,17953
2025-11-20 13:29:43.001,169,18952
2025-11-20 13:29:43.002,169,18952
2025-11-20 13:29:43.002,169,18951
2025-11-20 13:29:43.002,169,18952
2025-11-20 13:29:43.003,169,18952
2025-11-20 13:29:43.003,169,18953
2025-11-20 13:29:43.003,169,18953
2025-11-20 13:29:43.004,169,18953
2025-11-20 13:29:44.001,153,19951
2025-11-20 13:29:44.002,153,19951
2025-11-20 13:29:44.002,153,19951
2025-11-20 13:29:44.002,153,19951
2025-11-20 13:29:44.003,153,19950
2025-11-20 13:29:44.003,153,19951
2025-11-20 13:29:44.003,153,19951
2025-11-20 13:29:44.003,153,15809
2025-11-20 13:29:45.001,143,16807
2025-11-20 13:29:45.001,143,16806
2025-11-20 13:29:45.002,143,16805
2025-11-20 13:29:45.002,143,16805
2025-11-20 13:29:45.002,143,16805
2025-11-20 13:29:45.002,143,16804
2025-11-20 13:29:45.003,143,16804
2025-11-20 13:29:45.004,143,16804
2025-11-20 13:29:46.001,143,17803
2025-11-20 13:29:46.002,143,17803
2025-11-20 13:29:46.002,143,17803
2025-11-20 13:29:46.003,143,17804
2025-11-20 13:29:46.003,143,17805
2025-11-20 13:29:46.004,143,17804
2025-11-20 13:29:46.004,143,17804
2025-11-20 13:29:46.004,143,17805
2025-11-20 13:29:47.001,151,18801
2025-11-20 13:29:47.001,151,18801
2025-11-20 13:29:47.001,151,18801
2025-11-20 13:29:47.002,151,18801
2025-11-20 13:29:47.002,151,18801
2025-11-20 13:29:47.002,151,18802
2025-11-20 13:29:47.003,151,18802
2025-11-20 13:29:47.003,151,18802
2025-11-20 13:29:48.000,151,19800
2025-11-20 13:29:48.000,151,19799
2025-11-20 13:29:48.001,151,19798
2025-11-20 13:29:48.001,151,19799
2025-11-20 13:29:48.001,151,19799
2025-11-20 13:29:48.002,151,19799
2025-11-20 13:29:48.002,151,19799
2025-11-20 13:29:48.002,151,17011
2025-11-20 13:29:49.001,135,18009
2025-11-20 13:29:49.001,135,18008
2025-11-20 13:29:49.001,135,18008
2025-11-20 13:29:49.002,135,18007
2025-11-20 13:29:49.002,135,18006
2025-11-20 13:29:49.002,135,18007
2025-11-20 13:29:49.002,135,18006
2025-11-20 13:29:49.003,135,18006
2025-11-20 13:29:50.001,127,19005
2025-11-20 13:29:50.002,127,19005
2025-11-20 13:29:50.002,127,19005
2025-11-20 13:29:50.002,127,19006
2025-11-20 13:29:50.002,127,19006
2025-11-20 13:29:50.003,127,19006
2025-11-20 13:29:50.003,127,19006
2025-11-20 13:29:50.003,127,19006
2025-11-20 13:29:51.001,124,20004
2025-11-20 13:29:51.001,124,20004
2025-11-20 13:29:51.002,124,20004
2025-11-20 13:29:51.002,124,20004
2025-11-20 13:29:51.002,124,20005
2025-11-20 13:29:51.003,124,20005
2025-11-20 13:29:51.003,124,20005
2025-11-20 13:29:51.003,124,20006
2025-11-20 13:29:52.001,122,21004
2025-11-20 13:29:52.001,122,21003
2025-11-20 13:29:52.001,122,21002
2025-11-20 13:29:52.002,122,21002
2025-11-20 13:29:52.002,122,21003
2025-11-20 13:29:52.002,122,16833
2025-11-20 13:29:52.003,122,16833
2025-11-20 13:29:52.003,122,16832
2025-11-20 13:29:53.000,122,17830
2025-11-20 13:29:53.001,122,17829
2025-11-20 13:29:53.001,122,17828
2025-11-20 13:29:53.002,122,17828
2025-11-20 13:29:53.002,122,17828
2025-11-20 13:29:53.002,122,17828
2025-11-20 13:29:53.002,122,17827
2025-11-20 13:29:53.003,122,17827
2025-11-20 13:29:53.999,140,18823
2025-11-20 13:29:54.000,140,18823
2025-11-20 13:29:54.000,140,18823
2025-11-20 13:29:54.000,140,18824
2025-11-20 13:29:54.000,140,18824
2025-11-20 13:29:54.001,140,18823
2025-11-20 13:29:54.001,140,18823
2025-11-20 13:29:54.001,140,18824
2025-11-20 13:29:55.001,139,19824
2025-11-20 13:29:55.001,139,19824
2025-11-20 13:29:55.002,139,19823
2025-11-20 13:29:55.002,139,19824
2025-11-20 13:29:55.002,139,19824
2025-11-20 13:29:55.002,139,19824
2025-11-20 13:29:55.003,139,19824
2025-11-20 13:29:55.003,139,19824
2025-11-20 13:29:56.001,139,20822
2025-11-20 13:29:56.001,139,16670
2025-11-20 13:29:56.002,139,16668
2025-11-20 13:29:56.002,139,16668
2025-11-20 13:29:56.002,139,16668
2025-11-20 13:29:56.002,139,16667
2025-11-20 13:29:56.003,139,16667
2025-11-20 13:29:56.003,139,16666
2025-11-20 13:29:57.000,128,17664
2025-11-20 13:29:57.001,128,17664
2025-11-20 13:29:57.001,128,17664
2025-11-20 13:29:57.001,128,17665
2025-11-20 13:29:57.002,128,17665
2025-11-20 13:29:57.002,128,17665
2025-11-20 13:29:57.002,128,17666
2025-11-20 13:29:57.002,128,17666
2025-11-20 13:29:58.001,131,18664
2025-11-20 13:29:58.002,131,18664
2025-11-20 13:29:58.002,131,18664
2025-11-20 13:29:58.002,131,18665
2025-11-20 13:29:58.003,131,18665
2025-11-20 13:29:58.003,131,18666
2025-11-20 13:29:58.003,131,18666
2025-11-20 13:29:58.003,131,18666
2025-11-20 13:29:59.001,131,19664
2025-11-20 13:29:59.002,131,19664
2025-11-20 13:29:59.002,131,18177
2025-11-20 13:29:59.002,131,18177
2025-11-20 13:29:59.002,131,18177
2025-11-20 13:29:59.003,131,18176
2025-11-20 13:29:59.003,131,18173
2025-11-20 13:29:59.003,131,18170
2025-11-20 13:30:00.001,134,19167
2025-11-20 13:30:00.001,134,19166
2025-11-20 13:30:00.002,134,19166
2025-11-20 13:30:00.002,134,19166
2025-11-20 13:30:00.002,134,19167
2025-11-20 13:30:00.002,134,19167
2025-11-20 13:30:00.003,134,19167
2025-11-20 13:30:00.003,134,19167
2025-11-20 13:30:01.000,134,20165
2025-11-20 13:30:01.000,134,20165
2025-11-20 13:30:01.001,134,20164
2025-11-20 13:30:01.001,134,20163
2025-11-20 13:30:01.001,134,20164
2025-11-20 13:30:01.002,134,20164
2025-11-20 13:30:01.002,134,20164
2025-11-20 13:30:01.002,134,20165
2025-11-20 13:30:02.001,134,21164
2025-11-20 13:30:02.001,134,17099
2025-11-20 13:30:02.002,134,17098
2025-11-20 13:30:02.002,134,17098
2025-11-20 13:30:02.002,134,17098
2025-11-20 13:30:02.002,134,17098
2025-11-20 13:30:02.002,134,17098
2025-11-20 13:30:02.002,134,17097
2025-11-20 13:30:03.001,134,18096
2025-11-20 13:30:03.001,134,18096
2025-11-20 13:30:03.002,134,18096
2025-11-20 13:30:03.002,134,18096
2025-11-20 13:30:03.002,134,18097
2025-11-20 13:30:03.002,134,18096
2025-11-20 13:30:03.003,134,18096
2025-11-20 13:30:03.003,134,18096
2025-11-20 13:30:04.000,133,19094
2025-11-20 13:30:04.000,133,19094
2025-11-20 13:30:04.001,133,19094
2025-11-20 13:30:04.001,133,19095
2025-11-20 13:30:04.001,133,19095
2025-11-20 13:30:04.002,133,19095
2025-11-20 13:30:04.002,133,19095
2025-11-20 13:30:04.002,133,13529
2025-11-20 13:30:05.001,131,14528
2025-11-20 13:30:05.002,131,14527
2025-11-20 13:30:05.002,131,14526
2025-11-20 13:30:05.002,131,14527
2025-11-20 13:30:05.002,131,14525
2025-11-20 13:30:05.002,131,14524
2025-11-20 13:30:05.004,131,14523
2025-11-20 13:30:05.004,131,14522
2025-11-20 13:30:06.001,131,15521
2025-11-20 13:30:06.001,131,15521
2025-11-20 13:30:06.001,131,15521
2025-11-20 13:30:06.002,131,15521
2025-11-20 13:30:06.002,131,15521
2025-11-20 13:30:06.002,131,15522
2025-11-20 13:30:06.002,131,15522
2025-11-20 13:30:06.003,131,15522
2025-11-20 13:30:07.001,131,16520
2025-11-20 13:30:07.001,131,16519
2025-11-20 13:30:07.002,131,15076
2025-11-20 13:30:07.002,131,15076
2025-11-20 13:30:07.002,131,15076
2025-11-20 13:30:07.003,131,15075
2025-11-20 13:30:07.003,131,15075
2025-11-20 13:30:07.003,131,15075
2025-11-20 13:30:08.000,115,16072
2025-11-20 13:30:08.001,115,16072
2025-11-20 13:30:08.001,115,16071
2025-11-20 13:30:08.002,115,16071
2025-11-20 13:30:08.002,115,16071
2025-11-20 13:30:08.003,115,16072
2025-11-20 13:30:08.003,115,16072
2025-11-20 13:30:08.003,115,16073
2025-11-20 13:30:09.001,104,17071
2025-11-20 13:30:09.001,104,17071
2025-11-20 13:30:09.001,104,17071
2025-11-20 13:30:09.002,104,17071
2025-11-20 13:30:09.002,104,14347
2025-11-20 13:30:09.002,104,14347
2025-11-20 13:30:09.002,104,14347
2025-11-20 13:30:09.003,104,14346
2025-11-20 13:30:10.001,104,15345
2025-11-20 13:30:10.001,104,15344
2025-11-20 13:30:10.002,104,15344
2025-11-20 13:30:10.002,104,15344
2025-11-20 13:30:10.002,104,15345
2025-11-20 13:30:10.003,104,15345
2025-11-20 13:30:10.003,104,15345
2025-11-20 13:30:10.003,104,15346
2025-11-20 13:30:11.001,105,16344
2025-11-20 13:30:11.001,105,16344
2025-11-20 13:30:11.001,105,16344
2025-11-20 13:30:11.002,105,16343
2025-11-20 13:30:11.002,105,16343
2025-11-20 13:30:11.002,105,14922
2025-11-20 13:30:11.002,105,14921
2025-11-20 13:30:11.003,105,14921
2025-11-20 13:30:12.001,93,15919
2025-11-20 13:30:12.002,93,15918
2025-11-20 13:30:12.002,93,15917
2025-11-20 13:30:12.002,93,15917
2025-11-20 13:30:12.003,93,15916
2025-11-20 13:30:12.003,93,15914
2025-11-20 13:30:12.003,93,15915
2025-11-20 13:30:12.003,93,15915
2025-11-20 13:30:13.001,93,16913
2025-11-20 13:30:13.001,93,16913
2025-11-20 13:30:13.001,93,16913
2025-11-20 13:30:13.002,93,16912
2025-11-20 13:30:13.002,93,16912
2025-11-20 13:30:13.002,93,16912
2025-11-20 13:30:13.002,93,15503
2025-11-20 13:30:13.003,93,15502
2025-11-20 13:30:14.000,94,16500
2025-11-20 13:30:14.001,94,16498
2025-11-20 13:30:14.001,94,16497
2025-11-20 13:30:14.001,94,16498
2025-11-20 13:30:14.002,94,16497
2025-11-20 13:30:14.002,94,16496
2025-11-20 13:30:14.002,94,16497
2025-11-20 13:30:14.002,94,16496
2025-11-20 13:30:15.001,94,17495
2025-11-20 13:30:15.002,94,17495
2025-11-20 13:30:15.002,94,17495
2025-11-20 13:30:15.002,94,17496
2025-11-20 13:30:15.003,94,17496
2025-11-20 13:30:15.003,94,17496
2025-11-20 13:30:15.003,94,14741
2025-11-20 13:30:15.003,94,14741
2025-11-20 13:30:16.001,94,15738
2025-11-20 13:30:16.001,94,15738
2025-11-20 13:30:16.002,94,15737
2025-11-20 13:30:16.002,94,15737
2025-11-20 13:30:16.002,94,15737
2025-11-20 13:30:16.002,94,15736
2025-11-20 13:30:16.002,94,15736
2025-11-20 13:30:16.003,94,15736
2025-11-20 13:30:17.001,88,16735
2025-11-20 13:30:17.001,88,16735
2025-11-20 13:30:17.002,88,16735
2025-11-20 13:30:17.002,88,16735
2025-11-20 13:30:17.002,88,16735
2025-11-20 13:30:17.003,88,16735
2025-11-20 13:30:17.003,88,13977
2025-11-20 13:30:17.003,88,13978
2025-11-20 13:30:18.000,88,14975
2025-11-20 13:30:18.000,88,14975
2025-11-20 13:30:18.001,88,14975
2025-11-20 13:30:18.001,88,14975
2025-11-20 13:30:18.001,88,14975
2025-11-20 13:30:18.001,88,14975
2025-11-20 13:30:18.002,88,14975
2025-11-20 13:30:18.002,88,14975
2025-11-20 13:30:19.000,83,15974
2025-11-20 13:30:19.001,83,15973
2025-11-20 13:30:19.001,83,15973
2025-11-20 13:30:19.001,83,15974
2025-11-20 13:30:19.001,83,15974
2025-11-20 13:30:19.002,83,14539
2025-11-20 13:30:19.002,83,14539
2025-11-20 13:30:19.002,83,14538
2025-11-20 13:30:20.000,80,15535
2025-11-20 13:30:20.001,80,15535
2025-11-20 13:30:20.001,80,15535
2025-11-20 13:30:20.001,80,15536
2025-11-20 13:30:20.001,80,15536
2025-11-20 13:30:20.002,80,15536
2025-11-20 13:30:20.002,80,15536
2025-11-20 13:30:20.002,80,15537
2025-11-20 13:30:21.000,80,16535
2025-11-20 13:30:21.001,80,16535
2025-11-20 13:30:21.001,80,16534
2025-11-20 13:30:21.001,80,12405
2025-11-20 13:30:21.001,80,12405
2025-11-20 13:30:21.002,80,12404
2025-11-20 13:30:21.002,80,12404
2025-11-20 13:30:21.002,80,12404
2025-11-20 13:30:22.000,90,13402
2025-11-20 13:30:22.001,90,13401
2025-11-20 13:30:22.001,90,13401
2025-11-20 13:30:22.002,90,13402
2025-11-20 13:30:22.002,90,13402
2025-11-20 13:30:22.002,90,13403
2025-11-20 13:30:22.003,90,13402
2025-11-20 13:30:22.003,90,13402
2025-11-20 13:30:23.001,74,14401
2025-11-20 13:30:23.001,74,11625
2025-11-20 13:30:23.002,74,11625
2025-11-20 13:30:23.002,74,11624
2025-11-20 13:30:23.002,74,11625
2025-11-20 13:30:23.002,74,11624
2025-11-20 13:30:23.003,74,11623
2025-11-20 13:30:23.003,74,11622
2025-11-20 13:30:23.998,68,12617
2025-11-20 13:30:23.998,68,12617
2025-11-20 13:30:23.999,68,12617
2025-11-20 13:30:23.999,68,12617
2025-11-20 13:30:23.999,68,12618
2025-11-20 13:30:23.999,68,12618
2025-11-20 13:30:24.000,68,9850
2025-11-20 13:30:24.000,68,9850
2025-11-20 13:30:25.000,68,10850
2025-11-20 13:30:25.000,68,10850
2025-11-20 13:30:25.001,68,10850
2025-11-20 13:30:25.001,68,10850
2025-11-20 13:30:25.001,68,10851
2025-11-20 13:30:25.001,68,10851
2025-11-20 13:30:25.002,68,10850
2025-11-20 13:30:25.002,68,10850
2025-11-20 13:30:26.000,63,11849
2025-11-20 13:30:26.000,63,11849
2025-11-20 13:30:26.000,63,11849
2025-11-20 13:30:26.001,63,9062
2025-11-20 13:30:26.001,63,9062
2025-11-20 13:30:26.001,63,9063
2025-11-20 13:30:26.002,63,9062
2025-11-20 13:30:26.002,63,9061
2025-11-20 13:30:27.000,47,10060
2025-11-20 13:30:27.001,47,10060
2025-11-20 13:30:27.001,47,10060
2025-11-20 13:30:27.001,47,10061
2025-11-20 13:30:27.002,47,10061
2025-11-20 13:30:27.002,47,10060
2025-11-20 13:30:27.002,47,10061
2025-11-20 13:30:27.002,47,10061
2025-11-20 13:30:28.000,47,9631
2025-11-20 13:30:28.001,47,9631
2025-11-20 13:30:28.001,47,9630
2025-11-20 13:30:28.001,47,9629
2025-11-20 13:30:28.002,47,9629
2025-11-20 13:30:28.002,47,9628
2025-11-20 13:30:28.002,47,9628
2025-11-20 13:30:28.002,47,9628
2025-11-20 13:30:29.000,52,10626
2025-11-20 13:30:29.001,52,10626
2025-11-20 13:30:29.001,52,10626
2025-11-20 13:30:29.001,52,10626
2025-11-20 13:30:29.002,52,10626
2025-11-20 13:30:29.002,52,9218
2025-11-20 13:30:29.002,52,9219
2025-11-20 13:30:29.002,52,9218
2025-11-20 13:30:30.001,50,10217
2025-11-20 13:30:30.002,50,10216
2025-11-20 13:30:30.002,50,10215
2025-11-20 13:30:30.002,50,10216
2025-11-20 13:30:30.002,50,10215
2025-11-20 13:30:30.002,50,10215
2025-11-20 13:30:30.003,50,10215
2025-11-20 13:30:30.003,50,10216
2025-11-20 13:30:31.001,50,11214
2025-11-20 13:30:31.001,50,11214
2025-11-20 13:30:31.001,50,7113
2025-11-20 13:30:31.002,50,7112
2025-11-20 13:30:31.002,50,7111
2025-11-20 13:30:31.002,50,7112
2025-11-20 13:30:31.002,50,7111
2025-11-20 13:30:31.003,50,7111
2025-11-20 13:30:32.001,42,8110
2025-11-20 13:30:32.001,42,8110
2025-11-20 13:30:32.001,42,8110
2025-11-20 13:30:32.002,42,8110
2025-11-20 13:30:32.002,42,8110
2025-11-20 13:30:32.002,42,8111
2025-11-20 13:30:32.002,42,8110
2025-11-20 13:30:32.003,42,5316
2025-11-20 13:30:33.002,48,6315
2025-11-20 13:30:33.002,48,6315
2025-11-20 13:30:33.002,48,6315
2025-11-20 13:30:33.003,48,6314
2025-11-20 13:30:33.003,48,6314
2025-11-20 13:30:33.003,48,6315
2025-11-20 13:30:33.003,48,6315
2025-11-20 13:30:33.004,48,6315
2025-11-20 13:30:34.001,48,7313
2025-11-20 13:30:34.001,48,7313
2025-11-20 13:30:34.001,48,7313
2025-11-20 13:30:34.002,48,7313
2025-11-20 13:30:34.002,48,4516
2025-11-20 13:30:34.002,48,4516
2025-11-20 13:30:34.002,48,4516
2025-11-20 13:30:34.003,48,4515
2025-11-20 13:30:35.001,40,5514
2025-11-20 13:30:35.002,40,5513
2025-11-20 13:30:35.002,40,5513
2025-11-20 13:30:35.002,40,5513
2025-11-20 13:30:35.003,40,5512
2025-11-20 13:30:35.003,40,5512
2025-11-20 13:30:35.003,40,5513
2025-11-20 13:30:35.003,40,5513
2025-11-20 13:30:36.001,26,6511
2025-11-20 13:30:36.002,26,6511
2025-11-20 13:30:36.002,26,3748
2025-11-20 13:30:36.002,26,3748
2025-11-20 13:30:36.003,26,3748
2025-11-20 13:30:36.003,26,3747
2025-11-20 13:30:36.003,26,3748
2025-11-20 13:30:36.003,26,3747
2025-11-20 13:30:37.001,26,4744
2025-11-20 13:30:37.001,26,4744
2025-11-20 13:30:37.001,26,4744
2025-11-20 13:30:37.002,26,4744
2025-11-20 13:30:37.002,26,4744
2025-11-20 13:30:37.002,26,4745
2025-11-20 13:30:37.003,26,4745
2025-11-20 13:30:37.003,26,4745
2025-11-20 13:30:38.001,15,2961
2025-11-20 13:30:38.001,15,2961
2025-11-20 13:30:38.001,15,2960
2025-11-20 13:30:38.002,15,2959
2025-11-20 13:30:38.002,15,2959
2025-11-20 13:30:38.002,15,2959
2025-11-20 13:30:38.002,15,2959
2025-11-20 13:30:38.003,15,2959
2025-11-20 13:30:39.001,15,3958
2025-11-20 13:30:39.002,15,3958
2025-11-20 13:30:39.002,15,3957
2025-11-20 13:30:39.002,15,3958
2025-11-20 13:30:39.002,15,3958
2025-11-20 13:30:39.002,15,3958
2025-11-20 13:30:39.003,15,3957
2025-11-20 13:30:39.003,15,1170
2025-11-20 13:30:40.001,31,2168
2025-11-20 13:30:40.001,31,2168
2025-11-20 13:30:40.001,31,2167
2025-11-20 13:30:40.001,31,2167
2025-11-20 13:30:40.002,31,2167
2025-11-20 13:30:40.002,31,2166
2025-11-20 13:30:40.002,31,2165
2025-11-20 13:30:40.002,31,2165
2025-11-20 13:30:41.000,17,3163
2025-11-20 13:30:41.001,17,3163
2025-11-20 13:30:41.001,17,3163
2025-11-20 13:30:41.001,17,3163
2025-11-20 13:30:41.002,17,3163
2025-11-20 13:30:41.002,17,3163
2025-11-20 13:30:41.002,17,3164
2025-11-20 13:30:41.003,17,386
2025-11-20 13:30:42.000,17,1383
2025-11-20 13:30:42.000,17,1383
2025-11-20 13:30:42.001,17,1382
2025-11-20 13:30:42.001,17,1382
2025-11-20 13:30:42.001,17,1382
2025-11-20 13:30:42.001,17,1381
2025-11-20 13:30:42.002,17,1380
2025-11-20 13:30:42.002,17,1380
2025-11-20 13:30:43.001,16,2380
2025-11-20 13:30:43.001,16,2380
2025-11-20 13:30:43.001,16,2380
2025-11-20 13:30:43.001,16,2380
2025-11-20 13:30:43.002,16,2380
2025-11-20 13:30:43.002,16,2379
2025-11-20 13:30:43.002,16,2380
2025-11-20 13:30:43.002,16,2380
2025-11-20 13:30:44.001,9,599
2025-11-20 13:30:44.001,9,598
2025-11-20 13:30:44.001,9,598
2025-11-20 13:30:44.002,9,597
2025-11-20 13:30:44.002,9,597
2025-11-20 13:30:44.002,9,597
2025-11-20 13:30:44.002,9,596
2025-11-20 13:30:44.003,9,596
2025-11-20 13:30:45.000,9,1593
2025-11-20 13:30:45.000,9,1593
2025-11-20 13:30:45.001,9,1593
2025-11-20 13:30:45.001,9,1593
2025-11-20 13:30:45.001,9,1594
2025-11-20 13:30:45.001,9,1594
2025-11-20 13:30:45.002,9,1592
2025-11-20 13:30:45.002,9,1592
2025-11-20 13:30:46.000,10,2591
2025-11-20 13:30:46.001,10,2590
2025-11-20 13:30:47.576,2,2
2025-11-20 13:30:47.579,4,4
2025-11-20 13:30:47.579,4,4
2025-11-20 13:30:47.580,4,3
2025-11-20 13:30:47.580,4,2
2025-11-20 13:30:47.581,4,2
2025-11-20 13:30:47.582,4,1
2025-11-20 13:30:47.583,4,2
2025-11-20 13:30:48.000,4,419
2025-11-20 13:30:48.000,4,419
2025-11-20 13:30:48.001,4,419
2025-11-20 13:30:48.001,4,420
2025-11-20 13:30:48.001,4,419
2025-11-20 13:30:48.001,4,419
2025-11-20 13:30:48.002,4,419
2025-11-20 13:30:48.002,4,419
2025-11-20 13:30:49.001,4,1419
2025-11-20 13:30:49.001,4,1419
2025-11-20 13:30:51.756,0,2
2025-11-20 13:30:51.757,0,2
2025-11-20 13:30:51.758,0,1
2025-11-20 13:30:51.760,0,4
2025-11-20 13:30:51.760,0,3
2025-11-20 13:30:51.761,6,1
2025-11-20 13:30:51.764,6,1
2025-11-20 13:30:51.765,6,4
2025-11-20 13:30:53.001,6,1241
2025-11-20 13:30:53.001,6,1241
2025-11-20 13:30:53.001,6,1241
2025-11-20 13:30:53.002,6,1241
2025-11-20 13:30:53.002,6,1241
2025-11-20 13:30:53.002,6,1241
2025-11-20 13:30:53.002,6,1241
2025-11-20 13:30:53.003,6,1241
2025-11-20 13:30:54.000,16,2239
2025-11-20 13:30:54.000,16,2237
2025-11-20 13:30:54.000,16,2237
2025-11-20 13:30:54.546,16,3
2025-11-20 13:30:54.549,8,5
2025-11-20 13:30:54.549,8,5
2025-11-20 13:30:54.550,8,4
2025-11-20 13:30:54.550,8,3
2025-11-20 13:30:55.000,8,453
2025-11-20 13:30:55.001,8,453
2025-11-20 13:30:55.001,8,453
2025-11-20 13:30:55.001,8,454
2025-11-20 13:30:55.001,8,454
2025-11-20 13:30:55.002,8,453
2025-11-20 13:30:55.002,8,453
2025-11-20 13:30:55.002,8,454
2025-11-20 13:30:56.000,8,1452
2025-11-20 13:30:56.005,8,1452
2025-11-20 13:30:56.006,8,1451
2025-11-20 13:30:56.007,8,1456
2025-11-20 13:30:56.011,8,1457
2025-11-20 13:30:56.014,8,1458
2025-11-20 13:30:57.333,6,2
2025-11-20 13:30:57.336,6,4
2025-11-20 13:30:57.336,13,4
2025-11-20 13:30:57.337,13,3
2025-11-20 13:30:57.337,13,3
2025-11-20 13:30:57.338,18,4
2025-11-20 13:30:57.338,18,4
2025-11-20 13:30:57.339,18,5
2025-11-20 13:30:58.001,18,667
2025-11-20 13:30:58.001,18,667
2025-11-20 13:30:58.002,18,667
2025-11-20 13:30:58.002,18,667
2025-11-20 13:30:58.002,18,668
2025-11-20 13:30:58.002,18,667
2025-11-20 13:30:58.002,18,667
2025-11-20 13:30:58.003,18,667
2025-11-20 13:30:59.001,18,1666
2025-11-20 13:30:59.001,18,1666
2025-11-20 13:30:59.001,18,1666
2025-11-20 13:31:01.494,0,2
2025-11-20 13:31:01.496,2,3
2025-11-20 13:31:01.496,2,2
2025-11-20 13:31:01.497,2,2
2025-11-20 13:31:01.499,2,3
2025-11-20 13:31:01.500,2,2
2025-11-20 13:31:01.501,2,2
2025-11-20 13:31:01.501,2,2
2025-11-20 13:31:02.000,2,501
2025-11-20 13:31:02.001,2,501
2025-11-20 13:31:02.001,2,501
2025-11-20 13:31:02.001,2,502
2025-11-20 13:31:02.002,2,502
2025-11-20 13:31:02.002,2,502
2025-11-20 13:31:02.002,2,503
2025-11-20 13:31:02.003,2,502
2025-11-20 13:31:03.001,2,1501
2025-11-20 13:31:03.001,2,1501
2025-11-20 13:31:05.689,0,1
2025-11-20 13:31:05.691,3,3
2025-11-20 13:31:05.692,3,3
2025-11-20 13:31:05.692,3,2
2025-11-20 13:31:05.692,3,3
2025-11-20 13:31:05.692,3,3
2025-11-20 13:31:05.693,3,3
2025-11-20 13:31:05.693,3,4
2025-11-20 13:31:07.001,17,1312
2025-11-20 13:31:07.001,17,1312
2025-11-20 13:31:07.001,17,1311
2025-11-20 13:31:07.002,17,1311
2025-11-20 13:31:07.002,17,1312
2025-11-20 13:31:07.002,17,1312
2025-11-20 13:31:07.002,17,1311
2025-11-20 13:31:07.003,17,1311
2025-11-20 13:31:08.001,9,2310
2025-11-20 13:31:11.238,0,1
2025-11-20 13:31:11.240,0,3
2025-11-20 13:31:11.242,3,3
2025-11-20 13:31:11.242,3,2
2025-11-20 13:31:11.243,3,2
2025-11-20 13:31:11.244,3,2
2025-11-20 13:31:11.245,6,2
2025-11-20 13:31:11.246,6,1
2025-11-20 13:31:12.001,6,756
2025-11-20 13:31:12.001,6,756
2025-11-20 13:31:12.001,6,756
2025-11-20 13:31:12.002,6,756
2025-11-20 13:31:12.002,6,757
2025-11-20 13:31:12.002,6,757
2025-11-20 13:31:12.002,6,757
2025-11-20 13:31:16.834,0,2
2025-11-20 13:31:16.834,0,1
2025-11-20 13:31:16.835,0,1
2025-11-20 13:31:16.836,4,2
2025-11-20 13:31:16.836,4,2
2025-11-20 13:31:16.836,4,1
2025-11-20 13:31:16.837,4,1
2025-11-20 13:31:16.837,4,1
2025-11-20 13:31:18.001,4,1166
2025-11-20 13:31:18.002,4,1166
2025-11-20 13:31:18.002,4,1166
2025-11-20 13:31:18.002,4,1167
2025-11-20 13:31:20.994,0,2
2025-11-20 13:31:20.995,0,2
2025-11-20 13:31:20.995,0,2
2025-11-20 13:31:20.996,0,2
2025-11-20 13:31:20.996,0,2
2025-11-20 13:31:20.997,0,2
2025-11-20 13:31:20.997,0,1
2025-11-20 13:31:20.999,0,2
2025-11-20 13:31:22.000,0,1003
2025-11-20 13:31:22.000,0,1003
2025-11-20 13:31:22.001,0,1003
2025-11-20 13:31:23.800,0,1
2025-11-20 13:31:23.801,0,1
2025-11-20 13:31:23.803,0,2
2025-11-20 13:31:23.803,0,2
2025-11-20 13:31:23.803,0,1
2025-11-20 13:31:23.804,0,1
2025-11-20 13:31:23.805,0,2
2025-11-20 13:31:23.805,0,1
2025-11-20 13:31:25.000,0,1196
2025-11-20 13:31:25.001,0,1196
2025-11-20 13:31:26.565,2,1
2025-11-20 13:31:26.566,2,2
2025-11-20 13:31:26.567,2,2
2025-11-20 13:31:26.567,2,2
2025-11-20 13:31:26.567,2,1
2025-11-20 13:31:26.568,2,2
2025-11-20 13:31:26.569,2,2
2025-11-20 13:31:26.569,2,1
2025-11-20 13:31:27.000,2,432
2025-11-20 13:31:27.981,2,2
2025-11-20 13:31:27.982,2,2
2025-11-20 13:31:27.985,2,4
2025-11-20 13:31:27.985,2,4
2025-11-20 13:31:27.986,2,3
2025-11-20 13:31:27.986,2,2
2025-11-20 13:31:27.986,2,2
2025-11-20 13:31:27.986,2,2
2025-11-20 13:31:32.155,0,1
2025-11-20 13:31:32.156,0,2
2025-11-20 13:31:32.157,0,2
2025-11-20 13:31:32.158,0,2
2025-11-20 13:31:32.159,0,2
2025-11-20 13:31:32.159,0,2
2025-11-20 13:31:34.940,0,2
2025-11-20 13:31:34.941,0,2
2025-11-20 13:31:34.941,0,1
2025-11-20 13:31:34.944,0,4
2025-11-20 13:31:34.944,0,3
2025-11-20 13:31:37.742,0,1
2025-11-20 13:31:37.743,0,2
2025-11-20 13:31:37.744,0,1
2025-11-20 13:31:37.748,0,5
2025-11-20 13:31:43.270,0,2
2025-11-20 13:31:43.270,0,1
2025-11-20 13:31:43.272,3,3
2025-11-20 13:31:47.462,0,2
2025-11-20 13:31:47.463,0,2
2025-11-20 13:31:47.464,0,1
2025-11-20 13:31:51.619,0,1
2025-11-20 13:31:51.622,3,4
2025-11-20 13:31:51.622,3,3
2025-11-20 13:31:55.810,0,1
2025-11-20 13:31:55.814,0,5
2025-11-20 13:31:55.814,0,4
2025-11-20 13:31:57.209,2,1
2025-11-20 13:31:57.211,2,3
2025-11-20 13:31:57.212,2,2
2025-11-20 13:32:00.009,3,2
2025-11-20 13:32:00.012,3,5
2025-11-20 13:32:00.012,3,4
2025-11-20 13:32:02.771,0,1
2025-11-20 13:32:02.772,0,1
2025-11-20 13:32:02.772,0,1
2025-11-20 13:32:02.774,0,3
2025-11-20 13:32:04.176,0,1
2025-11-20 13:32:04.178,6,3
2025-11-20 13:32:04.179,6,2
2025-11-20 13:32:04.179,6,3
2025-11-20 13:32:04.180,6,2
2025-11-20 13:32:06.964,5,2
2025-11-20 13:32:06.967,5,4
2025-11-20 13:32:06.968,6,4
2025-11-20 13:32:06.968,6,3
2025-11-20 13:32:06.968,6,3
2025-11-20 13:32:06.969,5,4
2025-11-20 13:32:11.154,0,2
2025-11-20 13:32:11.157,0,4
2025-11-20 13:32:11.157,0,3
2025-11-20 13:32:11.158,6,3
2025-11-20 13:32:11.160,6,3
2025-11-20 13:32:11.160,6,3
2025-11-20 13:32:11.161,6,3
2025-11-20 13:32:11.162,6,2
2025-11-20 13:32:15.308,0,2
2025-11-20 13:32:15.310,3,3
2025-11-20 13:32:15.310,3,3
2025-11-20 13:32:15.310,3,2
2025-11-20 13:32:15.311,3,2
2025-11-20 13:32:15.311,3,1
2025-11-20 13:32:15.311,3,1
2025-11-20 13:32:15.312,3,1
2025-11-20 13:32:16.000,3,690
2025-11-20 13:32:16.691,3,2
2025-11-20 13:32:16.693,3,3
2025-11-20 13:32:16.693,3,3
2025-11-20 13:32:16.693,3,2
2025-11-20 13:32:16.693,3,2
2025-11-20 13:32:16.693,3,1
2025-11-20 13:32:16.694,3,2
2025-11-20 13:32:16.694,3,1
2025-11-20 13:32:18.000,3,1307
2025-11-20 13:32:18.001,3,1307
2025-11-20 13:32:18.118,3,1
2025-11-20 13:32:18.119,3,2
2025-11-20 13:32:18.121,4,3
2025-11-20 13:32:18.122,4,2
2025-11-20 13:32:18.122,4,2
2025-11-20 13:32:18.123,4,2
2025-11-20 13:32:19.000,4,879
2025-11-20 13:32:19.001,4,879
2025-11-20 13:32:19.001,4,879
2025-11-20 13:32:19.001,4,880
2025-11-20 13:32:19.504,4,1
2025-11-20 13:32:19.506,4,3
2025-11-20 13:32:19.506,4,2
2025-11-20 13:32:19.507,4,2
2025-11-20 13:32:20.001,4,496
2025-11-20 13:32:20.001,4,495
2025-11-20 13:32:20.001,4,495
2025-11-20 13:32:20.002,4,495
2025-11-20 13:32:20.002,4,495
2025-11-20 13:32:20.002,4,496
2025-11-20 13:32:20.002,4,496
2025-11-20 13:32:23.669,0,2
2025-11-20 13:32:23.671,3,3
2025-11-20 13:32:23.671,3,3
2025-11-20 13:32:23.671,3,3
2025-11-20 13:32:23.672,3,3
2025-11-20 13:32:23.672,3,2
2025-11-20 13:32:23.673,3,1
2025-11-20 13:32:23.673,3,1
2025-11-20 13:32:25.000,3,1327
2025-11-20 13:32:25.001,3,1326
2025-11-20 13:32:25.001,3,1326
2025-11-20 13:32:25.002,3,1327
2025-11-20 13:32:25.002,3,1327
2025-11-20 13:32:26.480,5,2
2025-11-20 13:32:26.481,5,1
2025-11-20 13:32:26.483,3,3
2025-11-20 13:32:26.484,3,2
2025-11-20 13:32:26.485,3,2
2025-11-20 13:32:26.485,3,2
2025-11-20 13:32:26.486,3,1
2025-11-20 13:32:26.486,3,1
2025-11-20 13:32:27.000,3,516
2025-11-20 13:32:27.000,3,516
2025-11-20 13:32:27.001,3,516
2025-11-20 13:32:27.001,3,517
2025-11-20 13:32:27.001,3,517
2025-11-20 13:32:27.001,3,517
2025-11-20 13:32:30.613,0,1
2025-11-20 13:32:30.614,0,2
2025-11-20 13:32:30.616,4,3
2025-11-20 13:32:30.616,4,2
2025-11-20 13:32:30.616,4,1
2025-11-20 13:32:30.617,4,1
2025-11-20 13:32:30.618,4,1
2025-11-20 13:32:30.618,4,1
2025-11-20 13:32:31.000,4,384
2025-11-20 13:32:31.001,4,384
2025-11-20 13:32:31.001,4,384
2025-11-20 13:32:31.001,4,385
2025-11-20 13:32:31.002,4,385
2025-11-20 13:32:31.002,4,385
2025-11-20 13:32:31.002,4,386
2025-11-20 13:32:31.002,4,385
2025-11-20 13:32:33.411,0,2
2025-11-20 13:32:33.414,0,4
2025-11-20 13:32:33.414,0,4
2025-11-20 13:32:33.414,5,3
2025-11-20 13:32:33.415,5,2
2025-11-20 13:32:33.415,5,2
2025-11-20 13:32:33.416,5,2
2025-11-20 13:32:33.416,5,2
2025-11-20 13:32:34.000,16,586
2025-11-20 13:32:34.000,16,586
2025-11-20 13:32:34.001,16,586
2025-11-20 13:32:34.001,16,585
2025-11-20 13:32:34.001,16,586
2025-11-20 13:32:34.001,16,586
2025-11-20 13:32:34.001,16,586
2025-11-20 13:32:34.002,16,586
2025-11-20 13:32:35.001,16,1586
2025-11-20 13:32:37.580,0,2
2025-11-20 13:32:37.581,3,2
2025-11-20 13:32:37.582,3,2
2025-11-20 13:32:37.582,3,1
2025-11-20 13:32:37.582,3,2
2025-11-20 13:32:37.583,3,1
2025-11-20 13:32:37.583,3,1
2025-11-20 13:32:37.584,3,1
2025-11-20 13:32:38.001,3,419
2025-11-20 13:32:38.001,3,419
2025-11-20 13:32:38.001,3,419
2025-11-20 13:32:38.002,3,419
2025-11-20 13:32:38.002,3,420
2025-11-20 13:32:38.002,3,420
2025-11-20 13:32:38.002,3,420
2025-11-20 13:32:38.002,3,420
2025-11-20 13:32:39.001,3,1418
2025-11-20 13:32:40.379,1,2
2025-11-20 13:32:40.382,1,4
2025-11-20 13:32:40.382,1,4
2025-11-20 13:32:40.383,6,3
2025-11-20 13:32:40.383,6,2
2025-11-20 13:32:40.383,6,3
2025-11-20 13:32:40.384,6,2
2025-11-20 13:32:40.385,6,2
2025-11-20 13:32:41.001,12,619
2025-11-20 13:32:41.010,12,618
2025-11-20 13:32:41.022,12,617
2025-11-20 13:32:41.024,12,626
2025-11-20 13:32:41.025,12,638
2025-11-20 13:32:41.026,12,640
2025-11-20 13:32:41.027,12,641
2025-11-20 13:32:41.035,12,642
2025-11-20 13:32:42.001,12,1616
2025-11-20 13:32:42.001,12,1616
2025-11-20 13:32:44.558,0,2
2025-11-20 13:32:44.559,0,3
2025-11-20 13:32:44.559,0,2
2025-11-20 13:32:44.560,0,2
2025-11-20 13:32:44.561,6,3
2025-11-20 13:32:44.561,6,3
2025-11-20 13:32:44.562,6,3
2025-11-20 13:32:44.563,6,2
2025-11-20 13:32:45.001,6,440
2025-11-20 13:32:45.001,6,439
2025-11-20 13:32:45.004,6,439
2025-11-20 13:32:45.004,6,439
2025-11-20 13:32:45.005,6,442
2025-11-20 13:32:45.005,6,442
2025-11-20 13:32:45.006,6,443
2025-11-20 13:32:45.006,6,441
2025-11-20 13:32:46.000,6,1436
2025-11-20 13:32:46.001,6,1436
2025-11-20 13:32:46.001,6,1336
2025-11-20 13:32:46.002,6,1336
2025-11-20 13:32:46.002,6,1336
2025-11-20 13:32:46.002,6,1336
2025-11-20 13:32:46.002,6,1334
2025-11-20 13:32:46.003,6,1333
2025-11-20 13:32:47.001,38,2332
2025-11-20 13:32:47.002,38,2331
2025-11-20 13:32:47.002,38,2330
2025-11-20 13:32:47.002,38,2331
2025-11-20 13:32:47.002,38,2331
2025-11-20 13:32:47.003,38,2331
2025-11-20 13:32:47.003,38,2331
2025-11-20 13:32:47.003,38,2332
2025-11-20 13:32:48.000,38,3329
2025-11-20 13:32:48.001,38,3329
2025-11-20 13:32:48.001,38,3329
2025-11-20 13:32:48.002,38,3329
2025-11-20 13:32:48.002,38,3238
2025-11-20 13:32:48.002,38,3238
2025-11-20 13:32:48.002,38,3238
2025-11-20 13:32:48.002,38,3237
2025-11-20 13:32:49.001,22,4236
2025-11-20 13:32:49.002,22,4235
2025-11-20 13:32:49.002,22,4235
2025-11-20 13:32:49.002,22,4236
2025-11-20 13:32:49.002,22,4236
2025-11-20 13:32:49.003,22,4236
2025-11-20 13:32:49.003,22,4236
2025-11-20 13:32:49.003,22,4237
2025-11-20 13:32:50.001,22,5235
2025-11-20 13:32:50.001,22,5234
2025-11-20 13:32:50.001,22,5234
2025-11-20 13:32:50.002,22,5234
2025-11-20 13:32:50.002,22,5234
2025-11-20 13:32:50.002,22,5235
