timestamp,lag,wait_ms
2025-10-30 19:32:11.882,0,19
2025-10-30 19:32:11.882,0,19
2025-10-30 19:32:11.882,0,19
2025-10-30 19:32:11.882,0,19
2025-10-30 19:32:11.882,0,19
2025-10-30 19:32:11.882,0,19
2025-10-30 19:32:11.882,0,19
2025-10-30 19:32:11.882,0,19
2025-10-30 19:32:11.882,0,19
2025-10-30 19:32:11.882,0,19
2025-10-30 19:32:13.873,0,4
2025-10-30 19:32:13.878,4,8
2025-10-30 19:32:13.878,4,5
2025-10-30 19:32:13.878,4,5
2025-10-30 19:32:13.878,4,4
2025-10-30 19:32:13.878,4,4
2025-10-30 19:32:13.878,4,4
2025-10-30 19:32:13.878,4,4
2025-10-30 19:32:13.878,4,4
2025-10-30 19:32:13.878,4,3
2025-10-30 19:32:16.857,0,4
2025-10-30 19:32:16.862,0,8
2025-10-30 19:32:16.862,0,7
2025-10-30 19:32:16.862,0,7
2025-10-30 19:32:16.862,0,6
2025-10-30 19:32:16.862,0,5
2025-10-30 19:32:16.862,0,5
2025-10-30 19:32:16.862,0,4
2025-10-30 19:32:16.862,0,4
2025-10-30 19:32:16.862,0,4
2025-10-30 19:32:18.879,9,3
2025-10-30 19:32:18.879,9,3
2025-10-30 19:32:18.885,10,9
2025-10-30 19:32:18.885,10,8
2025-10-30 19:32:18.885,10,8
2025-10-30 19:32:18.885,10,8
2025-10-30 19:32:18.885,10,7
2025-10-30 19:32:18.885,10,7
2025-10-30 19:32:18.885,10,7
2025-10-30 19:32:18.885,10,7
2025-10-30 19:32:20.896,8,4
2025-10-30 19:32:20.902,6,10
2025-10-30 19:32:20.902,6,9
2025-10-30 19:32:20.902,6,9
2025-10-30 19:32:20.902,6,9
2025-10-30 19:32:20.902,6,9
2025-10-30 19:32:20.903,6,3
2025-10-30 19:32:20.906,10,7
2025-10-30 19:32:20.906,10,6
2025-10-30 19:32:20.906,10,6
2025-10-30 19:32:22.000,7,91
2025-10-30 19:32:22.000,7,90
2025-10-30 19:32:22.000,7,90
2025-10-30 19:32:22.000,7,89
2025-10-30 19:32:22.000,7,88
2025-10-30 19:32:22.000,7,88
2025-10-30 19:32:22.000,7,88
2025-10-30 19:32:22.000,7,87
2025-10-30 19:32:22.000,7,86
2025-10-30 19:32:22.000,7,86
2025-10-30 19:32:23.001,6,73
2025-10-30 19:32:23.001,6,72
2025-10-30 19:32:23.001,6,72
2025-10-30 19:32:23.001,6,70
2025-10-30 19:32:23.001,6,70
2025-10-30 19:32:23.001,6,69
2025-10-30 19:32:23.001,6,69
2025-10-30 19:32:23.001,6,69
2025-10-30 19:32:23.001,6,68
2025-10-30 19:32:23.001,6,68
2025-10-30 19:32:24.001,10,60
2025-10-30 19:32:24.001,10,59
2025-10-30 19:32:24.001,10,59
2025-10-30 19:32:24.001,10,59
2025-10-30 19:32:24.001,10,59
2025-10-30 19:32:24.001,10,58
2025-10-30 19:32:24.001,10,57
2025-10-30 19:32:24.001,10,57
2025-10-30 19:32:24.001,10,57
2025-10-30 19:32:24.001,10,57
2025-10-30 19:32:25.894,0,3
2025-10-30 19:32:25.898,10,7
2025-10-30 19:32:25.898,10,6
2025-10-30 19:32:25.898,10,6
2025-10-30 19:32:25.898,10,6
2025-10-30 19:32:25.898,10,6
2025-10-30 19:32:25.899,10,6
2025-10-30 19:32:25.899,10,6
2025-10-30 19:32:25.899,10,6
2025-10-30 19:32:25.899,10,6
2025-10-30 19:32:27.001,0,88
2025-10-30 19:32:27.001,0,87
2025-10-30 19:32:27.001,0,86
2025-10-30 19:32:27.001,0,86
2025-10-30 19:32:27.001,0,85
2025-10-30 19:32:27.001,0,85
2025-10-30 19:32:27.001,0,85
2025-10-30 19:32:27.001,0,84
2025-10-30 19:32:27.001,0,84
2025-10-30 19:32:27.001,0,84
2025-10-30 19:32:28.000,10,78
2025-10-30 19:32:28.000,10,78
2025-10-30 19:32:28.000,10,77
2025-10-30 19:32:28.000,10,77
2025-10-30 19:32:28.000,10,77
2025-10-30 19:32:28.000,10,77
2025-10-30 19:32:28.000,10,76
2025-10-30 19:32:28.001,10,76
2025-10-30 19:32:28.001,10,76
2025-10-30 19:32:28.001,10,77
2025-10-30 19:32:29.000,0,47
2025-10-30 19:32:29.000,0,46
2025-10-30 19:32:29.000,0,45
2025-10-30 19:32:29.000,0,45
2025-10-30 19:32:29.000,0,45
2025-10-30 19:32:29.000,0,45
2025-10-30 19:32:29.000,0,45
2025-10-30 19:32:29.000,0,45
2025-10-30 19:32:29.000,0,44
2025-10-30 19:32:29.000,0,44
2025-10-30 19:32:30.070,0,3
2025-10-30 19:32:30.073,0,5
2025-10-30 19:32:30.073,0,5
2025-10-30 19:32:30.073,0,5
2025-10-30 19:32:30.073,0,4
2025-10-30 19:32:30.073,0,4
2025-10-30 19:32:30.073,0,4
2025-10-30 19:32:30.073,0,4
2025-10-30 19:32:30.073,0,3
2025-10-30 19:32:30.074,0,4
2025-10-30 19:32:31.001,10,25
2025-10-30 19:32:31.001,10,24
2025-10-30 19:32:31.001,10,24
2025-10-30 19:32:31.001,10,24
2025-10-30 19:32:31.001,10,23
2025-10-30 19:32:31.001,10,23
2025-10-30 19:32:31.001,10,23
2025-10-30 19:32:31.001,10,23
2025-10-30 19:32:31.001,10,23
2025-10-30 19:32:31.001,10,23
2025-10-30 19:32:32.000,10,941
2025-10-30 19:32:32.000,10,941
2025-10-30 19:32:32.000,10,941
2025-10-30 19:32:32.000,10,940
2025-10-30 19:32:32.000,10,940
2025-10-30 19:32:32.000,10,939
2025-10-30 19:32:32.000,10,939
2025-10-30 19:32:32.000,10,939
2025-10-30 19:32:32.000,10,939
2025-10-30 19:32:32.000,10,939
2025-10-30 19:32:33.001,10,995
2025-10-30 19:32:33.001,10,995
2025-10-30 19:32:33.001,10,993
2025-10-30 19:32:33.001,10,993
2025-10-30 19:32:33.001,10,992
2025-10-30 19:32:33.001,10,992
2025-10-30 19:32:33.001,10,992
2025-10-30 19:32:33.001,10,991
2025-10-30 19:32:33.001,10,991
2025-10-30 19:32:33.001,10,991
2025-10-30 19:32:34.000,20,1898
2025-10-30 19:32:34.000,20,1898
2025-10-30 19:32:34.000,20,1898
2025-10-30 19:32:34.000,20,1897
2025-10-30 19:32:34.000,20,1897
2025-10-30 19:32:34.000,20,1896
2025-10-30 19:32:34.000,20,1896
2025-10-30 19:32:34.000,20,1896
2025-10-30 19:32:34.000,20,1895
2025-10-30 19:32:34.000,20,1895
2025-10-30 19:32:35.001,30,1994
2025-10-30 19:32:35.001,30,1993
2025-10-30 19:32:35.001,30,1993
2025-10-30 19:32:35.001,30,1993
2025-10-30 19:32:35.001,30,1992
2025-10-30 19:32:35.001,30,1992
2025-10-30 19:32:35.001,30,1992
2025-10-30 19:32:35.001,30,1992
2025-10-30 19:32:35.001,30,1991
2025-10-30 19:32:35.001,30,1991
2025-10-30 19:32:36.000,50,2918
2025-10-30 19:32:36.000,50,2918
2025-10-30 19:32:36.000,50,2918
2025-10-30 19:32:36.000,50,2917
2025-10-30 19:32:36.000,50,2917
2025-10-30 19:32:36.000,50,2917
2025-10-30 19:32:36.000,50,2917
2025-10-30 19:32:36.000,50,2917
2025-10-30 19:32:36.000,50,2916
2025-10-30 19:32:36.000,50,2916
2025-10-30 19:32:37.000,58,2982
2025-10-30 19:32:37.000,58,2981
2025-10-30 19:32:37.000,58,2981
2025-10-30 19:32:37.000,58,2981
2025-10-30 19:32:37.000,58,2981
2025-10-30 19:32:37.000,58,2980
2025-10-30 19:32:37.000,58,2980
2025-10-30 19:32:37.000,58,2980
2025-10-30 19:32:37.000,58,2980
2025-10-30 19:32:37.000,58,2980
2025-10-30 19:32:38.001,58,3908
2025-10-30 19:32:38.001,58,3908
2025-10-30 19:32:38.001,58,3908
2025-10-30 19:32:38.001,58,3908
2025-10-30 19:32:38.001,58,3908
2025-10-30 19:32:38.001,58,3907
2025-10-30 19:32:38.001,58,3907
2025-10-30 19:32:38.001,58,3907
2025-10-30 19:32:38.001,58,3906
2025-10-30 19:32:38.001,58,3906
2025-10-30 19:32:39.000,66,3970
2025-10-30 19:32:39.000,66,3970
2025-10-30 19:32:39.000,66,3969
2025-10-30 19:32:39.000,66,3969
2025-10-30 19:32:39.000,66,3969
2025-10-30 19:32:39.000,66,3969
2025-10-30 19:32:39.000,66,3969
2025-10-30 19:32:39.000,66,3969
2025-10-30 19:32:39.000,66,3968
2025-10-30 19:32:39.000,66,3968
2025-10-30 19:32:40.000,64,4027
2025-10-30 19:32:40.000,64,4027
2025-10-30 19:32:40.000,64,4026
2025-10-30 19:32:40.000,64,4026
2025-10-30 19:32:40.000,64,4026
2025-10-30 19:32:40.000,64,4026
2025-10-30 19:32:40.000,64,4026
2025-10-30 19:32:40.000,64,4026
2025-10-30 19:32:40.000,64,4026
2025-10-30 19:32:40.000,64,4025
2025-10-30 19:32:41.001,90,4952
2025-10-30 19:32:41.001,90,4951
2025-10-30 19:32:41.001,90,4951
2025-10-30 19:32:41.001,90,4951
2025-10-30 19:32:41.001,90,4951
2025-10-30 19:32:41.001,90,4951
2025-10-30 19:32:41.001,90,4951
2025-10-30 19:32:41.001,90,4950
2025-10-30 19:32:41.001,90,4950
2025-10-30 19:32:41.001,90,4014
2025-10-30 19:32:42.000,107,5013
2025-10-30 19:32:42.000,107,5012
2025-10-30 19:32:42.000,107,5012
2025-10-30 19:32:42.000,107,5012
2025-10-30 19:32:42.000,107,5012
2025-10-30 19:32:42.000,107,5011
2025-10-30 19:32:42.000,107,5011
2025-10-30 19:32:42.000,107,5011
2025-10-30 19:32:42.000,107,4939
2025-10-30 19:32:42.000,107,4938
2025-10-30 19:32:43.000,124,5938
2025-10-30 19:32:43.000,124,5938
2025-10-30 19:32:43.000,124,5938
2025-10-30 19:32:43.000,124,5938
2025-10-30 19:32:43.000,124,5937
2025-10-30 19:32:43.000,124,5937
2025-10-30 19:32:43.000,124,5937
2025-10-30 19:32:43.000,124,4981
2025-10-30 19:32:43.000,124,4980
2025-10-30 19:32:43.000,124,4980
2025-10-30 19:32:44.001,141,5980
2025-10-30 19:32:44.001,141,5979
2025-10-30 19:32:44.001,141,5979
2025-10-30 19:32:44.001,141,5979
2025-10-30 19:32:44.001,141,5979
2025-10-30 19:32:44.001,141,5979
2025-10-30 19:32:44.001,141,5895
2025-10-30 19:32:44.001,141,5894
2025-10-30 19:32:44.001,141,5894
2025-10-30 19:32:44.001,141,5894
2025-10-30 19:32:45.000,141,6893
2025-10-30 19:32:45.000,141,6893
2025-10-30 19:32:45.000,141,6892
2025-10-30 19:32:45.000,141,6892
2025-10-30 19:32:45.000,141,6892
2025-10-30 19:32:45.000,141,5987
2025-10-30 19:32:45.000,141,5986
2025-10-30 19:32:45.000,141,5986
2025-10-30 19:32:45.000,141,5986
2025-10-30 19:32:45.000,141,5986
2025-10-30 19:32:46.000,167,6986
2025-10-30 19:32:46.000,167,6986
2025-10-30 19:32:46.000,167,6986
2025-10-30 19:32:46.000,167,6985
2025-10-30 19:32:46.000,167,6907
2025-10-30 19:32:46.000,167,6906
2025-10-30 19:32:46.000,167,6906
2025-10-30 19:32:46.000,167,6906
2025-10-30 19:32:46.000,167,6905
2025-10-30 19:32:46.000,167,6905
2025-10-30 19:32:47.001,184,7906
2025-10-30 19:32:47.001,184,7906
2025-10-30 19:32:47.001,184,7906
2025-10-30 19:32:47.001,184,6832
2025-10-30 19:32:47.001,184,6831
2025-10-30 19:32:47.001,184,6830
2025-10-30 19:32:47.001,184,6830
2025-10-30 19:32:47.001,184,6830
2025-10-30 19:32:47.001,184,6830
2025-10-30 19:32:47.001,184,6830
2025-10-30 19:32:48.000,201,7828
2025-10-30 19:32:48.000,201,7828
2025-10-30 19:32:48.000,201,7759
2025-10-30 19:32:48.000,201,7759
2025-10-30 19:32:48.001,201,7759
2025-10-30 19:32:48.001,201,7760
2025-10-30 19:32:48.001,201,7759
2025-10-30 19:32:48.001,201,7759
2025-10-30 19:32:48.001,201,7759
2025-10-30 19:32:48.001,201,7759
2025-10-30 19:32:49.001,218,8758
2025-10-30 19:32:49.001,218,8683
2025-10-30 19:32:49.001,218,8682
2025-10-30 19:32:49.001,218,8682
2025-10-30 19:32:49.001,218,8681
2025-10-30 19:32:49.001,218,8680
2025-10-30 19:32:49.001,218,8680
2025-10-30 19:32:49.001,218,8680
2025-10-30 19:32:49.001,218,8680
2025-10-30 19:32:49.001,218,8680
2025-10-30 19:32:50.000,235,8815
2025-10-30 19:32:50.000,235,8815
2025-10-30 19:32:50.000,235,8813
2025-10-30 19:32:50.000,235,8813
2025-10-30 19:32:50.000,235,8813
2025-10-30 19:32:50.000,235,8812
2025-10-30 19:32:50.001,235,8812
2025-10-30 19:32:50.001,235,8813
2025-10-30 19:32:50.001,235,8812
2025-10-30 19:32:50.001,235,8723
2025-10-30 19:32:51.000,260,9721
2025-10-30 19:32:51.000,260,9720
2025-10-30 19:32:51.000,260,9720
2025-10-30 19:32:51.000,260,9720
2025-10-30 19:32:51.000,260,9719
2025-10-30 19:32:51.000,260,9719
2025-10-30 19:32:51.000,260,9718
2025-10-30 19:32:51.000,260,9717
2025-10-30 19:32:51.000,260,9629
2025-10-30 19:32:51.000,260,9629
2025-10-30 19:32:52.001,277,10629
2025-10-30 19:32:52.001,277,10629
2025-10-30 19:32:52.001,277,10629
2025-10-30 19:32:52.001,277,10629
2025-10-30 19:32:52.001,277,10629
2025-10-30 19:32:52.001,277,10629
2025-10-30 19:32:52.001,277,10629
2025-10-30 19:32:52.001,277,9816
2025-10-30 19:32:52.001,277,9815
2025-10-30 19:32:52.001,277,9815
2025-10-30 19:32:53.000,294,10813
2025-10-30 19:32:53.000,294,10813
2025-10-30 19:32:53.000,294,10812
2025-10-30 19:32:53.000,294,10812
2025-10-30 19:32:53.000,294,10812
2025-10-30 19:32:53.000,294,10811
2025-10-30 19:32:53.000,294,10715
2025-10-30 19:32:53.000,294,10715
2025-10-30 19:32:53.000,294,10715
2025-10-30 19:32:53.000,294,10715
2025-10-30 19:32:54.000,302,11714
2025-10-30 19:32:54.000,302,11713
2025-10-30 19:32:54.000,302,11712
2025-10-30 19:32:54.000,302,11712
2025-10-30 19:32:54.000,302,11712
2025-10-30 19:32:54.000,302,11629
2025-10-30 19:32:54.000,302,11628
2025-10-30 19:32:54.000,302,11628
2025-10-30 19:32:54.000,302,11628
2025-10-30 19:32:54.000,302,11627
2025-10-30 19:32:55.001,328,12628
2025-10-30 19:32:55.001,328,12628
2025-10-30 19:32:55.001,328,12628
2025-10-30 19:32:55.001,328,12628
2025-10-30 19:32:55.001,328,11820
2025-10-30 19:32:55.001,328,11820
2025-10-30 19:32:55.001,328,11819
2025-10-30 19:32:55.001,328,11818
2025-10-30 19:32:55.001,328,11818
2025-10-30 19:32:55.001,328,11818
2025-10-30 19:32:56.000,345,12816
2025-10-30 19:32:56.000,345,12815
2025-10-30 19:32:56.000,345,12815
2025-10-30 19:32:56.000,345,12713
2025-10-30 19:32:56.000,345,12712
2025-10-30 19:32:56.000,345,12712
2025-10-30 19:32:56.000,345,12712
2025-10-30 19:32:56.000,345,12711
2025-10-30 19:32:56.000,345,12711
2025-10-30 19:32:56.000,345,12711
2025-10-30 19:32:57.000,353,13711
2025-10-30 19:32:57.000,353,13711
2025-10-30 19:32:57.000,353,13627
2025-10-30 19:32:57.000,353,13627
2025-10-30 19:32:57.000,353,13626
2025-10-30 19:32:57.000,353,13626
2025-10-30 19:32:57.000,353,13625
2025-10-30 19:32:57.001,353,13625
2025-10-30 19:32:57.001,353,13625
2025-10-30 19:32:57.001,353,13625
2025-10-30 19:32:58.000,376,14624
2025-10-30 19:32:58.000,376,13826
2025-10-30 19:32:58.000,376,13826
2025-10-30 19:32:58.000,376,13826
2025-10-30 19:32:58.000,376,13825
2025-10-30 19:32:58.000,376,13825
2025-10-30 19:32:58.000,376,13825
2025-10-30 19:32:58.000,376,13825
2025-10-30 19:32:58.000,376,13824
2025-10-30 19:32:58.000,376,13824
2025-10-30 19:32:59.001,390,14740
2025-10-30 19:32:59.001,390,14740
2025-10-30 19:32:59.001,390,14739
2025-10-30 19:32:59.001,390,14739
2025-10-30 19:32:59.001,390,14738
2025-10-30 19:32:59.001,390,14738
2025-10-30 19:32:59.001,390,14738
2025-10-30 19:32:59.001,390,14738
2025-10-30 19:32:59.001,390,14737
2025-10-30 19:32:59.001,390,14649
2025-10-30 19:33:00.001,404,15649
2025-10-30 19:33:00.001,404,15649
2025-10-30 19:33:00.001,404,15648
2025-10-30 19:33:00.001,404,15648
2025-10-30 19:33:00.001,404,15647
2025-10-30 19:33:00.001,404,15647
2025-10-30 19:33:00.001,404,15647
2025-10-30 19:33:00.001,404,15647
2025-10-30 19:33:00.002,404,14825
2025-10-30 19:33:00.002,404,14825
2025-10-30 19:33:01.000,394,15824
2025-10-30 19:33:01.000,394,15823
2025-10-30 19:33:01.000,394,15823
2025-10-30 19:33:01.000,394,15822
2025-10-30 19:33:01.001,394,15822
2025-10-30 19:33:01.001,394,15822
2025-10-30 19:33:01.001,394,15823
2025-10-30 19:33:01.001,394,15741
2025-10-30 19:33:01.001,394,15741
2025-10-30 19:33:01.001,394,15741
2025-10-30 19:33:02.000,408,16739
2025-10-30 19:33:02.000,408,16738
2025-10-30 19:33:02.000,408,16738
2025-10-30 19:33:02.000,408,16737
2025-10-30 19:33:02.001,408,16737
2025-10-30 19:33:02.001,408,16737
2025-10-30 19:33:02.001,408,16659
2025-10-30 19:33:02.001,408,16659
2025-10-30 19:33:02.001,408,16658
2025-10-30 19:33:02.001,408,16658
2025-10-30 19:33:03.000,422,17657
2025-10-30 19:33:03.000,422,17657
2025-10-30 19:33:03.000,422,17657
2025-10-30 19:33:03.000,422,17656
2025-10-30 19:33:03.000,422,17656
2025-10-30 19:33:03.000,422,16828
2025-10-30 19:33:03.000,422,16828
2025-10-30 19:33:03.000,422,16828
2025-10-30 19:33:03.000,422,16828
2025-10-30 19:33:03.000,422,16827
2025-10-30 19:33:04.000,436,17827
2025-10-30 19:33:04.000,436,17827
2025-10-30 19:33:04.000,436,17827
2025-10-30 19:33:04.000,436,17825
2025-10-30 19:33:04.000,436,17719
2025-10-30 19:33:04.000,436,17717
2025-10-30 19:33:04.000,436,17716
2025-10-30 19:33:04.000,436,17716
2025-10-30 19:33:04.000,436,17715
2025-10-30 19:33:04.000,436,17715
2025-10-30 19:33:05.001,450,18716
2025-10-30 19:33:05.001,450,18715
2025-10-30 19:33:05.001,450,18715
2025-10-30 19:33:05.001,450,18643
2025-10-30 19:33:05.001,450,18643
2025-10-30 19:33:05.001,450,18643
2025-10-30 19:33:05.001,450,18642
2025-10-30 19:33:05.001,450,18642
2025-10-30 19:33:05.001,450,18641
2025-10-30 19:33:05.001,450,18641
2025-10-30 19:33:06.000,464,19640
2025-10-30 19:33:06.000,464,19640
2025-10-30 19:33:06.000,464,18826
2025-10-30 19:33:06.000,464,18826
2025-10-30 19:33:06.000,464,18826
2025-10-30 19:33:06.000,464,18826
2025-10-30 19:33:06.000,464,18825
2025-10-30 19:33:06.000,464,18825
2025-10-30 19:33:06.000,464,18824
2025-10-30 19:33:06.000,464,18823
2025-10-30 19:33:07.001,478,19824
2025-10-30 19:33:07.001,478,19723
2025-10-30 19:33:07.001,478,19723
2025-10-30 19:33:07.001,478,19723
2025-10-30 19:33:07.001,478,19723
2025-10-30 19:33:07.001,478,19722
2025-10-30 19:33:07.001,478,19721
2025-10-30 19:33:07.001,478,19721
2025-10-30 19:33:07.001,478,19720
2025-10-30 19:33:07.001,478,19720
2025-10-30 19:33:08.000,492,20610
2025-10-30 19:33:08.000,492,20610
2025-10-30 19:33:08.000,492,20609
2025-10-30 19:33:08.000,492,20609
2025-10-30 19:33:08.000,492,20609
2025-10-30 19:33:08.000,492,20609
2025-10-30 19:33:08.000,492,20608
2025-10-30 19:33:08.000,492,20608
2025-10-30 19:33:08.000,492,20607
2025-10-30 19:33:08.000,492,19821
2025-10-30 19:33:09.000,506,20821
2025-10-30 19:33:09.000,506,20821
2025-10-30 19:33:09.000,506,20820
2025-10-30 19:33:09.000,506,20820
2025-10-30 19:33:09.000,506,20819
2025-10-30 19:33:09.000,506,20819
2025-10-30 19:33:09.000,506,20819
2025-10-30 19:33:09.000,506,20819
2025-10-30 19:33:09.001,506,20737
2025-10-30 19:33:09.001,506,20737
2025-10-30 19:33:10.000,520,21736
2025-10-30 19:33:10.000,520,21735
2025-10-30 19:33:10.000,520,21735
2025-10-30 19:33:10.000,520,21735
2025-10-30 19:33:10.000,520,21734
2025-10-30 19:33:10.000,520,21734
2025-10-30 19:33:10.000,520,21734
2025-10-30 19:33:10.000,520,21652
2025-10-30 19:33:10.000,520,21652
2025-10-30 19:33:10.000,520,21652
2025-10-30 19:33:11.000,534,22652
2025-10-30 19:33:11.000,534,22651
2025-10-30 19:33:11.000,534,22651
2025-10-30 19:33:11.000,534,22651
2025-10-30 19:33:11.000,534,22651
2025-10-30 19:33:11.000,534,22648
2025-10-30 19:33:11.000,534,21827
2025-10-30 19:33:11.000,534,21826
2025-10-30 19:33:11.000,534,21826
2025-10-30 19:33:11.000,534,21826
2025-10-30 19:33:12.001,540,22827
2025-10-30 19:33:12.001,540,22826
2025-10-30 19:33:12.001,540,22826
2025-10-30 19:33:12.001,540,22825
2025-10-30 19:33:12.001,540,22825
2025-10-30 19:33:12.001,540,22744
2025-10-30 19:33:12.001,540,22744
2025-10-30 19:33:12.001,540,22743
2025-10-30 19:33:12.001,540,22743
2025-10-30 19:33:12.001,540,22743
2025-10-30 19:33:13.001,546,23743
2025-10-30 19:33:13.001,546,23743
2025-10-30 19:33:13.001,546,23742
2025-10-30 19:33:13.001,546,23742
2025-10-30 19:33:13.001,546,23655
2025-10-30 19:33:13.001,546,23654
2025-10-30 19:33:13.001,546,23654
2025-10-30 19:33:13.001,546,23654
2025-10-30 19:33:13.001,546,23654
2025-10-30 19:33:13.001,546,23653
2025-10-30 19:33:14.000,557,24652
2025-10-30 19:33:14.000,557,24652
2025-10-30 19:33:14.000,557,24652
2025-10-30 19:33:14.000,557,23554
2025-10-30 19:33:14.000,557,23554
2025-10-30 19:33:14.000,557,23554
2025-10-30 19:33:14.000,557,23553
2025-10-30 19:33:14.000,557,23553
2025-10-30 19:33:14.000,557,23552
2025-10-30 19:33:14.000,557,23552
2025-10-30 19:33:15.000,561,24552
2025-10-30 19:33:15.000,561,24551
2025-10-30 19:33:15.000,561,24447
2025-10-30 19:33:15.000,561,24446
2025-10-30 19:33:15.000,561,24446
2025-10-30 19:33:15.000,561,24445
2025-10-30 19:33:15.000,561,24445
2025-10-30 19:33:15.000,561,24445
2025-10-30 19:33:15.000,561,24445
2025-10-30 19:33:15.000,561,24445
2025-10-30 19:33:16.001,572,25446
2025-10-30 19:33:16.001,572,25367
2025-10-30 19:33:16.001,572,25366
2025-10-30 19:33:16.001,572,25366
2025-10-30 19:33:16.001,572,25366
2025-10-30 19:33:16.001,572,25365
2025-10-30 19:33:16.001,572,25365
2025-10-30 19:33:16.001,572,25365
2025-10-30 19:33:16.001,572,25365
2025-10-30 19:33:16.001,572,25365
2025-10-30 19:33:17.000,576,25562
2025-10-30 19:33:17.000,576,25562
2025-10-30 19:33:17.000,576,25562
2025-10-30 19:33:17.000,576,25562
2025-10-30 19:33:17.000,576,25561
2025-10-30 19:33:17.000,576,25561
2025-10-30 19:33:17.000,576,25561
2025-10-30 19:33:17.000,576,25560
2025-10-30 19:33:17.000,576,25560
2025-10-30 19:33:17.000,576,25476
2025-10-30 19:33:18.000,580,26476
2025-10-30 19:33:18.000,580,26476
2025-10-30 19:33:18.000,580,26476
2025-10-30 19:33:18.000,580,26476
2025-10-30 19:33:18.000,580,26459
2025-10-30 19:33:18.000,580,26459
2025-10-30 19:33:18.000,580,26459
2025-10-30 19:33:18.000,580,26459
2025-10-30 19:33:18.000,580,26389
2025-10-30 19:33:18.000,580,26389
2025-10-30 19:33:19.000,591,27389
2025-10-30 19:33:19.000,591,27389
2025-10-30 19:33:19.000,591,27388
2025-10-30 19:33:19.000,591,27388
2025-10-30 19:33:19.000,591,27388
2025-10-30 19:33:19.000,591,27388
2025-10-30 19:33:19.000,591,27388
2025-10-30 19:33:19.000,591,26567
2025-10-30 19:33:19.000,591,26566
2025-10-30 19:33:19.000,591,26566
2025-10-30 19:33:20.000,595,27565
2025-10-30 19:33:20.000,595,27565
2025-10-30 19:33:20.000,595,27565
2025-10-30 19:33:20.000,595,27565
2025-10-30 19:33:20.000,595,27564
2025-10-30 19:33:20.000,595,27564
2025-10-30 19:33:20.000,595,27480
2025-10-30 19:33:20.000,595,27480
2025-10-30 19:33:20.000,595,27479
2025-10-30 19:33:20.000,595,27479
2025-10-30 19:33:21.001,606,28480
2025-10-30 19:33:21.001,606,28479
2025-10-30 19:33:21.001,606,28479
2025-10-30 19:33:21.001,606,28479
2025-10-30 19:33:21.001,606,28478
2025-10-30 19:33:21.001,606,28370
2025-10-30 19:33:21.001,606,28369
2025-10-30 19:33:21.001,606,28369
2025-10-30 19:33:21.001,606,28369
2025-10-30 19:33:21.001,606,28368
2025-10-30 19:33:22.000,603,29367
2025-10-30 19:33:22.000,603,29366
2025-10-30 19:33:22.000,603,29366
2025-10-30 19:33:22.000,603,29366
2025-10-30 19:33:22.000,603,28556
2025-10-30 19:33:22.000,603,28555
2025-10-30 19:33:22.000,603,28555
2025-10-30 19:33:22.000,603,28555
2025-10-30 19:33:22.000,603,28554
2025-10-30 19:33:22.000,603,28553
2025-10-30 19:33:23.000,607,29552
2025-10-30 19:33:23.000,607,29552
2025-10-30 19:33:23.000,607,29552
2025-10-30 19:33:23.000,607,29446
2025-10-30 19:33:23.000,607,29445
2025-10-30 19:33:23.000,607,29445
2025-10-30 19:33:23.000,607,29444
2025-10-30 19:33:23.000,607,29444
2025-10-30 19:33:23.000,607,29444
2025-10-30 19:33:23.000,607,29443
2025-10-30 19:33:24.001,604,30444
2025-10-30 19:33:24.001,604,30444
2025-10-30 19:33:24.001,604,30353
2025-10-30 19:33:24.001,604,30353
2025-10-30 19:33:24.001,604,30353
2025-10-30 19:33:24.001,604,30352
2025-10-30 19:33:24.001,604,30351
2025-10-30 19:33:24.001,604,30351
2025-10-30 19:33:24.001,604,30350
2025-10-30 19:33:24.001,604,30349
2025-10-30 19:33:25.000,608,31348
2025-10-30 19:33:25.000,608,30567
2025-10-30 19:33:25.000,608,30567
2025-10-30 19:33:25.000,608,30567
2025-10-30 19:33:25.000,608,30566
2025-10-30 19:33:25.000,608,30566
2025-10-30 19:33:25.000,608,30566
2025-10-30 19:33:25.000,608,30566
2025-10-30 19:33:25.000,608,30565
2025-10-30 19:33:25.000,608,30565
2025-10-30 19:33:26.001,612,31470
2025-10-30 19:33:26.001,612,31469
2025-10-30 19:33:26.001,612,31469
2025-10-30 19:33:26.001,612,31469
2025-10-30 19:33:26.001,612,31469
2025-10-30 19:33:26.001,612,31468
2025-10-30 19:33:26.001,612,31468
2025-10-30 19:33:26.001,612,31468
2025-10-30 19:33:26.001,612,31468
2025-10-30 19:33:26.001,612,31381
2025-10-30 19:33:27.001,609,32380
2025-10-30 19:33:27.001,609,32380
2025-10-30 19:33:27.001,609,32380
2025-10-30 19:33:27.001,609,32380
2025-10-30 19:33:27.001,609,32379
2025-10-30 19:33:27.001,609,32379
2025-10-30 19:33:27.001,609,32379
2025-10-30 19:33:27.001,609,32379
2025-10-30 19:33:27.001,609,31561
2025-10-30 19:33:27.001,609,31561
2025-10-30 19:33:28.000,613,32559
2025-10-30 19:33:28.001,613,32558
2025-10-30 19:33:28.001,613,32558
2025-10-30 19:33:28.001,613,32559
2025-10-30 19:33:28.001,613,32559
2025-10-30 19:33:28.001,613,32558
2025-10-30 19:33:28.001,613,32558
2025-10-30 19:33:28.001,613,32462
2025-10-30 19:33:28.001,613,32461
2025-10-30 19:33:28.001,613,32460
2025-10-30 19:33:29.000,610,33459
2025-10-30 19:33:29.000,610,33459
2025-10-30 19:33:29.000,610,33459
2025-10-30 19:33:29.000,610,33458
2025-10-30 19:33:29.000,610,33458
2025-10-30 19:33:29.000,610,33458
2025-10-30 19:33:29.000,610,33366
2025-10-30 19:33:29.000,610,33366
2025-10-30 19:33:29.000,610,33365
2025-10-30 19:33:29.000,610,33364
2025-10-30 19:33:30.001,614,34365
2025-10-30 19:33:30.001,614,34365
2025-10-30 19:33:30.001,614,34365
2025-10-30 19:33:30.001,614,34365
2025-10-30 19:33:30.001,614,34365
2025-10-30 19:33:30.001,614,33551
2025-10-30 19:33:30.001,614,33551
2025-10-30 19:33:30.001,614,33551
2025-10-30 19:33:30.001,614,33550
2025-10-30 19:33:30.001,614,33550
2025-10-30 19:33:31.000,618,34549
2025-10-30 19:33:31.000,618,34548
2025-10-30 19:33:31.000,618,34548
2025-10-30 19:33:31.000,618,34548
2025-10-30 19:33:31.000,618,34450
2025-10-30 19:33:31.000,618,34450
2025-10-30 19:33:31.000,618,34450
2025-10-30 19:33:31.000,618,34449
2025-10-30 19:33:31.000,618,34449
2025-10-30 19:33:31.000,618,34449
2025-10-30 19:33:32.000,615,35447
2025-10-30 19:33:32.000,615,35447
2025-10-30 19:33:32.000,615,35447
2025-10-30 19:33:32.000,615,35341
2025-10-30 19:33:32.000,615,35340
2025-10-30 19:33:32.000,615,35340
2025-10-30 19:33:32.000,615,35339
2025-10-30 19:33:32.000,615,35339
2025-10-30 19:33:32.000,615,35339
2025-10-30 19:33:32.000,615,35339
2025-10-30 19:33:33.000,612,36339
2025-10-30 19:33:33.000,612,36327
2025-10-30 19:33:33.000,612,35562
2025-10-30 19:33:33.000,612,35562
2025-10-30 19:33:33.000,612,35561
2025-10-30 19:33:33.000,612,35561
2025-10-30 19:33:33.000,612,35561
2025-10-30 19:33:33.000,612,35561
2025-10-30 19:33:33.000,612,35561
2025-10-30 19:33:33.000,612,35560
2025-10-30 19:33:34.001,609,36480
2025-10-30 19:33:34.001,609,36480
2025-10-30 19:33:34.001,609,36479
2025-10-30 19:33:34.001,609,36479
2025-10-30 19:33:34.001,609,36479
2025-10-30 19:33:34.001,609,36478
2025-10-30 19:33:34.001,609,36478
2025-10-30 19:33:34.001,609,36478
2025-10-30 19:33:34.001,609,36397
2025-10-30 19:33:34.001,609,36396
2025-10-30 19:33:35.000,606,37395
2025-10-30 19:33:35.000,606,37394
2025-10-30 19:33:35.000,606,37394
2025-10-30 19:33:35.000,606,37394
2025-10-30 19:33:35.000,606,37393
2025-10-30 19:33:35.000,606,37393
2025-10-30 19:33:35.000,606,36561
2025-10-30 19:33:35.000,606,36561
2025-10-30 19:33:35.000,606,36561
2025-10-30 19:33:35.000,606,36561
2025-10-30 19:33:36.001,603,37561
2025-10-30 19:33:36.001,603,37561
2025-10-30 19:33:36.001,603,37561
2025-10-30 19:33:36.001,603,37561
2025-10-30 19:33:36.001,603,37482
2025-10-30 19:33:36.001,603,37481
2025-10-30 19:33:36.001,603,37481
2025-10-30 19:33:36.001,603,37480
2025-10-30 19:33:36.001,603,37480
2025-10-30 19:33:36.001,603,37480
2025-10-30 19:33:37.000,601,38479
2025-10-30 19:33:37.000,601,38479
2025-10-30 19:33:37.000,601,38402
2025-10-30 19:33:37.000,601,38402
2025-10-30 19:33:37.000,601,38401
2025-10-30 19:33:37.000,601,38401
2025-10-30 19:33:37.000,601,38400
2025-10-30 19:33:37.000,601,38400
2025-10-30 19:33:37.000,601,38400
2025-10-30 19:33:37.000,601,38400
2025-10-30 19:33:38.000,599,38569
2025-10-30 19:33:38.000,599,38569
2025-10-30 19:33:38.000,599,38568
2025-10-30 19:33:38.000,599,38568
2025-10-30 19:33:38.000,599,38568
2025-10-30 19:33:38.000,599,38568
2025-10-30 19:33:38.000,599,38567
2025-10-30 19:33:38.000,599,38567
2025-10-30 19:33:38.000,599,38488
2025-10-30 19:33:38.000,599,38487
2025-10-30 19:33:39.001,597,39488
2025-10-30 19:33:39.001,597,39487
2025-10-30 19:33:39.001,597,39487
2025-10-30 19:33:39.001,597,39487
2025-10-30 19:33:39.001,597,39487
2025-10-30 19:33:39.001,597,39487
2025-10-30 19:33:39.001,597,39397
2025-10-30 19:33:39.001,597,39396
2025-10-30 19:33:39.001,597,39396
2025-10-30 19:33:39.001,597,39396
2025-10-30 19:33:40.001,595,40395
2025-10-30 19:33:40.001,595,40395
2025-10-30 19:33:40.001,595,40395
2025-10-30 19:33:40.001,595,40395
2025-10-30 19:33:40.001,595,39310
2025-10-30 19:33:40.001,595,39309
2025-10-30 19:33:40.001,595,39309
2025-10-30 19:33:40.001,595,39308
2025-10-30 19:33:40.001,595,39308
2025-10-30 19:33:40.001,595,39308
2025-10-30 19:33:41.000,593,40307
2025-10-30 19:33:41.000,593,40307
2025-10-30 19:33:41.000,593,40229
2025-10-30 19:33:41.000,593,40229
2025-10-30 19:33:41.000,593,40228
2025-10-30 19:33:41.000,593,40228
2025-10-30 19:33:41.000,593,40228
2025-10-30 19:33:41.000,593,40228
2025-10-30 19:33:41.000,593,40228
2025-10-30 19:33:41.000,593,40228
2025-10-30 19:33:42.000,583,41151
2025-10-30 19:33:42.000,583,41151
2025-10-30 19:33:42.000,583,41150
2025-10-30 19:33:42.000,583,41150
2025-10-30 19:33:42.000,583,41149
2025-10-30 19:33:42.000,583,41149
2025-10-30 19:33:42.000,583,41149
2025-10-30 19:33:42.000,583,41149
2025-10-30 19:33:42.000,583,40306
2025-10-30 19:33:42.000,583,40305
2025-10-30 19:33:43.001,581,41306
2025-10-30 19:33:43.001,581,41306
2025-10-30 19:33:43.001,581,41305
2025-10-30 19:33:43.001,581,41305
2025-10-30 19:33:43.001,581,41305
2025-10-30 19:33:43.001,581,41305
2025-10-30 19:33:43.001,581,41226
2025-10-30 19:33:43.002,581,41225
2025-10-30 19:33:43.002,581,41225
2025-10-30 19:33:43.002,581,41225
2025-10-30 19:33:44.000,579,42223
2025-10-30 19:33:44.000,579,42223
2025-10-30 19:33:44.000,579,42223
2025-10-30 19:33:44.000,579,42222
2025-10-30 19:33:44.000,579,42144
2025-10-30 19:33:44.000,579,42143
2025-10-30 19:33:44.000,579,42143
2025-10-30 19:33:44.000,579,42142
2025-10-30 19:33:44.000,579,42142
2025-10-30 19:33:44.000,579,42142
2025-10-30 19:33:45.001,577,43143
2025-10-30 19:33:45.001,577,43143
2025-10-30 19:33:45.001,577,42291
2025-10-30 19:33:45.001,577,42290
2025-10-30 19:33:45.001,577,42290
2025-10-30 19:33:45.001,577,42290
2025-10-30 19:33:45.001,577,42290
2025-10-30 19:33:45.001,577,42290
2025-10-30 19:33:45.001,577,42289
2025-10-30 19:33:45.001,577,42288
2025-10-30 19:33:46.001,575,43200
2025-10-30 19:33:46.001,575,43199
2025-10-30 19:33:46.001,575,43199
2025-10-30 19:33:46.001,575,43199
2025-10-30 19:33:46.001,575,43198
2025-10-30 19:33:46.001,575,43198
2025-10-30 19:33:46.001,575,43198
2025-10-30 19:33:46.001,575,43170
2025-10-30 19:33:46.001,575,43104
2025-10-30 19:33:46.001,575,43104
2025-10-30 19:33:47.001,565,44103
2025-10-30 19:33:47.001,565,44103
2025-10-30 19:33:47.001,565,44103
2025-10-30 19:33:47.001,565,44103
2025-10-30 19:33:47.001,565,44103
2025-10-30 19:33:47.001,565,44103
2025-10-30 19:33:47.001,565,43306
2025-10-30 19:33:47.001,565,43306
2025-10-30 19:33:47.001,565,43306
2025-10-30 19:33:47.001,565,43305
2025-10-30 19:33:48.000,563,44303
2025-10-30 19:33:48.000,563,44303
2025-10-30 19:33:48.000,563,44303
2025-10-30 19:33:48.000,563,44303
2025-10-30 19:33:48.000,563,44228
2025-10-30 19:33:48.000,563,44227
2025-10-30 19:33:48.000,563,44227
2025-10-30 19:33:48.000,563,44227
2025-10-30 19:33:48.000,563,44227
2025-10-30 19:33:48.000,563,44226
2025-10-30 19:33:49.000,561,45226
2025-10-30 19:33:49.000,561,45226
2025-10-30 19:33:49.000,561,45151
2025-10-30 19:33:49.000,561,45151
2025-10-30 19:33:49.000,561,45150
2025-10-30 19:33:49.000,561,45149
2025-10-30 19:33:49.000,561,45149
2025-10-30 19:33:49.000,561,45148
2025-10-30 19:33:49.000,561,45147
2025-10-30 19:33:49.000,561,45147
2025-10-30 19:33:50.001,559,45306
2025-10-30 19:33:50.001,559,45305
2025-10-30 19:33:50.001,559,45305
2025-10-30 19:33:50.001,559,45304
2025-10-30 19:33:50.001,559,45304
2025-10-30 19:33:50.001,559,45304
2025-10-30 19:33:50.001,559,45303
2025-10-30 19:33:50.001,559,45303
2025-10-30 19:33:50.001,559,45202
2025-10-30 19:33:50.001,559,45202
2025-10-30 19:33:51.000,557,46201
2025-10-30 19:33:51.000,557,46201
2025-10-30 19:33:51.000,557,46201
2025-10-30 19:33:51.000,557,46200
2025-10-30 19:33:51.000,557,46200
2025-10-30 19:33:51.000,557,46200
2025-10-30 19:33:51.000,557,46106
2025-10-30 19:33:51.000,557,46106
2025-10-30 19:33:51.000,557,46106
2025-10-30 19:33:51.000,557,46105
2025-10-30 19:33:52.000,547,47105
2025-10-30 19:33:52.000,547,47105
2025-10-30 19:33:52.000,547,47105
2025-10-30 19:33:52.000,547,47104
2025-10-30 19:33:52.000,547,46291
2025-10-30 19:33:52.000,547,46290
2025-10-30 19:33:52.000,547,46290
2025-10-30 19:33:52.000,547,46289
2025-10-30 19:33:52.000,547,46289
2025-10-30 19:33:52.000,547,46288
2025-10-30 19:33:53.001,537,47289
2025-10-30 19:33:53.001,537,47288
2025-10-30 19:33:53.001,537,47182
2025-10-30 19:33:53.001,537,47181
2025-10-30 19:33:53.001,537,47181
2025-10-30 19:33:53.001,537,47180
2025-10-30 19:33:53.001,537,47180
2025-10-30 19:33:53.001,537,47180
2025-10-30 19:33:53.001,537,47180
2025-10-30 19:33:53.001,537,47180
2025-10-30 19:33:54.000,535,48093
2025-10-30 19:33:54.000,535,48093
2025-10-30 19:33:54.000,535,48093
2025-10-30 19:33:54.000,535,48092
2025-10-30 19:33:54.000,535,48092
2025-10-30 19:33:54.000,535,48091
2025-10-30 19:33:54.000,535,48091
2025-10-30 19:33:54.000,535,48091
2025-10-30 19:33:54.000,535,47305
2025-10-30 19:33:54.000,535,47304
2025-10-30 19:33:55.001,525,48305
2025-10-30 19:33:55.001,525,48305
2025-10-30 19:33:55.001,525,48305
2025-10-30 19:33:55.001,525,48304
2025-10-30 19:33:55.001,525,48304
2025-10-30 19:33:55.001,525,48304
2025-10-30 19:33:55.001,525,48220
2025-10-30 19:33:55.001,525,48220
2025-10-30 19:33:55.001,525,48220
2025-10-30 19:33:55.001,525,48219
2025-10-30 19:33:56.000,523,49218
2025-10-30 19:33:56.000,523,49218
2025-10-30 19:33:56.000,523,49217
2025-10-30 19:33:56.000,523,49217
2025-10-30 19:33:56.000,523,49133
2025-10-30 19:33:56.000,523,49129
2025-10-30 19:33:56.000,523,49129
2025-10-30 19:33:56.000,523,49128
2025-10-30 19:33:56.000,523,49128
2025-10-30 19:33:56.000,523,49128
2025-10-30 19:33:57.001,513,50129
2025-10-30 19:33:57.001,513,50129
2025-10-30 19:33:57.001,513,49295
2025-10-30 19:33:57.001,513,49295
2025-10-30 19:33:57.014,513,49294
2025-10-30 19:33:57.014,513,49294
2025-10-30 19:33:57.014,513,49307
2025-10-30 19:33:57.014,513,49307
2025-10-30 19:33:57.014,513,49307
2025-10-30 19:33:57.014,513,49307
2025-10-30 19:33:58.001,503,50216
2025-10-30 19:33:58.001,503,50216
2025-10-30 19:33:58.001,503,50216
2025-10-30 19:33:58.001,503,50216
2025-10-30 19:33:58.001,503,50215
2025-10-30 19:33:58.001,503,50215
2025-10-30 19:33:58.001,503,50214
2025-10-30 19:33:58.001,503,50214
2025-10-30 19:33:58.001,503,50132
2025-10-30 19:33:58.001,503,50132
2025-10-30 19:33:59.000,502,51130
2025-10-30 19:33:59.000,502,51130
2025-10-30 19:33:59.000,502,51130
2025-10-30 19:33:59.000,502,51130
2025-10-30 19:33:59.001,502,51129
2025-10-30 19:33:59.001,502,51129
2025-10-30 19:33:59.001,502,50311
2025-10-30 19:33:59.001,502,50310
2025-10-30 19:33:59.001,502,50310
2025-10-30 19:33:59.001,502,50309
2025-10-30 19:34:00.000,492,51307
2025-10-30 19:34:00.000,492,51307
2025-10-30 19:34:00.000,492,51307
2025-10-30 19:34:00.000,492,51307
2025-10-30 19:34:00.000,492,51226
2025-10-30 19:34:00.000,492,51224
2025-10-30 19:34:00.000,492,51224
2025-10-30 19:34:00.000,492,51223
2025-10-30 19:34:00.000,492,51223
2025-10-30 19:34:00.000,492,51223
2025-10-30 19:34:01.001,491,52223
2025-10-30 19:34:01.001,491,52223
2025-10-30 19:34:01.001,491,52133
2025-10-30 19:34:01.001,491,52119
2025-10-30 19:34:01.001,491,52118
2025-10-30 19:34:01.001,491,52117
2025-10-30 19:34:01.001,491,52117
2025-10-30 19:34:01.001,491,52117
2025-10-30 19:34:01.001,491,52117
2025-10-30 19:34:01.001,491,52116
2025-10-30 19:34:02.000,481,52307
2025-10-30 19:34:02.000,481,52307
2025-10-30 19:34:02.000,481,52307
2025-10-30 19:34:02.000,481,52307
2025-10-30 19:34:02.000,481,52306
2025-10-30 19:34:02.000,481,52306
2025-10-30 19:34:02.000,481,52305
2025-10-30 19:34:02.000,481,52305
2025-10-30 19:34:02.000,481,52230
2025-10-30 19:34:02.000,481,52230
2025-10-30 19:34:03.001,471,53231
2025-10-30 19:34:03.001,471,53230
2025-10-30 19:34:03.001,471,53230
2025-10-30 19:34:03.001,471,53229
2025-10-30 19:34:03.001,471,53229
2025-10-30 19:34:03.001,471,53229
2025-10-30 19:34:03.001,471,53155
2025-10-30 19:34:03.001,471,53155
2025-10-30 19:34:03.001,471,53155
2025-10-30 19:34:03.001,471,53155
2025-10-30 19:34:04.000,470,54153
2025-10-30 19:34:04.000,470,54153
2025-10-30 19:34:04.000,470,54153
2025-10-30 19:34:04.000,470,54152
2025-10-30 19:34:04.000,470,53064
2025-10-30 19:34:04.000,470,53063
2025-10-30 19:34:04.000,470,53063
2025-10-30 19:34:04.000,470,53063
2025-10-30 19:34:04.000,470,53063
2025-10-30 19:34:04.000,470,53063
2025-10-30 19:34:05.000,460,54062
2025-10-30 19:34:05.000,460,54062
2025-10-30 19:34:05.000,460,53978
2025-10-30 19:34:05.000,460,53978
2025-10-30 19:34:05.000,460,53978
2025-10-30 19:34:05.000,460,53977
2025-10-30 19:34:05.000,460,53977
2025-10-30 19:34:05.000,460,53977
2025-10-30 19:34:05.000,460,53977
2025-10-30 19:34:05.000,460,53976
2025-10-30 19:34:06.001,459,54094
2025-10-30 19:34:06.001,459,54093
2025-10-30 19:34:06.001,459,54093
2025-10-30 19:34:06.001,459,54092
2025-10-30 19:34:06.001,459,54092
2025-10-30 19:34:06.001,459,54092
2025-10-30 19:34:06.001,459,54092
2025-10-30 19:34:06.001,459,54092
2025-10-30 19:34:06.001,459,54002
2025-10-30 19:34:06.001,459,54001
2025-10-30 19:34:07.000,449,55000
2025-10-30 19:34:07.000,449,54999
2025-10-30 19:34:07.000,449,54998
2025-10-30 19:34:07.000,449,54997
2025-10-30 19:34:07.000,449,54997
2025-10-30 19:34:07.000,449,54997
2025-10-30 19:34:07.000,449,54134
2025-10-30 19:34:07.000,449,54134
2025-10-30 19:34:07.000,449,54133
2025-10-30 19:34:07.000,449,54133
2025-10-30 19:34:08.000,439,55133
2025-10-30 19:34:08.000,439,55133
2025-10-30 19:34:08.000,439,55133
2025-10-30 19:34:08.000,439,55050
2025-10-30 19:34:08.001,439,55049
2025-10-30 19:34:08.001,439,55049
2025-10-30 19:34:08.001,439,55050
2025-10-30 19:34:08.001,439,55050
2025-10-30 19:34:08.001,439,55049
2025-10-30 19:34:08.001,439,55049
2025-10-30 19:34:09.000,439,55969
2025-10-30 19:34:09.000,439,55968
2025-10-30 19:34:09.000,439,55968
2025-10-30 19:34:09.000,439,55968
2025-10-30 19:34:09.000,439,55968
2025-10-30 19:34:09.000,439,55967
2025-10-30 19:34:09.000,439,55967
2025-10-30 19:34:09.000,439,55083
2025-10-30 19:34:09.000,439,55083
2025-10-30 19:34:09.000,439,55083
2025-10-30 19:34:10.001,429,56084
2025-10-30 19:34:10.001,429,56084
2025-10-30 19:34:10.001,429,56083
2025-10-30 19:34:10.001,429,56082
2025-10-30 19:34:10.001,429,56002
2025-10-30 19:34:10.001,429,56002
2025-10-30 19:34:10.001,429,56002
2025-10-30 19:34:10.001,429,56001
2025-10-30 19:34:10.001,429,56001
2025-10-30 19:34:10.001,429,56000
2025-10-30 19:34:11.000,429,56999
2025-10-30 19:34:11.000,429,56115
2025-10-30 19:34:11.000,429,56114
2025-10-30 19:34:11.000,429,56113
2025-10-30 19:34:11.000,429,56113
2025-10-30 19:34:11.000,429,56113
2025-10-30 19:34:11.000,429,56113
2025-10-30 19:34:11.000,429,56113
2025-10-30 19:34:11.000,429,56020
2025-10-30 19:34:11.000,429,56020
2025-10-30 19:34:12.000,419,57019
2025-10-30 19:34:12.000,419,57019
2025-10-30 19:34:12.000,419,57019
2025-10-30 19:34:12.000,419,57018
2025-10-30 19:34:12.000,419,57018
2025-10-30 19:34:12.000,419,56924
2025-10-30 19:34:12.000,419,56924
2025-10-30 19:34:12.000,419,56923
2025-10-30 19:34:12.000,419,56923
2025-10-30 19:34:12.000,419,56923
2025-10-30 19:34:13.001,409,57923
2025-10-30 19:34:13.001,409,57922
2025-10-30 19:34:13.001,409,57061
2025-10-30 19:34:13.001,409,57061
2025-10-30 19:34:13.001,409,57061
2025-10-30 19:34:13.001,409,57060
2025-10-30 19:34:13.001,409,57060
2025-10-30 19:34:13.001,409,57059
2025-10-30 19:34:13.001,409,57059
2025-10-30 19:34:13.001,409,56957
2025-10-30 19:34:14.000,409,57956
2025-10-30 19:34:14.000,409,57956
2025-10-30 19:34:14.000,409,57955
2025-10-30 19:34:14.000,409,57955
2025-10-30 19:34:14.000,409,57955
2025-10-30 19:34:14.000,409,57955
2025-10-30 19:34:14.000,409,57097
2025-10-30 19:34:14.000,409,57096
2025-10-30 19:34:14.000,409,57096
2025-10-30 19:34:14.000,409,57096
2025-10-30 19:34:15.001,399,58097
2025-10-30 19:34:15.001,399,58097
2025-10-30 19:34:15.001,399,58097
2025-10-30 19:34:15.001,399,58017
2025-10-30 19:34:15.001,399,58016
2025-10-30 19:34:15.001,399,58016
2025-10-30 19:34:15.001,399,58016
2025-10-30 19:34:15.001,399,58015
2025-10-30 19:34:15.001,399,58015
2025-10-30 19:34:15.001,399,58014
2025-10-30 19:34:16.000,400,58129
2025-10-30 19:34:16.000,400,58129
2025-10-30 19:34:16.000,400,58096
2025-10-30 19:34:16.000,400,58096
2025-10-30 19:34:16.000,400,58094
2025-10-30 19:34:16.000,400,58094
2025-10-30 19:34:16.000,400,58094
2025-10-30 19:34:16.000,400,58037
2025-10-30 19:34:16.000,400,58037
2025-10-30 19:34:16.000,400,58037
2025-10-30 19:34:17.000,390,59037
2025-10-30 19:34:17.000,390,59036
2025-10-30 19:34:17.000,390,59036
2025-10-30 19:34:17.000,390,59036
2025-10-30 19:34:17.000,390,58956
2025-10-30 19:34:17.000,390,58956
2025-10-30 19:34:17.000,390,58955
2025-10-30 19:34:17.000,390,58955
2025-10-30 19:34:17.000,390,58954
2025-10-30 19:34:17.000,390,58953
2025-10-30 19:34:18.001,380,59954
2025-10-30 19:34:18.001,380,59083
2025-10-30 19:34:18.001,380,59083
2025-10-30 19:34:18.001,380,59083
2025-10-30 19:34:18.001,380,59082
2025-10-30 19:34:18.001,380,59082
2025-10-30 19:34:18.001,380,59082
2025-10-30 19:34:18.001,380,59081
2025-10-30 19:34:18.001,380,59000
2025-10-30 19:34:18.001,380,59000
2025-10-30 19:34:19.000,381,59999
2025-10-30 19:34:19.000,381,59998
2025-10-30 19:34:19.000,381,59998
2025-10-30 19:34:19.000,381,59998
2025-10-30 19:34:19.000,381,59998
2025-10-30 19:34:19.000,381,59114
2025-10-30 19:34:19.000,381,59114
2025-10-30 19:34:19.000,381,59113
2025-10-30 19:34:19.000,381,59113
2025-10-30 19:34:19.000,381,59113
2025-10-30 19:34:20.001,371,60113
2025-10-30 19:34:20.001,371,60113
2025-10-30 19:34:20.001,371,60024
2025-10-30 19:34:20.001,371,60024
2025-10-30 19:34:20.001,371,60024
2025-10-30 19:34:20.001,371,60023
2025-10-30 19:34:20.001,371,60023
2025-10-30 19:34:20.001,371,60023
2025-10-30 19:34:20.001,371,60023
2025-10-30 19:34:20.001,371,59937
2025-10-30 19:34:21.000,372,60936
2025-10-30 19:34:21.000,372,60935
2025-10-30 19:34:21.000,372,60935
2025-10-30 19:34:21.000,372,60934
2025-10-30 19:34:21.000,372,60934
2025-10-30 19:34:21.000,372,60934
2025-10-30 19:34:21.000,372,59825
2025-10-30 19:34:21.000,372,59825
2025-10-30 19:34:21.000,372,59824
2025-10-30 19:34:21.000,372,59824
2025-10-30 19:34:22.001,362,60825
2025-10-30 19:34:22.001,362,60824
2025-10-30 19:34:22.001,362,60824
2025-10-30 19:34:22.001,362,59898
2025-10-30 19:34:22.001,362,59898
2025-10-30 19:34:22.001,362,59897
2025-10-30 19:34:22.001,362,59897
2025-10-30 19:34:22.001,362,59896
2025-10-30 19:34:22.001,362,59896
2025-10-30 19:34:22.001,362,59896
2025-10-30 19:34:23.001,352,60824
2025-10-30 19:34:23.001,352,60824
2025-10-30 19:34:23.001,352,60823
2025-10-30 19:34:23.001,352,60822
2025-10-30 19:34:23.001,352,60822
2025-10-30 19:34:23.001,352,60822
2025-10-30 19:34:23.001,352,60822
2025-10-30 19:34:23.001,352,59861
2025-10-30 19:34:23.001,352,59860
2025-10-30 19:34:23.001,352,59860
2025-10-30 19:34:24.001,354,60860
2025-10-30 19:34:24.001,354,60859
2025-10-30 19:34:24.001,354,60859
2025-10-30 19:34:24.001,354,60859
2025-10-30 19:34:24.002,354,59915
2025-10-30 19:34:24.002,354,59915
2025-10-30 19:34:24.002,354,59914
2025-10-30 19:34:24.002,354,59915
2025-10-30 19:34:24.002,354,59915
2025-10-30 19:34:24.002,354,59915
2025-10-30 19:34:25.000,344,60913
2025-10-30 19:34:25.000,344,60821
2025-10-30 19:34:25.000,344,60821
2025-10-30 19:34:25.000,344,60820
2025-10-30 19:34:25.000,344,60819
2025-10-30 19:34:25.000,344,60819
2025-10-30 19:34:25.000,344,60819
2025-10-30 19:34:25.000,344,60818
2025-10-30 19:34:25.000,344,59883
2025-10-30 19:34:25.000,344,59882
2025-10-30 19:34:26.001,346,60883
2025-10-30 19:34:26.001,346,60883
2025-10-30 19:34:26.001,346,60882
2025-10-30 19:34:26.001,346,60882
2025-10-30 19:34:26.001,346,60881
2025-10-30 19:34:26.001,346,60801
2025-10-30 19:34:26.001,346,60800
2025-10-30 19:34:26.001,346,60800
2025-10-30 19:34:26.001,346,60800
2025-10-30 19:34:26.001,346,60799
2025-10-30 19:34:27.000,336,61798
2025-10-30 19:34:27.000,336,61798
2025-10-30 19:34:27.000,336,60847
2025-10-30 19:34:27.000,336,60847
2025-10-30 19:34:27.000,336,60847
2025-10-30 19:34:27.000,336,60847
2025-10-30 19:34:27.000,336,60846
2025-10-30 19:34:27.000,336,60846
2025-10-30 19:34:27.000,336,60846
2025-10-30 19:34:27.000,336,59894
2025-10-30 19:34:28.001,326,60894
2025-10-30 19:34:28.001,326,60894
2025-10-30 19:34:28.001,326,60894
2025-10-30 19:34:28.001,326,60894
2025-10-30 19:34:28.001,326,60894
2025-10-30 19:34:28.001,326,60893
2025-10-30 19:34:28.001,326,60802
2025-10-30 19:34:28.001,326,60801
2025-10-30 19:34:28.001,326,60799
2025-10-30 19:34:28.001,326,60798
2025-10-30 19:34:29.000,328,61797
2025-10-30 19:34:29.000,328,61797
2025-10-30 19:34:29.001,328,61796
2025-10-30 19:34:29.001,328,60863
2025-10-30 19:34:29.001,328,60863
2025-10-30 19:34:29.001,328,60863
2025-10-30 19:34:29.001,328,60863
2025-10-30 19:34:29.001,328,60863
2025-10-30 19:34:29.001,328,60863
2025-10-30 19:34:29.001,328,60862
2025-10-30 19:34:30.000,318,60911
2025-10-30 19:34:30.000,318,60911
2025-10-30 19:34:30.000,318,60911
2025-10-30 19:34:30.000,318,60896
2025-10-30 19:34:30.000,318,60895
2025-10-30 19:34:30.000,318,60895
2025-10-30 19:34:30.000,318,60895
2025-10-30 19:34:30.000,318,60834
2025-10-30 19:34:30.000,318,60834
2025-10-30 19:34:30.000,318,60834
2025-10-30 19:34:31.001,321,61834
2025-10-30 19:34:31.001,321,61834
2025-10-30 19:34:31.001,321,61834
2025-10-30 19:34:31.001,321,61834
2025-10-30 19:34:31.001,321,60880
2025-10-30 19:34:31.001,321,60879
2025-10-30 19:34:31.001,321,60879
2025-10-30 19:34:31.001,321,60878
2025-10-30 19:34:31.001,321,60878
2025-10-30 19:34:31.001,321,60877
2025-10-30 19:34:32.001,311,61877
2025-10-30 19:34:32.001,311,61804
2025-10-30 19:34:32.001,311,61803
2025-10-30 19:34:32.001,311,61803
2025-10-30 19:34:32.001,311,61803
2025-10-30 19:34:32.001,311,61803
2025-10-30 19:34:32.001,311,61803
2025-10-30 19:34:32.001,311,61803
2025-10-30 19:34:32.001,311,60723
2025-10-30 19:34:32.001,311,60723
2025-10-30 19:34:33.000,301,61721
2025-10-30 19:34:33.001,301,61721
2025-10-30 19:34:33.001,301,61721
2025-10-30 19:34:33.001,301,61721
2025-10-30 19:34:33.001,301,61721
2025-10-30 19:34:33.001,301,60722
2025-10-30 19:34:33.001,301,60722
2025-10-30 19:34:33.001,301,60722
2025-10-30 19:34:33.001,301,60722
2025-10-30 19:34:33.001,301,60722
2025-10-30 19:34:34.000,305,61720
2025-10-30 19:34:34.000,305,61720
2025-10-30 19:34:34.000,305,60699
2025-10-30 19:34:34.000,305,60699
2025-10-30 19:34:34.000,305,60699
2025-10-30 19:34:34.000,305,60698
2025-10-30 19:34:34.000,305,60697
2025-10-30 19:34:34.000,305,60697
2025-10-30 19:34:34.000,305,60697
2025-10-30 19:34:34.000,305,59719
2025-10-30 19:34:35.001,295,60720
2025-10-30 19:34:35.001,295,60720
2025-10-30 19:34:35.001,295,60720
2025-10-30 19:34:35.001,295,60719
2025-10-30 19:34:35.001,295,60719
2025-10-30 19:34:35.001,295,60718
2025-10-30 19:34:35.001,295,59717
2025-10-30 19:34:35.001,295,59717
2025-10-30 19:34:35.001,295,59717
2025-10-30 19:34:35.001,295,59717
2025-10-30 19:34:36.000,299,60715
2025-10-30 19:34:36.000,299,60715
2025-10-30 19:34:36.000,299,60714
2025-10-30 19:34:36.000,299,59715
2025-10-30 19:34:36.000,299,59714
2025-10-30 19:34:36.000,299,59714
2025-10-30 19:34:36.000,299,59713
2025-10-30 19:34:36.000,299,59713
2025-10-30 19:34:36.000,299,59713
2025-10-30 19:34:36.000,299,59713
2025-10-30 19:34:37.001,289,60714
2025-10-30 19:34:37.001,289,59715
2025-10-30 19:34:37.001,289,59715
2025-10-30 19:34:37.001,289,59715
2025-10-30 19:34:37.001,289,59715
2025-10-30 19:34:37.001,289,59715
2025-10-30 19:34:37.001,289,59714
2025-10-30 19:34:37.001,289,59713
2025-10-30 19:34:37.001,289,59713
2025-10-30 19:34:37.001,289,58716
2025-10-30 19:34:38.000,279,59715
2025-10-30 19:34:38.000,279,59714
2025-10-30 19:34:38.000,279,59713
2025-10-30 19:34:38.000,279,59713
2025-10-30 19:34:38.000,279,59712
2025-10-30 19:34:38.000,279,59711
2025-10-30 19:34:38.000,279,59711
2025-10-30 19:34:38.000,279,58701
2025-10-30 19:34:38.000,279,58700
2025-10-30 19:34:38.000,279,58700
2025-10-30 19:34:39.001,283,59701
2025-10-30 19:34:39.001,283,59700
2025-10-30 19:34:39.001,283,59700
2025-10-30 19:34:39.001,283,59700
2025-10-30 19:34:39.001,283,59699
2025-10-30 19:34:39.001,283,58720
2025-10-30 19:34:39.001,283,58720
2025-10-30 19:34:39.001,283,58719
2025-10-30 19:34:39.001,283,58719
2025-10-30 19:34:39.001,283,58719
2025-10-30 19:34:40.001,273,59718
2025-10-30 19:34:40.001,273,59718
2025-10-30 19:34:40.001,273,59718
2025-10-30 19:34:40.001,273,57701
2025-10-30 19:34:40.001,273,57701
2025-10-30 19:34:40.001,273,57699
2025-10-30 19:34:40.001,273,57699
2025-10-30 19:34:40.001,273,57698
2025-10-30 19:34:40.001,273,57698
2025-10-30 19:34:40.002,273,57697
2025-10-30 19:34:41.000,278,58696
2025-10-30 19:34:41.000,278,57684
2025-10-30 19:34:41.000,278,57684
2025-10-30 19:34:41.000,278,57684
2025-10-30 19:34:41.000,278,57683
2025-10-30 19:34:41.000,278,57683
2025-10-30 19:34:41.000,278,57682
2025-10-30 19:34:41.000,278,57682
2025-10-30 19:34:41.000,278,57682
2025-10-30 19:34:41.000,278,56668
2025-10-30 19:34:42.001,268,57669
2025-10-30 19:34:42.001,268,57669
2025-10-30 19:34:42.001,268,57669
2025-10-30 19:34:42.001,268,57668
2025-10-30 19:34:42.001,268,57668
2025-10-30 19:34:42.001,268,57668
2025-10-30 19:34:42.001,268,57668
2025-10-30 19:34:42.001,268,56641
2025-10-30 19:34:42.001,268,56640
2025-10-30 19:34:42.001,268,56640
2025-10-30 19:34:43.000,258,57639
2025-10-30 19:34:43.000,258,57638
2025-10-30 19:34:43.000,258,57638
2025-10-30 19:34:43.000,258,57638
2025-10-30 19:34:43.000,258,57638
2025-10-30 19:34:43.000,258,55699
2025-10-30 19:34:43.000,258,55698
2025-10-30 19:34:43.000,258,55698
2025-10-30 19:34:43.000,258,55697
2025-10-30 19:34:43.000,258,55697
2025-10-30 19:34:44.000,263,56697
2025-10-30 19:34:44.000,263,56696
2025-10-30 19:34:44.000,263,56696
2025-10-30 19:34:44.000,263,55677
2025-10-30 19:34:44.000,263,55676
2025-10-30 19:34:44.000,263,55676
2025-10-30 19:34:44.000,263,55676
2025-10-30 19:34:44.000,263,55675
2025-10-30 19:34:44.000,263,55675
2025-10-30 19:34:44.000,263,55672
2025-10-30 19:34:45.001,263,56661
2025-10-30 19:34:45.001,263,55662
2025-10-30 19:34:45.001,263,55661
2025-10-30 19:34:45.001,263,55661
2025-10-30 19:34:45.001,263,55661
2025-10-30 19:34:45.001,263,55661
2025-10-30 19:34:45.001,263,55660
2025-10-30 19:34:45.001,263,55660
2025-10-30 19:34:45.001,263,55660
2025-10-30 19:34:45.001,263,54617
2025-10-30 19:34:46.000,258,55616
2025-10-30 19:34:46.000,258,55614
2025-10-30 19:34:46.000,258,55614
2025-10-30 19:34:46.000,258,55614
2025-10-30 19:34:46.000,258,55613
2025-10-30 19:34:46.000,258,55613
2025-10-30 19:34:46.000,258,55613
2025-10-30 19:34:46.000,258,52599
2025-10-30 19:34:46.000,258,52598
2025-10-30 19:34:46.000,258,52598
2025-10-30 19:34:47.001,258,53598
2025-10-30 19:34:47.001,258,53598
2025-10-30 19:34:47.001,258,53598
2025-10-30 19:34:47.001,258,53598
2025-10-30 19:34:47.001,258,53598
2025-10-30 19:34:47.001,258,51578
2025-10-30 19:34:47.001,258,51578
2025-10-30 19:34:47.001,258,51577
2025-10-30 19:34:47.001,258,51577
2025-10-30 19:34:47.001,258,51576
2025-10-30 19:34:48.000,239,52575
2025-10-30 19:34:48.000,239,52575
2025-10-30 19:34:48.000,239,52575
2025-10-30 19:34:48.000,239,49598
2025-10-30 19:34:48.000,239,49598
2025-10-30 19:34:48.000,239,49597
2025-10-30 19:34:48.000,239,49596
2025-10-30 19:34:48.000,239,49595
2025-10-30 19:34:48.000,239,49595
2025-10-30 19:34:48.000,239,49592
2025-10-30 19:34:49.001,246,50593
2025-10-30 19:34:49.001,246,50592
2025-10-30 19:34:49.001,246,48578
2025-10-30 19:34:49.001,246,48578
2025-10-30 19:34:49.001,246,48578
2025-10-30 19:34:49.001,246,48578
2025-10-30 19:34:49.001,246,48577
2025-10-30 19:34:49.001,246,48577
2025-10-30 19:34:49.001,246,48577
2025-10-30 19:34:49.001,246,48576
2025-10-30 19:34:50.001,246,49576
2025-10-30 19:34:50.001,246,46557
2025-10-30 19:34:50.001,246,46556
2025-10-30 19:34:50.001,246,46556
2025-10-30 19:34:50.002,246,46555
2025-10-30 19:34:50.002,246,46555
2025-10-30 19:34:50.002,246,46556
2025-10-30 19:34:50.002,246,46555
2025-10-30 19:34:50.002,246,46555
2025-10-30 19:34:50.002,246,46554
2025-10-30 19:34:51.000,243,45541
2025-10-30 19:34:51.000,243,45541
2025-10-30 19:34:51.000,243,45540
2025-10-30 19:34:51.000,243,45539
2025-10-30 19:34:51.000,243,45538
2025-10-30 19:34:51.000,243,45538
2025-10-30 19:34:51.000,243,45538
2025-10-30 19:34:51.000,243,45538
2025-10-30 19:34:51.000,243,45538
2025-10-30 19:34:51.000,243,42559
2025-10-30 19:34:52.001,243,43559
2025-10-30 19:34:52.001,243,43559
2025-10-30 19:34:52.001,243,43558
2025-10-30 19:34:52.001,243,43558
2025-10-30 19:34:52.001,243,43558
2025-10-30 19:34:52.001,243,43557
2025-10-30 19:34:52.001,243,43557
2025-10-30 19:34:52.001,243,43556
2025-10-30 19:34:52.001,243,43556
2025-10-30 19:34:52.001,243,41544
2025-10-30 19:34:53.000,233,42543
2025-10-30 19:34:53.000,233,42543
2025-10-30 19:34:53.000,233,42543
2025-10-30 19:34:53.000,233,42542
2025-10-30 19:34:53.000,233,42542
2025-10-30 19:34:53.000,233,42542
2025-10-30 19:34:53.000,233,42542
2025-10-30 19:34:53.000,233,42542
2025-10-30 19:34:53.000,233,42542
2025-10-30 19:34:53.000,233,39525
2025-10-30 19:34:54.001,221,40526
2025-10-30 19:34:54.001,221,40525
2025-10-30 19:34:54.001,221,40525
2025-10-30 19:34:54.001,221,40524
2025-10-30 19:34:54.001,221,40524
2025-10-30 19:34:54.001,221,40524
2025-10-30 19:34:54.001,221,40523
2025-10-30 19:34:54.001,221,40523
2025-10-30 19:34:54.001,221,40523
2025-10-30 19:34:54.001,221,38502
2025-10-30 19:34:55.001,220,39502
2025-10-30 19:34:55.001,220,39501
2025-10-30 19:34:55.001,220,39501
2025-10-30 19:34:55.001,220,39501
2025-10-30 19:34:55.001,220,39501
2025-10-30 19:34:55.001,220,39500
2025-10-30 19:34:55.001,220,39500
2025-10-30 19:34:55.001,220,39500
2025-10-30 19:34:55.001,220,39500
2025-10-30 19:34:55.001,220,39499
2025-10-30 19:34:56.000,228,37519
2025-10-30 19:34:56.000,228,37519
2025-10-30 19:34:56.000,228,37519
2025-10-30 19:34:56.000,228,37518
2025-10-30 19:34:56.000,228,37518
2025-10-30 19:34:56.000,228,37517
2025-10-30 19:34:56.000,228,37516
2025-10-30 19:34:56.000,228,37515
2025-10-30 19:34:56.000,228,37514
2025-10-30 19:34:56.000,228,37514
2025-10-30 19:34:57.000,228,38514
2025-10-30 19:34:57.000,228,36489
2025-10-30 19:34:57.000,228,36488
2025-10-30 19:34:57.000,228,36488
2025-10-30 19:34:57.000,228,36488
2025-10-30 19:34:57.000,228,36488
2025-10-30 19:34:57.000,228,36488
2025-10-30 19:34:57.000,228,36487
2025-10-30 19:34:57.000,228,36487
2025-10-30 19:34:57.000,228,36487
2025-10-30 19:34:58.000,218,37487
2025-10-30 19:34:58.000,218,37486
2025-10-30 19:34:58.000,218,34469
2025-10-30 19:34:58.000,218,34468
2025-10-30 19:34:58.000,218,34468
2025-10-30 19:34:58.000,218,34468
2025-10-30 19:34:58.000,218,34468
2025-10-30 19:34:58.000,218,34467
2025-10-30 19:34:58.000,218,34467
2025-10-30 19:34:58.000,218,34467
2025-10-30 19:34:59.001,215,35468
2025-10-30 19:34:59.001,215,35468
2025-10-30 19:34:59.001,215,35467
2025-10-30 19:34:59.001,215,35467
2025-10-30 19:34:59.001,215,33455
2025-10-30 19:34:59.001,215,33454
2025-10-30 19:34:59.001,215,33434
2025-10-30 19:34:59.001,215,33434
2025-10-30 19:34:59.001,215,33434
2025-10-30 19:34:59.001,215,33433
2025-10-30 19:35:00.000,206,34432
2025-10-30 19:35:00.000,206,34432
2025-10-30 19:35:00.000,206,34432
2025-10-30 19:35:00.000,206,34431
2025-10-30 19:35:00.000,206,34431
2025-10-30 19:35:00.000,206,34430
2025-10-30 19:35:00.000,206,31468
2025-10-30 19:35:00.000,206,31467
2025-10-30 19:35:00.000,206,31467
2025-10-30 19:35:00.000,206,31467
2025-10-30 19:35:01.000,213,32466
2025-10-30 19:35:01.000,213,32466
2025-10-30 19:35:01.000,213,32465
2025-10-30 19:35:01.000,213,32464
2025-10-30 19:35:01.000,213,32463
2025-10-30 19:35:01.000,213,32463
2025-10-30 19:35:01.000,213,32463
2025-10-30 19:35:01.000,213,32462
2025-10-30 19:35:01.000,213,30451
2025-10-30 19:35:01.000,213,30450
2025-10-30 19:35:02.001,213,31451
2025-10-30 19:35:02.001,213,31451
2025-10-30 19:35:02.001,213,31451
2025-10-30 19:35:02.001,213,31450
2025-10-30 19:35:02.001,213,31450
2025-10-30 19:35:02.001,213,31450
2025-10-30 19:35:02.001,213,31449
2025-10-30 19:35:02.001,213,31449
2025-10-30 19:35:02.001,213,31449
2025-10-30 19:35:02.001,213,31449
2025-10-30 19:35:03.000,205,32448
2025-10-30 19:35:03.000,205,29432
2025-10-30 19:35:03.000,205,29432
2025-10-30 19:35:03.000,205,29432
2025-10-30 19:35:03.000,205,29431
2025-10-30 19:35:03.000,205,29431
2025-10-30 19:35:03.000,205,29431
2025-10-30 19:35:03.000,205,29430
2025-10-30 19:35:03.000,205,29430
2025-10-30 19:35:03.000,205,29430
2025-10-30 19:35:04.001,201,30431
2025-10-30 19:35:04.001,201,30431
2025-10-30 19:35:04.001,201,30430
2025-10-30 19:35:04.001,201,30430
2025-10-30 19:35:04.001,201,30429
2025-10-30 19:35:04.001,201,28418
2025-10-30 19:35:04.001,201,28418
2025-10-30 19:35:04.001,201,28417
2025-10-30 19:35:04.001,201,28417
2025-10-30 19:35:04.001,201,28414
2025-10-30 19:35:05.000,201,29413
2025-10-30 19:35:05.000,201,29412
2025-10-30 19:35:05.000,201,29412
2025-10-30 19:35:05.000,201,29412
2025-10-30 19:35:05.000,201,29412
2025-10-30 19:35:05.000,201,29412
2025-10-30 19:35:05.000,201,29411
2025-10-30 19:35:05.000,201,29411
2025-10-30 19:35:05.000,201,29411
2025-10-30 19:35:05.000,201,26432
2025-10-30 19:35:06.000,203,27432
2025-10-30 19:35:06.000,203,27432
2025-10-30 19:35:06.000,203,27431
2025-10-30 19:35:06.000,203,27431
2025-10-30 19:35:06.000,203,27431
2025-10-30 19:35:06.000,203,27430
2025-10-30 19:35:06.000,203,27430
2025-10-30 19:35:06.000,203,27430
2025-10-30 19:35:06.000,203,27430
2025-10-30 19:35:06.000,203,27430
2025-10-30 19:35:07.000,205,28429
2025-10-30 19:35:07.000,205,28429
2025-10-30 19:35:07.000,205,28429
2025-10-30 19:35:07.000,205,26412
2025-10-30 19:35:07.000,205,26411
2025-10-30 19:35:07.000,205,26411
2025-10-30 19:35:07.000,205,26407
2025-10-30 19:35:07.000,205,26406
2025-10-30 19:35:07.000,205,26406
2025-10-30 19:35:07.000,205,26406
2025-10-30 19:35:08.001,195,27407
2025-10-30 19:35:08.001,195,27406
2025-10-30 19:35:08.001,195,27406
2025-10-30 19:35:08.001,195,27406
2025-10-30 19:35:08.001,195,27405
2025-10-30 19:35:08.001,195,27405
2025-10-30 19:35:08.001,195,27405
2025-10-30 19:35:08.001,195,27404
2025-10-30 19:35:08.001,195,24391
2025-10-30 19:35:08.001,195,24391
2025-10-30 19:35:09.000,196,25389
2025-10-30 19:35:09.000,196,25389
2025-10-30 19:35:09.000,196,25389
2025-10-30 19:35:09.000,196,25389
2025-10-30 19:35:09.000,196,25388
2025-10-30 19:35:09.000,196,25388
2025-10-30 19:35:09.000,196,25387
2025-10-30 19:35:09.000,196,25386
2025-10-30 19:35:09.000,196,25385
2025-10-30 19:35:09.000,196,25385
2025-10-30 19:35:10.000,196,26384
2025-10-30 19:35:10.000,196,26384
2025-10-30 19:35:10.000,196,26384
2025-10-30 19:35:10.000,196,24364
2025-10-30 19:35:10.000,196,24364
2025-10-30 19:35:10.000,196,24363
2025-10-30 19:35:10.000,196,24363
2025-10-30 19:35:10.000,196,24362
2025-10-30 19:35:10.000,196,24359
2025-10-30 19:35:10.000,196,24359
2025-10-30 19:35:11.001,190,25359
2025-10-30 19:35:11.001,190,25359
2025-10-30 19:35:11.001,190,25358
2025-10-30 19:35:11.001,190,25358
2025-10-30 19:35:11.001,190,25358
2025-10-30 19:35:11.001,190,25357
2025-10-30 19:35:11.001,190,25357
2025-10-30 19:35:11.001,190,25357
2025-10-30 19:35:11.001,190,25356
2025-10-30 19:35:11.001,190,22393
2025-10-30 19:35:12.000,190,23391
2025-10-30 19:35:12.000,190,23391
2025-10-30 19:35:12.000,190,23391
2025-10-30 19:35:12.000,190,23391
2025-10-30 19:35:12.000,190,23390
2025-10-30 19:35:12.000,190,23390
2025-10-30 19:35:12.000,190,23389
2025-10-30 19:35:12.000,190,23388
2025-10-30 19:35:12.000,190,23387
2025-10-30 19:35:12.000,190,23387
2025-10-30 19:35:13.000,187,24386
2025-10-30 19:35:13.000,187,24386
2025-10-30 19:35:13.000,187,24386
2025-10-30 19:35:13.000,187,24386
2025-10-30 19:35:13.000,187,24385
2025-10-30 19:35:13.000,187,24385
2025-10-30 19:35:13.000,187,22375
2025-10-30 19:35:13.000,187,22375
2025-10-30 19:35:13.000,187,22374
2025-10-30 19:35:13.000,187,22374
2025-10-30 19:35:14.001,178,23375
2025-10-30 19:35:14.001,178,23375
2025-10-30 19:35:14.001,178,23374
2025-10-30 19:35:14.001,178,23374
2025-10-30 19:35:14.001,178,23374
2025-10-30 19:35:14.001,178,23373
2025-10-30 19:35:14.001,178,23373
2025-10-30 19:35:14.001,178,23373
2025-10-30 19:35:14.001,178,23372
2025-10-30 19:35:14.001,178,23372
2025-10-30 19:35:15.000,178,24370
2025-10-30 19:35:15.000,178,24370
2025-10-30 19:35:15.000,178,24369
2025-10-30 19:35:15.000,178,21353
2025-10-30 19:35:15.000,178,21353
2025-10-30 19:35:15.000,178,21353
2025-10-30 19:35:15.000,178,21352
2025-10-30 19:35:15.000,178,21352
2025-10-30 19:35:15.000,178,21352
2025-10-30 19:35:15.000,178,21351
2025-10-30 19:35:16.000,191,22351
2025-10-30 19:35:16.000,191,22335
2025-10-30 19:35:16.000,191,22335
2025-10-30 19:35:16.000,191,22335
2025-10-30 19:35:16.000,191,22334
2025-10-30 19:35:16.000,191,22333
2025-10-30 19:35:16.000,191,22333
2025-10-30 19:35:16.000,191,22333
2025-10-30 19:35:16.000,191,22332
2025-10-30 19:35:16.000,191,22331
2025-10-30 19:35:17.001,191,21340
2025-10-30 19:35:17.001,191,21340
2025-10-30 19:35:17.001,191,21340
2025-10-30 19:35:17.001,191,21339
2025-10-30 19:35:17.001,191,21339
2025-10-30 19:35:17.001,191,21339
2025-10-30 19:35:17.001,191,21338
2025-10-30 19:35:17.001,191,21337
2025-10-30 19:35:17.001,191,21337
2025-10-30 19:35:17.001,191,21337
2025-10-30 19:35:18.000,181,22336
2025-10-30 19:35:18.000,181,22336
2025-10-30 19:35:18.000,181,22335
2025-10-30 19:35:18.000,181,22335
2025-10-30 19:35:18.000,181,22335
2025-10-30 19:35:18.000,181,22334
2025-10-30 19:35:18.000,181,22333
2025-10-30 19:35:18.000,181,22333
2025-10-30 19:35:18.000,181,19353
2025-10-30 19:35:18.000,181,19352
2025-10-30 19:35:19.001,181,20353
2025-10-30 19:35:19.001,181,20353
2025-10-30 19:35:19.001,181,20353
2025-10-30 19:35:19.001,181,20352
2025-10-30 19:35:19.001,181,20351
2025-10-30 19:35:19.001,181,20351
2025-10-30 19:35:19.001,181,20351
2025-10-30 19:35:19.001,181,20350
2025-10-30 19:35:19.001,181,20350
2025-10-30 19:35:19.001,181,20350
2025-10-30 19:35:20.000,181,21349
2025-10-30 19:35:20.000,181,21348
2025-10-30 19:35:20.000,181,21347
2025-10-30 19:35:20.000,181,21346
2025-10-30 19:35:20.000,181,21346
2025-10-30 19:35:20.000,181,21345
2025-10-30 19:35:20.000,181,19338
2025-10-30 19:35:20.000,181,19337
2025-10-30 19:35:20.000,181,19337
2025-10-30 19:35:20.000,181,19337
2025-10-30 19:35:21.000,182,20337
2025-10-30 19:35:21.000,182,20336
2025-10-30 19:35:21.000,182,20336
2025-10-30 19:35:21.000,182,20335
2025-10-30 19:35:21.000,182,20335
2025-10-30 19:35:21.000,182,20335
2025-10-30 19:35:21.000,182,20335
2025-10-30 19:35:21.000,182,20335
2025-10-30 19:35:21.000,182,20334
2025-10-30 19:35:21.000,182,20334
2025-10-30 19:35:22.000,177,21333
2025-10-30 19:35:22.000,177,21333
2025-10-30 19:35:22.000,177,21333
2025-10-30 19:35:22.000,177,21333
2025-10-30 19:35:22.000,177,21332
2025-10-30 19:35:22.000,177,18318
2025-10-30 19:35:22.000,177,18317
2025-10-30 19:35:22.000,177,18317
2025-10-30 19:35:22.000,177,18316
2025-10-30 19:35:22.000,177,18316
2025-10-30 19:35:23.001,167,19317
2025-10-30 19:35:23.001,167,19317
2025-10-30 19:35:23.001,167,19317
2025-10-30 19:35:23.001,167,19316
2025-10-30 19:35:23.001,167,19316
2025-10-30 19:35:23.001,167,19316
2025-10-30 19:35:23.001,167,19316
2025-10-30 19:35:23.001,167,19316
2025-10-30 19:35:23.001,167,19316
2025-10-30 19:35:23.001,167,19314
2025-10-30 19:35:24.000,176,20313
2025-10-30 19:35:24.000,176,20313
2025-10-30 19:35:24.000,176,20312
2025-10-30 19:35:24.000,176,20312
2025-10-30 19:35:24.000,176,20312
2025-10-30 19:35:24.000,176,18304
2025-10-30 19:35:24.000,176,18304
2025-10-30 19:35:24.000,176,18304
2025-10-30 19:35:24.000,176,18303
2025-10-30 19:35:24.000,176,18303
2025-10-30 19:35:25.001,176,19304
2025-10-30 19:35:25.001,176,19304
2025-10-30 19:35:25.001,176,19304
2025-10-30 19:35:25.001,176,19303
2025-10-30 19:35:25.001,176,19303
2025-10-30 19:35:25.001,176,19302
2025-10-30 19:35:25.001,176,19302
2025-10-30 19:35:25.001,176,19302
2025-10-30 19:35:25.001,176,19302
2025-10-30 19:35:25.001,176,19302
2025-10-30 19:35:26.001,170,20302
2025-10-30 19:35:26.001,170,20301
2025-10-30 19:35:26.001,170,20301
2025-10-30 19:35:26.001,170,20300
2025-10-30 19:35:26.001,170,20300
2025-10-30 19:35:26.001,170,17310
2025-10-30 19:35:26.001,170,17307
2025-10-30 19:35:26.001,170,17307
2025-10-30 19:35:26.001,170,17307
2025-10-30 19:35:26.002,170,17306
2025-10-30 19:35:27.000,170,18305
2025-10-30 19:35:27.000,170,18304
2025-10-30 19:35:27.000,170,18304
2025-10-30 19:35:27.000,170,18304
2025-10-30 19:35:27.000,170,18304
2025-10-30 19:35:27.000,170,18303
2025-10-30 19:35:27.000,170,18303
2025-10-30 19:35:27.000,170,18303
2025-10-30 19:35:27.000,170,18303
2025-10-30 19:35:27.000,170,18302
2025-10-30 19:35:28.000,174,19302
2025-10-30 19:35:28.000,174,19301
2025-10-30 19:35:28.000,174,19300
2025-10-30 19:35:28.000,174,19300
2025-10-30 19:35:28.000,174,19299
2025-10-30 19:35:28.000,174,19298
2025-10-30 19:35:28.000,174,17299
2025-10-30 19:35:28.000,174,17299
2025-10-30 19:35:28.000,174,17299
2025-10-30 19:35:28.000,174,17298
2025-10-30 19:35:29.001,167,18298
2025-10-30 19:35:29.001,167,18298
2025-10-30 19:35:29.001,167,18297
2025-10-30 19:35:29.001,167,18297
2025-10-30 19:35:29.001,167,18297
2025-10-30 19:35:29.001,167,18297
2025-10-30 19:35:29.001,167,18297
2025-10-30 19:35:29.001,167,18296
2025-10-30 19:35:29.001,167,18295
2025-10-30 19:35:29.001,167,18295
2025-10-30 19:35:30.000,167,19294
2025-10-30 19:35:30.000,167,19294
2025-10-30 19:35:30.000,167,19293
2025-10-30 19:35:30.000,167,19293
2025-10-30 19:35:30.000,167,19292
2025-10-30 19:35:30.000,167,19292
2025-10-30 19:35:30.000,167,19291
2025-10-30 19:35:30.000,167,16276
2025-10-30 19:35:30.000,167,16276
2025-10-30 19:35:30.000,167,16275
2025-10-30 19:35:31.001,166,17276
2025-10-30 19:35:31.001,166,17276
2025-10-30 19:35:31.001,166,17275
2025-10-30 19:35:31.001,166,17275
2025-10-30 19:35:31.001,166,17275
2025-10-30 19:35:31.001,166,17275
2025-10-30 19:35:31.001,166,17274
2025-10-30 19:35:31.001,166,17274
2025-10-30 19:35:31.001,166,17261
2025-10-30 19:35:31.001,166,17261
2025-10-30 19:35:32.000,166,18259
2025-10-30 19:35:32.000,166,18259
2025-10-30 19:35:32.000,166,18259
2025-10-30 19:35:32.000,166,18259
2025-10-30 19:35:32.000,166,18259
2025-10-30 19:35:32.000,166,18258
2025-10-30 19:35:32.000,166,18258
2025-10-30 19:35:32.000,166,18257
2025-10-30 19:35:32.000,166,18257
2025-10-30 19:35:32.000,166,16264
2025-10-30 19:35:33.001,172,17265
2025-10-30 19:35:33.001,172,17265
2025-10-30 19:35:33.001,172,17264
2025-10-30 19:35:33.001,172,17264
2025-10-30 19:35:33.001,172,17264
2025-10-30 19:35:33.001,172,17264
2025-10-30 19:35:33.001,172,17264
2025-10-30 19:35:33.001,172,17264
2025-10-30 19:35:33.001,172,17264
2025-10-30 19:35:33.001,172,17264
2025-10-30 19:35:34.000,160,18262
2025-10-30 19:35:34.000,160,18262
2025-10-30 19:35:34.000,160,18262
2025-10-30 19:35:34.000,160,18262
2025-10-30 19:35:34.000,160,18261
2025-10-30 19:35:34.000,160,18261
2025-10-30 19:35:34.000,160,18260
2025-10-30 19:35:34.000,160,18260
2025-10-30 19:35:34.000,160,18260
2025-10-30 19:35:34.000,160,18259
2025-10-30 19:35:35.001,160,19260
2025-10-30 19:35:35.001,160,16278
2025-10-30 19:35:35.001,160,16278
2025-10-30 19:35:35.001,160,16277
2025-10-30 19:35:35.001,160,16277
2025-10-30 19:35:35.001,160,16277
2025-10-30 19:35:35.001,160,16277
2025-10-30 19:35:35.001,160,16277
2025-10-30 19:35:35.001,160,16277
2025-10-30 19:35:35.001,160,16276
2025-10-30 19:35:36.000,180,17275
2025-10-30 19:35:36.000,180,17275
2025-10-30 19:35:36.000,180,17275
2025-10-30 19:35:36.000,180,17274
2025-10-30 19:35:36.000,180,17273
2025-10-30 19:35:36.000,180,17273
2025-10-30 19:35:36.000,180,17272
2025-10-30 19:35:36.000,180,17272
2025-10-30 19:35:36.000,180,17272
2025-10-30 19:35:36.000,180,17272
2025-10-30 19:35:37.000,180,18271
2025-10-30 19:35:37.000,180,18271
2025-10-30 19:35:37.000,180,18270
2025-10-30 19:35:37.000,180,18270
2025-10-30 19:35:37.000,180,16259
2025-10-30 19:35:37.000,180,16258
2025-10-30 19:35:37.000,180,16258
2025-10-30 19:35:37.000,180,16257
2025-10-30 19:35:37.000,180,16257
2025-10-30 19:35:37.000,180,16257
2025-10-30 19:35:38.001,170,17258
2025-10-30 19:35:38.001,170,17258
2025-10-30 19:35:38.001,170,17258
2025-10-30 19:35:38.001,170,17258
2025-10-30 19:35:38.001,170,17257
2025-10-30 19:35:38.001,170,17257
2025-10-30 19:35:38.001,170,17257
2025-10-30 19:35:38.001,170,17256
2025-10-30 19:35:38.001,170,17255
2025-10-30 19:35:38.001,170,17255
2025-10-30 19:35:39.001,174,18255
2025-10-30 19:35:39.001,174,18254
2025-10-30 19:35:39.001,174,18253
2025-10-30 19:35:39.001,174,18253
2025-10-30 19:35:39.001,174,18252
2025-10-30 19:35:39.001,174,18252
2025-10-30 19:35:39.001,174,18251
2025-10-30 19:35:39.001,174,15238
2025-10-30 19:35:39.001,174,15238
2025-10-30 19:35:39.001,174,15238
2025-10-30 19:35:40.000,174,16237
2025-10-30 19:35:40.000,174,16237
2025-10-30 19:35:40.000,174,16237
2025-10-30 19:35:40.000,174,16236
2025-10-30 19:35:40.000,174,16236
2025-10-30 19:35:40.000,174,16235
2025-10-30 19:35:40.000,174,16235
2025-10-30 19:35:40.000,174,16235
2025-10-30 19:35:40.000,174,16234
2025-10-30 19:35:40.000,174,16233
2025-10-30 19:35:41.001,161,17234
2025-10-30 19:35:41.001,161,17234
2025-10-30 19:35:41.001,161,17233
2025-10-30 19:35:41.001,161,17232
2025-10-30 19:35:41.001,161,17232
2025-10-30 19:35:41.001,161,17231
2025-10-30 19:35:41.001,161,17231
2025-10-30 19:35:41.001,161,17230
2025-10-30 19:35:41.001,161,17230
2025-10-30 19:35:41.001,161,17229
2025-10-30 19:35:42.000,161,16223
2025-10-30 19:35:42.000,161,16223
2025-10-30 19:35:42.000,161,16222
2025-10-30 19:35:42.000,161,16222
2025-10-30 19:35:42.000,161,16222
2025-10-30 19:35:42.000,161,16222
2025-10-30 19:35:42.000,161,16221
2025-10-30 19:35:42.000,161,16221
2025-10-30 19:35:42.000,161,16221
2025-10-30 19:35:42.000,161,16221
2025-10-30 19:35:43.000,167,17219
2025-10-30 19:35:43.000,167,17219
2025-10-30 19:35:43.000,167,17218
2025-10-30 19:35:43.000,167,17218
2025-10-30 19:35:43.000,167,17218
2025-10-30 19:35:43.000,167,17218
2025-10-30 19:35:43.000,167,17218
2025-10-30 19:35:43.000,167,17217
2025-10-30 19:35:43.000,167,17217
2025-10-30 19:35:43.001,167,17216
2025-10-30 19:35:44.000,166,18216
2025-10-30 19:35:44.000,166,18216
2025-10-30 19:35:44.000,166,18215
2025-10-30 19:35:44.000,166,18214
2025-10-30 19:35:44.000,166,15239
2025-10-30 19:35:44.000,166,15239
2025-10-30 19:35:44.000,166,15238
2025-10-30 19:35:44.000,166,15238
2025-10-30 19:35:44.000,166,15238
2025-10-30 19:35:44.000,166,15238
2025-10-30 19:35:45.001,166,16238
2025-10-30 19:35:45.001,166,16238
2025-10-30 19:35:45.001,166,16238
2025-10-30 19:35:45.001,166,16237
2025-10-30 19:35:45.001,166,16235
2025-10-30 19:35:45.001,166,16234
2025-10-30 19:35:45.001,166,16234
2025-10-30 19:35:45.001,166,16234
2025-10-30 19:35:45.001,166,16234
2025-10-30 19:35:45.001,166,16233
2025-10-30 19:35:46.000,155,17232
2025-10-30 19:35:46.000,155,17232
2025-10-30 19:35:46.000,155,17232
2025-10-30 19:35:46.000,155,17231
2025-10-30 19:35:46.000,155,17230
2025-10-30 19:35:46.000,155,17230
2025-10-30 19:35:46.000,155,17229
2025-10-30 19:35:46.000,155,17229
2025-10-30 19:35:46.000,155,15224
2025-10-30 19:35:46.000,155,15223
2025-10-30 19:35:47.000,155,16222
2025-10-30 19:35:47.000,155,16222
2025-10-30 19:35:47.000,155,16222
2025-10-30 19:35:47.000,155,16221
2025-10-30 19:35:47.000,155,16221
2025-10-30 19:35:47.000,155,16221
2025-10-30 19:35:47.000,155,16220
2025-10-30 19:35:47.000,155,16220
2025-10-30 19:35:47.000,155,16220
2025-10-30 19:35:47.000,155,16220
2025-10-30 19:35:48.001,158,17221
2025-10-30 19:35:48.001,158,17221
2025-10-30 19:35:48.001,158,17214
2025-10-30 19:35:48.001,158,17213
2025-10-30 19:35:48.001,158,17213
2025-10-30 19:35:48.001,158,17212
2025-10-30 19:35:48.001,158,17211
2025-10-30 19:35:48.001,158,17211
2025-10-30 19:35:48.001,158,17210
2025-10-30 19:35:48.001,158,17209
2025-10-30 19:35:49.000,154,18208
2025-10-30 19:35:49.000,154,18207
2025-10-30 19:35:49.000,154,15204
2025-10-30 19:35:49.000,154,15201
2025-10-30 19:35:49.000,154,15199
2025-10-30 19:35:49.000,154,15199
2025-10-30 19:35:49.000,154,15199
2025-10-30 19:35:49.000,154,15198
2025-10-30 19:35:49.001,154,15198
2025-10-30 19:35:49.001,154,15198
2025-10-30 19:35:50.000,154,16197
2025-10-30 19:35:50.000,154,16197
2025-10-30 19:35:50.000,154,16197
2025-10-30 19:35:50.000,154,16196
2025-10-30 19:35:50.000,154,16196
2025-10-30 19:35:50.000,154,16196
2025-10-30 19:35:50.000,154,16195
2025-10-30 19:35:50.000,154,16194
2025-10-30 19:35:50.000,154,16194
2025-10-30 19:35:50.000,154,16193
2025-10-30 19:35:51.001,154,17194
2025-10-30 19:35:51.001,154,17193
2025-10-30 19:35:51.001,154,17193
2025-10-30 19:35:51.001,154,17192
2025-10-30 19:35:51.001,154,17191
2025-10-30 19:35:51.001,154,17190
2025-10-30 19:35:51.001,154,15181
2025-10-30 19:35:51.001,154,15181
2025-10-30 19:35:51.001,154,15180
2025-10-30 19:35:51.001,154,15180
2025-10-30 19:35:52.000,152,16179
2025-10-30 19:35:52.000,152,16178
2025-10-30 19:35:52.000,152,16176
2025-10-30 19:35:52.000,152,16175
2025-10-30 19:35:52.000,152,16175
2025-10-30 19:35:52.000,152,16174
2025-10-30 19:35:52.000,152,16174
2025-10-30 19:35:52.000,152,16174
2025-10-30 19:35:52.000,152,16174
2025-10-30 19:35:52.000,152,16174
2025-10-30 19:35:53.001,165,17175
2025-10-30 19:35:53.001,165,17174
2025-10-30 19:35:53.001,165,17174
2025-10-30 19:35:53.001,165,17174
2025-10-30 19:35:53.001,165,17174
2025-10-30 19:35:53.001,165,17173
2025-10-30 19:35:53.001,165,17173
2025-10-30 19:35:53.001,165,17172
2025-10-30 19:35:53.001,165,17172
2025-10-30 19:35:53.001,165,17171
2025-10-30 19:35:54.000,165,15202
2025-10-30 19:35:54.000,165,15202
2025-10-30 19:35:54.000,165,15202
2025-10-30 19:35:54.000,165,15201
2025-10-30 19:35:54.000,165,15201
2025-10-30 19:35:54.000,165,15201
2025-10-30 19:35:54.000,165,15200
2025-10-30 19:35:54.000,165,15200
2025-10-30 19:35:54.000,165,15200
2025-10-30 19:35:54.000,165,15197
2025-10-30 19:35:55.001,173,16198
2025-10-30 19:35:55.001,173,16198
2025-10-30 19:35:55.001,173,16198
2025-10-30 19:35:55.001,173,16198
2025-10-30 19:35:55.001,173,16197
2025-10-30 19:35:55.001,173,16197
2025-10-30 19:35:55.001,173,16197
2025-10-30 19:35:55.001,173,16197
2025-10-30 19:35:55.001,173,16196
2025-10-30 19:35:55.001,173,16196
2025-10-30 19:35:56.001,174,17195
2025-10-30 19:35:56.001,174,17195
2025-10-30 19:35:56.001,174,17194
2025-10-30 19:35:56.001,174,17193
2025-10-30 19:35:56.001,174,15188
2025-10-30 19:35:56.001,174,15186
2025-10-30 19:35:56.001,174,15184
2025-10-30 19:35:56.001,174,15184
2025-10-30 19:35:56.001,174,15184
2025-10-30 19:35:56.001,174,15183
2025-10-30 19:35:57.000,175,16182
2025-10-30 19:35:57.000,175,16181
2025-10-30 19:35:57.000,175,16181
2025-10-30 19:35:57.000,175,16181
2025-10-30 19:35:57.000,175,16181
2025-10-30 19:35:57.000,175,16181
2025-10-30 19:35:57.000,175,16180
2025-10-30 19:35:57.000,175,16179
2025-10-30 19:35:57.000,175,16179
2025-10-30 19:35:57.000,175,16178
2025-10-30 19:35:58.001,173,17179
2025-10-30 19:35:58.001,173,17179
2025-10-30 19:35:58.001,173,17179
2025-10-30 19:35:58.001,173,17178
2025-10-30 19:35:58.001,173,17178
2025-10-30 19:35:58.001,173,17177
2025-10-30 19:35:58.001,173,17177
2025-10-30 19:35:58.001,173,14167
2025-10-30 19:35:58.001,173,14167
2025-10-30 19:35:58.001,173,14167
2025-10-30 19:35:59.001,171,15167
2025-10-30 19:35:59.001,171,15167
2025-10-30 19:35:59.001,171,15166
2025-10-30 19:35:59.001,171,15166
2025-10-30 19:35:59.001,171,15166
2025-10-30 19:35:59.001,171,15166
2025-10-30 19:35:59.001,171,15166
2025-10-30 19:35:59.001,171,15165
2025-10-30 19:35:59.001,171,15165
2025-10-30 19:35:59.001,171,15164
2025-10-30 19:36:00.000,169,16163
2025-10-30 19:36:00.000,169,16163
2025-10-30 19:36:00.000,169,16163
2025-10-30 19:36:00.000,169,16162
2025-10-30 19:36:00.000,169,16162
2025-10-30 19:36:00.000,169,16162
2025-10-30 19:36:00.000,169,16161
2025-10-30 19:36:00.000,169,16161
2025-10-30 19:36:00.000,169,14148
2025-10-30 19:36:00.000,169,14148
2025-10-30 19:36:01.000,165,15147
2025-10-30 19:36:01.000,165,15147
2025-10-30 19:36:01.000,165,15147
2025-10-30 19:36:01.000,165,15146
2025-10-30 19:36:01.000,165,15146
2025-10-30 19:36:01.000,165,15144
2025-10-30 19:36:01.000,165,15144
2025-10-30 19:36:01.000,165,15144
2025-10-30 19:36:01.000,165,15144
2025-10-30 19:36:01.000,165,15144
2025-10-30 19:36:02.001,165,16144
2025-10-30 19:36:02.001,165,16144
2025-10-30 19:36:02.001,165,16143
2025-10-30 19:36:02.001,165,16143
2025-10-30 19:36:02.001,165,16143
2025-10-30 19:36:02.001,165,16142
2025-10-30 19:36:02.001,165,16141
2025-10-30 19:36:02.001,165,16141
2025-10-30 19:36:02.001,165,13168
2025-10-30 19:36:02.001,165,13167
2025-10-30 19:36:03.000,161,14164
2025-10-30 19:36:03.000,161,14164
2025-10-30 19:36:03.000,161,14163
2025-10-30 19:36:03.000,161,14162
2025-10-30 19:36:03.000,161,14162
2025-10-30 19:36:03.000,161,14162
2025-10-30 19:36:03.000,161,14162
2025-10-30 19:36:03.000,161,14160
2025-10-30 19:36:03.000,161,14159
2025-10-30 19:36:03.000,161,14158
2025-10-30 19:36:04.001,160,15159
2025-10-30 19:36:04.001,160,15159
2025-10-30 19:36:04.001,160,15158
2025-10-30 19:36:04.001,160,15158
2025-10-30 19:36:04.001,160,15157
2025-10-30 19:36:04.001,160,15157
2025-10-30 19:36:04.001,160,13148
2025-10-30 19:36:04.001,160,13147
2025-10-30 19:36:04.001,160,13147
2025-10-30 19:36:04.001,160,13147
2025-10-30 19:36:05.000,159,14146
2025-10-30 19:36:05.000,159,14146
2025-10-30 19:36:05.000,159,14145
2025-10-30 19:36:05.000,159,14145
2025-10-30 19:36:05.000,159,14145
2025-10-30 19:36:05.000,159,14144
2025-10-30 19:36:05.000,159,14143
2025-10-30 19:36:05.000,159,14143
2025-10-30 19:36:05.000,159,14143
2025-10-30 19:36:05.000,159,14143
2025-10-30 19:36:06.000,147,15142
2025-10-30 19:36:06.000,147,15141
2025-10-30 19:36:06.000,147,15141
2025-10-30 19:36:06.000,147,15141
2025-10-30 19:36:06.000,147,14065
2025-10-30 19:36:06.000,147,14065
2025-10-30 19:36:06.000,147,14065
2025-10-30 19:36:06.000,147,14064
2025-10-30 19:36:06.000,147,14064
2025-10-30 19:36:06.000,147,14064
2025-10-30 19:36:07.000,155,15063
2025-10-30 19:36:07.000,155,15063
2025-10-30 19:36:07.000,155,15063
2025-10-30 19:36:07.000,155,15062
2025-10-30 19:36:07.000,155,15062
2025-10-30 19:36:07.000,155,15062
2025-10-30 19:36:07.000,155,15061
2025-10-30 19:36:07.000,155,15061
2025-10-30 19:36:07.000,155,15060
2025-10-30 19:36:07.000,155,15060
2025-10-30 19:36:08.001,143,15061
2025-10-30 19:36:08.001,143,15061
2025-10-30 19:36:08.001,143,15060
2025-10-30 19:36:08.001,143,15060
2025-10-30 19:36:08.001,143,15060
2025-10-30 19:36:08.001,143,15059
2025-10-30 19:36:08.001,143,15059
2025-10-30 19:36:08.001,143,15059
2025-10-30 19:36:08.001,143,15059
2025-10-30 19:36:08.001,143,15058
2025-10-30 19:36:09.000,145,16057
2025-10-30 19:36:09.000,145,16057
2025-10-30 19:36:09.000,145,16056
2025-10-30 19:36:09.000,145,16056
2025-10-30 19:36:09.000,145,16056
2025-10-30 19:36:09.000,145,16055
2025-10-30 19:36:09.000,145,15063
2025-10-30 19:36:09.000,145,15062
2025-10-30 19:36:09.000,145,15062
2025-10-30 19:36:09.000,145,15062
2025-10-30 19:36:10.001,145,16062
2025-10-30 19:36:10.001,145,16062
2025-10-30 19:36:10.001,145,16062
2025-10-30 19:36:10.001,145,16062
2025-10-30 19:36:10.001,145,16062
2025-10-30 19:36:10.001,145,16061
2025-10-30 19:36:10.001,145,16061
2025-10-30 19:36:10.001,145,16061
2025-10-30 19:36:10.001,145,16061
2025-10-30 19:36:10.001,145,16060
2025-10-30 19:36:11.000,140,17058
2025-10-30 19:36:11.000,140,17057
2025-10-30 19:36:11.000,140,16056
2025-10-30 19:36:11.000,140,16055
2025-10-30 19:36:11.000,140,16055
2025-10-30 19:36:11.000,140,16055
2025-10-30 19:36:11.000,140,16054
2025-10-30 19:36:11.000,140,16054
2025-10-30 19:36:11.000,140,16053
2025-10-30 19:36:11.000,140,16053
2025-10-30 19:36:12.001,150,17054
2025-10-30 19:36:12.001,150,17054
2025-10-30 19:36:12.001,150,17054
2025-10-30 19:36:12.001,150,16057
2025-10-30 19:36:12.001,150,16057
2025-10-30 19:36:12.001,150,16055
2025-10-30 19:36:12.001,150,16055
2025-10-30 19:36:12.001,150,16054
2025-10-30 19:36:12.001,150,16054
2025-10-30 19:36:12.001,150,16053
2025-10-30 19:36:13.000,142,17052
2025-10-30 19:36:13.000,142,17052
2025-10-30 19:36:13.000,142,17052
2025-10-30 19:36:13.000,142,17051
2025-10-30 19:36:13.000,142,16053
2025-10-30 19:36:13.000,142,16052
2025-10-30 19:36:13.000,142,16052
2025-10-30 19:36:13.000,142,16051
2025-10-30 19:36:13.001,142,16051
2025-10-30 19:36:13.001,142,16051
2025-10-30 19:36:14.000,142,17050
2025-10-30 19:36:14.000,142,17049
2025-10-30 19:36:14.000,142,17048
2025-10-30 19:36:14.000,142,17048
2025-10-30 19:36:14.000,142,17048
2025-10-30 19:36:14.000,142,16064
2025-10-30 19:36:14.000,142,16063
2025-10-30 19:36:14.000,142,16063
2025-10-30 19:36:14.001,142,16064
2025-10-30 19:36:14.001,142,16063
2025-10-30 19:36:15.000,146,17061
2025-10-30 19:36:15.000,146,17061
2025-10-30 19:36:15.000,146,17061
2025-10-30 19:36:15.000,146,16051
2025-10-30 19:36:15.000,146,16051
2025-10-30 19:36:15.000,146,16051
2025-10-30 19:36:15.000,146,16050
2025-10-30 19:36:15.000,146,16050
2025-10-30 19:36:15.000,146,16050
2025-10-30 19:36:15.000,146,16050
2025-10-30 19:36:16.000,145,17049
2025-10-30 19:36:16.000,145,16068
2025-10-30 19:36:16.000,145,16068
2025-10-30 19:36:16.000,145,16067
2025-10-30 19:36:16.000,145,16067
2025-10-30 19:36:16.000,145,16067
2025-10-30 19:36:16.000,145,16066
2025-10-30 19:36:16.000,145,16066
2025-10-30 19:36:16.000,145,16066
2025-10-30 19:36:16.000,145,15058
2025-10-30 19:36:17.001,144,16058
2025-10-30 19:36:17.001,144,16058
2025-10-30 19:36:17.001,144,16057
2025-10-30 19:36:17.001,144,16057
2025-10-30 19:36:17.001,144,16057
2025-10-30 19:36:17.001,144,14982
2025-10-30 19:36:17.001,144,14982
2025-10-30 19:36:17.001,144,14981
2025-10-30 19:36:17.001,144,14981
2025-10-30 19:36:17.001,144,14981
2025-10-30 19:36:18.000,136,15979
2025-10-30 19:36:18.000,136,15901
2025-10-30 19:36:18.000,136,15901
2025-10-30 19:36:18.000,136,15900
2025-10-30 19:36:18.000,136,15900
2025-10-30 19:36:18.000,136,15900
2025-10-30 19:36:18.000,136,15900
2025-10-30 19:36:18.000,136,14980
2025-10-30 19:36:18.000,136,14980
2025-10-30 19:36:18.000,136,14978
2025-10-30 19:36:19.000,134,15966
2025-10-30 19:36:19.000,134,15904
2025-10-30 19:36:19.000,134,15903
2025-10-30 19:36:19.000,134,15903
2025-10-30 19:36:19.000,134,15903
2025-10-30 19:36:19.000,134,14979
2025-10-30 19:36:19.000,134,14979
2025-10-30 19:36:19.000,134,14978
2025-10-30 19:36:19.000,134,14978
2025-10-30 19:36:19.000,134,14905
2025-10-30 19:36:20.001,134,15905
2025-10-30 19:36:20.001,134,15905
2025-10-30 19:36:20.001,134,15905
2025-10-30 19:36:20.001,134,14978
2025-10-30 19:36:20.001,134,14978
2025-10-30 19:36:20.001,134,14978
2025-10-30 19:36:20.001,134,14976
2025-10-30 19:36:20.001,134,14904
2025-10-30 19:36:20.001,134,14904
2025-10-30 19:36:20.001,134,14904
2025-10-30 19:36:21.000,139,15902
2025-10-30 19:36:21.000,139,14980
2025-10-30 19:36:21.000,139,14980
2025-10-30 19:36:21.000,139,14979
2025-10-30 19:36:21.000,139,14979
2025-10-30 19:36:21.000,139,14903
2025-10-30 19:36:21.000,139,14902
2025-10-30 19:36:21.000,139,14902
2025-10-30 19:36:21.000,139,14902
2025-10-30 19:36:21.000,139,13975
2025-10-30 19:36:22.001,149,14976
2025-10-30 19:36:22.001,149,14975
2025-10-30 19:36:22.001,149,14975
2025-10-30 19:36:22.001,149,14895
2025-10-30 19:36:22.001,149,14895
2025-10-30 19:36:22.001,149,14895
2025-10-30 19:36:22.001,149,14895
2025-10-30 19:36:22.001,149,13949
2025-10-30 19:36:22.001,149,13948
2025-10-30 19:36:22.001,149,13948
2025-10-30 19:36:23.000,139,14946
2025-10-30 19:36:23.000,139,14831
2025-10-30 19:36:23.000,139,14830
2025-10-30 19:36:23.000,139,14830
2025-10-30 19:36:23.000,139,14830
2025-10-30 19:36:23.000,139,13979
2025-10-30 19:36:23.000,139,13979
2025-10-30 19:36:23.000,139,13979
2025-10-30 19:36:23.000,139,13979
2025-10-30 19:36:23.000,139,13979
2025-10-30 19:36:24.001,129,14909
2025-10-30 19:36:24.001,129,14909
2025-10-30 19:36:24.001,129,14909
2025-10-30 19:36:24.001,129,14908
2025-10-30 19:36:24.001,129,14908
2025-10-30 19:36:24.001,129,13962
2025-10-30 19:36:24.001,129,13962
2025-10-30 19:36:24.001,129,13962
2025-10-30 19:36:24.001,129,13961
2025-10-30 19:36:24.001,129,13961
2025-10-30 19:36:25.000,133,14889
2025-10-30 19:36:25.000,133,14889
2025-10-30 19:36:25.000,133,14889
2025-10-30 19:36:25.000,133,14889
2025-10-30 19:36:25.000,133,14888
2025-10-30 19:36:25.000,133,13977
2025-10-30 19:36:25.000,133,13976
2025-10-30 19:36:25.000,133,13976
2025-10-30 19:36:25.000,133,13976
2025-10-30 19:36:25.000,133,13976
2025-10-30 19:36:26.001,133,14903
2025-10-30 19:36:26.001,133,14902
2025-10-30 19:36:26.001,133,14902
2025-10-30 19:36:26.001,133,14902
2025-10-30 19:36:26.001,133,14902
2025-10-30 19:36:26.001,133,13823
2025-10-30 19:36:26.001,133,13823
2025-10-30 19:36:26.001,133,13822
2025-10-30 19:36:26.001,133,13822
2025-10-30 19:36:26.001,133,13821
2025-10-30 19:36:27.000,115,14820
2025-10-30 19:36:27.001,115,14820
2025-10-30 19:36:27.001,115,13827
2025-10-30 19:36:27.001,115,13828
2025-10-30 19:36:27.001,115,13827
2025-10-30 19:36:27.001,115,13827
2025-10-30 19:36:27.001,115,13827
2025-10-30 19:36:27.001,115,13826
2025-10-30 19:36:27.001,115,13826
2025-10-30 19:36:27.001,115,12824
2025-10-30 19:36:28.000,117,13823
2025-10-30 19:36:28.000,117,13822
2025-10-30 19:36:28.000,117,13822
2025-10-30 19:36:28.000,117,13822
2025-10-30 19:36:28.000,117,13822
2025-10-30 19:36:28.000,117,13822
2025-10-30 19:36:28.000,117,12819
2025-10-30 19:36:28.000,117,12818
2025-10-30 19:36:28.000,117,12818
2025-10-30 19:36:28.000,117,12818
2025-10-30 19:36:29.000,97,13817
2025-10-30 19:36:29.000,97,13817
2025-10-30 19:36:29.000,97,13817
2025-10-30 19:36:29.000,97,13817
2025-10-30 19:36:29.000,97,13817
2025-10-30 19:36:29.000,97,12824
2025-10-30 19:36:29.000,97,12824
2025-10-30 19:36:29.000,97,12824
2025-10-30 19:36:29.000,97,12823
2025-10-30 19:36:29.000,97,12823
2025-10-30 19:36:30.000,97,13822
2025-10-30 19:36:30.000,97,13822
2025-10-30 19:36:30.000,97,13822
2025-10-30 19:36:30.000,97,13822
2025-10-30 19:36:30.000,97,12809
2025-10-30 19:36:30.000,97,12808
2025-10-30 19:36:30.000,97,12807
2025-10-30 19:36:30.000,97,12807
2025-10-30 19:36:30.000,97,12806
2025-10-30 19:36:30.000,97,12806
2025-10-30 19:36:31.001,103,13807
2025-10-30 19:36:31.001,103,13807
2025-10-30 19:36:31.001,103,13807
2025-10-30 19:36:31.001,103,12822
2025-10-30 19:36:31.001,103,12822
2025-10-30 19:36:31.001,103,12822
2025-10-30 19:36:31.001,103,12821
2025-10-30 19:36:31.001,103,12821
2025-10-30 19:36:31.001,103,12821
2025-10-30 19:36:31.001,103,12821
2025-10-30 19:36:32.000,104,13820
2025-10-30 19:36:32.000,104,13820
2025-10-30 19:36:32.000,104,13820
2025-10-30 19:36:32.000,104,13819
2025-10-30 19:36:32.001,104,12820
2025-10-30 19:36:32.001,104,12819
2025-10-30 19:36:32.001,104,12819
2025-10-30 19:36:32.001,104,12819
2025-10-30 19:36:32.001,104,12815
2025-10-30 19:36:32.001,104,12815
2025-10-30 19:36:33.000,101,13813
2025-10-30 19:36:33.000,101,13813
2025-10-30 19:36:33.000,101,13813
2025-10-30 19:36:33.000,101,13813
2025-10-30 19:36:33.000,101,13813
2025-10-30 19:36:33.000,101,12822
2025-10-30 19:36:33.000,101,12822
2025-10-30 19:36:33.000,101,12822
2025-10-30 19:36:33.000,101,12822
2025-10-30 19:36:33.000,101,12788
2025-10-30 19:36:34.000,91,13787
2025-10-30 19:36:34.000,91,13787
2025-10-30 19:36:34.000,91,13787
2025-10-30 19:36:34.000,91,13787
2025-10-30 19:36:34.000,91,13786
2025-10-30 19:36:34.000,91,13786
2025-10-30 19:36:34.000,91,12823
2025-10-30 19:36:34.000,91,12823
2025-10-30 19:36:34.000,91,12822
2025-10-30 19:36:34.000,91,12822
2025-10-30 19:36:35.001,97,13823
2025-10-30 19:36:35.001,97,13822
2025-10-30 19:36:35.001,97,13822
2025-10-30 19:36:35.001,97,13822
2025-10-30 19:36:35.001,97,13822
2025-10-30 19:36:35.001,97,13822
2025-10-30 19:36:35.001,97,13822
2025-10-30 19:36:35.001,97,13822
2025-10-30 19:36:35.001,97,13821
2025-10-30 19:36:35.001,97,10806
2025-10-30 19:36:36.001,90,11806
2025-10-30 19:36:36.001,90,11806
2025-10-30 19:36:36.001,90,11806
2025-10-30 19:36:36.001,90,11806
2025-10-30 19:36:36.001,90,11805
2025-10-30 19:36:36.001,90,11805
2025-10-30 19:36:36.001,90,11805
2025-10-30 19:36:36.001,90,11805
2025-10-30 19:36:36.001,90,11804
2025-10-30 19:36:36.001,90,11804
2025-10-30 19:36:37.000,86,12803
2025-10-30 19:36:37.000,86,12802
2025-10-30 19:36:37.000,86,12802
2025-10-30 19:36:37.000,86,10789
2025-10-30 19:36:37.000,86,10789
2025-10-30 19:36:37.000,86,10789
2025-10-30 19:36:37.000,86,10788
2025-10-30 19:36:37.000,86,10788
2025-10-30 19:36:37.000,86,10788
2025-10-30 19:36:37.000,86,10788
2025-10-30 19:36:38.001,91,11788
2025-10-30 19:36:38.001,91,11788
2025-10-30 19:36:38.001,91,11788
2025-10-30 19:36:38.001,91,11788
2025-10-30 19:36:38.001,91,11788
2025-10-30 19:36:38.001,91,11787
2025-10-30 19:36:38.001,91,11786
2025-10-30 19:36:38.001,91,8802
2025-10-30 19:36:38.001,91,8802
2025-10-30 19:36:38.001,91,8802
2025-10-30 19:36:39.000,81,9800
2025-10-30 19:36:39.000,81,9800
2025-10-30 19:36:39.000,81,9799
2025-10-30 19:36:39.000,81,9799
2025-10-30 19:36:39.000,81,9799
2025-10-30 19:36:39.000,81,9799
2025-10-30 19:36:39.000,81,9799
2025-10-30 19:36:39.000,81,9799
2025-10-30 19:36:39.000,81,9799
2025-10-30 19:36:39.000,81,9798
2025-10-30 19:36:40.000,86,10798
2025-10-30 19:36:40.000,86,10797
2025-10-30 19:36:40.000,86,10797
2025-10-30 19:36:40.000,86,8785
2025-10-30 19:36:40.000,86,8784
2025-10-30 19:36:40.000,86,8784
2025-10-30 19:36:40.000,86,8783
2025-10-30 19:36:40.000,86,8783
2025-10-30 19:36:40.000,86,8782
2025-10-30 19:36:40.000,86,8782
2025-10-30 19:36:41.001,83,9783
2025-10-30 19:36:41.001,83,9783
2025-10-30 19:36:41.001,83,9783
2025-10-30 19:36:41.001,83,9783
2025-10-30 19:36:41.001,83,9782
2025-10-30 19:36:41.001,83,9782
2025-10-30 19:36:41.001,83,9781
2025-10-30 19:36:41.001,83,9780
2025-10-30 19:36:41.001,83,9779
2025-10-30 19:36:41.001,83,9778
2025-10-30 19:36:42.001,80,10778
2025-10-30 19:36:42.001,80,7766
2025-10-30 19:36:42.001,80,7766
2025-10-30 19:36:42.001,80,7766
2025-10-30 19:36:42.001,80,7765
2025-10-30 19:36:42.001,80,7765
2025-10-30 19:36:42.001,80,7765
2025-10-30 19:36:42.001,80,7765
2025-10-30 19:36:42.001,80,7765
2025-10-30 19:36:42.001,80,7765
2025-10-30 19:36:43.000,85,8763
2025-10-30 19:36:43.000,85,8763
2025-10-30 19:36:43.000,85,8763
2025-10-30 19:36:43.000,85,8762
2025-10-30 19:36:43.000,85,8762
2025-10-30 19:36:43.000,85,8761
2025-10-30 19:36:43.000,85,8761
2025-10-30 19:36:43.000,85,8760
2025-10-30 19:36:43.000,85,8760
2025-10-30 19:36:43.000,85,8759
2025-10-30 19:36:44.000,75,7750
2025-10-30 19:36:44.000,75,7750
2025-10-30 19:36:44.000,75,7749
2025-10-30 19:36:44.000,75,7749
2025-10-30 19:36:44.000,75,7749
2025-10-30 19:36:44.000,75,7748
2025-10-30 19:36:44.000,75,7748
2025-10-30 19:36:44.000,75,7748
2025-10-30 19:36:44.000,75,7748
2025-10-30 19:36:44.000,75,7748
2025-10-30 19:36:45.000,77,8747
2025-10-30 19:36:45.000,77,8747
2025-10-30 19:36:45.000,77,8747
2025-10-30 19:36:45.000,77,8746
2025-10-30 19:36:45.000,77,8746
2025-10-30 19:36:45.000,77,8743
2025-10-30 19:36:45.000,77,8742
2025-10-30 19:36:45.000,77,8742
2025-10-30 19:36:45.000,77,8741
2025-10-30 19:36:45.000,77,8741
2025-10-30 19:36:46.001,77,9742
2025-10-30 19:36:46.001,77,6767
2025-10-30 19:36:46.001,77,6767
2025-10-30 19:36:46.001,77,6767
2025-10-30 19:36:46.001,77,6766
2025-10-30 19:36:46.001,77,6766
2025-10-30 19:36:46.001,77,6766
2025-10-30 19:36:46.001,77,6765
2025-10-30 19:36:46.001,77,6765
2025-10-30 19:36:46.001,77,6765
2025-10-30 19:36:47.001,86,7765
2025-10-30 19:36:47.001,86,7765
2025-10-30 19:36:47.001,86,7764
2025-10-30 19:36:47.001,86,7764
2025-10-30 19:36:47.001,86,7764
2025-10-30 19:36:47.001,86,7763
2025-10-30 19:36:47.001,86,7762
2025-10-30 19:36:47.001,86,7762
2025-10-30 19:36:47.001,86,7761
2025-10-30 19:36:47.001,86,7761
2025-10-30 19:36:48.000,78,8759
2025-10-30 19:36:48.000,78,8758
2025-10-30 19:36:48.000,78,8757
2025-10-30 19:36:48.000,78,6751
2025-10-30 19:36:48.000,78,6751
2025-10-30 19:36:48.000,78,6751
2025-10-30 19:36:48.000,78,6750
2025-10-30 19:36:48.000,78,6750
2025-10-30 19:36:48.000,78,6750
2025-10-30 19:36:48.000,78,6749
2025-10-30 19:36:49.001,68,7750
2025-10-30 19:36:49.001,68,7750
2025-10-30 19:36:49.001,68,7749
2025-10-30 19:36:49.001,68,7749
2025-10-30 19:36:49.001,68,7749
2025-10-30 19:36:49.001,68,7749
2025-10-30 19:36:49.001,68,7749
2025-10-30 19:36:49.001,68,7749
2025-10-30 19:36:49.001,68,7749
2025-10-30 19:36:49.001,68,7749
2025-10-30 19:36:50.000,74,8748
2025-10-30 19:36:50.000,74,8747
2025-10-30 19:36:50.000,74,8747
2025-10-30 19:36:50.000,74,8746
2025-10-30 19:36:50.000,74,8746
2025-10-30 19:36:50.000,74,5733
2025-10-30 19:36:50.000,74,5732
2025-10-30 19:36:50.000,74,5732
2025-10-30 19:36:50.000,74,5731
2025-10-30 19:36:50.000,74,5731
2025-10-30 19:36:51.000,68,6731
2025-10-30 19:36:51.000,68,6731
2025-10-30 19:36:51.000,68,6730
2025-10-30 19:36:51.000,68,6730
2025-10-30 19:36:51.000,68,6730
2025-10-30 19:36:51.000,68,6730
2025-10-30 19:36:51.000,68,6730
2025-10-30 19:36:51.000,68,6729
2025-10-30 19:36:51.000,68,6728
2025-10-30 19:36:51.000,68,6727
2025-10-30 19:36:52.001,74,7728
2025-10-30 19:36:52.001,74,7727
2025-10-30 19:36:52.001,74,7726
2025-10-30 19:36:52.001,74,7726
2025-10-30 19:36:52.001,74,7725
2025-10-30 19:36:52.001,74,7725
2025-10-30 19:36:52.001,74,7725
2025-10-30 19:36:52.001,74,5719
2025-10-30 19:36:52.001,74,5719
2025-10-30 19:36:52.001,74,5719
2025-10-30 19:36:53.001,66,6718
2025-10-30 19:36:53.001,66,6718
2025-10-30 19:36:53.001,66,6717
2025-10-30 19:36:53.001,66,6717
2025-10-30 19:36:53.001,66,6717
2025-10-30 19:36:53.001,66,6716
2025-10-30 19:36:53.001,66,6716
2025-10-30 19:36:53.001,66,6716
2025-10-30 19:36:53.001,66,6716
2025-10-30 19:36:53.001,66,6716
2025-10-30 19:36:54.000,46,7715
2025-10-30 19:36:54.000,46,7715
2025-10-30 19:36:54.000,46,7715
2025-10-30 19:36:54.000,46,7715
2025-10-30 19:36:54.000,46,7714
2025-10-30 19:36:54.000,46,7713
2025-10-30 19:36:54.000,46,7713
2025-10-30 19:36:54.000,46,7713
2025-10-30 19:36:54.000,46,4731
2025-10-30 19:36:54.000,46,4731
2025-10-30 19:36:55.001,46,5731
2025-10-30 19:36:55.001,46,5730
2025-10-30 19:36:55.001,46,5730
2025-10-30 19:36:55.001,46,5730
2025-10-30 19:36:55.001,46,5729
2025-10-30 19:36:55.001,46,5729
2025-10-30 19:36:55.001,46,5729
2025-10-30 19:36:55.001,46,5729
2025-10-30 19:36:55.001,46,5728
2025-10-30 19:36:55.001,46,5728
2025-10-30 19:36:56.000,51,6727
2025-10-30 19:36:56.000,51,6726
2025-10-30 19:36:56.000,51,6726
2025-10-30 19:36:56.000,51,6726
2025-10-30 19:36:56.000,51,6726
2025-10-30 19:36:56.000,51,6725
2025-10-30 19:36:56.000,51,6724
2025-10-30 19:36:56.000,51,6724
2025-10-30 19:36:56.000,51,4716
2025-10-30 19:36:56.000,51,4716
2025-10-30 19:36:57.000,50,5715
2025-10-30 19:36:57.000,50,5715
2025-10-30 19:36:57.000,50,5715
2025-10-30 19:36:57.000,50,5715
2025-10-30 19:36:57.000,50,5715
2025-10-30 19:36:57.000,50,5714
2025-10-30 19:36:57.000,50,5714
2025-10-30 19:36:57.000,50,5714
2025-10-30 19:36:57.000,50,5714
2025-10-30 19:36:57.000,50,5714
2025-10-30 19:36:58.001,46,6715
2025-10-30 19:36:58.001,46,6714
2025-10-30 19:36:58.001,46,6714
2025-10-30 19:36:58.001,46,6713
2025-10-30 19:36:58.001,46,6713
2025-10-30 19:36:58.001,46,6713
2025-10-30 19:36:58.001,46,3698
2025-10-30 19:36:58.001,46,3698
2025-10-30 19:36:58.001,46,3698
2025-10-30 19:36:58.001,46,3697
2025-10-30 19:36:59.000,46,4696
2025-10-30 19:36:59.000,46,4696
2025-10-30 19:36:59.000,46,4696
2025-10-30 19:36:59.000,46,4696
2025-10-30 19:36:59.000,46,4695
2025-10-30 19:36:59.000,46,4695
2025-10-30 19:36:59.000,46,4695
2025-10-30 19:36:59.001,46,4694
2025-10-30 19:36:59.001,46,4694
2025-10-30 19:36:59.001,46,4694
2025-10-30 19:37:00.000,28,5693
2025-10-30 19:37:00.000,28,3681
2025-10-30 19:37:00.000,28,3681
2025-10-30 19:37:00.000,28,3681
2025-10-30 19:37:00.000,28,3681
2025-10-30 19:37:00.000,28,3681
2025-10-30 19:37:00.000,28,3680
2025-10-30 19:37:00.000,28,3680
2025-10-30 19:37:00.000,28,3680
2025-10-30 19:37:00.000,28,3679
2025-10-30 19:37:01.001,28,4680
2025-10-30 19:37:01.001,28,4680
2025-10-30 19:37:01.001,28,4679
2025-10-30 19:37:01.001,28,4679
2025-10-30 19:37:01.001,28,4679
2025-10-30 19:37:01.001,28,4678
2025-10-30 19:37:01.001,28,1698
2025-10-30 19:37:01.001,28,1698
2025-10-30 19:37:01.001,28,1698
2025-10-30 19:37:01.001,28,1697
2025-10-30 19:37:02.001,25,2697
2025-10-30 19:37:02.001,25,2696
2025-10-30 19:37:02.001,25,2696
2025-10-30 19:37:02.001,25,2696
2025-10-30 19:37:02.001,25,2695
2025-10-30 19:37:02.001,25,2695
2025-10-30 19:37:02.001,25,2695
2025-10-30 19:37:02.001,25,2694
2025-10-30 19:37:02.001,25,686
2025-10-30 19:37:02.001,25,685
2025-10-30 19:37:03.001,17,1684
2025-10-30 19:37:03.001,17,1684
2025-10-30 19:37:03.001,17,1684
2025-10-30 19:37:03.001,17,1684
2025-10-30 19:37:03.001,17,1684
2025-10-30 19:37:03.001,17,1683
2025-10-30 19:37:03.001,17,1683
2025-10-30 19:37:04.340,17,0
2025-10-30 19:37:04.344,9,3
2025-10-30 19:37:04.344,9,3
2025-10-30 19:37:04.344,9,3
2025-10-30 19:37:04.344,9,3
2025-10-30 19:37:04.344,9,3
2025-10-30 19:37:04.344,9,2
2025-10-30 19:37:06.353,6,1
2025-10-30 19:37:06.356,4,3
2025-10-30 19:37:06.356,4,3
2025-10-30 19:37:06.356,4,2
2025-10-30 19:37:06.356,4,2
2025-10-30 19:37:09.337,0,1
2025-10-30 19:37:09.340,0,3
2025-10-30 19:37:09.340,0,3
2025-10-30 19:37:11.353,2,4
2025-10-30 19:37:11.353,2,4
2025-10-30 19:37:11.353,2,4
2025-10-30 19:37:14.369,0,2
2025-10-30 19:37:14.373,0,6
2025-10-30 19:37:16.396,0,3
2025-10-30 19:37:19.371,0,2
2025-10-30 19:37:21.387,0,2
2025-10-30 19:37:21.389,2,4
2025-10-30 19:37:24.407,0,2
2025-10-30 19:37:24.409,2,3
2025-10-30 19:37:24.409,2,3
2025-10-30 19:37:26.423,3,2
2025-10-30 19:37:26.427,3,6
2025-10-30 19:37:26.427,3,5
2025-10-30 19:37:29.406,2,2
2025-10-30 19:37:29.407,2,2
2025-10-30 19:37:29.410,5,6
2025-10-30 19:37:29.410,5,5
2025-10-30 19:37:29.410,5,5
2025-10-30 19:37:31.424,4,3
2025-10-30 19:37:31.424,4,3
2025-10-30 19:37:31.424,4,2
2025-10-30 19:37:31.425,4,3
2025-10-30 19:37:31.425,4,3
2025-10-30 19:37:31.425,4,3
2025-10-30 19:37:31.425,4,2
2025-10-30 19:37:31.425,4,2
2025-10-30 19:37:34.445,0,2
2025-10-30 19:37:34.448,0,4
2025-10-30 19:37:34.448,0,4
2025-10-30 19:37:34.448,0,4
2025-10-30 19:37:34.448,0,3
2025-10-30 19:37:34.448,0,3
2025-10-30 19:37:34.448,0,3
2025-10-30 19:37:34.448,0,3
2025-10-30 19:37:34.448,0,2
2025-10-30 19:37:34.448,0,2
2025-10-30 19:37:36.460,9,2
2025-10-30 19:37:36.462,3,3
2025-10-30 19:37:36.462,3,3
2025-10-30 19:37:36.462,3,3
2025-10-30 19:37:36.462,3,2
2025-10-30 19:37:36.462,3,2
2025-10-30 19:37:36.462,3,2
2025-10-30 19:37:36.462,3,2
2025-10-30 19:37:36.462,3,2
2025-10-30 19:37:36.462,3,2
2025-10-30 19:37:37.001,3,540
2025-10-30 19:37:37.001,3,540
2025-10-30 19:37:37.001,3,540
2025-10-30 19:37:39.462,0,2
2025-10-30 19:37:39.465,0,4
2025-10-30 19:37:39.465,0,4
2025-10-30 19:37:39.465,0,3
2025-10-30 19:37:39.465,0,3
2025-10-30 19:37:39.465,0,3
2025-10-30 19:37:39.465,0,3
2025-10-30 19:37:39.465,0,3
2025-10-30 19:37:39.465,0,2
2025-10-30 19:37:39.465,0,2
2025-10-30 19:37:40.001,15,538
2025-10-30 19:37:40.001,15,538
2025-10-30 19:37:40.001,15,537
2025-10-30 19:37:40.001,15,537
2025-10-30 19:37:40.001,15,537
2025-10-30 19:37:41.461,14,3
2025-10-30 19:37:41.465,5,6
2025-10-30 19:37:41.465,5,6
2025-10-30 19:37:41.465,5,4
2025-10-30 19:37:41.465,5,4
2025-10-30 19:37:41.466,5,4
2025-10-30 19:37:41.466,5,4
2025-10-30 19:37:41.466,5,4
2025-10-30 19:37:41.466,5,4
2025-10-30 19:37:41.466,5,4
2025-10-30 19:37:42.000,5,538
2025-10-30 19:37:42.000,5,538
2025-10-30 19:37:42.000,5,537
2025-10-30 19:37:42.000,5,537
2025-10-30 19:37:42.000,5,537
2025-10-30 19:37:44.480,0,2
2025-10-30 19:37:44.480,0,2
2025-10-30 19:37:44.482,0,3
2025-10-30 19:37:44.482,0,3
2025-10-30 19:37:44.482,0,3
2025-10-30 19:37:44.482,0,2
2025-10-30 19:37:44.482,0,2
2025-10-30 19:37:44.482,0,2
2025-10-30 19:37:44.483,0,2
2025-10-30 19:37:44.483,0,3
2025-10-30 19:37:45.000,17,519
2025-10-30 19:37:45.000,17,519
2025-10-30 19:37:45.000,17,515
2025-10-30 19:37:45.000,17,514
2025-10-30 19:37:45.000,17,514
2025-10-30 19:37:45.000,17,513
2025-10-30 19:37:45.000,17,513
2025-10-30 19:37:46.496,17,1
2025-10-30 19:37:46.499,17,4
2025-10-30 19:37:46.499,17,3
2025-10-30 19:37:46.499,17,3
2025-10-30 19:37:46.499,17,3
2025-10-30 19:37:46.499,17,3
2025-10-30 19:37:46.499,17,2
2025-10-30 19:37:46.499,17,1
2025-10-30 19:37:46.501,14,3
2025-10-30 19:37:46.501,14,3
2025-10-30 19:37:47.001,14,503
2025-10-30 19:37:47.001,14,503
2025-10-30 19:37:47.001,14,503
2025-10-30 19:37:47.001,14,503
2025-10-30 19:37:47.001,14,502
2025-10-30 19:37:47.001,14,502
2025-10-30 19:37:47.001,14,502
2025-10-30 19:37:47.001,14,501
2025-10-30 19:37:49.481,17,2
2025-10-30 19:37:49.484,5,4
2025-10-30 19:37:49.484,5,4
2025-10-30 19:37:49.484,5,4
2025-10-30 19:37:49.484,5,4
2025-10-30 19:37:49.484,5,3
2025-10-30 19:37:49.484,5,2
2025-10-30 19:37:49.484,5,2
2025-10-30 19:37:49.484,5,2
2025-10-30 19:37:49.484,5,2
2025-10-30 19:37:50.000,18,518
2025-10-30 19:37:50.000,18,517
2025-10-30 19:37:50.000,18,516
2025-10-30 19:37:50.000,18,516
2025-10-30 19:37:50.000,18,515
2025-10-30 19:37:50.000,18,514
2025-10-30 19:37:50.000,18,514
2025-10-30 19:37:50.000,18,514
2025-10-30 19:37:50.000,18,513
2025-10-30 19:37:51.493,18,2
2025-10-30 19:37:51.496,18,2
2025-10-30 19:37:51.496,18,2
2025-10-30 19:37:51.496,18,2
2025-10-30 19:37:51.496,18,1
2025-10-30 19:37:51.496,18,1
2025-10-30 19:37:51.496,18,1
2025-10-30 19:37:51.496,18,1
2025-10-30 19:37:51.498,10,3
2025-10-30 19:37:51.498,10,2
2025-10-30 19:37:52.001,10,505
2025-10-30 19:37:52.001,10,505
2025-10-30 19:37:52.001,10,505
2025-10-30 19:37:52.001,10,504
2025-10-30 19:37:52.001,10,504
2025-10-30 19:37:52.001,10,503
2025-10-30 19:37:52.001,10,503
2025-10-30 19:37:52.001,10,502
2025-10-30 19:37:52.001,10,502
2025-10-30 19:37:54.509,0,1
2025-10-30 19:37:54.510,0,1
2025-10-30 19:37:54.511,0,2
2025-10-30 19:37:54.511,0,1
2025-10-30 19:37:54.511,0,1
2025-10-30 19:37:54.511,0,1
2025-10-30 19:37:54.511,0,1
2025-10-30 19:37:54.511,0,0
2025-10-30 19:37:54.511,0,0
2025-10-30 19:37:54.512,0,1
2025-10-30 19:37:55.001,0,490
2025-10-30 19:37:55.001,0,490
2025-10-30 19:37:55.001,0,490
2025-10-30 19:37:55.001,0,489
2025-10-30 19:37:55.001,0,489
2025-10-30 19:37:55.001,0,488
2025-10-30 19:37:55.001,0,488
2025-10-30 19:37:55.001,0,487
2025-10-30 19:37:55.001,0,486
2025-10-30 19:37:56.526,19,1
2025-10-30 19:37:56.531,6,6
2025-10-30 19:37:56.531,6,5
2025-10-30 19:37:56.531,6,5
2025-10-30 19:37:56.531,6,5
2025-10-30 19:37:56.531,6,5
2025-10-30 19:37:56.531,6,4
2025-10-30 19:37:56.531,6,4
2025-10-30 19:37:56.531,6,4
2025-10-30 19:37:56.531,6,4
2025-10-30 19:37:57.000,6,473
2025-10-30 19:37:57.001,6,472
2025-10-30 19:37:57.001,6,472
2025-10-30 19:37:57.001,6,472
2025-10-30 19:37:57.001,6,472
2025-10-30 19:37:57.001,6,472
2025-10-30 19:37:57.001,6,471
2025-10-30 19:37:57.001,6,471
2025-10-30 19:37:57.001,6,470
2025-10-30 19:37:59.515,0,2
2025-10-30 19:37:59.515,0,2
2025-10-30 19:37:59.521,0,7
2025-10-30 19:37:59.521,0,7
2025-10-30 19:37:59.522,0,7
2025-10-30 19:37:59.522,0,7
2025-10-30 19:37:59.522,0,7
2025-10-30 19:37:59.522,0,6
2025-10-30 19:37:59.522,0,6
2025-10-30 19:37:59.522,0,6
2025-10-30 19:38:00.000,14,484
2025-10-30 19:38:00.000,14,480
2025-10-30 19:38:00.000,14,480
2025-10-30 19:38:00.000,14,479
2025-10-30 19:38:00.000,14,478
2025-10-30 19:38:00.000,14,477
2025-10-30 19:38:00.000,14,477
2025-10-30 19:38:01.548,0,2
2025-10-30 19:38:01.549,0,3
2025-10-30 19:38:01.549,0,3
2025-10-30 19:38:01.550,0,2
2025-10-30 19:38:01.550,0,1
2025-10-30 19:38:01.553,0,4
2025-10-30 19:38:01.553,0,4
2025-10-30 19:38:01.553,0,3
2025-10-30 19:38:01.554,0,4
2025-10-30 19:38:01.554,0,4
2025-10-30 19:38:02.001,0,450
2025-10-30 19:38:02.001,0,450
2025-10-30 19:38:02.001,0,450
2025-10-30 19:38:02.001,0,450
2025-10-30 19:38:02.001,0,448
2025-10-30 19:38:04.568,0,2
2025-10-30 19:38:04.568,0,2
2025-10-30 19:38:04.572,0,6
2025-10-30 19:38:04.572,0,5
2025-10-30 19:38:04.572,0,5
2025-10-30 19:38:04.572,0,5
2025-10-30 19:38:04.572,0,5
2025-10-30 19:38:04.572,0,5
2025-10-30 19:38:04.572,0,4
2025-10-30 19:38:04.572,0,4
2025-10-30 19:38:05.000,13,431
2025-10-30 19:38:05.000,13,431
2025-10-30 19:38:05.000,13,430
2025-10-30 19:38:06.589,0,1
2025-10-30 19:38:06.591,0,2
2025-10-30 19:38:06.591,0,2
2025-10-30 19:38:06.592,0,2
2025-10-30 19:38:06.592,0,2
2025-10-30 19:38:06.593,0,2
2025-10-30 19:38:06.593,0,3
2025-10-30 19:38:06.593,0,2
2025-10-30 19:38:06.593,0,2
2025-10-30 19:38:06.594,0,2
2025-10-30 19:38:07.000,0,408
2025-10-30 19:38:09.569,0,1
2025-10-30 19:38:09.572,0,3
2025-10-30 19:38:09.572,0,3
2025-10-30 19:38:09.572,0,3
2025-10-30 19:38:09.572,0,3
2025-10-30 19:38:11.581,4,1
2025-10-30 19:38:11.582,4,2
2025-10-30 19:38:11.582,4,2
2025-10-30 19:38:11.582,4,2
2025-10-30 19:38:11.585,5,4
2025-10-30 19:38:14.600,0,1
2025-10-30 19:38:14.603,2,4
2025-10-30 19:38:16.617,1,1
2025-10-30 19:38:19.616,0,1
2025-10-30 19:38:29.601,0,1
2025-10-30 19:38:29.601,0,1
2025-10-30 19:38:31.619,2,2
2025-10-30 19:38:31.619,2,2
2025-10-30 19:38:31.619,2,1
2025-10-30 19:38:31.619,2,1
2025-10-30 19:38:34.605,0,1
2025-10-30 19:38:34.607,0,3
2025-10-30 19:38:34.608,0,2
2025-10-30 19:38:34.608,0,2
2025-10-30 19:38:34.608,0,2
2025-10-30 19:38:34.608,0,2
2025-10-30 19:38:36.617,0,0
2025-10-30 19:38:36.618,0,1
2025-10-30 19:38:36.618,0,0
2025-10-30 19:38:36.619,0,1
2025-10-30 19:38:36.619,0,1
2025-10-30 19:38:36.619,0,0
2025-10-30 19:38:36.621,0,2
2025-10-30 19:38:36.621,0,1
2025-10-30 19:38:36.621,0,1
2025-10-30 19:38:39.600,0,0
2025-10-30 19:38:39.604,0,4
2025-10-30 19:38:39.604,0,4
2025-10-30 19:38:39.604,0,4
2025-10-30 19:38:39.604,0,4
2025-10-30 19:38:39.604,0,3
2025-10-30 19:38:39.604,0,3
2025-10-30 19:38:39.604,0,3
2025-10-30 19:38:39.604,0,2
2025-10-30 19:38:39.604,0,2
2025-10-30 19:38:40.000,12,397
2025-10-30 19:38:40.000,12,397
2025-10-30 19:38:41.618,11,2
2025-10-30 19:38:41.622,8,5
2025-10-30 19:38:41.622,8,5
2025-10-30 19:38:41.622,8,5
2025-10-30 19:38:41.622,8,4
2025-10-30 19:38:41.622,8,4
2025-10-30 19:38:41.622,8,3
2025-10-30 19:38:41.622,8,3
2025-10-30 19:38:41.622,8,3
2025-10-30 19:38:41.622,8,2
2025-10-30 19:38:42.000,8,380
2025-10-30 19:38:42.000,8,380
2025-10-30 19:38:44.598,12,2
2025-10-30 19:38:44.602,8,5
2025-10-30 19:38:44.602,8,5
2025-10-30 19:38:44.602,8,5
2025-10-30 19:38:44.602,8,5
2025-10-30 19:38:44.602,8,5
2025-10-30 19:38:44.602,8,5
2025-10-30 19:38:44.602,8,5
2025-10-30 19:38:44.602,8,4
2025-10-30 19:38:44.602,8,4
2025-10-30 19:38:45.000,14,402
2025-10-30 19:38:45.000,14,401
2025-10-30 19:38:45.000,14,401
2025-10-30 19:38:45.000,14,401
2025-10-30 19:38:45.001,14,400
2025-10-30 19:38:46.618,0,1
2025-10-30 19:38:46.620,0,2
2025-10-30 19:38:46.620,0,2
2025-10-30 19:38:46.621,0,3
2025-10-30 19:38:46.621,0,3
2025-10-30 19:38:46.621,0,3
2025-10-30 19:38:46.621,0,2
2025-10-30 19:38:46.621,0,2
2025-10-30 19:38:46.621,0,2
2025-10-30 19:38:46.621,0,2
2025-10-30 19:38:47.001,0,381
2025-10-30 19:38:47.001,0,381
2025-10-30 19:38:47.001,0,380
2025-10-30 19:38:47.001,0,380
2025-10-30 19:38:47.001,0,379
2025-10-30 19:38:47.001,0,379
2025-10-30 19:38:47.001,0,379
2025-10-30 19:38:49.603,17,2
2025-10-30 19:38:49.607,6,5
2025-10-30 19:38:49.607,6,5
2025-10-30 19:38:49.607,6,5
2025-10-30 19:38:49.607,6,5
2025-10-30 19:38:49.607,6,4
2025-10-30 19:38:49.607,6,2
2025-10-30 19:38:49.607,6,2
2025-10-30 19:38:49.611,11,5
2025-10-30 19:38:49.611,11,5
2025-10-30 19:38:50.000,11,393
2025-10-30 19:38:50.000,11,393
2025-10-30 19:38:50.000,11,392
2025-10-30 19:38:50.000,11,392
2025-10-30 19:38:50.000,11,392
2025-10-30 19:38:50.000,11,391
2025-10-30 19:38:50.000,11,391
2025-10-30 19:38:50.000,11,390
2025-10-30 19:38:50.000,11,390
