timestamp,lag,wait_ms
2025-11-03 10:28:15.095,0,11
2025-11-03 10:28:15.096,0,11
2025-11-03 10:28:15.096,0,11
2025-11-03 10:28:15.096,0,12
2025-11-03 10:28:15.096,0,12
2025-11-03 10:28:15.097,0,12
2025-11-03 10:28:15.097,0,12
2025-11-03 10:28:15.097,0,13
2025-11-03 10:28:16.000,0,916
2025-11-03 10:28:16.000,0,916
2025-11-03 10:28:19.065,0,4
2025-11-03 10:28:19.067,0,5
2025-11-03 10:28:19.068,0,5
2025-11-03 10:28:19.068,0,5
2025-11-03 10:28:19.068,0,6
2025-11-03 10:28:19.068,0,6
2025-11-03 10:28:19.068,0,5
2025-11-03 10:28:19.069,0,5
2025-11-03 10:28:20.000,10,937
2025-11-03 10:28:20.000,10,937
2025-11-03 10:28:23.059,0,3
2025-11-03 10:28:23.060,0,4
2025-11-03 10:28:23.061,0,4
2025-11-03 10:28:23.061,0,4
2025-11-03 10:28:23.061,0,5
2025-11-03 10:28:23.061,0,4
2025-11-03 10:28:23.062,0,4
2025-11-03 10:28:23.062,0,3
2025-11-03 10:28:24.001,10,943
2025-11-03 10:28:24.001,10,943
2025-11-03 10:28:26.060,0,3
2025-11-03 10:28:26.063,0,6
2025-11-03 10:28:26.063,0,5
2025-11-03 10:28:26.064,0,5
2025-11-03 10:28:26.064,0,5
2025-11-03 10:28:26.064,0,6
2025-11-03 10:28:26.064,0,6
2025-11-03 10:28:26.064,0,6
2025-11-03 10:28:27.001,10,943
2025-11-03 10:28:27.001,10,943
2025-11-03 10:28:31.060,0,3
2025-11-03 10:28:31.064,1,7
2025-11-03 10:28:31.064,1,6
2025-11-03 10:28:31.064,1,5
2025-11-03 10:28:31.065,1,5
2025-11-03 10:28:31.065,1,5
2025-11-03 10:28:31.065,1,6
2025-11-03 10:28:31.065,1,6
2025-11-03 10:28:32.000,1,941
2025-11-03 10:28:32.001,1,941
2025-11-03 10:28:36.063,0,3
2025-11-03 10:28:36.066,0,5
2025-11-03 10:28:36.067,0,5
2025-11-03 10:28:36.067,0,4
2025-11-03 10:28:36.067,0,5
2025-11-03 10:28:36.068,0,5
2025-11-03 10:28:36.068,0,5
2025-11-03 10:28:36.068,0,5
2025-11-03 10:28:37.000,9,937
2025-11-03 10:28:37.000,9,937
2025-11-03 10:28:40.060,0,3
2025-11-03 10:28:40.064,2,7
2025-11-03 10:28:40.066,2,4
2025-11-03 10:28:40.066,2,4
2025-11-03 10:28:40.067,2,4
2025-11-03 10:28:40.068,2,5
2025-11-03 10:28:40.068,2,5
2025-11-03 10:28:40.068,2,4
2025-11-03 10:28:41.000,2,936
2025-11-03 10:28:41.001,2,936
2025-11-03 10:28:43.083,0,3
2025-11-03 10:28:43.086,6,6
2025-11-03 10:28:43.086,6,6
2025-11-03 10:28:43.087,6,5
2025-11-03 10:28:43.087,6,5
2025-11-03 10:28:43.087,6,6
2025-11-03 10:28:43.087,6,5
2025-11-03 10:28:43.087,6,5
2025-11-03 10:28:44.001,6,919
2025-11-03 10:28:44.002,6,919
2025-11-03 10:28:45.066,9,3
2025-11-03 10:28:45.069,10,6
2025-11-03 10:28:45.069,10,6
2025-11-03 10:28:45.070,10,6
2025-11-03 10:28:45.070,10,5
2025-11-03 10:28:45.070,10,6
2025-11-03 10:28:45.070,10,6
2025-11-03 10:28:45.071,10,5
2025-11-03 10:28:46.001,10,936
2025-11-03 10:28:46.002,10,936
2025-11-03 10:28:48.052,0,2
2025-11-03 10:28:48.056,0,6
2025-11-03 10:28:48.057,0,5
2025-11-03 10:28:48.057,0,5
2025-11-03 10:28:48.057,10,6
2025-11-03 10:28:48.057,10,5
2025-11-03 10:28:48.057,10,5
2025-11-03 10:28:48.058,10,4
2025-11-03 10:28:49.002,10,949
2025-11-03 10:28:49.002,10,949
2025-11-03 10:28:50.074,9,2
2025-11-03 10:28:50.075,9,2
2025-11-03 10:28:50.076,9,4
2025-11-03 10:28:50.076,9,4
2025-11-03 10:28:50.076,9,3
2025-11-03 10:28:50.076,9,3
2025-11-03 10:28:50.077,9,2
2025-11-03 10:28:50.077,9,2
2025-11-03 10:28:51.000,10,926
2025-11-03 10:28:51.001,10,926
2025-11-03 10:28:52.082,10,2
2025-11-03 10:28:52.086,1,6
2025-11-03 10:28:52.086,1,6
2025-11-03 10:28:52.087,1,6
2025-11-03 10:28:52.087,1,5
2025-11-03 10:28:52.087,1,6
2025-11-03 10:28:52.087,1,6
2025-11-03 10:28:52.087,9,6
2025-11-03 10:28:53.000,9,919
2025-11-03 10:28:53.000,9,919
2025-11-03 10:28:55.057,0,2
2025-11-03 10:28:55.061,6,6
2025-11-03 10:28:55.061,6,6
2025-11-03 10:28:55.062,6,6
2025-11-03 10:28:55.062,6,6
2025-11-03 10:28:55.062,6,6
2025-11-03 10:28:55.062,6,6
2025-11-03 10:28:55.062,6,5
2025-11-03 10:28:56.001,6,944
2025-11-03 10:28:56.001,6,944
2025-11-03 10:28:57.074,9,3
2025-11-03 10:28:57.077,7,5
2025-11-03 10:28:57.077,7,5
2025-11-03 10:28:57.077,7,5
2025-11-03 10:28:57.077,7,5
2025-11-03 10:28:57.077,7,5
2025-11-03 10:28:57.078,7,4
2025-11-03 10:28:57.078,7,5
2025-11-03 10:28:58.001,7,928
2025-11-03 10:28:58.001,7,928
2025-11-03 10:28:59.084,7,3
2025-11-03 10:28:59.088,1,7
2025-11-03 10:28:59.088,1,7
2025-11-03 10:28:59.088,1,7
2025-11-03 10:28:59.089,1,6
2025-11-03 10:28:59.089,1,7
2025-11-03 10:28:59.089,1,7
2025-11-03 10:28:59.089,1,6
2025-11-03 10:29:00.000,1,917
2025-11-03 10:29:00.001,1,917
2025-11-03 10:29:02.052,2,2
2025-11-03 10:29:02.056,1,6
2025-11-03 10:29:02.057,1,6
2025-11-03 10:29:02.057,1,6
2025-11-03 10:29:02.057,1,6
2025-11-03 10:29:02.057,1,6
2025-11-03 10:29:02.057,1,5
2025-11-03 10:29:02.058,1,5
2025-11-03 10:29:03.000,1,948
2025-11-03 10:29:03.001,1,948
2025-11-03 10:29:07.057,0,3
2025-11-03 10:29:07.058,0,4
2025-11-03 10:29:07.058,0,4
2025-11-03 10:29:07.059,0,3
2025-11-03 10:29:07.059,0,3
2025-11-03 10:29:07.059,0,4
2025-11-03 10:29:07.061,10,5
2025-11-03 10:29:07.061,10,4
2025-11-03 10:29:08.001,10,944
2025-11-03 10:29:08.001,10,944
2025-11-03 10:29:11.058,0,3
2025-11-03 10:29:11.061,0,5
2025-11-03 10:29:11.062,0,5
2025-11-03 10:29:11.062,0,5
2025-11-03 10:29:11.062,0,6
2025-11-03 10:29:11.062,0,5
2025-11-03 10:29:11.063,0,5
2025-11-03 10:29:11.063,0,4
2025-11-03 10:29:12.001,10,943
2025-11-03 10:29:12.001,10,943
2025-11-03 10:29:12.084,2,2
2025-11-03 10:29:12.085,2,3
2025-11-03 10:29:12.086,2,2
2025-11-03 10:29:12.086,2,3
2025-11-03 10:29:12.086,2,3
2025-11-03 10:29:12.087,2,3
2025-11-03 10:29:13.001,2,915
2025-11-03 10:29:13.001,2,915
2025-11-03 10:29:13.001,2,915
2025-11-03 10:29:13.002,2,915
2025-11-03 10:29:14.075,0,3
2025-11-03 10:29:14.078,7,5
2025-11-03 10:29:14.080,7,5
2025-11-03 10:29:14.080,7,5
2025-11-03 10:29:14.080,7,7
2025-11-03 10:29:14.081,7,6
2025-11-03 10:29:14.081,7,6
2025-11-03 10:29:14.082,7,6
2025-11-03 10:29:15.001,7,926
2025-11-03 10:29:15.002,7,926
2025-11-03 10:29:15.002,7,845
2025-11-03 10:29:15.003,7,845
2025-11-03 10:29:15.003,7,845
2025-11-03 10:29:15.003,7,846
2025-11-03 10:29:15.003,7,846
2025-11-03 10:29:15.004,7,845
2025-11-03 10:29:16.001,18,1842
2025-11-03 10:29:16.002,18,1842
2025-11-03 10:29:16.002,18,1842
2025-11-03 10:29:16.003,18,1843
2025-11-03 10:29:16.004,18,905
2025-11-03 10:29:16.004,18,906
2025-11-03 10:29:16.004,18,907
2025-11-03 10:29:16.004,18,907
2025-11-03 10:29:17.001,61,1904
2025-11-03 10:29:17.002,61,1903
2025-11-03 10:29:17.002,61,1903
2025-11-03 10:29:17.002,61,1904
2025-11-03 10:29:17.003,61,1904
2025-11-03 10:29:17.003,61,1904
2025-11-03 10:29:17.003,61,1844
2025-11-03 10:29:17.003,61,1843
2025-11-03 10:29:18.001,92,2841
2025-11-03 10:29:18.002,92,2841
2025-11-03 10:29:18.002,92,2840
2025-11-03 10:29:18.002,92,2841
2025-11-03 10:29:18.003,92,2841
2025-11-03 10:29:18.003,92,2841
2025-11-03 10:29:18.003,92,2842
2025-11-03 10:29:18.003,92,2842
2025-11-03 10:29:19.000,120,3778
2025-11-03 10:29:19.002,120,3777
2025-11-03 10:29:19.002,120,3777
2025-11-03 10:29:19.002,120,3779
2025-11-03 10:29:19.003,120,3778
2025-11-03 10:29:19.003,120,3778
2025-11-03 10:29:19.003,120,3778
2025-11-03 10:29:19.003,120,3778
2025-11-03 10:29:20.000,116,4775
2025-11-03 10:29:20.001,116,4775
2025-11-03 10:29:20.001,116,4715
2025-11-03 10:29:20.002,116,4716
2025-11-03 10:29:20.002,116,4716
2025-11-03 10:29:20.002,116,4716
2025-11-03 10:29:20.003,116,4716
2025-11-03 10:29:20.003,116,4716
2025-11-03 10:29:21.001,131,5715
2025-11-03 10:29:21.001,131,5714
2025-11-03 10:29:21.001,131,5714
2025-11-03 10:29:21.002,131,5714
2025-11-03 10:29:21.003,131,5638
2025-11-03 10:29:21.003,131,5639
2025-11-03 10:29:21.003,131,5638
2025-11-03 10:29:21.003,131,5638
2025-11-03 10:29:22.001,131,6635
2025-11-03 10:29:22.002,131,6635
2025-11-03 10:29:22.002,131,6635
2025-11-03 10:29:22.002,131,6635
2025-11-03 10:29:22.003,131,6635
2025-11-03 10:29:22.003,131,6635
2025-11-03 10:29:22.003,131,5921
2025-11-03 10:29:22.003,131,5921
2025-11-03 10:29:23.000,125,6917
2025-11-03 10:29:23.000,125,6917
2025-11-03 10:29:23.001,125,6916
2025-11-03 10:29:23.001,125,6916
2025-11-03 10:29:23.001,125,6917
2025-11-03 10:29:23.001,125,6917
2025-11-03 10:29:23.002,125,6916
2025-11-03 10:29:23.002,125,6916
2025-11-03 10:29:24.000,124,7853
2025-11-03 10:29:24.001,124,7853
2025-11-03 10:29:24.002,124,7852
2025-11-03 10:29:24.002,124,7853
2025-11-03 10:29:24.003,124,7854
2025-11-03 10:29:24.003,124,7854
2025-11-03 10:29:24.004,124,7854
2025-11-03 10:29:24.004,124,7854
2025-11-03 10:29:25.000,124,8851
2025-11-03 10:29:25.001,124,8851
2025-11-03 10:29:25.001,124,8789
2025-11-03 10:29:25.002,124,8790
2025-11-03 10:29:25.002,124,8790
2025-11-03 10:29:25.003,124,8790
2025-11-03 10:29:25.003,124,8790
2025-11-03 10:29:25.003,124,8791
2025-11-03 10:29:26.000,127,9788
2025-11-03 10:29:26.001,127,9787
2025-11-03 10:29:26.001,127,9787
2025-11-03 10:29:26.001,127,9788
2025-11-03 10:29:26.002,127,9726
2025-11-03 10:29:26.002,127,9725
2025-11-03 10:29:26.002,127,9726
2025-11-03 10:29:26.002,127,9726
2025-11-03 10:29:27.001,143,10725
2025-11-03 10:29:27.002,143,10725
2025-11-03 10:29:27.002,143,10724
2025-11-03 10:29:27.003,143,10725
2025-11-03 10:29:27.003,143,10725
2025-11-03 10:29:27.003,143,10726
2025-11-03 10:29:27.004,143,9946
2025-11-03 10:29:27.004,143,9945
2025-11-03 10:29:28.000,147,10942
2025-11-03 10:29:28.001,147,10942
2025-11-03 10:29:28.001,147,10942
2025-11-03 10:29:28.001,147,10942
2025-11-03 10:29:28.002,147,10942
2025-11-03 10:29:28.002,147,10943
2025-11-03 10:29:28.002,147,10943
2025-11-03 10:29:28.002,147,10873
2025-11-03 10:29:29.001,159,11872
2025-11-03 10:29:29.002,159,11872
2025-11-03 10:29:29.003,159,11871
2025-11-03 10:29:29.003,159,11872
2025-11-03 10:29:29.003,159,11872
2025-11-03 10:29:29.004,159,11872
2025-11-03 10:29:29.004,159,11872
2025-11-03 10:29:29.004,159,11873
2025-11-03 10:29:30.000,174,12797
2025-11-03 10:29:30.001,174,12797
2025-11-03 10:29:30.002,174,12797
2025-11-03 10:29:30.002,174,12798
2025-11-03 10:29:30.003,174,12798
2025-11-03 10:29:30.003,174,12798
2025-11-03 10:29:30.004,174,12798
2025-11-03 10:29:30.004,174,12798
2025-11-03 10:29:31.000,178,13795
2025-11-03 10:29:31.001,178,13724
2025-11-03 10:29:31.001,178,13723
2025-11-03 10:29:31.002,178,13724
2025-11-03 10:29:31.002,178,13724
2025-11-03 10:29:31.003,178,13724
2025-11-03 10:29:31.003,178,13724
2025-11-03 10:29:31.004,178,13724
2025-11-03 10:29:32.001,180,14722
2025-11-03 10:29:32.002,180,14722
2025-11-03 10:29:32.002,180,13892
2025-11-03 10:29:32.003,180,13893
2025-11-03 10:29:32.003,180,13893
2025-11-03 10:29:32.003,180,13894
2025-11-03 10:29:32.003,180,13894
2025-11-03 10:29:32.003,180,13893
2025-11-03 10:29:33.000,192,14890
2025-11-03 10:29:33.001,192,14890
2025-11-03 10:29:33.002,192,14890
2025-11-03 10:29:33.002,192,13932
2025-11-03 10:29:33.002,192,13933
2025-11-03 10:29:33.003,192,13932
2025-11-03 10:29:33.003,192,13932
2025-11-03 10:29:33.003,192,13933
2025-11-03 10:29:34.000,202,14930
2025-11-03 10:29:34.000,202,14930
2025-11-03 10:29:34.001,202,14929
2025-11-03 10:29:34.001,202,14929
2025-11-03 10:29:34.002,202,14870
2025-11-03 10:29:34.002,202,14871
2025-11-03 10:29:34.002,202,14870
2025-11-03 10:29:34.002,202,14870
2025-11-03 10:29:35.002,218,15869
2025-11-03 10:29:35.002,218,15869
2025-11-03 10:29:35.003,218,15869
2025-11-03 10:29:35.003,218,15869
2025-11-03 10:29:35.004,218,15870
2025-11-03 10:29:35.004,218,14914
2025-11-03 10:29:35.004,218,14914
2025-11-03 10:29:35.004,218,14914
2025-11-03 10:29:36.001,222,15911
2025-11-03 10:29:36.002,222,15911
2025-11-03 10:29:36.002,222,15910
2025-11-03 10:29:36.003,222,15910
2025-11-03 10:29:36.003,222,15910
2025-11-03 10:29:36.004,222,14933
2025-11-03 10:29:36.004,222,14933
2025-11-03 10:29:36.004,222,14934
2025-11-03 10:29:37.001,226,15930
2025-11-03 10:29:37.001,226,15930
2025-11-03 10:29:37.001,226,15929
2025-11-03 10:29:37.002,226,15929
2025-11-03 10:29:37.002,226,15930
2025-11-03 10:29:37.002,226,14900
2025-11-03 10:29:37.002,226,14899
2025-11-03 10:29:37.003,226,14899
2025-11-03 10:29:38.002,236,15899
2025-11-03 10:29:38.002,236,15899
2025-11-03 10:29:38.003,236,15899
2025-11-03 10:29:38.003,236,15899
2025-11-03 10:29:38.003,236,15900
2025-11-03 10:29:38.004,236,14901
2025-11-03 10:29:38.004,236,14901
2025-11-03 10:29:38.004,236,14902
2025-11-03 10:29:39.001,245,15898
2025-11-03 10:29:39.002,245,15898
2025-11-03 10:29:39.002,245,15898
2025-11-03 10:29:39.003,245,15899
2025-11-03 10:29:39.003,245,14912
2025-11-03 10:29:39.004,245,14913
2025-11-03 10:29:39.004,245,14913
2025-11-03 10:29:39.004,245,14914
2025-11-03 10:29:40.000,259,15909
2025-11-03 10:29:40.001,259,15909
2025-11-03 10:29:40.001,259,15909
2025-11-03 10:29:40.001,259,14950
2025-11-03 10:29:40.002,259,14949
2025-11-03 10:29:40.002,259,14950
2025-11-03 10:29:40.002,259,14949
2025-11-03 10:29:40.002,259,14949
2025-11-03 10:29:41.001,261,15947
2025-11-03 10:29:41.002,261,15947
2025-11-03 10:29:41.002,261,15881
2025-11-03 10:29:41.003,261,15881
2025-11-03 10:29:41.003,261,15882
2025-11-03 10:29:41.004,261,15882
2025-11-03 10:29:41.004,261,15882
2025-11-03 10:29:41.004,261,15882
2025-11-03 10:29:42.000,263,16878
2025-11-03 10:29:42.001,263,16815
2025-11-03 10:29:42.001,263,16815
2025-11-03 10:29:42.001,263,16815
2025-11-03 10:29:42.002,263,16815
2025-11-03 10:29:42.002,263,16815
2025-11-03 10:29:42.002,263,16816
2025-11-03 10:29:42.002,263,16816
2025-11-03 10:29:43.000,270,16905
2025-11-03 10:29:43.001,270,16905
2025-11-03 10:29:43.002,270,16905
2025-11-03 10:29:43.002,270,16906
2025-11-03 10:29:43.002,270,16906
2025-11-03 10:29:43.003,270,16906
2025-11-03 10:29:43.003,270,16907
2025-11-03 10:29:43.003,270,16840
2025-11-03 10:29:44.001,277,17838
2025-11-03 10:29:44.002,277,17837
2025-11-03 10:29:44.002,277,17837
2025-11-03 10:29:44.003,277,17838
2025-11-03 10:29:44.003,277,17839
2025-11-03 10:29:44.004,277,17839
2025-11-03 10:29:44.004,277,16933
2025-11-03 10:29:44.004,277,16934
2025-11-03 10:29:45.000,294,17930
2025-11-03 10:29:45.001,294,17929
2025-11-03 10:29:45.001,294,17929
2025-11-03 10:29:45.001,294,17930
2025-11-03 10:29:45.002,294,17929
2025-11-03 10:29:45.002,294,17863
2025-11-03 10:29:45.003,294,17864
2025-11-03 10:29:45.003,294,17864
2025-11-03 10:29:46.001,301,18862
2025-11-03 10:29:46.001,301,18862
2025-11-03 10:29:46.002,301,18862
2025-11-03 10:29:46.002,301,18862
2025-11-03 10:29:46.003,301,18801
2025-11-03 10:29:46.003,301,18801
2025-11-03 10:29:46.003,301,18801
2025-11-03 10:29:46.004,301,18801
2025-11-03 10:29:47.001,313,19799
2025-11-03 10:29:47.002,313,19798
2025-11-03 10:29:47.002,313,19798
2025-11-03 10:29:47.002,313,18908
2025-11-03 10:29:47.003,313,18908
2025-11-03 10:29:47.003,313,18908
2025-11-03 10:29:47.003,313,18908
2025-11-03 10:29:47.004,313,18907
2025-11-03 10:29:48.000,325,19904
2025-11-03 10:29:48.001,325,19904
2025-11-03 10:29:48.001,325,19844
2025-11-03 10:29:48.001,325,19845
2025-11-03 10:29:48.001,325,19845
2025-11-03 10:29:48.001,325,19843
2025-11-03 10:29:48.002,325,19843
2025-11-03 10:29:48.002,325,19843
2025-11-03 10:29:49.000,332,20840
2025-11-03 10:29:49.001,332,20784
2025-11-03 10:29:49.001,332,20784
2025-11-03 10:29:49.001,332,20784
2025-11-03 10:29:49.002,332,20783
2025-11-03 10:29:49.002,332,20783
2025-11-03 10:29:49.002,332,20784
2025-11-03 10:29:49.002,332,20784
2025-11-03 10:29:50.001,344,20899
2025-11-03 10:29:50.002,344,20899
2025-11-03 10:29:50.002,344,20899
2025-11-03 10:29:50.002,344,20899
2025-11-03 10:29:50.002,344,20899
2025-11-03 10:29:50.003,344,20899
2025-11-03 10:29:50.003,344,20836
2025-11-03 10:29:50.003,344,20836
2025-11-03 10:29:51.000,344,21833
2025-11-03 10:29:51.001,344,21833
2025-11-03 10:29:51.002,344,21832
2025-11-03 10:29:51.002,344,21833
2025-11-03 10:29:51.002,344,20899
2025-11-03 10:29:51.003,344,20899
2025-11-03 10:29:51.003,344,20899
2025-11-03 10:29:51.003,344,20899
2025-11-03 10:29:52.000,344,21896
2025-11-03 10:29:52.000,344,21896
2025-11-03 10:29:52.001,344,21825
2025-11-03 10:29:52.001,344,21825
2025-11-03 10:29:52.001,344,21823
2025-11-03 10:29:52.002,344,21823
2025-11-03 10:29:52.002,344,21823
2025-11-03 10:29:52.002,344,21824
2025-11-03 10:29:52.999,348,21919
2025-11-03 10:29:53.000,348,21919
2025-11-03 10:29:53.001,348,21919
2025-11-03 10:29:53.001,348,21920
2025-11-03 10:29:53.002,348,21919
2025-11-03 10:29:53.002,348,21919
2025-11-03 10:29:53.002,348,21854
2025-11-03 10:29:53.002,348,21854
2025-11-03 10:29:54.000,352,22852
2025-11-03 10:29:54.001,352,22851
2025-11-03 10:29:54.001,352,22851
2025-11-03 10:29:54.002,352,22852
2025-11-03 10:29:54.002,352,22788
2025-11-03 10:29:54.003,352,22787
2025-11-03 10:29:54.003,352,22787
2025-11-03 10:29:54.003,352,22788
2025-11-03 10:29:55.001,348,23785
2025-11-03 10:29:55.001,348,23785
2025-11-03 10:29:55.001,348,22907
2025-11-03 10:29:55.001,348,22907
2025-11-03 10:29:55.002,348,22907
2025-11-03 10:29:55.002,348,22908
2025-11-03 10:29:55.002,348,22908
2025-11-03 10:29:55.002,348,22907
2025-11-03 10:29:56.001,344,23840
2025-11-03 10:29:56.001,344,23840
2025-11-03 10:29:56.002,344,23840
2025-11-03 10:29:56.002,344,23841
2025-11-03 10:29:56.003,344,23840
2025-11-03 10:29:56.003,344,23840
2025-11-03 10:29:56.003,344,23780
2025-11-03 10:29:56.004,344,23779
2025-11-03 10:29:57.001,340,24777
2025-11-03 10:29:57.002,340,24777
2025-11-03 10:29:57.002,340,24776
2025-11-03 10:29:57.003,340,24777
2025-11-03 10:29:57.003,340,23937
2025-11-03 10:29:57.003,340,23937
2025-11-03 10:29:57.003,340,23937
2025-11-03 10:29:57.004,340,23937
2025-11-03 10:29:58.001,340,24935
2025-11-03 10:29:58.002,340,24934
2025-11-03 10:29:58.002,340,24870
2025-11-03 10:29:58.002,340,24871
2025-11-03 10:29:58.003,340,24871
2025-11-03 10:29:58.003,340,24870
2025-11-03 10:29:58.003,340,24871
2025-11-03 10:29:58.003,340,24871
2025-11-03 10:29:59.001,340,25807
2025-11-03 10:29:59.002,340,25807
2025-11-03 10:29:59.002,340,25807
2025-11-03 10:29:59.003,340,25808
2025-11-03 10:29:59.003,340,25808
2025-11-03 10:29:59.003,340,25808
2025-11-03 10:29:59.004,340,25742
2025-11-03 10:29:59.004,340,25741
2025-11-03 10:30:00.000,344,26738
2025-11-03 10:30:00.001,344,26738
2025-11-03 10:30:00.001,344,26737
2025-11-03 10:30:00.001,344,26738
2025-11-03 10:30:00.002,344,25900
2025-11-03 10:30:00.002,344,25899
2025-11-03 10:30:00.002,344,25899
2025-11-03 10:30:00.002,344,25899
2025-11-03 10:30:01.001,340,26898
2025-11-03 10:30:01.001,340,26898
2025-11-03 10:30:01.002,340,26834
2025-11-03 10:30:01.002,340,26835
2025-11-03 10:30:01.003,340,26834
2025-11-03 10:30:01.003,340,26834
2025-11-03 10:30:01.003,340,26835
2025-11-03 10:30:01.003,340,26835
2025-11-03 10:30:02.001,336,26891
2025-11-03 10:30:02.002,336,26891
2025-11-03 10:30:02.002,336,26891
2025-11-03 10:30:02.002,336,26892
2025-11-03 10:30:02.003,336,26892
2025-11-03 10:30:02.003,336,26891
2025-11-03 10:30:02.003,336,26828
2025-11-03 10:30:02.004,336,26828
2025-11-03 10:30:03.001,336,27826
2025-11-03 10:30:03.001,336,27825
2025-11-03 10:30:03.002,336,27825
2025-11-03 10:30:03.002,336,27825
2025-11-03 10:30:03.002,336,26921
2025-11-03 10:30:03.002,336,26921
2025-11-03 10:30:03.003,336,26921
2025-11-03 10:30:03.003,336,26921
2025-11-03 10:30:04.000,336,27918
2025-11-03 10:30:04.001,336,27918
2025-11-03 10:30:04.001,336,27854
2025-11-03 10:30:04.001,336,27855
2025-11-03 10:30:04.001,336,27854
2025-11-03 10:30:04.002,336,27854
2025-11-03 10:30:04.002,336,27853
2025-11-03 10:30:04.002,336,27854
2025-11-03 10:30:05.001,332,28791
2025-11-03 10:30:05.001,332,28791
2025-11-03 10:30:05.001,332,28791
2025-11-03 10:30:05.002,332,28790
2025-11-03 10:30:05.002,332,28791
2025-11-03 10:30:05.002,332,28791
2025-11-03 10:30:05.002,332,27908
2025-11-03 10:30:05.003,332,27908
2025-11-03 10:30:06.000,332,28904
2025-11-03 10:30:06.000,332,28904
2025-11-03 10:30:06.000,332,28904
2025-11-03 10:30:06.001,332,28904
2025-11-03 10:30:06.001,332,28822
2025-11-03 10:30:06.001,332,28821
2025-11-03 10:30:06.002,332,28821
2025-11-03 10:30:06.002,332,28820
2025-11-03 10:30:07.001,332,29820
2025-11-03 10:30:07.001,332,29820
2025-11-03 10:30:07.002,332,29740
2025-11-03 10:30:07.002,332,29740
2025-11-03 10:30:07.002,332,29740
2025-11-03 10:30:07.002,332,29740
2025-11-03 10:30:07.003,332,29739
2025-11-03 10:30:07.003,332,29739
2025-11-03 10:30:08.001,328,29948
2025-11-03 10:30:08.002,328,29948
2025-11-03 10:30:08.002,328,29948
2025-11-03 10:30:08.003,328,29949
2025-11-03 10:30:08.004,328,29948
2025-11-03 10:30:08.004,328,29882
2025-11-03 10:30:08.004,328,29883
2025-11-03 10:30:08.005,328,29883
2025-11-03 10:30:09.001,324,30879
2025-11-03 10:30:09.002,324,30879
2025-11-03 10:30:09.002,324,30817
2025-11-03 10:30:09.003,324,30818
2025-11-03 10:30:09.003,324,30817
2025-11-03 10:30:09.003,324,30818
2025-11-03 10:30:09.004,324,30818
2025-11-03 10:30:09.004,324,30758
2025-11-03 10:30:10.000,320,31755
2025-11-03 10:30:10.001,320,31755
2025-11-03 10:30:10.002,320,31755
2025-11-03 10:30:10.002,320,31755
2025-11-03 10:30:10.003,320,30894
2025-11-03 10:30:10.003,320,30894
2025-11-03 10:30:10.003,320,30895
2025-11-03 10:30:10.004,320,30895
2025-11-03 10:30:11.001,316,31892
2025-11-03 10:30:11.001,316,31831
2025-11-03 10:30:11.001,316,31831
2025-11-03 10:30:11.002,316,31831
2025-11-03 10:30:11.002,316,31831
2025-11-03 10:30:11.002,316,31831
2025-11-03 10:30:11.003,316,31755
2025-11-03 10:30:11.003,316,31755
2025-11-03 10:30:12.000,308,32753
2025-11-03 10:30:12.001,308,32752
2025-11-03 10:30:12.001,308,32752
2025-11-03 10:30:12.001,308,31944
2025-11-03 10:30:12.002,308,31944
2025-11-03 10:30:12.002,308,31943
2025-11-03 10:30:12.003,308,31944
2025-11-03 10:30:12.003,308,31944
2025-11-03 10:30:13.001,304,32880
2025-11-03 10:30:13.001,304,32879
2025-11-03 10:30:13.002,304,32879
2025-11-03 10:30:13.002,304,32879
2025-11-03 10:30:13.002,304,32880
2025-11-03 10:30:13.002,304,31935
2025-11-03 10:30:13.003,304,31934
2025-11-03 10:30:13.003,304,31935
2025-11-03 10:30:14.000,300,32932
2025-11-03 10:30:14.001,300,32931
2025-11-03 10:30:14.001,300,32870
2025-11-03 10:30:14.002,300,32871
2025-11-03 10:30:14.002,300,32872
2025-11-03 10:30:14.002,300,32872
2025-11-03 10:30:14.003,300,32872
2025-11-03 10:30:14.003,300,31944
2025-11-03 10:30:15.000,292,32942
2025-11-03 10:30:15.001,292,32941
2025-11-03 10:30:15.001,292,32941
2025-11-03 10:30:15.002,292,32942
2025-11-03 10:30:15.002,292,32856
2025-11-03 10:30:15.002,292,32857
2025-11-03 10:30:15.002,292,32856
2025-11-03 10:30:15.003,292,32856
2025-11-03 10:30:16.001,288,33855
2025-11-03 10:30:16.002,288,33786
2025-11-03 10:30:16.002,288,33786
2025-11-03 10:30:16.002,288,33786
2025-11-03 10:30:16.003,288,33786
2025-11-03 10:30:16.003,288,33787
2025-11-03 10:30:16.003,288,32878
2025-11-03 10:30:16.003,288,32878
2025-11-03 10:30:17.001,280,33875
2025-11-03 10:30:17.001,280,33875
2025-11-03 10:30:17.002,280,33875
2025-11-03 10:30:17.002,280,33807
2025-11-03 10:30:17.002,280,33807
2025-11-03 10:30:17.003,280,33806
2025-11-03 10:30:17.003,280,33806
2025-11-03 10:30:17.003,280,33807
2025-11-03 10:30:18.001,277,34742
2025-11-03 10:30:18.001,277,34742
2025-11-03 10:30:18.002,277,34742
2025-11-03 10:30:18.002,277,34742
2025-11-03 10:30:18.003,277,34743
2025-11-03 10:30:18.003,277,33893
2025-11-03 10:30:18.003,277,33893
2025-11-03 10:30:18.003,277,33893
2025-11-03 10:30:19.001,269,34890
2025-11-03 10:30:19.001,269,34890
2025-11-03 10:30:19.002,269,34830
2025-11-03 10:30:19.002,269,34830
2025-11-03 10:30:19.002,269,34830
2025-11-03 10:30:19.002,269,34830
2025-11-03 10:30:19.003,269,34830
2025-11-03 10:30:19.003,269,34768
2025-11-03 10:30:20.000,266,35765
2025-11-03 10:30:20.001,266,35765
2025-11-03 10:30:20.001,266,35765
2025-11-03 10:30:20.002,266,35766
2025-11-03 10:30:20.002,266,35701
2025-11-03 10:30:20.002,266,35702
2025-11-03 10:30:20.002,266,35702
2025-11-03 10:30:20.003,266,35702
2025-11-03 10:30:21.001,258,36701
2025-11-03 10:30:21.001,258,36638
2025-11-03 10:30:21.002,258,36638
2025-11-03 10:30:21.002,258,36637
2025-11-03 10:30:21.002,258,36638
2025-11-03 10:30:21.003,258,36637
2025-11-03 10:30:21.003,258,35907
2025-11-03 10:30:21.003,258,35908
2025-11-03 10:30:22.001,258,36906
2025-11-03 10:30:22.002,258,36905
2025-11-03 10:30:22.002,258,36905
2025-11-03 10:30:22.002,258,36847
2025-11-03 10:30:22.002,258,36847
2025-11-03 10:30:22.003,258,36846
2025-11-03 10:30:22.003,258,36846
2025-11-03 10:30:22.003,258,36847
2025-11-03 10:30:22.998,260,37780
2025-11-03 10:30:22.999,260,37780
2025-11-03 10:30:23.000,260,37780
2025-11-03 10:30:23.000,260,37781
2025-11-03 10:30:23.001,260,37781
2025-11-03 10:30:23.001,260,36950
2025-11-03 10:30:23.001,260,36950
2025-11-03 10:30:23.001,260,36950
2025-11-03 10:30:24.001,260,37949
2025-11-03 10:30:24.002,260,37949
2025-11-03 10:30:24.002,260,37884
2025-11-03 10:30:24.002,260,37885
2025-11-03 10:30:24.003,260,37884
2025-11-03 10:30:24.003,260,37885
2025-11-03 10:30:24.003,260,37885
2025-11-03 10:30:24.003,260,37823
2025-11-03 10:30:25.001,244,38821
2025-11-03 10:30:25.002,244,38821
2025-11-03 10:30:25.002,244,38821
2025-11-03 10:30:25.003,244,38822
2025-11-03 10:30:25.003,244,38759
2025-11-03 10:30:25.003,244,38760
2025-11-03 10:30:25.004,244,38760
2025-11-03 10:30:25.004,244,38761
2025-11-03 10:30:26.000,241,39757
2025-11-03 10:30:26.001,241,38902
2025-11-03 10:30:26.001,241,38902
2025-11-03 10:30:26.002,241,38902
2025-11-03 10:30:26.002,241,38903
2025-11-03 10:30:26.003,241,38903
2025-11-03 10:30:26.003,241,38821
2025-11-03 10:30:26.003,241,38821
2025-11-03 10:30:27.001,225,39819
2025-11-03 10:30:27.001,225,39819
2025-11-03 10:30:27.002,225,39819
2025-11-03 10:30:27.003,225,39759
2025-11-03 10:30:27.003,225,39758
2025-11-03 10:30:27.004,225,39759
2025-11-03 10:30:27.004,225,39759
2025-11-03 10:30:27.004,225,39760
2025-11-03 10:30:28.001,217,40694
2025-11-03 10:30:28.002,217,40693
2025-11-03 10:30:28.002,217,40693
2025-11-03 10:30:28.003,217,40694
2025-11-03 10:30:28.003,217,40694
2025-11-03 10:30:28.003,217,39904
2025-11-03 10:30:28.003,217,39904
2025-11-03 10:30:28.004,217,39903
2025-11-03 10:30:29.001,222,40900
2025-11-03 10:30:29.002,222,40900
2025-11-03 10:30:29.002,222,40830
2025-11-03 10:30:29.003,222,40831
2025-11-03 10:30:29.003,222,40828
2025-11-03 10:30:29.003,222,40829
2025-11-03 10:30:29.004,222,40829
2025-11-03 10:30:29.004,222,40742
2025-11-03 10:30:30.001,206,41740
2025-11-03 10:30:30.001,206,41740
2025-11-03 10:30:30.002,206,41740
2025-11-03 10:30:30.002,206,41740
2025-11-03 10:30:30.002,206,40949
2025-11-03 10:30:30.003,206,40948
2025-11-03 10:30:30.003,206,40948
2025-11-03 10:30:30.003,206,40949
2025-11-03 10:30:31.001,204,41947
2025-11-03 10:30:31.002,204,41885
2025-11-03 10:30:31.002,204,41885
2025-11-03 10:30:31.002,204,41886
2025-11-03 10:30:31.003,204,41885
2025-11-03 10:30:31.003,204,41886
2025-11-03 10:30:31.003,204,41817
2025-11-03 10:30:31.003,204,41817
2025-11-03 10:30:32.001,204,42814
2025-11-03 10:30:32.002,204,42814
2025-11-03 10:30:32.002,204,42814
2025-11-03 10:30:32.003,204,42738
2025-11-03 10:30:32.003,204,42738
2025-11-03 10:30:32.003,204,42739
2025-11-03 10:30:32.003,204,42739
2025-11-03 10:30:32.004,204,42739
2025-11-03 10:30:33.001,202,42898
2025-11-03 10:30:33.002,202,42898
2025-11-03 10:30:33.002,202,42898
2025-11-03 10:30:33.002,202,42899
2025-11-03 10:30:33.002,202,42836
2025-11-03 10:30:33.003,202,42836
2025-11-03 10:30:33.003,202,42837
2025-11-03 10:30:33.003,202,42836
2025-11-03 10:30:34.001,202,42914
2025-11-03 10:30:34.002,202,42914
2025-11-03 10:30:34.002,202,42914
2025-11-03 10:30:34.002,202,42915
2025-11-03 10:30:34.003,202,42852
2025-11-03 10:30:34.003,202,42852
2025-11-03 10:30:34.003,202,42852
2025-11-03 10:30:34.004,202,42852
2025-11-03 10:30:35.001,192,42929
2025-11-03 10:30:35.001,192,42929
2025-11-03 10:30:35.002,192,42929
2025-11-03 10:30:35.002,192,42928
2025-11-03 10:30:35.002,192,42841
2025-11-03 10:30:35.003,192,42841
2025-11-03 10:30:35.003,192,42840
2025-11-03 10:30:35.003,192,42841
2025-11-03 10:30:36.000,184,43775
2025-11-03 10:30:36.001,184,43775
2025-11-03 10:30:36.001,184,43774
2025-11-03 10:30:36.002,184,43775
2025-11-03 10:30:36.002,184,42922
2025-11-03 10:30:36.003,184,42922
2025-11-03 10:30:36.003,184,42922
2025-11-03 10:30:36.003,184,42923
2025-11-03 10:30:37.001,176,43857
2025-11-03 10:30:37.002,176,43856
2025-11-03 10:30:37.002,176,43856
2025-11-03 10:30:37.003,176,43857
2025-11-03 10:30:37.003,176,43794
2025-11-03 10:30:37.003,176,43794
2025-11-03 10:30:37.003,176,43793
2025-11-03 10:30:37.004,176,43793
2025-11-03 10:30:38.001,166,43900
2025-11-03 10:30:38.002,166,43900
2025-11-03 10:30:38.003,166,43900
2025-11-03 10:30:38.003,166,43901
2025-11-03 10:30:38.003,166,42939
2025-11-03 10:30:38.003,166,42939
2025-11-03 10:30:38.004,166,42939
2025-11-03 10:30:38.004,166,42940
2025-11-03 10:30:39.001,166,42920
2025-11-03 10:30:39.002,166,42920
2025-11-03 10:30:39.002,166,42920
2025-11-03 10:30:39.003,166,42921
2025-11-03 10:30:39.003,166,41944
2025-11-03 10:30:39.003,166,41945
2025-11-03 10:30:39.004,166,41945
2025-11-03 10:30:39.004,166,41946
2025-11-03 10:30:40.001,157,42879
2025-11-03 10:30:40.002,157,42878
2025-11-03 10:30:40.002,157,42878
2025-11-03 10:30:40.003,157,42879
2025-11-03 10:30:40.003,157,41894
2025-11-03 10:30:40.003,157,41895
2025-11-03 10:30:40.004,157,41894
2025-11-03 10:30:40.004,157,41894
2025-11-03 10:30:41.000,157,42824
2025-11-03 10:30:41.001,157,42824
2025-11-03 10:30:41.001,157,42823
2025-11-03 10:30:41.001,157,42824
2025-11-03 10:30:41.001,157,41890
2025-11-03 10:30:41.002,157,41890
2025-11-03 10:30:41.002,157,41891
2025-11-03 10:30:41.002,157,41890
2025-11-03 10:30:42.001,154,42822
2025-11-03 10:30:42.001,154,42822
2025-11-03 10:30:42.002,154,42821
2025-11-03 10:30:42.002,154,42821
2025-11-03 10:30:42.002,154,42745
2025-11-03 10:30:42.003,154,42744
2025-11-03 10:30:42.003,154,42744
2025-11-03 10:30:42.003,154,42744
2025-11-03 10:30:43.000,148,42921
2025-11-03 10:30:43.001,148,42921
2025-11-03 10:30:43.002,148,42921
2025-11-03 10:30:43.002,148,42922
2025-11-03 10:30:43.002,148,41953
2025-11-03 10:30:43.002,148,41953
2025-11-03 10:30:43.003,148,41953
2025-11-03 10:30:43.003,148,41951
2025-11-03 10:30:44.001,139,41942
2025-11-03 10:30:44.002,139,41942
2025-11-03 10:30:44.002,139,41941
2025-11-03 10:30:44.003,139,41942
2025-11-03 10:30:44.003,139,41875
2025-11-03 10:30:44.003,139,41876
2025-11-03 10:30:44.004,139,41876
2025-11-03 10:30:44.004,139,41875
2025-11-03 10:30:45.000,131,41890
2025-11-03 10:30:45.000,131,41890
2025-11-03 10:30:45.001,131,41890
2025-11-03 10:30:45.001,131,41891
2025-11-03 10:30:45.002,131,41830
2025-11-03 10:30:45.002,131,41828
2025-11-03 10:30:45.002,131,41829
2025-11-03 10:30:45.002,131,41829
2025-11-03 10:30:46.001,131,41903
2025-11-03 10:30:46.001,131,41903
2025-11-03 10:30:46.002,131,41903
2025-11-03 10:30:46.002,131,41902
2025-11-03 10:30:46.003,131,40940
2025-11-03 10:30:46.003,131,40940
2025-11-03 10:30:46.003,131,40941
2025-11-03 10:30:46.004,131,40941
2025-11-03 10:30:47.001,131,41876
2025-11-03 10:30:47.001,131,41875
2025-11-03 10:30:47.002,131,41875
2025-11-03 10:30:47.002,131,41876
2025-11-03 10:30:47.003,131,40910
2025-11-03 10:30:47.003,131,40910
2025-11-03 10:30:47.003,131,40911
2025-11-03 10:30:47.003,131,40911
2025-11-03 10:30:48.001,132,41848
2025-11-03 10:30:48.002,132,41848
2025-11-03 10:30:48.002,132,41848
2025-11-03 10:30:48.002,132,41849
2025-11-03 10:30:48.003,132,40902
2025-11-03 10:30:48.003,132,40903
2025-11-03 10:30:48.003,132,40903
2025-11-03 10:30:48.004,132,40902
2025-11-03 10:30:49.002,124,40913
2025-11-03 10:30:49.002,124,40913
2025-11-03 10:30:49.003,124,40913
2025-11-03 10:30:49.003,124,40911
2025-11-03 10:30:49.003,124,39926
2025-11-03 10:30:49.004,124,39926
2025-11-03 10:30:49.004,124,39926
2025-11-03 10:30:49.004,124,39926
2025-11-03 10:30:50.000,113,39920
2025-11-03 10:30:50.001,113,39920
2025-11-03 10:30:50.001,113,39919
2025-11-03 10:30:50.001,113,39920
2025-11-03 10:30:50.002,113,37935
2025-11-03 10:30:50.002,113,37935
2025-11-03 10:30:50.002,113,37936
2025-11-03 10:30:50.002,113,37935
2025-11-03 10:30:51.001,116,37911
2025-11-03 10:30:51.002,116,37911
2025-11-03 10:30:51.003,116,37910
2025-11-03 10:30:51.003,116,37911
2025-11-03 10:30:51.004,116,35923
2025-11-03 10:30:51.004,116,35923
2025-11-03 10:30:51.004,116,35924
2025-11-03 10:30:51.004,116,35923
2025-11-03 10:30:52.001,116,34949
2025-11-03 10:30:52.001,116,34949
2025-11-03 10:30:52.002,116,34949
2025-11-03 10:30:52.002,116,34950
2025-11-03 10:30:52.002,116,34950
2025-11-03 10:30:52.002,116,32936
2025-11-03 10:30:52.003,116,32935
2025-11-03 10:30:52.003,116,32935
2025-11-03 10:30:52.999,123,33932
2025-11-03 10:30:52.999,123,33931
2025-11-03 10:30:53.000,123,31933
2025-11-03 10:30:53.000,123,31933
2025-11-03 10:30:53.001,123,31933
2025-11-03 10:30:53.001,123,31933
2025-11-03 10:30:53.001,123,31934
2025-11-03 10:30:53.002,123,30903
2025-11-03 10:30:54.001,139,31903
2025-11-03 10:30:54.002,139,31902
2025-11-03 10:30:54.002,139,31902
2025-11-03 10:30:54.003,139,31903
2025-11-03 10:30:54.003,139,28936
2025-11-03 10:30:54.003,139,28937
2025-11-03 10:30:54.003,139,28936
2025-11-03 10:30:54.004,139,28936
2025-11-03 10:30:55.001,139,29934
2025-11-03 10:30:55.002,139,26945
2025-11-03 10:30:55.003,139,26945
2025-11-03 10:30:55.003,139,26946
2025-11-03 10:30:55.003,139,26946
2025-11-03 10:30:55.004,139,26946
2025-11-03 10:30:55.004,139,24946
2025-11-03 10:30:55.004,139,24946
2025-11-03 10:30:56.001,137,25942
2025-11-03 10:30:56.001,137,25941
2025-11-03 10:30:56.002,137,25941
2025-11-03 10:30:56.002,137,25941
2025-11-03 10:30:56.002,137,23925
2025-11-03 10:30:56.002,137,23925
2025-11-03 10:30:56.003,137,23925
2025-11-03 10:30:56.003,137,23924
2025-11-03 10:30:57.000,131,24922
2025-11-03 10:30:57.001,131,24922
2025-11-03 10:30:57.001,131,22933
2025-11-03 10:30:57.001,131,22934
2025-11-03 10:30:57.002,131,22934
2025-11-03 10:30:57.002,131,22933
2025-11-03 10:30:57.002,131,22934
2025-11-03 10:30:57.002,131,22934
2025-11-03 10:30:58.000,129,20938
2025-11-03 10:30:58.001,129,20938
2025-11-03 10:30:58.001,129,20937
2025-11-03 10:30:58.002,129,20938
2025-11-03 10:30:58.002,129,20938
2025-11-03 10:30:58.002,129,20939
2025-11-03 10:30:58.002,129,18937
2025-11-03 10:30:58.003,129,18937
2025-11-03 10:30:59.001,132,19935
2025-11-03 10:30:59.002,132,19935
2025-11-03 10:30:59.002,132,19935
2025-11-03 10:30:59.003,132,19935
2025-11-03 10:30:59.003,132,19935
2025-11-03 10:30:59.003,132,17938
2025-11-03 10:30:59.003,132,17938
2025-11-03 10:30:59.003,132,17938
2025-11-03 10:31:00.001,132,18936
2025-11-03 10:31:00.001,132,18935
2025-11-03 10:31:00.002,132,18935
2025-11-03 10:31:00.002,132,18936
2025-11-03 10:31:00.002,132,16942
2025-11-03 10:31:00.003,132,16942
2025-11-03 10:31:00.003,132,16942
2025-11-03 10:31:00.003,132,16943
2025-11-03 10:31:01.001,130,17940
2025-11-03 10:31:01.002,130,17940
2025-11-03 10:31:01.002,130,17940
2025-11-03 10:31:01.002,130,15949
2025-11-03 10:31:01.003,130,15949
2025-11-03 10:31:01.003,130,15949
2025-11-03 10:31:01.003,130,15949
2025-11-03 10:31:01.003,130,15949
2025-11-03 10:31:02.001,125,16946
2025-11-03 10:31:02.002,125,16946
2025-11-03 10:31:02.002,125,16946
2025-11-03 10:31:02.003,125,14943
2025-11-03 10:31:02.003,125,14943
2025-11-03 10:31:02.003,125,14944
2025-11-03 10:31:02.003,125,14943
2025-11-03 10:31:02.003,125,14943
2025-11-03 10:31:03.001,125,15941
2025-11-03 10:31:03.002,125,15941
2025-11-03 10:31:03.003,125,15940
2025-11-03 10:31:03.003,125,15941
2025-11-03 10:31:03.003,125,13929
2025-11-03 10:31:03.004,125,13929
2025-11-03 10:31:03.004,125,13928
2025-11-03 10:31:03.004,125,13929
2025-11-03 10:31:04.001,128,14926
2025-11-03 10:31:04.002,128,14925
2025-11-03 10:31:04.002,128,14925
2025-11-03 10:31:04.002,128,14926
2025-11-03 10:31:04.003,128,14926
2025-11-03 10:31:04.003,128,13934
2025-11-03 10:31:04.003,128,13935
2025-11-03 10:31:04.003,128,13934
2025-11-03 10:31:05.001,120,14932
2025-11-03 10:31:05.001,120,14932
2025-11-03 10:31:05.002,120,14932
2025-11-03 10:31:05.002,120,14932
2025-11-03 10:31:05.003,120,14932
2025-11-03 10:31:05.003,120,14931
2025-11-03 10:31:05.003,120,14932
2025-11-03 10:31:05.003,120,13945
2025-11-03 10:31:06.001,123,14943
2025-11-03 10:31:06.002,123,14943
2025-11-03 10:31:06.002,123,14943
2025-11-03 10:31:06.002,123,14943
2025-11-03 10:31:06.003,123,14943
2025-11-03 10:31:06.003,123,14943
2025-11-03 10:31:06.003,123,14943
2025-11-03 10:31:06.004,123,14943
2025-11-03 10:31:07.000,123,15940
2025-11-03 10:31:07.001,123,14914
2025-11-03 10:31:07.001,123,14914
2025-11-03 10:31:07.001,123,14915
2025-11-03 10:31:07.002,123,14915
2025-11-03 10:31:07.002,123,14914
2025-11-03 10:31:07.002,123,14915
2025-11-03 10:31:07.003,123,14915
2025-11-03 10:31:08.001,126,15914
2025-11-03 10:31:08.002,126,15914
2025-11-03 10:31:08.003,126,15914
2025-11-03 10:31:08.003,126,15851
2025-11-03 10:31:08.003,126,15852
2025-11-03 10:31:08.003,126,15852
2025-11-03 10:31:08.004,126,15852
2025-11-03 10:31:08.004,126,15851
2025-11-03 10:31:09.000,126,16848
2025-11-03 10:31:09.000,126,16847
2025-11-03 10:31:09.001,126,16847
2025-11-03 10:31:09.001,126,16847
2025-11-03 10:31:09.001,126,16848
2025-11-03 10:31:09.002,126,15909
2025-11-03 10:31:09.002,126,15909
2025-11-03 10:31:09.002,126,15910
2025-11-03 10:31:10.000,114,16908
2025-11-03 10:31:10.001,114,16908
2025-11-03 10:31:10.001,114,16908
2025-11-03 10:31:10.001,114,16908
2025-11-03 10:31:10.002,114,16908
2025-11-03 10:31:10.002,114,16908
2025-11-03 10:31:10.002,114,16909
2025-11-03 10:31:10.002,114,15939
2025-11-03 10:31:11.000,114,16936
2025-11-03 10:31:11.001,114,16936
2025-11-03 10:31:11.001,114,16935
2025-11-03 10:31:11.002,114,16936
2025-11-03 10:31:11.002,114,16937
2025-11-03 10:31:11.002,114,16936
2025-11-03 10:31:11.003,114,16936
2025-11-03 10:31:11.003,114,16936
2025-11-03 10:31:12.000,110,17934
2025-11-03 10:31:12.001,110,15936
2025-11-03 10:31:12.001,110,15936
2025-11-03 10:31:12.002,110,15936
2025-11-03 10:31:12.002,110,15937
2025-11-03 10:31:12.002,110,15936
2025-11-03 10:31:12.002,110,15936
2025-11-03 10:31:12.003,110,15936
2025-11-03 10:31:13.002,110,16936
2025-11-03 10:31:13.003,110,16936
2025-11-03 10:31:13.003,110,16936
2025-11-03 10:31:13.003,110,15927
2025-11-03 10:31:13.003,110,15927
2025-11-03 10:31:13.003,110,15927
2025-11-03 10:31:13.004,110,15927
2025-11-03 10:31:13.004,110,15927
2025-11-03 10:31:14.000,110,16923
2025-11-03 10:31:14.001,110,16923
2025-11-03 10:31:14.001,110,16922
2025-11-03 10:31:14.001,110,16923
2025-11-03 10:31:14.002,110,16923
2025-11-03 10:31:14.002,110,15929
2025-11-03 10:31:14.002,110,15929
2025-11-03 10:31:14.002,110,15929
2025-11-03 10:31:15.001,111,16928
2025-11-03 10:31:15.001,111,16928
2025-11-03 10:31:15.002,111,16928
2025-11-03 10:31:15.002,111,16927
2025-11-03 10:31:15.002,111,16926
2025-11-03 10:31:15.003,111,16926
2025-11-03 10:31:15.003,111,16926
2025-11-03 10:31:15.003,111,14929
2025-11-03 10:31:16.000,109,15925
2025-11-03 10:31:16.001,109,15925
2025-11-03 10:31:16.002,109,15925
2025-11-03 10:31:16.002,109,15925
2025-11-03 10:31:16.002,109,15926
2025-11-03 10:31:16.002,109,15926
2025-11-03 10:31:16.003,109,15926
2025-11-03 10:31:16.003,109,15925
2025-11-03 10:31:17.001,109,16924
2025-11-03 10:31:17.001,109,16924
2025-11-03 10:31:17.002,109,15892
2025-11-03 10:31:17.002,109,15893
2025-11-03 10:31:17.002,109,15892
2025-11-03 10:31:17.003,109,15892
2025-11-03 10:31:17.003,109,15892
2025-11-03 10:31:17.003,109,15893
2025-11-03 10:31:18.000,113,16889
2025-11-03 10:31:18.001,113,16889
2025-11-03 10:31:18.002,113,16883
2025-11-03 10:31:18.002,113,16884
2025-11-03 10:31:18.002,113,16885
2025-11-03 10:31:18.002,113,14952
2025-11-03 10:31:18.003,113,14952
2025-11-03 10:31:18.003,113,14952
2025-11-03 10:31:19.001,112,15951
2025-11-03 10:31:19.001,112,15950
2025-11-03 10:31:19.002,112,15950
2025-11-03 10:31:19.002,112,15949
2025-11-03 10:31:19.002,112,15950
2025-11-03 10:31:19.002,112,15950
2025-11-03 10:31:19.002,112,15950
2025-11-03 10:31:19.009,112,15950
2025-11-03 10:31:20.000,112,14947
2025-11-03 10:31:20.000,112,14946
2025-11-03 10:31:20.000,112,14946
2025-11-03 10:31:20.001,112,14946
2025-11-03 10:31:20.001,112,14947
2025-11-03 10:31:20.001,112,14946
2025-11-03 10:31:20.001,112,14945
2025-11-03 10:31:20.002,112,14945
2025-11-03 10:31:21.000,115,15944
2025-11-03 10:31:21.001,115,15944
2025-11-03 10:31:21.001,115,15944
2025-11-03 10:31:21.001,115,13939
2025-11-03 10:31:21.002,115,13939
2025-11-03 10:31:21.002,115,13940
2025-11-03 10:31:21.002,115,13940
2025-11-03 10:31:21.002,115,13939
2025-11-03 10:31:22.001,115,14938
2025-11-03 10:31:22.002,115,14938
2025-11-03 10:31:22.002,115,14937
2025-11-03 10:31:22.002,115,14938
2025-11-03 10:31:22.002,115,14938
2025-11-03 10:31:22.003,115,14938
2025-11-03 10:31:22.003,115,12948
2025-11-03 10:31:22.003,115,12948
2025-11-03 10:31:23.000,113,13944
2025-11-03 10:31:23.000,113,13944
2025-11-03 10:31:23.001,113,13944
2025-11-03 10:31:23.001,113,13945
2025-11-03 10:31:23.002,113,13945
2025-11-03 10:31:23.002,113,13945
2025-11-03 10:31:23.002,113,13945
2025-11-03 10:31:23.002,113,13944
2025-11-03 10:31:24.000,126,14942
2025-11-03 10:31:24.001,126,14942
2025-11-03 10:31:24.001,126,12941
2025-11-03 10:31:24.002,126,12942
2025-11-03 10:31:24.002,126,12943
2025-11-03 10:31:24.002,126,12943
2025-11-03 10:31:24.003,126,12942
2025-11-03 10:31:24.003,126,12942
2025-11-03 10:31:25.001,139,13941
2025-11-03 10:31:25.001,139,13941
2025-11-03 10:31:25.002,139,13941
2025-11-03 10:31:25.002,139,13940
2025-11-03 10:31:25.002,139,13941
2025-11-03 10:31:25.003,139,13941
2025-11-03 10:31:25.003,139,12913
2025-11-03 10:31:25.003,139,12913
2025-11-03 10:31:26.000,143,13910
2025-11-03 10:31:26.001,143,13909
2025-11-03 10:31:26.001,143,13909
2025-11-03 10:31:26.001,143,13910
2025-11-03 10:31:26.001,143,13910
2025-11-03 10:31:26.002,143,13909
2025-11-03 10:31:26.002,143,13909
2025-11-03 10:31:26.002,143,13910
2025-11-03 10:31:27.000,166,14908
2025-11-03 10:31:27.001,166,14908
2025-11-03 10:31:27.001,166,12942
2025-11-03 10:31:27.001,166,12943
2025-11-03 10:31:27.002,166,12942
2025-11-03 10:31:27.002,166,12942
2025-11-03 10:31:27.002,166,12943
2025-11-03 10:31:27.002,166,12942
2025-11-03 10:31:28.000,174,13940
2025-11-03 10:31:28.001,174,13939
2025-11-03 10:31:28.002,174,13939
2025-11-03 10:31:28.002,174,13940
2025-11-03 10:31:28.002,174,13941
2025-11-03 10:31:28.002,174,13941
2025-11-03 10:31:28.003,174,13941
2025-11-03 10:31:28.003,174,12913
2025-11-03 10:31:29.000,184,13911
2025-11-03 10:31:29.001,184,13911
2025-11-03 10:31:29.001,184,13911
2025-11-03 10:31:29.002,184,13911
2025-11-03 10:31:29.002,184,13911
2025-11-03 10:31:29.002,184,13912
2025-11-03 10:31:29.002,184,13911
2025-11-03 10:31:29.003,184,13911
2025-11-03 10:31:30.001,191,14909
2025-11-03 10:31:30.002,191,14909
2025-11-03 10:31:30.002,191,14909
2025-11-03 10:31:30.002,191,14910
2025-11-03 10:31:30.003,191,12927
2025-11-03 10:31:30.003,191,12926
2025-11-03 10:31:30.003,191,12927
2025-11-03 10:31:30.003,191,12927
2025-11-03 10:31:31.001,191,13925
2025-11-03 10:31:31.001,191,13925
2025-11-03 10:31:31.002,191,13924
2025-11-03 10:31:31.002,191,13924
2025-11-03 10:31:31.002,191,13925
2025-11-03 10:31:31.003,191,13924
2025-11-03 10:31:31.003,191,13924
2025-11-03 10:31:31.003,191,13925
2025-11-03 10:31:32.001,188,14923
2025-11-03 10:31:32.002,188,13915
2025-11-03 10:31:32.002,188,13915
2025-11-03 10:31:32.003,188,13916
2025-11-03 10:31:32.003,188,13916
2025-11-03 10:31:32.003,188,13916
2025-11-03 10:31:32.003,188,13916
2025-11-03 10:31:32.004,188,13916
2025-11-03 10:31:33.001,193,14913
2025-11-03 10:31:33.002,193,14913
2025-11-03 10:31:33.002,193,14912
2025-11-03 10:31:33.002,193,14913
2025-11-03 10:31:33.003,193,14913
2025-11-03 10:31:33.003,193,14914
2025-11-03 10:31:33.004,193,12937
2025-11-03 10:31:33.004,193,12937
2025-11-03 10:31:34.001,193,13935
2025-11-03 10:31:34.001,193,13934
2025-11-03 10:31:34.002,193,13934
2025-11-03 10:31:34.002,193,13934
2025-11-03 10:31:34.002,193,13934
2025-11-03 10:31:34.003,193,13934
2025-11-03 10:31:34.003,193,13935
2025-11-03 10:31:34.003,193,13933
2025-11-03 10:31:35.001,189,14931
2025-11-03 10:31:35.001,189,14931
2025-11-03 10:31:35.001,189,14931
2025-11-03 10:31:35.001,189,12935
2025-11-03 10:31:35.002,189,12935
2025-11-03 10:31:35.002,189,12936
2025-11-03 10:31:35.002,189,12936
2025-11-03 10:31:35.003,189,12936
2025-11-03 10:31:36.001,181,13935
2025-11-03 10:31:36.002,181,13934
2025-11-03 10:31:36.002,181,13933
2025-11-03 10:31:36.002,181,13934
2025-11-03 10:31:36.003,181,13933
2025-11-03 10:31:36.003,181,13934
2025-11-03 10:31:36.004,181,13934
2025-11-03 10:31:36.004,181,13934
2025-11-03 10:31:37.000,181,13900
2025-11-03 10:31:37.001,181,13900
2025-11-03 10:31:37.001,181,13900
2025-11-03 10:31:37.001,181,13901
2025-11-03 10:31:37.002,181,13901
2025-11-03 10:31:37.002,181,13901
2025-11-03 10:31:37.002,181,13901
2025-11-03 10:31:37.003,181,13901
2025-11-03 10:31:38.001,190,14899
2025-11-03 10:31:38.001,190,14899
2025-11-03 10:31:38.001,190,14899
2025-11-03 10:31:38.001,190,14899
2025-11-03 10:31:38.002,190,14899
2025-11-03 10:31:38.002,190,14899
2025-11-03 10:31:38.002,190,14833
2025-11-03 10:31:38.002,190,14833
2025-11-03 10:31:39.001,193,15832
2025-11-03 10:31:39.001,193,15830
2025-11-03 10:31:39.002,193,15829
2025-11-03 10:31:39.002,193,15830
2025-11-03 10:31:39.002,193,15830
2025-11-03 10:31:39.003,193,15830
2025-11-03 10:31:39.003,193,15830
2025-11-03 10:31:39.003,193,15831
2025-11-03 10:31:40.000,193,16828
2025-11-03 10:31:40.001,193,16828
2025-11-03 10:31:40.001,193,16827
2025-11-03 10:31:40.001,193,16828
2025-11-03 10:31:40.001,193,15885
2025-11-03 10:31:40.002,193,15885
2025-11-03 10:31:40.002,193,15885
2025-11-03 10:31:40.002,193,15885
2025-11-03 10:31:41.001,188,16884
2025-11-03 10:31:41.001,188,16884
2025-11-03 10:31:41.001,188,16884
2025-11-03 10:31:41.002,188,16883
2025-11-03 10:31:41.002,188,16883
2025-11-03 10:31:41.002,188,16884
2025-11-03 10:31:41.002,188,16884
2025-11-03 10:31:41.002,188,16884
2025-11-03 10:31:42.001,185,17883
2025-11-03 10:31:42.002,185,17883
2025-11-03 10:31:42.007,185,16927
2025-11-03 10:31:42.007,185,16927
2025-11-03 10:31:42.008,185,16932
2025-11-03 10:31:42.008,185,16932
2025-11-03 10:31:42.008,185,16932
2025-11-03 10:31:42.008,185,16931
2025-11-03 10:31:43.001,186,17924
2025-11-03 10:31:43.002,186,17924
2025-11-03 10:31:43.002,186,17924
2025-11-03 10:31:43.002,186,17925
2025-11-03 10:31:43.003,186,17925
2025-11-03 10:31:43.003,186,17925
2025-11-03 10:31:43.004,186,17926
2025-11-03 10:31:43.004,186,17926
2025-11-03 10:31:44.001,172,18864
2025-11-03 10:31:44.001,172,18862
2025-11-03 10:31:44.001,172,18862
2025-11-03 10:31:44.002,172,18862
2025-11-03 10:31:44.002,172,18862
2025-11-03 10:31:44.002,172,18861
2025-11-03 10:31:44.003,172,18861
2025-11-03 10:31:44.003,172,18862
2025-11-03 10:31:45.001,172,19860
2025-11-03 10:31:45.001,172,19860
2025-11-03 10:31:45.002,172,19860
2025-11-03 10:31:45.002,172,19860
2025-11-03 10:31:45.002,172,19861
2025-11-03 10:31:45.002,172,19861
2025-11-03 10:31:45.003,172,18900
2025-11-03 10:31:45.003,172,18900
2025-11-03 10:31:46.001,172,19899
2025-11-03 10:31:46.001,172,19899
2025-11-03 10:31:46.002,172,19899
2025-11-03 10:31:46.002,172,19899
2025-11-03 10:31:46.003,172,19900
2025-11-03 10:31:46.003,172,19900
2025-11-03 10:31:46.003,172,19900
2025-11-03 10:31:46.003,172,19900
2025-11-03 10:31:47.001,172,20897
2025-11-03 10:31:47.001,172,20897
2025-11-03 10:31:47.002,172,20897
2025-11-03 10:31:47.002,172,19940
2025-11-03 10:31:47.003,172,19940
2025-11-03 10:31:47.003,172,19939
2025-11-03 10:31:47.003,172,19940
2025-11-03 10:31:47.003,172,19940
2025-11-03 10:31:48.001,176,20938
2025-11-03 10:31:48.001,176,20938
2025-11-03 10:31:48.001,176,20937
2025-11-03 10:31:48.002,176,20937
2025-11-03 10:31:48.002,176,20936
2025-11-03 10:31:48.003,176,20937
2025-11-03 10:31:48.003,176,20937
2025-11-03 10:31:48.003,176,20938
2025-11-03 10:31:49.001,173,21874
2025-11-03 10:31:49.002,173,21874
2025-11-03 10:31:49.002,173,21874
2025-11-03 10:31:49.003,173,21874
2025-11-03 10:31:49.003,173,21874
2025-11-03 10:31:49.003,173,21874
2025-11-03 10:31:49.003,173,21874
2025-11-03 10:31:49.004,173,21874
2025-11-03 10:31:50.001,184,22872
2025-11-03 10:31:50.002,184,22872
2025-11-03 10:31:50.002,184,22872
2025-11-03 10:31:50.003,184,22873
2025-11-03 10:31:50.003,184,22874
2025-11-03 10:31:50.004,184,21893
2025-11-03 10:31:50.004,184,21894
2025-11-03 10:31:50.004,184,21893
2025-11-03 10:31:51.000,171,22889
2025-11-03 10:31:51.001,171,22888
2025-11-03 10:31:51.001,171,22888
2025-11-03 10:31:51.001,171,22889
2025-11-03 10:31:51.002,171,22889
2025-11-03 10:31:51.002,171,22889
2025-11-03 10:31:51.002,171,22890
2025-11-03 10:31:51.003,171,22889
2025-11-03 10:31:52.001,171,23888
2025-11-03 10:31:52.001,171,23888
2025-11-03 10:31:52.002,171,22920
2025-11-03 10:31:52.002,171,22921
2025-11-03 10:31:52.002,171,22921
2025-11-03 10:31:52.003,171,22921
2025-11-03 10:31:52.003,171,22921
2025-11-03 10:31:52.003,171,22921
2025-11-03 10:31:53.000,169,23918
2025-11-03 10:31:53.000,169,23918
2025-11-03 10:31:53.000,169,23918
2025-11-03 10:31:53.001,169,23917
2025-11-03 10:31:53.001,169,23918
2025-11-03 10:31:53.002,169,23918
2025-11-03 10:31:53.002,169,23917
2025-11-03 10:31:53.002,169,21945
2025-11-03 10:31:54.000,166,22942
2025-11-03 10:31:54.000,166,22942
2025-11-03 10:31:54.001,166,22942
2025-11-03 10:31:54.001,166,22943
2025-11-03 10:31:54.001,166,22943
2025-11-03 10:31:54.002,166,22942
2025-11-03 10:31:54.002,166,22942
2025-11-03 10:31:54.002,166,22942
2025-11-03 10:31:55.001,158,23940
2025-11-03 10:31:55.001,158,23940
2025-11-03 10:31:55.002,158,23940
2025-11-03 10:31:55.002,158,23940
2025-11-03 10:31:55.003,158,23870
2025-11-03 10:31:55.003,158,23869
2025-11-03 10:31:55.003,158,23870
2025-11-03 10:31:55.003,158,23869
2025-11-03 10:31:56.000,152,24866
2025-11-03 10:31:56.001,152,24866
2025-11-03 10:31:56.002,152,24866
2025-11-03 10:31:56.002,152,24866
2025-11-03 10:31:56.003,152,24867
2025-11-03 10:31:56.003,152,24866
2025-11-03 10:31:56.003,152,24867
2025-11-03 10:31:56.003,152,24867
2025-11-03 10:31:57.001,152,25865
2025-11-03 10:31:57.001,152,22934
2025-11-03 10:31:57.002,152,22934
2025-11-03 10:31:57.002,152,22933
2025-11-03 10:31:57.002,152,22934
2025-11-03 10:31:57.003,152,22933
2025-11-03 10:31:57.003,152,22933
2025-11-03 10:31:57.003,152,22934
2025-11-03 10:31:58.000,147,23931
2025-11-03 10:31:58.001,147,23930
2025-11-03 10:31:58.002,147,23930
2025-11-03 10:31:58.003,147,23931
2025-11-03 10:31:58.003,147,23932
2025-11-03 10:31:58.003,147,22910
2025-11-03 10:31:58.004,147,22909
2025-11-03 10:31:58.004,147,22909
2025-11-03 10:31:59.001,164,23906
2025-11-03 10:31:59.001,164,23906
2025-11-03 10:31:59.001,164,23906
2025-11-03 10:31:59.002,164,23905
2025-11-03 10:31:59.002,164,23905
2025-11-03 10:31:59.002,164,23906
2025-11-03 10:31:59.002,164,23906
2025-11-03 10:31:59.003,164,23906
2025-11-03 10:32:00.001,164,22942
2025-11-03 10:32:00.002,164,22942
2025-11-03 10:32:00.002,164,22942
2025-11-03 10:32:00.002,164,22942
2025-11-03 10:32:00.002,164,22942
2025-11-03 10:32:00.003,164,22942
2025-11-03 10:32:00.003,164,22942
2025-11-03 10:32:00.003,164,22942
2025-11-03 10:32:01.001,155,23940
2025-11-03 10:32:01.001,155,23940
2025-11-03 10:32:01.002,155,23940
2025-11-03 10:32:01.002,155,22905
2025-11-03 10:32:01.002,155,22905
2025-11-03 10:32:01.002,155,22905
2025-11-03 10:32:01.003,155,22904
2025-11-03 10:32:01.003,155,22905
2025-11-03 10:32:02.001,157,23903
2025-11-03 10:32:02.002,157,23903
2025-11-03 10:32:02.002,157,23902
2025-11-03 10:32:02.002,157,23903
2025-11-03 10:32:02.002,157,23903
2025-11-03 10:32:02.003,157,23903
2025-11-03 10:32:02.003,157,21923
2025-11-03 10:32:02.003,157,21923
2025-11-03 10:32:03.000,155,22920
2025-11-03 10:32:03.001,155,22919
2025-11-03 10:32:03.001,155,22919
2025-11-03 10:32:03.001,155,22920
2025-11-03 10:32:03.002,155,22919
2025-11-03 10:32:03.002,155,22919
2025-11-03 10:32:03.002,155,22920
2025-11-03 10:32:03.002,155,22920
2025-11-03 10:32:04.000,155,23918
2025-11-03 10:32:04.001,155,21933
2025-11-03 10:32:04.001,155,21933
2025-11-03 10:32:04.001,155,21934
2025-11-03 10:32:04.001,155,21934
2025-11-03 10:32:04.002,155,21933
2025-11-03 10:32:04.002,155,21934
2025-11-03 10:32:04.002,155,21933
2025-11-03 10:32:05.001,162,22932
2025-11-03 10:32:05.002,162,22932
2025-11-03 10:32:05.002,162,22932
2025-11-03 10:32:05.002,162,22933
2025-11-03 10:32:05.002,162,20938
2025-11-03 10:32:05.003,162,20938
2025-11-03 10:32:05.003,162,20938
2025-11-03 10:32:05.003,162,20938
2025-11-03 10:32:06.001,164,21935
2025-11-03 10:32:06.001,164,21934
2025-11-03 10:32:06.001,164,21935
2025-11-03 10:32:06.002,164,21934
2025-11-03 10:32:06.002,164,21935
2025-11-03 10:32:06.002,164,21935
2025-11-03 10:32:06.003,164,21935
2025-11-03 10:32:06.003,164,20918
2025-11-03 10:32:07.000,164,21916
2025-11-03 10:32:07.000,164,21916
2025-11-03 10:32:07.000,164,21916
2025-11-03 10:32:07.001,164,21915
2025-11-03 10:32:07.001,164,21914
2025-11-03 10:32:07.001,164,21914
2025-11-03 10:32:07.002,164,21914
2025-11-03 10:32:07.002,164,21914
2025-11-03 10:32:08.001,172,22914
2025-11-03 10:32:08.001,172,22914
2025-11-03 10:32:08.001,172,20933
2025-11-03 10:32:08.002,172,20933
2025-11-03 10:32:08.002,172,20934
2025-11-03 10:32:08.002,172,20933
2025-11-03 10:32:08.003,172,20933
2025-11-03 10:32:08.003,172,20933
2025-11-03 10:32:09.001,172,21932
2025-11-03 10:32:09.002,172,21931
2025-11-03 10:32:09.002,172,21931
2025-11-03 10:32:09.002,172,21932
2025-11-03 10:32:09.003,172,21932
2025-11-03 10:32:09.003,172,19942
2025-11-03 10:32:09.003,172,19943
2025-11-03 10:32:09.003,172,19943
2025-11-03 10:32:10.001,166,20940
2025-11-03 10:32:10.001,166,20940
2025-11-03 10:32:10.002,166,20939
2025-11-03 10:32:10.002,166,20939
2025-11-03 10:32:10.002,166,20939
2025-11-03 10:32:10.002,166,20939
2025-11-03 10:32:10.003,166,20939
2025-11-03 10:32:10.003,166,20940
2025-11-03 10:32:11.000,163,20910
2025-11-03 10:32:11.001,163,20909
2025-11-03 10:32:11.001,163,20909
2025-11-03 10:32:11.002,163,20910
2025-11-03 10:32:11.002,163,20911
2025-11-03 10:32:11.003,163,20910
2025-11-03 10:32:11.003,163,20910
2025-11-03 10:32:11.003,163,20911
2025-11-03 10:32:12.001,170,21908
2025-11-03 10:32:12.001,170,21908
2025-11-03 10:32:12.001,170,21908
2025-11-03 10:32:12.002,170,19908
2025-11-03 10:32:12.002,170,19908
2025-11-03 10:32:12.002,170,19908
2025-11-03 10:32:12.002,170,19908
2025-11-03 10:32:12.003,170,19908
2025-11-03 10:32:13.001,172,20907
2025-11-03 10:32:13.002,172,20907
2025-11-03 10:32:13.002,172,20906
2025-11-03 10:32:13.003,172,20906
2025-11-03 10:32:13.003,172,20906
2025-11-03 10:32:13.004,172,20907
2025-11-03 10:32:13.004,172,17948
2025-11-03 10:32:13.004,172,17949
2025-11-03 10:32:14.000,174,18945
2025-11-03 10:32:14.001,174,18944
2025-11-03 10:32:14.001,174,18944
2025-11-03 10:32:14.002,174,18945
2025-11-03 10:32:14.002,174,18945
2025-11-03 10:32:14.002,174,18946
2025-11-03 10:32:14.002,174,18946
2025-11-03 10:32:14.003,174,18946
2025-11-03 10:32:15.001,176,17951
2025-11-03 10:32:15.002,176,17950
2025-11-03 10:32:15.002,176,17950
2025-11-03 10:32:15.003,176,17951
2025-11-03 10:32:15.003,176,17951
2025-11-03 10:32:15.004,176,17951
2025-11-03 10:32:15.004,176,17951
2025-11-03 10:32:15.004,176,17951
2025-11-03 10:32:16.000,176,18947
2025-11-03 10:32:16.001,176,18946
2025-11-03 10:32:16.001,176,18946
2025-11-03 10:32:16.001,176,18879
2025-11-03 10:32:16.002,176,18879
2025-11-03 10:32:16.002,176,18879
2025-11-03 10:32:16.002,176,18880
2025-11-03 10:32:16.002,176,18879
2025-11-03 10:32:17.001,170,19878
2025-11-03 10:32:17.002,170,19878
2025-11-03 10:32:17.002,170,19877
2025-11-03 10:32:17.002,170,19877
2025-11-03 10:32:17.003,170,19877
2025-11-03 10:32:17.003,170,19877
2025-11-03 10:32:17.003,170,18903
2025-11-03 10:32:17.003,170,18903
2025-11-03 10:32:18.001,170,19901
2025-11-03 10:32:18.002,170,19900
2025-11-03 10:32:18.002,170,19900
2025-11-03 10:32:18.002,170,19901
2025-11-03 10:32:18.002,170,19900
2025-11-03 10:32:18.003,170,19900
2025-11-03 10:32:18.003,170,19900
2025-11-03 10:32:18.003,170,19901
2025-11-03 10:32:19.000,171,20898
2025-11-03 10:32:19.001,171,18923
2025-11-03 10:32:19.001,171,18923
2025-11-03 10:32:19.001,171,18923
2025-11-03 10:32:19.002,171,18923
2025-11-03 10:32:19.002,171,18923
2025-11-03 10:32:19.002,171,18924
2025-11-03 10:32:19.002,171,18924
2025-11-03 10:32:20.001,171,19923
2025-11-03 10:32:20.002,171,19923
2025-11-03 10:32:20.003,171,19923
2025-11-03 10:32:20.003,171,18948
2025-11-03 10:32:20.003,171,18948
2025-11-03 10:32:20.004,171,18948
2025-11-03 10:32:20.004,171,18949
2025-11-03 10:32:20.005,171,18949
2025-11-03 10:32:21.001,168,19945
2025-11-03 10:32:21.001,168,19945
2025-11-03 10:32:21.002,168,19944
2025-11-03 10:32:21.002,168,19944
2025-11-03 10:32:21.002,168,19945
2025-11-03 10:32:21.003,168,18928
2025-11-03 10:32:21.003,168,18928
2025-11-03 10:32:21.003,168,18929
2025-11-03 10:32:22.001,168,19927
2025-11-03 10:32:22.001,168,19927
2025-11-03 10:32:22.002,168,19926
2025-11-03 10:32:22.002,168,19926
2025-11-03 10:32:22.002,168,19925
2025-11-03 10:32:22.003,168,19925
2025-11-03 10:32:22.003,168,19925
2025-11-03 10:32:22.003,168,19926
2025-11-03 10:32:22.999,160,19925
2025-11-03 10:32:23.000,160,19925
2025-11-03 10:32:23.001,160,19924
2025-11-03 10:32:23.001,160,19925
2025-11-03 10:32:23.001,160,19925
2025-11-03 10:32:23.001,160,19924
2025-11-03 10:32:23.001,160,19924
2025-11-03 10:32:23.002,160,19924
2025-11-03 10:32:24.001,154,20924
2025-11-03 10:32:24.001,154,20924
2025-11-03 10:32:24.001,154,20924
2025-11-03 10:32:24.002,154,19906
2025-11-03 10:32:24.002,154,19906
2025-11-03 10:32:24.002,154,19906
2025-11-03 10:32:24.002,154,19906
2025-11-03 10:32:24.003,154,19906
2025-11-03 10:32:25.001,154,20905
2025-11-03 10:32:25.001,154,20903
2025-11-03 10:32:25.002,154,20903
2025-11-03 10:32:25.002,154,20904
2025-11-03 10:32:25.003,154,20904
2025-11-03 10:32:25.003,154,20904
2025-11-03 10:32:25.003,154,19910
2025-11-03 10:32:25.003,154,19910
2025-11-03 10:32:26.000,158,20907
2025-11-03 10:32:26.001,158,20907
2025-11-03 10:32:26.002,158,20906
2025-11-03 10:32:26.002,158,20905
2025-11-03 10:32:26.002,158,20906
2025-11-03 10:32:26.002,158,20903
2025-11-03 10:32:26.003,158,20903
2025-11-03 10:32:26.003,158,20903
2025-11-03 10:32:27.000,158,20901
2025-11-03 10:32:27.000,158,20901
2025-11-03 10:32:27.001,158,20901
2025-11-03 10:32:27.001,158,20901
2025-11-03 10:32:27.001,158,20901
2025-11-03 10:32:27.001,158,20901
2025-11-03 10:32:27.001,158,20900
2025-11-03 10:32:27.002,158,20900
2025-11-03 10:32:28.000,153,21899
2025-11-03 10:32:28.001,153,21899
2025-11-03 10:32:28.001,153,20916
2025-11-03 10:32:28.002,153,20917
2025-11-03 10:32:28.002,153,20917
2025-11-03 10:32:28.002,153,20918
2025-11-03 10:32:28.002,153,20916
2025-11-03 10:32:28.002,153,20916
2025-11-03 10:32:29.001,154,21914
2025-11-03 10:32:29.001,154,21914
2025-11-03 10:32:29.002,154,21914
2025-11-03 10:32:29.002,154,21914
2025-11-03 10:32:29.002,154,19947
2025-11-03 10:32:29.002,154,19947
2025-11-03 10:32:29.002,154,19946
2025-11-03 10:32:29.003,154,19945
2025-11-03 10:32:30.001,154,20944
2025-11-03 10:32:30.001,154,20944
2025-11-03 10:32:30.001,154,20944
2025-11-03 10:32:30.002,154,20943
2025-11-03 10:32:30.002,154,20943
2025-11-03 10:32:30.002,154,20944
2025-11-03 10:32:30.002,154,19923
2025-11-03 10:32:30.002,154,19923
2025-11-03 10:32:31.000,146,20921
2025-11-03 10:32:31.001,146,20921
2025-11-03 10:32:31.001,146,20920
2025-11-03 10:32:31.002,146,20919
2025-11-03 10:32:31.002,146,20919
2025-11-03 10:32:31.002,146,20918
2025-11-03 10:32:31.003,146,20918
2025-11-03 10:32:31.003,146,20918
2025-11-03 10:32:32.000,140,20911
2025-11-03 10:32:32.001,140,20910
2025-11-03 10:32:32.001,140,20909
2025-11-03 10:32:32.001,140,20910
2025-11-03 10:32:32.002,140,20910
2025-11-03 10:32:32.002,140,20910
2025-11-03 10:32:32.002,140,20911
2025-11-03 10:32:32.003,140,20910
2025-11-03 10:32:33.001,140,21909
2025-11-03 10:32:33.002,140,21909
2025-11-03 10:32:33.003,140,20906
2025-11-03 10:32:33.003,140,20907
2025-11-03 10:32:33.003,140,20906
2025-11-03 10:32:33.003,140,20906
2025-11-03 10:32:33.004,140,20906
2025-11-03 10:32:33.004,140,20905
2025-11-03 10:32:34.000,132,21902
2025-11-03 10:32:34.001,132,21901
2025-11-03 10:32:34.001,132,21901
2025-11-03 10:32:34.001,132,21902
2025-11-03 10:32:34.002,132,20898
2025-11-03 10:32:34.002,132,20898
2025-11-03 10:32:34.002,132,20899
2025-11-03 10:32:34.002,132,20899
2025-11-03 10:32:35.000,135,21896
2025-11-03 10:32:35.001,135,21896
2025-11-03 10:32:35.001,135,21896
2025-11-03 10:32:35.001,135,21896
2025-11-03 10:32:35.002,135,21896
2025-11-03 10:32:35.002,135,21896
2025-11-03 10:32:35.002,135,20897
2025-11-03 10:32:35.002,135,20897
2025-11-03 10:32:36.000,135,21895
2025-11-03 10:32:36.001,135,21895
2025-11-03 10:32:36.001,135,21895
2025-11-03 10:32:36.001,135,21896
2025-11-03 10:32:36.002,135,21895
2025-11-03 10:32:36.002,135,21895
2025-11-03 10:32:36.002,135,21896
2025-11-03 10:32:36.002,135,21896
2025-11-03 10:32:37.000,125,20919
2025-11-03 10:32:37.001,125,20919
2025-11-03 10:32:37.001,125,20919
2025-11-03 10:32:37.002,125,20920
2025-11-03 10:32:37.002,125,20921
2025-11-03 10:32:37.002,125,20920
2025-11-03 10:32:37.002,125,20920
2025-11-03 10:32:37.003,125,20919
2025-11-03 10:32:38.001,125,21918
2025-11-03 10:32:38.002,125,21918
2025-11-03 10:32:38.002,125,20921
2025-11-03 10:32:38.002,125,20922
2025-11-03 10:32:38.002,125,20922
2025-11-03 10:32:38.003,125,20921
2025-11-03 10:32:38.003,125,20921
2025-11-03 10:32:38.003,125,20922
2025-11-03 10:32:39.001,117,21920
2025-11-03 10:32:39.002,117,21919
2025-11-03 10:32:39.002,117,21919
2025-11-03 10:32:39.002,117,21920
2025-11-03 10:32:39.003,117,20908
2025-11-03 10:32:39.003,117,20908
2025-11-03 10:32:39.003,117,20909
2025-11-03 10:32:39.003,117,20909
2025-11-03 10:32:40.001,117,21906
2025-11-03 10:32:40.001,117,21906
2025-11-03 10:32:40.002,117,21906
2025-11-03 10:32:40.002,117,21907
2025-11-03 10:32:40.003,117,21906
2025-11-03 10:32:40.003,117,21906
2025-11-03 10:32:40.003,117,19944
2025-11-03 10:32:40.004,117,19943
2025-11-03 10:32:41.001,107,20941
2025-11-03 10:32:41.001,107,20941
2025-11-03 10:32:41.001,107,20941
2025-11-03 10:32:41.002,107,20940
2025-11-03 10:32:41.002,107,20940
2025-11-03 10:32:41.002,107,20941
2025-11-03 10:32:41.002,107,20941
2025-11-03 10:32:41.003,107,20941
2025-11-03 10:32:42.001,107,19929
2025-11-03 10:32:42.002,107,19929
2025-11-03 10:32:42.002,107,19928
2025-11-03 10:32:42.002,107,19928
2025-11-03 10:32:42.002,107,19928
2025-11-03 10:32:42.003,107,19928
2025-11-03 10:32:42.003,107,19928
2025-11-03 10:32:42.003,107,19928
2025-11-03 10:32:43.001,110,20926
2025-11-03 10:32:43.001,110,20926
2025-11-03 10:32:43.002,110,19905
2025-11-03 10:32:43.002,110,19906
2025-11-03 10:32:43.003,110,19906
2025-11-03 10:32:43.003,110,19906
2025-11-03 10:32:43.003,110,19907
2025-11-03 10:32:43.004,110,19907
2025-11-03 10:32:44.001,115,20904
2025-11-03 10:32:44.001,115,20904
2025-11-03 10:32:44.002,115,20904
2025-11-03 10:32:44.002,115,20904
2025-11-03 10:32:44.003,115,18927
2025-11-03 10:32:44.003,115,18927
2025-11-03 10:32:44.004,115,18928
2025-11-03 10:32:44.004,115,18928
2025-11-03 10:32:45.000,115,19925
2025-11-03 10:32:45.000,115,19923
2025-11-03 10:32:45.001,115,19923
2025-11-03 10:32:45.001,115,19923
2025-11-03 10:32:45.001,115,19923
2025-11-03 10:32:45.002,115,19923
2025-11-03 10:32:45.002,115,17932
2025-11-03 10:32:45.002,115,17932
2025-11-03 10:32:46.001,108,18930
2025-11-03 10:32:46.001,108,18930
2025-11-03 10:32:46.001,108,18930
2025-11-03 10:32:46.002,108,18929
2025-11-03 10:32:46.002,108,18928
2025-11-03 10:32:46.002,108,18929
2025-11-03 10:32:46.002,108,18929
2025-11-03 10:32:46.002,108,18929
2025-11-03 10:32:47.001,100,18922
2025-11-03 10:32:47.002,100,18922
2025-11-03 10:32:47.002,100,18922
2025-11-03 10:32:47.003,100,18923
2025-11-03 10:32:47.003,100,18923
2025-11-03 10:32:47.003,100,18923
2025-11-03 10:32:47.004,100,18923
2025-11-03 10:32:47.004,100,18923
2025-11-03 10:32:48.000,101,19920
2025-11-03 10:32:48.001,101,19920
2025-11-03 10:32:48.001,101,16943
2025-11-03 10:32:48.002,101,16944
2025-11-03 10:32:48.002,101,16944
2025-11-03 10:32:48.002,101,16945
2025-11-03 10:32:48.002,101,16944
2025-11-03 10:32:48.003,101,16944
2025-11-03 10:32:49.000,101,17941
2025-11-03 10:32:49.001,101,17940
2025-11-03 10:32:49.001,101,17940
2025-11-03 10:32:49.002,101,17941
2025-11-03 10:32:49.002,101,14947
2025-11-03 10:32:49.002,101,14948
2025-11-03 10:32:49.002,101,14948
2025-11-03 10:32:49.003,101,14947
2025-11-03 10:32:50.001,102,15945
2025-11-03 10:32:50.001,102,15945
2025-11-03 10:32:50.002,102,15945
2025-11-03 10:32:50.002,102,15944
2025-11-03 10:32:50.002,102,15945
2025-11-03 10:32:50.003,102,15945
2025-11-03 10:32:50.003,102,15945
2025-11-03 10:32:50.003,102,13939
2025-11-03 10:32:51.000,102,14936
2025-11-03 10:32:51.000,102,14935
2025-11-03 10:32:51.001,102,14935
2025-11-03 10:32:51.001,102,14935
2025-11-03 10:32:51.002,102,14935
2025-11-03 10:32:51.002,102,14935
2025-11-03 10:32:51.002,102,14936
2025-11-03 10:32:51.002,102,14936
2025-11-03 10:32:52.001,99,15935
2025-11-03 10:32:52.001,99,15934
2025-11-03 10:32:52.001,99,13937
2025-11-03 10:32:52.002,99,13937
2025-11-03 10:32:52.002,99,13937
2025-11-03 10:32:52.002,99,13937
2025-11-03 10:32:52.003,99,13936
2025-11-03 10:32:52.003,99,13936
2025-11-03 10:32:52.998,99,14932
2025-11-03 10:32:52.998,99,14932
2025-11-03 10:32:52.999,99,14931
2025-11-03 10:32:52.999,99,14931
2025-11-03 10:32:53.000,99,14932
2025-11-03 10:32:53.000,99,12916
2025-11-03 10:32:53.000,99,12917
2025-11-03 10:32:53.000,99,12916
2025-11-03 10:32:54.000,91,13916
2025-11-03 10:32:54.001,91,13916
2025-11-03 10:32:54.001,91,13916
2025-11-03 10:32:54.002,91,13916
2025-11-03 10:32:54.002,91,13915
2025-11-03 10:32:54.002,91,13915
2025-11-03 10:32:54.003,91,13915
2025-11-03 10:32:54.003,91,13915
2025-11-03 10:32:55.000,89,12911
2025-11-03 10:32:55.001,89,12910
2025-11-03 10:32:55.001,89,12910
2025-11-03 10:32:55.001,89,12911
2025-11-03 10:32:55.001,89,12911
2025-11-03 10:32:55.002,89,12911
2025-11-03 10:32:55.002,89,12911
2025-11-03 10:32:55.002,89,12911
2025-11-03 10:32:56.001,89,13909
2025-11-03 10:32:56.001,89,13909
2025-11-03 10:32:56.002,89,13909
2025-11-03 10:32:56.002,89,13909
2025-11-03 10:32:56.002,89,12943
2025-11-03 10:32:56.003,89,12942
2025-11-03 10:32:56.003,89,12942
2025-11-03 10:32:56.003,89,12943
2025-11-03 10:32:57.000,81,13940
2025-11-03 10:32:57.001,81,13939
2025-11-03 10:32:57.001,81,13939
2025-11-03 10:32:57.002,81,13939
2025-11-03 10:32:57.002,81,13938
2025-11-03 10:32:57.002,81,13939
2025-11-03 10:32:57.002,81,13939
2025-11-03 10:32:57.003,81,13939
2025-11-03 10:32:58.000,80,12932
2025-11-03 10:32:58.001,80,12931
2025-11-03 10:32:58.001,80,12931
2025-11-03 10:32:58.001,80,12932
2025-11-03 10:32:58.001,80,12931
2025-11-03 10:32:58.002,80,12931
2025-11-03 10:32:58.002,80,12930
2025-11-03 10:32:58.002,80,12931
2025-11-03 10:32:59.001,80,13930
2025-11-03 10:32:59.001,80,13930
2025-11-03 10:32:59.002,80,13930
2025-11-03 10:32:59.002,80,13931
2025-11-03 10:32:59.002,80,11925
2025-11-03 10:32:59.003,80,11924
2025-11-03 10:32:59.003,80,11924
2025-11-03 10:32:59.003,80,11925
2025-11-03 10:33:00.001,80,12923
2025-11-03 10:33:00.002,80,12923
2025-11-03 10:33:00.002,80,12922
2025-11-03 10:33:00.003,80,12923
2025-11-03 10:33:00.003,80,12922
2025-11-03 10:33:00.004,80,12923
2025-11-03 10:33:00.004,80,12923
2025-11-03 10:33:00.004,80,12924
2025-11-03 10:33:01.001,80,13921
2025-11-03 10:33:01.001,80,11926
2025-11-03 10:33:01.002,80,11926
2025-11-03 10:33:01.002,80,11926
2025-11-03 10:33:01.002,80,11926
2025-11-03 10:33:01.002,80,11926
2025-11-03 10:33:01.003,80,11926
2025-11-03 10:33:01.003,80,11926
2025-11-03 10:33:02.000,79,12923
2025-11-03 10:33:02.001,79,12922
2025-11-03 10:33:02.001,79,12922
2025-11-03 10:33:02.001,79,12923
2025-11-03 10:33:02.002,79,12923
2025-11-03 10:33:02.002,79,12923
2025-11-03 10:33:02.002,79,10933
2025-11-03 10:33:02.002,79,10933
2025-11-03 10:33:03.000,72,11931
2025-11-03 10:33:03.001,72,11931
2025-11-03 10:33:03.002,72,11931
2025-11-03 10:33:03.002,72,11932
2025-11-03 10:33:03.003,72,11932
2025-11-03 10:33:03.003,72,11931
2025-11-03 10:33:03.003,72,11932
2025-11-03 10:33:03.003,72,11931
2025-11-03 10:33:04.001,72,12929
2025-11-03 10:33:04.001,72,12929
2025-11-03 10:33:04.002,72,12929
2025-11-03 10:33:04.002,72,9946
2025-11-03 10:33:04.002,72,9947
2025-11-03 10:33:04.003,72,9946
2025-11-03 10:33:04.003,72,9946
2025-11-03 10:33:04.003,72,9947
2025-11-03 10:33:05.000,64,10944
2025-11-03 10:33:05.001,64,10943
2025-11-03 10:33:05.001,64,10943
2025-11-03 10:33:05.002,64,10943
2025-11-03 10:33:05.002,64,10943
2025-11-03 10:33:05.002,64,10944
2025-11-03 10:33:05.002,64,10944
2025-11-03 10:33:05.003,64,10944
2025-11-03 10:33:06.000,65,11942
2025-11-03 10:33:06.001,65,8948
2025-11-03 10:33:06.002,65,8948
2025-11-03 10:33:06.002,65,8950
2025-11-03 10:33:06.003,65,8950
2025-11-03 10:33:06.003,65,8950
2025-11-03 10:33:06.003,65,8951
2025-11-03 10:33:06.003,65,8950
2025-11-03 10:33:07.000,65,9946
2025-11-03 10:33:07.001,65,9946
2025-11-03 10:33:07.002,65,9945
2025-11-03 10:33:07.002,65,9946
2025-11-03 10:33:07.003,65,9947
2025-11-03 10:33:07.003,65,9947
2025-11-03 10:33:07.003,65,9948
2025-11-03 10:33:07.003,65,9947
2025-11-03 10:33:08.001,57,8938
2025-11-03 10:33:08.002,57,8937
2025-11-03 10:33:08.003,57,8937
2025-11-03 10:33:08.003,57,8938
2025-11-03 10:33:08.004,57,8939
2025-11-03 10:33:08.004,57,8939
2025-11-03 10:33:08.004,57,8940
2025-11-03 10:33:08.004,57,8939
2025-11-03 10:33:09.001,57,9936
2025-11-03 10:33:09.002,57,9935
2025-11-03 10:33:09.003,57,9935
2025-11-03 10:33:09.003,57,9935
2025-11-03 10:33:09.003,57,9936
2025-11-03 10:33:09.004,57,9936
2025-11-03 10:33:09.004,57,9936
2025-11-03 10:33:09.004,57,9937
2025-11-03 10:33:10.001,45,8948
2025-11-03 10:33:10.001,45,8948
2025-11-03 10:33:10.001,45,8946
2025-11-03 10:33:10.002,45,8946
2025-11-03 10:33:10.002,45,8945
2025-11-03 10:33:10.002,45,8946
2025-11-03 10:33:10.002,45,8946
2025-11-03 10:33:10.002,45,8946
2025-11-03 10:33:11.001,44,9944
2025-11-03 10:33:11.001,44,9944
2025-11-03 10:33:11.002,44,9944
2025-11-03 10:33:11.002,44,9944
2025-11-03 10:33:11.002,44,9945
2025-11-03 10:33:11.003,44,9945
2025-11-03 10:33:11.003,44,9945
2025-11-03 10:33:11.004,44,9945
2025-11-03 10:33:12.001,36,6928
2025-11-03 10:33:12.001,36,6928
2025-11-03 10:33:12.002,36,6928
2025-11-03 10:33:12.002,36,6927
2025-11-03 10:33:12.002,36,6927
2025-11-03 10:33:12.003,36,6927
2025-11-03 10:33:12.003,36,6927
2025-11-03 10:33:12.003,36,6927
2025-11-03 10:33:13.001,48,7925
2025-11-03 10:33:13.001,48,7925
2025-11-03 10:33:13.002,48,7924
2025-11-03 10:33:13.002,48,7925
2025-11-03 10:33:13.002,48,7925
2025-11-03 10:33:13.003,48,7925
2025-11-03 10:33:13.003,48,7925
2025-11-03 10:33:13.004,48,7926
2025-11-03 10:33:14.001,48,8924
2025-11-03 10:33:14.002,48,4951
2025-11-03 10:33:14.003,48,4951
2025-11-03 10:33:14.003,48,4951
2025-11-03 10:33:14.004,48,4952
2025-11-03 10:33:14.004,48,4953
2025-11-03 10:33:14.005,48,4953
2025-11-03 10:33:14.005,48,4954
2025-11-03 10:33:15.001,40,5950
2025-11-03 10:33:15.001,40,5950
2025-11-03 10:33:15.002,40,5949
2025-11-03 10:33:15.002,40,5949
2025-11-03 10:33:15.003,40,5949
2025-11-03 10:33:15.003,40,5948
2025-11-03 10:33:15.004,40,5948
2025-11-03 10:33:15.004,40,5949
2025-11-03 10:33:16.001,32,6946
2025-11-03 10:33:16.001,32,6946
2025-11-03 10:33:16.002,32,6946
2025-11-03 10:33:16.002,32,6947
2025-11-03 10:33:16.002,32,3936
2025-11-03 10:33:16.003,32,3935
2025-11-03 10:33:16.003,32,3934
2025-11-03 10:33:16.003,32,3935
2025-11-03 10:33:17.000,32,4931
2025-11-03 10:33:17.001,32,4930
2025-11-03 10:33:17.001,32,4930
2025-11-03 10:33:17.001,32,4931
2025-11-03 10:33:17.002,32,4931
2025-11-03 10:33:17.002,32,4931
2025-11-03 10:33:17.002,32,4932
2025-11-03 10:33:17.002,32,4932
2025-11-03 10:33:18.001,24,5930
2025-11-03 10:33:18.002,24,5930
2025-11-03 10:33:18.003,24,5930
2025-11-03 10:33:18.003,24,5931
2025-11-03 10:33:18.004,24,5932
2025-11-03 10:33:18.004,24,5932
2025-11-03 10:33:18.004,24,5933
2025-11-03 10:33:18.004,24,5933
2025-11-03 10:33:19.058,8,2
2025-11-03 10:33:19.061,9,5
2025-11-03 10:33:19.062,9,4
2025-11-03 10:33:19.062,9,4
2025-11-03 10:33:19.062,9,5
2025-11-03 10:33:19.063,9,5
2025-11-03 10:33:19.063,9,4
2025-11-03 10:33:19.063,9,5
2025-11-03 10:33:20.001,9,943
2025-11-03 10:33:20.001,9,940
2025-11-03 10:33:20.002,9,939
2025-11-03 10:33:20.002,9,940
2025-11-03 10:33:20.003,9,939
2025-11-03 10:33:20.003,9,939
2025-11-03 10:33:20.003,9,939
2025-11-03 10:33:20.003,9,938
2025-11-03 10:33:21.001,9,1936
2025-11-03 10:33:21.001,9,1935
2025-11-03 10:33:21.002,9,1935
2025-11-03 10:33:21.002,9,1935
2025-11-03 10:33:21.003,9,1936
2025-11-03 10:33:21.003,9,1936
2025-11-03 10:33:21.003,9,1937
2025-11-03 10:33:21.004,9,1937
2025-11-03 10:33:22.002,9,2936
2025-11-03 10:33:24.058,1,1
2025-11-03 10:33:24.061,1,4
2025-11-03 10:33:24.062,1,3
2025-11-03 10:33:24.062,14,3
2025-11-03 10:33:24.062,14,4
2025-11-03 10:33:24.063,14,3
2025-11-03 10:33:24.063,15,3
2025-11-03 10:33:24.064,15,4
2025-11-03 10:33:25.001,15,942
2025-11-03 10:33:25.002,15,942
2025-11-03 10:33:25.002,15,942
2025-11-03 10:33:25.003,15,943
2025-11-03 10:33:25.003,15,944
2025-11-03 10:33:25.003,15,943
2025-11-03 10:33:25.004,15,942
2025-11-03 10:33:25.004,15,942
2025-11-03 10:33:26.000,15,1938
2025-11-03 10:33:26.001,15,1937
2025-11-03 10:33:26.001,15,1936
2025-11-03 10:33:26.001,15,1936
2025-11-03 10:33:26.001,15,1935
2025-11-03 10:33:26.002,15,1935
2025-11-03 10:33:26.002,15,1935
2025-11-03 10:33:26.002,15,1936
2025-11-03 10:33:27.001,14,2935
2025-11-03 10:33:27.002,14,2935
2025-11-03 10:33:27.002,14,2935
2025-11-03 10:33:27.003,14,2936
2025-11-03 10:33:27.003,14,2935
2025-11-03 10:33:27.003,14,2936
2025-11-03 10:33:30.054,6,1
2025-11-03 10:33:30.057,10,4
2025-11-03 10:33:30.058,10,4
2025-11-03 10:33:30.058,10,4
2025-11-03 10:33:30.058,10,5
2025-11-03 10:33:30.059,16,5
2025-11-03 10:33:30.059,16,5
2025-11-03 10:33:30.060,16,5
2025-11-03 10:33:31.001,16,947
2025-11-03 10:33:31.002,16,947
2025-11-03 10:33:31.003,16,947
2025-11-03 10:33:31.003,16,947
2025-11-03 10:33:31.004,16,948
2025-11-03 10:33:31.004,16,948
2025-11-03 10:33:31.004,16,949
2025-11-03 10:33:31.005,16,948
2025-11-03 10:33:32.000,16,1944
2025-11-03 10:33:32.001,16,1943
2025-11-03 10:33:32.001,16,1942
2025-11-03 10:33:32.001,16,1943
2025-11-03 10:33:32.002,16,1942
2025-11-03 10:33:32.002,16,1942
2025-11-03 10:33:32.002,16,1941
2025-11-03 10:33:32.003,16,1940
2025-11-03 10:33:33.001,19,2939
2025-11-03 10:33:33.002,19,2939
2025-11-03 10:33:33.003,19,2939
2025-11-03 10:33:33.004,19,2940
2025-11-03 10:33:33.004,19,2941
2025-11-03 10:33:33.004,19,2942
2025-11-03 10:33:33.004,19,2942
2025-11-03 10:33:33.005,19,2942
2025-11-03 10:33:34.001,19,3939
2025-11-03 10:33:34.002,19,3938
2025-11-03 10:33:34.002,19,3938
2025-11-03 10:33:34.062,19,2
2025-11-03 10:33:34.064,18,3
2025-11-03 10:33:34.064,18,3
2025-11-03 10:33:34.065,18,3
2025-11-03 10:33:34.065,16,3
2025-11-03 10:33:35.000,16,939
2025-11-03 10:33:35.001,16,939
2025-11-03 10:33:35.001,16,939
2025-11-03 10:33:35.001,16,939
2025-11-03 10:33:35.001,16,939
2025-11-03 10:33:35.002,16,939
2025-11-03 10:33:35.002,16,940
2025-11-03 10:33:35.002,16,940
2025-11-03 10:33:36.001,24,1939
2025-11-03 10:33:36.001,24,1938
2025-11-03 10:33:36.002,24,1938
2025-11-03 10:33:36.002,24,1938
2025-11-03 10:33:36.002,24,1938
2025-11-03 10:33:36.003,24,1937
2025-11-03 10:33:36.003,24,1936
2025-11-03 10:33:36.003,24,1937
2025-11-03 10:33:37.001,24,2934
2025-11-03 10:33:37.002,24,2934
2025-11-03 10:33:37.020,24,2933
2025-11-03 10:33:37.020,24,2934
2025-11-03 10:33:37.020,24,2951
2025-11-03 10:33:37.020,24,2951
2025-11-03 10:33:37.020,24,2951
2025-11-03 10:33:37.020,24,2951
2025-11-03 10:33:38.001,24,3932
2025-11-03 10:33:38.002,24,3932
2025-11-03 10:33:38.002,24,3932
2025-11-03 10:33:38.002,24,3933
2025-11-03 10:33:38.003,24,3933
2025-11-03 10:33:38.003,24,3933
2025-11-03 10:33:38.003,24,3933
2025-11-03 10:33:38.004,24,3933
2025-11-03 10:33:39.000,24,1924
2025-11-03 10:33:39.001,24,1924
2025-11-03 10:33:39.001,24,1924
2025-11-03 10:33:39.001,24,1925
2025-11-03 10:33:39.002,24,1925
2025-11-03 10:33:39.002,24,1925
2025-11-03 10:33:39.002,24,1926
2025-11-03 10:33:39.002,24,1926
2025-11-03 10:33:40.001,39,2924
2025-11-03 10:33:40.001,39,2924
2025-11-03 10:33:40.002,39,2924
2025-11-03 10:33:40.002,39,2923
2025-11-03 10:33:40.002,39,2924
2025-11-03 10:33:40.003,39,2924
2025-11-03 10:33:40.003,39,2924
2025-11-03 10:33:40.003,39,2925
2025-11-03 10:33:41.000,31,3920
2025-11-03 10:33:41.001,31,3920
2025-11-03 10:33:41.002,31,3919
2025-11-03 10:33:41.002,31,3920
2025-11-03 10:33:41.002,31,3920
2025-11-03 10:33:41.003,31,3920
2025-11-03 10:33:41.003,31,3919
2025-11-03 10:33:41.003,31,3920
2025-11-03 10:33:42.000,31,4916
2025-11-03 10:33:42.001,31,4916
2025-11-03 10:33:42.001,31,4916
2025-11-03 10:33:42.002,31,4916
2025-11-03 10:33:42.002,31,4916
2025-11-03 10:33:42.002,31,4917
2025-11-03 10:33:42.002,31,4917
2025-11-03 10:33:42.003,31,4917
2025-11-03 10:33:43.000,21,5915
2025-11-03 10:33:43.001,21,5915
2025-11-03 10:33:43.002,21,5915
2025-11-03 10:33:43.002,21,5916
2025-11-03 10:33:43.003,21,5916
2025-11-03 10:33:43.003,21,5916
2025-11-03 10:33:43.003,21,5917
2025-11-03 10:33:43.003,21,939
2025-11-03 10:33:44.001,21,1937
2025-11-03 10:33:44.002,21,1937
2025-11-03 10:33:44.002,21,1936
2025-11-03 10:33:44.002,21,1937
2025-11-03 10:33:44.003,21,1936
2025-11-03 10:33:44.003,21,1936
2025-11-03 10:33:44.004,21,1936
2025-11-03 10:33:44.004,21,1935
2025-11-03 10:33:45.000,40,2932
2025-11-03 10:33:45.000,40,2931
2025-11-03 10:33:45.001,40,2930
2025-11-03 10:33:45.001,40,2931
2025-11-03 10:33:45.001,40,2930
2025-11-03 10:33:45.002,40,2930
2025-11-03 10:33:45.002,40,2929
2025-11-03 10:33:45.002,40,2925
2025-11-03 10:33:46.000,45,3923
2025-11-03 10:33:46.000,45,3923
2025-11-03 10:33:46.001,45,3923
2025-11-03 10:33:46.001,45,3924
2025-11-03 10:33:46.002,45,3924
2025-11-03 10:33:46.002,45,3924
2025-11-03 10:33:46.002,45,3925
2025-11-03 10:33:46.002,45,3925
2025-11-03 10:33:47.000,57,4922
2025-11-03 10:33:47.001,57,4922
2025-11-03 10:33:47.001,57,4922
2025-11-03 10:33:47.002,57,4923
2025-11-03 10:33:47.002,57,4922
2025-11-03 10:33:47.002,57,4923
2025-11-03 10:33:47.002,57,4923
2025-11-03 10:33:47.003,57,4923
2025-11-03 10:33:48.002,59,5923
2025-11-03 10:33:48.003,59,5923
2025-11-03 10:33:48.003,59,5923
2025-11-03 10:33:48.004,59,5924
2025-11-03 10:33:48.004,59,5924
2025-11-03 10:33:48.004,59,5924
2025-11-03 10:33:48.005,59,5924
2025-11-03 10:33:48.005,59,5925
2025-11-03 10:33:49.000,59,3943
2025-11-03 10:33:49.001,59,3943
2025-11-03 10:33:49.002,59,3942
2025-11-03 10:33:49.003,59,3943
2025-11-03 10:33:49.003,59,3944
2025-11-03 10:33:49.003,59,3945
2025-11-03 10:33:49.003,59,3945
2025-11-03 10:33:49.004,59,3945
2025-11-03 10:33:50.001,82,4943
2025-11-03 10:33:50.002,82,4943
2025-11-03 10:33:50.002,82,4942
2025-11-03 10:33:50.002,82,4943
2025-11-03 10:33:50.002,82,4943
2025-11-03 10:33:50.003,82,4943
2025-11-03 10:33:50.003,82,4943
2025-11-03 10:33:50.003,82,4944
2025-11-03 10:33:51.000,90,5941
2025-11-03 10:33:51.001,90,5940
2025-11-03 10:33:51.001,90,5940
2025-11-03 10:33:51.002,90,5941
2025-11-03 10:33:51.002,90,5941
2025-11-03 10:33:51.003,90,5941
2025-11-03 10:33:51.003,90,5940
2025-11-03 10:33:51.003,90,5940
2025-11-03 10:33:52.000,90,6936
2025-11-03 10:33:52.001,90,6936
2025-11-03 10:33:52.001,90,6935
2025-11-03 10:33:52.001,90,6936
2025-11-03 10:33:52.002,90,6935
2025-11-03 10:33:52.002,90,6935
2025-11-03 10:33:52.002,90,6936
2025-11-03 10:33:52.003,90,6936
2025-11-03 10:33:52.998,98,7932
2025-11-03 10:33:52.999,98,7932
2025-11-03 10:33:52.999,98,7932
2025-11-03 10:33:52.999,98,7933
2025-11-03 10:33:52.999,98,7933
2025-11-03 10:33:53.000,98,7933
2025-11-03 10:33:53.000,98,7933
2025-11-03 10:33:53.000,98,7933
2025-11-03 10:33:54.000,98,8933
2025-11-03 10:33:54.001,98,6926
2025-11-03 10:33:54.001,98,6926
2025-11-03 10:33:54.002,98,6926
2025-11-03 10:33:54.002,98,6926
2025-11-03 10:33:54.003,98,6927
2025-11-03 10:33:54.003,98,6927
2025-11-03 10:33:54.003,98,6928
2025-11-03 10:33:55.000,91,7925
2025-11-03 10:33:55.001,91,7925
2025-11-03 10:33:55.001,91,7924
2025-11-03 10:33:55.002,91,7925
2025-11-03 10:33:55.002,91,7925
2025-11-03 10:33:55.002,91,7926
2025-11-03 10:33:55.002,91,7926
2025-11-03 10:33:55.003,91,7926
2025-11-03 10:33:56.001,91,8925
2025-11-03 10:33:56.002,91,8925
2025-11-03 10:33:56.002,91,8924
2025-11-03 10:33:56.002,91,8925
2025-11-03 10:33:56.002,91,8924
2025-11-03 10:33:56.003,91,8924
2025-11-03 10:33:56.003,91,8923
2025-11-03 10:33:56.003,91,8924
2025-11-03 10:33:57.001,104,9922
2025-11-03 10:33:57.002,104,9921
2025-11-03 10:33:57.002,104,9921
2025-11-03 10:33:57.002,104,9921
2025-11-03 10:33:57.002,104,9921
2025-11-03 10:33:57.003,104,9921
2025-11-03 10:33:57.003,104,9922
2025-11-03 10:33:57.003,104,9922
2025-11-03 10:33:58.001,104,10920
2025-11-03 10:33:58.002,104,10920
2025-11-03 10:33:58.002,104,10919
2025-11-03 10:33:58.002,104,10920
2025-11-03 10:33:58.003,104,10920
2025-11-03 10:33:58.003,104,10920
2025-11-03 10:33:58.003,104,10921
2025-11-03 10:33:58.003,104,10921
2025-11-03 10:33:59.001,90,11919
2025-11-03 10:33:59.002,90,11919
2025-11-03 10:33:59.002,90,8923
2025-11-03 10:33:59.002,90,8924
2025-11-03 10:33:59.003,90,8924
2025-11-03 10:33:59.003,90,8925
2025-11-03 10:33:59.003,90,8924
2025-11-03 10:33:59.004,90,8924
2025-11-03 10:34:00.001,108,9922
2025-11-03 10:34:00.002,108,9922
2025-11-03 10:34:00.002,108,9922
2025-11-03 10:34:00.002,108,9923
2025-11-03 10:34:00.002,108,9923
2025-11-03 10:34:00.003,108,9923
2025-11-03 10:34:00.003,108,9923
2025-11-03 10:34:00.003,108,9923
2025-11-03 10:34:01.001,108,10921
2025-11-03 10:34:01.002,108,10921
2025-11-03 10:34:01.002,108,10920
2025-11-03 10:34:01.003,108,10921
2025-11-03 10:34:01.003,108,10921
2025-11-03 10:34:01.003,108,10921
2025-11-03 10:34:01.004,108,10921
2025-11-03 10:34:01.004,108,10920
2025-11-03 10:34:02.000,109,11917
2025-11-03 10:34:02.001,109,11917
2025-11-03 10:34:02.002,109,11916
2025-11-03 10:34:02.002,109,11917
2025-11-03 10:34:02.002,109,11918
2025-11-03 10:34:02.003,109,11917
2025-11-03 10:34:02.003,109,11917
2025-11-03 10:34:02.003,109,11918
2025-11-03 10:34:03.001,109,12916
2025-11-03 10:34:03.001,109,12916
2025-11-03 10:34:03.001,109,12916
2025-11-03 10:34:03.002,109,12916
2025-11-03 10:34:03.002,109,12917
2025-11-03 10:34:03.002,109,12917
2025-11-03 10:34:03.003,109,12917
2025-11-03 10:34:03.003,109,12916
2025-11-03 10:34:04.000,118,13914
2025-11-03 10:34:04.001,118,13914
2025-11-03 10:34:04.001,118,9928
2025-11-03 10:34:04.001,118,9929
2025-11-03 10:34:04.002,118,9929
2025-11-03 10:34:04.002,118,9929
2025-11-03 10:34:04.002,118,9930
2025-11-03 10:34:04.003,118,9930
2025-11-03 10:34:05.000,123,10928
2025-11-03 10:34:05.002,123,10927
2025-11-03 10:34:05.002,123,10927
2025-11-03 10:34:05.004,123,10929
2025-11-03 10:34:05.004,123,10929
2025-11-03 10:34:05.004,123,10930
2025-11-03 10:34:05.005,123,10930
2025-11-03 10:34:05.005,123,10930
2025-11-03 10:34:06.000,123,11926
2025-11-03 10:34:06.001,123,11926
2025-11-03 10:34:06.001,123,11924
2025-11-03 10:34:06.001,123,11924
2025-11-03 10:34:06.002,123,11923
2025-11-03 10:34:06.002,123,11924
2025-11-03 10:34:06.002,123,11923
2025-11-03 10:34:06.002,123,11922
2025-11-03 10:34:07.001,125,12920
2025-11-03 10:34:07.001,125,12920
2025-11-03 10:34:07.001,125,12919
2025-11-03 10:34:07.002,125,12919
2025-11-03 10:34:07.002,125,12919
2025-11-03 10:34:07.003,125,12919
2025-11-03 10:34:07.003,125,12919
2025-11-03 10:34:07.003,125,12920
2025-11-03 10:34:08.000,117,13917
2025-11-03 10:34:08.001,117,13917
2025-11-03 10:34:08.001,117,13917
2025-11-03 10:34:08.002,117,13918
2025-11-03 10:34:08.002,117,13918
2025-11-03 10:34:08.002,117,13918
2025-11-03 10:34:08.003,117,13917
2025-11-03 10:34:08.003,117,13917
2025-11-03 10:34:09.001,117,10937
2025-11-03 10:34:09.001,117,10937
2025-11-03 10:34:09.002,117,10937
2025-11-03 10:34:09.002,117,10938
2025-11-03 10:34:09.003,117,10937
2025-11-03 10:34:09.003,117,10937
2025-11-03 10:34:09.003,117,10937
2025-11-03 10:34:09.004,117,10937
2025-11-03 10:34:10.001,112,11934
2025-11-03 10:34:10.001,112,11933
2025-11-03 10:34:10.001,112,11933
2025-11-03 10:34:10.002,112,11933
2025-11-03 10:34:10.002,112,11932
2025-11-03 10:34:10.002,112,11933
2025-11-03 10:34:10.002,112,11932
2025-11-03 10:34:10.002,112,11932
2025-11-03 10:34:11.001,113,12931
2025-11-03 10:34:11.001,113,12931
2025-11-03 10:34:11.002,113,12931
2025-11-03 10:34:11.002,113,12931
2025-11-03 10:34:11.002,113,12932
2025-11-03 10:34:11.002,113,12932
2025-11-03 10:34:11.003,113,12932
2025-11-03 10:34:11.003,113,12932
2025-11-03 10:34:12.001,113,13930
2025-11-03 10:34:12.001,113,13930
2025-11-03 10:34:12.001,113,13930
2025-11-03 10:34:12.002,113,13930
2025-11-03 10:34:12.002,113,13930
2025-11-03 10:34:12.002,113,13931
2025-11-03 10:34:12.002,113,13931
2025-11-03 10:34:12.003,113,13931
2025-11-03 10:34:13.000,140,14929
2025-11-03 10:34:13.000,140,14928
2025-11-03 10:34:13.001,140,14928
2025-11-03 10:34:13.001,140,14928
2025-11-03 10:34:13.001,140,11926
2025-11-03 10:34:13.002,140,11926
2025-11-03 10:34:13.002,140,11926
2025-11-03 10:34:13.002,140,11927
2025-11-03 10:34:14.001,140,12926
2025-11-03 10:34:14.002,140,12926
2025-11-03 10:34:14.002,140,12926
2025-11-03 10:34:14.003,140,12926
2025-11-03 10:34:14.003,140,12927
2025-11-03 10:34:14.003,140,12927
2025-11-03 10:34:14.004,140,12927
2025-11-03 10:34:14.004,140,12927
2025-11-03 10:34:15.000,140,13923
2025-11-03 10:34:15.001,140,13923
2025-11-03 10:34:15.001,140,13923
2025-11-03 10:34:15.001,140,13924
2025-11-03 10:34:15.002,140,13923
2025-11-03 10:34:15.002,140,13923
2025-11-03 10:34:15.002,140,13923
2025-11-03 10:34:15.002,140,13922
2025-11-03 10:34:16.000,140,14920
2025-11-03 10:34:16.001,140,14919
2025-11-03 10:34:16.001,140,14919
2025-11-03 10:34:16.001,140,14919
2025-11-03 10:34:16.001,140,14919
2025-11-03 10:34:16.002,140,14919
2025-11-03 10:34:16.002,140,14920
2025-11-03 10:34:16.002,140,14920
2025-11-03 10:34:17.000,147,15917
2025-11-03 10:34:17.001,147,15917
2025-11-03 10:34:17.002,147,15917
2025-11-03 10:34:17.002,147,15918
2025-11-03 10:34:17.002,147,15919
2025-11-03 10:34:17.003,147,15919
2025-11-03 10:34:17.003,147,12946
2025-11-03 10:34:17.003,147,12947
2025-11-03 10:34:18.001,145,13945
2025-11-03 10:34:18.002,145,13945
2025-11-03 10:34:18.003,145,13945
2025-11-03 10:34:18.003,145,13946
2025-11-03 10:34:18.003,145,13947
2025-11-03 10:34:18.003,145,13947
2025-11-03 10:34:18.004,145,13947
2025-11-03 10:34:18.004,145,13946
2025-11-03 10:34:19.001,145,14944
2025-11-03 10:34:19.002,145,14944
2025-11-03 10:34:19.002,145,14943
2025-11-03 10:34:19.003,145,14943
2025-11-03 10:34:19.003,145,14942
2025-11-03 10:34:19.004,145,14942
2025-11-03 10:34:19.004,145,14942
2025-11-03 10:34:19.004,145,14943
2025-11-03 10:34:20.000,149,15938
2025-11-03 10:34:20.001,149,15938
2025-11-03 10:34:20.001,149,15937
2025-11-03 10:34:20.001,149,15938
2025-11-03 10:34:20.001,149,15938
2025-11-03 10:34:20.002,149,15938
2025-11-03 10:34:20.002,149,15938
2025-11-03 10:34:20.003,149,15939
2025-11-03 10:34:21.001,149,16938
2025-11-03 10:34:21.002,149,16938
2025-11-03 10:34:21.002,149,16938
2025-11-03 10:34:21.003,149,16939
2025-11-03 10:34:21.003,149,16938
2025-11-03 10:34:21.003,149,11940
2025-11-03 10:34:21.003,149,11940
2025-11-03 10:34:21.003,149,11940
2025-11-03 10:34:22.001,149,12938
2025-11-03 10:34:22.002,149,12938
2025-11-03 10:34:22.002,149,12938
2025-11-03 10:34:22.002,149,12939
2025-11-03 10:34:22.003,149,12939
2025-11-03 10:34:22.003,149,12940
2025-11-03 10:34:22.003,149,12939
2025-11-03 10:34:22.004,149,12939
2025-11-03 10:34:23.000,151,13935
2025-11-03 10:34:23.000,151,13934
2025-11-03 10:34:23.001,151,13933
2025-11-03 10:34:23.002,151,13932
2025-11-03 10:34:23.002,151,13932
2025-11-03 10:34:23.002,151,13933
2025-11-03 10:34:23.002,151,13932
2025-11-03 10:34:23.003,151,13932
2025-11-03 10:34:24.001,144,14931
2025-11-03 10:34:24.002,144,14931
2025-11-03 10:34:24.003,144,14931
2025-11-03 10:34:24.003,144,14932
2025-11-03 10:34:24.003,144,14932
2025-11-03 10:34:24.003,144,14932
2025-11-03 10:34:24.004,144,14932
2025-11-03 10:34:24.004,144,14932
2025-11-03 10:34:25.000,144,14908
2025-11-03 10:34:25.001,144,14908
2025-11-03 10:34:25.001,144,14907
2025-11-03 10:34:25.001,144,14908
2025-11-03 10:34:25.001,144,14907
2025-11-03 10:34:25.002,144,14906
2025-11-03 10:34:25.002,144,14906
2025-11-03 10:34:25.002,144,14906
2025-11-03 10:34:26.000,141,15904
2025-11-03 10:34:26.001,141,15904
2025-11-03 10:34:26.001,141,15904
2025-11-03 10:34:26.002,141,15905
2025-11-03 10:34:26.002,141,15904
2025-11-03 10:34:26.002,141,15905
2025-11-03 10:34:26.002,141,15905
2025-11-03 10:34:26.003,141,15905
2025-11-03 10:34:27.000,141,16903
2025-11-03 10:34:27.000,141,16903
2025-11-03 10:34:27.001,141,16903
2025-11-03 10:34:27.001,141,16903
2025-11-03 10:34:27.001,141,16904
2025-11-03 10:34:27.002,141,16904
2025-11-03 10:34:27.002,141,16905
2025-11-03 10:34:27.003,141,16905
2025-11-03 10:34:28.000,132,17903
2025-11-03 10:34:28.001,132,17902
2025-11-03 10:34:28.002,132,17902
2025-11-03 10:34:28.002,132,15930
2025-11-03 10:34:28.003,132,15931
2025-11-03 10:34:28.003,132,15931
2025-11-03 10:34:28.003,132,15932
2025-11-03 10:34:28.004,132,15932
2025-11-03 10:34:29.001,132,16930
2025-11-03 10:34:29.001,132,16930
2025-11-03 10:34:29.002,132,16930
2025-11-03 10:34:29.002,132,16930
2025-11-03 10:34:29.002,132,16930
2025-11-03 10:34:29.003,132,16930
2025-11-03 10:34:29.003,132,16929
2025-11-03 10:34:29.003,132,16930
2025-11-03 10:34:30.001,145,17928
2025-11-03 10:34:30.002,145,17927
2025-11-03 10:34:30.002,145,17927
2025-11-03 10:34:30.003,145,17927
2025-11-03 10:34:30.003,145,17928
2025-11-03 10:34:30.004,145,17928
2025-11-03 10:34:30.004,145,17929
2025-11-03 10:34:30.004,145,17929
2025-11-03 10:34:31.001,145,18926
2025-11-03 10:34:31.002,145,18926
2025-11-03 10:34:31.002,145,18926
2025-11-03 10:34:31.002,145,18927
2025-11-03 10:34:31.003,145,16923
2025-11-03 10:34:31.003,145,16924
2025-11-03 10:34:31.003,145,16924
2025-11-03 10:34:31.003,145,16923
2025-11-03 10:34:32.001,137,17921
2025-11-03 10:34:32.002,137,17921
2025-11-03 10:34:32.002,137,17921
2025-11-03 10:34:32.002,137,17922
2025-11-03 10:34:32.002,137,17922
2025-11-03 10:34:32.003,137,17921
2025-11-03 10:34:32.003,137,17921
2025-11-03 10:34:32.003,137,17921
2025-11-03 10:34:33.001,135,18919
2025-11-03 10:34:33.001,135,18918
2025-11-03 10:34:33.002,135,18918
2025-11-03 10:34:33.002,135,18917
2025-11-03 10:34:33.003,135,18918
2025-11-03 10:34:33.003,135,18918
2025-11-03 10:34:33.003,135,18919
2025-11-03 10:34:33.003,135,18919
2025-11-03 10:34:34.001,135,19917
2025-11-03 10:34:34.002,135,19917
2025-11-03 10:34:34.002,135,19917
2025-11-03 10:34:34.003,135,16936
2025-11-03 10:34:34.003,135,16936
2025-11-03 10:34:34.003,135,16937
2025-11-03 10:34:34.003,135,16937
2025-11-03 10:34:34.004,135,16937
2025-11-03 10:34:35.001,127,17935
2025-11-03 10:34:35.002,127,17934
2025-11-03 10:34:35.002,127,17934
2025-11-03 10:34:35.002,127,17935
2025-11-03 10:34:35.003,127,17935
2025-11-03 10:34:35.003,127,17934
2025-11-03 10:34:35.003,127,17935
2025-11-03 10:34:35.003,127,17934
2025-11-03 10:34:36.001,132,18932
2025-11-03 10:34:36.002,132,18931
2025-11-03 10:34:36.002,132,18931
2025-11-03 10:34:36.003,132,18932
2025-11-03 10:34:36.003,132,18933
2025-11-03 10:34:36.004,132,18933
2025-11-03 10:34:36.004,132,18933
2025-11-03 10:34:36.004,132,18934
2025-11-03 10:34:37.000,124,17942
2025-11-03 10:34:37.001,124,17942
2025-11-03 10:34:37.002,124,17942
2025-11-03 10:34:37.002,124,17942
2025-11-03 10:34:37.002,124,17943
2025-11-03 10:34:37.002,124,17943
2025-11-03 10:34:37.003,124,17943
2025-11-03 10:34:37.003,124,17943
2025-11-03 10:34:38.001,122,18942
2025-11-03 10:34:38.001,122,18942
2025-11-03 10:34:38.002,122,18941
2025-11-03 10:34:38.002,122,18941
2025-11-03 10:34:38.002,122,18941
2025-11-03 10:34:38.003,122,18940
2025-11-03 10:34:38.003,122,18940
2025-11-03 10:34:38.003,122,18940
2025-11-03 10:34:39.000,122,19937
2025-11-03 10:34:39.001,122,19937
2025-11-03 10:34:39.002,122,19937
2025-11-03 10:34:39.002,122,19938
2025-11-03 10:34:39.002,122,19939
2025-11-03 10:34:39.003,122,16927
2025-11-03 10:34:39.003,122,16926
2025-11-03 10:34:39.003,122,16927
2025-11-03 10:34:40.000,113,17924
2025-11-03 10:34:40.001,113,17924
2025-11-03 10:34:40.001,113,17923
2025-11-03 10:34:40.001,113,17924
2025-11-03 10:34:40.002,113,17924
2025-11-03 10:34:40.002,113,17925
2025-11-03 10:34:40.003,113,17925
2025-11-03 10:34:40.003,113,17924
2025-11-03 10:34:41.000,117,18922
2025-11-03 10:34:41.001,117,18921
2025-11-03 10:34:41.001,117,18921
2025-11-03 10:34:41.001,117,18922
2025-11-03 10:34:41.002,117,18922
2025-11-03 10:34:41.002,117,18922
2025-11-03 10:34:41.002,117,18923
2025-11-03 10:34:41.003,117,18922
2025-11-03 10:34:42.001,117,16949
2025-11-03 10:34:42.001,117,16949
2025-11-03 10:34:42.002,117,16949
2025-11-03 10:34:42.002,117,16948
2025-11-03 10:34:42.002,117,16949
2025-11-03 10:34:42.002,117,16949
2025-11-03 10:34:42.003,117,16949
2025-11-03 10:34:42.003,117,16950
2025-11-03 10:34:43.001,101,17948
2025-11-03 10:34:43.001,101,17947
2025-11-03 10:34:43.001,101,17947
2025-11-03 10:34:43.002,101,17946
2025-11-03 10:34:43.002,101,17945
2025-11-03 10:34:43.002,101,17946
2025-11-03 10:34:43.003,101,17946
2025-11-03 10:34:43.003,101,17946
2025-11-03 10:34:44.000,104,18944
2025-11-03 10:34:44.001,104,18944
2025-11-03 10:34:44.001,104,16931
2025-11-03 10:34:44.001,104,16931
2025-11-03 10:34:44.002,104,16931
2025-11-03 10:34:44.002,104,16930
2025-11-03 10:34:44.002,104,16931
2025-11-03 10:34:44.002,104,16930
2025-11-03 10:34:45.000,88,17928
2025-11-03 10:34:45.001,88,17928
2025-11-03 10:34:45.001,88,17928
2025-11-03 10:34:45.002,88,17929
2025-11-03 10:34:45.002,88,17929
2025-11-03 10:34:45.002,88,17930
2025-11-03 10:34:45.002,88,17930
2025-11-03 10:34:45.003,88,17930
2025-11-03 10:34:46.001,88,18929
2025-11-03 10:34:46.001,88,18929
2025-11-03 10:34:46.002,88,16927
2025-11-03 10:34:46.002,88,16927
2025-11-03 10:34:46.002,88,16927
2025-11-03 10:34:46.002,88,16927
2025-11-03 10:34:46.002,88,16927
2025-11-03 10:34:46.003,88,16926
2025-11-03 10:34:47.000,82,17924
2025-11-03 10:34:47.001,82,17924
2025-11-03 10:34:47.001,82,17924
2025-11-03 10:34:47.002,82,17925
2025-11-03 10:34:47.002,82,17925
2025-11-03 10:34:47.003,82,17926
2025-11-03 10:34:47.003,82,17926
2025-11-03 10:34:47.003,82,17927
2025-11-03 10:34:48.001,82,18925
2025-11-03 10:34:48.002,82,15949
2025-11-03 10:34:48.002,82,15949
2025-11-03 10:34:48.002,82,15950
2025-11-03 10:34:48.003,82,15949
2025-11-03 10:34:48.003,82,15950
2025-11-03 10:34:48.003,82,15950
2025-11-03 10:34:48.004,82,15950
2025-11-03 10:34:49.001,74,16947
2025-11-03 10:34:49.002,74,16946
2025-11-03 10:34:49.002,74,16946
2025-11-03 10:34:49.003,74,16947
2025-11-03 10:34:49.003,74,16946
2025-11-03 10:34:49.003,74,16947
2025-11-03 10:34:49.004,74,16947
2025-11-03 10:34:49.004,74,13946
2025-11-03 10:34:50.001,73,14943
2025-11-03 10:34:50.001,73,14943
2025-11-03 10:34:50.001,73,14942
2025-11-03 10:34:50.002,73,14941
2025-11-03 10:34:50.002,73,14940
2025-11-03 10:34:50.002,73,14941
2025-11-03 10:34:50.002,73,14941
2025-11-03 10:34:50.003,73,14941
2025-11-03 10:34:51.000,60,15939
2025-11-03 10:34:51.000,60,15939
2025-11-03 10:34:51.000,60,15939
2025-11-03 10:34:51.000,60,15939
2025-11-03 10:34:51.001,60,13920
2025-11-03 10:34:51.001,60,13921
2025-11-03 10:34:51.001,60,13921
2025-11-03 10:34:51.002,60,13921
2025-11-03 10:34:52.001,60,14921
2025-11-03 10:34:52.001,60,14920
2025-11-03 10:34:52.002,60,14920
2025-11-03 10:34:52.002,60,14920
2025-11-03 10:34:52.003,60,14920
2025-11-03 10:34:52.003,60,14920
2025-11-03 10:34:52.004,60,14921
2025-11-03 10:34:52.004,60,14921
2025-11-03 10:34:52.999,52,15917
2025-11-03 10:34:52.999,52,12939
2025-11-03 10:34:53.000,52,12938
2025-11-03 10:34:53.001,52,12939
2025-11-03 10:34:53.001,52,12939
2025-11-03 10:34:53.001,52,12940
2025-11-03 10:34:53.002,52,12940
2025-11-03 10:34:53.002,52,12940
2025-11-03 10:34:54.000,54,13938
2025-11-03 10:34:54.001,54,13938
2025-11-03 10:34:54.001,54,13938
2025-11-03 10:34:54.002,54,13939
2025-11-03 10:34:54.002,54,13939
2025-11-03 10:34:54.003,54,10943
2025-11-03 10:34:54.004,54,10940
2025-11-03 10:34:54.004,54,10940
2025-11-03 10:34:55.000,46,11937
2025-11-03 10:34:55.001,46,11937
2025-11-03 10:34:55.001,46,11937
2025-11-03 10:34:55.002,46,11938
2025-11-03 10:34:55.002,46,11931
2025-11-03 10:34:55.002,46,11932
2025-11-03 10:34:55.002,46,11932
2025-11-03 10:34:55.003,46,11932
2025-11-03 10:34:56.001,46,9947
2025-11-03 10:34:56.002,46,9947
2025-11-03 10:34:56.002,46,9947
2025-11-03 10:34:56.003,46,9948
2025-11-03 10:34:56.003,46,9948
2025-11-03 10:34:56.004,46,9948
2025-11-03 10:34:56.004,46,9948
2025-11-03 10:34:56.004,46,9948
2025-11-03 10:34:57.001,40,10945
2025-11-03 10:34:57.001,40,10945
2025-11-03 10:34:57.002,40,7932
2025-11-03 10:34:57.002,40,7932
2025-11-03 10:34:57.002,40,7932
2025-11-03 10:34:57.002,40,7932
2025-11-03 10:34:57.002,40,7932
2025-11-03 10:34:57.003,40,7932
2025-11-03 10:34:58.000,40,8929
2025-11-03 10:34:58.001,40,8928
2025-11-03 10:34:58.001,40,8928
2025-11-03 10:34:58.002,40,8929
2025-11-03 10:34:58.002,40,4931
2025-11-03 10:34:58.002,40,4932
2025-11-03 10:34:58.002,40,4931
2025-11-03 10:34:58.002,40,4930
2025-11-03 10:34:59.001,24,5929
2025-11-03 10:34:59.001,24,5928
2025-11-03 10:34:59.001,24,5928
2025-11-03 10:34:59.002,24,5928
2025-11-03 10:34:59.002,24,5929
2025-11-03 10:34:59.002,24,5929
2025-11-03 10:34:59.002,24,2943
2025-11-03 10:34:59.003,24,2943
2025-11-03 10:35:00.001,19,3942
2025-11-03 10:35:00.002,19,3942
2025-11-03 10:35:00.003,19,3942
2025-11-03 10:35:00.003,19,3943
2025-11-03 10:35:00.003,19,3943
2025-11-03 10:35:00.003,19,3943
2025-11-03 10:35:00.004,19,3943
2025-11-03 10:35:00.004,19,3943
2025-11-03 10:35:01.000,19,1931
2025-11-03 10:35:01.001,19,1931
2025-11-03 10:35:01.001,19,1931
2025-11-03 10:35:01.002,19,1932
2025-11-03 10:35:01.002,19,1932
2025-11-03 10:35:01.002,19,1932
2025-11-03 10:35:01.002,19,1932
2025-11-03 10:35:01.003,19,1931
2025-11-03 10:35:02.000,11,2929
2025-11-03 10:35:02.001,11,2929
2025-11-03 10:35:02.001,11,2929
2025-11-03 10:35:04.063,3,1
2025-11-03 10:35:04.064,3,2
2025-11-03 10:35:04.064,3,2
2025-11-03 10:35:04.064,5,2
2025-11-03 10:35:04.065,5,1
2025-11-03 10:35:04.065,11,2
2025-11-03 10:35:04.066,11,1
2025-11-03 10:35:04.066,11,1
2025-11-03 10:35:05.000,11,936
2025-11-03 10:35:05.000,11,936
2025-11-03 10:35:05.001,11,936
2025-11-03 10:35:10.067,0,1
2025-11-03 10:35:10.069,5,3
2025-11-03 10:35:10.069,5,3
2025-11-03 10:35:10.070,5,3
2025-11-03 10:35:10.070,5,3
2025-11-03 10:35:10.070,5,3
2025-11-03 10:35:10.071,5,3
2025-11-03 10:35:10.071,11,2
2025-11-03 10:35:11.000,11,932
2025-11-03 10:35:11.001,11,932
2025-11-03 10:35:11.001,11,932
2025-11-03 10:35:11.001,11,933
2025-11-03 10:35:14.057,0,2
2025-11-03 10:35:14.059,3,3
2025-11-03 10:35:14.059,3,3
2025-11-03 10:35:14.059,3,3
2025-11-03 10:35:14.059,3,2
2025-11-03 10:35:14.060,12,2
2025-11-03 10:35:14.060,12,2
2025-11-03 10:35:14.060,12,3
2025-11-03 10:35:15.000,12,942
2025-11-03 10:35:15.000,12,942
2025-11-03 10:35:15.001,12,942
2025-11-03 10:35:15.001,12,942
2025-11-03 10:35:15.001,12,943
2025-11-03 10:35:16.082,0,2
2025-11-03 10:35:16.083,0,2
2025-11-03 10:35:16.083,0,2
2025-11-03 10:35:16.084,5,2
2025-11-03 10:35:16.085,5,2
2025-11-03 10:35:16.085,5,1
2025-11-03 10:35:16.085,5,2
2025-11-03 10:35:16.085,5,2
2025-11-03 10:35:17.001,5,918
2025-11-03 10:35:17.002,5,918
2025-11-03 10:35:17.002,5,918
2025-11-03 10:35:17.002,5,919
2025-11-03 10:35:17.002,5,919
2025-11-03 10:35:18.082,5,2
2025-11-03 10:35:18.084,6,3
2025-11-03 10:35:18.084,6,3
2025-11-03 10:35:18.085,6,3
2025-11-03 10:35:18.085,6,4
2025-11-03 10:35:18.085,12,4
2025-11-03 10:35:18.085,12,4
2025-11-03 10:35:18.085,12,3
2025-11-03 10:35:19.002,12,920
2025-11-03 10:35:19.002,12,919
2025-11-03 10:35:19.003,12,919
2025-11-03 10:35:19.003,12,919
2025-11-03 10:35:19.003,12,920
2025-11-03 10:35:22.072,0,2
2025-11-03 10:35:22.073,3,2
2025-11-03 10:35:22.074,3,2
2025-11-03 10:35:22.074,3,1
2025-11-03 10:35:22.074,3,1
2025-11-03 10:35:22.074,3,1
2025-11-03 10:35:22.075,3,1
2025-11-03 10:35:22.075,3,1
2025-11-03 10:35:22.999,3,926
2025-11-03 10:35:22.999,3,926
2025-11-03 10:35:22.999,3,926
2025-11-03 10:35:22.999,3,926
2025-11-03 10:35:23.000,3,926
2025-11-03 10:35:25.060,0,1
2025-11-03 10:35:25.062,0,2
2025-11-03 10:35:25.062,0,2
2025-11-03 10:35:25.063,0,2
2025-11-03 10:35:25.063,0,2
2025-11-03 10:35:25.063,9,3
2025-11-03 10:35:25.064,12,2
2025-11-03 10:35:25.064,12,2
2025-11-03 10:35:26.001,12,939
2025-11-03 10:35:26.002,12,938
2025-11-03 10:35:26.002,12,938
2025-11-03 10:35:26.003,12,939
2025-11-03 10:35:26.003,12,939
2025-11-03 10:35:30.055,0,2
2025-11-03 10:35:30.057,0,4
2025-11-03 10:35:30.058,0,4
2025-11-03 10:35:30.058,9,3
2025-11-03 10:35:30.058,9,4
2025-11-03 10:35:30.058,9,4
2025-11-03 10:35:30.059,9,4
2025-11-03 10:35:30.059,11,3
2025-11-03 10:35:31.000,11,944
2025-11-03 10:35:31.001,11,943
2025-11-03 10:35:31.001,11,943
2025-11-03 10:35:31.001,11,944
2025-11-03 10:35:31.002,11,945
2025-11-03 10:35:34.062,0,2
2025-11-03 10:35:34.064,1,4
2025-11-03 10:35:34.065,1,3
2025-11-03 10:35:34.065,1,3
2025-11-03 10:35:34.065,1,3
2025-11-03 10:35:34.065,1,3
2025-11-03 10:35:34.066,1,2
2025-11-03 10:35:34.066,12,2
2025-11-03 10:35:35.001,12,938
2025-11-03 10:35:35.001,12,938
2025-11-03 10:35:35.002,12,938
2025-11-03 10:35:35.002,12,938
2025-11-03 10:35:35.003,12,939
2025-11-03 10:35:38.053,0,1
2025-11-03 10:35:38.055,5,3
2025-11-03 10:35:38.056,5,3
2025-11-03 10:35:38.056,5,3
2025-11-03 10:35:38.056,5,4
2025-11-03 10:35:38.056,5,3
2025-11-03 10:35:38.056,5,3
2025-11-03 10:35:38.057,5,2
2025-11-03 10:35:39.001,4,946
2025-11-03 10:35:39.001,4,946
2025-11-03 10:35:39.001,4,946
2025-11-03 10:35:39.001,4,946
2025-11-03 10:35:39.077,4,1
2025-11-03 10:35:39.078,4,2
2025-11-03 10:35:39.078,4,2
2025-11-03 10:35:39.078,4,2
2025-11-03 10:35:40.000,4,924
2025-11-03 10:35:40.001,4,923
2025-11-03 10:35:40.001,4,923
2025-11-03 10:35:40.001,4,923
2025-11-03 10:35:40.002,4,923
2025-11-03 10:35:40.002,4,923
2025-11-03 10:35:40.002,4,924
2025-11-03 10:35:40.002,4,924
2025-11-03 10:35:42.071,0,1
2025-11-03 10:35:42.073,0,2
2025-11-03 10:35:42.073,0,2
2025-11-03 10:35:42.073,0,2
2025-11-03 10:35:42.073,0,2
2025-11-03 10:35:42.073,0,2
2025-11-03 10:35:42.074,0,2
2025-11-03 10:35:42.075,12,2
2025-11-03 10:35:43.001,12,929
2025-11-03 10:35:43.002,12,929
2025-11-03 10:35:43.002,12,929
2025-11-03 10:35:43.002,12,930
2025-11-03 10:35:44.064,12,1
2025-11-03 10:35:44.066,2,3
2025-11-03 10:35:44.067,2,2
2025-11-03 10:35:44.067,2,1
2025-11-03 10:35:44.068,10,3
2025-11-03 10:35:44.068,10,3
2025-11-03 10:35:44.069,10,2
2025-11-03 10:35:44.069,10,3
2025-11-03 10:35:45.001,10,935
2025-11-03 10:35:45.001,10,935
2025-11-03 10:35:45.001,10,935
2025-11-03 10:35:48.051,0,2
2025-11-03 10:35:48.053,5,3
2025-11-03 10:35:48.054,5,3
2025-11-03 10:35:48.054,5,3
2025-11-03 10:35:48.054,5,4
2025-11-03 10:35:48.054,5,3
2025-11-03 10:35:48.055,5,2
2025-11-03 10:35:48.055,5,2
2025-11-03 10:35:49.000,5,948
2025-11-03 10:35:49.001,5,948
2025-11-03 10:35:49.002,5,948
2025-11-03 10:35:51.051,10,1
2025-11-03 10:35:51.053,5,3
2025-11-03 10:35:51.053,5,3
2025-11-03 10:35:51.053,5,3
2025-11-03 10:35:51.054,5,2
2025-11-03 10:35:51.054,5,3
2025-11-03 10:35:51.054,5,2
2025-11-03 10:35:51.054,5,2
2025-11-03 10:35:52.001,5,949
2025-11-03 10:35:52.002,5,949
2025-11-03 10:35:53.058,0,1
2025-11-03 10:35:53.059,0,2
2025-11-03 10:35:53.059,0,2
2025-11-03 10:35:53.059,0,2
2025-11-03 10:35:53.059,0,1
2025-11-03 10:35:53.060,0,1
2025-11-03 10:35:53.060,0,1
2025-11-03 10:35:53.061,8,2
2025-11-03 10:35:54.000,8,941
2025-11-03 10:35:54.001,8,941
2025-11-03 10:35:54.092,8,1
2025-11-03 10:35:54.092,8,1
2025-11-03 10:35:54.093,8,1
2025-11-03 10:35:54.093,7,1
2025-11-03 10:35:54.093,7,1
2025-11-03 10:35:54.094,7,1
2025-11-03 10:35:55.001,7,909
2025-11-03 10:35:55.002,7,909
2025-11-03 10:35:55.002,7,908
2025-11-03 10:35:55.002,7,909
2025-11-03 10:35:57.065,0,1
2025-11-03 10:35:57.067,0,3
2025-11-03 10:35:57.067,0,3
2025-11-03 10:35:57.068,0,2
2025-11-03 10:35:57.068,0,3
2025-11-03 10:35:57.068,0,3
2025-11-03 10:35:57.068,0,2
2025-11-03 10:35:57.069,0,2
2025-11-03 10:35:58.001,9,935
2025-11-03 10:36:01.050,0,2
2025-11-03 10:36:01.051,5,2
2025-11-03 10:36:01.051,5,1
2025-11-03 10:36:01.052,5,1
2025-11-03 10:36:01.052,5,1
2025-11-03 10:36:01.052,5,2
2025-11-03 10:36:01.053,5,1
2025-11-03 10:36:01.053,5,1
2025-11-03 10:36:02.001,5,950
2025-11-03 10:36:04.055,0,1
2025-11-03 10:36:04.055,0,1
2025-11-03 10:36:04.057,0,3
2025-11-03 10:36:04.057,0,3
2025-11-03 10:36:04.057,0,3
2025-11-03 10:36:04.058,0,2
2025-11-03 10:36:04.058,0,2
2025-11-03 10:36:04.058,0,3
2025-11-03 10:36:07.063,0,1
2025-11-03 10:36:07.065,3,2
2025-11-03 10:36:07.065,3,2
2025-11-03 10:36:07.066,3,1
2025-11-03 10:36:07.067,3,1
2025-11-03 10:36:07.067,3,1
2025-11-03 10:36:07.067,3,1
2025-11-03 10:36:07.068,3,1
2025-11-03 10:36:11.054,0,1
2025-11-03 10:36:11.056,4,3
2025-11-03 10:36:11.056,4,2
2025-11-03 10:36:11.057,4,2
2025-11-03 10:36:11.057,4,3
2025-11-03 10:36:11.057,4,2
2025-11-03 10:36:11.057,4,2
2025-11-03 10:36:13.097,0,1
2025-11-03 10:36:13.099,0,3
2025-11-03 10:36:13.099,0,3
2025-11-03 10:36:13.100,0,3
2025-11-03 10:36:13.100,0,2
2025-11-03 10:36:13.101,0,2
2025-11-03 10:36:13.101,0,2
2025-11-03 10:36:13.174,0,1
2025-11-03 10:36:14.001,0,828
2025-11-03 10:36:14.002,0,827
2025-11-03 10:36:14.002,0,827
2025-11-03 10:36:14.002,0,828
2025-11-03 10:36:14.002,0,828
2025-11-03 10:36:14.003,0,828
2025-11-03 10:36:14.003,0,767
2025-11-03 10:36:14.004,0,766
2025-11-03 10:36:15.001,5,1763
2025-11-03 10:36:15.001,5,1762
2025-11-03 10:36:15.002,5,1762
2025-11-03 10:36:15.002,5,1762
2025-11-03 10:36:15.002,5,1763
