timestamp,lag,wait_ms
2025-11-03 07:49:09.316,0,11
2025-11-03 07:49:09.317,0,11
2025-11-03 07:49:09.317,0,11
2025-11-03 07:49:09.317,0,12
2025-11-03 07:49:09.317,0,12
2025-11-03 07:49:09.317,0,12
2025-11-03 07:49:09.318,0,12
2025-11-03 07:49:09.318,0,12
2025-11-03 07:49:10.000,0,695
2025-11-03 07:49:10.001,0,695
2025-11-03 07:49:13.275,0,5
2025-11-03 07:49:13.276,0,5
2025-11-03 07:49:13.277,0,4
2025-11-03 07:49:13.277,0,4
2025-11-03 07:49:13.277,0,5
2025-11-03 07:49:13.277,0,4
2025-11-03 07:49:13.277,0,4
2025-11-03 07:49:13.278,10,4
2025-11-03 07:49:14.001,10,728
2025-11-03 07:49:14.001,10,728
2025-11-03 07:49:17.266,0,4
2025-11-03 07:49:17.272,1,10
2025-11-03 07:49:17.273,1,9
2025-11-03 07:49:17.273,1,8
2025-11-03 07:49:17.273,10,9
2025-11-03 07:49:17.274,10,8
2025-11-03 07:49:17.274,10,8
2025-11-03 07:49:17.274,10,8
2025-11-03 07:49:18.001,10,734
2025-11-03 07:49:18.001,10,734
2025-11-03 07:49:20.263,9,3
2025-11-03 07:49:20.267,9,7
2025-11-03 07:49:20.267,9,7
2025-11-03 07:49:20.267,9,6
2025-11-03 07:49:20.267,10,6
2025-11-03 07:49:20.268,10,5
2025-11-03 07:49:20.268,10,5
2025-11-03 07:49:20.268,10,6
2025-11-03 07:49:21.001,9,739
2025-11-03 07:49:21.001,9,739
2025-11-03 07:49:24.294,0,2
2025-11-03 07:49:24.297,1,4
2025-11-03 07:49:24.297,1,4
2025-11-03 07:49:24.298,1,4
2025-11-03 07:49:24.298,1,4
2025-11-03 07:49:24.298,1,5
2025-11-03 07:49:24.298,1,4
2025-11-03 07:49:24.298,1,4
2025-11-03 07:49:25.001,1,706
2025-11-03 07:49:25.001,1,706
2025-11-03 07:49:30.265,0,3
2025-11-03 07:49:30.270,0,7
2025-11-03 07:49:30.270,0,7
2025-11-03 07:49:30.270,0,7
2025-11-03 07:49:30.271,10,6
2025-11-03 07:49:30.271,10,6
2025-11-03 07:49:30.271,10,7
2025-11-03 07:49:30.272,10,6
2025-11-03 07:49:31.002,10,737
2025-11-03 07:49:31.002,10,737
2025-11-03 07:49:33.274,0,2
2025-11-03 07:49:33.276,0,4
2025-11-03 07:49:33.276,0,4
2025-11-03 07:49:33.276,0,3
2025-11-03 07:49:33.277,0,3
2025-11-03 07:49:33.277,0,2
2025-11-03 07:49:33.280,0,6
2025-11-03 07:49:33.281,0,6
2025-11-03 07:49:34.001,5,727
2025-11-03 07:49:34.001,5,727
2025-11-03 07:49:37.288,0,3
2025-11-03 07:49:37.289,0,3
2025-11-03 07:49:37.290,0,3
2025-11-03 07:49:37.290,0,3
2025-11-03 07:49:37.290,0,3
2025-11-03 07:49:37.290,0,3
2025-11-03 07:49:37.292,0,2
2025-11-03 07:49:37.294,0,4
2025-11-03 07:49:38.000,10,710
2025-11-03 07:49:38.001,10,710
2025-11-03 07:49:39.267,0,3
2025-11-03 07:49:39.268,0,3
2025-11-03 07:49:39.269,0,3
2025-11-03 07:49:39.269,0,2
2025-11-03 07:49:39.269,0,3
2025-11-03 07:49:39.270,0,3
2025-11-03 07:49:39.270,0,3
2025-11-03 07:49:39.270,0,3
2025-11-03 07:49:40.000,0,733
2025-11-03 07:49:40.001,0,732
2025-11-03 07:49:41.285,10,2
2025-11-03 07:49:41.288,4,5
2025-11-03 07:49:41.288,4,4
2025-11-03 07:49:41.288,4,4
2025-11-03 07:49:41.289,4,4
2025-11-03 07:49:41.289,4,4
2025-11-03 07:49:41.289,4,4
2025-11-03 07:49:41.289,4,3
2025-11-03 07:49:42.002,4,715
2025-11-03 07:49:42.002,4,715
2025-11-03 07:49:44.277,10,2
2025-11-03 07:49:44.280,10,5
2025-11-03 07:49:44.281,10,4
2025-11-03 07:49:44.281,10,4
2025-11-03 07:49:44.281,10,5
2025-11-03 07:49:44.281,10,5
2025-11-03 07:49:44.282,10,5
2025-11-03 07:49:44.282,10,4
2025-11-03 07:49:45.001,10,724
2025-11-03 07:49:45.002,10,723
2025-11-03 07:49:46.285,10,3
2025-11-03 07:49:46.288,10,5
2025-11-03 07:49:46.288,10,5
2025-11-03 07:49:46.289,10,5
2025-11-03 07:49:46.289,10,5
2025-11-03 07:49:46.289,10,5
2025-11-03 07:49:46.289,10,5
2025-11-03 07:49:46.289,10,5
2025-11-03 07:49:47.001,9,716
2025-11-03 07:49:47.002,9,716
2025-11-03 07:49:48.280,9,3
2025-11-03 07:49:48.283,9,5
2025-11-03 07:49:48.283,9,5
2025-11-03 07:49:48.284,9,5
2025-11-03 07:49:48.284,9,5
2025-11-03 07:49:48.284,9,6
2025-11-03 07:49:48.284,9,5
2025-11-03 07:49:48.284,9,5
2025-11-03 07:49:49.001,10,722
2025-11-03 07:49:49.001,10,722
2025-11-03 07:49:51.272,9,3
2025-11-03 07:49:51.275,6,6
2025-11-03 07:49:51.275,6,5
2025-11-03 07:49:51.275,6,5
2025-11-03 07:49:51.275,6,5
2025-11-03 07:49:51.276,6,5
2025-11-03 07:49:51.276,6,5
2025-11-03 07:49:51.276,6,4
2025-11-03 07:49:52.000,9,728
2025-11-03 07:49:52.001,9,728
2025-11-03 07:49:53.285,9,4
2025-11-03 07:49:53.286,9,5
2025-11-03 07:49:53.286,9,4
2025-11-03 07:49:53.287,9,3
2025-11-03 07:49:53.287,19,3
2025-11-03 07:49:53.287,19,4
2025-11-03 07:49:53.288,19,4
2025-11-03 07:49:53.288,19,4
2025-11-03 07:49:54.000,3,717
2025-11-03 07:49:54.001,3,717
2025-11-03 07:49:54.311,3,1
2025-11-03 07:49:54.314,7,4
2025-11-03 07:49:54.315,7,3
2025-11-03 07:49:54.315,7,3
2025-11-03 07:49:54.315,7,4
2025-11-03 07:49:54.315,7,4
2025-11-03 07:49:55.000,7,688
2025-11-03 07:49:55.000,7,688
2025-11-03 07:49:55.001,7,688
2025-11-03 07:49:55.001,7,688
2025-11-03 07:50:00.272,0,3
2025-11-03 07:50:00.275,8,6
2025-11-03 07:50:00.276,8,6
2025-11-03 07:50:00.276,8,6
2025-11-03 07:50:00.276,8,7
2025-11-03 07:50:00.277,8,6
2025-11-03 07:50:00.277,8,5
2025-11-03 07:50:00.277,8,6
2025-11-03 07:50:01.000,8,729
2025-11-03 07:50:01.001,8,728
2025-11-03 07:50:04.277,10,2
2025-11-03 07:50:04.280,1,5
2025-11-03 07:50:04.280,1,5
2025-11-03 07:50:04.280,1,4
2025-11-03 07:50:04.280,1,4
2025-11-03 07:50:04.281,1,3
2025-11-03 07:50:04.281,1,3
2025-11-03 07:50:04.281,1,4
2025-11-03 07:50:05.000,9,723
2025-11-03 07:50:05.000,9,723
2025-11-03 07:50:06.277,9,2
2025-11-03 07:50:06.280,10,5
2025-11-03 07:50:06.280,10,4
2025-11-03 07:50:06.280,10,4
2025-11-03 07:50:06.280,10,4
2025-11-03 07:50:06.281,10,4
2025-11-03 07:50:06.281,10,5
2025-11-03 07:50:06.281,10,5
2025-11-03 07:50:07.000,9,723
2025-11-03 07:50:07.001,9,723
2025-11-03 07:50:08.268,9,3
2025-11-03 07:50:08.269,9,3
2025-11-03 07:50:08.269,9,3
2025-11-03 07:50:08.273,12,6
2025-11-03 07:50:08.273,12,6
2025-11-03 07:50:08.273,12,6
2025-11-03 07:50:08.273,12,5
2025-11-03 07:50:08.274,12,5
2025-11-03 07:50:09.001,7,733
2025-11-03 07:50:09.002,7,733
2025-11-03 07:50:09.002,7,660
2025-11-03 07:50:09.002,7,660
2025-11-03 07:50:09.003,7,659
2025-11-03 07:50:09.003,7,659
2025-11-03 07:50:09.003,7,660
2025-11-03 07:50:09.003,7,660
2025-11-03 07:50:10.001,29,1658
2025-11-03 07:50:10.002,29,1657
2025-11-03 07:50:10.002,29,1657
2025-11-03 07:50:10.003,29,1657
2025-11-03 07:50:10.003,29,711
2025-11-03 07:50:10.004,29,711
2025-11-03 07:50:10.004,29,710
2025-11-03 07:50:10.004,29,711
2025-11-03 07:50:11.000,75,1707
2025-11-03 07:50:11.001,75,1707
2025-11-03 07:50:11.002,75,1707
2025-11-03 07:50:11.002,75,1707
2025-11-03 07:50:11.002,75,1708
2025-11-03 07:50:11.003,75,1708
2025-11-03 07:50:11.003,75,1640
2025-11-03 07:50:11.003,75,1641
2025-11-03 07:50:12.001,105,2638
2025-11-03 07:50:12.001,105,2638
2025-11-03 07:50:12.002,105,2638
2025-11-03 07:50:12.002,105,2638
2025-11-03 07:50:12.002,105,2638
2025-11-03 07:50:12.002,105,2638
2025-11-03 07:50:12.003,105,2638
2025-11-03 07:50:12.003,105,2638
2025-11-03 07:50:13.000,105,3567
2025-11-03 07:50:13.000,105,3566
2025-11-03 07:50:13.001,105,3566
2025-11-03 07:50:13.001,105,3566
2025-11-03 07:50:13.001,105,3567
2025-11-03 07:50:13.001,105,3567
2025-11-03 07:50:13.001,105,3567
2025-11-03 07:50:13.001,105,3566
2025-11-03 07:50:14.001,133,4566
2025-11-03 07:50:14.001,133,4565
2025-11-03 07:50:14.002,133,4495
2025-11-03 07:50:14.002,133,4496
2025-11-03 07:50:14.002,133,4495
2025-11-03 07:50:14.003,133,4495
2025-11-03 07:50:14.003,133,4495
2025-11-03 07:50:14.003,133,4496
2025-11-03 07:50:15.000,130,5492
2025-11-03 07:50:15.001,130,5491
2025-11-03 07:50:15.002,130,5491
2025-11-03 07:50:15.003,130,5492
2025-11-03 07:50:15.003,130,5422
2025-11-03 07:50:15.003,130,5423
2025-11-03 07:50:15.003,130,5423
2025-11-03 07:50:15.004,130,5422
2025-11-03 07:50:16.001,149,6420
2025-11-03 07:50:16.001,149,6420
2025-11-03 07:50:16.001,149,6420
2025-11-03 07:50:16.002,149,6420
2025-11-03 07:50:16.002,149,6421
2025-11-03 07:50:16.002,149,6420
2025-11-03 07:50:16.003,149,5728
2025-11-03 07:50:16.003,149,5728
2025-11-03 07:50:17.000,149,6725
2025-11-03 07:50:17.001,149,6723
2025-11-03 07:50:17.002,149,6723
2025-11-03 07:50:17.002,149,6723
2025-11-03 07:50:17.003,149,6724
2025-11-03 07:50:17.003,149,6724
2025-11-03 07:50:17.003,149,6723
2025-11-03 07:50:17.003,149,6722
2025-11-03 07:50:18.000,124,7653
2025-11-03 07:50:18.001,124,7653
2025-11-03 07:50:18.002,124,7653
2025-11-03 07:50:18.002,124,7653
2025-11-03 07:50:18.002,124,7654
2025-11-03 07:50:18.003,124,7654
2025-11-03 07:50:18.003,124,7654
2025-11-03 07:50:18.003,124,7655
2025-11-03 07:50:19.000,131,8652
2025-11-03 07:50:19.001,131,8651
2025-11-03 07:50:19.001,131,8581
2025-11-03 07:50:19.001,131,8581
2025-11-03 07:50:19.001,131,8581
2025-11-03 07:50:19.002,131,8581
2025-11-03 07:50:19.002,131,8581
2025-11-03 07:50:19.002,131,8582
2025-11-03 07:50:20.001,133,9580
2025-11-03 07:50:20.002,133,9580
2025-11-03 07:50:20.003,133,9580
2025-11-03 07:50:20.004,133,9582
2025-11-03 07:50:20.004,133,9512
2025-11-03 07:50:20.004,133,9512
2025-11-03 07:50:20.004,133,9512
2025-11-03 07:50:20.005,133,9512
2025-11-03 07:50:21.000,149,10507
2025-11-03 07:50:21.000,149,10507
2025-11-03 07:50:21.000,149,10507
2025-11-03 07:50:21.001,149,10507
2025-11-03 07:50:21.001,149,10507
2025-11-03 07:50:21.001,149,10507
2025-11-03 07:50:21.001,149,10435
2025-11-03 07:50:21.002,149,10434
2025-11-03 07:50:22.001,155,11434
2025-11-03 07:50:22.002,155,11433
2025-11-03 07:50:22.002,155,11433
2025-11-03 07:50:22.002,155,11434
2025-11-03 07:50:22.002,155,11434
2025-11-03 07:50:22.003,155,11434
2025-11-03 07:50:22.003,155,11433
2025-11-03 07:50:22.003,155,10687
2025-11-03 07:50:23.000,164,11683
2025-11-03 07:50:23.000,164,11684
2025-11-03 07:50:23.000,164,11683
2025-11-03 07:50:23.001,164,11683
2025-11-03 07:50:23.001,164,11683
2025-11-03 07:50:23.001,164,11684
2025-11-03 07:50:23.001,164,11683
2025-11-03 07:50:23.001,164,11683
2025-11-03 07:50:24.002,178,12612
2025-11-03 07:50:24.002,178,12612
2025-11-03 07:50:24.002,178,12612
2025-11-03 07:50:24.002,178,12611
2025-11-03 07:50:24.002,178,12611
2025-11-03 07:50:24.003,178,12611
2025-11-03 07:50:24.003,178,12611
2025-11-03 07:50:24.003,178,12612
2025-11-03 07:50:25.000,182,13609
2025-11-03 07:50:25.000,182,13541
2025-11-03 07:50:25.001,182,13541
2025-11-03 07:50:25.001,182,13540
2025-11-03 07:50:25.001,182,13541
2025-11-03 07:50:25.001,182,13541
2025-11-03 07:50:25.002,182,13540
2025-11-03 07:50:25.002,182,13540
2025-11-03 07:50:26.000,186,14539
2025-11-03 07:50:26.001,186,14539
2025-11-03 07:50:26.001,186,13694
2025-11-03 07:50:26.002,186,13694
2025-11-03 07:50:26.002,186,13694
2025-11-03 07:50:26.003,186,13695
2025-11-03 07:50:26.003,186,13695
2025-11-03 07:50:26.004,186,13696
2025-11-03 07:50:27.001,196,14693
2025-11-03 07:50:27.002,196,14692
2025-11-03 07:50:27.002,196,14692
2025-11-03 07:50:27.003,196,14625
2025-11-03 07:50:27.003,196,14624
2025-11-03 07:50:27.003,196,14625
2025-11-03 07:50:27.004,196,14624
2025-11-03 07:50:27.004,196,14625
2025-11-03 07:50:28.000,212,15621
2025-11-03 07:50:28.001,212,15621
2025-11-03 07:50:28.002,212,15621
2025-11-03 07:50:28.002,212,15622
2025-11-03 07:50:28.002,212,14673
2025-11-03 07:50:28.003,212,14672
2025-11-03 07:50:28.003,212,14673
2025-11-03 07:50:28.004,212,14673
2025-11-03 07:50:29.001,212,15671
2025-11-03 07:50:29.002,212,15670
2025-11-03 07:50:29.003,212,15670
2025-11-03 07:50:29.003,212,15671
2025-11-03 07:50:29.003,212,15671
2025-11-03 07:50:29.004,212,14728
2025-11-03 07:50:29.004,212,14728
2025-11-03 07:50:29.004,212,14729
2025-11-03 07:50:30.000,226,15725
2025-11-03 07:50:30.000,226,15724
2025-11-03 07:50:30.001,226,15724
2025-11-03 07:50:30.002,226,15725
2025-11-03 07:50:30.002,226,15725
2025-11-03 07:50:30.002,226,15652
2025-11-03 07:50:30.002,226,15651
2025-11-03 07:50:30.003,226,15651
2025-11-03 07:50:31.001,236,16649
2025-11-03 07:50:31.001,236,16649
2025-11-03 07:50:31.001,236,16649
2025-11-03 07:50:31.002,236,16649
2025-11-03 07:50:31.002,236,16648
2025-11-03 07:50:31.002,236,15682
2025-11-03 07:50:31.002,236,15682
2025-11-03 07:50:31.002,236,15681
2025-11-03 07:50:32.001,240,16680
2025-11-03 07:50:32.002,240,16680
2025-11-03 07:50:32.002,240,16679
2025-11-03 07:50:32.002,240,16680
2025-11-03 07:50:32.003,240,16678
2025-11-03 07:50:32.003,240,14713
2025-11-03 07:50:32.003,240,14713
2025-11-03 07:50:32.004,240,14713
2025-11-03 07:50:33.001,253,15711
2025-11-03 07:50:33.001,253,15710
2025-11-03 07:50:33.001,253,15710
2025-11-03 07:50:33.002,253,15710
2025-11-03 07:50:33.002,253,14734
2025-11-03 07:50:33.002,253,14735
2025-11-03 07:50:33.002,253,14735
2025-11-03 07:50:33.003,253,14733
2025-11-03 07:50:34.001,263,15731
2025-11-03 07:50:34.002,263,15731
2025-11-03 07:50:34.002,263,15731
2025-11-03 07:50:34.002,263,15660
2025-11-03 07:50:34.003,263,15660
2025-11-03 07:50:34.003,263,15660
2025-11-03 07:50:34.003,263,15660
2025-11-03 07:50:34.004,263,15659
2025-11-03 07:50:35.001,275,16657
2025-11-03 07:50:35.002,275,16657
2025-11-03 07:50:35.002,275,15703
2025-11-03 07:50:35.002,275,15704
2025-11-03 07:50:35.003,275,15704
2025-11-03 07:50:35.003,275,15704
2025-11-03 07:50:35.003,275,15704
2025-11-03 07:50:35.004,275,15704
2025-11-03 07:50:36.001,277,16701
2025-11-03 07:50:36.001,277,16619
2025-11-03 07:50:36.002,277,16619
2025-11-03 07:50:36.002,277,16619
2025-11-03 07:50:36.002,277,16620
2025-11-03 07:50:36.002,277,16617
2025-11-03 07:50:36.003,277,16617
2025-11-03 07:50:36.003,277,16616
2025-11-03 07:50:37.000,279,16734
2025-11-03 07:50:37.001,279,16734
2025-11-03 07:50:37.002,279,16732
2025-11-03 07:50:37.002,279,16733
2025-11-03 07:50:37.002,279,16733
2025-11-03 07:50:37.003,279,16733
2025-11-03 07:50:37.003,279,16733
2025-11-03 07:50:37.003,279,16666
2025-11-03 07:50:38.000,281,17663
2025-11-03 07:50:38.001,281,17662
2025-11-03 07:50:38.001,281,17662
2025-11-03 07:50:38.002,281,17663
2025-11-03 07:50:38.002,281,17662
2025-11-03 07:50:38.002,281,17663
2025-11-03 07:50:38.003,281,17595
2025-11-03 07:50:38.003,281,17596
2025-11-03 07:50:39.001,293,18594
2025-11-03 07:50:39.002,293,18593
2025-11-03 07:50:39.002,293,18593
2025-11-03 07:50:39.002,293,18593
2025-11-03 07:50:39.003,293,18592
2025-11-03 07:50:39.003,293,17686
2025-11-03 07:50:39.003,293,17686
2025-11-03 07:50:39.003,293,17686
2025-11-03 07:50:40.001,305,18682
2025-11-03 07:50:40.002,305,18682
2025-11-03 07:50:40.002,305,18681
2025-11-03 07:50:40.002,305,18682
2025-11-03 07:50:40.003,305,18612
2025-11-03 07:50:40.003,305,18611
2025-11-03 07:50:40.003,305,18612
2025-11-03 07:50:40.003,305,18612
2025-11-03 07:50:41.001,317,19610
2025-11-03 07:50:41.002,317,19609
2025-11-03 07:50:41.002,317,19608
2025-11-03 07:50:41.003,317,19536
2025-11-03 07:50:41.003,317,19537
2025-11-03 07:50:41.004,317,19537
2025-11-03 07:50:41.004,317,19537
2025-11-03 07:50:41.004,317,19538
2025-11-03 07:50:42.001,325,20535
2025-11-03 07:50:42.001,325,20535
2025-11-03 07:50:42.002,325,19673
2025-11-03 07:50:42.002,325,19673
2025-11-03 07:50:42.002,325,19674
2025-11-03 07:50:42.002,325,19674
2025-11-03 07:50:42.003,325,19673
2025-11-03 07:50:42.003,325,19671
2025-11-03 07:50:43.001,341,20670
2025-11-03 07:50:43.001,341,20598
2025-11-03 07:50:43.001,341,20597
2025-11-03 07:50:43.002,341,20597
2025-11-03 07:50:43.002,341,20596
2025-11-03 07:50:43.002,341,20597
2025-11-03 07:50:43.002,341,20596
2025-11-03 07:50:43.003,341,20595
2025-11-03 07:50:44.002,349,20731
2025-11-03 07:50:44.002,349,20730
2025-11-03 07:50:44.003,349,20730
2025-11-03 07:50:44.004,349,20730
2025-11-03 07:50:44.004,349,20730
2025-11-03 07:50:44.004,349,20731
2025-11-03 07:50:44.005,349,20664
2025-11-03 07:50:44.005,349,20664
2025-11-03 07:50:45.000,358,21660
2025-11-03 07:50:45.001,358,21659
2025-11-03 07:50:45.001,358,21659
2025-11-03 07:50:45.002,358,21660
2025-11-03 07:50:45.002,358,21588
2025-11-03 07:50:45.003,358,21588
2025-11-03 07:50:45.003,358,21587
2025-11-03 07:50:45.003,358,21588
2025-11-03 07:50:46.001,358,22585
2025-11-03 07:50:46.002,358,22585
2025-11-03 07:50:46.002,358,21671
2025-11-03 07:50:46.003,358,21672
2025-11-03 07:50:46.003,358,21672
2025-11-03 07:50:46.004,358,21672
2025-11-03 07:50:46.004,358,21672
2025-11-03 07:50:46.004,358,21673
2025-11-03 07:50:47.001,358,22602
2025-11-03 07:50:47.001,358,22601
2025-11-03 07:50:47.001,358,22601
2025-11-03 07:50:47.002,358,22601
2025-11-03 07:50:47.002,358,22601
2025-11-03 07:50:47.002,358,22602
2025-11-03 07:50:47.002,358,21692
2025-11-03 07:50:47.002,358,21691
2025-11-03 07:50:48.001,362,22689
2025-11-03 07:50:48.001,362,22689
2025-11-03 07:50:48.002,362,22689
2025-11-03 07:50:48.002,362,22689
2025-11-03 07:50:48.002,362,22616
2025-11-03 07:50:48.002,362,22616
2025-11-03 07:50:48.003,362,22616
2025-11-03 07:50:48.003,362,22615
2025-11-03 07:50:49.000,366,23613
2025-11-03 07:50:49.001,366,23613
2025-11-03 07:50:49.002,366,23536
2025-11-03 07:50:49.003,366,23538
2025-11-03 07:50:49.003,366,23538
2025-11-03 07:50:49.003,366,23539
2025-11-03 07:50:49.004,366,23538
2025-11-03 07:50:49.004,366,23538
2025-11-03 07:50:50.000,362,23673
2025-11-03 07:50:50.001,362,23672
2025-11-03 07:50:50.001,362,23672
2025-11-03 07:50:50.002,362,23672
2025-11-03 07:50:50.003,362,23673
2025-11-03 07:50:50.003,362,23673
2025-11-03 07:50:50.003,362,23594
2025-11-03 07:50:50.003,362,23594
2025-11-03 07:50:51.001,358,24591
2025-11-03 07:50:51.001,358,24591
2025-11-03 07:50:51.002,358,24591
2025-11-03 07:50:51.002,358,24591
2025-11-03 07:50:51.002,358,24513
2025-11-03 07:50:51.003,358,24513
2025-11-03 07:50:51.003,358,24513
2025-11-03 07:50:51.003,358,24513
2025-11-03 07:50:52.000,354,25510
2025-11-03 07:50:52.001,354,25510
2025-11-03 07:50:52.001,354,24707
2025-11-03 07:50:52.001,354,24708
2025-11-03 07:50:52.002,354,24708
2025-11-03 07:50:52.002,354,24708
2025-11-03 07:50:52.002,354,24709
2025-11-03 07:50:52.002,354,24709
2025-11-03 07:50:53.000,354,25636
2025-11-03 07:50:53.000,354,25636
2025-11-03 07:50:53.001,354,25636
2025-11-03 07:50:53.001,354,25635
2025-11-03 07:50:53.001,354,25636
2025-11-03 07:50:53.001,354,25635
2025-11-03 07:50:53.002,354,25565
2025-11-03 07:50:53.002,354,25565
2025-11-03 07:50:54.000,354,26564
2025-11-03 07:50:54.001,354,26563
2025-11-03 07:50:54.002,354,26563
2025-11-03 07:50:54.002,354,26564
2025-11-03 07:50:54.002,354,26493
2025-11-03 07:50:54.003,354,26493
2025-11-03 07:50:54.003,354,26493
2025-11-03 07:50:54.003,354,26493
2025-11-03 07:50:55.000,358,27490
2025-11-03 07:50:55.001,358,27490
2025-11-03 07:50:55.002,358,26673
2025-11-03 07:50:55.002,358,26674
2025-11-03 07:50:55.002,358,26674
2025-11-03 07:50:55.003,358,26674
2025-11-03 07:50:55.003,358,26674
2025-11-03 07:50:55.003,358,26674
2025-11-03 07:50:56.001,354,26729
2025-11-03 07:50:56.002,354,26729
2025-11-03 07:50:56.002,354,26727
2025-11-03 07:50:56.003,354,26727
2025-11-03 07:50:56.003,354,26728
2025-11-03 07:50:56.003,354,26728
2025-11-03 07:50:56.003,354,26654
2025-11-03 07:50:56.004,354,26654
2025-11-03 07:50:57.002,350,27652
2025-11-03 07:50:57.002,350,27652
2025-11-03 07:50:57.002,350,27652
2025-11-03 07:50:57.003,350,27652
2025-11-03 07:50:57.003,350,27582
2025-11-03 07:50:57.003,350,27583
2025-11-03 07:50:57.004,350,27583
2025-11-03 07:50:57.004,350,27583
2025-11-03 07:50:58.000,350,28579
2025-11-03 07:50:58.001,350,28579
2025-11-03 07:50:58.002,350,27698
2025-11-03 07:50:58.002,350,27699
2025-11-03 07:50:58.003,350,27700
2025-11-03 07:50:58.004,350,27700
2025-11-03 07:50:58.004,350,27700
2025-11-03 07:50:58.004,350,27701
2025-11-03 07:50:59.001,350,28624
2025-11-03 07:50:59.002,350,28623
2025-11-03 07:50:59.002,350,28623
2025-11-03 07:50:59.002,350,28623
2025-11-03 07:50:59.003,350,28623
2025-11-03 07:50:59.003,350,28622
2025-11-03 07:50:59.003,350,28553
2025-11-03 07:50:59.004,350,28552
2025-11-03 07:51:00.000,350,29549
2025-11-03 07:51:00.001,350,29549
2025-11-03 07:51:00.002,350,29549
2025-11-03 07:51:00.003,350,29549
2025-11-03 07:51:00.003,350,28695
2025-11-03 07:51:00.003,350,28695
2025-11-03 07:51:00.004,350,28695
2025-11-03 07:51:00.004,350,28696
2025-11-03 07:51:01.000,346,29692
2025-11-03 07:51:01.001,346,29691
2025-11-03 07:51:01.001,346,29589
2025-11-03 07:51:01.002,346,29590
2025-11-03 07:51:01.002,346,29589
2025-11-03 07:51:01.003,346,29590
2025-11-03 07:51:01.003,346,29590
2025-11-03 07:51:01.004,346,29590
2025-11-03 07:51:02.001,346,30510
2025-11-03 07:51:02.001,346,30509
2025-11-03 07:51:02.002,346,30509
2025-11-03 07:51:02.002,346,30507
2025-11-03 07:51:02.002,346,30507
2025-11-03 07:51:02.003,346,30507
2025-11-03 07:51:02.003,346,29733
2025-11-03 07:51:02.004,346,29733
2025-11-03 07:51:03.001,342,30731
2025-11-03 07:51:03.001,342,30730
2025-11-03 07:51:03.002,342,30730
2025-11-03 07:51:03.002,342,30659
2025-11-03 07:51:03.002,342,30659
2025-11-03 07:51:03.002,342,30659
2025-11-03 07:51:03.003,342,30658
2025-11-03 07:51:03.003,342,30658
2025-11-03 07:51:04.000,338,31587
2025-11-03 07:51:04.001,338,31587
2025-11-03 07:51:04.001,338,31586
2025-11-03 07:51:04.002,338,31587
2025-11-03 07:51:04.003,338,31586
2025-11-03 07:51:04.003,338,31516
2025-11-03 07:51:04.004,338,31517
2025-11-03 07:51:04.004,338,31517
2025-11-03 07:51:05.001,334,32515
2025-11-03 07:51:05.001,334,32515
2025-11-03 07:51:05.001,334,31674
2025-11-03 07:51:05.001,334,31673
2025-11-03 07:51:05.002,334,31673
2025-11-03 07:51:05.002,334,31673
2025-11-03 07:51:05.002,334,31674
2025-11-03 07:51:05.002,334,31605
2025-11-03 07:51:06.001,326,32604
2025-11-03 07:51:06.001,326,32604
2025-11-03 07:51:06.001,326,32603
2025-11-03 07:51:06.002,326,32603
2025-11-03 07:51:06.002,326,32532
2025-11-03 07:51:06.002,326,32533
2025-11-03 07:51:06.002,326,32532
2025-11-03 07:51:06.002,326,32532
2025-11-03 07:51:07.001,322,33531
2025-11-03 07:51:07.002,322,32738
2025-11-03 07:51:07.003,322,32737
2025-11-03 07:51:07.003,322,32738
2025-11-03 07:51:07.003,322,32739
2025-11-03 07:51:07.004,322,32739
2025-11-03 07:51:07.004,322,32664
2025-11-03 07:51:07.004,322,32664
2025-11-03 07:51:08.001,318,33660
2025-11-03 07:51:08.002,318,33660
2025-11-03 07:51:08.002,318,33660
2025-11-03 07:51:08.003,318,32729
2025-11-03 07:51:08.003,318,32728
2025-11-03 07:51:08.003,318,32727
2025-11-03 07:51:08.004,318,32727
2025-11-03 07:51:08.004,318,32727
2025-11-03 07:51:09.000,310,33655
2025-11-03 07:51:09.001,310,33655
2025-11-03 07:51:09.002,310,33655
2025-11-03 07:51:09.002,310,33655
2025-11-03 07:51:09.003,310,33656
2025-11-03 07:51:09.003,310,33585
2025-11-03 07:51:09.003,310,33585
2025-11-03 07:51:09.004,310,33585
2025-11-03 07:51:10.001,306,34583
2025-11-03 07:51:10.002,306,34582
2025-11-03 07:51:10.002,306,33657
2025-11-03 07:51:10.003,306,33658
2025-11-03 07:51:10.003,306,33658
2025-11-03 07:51:10.003,306,33658
2025-11-03 07:51:10.004,306,33658
2025-11-03 07:51:10.004,306,33590
2025-11-03 07:51:11.000,298,34586
2025-11-03 07:51:11.001,298,34586
2025-11-03 07:51:11.001,298,34585
2025-11-03 07:51:11.001,298,34586
2025-11-03 07:51:11.002,298,33675
2025-11-03 07:51:11.002,298,33674
2025-11-03 07:51:11.003,298,33675
2025-11-03 07:51:11.003,298,33675
2025-11-03 07:51:12.001,294,34674
2025-11-03 07:51:12.002,294,34605
2025-11-03 07:51:12.002,294,34605
2025-11-03 07:51:12.003,294,34606
2025-11-03 07:51:12.003,294,34606
2025-11-03 07:51:12.003,294,34606
2025-11-03 07:51:12.004,294,34538
2025-11-03 07:51:12.004,294,34538
2025-11-03 07:51:13.001,286,35535
2025-11-03 07:51:13.001,286,35535
2025-11-03 07:51:13.002,286,35535
2025-11-03 07:51:13.002,286,34699
2025-11-03 07:51:13.002,286,34699
2025-11-03 07:51:13.002,286,34699
2025-11-03 07:51:13.002,286,34698
2025-11-03 07:51:13.003,286,34698
2025-11-03 07:51:14.002,282,35627
2025-11-03 07:51:14.003,282,35626
2025-11-03 07:51:14.004,282,35626
2025-11-03 07:51:14.004,282,35627
2025-11-03 07:51:14.004,282,35628
2025-11-03 07:51:14.005,282,35561
2025-11-03 07:51:14.005,282,35561
2025-11-03 07:51:14.006,282,35561
2025-11-03 07:51:15.001,274,36557
2025-11-03 07:51:15.002,274,36557
2025-11-03 07:51:15.002,274,36485
2025-11-03 07:51:15.002,274,36486
2025-11-03 07:51:15.002,274,36486
2025-11-03 07:51:15.003,274,36485
2025-11-03 07:51:15.003,274,36486
2025-11-03 07:51:15.003,274,36415
2025-11-03 07:51:16.001,270,37412
2025-11-03 07:51:16.001,270,37412
2025-11-03 07:51:16.002,270,37412
2025-11-03 07:51:16.002,270,37412
2025-11-03 07:51:16.002,270,36700
2025-11-03 07:51:16.002,270,36700
2025-11-03 07:51:16.002,270,36699
2025-11-03 07:51:16.003,270,36699
2025-11-03 07:51:17.001,266,37698
2025-11-03 07:51:17.001,266,37603
2025-11-03 07:51:17.002,266,37602
2025-11-03 07:51:17.002,266,37602
2025-11-03 07:51:17.002,266,37603
2025-11-03 07:51:17.003,266,37602
2025-11-03 07:51:17.003,266,37534
2025-11-03 07:51:17.003,266,37535
2025-11-03 07:51:18.001,266,38532
2025-11-03 07:51:18.002,266,38532
2025-11-03 07:51:18.002,266,38532
2025-11-03 07:51:18.003,266,38464
2025-11-03 07:51:18.003,266,38464
2025-11-03 07:51:18.003,266,38465
2025-11-03 07:51:18.004,266,38465
2025-11-03 07:51:18.004,266,38460
2025-11-03 07:51:19.000,266,38683
2025-11-03 07:51:19.001,266,38683
2025-11-03 07:51:19.002,266,38683
2025-11-03 07:51:19.002,266,38683
2025-11-03 07:51:19.002,266,38684
2025-11-03 07:51:19.003,266,38613
2025-11-03 07:51:19.003,266,38612
2025-11-03 07:51:19.003,266,38613
2025-11-03 07:51:20.001,239,39610
2025-11-03 07:51:20.001,239,39610
2025-11-03 07:51:20.002,239,39542
2025-11-03 07:51:20.003,239,39542
2025-11-03 07:51:20.003,239,39542
2025-11-03 07:51:20.003,239,39543
2025-11-03 07:51:20.004,239,39543
2025-11-03 07:51:20.005,239,38692
2025-11-03 07:51:21.001,239,39689
2025-11-03 07:51:21.001,239,39689
2025-11-03 07:51:21.001,239,39688
2025-11-03 07:51:21.001,239,39688
2025-11-03 07:51:21.002,239,39620
2025-11-03 07:51:21.002,239,39621
2025-11-03 07:51:21.002,239,39621
2025-11-03 07:51:21.002,239,39620
2025-11-03 07:51:22.001,231,40619
2025-11-03 07:51:22.002,231,40548
2025-11-03 07:51:22.002,231,40548
2025-11-03 07:51:22.002,231,40549
2025-11-03 07:51:22.003,231,40548
2025-11-03 07:51:22.003,231,40548
2025-11-03 07:51:22.003,231,40481
2025-11-03 07:51:22.003,231,40480
2025-11-03 07:51:23.000,228,41477
2025-11-03 07:51:23.000,228,41476
2025-11-03 07:51:23.001,228,41476
2025-11-03 07:51:23.001,228,40713
2025-11-03 07:51:23.002,228,40713
2025-11-03 07:51:23.002,228,40712
2025-11-03 07:51:23.002,228,40713
2025-11-03 07:51:23.002,228,40713
2025-11-03 07:51:24.000,220,41630
2025-11-03 07:51:24.001,220,41630
2025-11-03 07:51:24.002,220,41630
2025-11-03 07:51:24.002,220,41631
2025-11-03 07:51:24.003,220,41631
2025-11-03 07:51:24.003,220,41557
2025-11-03 07:51:24.003,220,41557
2025-11-03 07:51:24.003,220,41556
2025-11-03 07:51:25.002,217,42555
2025-11-03 07:51:25.002,217,42555
2025-11-03 07:51:25.003,217,42470
2025-11-03 07:51:25.004,217,42470
2025-11-03 07:51:25.004,217,42471
2025-11-03 07:51:25.004,217,42471
2025-11-03 07:51:25.005,217,42471
2025-11-03 07:51:25.005,217,41696
2025-11-03 07:51:26.001,217,42693
2025-11-03 07:51:26.002,217,42692
2025-11-03 07:51:26.002,217,42692
2025-11-03 07:51:26.003,217,42693
2025-11-03 07:51:26.003,217,42621
2025-11-03 07:51:26.003,217,42621
2025-11-03 07:51:26.003,217,42621
2025-11-03 07:51:26.003,217,42620
2025-11-03 07:51:27.001,198,43618
2025-11-03 07:51:27.001,198,43540
2025-11-03 07:51:27.002,198,43540
2025-11-03 07:51:27.002,198,43540
2025-11-03 07:51:27.002,198,43541
2025-11-03 07:51:27.002,198,43541
2025-11-03 07:51:27.003,198,42710
2025-11-03 07:51:27.003,198,42710
2025-11-03 07:51:28.000,198,43707
2025-11-03 07:51:28.001,198,43707
2025-11-03 07:51:28.002,198,43638
2025-11-03 07:51:28.002,198,43639
2025-11-03 07:51:28.002,198,43640
2025-11-03 07:51:28.002,198,43639
2025-11-03 07:51:28.003,198,42731
2025-11-03 07:51:28.003,198,42730
2025-11-03 07:51:29.000,189,43728
2025-11-03 07:51:29.001,189,43728
2025-11-03 07:51:29.001,189,43656
2025-11-03 07:51:29.002,189,43657
2025-11-03 07:51:29.002,189,43656
2025-11-03 07:51:29.002,189,43657
2025-11-03 07:51:29.003,189,43588
2025-11-03 07:51:29.004,189,43587
2025-11-03 07:51:30.000,189,44585
2025-11-03 07:51:30.001,189,44585
2025-11-03 07:51:30.002,189,43682
2025-11-03 07:51:30.002,189,43683
2025-11-03 07:51:30.002,189,43683
2025-11-03 07:51:30.003,189,43681
2025-11-03 07:51:30.003,189,43611
2025-11-03 07:51:30.003,189,43611
2025-11-03 07:51:31.000,189,44608
2025-11-03 07:51:31.001,189,44607
2025-11-03 07:51:31.002,189,44538
2025-11-03 07:51:31.002,189,44538
2025-11-03 07:51:31.002,189,44539
2025-11-03 07:51:31.003,189,44539
2025-11-03 07:51:31.003,189,43675
2025-11-03 07:51:31.003,189,43675
2025-11-03 07:51:32.001,179,44673
2025-11-03 07:51:32.001,179,44672
2025-11-03 07:51:32.002,179,44605
2025-11-03 07:51:32.002,179,44605
2025-11-03 07:51:32.003,179,44605
2025-11-03 07:51:32.003,179,44605
2025-11-03 07:51:32.004,179,43723
2025-11-03 07:51:32.004,179,43723
2025-11-03 07:51:33.000,171,44719
2025-11-03 07:51:33.000,171,44719
2025-11-03 07:51:33.000,171,44651
2025-11-03 07:51:33.001,171,44651
2025-11-03 07:51:33.001,171,44650
2025-11-03 07:51:33.001,171,44651
2025-11-03 07:51:33.001,171,43692
2025-11-03 07:51:33.002,171,43692
2025-11-03 07:51:34.001,170,44692
2025-11-03 07:51:34.001,170,44691
2025-11-03 07:51:34.001,170,43665
2025-11-03 07:51:34.002,170,43664
2025-11-03 07:51:34.002,170,43662
2025-11-03 07:51:34.002,170,43663
2025-11-03 07:51:34.002,170,42697
2025-11-03 07:51:34.003,170,42697
2025-11-03 07:51:35.000,170,43695
2025-11-03 07:51:35.000,170,43695
2025-11-03 07:51:35.001,170,42723
2025-11-03 07:51:35.001,170,42723
2025-11-03 07:51:35.001,170,42724
2025-11-03 07:51:35.002,170,42724
2025-11-03 07:51:35.002,170,42646
2025-11-03 07:51:35.002,170,42647
2025-11-03 07:51:36.000,153,43645
2025-11-03 07:51:36.001,153,43645
2025-11-03 07:51:36.002,153,42720
2025-11-03 07:51:36.003,153,42719
2025-11-03 07:51:36.003,153,42720
2025-11-03 07:51:36.004,153,42721
2025-11-03 07:51:36.004,153,42642
2025-11-03 07:51:36.004,153,42642
2025-11-03 07:51:37.001,153,43638
2025-11-03 07:51:37.002,153,43638
2025-11-03 07:51:37.002,153,43560
2025-11-03 07:51:37.003,153,43560
2025-11-03 07:51:37.003,153,43556
2025-11-03 07:51:37.003,153,43556
2025-11-03 07:51:37.003,153,43451
2025-11-03 07:51:37.004,153,43450
2025-11-03 07:51:38.002,144,44449
2025-11-03 07:51:38.002,144,44449
2025-11-03 07:51:38.003,144,43694
2025-11-03 07:51:38.003,144,43693
2025-11-03 07:51:38.004,144,43694
2025-11-03 07:51:38.004,144,43695
2025-11-03 07:51:38.004,144,42720
2025-11-03 07:51:38.005,144,42720
2025-11-03 07:51:39.001,147,43716
2025-11-03 07:51:39.001,147,43716
2025-11-03 07:51:39.002,147,42705
2025-11-03 07:51:39.002,147,42705
2025-11-03 07:51:39.002,147,42705
2025-11-03 07:51:39.002,147,42704
2025-11-03 07:51:39.003,147,41725
2025-11-03 07:51:39.003,147,41726
2025-11-03 07:51:40.000,147,42722
2025-11-03 07:51:40.001,147,42722
2025-11-03 07:51:40.001,147,42651
2025-11-03 07:51:40.001,147,42651
2025-11-03 07:51:40.001,147,42651
2025-11-03 07:51:40.002,147,42651
2025-11-03 07:51:40.002,147,41740
2025-11-03 07:51:40.002,147,41740
2025-11-03 07:51:41.000,144,42738
2025-11-03 07:51:41.000,144,42737
2025-11-03 07:51:41.001,144,42666
2025-11-03 07:51:41.001,144,42665
2025-11-03 07:51:41.001,144,42666
2025-11-03 07:51:41.001,144,42666
2025-11-03 07:51:41.002,144,41705
2025-11-03 07:51:41.002,144,41704
2025-11-03 07:51:42.000,129,42703
2025-11-03 07:51:42.001,129,42703
2025-11-03 07:51:42.002,129,42633
2025-11-03 07:51:42.002,129,42634
2025-11-03 07:51:42.002,129,42634
2025-11-03 07:51:42.002,129,42634
2025-11-03 07:51:42.003,129,41674
2025-11-03 07:51:42.003,129,41674
2025-11-03 07:51:43.001,129,42673
2025-11-03 07:51:43.001,129,42673
2025-11-03 07:51:43.001,129,42599
2025-11-03 07:51:43.002,129,42598
2025-11-03 07:51:43.002,129,42598
2025-11-03 07:51:43.002,129,42599
2025-11-03 07:51:43.003,129,41670
2025-11-03 07:51:43.003,129,41669
2025-11-03 07:51:44.001,121,42668
2025-11-03 07:51:44.001,121,42668
2025-11-03 07:51:44.002,121,41675
2025-11-03 07:51:44.002,121,41674
2025-11-03 07:51:44.003,121,41675
2025-11-03 07:51:44.003,121,41675
2025-11-03 07:51:44.003,121,40705
2025-11-03 07:51:44.003,121,40705
2025-11-03 07:51:45.000,131,41701
2025-11-03 07:51:45.001,131,41701
2025-11-03 07:51:45.001,131,40698
2025-11-03 07:51:45.001,131,40699
2025-11-03 07:51:45.002,131,40699
2025-11-03 07:51:45.002,131,40699
2025-11-03 07:51:45.002,131,38718
2025-11-03 07:51:45.003,131,38718
2025-11-03 07:51:46.001,132,39716
2025-11-03 07:51:46.002,132,39716
2025-11-03 07:51:46.002,132,38687
2025-11-03 07:51:46.002,132,38687
2025-11-03 07:51:46.003,132,38687
2025-11-03 07:51:46.003,132,38686
2025-11-03 07:51:46.003,132,36692
2025-11-03 07:51:46.003,132,36692
2025-11-03 07:51:47.001,130,37690
2025-11-03 07:51:47.002,130,37689
2025-11-03 07:51:47.003,130,35728
2025-11-03 07:51:47.003,130,35728
2025-11-03 07:51:47.004,130,35729
2025-11-03 07:51:47.004,130,35729
2025-11-03 07:51:47.004,130,33717
2025-11-03 07:51:47.004,130,33716
2025-11-03 07:51:48.001,143,34713
2025-11-03 07:51:48.002,143,34712
2025-11-03 07:51:48.002,143,32717
2025-11-03 07:51:48.003,143,32717
2025-11-03 07:51:48.003,143,32717
2025-11-03 07:51:48.004,143,32718
2025-11-03 07:51:48.004,143,31700
2025-11-03 07:51:48.005,143,31699
2025-11-03 07:51:49.001,138,32696
2025-11-03 07:51:49.002,138,32696
2025-11-03 07:51:49.002,138,29692
2025-11-03 07:51:49.003,138,29693
2025-11-03 07:51:49.003,138,29693
2025-11-03 07:51:49.003,138,29694
2025-11-03 07:51:49.004,138,29694
2025-11-03 07:51:49.004,138,26733
2025-11-03 07:51:50.001,138,27731
2025-11-03 07:51:50.001,138,27730
2025-11-03 07:51:50.001,138,27730
2025-11-03 07:51:50.002,138,27730
2025-11-03 07:51:50.002,138,25734
2025-11-03 07:51:50.002,138,25734
2025-11-03 07:51:50.002,138,25734
2025-11-03 07:51:50.003,138,25734
2025-11-03 07:51:51.002,137,26733
2025-11-03 07:51:51.002,137,24711
2025-11-03 07:51:51.002,137,24710
2025-11-03 07:51:51.003,137,24710
2025-11-03 07:51:51.003,137,24711
2025-11-03 07:51:51.003,137,24710
2025-11-03 07:51:51.004,137,24710
2025-11-03 07:51:51.004,137,22725
2025-11-03 07:51:52.000,136,23720
2025-11-03 07:51:52.001,136,23720
2025-11-03 07:51:52.001,136,23720
2025-11-03 07:51:52.002,136,23720
2025-11-03 07:51:52.003,136,23720
2025-11-03 07:51:52.003,136,20733
2025-11-03 07:51:52.003,136,20734
2025-11-03 07:51:52.004,136,20734
2025-11-03 07:51:52.999,136,21729
2025-11-03 07:51:53.000,136,21729
2025-11-03 07:51:53.000,136,21729
2025-11-03 07:51:53.000,136,19727
2025-11-03 07:51:53.000,136,19726
2025-11-03 07:51:53.001,136,19726
2025-11-03 07:51:53.001,136,19725
2025-11-03 07:51:53.001,136,19726
2025-11-03 07:51:54.001,136,20726
2025-11-03 07:51:54.001,136,20725
2025-11-03 07:51:54.002,136,18726
2025-11-03 07:51:54.002,136,18727
2025-11-03 07:51:54.003,136,18726
2025-11-03 07:51:54.003,136,18725
2025-11-03 07:51:54.004,136,18726
2025-11-03 07:51:54.004,136,18726
2025-11-03 07:51:55.000,132,19722
2025-11-03 07:51:55.000,132,17732
2025-11-03 07:51:55.001,132,17731
2025-11-03 07:51:55.001,132,17730
2025-11-03 07:51:55.001,132,17730
2025-11-03 07:51:55.002,132,17730
2025-11-03 07:51:55.002,132,17730
2025-11-03 07:51:55.002,132,17731
2025-11-03 07:51:56.001,136,17697
2025-11-03 07:51:56.002,136,17697
2025-11-03 07:51:56.003,136,17696
2025-11-03 07:51:56.003,136,17697
2025-11-03 07:51:56.003,136,17698
2025-11-03 07:51:56.004,136,17697
2025-11-03 07:51:56.004,136,17697
2025-11-03 07:51:56.005,136,17698
2025-11-03 07:51:57.001,141,15736
2025-11-03 07:51:57.002,141,15735
2025-11-03 07:51:57.003,141,15735
2025-11-03 07:51:57.003,141,15736
2025-11-03 07:51:57.003,141,15736
2025-11-03 07:51:57.004,141,15736
2025-11-03 07:51:57.004,141,15736
2025-11-03 07:51:57.004,141,15736
2025-11-03 07:51:58.000,141,16732
2025-11-03 07:51:58.001,141,14720
2025-11-03 07:51:58.001,141,14719
2025-11-03 07:51:58.002,141,14720
2025-11-03 07:51:58.002,141,14721
2025-11-03 07:51:58.002,141,14721
2025-11-03 07:51:58.003,141,14720
2025-11-03 07:51:58.003,141,14720
2025-11-03 07:51:59.001,130,15719
2025-11-03 07:51:59.001,130,15719
2025-11-03 07:51:59.002,130,14727
2025-11-03 07:51:59.003,130,14726
2025-11-03 07:51:59.003,130,14726
2025-11-03 07:51:59.003,130,14726
2025-11-03 07:51:59.004,130,14725
2025-11-03 07:51:59.004,130,14725
2025-11-03 07:52:00.001,122,15723
2025-11-03 07:52:00.001,122,15723
2025-11-03 07:52:00.002,122,15723
2025-11-03 07:52:00.002,122,14737
2025-11-03 07:52:00.002,122,14738
2025-11-03 07:52:00.003,122,14737
2025-11-03 07:52:00.003,122,14737
2025-11-03 07:52:00.003,122,14738
2025-11-03 07:52:01.000,122,15734
2025-11-03 07:52:01.001,122,15734
2025-11-03 07:52:01.001,122,15733
2025-11-03 07:52:01.001,122,15734
2025-11-03 07:52:01.002,122,14707
2025-11-03 07:52:01.002,122,14707
2025-11-03 07:52:01.002,122,14708
2025-11-03 07:52:01.002,122,14707
2025-11-03 07:52:02.001,122,15706
2025-11-03 07:52:02.002,122,15705
2025-11-03 07:52:02.003,122,15701
2025-11-03 07:52:02.003,122,15702
2025-11-03 07:52:02.004,122,15703
2025-11-03 07:52:02.004,122,15631
2025-11-03 07:52:02.004,122,15632
2025-11-03 07:52:02.005,122,15632
2025-11-03 07:52:03.001,120,16628
2025-11-03 07:52:03.002,120,16628
2025-11-03 07:52:03.002,120,16628
2025-11-03 07:52:03.002,120,16629
2025-11-03 07:52:03.003,120,16629
2025-11-03 07:52:03.003,120,16628
2025-11-03 07:52:03.003,120,15702
2025-11-03 07:52:03.003,120,15702
2025-11-03 07:52:04.000,120,16698
2025-11-03 07:52:04.001,120,16698
2025-11-03 07:52:04.001,120,16698
2025-11-03 07:52:04.001,120,16698
2025-11-03 07:52:04.002,120,16698
2025-11-03 07:52:04.002,120,16698
2025-11-03 07:52:04.002,120,16699
2025-11-03 07:52:04.002,120,16695
2025-11-03 07:52:05.000,114,16735
2025-11-03 07:52:05.001,114,16735
2025-11-03 07:52:05.001,114,16734
2025-11-03 07:52:05.001,114,16735
2025-11-03 07:52:05.001,114,16734
2025-11-03 07:52:05.002,114,16734
2025-11-03 07:52:05.002,114,16735
2025-11-03 07:52:05.002,114,16735
2025-11-03 07:52:06.000,107,17733
2025-11-03 07:52:06.000,107,17733
2025-11-03 07:52:06.001,107,15734
2025-11-03 07:52:06.001,107,15733
2025-11-03 07:52:06.001,107,15734
2025-11-03 07:52:06.002,107,15734
2025-11-03 07:52:06.002,107,15733
2025-11-03 07:52:06.002,107,15734
2025-11-03 07:52:07.001,107,16733
2025-11-03 07:52:07.001,107,16732
2025-11-03 07:52:07.001,107,16731
2025-11-03 07:52:07.002,107,16731
2025-11-03 07:52:07.002,107,15722
2025-11-03 07:52:07.002,107,15723
2025-11-03 07:52:07.002,107,15722
2025-11-03 07:52:07.002,107,15722
2025-11-03 07:52:08.001,115,16719
2025-11-03 07:52:08.001,115,16720
2025-11-03 07:52:08.002,115,16720
2025-11-03 07:52:08.003,115,16721
2025-11-03 07:52:08.003,115,16720
2025-11-03 07:52:08.003,115,16721
2025-11-03 07:52:08.004,115,15727
2025-11-03 07:52:08.004,115,15727
2025-11-03 07:52:09.000,115,16724
2025-11-03 07:52:09.001,115,16724
2025-11-03 07:52:09.001,115,16723
2025-11-03 07:52:09.001,115,16724
2025-11-03 07:52:09.001,115,16723
2025-11-03 07:52:09.001,115,16722
2025-11-03 07:52:09.002,115,16722
2025-11-03 07:52:09.002,115,16722
2025-11-03 07:52:10.000,113,15726
2025-11-03 07:52:10.001,113,15726
2025-11-03 07:52:10.001,113,15725
2025-11-03 07:52:10.001,113,15726
2025-11-03 07:52:10.002,113,15725
2025-11-03 07:52:10.002,113,15726
2025-11-03 07:52:10.002,113,15726
2025-11-03 07:52:10.002,113,15726
2025-11-03 07:52:11.001,113,16725
2025-11-03 07:52:11.001,113,16724
2025-11-03 07:52:11.001,113,15700
2025-11-03 07:52:11.002,113,15700
2025-11-03 07:52:11.002,113,15700
2025-11-03 07:52:11.002,113,15700
2025-11-03 07:52:11.002,113,15700
2025-11-03 07:52:11.003,113,15699
2025-11-03 07:52:12.001,108,16698
2025-11-03 07:52:12.001,108,16698
2025-11-03 07:52:12.001,108,16698
2025-11-03 07:52:12.002,108,16698
2025-11-03 07:52:12.002,108,15701
2025-11-03 07:52:12.002,108,15701
2025-11-03 07:52:12.002,108,15701
2025-11-03 07:52:12.003,108,15701
2025-11-03 07:52:13.000,112,16699
2025-11-03 07:52:13.001,112,16698
2025-11-03 07:52:13.001,112,16698
2025-11-03 07:52:13.001,112,16698
2025-11-03 07:52:13.001,112,16697
2025-11-03 07:52:13.002,112,16696
2025-11-03 07:52:13.002,112,16696
2025-11-03 07:52:13.002,112,14722
2025-11-03 07:52:14.001,116,15721
2025-11-03 07:52:14.001,116,15720
2025-11-03 07:52:14.001,116,15720
2025-11-03 07:52:14.002,116,15720
2025-11-03 07:52:14.002,116,15721
2025-11-03 07:52:14.003,116,15720
2025-11-03 07:52:14.003,116,15720
2025-11-03 07:52:14.003,116,15721
2025-11-03 07:52:15.001,118,16719
2025-11-03 07:52:15.001,118,16717
2025-11-03 07:52:15.001,118,14689
2025-11-03 07:52:15.001,118,14689
2025-11-03 07:52:15.001,118,14688
2025-11-03 07:52:15.002,118,14687
2025-11-03 07:52:15.002,118,14688
2025-11-03 07:52:15.002,118,14687
2025-11-03 07:52:16.001,118,15686
2025-11-03 07:52:16.002,118,15685
2025-11-03 07:52:16.002,118,15685
2025-11-03 07:52:16.002,118,15686
2025-11-03 07:52:16.002,118,15685
2025-11-03 07:52:16.003,118,13706
2025-11-03 07:52:16.003,118,13706
2025-11-03 07:52:16.004,118,13705
2025-11-03 07:52:17.000,118,14702
2025-11-03 07:52:17.001,118,14701
2025-11-03 07:52:17.001,118,14701
2025-11-03 07:52:17.002,118,14702
2025-11-03 07:52:17.002,118,14702
2025-11-03 07:52:17.003,118,14703
2025-11-03 07:52:17.003,118,14702
2025-11-03 07:52:17.003,118,14703
2025-11-03 07:52:18.001,104,13714
2025-11-03 07:52:18.001,104,13714
2025-11-03 07:52:18.002,104,13714
2025-11-03 07:52:18.002,104,13713
2025-11-03 07:52:18.002,104,13713
2025-11-03 07:52:18.003,104,13713
2025-11-03 07:52:18.003,104,13712
2025-11-03 07:52:18.003,104,13713
2025-11-03 07:52:19.001,136,14709
2025-11-03 07:52:19.001,136,14708
2025-11-03 07:52:19.002,136,14708
2025-11-03 07:52:19.002,136,12723
2025-11-03 07:52:19.003,136,12724
2025-11-03 07:52:19.003,136,12724
2025-11-03 07:52:19.004,136,12725
2025-11-03 07:52:19.004,136,12724
2025-11-03 07:52:20.001,136,13722
2025-11-03 07:52:20.001,136,13722
2025-11-03 07:52:20.001,136,13722
2025-11-03 07:52:20.002,136,13721
2025-11-03 07:52:20.002,136,13719
2025-11-03 07:52:20.002,136,13720
2025-11-03 07:52:20.003,136,13720
2025-11-03 07:52:20.003,136,12696
2025-11-03 07:52:21.000,160,13694
2025-11-03 07:52:21.001,160,13694
2025-11-03 07:52:21.001,160,13693
2025-11-03 07:52:21.001,160,13694
2025-11-03 07:52:21.002,160,13694
2025-11-03 07:52:21.002,160,13694
2025-11-03 07:52:21.002,160,13694
2025-11-03 07:52:21.002,160,13692
2025-11-03 07:52:22.001,179,14691
2025-11-03 07:52:22.001,179,14691
2025-11-03 07:52:22.002,179,14691
2025-11-03 07:52:22.002,179,12720
2025-11-03 07:52:22.003,179,12721
2025-11-03 07:52:22.003,179,12720
2025-11-03 07:52:22.003,179,12721
2025-11-03 07:52:22.003,179,12721
2025-11-03 07:52:22.999,183,13715
2025-11-03 07:52:23.000,183,13715
2025-11-03 07:52:23.000,183,13714
2025-11-03 07:52:23.000,183,13715
2025-11-03 07:52:23.001,183,13715
2025-11-03 07:52:23.001,183,13715
2025-11-03 07:52:23.001,183,13715
2025-11-03 07:52:23.001,183,11734
2025-11-03 07:52:24.000,183,12733
2025-11-03 07:52:24.006,183,12733
2025-11-03 07:52:24.006,183,12732
2025-11-03 07:52:24.007,183,12738
2025-11-03 07:52:24.007,183,12738
2025-11-03 07:52:24.007,183,12738
2025-11-03 07:52:24.008,183,12738
2025-11-03 07:52:24.008,183,12737
2025-11-03 07:52:25.001,182,13731
2025-11-03 07:52:25.001,182,13731
2025-11-03 07:52:25.001,182,13731
2025-11-03 07:52:25.002,182,13731
2025-11-03 07:52:25.002,182,12715
2025-11-03 07:52:25.002,182,12716
2025-11-03 07:52:25.002,182,12716
2025-11-03 07:52:25.003,182,12716
2025-11-03 07:52:26.000,189,13713
2025-11-03 07:52:26.001,189,13712
2025-11-03 07:52:26.001,189,13712
2025-11-03 07:52:26.001,189,13713
2025-11-03 07:52:26.002,189,13712
2025-11-03 07:52:26.002,189,13712
2025-11-03 07:52:26.002,189,13713
2025-11-03 07:52:26.002,189,13713
2025-11-03 07:52:27.001,191,14711
2025-11-03 07:52:27.002,191,13697
2025-11-03 07:52:27.002,191,13697
2025-11-03 07:52:27.002,191,13697
2025-11-03 07:52:27.003,191,13697
2025-11-03 07:52:27.003,191,13696
2025-11-03 07:52:27.003,191,13697
2025-11-03 07:52:27.004,191,13696
2025-11-03 07:52:28.001,191,14692
2025-11-03 07:52:28.001,191,14692
2025-11-03 07:52:28.001,191,14692
2025-11-03 07:52:28.001,191,14692
2025-11-03 07:52:28.002,191,14692
2025-11-03 07:52:28.002,191,14691
2025-11-03 07:52:28.002,191,12708
2025-11-03 07:52:28.003,191,12708
2025-11-03 07:52:29.001,191,13707
2025-11-03 07:52:29.001,191,13707
2025-11-03 07:52:29.001,191,13707
2025-11-03 07:52:29.001,191,13706
2025-11-03 07:52:29.002,191,13706
2025-11-03 07:52:29.002,191,13706
2025-11-03 07:52:29.002,191,13707
2025-11-03 07:52:29.002,191,13707
2025-11-03 07:52:30.000,183,14705
2025-11-03 07:52:30.001,183,14704
2025-11-03 07:52:30.001,183,14704
2025-11-03 07:52:30.001,183,12710
2025-11-03 07:52:30.002,183,12708
2025-11-03 07:52:30.002,183,12706
2025-11-03 07:52:30.002,183,12707
2025-11-03 07:52:30.002,183,12706
2025-11-03 07:52:31.000,188,13704
2025-11-03 07:52:31.001,188,13704
2025-11-03 07:52:31.001,188,13704
2025-11-03 07:52:31.001,188,13705
2025-11-03 07:52:31.002,188,13705
2025-11-03 07:52:31.002,188,13704
2025-11-03 07:52:31.002,188,13705
2025-11-03 07:52:31.002,188,13704
2025-11-03 07:52:32.001,187,14630
2025-11-03 07:52:32.002,187,14629
2025-11-03 07:52:32.002,187,14629
2025-11-03 07:52:32.002,187,14629
2025-11-03 07:52:32.003,187,14629
2025-11-03 07:52:32.003,187,14629
2025-11-03 07:52:32.003,187,14629
2025-11-03 07:52:32.003,187,14629
2025-11-03 07:52:33.000,181,15626
2025-11-03 07:52:33.001,181,15626
2025-11-03 07:52:33.001,181,15626
2025-11-03 07:52:33.001,181,15626
2025-11-03 07:52:33.002,181,15626
2025-11-03 07:52:33.002,181,14694
2025-11-03 07:52:33.002,181,14695
2025-11-03 07:52:33.002,181,14694
2025-11-03 07:52:34.001,196,15693
2025-11-03 07:52:34.001,196,15693
2025-11-03 07:52:34.001,196,15693
2025-11-03 07:52:34.002,196,15692
2025-11-03 07:52:34.002,196,15692
2025-11-03 07:52:34.002,196,15692
2025-11-03 07:52:34.002,196,15692
2025-11-03 07:52:34.002,196,15692
2025-11-03 07:52:35.001,196,16691
2025-11-03 07:52:35.001,196,16691
2025-11-03 07:52:35.002,196,16606
2025-11-03 07:52:35.002,196,16606
2025-11-03 07:52:35.002,196,16607
2025-11-03 07:52:35.003,196,16606
2025-11-03 07:52:35.003,196,16606
2025-11-03 07:52:35.003,196,16606
2025-11-03 07:52:36.000,180,17603
2025-11-03 07:52:36.001,180,17603
2025-11-03 07:52:36.001,180,17603
2025-11-03 07:52:36.001,180,17603
2025-11-03 07:52:36.001,180,17603
2025-11-03 07:52:36.002,180,17602
2025-11-03 07:52:36.002,180,17602
2025-11-03 07:52:36.002,180,16669
2025-11-03 07:52:37.000,180,17666
2025-11-03 07:52:37.001,180,17666
2025-11-03 07:52:37.001,180,17666
2025-11-03 07:52:37.001,180,17667
2025-11-03 07:52:37.002,180,17666
2025-11-03 07:52:37.002,180,17666
2025-11-03 07:52:37.002,180,17666
2025-11-03 07:52:37.003,180,17665
2025-11-03 07:52:38.001,175,18663
2025-11-03 07:52:38.001,175,18663
2025-11-03 07:52:38.002,175,18663
2025-11-03 07:52:38.002,175,18662
2025-11-03 07:52:38.002,175,17708
2025-11-03 07:52:38.003,175,17707
2025-11-03 07:52:38.003,175,17707
2025-11-03 07:52:38.003,175,17708
2025-11-03 07:52:39.000,186,18705
2025-11-03 07:52:39.001,186,18704
2025-11-03 07:52:39.001,186,18704
2025-11-03 07:52:39.001,186,18705
2025-11-03 07:52:39.002,186,18705
2025-11-03 07:52:39.002,186,18705
2025-11-03 07:52:39.002,186,18705
2025-11-03 07:52:39.003,186,18705
2025-11-03 07:52:40.002,181,19705
2025-11-03 07:52:40.002,181,19634
2025-11-03 07:52:40.002,181,19634
2025-11-03 07:52:40.003,181,19634
2025-11-03 07:52:40.003,181,19634
2025-11-03 07:52:40.003,181,19634
2025-11-03 07:52:40.003,181,19634
2025-11-03 07:52:40.004,181,19634
2025-11-03 07:52:41.001,181,20632
2025-11-03 07:52:41.001,181,20631
2025-11-03 07:52:41.002,181,20630
2025-11-03 07:52:41.002,181,20630
2025-11-03 07:52:41.002,181,20631
2025-11-03 07:52:41.002,181,20631
2025-11-03 07:52:41.003,181,19673
2025-11-03 07:52:41.003,181,19673
2025-11-03 07:52:42.000,181,20670
2025-11-03 07:52:42.001,181,20670
2025-11-03 07:52:42.001,181,20670
2025-11-03 07:52:42.002,181,20671
2025-11-03 07:52:42.002,181,20670
2025-11-03 07:52:42.002,181,20671
2025-11-03 07:52:42.002,181,20671
2025-11-03 07:52:42.003,181,20670
2025-11-03 07:52:43.001,174,21669
2025-11-03 07:52:43.001,174,21669
2025-11-03 07:52:43.001,174,21668
2025-11-03 07:52:43.002,174,20697
2025-11-03 07:52:43.002,174,20697
2025-11-03 07:52:43.002,174,20697
2025-11-03 07:52:43.003,174,20697
2025-11-03 07:52:43.003,174,20697
2025-11-03 07:52:44.001,178,21695
2025-11-03 07:52:44.002,178,21694
2025-11-03 07:52:44.002,178,21694
2025-11-03 07:52:44.003,178,21695
2025-11-03 07:52:44.003,178,21695
2025-11-03 07:52:44.004,178,21696
2025-11-03 07:52:44.004,178,21696
2025-11-03 07:52:44.004,178,21696
2025-11-03 07:52:45.001,163,22615
2025-11-03 07:52:45.002,163,22615
2025-11-03 07:52:45.002,163,22614
2025-11-03 07:52:45.003,163,22615
2025-11-03 07:52:45.003,163,22615
2025-11-03 07:52:45.003,163,22615
2025-11-03 07:52:45.003,163,22615
2025-11-03 07:52:45.004,163,22614
2025-11-03 07:52:46.001,163,23612
2025-11-03 07:52:46.001,163,23612
2025-11-03 07:52:46.002,163,23612
2025-11-03 07:52:46.002,163,23612
2025-11-03 07:52:46.002,163,23612
2025-11-03 07:52:46.002,163,21734
2025-11-03 07:52:46.003,163,21733
2025-11-03 07:52:46.003,163,21732
2025-11-03 07:52:47.001,158,22730
2025-11-03 07:52:47.001,158,22729
2025-11-03 07:52:47.002,158,22729
2025-11-03 07:52:47.002,158,22725
2025-11-03 07:52:47.003,158,22726
2025-11-03 07:52:47.003,158,22720
2025-11-03 07:52:47.003,158,22721
2025-11-03 07:52:47.003,158,22720
2025-11-03 07:52:48.001,158,23718
2025-11-03 07:52:48.002,158,23717
2025-11-03 07:52:48.002,158,22690
2025-11-03 07:52:48.003,158,22691
2025-11-03 07:52:48.003,158,22690
2025-11-03 07:52:48.003,158,22690
2025-11-03 07:52:48.004,158,22690
2025-11-03 07:52:48.004,158,22690
2025-11-03 07:52:49.001,158,23687
2025-11-03 07:52:49.001,158,23687
2025-11-03 07:52:49.002,158,23687
2025-11-03 07:52:49.002,158,23687
2025-11-03 07:52:49.002,158,23687
2025-11-03 07:52:49.003,158,23686
2025-11-03 07:52:49.003,158,23687
2025-11-03 07:52:49.003,158,21707
2025-11-03 07:52:50.001,156,22704
2025-11-03 07:52:50.002,156,22704
2025-11-03 07:52:50.002,156,22704
2025-11-03 07:52:50.003,156,22705
2025-11-03 07:52:50.003,156,22705
2025-11-03 07:52:50.003,156,22705
2025-11-03 07:52:50.004,156,22705
2025-11-03 07:52:50.004,156,22706
2025-11-03 07:52:51.000,156,23701
2025-11-03 07:52:51.001,156,23701
2025-11-03 07:52:51.001,156,23701
2025-11-03 07:52:51.001,156,21728
2025-11-03 07:52:51.001,156,21727
2025-11-03 07:52:51.002,156,21727
2025-11-03 07:52:51.002,156,21728
2025-11-03 07:52:51.002,156,21728
2025-11-03 07:52:52.001,151,22726
2025-11-03 07:52:52.002,151,22726
2025-11-03 07:52:52.002,151,22726
2025-11-03 07:52:52.002,151,22726
2025-11-03 07:52:52.002,151,22726
2025-11-03 07:52:52.003,151,22726
2025-11-03 07:52:52.003,151,22726
2025-11-03 07:52:52.003,151,21695
2025-11-03 07:52:52.999,162,22690
2025-11-03 07:52:53.000,162,22690
2025-11-03 07:52:53.000,162,22690
2025-11-03 07:52:53.000,162,22691
2025-11-03 07:52:53.001,162,22690
2025-11-03 07:52:53.001,162,22690
2025-11-03 07:52:53.001,162,22691
2025-11-03 07:52:53.002,162,22691
2025-11-03 07:52:54.000,158,23689
2025-11-03 07:52:54.001,158,23689
2025-11-03 07:52:54.001,158,23688
2025-11-03 07:52:54.002,158,21728
2025-11-03 07:52:54.002,158,21726
2025-11-03 07:52:54.002,158,21724
2025-11-03 07:52:54.003,158,21724
2025-11-03 07:52:54.003,158,21723
2025-11-03 07:52:55.001,160,22722
2025-11-03 07:52:55.002,160,22722
2025-11-03 07:52:55.002,160,22722
2025-11-03 07:52:55.002,160,22722
2025-11-03 07:52:55.003,160,22722
2025-11-03 07:52:55.003,160,22723
2025-11-03 07:52:55.003,160,21716
2025-11-03 07:52:55.004,160,21716
2025-11-03 07:52:56.001,160,22713
2025-11-03 07:52:56.002,160,22713
2025-11-03 07:52:56.002,160,22713
2025-11-03 07:52:56.002,160,22714
2025-11-03 07:52:56.002,160,22713
2025-11-03 07:52:56.003,160,22713
2025-11-03 07:52:56.003,160,22713
2025-11-03 07:52:56.003,160,22713
2025-11-03 07:52:57.000,176,23710
2025-11-03 07:52:57.001,176,21718
2025-11-03 07:52:57.001,176,21717
2025-11-03 07:52:57.002,176,21718
2025-11-03 07:52:57.002,176,21717
2025-11-03 07:52:57.002,176,21718
2025-11-03 07:52:57.003,176,21718
2025-11-03 07:52:57.003,176,21718
2025-11-03 07:52:58.000,177,22715
2025-11-03 07:52:58.001,177,22715
2025-11-03 07:52:58.001,177,22714
2025-11-03 07:52:58.001,177,22715
2025-11-03 07:52:58.002,177,20717
2025-11-03 07:52:58.002,177,20716
2025-11-03 07:52:58.002,177,20717
2025-11-03 07:52:58.003,177,20717
2025-11-03 07:52:59.001,174,21715
2025-11-03 07:52:59.001,174,21715
2025-11-03 07:52:59.003,174,21715
2025-11-03 07:52:59.003,174,21715
2025-11-03 07:52:59.003,174,21716
2025-11-03 07:52:59.004,174,21716
2025-11-03 07:52:59.004,174,21716
2025-11-03 07:52:59.004,174,20688
2025-11-03 07:53:00.001,175,21685
2025-11-03 07:53:00.001,175,21684
2025-11-03 07:53:00.002,175,21684
2025-11-03 07:53:00.002,175,21683
2025-11-03 07:53:00.002,175,21684
2025-11-03 07:53:00.003,175,21684
2025-11-03 07:53:00.003,175,21684
2025-11-03 07:53:00.003,175,21685
2025-11-03 07:53:01.001,176,22682
2025-11-03 07:53:01.002,176,22682
2025-11-03 07:53:01.002,176,21656
2025-11-03 07:53:01.003,176,21656
2025-11-03 07:53:01.003,176,21656
2025-11-03 07:53:01.003,176,21656
2025-11-03 07:53:01.003,176,21656
2025-11-03 07:53:01.003,176,21656
2025-11-03 07:53:02.001,186,22653
2025-11-03 07:53:02.002,186,22653
2025-11-03 07:53:02.002,186,22652
2025-11-03 07:53:02.002,186,22653
2025-11-03 07:53:02.003,186,22653
2025-11-03 07:53:02.003,186,19738
2025-11-03 07:53:02.003,186,19737
2025-11-03 07:53:02.004,186,19737
2025-11-03 07:53:03.001,178,20735
2025-11-03 07:53:03.002,178,20734
2025-11-03 07:53:03.002,178,20734
2025-11-03 07:53:03.002,178,20735
2025-11-03 07:53:03.002,178,20734
2025-11-03 07:53:03.003,178,20734
2025-11-03 07:53:03.003,178,20734
2025-11-03 07:53:03.003,178,20735
2025-11-03 07:53:04.001,177,20701
2025-11-03 07:53:04.001,177,20701
2025-11-03 07:53:04.002,177,20700
2025-11-03 07:53:04.002,177,20700
2025-11-03 07:53:04.003,177,20701
2025-11-03 07:53:04.003,177,20702
2025-11-03 07:53:04.003,177,20701
2025-11-03 07:53:04.003,177,20701
2025-11-03 07:53:05.001,185,21698
2025-11-03 07:53:05.002,185,21698
2025-11-03 07:53:05.002,185,21698
2025-11-03 07:53:05.003,185,19714
2025-11-03 07:53:05.003,185,19714
2025-11-03 07:53:05.003,185,19715
2025-11-03 07:53:05.003,185,19714
2025-11-03 07:53:05.003,185,19714
2025-11-03 07:53:06.001,179,20712
2025-11-03 07:53:06.002,179,20711
2025-11-03 07:53:06.002,179,20711
2025-11-03 07:53:06.002,179,20712
2025-11-03 07:53:06.002,179,20712
2025-11-03 07:53:06.002,179,20711
2025-11-03 07:53:06.003,179,18711
2025-11-03 07:53:06.003,179,18711
2025-11-03 07:53:07.001,186,19709
2025-11-03 07:53:07.001,186,19708
2025-11-03 07:53:07.002,186,19708
2025-11-03 07:53:07.002,186,19708
2025-11-03 07:53:07.002,186,19708
2025-11-03 07:53:07.003,186,19708
2025-11-03 07:53:07.003,186,19707
2025-11-03 07:53:07.003,186,19707
2025-11-03 07:53:08.000,185,20704
2025-11-03 07:53:08.001,185,18707
2025-11-03 07:53:08.001,185,18707
2025-11-03 07:53:08.002,185,18707
2025-11-03 07:53:08.002,185,18707
2025-11-03 07:53:08.002,185,18707
2025-11-03 07:53:08.002,185,18707
2025-11-03 07:53:08.003,185,18707
2025-11-03 07:53:09.001,180,19705
2025-11-03 07:53:09.002,180,19705
2025-11-03 07:53:09.002,180,19705
2025-11-03 07:53:09.003,180,19706
2025-11-03 07:53:09.003,180,17710
2025-11-03 07:53:09.003,180,17710
2025-11-03 07:53:09.003,180,17710
2025-11-03 07:53:09.004,180,17710
2025-11-03 07:53:10.000,176,18707
2025-11-03 07:53:10.000,176,18706
2025-11-03 07:53:10.000,176,18706
2025-11-03 07:53:10.001,176,18706
2025-11-03 07:53:10.001,176,18706
2025-11-03 07:53:10.001,176,18706
2025-11-03 07:53:10.001,176,18706
2025-11-03 07:53:10.002,176,17737
2025-11-03 07:53:11.001,184,18737
2025-11-03 07:53:11.002,184,18736
2025-11-03 07:53:11.002,184,18736
2025-11-03 07:53:11.002,184,18737
2025-11-03 07:53:11.002,184,18737
2025-11-03 07:53:11.003,184,18737
2025-11-03 07:53:11.003,184,18738
2025-11-03 07:53:11.003,184,18737
2025-11-03 07:53:12.001,178,19735
2025-11-03 07:53:12.001,178,19735
2025-11-03 07:53:12.001,178,18722
2025-11-03 07:53:12.002,178,18721
2025-11-03 07:53:12.002,178,18721
2025-11-03 07:53:12.002,178,18722
2025-11-03 07:53:12.002,178,18722
2025-11-03 07:53:12.002,178,18721
2025-11-03 07:53:13.001,178,19720
2025-11-03 07:53:13.001,178,19720
2025-11-03 07:53:13.001,178,19720
2025-11-03 07:53:13.002,178,19719
2025-11-03 07:53:13.002,178,19719
2025-11-03 07:53:13.002,178,18685
2025-11-03 07:53:13.003,178,18685
2025-11-03 07:53:13.003,178,18684
2025-11-03 07:53:14.000,178,19682
2025-11-03 07:53:14.000,178,19682
2025-11-03 07:53:14.001,178,19682
2025-11-03 07:53:14.001,178,19683
2025-11-03 07:53:14.001,178,19682
2025-11-03 07:53:14.001,178,19682
2025-11-03 07:53:14.001,178,19681
2025-11-03 07:53:14.002,178,19681
2025-11-03 07:53:15.000,173,19713
2025-11-03 07:53:15.000,173,19713
2025-11-03 07:53:15.001,173,19712
2025-11-03 07:53:15.001,173,19712
2025-11-03 07:53:15.001,173,19713
2025-11-03 07:53:15.002,173,19712
2025-11-03 07:53:15.002,173,19712
2025-11-03 07:53:15.002,173,19712
2025-11-03 07:53:16.001,173,20711
2025-11-03 07:53:16.001,173,20711
2025-11-03 07:53:16.002,173,20711
2025-11-03 07:53:16.002,173,19691
2025-11-03 07:53:16.002,173,19691
2025-11-03 07:53:16.002,173,19691
2025-11-03 07:53:16.002,173,19691
2025-11-03 07:53:16.003,173,19690
2025-11-03 07:53:17.001,168,20689
2025-11-03 07:53:17.001,168,20689
2025-11-03 07:53:17.002,168,20688
2025-11-03 07:53:17.002,168,20689
2025-11-03 07:53:17.002,168,20689
2025-11-03 07:53:17.003,168,20689
2025-11-03 07:53:17.003,168,19697
2025-11-03 07:53:17.003,168,19698
2025-11-03 07:53:18.000,171,20694
2025-11-03 07:53:18.001,171,20694
2025-11-03 07:53:18.001,171,20694
2025-11-03 07:53:18.002,171,20695
2025-11-03 07:53:18.002,171,20695
2025-11-03 07:53:18.002,171,20696
2025-11-03 07:53:18.003,171,20695
2025-11-03 07:53:18.003,171,20695
2025-11-03 07:53:19.000,171,21693
2025-11-03 07:53:19.001,171,20685
2025-11-03 07:53:19.001,171,20684
2025-11-03 07:53:19.002,171,20685
2025-11-03 07:53:19.002,171,20684
2025-11-03 07:53:19.003,171,20685
2025-11-03 07:53:19.003,171,20684
2025-11-03 07:53:19.003,171,20685
2025-11-03 07:53:20.001,164,21683
2025-11-03 07:53:20.002,164,21682
2025-11-03 07:53:20.002,164,21682
2025-11-03 07:53:20.002,164,21683
2025-11-03 07:53:20.003,164,20679
2025-11-03 07:53:20.003,164,20679
2025-11-03 07:53:20.003,164,20679
2025-11-03 07:53:20.004,164,20678
2025-11-03 07:53:21.001,156,21676
2025-11-03 07:53:21.001,156,21675
2025-11-03 07:53:21.001,156,21674
2025-11-03 07:53:21.001,156,21674
2025-11-03 07:53:21.002,156,21674
2025-11-03 07:53:21.002,156,21674
2025-11-03 07:53:21.002,156,20662
2025-11-03 07:53:21.002,156,20661
2025-11-03 07:53:22.001,156,21659
2025-11-03 07:53:22.001,156,21659
2025-11-03 07:53:22.001,156,21659
2025-11-03 07:53:22.002,156,21658
2025-11-03 07:53:22.002,156,21658
2025-11-03 07:53:22.002,156,21658
2025-11-03 07:53:22.002,156,21658
2025-11-03 07:53:22.003,156,21657
2025-11-03 07:53:22.999,163,21679
2025-11-03 07:53:23.000,163,21678
2025-11-03 07:53:23.000,163,21678
2025-11-03 07:53:23.000,163,21678
2025-11-03 07:53:23.000,163,21677
2025-11-03 07:53:23.001,163,21677
2025-11-03 07:53:23.001,163,21677
2025-11-03 07:53:23.001,163,21678
2025-11-03 07:53:24.001,160,22677
2025-11-03 07:53:24.002,160,22677
2025-11-03 07:53:24.002,160,20720
2025-11-03 07:53:24.003,160,20721
2025-11-03 07:53:24.003,160,20721
2025-11-03 07:53:24.003,160,20722
2025-11-03 07:53:24.004,160,20721
2025-11-03 07:53:24.004,160,20721
2025-11-03 07:53:25.001,160,21718
2025-11-03 07:53:25.001,160,21718
2025-11-03 07:53:25.001,160,21718
2025-11-03 07:53:25.001,160,21717
2025-11-03 07:53:25.002,160,20692
2025-11-03 07:53:25.002,160,20692
2025-11-03 07:53:25.002,160,20692
2025-11-03 07:53:25.002,160,20691
2025-11-03 07:53:26.000,146,21689
2025-11-03 07:53:26.001,146,21689
2025-11-03 07:53:26.001,146,21688
2025-11-03 07:53:26.001,146,21689
2025-11-03 07:53:26.002,146,21689
2025-11-03 07:53:26.002,146,21689
2025-11-03 07:53:26.002,146,20678
2025-11-03 07:53:26.002,146,20677
2025-11-03 07:53:27.001,146,21675
2025-11-03 07:53:27.002,146,21675
2025-11-03 07:53:27.002,146,21675
2025-11-03 07:53:27.003,146,21676
2025-11-03 07:53:27.003,146,21675
2025-11-03 07:53:27.003,146,21676
2025-11-03 07:53:27.003,146,21676
2025-11-03 07:53:27.004,146,21673
2025-11-03 07:53:28.001,146,21686
2025-11-03 07:53:28.001,146,21686
2025-11-03 07:53:28.002,146,21686
2025-11-03 07:53:28.003,146,21687
2025-11-03 07:53:28.003,146,21686
2025-11-03 07:53:28.003,146,21687
2025-11-03 07:53:28.003,146,21686
2025-11-03 07:53:28.003,146,21686
2025-11-03 07:53:29.001,132,22683
2025-11-03 07:53:29.001,132,22683
2025-11-03 07:53:29.001,132,21669
2025-11-03 07:53:29.002,132,21669
2025-11-03 07:53:29.002,132,21670
2025-11-03 07:53:29.002,132,21670
2025-11-03 07:53:29.002,132,21669
2025-11-03 07:53:29.003,132,21669
2025-11-03 07:53:30.000,132,22667
2025-11-03 07:53:30.001,132,22666
2025-11-03 07:53:30.001,132,22666
2025-11-03 07:53:30.001,132,22666
2025-11-03 07:53:30.002,132,20738
2025-11-03 07:53:30.002,132,20737
2025-11-03 07:53:30.002,132,20738
2025-11-03 07:53:30.002,132,20737
2025-11-03 07:53:31.000,133,21734
2025-11-03 07:53:31.001,133,21734
2025-11-03 07:53:31.002,133,21734
2025-11-03 07:53:31.002,133,21735
2025-11-03 07:53:31.002,133,21735
2025-11-03 07:53:31.002,133,21735
2025-11-03 07:53:31.003,133,20700
2025-11-03 07:53:31.003,133,20700
2025-11-03 07:53:32.000,133,21696
2025-11-03 07:53:32.000,133,21696
2025-11-03 07:53:32.001,133,21696
2025-11-03 07:53:32.001,133,21695
2025-11-03 07:53:32.001,133,21696
2025-11-03 07:53:32.001,133,21696
2025-11-03 07:53:32.002,133,21696
2025-11-03 07:53:32.002,133,21696
2025-11-03 07:53:33.000,116,21681
2025-11-03 07:53:33.001,116,21680
2025-11-03 07:53:33.001,116,21680
2025-11-03 07:53:33.001,116,21681
2025-11-03 07:53:33.002,116,21680
2025-11-03 07:53:33.002,116,21680
2025-11-03 07:53:33.002,116,21681
2025-11-03 07:53:33.002,116,21681
2025-11-03 07:53:34.000,116,22679
2025-11-03 07:53:34.001,116,22679
2025-11-03 07:53:34.001,116,21685
2025-11-03 07:53:34.001,116,21685
2025-11-03 07:53:34.002,116,21685
2025-11-03 07:53:34.002,116,21685
2025-11-03 07:53:34.002,116,21685
2025-11-03 07:53:34.002,116,21685
2025-11-03 07:53:35.001,117,22684
2025-11-03 07:53:35.001,117,22684
2025-11-03 07:53:35.002,117,22683
2025-11-03 07:53:35.002,117,22683
2025-11-03 07:53:35.002,117,20717
2025-11-03 07:53:35.002,117,20716
2025-11-03 07:53:35.003,117,20714
2025-11-03 07:53:35.003,117,20714
2025-11-03 07:53:36.000,117,21711
2025-11-03 07:53:36.001,117,21711
2025-11-03 07:53:36.001,117,21711
2025-11-03 07:53:36.001,117,21712
2025-11-03 07:53:36.002,117,21711
2025-11-03 07:53:36.002,117,21710
2025-11-03 07:53:36.002,117,19714
2025-11-03 07:53:36.003,117,19714
2025-11-03 07:53:37.001,112,20713
2025-11-03 07:53:37.002,112,20712
2025-11-03 07:53:37.002,112,20712
2025-11-03 07:53:37.002,112,20712
2025-11-03 07:53:37.002,112,20712
2025-11-03 07:53:37.003,112,20712
2025-11-03 07:53:37.003,112,20713
2025-11-03 07:53:37.003,112,20713
2025-11-03 07:53:38.001,123,20682
2025-11-03 07:53:38.001,123,20682
2025-11-03 07:53:38.002,123,20681
2025-11-03 07:53:38.002,123,20681
2025-11-03 07:53:38.002,123,20682
2025-11-03 07:53:38.003,123,20682
2025-11-03 07:53:38.003,123,20682
2025-11-03 07:53:38.003,123,20683
2025-11-03 07:53:39.001,115,21680
2025-11-03 07:53:39.002,115,21680
2025-11-03 07:53:39.002,115,19706
2025-11-03 07:53:39.002,115,19706
2025-11-03 07:53:39.002,115,19706
2025-11-03 07:53:39.003,115,19706
2025-11-03 07:53:39.003,115,19706
2025-11-03 07:53:39.003,115,19707
2025-11-03 07:53:40.001,112,20705
2025-11-03 07:53:40.002,112,20704
2025-11-03 07:53:40.003,112,20703
2025-11-03 07:53:40.003,112,20704
2025-11-03 07:53:40.003,112,18721
2025-11-03 07:53:40.004,112,18721
2025-11-03 07:53:40.004,112,18721
2025-11-03 07:53:40.004,112,18721
2025-11-03 07:53:41.001,112,19718
2025-11-03 07:53:41.001,112,19717
2025-11-03 07:53:41.002,112,19717
2025-11-03 07:53:41.002,112,19717
2025-11-03 07:53:41.002,112,19718
2025-11-03 07:53:41.002,112,19717
2025-11-03 07:53:41.003,112,18705
2025-11-03 07:53:41.003,112,18706
2025-11-03 07:53:42.000,107,19703
2025-11-03 07:53:42.001,107,19703
2025-11-03 07:53:42.001,107,19702
2025-11-03 07:53:42.002,107,19702
2025-11-03 07:53:42.003,107,19702
2025-11-03 07:53:42.003,107,19702
2025-11-03 07:53:42.003,107,19703
2025-11-03 07:53:42.004,107,19703
2025-11-03 07:53:43.001,107,17734
2025-11-03 07:53:43.001,107,17734
2025-11-03 07:53:43.002,107,17734
2025-11-03 07:53:43.002,107,17734
2025-11-03 07:53:43.002,107,17733
2025-11-03 07:53:43.003,107,17733
2025-11-03 07:53:43.003,107,17734
2025-11-03 07:53:43.003,107,17734
2025-11-03 07:53:44.001,100,18732
2025-11-03 07:53:44.001,100,18732
2025-11-03 07:53:44.002,100,15740
2025-11-03 07:53:44.002,100,15740
2025-11-03 07:53:44.002,100,15741
2025-11-03 07:53:44.002,100,15741
2025-11-03 07:53:44.002,100,15740
2025-11-03 07:53:44.003,100,15740
2025-11-03 07:53:45.000,103,16737
2025-11-03 07:53:45.001,103,16737
2025-11-03 07:53:45.001,103,16736
2025-11-03 07:53:45.001,103,16737
2025-11-03 07:53:45.001,103,14733
2025-11-03 07:53:45.002,103,14733
2025-11-03 07:53:45.002,103,14734
2025-11-03 07:53:45.002,103,14734
2025-11-03 07:53:46.001,108,15732
2025-11-03 07:53:46.002,108,15732
2025-11-03 07:53:46.003,108,15732
2025-11-03 07:53:46.003,108,15733
2025-11-03 07:53:46.003,108,15733
2025-11-03 07:53:46.003,108,15732
2025-11-03 07:53:46.004,108,15732
2025-11-03 07:53:46.004,108,13714
2025-11-03 07:53:47.000,108,14711
2025-11-03 07:53:47.001,108,14711
2025-11-03 07:53:47.001,108,14711
2025-11-03 07:53:47.001,108,14711
2025-11-03 07:53:47.002,108,14711
2025-11-03 07:53:47.002,108,14711
2025-11-03 07:53:47.003,108,14711
2025-11-03 07:53:47.003,108,14710
2025-11-03 07:53:48.001,89,15709
2025-11-03 07:53:48.001,89,15709
2025-11-03 07:53:48.002,89,13706
2025-11-03 07:53:48.002,89,13706
2025-11-03 07:53:48.003,89,13707
2025-11-03 07:53:48.003,89,13706
2025-11-03 07:53:48.003,89,13707
2025-11-03 07:53:48.003,89,13707
2025-11-03 07:53:49.001,89,14705
2025-11-03 07:53:49.001,89,14705
2025-11-03 07:53:49.002,89,14705
2025-11-03 07:53:49.002,89,14704
2025-11-03 07:53:49.002,89,14705
2025-11-03 07:53:49.002,89,12700
2025-11-03 07:53:49.003,89,12700
2025-11-03 07:53:49.003,89,12701
2025-11-03 07:53:50.001,98,13699
2025-11-03 07:53:50.001,98,13698
2025-11-03 07:53:50.001,98,13698
2025-11-03 07:53:50.002,98,13698
2025-11-03 07:53:50.002,98,13699
2025-11-03 07:53:50.002,98,13699
2025-11-03 07:53:50.002,98,13698
2025-11-03 07:53:50.003,98,13698
2025-11-03 07:53:51.001,88,13741
2025-11-03 07:53:51.001,88,13740
2025-11-03 07:53:51.002,88,13739
2025-11-03 07:53:51.002,88,13739
2025-11-03 07:53:51.002,88,13740
2025-11-03 07:53:51.002,88,13739
2025-11-03 07:53:51.003,88,13739
2025-11-03 07:53:51.003,88,13739
2025-11-03 07:53:52.000,88,14737
2025-11-03 07:53:52.000,88,14736
2025-11-03 07:53:52.000,88,14736
2025-11-03 07:53:52.001,88,12721
2025-11-03 07:53:52.001,88,12722
2025-11-03 07:53:52.001,88,12722
2025-11-03 07:53:52.002,88,12722
2025-11-03 07:53:52.002,88,12722
2025-11-03 07:53:52.999,88,13719
2025-11-03 07:53:53.000,88,13719
2025-11-03 07:53:53.000,88,13719
2025-11-03 07:53:53.000,88,13719
2025-11-03 07:53:53.000,88,13719
2025-11-03 07:53:53.001,88,13718
2025-11-03 07:53:53.001,88,13717
2025-11-03 07:53:53.001,88,11716
2025-11-03 07:53:54.000,74,12714
2025-11-03 07:53:54.000,74,12714
2025-11-03 07:53:54.001,74,12713
2025-11-03 07:53:54.001,74,12713
2025-11-03 07:53:54.001,74,12713
2025-11-03 07:53:54.002,74,12713
2025-11-03 07:53:54.002,74,12713
2025-11-03 07:53:54.002,74,12713
2025-11-03 07:53:55.001,89,13712
2025-11-03 07:53:55.001,89,13712
2025-11-03 07:53:55.002,89,13712
2025-11-03 07:53:55.002,89,11727
2025-11-03 07:53:55.003,89,11727
2025-11-03 07:53:55.003,89,11726
2025-11-03 07:53:55.003,89,11727
2025-11-03 07:53:55.004,89,11727
2025-11-03 07:53:56.001,89,12724
2025-11-03 07:53:56.002,89,12724
2025-11-03 07:53:56.002,89,12723
2025-11-03 07:53:56.002,89,12724
2025-11-03 07:53:56.002,89,12723
2025-11-03 07:53:56.002,89,12723
2025-11-03 07:53:56.003,89,12723
2025-11-03 07:53:56.003,89,10731
2025-11-03 07:53:57.000,86,11728
2025-11-03 07:53:57.000,86,11728
2025-11-03 07:53:57.001,86,11727
2025-11-03 07:53:57.001,86,11728
2025-11-03 07:53:57.001,86,11728
2025-11-03 07:53:57.002,86,11728
2025-11-03 07:53:57.002,86,11727
2025-11-03 07:53:57.002,86,11728
2025-11-03 07:53:58.001,70,12727
2025-11-03 07:53:58.002,70,12726
2025-11-03 07:53:58.003,70,12725
2025-11-03 07:53:58.004,70,12726
2025-11-03 07:53:58.005,70,10703
2025-11-03 07:53:58.006,70,10704
2025-11-03 07:53:58.007,70,10705
2025-11-03 07:53:58.008,70,10705
2025-11-03 07:53:59.000,70,11699
2025-11-03 07:53:59.001,70,11699
2025-11-03 07:53:59.001,70,11698
2025-11-03 07:53:59.001,70,11699
2025-11-03 07:53:59.001,70,11699
2025-11-03 07:53:59.002,70,11698
2025-11-03 07:53:59.002,70,11698
2025-11-03 07:53:59.002,70,11698
2025-11-03 07:54:00.000,60,12696
2025-11-03 07:54:00.001,60,12696
2025-11-03 07:54:00.002,60,9710
2025-11-03 07:54:00.002,60,9711
2025-11-03 07:54:00.002,60,9711
2025-11-03 07:54:00.002,60,9711
2025-11-03 07:54:00.003,60,9710
2025-11-03 07:54:00.003,60,9710
2025-11-03 07:54:01.000,60,10707
2025-11-03 07:54:01.000,60,10707
2025-11-03 07:54:01.001,60,10707
2025-11-03 07:54:01.001,60,10707
2025-11-03 07:54:01.001,60,10708
2025-11-03 07:54:01.002,60,10707
2025-11-03 07:54:01.002,60,10706
2025-11-03 07:54:01.002,60,10707
2025-11-03 07:54:02.000,71,8739
2025-11-03 07:54:02.000,71,8738
2025-11-03 07:54:02.001,71,8738
2025-11-03 07:54:02.001,71,8739
2025-11-03 07:54:02.001,71,8738
2025-11-03 07:54:02.002,71,8737
2025-11-03 07:54:02.002,71,8737
2025-11-03 07:54:02.002,71,8738
2025-11-03 07:54:03.000,53,9736
2025-11-03 07:54:03.001,53,9736
2025-11-03 07:54:03.001,53,9735
2025-11-03 07:54:03.002,53,9736
2025-11-03 07:54:03.002,53,9736
2025-11-03 07:54:03.002,53,9736
2025-11-03 07:54:03.003,53,9736
2025-11-03 07:54:03.003,53,8671
2025-11-03 07:54:04.000,53,9669
2025-11-03 07:54:04.001,53,9669
2025-11-03 07:54:04.001,53,9668
2025-11-03 07:54:04.002,53,9669
2025-11-03 07:54:04.002,53,9670
2025-11-03 07:54:04.003,53,9670
2025-11-03 07:54:04.003,53,9670
2025-11-03 07:54:04.003,53,9670
2025-11-03 07:54:05.000,58,10667
2025-11-03 07:54:05.001,58,10667
2025-11-03 07:54:05.001,58,10667
2025-11-03 07:54:05.001,58,10667
2025-11-03 07:54:05.001,58,10667
2025-11-03 07:54:05.002,58,10666
2025-11-03 07:54:05.002,58,5718
2025-11-03 07:54:05.002,58,5718
2025-11-03 07:54:06.001,53,6716
2025-11-03 07:54:06.001,53,6716
2025-11-03 07:54:06.001,53,6716
2025-11-03 07:54:06.002,53,6715
2025-11-03 07:54:06.002,53,6716
2025-11-03 07:54:06.002,53,6715
2025-11-03 07:54:06.002,53,6715
2025-11-03 07:54:06.003,53,6715
2025-11-03 07:54:07.001,53,7714
2025-11-03 07:54:07.001,53,7714
2025-11-03 07:54:07.002,53,7714
2025-11-03 07:54:07.002,53,7713
2025-11-03 07:54:07.002,53,7714
2025-11-03 07:54:07.002,53,7713
2025-11-03 07:54:07.003,53,7713
2025-11-03 07:54:07.003,53,4739
2025-11-03 07:54:08.000,54,5736
2025-11-03 07:54:08.000,54,5736
2025-11-03 07:54:08.000,54,5736
2025-11-03 07:54:08.001,54,5735
2025-11-03 07:54:08.001,54,5736
2025-11-03 07:54:08.001,54,5736
2025-11-03 07:54:08.001,54,5735
2025-11-03 07:54:08.002,54,5735
2025-11-03 07:54:09.001,54,6735
2025-11-03 07:54:09.001,54,6735
2025-11-03 07:54:09.002,54,6734
2025-11-03 07:54:09.002,54,6734
2025-11-03 07:54:09.002,54,6734
2025-11-03 07:54:09.003,54,6734
2025-11-03 07:54:09.003,54,6733
2025-11-03 07:54:09.003,54,6734
2025-11-03 07:54:10.000,38,7730
2025-11-03 07:54:10.001,38,7730
2025-11-03 07:54:10.001,38,4723
2025-11-03 07:54:10.002,38,4723
2025-11-03 07:54:10.002,38,4723
2025-11-03 07:54:10.002,38,4724
2025-11-03 07:54:10.002,38,4724
2025-11-03 07:54:10.003,38,4724
2025-11-03 07:54:11.001,38,5722
2025-11-03 07:54:11.001,38,5722
2025-11-03 07:54:11.001,38,5722
2025-11-03 07:54:11.002,38,5722
2025-11-03 07:54:11.002,38,5723
2025-11-03 07:54:11.002,38,5723
2025-11-03 07:54:11.003,38,5722
2025-11-03 07:54:11.003,38,5722
2025-11-03 07:54:12.000,22,6719
2025-11-03 07:54:12.000,22,6719
2025-11-03 07:54:12.001,22,6719
2025-11-03 07:54:12.001,22,6719
2025-11-03 07:54:12.001,22,6719
2025-11-03 07:54:12.001,22,6718
2025-11-03 07:54:12.273,22,1
2025-11-03 07:54:12.274,22,1
2025-11-03 07:54:13.001,14,728
2025-11-03 07:54:13.001,14,728
2025-11-03 07:54:13.002,14,728
2025-11-03 07:54:13.002,14,728
2025-11-03 07:54:13.003,14,729
2025-11-03 07:54:13.003,14,728
2025-11-03 07:54:13.003,14,729
2025-11-03 07:54:13.004,14,728
2025-11-03 07:54:14.001,14,1725
2025-11-03 07:54:14.002,14,1725
2025-11-03 07:54:14.002,14,1725
2025-11-03 07:54:14.003,14,1726
2025-11-03 07:54:14.003,14,1726
2025-11-03 07:54:14.003,14,1727
2025-11-03 07:54:14.004,14,1726
2025-11-03 07:54:14.004,14,1726
2025-11-03 07:54:15.000,31,2720
2025-11-03 07:54:15.001,31,2720
2025-11-03 07:54:15.001,31,2720
2025-11-03 07:54:15.001,31,2719
2025-11-03 07:54:15.002,31,2719
2025-11-03 07:54:15.002,31,2719
2025-11-03 07:54:15.002,31,2719
2025-11-03 07:54:16.273,31,1
2025-11-03 07:54:16.274,31,1
2025-11-03 07:54:16.276,11,4
2025-11-03 07:54:16.276,11,3
2025-11-03 07:54:16.276,11,3
2025-11-03 07:54:16.276,11,3
2025-11-03 07:54:16.276,11,3
2025-11-03 07:54:16.277,11,2
2025-11-03 07:54:17.001,8,727
2025-11-03 07:54:17.001,8,726
2025-11-03 07:54:17.002,8,725
2025-11-03 07:54:17.002,8,725
2025-11-03 07:54:17.002,8,726
2025-11-03 07:54:17.002,8,726
2025-11-03 07:54:17.003,8,725
2025-11-03 07:54:17.003,8,725
2025-11-03 07:54:18.000,8,1723
2025-11-03 07:54:18.000,8,1723
2025-11-03 07:54:18.001,8,1723
2025-11-03 07:54:18.001,8,1723
2025-11-03 07:54:18.002,8,1723
2025-11-03 07:54:18.002,8,1722
2025-11-03 07:54:18.002,8,1723
2025-11-03 07:54:18.002,8,1722
2025-11-03 07:54:19.001,3,2720
2025-11-03 07:54:19.001,3,2720
2025-11-03 07:54:19.001,3,2719
2025-11-03 07:54:22.281,0,1
2025-11-03 07:54:22.283,0,3
2025-11-03 07:54:22.284,0,3
2025-11-03 07:54:22.284,0,2
2025-11-03 07:54:22.284,0,2
2025-11-03 07:54:22.284,0,2
2025-11-03 07:54:22.285,0,1
2025-11-03 07:54:22.287,10,3
2025-11-03 07:54:22.999,10,715
2025-11-03 07:54:22.999,10,715
2025-11-03 07:54:22.999,10,715
2025-11-03 07:54:23.000,10,714
2025-11-03 07:54:23.000,10,713
2025-11-03 07:54:23.000,10,712
2025-11-03 07:54:23.000,10,712
2025-11-03 07:54:23.001,10,712
2025-11-03 07:54:24.000,16,1712
2025-11-03 07:54:24.001,16,1712
2025-11-03 07:54:24.001,16,1712
2025-11-03 07:54:24.001,16,1713
2025-11-03 07:54:24.001,16,1713
2025-11-03 07:54:24.001,16,1713
2025-11-03 07:54:24.002,16,1713
2025-11-03 07:54:24.002,16,1712
2025-11-03 07:54:25.001,16,2712
2025-11-03 07:54:25.001,16,2711
2025-11-03 07:54:25.002,16,2711
2025-11-03 07:54:25.002,16,2710
2025-11-03 07:54:25.002,16,2711
2025-11-03 07:54:25.002,16,2711
2025-11-03 07:54:25.003,16,2710
2025-11-03 07:54:25.003,16,2710
2025-11-03 07:54:27.278,8,2
2025-11-03 07:54:27.281,1,3
2025-11-03 07:54:27.281,1,3
2025-11-03 07:54:27.281,1,3
2025-11-03 07:54:27.282,1,3
2025-11-03 07:54:27.282,1,3
2025-11-03 07:54:27.282,1,3
2025-11-03 07:54:27.282,14,2
2025-11-03 07:54:28.001,14,721
2025-11-03 07:54:28.001,14,721
2025-11-03 07:54:28.002,14,720
2025-11-03 07:54:28.003,14,720
2025-11-03 07:54:28.004,14,721
2025-11-03 07:54:28.004,14,722
2025-11-03 07:54:28.004,14,723
2025-11-03 07:54:28.004,14,723
2025-11-03 07:54:29.001,14,1719
2025-11-03 07:54:29.001,14,1719
2025-11-03 07:54:29.002,14,1718
2025-11-03 07:54:29.002,14,1718
2025-11-03 07:54:29.002,14,1718
2025-11-03 07:54:29.003,14,1718
2025-11-03 07:54:29.003,14,1717
2025-11-03 07:54:29.003,14,1718
2025-11-03 07:54:30.001,13,2715
2025-11-03 07:54:30.001,13,2715
2025-11-03 07:54:30.001,13,2715
2025-11-03 07:54:30.001,13,2714
2025-11-03 07:54:30.002,13,2714
2025-11-03 07:54:30.002,13,2714
2025-11-03 07:54:30.002,13,2714
2025-11-03 07:54:30.002,13,2714
2025-11-03 07:54:31.001,13,3712
2025-11-03 07:54:31.001,13,3712
2025-11-03 07:54:31.002,13,3712
2025-11-03 07:54:31.002,13,3711
2025-11-03 07:54:31.002,13,3712
2025-11-03 07:54:31.274,13,1
2025-11-03 07:54:31.275,13,2
2025-11-03 07:54:31.278,16,1
2025-11-03 07:54:32.001,10,727
2025-11-03 07:54:32.001,10,726
2025-11-03 07:54:32.002,10,722
2025-11-03 07:54:32.002,10,722
2025-11-03 07:54:32.002,10,723
2025-11-03 07:54:32.002,10,723
2025-11-03 07:54:32.003,10,723
2025-11-03 07:54:32.003,10,723
2025-11-03 07:54:33.001,36,1722
2025-11-03 07:54:33.001,36,1722
2025-11-03 07:54:33.002,36,1721
2025-11-03 07:54:33.002,36,1721
2025-11-03 07:54:33.002,36,1721
2025-11-03 07:54:33.003,36,1721
2025-11-03 07:54:33.003,36,1721
2025-11-03 07:54:33.003,36,1722
2025-11-03 07:54:34.000,28,2719
2025-11-03 07:54:34.001,28,2719
2025-11-03 07:54:34.001,28,2719
2025-11-03 07:54:34.002,28,2719
2025-11-03 07:54:34.002,28,2720
2025-11-03 07:54:34.002,28,2719
2025-11-03 07:54:34.002,28,2719
2025-11-03 07:54:34.003,28,2719
2025-11-03 07:54:35.000,28,3717
2025-11-03 07:54:35.001,28,3717
2025-11-03 07:54:35.001,28,3716
2025-11-03 07:54:35.001,28,3717
2025-11-03 07:54:35.002,28,3716
2025-11-03 07:54:35.002,28,3715
2025-11-03 07:54:35.002,28,3716
2025-11-03 07:54:35.002,28,3715
2025-11-03 07:54:36.001,20,4714
2025-11-03 07:54:36.002,20,4713
2025-11-03 07:54:36.002,20,4713
2025-11-03 07:54:36.002,20,4713
2025-11-03 07:54:36.002,20,741
2025-11-03 07:54:36.003,20,741
2025-11-03 07:54:36.003,20,741
2025-11-03 07:54:36.003,20,742
2025-11-03 07:54:37.001,20,1739
2025-11-03 07:54:37.001,20,1739
2025-11-03 07:54:37.002,20,1739
2025-11-03 07:54:37.002,20,1739
2025-11-03 07:54:37.002,20,1739
2025-11-03 07:54:37.002,20,1738
2025-11-03 07:54:37.002,20,1737
2025-11-03 07:54:37.003,20,1737
2025-11-03 07:54:38.002,47,2736
2025-11-03 07:54:38.002,47,2736
2025-11-03 07:54:38.002,47,2736
2025-11-03 07:54:38.003,47,2736
2025-11-03 07:54:38.003,47,2735
2025-11-03 07:54:38.003,47,2736
2025-11-03 07:54:38.003,47,2736
2025-11-03 07:54:38.004,47,2735
2025-11-03 07:54:39.001,34,3733
2025-11-03 07:54:39.001,34,3733
2025-11-03 07:54:39.002,34,3733
2025-11-03 07:54:39.002,34,3733
2025-11-03 07:54:39.002,34,3734
2025-11-03 07:54:39.002,34,3734
2025-11-03 07:54:39.003,34,3733
2025-11-03 07:54:39.003,34,3733
2025-11-03 07:54:40.000,34,4731
2025-11-03 07:54:40.001,34,4730
2025-11-03 07:54:40.001,34,4730
2025-11-03 07:54:40.001,34,4730
2025-11-03 07:54:40.002,34,4729
2025-11-03 07:54:40.002,34,4729
2025-11-03 07:54:40.002,34,4730
2025-11-03 07:54:40.002,34,4729
2025-11-03 07:54:41.000,67,5727
2025-11-03 07:54:41.001,67,5726
2025-11-03 07:54:41.001,67,5726
2025-11-03 07:54:41.001,67,5727
2025-11-03 07:54:41.001,67,5726
2025-11-03 07:54:41.002,67,5725
2025-11-03 07:54:41.002,67,5725
2025-11-03 07:54:41.002,67,2726
2025-11-03 07:54:42.001,56,3725
2025-11-03 07:54:42.001,56,3725
2025-11-03 07:54:42.002,56,3724
2025-11-03 07:54:42.002,56,3724
2025-11-03 07:54:42.002,56,3724
2025-11-03 07:54:42.002,56,3724
2025-11-03 07:54:42.003,56,3724
2025-11-03 07:54:42.003,56,3723
2025-11-03 07:54:43.000,56,4721
2025-11-03 07:54:43.001,56,4720
2025-11-03 07:54:43.002,56,4719
2025-11-03 07:54:43.002,56,4720
2025-11-03 07:54:43.003,56,4721
2025-11-03 07:54:43.003,56,4721
2025-11-03 07:54:43.003,56,4722
2025-11-03 07:54:43.004,56,4722
2025-11-03 07:54:44.001,71,5720
2025-11-03 07:54:44.002,71,5720
2025-11-03 07:54:44.002,71,5720
2025-11-03 07:54:44.002,71,5720
2025-11-03 07:54:44.002,71,5720
2025-11-03 07:54:44.003,71,5720
2025-11-03 07:54:44.003,71,5721
2025-11-03 07:54:44.003,71,5721
2025-11-03 07:54:45.000,90,6717
2025-11-03 07:54:45.001,90,6717
2025-11-03 07:54:45.001,90,6717
2025-11-03 07:54:45.002,90,6717
2025-11-03 07:54:45.002,90,6717
2025-11-03 07:54:45.002,90,6717
2025-11-03 07:54:45.002,90,6717
2025-11-03 07:54:45.003,90,6716
2025-11-03 07:54:46.001,90,7715
2025-11-03 07:54:46.001,90,7714
2025-11-03 07:54:46.001,90,7714
2025-11-03 07:54:46.002,90,7713
2025-11-03 07:54:46.002,90,7713
2025-11-03 07:54:46.002,90,7714
2025-11-03 07:54:46.002,90,7713
2025-11-03 07:54:46.002,90,7710
2025-11-03 07:54:47.000,106,8707
2025-11-03 07:54:47.001,106,8707
2025-11-03 07:54:47.001,106,8706
2025-11-03 07:54:47.001,106,5733
2025-11-03 07:54:47.002,106,5733
2025-11-03 07:54:47.002,106,5732
2025-11-03 07:54:47.002,106,5733
2025-11-03 07:54:47.002,106,5733
2025-11-03 07:54:48.001,94,6731
2025-11-03 07:54:48.002,94,6730
2025-11-03 07:54:48.002,94,6730
2025-11-03 07:54:48.003,94,6731
2025-11-03 07:54:48.003,94,6730
2025-11-03 07:54:48.003,94,6731
2025-11-03 07:54:48.004,94,6730
2025-11-03 07:54:48.004,94,6730
2025-11-03 07:54:49.000,94,7726
2025-11-03 07:54:49.001,94,7726
2025-11-03 07:54:49.001,94,7726
2025-11-03 07:54:49.001,94,7726
2025-11-03 07:54:49.002,94,7726
2025-11-03 07:54:49.002,94,7725
2025-11-03 07:54:49.002,94,7726
2025-11-03 07:54:49.002,94,7725
2025-11-03 07:54:50.000,123,8722
2025-11-03 07:54:50.001,123,8721
2025-11-03 07:54:50.001,123,8721
2025-11-03 07:54:50.002,123,8722
2025-11-03 07:54:50.002,123,8722
2025-11-03 07:54:50.003,123,8723
2025-11-03 07:54:50.003,123,8723
2025-11-03 07:54:50.003,123,8724
2025-11-03 07:54:51.001,99,9722
2025-11-03 07:54:51.001,99,9720
2025-11-03 07:54:51.002,99,9718
2025-11-03 07:54:51.002,99,9717
2025-11-03 07:54:51.002,99,9718
2025-11-03 07:54:51.003,99,9718
2025-11-03 07:54:51.003,99,9719
2025-11-03 07:54:51.003,99,9718
2025-11-03 07:54:52.001,99,10716
2025-11-03 07:54:52.002,99,10715
2025-11-03 07:54:52.002,99,10715
2025-11-03 07:54:52.002,99,10715
2025-11-03 07:54:52.003,99,10714
2025-11-03 07:54:52.003,99,10714
2025-11-03 07:54:52.003,99,10714
2025-11-03 07:54:52.004,99,7734
2025-11-03 07:54:53.000,99,8730
2025-11-03 07:54:53.000,99,8730
2025-11-03 07:54:53.000,99,8730
2025-11-03 07:54:53.001,99,8729
2025-11-03 07:54:53.001,99,8729
2025-11-03 07:54:53.001,99,8730
2025-11-03 07:54:53.001,99,8730
2025-11-03 07:54:53.002,99,8730
2025-11-03 07:54:54.001,114,9729
2025-11-03 07:54:54.002,114,9729
2025-11-03 07:54:54.003,114,9729
2025-11-03 07:54:54.003,114,9730
2025-11-03 07:54:54.003,114,9731
2025-11-03 07:54:54.004,114,9731
2025-11-03 07:54:54.004,114,9730
2025-11-03 07:54:54.004,114,9731
2025-11-03 07:54:55.000,114,10727
2025-11-03 07:54:55.001,114,10727
2025-11-03 07:54:55.001,114,10727
2025-11-03 07:54:55.002,114,10728
2025-11-03 07:54:55.002,114,10728
2025-11-03 07:54:55.002,114,10729
2025-11-03 07:54:55.002,114,10728
2025-11-03 07:54:55.003,114,10726
2025-11-03 07:54:56.000,113,11724
2025-11-03 07:54:56.000,113,11723
2025-11-03 07:54:56.001,113,11723
2025-11-03 07:54:56.001,113,11722
2025-11-03 07:54:56.002,113,11723
2025-11-03 07:54:56.002,113,11723
2025-11-03 07:54:56.002,113,11723
2025-11-03 07:54:56.003,113,11723
2025-11-03 07:54:57.001,136,12721
2025-11-03 07:54:57.002,136,12721
2025-11-03 07:54:57.003,136,12720
2025-11-03 07:54:57.003,136,12721
2025-11-03 07:54:57.003,136,12722
2025-11-03 07:54:57.004,136,12721
2025-11-03 07:54:57.004,136,12721
2025-11-03 07:54:57.004,136,12722
2025-11-03 07:54:58.001,136,13718
2025-11-03 07:54:58.001,136,13718
2025-11-03 07:54:58.001,136,10726
2025-11-03 07:54:58.001,136,10726
2025-11-03 07:54:58.001,136,10725
2025-11-03 07:54:58.002,136,10725
2025-11-03 07:54:58.002,136,10724
2025-11-03 07:54:58.002,136,10724
2025-11-03 07:54:59.000,159,11722
2025-11-03 07:54:59.001,159,11722
2025-11-03 07:54:59.001,159,11722
2025-11-03 07:54:59.002,159,11722
2025-11-03 07:54:59.002,159,11722
2025-11-03 07:54:59.002,159,11722
2025-11-03 07:54:59.002,159,11722
2025-11-03 07:54:59.003,159,11721
2025-11-03 07:55:00.002,135,12721
2025-11-03 07:55:00.003,135,12721
2025-11-03 07:55:00.004,135,12721
2025-11-03 07:55:00.004,135,12721
2025-11-03 07:55:00.004,135,12722
2025-11-03 07:55:00.004,135,12721
2025-11-03 07:55:00.005,135,12721
2025-11-03 07:55:00.005,135,12722
2025-11-03 07:55:01.001,127,13718
2025-11-03 07:55:01.001,127,13718
2025-11-03 07:55:01.002,127,13718
2025-11-03 07:55:01.002,127,13718
2025-11-03 07:55:01.003,127,13718
2025-11-03 07:55:01.003,127,13718
2025-11-03 07:55:01.003,127,13719
2025-11-03 07:55:01.004,127,13719
2025-11-03 07:55:02.001,127,14717
2025-11-03 07:55:02.001,127,14717
2025-11-03 07:55:02.002,127,14717
2025-11-03 07:55:02.002,127,14716
2025-11-03 07:55:02.002,127,14717
2025-11-03 07:55:02.002,127,14716
2025-11-03 07:55:02.003,127,14716
2025-11-03 07:55:02.003,127,14716
2025-11-03 07:55:03.001,128,15714
2025-11-03 07:55:03.001,128,15714
2025-11-03 07:55:03.002,128,15713
2025-11-03 07:55:03.002,128,11731
2025-11-03 07:55:03.002,128,11732
2025-11-03 07:55:03.003,128,11731
2025-11-03 07:55:03.003,128,11731
2025-11-03 07:55:03.003,128,11732
2025-11-03 07:55:04.001,128,12729
2025-11-03 07:55:04.002,128,12729
2025-11-03 07:55:04.002,128,12729
2025-11-03 07:55:04.003,128,12729
2025-11-03 07:55:04.004,128,12729
2025-11-03 07:55:04.004,128,12729
2025-11-03 07:55:04.004,128,12730
2025-11-03 07:55:04.004,128,12730
2025-11-03 07:55:05.001,132,13727
2025-11-03 07:55:05.002,132,13727
2025-11-03 07:55:05.002,132,13726
2025-11-03 07:55:05.002,132,13726
2025-11-03 07:55:05.002,132,13726
2025-11-03 07:55:05.003,132,13726
2025-11-03 07:55:05.003,132,13727
2025-11-03 07:55:05.003,132,13727
2025-11-03 07:55:06.001,159,14725
2025-11-03 07:55:06.001,159,14725
2025-11-03 07:55:06.002,159,14725
2025-11-03 07:55:06.002,159,14724
2025-11-03 07:55:06.002,159,14725
2025-11-03 07:55:06.002,159,14725
2025-11-03 07:55:06.003,159,14724
2025-11-03 07:55:06.003,159,14725
2025-11-03 07:55:07.001,159,15722
2025-11-03 07:55:07.001,159,15722
2025-11-03 07:55:07.002,159,15722
2025-11-03 07:55:07.002,159,15723
2025-11-03 07:55:07.002,159,15723
2025-11-03 07:55:07.002,159,15723
2025-11-03 07:55:07.003,159,15722
2025-11-03 07:55:07.003,159,15722
2025-11-03 07:55:08.001,171,16720
2025-11-03 07:55:08.001,171,16720
2025-11-03 07:55:08.001,171,12735
2025-11-03 07:55:08.002,171,12735
2025-11-03 07:55:08.002,171,12735
2025-11-03 07:55:08.002,171,12735
2025-11-03 07:55:08.002,171,12734
2025-11-03 07:55:08.003,171,12733
2025-11-03 07:55:09.001,156,13732
2025-11-03 07:55:09.001,156,13731
2025-11-03 07:55:09.002,156,13731
2025-11-03 07:55:09.002,156,13732
2025-11-03 07:55:09.004,156,13732
2025-11-03 07:55:09.004,156,13732
2025-11-03 07:55:09.004,156,13733
2025-11-03 07:55:09.004,156,13733
2025-11-03 07:55:10.001,156,14730
2025-11-03 07:55:10.001,156,14730
2025-11-03 07:55:10.002,156,14730
2025-11-03 07:55:10.002,156,14729
2025-11-03 07:55:10.002,156,14730
2025-11-03 07:55:10.003,156,14730
2025-11-03 07:55:10.003,156,14730
2025-11-03 07:55:10.003,156,14731
2025-11-03 07:55:11.000,163,15728
2025-11-03 07:55:11.001,163,15728
2025-11-03 07:55:11.002,163,15727
2025-11-03 07:55:11.002,163,15728
2025-11-03 07:55:11.002,163,15729
2025-11-03 07:55:11.002,163,15729
2025-11-03 07:55:11.003,163,15729
2025-11-03 07:55:11.003,163,15728
2025-11-03 07:55:12.000,163,16726
2025-11-03 07:55:12.000,163,16725
2025-11-03 07:55:12.000,163,16725
2025-11-03 07:55:12.001,163,16724
2025-11-03 07:55:12.001,163,16724
2025-11-03 07:55:12.001,163,16724
2025-11-03 07:55:12.001,163,15719
2025-11-03 07:55:12.002,163,15719
2025-11-03 07:55:13.000,168,16717
2025-11-03 07:55:13.001,168,16717
2025-11-03 07:55:13.002,168,16717
2025-11-03 07:55:13.002,168,16718
2025-11-03 07:55:13.003,168,16719
2025-11-03 07:55:13.003,168,16718
2025-11-03 07:55:13.003,168,16719
2025-11-03 07:55:13.003,168,16719
2025-11-03 07:55:14.001,168,17717
2025-11-03 07:55:14.002,168,17717
2025-11-03 07:55:14.003,168,17716
2025-11-03 07:55:14.003,168,17717
2025-11-03 07:55:14.003,168,17717
2025-11-03 07:55:14.004,168,17717
2025-11-03 07:55:14.004,168,17717
2025-11-03 07:55:14.004,168,17718
2025-11-03 07:55:15.000,185,18713
2025-11-03 07:55:15.001,185,18713
2025-11-03 07:55:15.001,185,18712
2025-11-03 07:55:15.001,185,18713
2025-11-03 07:55:15.001,185,18712
2025-11-03 07:55:15.002,185,18712
2025-11-03 07:55:15.002,185,18713
2025-11-03 07:55:15.002,185,18713
2025-11-03 07:55:16.001,180,19711
2025-11-03 07:55:16.001,180,19711
2025-11-03 07:55:16.002,180,19710
2025-11-03 07:55:16.002,180,19710
2025-11-03 07:55:16.002,180,19710
2025-11-03 07:55:16.003,180,19710
2025-11-03 07:55:16.003,180,19710
2025-11-03 07:55:16.003,180,13739
2025-11-03 07:55:17.000,180,14735
2025-11-03 07:55:17.000,180,14735
2025-11-03 07:55:17.001,180,14735
2025-11-03 07:55:17.001,180,14735
2025-11-03 07:55:17.001,180,14735
2025-11-03 07:55:17.002,180,14735
2025-11-03 07:55:17.002,180,14734
2025-11-03 07:55:17.002,180,14733
2025-11-03 07:55:18.001,189,15731
2025-11-03 07:55:18.002,189,15731
2025-11-03 07:55:18.002,189,15731
2025-11-03 07:55:18.003,189,15732
2025-11-03 07:55:18.003,189,15731
2025-11-03 07:55:18.004,189,15731
2025-11-03 07:55:18.004,189,15730
2025-11-03 07:55:18.004,189,15731
2025-11-03 07:55:19.000,170,16726
2025-11-03 07:55:19.001,170,16726
2025-11-03 07:55:19.001,170,16725
2025-11-03 07:55:19.002,170,16726
2025-11-03 07:55:19.002,170,16726
2025-11-03 07:55:19.002,170,16727
2025-11-03 07:55:19.003,170,16726
2025-11-03 07:55:19.003,170,16726
2025-11-03 07:55:20.001,170,17724
2025-11-03 07:55:20.001,170,17723
2025-11-03 07:55:20.002,170,17723
2025-11-03 07:55:20.002,170,17722
2025-11-03 07:55:20.002,170,15723
2025-11-03 07:55:20.003,170,15723
2025-11-03 07:55:20.003,170,15724
2025-11-03 07:55:20.003,170,15723
2025-11-03 07:55:21.001,173,16721
2025-11-03 07:55:21.001,173,16721
2025-11-03 07:55:21.001,173,16717
2025-11-03 07:55:21.002,173,16716
2025-11-03 07:55:21.002,173,16716
2025-11-03 07:55:21.003,173,16716
2025-11-03 07:55:21.003,173,16715
2025-11-03 07:55:21.003,173,16716
2025-11-03 07:55:22.001,173,17713
2025-11-03 07:55:22.002,173,17713
2025-11-03 07:55:22.002,173,17713
2025-11-03 07:55:22.002,173,17714
2025-11-03 07:55:22.003,173,17714
2025-11-03 07:55:22.003,173,17714
2025-11-03 07:55:22.003,173,17715
2025-11-03 07:55:22.003,173,17714
2025-11-03 07:55:22.999,163,18709
2025-11-03 07:55:22.999,163,18709
2025-11-03 07:55:22.999,163,18709
2025-11-03 07:55:23.000,163,18708
2025-11-03 07:55:23.000,163,18708
2025-11-03 07:55:23.000,163,18708
2025-11-03 07:55:23.000,163,18701
2025-11-03 07:55:23.000,163,18700
2025-11-03 07:55:24.000,163,19700
2025-11-03 07:55:24.001,163,18697
2025-11-03 07:55:24.002,163,18696
2025-11-03 07:55:24.002,163,18696
2025-11-03 07:55:24.002,163,18695
2025-11-03 07:55:24.003,163,18695
2025-11-03 07:55:24.003,163,18695
2025-11-03 07:55:24.003,163,18695
2025-11-03 07:55:25.000,173,19690
2025-11-03 07:55:25.001,173,19689
2025-11-03 07:55:25.002,173,19688
2025-11-03 07:55:25.002,173,19688
2025-11-03 07:55:25.003,173,19688
2025-11-03 07:55:25.003,173,19689
2025-11-03 07:55:25.004,173,19689
2025-11-03 07:55:25.004,173,19690
2025-11-03 07:55:26.001,173,20687
2025-11-03 07:55:26.002,173,20687
2025-11-03 07:55:26.002,173,20686
2025-11-03 07:55:26.002,173,20687
2025-11-03 07:55:26.003,173,20687
2025-11-03 07:55:26.003,173,20687
2025-11-03 07:55:26.003,173,20687
2025-11-03 07:55:26.003,173,20687
2025-11-03 07:55:27.001,174,21684
2025-11-03 07:55:27.001,174,21683
2025-11-03 07:55:27.002,174,21683
2025-11-03 07:55:27.002,174,18739
2025-11-03 07:55:27.002,174,18737
2025-11-03 07:55:27.002,174,18737
2025-11-03 07:55:27.003,174,18737
2025-11-03 07:55:27.003,174,18738
2025-11-03 07:55:28.001,158,19736
2025-11-03 07:55:28.002,158,19735
2025-11-03 07:55:28.002,158,19735
2025-11-03 07:55:28.002,158,19735
2025-11-03 07:55:28.003,158,19734
2025-11-03 07:55:28.004,158,19735
2025-11-03 07:55:28.004,158,19735
2025-11-03 07:55:28.005,158,19736
2025-11-03 07:55:29.001,158,20732
2025-11-03 07:55:29.001,158,20732
2025-11-03 07:55:29.002,158,20732
2025-11-03 07:55:29.002,158,20732
2025-11-03 07:55:29.002,158,20733
2025-11-03 07:55:29.003,158,20732
2025-11-03 07:55:29.003,158,20731
2025-11-03 07:55:29.003,158,20732
2025-11-03 07:55:30.001,163,21729
2025-11-03 07:55:30.001,163,21729
2025-11-03 07:55:30.002,163,21728
2025-11-03 07:55:30.002,163,19714
2025-11-03 07:55:30.002,163,19714
2025-11-03 07:55:30.002,163,19714
2025-11-03 07:55:30.003,163,19713
2025-11-03 07:55:30.003,163,19714
2025-11-03 07:55:31.000,156,20711
2025-11-03 07:55:31.000,156,20711
2025-11-03 07:55:31.001,156,20710
2025-11-03 07:55:31.002,156,20711
2025-11-03 07:55:31.002,156,20711
2025-11-03 07:55:31.002,156,20712
2025-11-03 07:55:31.003,156,20712
2025-11-03 07:55:31.003,156,20711
2025-11-03 07:55:32.001,143,21709
2025-11-03 07:55:32.002,143,21709
2025-11-03 07:55:32.003,143,21709
2025-11-03 07:55:32.004,143,21710
2025-11-03 07:55:32.004,143,21710
2025-11-03 07:55:32.005,143,21711
2025-11-03 07:55:32.005,143,21711
2025-11-03 07:55:32.005,143,21711
2025-11-03 07:55:33.001,143,22707
2025-11-03 07:55:33.002,143,22706
2025-11-03 07:55:33.003,143,22706
2025-11-03 07:55:33.003,143,20694
2025-11-03 07:55:33.003,143,20694
2025-11-03 07:55:33.004,143,20693
2025-11-03 07:55:33.004,143,20693
2025-11-03 07:55:33.004,143,20694
2025-11-03 07:55:34.001,142,21690
2025-11-03 07:55:34.002,142,21690
2025-11-03 07:55:34.003,142,21689
2025-11-03 07:55:34.004,142,21690
2025-11-03 07:55:34.004,142,21691
2025-11-03 07:55:34.005,142,21691
2025-11-03 07:55:34.005,142,21690
2025-11-03 07:55:34.005,142,21691
2025-11-03 07:55:35.000,142,22686
2025-11-03 07:55:35.001,142,22686
2025-11-03 07:55:35.002,142,22686
2025-11-03 07:55:35.002,142,22686
2025-11-03 07:55:35.002,142,22686
2025-11-03 07:55:35.003,142,22686
2025-11-03 07:55:35.003,142,22686
2025-11-03 07:55:35.003,142,22686
2025-11-03 07:55:36.001,124,23684
2025-11-03 07:55:36.002,124,20705
2025-11-03 07:55:36.002,124,20705
2025-11-03 07:55:36.003,124,20706
2025-11-03 07:55:36.003,124,20706
2025-11-03 07:55:36.004,124,20706
2025-11-03 07:55:36.004,124,20706
2025-11-03 07:55:36.004,124,20707
2025-11-03 07:55:37.000,124,21702
2025-11-03 07:55:37.001,124,21702
2025-11-03 07:55:37.001,124,21702
2025-11-03 07:55:37.001,124,21702
2025-11-03 07:55:37.002,124,21702
2025-11-03 07:55:37.002,124,21702
2025-11-03 07:55:37.002,124,21703
2025-11-03 07:55:37.002,124,21701
2025-11-03 07:55:38.001,116,22699
2025-11-03 07:55:38.002,116,22698
2025-11-03 07:55:38.002,116,22697
2025-11-03 07:55:38.003,116,22698
2025-11-03 07:55:38.003,116,22697
2025-11-03 07:55:38.003,116,19733
2025-11-03 07:55:38.004,116,19733
2025-11-03 07:55:38.004,116,19734
2025-11-03 07:55:39.001,123,20731
2025-11-03 07:55:39.001,123,20730
2025-11-03 07:55:39.001,123,20729
2025-11-03 07:55:39.002,123,20729
2025-11-03 07:55:39.002,123,20729
2025-11-03 07:55:39.002,123,20730
2025-11-03 07:55:39.002,123,20730
2025-11-03 07:55:39.002,123,20729
2025-11-03 07:55:40.001,123,21728
2025-11-03 07:55:40.001,123,21727
2025-11-03 07:55:40.002,123,21727
2025-11-03 07:55:40.002,123,21727
2025-11-03 07:55:40.003,123,21728
2025-11-03 07:55:40.003,123,21727
2025-11-03 07:55:40.003,123,21727
2025-11-03 07:55:40.004,123,19725
2025-11-03 07:55:41.000,126,20722
2025-11-03 07:55:41.000,126,20721
2025-11-03 07:55:41.001,126,20721
2025-11-03 07:55:41.001,126,20721
2025-11-03 07:55:41.001,126,20722
2025-11-03 07:55:41.002,126,20721
2025-11-03 07:55:41.002,126,20721
2025-11-03 07:55:41.002,126,20722
2025-11-03 07:55:42.001,103,21721
2025-11-03 07:55:42.002,103,21721
2025-11-03 07:55:42.003,103,21720
2025-11-03 07:55:42.003,103,21721
2025-11-03 07:55:42.003,103,21722
2025-11-03 07:55:42.004,103,21721
2025-11-03 07:55:42.004,103,21722
2025-11-03 07:55:42.004,103,19699
2025-11-03 07:55:43.001,103,20695
2025-11-03 07:55:43.002,103,20695
2025-11-03 07:55:43.002,103,20695
2025-11-03 07:55:43.002,103,20696
2025-11-03 07:55:43.003,103,20696
2025-11-03 07:55:43.003,103,20697
2025-11-03 07:55:43.003,103,20696
2025-11-03 07:55:43.004,103,20696
2025-11-03 07:55:44.001,103,21694
2025-11-03 07:55:44.002,103,21693
2025-11-03 07:55:44.002,103,21693
2025-11-03 07:55:44.003,103,21694
2025-11-03 07:55:44.003,103,21694
2025-11-03 07:55:44.003,103,21694
2025-11-03 07:55:44.004,103,21694
2025-11-03 07:55:44.004,103,19724
2025-11-03 07:55:45.000,79,20721
2025-11-03 07:55:45.001,79,20721
2025-11-03 07:55:45.002,79,20720
2025-11-03 07:55:45.002,79,20721
2025-11-03 07:55:45.003,79,20722
2025-11-03 07:55:45.003,79,20723
2025-11-03 07:55:45.003,79,20723
2025-11-03 07:55:45.004,79,20722
2025-11-03 07:55:46.001,79,21720
2025-11-03 07:55:46.002,79,21720
2025-11-03 07:55:46.003,79,21719
2025-11-03 07:55:46.003,79,21720
2025-11-03 07:55:46.003,79,21720
2025-11-03 07:55:46.004,79,21720
2025-11-03 07:55:46.004,79,18709
2025-11-03 07:55:46.004,79,18708
2025-11-03 07:55:47.001,72,19705
2025-11-03 07:55:47.002,72,19705
2025-11-03 07:55:47.003,72,19705
2025-11-03 07:55:47.003,72,19705
2025-11-03 07:55:47.004,72,19706
2025-11-03 07:55:47.004,72,19706
2025-11-03 07:55:47.004,72,19706
2025-11-03 07:55:47.005,72,19706
2025-11-03 07:55:48.001,72,20702
2025-11-03 07:55:48.002,72,20702
2025-11-03 07:55:48.003,72,20702
2025-11-03 07:55:48.003,72,17712
2025-11-03 07:55:48.003,72,17712
2025-11-03 07:55:48.003,72,17712
2025-11-03 07:55:48.004,72,17711
2025-11-03 07:55:48.004,72,17711
2025-11-03 07:55:49.000,64,18708
2025-11-03 07:55:49.000,64,18708
2025-11-03 07:55:49.000,64,18707
2025-11-03 07:55:49.001,64,18707
2025-11-03 07:55:49.001,64,18708
2025-11-03 07:55:49.001,64,18708
2025-11-03 07:55:49.001,64,18708
2025-11-03 07:55:49.002,64,15735
2025-11-03 07:55:50.001,65,16735
2025-11-03 07:55:50.001,65,16734
2025-11-03 07:55:50.001,65,16734
2025-11-03 07:55:50.001,65,16733
2025-11-03 07:55:50.002,65,16733
2025-11-03 07:55:50.002,65,16733
2025-11-03 07:55:50.002,65,16733
2025-11-03 07:55:50.003,65,16733
2025-11-03 07:55:51.000,49,17731
2025-11-03 07:55:51.001,49,17731
2025-11-03 07:55:51.001,49,15701
2025-11-03 07:55:51.002,49,15702
2025-11-03 07:55:51.002,49,15702
2025-11-03 07:55:51.002,49,15701
2025-11-03 07:55:51.003,49,15701
2025-11-03 07:55:51.003,49,15701
2025-11-03 07:55:52.000,49,16699
2025-11-03 07:55:52.000,49,16698
2025-11-03 07:55:52.000,49,16698
2025-11-03 07:55:52.001,49,16698
2025-11-03 07:55:52.001,49,13705
2025-11-03 07:55:52.001,49,13706
2025-11-03 07:55:52.001,49,13706
2025-11-03 07:55:52.002,49,13706
2025-11-03 07:55:52.999,51,14703
2025-11-03 07:55:53.000,51,14703
2025-11-03 07:55:53.000,51,14703
2025-11-03 07:55:53.000,51,14704
2025-11-03 07:55:53.000,51,14704
2025-11-03 07:55:53.000,51,14703
2025-11-03 07:55:53.001,51,11725
2025-11-03 07:55:53.001,51,11724
2025-11-03 07:55:54.001,35,12725
2025-11-03 07:55:54.001,35,12724
2025-11-03 07:55:54.002,35,12724
2025-11-03 07:55:54.002,35,12723
2025-11-03 07:55:54.002,35,12724
2025-11-03 07:55:54.002,35,12724
2025-11-03 07:55:54.003,35,12724
2025-11-03 07:55:54.003,35,7737
2025-11-03 07:55:55.000,35,8735
2025-11-03 07:55:55.001,35,8735
2025-11-03 07:55:55.002,35,8734
2025-11-03 07:55:55.003,35,8736
2025-11-03 07:55:55.004,35,8736
2025-11-03 07:55:55.004,35,8736
2025-11-03 07:55:55.005,35,8737
2025-11-03 07:55:55.005,35,8737
2025-11-03 07:55:56.000,27,6737
2025-11-03 07:55:56.001,27,6736
2025-11-03 07:55:56.002,27,6736
2025-11-03 07:55:56.002,27,6737
2025-11-03 07:55:56.002,27,6737
2025-11-03 07:55:56.002,27,6737
2025-11-03 07:55:56.003,27,6736
2025-11-03 07:55:56.003,27,6736
2025-11-03 07:55:57.000,24,7733
2025-11-03 07:55:57.001,24,4729
2025-11-03 07:55:57.001,24,4729
2025-11-03 07:55:57.001,24,4730
2025-11-03 07:55:57.001,24,4730
2025-11-03 07:55:57.002,24,4729
2025-11-03 07:55:57.002,24,4729
2025-11-03 07:55:57.002,24,4730
2025-11-03 07:55:58.001,24,5729
2025-11-03 07:55:58.002,24,5728
2025-11-03 07:55:58.002,24,5728
2025-11-03 07:55:58.003,24,1728
2025-11-03 07:55:58.003,24,1728
2025-11-03 07:55:58.003,24,1728
2025-11-03 07:55:58.003,24,1724
2025-11-03 07:55:58.003,24,1724
2025-11-03 07:55:59.001,22,2722
2025-11-03 07:55:59.001,22,2721
2025-11-03 07:55:59.002,22,2721
2025-11-03 07:55:59.002,22,2720
2025-11-03 07:55:59.002,22,2721
2025-11-03 07:55:59.002,22,2721
2025-11-03 07:56:01.268,6,1
2025-11-03 07:56:01.269,6,1
2025-11-03 07:56:01.269,6,1
2025-11-03 07:56:01.270,4,1
2025-11-03 07:56:01.271,4,2
2025-11-03 07:56:01.272,4,1
2025-11-03 07:56:01.272,4,2
2025-11-03 07:56:01.272,4,2
2025-11-03 07:56:02.001,8,731
2025-11-03 07:56:02.002,8,731
2025-11-03 07:56:02.003,8,731
2025-11-03 07:56:06.270,0,1
2025-11-03 07:56:06.271,0,1
2025-11-03 07:56:06.271,0,1
2025-11-03 07:56:06.274,3,4
2025-11-03 07:56:06.274,3,4
2025-11-03 07:56:06.274,3,3
2025-11-03 07:56:06.275,3,3
2025-11-03 07:56:06.276,3,3
2025-11-03 07:56:07.000,3,728
2025-11-03 07:56:07.001,3,727
2025-11-03 07:56:07.002,3,726
2025-11-03 07:56:07.002,3,727
2025-11-03 07:56:07.003,3,728
2025-11-03 07:56:09.279,0,1
2025-11-03 07:56:09.280,0,1
2025-11-03 07:56:09.280,0,1
2025-11-03 07:56:09.282,3,3
2025-11-03 07:56:09.283,3,3
2025-11-03 07:56:09.283,3,2
2025-11-03 07:56:09.283,3,3
2025-11-03 07:56:09.283,3,3
2025-11-03 07:56:10.001,3,721
2025-11-03 07:56:10.002,3,721
2025-11-03 07:56:10.003,3,720
2025-11-03 07:56:10.003,3,721
2025-11-03 07:56:10.003,3,722
2025-11-03 07:56:10.003,3,722
2025-11-03 07:56:11.293,12,3
2025-11-03 07:56:11.293,12,3
2025-11-03 07:56:11.293,12,3
2025-11-03 07:56:11.294,12,2
2025-11-03 07:56:11.294,11,2
2025-11-03 07:56:11.294,11,3
2025-11-03 07:56:11.294,11,3
2025-11-03 07:56:11.298,11,2
2025-11-03 07:56:12.001,11,709
2025-11-03 07:56:12.001,11,709
2025-11-03 07:56:12.001,11,709
2025-11-03 07:56:12.002,11,708
2025-11-03 07:56:12.002,11,708
2025-11-03 07:56:12.002,11,709
2025-11-03 07:56:14.273,14,1
2025-11-03 07:56:14.275,4,2
2025-11-03 07:56:14.275,4,2
2025-11-03 07:56:14.275,4,2
2025-11-03 07:56:14.276,4,2
2025-11-03 07:56:14.276,4,2
2025-11-03 07:56:14.276,4,3
2025-11-03 07:56:14.277,4,2
2025-11-03 07:56:15.001,4,727
2025-11-03 07:56:15.002,4,727
2025-11-03 07:56:15.002,4,726
2025-11-03 07:56:15.002,4,727
2025-11-03 07:56:15.003,4,726
2025-11-03 07:56:15.003,4,725
2025-11-03 07:56:15.003,4,725
2025-11-03 07:56:17.279,15,1
2025-11-03 07:56:17.281,15,3
2025-11-03 07:56:17.281,6,3
2025-11-03 07:56:17.282,6,2
2025-11-03 07:56:17.282,6,2
2025-11-03 07:56:17.283,8,3
2025-11-03 07:56:17.283,8,2
2025-11-03 07:56:17.283,8,2
2025-11-03 07:56:18.001,8,720
2025-11-03 07:56:18.001,8,720
2025-11-03 07:56:18.002,8,719
2025-11-03 07:56:18.002,8,719
2025-11-03 07:56:18.002,8,720
2025-11-03 07:56:18.003,8,720
2025-11-03 07:56:18.003,8,719
2025-11-03 07:56:20.275,14,1
2025-11-03 07:56:20.275,14,1
2025-11-03 07:56:20.278,14,4
2025-11-03 07:56:20.278,14,4
2025-11-03 07:56:20.279,11,4
2025-11-03 07:56:20.279,11,4
2025-11-03 07:56:20.279,11,4
2025-11-03 07:56:20.280,11,4
2025-11-03 07:56:21.000,11,725
2025-11-03 07:56:21.001,11,724
2025-11-03 07:56:21.001,11,723
2025-11-03 07:56:21.002,11,724
2025-11-03 07:56:21.002,11,723
2025-11-03 07:56:21.002,11,723
2025-11-03 07:56:21.002,11,722
2025-11-03 07:56:25.285,0,1
2025-11-03 07:56:25.286,0,1
2025-11-03 07:56:25.287,0,2
2025-11-03 07:56:25.288,0,2
2025-11-03 07:56:25.288,11,2
2025-11-03 07:56:25.288,11,3
2025-11-03 07:56:25.288,11,3
2025-11-03 07:56:25.289,11,2
2025-11-03 07:56:26.001,13,715
2025-11-03 07:56:26.002,13,715
2025-11-03 07:56:26.002,13,714
2025-11-03 07:56:26.003,13,715
2025-11-03 07:56:26.003,13,714
2025-11-03 07:56:26.003,13,715
2025-11-03 07:56:26.004,13,715
2025-11-03 07:56:29.262,13,1
2025-11-03 07:56:29.265,5,1
2025-11-03 07:56:29.266,5,4
2025-11-03 07:56:29.266,5,3
2025-11-03 07:56:29.266,4,4
2025-11-03 07:56:29.267,4,4
2025-11-03 07:56:29.267,4,1
2025-11-03 07:56:29.268,4,1
2025-11-03 07:56:30.001,4,733
2025-11-03 07:56:30.001,4,733
2025-11-03 07:56:30.001,4,733
2025-11-03 07:56:30.002,4,733
2025-11-03 07:56:30.002,4,733
2025-11-03 07:56:30.002,4,732
2025-11-03 07:56:32.291,12,1
2025-11-03 07:56:32.293,7,2
2025-11-03 07:56:32.294,7,2
2025-11-03 07:56:32.294,7,2
2025-11-03 07:56:32.294,7,3
2025-11-03 07:56:32.295,7,3
2025-11-03 07:56:32.295,7,3
2025-11-03 07:56:32.295,7,3
2025-11-03 07:56:33.001,7,709
2025-11-03 07:56:33.001,7,709
2025-11-03 07:56:33.002,7,709
2025-11-03 07:56:33.002,7,710
2025-11-03 07:56:33.002,7,708
2025-11-03 07:56:33.003,7,708
2025-11-03 07:56:34.272,7,2
2025-11-03 07:56:34.274,16,3
2025-11-03 07:56:34.275,16,2
2025-11-03 07:56:34.275,16,2
2025-11-03 07:56:34.275,16,2
2025-11-03 07:56:34.275,16,2
2025-11-03 07:56:34.277,11,3
2025-11-03 07:56:34.277,11,3
2025-11-03 07:56:35.000,11,726
2025-11-03 07:56:35.001,11,726
2025-11-03 07:56:35.001,11,725
2025-11-03 07:56:35.001,11,726
2025-11-03 07:56:35.001,11,725
2025-11-03 07:56:35.002,11,725
2025-11-03 07:56:37.273,13,2
2025-11-03 07:56:37.276,13,4
2025-11-03 07:56:37.276,13,4
2025-11-03 07:56:37.276,13,3
2025-11-03 07:56:37.277,13,3
2025-11-03 07:56:37.277,12,3
2025-11-03 07:56:37.277,12,4
2025-11-03 07:56:37.278,12,4
2025-11-03 07:56:38.001,12,727
2025-11-03 07:56:38.001,12,727
2025-11-03 07:56:38.002,12,726
2025-11-03 07:56:38.002,12,727
2025-11-03 07:56:38.002,12,727
2025-11-03 07:56:39.265,0,1
2025-11-03 07:56:39.266,0,2
2025-11-03 07:56:39.266,0,2
2025-11-03 07:56:39.266,0,1
2025-11-03 07:56:39.267,0,1
2025-11-03 07:56:39.267,0,1
2025-11-03 07:56:39.268,0,3
2025-11-03 07:56:39.268,0,2
2025-11-03 07:56:40.001,0,734
2025-11-03 07:56:40.002,0,733
2025-11-03 07:56:40.003,0,731
2025-11-03 07:56:40.003,0,731
2025-11-03 07:56:40.004,0,732
2025-11-03 07:56:42.286,12,1
2025-11-03 07:56:42.287,12,1
2025-11-03 07:56:42.288,12,1
2025-11-03 07:56:42.288,3,1
2025-11-03 07:56:42.289,3,1
2025-11-03 07:56:42.289,3,1
2025-11-03 07:56:42.289,3,2
2025-11-03 07:56:42.289,3,2
2025-11-03 07:56:43.001,11,714
2025-11-03 07:56:43.002,11,713
2025-11-03 07:56:43.002,11,713
2025-11-03 07:56:43.002,11,713
2025-11-03 07:56:46.284,12,3
2025-11-03 07:56:46.284,12,3
2025-11-03 07:56:46.285,6,3
2025-11-03 07:56:46.287,6,5
2025-11-03 07:56:46.288,6,4
2025-11-03 07:56:46.289,6,4
2025-11-03 07:56:46.289,6,5
2025-11-03 07:56:46.289,6,4
2025-11-03 07:56:47.001,7,715
2025-11-03 07:56:47.001,7,713
2025-11-03 07:56:47.001,7,713
2025-11-03 07:56:47.288,7,1
2025-11-03 07:56:47.288,7,1
2025-11-03 07:56:47.291,7,4
2025-11-03 07:56:47.291,7,4
2025-11-03 07:56:47.291,7,4
2025-11-03 07:56:48.000,18,713
2025-11-03 07:56:48.001,18,712
2025-11-03 07:56:48.001,18,711
2025-11-03 07:56:48.002,18,712
2025-11-03 07:56:48.002,18,711
2025-11-03 07:56:49.271,18,2
2025-11-03 07:56:49.273,10,3
2025-11-03 07:56:49.273,10,3
2025-11-03 07:56:49.273,10,3
2025-11-03 07:56:49.274,10,2
2025-11-03 07:56:49.274,10,1
2025-11-03 07:56:49.274,10,2
2025-11-03 07:56:49.275,9,3
2025-11-03 07:56:50.001,9,729
2025-11-03 07:56:50.001,9,728
2025-11-03 07:56:53.268,0,2
2025-11-03 07:56:53.269,0,3
2025-11-03 07:56:53.269,0,2
2025-11-03 07:56:53.269,0,2
2025-11-03 07:56:53.271,0,3
2025-11-03 07:56:53.271,0,3
2025-11-03 07:56:53.272,0,1
2025-11-03 07:56:53.272,0,2
2025-11-03 07:56:55.285,5,1
2025-11-03 07:56:55.285,5,1
2025-11-03 07:56:55.287,4,3
2025-11-03 07:56:55.288,4,3
2025-11-03 07:56:55.288,4,2
2025-11-03 07:56:55.288,4,3
2025-11-03 07:56:55.288,4,2
2025-11-03 07:56:55.289,4,2
2025-11-03 07:56:58.284,8,1
2025-11-03 07:56:58.286,8,2
2025-11-03 07:56:58.287,8,2
2025-11-03 07:56:58.287,8,1
2025-11-03 07:56:58.287,8,2
2025-11-03 07:56:58.287,6,1
2025-11-03 07:56:58.288,6,2
2025-11-03 07:57:02.275,6,1
2025-11-03 07:57:02.276,6,2
2025-11-03 07:57:02.278,6,3
2025-11-03 07:57:02.279,6,3
2025-11-03 07:57:02.279,6,3
2025-11-03 07:57:02.279,6,4
2025-11-03 07:57:05.280,4,2
2025-11-03 07:57:05.282,4,3
2025-11-03 07:57:05.282,4,3
2025-11-03 07:57:05.282,4,3
2025-11-03 07:57:05.283,4,3
2025-11-03 07:57:07.330,0,2
2025-11-03 07:57:07.331,0,3
2025-11-03 07:57:07.331,0,3
2025-11-03 07:57:07.331,0,3
2025-11-03 07:57:07.331,0,2
2025-11-03 07:57:07.423,0,2
2025-11-03 07:57:07.423,0,1
2025-11-03 07:57:07.424,0,1
2025-11-03 07:57:08.001,9,579
2025-11-03 07:57:08.001,9,578
2025-11-03 07:57:08.002,9,493
2025-11-03 07:57:08.002,9,493
2025-11-03 07:57:08.002,9,494
2025-11-03 07:57:08.003,9,494
2025-11-03 07:57:08.003,9,493
2025-11-03 07:57:08.003,9,494
