timestamp,lag,wait_ms
2025-10-30 14:24:59.909,0,20
2025-10-30 14:24:59.910,0,19
2025-10-30 14:24:59.910,0,19
2025-10-30 14:24:59.910,0,20
2025-10-30 14:24:59.910,0,20
2025-10-30 14:24:59.910,0,20
2025-10-30 14:24:59.910,0,20
2025-10-30 14:24:59.910,0,20
2025-10-30 14:24:59.910,0,20
2025-10-30 14:24:59.910,0,20
2025-10-30 14:25:01.901,0,4
2025-10-30 14:25:01.904,0,7
2025-10-30 14:25:01.904,0,6
2025-10-30 14:25:01.904,0,6
2025-10-30 14:25:01.904,0,5
2025-10-30 14:25:01.904,0,5
2025-10-30 14:25:01.904,0,5
2025-10-30 14:25:01.904,0,5
2025-10-30 14:25:01.904,0,5
2025-10-30 14:25:01.904,0,5
2025-10-30 14:25:04.889,0,3
2025-10-30 14:25:04.889,0,3
2025-10-30 14:25:04.895,0,8
2025-10-30 14:25:04.895,0,8
2025-10-30 14:25:04.895,0,8
2025-10-30 14:25:04.895,0,7
2025-10-30 14:25:04.895,0,6
2025-10-30 14:25:04.895,0,5
2025-10-30 14:25:04.895,0,5
2025-10-30 14:25:04.895,0,5
2025-10-30 14:25:06.899,0,2
2025-10-30 14:25:06.901,0,3
2025-10-30 14:25:06.901,0,3
2025-10-30 14:25:06.904,0,4
2025-10-30 14:25:06.904,0,3
2025-10-30 14:25:06.904,0,3
2025-10-30 14:25:06.904,0,3
2025-10-30 14:25:06.905,0,3
2025-10-30 14:25:06.905,0,3
2025-10-30 14:25:06.905,0,3
2025-10-30 14:25:08.925,0,5
2025-10-30 14:25:08.925,0,5
2025-10-30 14:25:08.925,0,4
2025-10-30 14:25:08.925,0,4
2025-10-30 14:25:08.925,0,3
2025-10-30 14:25:08.925,0,3
2025-10-30 14:25:08.927,0,5
2025-10-30 14:25:08.927,0,4
2025-10-30 14:25:08.927,0,3
2025-10-30 14:25:08.928,0,4
2025-10-30 14:25:10.000,10,67
2025-10-30 14:25:10.000,10,67
2025-10-30 14:25:10.000,10,66
2025-10-30 14:25:10.000,10,66
2025-10-30 14:25:10.000,10,65
2025-10-30 14:25:10.000,10,65
2025-10-30 14:25:10.000,10,65
2025-10-30 14:25:10.000,10,65
2025-10-30 14:25:10.000,10,64
2025-10-30 14:25:10.000,10,63
2025-10-30 14:25:11.000,10,48
2025-10-30 14:25:11.000,10,46
2025-10-30 14:25:11.000,10,46
2025-10-30 14:25:11.000,10,45
2025-10-30 14:25:11.000,10,45
2025-10-30 14:25:11.000,10,45
2025-10-30 14:25:11.000,10,43
2025-10-30 14:25:11.000,10,43
2025-10-30 14:25:11.000,10,42
2025-10-30 14:25:11.000,10,42
2025-10-30 14:25:12.001,10,41
2025-10-30 14:25:12.001,10,41
2025-10-30 14:25:12.001,10,41
2025-10-30 14:25:12.001,10,41
2025-10-30 14:25:12.001,10,41
2025-10-30 14:25:12.001,10,41
2025-10-30 14:25:12.001,10,40
2025-10-30 14:25:12.001,10,40
2025-10-30 14:25:12.001,10,40
2025-10-30 14:25:12.001,10,40
2025-10-30 14:25:13.922,10,4
2025-10-30 14:25:13.926,2,7
2025-10-30 14:25:13.927,2,6
2025-10-30 14:25:13.927,2,5
2025-10-30 14:25:13.927,2,6
2025-10-30 14:25:13.927,2,6
2025-10-30 14:25:13.927,2,5
2025-10-30 14:25:13.927,2,5
2025-10-30 14:25:13.927,2,5
2025-10-30 14:25:13.927,2,4
2025-10-30 14:25:15.001,9,69
2025-10-30 14:25:15.001,9,67
2025-10-30 14:25:15.001,9,67
2025-10-30 14:25:15.001,9,66
2025-10-30 14:25:15.001,9,66
2025-10-30 14:25:15.001,9,66
2025-10-30 14:25:15.001,9,65
2025-10-30 14:25:15.001,9,64
2025-10-30 14:25:15.001,9,64
2025-10-30 14:25:15.001,9,64
2025-10-30 14:25:16.000,10,46
2025-10-30 14:25:16.000,10,45
2025-10-30 14:25:16.000,10,45
2025-10-30 14:25:16.000,10,45
2025-10-30 14:25:16.000,10,45
2025-10-30 14:25:16.000,10,45
2025-10-30 14:25:16.000,10,45
2025-10-30 14:25:16.000,10,44
2025-10-30 14:25:16.000,10,44
2025-10-30 14:25:16.000,10,44
2025-10-30 14:25:17.001,20,40
2025-10-30 14:25:17.001,20,40
2025-10-30 14:25:17.001,20,38
2025-10-30 14:25:17.001,20,38
2025-10-30 14:25:17.001,20,38
2025-10-30 14:25:17.001,20,38
2025-10-30 14:25:17.001,20,38
2025-10-30 14:25:17.001,20,37
2025-10-30 14:25:17.001,20,37
2025-10-30 14:25:17.001,20,37
2025-10-30 14:25:18.043,10,2
2025-10-30 14:25:18.045,10,4
2025-10-30 14:25:18.045,10,4
2025-10-30 14:25:18.047,10,3
2025-10-30 14:25:18.047,10,3
2025-10-30 14:25:18.049,10,5
2025-10-30 14:25:18.049,10,5
2025-10-30 14:25:18.049,10,4
2025-10-30 14:25:18.049,10,4
2025-10-30 14:25:18.049,10,4
2025-10-30 14:25:19.000,10,23
2025-10-30 14:25:19.000,10,23
2025-10-30 14:25:19.000,10,22
2025-10-30 14:25:19.000,10,22
2025-10-30 14:25:19.000,10,22
2025-10-30 14:25:19.000,10,22
2025-10-30 14:25:19.000,10,22
2025-10-30 14:25:19.000,10,21
2025-10-30 14:25:19.000,10,21
2025-10-30 14:25:19.000,10,21
2025-10-30 14:25:20.000,20,936
2025-10-30 14:25:20.000,20,935
2025-10-30 14:25:20.000,20,935
2025-10-30 14:25:20.000,20,935
2025-10-30 14:25:20.000,20,934
2025-10-30 14:25:20.000,20,932
2025-10-30 14:25:20.000,20,931
2025-10-30 14:25:20.000,20,931
2025-10-30 14:25:20.000,20,931
2025-10-30 14:25:20.000,20,930
2025-10-30 14:25:21.001,30,1008
2025-10-30 14:25:21.001,30,1007
2025-10-30 14:25:21.001,30,1006
2025-10-30 14:25:21.001,30,1006
2025-10-30 14:25:21.001,30,1006
2025-10-30 14:25:21.001,30,1005
2025-10-30 14:25:21.001,30,1005
2025-10-30 14:25:21.001,30,1005
2025-10-30 14:25:21.001,30,1005
2025-10-30 14:25:21.001,30,1005
2025-10-30 14:25:22.000,30,1928
2025-10-30 14:25:22.000,30,1928
2025-10-30 14:25:22.000,30,1927
2025-10-30 14:25:22.000,30,1927
2025-10-30 14:25:22.000,30,1927
2025-10-30 14:25:22.000,30,1927
2025-10-30 14:25:22.000,30,1927
2025-10-30 14:25:22.000,30,1926
2025-10-30 14:25:22.000,30,1926
2025-10-30 14:25:22.000,30,1925
2025-10-30 14:25:23.000,40,1989
2025-10-30 14:25:23.000,40,1989
2025-10-30 14:25:23.000,40,1988
2025-10-30 14:25:23.000,40,1988
2025-10-30 14:25:23.000,40,1987
2025-10-30 14:25:23.000,40,1987
2025-10-30 14:25:23.000,40,1987
2025-10-30 14:25:23.000,40,1987
2025-10-30 14:25:23.000,40,1987
2025-10-30 14:25:23.000,40,1986
2025-10-30 14:25:24.001,40,2900
2025-10-30 14:25:24.001,40,2900
2025-10-30 14:25:24.001,40,2899
2025-10-30 14:25:24.001,40,2899
2025-10-30 14:25:24.001,40,2899
2025-10-30 14:25:24.001,40,2899
2025-10-30 14:25:24.001,40,2899
2025-10-30 14:25:24.001,40,2899
2025-10-30 14:25:24.001,40,2898
2025-10-30 14:25:24.001,40,2898
2025-10-30 14:25:25.000,40,2975
2025-10-30 14:25:25.000,40,2974
2025-10-30 14:25:25.000,40,2974
2025-10-30 14:25:25.000,40,2974
2025-10-30 14:25:25.000,40,2974
2025-10-30 14:25:25.000,40,2974
2025-10-30 14:25:25.000,40,2974
2025-10-30 14:25:25.000,40,2973
2025-10-30 14:25:25.000,40,2973
2025-10-30 14:25:25.000,40,2973
2025-10-30 14:25:26.000,60,3896
2025-10-30 14:25:26.000,60,3895
2025-10-30 14:25:26.000,60,3895
2025-10-30 14:25:26.000,60,3895
2025-10-30 14:25:26.000,60,3895
2025-10-30 14:25:26.000,60,3894
2025-10-30 14:25:26.000,60,3894
2025-10-30 14:25:26.000,60,3894
2025-10-30 14:25:26.000,60,3894
2025-10-30 14:25:26.000,60,3893
2025-10-30 14:25:27.001,70,3961
2025-10-30 14:25:27.001,70,3960
2025-10-30 14:25:27.001,70,3960
2025-10-30 14:25:27.001,70,3959
2025-10-30 14:25:27.001,70,3959
2025-10-30 14:25:27.001,70,3958
2025-10-30 14:25:27.001,70,3958
2025-10-30 14:25:27.001,70,3957
2025-10-30 14:25:27.001,70,3957
2025-10-30 14:25:27.001,70,3957
2025-10-30 14:25:28.000,80,4021
2025-10-30 14:25:28.000,80,4020
2025-10-30 14:25:28.000,80,4020
2025-10-30 14:25:28.000,80,4020
2025-10-30 14:25:28.000,80,4020
2025-10-30 14:25:28.000,80,4019
2025-10-30 14:25:28.000,80,4018
2025-10-30 14:25:28.000,80,4018
2025-10-30 14:25:28.000,80,4018
2025-10-30 14:25:28.000,80,4017
2025-10-30 14:25:29.001,80,4941
2025-10-30 14:25:29.001,80,4941
2025-10-30 14:25:29.001,80,4941
2025-10-30 14:25:29.001,80,4940
2025-10-30 14:25:29.001,80,4940
2025-10-30 14:25:29.001,80,4940
2025-10-30 14:25:29.001,80,4939
2025-10-30 14:25:29.001,80,4939
2025-10-30 14:25:29.001,80,4939
2025-10-30 14:25:29.001,80,4939
2025-10-30 14:25:30.000,100,5002
2025-10-30 14:25:30.000,100,5001
2025-10-30 14:25:30.000,100,5001
2025-10-30 14:25:30.000,100,5001
2025-10-30 14:25:30.000,100,5000
2025-10-30 14:25:30.000,100,5000
2025-10-30 14:25:30.000,100,5000
2025-10-30 14:25:30.000,100,4999
2025-10-30 14:25:30.000,100,4999
2025-10-30 14:25:30.000,100,4999
2025-10-30 14:25:31.001,128,5918
2025-10-30 14:25:31.001,128,5917
2025-10-30 14:25:31.001,128,5917
2025-10-30 14:25:31.001,128,5917
2025-10-30 14:25:31.001,128,5916
2025-10-30 14:25:31.001,128,5916
2025-10-30 14:25:31.001,128,5916
2025-10-30 14:25:31.001,128,5916
2025-10-30 14:25:31.001,128,5915
2025-10-30 14:25:31.001,128,5915
2025-10-30 14:25:32.000,150,5993
2025-10-30 14:25:32.000,150,5993
2025-10-30 14:25:32.000,150,5993
2025-10-30 14:25:32.000,150,5992
2025-10-30 14:25:32.000,150,5992
2025-10-30 14:25:32.000,150,5992
2025-10-30 14:25:32.000,150,5992
2025-10-30 14:25:32.000,150,5992
2025-10-30 14:25:32.000,150,5991
2025-10-30 14:25:32.000,150,5991
2025-10-30 14:25:33.000,168,6910
2025-10-30 14:25:33.000,168,6909
2025-10-30 14:25:33.000,168,6909
2025-10-30 14:25:33.000,168,6909
2025-10-30 14:25:33.000,168,6909
2025-10-30 14:25:33.000,168,6909
2025-10-30 14:25:33.000,168,6909
2025-10-30 14:25:33.000,168,6908
2025-10-30 14:25:33.000,168,6908
2025-10-30 14:25:33.000,168,6908
2025-10-30 14:25:34.000,190,6975
2025-10-30 14:25:34.000,190,6974
2025-10-30 14:25:34.000,190,6973
2025-10-30 14:25:34.000,190,6973
2025-10-30 14:25:34.000,190,6973
2025-10-30 14:25:34.000,190,6973
2025-10-30 14:25:34.000,190,6973
2025-10-30 14:25:34.000,190,6973
2025-10-30 14:25:34.000,190,6972
2025-10-30 14:25:34.000,190,6972
2025-10-30 14:25:35.001,200,7897
2025-10-30 14:25:35.001,200,7897
2025-10-30 14:25:35.001,200,7897
2025-10-30 14:25:35.001,200,7897
2025-10-30 14:25:35.001,200,7896
2025-10-30 14:25:35.001,200,7896
2025-10-30 14:25:35.001,200,7896
2025-10-30 14:25:35.001,200,7896
2025-10-30 14:25:35.001,200,7895
2025-10-30 14:25:35.001,200,7895
2025-10-30 14:25:36.000,220,7801
2025-10-30 14:25:36.000,220,7800
2025-10-30 14:25:36.000,220,7799
2025-10-30 14:25:36.000,220,7799
2025-10-30 14:25:36.000,220,7799
2025-10-30 14:25:36.000,220,7798
2025-10-30 14:25:36.000,220,7798
2025-10-30 14:25:36.000,220,7797
2025-10-30 14:25:36.000,220,7797
2025-10-30 14:25:36.000,220,7797
2025-10-30 14:25:37.000,250,8707
2025-10-30 14:25:37.000,250,8707
2025-10-30 14:25:37.000,250,8707
2025-10-30 14:25:37.000,250,8707
2025-10-30 14:25:37.000,250,8707
2025-10-30 14:25:37.000,250,8706
2025-10-30 14:25:37.000,250,8705
2025-10-30 14:25:37.000,250,8705
2025-10-30 14:25:37.000,250,8705
2025-10-30 14:25:37.000,250,8705
2025-10-30 14:25:38.000,270,9585
2025-10-30 14:25:38.000,270,9585
2025-10-30 14:25:38.000,270,9584
2025-10-30 14:25:38.000,270,9584
2025-10-30 14:25:38.000,270,9583
2025-10-30 14:25:38.000,270,9583
2025-10-30 14:25:38.000,270,9583
2025-10-30 14:25:38.000,270,9583
2025-10-30 14:25:38.000,270,9583
2025-10-30 14:25:38.000,270,9583
2025-10-30 14:25:39.001,280,9820
2025-10-30 14:25:39.001,280,9820
2025-10-30 14:25:39.001,280,9819
2025-10-30 14:25:39.001,280,9819
2025-10-30 14:25:39.001,280,9819
2025-10-30 14:25:39.001,280,9818
2025-10-30 14:25:39.001,280,9817
2025-10-30 14:25:39.001,280,9816
2025-10-30 14:25:39.001,280,9816
2025-10-30 14:25:39.001,280,9816
2025-10-30 14:25:40.000,300,10733
2025-10-30 14:25:40.000,300,10733
2025-10-30 14:25:40.000,300,10732
2025-10-30 14:25:40.000,300,10732
2025-10-30 14:25:40.000,300,10732
2025-10-30 14:25:40.000,300,10732
2025-10-30 14:25:40.000,300,10731
2025-10-30 14:25:40.000,300,10731
2025-10-30 14:25:40.000,300,10730
2025-10-30 14:25:40.000,300,10730
2025-10-30 14:25:41.000,320,11649
2025-10-30 14:25:41.000,320,11648
2025-10-30 14:25:41.000,320,11648
2025-10-30 14:25:41.000,320,11648
2025-10-30 14:25:41.000,320,11648
2025-10-30 14:25:41.000,320,11648
2025-10-30 14:25:41.000,320,11648
2025-10-30 14:25:41.000,320,11648
2025-10-30 14:25:41.000,320,11648
2025-10-30 14:25:41.000,320,11647
2025-10-30 14:25:42.001,340,11823
2025-10-30 14:25:42.001,340,11823
2025-10-30 14:25:42.001,340,11822
2025-10-30 14:25:42.001,340,11822
2025-10-30 14:25:42.001,340,11821
2025-10-30 14:25:42.001,340,11821
2025-10-30 14:25:42.001,340,11821
2025-10-30 14:25:42.001,340,11821
2025-10-30 14:25:42.001,340,11820
2025-10-30 14:25:42.001,340,11820
2025-10-30 14:25:43.000,360,12733
2025-10-30 14:25:43.000,360,12732
2025-10-30 14:25:43.000,360,12732
2025-10-30 14:25:43.000,360,12732
2025-10-30 14:25:43.000,360,12731
2025-10-30 14:25:43.000,360,12731
2025-10-30 14:25:43.000,360,12730
2025-10-30 14:25:43.000,360,12730
2025-10-30 14:25:43.000,360,12730
2025-10-30 14:25:43.000,360,12729
2025-10-30 14:25:44.000,380,13647
2025-10-30 14:25:44.000,380,13647
2025-10-30 14:25:44.000,380,13646
2025-10-30 14:25:44.000,380,13646
2025-10-30 14:25:44.000,380,13646
2025-10-30 14:25:44.000,380,13646
2025-10-30 14:25:44.000,380,13645
2025-10-30 14:25:44.000,380,13645
2025-10-30 14:25:44.000,380,13645
2025-10-30 14:25:44.000,380,13644
2025-10-30 14:25:45.000,400,13819
2025-10-30 14:25:45.000,400,13819
2025-10-30 14:25:45.000,400,13819
2025-10-30 14:25:45.000,400,13819
2025-10-30 14:25:45.000,400,13818
2025-10-30 14:25:45.000,400,13818
2025-10-30 14:25:45.000,400,13818
2025-10-30 14:25:45.000,400,13818
2025-10-30 14:25:45.000,400,13817
2025-10-30 14:25:45.000,400,13817
2025-10-30 14:25:46.000,420,14739
2025-10-30 14:25:46.000,420,14738
2025-10-30 14:25:46.000,420,14737
2025-10-30 14:25:46.000,420,14736
2025-10-30 14:25:46.000,420,14736
2025-10-30 14:25:46.000,420,14736
2025-10-30 14:25:46.000,420,14736
2025-10-30 14:25:46.000,420,14736
2025-10-30 14:25:46.000,420,14736
2025-10-30 14:25:46.000,420,14735
2025-10-30 14:25:47.001,440,15658
2025-10-30 14:25:47.001,440,15658
2025-10-30 14:25:47.001,440,15658
2025-10-30 14:25:47.001,440,15657
2025-10-30 14:25:47.001,440,15657
2025-10-30 14:25:47.001,440,15656
2025-10-30 14:25:47.001,440,15656
2025-10-30 14:25:47.001,440,15656
2025-10-30 14:25:47.001,440,15655
2025-10-30 14:25:47.001,440,15655
2025-10-30 14:25:48.000,460,15809
2025-10-30 14:25:48.000,460,15809
2025-10-30 14:25:48.000,460,15809
2025-10-30 14:25:48.000,460,15808
2025-10-30 14:25:48.000,460,15808
2025-10-30 14:25:48.000,460,15807
2025-10-30 14:25:48.000,460,15806
2025-10-30 14:25:48.000,460,15806
2025-10-30 14:25:48.000,460,15806
2025-10-30 14:25:48.000,460,15805
2025-10-30 14:25:49.001,480,16728
2025-10-30 14:25:49.001,480,16727
2025-10-30 14:25:49.001,480,16727
2025-10-30 14:25:49.001,480,16726
2025-10-30 14:25:49.001,480,16726
2025-10-30 14:25:49.001,480,16726
2025-10-30 14:25:49.001,480,16726
2025-10-30 14:25:49.001,480,16725
2025-10-30 14:25:49.001,480,16725
2025-10-30 14:25:49.001,480,16725
2025-10-30 14:25:50.000,500,17647
2025-10-30 14:25:50.000,500,17646
2025-10-30 14:25:50.000,500,17646
2025-10-30 14:25:50.000,500,17646
2025-10-30 14:25:50.000,500,17646
2025-10-30 14:25:50.000,500,17646
2025-10-30 14:25:50.000,500,17646
2025-10-30 14:25:50.000,500,17646
2025-10-30 14:25:50.000,500,17645
2025-10-30 14:25:50.000,500,17645
2025-10-30 14:25:51.001,520,17816
2025-10-30 14:25:51.001,520,17816
2025-10-30 14:25:51.001,520,17816
2025-10-30 14:25:51.001,520,17816
2025-10-30 14:25:51.001,520,17815
2025-10-30 14:25:51.001,520,17815
2025-10-30 14:25:51.001,520,17814
2025-10-30 14:25:51.001,520,17814
2025-10-30 14:25:51.001,520,17814
2025-10-30 14:25:51.001,520,17814
2025-10-30 14:25:52.000,540,18731
2025-10-30 14:25:52.000,540,18731
2025-10-30 14:25:52.000,540,18729
2025-10-30 14:25:52.000,540,18729
2025-10-30 14:25:52.000,540,18729
2025-10-30 14:25:52.000,540,18729
2025-10-30 14:25:52.000,540,18728
2025-10-30 14:25:52.000,540,18728
2025-10-30 14:25:52.000,540,18728
2025-10-30 14:25:52.000,540,18727
2025-10-30 14:25:53.000,560,19655
2025-10-30 14:25:53.000,560,19655
2025-10-30 14:25:53.000,560,19654
2025-10-30 14:25:53.000,560,19654
2025-10-30 14:25:53.000,560,19654
2025-10-30 14:25:53.000,560,19654
2025-10-30 14:25:53.000,560,19654
2025-10-30 14:25:53.000,560,19654
2025-10-30 14:25:53.000,560,19654
2025-10-30 14:25:53.000,560,19654
2025-10-30 14:25:54.000,580,19809
2025-10-30 14:25:54.000,580,19809
2025-10-30 14:25:54.000,580,19808
2025-10-30 14:25:54.000,580,19808
2025-10-30 14:25:54.000,580,19807
2025-10-30 14:25:54.000,580,19807
2025-10-30 14:25:54.000,580,19807
2025-10-30 14:25:54.000,580,19807
2025-10-30 14:25:54.000,580,19807
2025-10-30 14:25:54.000,580,19807
2025-10-30 14:25:55.001,600,20712
2025-10-30 14:25:55.001,600,20711
2025-10-30 14:25:55.001,600,20711
2025-10-30 14:25:55.001,600,20711
2025-10-30 14:25:55.001,600,20711
2025-10-30 14:25:55.001,600,20710
2025-10-30 14:25:55.001,600,20710
2025-10-30 14:25:55.001,600,20710
2025-10-30 14:25:55.001,600,20710
2025-10-30 14:25:55.001,600,20710
2025-10-30 14:25:56.000,620,21628
2025-10-30 14:25:56.000,620,21628
2025-10-30 14:25:56.000,620,21628
2025-10-30 14:25:56.000,620,21627
2025-10-30 14:25:56.000,620,21627
2025-10-30 14:25:56.000,620,21627
2025-10-30 14:25:56.000,620,21626
2025-10-30 14:25:56.000,620,21626
2025-10-30 14:25:56.000,620,21626
2025-10-30 14:25:56.000,620,21625
2025-10-30 14:25:57.000,640,21818
2025-10-30 14:25:57.000,640,21818
2025-10-30 14:25:57.000,640,21818
2025-10-30 14:25:57.000,640,21817
2025-10-30 14:25:57.000,640,21816
2025-10-30 14:25:57.000,640,21816
2025-10-30 14:25:57.000,640,21815
2025-10-30 14:25:57.000,640,21815
2025-10-30 14:25:57.000,640,21815
2025-10-30 14:25:57.000,640,21815
2025-10-30 14:25:58.001,660,22740
2025-10-30 14:25:58.001,660,22739
2025-10-30 14:25:58.001,660,22739
2025-10-30 14:25:58.001,660,22739
2025-10-30 14:25:58.001,660,22739
2025-10-30 14:25:58.001,660,22738
2025-10-30 14:25:58.001,660,22738
2025-10-30 14:25:58.001,660,22737
2025-10-30 14:25:58.001,660,22737
2025-10-30 14:25:58.001,660,22737
2025-10-30 14:25:59.000,680,23660
2025-10-30 14:25:59.000,680,23659
2025-10-30 14:25:59.000,680,23659
2025-10-30 14:25:59.000,680,23659
2025-10-30 14:25:59.000,680,23659
2025-10-30 14:25:59.000,680,23659
2025-10-30 14:25:59.000,680,23658
2025-10-30 14:25:59.000,680,23658
2025-10-30 14:25:59.000,680,23658
2025-10-30 14:25:59.000,680,23658
2025-10-30 14:26:00.000,690,23816
2025-10-30 14:26:00.000,690,23816
2025-10-30 14:26:00.000,690,23816
2025-10-30 14:26:00.000,690,23815
2025-10-30 14:26:00.000,690,23814
2025-10-30 14:26:00.001,690,23814
2025-10-30 14:26:00.001,690,23814
2025-10-30 14:26:00.001,690,23814
2025-10-30 14:26:00.001,690,23814
2025-10-30 14:26:00.001,690,23813
2025-10-30 14:26:01.000,700,24734
2025-10-30 14:26:01.000,700,24732
2025-10-30 14:26:01.000,700,24732
2025-10-30 14:26:01.000,700,24731
2025-10-30 14:26:01.000,700,24731
2025-10-30 14:26:01.000,700,24731
2025-10-30 14:26:01.000,700,24730
2025-10-30 14:26:01.000,700,24730
2025-10-30 14:26:01.000,700,24730
2025-10-30 14:26:01.000,700,24730
2025-10-30 14:26:02.000,710,25652
2025-10-30 14:26:02.000,710,25651
2025-10-30 14:26:02.000,710,25651
2025-10-30 14:26:02.000,710,25651
2025-10-30 14:26:02.000,710,25650
2025-10-30 14:26:02.000,710,25650
2025-10-30 14:26:02.000,710,25650
2025-10-30 14:26:02.000,710,25649
2025-10-30 14:26:02.000,710,25649
2025-10-30 14:26:02.000,710,25648
2025-10-30 14:26:03.001,730,25776
2025-10-30 14:26:03.001,730,25776
2025-10-30 14:26:03.001,730,25776
2025-10-30 14:26:03.001,730,25776
2025-10-30 14:26:03.001,730,25775
2025-10-30 14:26:03.001,730,25775
2025-10-30 14:26:03.001,730,25774
2025-10-30 14:26:03.001,730,25774
2025-10-30 14:26:03.001,730,25774
2025-10-30 14:26:03.001,730,25774
2025-10-30 14:26:04.000,740,26643
2025-10-30 14:26:04.000,740,26642
2025-10-30 14:26:04.000,740,26641
2025-10-30 14:26:04.000,740,26641
2025-10-30 14:26:04.000,740,26641
2025-10-30 14:26:04.000,740,26641
2025-10-30 14:26:04.000,740,26641
2025-10-30 14:26:04.000,740,26640
2025-10-30 14:26:04.000,740,26640
2025-10-30 14:26:04.000,740,26640
2025-10-30 14:26:05.000,750,27524
2025-10-30 14:26:05.000,750,27524
2025-10-30 14:26:05.000,750,27523
2025-10-30 14:26:05.000,750,27523
2025-10-30 14:26:05.000,750,27523
2025-10-30 14:26:05.000,750,27522
2025-10-30 14:26:05.000,750,27522
2025-10-30 14:26:05.000,750,27522
2025-10-30 14:26:05.000,750,27522
2025-10-30 14:26:05.000,750,27522
2025-10-30 14:26:06.000,770,27445
2025-10-30 14:26:06.000,770,27445
2025-10-30 14:26:06.000,770,27445
2025-10-30 14:26:06.000,770,27445
2025-10-30 14:26:06.000,770,27443
2025-10-30 14:26:06.000,770,27443
2025-10-30 14:26:06.000,770,27443
2025-10-30 14:26:06.000,770,27443
2025-10-30 14:26:06.000,770,27442
2025-10-30 14:26:06.000,770,27442
2025-10-30 14:26:07.000,780,28370
2025-10-30 14:26:07.000,780,28370
2025-10-30 14:26:07.000,780,28370
2025-10-30 14:26:07.000,780,28369
2025-10-30 14:26:07.000,780,28369
2025-10-30 14:26:07.000,780,28369
2025-10-30 14:26:07.000,780,28369
2025-10-30 14:26:07.000,780,28368
2025-10-30 14:26:07.000,780,28368
2025-10-30 14:26:07.000,780,28368
2025-10-30 14:26:08.000,800,29292
2025-10-30 14:26:08.000,800,29291
2025-10-30 14:26:08.000,800,29291
2025-10-30 14:26:08.000,800,29291
2025-10-30 14:26:08.000,800,29291
2025-10-30 14:26:08.000,800,29291
2025-10-30 14:26:08.000,800,29290
2025-10-30 14:26:08.000,800,29290
2025-10-30 14:26:08.000,800,29290
2025-10-30 14:26:08.000,800,29290
2025-10-30 14:26:09.001,810,29446
2025-10-30 14:26:09.001,810,29445
2025-10-30 14:26:09.001,810,29445
2025-10-30 14:26:09.001,810,29445
2025-10-30 14:26:09.001,810,29445
2025-10-30 14:26:09.001,810,29444
2025-10-30 14:26:09.001,810,29444
2025-10-30 14:26:09.001,810,29443
2025-10-30 14:26:09.001,810,29443
2025-10-30 14:26:09.001,810,29443
2025-10-30 14:26:10.000,810,30365
2025-10-30 14:26:10.000,810,30365
2025-10-30 14:26:10.000,810,30364
2025-10-30 14:26:10.000,810,30364
2025-10-30 14:26:10.000,810,30364
2025-10-30 14:26:10.000,810,30364
2025-10-30 14:26:10.000,810,30364
2025-10-30 14:26:10.000,810,30363
2025-10-30 14:26:10.000,810,30363
2025-10-30 14:26:10.000,810,30363
2025-10-30 14:26:11.000,810,31264
2025-10-30 14:26:11.000,810,31264
2025-10-30 14:26:11.000,810,31264
2025-10-30 14:26:11.000,810,31263
2025-10-30 14:26:11.000,810,31262
2025-10-30 14:26:11.000,810,31262
2025-10-30 14:26:11.000,810,31262
2025-10-30 14:26:11.000,810,31261
2025-10-30 14:26:11.000,810,31261
2025-10-30 14:26:11.000,810,31261
2025-10-30 14:26:12.001,820,31446
2025-10-30 14:26:12.001,820,31446
2025-10-30 14:26:12.001,820,31446
2025-10-30 14:26:12.001,820,31444
2025-10-30 14:26:12.001,820,31444
2025-10-30 14:26:12.001,820,31444
2025-10-30 14:26:12.001,820,31444
2025-10-30 14:26:12.001,820,31443
2025-10-30 14:26:12.001,820,31443
2025-10-30 14:26:12.001,820,31442
2025-10-30 14:26:13.001,820,32370
2025-10-30 14:26:13.001,820,32370
2025-10-30 14:26:13.001,820,32370
2025-10-30 14:26:13.001,820,32370
2025-10-30 14:26:13.001,820,32369
2025-10-30 14:26:13.001,820,32368
2025-10-30 14:26:13.001,820,32368
2025-10-30 14:26:13.001,820,32368
2025-10-30 14:26:13.001,820,32368
2025-10-30 14:26:13.001,820,32367
2025-10-30 14:26:14.000,830,33291
2025-10-30 14:26:14.000,830,33290
2025-10-30 14:26:14.000,830,33289
2025-10-30 14:26:14.000,830,33289
2025-10-30 14:26:14.000,830,33288
2025-10-30 14:26:14.000,830,33288
2025-10-30 14:26:14.000,830,33288
2025-10-30 14:26:14.000,830,33288
2025-10-30 14:26:14.000,830,33288
2025-10-30 14:26:14.000,830,33287
2025-10-30 14:26:15.001,840,33437
2025-10-30 14:26:15.001,840,33436
2025-10-30 14:26:15.001,840,33434
2025-10-30 14:26:15.001,840,33433
2025-10-30 14:26:15.001,840,33432
2025-10-30 14:26:15.001,840,33432
2025-10-30 14:26:15.001,840,33431
2025-10-30 14:26:15.001,840,33430
2025-10-30 14:26:15.001,840,33430
2025-10-30 14:26:15.001,840,33430
2025-10-30 14:26:16.000,840,34327
2025-10-30 14:26:16.000,840,34327
2025-10-30 14:26:16.000,840,34327
2025-10-30 14:26:16.000,840,34325
2025-10-30 14:26:16.000,840,34325
2025-10-30 14:26:16.000,840,34325
2025-10-30 14:26:16.000,840,34325
2025-10-30 14:26:16.000,840,34325
2025-10-30 14:26:16.000,840,34325
2025-10-30 14:26:16.000,840,34324
2025-10-30 14:26:17.000,850,35240
2025-10-30 14:26:17.000,850,35240
2025-10-30 14:26:17.000,850,35240
2025-10-30 14:26:17.000,850,35239
2025-10-30 14:26:17.000,850,35239
2025-10-30 14:26:17.000,850,35239
2025-10-30 14:26:17.000,850,35238
2025-10-30 14:26:17.000,850,35238
2025-10-30 14:26:17.000,850,35237
2025-10-30 14:26:17.000,850,35237
2025-10-30 14:26:18.000,850,35446
2025-10-30 14:26:18.000,850,35446
2025-10-30 14:26:18.000,850,35446
2025-10-30 14:26:18.000,850,35445
2025-10-30 14:26:18.000,850,35445
2025-10-30 14:26:18.000,850,35445
2025-10-30 14:26:18.000,850,35445
2025-10-30 14:26:18.000,850,35445
2025-10-30 14:26:18.000,850,35444
2025-10-30 14:26:18.000,850,35444
2025-10-30 14:26:19.000,860,36367
2025-10-30 14:26:19.000,860,36366
2025-10-30 14:26:19.000,860,36365
2025-10-30 14:26:19.000,860,36365
2025-10-30 14:26:19.000,860,36364
2025-10-30 14:26:19.000,860,36364
2025-10-30 14:26:19.000,860,36364
2025-10-30 14:26:19.000,860,36364
2025-10-30 14:26:19.000,860,36363
2025-10-30 14:26:19.000,860,36363
2025-10-30 14:26:20.001,870,37291
2025-10-30 14:26:20.001,870,37291
2025-10-30 14:26:20.001,870,37291
2025-10-30 14:26:20.001,870,37290
2025-10-30 14:26:20.001,870,37290
2025-10-30 14:26:20.001,870,37290
2025-10-30 14:26:20.001,870,37290
2025-10-30 14:26:20.001,870,37290
2025-10-30 14:26:20.001,870,37289
2025-10-30 14:26:20.001,870,37289
2025-10-30 14:26:21.000,870,37444
2025-10-30 14:26:21.000,870,37444
2025-10-30 14:26:21.000,870,37443
2025-10-30 14:26:21.000,870,37443
2025-10-30 14:26:21.000,870,37443
2025-10-30 14:26:21.000,870,37442
2025-10-30 14:26:21.000,870,37442
2025-10-30 14:26:21.000,870,37442
2025-10-30 14:26:21.000,870,37442
2025-10-30 14:26:21.000,870,37442
2025-10-30 14:26:22.001,870,38368
2025-10-30 14:26:22.001,870,38367
2025-10-30 14:26:22.001,870,38367
2025-10-30 14:26:22.001,870,38364
2025-10-30 14:26:22.001,870,38363
2025-10-30 14:26:22.001,870,38363
2025-10-30 14:26:22.001,870,38363
2025-10-30 14:26:22.001,870,38363
2025-10-30 14:26:22.001,870,38362
2025-10-30 14:26:22.001,870,38362
2025-10-30 14:26:23.000,870,39279
2025-10-30 14:26:23.000,870,39279
2025-10-30 14:26:23.000,870,39279
2025-10-30 14:26:23.000,870,39278
2025-10-30 14:26:23.000,870,39278
2025-10-30 14:26:23.000,870,39278
2025-10-30 14:26:23.000,870,39278
2025-10-30 14:26:23.000,870,39278
2025-10-30 14:26:23.000,870,39278
2025-10-30 14:26:23.000,870,39277
2025-10-30 14:26:24.001,870,39432
2025-10-30 14:26:24.001,870,39431
2025-10-30 14:26:24.001,870,39431
2025-10-30 14:26:24.001,870,39431
2025-10-30 14:26:24.001,870,39430
2025-10-30 14:26:24.001,870,39430
2025-10-30 14:26:24.001,870,39430
2025-10-30 14:26:24.001,870,39430
2025-10-30 14:26:24.001,870,39430
2025-10-30 14:26:24.001,870,39429
2025-10-30 14:26:25.001,870,40347
2025-10-30 14:26:25.001,870,40347
2025-10-30 14:26:25.001,870,40347
2025-10-30 14:26:25.001,870,40347
2025-10-30 14:26:25.001,870,40345
2025-10-30 14:26:25.001,870,40345
2025-10-30 14:26:25.001,870,40345
2025-10-30 14:26:25.001,870,40344
2025-10-30 14:26:25.001,870,40344
2025-10-30 14:26:25.001,870,40344
2025-10-30 14:26:26.000,870,41257
2025-10-30 14:26:26.000,870,41257
2025-10-30 14:26:26.000,870,41256
2025-10-30 14:26:26.000,870,41255
2025-10-30 14:26:26.000,870,41255
2025-10-30 14:26:26.000,870,41255
2025-10-30 14:26:26.000,870,41255
2025-10-30 14:26:26.000,870,41255
2025-10-30 14:26:26.000,870,41255
2025-10-30 14:26:26.000,870,41255
2025-10-30 14:26:27.000,870,41424
2025-10-30 14:26:27.000,870,41424
2025-10-30 14:26:27.000,870,41422
2025-10-30 14:26:27.000,870,41422
2025-10-30 14:26:27.000,870,41422
2025-10-30 14:26:27.000,870,41422
2025-10-30 14:26:27.000,870,41422
2025-10-30 14:26:27.000,870,41422
2025-10-30 14:26:27.000,870,41421
2025-10-30 14:26:27.000,870,41421
2025-10-30 14:26:28.001,870,42344
2025-10-30 14:26:28.001,870,42343
2025-10-30 14:26:28.001,870,42343
2025-10-30 14:26:28.001,870,42342
2025-10-30 14:26:28.001,870,42342
2025-10-30 14:26:28.001,870,42341
2025-10-30 14:26:28.001,870,42341
2025-10-30 14:26:28.001,870,42341
2025-10-30 14:26:28.001,870,42340
2025-10-30 14:26:28.001,870,42340
2025-10-30 14:26:29.000,870,43258
2025-10-30 14:26:29.000,870,43258
2025-10-30 14:26:29.000,870,43258
2025-10-30 14:26:29.000,870,43258
2025-10-30 14:26:29.000,870,43258
2025-10-30 14:26:29.000,870,43257
2025-10-30 14:26:29.000,870,43257
2025-10-30 14:26:29.000,870,43257
2025-10-30 14:26:29.000,870,43257
2025-10-30 14:26:29.000,870,43257
2025-10-30 14:26:30.001,870,43446
2025-10-30 14:26:30.001,870,43445
2025-10-30 14:26:30.001,870,43443
2025-10-30 14:26:30.001,870,43443
2025-10-30 14:26:30.001,870,43443
2025-10-30 14:26:30.001,870,43443
2025-10-30 14:26:30.001,870,43442
2025-10-30 14:26:30.001,870,43442
2025-10-30 14:26:30.001,870,43442
2025-10-30 14:26:30.001,870,43442
2025-10-30 14:26:31.000,860,44366
2025-10-30 14:26:31.000,860,44365
2025-10-30 14:26:31.000,860,44365
2025-10-30 14:26:31.000,860,44364
2025-10-30 14:26:31.000,860,44364
2025-10-30 14:26:31.000,860,44364
2025-10-30 14:26:31.000,860,44364
2025-10-30 14:26:31.000,860,44363
2025-10-30 14:26:31.000,860,44363
2025-10-30 14:26:31.000,860,44363
2025-10-30 14:26:32.001,860,45289
2025-10-30 14:26:32.001,860,45288
2025-10-30 14:26:32.001,860,45288
2025-10-30 14:26:32.001,860,45287
2025-10-30 14:26:32.001,860,45287
2025-10-30 14:26:32.001,860,45287
2025-10-30 14:26:32.001,860,45287
2025-10-30 14:26:32.001,860,45287
2025-10-30 14:26:32.001,860,45287
2025-10-30 14:26:32.001,860,45286
2025-10-30 14:26:33.000,860,45441
2025-10-30 14:26:33.000,860,45441
2025-10-30 14:26:33.000,860,45440
2025-10-30 14:26:33.000,860,45440
2025-10-30 14:26:33.000,860,45440
2025-10-30 14:26:33.000,860,45440
2025-10-30 14:26:33.000,860,45439
2025-10-30 14:26:33.000,860,45439
2025-10-30 14:26:33.000,860,45439
2025-10-30 14:26:33.000,860,45439
2025-10-30 14:26:34.000,860,46358
2025-10-30 14:26:34.000,860,46358
2025-10-30 14:26:34.000,860,46357
2025-10-30 14:26:34.000,860,46356
2025-10-30 14:26:34.000,860,46355
2025-10-30 14:26:34.000,860,46355
2025-10-30 14:26:34.000,860,46355
2025-10-30 14:26:34.000,860,46355
2025-10-30 14:26:34.000,860,46354
2025-10-30 14:26:34.000,860,46354
2025-10-30 14:26:35.001,860,47278
2025-10-30 14:26:35.001,860,47278
2025-10-30 14:26:35.001,860,47277
2025-10-30 14:26:35.001,860,47277
2025-10-30 14:26:35.001,860,47277
2025-10-30 14:26:35.001,860,47276
2025-10-30 14:26:35.001,860,47275
2025-10-30 14:26:35.001,860,47275
2025-10-30 14:26:35.001,860,47275
2025-10-30 14:26:35.001,860,47275
2025-10-30 14:26:36.000,850,47193
2025-10-30 14:26:36.000,850,47193
2025-10-30 14:26:36.000,850,47192
2025-10-30 14:26:36.000,850,47192
2025-10-30 14:26:36.000,850,47192
2025-10-30 14:26:36.000,850,47192
2025-10-30 14:26:36.000,850,47191
2025-10-30 14:26:36.000,850,47191
2025-10-30 14:26:36.000,850,47191
2025-10-30 14:26:36.000,850,47190
2025-10-30 14:26:37.001,850,48100
2025-10-30 14:26:37.001,850,48100
2025-10-30 14:26:37.001,850,48099
2025-10-30 14:26:37.001,850,48099
2025-10-30 14:26:37.001,850,48099
2025-10-30 14:26:37.001,850,48099
2025-10-30 14:26:37.001,850,48099
2025-10-30 14:26:37.001,850,48098
2025-10-30 14:26:37.001,850,48098
2025-10-30 14:26:37.001,850,48098
2025-10-30 14:26:38.000,850,49020
2025-10-30 14:26:38.000,850,49020
2025-10-30 14:26:38.000,850,49019
2025-10-30 14:26:38.000,850,49019
2025-10-30 14:26:38.000,850,49019
2025-10-30 14:26:38.000,850,49019
2025-10-30 14:26:38.000,850,49019
2025-10-30 14:26:38.000,850,49019
2025-10-30 14:26:38.000,850,49019
2025-10-30 14:26:38.000,850,49018
2025-10-30 14:26:39.001,850,49190
2025-10-30 14:26:39.001,850,49190
2025-10-30 14:26:39.001,850,49189
2025-10-30 14:26:39.001,850,49189
2025-10-30 14:26:39.001,850,49189
2025-10-30 14:26:39.001,850,49189
2025-10-30 14:26:39.001,850,49188
2025-10-30 14:26:39.001,850,49188
2025-10-30 14:26:39.001,850,49188
2025-10-30 14:26:39.001,850,49188
2025-10-30 14:26:40.000,850,50111
2025-10-30 14:26:40.000,850,50110
2025-10-30 14:26:40.000,850,50110
2025-10-30 14:26:40.000,850,50110
2025-10-30 14:26:40.000,850,50110
2025-10-30 14:26:40.000,850,50110
2025-10-30 14:26:40.000,850,50110
2025-10-30 14:26:40.000,850,50109
2025-10-30 14:26:40.000,850,50108
2025-10-30 14:26:40.000,850,50108
2025-10-30 14:26:41.000,840,51034
2025-10-30 14:26:41.000,840,51033
2025-10-30 14:26:41.000,840,51032
2025-10-30 14:26:41.000,840,51032
2025-10-30 14:26:41.000,840,51032
2025-10-30 14:26:41.000,840,51031
2025-10-30 14:26:41.000,840,51031
2025-10-30 14:26:41.000,840,51031
2025-10-30 14:26:41.000,840,51031
2025-10-30 14:26:41.000,840,51031
2025-10-30 14:26:42.001,830,51180
2025-10-30 14:26:42.001,830,51180
2025-10-30 14:26:42.001,830,51180
2025-10-30 14:26:42.001,830,51179
2025-10-30 14:26:42.001,830,51179
2025-10-30 14:26:42.001,830,51179
2025-10-30 14:26:42.001,830,51179
2025-10-30 14:26:42.001,830,51179
2025-10-30 14:26:42.001,830,51179
2025-10-30 14:26:42.001,830,51178
2025-10-30 14:26:43.000,830,52091
2025-10-30 14:26:43.000,830,52090
2025-10-30 14:26:43.000,830,52090
2025-10-30 14:26:43.000,830,52090
2025-10-30 14:26:43.000,830,52089
2025-10-30 14:26:43.000,830,52089
2025-10-30 14:26:43.000,830,52089
2025-10-30 14:26:43.000,830,52088
2025-10-30 14:26:43.000,830,52088
2025-10-30 14:26:43.000,830,52088
2025-10-30 14:26:44.000,820,53004
2025-10-30 14:26:44.000,820,53003
2025-10-30 14:26:44.000,820,53003
2025-10-30 14:26:44.000,820,53003
2025-10-30 14:26:44.000,820,53003
2025-10-30 14:26:44.000,820,53003
2025-10-30 14:26:44.000,820,53002
2025-10-30 14:26:44.000,820,53002
2025-10-30 14:26:44.000,820,53002
2025-10-30 14:26:44.000,820,53002
2025-10-30 14:26:45.001,820,53194
2025-10-30 14:26:45.001,820,53193
2025-10-30 14:26:45.001,820,53193
2025-10-30 14:26:45.001,820,53193
2025-10-30 14:26:45.001,820,53193
2025-10-30 14:26:45.001,820,53192
2025-10-30 14:26:45.001,820,53192
2025-10-30 14:26:45.001,820,53191
2025-10-30 14:26:45.001,820,53191
2025-10-30 14:26:45.001,820,53191
2025-10-30 14:26:46.000,810,54114
2025-10-30 14:26:46.000,810,54114
2025-10-30 14:26:46.000,810,54113
2025-10-30 14:26:46.000,810,54112
2025-10-30 14:26:46.000,810,54112
2025-10-30 14:26:46.000,810,54111
2025-10-30 14:26:46.000,810,54111
2025-10-30 14:26:46.000,810,54111
2025-10-30 14:26:46.000,810,54111
2025-10-30 14:26:46.000,810,54110
2025-10-30 14:26:47.001,800,55027
2025-10-30 14:26:47.001,800,55027
2025-10-30 14:26:47.001,800,55027
2025-10-30 14:26:47.001,800,55026
2025-10-30 14:26:47.001,800,55026
2025-10-30 14:26:47.001,800,55026
2025-10-30 14:26:47.001,800,55026
2025-10-30 14:26:47.001,800,55026
2025-10-30 14:26:47.001,800,55025
2025-10-30 14:26:47.001,800,55025
2025-10-30 14:26:48.000,800,55195
2025-10-30 14:26:48.000,800,55194
2025-10-30 14:26:48.000,800,55194
2025-10-30 14:26:48.000,800,55193
2025-10-30 14:26:48.000,800,55193
2025-10-30 14:26:48.000,800,55193
2025-10-30 14:26:48.000,800,55193
2025-10-30 14:26:48.000,800,55192
2025-10-30 14:26:48.000,800,55192
2025-10-30 14:26:48.000,800,55192
2025-10-30 14:26:49.001,790,56115
2025-10-30 14:26:49.001,790,56115
2025-10-30 14:26:49.001,790,56115
2025-10-30 14:26:49.001,790,56115
2025-10-30 14:26:49.001,790,56115
2025-10-30 14:26:49.001,790,56114
2025-10-30 14:26:49.001,790,56114
2025-10-30 14:26:49.001,790,56114
2025-10-30 14:26:49.001,790,56114
2025-10-30 14:26:49.001,790,56114
2025-10-30 14:26:50.000,790,57037
2025-10-30 14:26:50.000,790,57037
2025-10-30 14:26:50.000,790,57037
2025-10-30 14:26:50.000,790,57037
2025-10-30 14:26:50.000,790,57036
2025-10-30 14:26:50.000,790,57035
2025-10-30 14:26:50.000,790,57035
2025-10-30 14:26:50.000,790,57035
2025-10-30 14:26:50.000,790,57035
2025-10-30 14:26:50.000,790,57034
2025-10-30 14:26:51.001,780,57183
2025-10-30 14:26:51.001,780,57183
2025-10-30 14:26:51.001,780,57181
2025-10-30 14:26:51.001,780,57181
2025-10-30 14:26:51.001,780,57181
2025-10-30 14:26:51.001,780,57180
2025-10-30 14:26:51.001,780,57180
2025-10-30 14:26:51.001,780,57179
2025-10-30 14:26:51.001,780,57179
2025-10-30 14:26:51.001,780,57179
2025-10-30 14:26:52.000,770,58104
2025-10-30 14:26:52.000,770,58104
2025-10-30 14:26:52.000,770,58103
2025-10-30 14:26:52.000,770,58103
2025-10-30 14:26:52.000,770,58103
2025-10-30 14:26:52.000,770,58103
2025-10-30 14:26:52.000,770,58103
2025-10-30 14:26:52.000,770,58102
2025-10-30 14:26:52.000,770,58102
2025-10-30 14:26:52.000,770,58102
2025-10-30 14:26:53.001,770,59027
2025-10-30 14:26:53.001,770,59026
2025-10-30 14:26:53.001,770,59026
2025-10-30 14:26:53.001,770,59026
2025-10-30 14:26:53.001,770,59026
2025-10-30 14:26:53.001,770,59025
2025-10-30 14:26:53.001,770,59025
2025-10-30 14:26:53.001,770,59025
2025-10-30 14:26:53.001,770,59025
2025-10-30 14:26:53.001,770,59024
2025-10-30 14:26:54.000,760,59184
2025-10-30 14:26:54.000,760,59184
2025-10-30 14:26:54.000,760,59183
2025-10-30 14:26:54.000,760,59182
2025-10-30 14:26:54.000,760,59182
2025-10-30 14:26:54.000,760,59181
2025-10-30 14:26:54.000,760,59181
2025-10-30 14:26:54.000,760,59180
2025-10-30 14:26:54.000,760,59180
2025-10-30 14:26:54.000,760,59180
2025-10-30 14:26:55.001,760,60075
2025-10-30 14:26:55.001,760,60075
2025-10-30 14:26:55.001,760,60074
2025-10-30 14:26:55.001,760,60074
2025-10-30 14:26:55.001,760,60074
2025-10-30 14:26:55.001,760,60074
2025-10-30 14:26:55.001,760,60072
2025-10-30 14:26:55.001,760,60072
2025-10-30 14:26:55.001,760,60072
2025-10-30 14:26:55.001,760,60072
2025-10-30 14:26:56.000,750,60979
2025-10-30 14:26:56.000,750,60979
2025-10-30 14:26:56.000,750,60978
2025-10-30 14:26:56.000,750,60978
2025-10-30 14:26:56.000,750,60978
2025-10-30 14:26:56.000,750,60978
2025-10-30 14:26:56.000,750,60978
2025-10-30 14:26:56.000,750,60977
2025-10-30 14:26:56.000,750,60977
2025-10-30 14:26:56.000,750,60977
2025-10-30 14:26:57.000,740,61188
2025-10-30 14:26:57.000,740,61187
2025-10-30 14:26:57.000,740,61187
2025-10-30 14:26:57.000,740,61187
2025-10-30 14:26:57.000,740,61187
2025-10-30 14:26:57.000,740,61186
2025-10-30 14:26:57.000,740,61186
2025-10-30 14:26:57.000,740,61186
2025-10-30 14:26:57.000,740,61186
2025-10-30 14:26:57.000,740,61186
2025-10-30 14:26:58.001,740,62107
2025-10-30 14:26:58.001,740,62106
2025-10-30 14:26:58.001,740,62106
2025-10-30 14:26:58.001,740,62106
2025-10-30 14:26:58.001,740,62106
2025-10-30 14:26:58.001,740,62105
2025-10-30 14:26:58.001,740,62105
2025-10-30 14:26:58.001,740,62105
2025-10-30 14:26:58.001,740,62105
2025-10-30 14:26:58.001,740,62105
2025-10-30 14:26:59.000,730,63029
2025-10-30 14:26:59.000,730,63029
2025-10-30 14:26:59.000,730,63029
2025-10-30 14:26:59.000,730,63029
2025-10-30 14:26:59.000,730,63028
2025-10-30 14:26:59.000,730,63028
2025-10-30 14:26:59.000,730,63028
2025-10-30 14:26:59.000,730,63028
2025-10-30 14:26:59.000,730,63028
2025-10-30 14:26:59.000,730,63028
2025-10-30 14:27:00.000,730,63195
2025-10-30 14:27:00.000,730,63195
2025-10-30 14:27:00.000,730,63195
2025-10-30 14:27:00.000,730,63194
2025-10-30 14:27:00.000,730,63194
2025-10-30 14:27:00.001,730,63195
2025-10-30 14:27:00.001,730,63194
2025-10-30 14:27:00.001,730,63194
2025-10-30 14:27:00.001,730,63194
2025-10-30 14:27:00.001,730,63194
2025-10-30 14:27:01.000,720,64117
2025-10-30 14:27:01.000,720,64117
2025-10-30 14:27:01.000,720,64117
2025-10-30 14:27:01.000,720,64116
2025-10-30 14:27:01.000,720,64116
2025-10-30 14:27:01.000,720,64115
2025-10-30 14:27:01.000,720,64115
2025-10-30 14:27:01.000,720,64115
2025-10-30 14:27:01.000,720,64115
2025-10-30 14:27:01.000,720,64115
2025-10-30 14:27:02.001,710,65039
2025-10-30 14:27:02.001,710,65039
2025-10-30 14:27:02.001,710,65038
2025-10-30 14:27:02.001,710,65038
2025-10-30 14:27:02.001,710,65038
2025-10-30 14:27:02.001,710,65037
2025-10-30 14:27:02.001,710,65037
2025-10-30 14:27:02.001,710,65037
2025-10-30 14:27:02.001,710,65037
2025-10-30 14:27:02.001,710,65037
2025-10-30 14:27:03.000,710,65191
2025-10-30 14:27:03.000,710,65191
2025-10-30 14:27:03.000,710,65191
2025-10-30 14:27:03.000,710,65191
2025-10-30 14:27:03.000,710,65190
2025-10-30 14:27:03.000,710,65190
2025-10-30 14:27:03.000,710,65190
2025-10-30 14:27:03.000,710,65190
2025-10-30 14:27:03.000,710,65189
2025-10-30 14:27:03.000,710,65189
2025-10-30 14:27:04.001,700,66115
2025-10-30 14:27:04.001,700,66115
2025-10-30 14:27:04.001,700,66115
2025-10-30 14:27:04.001,700,66114
2025-10-30 14:27:04.001,700,66114
2025-10-30 14:27:04.001,700,66114
2025-10-30 14:27:04.001,700,66114
2025-10-30 14:27:04.001,700,66113
2025-10-30 14:27:04.001,700,66113
2025-10-30 14:27:04.001,700,66113
2025-10-30 14:27:05.000,700,67025
2025-10-30 14:27:05.000,700,67025
2025-10-30 14:27:05.000,700,67024
2025-10-30 14:27:05.000,700,67024
2025-10-30 14:27:05.000,700,67023
2025-10-30 14:27:05.000,700,67023
2025-10-30 14:27:05.000,700,67023
2025-10-30 14:27:05.000,700,67023
2025-10-30 14:27:05.000,700,67023
2025-10-30 14:27:05.000,700,67022
2025-10-30 14:27:06.000,690,66944
2025-10-30 14:27:06.000,690,66944
2025-10-30 14:27:06.000,690,66944
2025-10-30 14:27:06.000,690,66944
2025-10-30 14:27:06.000,690,66944
2025-10-30 14:27:06.000,690,66943
2025-10-30 14:27:06.000,690,66943
2025-10-30 14:27:06.000,690,66943
2025-10-30 14:27:06.000,690,66942
2025-10-30 14:27:06.000,690,66942
2025-10-30 14:27:07.001,680,67867
2025-10-30 14:27:07.001,680,67867
2025-10-30 14:27:07.001,680,67867
2025-10-30 14:27:07.001,680,67866
2025-10-30 14:27:07.001,680,67866
2025-10-30 14:27:07.001,680,67866
2025-10-30 14:27:07.001,680,67866
2025-10-30 14:27:07.001,680,67865
2025-10-30 14:27:07.001,680,67865
2025-10-30 14:27:07.001,680,67865
2025-10-30 14:27:08.000,680,67956
2025-10-30 14:27:08.000,680,67955
2025-10-30 14:27:08.000,680,67955
2025-10-30 14:27:08.000,680,67954
2025-10-30 14:27:08.000,680,67954
2025-10-30 14:27:08.000,680,67954
2025-10-30 14:27:08.000,680,67954
2025-10-30 14:27:08.000,680,67953
2025-10-30 14:27:08.000,680,67953
2025-10-30 14:27:08.000,680,67953
2025-10-30 14:27:09.001,670,68866
2025-10-30 14:27:09.001,670,68866
2025-10-30 14:27:09.001,670,68865
2025-10-30 14:27:09.001,670,68865
2025-10-30 14:27:09.001,670,68865
2025-10-30 14:27:09.001,670,68864
2025-10-30 14:27:09.001,670,68864
2025-10-30 14:27:09.001,670,68863
2025-10-30 14:27:09.001,670,68862
2025-10-30 14:27:09.001,670,68862
2025-10-30 14:27:10.000,670,69008
2025-10-30 14:27:10.000,670,69008
2025-10-30 14:27:10.000,670,69008
2025-10-30 14:27:10.000,670,69007
2025-10-30 14:27:10.000,670,69007
2025-10-30 14:27:10.000,670,69007
2025-10-30 14:27:10.000,670,69007
2025-10-30 14:27:10.000,670,69007
2025-10-30 14:27:10.000,670,69007
2025-10-30 14:27:10.000,670,69006
2025-10-30 14:27:11.000,660,69927
2025-10-30 14:27:11.000,660,69927
2025-10-30 14:27:11.000,660,69927
2025-10-30 14:27:11.000,660,69926
2025-10-30 14:27:11.000,660,69926
2025-10-30 14:27:11.000,660,69926
2025-10-30 14:27:11.000,660,69925
2025-10-30 14:27:11.000,660,69925
2025-10-30 14:27:11.000,660,69925
2025-10-30 14:27:11.000,660,69925
2025-10-30 14:27:12.000,650,70850
2025-10-30 14:27:12.000,650,70849
2025-10-30 14:27:12.000,650,70849
2025-10-30 14:27:12.000,650,70849
2025-10-30 14:27:12.000,650,70849
2025-10-30 14:27:12.000,650,70848
2025-10-30 14:27:12.000,650,70848
2025-10-30 14:27:12.000,650,70848
2025-10-30 14:27:12.000,650,70848
2025-10-30 14:27:12.000,650,70847
2025-10-30 14:27:13.001,650,70963
2025-10-30 14:27:13.001,650,70963
2025-10-30 14:27:13.001,650,70962
2025-10-30 14:27:13.001,650,70962
2025-10-30 14:27:13.001,650,70962
2025-10-30 14:27:13.001,650,70962
2025-10-30 14:27:13.001,650,70961
2025-10-30 14:27:13.001,650,70961
2025-10-30 14:27:13.001,650,70961
2025-10-30 14:27:13.001,650,70961
2025-10-30 14:27:14.000,640,71878
2025-10-30 14:27:14.000,640,71877
2025-10-30 14:27:14.000,640,71877
2025-10-30 14:27:14.000,640,71877
2025-10-30 14:27:14.000,640,71876
2025-10-30 14:27:14.000,640,71876
2025-10-30 14:27:14.000,640,71875
2025-10-30 14:27:14.000,640,71875
2025-10-30 14:27:14.000,640,71875
2025-10-30 14:27:14.000,640,71875
2025-10-30 14:27:15.001,640,71991
2025-10-30 14:27:15.001,640,71991
2025-10-30 14:27:15.001,640,71990
2025-10-30 14:27:15.001,640,71990
2025-10-30 14:27:15.001,640,71989
2025-10-30 14:27:15.001,640,71989
2025-10-30 14:27:15.001,640,71989
2025-10-30 14:27:15.001,640,71989
2025-10-30 14:27:15.001,640,71988
2025-10-30 14:27:15.001,640,71988
2025-10-30 14:27:16.000,630,72902
2025-10-30 14:27:16.000,630,72902
2025-10-30 14:27:16.000,630,72902
2025-10-30 14:27:16.000,630,72902
2025-10-30 14:27:16.000,630,72902
2025-10-30 14:27:16.000,630,72901
2025-10-30 14:27:16.000,630,72901
2025-10-30 14:27:16.000,630,72897
2025-10-30 14:27:16.000,630,72896
2025-10-30 14:27:16.000,630,72896
2025-10-30 14:27:17.000,620,73814
2025-10-30 14:27:17.000,620,73814
2025-10-30 14:27:17.000,620,73813
2025-10-30 14:27:17.000,620,73813
2025-10-30 14:27:17.000,620,73812
2025-10-30 14:27:17.000,620,73812
2025-10-30 14:27:17.000,620,73812
2025-10-30 14:27:17.000,620,73812
2025-10-30 14:27:17.000,620,73812
2025-10-30 14:27:17.000,620,73812
2025-10-30 14:27:18.001,620,73939
2025-10-30 14:27:18.001,620,73939
2025-10-30 14:27:18.001,620,73938
2025-10-30 14:27:18.001,620,73938
2025-10-30 14:27:18.001,620,73938
2025-10-30 14:27:18.001,620,73938
2025-10-30 14:27:18.001,620,73937
2025-10-30 14:27:18.001,620,73937
2025-10-30 14:27:18.001,620,73937
2025-10-30 14:27:18.001,620,73937
2025-10-30 14:27:19.000,610,74841
2025-10-30 14:27:19.000,610,74840
2025-10-30 14:27:19.000,610,74840
2025-10-30 14:27:19.000,610,74840
2025-10-30 14:27:19.000,610,74839
2025-10-30 14:27:19.000,610,74839
2025-10-30 14:27:19.000,610,74839
2025-10-30 14:27:19.000,610,74839
2025-10-30 14:27:19.000,610,74839
2025-10-30 14:27:19.000,610,74839
2025-10-30 14:27:20.000,610,74975
2025-10-30 14:27:20.000,610,74974
2025-10-30 14:27:20.000,610,74974
2025-10-30 14:27:20.000,610,74974
2025-10-30 14:27:20.000,610,74974
2025-10-30 14:27:20.000,610,74974
2025-10-30 14:27:20.000,610,74974
2025-10-30 14:27:20.000,610,74974
2025-10-30 14:27:20.000,610,74973
2025-10-30 14:27:20.000,610,74973
2025-10-30 14:27:21.001,600,75898
2025-10-30 14:27:21.001,600,75898
2025-10-30 14:27:21.001,600,75897
2025-10-30 14:27:21.001,600,75897
2025-10-30 14:27:21.001,600,75897
2025-10-30 14:27:21.001,600,75896
2025-10-30 14:27:21.001,600,75896
2025-10-30 14:27:21.001,600,75896
2025-10-30 14:27:21.001,600,75895
2025-10-30 14:27:21.001,600,75895
2025-10-30 14:27:22.000,590,76008
2025-10-30 14:27:22.000,590,76008
2025-10-30 14:27:22.000,590,76008
2025-10-30 14:27:22.000,590,76007
2025-10-30 14:27:22.000,590,76007
2025-10-30 14:27:22.000,590,76007
2025-10-30 14:27:22.000,590,76007
2025-10-30 14:27:22.000,590,76006
2025-10-30 14:27:22.000,590,76006
2025-10-30 14:27:22.000,590,76006
2025-10-30 14:27:23.001,590,76928
2025-10-30 14:27:23.001,590,76927
2025-10-30 14:27:23.001,590,76927
2025-10-30 14:27:23.001,590,76927
2025-10-30 14:27:23.001,590,76927
2025-10-30 14:27:23.001,590,76927
2025-10-30 14:27:23.001,590,76926
2025-10-30 14:27:23.001,590,76926
2025-10-30 14:27:23.001,590,76926
2025-10-30 14:27:23.001,590,76926
2025-10-30 14:27:24.000,580,77849
2025-10-30 14:27:24.000,580,77849
2025-10-30 14:27:24.000,580,77848
2025-10-30 14:27:24.000,580,77848
2025-10-30 14:27:24.000,580,77848
2025-10-30 14:27:24.000,580,77847
2025-10-30 14:27:24.000,580,77847
2025-10-30 14:27:24.000,580,77847
2025-10-30 14:27:24.000,580,77847
2025-10-30 14:27:24.000,580,77846
2025-10-30 14:27:25.000,580,77961
2025-10-30 14:27:25.000,580,77961
2025-10-30 14:27:25.000,580,77960
2025-10-30 14:27:25.000,580,77960
2025-10-30 14:27:25.000,580,77960
2025-10-30 14:27:25.000,580,77959
2025-10-30 14:27:25.000,580,77959
2025-10-30 14:27:25.000,580,77959
2025-10-30 14:27:25.000,580,77959
2025-10-30 14:27:25.000,580,77958
2025-10-30 14:27:26.001,570,78882
2025-10-30 14:27:26.001,570,78881
2025-10-30 14:27:26.001,570,78881
2025-10-30 14:27:26.001,570,78881
2025-10-30 14:27:26.001,570,78881
2025-10-30 14:27:26.001,570,78881
2025-10-30 14:27:26.001,570,78880
2025-10-30 14:27:26.001,570,78880
2025-10-30 14:27:26.001,570,78880
2025-10-30 14:27:26.001,570,78879
2025-10-30 14:27:27.000,560,78990
2025-10-30 14:27:27.000,560,78990
2025-10-30 14:27:27.000,560,78989
2025-10-30 14:27:27.000,560,78989
2025-10-30 14:27:27.000,560,78989
2025-10-30 14:27:27.000,560,78989
2025-10-30 14:27:27.000,560,78988
2025-10-30 14:27:27.000,560,78988
2025-10-30 14:27:27.000,560,78988
2025-10-30 14:27:27.000,560,78988
2025-10-30 14:27:28.000,560,79900
2025-10-30 14:27:28.000,560,79899
2025-10-30 14:27:28.000,560,79899
2025-10-30 14:27:28.000,560,79899
2025-10-30 14:27:28.000,560,79899
2025-10-30 14:27:28.000,560,79898
2025-10-30 14:27:28.000,560,79898
2025-10-30 14:27:28.000,560,79898
2025-10-30 14:27:28.000,560,79898
2025-10-30 14:27:28.000,560,79898
2025-10-30 14:27:29.000,550,80819
2025-10-30 14:27:29.000,550,80819
2025-10-30 14:27:29.000,550,80819
2025-10-30 14:27:29.000,550,80818
2025-10-30 14:27:29.000,550,80818
2025-10-30 14:27:29.000,550,80818
2025-10-30 14:27:29.000,550,80817
2025-10-30 14:27:29.000,550,80817
2025-10-30 14:27:29.000,550,80817
2025-10-30 14:27:29.000,550,80817
2025-10-30 14:27:30.001,550,80731
2025-10-30 14:27:30.001,550,80730
2025-10-30 14:27:30.001,550,80730
2025-10-30 14:27:30.001,550,80730
2025-10-30 14:27:30.001,550,80729
2025-10-30 14:27:30.001,550,80729
2025-10-30 14:27:30.001,550,80729
2025-10-30 14:27:30.001,550,80729
2025-10-30 14:27:30.001,550,80728
2025-10-30 14:27:30.001,550,80728
2025-10-30 14:27:31.000,540,80784
2025-10-30 14:27:31.000,540,80784
2025-10-30 14:27:31.000,540,80783
2025-10-30 14:27:31.000,540,80783
2025-10-30 14:27:31.000,540,80783
2025-10-30 14:27:31.000,540,80782
2025-10-30 14:27:31.000,540,80782
2025-10-30 14:27:31.000,540,80782
2025-10-30 14:27:31.000,540,80782
2025-10-30 14:27:31.000,540,80781
2025-10-30 14:27:32.000,530,81706
2025-10-30 14:27:32.000,530,81706
2025-10-30 14:27:32.000,530,81706
2025-10-30 14:27:32.000,530,81706
2025-10-30 14:27:32.000,530,81706
2025-10-30 14:27:32.000,530,81705
2025-10-30 14:27:32.000,530,81705
2025-10-30 14:27:32.000,530,81705
2025-10-30 14:27:32.000,530,81704
2025-10-30 14:27:32.000,530,81704
2025-10-30 14:27:33.001,530,81742
2025-10-30 14:27:33.001,530,81742
2025-10-30 14:27:33.001,530,81740
2025-10-30 14:27:33.001,530,81740
2025-10-30 14:27:33.001,530,81739
2025-10-30 14:27:33.001,530,81739
2025-10-30 14:27:33.001,530,81739
2025-10-30 14:27:33.001,530,81738
2025-10-30 14:27:33.001,530,81738
2025-10-30 14:27:33.001,530,81738
2025-10-30 14:27:34.000,520,81803
2025-10-30 14:27:34.000,520,81802
2025-10-30 14:27:34.000,520,81802
2025-10-30 14:27:34.000,520,81802
2025-10-30 14:27:34.000,520,81802
2025-10-30 14:27:34.000,520,81802
2025-10-30 14:27:34.000,520,81802
2025-10-30 14:27:34.000,520,81802
2025-10-30 14:27:34.000,520,81802
2025-10-30 14:27:34.000,520,81801
2025-10-30 14:27:35.001,520,82721
2025-10-30 14:27:35.001,520,82721
2025-10-30 14:27:35.001,520,82720
2025-10-30 14:27:35.001,520,82720
2025-10-30 14:27:35.001,520,82720
2025-10-30 14:27:35.001,520,82719
2025-10-30 14:27:35.001,520,82719
2025-10-30 14:27:35.001,520,82719
2025-10-30 14:27:35.001,520,82718
2025-10-30 14:27:35.001,520,82717
2025-10-30 14:27:36.000,510,82763
2025-10-30 14:27:36.000,510,82762
2025-10-30 14:27:36.000,510,82761
2025-10-30 14:27:36.000,510,82760
2025-10-30 14:27:36.000,510,82760
2025-10-30 14:27:36.000,510,82760
2025-10-30 14:27:36.000,510,82760
2025-10-30 14:27:36.000,510,82759
2025-10-30 14:27:36.000,510,82759
2025-10-30 14:27:36.000,510,82759
2025-10-30 14:27:37.000,500,83674
2025-10-30 14:27:37.000,500,83674
2025-10-30 14:27:37.000,500,83673
2025-10-30 14:27:37.000,500,83673
2025-10-30 14:27:37.000,500,83673
2025-10-30 14:27:37.000,500,83672
2025-10-30 14:27:37.000,500,83672
2025-10-30 14:27:37.000,500,83672
2025-10-30 14:27:37.000,500,83672
2025-10-30 14:27:37.000,500,83672
2025-10-30 14:27:38.001,500,83739
2025-10-30 14:27:38.001,500,83739
2025-10-30 14:27:38.001,500,83739
2025-10-30 14:27:38.001,500,83739
2025-10-30 14:27:38.001,500,83738
2025-10-30 14:27:38.001,500,83738
2025-10-30 14:27:38.001,500,83738
2025-10-30 14:27:38.001,500,83737
2025-10-30 14:27:38.001,500,83737
2025-10-30 14:27:38.001,500,83737
2025-10-30 14:27:39.000,490,83790
2025-10-30 14:27:39.000,490,83790
2025-10-30 14:27:39.000,490,83790
2025-10-30 14:27:39.000,490,83789
2025-10-30 14:27:39.000,490,83789
2025-10-30 14:27:39.000,490,83789
2025-10-30 14:27:39.000,490,83789
2025-10-30 14:27:39.000,490,83788
2025-10-30 14:27:39.000,490,83788
2025-10-30 14:27:39.000,490,83788
2025-10-30 14:27:40.000,490,84711
2025-10-30 14:27:40.000,490,84710
2025-10-30 14:27:40.000,490,84710
2025-10-30 14:27:40.000,490,84710
2025-10-30 14:27:40.000,490,84710
2025-10-30 14:27:40.000,490,84710
2025-10-30 14:27:40.000,490,84710
2025-10-30 14:27:40.000,490,84709
2025-10-30 14:27:40.000,490,84708
2025-10-30 14:27:40.000,490,84708
2025-10-30 14:27:41.001,480,84755
2025-10-30 14:27:41.001,480,84754
2025-10-30 14:27:41.001,480,84754
2025-10-30 14:27:41.001,480,84754
2025-10-30 14:27:41.001,480,84754
2025-10-30 14:27:41.001,480,84754
2025-10-30 14:27:41.001,480,84753
2025-10-30 14:27:41.001,480,84753
2025-10-30 14:27:41.001,480,84753
2025-10-30 14:27:41.001,480,84753
2025-10-30 14:27:42.000,470,84798
2025-10-30 14:27:42.000,470,84798
2025-10-30 14:27:42.000,470,84797
2025-10-30 14:27:42.000,470,84796
2025-10-30 14:27:42.000,470,84796
2025-10-30 14:27:42.000,470,84795
2025-10-30 14:27:42.000,470,84795
2025-10-30 14:27:42.000,470,84795
2025-10-30 14:27:42.000,470,84795
2025-10-30 14:27:42.000,470,84794
2025-10-30 14:27:43.000,470,85721
2025-10-30 14:27:43.000,470,85721
2025-10-30 14:27:43.000,470,85721
2025-10-30 14:27:43.000,470,85720
2025-10-30 14:27:43.000,470,85720
2025-10-30 14:27:43.000,470,85720
2025-10-30 14:27:43.000,470,85720
2025-10-30 14:27:43.000,470,85719
2025-10-30 14:27:43.000,470,85719
2025-10-30 14:27:43.000,470,85719
2025-10-30 14:27:44.001,460,85766
2025-10-30 14:27:44.001,460,85766
2025-10-30 14:27:44.001,460,85765
2025-10-30 14:27:44.001,460,85764
2025-10-30 14:27:44.001,460,85764
2025-10-30 14:27:44.001,460,85764
2025-10-30 14:27:44.001,460,85764
2025-10-30 14:27:44.001,460,85764
2025-10-30 14:27:44.001,460,85763
2025-10-30 14:27:44.001,460,85763
2025-10-30 14:27:45.000,460,86674
2025-10-30 14:27:45.000,460,86674
2025-10-30 14:27:45.000,460,86674
2025-10-30 14:27:45.000,460,86674
2025-10-30 14:27:45.000,460,86673
2025-10-30 14:27:45.000,460,86673
2025-10-30 14:27:45.000,460,86673
2025-10-30 14:27:45.000,460,86673
2025-10-30 14:27:45.000,460,86673
2025-10-30 14:27:45.000,460,86673
2025-10-30 14:27:46.001,450,86593
2025-10-30 14:27:46.001,450,86593
2025-10-30 14:27:46.001,450,86593
2025-10-30 14:27:46.001,450,86593
2025-10-30 14:27:46.001,450,86592
2025-10-30 14:27:46.001,450,86592
2025-10-30 14:27:46.001,450,86592
2025-10-30 14:27:46.001,450,86592
2025-10-30 14:27:46.001,450,86592
2025-10-30 14:27:46.001,450,86592
2025-10-30 14:27:47.000,440,86595
2025-10-30 14:27:47.000,440,86594
2025-10-30 14:27:47.000,440,86594
2025-10-30 14:27:47.000,440,86594
2025-10-30 14:27:47.000,440,86594
2025-10-30 14:27:47.000,440,86593
2025-10-30 14:27:47.000,440,86593
2025-10-30 14:27:47.000,440,86593
2025-10-30 14:27:47.000,440,86592
2025-10-30 14:27:47.000,440,86592
2025-10-30 14:27:48.000,440,86594
2025-10-30 14:27:48.000,440,86594
2025-10-30 14:27:48.000,440,86594
2025-10-30 14:27:48.000,440,86593
2025-10-30 14:27:48.000,440,86593
2025-10-30 14:27:48.000,440,86593
2025-10-30 14:27:48.000,440,86592
2025-10-30 14:27:48.000,440,86592
2025-10-30 14:27:48.000,440,86591
2025-10-30 14:27:48.000,440,86591
2025-10-30 14:27:49.001,430,86561
2025-10-30 14:27:49.001,430,86560
2025-10-30 14:27:49.001,430,86560
2025-10-30 14:27:49.001,430,86560
2025-10-30 14:27:49.001,430,86559
2025-10-30 14:27:49.001,430,86559
2025-10-30 14:27:49.001,430,86559
2025-10-30 14:27:49.001,430,86558
2025-10-30 14:27:49.001,430,86558
2025-10-30 14:27:49.001,430,86557
2025-10-30 14:27:50.000,430,86593
2025-10-30 14:27:50.000,430,86593
2025-10-30 14:27:50.000,430,86592
2025-10-30 14:27:50.000,430,86592
2025-10-30 14:27:50.000,430,86592
2025-10-30 14:27:50.000,430,86591
2025-10-30 14:27:50.000,430,86591
2025-10-30 14:27:50.000,430,86591
2025-10-30 14:27:50.000,430,86591
2025-10-30 14:27:50.000,430,86591
2025-10-30 14:27:51.001,420,86574
2025-10-30 14:27:51.001,420,86574
2025-10-30 14:27:51.001,420,86573
2025-10-30 14:27:51.001,420,86573
2025-10-30 14:27:51.001,420,86573
2025-10-30 14:27:51.001,420,86573
2025-10-30 14:27:51.001,420,86572
2025-10-30 14:27:51.001,420,86572
2025-10-30 14:27:51.001,420,86572
2025-10-30 14:27:51.001,420,86572
2025-10-30 14:27:52.000,410,86592
2025-10-30 14:27:52.000,410,86592
2025-10-30 14:27:52.000,410,86592
2025-10-30 14:27:52.000,410,86592
2025-10-30 14:27:52.000,410,86592
2025-10-30 14:27:52.000,410,86591
2025-10-30 14:27:52.000,410,86591
2025-10-30 14:27:52.000,410,86591
2025-10-30 14:27:52.000,410,86591
2025-10-30 14:27:52.000,410,86591
2025-10-30 14:27:53.000,410,86590
2025-10-30 14:27:53.000,410,86590
2025-10-30 14:27:53.000,410,86590
2025-10-30 14:27:53.000,410,86589
2025-10-30 14:27:53.000,410,86589
2025-10-30 14:27:53.000,410,86589
2025-10-30 14:27:53.000,410,86589
2025-10-30 14:27:53.000,410,86588
2025-10-30 14:27:53.000,410,86588
2025-10-30 14:27:53.000,410,86588
2025-10-30 14:27:54.001,400,86592
2025-10-30 14:27:54.001,400,86592
2025-10-30 14:27:54.001,400,86592
2025-10-30 14:27:54.001,400,86591
2025-10-30 14:27:54.001,400,86591
2025-10-30 14:27:54.001,400,86591
2025-10-30 14:27:54.001,400,86590
2025-10-30 14:27:54.001,400,86590
2025-10-30 14:27:54.001,400,86590
2025-10-30 14:27:54.001,400,86590
2025-10-30 14:27:55.001,400,86590
2025-10-30 14:27:55.001,400,86590
2025-10-30 14:27:55.001,400,86590
2025-10-30 14:27:55.001,400,86589
2025-10-30 14:27:55.001,400,86589
2025-10-30 14:27:55.001,400,86589
2025-10-30 14:27:55.001,400,86588
2025-10-30 14:27:55.001,400,86588
2025-10-30 14:27:55.001,400,86588
2025-10-30 14:27:55.001,400,86588
2025-10-30 14:27:56.000,390,85571
2025-10-30 14:27:56.000,390,85571
2025-10-30 14:27:56.000,390,85570
2025-10-30 14:27:56.000,390,85570
2025-10-30 14:27:56.000,390,85569
2025-10-30 14:27:56.000,390,85569
2025-10-30 14:27:56.000,390,85569
2025-10-30 14:27:56.000,390,85568
2025-10-30 14:27:56.000,390,85568
2025-10-30 14:27:56.000,390,85568
2025-10-30 14:27:57.001,380,85547
2025-10-30 14:27:57.001,380,85547
2025-10-30 14:27:57.001,380,85546
2025-10-30 14:27:57.001,380,85546
2025-10-30 14:27:57.001,380,85546
2025-10-30 14:27:57.001,380,85546
2025-10-30 14:27:57.001,380,85545
2025-10-30 14:27:57.001,380,85544
2025-10-30 14:27:57.001,380,85544
2025-10-30 14:27:57.001,380,85544
2025-10-30 14:27:58.000,380,85540
2025-10-30 14:27:58.000,380,85540
2025-10-30 14:27:58.000,380,85540
2025-10-30 14:27:58.000,380,85540
2025-10-30 14:27:58.000,380,85539
2025-10-30 14:27:58.000,380,85538
2025-10-30 14:27:58.000,380,85538
2025-10-30 14:27:58.000,380,85538
2025-10-30 14:27:58.000,380,85538
2025-10-30 14:27:58.000,380,85537
2025-10-30 14:27:59.000,370,85514
2025-10-30 14:27:59.000,370,85513
2025-10-30 14:27:59.000,370,85513
2025-10-30 14:27:59.000,370,85513
2025-10-30 14:27:59.000,370,85512
2025-10-30 14:27:59.000,370,85512
2025-10-30 14:27:59.000,370,85512
2025-10-30 14:27:59.000,370,85512
2025-10-30 14:27:59.000,370,85512
2025-10-30 14:27:59.000,370,85512
2025-10-30 14:28:00.000,370,84562
2025-10-30 14:28:00.000,370,84562
2025-10-30 14:28:00.000,370,84562
2025-10-30 14:28:00.000,370,84561
2025-10-30 14:28:00.000,370,84561
2025-10-30 14:28:00.000,370,84561
2025-10-30 14:28:00.000,370,84560
2025-10-30 14:28:00.000,370,84560
2025-10-30 14:28:00.000,370,84560
2025-10-30 14:28:00.000,370,84560
2025-10-30 14:28:01.001,360,84555
2025-10-30 14:28:01.001,360,84555
2025-10-30 14:28:01.001,360,84555
2025-10-30 14:28:01.001,360,84555
2025-10-30 14:28:01.001,360,84554
2025-10-30 14:28:01.001,360,84554
2025-10-30 14:28:01.001,360,84553
2025-10-30 14:28:01.001,360,84553
2025-10-30 14:28:01.001,360,84553
2025-10-30 14:28:01.001,360,84552
2025-10-30 14:28:02.000,350,84533
2025-10-30 14:28:02.000,350,84533
2025-10-30 14:28:02.000,350,84532
2025-10-30 14:28:02.000,350,84532
2025-10-30 14:28:02.000,350,84532
2025-10-30 14:28:02.000,350,84531
2025-10-30 14:28:02.000,350,84531
2025-10-30 14:28:02.000,350,84531
2025-10-30 14:28:02.000,350,84530
2025-10-30 14:28:02.000,350,84530
2025-10-30 14:28:03.001,350,84518
2025-10-30 14:28:03.001,350,84518
2025-10-30 14:28:03.001,350,84518
2025-10-30 14:28:03.001,350,84517
2025-10-30 14:28:03.001,350,84516
2025-10-30 14:28:03.001,350,84516
2025-10-30 14:28:03.001,350,84516
2025-10-30 14:28:03.001,350,84515
2025-10-30 14:28:03.001,350,84515
2025-10-30 14:28:03.001,350,84515
2025-10-30 14:28:04.000,340,82502
2025-10-30 14:28:04.000,340,82501
2025-10-30 14:28:04.000,340,82501
2025-10-30 14:28:04.001,340,82500
2025-10-30 14:28:04.001,340,82499
2025-10-30 14:28:04.001,340,82500
2025-10-30 14:28:04.001,340,82500
2025-10-30 14:28:04.001,340,82500
2025-10-30 14:28:04.001,340,82500
2025-10-30 14:28:04.001,340,82500
2025-10-30 14:28:05.000,340,81480
2025-10-30 14:28:05.000,340,81480
2025-10-30 14:28:05.000,340,81479
2025-10-30 14:28:05.000,340,81479
2025-10-30 14:28:05.000,340,81479
2025-10-30 14:28:05.000,340,81479
2025-10-30 14:28:05.000,340,81479
2025-10-30 14:28:05.000,340,81478
2025-10-30 14:28:05.000,340,81478
2025-10-30 14:28:05.000,340,81478
2025-10-30 14:28:06.000,330,79499
2025-10-30 14:28:06.000,330,79499
2025-10-30 14:28:06.000,330,79498
2025-10-30 14:28:06.000,330,79498
2025-10-30 14:28:06.000,330,79496
2025-10-30 14:28:06.000,330,79496
2025-10-30 14:28:06.000,330,79495
2025-10-30 14:28:06.000,330,79495
2025-10-30 14:28:06.000,330,79495
2025-10-30 14:28:06.000,330,79495
2025-10-30 14:28:07.001,320,78488
2025-10-30 14:28:07.001,320,78488
2025-10-30 14:28:07.001,320,78488
2025-10-30 14:28:07.001,320,78487
2025-10-30 14:28:07.001,320,78487
2025-10-30 14:28:07.001,320,78487
2025-10-30 14:28:07.001,320,78486
2025-10-30 14:28:07.001,320,78486
2025-10-30 14:28:07.001,320,78486
2025-10-30 14:28:07.001,320,78486
2025-10-30 14:28:08.001,320,76471
2025-10-30 14:28:08.001,320,76470
2025-10-30 14:28:08.001,320,76470
2025-10-30 14:28:08.001,320,76469
2025-10-30 14:28:08.001,320,76469
2025-10-30 14:28:08.001,320,76469
2025-10-30 14:28:08.001,320,76468
2025-10-30 14:28:08.001,320,76468
2025-10-30 14:28:08.001,320,76466
2025-10-30 14:28:08.001,320,76465
2025-10-30 14:28:09.000,310,75455
2025-10-30 14:28:09.000,310,75455
2025-10-30 14:28:09.000,310,75454
2025-10-30 14:28:09.000,310,75454
2025-10-30 14:28:09.000,310,75454
2025-10-30 14:28:09.000,310,75454
2025-10-30 14:28:09.000,310,75453
2025-10-30 14:28:09.000,310,75453
2025-10-30 14:28:09.000,310,75453
2025-10-30 14:28:09.000,310,75453
2025-10-30 14:28:10.000,310,73470
2025-10-30 14:28:10.001,310,73470
2025-10-30 14:28:10.001,310,73469
2025-10-30 14:28:10.001,310,73470
2025-10-30 14:28:10.001,310,73470
2025-10-30 14:28:10.001,310,73469
2025-10-30 14:28:10.001,310,73469
2025-10-30 14:28:10.001,310,73468
2025-10-30 14:28:10.001,310,73466
2025-10-30 14:28:10.001,310,73465
2025-10-30 14:28:11.001,300,72449
2025-10-30 14:28:11.001,300,72448
2025-10-30 14:28:11.001,300,72448
2025-10-30 14:28:11.001,300,72448
2025-10-30 14:28:11.001,300,72448
2025-10-30 14:28:11.001,300,72447
2025-10-30 14:28:11.001,300,72447
2025-10-30 14:28:11.001,300,72447
2025-10-30 14:28:11.001,300,72447
2025-10-30 14:28:11.001,300,72447
2025-10-30 14:28:12.000,290,70427
2025-10-30 14:28:12.000,290,70426
2025-10-30 14:28:12.000,290,70426
2025-10-30 14:28:12.001,290,70426
2025-10-30 14:28:12.001,290,70427
2025-10-30 14:28:12.001,290,70427
2025-10-30 14:28:12.001,290,70427
2025-10-30 14:28:12.001,290,70426
2025-10-30 14:28:12.001,290,70426
2025-10-30 14:28:12.001,290,70426
2025-10-30 14:28:13.000,290,69403
2025-10-30 14:28:13.000,290,69403
2025-10-30 14:28:13.000,290,69403
2025-10-30 14:28:13.000,290,69402
2025-10-30 14:28:13.000,290,69402
2025-10-30 14:28:13.000,290,69402
2025-10-30 14:28:13.000,290,69402
2025-10-30 14:28:13.000,290,69402
2025-10-30 14:28:13.000,290,69402
2025-10-30 14:28:13.000,290,69401
2025-10-30 14:28:14.001,280,67432
2025-10-30 14:28:14.001,280,67431
2025-10-30 14:28:14.001,280,67431
2025-10-30 14:28:14.001,280,67431
2025-10-30 14:28:14.001,280,67431
2025-10-30 14:28:14.001,280,67430
2025-10-30 14:28:14.001,280,67430
2025-10-30 14:28:14.001,280,67430
2025-10-30 14:28:14.001,280,67429
2025-10-30 14:28:14.001,280,67429
2025-10-30 14:28:15.000,280,66408
2025-10-30 14:28:15.000,280,66408
2025-10-30 14:28:15.000,280,66408
2025-10-30 14:28:15.000,280,66407
2025-10-30 14:28:15.000,280,66406
2025-10-30 14:28:15.000,280,66406
2025-10-30 14:28:15.000,280,66406
2025-10-30 14:28:15.000,280,66406
2025-10-30 14:28:15.000,280,66406
2025-10-30 14:28:15.000,280,66406
2025-10-30 14:28:16.001,270,64390
2025-10-30 14:28:16.001,270,64389
2025-10-30 14:28:16.001,270,64389
2025-10-30 14:28:16.001,270,64389
2025-10-30 14:28:16.001,270,64389
2025-10-30 14:28:16.001,270,64388
2025-10-30 14:28:16.001,270,64388
2025-10-30 14:28:16.001,270,64388
2025-10-30 14:28:16.001,270,64387
2025-10-30 14:28:16.001,270,64387
2025-10-30 14:28:17.000,260,63373
2025-10-30 14:28:17.000,260,63373
2025-10-30 14:28:17.000,260,63373
2025-10-30 14:28:17.000,260,63373
2025-10-30 14:28:17.000,260,63372
2025-10-30 14:28:17.000,260,63372
2025-10-30 14:28:17.000,260,63372
2025-10-30 14:28:17.000,260,63372
2025-10-30 14:28:17.000,260,63372
2025-10-30 14:28:17.000,260,63372
2025-10-30 14:28:18.001,260,61392
2025-10-30 14:28:18.001,260,61391
2025-10-30 14:28:18.001,260,61391
2025-10-30 14:28:18.001,260,61390
2025-10-30 14:28:18.001,260,61390
2025-10-30 14:28:18.001,260,61389
2025-10-30 14:28:18.001,260,61389
2025-10-30 14:28:18.001,260,61389
2025-10-30 14:28:18.001,260,61389
2025-10-30 14:28:18.001,260,61389
2025-10-30 14:28:19.000,243,60377
2025-10-30 14:28:19.000,243,60376
2025-10-30 14:28:19.000,243,60376
2025-10-30 14:28:19.000,243,60376
2025-10-30 14:28:19.000,243,60376
2025-10-30 14:28:19.000,243,60376
2025-10-30 14:28:19.000,243,60375
2025-10-30 14:28:19.000,243,60375
2025-10-30 14:28:19.000,243,60375
2025-10-30 14:28:19.000,243,60375
2025-10-30 14:28:20.001,250,58361
2025-10-30 14:28:20.001,250,58361
2025-10-30 14:28:20.001,250,58361
2025-10-30 14:28:20.001,250,58360
2025-10-30 14:28:20.001,250,58360
2025-10-30 14:28:20.001,250,58360
2025-10-30 14:28:20.001,250,58360
2025-10-30 14:28:20.001,250,58360
2025-10-30 14:28:20.001,250,58359
2025-10-30 14:28:20.001,250,58359
2025-10-30 14:28:21.000,230,57341
2025-10-30 14:28:21.000,230,57341
2025-10-30 14:28:21.000,230,57340
2025-10-30 14:28:21.000,230,57340
2025-10-30 14:28:21.000,230,57340
2025-10-30 14:28:21.000,230,57340
2025-10-30 14:28:21.000,230,57340
2025-10-30 14:28:21.000,230,57339
2025-10-30 14:28:21.000,230,57339
2025-10-30 14:28:21.000,230,57339
2025-10-30 14:28:22.000,235,55360
2025-10-30 14:28:22.000,235,55359
2025-10-30 14:28:22.000,235,55359
2025-10-30 14:28:22.000,235,55359
2025-10-30 14:28:22.000,235,55358
2025-10-30 14:28:22.000,235,55358
2025-10-30 14:28:22.000,235,55358
2025-10-30 14:28:22.000,235,55358
2025-10-30 14:28:22.000,235,55358
2025-10-30 14:28:22.000,235,55357
2025-10-30 14:28:23.000,235,54343
2025-10-30 14:28:23.000,235,54342
2025-10-30 14:28:23.000,235,54342
2025-10-30 14:28:23.000,235,54341
2025-10-30 14:28:23.000,235,54341
2025-10-30 14:28:23.000,235,54341
2025-10-30 14:28:23.000,235,54341
2025-10-30 14:28:23.000,235,54340
2025-10-30 14:28:23.000,235,54340
2025-10-30 14:28:23.000,235,54340
2025-10-30 14:28:24.001,220,52323
2025-10-30 14:28:24.001,220,52323
2025-10-30 14:28:24.001,220,52323
2025-10-30 14:28:24.001,220,52322
2025-10-30 14:28:24.001,220,52322
2025-10-30 14:28:24.001,220,52322
2025-10-30 14:28:24.001,220,52321
2025-10-30 14:28:24.001,220,52321
2025-10-30 14:28:24.001,220,52321
2025-10-30 14:28:24.001,220,52321
2025-10-30 14:28:25.000,220,51306
2025-10-30 14:28:25.000,220,51306
2025-10-30 14:28:25.000,220,51305
2025-10-30 14:28:25.000,220,51305
2025-10-30 14:28:25.000,220,51305
2025-10-30 14:28:25.000,220,51304
2025-10-30 14:28:25.000,220,51304
2025-10-30 14:28:25.000,220,51304
2025-10-30 14:28:25.000,220,51304
2025-10-30 14:28:25.000,220,51304
2025-10-30 14:28:26.000,210,49325
2025-10-30 14:28:26.000,210,49325
2025-10-30 14:28:26.000,210,49325
2025-10-30 14:28:26.000,210,49324
2025-10-30 14:28:26.000,210,49324
2025-10-30 14:28:26.000,210,49324
2025-10-30 14:28:26.000,210,49323
2025-10-30 14:28:26.000,210,49323
2025-10-30 14:28:26.000,210,49323
2025-10-30 14:28:26.000,210,49322
2025-10-30 14:28:27.001,200,48304
2025-10-30 14:28:27.001,200,48304
2025-10-30 14:28:27.001,200,48303
2025-10-30 14:28:27.001,200,48303
2025-10-30 14:28:27.001,200,48303
2025-10-30 14:28:27.001,200,48303
2025-10-30 14:28:27.001,200,48303
2025-10-30 14:28:27.001,200,48302
2025-10-30 14:28:27.001,200,48302
2025-10-30 14:28:27.001,200,48302
2025-10-30 14:28:28.000,200,46288
2025-10-30 14:28:28.000,200,46287
2025-10-30 14:28:28.000,200,46287
2025-10-30 14:28:28.000,200,46287
2025-10-30 14:28:28.000,200,46287
2025-10-30 14:28:28.000,200,46286
2025-10-30 14:28:28.000,200,46286
2025-10-30 14:28:28.000,200,46285
2025-10-30 14:28:28.000,200,46285
2025-10-30 14:28:28.000,200,46285
2025-10-30 14:28:29.000,190,45273
2025-10-30 14:28:29.000,190,45273
2025-10-30 14:28:29.000,190,45272
2025-10-30 14:28:29.000,190,45272
2025-10-30 14:28:29.000,190,45272
2025-10-30 14:28:29.000,190,45272
2025-10-30 14:28:29.000,190,45271
2025-10-30 14:28:29.000,190,45271
2025-10-30 14:28:29.000,190,45271
2025-10-30 14:28:29.000,190,45271
2025-10-30 14:28:30.001,190,43285
2025-10-30 14:28:30.001,190,43284
2025-10-30 14:28:30.001,190,43284
2025-10-30 14:28:30.001,190,43284
2025-10-30 14:28:30.001,190,43283
2025-10-30 14:28:30.001,190,43283
2025-10-30 14:28:30.001,190,43282
2025-10-30 14:28:30.001,190,43282
2025-10-30 14:28:30.001,190,43282
2025-10-30 14:28:30.001,190,43282
2025-10-30 14:28:31.000,180,42263
2025-10-30 14:28:31.000,180,42262
2025-10-30 14:28:31.000,180,42262
2025-10-30 14:28:31.000,180,42262
2025-10-30 14:28:31.000,180,42261
2025-10-30 14:28:31.000,180,42261
2025-10-30 14:28:31.000,180,42261
2025-10-30 14:28:31.000,180,42259
2025-10-30 14:28:31.000,180,42258
2025-10-30 14:28:31.000,180,42258
2025-10-30 14:28:32.000,180,40246
2025-10-30 14:28:32.000,180,40246
2025-10-30 14:28:32.000,180,40246
2025-10-30 14:28:32.000,180,40245
2025-10-30 14:28:32.000,180,40245
2025-10-30 14:28:32.001,180,40245
2025-10-30 14:28:32.001,180,40244
2025-10-30 14:28:32.001,180,40245
2025-10-30 14:28:32.001,180,40245
2025-10-30 14:28:32.001,180,40245
2025-10-30 14:28:33.001,170,39224
2025-10-30 14:28:33.001,170,39223
2025-10-30 14:28:33.001,170,39223
2025-10-30 14:28:33.001,170,39223
2025-10-30 14:28:33.001,170,39223
2025-10-30 14:28:33.001,170,39223
2025-10-30 14:28:33.001,170,39222
2025-10-30 14:28:33.001,170,39222
2025-10-30 14:28:33.001,170,39222
2025-10-30 14:28:33.001,170,39222
2025-10-30 14:28:34.000,157,37243
2025-10-30 14:28:34.000,157,37242
2025-10-30 14:28:34.000,157,37242
2025-10-30 14:28:34.000,157,37241
2025-10-30 14:28:34.000,157,37241
2025-10-30 14:28:34.000,157,37241
2025-10-30 14:28:34.000,157,37241
2025-10-30 14:28:34.000,157,37240
2025-10-30 14:28:34.000,157,37240
2025-10-30 14:28:34.000,157,37240
2025-10-30 14:28:35.000,160,36231
2025-10-30 14:28:35.000,160,36231
2025-10-30 14:28:35.000,160,36230
2025-10-30 14:28:35.000,160,36229
2025-10-30 14:28:35.000,160,36229
2025-10-30 14:28:35.000,160,36229
2025-10-30 14:28:35.000,160,36229
2025-10-30 14:28:35.000,160,36229
2025-10-30 14:28:35.001,160,36228
2025-10-30 14:28:35.001,160,36229
2025-10-30 14:28:36.000,150,34208
2025-10-30 14:28:36.000,150,34208
2025-10-30 14:28:36.000,150,34207
2025-10-30 14:28:36.000,150,34207
2025-10-30 14:28:36.000,150,34207
2025-10-30 14:28:36.000,150,34206
2025-10-30 14:28:36.000,150,34206
2025-10-30 14:28:36.000,150,34206
2025-10-30 14:28:36.000,150,34206
2025-10-30 14:28:36.000,150,34205
2025-10-30 14:28:37.000,150,33194
2025-10-30 14:28:37.000,150,33193
2025-10-30 14:28:37.000,150,33193
2025-10-30 14:28:37.000,150,33193
2025-10-30 14:28:37.000,150,33193
2025-10-30 14:28:37.000,150,33193
2025-10-30 14:28:37.000,150,33193
2025-10-30 14:28:37.000,150,33193
2025-10-30 14:28:37.000,150,33192
2025-10-30 14:28:37.001,150,33192
2025-10-30 14:28:38.000,150,31211
2025-10-30 14:28:38.000,150,31211
2025-10-30 14:28:38.000,150,31210
2025-10-30 14:28:38.000,150,31210
2025-10-30 14:28:38.000,150,31209
2025-10-30 14:28:38.000,150,31209
2025-10-30 14:28:38.000,150,31209
2025-10-30 14:28:38.000,150,31209
2025-10-30 14:28:38.000,150,31209
2025-10-30 14:28:38.000,150,31208
2025-10-30 14:28:39.001,139,30190
2025-10-30 14:28:39.001,139,30190
2025-10-30 14:28:39.001,139,30189
2025-10-30 14:28:39.001,139,30189
2025-10-30 14:28:39.001,139,30189
2025-10-30 14:28:39.001,139,30189
2025-10-30 14:28:39.001,139,30188
2025-10-30 14:28:39.001,139,30188
2025-10-30 14:28:39.001,139,30188
2025-10-30 14:28:39.001,139,30186
2025-10-30 14:28:40.000,139,28172
2025-10-30 14:28:40.000,139,28172
2025-10-30 14:28:40.000,139,28171
2025-10-30 14:28:40.000,139,28171
2025-10-30 14:28:40.000,139,28171
2025-10-30 14:28:40.000,139,28171
2025-10-30 14:28:40.000,139,28171
2025-10-30 14:28:40.000,139,28170
2025-10-30 14:28:40.000,139,28170
2025-10-30 14:28:40.000,139,28170
2025-10-30 14:28:41.000,140,27158
2025-10-30 14:28:41.000,140,27158
2025-10-30 14:28:41.000,140,27157
2025-10-30 14:28:41.000,140,27157
2025-10-30 14:28:41.000,140,27156
2025-10-30 14:28:41.000,140,27156
2025-10-30 14:28:41.000,140,27156
2025-10-30 14:28:41.000,140,27156
2025-10-30 14:28:41.000,140,27156
2025-10-30 14:28:41.000,140,27156
2025-10-30 14:28:42.001,130,25174
2025-10-30 14:28:42.001,130,25174
2025-10-30 14:28:42.001,130,25173
2025-10-30 14:28:42.001,130,25173
2025-10-30 14:28:42.001,130,25173
2025-10-30 14:28:42.001,130,25173
2025-10-30 14:28:42.001,130,25172
2025-10-30 14:28:42.001,130,25172
2025-10-30 14:28:42.001,130,25171
2025-10-30 14:28:42.001,130,25164
2025-10-30 14:28:43.000,130,24158
2025-10-30 14:28:43.000,130,24157
2025-10-30 14:28:43.000,130,24157
2025-10-30 14:28:43.000,130,24157
2025-10-30 14:28:43.000,130,24156
2025-10-30 14:28:43.000,130,24156
2025-10-30 14:28:43.000,130,24156
2025-10-30 14:28:43.000,130,24155
2025-10-30 14:28:43.000,130,24155
2025-10-30 14:28:43.000,130,24155
2025-10-30 14:28:44.001,120,22141
2025-10-30 14:28:44.001,120,22141
2025-10-30 14:28:44.001,120,22140
2025-10-30 14:28:44.001,120,22140
2025-10-30 14:28:44.001,120,22140
2025-10-30 14:28:44.001,120,22140
2025-10-30 14:28:44.001,120,22140
2025-10-30 14:28:44.001,120,22139
2025-10-30 14:28:44.001,120,22139
2025-10-30 14:28:44.001,120,22139
2025-10-30 14:28:45.000,120,21119
2025-10-30 14:28:45.000,120,21119
2025-10-30 14:28:45.000,120,21119
2025-10-30 14:28:45.000,120,21118
2025-10-30 14:28:45.000,120,21117
2025-10-30 14:28:45.000,120,21117
2025-10-30 14:28:45.000,120,21117
2025-10-30 14:28:45.000,120,21116
2025-10-30 14:28:45.000,120,21116
2025-10-30 14:28:45.000,120,21115
2025-10-30 14:28:46.000,120,19136
2025-10-30 14:28:46.000,120,19135
2025-10-30 14:28:46.000,120,19135
2025-10-30 14:28:46.000,120,19135
2025-10-30 14:28:46.000,120,19134
2025-10-30 14:28:46.000,120,19134
2025-10-30 14:28:46.000,120,19134
2025-10-30 14:28:46.000,120,19133
2025-10-30 14:28:46.000,120,19133
2025-10-30 14:28:46.000,120,19132
2025-10-30 14:28:47.001,130,18121
2025-10-30 14:28:47.001,130,18121
2025-10-30 14:28:47.001,130,18121
2025-10-30 14:28:47.001,130,18121
2025-10-30 14:28:47.001,130,18120
2025-10-30 14:28:47.001,130,18120
2025-10-30 14:28:47.001,130,18120
2025-10-30 14:28:47.001,130,18120
2025-10-30 14:28:47.001,130,18120
2025-10-30 14:28:47.001,130,18119
2025-10-30 14:28:48.000,130,16099
2025-10-30 14:28:48.000,130,16098
2025-10-30 14:28:48.000,130,16098
2025-10-30 14:28:48.000,130,16098
2025-10-30 14:28:48.000,130,16098
2025-10-30 14:28:48.000,130,16098
2025-10-30 14:28:48.000,130,16098
2025-10-30 14:28:48.000,130,16097
2025-10-30 14:28:48.000,130,16097
2025-10-30 14:28:48.000,130,16096
2025-10-30 14:28:49.001,120,15080
2025-10-30 14:28:49.001,120,15080
2025-10-30 14:28:49.001,120,15079
2025-10-30 14:28:49.001,120,15079
2025-10-30 14:28:49.001,120,15079
2025-10-30 14:28:49.001,120,15079
2025-10-30 14:28:49.001,120,15079
2025-10-30 14:28:49.001,120,15079
2025-10-30 14:28:49.001,120,15079
2025-10-30 14:28:49.001,120,15078
2025-10-30 14:28:50.000,130,13101
2025-10-30 14:28:50.000,130,13100
2025-10-30 14:28:50.000,130,13100
2025-10-30 14:28:50.000,130,13100
2025-10-30 14:28:50.000,130,13099
2025-10-30 14:28:50.000,130,13099
2025-10-30 14:28:50.000,130,13099
2025-10-30 14:28:50.000,130,13099
2025-10-30 14:28:50.000,130,13099
2025-10-30 14:28:50.000,130,13098
2025-10-30 14:28:51.001,128,12087
2025-10-30 14:28:51.001,128,12086
2025-10-30 14:28:51.001,128,12086
2025-10-30 14:28:51.001,128,12086
2025-10-30 14:28:51.001,128,12086
2025-10-30 14:28:51.001,128,12086
2025-10-30 14:28:51.001,128,12085
2025-10-30 14:28:51.001,128,12085
2025-10-30 14:28:51.001,128,12085
2025-10-30 14:28:51.001,128,12085
2025-10-30 14:28:52.000,150,11995
2025-10-30 14:28:52.000,150,11995
2025-10-30 14:28:52.000,150,11994
2025-10-30 14:28:52.000,150,11994
2025-10-30 14:28:52.000,150,11994
2025-10-30 14:28:52.000,150,11993
2025-10-30 14:28:52.000,150,11993
2025-10-30 14:28:52.000,150,11993
2025-10-30 14:28:52.000,150,11992
2025-10-30 14:28:52.000,150,11992
2025-10-30 14:28:53.001,160,12007
2025-10-30 14:28:53.001,160,12007
2025-10-30 14:28:53.001,160,12006
2025-10-30 14:28:53.001,160,12006
2025-10-30 14:28:53.001,160,12006
2025-10-30 14:28:53.001,160,12005
2025-10-30 14:28:53.001,160,12005
2025-10-30 14:28:53.001,160,12003
2025-10-30 14:28:53.001,160,12003
2025-10-30 14:28:53.001,160,12003
2025-10-30 14:28:54.000,166,11995
2025-10-30 14:28:54.000,166,11995
2025-10-30 14:28:54.000,166,11995
2025-10-30 14:28:54.000,166,11995
2025-10-30 14:28:54.000,166,11994
2025-10-30 14:28:54.000,166,11994
2025-10-30 14:28:54.000,166,11994
2025-10-30 14:28:54.000,166,11994
2025-10-30 14:28:54.000,166,11993
2025-10-30 14:28:54.000,166,11993
2025-10-30 14:28:55.000,180,11997
2025-10-30 14:28:55.000,180,11996
2025-10-30 14:28:55.000,180,11996
2025-10-30 14:28:55.000,180,11996
2025-10-30 14:28:55.000,180,11995
2025-10-30 14:28:55.000,180,11995
2025-10-30 14:28:55.000,180,11995
2025-10-30 14:28:55.000,180,11994
2025-10-30 14:28:55.000,180,11994
2025-10-30 14:28:55.000,180,11994
2025-10-30 14:28:56.001,180,11988
2025-10-30 14:28:56.001,180,11988
2025-10-30 14:28:56.001,180,11987
2025-10-30 14:28:56.001,180,11987
2025-10-30 14:28:56.001,180,11987
2025-10-30 14:28:56.001,180,11986
2025-10-30 14:28:56.001,180,11986
2025-10-30 14:28:56.001,180,11986
2025-10-30 14:28:56.001,180,11986
2025-10-30 14:28:56.001,180,11986
2025-10-30 14:28:57.000,189,12008
2025-10-30 14:28:57.000,189,12007
2025-10-30 14:28:57.000,189,12007
2025-10-30 14:28:57.000,189,12006
2025-10-30 14:28:57.000,189,12006
2025-10-30 14:28:57.000,189,12006
2025-10-30 14:28:57.000,189,12006
2025-10-30 14:28:57.000,189,12005
2025-10-30 14:28:57.000,189,12005
2025-10-30 14:28:57.000,189,12005
2025-10-30 14:28:58.001,200,12004
2025-10-30 14:28:58.001,200,12004
2025-10-30 14:28:58.001,200,12004
2025-10-30 14:28:58.001,200,12003
2025-10-30 14:28:58.001,200,12003
2025-10-30 14:28:58.001,200,12003
2025-10-30 14:28:58.001,200,12003
2025-10-30 14:28:58.001,200,12003
2025-10-30 14:28:58.001,200,12002
2025-10-30 14:28:58.001,200,12002
2025-10-30 14:28:59.000,210,12006
2025-10-30 14:28:59.000,210,12006
2025-10-30 14:28:59.000,210,12006
2025-10-30 14:28:59.000,210,12006
2025-10-30 14:28:59.000,210,12005
2025-10-30 14:28:59.000,210,12005
2025-10-30 14:28:59.000,210,12005
2025-10-30 14:28:59.000,210,12005
2025-10-30 14:28:59.000,210,12005
2025-10-30 14:28:59.000,210,12004
2025-10-30 14:29:00.000,218,11995
2025-10-30 14:29:00.000,218,11995
2025-10-30 14:29:00.000,218,11992
2025-10-30 14:29:00.000,218,11991
2025-10-30 14:29:00.000,218,11991
2025-10-30 14:29:00.000,218,11991
2025-10-30 14:29:00.000,218,11990
2025-10-30 14:29:00.000,218,11990
2025-10-30 14:29:00.000,218,11990
2025-10-30 14:29:00.000,218,11990
2025-10-30 14:29:01.001,230,12003
2025-10-30 14:29:01.001,230,12002
2025-10-30 14:29:01.001,230,12002
2025-10-30 14:29:01.001,230,12002
2025-10-30 14:29:01.001,230,12001
2025-10-30 14:29:01.001,230,12001
2025-10-30 14:29:01.001,230,12000
2025-10-30 14:29:01.001,230,12000
2025-10-30 14:29:01.001,230,12000
2025-10-30 14:29:01.001,230,11999
2025-10-30 14:29:02.000,228,11883
2025-10-30 14:29:02.000,228,11883
2025-10-30 14:29:02.000,228,11883
2025-10-30 14:29:02.000,228,11883
2025-10-30 14:29:02.000,228,11882
2025-10-30 14:29:02.000,228,11881
2025-10-30 14:29:02.000,228,11880
2025-10-30 14:29:02.000,228,11880
2025-10-30 14:29:02.000,228,11879
2025-10-30 14:29:02.000,228,11878
2025-10-30 14:29:03.001,228,12758
2025-10-30 14:29:03.001,228,12757
2025-10-30 14:29:03.001,228,12756
2025-10-30 14:29:03.001,228,12756
2025-10-30 14:29:03.001,228,12756
2025-10-30 14:29:03.001,228,12755
2025-10-30 14:29:03.001,228,12755
2025-10-30 14:29:03.001,228,12755
2025-10-30 14:29:03.001,228,12754
2025-10-30 14:29:03.001,228,12753
2025-10-30 14:29:04.000,220,12885
2025-10-30 14:29:04.001,220,12884
2025-10-30 14:29:04.001,220,12883
2025-10-30 14:29:04.001,220,12883
2025-10-30 14:29:04.001,220,12881
2025-10-30 14:29:04.001,220,12880
2025-10-30 14:29:04.001,220,12880
2025-10-30 14:29:04.001,220,12880
2025-10-30 14:29:04.001,220,12880
2025-10-30 14:29:04.001,220,12880
2025-10-30 14:29:05.000,226,13768
2025-10-30 14:29:05.000,226,13767
2025-10-30 14:29:05.000,226,13767
2025-10-30 14:29:05.000,226,13767
2025-10-30 14:29:05.000,226,13767
2025-10-30 14:29:05.000,226,13766
2025-10-30 14:29:05.000,226,13766
2025-10-30 14:29:05.000,226,13766
2025-10-30 14:29:05.000,226,13766
2025-10-30 14:29:05.000,226,13765
2025-10-30 14:29:06.001,220,13919
2025-10-30 14:29:06.001,220,13919
2025-10-30 14:29:06.001,220,13919
2025-10-30 14:29:06.001,220,13918
2025-10-30 14:29:06.001,220,13918
2025-10-30 14:29:06.001,220,13918
2025-10-30 14:29:06.001,220,13918
2025-10-30 14:29:06.001,220,13917
2025-10-30 14:29:06.001,220,13917
2025-10-30 14:29:06.001,220,13917
2025-10-30 14:29:07.000,220,14842
2025-10-30 14:29:07.000,220,14842
2025-10-30 14:29:07.001,220,14841
2025-10-30 14:29:07.001,220,14841
2025-10-30 14:29:07.001,220,14842
2025-10-30 14:29:07.001,220,14842
2025-10-30 14:29:07.001,220,14842
2025-10-30 14:29:07.001,220,14841
2025-10-30 14:29:07.001,220,14841
2025-10-30 14:29:07.001,220,14840
2025-10-30 14:29:08.000,220,14920
2025-10-30 14:29:08.000,220,14920
2025-10-30 14:29:08.000,220,14920
2025-10-30 14:29:08.000,220,14919
2025-10-30 14:29:08.000,220,14919
2025-10-30 14:29:08.000,220,14919
2025-10-30 14:29:08.000,220,14919
2025-10-30 14:29:08.000,220,14919
2025-10-30 14:29:08.000,220,14918
2025-10-30 14:29:08.000,220,14918
2025-10-30 14:29:09.000,220,15844
2025-10-30 14:29:09.000,220,15843
2025-10-30 14:29:09.000,220,15843
2025-10-30 14:29:09.000,220,15843
2025-10-30 14:29:09.000,220,15842
2025-10-30 14:29:09.000,220,15842
2025-10-30 14:29:09.001,220,15842
2025-10-30 14:29:09.001,220,15842
2025-10-30 14:29:09.001,220,15842
2025-10-30 14:29:09.001,220,15842
2025-10-30 14:29:10.001,220,15922
2025-10-30 14:29:10.001,220,15922
2025-10-30 14:29:10.001,220,15921
2025-10-30 14:29:10.001,220,15921
2025-10-30 14:29:10.001,220,15921
2025-10-30 14:29:10.001,220,15921
2025-10-30 14:29:10.001,220,15920
2025-10-30 14:29:10.001,220,15920
2025-10-30 14:29:10.001,220,15920
2025-10-30 14:29:10.001,220,15920
2025-10-30 14:29:11.000,220,16837
2025-10-30 14:29:11.000,220,16837
2025-10-30 14:29:11.000,220,16837
2025-10-30 14:29:11.000,220,16837
2025-10-30 14:29:11.000,220,16837
2025-10-30 14:29:11.000,220,16836
2025-10-30 14:29:11.000,220,16836
2025-10-30 14:29:11.000,220,16836
2025-10-30 14:29:11.000,220,16835
2025-10-30 14:29:11.001,220,16836
2025-10-30 14:29:12.000,220,16921
2025-10-30 14:29:12.000,220,16921
2025-10-30 14:29:12.000,220,16921
2025-10-30 14:29:12.000,220,16921
2025-10-30 14:29:12.000,220,16920
2025-10-30 14:29:12.000,220,16920
2025-10-30 14:29:12.000,220,16920
2025-10-30 14:29:12.000,220,16920
2025-10-30 14:29:12.000,220,16917
2025-10-30 14:29:12.000,220,16913
2025-10-30 14:29:13.001,220,17838
2025-10-30 14:29:13.001,220,17838
2025-10-30 14:29:13.001,220,17838
2025-10-30 14:29:13.001,220,17838
2025-10-30 14:29:13.001,220,17838
2025-10-30 14:29:13.001,220,17837
2025-10-30 14:29:13.001,220,17837
2025-10-30 14:29:13.001,220,17837
2025-10-30 14:29:13.001,220,17837
2025-10-30 14:29:13.001,220,17837
2025-10-30 14:29:14.001,200,17922
2025-10-30 14:29:14.001,200,17922
2025-10-30 14:29:14.001,200,17922
2025-10-30 14:29:14.001,200,17922
2025-10-30 14:29:14.001,200,17921
2025-10-30 14:29:14.001,200,17921
2025-10-30 14:29:14.001,200,17921
2025-10-30 14:29:14.001,200,17921
2025-10-30 14:29:14.001,200,17921
2025-10-30 14:29:14.001,200,17921
2025-10-30 14:29:15.000,200,18845
2025-10-30 14:29:15.000,200,18845
2025-10-30 14:29:15.000,200,18845
2025-10-30 14:29:15.000,200,18845
2025-10-30 14:29:15.000,200,18844
2025-10-30 14:29:15.000,200,18844
2025-10-30 14:29:15.000,200,18844
2025-10-30 14:29:15.000,200,18844
2025-10-30 14:29:15.000,200,18844
2025-10-30 14:29:15.000,200,18843
2025-10-30 14:29:16.001,200,18912
2025-10-30 14:29:16.001,200,18912
2025-10-30 14:29:16.002,200,18911
2025-10-30 14:29:16.002,200,18911
2025-10-30 14:29:16.002,200,18910
2025-10-30 14:29:16.002,200,18910
2025-10-30 14:29:16.003,200,18910
2025-10-30 14:29:16.003,200,18910
2025-10-30 14:29:16.003,200,18910
2025-10-30 14:29:16.003,200,18910
2025-10-30 14:29:17.001,200,19832
2025-10-30 14:29:17.001,200,19832
2025-10-30 14:29:17.001,200,19832
2025-10-30 14:29:17.001,200,19832
2025-10-30 14:29:17.001,200,19831
2025-10-30 14:29:17.001,200,19831
2025-10-30 14:29:17.001,200,19830
2025-10-30 14:29:17.001,200,19830
2025-10-30 14:29:17.001,200,19830
2025-10-30 14:29:17.001,200,19830
2025-10-30 14:29:18.000,180,19900
2025-10-30 14:29:18.000,180,19900
2025-10-30 14:29:18.000,180,19900
2025-10-30 14:29:18.000,180,19899
2025-10-30 14:29:18.000,180,19897
2025-10-30 14:29:18.000,180,19897
2025-10-30 14:29:18.000,180,19897
2025-10-30 14:29:18.000,180,19896
2025-10-30 14:29:18.000,180,19896
2025-10-30 14:29:18.000,180,19896
2025-10-30 14:29:19.000,180,20828
2025-10-30 14:29:19.000,180,20828
2025-10-30 14:29:19.000,180,20828
2025-10-30 14:29:19.000,180,20828
2025-10-30 14:29:19.000,180,20827
2025-10-30 14:29:19.000,180,20827
2025-10-30 14:29:19.000,180,20827
2025-10-30 14:29:19.000,180,20827
2025-10-30 14:29:19.000,180,20827
2025-10-30 14:29:19.000,180,20826
2025-10-30 14:29:20.001,170,20921
2025-10-30 14:29:20.001,170,20921
2025-10-30 14:29:20.001,170,20921
2025-10-30 14:29:20.001,170,20920
2025-10-30 14:29:20.001,170,20920
2025-10-30 14:29:20.001,170,20920
2025-10-30 14:29:20.001,170,20920
2025-10-30 14:29:20.001,170,20919
2025-10-30 14:29:20.001,170,20919
2025-10-30 14:29:20.001,170,20919
2025-10-30 14:29:21.000,170,21843
2025-10-30 14:29:21.000,170,21842
2025-10-30 14:29:21.000,170,21842
2025-10-30 14:29:21.000,170,21842
2025-10-30 14:29:21.000,170,21842
2025-10-30 14:29:21.000,170,21841
2025-10-30 14:29:21.000,170,21841
2025-10-30 14:29:21.000,170,21841
2025-10-30 14:29:21.000,170,21840
2025-10-30 14:29:21.000,170,21840
2025-10-30 14:29:22.000,160,21744
2025-10-30 14:29:22.000,160,21744
2025-10-30 14:29:22.000,160,21744
2025-10-30 14:29:22.000,160,21743
2025-10-30 14:29:22.000,160,21743
2025-10-30 14:29:22.000,160,21743
2025-10-30 14:29:22.000,160,21743
2025-10-30 14:29:22.000,160,21743
2025-10-30 14:29:22.000,160,21742
2025-10-30 14:29:22.000,160,21742
2025-10-30 14:29:23.001,140,21760
2025-10-30 14:29:23.001,140,21760
2025-10-30 14:29:23.001,140,21760
2025-10-30 14:29:23.001,140,21759
2025-10-30 14:29:23.001,140,21759
2025-10-30 14:29:23.001,140,21759
2025-10-30 14:29:23.001,140,21759
2025-10-30 14:29:23.001,140,21758
2025-10-30 14:29:23.001,140,21758
2025-10-30 14:29:23.001,140,21758
2025-10-30 14:29:24.000,140,21758
2025-10-30 14:29:24.000,140,21758
2025-10-30 14:29:24.000,140,21758
2025-10-30 14:29:24.000,140,21757
2025-10-30 14:29:24.001,140,21757
2025-10-30 14:29:24.001,140,21757
2025-10-30 14:29:24.001,140,21758
2025-10-30 14:29:24.001,140,21758
2025-10-30 14:29:24.001,140,21757
2025-10-30 14:29:24.001,140,21757
2025-10-30 14:29:25.000,130,21758
2025-10-30 14:29:25.000,130,21758
2025-10-30 14:29:25.000,130,21758
2025-10-30 14:29:25.000,130,21758
2025-10-30 14:29:25.000,130,21757
2025-10-30 14:29:25.000,130,21757
2025-10-30 14:29:25.000,130,21757
2025-10-30 14:29:25.000,130,21757
2025-10-30 14:29:25.000,130,21756
2025-10-30 14:29:25.000,130,21756
2025-10-30 14:29:26.000,130,21757
2025-10-30 14:29:26.000,130,21757
2025-10-30 14:29:26.000,130,21756
2025-10-30 14:29:26.000,130,21756
2025-10-30 14:29:26.000,130,21755
2025-10-30 14:29:26.000,130,21755
2025-10-30 14:29:26.000,130,21755
2025-10-30 14:29:26.000,130,21755
2025-10-30 14:29:26.000,130,21755
2025-10-30 14:29:26.000,130,21754
2025-10-30 14:29:27.001,130,21760
2025-10-30 14:29:27.001,130,21759
2025-10-30 14:29:27.001,130,21759
2025-10-30 14:29:27.001,130,21759
2025-10-30 14:29:27.001,130,21758
2025-10-30 14:29:27.001,130,21758
2025-10-30 14:29:27.001,130,21758
2025-10-30 14:29:27.001,130,21758
2025-10-30 14:29:27.001,130,21757
2025-10-30 14:29:27.001,130,21757
2025-10-30 14:29:28.001,110,21764
2025-10-30 14:29:28.001,110,21763
2025-10-30 14:29:28.001,110,21763
2025-10-30 14:29:28.001,110,21763
2025-10-30 14:29:28.001,110,21762
2025-10-30 14:29:28.001,110,21762
2025-10-30 14:29:28.001,110,21762
2025-10-30 14:29:28.001,110,21761
2025-10-30 14:29:28.001,110,21761
2025-10-30 14:29:28.001,110,21761
2025-10-30 14:29:29.000,100,21762
2025-10-30 14:29:29.000,100,21762
2025-10-30 14:29:29.000,100,21762
2025-10-30 14:29:29.000,100,21761
2025-10-30 14:29:29.000,100,21761
2025-10-30 14:29:29.000,100,21760
2025-10-30 14:29:29.000,100,21760
2025-10-30 14:29:29.000,100,21760
2025-10-30 14:29:29.000,100,21760
2025-10-30 14:29:29.000,100,21760
2025-10-30 14:29:30.000,110,21763
2025-10-30 14:29:30.000,110,21762
2025-10-30 14:29:30.000,110,21762
2025-10-30 14:29:30.000,110,21762
2025-10-30 14:29:30.000,110,21762
2025-10-30 14:29:30.000,110,21762
2025-10-30 14:29:30.000,110,21761
2025-10-30 14:29:30.000,110,21761
2025-10-30 14:29:30.000,110,21761
2025-10-30 14:29:30.000,110,21760
2025-10-30 14:29:31.001,110,21756
2025-10-30 14:29:31.001,110,21755
2025-10-30 14:29:31.001,110,21754
2025-10-30 14:29:31.001,110,21754
2025-10-30 14:29:31.001,110,21753
2025-10-30 14:29:31.001,110,21753
2025-10-30 14:29:31.001,110,21753
2025-10-30 14:29:31.001,110,21753
2025-10-30 14:29:31.001,110,21753
2025-10-30 14:29:31.001,110,21753
2025-10-30 14:29:32.000,100,19735
2025-10-30 14:29:32.000,100,19734
2025-10-30 14:29:32.000,100,19734
2025-10-30 14:29:32.000,100,19734
2025-10-30 14:29:32.000,100,19734
2025-10-30 14:29:32.000,100,19734
2025-10-30 14:29:32.000,100,19734
2025-10-30 14:29:32.000,100,19733
2025-10-30 14:29:32.000,100,19733
2025-10-30 14:29:32.000,100,19732
2025-10-30 14:29:33.001,100,18719
2025-10-30 14:29:33.001,100,18718
2025-10-30 14:29:33.001,100,18718
2025-10-30 14:29:33.001,100,18717
2025-10-30 14:29:33.001,100,18717
2025-10-30 14:29:33.001,100,18717
2025-10-30 14:29:33.001,100,18716
2025-10-30 14:29:33.001,100,18716
2025-10-30 14:29:33.001,100,18716
2025-10-30 14:29:33.001,100,18715
2025-10-30 14:29:34.000,80,16730
2025-10-30 14:29:34.000,80,16730
2025-10-30 14:29:34.000,80,16729
2025-10-30 14:29:34.001,80,16729
2025-10-30 14:29:34.001,80,16729
2025-10-30 14:29:34.001,80,16729
2025-10-30 14:29:34.001,80,16729
2025-10-30 14:29:34.001,80,16728
2025-10-30 14:29:34.001,80,16728
2025-10-30 14:29:34.001,80,16728
2025-10-30 14:29:35.000,76,15720
2025-10-30 14:29:35.001,76,15719
2025-10-30 14:29:35.001,76,15719
2025-10-30 14:29:35.001,76,15720
2025-10-30 14:29:35.001,76,15720
2025-10-30 14:29:35.001,76,15720
2025-10-30 14:29:35.001,76,15720
2025-10-30 14:29:35.001,76,15719
2025-10-30 14:29:35.001,76,15719
2025-10-30 14:29:35.001,76,15719
2025-10-30 14:29:36.000,80,13701
2025-10-30 14:29:36.000,80,13699
2025-10-30 14:29:36.000,80,13698
2025-10-30 14:29:36.000,80,13697
2025-10-30 14:29:36.000,80,13697
2025-10-30 14:29:36.000,80,13697
2025-10-30 14:29:36.000,80,13697
2025-10-30 14:29:36.000,80,13697
2025-10-30 14:29:36.000,80,13696
2025-10-30 14:29:36.000,80,13696
2025-10-30 14:29:37.001,60,12686
2025-10-30 14:29:37.001,60,12686
2025-10-30 14:29:37.001,60,12686
2025-10-30 14:29:37.001,60,12685
2025-10-30 14:29:37.001,60,12685
2025-10-30 14:29:37.001,60,12685
2025-10-30 14:29:37.001,60,12685
2025-10-30 14:29:37.001,60,12684
2025-10-30 14:29:37.001,60,12684
2025-10-30 14:29:37.001,60,12684
2025-10-30 14:29:38.000,70,10701
2025-10-30 14:29:38.001,70,10700
2025-10-30 14:29:38.001,70,10700
2025-10-30 14:29:38.001,70,10701
2025-10-30 14:29:38.001,70,10701
2025-10-30 14:29:38.001,70,10700
2025-10-30 14:29:38.001,70,10699
2025-10-30 14:29:38.001,70,10699
2025-10-30 14:29:38.001,70,10699
2025-10-30 14:29:38.001,70,10699
2025-10-30 14:29:39.000,50,9690
2025-10-30 14:29:39.000,50,9690
2025-10-30 14:29:39.000,50,9689
2025-10-30 14:29:39.000,50,9689
2025-10-30 14:29:39.000,50,9689
2025-10-30 14:29:39.000,50,9688
2025-10-30 14:29:39.000,50,9688
2025-10-30 14:29:39.000,50,9688
2025-10-30 14:29:39.000,50,9687
2025-10-30 14:29:39.000,50,9687
2025-10-30 14:29:40.001,45,7672
2025-10-30 14:29:40.001,45,7671
2025-10-30 14:29:40.001,45,7671
2025-10-30 14:29:40.001,45,7670
2025-10-30 14:29:40.001,45,7670
2025-10-30 14:29:40.001,45,7670
2025-10-30 14:29:40.001,45,7670
2025-10-30 14:29:40.001,45,7669
2025-10-30 14:29:40.001,45,7669
2025-10-30 14:29:40.001,45,7669
2025-10-30 14:29:41.000,45,6656
2025-10-30 14:29:41.000,45,6656
2025-10-30 14:29:41.000,45,6656
2025-10-30 14:29:41.000,45,6655
2025-10-30 14:29:41.000,45,6655
2025-10-30 14:29:41.000,45,6655
2025-10-30 14:29:41.000,45,6654
2025-10-30 14:29:41.000,45,6654
2025-10-30 14:29:41.000,45,6654
2025-10-30 14:29:41.000,45,6654
2025-10-30 14:29:42.000,20,4670
2025-10-30 14:29:42.000,20,4669
2025-10-30 14:29:42.000,20,4669
2025-10-30 14:29:42.000,20,4668
2025-10-30 14:29:42.000,20,4668
2025-10-30 14:29:42.000,20,4668
2025-10-30 14:29:42.000,20,4667
2025-10-30 14:29:42.000,20,4667
2025-10-30 14:29:42.000,20,4667
2025-10-30 14:29:42.000,20,4667
2025-10-30 14:29:43.000,30,3645
2025-10-30 14:29:43.000,30,3644
2025-10-30 14:29:43.000,30,3644
2025-10-30 14:29:43.000,30,3644
2025-10-30 14:29:43.000,30,3643
2025-10-30 14:29:43.000,30,3640
2025-10-30 14:29:43.000,30,3639
2025-10-30 14:29:43.000,30,3639
2025-10-30 14:29:43.000,30,3639
2025-10-30 14:29:43.000,30,3639
2025-10-30 14:29:44.001,30,1626
2025-10-30 14:29:44.001,30,1626
2025-10-30 14:29:44.001,30,1626
2025-10-30 14:29:44.001,30,1626
2025-10-30 14:29:44.001,30,1625
2025-10-30 14:29:44.001,30,1625
2025-10-30 14:29:44.001,30,1625
2025-10-30 14:29:44.001,30,1625
2025-10-30 14:29:44.001,30,1625
2025-10-30 14:29:44.001,30,1624
2025-10-30 14:29:45.000,10,613
2025-10-30 14:29:45.000,10,613
2025-10-30 14:29:45.000,10,613
2025-10-30 14:29:45.000,10,613
2025-10-30 14:29:45.000,10,613
2025-10-30 14:29:45.000,10,612
2025-10-30 14:29:45.000,10,612
2025-10-30 14:29:45.000,10,612
2025-10-30 14:29:45.000,10,611
2025-10-30 14:29:45.000,10,609
2025-10-30 14:29:47.374,0,2
2025-10-30 14:29:47.374,0,2
2025-10-30 14:29:47.377,8,4
2025-10-30 14:29:47.377,8,4
2025-10-30 14:29:47.377,8,4
2025-10-30 14:29:47.377,8,3
2025-10-30 14:29:47.377,8,3
2025-10-30 14:29:47.378,8,3
2025-10-30 14:29:47.378,8,3
2025-10-30 14:29:47.378,8,3
2025-10-30 14:29:49.390,3,3
2025-10-30 14:29:49.390,3,3
2025-10-30 14:29:49.390,3,2
2025-10-30 14:29:49.390,3,2
2025-10-30 14:29:49.390,3,2
2025-10-30 14:29:49.390,3,2
2025-10-30 14:29:49.392,10,3
2025-10-30 14:29:49.392,10,3
2025-10-30 14:29:49.392,10,3
2025-10-30 14:29:49.392,10,2
2025-10-30 14:29:52.410,0,2
2025-10-30 14:29:52.413,0,4
2025-10-30 14:29:52.413,0,3
2025-10-30 14:29:52.413,0,3
2025-10-30 14:29:52.413,0,3
2025-10-30 14:29:52.413,0,3
2025-10-30 14:29:52.413,0,1
2025-10-30 14:29:52.415,10,3
2025-10-30 14:29:52.415,10,3
2025-10-30 14:29:52.415,10,2
2025-10-30 14:29:54.430,0,1
2025-10-30 14:29:54.432,0,3
2025-10-30 14:29:54.432,0,2
2025-10-30 14:29:54.432,0,2
2025-10-30 14:29:54.432,0,1
2025-10-30 14:29:54.432,0,1
2025-10-30 14:29:54.432,0,1
2025-10-30 14:29:54.434,10,3
2025-10-30 14:29:54.434,10,3
2025-10-30 14:29:54.434,10,3
2025-10-30 14:29:57.408,0,1
2025-10-30 14:29:57.412,0,4
2025-10-30 14:29:57.412,0,3
2025-10-30 14:29:57.412,0,4
2025-10-30 14:29:57.412,0,3
2025-10-30 14:29:57.412,0,3
2025-10-30 14:29:57.412,0,2
2025-10-30 14:29:57.412,0,2
2025-10-30 14:29:57.412,0,2
2025-10-30 14:29:57.412,0,1
2025-10-30 14:29:59.418,0,1
2025-10-30 14:29:59.421,9,4
2025-10-30 14:29:59.421,9,4
2025-10-30 14:29:59.421,9,3
2025-10-30 14:29:59.421,9,3
2025-10-30 14:29:59.421,9,3
2025-10-30 14:29:59.421,9,3
2025-10-30 14:29:59.421,9,2
2025-10-30 14:29:59.421,9,2
2025-10-30 14:29:59.421,9,1
2025-10-30 14:30:02.437,0,1
2025-10-30 14:30:02.441,5,5
2025-10-30 14:30:02.441,5,4
2025-10-30 14:30:02.441,5,4
2025-10-30 14:30:02.441,5,3
2025-10-30 14:30:02.441,5,1
2025-10-30 14:30:02.441,5,1
2025-10-30 14:30:02.442,5,2
2025-10-30 14:30:02.442,5,2
2025-10-30 14:30:02.442,5,2
2025-10-30 14:30:04.456,0,1
2025-10-30 14:30:04.456,0,1
2025-10-30 14:30:04.459,7,3
2025-10-30 14:30:04.459,7,3
2025-10-30 14:30:04.459,7,3
2025-10-30 14:30:04.459,7,2
2025-10-30 14:30:04.459,7,2
2025-10-30 14:30:04.459,7,2
2025-10-30 14:30:04.459,7,1
2025-10-30 14:30:04.459,7,1
2025-10-30 14:30:07.437,0,1
2025-10-30 14:30:07.440,8,3
2025-10-30 14:30:07.440,8,2
2025-10-30 14:30:07.440,8,2
2025-10-30 14:30:07.440,8,2
2025-10-30 14:30:07.440,8,2
2025-10-30 14:30:07.440,8,1
2025-10-30 14:30:07.440,8,1
2025-10-30 14:30:07.440,8,1
2025-10-30 14:30:07.440,8,1
2025-10-30 14:30:09.452,1,2
2025-10-30 14:30:09.452,1,2
2025-10-30 14:30:09.452,1,2
2025-10-30 14:30:09.452,1,2
2025-10-30 14:30:09.452,1,1
2025-10-30 14:30:09.452,1,1
2025-10-30 14:30:09.452,1,1
2025-10-30 14:30:09.452,1,1
2025-10-30 14:30:09.452,1,1
2025-10-30 14:30:09.452,1,1
2025-10-30 14:30:12.467,0,1
2025-10-30 14:30:12.471,9,5
2025-10-30 14:30:12.471,9,5
2025-10-30 14:30:12.471,9,5
2025-10-30 14:30:12.471,9,5
2025-10-30 14:30:12.471,9,4
2025-10-30 14:30:12.471,9,4
2025-10-30 14:30:12.471,9,4
2025-10-30 14:30:12.471,9,4
2025-10-30 14:30:12.471,9,3
2025-10-30 14:30:14.483,0,1
2025-10-30 14:30:14.487,6,4
2025-10-30 14:30:14.487,6,4
2025-10-30 14:30:14.487,6,4
2025-10-30 14:30:14.487,6,3
2025-10-30 14:30:14.487,6,3
2025-10-30 14:30:14.487,6,3
2025-10-30 14:30:14.487,6,2
2025-10-30 14:30:14.488,6,3
2025-10-30 14:30:14.488,6,3
2025-10-30 14:30:17.470,0,2
2025-10-30 14:30:17.474,7,5
2025-10-30 14:30:17.474,7,5
2025-10-30 14:30:17.474,7,4
2025-10-30 14:30:17.474,7,3
2025-10-30 14:30:17.474,7,3
2025-10-30 14:30:17.474,7,2
2025-10-30 14:30:17.474,7,2
2025-10-30 14:30:17.475,7,2
2025-10-30 14:30:17.475,7,2
2025-10-30 14:30:19.483,7,2
2025-10-30 14:30:19.486,4,5
2025-10-30 14:30:19.486,4,4
2025-10-30 14:30:19.486,4,4
2025-10-30 14:30:19.486,4,3
2025-10-30 14:30:19.486,4,3
2025-10-30 14:30:19.486,4,3
2025-10-30 14:30:19.486,4,3
2025-10-30 14:30:19.486,4,3
2025-10-30 14:30:19.486,4,3
2025-10-30 14:30:22.505,0,1
2025-10-30 14:30:22.505,0,1
2025-10-30 14:30:22.507,10,3
2025-10-30 14:30:22.507,10,3
2025-10-30 14:30:22.507,10,3
2025-10-30 14:30:22.507,10,2
2025-10-30 14:30:22.507,10,2
2025-10-30 14:30:22.507,10,2
2025-10-30 14:30:22.508,10,1
2025-10-30 14:30:22.508,10,1
2025-10-30 14:30:24.520,10,3
2025-10-30 14:30:24.524,5,6
2025-10-30 14:30:24.524,5,6
2025-10-30 14:30:24.524,5,5
2025-10-30 14:30:24.524,5,5
2025-10-30 14:30:24.524,5,4
2025-10-30 14:30:24.524,5,4
2025-10-30 14:30:24.524,5,4
2025-10-30 14:30:24.524,5,4
2025-10-30 14:30:24.524,5,4
2025-10-30 14:30:27.504,0,1
2025-10-30 14:30:27.507,0,3
2025-10-30 14:30:27.507,0,3
2025-10-30 14:30:27.507,0,3
2025-10-30 14:30:27.507,0,3
2025-10-30 14:30:27.507,0,2
2025-10-30 14:30:27.507,0,2
2025-10-30 14:30:27.507,0,2
2025-10-30 14:30:27.507,0,2
2025-10-30 14:30:27.507,0,1
2025-10-30 14:30:29.516,0,1
2025-10-30 14:30:29.519,7,3
2025-10-30 14:30:29.519,7,3
2025-10-30 14:30:29.519,7,3
2025-10-30 14:30:29.519,7,2
2025-10-30 14:30:29.519,7,2
2025-10-30 14:30:29.519,7,2
2025-10-30 14:30:29.519,7,2
2025-10-30 14:30:29.519,7,1
2025-10-30 14:30:29.519,7,1
2025-10-30 14:30:32.533,0,0
2025-10-30 14:30:32.533,0,0
2025-10-30 14:30:32.536,5,3
2025-10-30 14:30:32.536,5,3
2025-10-30 14:30:32.536,5,2
2025-10-30 14:30:32.536,5,2
2025-10-30 14:30:32.536,5,2
2025-10-30 14:30:32.536,5,2
2025-10-30 14:30:32.536,5,2
2025-10-30 14:30:32.536,5,2
2025-10-30 14:30:34.552,1,3
2025-10-30 14:30:34.552,1,2
2025-10-30 14:30:34.552,1,2
2025-10-30 14:30:34.556,10,5
2025-10-30 14:30:34.556,10,5
2025-10-30 14:30:34.556,10,5
2025-10-30 14:30:34.556,10,4
2025-10-30 14:30:34.556,10,4
2025-10-30 14:30:34.556,10,3
2025-10-30 14:30:34.556,10,3
2025-10-30 14:30:37.533,0,1
2025-10-30 14:30:37.536,7,3
2025-10-30 14:30:37.536,7,3
2025-10-30 14:30:37.536,7,3
2025-10-30 14:30:37.536,7,2
2025-10-30 14:30:37.536,7,2
2025-10-30 14:30:37.536,7,2
2025-10-30 14:30:37.536,7,1
2025-10-30 14:30:37.536,7,1
2025-10-30 14:30:37.536,7,1
2025-10-30 14:30:39.547,0,0
2025-10-30 14:30:39.547,0,0
2025-10-30 14:30:39.547,0,0
2025-10-30 14:30:39.547,0,0
2025-10-30 14:30:39.550,10,3
2025-10-30 14:30:39.550,10,2
2025-10-30 14:30:39.550,10,2
2025-10-30 14:30:39.550,10,2
2025-10-30 14:30:39.550,10,2
2025-10-30 14:30:39.550,10,1
2025-10-30 14:30:42.564,0,2
2025-10-30 14:30:42.568,7,5
2025-10-30 14:30:42.569,7,5
2025-10-30 14:30:42.569,7,5
2025-10-30 14:30:42.569,7,5
2025-10-30 14:30:42.569,7,5
2025-10-30 14:30:42.569,7,5
2025-10-30 14:30:42.569,7,4
2025-10-30 14:30:42.569,7,4
2025-10-30 14:30:42.569,7,4
2025-10-30 14:30:44.584,0,2
2025-10-30 14:30:44.588,0,5
2025-10-30 14:30:44.588,0,5
2025-10-30 14:30:44.588,0,5
2025-10-30 14:30:44.588,0,5
2025-10-30 14:30:44.588,0,4
2025-10-30 14:30:44.588,0,4
2025-10-30 14:30:44.588,0,4
2025-10-30 14:30:44.588,0,4
2025-10-30 14:30:44.588,0,3
2025-10-30 14:30:47.566,0,2
2025-10-30 14:30:47.568,0,3
2025-10-30 14:30:47.568,0,3
2025-10-30 14:30:47.568,0,3
2025-10-30 14:30:47.568,0,3
2025-10-30 14:30:47.568,0,3
2025-10-30 14:30:47.568,0,3
2025-10-30 14:30:47.568,0,2
2025-10-30 14:30:47.568,0,2
2025-10-30 14:30:47.569,0,2
2025-10-30 14:30:49.577,9,1
2025-10-30 14:30:49.580,9,3
2025-10-30 14:30:49.580,9,3
2025-10-30 14:30:49.580,9,3
2025-10-30 14:30:49.580,9,3
2025-10-30 14:30:49.580,9,2
2025-10-30 14:30:49.581,10,3
2025-10-30 14:30:49.582,10,3
2025-10-30 14:30:49.582,10,2
2025-10-30 14:30:49.582,10,3
2025-10-30 14:30:52.595,0,1
2025-10-30 14:30:52.597,0,3
2025-10-30 14:30:52.597,0,3
2025-10-30 14:30:52.597,0,3
2025-10-30 14:30:52.597,0,3
2025-10-30 14:30:52.597,0,2
2025-10-30 14:30:52.597,0,2
2025-10-30 14:30:52.597,0,2
2025-10-30 14:30:52.597,0,2
2025-10-30 14:30:52.597,0,1
2025-10-30 14:30:54.613,7,4
2025-10-30 14:30:54.613,7,3
2025-10-30 14:30:54.613,7,3
2025-10-30 14:30:54.613,7,2
2025-10-30 14:30:54.613,7,2
2025-10-30 14:30:54.613,7,2
2025-10-30 14:30:54.613,7,2
2025-10-30 14:30:54.613,7,2
2025-10-30 14:30:54.613,7,2
2025-10-30 14:30:54.613,7,2
2025-10-30 14:30:57.597,0,2
2025-10-30 14:30:57.602,5,7
2025-10-30 14:30:57.602,5,7
2025-10-30 14:30:57.602,5,5
2025-10-30 14:30:57.602,5,5
2025-10-30 14:30:57.602,5,3
2025-10-30 14:30:57.602,5,3
2025-10-30 14:30:57.602,5,3
2025-10-30 14:30:57.602,5,2
2025-10-30 14:30:57.603,5,3
2025-10-30 14:30:59.612,0,1
2025-10-30 14:30:59.614,10,3
2025-10-30 14:30:59.614,10,2
2025-10-30 14:30:59.614,10,2
2025-10-30 14:30:59.614,10,2
2025-10-30 14:30:59.615,10,2
2025-10-30 14:30:59.615,10,2
2025-10-30 14:30:59.615,10,3
2025-10-30 14:30:59.615,10,3
2025-10-30 14:30:59.615,10,2
2025-10-30 14:31:02.641,5,7
2025-10-30 14:31:02.641,5,7
2025-10-30 14:31:02.641,5,7
2025-10-30 14:31:02.641,5,6
2025-10-30 14:31:02.641,5,6
2025-10-30 14:31:02.641,5,4
2025-10-30 14:31:02.641,5,4
2025-10-30 14:31:02.641,5,4
2025-10-30 14:31:02.641,5,4
2025-10-30 14:31:02.641,5,2
2025-10-30 14:31:04.653,0,2
2025-10-30 14:31:04.654,0,2
2025-10-30 14:31:04.655,0,2
2025-10-30 14:31:04.655,0,2
2025-10-30 14:31:04.655,0,1
2025-10-30 14:31:04.655,0,1
2025-10-30 14:31:04.655,0,1
2025-10-30 14:31:04.655,0,1
2025-10-30 14:31:04.655,0,0
2025-10-30 14:31:04.655,0,0
2025-10-30 14:31:07.633,0,2
2025-10-30 14:31:07.633,0,2
2025-10-30 14:31:07.636,0,4
2025-10-30 14:31:07.636,0,4
2025-10-30 14:31:07.636,0,4
2025-10-30 14:31:07.636,0,4
2025-10-30 14:31:07.636,0,3
2025-10-30 14:31:07.636,0,3
2025-10-30 14:31:07.636,0,2
2025-10-30 14:31:07.636,0,1
2025-10-30 14:31:09.650,8,1
2025-10-30 14:31:09.654,10,5
2025-10-30 14:31:09.654,10,5
2025-10-30 14:31:09.654,10,4
2025-10-30 14:31:09.654,10,4
2025-10-30 14:31:09.654,10,4
2025-10-30 14:31:09.654,10,4
2025-10-30 14:31:09.654,10,3
2025-10-30 14:31:09.654,10,3
2025-10-30 14:31:09.654,10,3
2025-10-30 14:31:12.630,0,2
2025-10-30 14:31:12.630,0,2
2025-10-30 14:31:12.634,0,6
2025-10-30 14:31:12.634,0,5
2025-10-30 14:31:12.634,0,5
2025-10-30 14:31:12.634,0,5
2025-10-30 14:31:12.634,0,5
2025-10-30 14:31:12.634,0,4
2025-10-30 14:31:12.634,0,3
2025-10-30 14:31:12.634,0,3
2025-10-30 14:31:14.644,0,1
2025-10-30 14:31:14.645,0,2
2025-10-30 14:31:14.648,0,4
2025-10-30 14:31:14.648,0,4
2025-10-30 14:31:14.648,0,4
2025-10-30 14:31:14.648,0,4
2025-10-30 14:31:14.648,0,4
2025-10-30 14:31:14.648,0,3
2025-10-30 14:31:14.648,0,3
2025-10-30 14:31:14.648,0,3
2025-10-30 14:31:17.630,0,1
2025-10-30 14:31:17.635,0,5
2025-10-30 14:31:17.635,0,6
2025-10-30 14:31:17.635,0,5
2025-10-30 14:31:17.635,0,5
2025-10-30 14:31:17.635,0,5
2025-10-30 14:31:17.635,0,4
2025-10-30 14:31:17.635,0,4
2025-10-30 14:31:17.635,0,4
2025-10-30 14:31:17.635,0,3
2025-10-30 14:31:19.647,0,2
2025-10-30 14:31:19.649,0,4
2025-10-30 14:31:19.649,0,3
2025-10-30 14:31:19.649,0,3
2025-10-30 14:31:19.651,0,2
2025-10-30 14:31:19.651,0,2
2025-10-30 14:31:19.652,0,2
2025-10-30 14:31:19.653,0,2
2025-10-30 14:31:19.653,0,2
2025-10-30 14:31:19.653,0,3
2025-10-30 14:31:22.633,10,2
2025-10-30 14:31:22.635,10,3
2025-10-30 14:31:22.635,10,3
2025-10-30 14:31:22.635,10,3
2025-10-30 14:31:22.635,10,3
2025-10-30 14:31:22.638,10,5
2025-10-30 14:31:22.638,10,4
2025-10-30 14:31:22.638,10,4
2025-10-30 14:31:22.638,10,4
2025-10-30 14:31:22.638,10,4
2025-10-30 14:31:24.648,5,1
2025-10-30 14:31:24.652,5,5
2025-10-30 14:31:24.653,5,4
2025-10-30 14:31:24.653,5,4
2025-10-30 14:31:24.653,5,5
2025-10-30 14:31:24.653,5,4
2025-10-30 14:31:24.653,5,4
2025-10-30 14:31:24.653,5,4
2025-10-30 14:31:24.653,5,3
2025-10-30 14:31:24.653,5,3
2025-10-30 14:31:27.632,0,2
2025-10-30 14:31:27.632,0,2
2025-10-30 14:31:27.635,0,3
2025-10-30 14:31:27.636,0,3
2025-10-30 14:31:27.636,0,2
2025-10-30 14:31:27.636,0,3
2025-10-30 14:31:27.636,0,3
2025-10-30 14:31:27.636,0,2
2025-10-30 14:31:27.639,10,5
2025-10-30 14:31:27.639,10,5
2025-10-30 14:31:29.657,8,2
2025-10-30 14:31:29.661,10,5
2025-10-30 14:31:29.661,10,5
2025-10-30 14:31:29.661,10,5
2025-10-30 14:31:29.661,10,5
2025-10-30 14:31:29.661,10,5
2025-10-30 14:31:29.661,10,5
2025-10-30 14:31:29.661,10,4
2025-10-30 14:31:29.661,10,4
2025-10-30 14:31:29.661,10,3
2025-10-30 14:31:32.629,0,1
2025-10-30 14:31:32.633,10,4
2025-10-30 14:31:32.633,10,4
2025-10-30 14:31:32.633,10,4
2025-10-30 14:31:32.633,10,4
2025-10-30 14:31:32.633,10,4
2025-10-30 14:31:32.633,10,4
2025-10-30 14:31:32.634,10,4
2025-10-30 14:31:32.634,10,5
2025-10-30 14:31:32.634,10,4
2025-10-30 14:31:34.646,0,1
2025-10-30 14:31:34.647,0,2
2025-10-30 14:31:34.647,0,2
2025-10-30 14:31:34.647,0,1
2025-10-30 14:31:34.649,0,3
2025-10-30 14:31:34.649,0,3
2025-10-30 14:31:34.649,0,2
2025-10-30 14:31:34.649,0,2
2025-10-30 14:31:34.649,0,2
2025-10-30 14:31:34.650,0,2
2025-10-30 14:31:37.629,0,1
2025-10-30 14:31:37.632,0,4
2025-10-30 14:31:37.632,0,3
2025-10-30 14:31:37.632,0,3
2025-10-30 14:31:37.632,0,3
2025-10-30 14:31:37.632,0,3
2025-10-30 14:31:37.632,0,2
2025-10-30 14:31:37.632,0,2
2025-10-30 14:31:37.633,10,3
2025-10-30 14:31:37.634,10,3
