timestamp,lag,wait_ms
2025-10-29 16:33:02.950,0,12
2025-10-29 16:33:02.950,0,12
2025-10-29 16:33:02.964,4,23
2025-10-29 16:33:02.964,4,17
2025-10-29 16:33:03.899,2,2
2025-10-29 16:33:03.908,2,2
2025-10-29 16:33:03.911,4,3
2025-10-29 16:33:04.889,4,1
2025-10-29 16:33:04.895,4,1
2025-10-29 16:33:04.898,5,3
2025-10-29 16:33:04.904,5,1
2025-10-29 16:33:04.913,5,1
2025-10-29 16:33:04.919,5,1
2025-10-29 16:33:04.921,5,1
2025-10-29 16:33:05.894,6,2
2025-10-29 16:33:05.908,6,1
2025-10-29 16:33:05.913,6,1
2025-10-29 16:33:06.892,6,2
2025-10-29 16:33:06.896,6,2
2025-10-29 16:33:06.900,5,1
2025-10-29 16:33:06.903,5,1
2025-10-29 16:33:06.905,5,2
2025-10-29 16:33:06.908,5,1
2025-10-29 16:33:06.919,5,1
2025-10-29 16:33:07.889,5,1
2025-10-29 16:33:07.896,5,1
2025-10-29 16:33:07.899,8,2
2025-10-29 16:33:07.905,8,2
2025-10-29 16:33:07.912,8,1
2025-10-29 16:33:07.919,8,1
2025-10-29 16:33:08.893,8,2
2025-10-29 16:33:08.897,8,4
2025-10-29 16:33:08.912,7,1
2025-10-29 16:33:10.899,2,1
2025-10-29 16:33:10.908,1,1
2025-10-29 16:33:10.914,1,1
2025-10-29 16:33:11.926,1,3
2025-10-29 16:33:12.938,1,2
2025-10-29 16:33:12.940,1,2
2025-10-29 16:33:12.943,1,2
2025-10-29 16:33:12.944,1,2
2025-10-29 16:33:12.946,1,2
2025-10-29 16:33:12.959,1,3
2025-10-29 16:33:12.964,1,2
2025-10-29 16:33:12.967,1,2
2025-10-29 16:33:12.983,1,2
2025-10-29 16:33:13.933,1,3
2025-10-29 16:33:13.957,1,2
2025-10-29 16:33:13.964,11,2
2025-10-29 16:33:13.984,11,2
2025-10-29 16:33:14.936,3,2
2025-10-29 16:33:14.946,3,2
2025-10-29 16:33:14.961,3,2
2025-10-29 16:33:14.965,3,2
2025-10-29 16:33:14.979,3,2
2025-10-29 16:33:15.945,5,2
2025-10-29 16:33:15.950,5,2
2025-10-29 16:33:15.955,5,2
2025-10-29 16:33:15.956,5,2
2025-10-29 16:33:15.974,5,6
2025-10-29 16:33:15.987,5,2
2025-10-29 16:33:15.991,5,2
2025-10-29 16:33:16.937,5,2
2025-10-29 16:33:16.942,5,3
2025-10-29 16:33:16.942,5,2
2025-10-29 16:33:16.947,10,2
2025-10-29 16:33:16.949,10,1
2025-10-29 16:33:16.953,10,1
2025-10-29 16:33:16.970,10,2
2025-10-29 16:33:16.973,10,2
2025-10-29 16:33:16.984,10,2
2025-10-29 16:33:16.986,10,2
2025-10-29 16:33:18.001,11,64
2025-10-29 16:33:18.001,11,53
2025-10-29 16:33:18.001,11,52
2025-10-29 16:33:18.001,11,47
2025-10-29 16:33:18.001,11,44
2025-10-29 16:33:18.001,11,18
2025-10-29 16:33:18.001,11,17
2025-10-29 16:33:18.934,11,4
2025-10-29 16:33:18.940,11,2
2025-10-29 16:33:18.943,10,4
2025-10-29 16:33:18.945,10,2
2025-10-29 16:33:18.952,10,3
2025-10-29 16:33:18.957,10,2
2025-10-29 16:33:18.969,10,2
2025-10-29 16:33:18.974,10,2
2025-10-29 16:33:18.977,10,2
2025-10-29 16:33:18.979,10,2
2025-10-29 16:33:20.000,13,1017
2025-10-29 16:33:20.000,13,1014
2025-10-29 16:33:20.000,13,1010
2025-10-29 16:33:20.000,13,1008
2025-10-29 16:33:20.000,13,58
2025-10-29 16:33:20.000,13,56
2025-10-29 16:33:20.000,13,53
2025-10-29 16:33:20.000,13,48
2025-10-29 16:33:20.000,13,46
2025-10-29 16:33:20.000,13,41
2025-10-29 16:33:21.000,16,1034
2025-10-29 16:33:21.000,16,1026
2025-10-29 16:33:21.000,16,1024
2025-10-29 16:33:21.000,16,1011
2025-10-29 16:33:21.000,16,72
2025-10-29 16:33:21.000,16,59
2025-10-29 16:33:21.000,16,57
2025-10-29 16:33:21.000,16,41
2025-10-29 16:33:21.000,16,36
2025-10-29 16:33:21.000,16,32
2025-10-29 16:33:22.001,19,1033
2025-10-29 16:33:22.001,19,1032
2025-10-29 16:33:22.001,19,1024
2025-10-29 16:33:22.001,19,1020
2025-10-29 16:33:22.001,19,1019
2025-10-29 16:33:22.001,19,1017
2025-10-29 16:33:22.001,19,1013
2025-10-29 16:33:22.001,19,69
2025-10-29 16:33:22.001,19,63
2025-10-29 16:33:22.001,19,56
2025-10-29 16:33:23.000,19,1054
2025-10-29 16:33:23.000,19,1025
2025-10-29 16:33:23.000,19,1019
2025-10-29 16:33:23.000,19,2
2025-10-29 16:33:23.003,14,1
2025-10-29 16:33:23.007,14,2
2025-10-29 16:33:23.008,14,1
2025-10-29 16:33:23.010,14,2
2025-10-29 16:33:23.016,14,2
2025-10-29 16:33:23.023,14,2
2025-10-29 16:33:24.000,14,959
2025-10-29 16:33:24.000,14,951
2025-10-29 16:33:24.000,14,941
2025-10-29 16:33:24.000,14,926
2025-10-29 16:33:24.000,14,910
2025-10-29 16:33:24.000,14,897
2025-10-29 16:33:24.000,14,893
2025-10-29 16:33:24.000,14,6
2025-10-29 16:33:24.013,14,2
2025-10-29 16:33:24.015,19,2
2025-10-29 16:33:25.000,19,976
2025-10-29 16:33:25.000,19,962
2025-10-29 16:33:25.000,19,938
2025-10-29 16:33:25.000,19,937
2025-10-29 16:33:25.000,19,932
2025-10-29 16:33:25.000,19,929
2025-10-29 16:33:25.000,19,913
2025-10-29 16:33:25.000,19,896
2025-10-29 16:33:25.003,19,2
2025-10-29 16:33:25.019,19,2
2025-10-29 16:33:26.000,20,981
2025-10-29 16:33:26.000,20,976
2025-10-29 16:33:26.000,20,972
2025-10-29 16:33:26.000,20,969
2025-10-29 16:33:26.000,20,966
2025-10-29 16:33:26.000,20,964
2025-10-29 16:33:26.000,20,958
2025-10-29 16:33:26.000,20,953
2025-10-29 16:33:26.000,20,952
2025-10-29 16:33:26.000,20,950
2025-10-29 16:33:27.001,25,1948
2025-10-29 16:33:27.001,25,1931
2025-10-29 16:33:27.001,25,1930
2025-10-29 16:33:27.001,25,1929
2025-10-29 16:33:27.001,25,1927
2025-10-29 16:33:27.001,25,1924
2025-10-29 16:33:27.001,25,1914
2025-10-29 16:33:27.001,25,1911
2025-10-29 16:33:27.001,25,1904
2025-10-29 16:33:27.001,25,1901
2025-10-29 16:33:28.000,32,2899
2025-10-29 16:33:28.000,32,2891
2025-10-29 16:33:28.000,32,1996
2025-10-29 16:33:28.000,32,1991
2025-10-29 16:33:28.000,32,1986
2025-10-29 16:33:28.000,32,1976
2025-10-29 16:33:28.000,32,1966
2025-10-29 16:33:28.000,32,1959
2025-10-29 16:33:28.000,32,1945
2025-10-29 16:33:28.000,32,1940
2025-10-29 16:33:29.001,36,2940
2025-10-29 16:33:29.001,36,2935
2025-10-29 16:33:29.001,36,2932
2025-10-29 16:33:29.001,36,2915
2025-10-29 16:33:29.001,36,2911
2025-10-29 16:33:29.001,36,2903
2025-10-29 16:33:29.001,36,2896
2025-10-29 16:33:29.001,36,2892
2025-10-29 16:33:29.001,36,2886
2025-10-29 16:33:29.001,36,2884
2025-10-29 16:33:30.000,41,3001
2025-10-29 16:33:30.000,41,2989
2025-10-29 16:33:30.000,41,2972
2025-10-29 16:33:30.000,41,2953
2025-10-29 16:33:30.000,41,2938
2025-10-29 16:33:30.000,41,2935
2025-10-29 16:33:30.000,41,2930
2025-10-29 16:33:30.000,41,2929
2025-10-29 16:33:30.000,41,2924
2025-10-29 16:33:30.000,41,2902
2025-10-29 16:33:31.001,60,3902
2025-10-29 16:33:31.001,60,3901
2025-10-29 16:33:31.001,60,3881
2025-10-29 16:33:31.001,60,3880
2025-10-29 16:33:31.001,60,2983
2025-10-29 16:33:31.001,60,2972
2025-10-29 16:33:31.001,60,2968
2025-10-29 16:33:31.001,60,2962
2025-10-29 16:33:31.001,60,2949
2025-10-29 16:33:31.001,60,2947
2025-10-29 16:33:32.000,87,3940
2025-10-29 16:33:32.000,87,3932
2025-10-29 16:33:32.000,87,3930
2025-10-29 16:33:32.000,87,3927
2025-10-29 16:33:32.000,87,3922
2025-10-29 16:33:32.000,87,3913
2025-10-29 16:33:32.000,87,3913
2025-10-29 16:33:32.000,87,3894
2025-10-29 16:33:32.000,87,3891
2025-10-29 16:33:32.000,87,3007
2025-10-29 16:33:33.000,87,3984
2025-10-29 16:33:33.000,87,3980
2025-10-29 16:33:33.000,87,3978
2025-10-29 16:33:33.000,87,3977
2025-10-29 16:33:33.000,87,3959
2025-10-29 16:33:33.000,87,3956
2025-10-29 16:33:33.000,87,3941
2025-10-29 16:33:33.000,87,3938
2025-10-29 16:33:33.000,87,3938
2025-10-29 16:33:33.000,87,3935
2025-10-29 16:33:34.001,93,4934
2025-10-29 16:33:34.001,93,4930
2025-10-29 16:33:34.001,93,4925
2025-10-29 16:33:34.001,93,4923
2025-10-29 16:33:34.001,93,4916
2025-10-29 16:33:34.001,93,4909
2025-10-29 16:33:34.001,93,4904
2025-10-29 16:33:34.001,93,4896
2025-10-29 16:33:34.001,93,3996
2025-10-29 16:33:34.001,93,3988
2025-10-29 16:33:35.000,129,4985
2025-10-29 16:33:35.000,129,4979
2025-10-29 16:33:35.000,129,4972
2025-10-29 16:33:35.000,129,4963
2025-10-29 16:33:35.000,129,4962
2025-10-29 16:33:35.000,129,4957
2025-10-29 16:33:35.000,129,4951
2025-10-29 16:33:35.000,129,4946
2025-10-29 16:33:35.000,129,4932
2025-10-29 16:33:35.000,129,4930
2025-10-29 16:33:36.001,136,5926
2025-10-29 16:33:36.001,136,5919
2025-10-29 16:33:36.001,136,5918
2025-10-29 16:33:36.001,136,5916
2025-10-29 16:33:36.001,136,5914
2025-10-29 16:33:36.001,136,5906
2025-10-29 16:33:36.001,136,5899
2025-10-29 16:33:36.001,136,5897
2025-10-29 16:33:36.001,136,5896
2025-10-29 16:33:36.001,136,5890
2025-10-29 16:33:37.000,148,6887
2025-10-29 16:33:37.000,148,6004
2025-10-29 16:33:37.000,148,5997
2025-10-29 16:33:37.000,148,5994
2025-10-29 16:33:37.000,148,5993
2025-10-29 16:33:37.000,148,5986
2025-10-29 16:33:37.000,148,5984
2025-10-29 16:33:37.000,148,5982
2025-10-29 16:33:37.000,148,5975
2025-10-29 16:33:37.000,148,5971
2025-10-29 16:33:38.001,181,6962
2025-10-29 16:33:38.001,181,6959
2025-10-29 16:33:38.001,181,6957
2025-10-29 16:33:38.001,181,6954
2025-10-29 16:33:38.001,181,6953
2025-10-29 16:33:38.001,181,6952
2025-10-29 16:33:38.001,181,6948
2025-10-29 16:33:38.001,181,6943
2025-10-29 16:33:38.001,181,6938
2025-10-29 16:33:38.001,181,6935
2025-10-29 16:33:39.000,202,7932
2025-10-29 16:33:39.000,202,7929
2025-10-29 16:33:39.000,202,7927
2025-10-29 16:33:39.000,202,7919
2025-10-29 16:33:39.000,202,7896
2025-10-29 16:33:39.000,202,7893
2025-10-29 16:33:39.000,202,7891
2025-10-29 16:33:39.000,202,7002
2025-10-29 16:33:39.000,202,7000
2025-10-29 16:33:39.000,202,6995
2025-10-29 16:33:40.001,217,7991
2025-10-29 16:33:40.001,217,7980
2025-10-29 16:33:40.001,217,7976
2025-10-29 16:33:40.001,217,7972
2025-10-29 16:33:40.001,217,7965
2025-10-29 16:33:40.001,217,7953
2025-10-29 16:33:40.001,217,7947
2025-10-29 16:33:40.001,217,7943
2025-10-29 16:33:40.001,217,7915
2025-10-29 16:33:40.001,217,7908
2025-10-29 16:33:41.001,238,8907
2025-10-29 16:33:41.001,238,8897
2025-10-29 16:33:41.001,238,8875
2025-10-29 16:33:41.001,238,8866
2025-10-29 16:33:41.001,238,8860
2025-10-29 16:33:41.001,238,8853
2025-10-29 16:33:41.001,238,7842
2025-10-29 16:33:41.001,238,7833
2025-10-29 16:33:41.001,238,7818
2025-10-29 16:33:41.001,238,7809
2025-10-29 16:33:42.000,269,8807
2025-10-29 16:33:42.000,269,8767
2025-10-29 16:33:42.000,269,8759
2025-10-29 16:33:42.000,269,8753
2025-10-29 16:33:42.000,269,8751
2025-10-29 16:33:42.000,269,8743
2025-10-29 16:33:42.000,269,8736
2025-10-29 16:33:42.000,269,8733
2025-10-29 16:33:42.000,269,8725
2025-10-29 16:33:42.000,269,8724
2025-10-29 16:33:43.000,288,9716
2025-10-29 16:33:43.000,288,9715
2025-10-29 16:33:43.000,288,9705
2025-10-29 16:33:43.000,288,9686
2025-10-29 16:33:43.000,288,9680
2025-10-29 16:33:43.000,288,9679
2025-10-29 16:33:43.000,288,9677
2025-10-29 16:33:43.000,288,9673
2025-10-29 16:33:43.000,288,9668
2025-10-29 16:33:43.000,288,9667
2025-10-29 16:33:44.001,286,10665
2025-10-29 16:33:44.001,286,10657
2025-10-29 16:33:44.001,286,10656
2025-10-29 16:33:44.001,286,10651
2025-10-29 16:33:44.001,286,10641
2025-10-29 16:33:44.001,286,10640
2025-10-29 16:33:44.001,286,10639
2025-10-29 16:33:44.001,286,10637
2025-10-29 16:33:44.001,286,10635
2025-10-29 16:33:44.001,286,10633
2025-10-29 16:33:45.000,310,11629
2025-10-29 16:33:45.000,310,11620
2025-10-29 16:33:45.000,310,11619
2025-10-29 16:33:45.000,310,10826
2025-10-29 16:33:45.000,310,10806
2025-10-29 16:33:45.000,310,10804
2025-10-29 16:33:45.000,310,10800
2025-10-29 16:33:45.000,310,10795
2025-10-29 16:33:45.000,310,10791
2025-10-29 16:33:45.000,310,10780
2025-10-29 16:33:46.001,327,11776
2025-10-29 16:33:46.001,327,11774
2025-10-29 16:33:46.001,327,11768
2025-10-29 16:33:46.001,327,11749
2025-10-29 16:33:46.001,327,11734
2025-10-29 16:33:46.001,327,11726
2025-10-29 16:33:46.001,327,11713
2025-10-29 16:33:46.001,327,11711
2025-10-29 16:33:46.001,327,11697
2025-10-29 16:33:46.001,327,11683
2025-10-29 16:33:47.001,347,12682
2025-10-29 16:33:47.001,347,12680
2025-10-29 16:33:47.001,347,12676
2025-10-29 16:33:47.001,347,12657
2025-10-29 16:33:47.001,347,11830
2025-10-29 16:33:47.001,347,11828
2025-10-29 16:33:47.001,347,11827
2025-10-29 16:33:47.001,347,11809
2025-10-29 16:33:47.001,347,11807
2025-10-29 16:33:47.001,347,11803
2025-10-29 16:33:48.000,379,12798
2025-10-29 16:33:48.000,379,12792
2025-10-29 16:33:48.000,379,12788
2025-10-29 16:33:48.000,379,12787
2025-10-29 16:33:48.000,379,12780
2025-10-29 16:33:48.000,379,12774
2025-10-29 16:33:48.000,379,12773
2025-10-29 16:33:48.000,379,12771
2025-10-29 16:33:48.000,379,12770
2025-10-29 16:33:48.000,379,12764
2025-10-29 16:33:49.001,401,13760
2025-10-29 16:33:49.001,401,13753
2025-10-29 16:33:49.001,401,13746
2025-10-29 16:33:49.001,401,13731
2025-10-29 16:33:49.001,401,13729
2025-10-29 16:33:49.001,401,13704
2025-10-29 16:33:49.001,401,13693
2025-10-29 16:33:49.001,401,13686
2025-10-29 16:33:49.001,401,13684
2025-10-29 16:33:49.001,401,13681
2025-10-29 16:33:50.001,427,14680
2025-10-29 16:33:50.001,427,14663
2025-10-29 16:33:50.001,427,14660
2025-10-29 16:33:50.001,427,13838
2025-10-29 16:33:50.001,427,13820
2025-10-29 16:33:50.001,427,13816
2025-10-29 16:33:50.001,427,13815
2025-10-29 16:33:50.001,427,13805
2025-10-29 16:33:50.001,427,13784
2025-10-29 16:33:50.001,427,13781
2025-10-29 16:33:51.000,441,14774
2025-10-29 16:33:51.000,441,14763
2025-10-29 16:33:51.000,441,14762
2025-10-29 16:33:51.000,441,14758
2025-10-29 16:33:51.000,441,14743
2025-10-29 16:33:51.000,441,14740
2025-10-29 16:33:51.000,441,14716
2025-10-29 16:33:51.000,441,14704
2025-10-29 16:33:51.000,441,14699
2025-10-29 16:33:51.000,441,14691
2025-10-29 16:33:52.000,455,15688
2025-10-29 16:33:52.000,455,15687
2025-10-29 16:33:52.000,455,15681
2025-10-29 16:33:52.000,455,15677
2025-10-29 16:33:52.000,455,15672
2025-10-29 16:33:52.000,455,15663
2025-10-29 16:33:52.000,455,15651
2025-10-29 16:33:52.000,455,15650
2025-10-29 16:33:52.000,455,15647
2025-10-29 16:33:52.000,455,15641
2025-10-29 16:33:53.001,472,16636
2025-10-29 16:33:53.001,472,16632
2025-10-29 16:33:53.001,472,15831
2025-10-29 16:33:53.001,472,15830
2025-10-29 16:33:53.001,472,15818
2025-10-29 16:33:53.001,472,15812
2025-10-29 16:33:53.001,472,15805
2025-10-29 16:33:53.001,472,15800
2025-10-29 16:33:53.001,472,15796
2025-10-29 16:33:53.001,472,15793
2025-10-29 16:33:54.000,495,16788
2025-10-29 16:33:54.000,495,16784
2025-10-29 16:33:54.000,495,16751
2025-10-29 16:33:54.000,495,16741
2025-10-29 16:33:54.000,495,16740
2025-10-29 16:33:54.000,495,16735
2025-10-29 16:33:54.000,495,16732
2025-10-29 16:33:54.000,495,16731
2025-10-29 16:33:54.000,495,16724
2025-10-29 16:33:54.000,495,16715
2025-10-29 16:33:55.000,508,17696
2025-10-29 16:33:55.000,508,17687
2025-10-29 16:33:55.000,508,17684
2025-10-29 16:33:55.000,508,17677
2025-10-29 16:33:55.000,508,17673
2025-10-29 16:33:55.000,508,17669
2025-10-29 16:33:55.000,508,17665
2025-10-29 16:33:55.000,508,17660
2025-10-29 16:33:55.000,508,17655
2025-10-29 16:33:55.000,508,17647
2025-10-29 16:33:56.001,527,18640
2025-10-29 16:33:56.001,527,18631
2025-10-29 16:33:56.001,527,18627
2025-10-29 16:33:56.001,527,17835
2025-10-29 16:33:56.001,527,17833
2025-10-29 16:33:56.001,527,17829
2025-10-29 16:33:56.001,527,17817
2025-10-29 16:33:56.001,527,17815
2025-10-29 16:33:56.001,527,17802
2025-10-29 16:33:56.001,527,17799
2025-10-29 16:33:57.000,535,18788
2025-10-29 16:33:57.000,535,18779
2025-10-29 16:33:57.000,535,18774
2025-10-29 16:33:57.000,535,18752
2025-10-29 16:33:57.000,535,18745
2025-10-29 16:33:57.000,535,18743
2025-10-29 16:33:57.000,535,18736
2025-10-29 16:33:57.000,535,18729
2025-10-29 16:33:57.000,535,18723
2025-10-29 16:33:57.000,535,18717
2025-10-29 16:33:58.000,555,19714
2025-10-29 16:33:58.000,555,19706
2025-10-29 16:33:58.000,555,19699
2025-10-29 16:33:58.001,555,19685
2025-10-29 16:33:58.001,555,19672
2025-10-29 16:33:58.001,555,19668
2025-10-29 16:33:58.001,555,19665
2025-10-29 16:33:58.001,555,19648
2025-10-29 16:33:58.001,555,19645
2025-10-29 16:33:58.001,555,18838
2025-10-29 16:33:59.000,567,19834
2025-10-29 16:33:59.000,567,19829
2025-10-29 16:33:59.000,567,19828
2025-10-29 16:33:59.000,567,19820
2025-10-29 16:33:59.000,567,19820
2025-10-29 16:33:59.000,567,19819
2025-10-29 16:33:59.000,567,19816
2025-10-29 16:33:59.000,567,19813
2025-10-29 16:33:59.000,567,19812
2025-10-29 16:33:59.000,567,19806
2025-10-29 16:34:00.000,590,20799
2025-10-29 16:34:00.000,590,20799
2025-10-29 16:34:00.000,590,20790
2025-10-29 16:34:00.000,590,20782
2025-10-29 16:34:00.000,590,20776
2025-10-29 16:34:00.000,590,20766
2025-10-29 16:34:00.000,590,20764
2025-10-29 16:34:00.000,590,20757
2025-10-29 16:34:00.000,590,20753
2025-10-29 16:34:00.000,590,20736
2025-10-29 16:34:01.001,609,21736
2025-10-29 16:34:01.001,609,21723
2025-10-29 16:34:01.001,609,21721
2025-10-29 16:34:01.001,609,21720
2025-10-29 16:34:01.001,609,21714
2025-10-29 16:34:01.001,609,21703
2025-10-29 16:34:01.001,609,21697
2025-10-29 16:34:01.001,609,21690
2025-10-29 16:34:01.001,609,21687
2025-10-29 16:34:01.001,609,21679
2025-10-29 16:34:02.000,622,22676
2025-10-29 16:34:02.000,622,21841
2025-10-29 16:34:02.000,622,21839
2025-10-29 16:34:02.000,622,21838
2025-10-29 16:34:02.000,622,21835
2025-10-29 16:34:02.000,622,21831
2025-10-29 16:34:02.000,622,21828
2025-10-29 16:34:02.000,622,21824
2025-10-29 16:34:02.000,622,21820
2025-10-29 16:34:02.000,622,21817
2025-10-29 16:34:03.000,639,22811
2025-10-29 16:34:03.000,639,22809
2025-10-29 16:34:03.000,639,22806
2025-10-29 16:34:03.000,639,22800
2025-10-29 16:34:03.000,639,22782
2025-10-29 16:34:03.000,639,22773
2025-10-29 16:34:03.000,639,22771
2025-10-29 16:34:03.000,639,22767
2025-10-29 16:34:03.000,639,22766
2025-10-29 16:34:03.000,639,22759
2025-10-29 16:34:04.001,661,23758
2025-10-29 16:34:04.001,661,23744
2025-10-29 16:34:04.001,661,23735
2025-10-29 16:34:04.001,661,23734
2025-10-29 16:34:04.001,661,23731
2025-10-29 16:34:04.001,661,23729
2025-10-29 16:34:04.001,661,23723
2025-10-29 16:34:04.001,661,23701
2025-10-29 16:34:04.001,661,23695
2025-10-29 16:34:04.001,661,23681
2025-10-29 16:34:05.000,679,24674
2025-10-29 16:34:05.000,679,24672
2025-10-29 16:34:05.000,679,24663
2025-10-29 16:34:05.000,679,24648
2025-10-29 16:34:05.000,679,24643
2025-10-29 16:34:05.000,679,24633
2025-10-29 16:34:05.000,679,24628
2025-10-29 16:34:05.000,679,23833
2025-10-29 16:34:05.000,679,23830
2025-10-29 16:34:05.000,679,23819
2025-10-29 16:34:06.000,686,24817
2025-10-29 16:34:06.000,686,24814
2025-10-29 16:34:06.000,686,24789
2025-10-29 16:34:06.000,686,24773
2025-10-29 16:34:06.000,686,24766
2025-10-29 16:34:06.000,686,24762
2025-10-29 16:34:06.000,686,24757
2025-10-29 16:34:06.000,686,24753
2025-10-29 16:34:06.000,686,24745
2025-10-29 16:34:06.000,686,24741
2025-10-29 16:34:07.001,699,25740
2025-10-29 16:34:07.001,699,25736
2025-10-29 16:34:07.001,699,25736
2025-10-29 16:34:07.001,699,25721
2025-10-29 16:34:07.001,699,25719
2025-10-29 16:34:07.001,699,25717
2025-10-29 16:34:07.001,699,25714
2025-10-29 16:34:07.001,699,25707
2025-10-29 16:34:07.001,699,25706
2025-10-29 16:34:07.001,699,25705
2025-10-29 16:34:08.000,710,26684
2025-10-29 16:34:08.000,710,26683
2025-10-29 16:34:08.000,710,26674
2025-10-29 16:34:08.000,710,26667
2025-10-29 16:34:08.000,710,26656
2025-10-29 16:34:08.000,710,26650
2025-10-29 16:34:08.001,710,26630
2025-10-29 16:34:08.001,710,25839
2025-10-29 16:34:08.001,710,25825
2025-10-29 16:34:08.001,710,25821
2025-10-29 16:34:09.000,720,26818
2025-10-29 16:34:09.000,720,26807
2025-10-29 16:34:09.000,720,26796
2025-10-29 16:34:09.000,720,26790
2025-10-29 16:34:09.000,720,26789
2025-10-29 16:34:09.000,720,26776
2025-10-29 16:34:09.000,720,26769
2025-10-29 16:34:09.000,720,26766
2025-10-29 16:34:09.000,720,26751
2025-10-29 16:34:09.000,720,26749
2025-10-29 16:34:10.001,729,27748
2025-10-29 16:34:10.001,729,27744
2025-10-29 16:34:10.001,729,27742
2025-10-29 16:34:10.001,729,27736
2025-10-29 16:34:10.001,729,27730
2025-10-29 16:34:10.001,729,27714
2025-10-29 16:34:10.001,729,27713
2025-10-29 16:34:10.001,729,27709
2025-10-29 16:34:10.001,729,27705
2025-10-29 16:34:10.001,729,27701
2025-10-29 16:34:11.001,743,28691
2025-10-29 16:34:11.001,743,28683
2025-10-29 16:34:11.001,743,28672
2025-10-29 16:34:11.001,743,28656
2025-10-29 16:34:11.001,743,28655
2025-10-29 16:34:11.001,743,28653
2025-10-29 16:34:11.001,743,27646
2025-10-29 16:34:11.001,743,27616
2025-10-29 16:34:11.001,743,27612
2025-10-29 16:34:11.001,743,27600
2025-10-29 16:34:12.000,756,28588
2025-10-29 16:34:12.000,756,28583
2025-10-29 16:34:12.000,756,28581
2025-10-29 16:34:12.000,756,28570
2025-10-29 16:34:12.000,756,28568
2025-10-29 16:34:12.000,756,28564
2025-10-29 16:34:12.000,756,28529
2025-10-29 16:34:12.000,756,28514
2025-10-29 16:34:12.000,756,28505
2025-10-29 16:34:12.000,756,28504
2025-10-29 16:34:13.000,767,29501
2025-10-29 16:34:13.000,767,29499
2025-10-29 16:34:13.000,767,29496
2025-10-29 16:34:13.000,767,29490
2025-10-29 16:34:13.000,767,29477
2025-10-29 16:34:13.000,767,29472
2025-10-29 16:34:13.000,767,29469
2025-10-29 16:34:13.001,767,29468
2025-10-29 16:34:13.001,767,29464
2025-10-29 16:34:13.001,767,29461
2025-10-29 16:34:14.000,771,30454
2025-10-29 16:34:14.000,771,30443
2025-10-29 16:34:14.000,771,30440
2025-10-29 16:34:14.000,771,30435
2025-10-29 16:34:14.000,771,30425
2025-10-29 16:34:14.000,771,30419
2025-10-29 16:34:14.000,771,30405
2025-10-29 16:34:14.000,771,30400
2025-10-29 16:34:14.000,771,30395
2025-10-29 16:34:14.000,771,30393
2025-10-29 16:34:15.001,778,30647
2025-10-29 16:34:15.001,778,30639
2025-10-29 16:34:15.001,778,30633
2025-10-29 16:34:15.001,778,30632
2025-10-29 16:34:15.001,778,30630
2025-10-29 16:34:15.001,778,30627
2025-10-29 16:34:15.001,778,30626
2025-10-29 16:34:15.001,778,30621
2025-10-29 16:34:15.001,778,30617
2025-10-29 16:34:15.001,778,30610
2025-10-29 16:34:16.000,784,31582
2025-10-29 16:34:16.000,784,31580
2025-10-29 16:34:16.000,784,31576
2025-10-29 16:34:16.000,784,31562
2025-10-29 16:34:16.000,784,31550
2025-10-29 16:34:16.000,784,31542
2025-10-29 16:34:16.000,784,31528
2025-10-29 16:34:16.000,784,31521
2025-10-29 16:34:16.000,784,31501
2025-10-29 16:34:16.000,784,31496
2025-10-29 16:34:17.000,786,32493
2025-10-29 16:34:17.000,786,32487
2025-10-29 16:34:17.000,786,32481
2025-10-29 16:34:17.000,786,32479
2025-10-29 16:34:17.000,786,32477
2025-10-29 16:34:17.000,786,32464
2025-10-29 16:34:17.000,786,32456
2025-10-29 16:34:17.000,786,31626
2025-10-29 16:34:17.000,786,31624
2025-10-29 16:34:17.000,786,31614
2025-10-29 16:34:18.001,792,32613
2025-10-29 16:34:18.001,792,32607
2025-10-29 16:34:18.001,792,32605
2025-10-29 16:34:18.001,792,32604
2025-10-29 16:34:18.001,792,32591
2025-10-29 16:34:18.001,792,32566
2025-10-29 16:34:18.001,792,32556
2025-10-29 16:34:18.001,792,32549
2025-10-29 16:34:18.001,792,32542
2025-10-29 16:34:18.001,792,32538
2025-10-29 16:34:19.000,797,33531
2025-10-29 16:34:19.000,797,33529
2025-10-29 16:34:19.000,797,33528
2025-10-29 16:34:19.000,797,33521
2025-10-29 16:34:19.000,797,33517
2025-10-29 16:34:19.000,797,33516
2025-10-29 16:34:19.000,797,33504
2025-10-29 16:34:19.000,797,33499
2025-10-29 16:34:19.000,797,33492
2025-10-29 16:34:19.000,797,33490
2025-10-29 16:34:20.001,796,34490
2025-10-29 16:34:20.001,796,34483
2025-10-29 16:34:20.001,796,34478
2025-10-29 16:34:20.001,796,34468
2025-10-29 16:34:20.001,796,34461
2025-10-29 16:34:20.001,796,34455
2025-10-29 16:34:20.001,796,34451
2025-10-29 16:34:20.001,796,33647
2025-10-29 16:34:20.001,796,33642
2025-10-29 16:34:20.001,796,33637
2025-10-29 16:34:21.000,801,34633
2025-10-29 16:34:21.000,801,34630
2025-10-29 16:34:21.000,801,34624
2025-10-29 16:34:21.000,801,34618
2025-10-29 16:34:21.000,801,34616
2025-10-29 16:34:21.000,801,34614
2025-10-29 16:34:21.000,801,34603
2025-10-29 16:34:21.000,801,34601
2025-10-29 16:34:21.000,801,34599
2025-10-29 16:34:21.000,801,34596
2025-10-29 16:34:22.001,807,35591
2025-10-29 16:34:22.001,807,35585
2025-10-29 16:34:22.001,807,35583
2025-10-29 16:34:22.001,807,35576
2025-10-29 16:34:22.001,807,35568
2025-10-29 16:34:22.001,807,35558
2025-10-29 16:34:22.001,807,35553
2025-10-29 16:34:22.001,807,35539
2025-10-29 16:34:22.001,807,35536
2025-10-29 16:34:22.001,807,35535
2025-10-29 16:34:23.000,811,36529
2025-10-29 16:34:23.000,811,36528
2025-10-29 16:34:23.000,811,36520
2025-10-29 16:34:23.000,811,36518
2025-10-29 16:34:23.000,811,36513
2025-10-29 16:34:23.000,811,36504
2025-10-29 16:34:23.000,811,36498
2025-10-29 16:34:23.000,811,36490
2025-10-29 16:34:23.000,811,36489
2025-10-29 16:34:23.000,811,36486
2025-10-29 16:34:24.000,818,37485
2025-10-29 16:34:24.000,818,37480
2025-10-29 16:34:24.001,818,37474
2025-10-29 16:34:24.001,818,37470
2025-10-29 16:34:24.001,818,37469
2025-10-29 16:34:24.001,818,37466
2025-10-29 16:34:24.001,818,37457
2025-10-29 16:34:24.001,818,37455
2025-10-29 16:34:24.001,818,37453
2025-10-29 16:34:24.001,818,36637
2025-10-29 16:34:25.000,817,37633
2025-10-29 16:34:25.000,817,37621
2025-10-29 16:34:25.000,817,37614
2025-10-29 16:34:25.000,817,37610
2025-10-29 16:34:25.000,817,37609
2025-10-29 16:34:25.000,817,37596
2025-10-29 16:34:25.000,817,37590
2025-10-29 16:34:25.000,817,37583
2025-10-29 16:34:25.000,817,37578
2025-10-29 16:34:25.000,817,37576
2025-10-29 16:34:26.001,815,38565
2025-10-29 16:34:26.001,815,38560
2025-10-29 16:34:26.001,815,38558
2025-10-29 16:34:26.001,815,38554
2025-10-29 16:34:26.001,815,38552
2025-10-29 16:34:26.001,815,38552
2025-10-29 16:34:26.001,815,38544
2025-10-29 16:34:26.001,815,38536
2025-10-29 16:34:26.001,815,38504
2025-10-29 16:34:26.001,815,38503
2025-10-29 16:34:27.000,816,39500
2025-10-29 16:34:27.000,816,39498
2025-10-29 16:34:27.000,816,39492
2025-10-29 16:34:27.000,816,39491
2025-10-29 16:34:27.000,816,39486
2025-10-29 16:34:27.000,816,39482
2025-10-29 16:34:27.000,816,39480
2025-10-29 16:34:27.000,816,39478
2025-10-29 16:34:27.000,816,39463
2025-10-29 16:34:27.000,816,39463
2025-10-29 16:34:28.001,815,40461
2025-10-29 16:34:28.001,815,39643
2025-10-29 16:34:28.001,815,39634
2025-10-29 16:34:28.001,815,39624
2025-10-29 16:34:28.001,815,39617
2025-10-29 16:34:28.001,815,39605
2025-10-29 16:34:28.001,815,39601
2025-10-29 16:34:28.001,815,39597
2025-10-29 16:34:28.001,815,39595
2025-10-29 16:34:28.001,815,39591
2025-10-29 16:34:29.000,816,40572
2025-10-29 16:34:29.000,816,40571
2025-10-29 16:34:29.000,816,40570
2025-10-29 16:34:29.000,816,40567
2025-10-29 16:34:29.000,816,40564
2025-10-29 16:34:29.000,816,40560
2025-10-29 16:34:29.000,816,40559
2025-10-29 16:34:29.000,816,40558
2025-10-29 16:34:29.000,816,40554
2025-10-29 16:34:29.000,816,40553
2025-10-29 16:34:30.001,815,41553
2025-10-29 16:34:30.001,815,41551
2025-10-29 16:34:30.001,815,41550
2025-10-29 16:34:30.001,815,41547
2025-10-29 16:34:30.001,815,41540
2025-10-29 16:34:30.001,815,41534
2025-10-29 16:34:30.001,815,41526
2025-10-29 16:34:30.001,815,41523
2025-10-29 16:34:30.001,815,41519
2025-10-29 16:34:30.001,815,41517
2025-10-29 16:34:31.001,813,42508
2025-10-29 16:34:31.001,813,42493
2025-10-29 16:34:31.001,813,42491
2025-10-29 16:34:31.001,813,42484
2025-10-29 16:34:31.001,813,42477
2025-10-29 16:34:31.001,813,42473
2025-10-29 16:34:31.001,813,42453
2025-10-29 16:34:31.001,813,41632
2025-10-29 16:34:31.001,813,41629
2025-10-29 16:34:31.001,813,41616
2025-10-29 16:34:32.000,814,42609
2025-10-29 16:34:32.000,814,42603
2025-10-29 16:34:32.000,814,42596
2025-10-29 16:34:32.000,814,42570
2025-10-29 16:34:32.000,814,42568
2025-10-29 16:34:32.000,814,42559
2025-10-29 16:34:32.000,814,42557
2025-10-29 16:34:32.000,814,42531
2025-10-29 16:34:32.000,814,42526
2025-10-29 16:34:32.000,814,42525
2025-10-29 16:34:33.000,820,43515
2025-10-29 16:34:33.000,820,43499
2025-10-29 16:34:33.000,820,43497
2025-10-29 16:34:33.000,820,43496
2025-10-29 16:34:33.000,820,43494
2025-10-29 16:34:33.000,820,43493
2025-10-29 16:34:33.000,820,43467
2025-10-29 16:34:33.000,820,43464
2025-10-29 16:34:33.000,820,43456
2025-10-29 16:34:33.000,820,43454
2025-10-29 16:34:34.000,821,44453
2025-10-29 16:34:34.000,821,43617
2025-10-29 16:34:34.000,821,43607
2025-10-29 16:34:34.000,821,43606
2025-10-29 16:34:34.000,821,43605
2025-10-29 16:34:34.000,821,43595
2025-10-29 16:34:34.000,821,43590
2025-10-29 16:34:34.000,821,43574
2025-10-29 16:34:34.000,821,43562
2025-10-29 16:34:34.000,821,43546
2025-10-29 16:34:35.001,819,44543
2025-10-29 16:34:35.001,819,44541
2025-10-29 16:34:35.001,819,44541
2025-10-29 16:34:35.001,819,44537
2025-10-29 16:34:35.001,819,44529
2025-10-29 16:34:35.001,819,44526
2025-10-29 16:34:35.001,819,44523
2025-10-29 16:34:35.001,819,44517
2025-10-29 16:34:35.001,819,44512
2025-10-29 16:34:35.001,819,44510
2025-10-29 16:34:36.000,818,45503
2025-10-29 16:34:36.000,818,45497
2025-10-29 16:34:36.000,818,45487
2025-10-29 16:34:36.000,818,45483
2025-10-29 16:34:36.000,818,45474
2025-10-29 16:34:36.000,818,44629
2025-10-29 16:34:36.000,818,44614
2025-10-29 16:34:36.000,818,44597
2025-10-29 16:34:36.000,818,44592
2025-10-29 16:34:36.000,818,44590
2025-10-29 16:34:37.001,815,45581
2025-10-29 16:34:37.001,815,45576
2025-10-29 16:34:37.001,815,45574
2025-10-29 16:34:37.001,815,45571
2025-10-29 16:34:37.001,815,45567
2025-10-29 16:34:37.001,815,45546
2025-10-29 16:34:37.001,815,45541
2025-10-29 16:34:37.001,815,45540
2025-10-29 16:34:37.002,815,45535
2025-10-29 16:34:37.002,815,45525
2025-10-29 16:34:38.000,819,46522
2025-10-29 16:34:38.001,819,46519
2025-10-29 16:34:38.001,819,46513
2025-10-29 16:34:38.001,819,46513
2025-10-29 16:34:38.001,819,46506
2025-10-29 16:34:38.001,819,46483
2025-10-29 16:34:38.001,819,46465
2025-10-29 16:34:38.001,819,46456
2025-10-29 16:34:38.001,819,46452
2025-10-29 16:34:38.001,819,46449
2025-10-29 16:34:39.000,815,47446
2025-10-29 16:34:39.000,815,47444
2025-10-29 16:34:39.000,815,46637
2025-10-29 16:34:39.000,815,46632
2025-10-29 16:34:39.000,815,46625
2025-10-29 16:34:39.001,815,46624
2025-10-29 16:34:39.001,815,46619
2025-10-29 16:34:39.001,815,46617
2025-10-29 16:34:39.001,815,46614
2025-10-29 16:34:39.001,815,46589
2025-10-29 16:34:40.000,808,47586
2025-10-29 16:34:40.000,808,47584
2025-10-29 16:34:40.000,808,47577
2025-10-29 16:34:40.000,808,47565
2025-10-29 16:34:40.000,808,47564
2025-10-29 16:34:40.000,808,47550
2025-10-29 16:34:40.000,808,47548
2025-10-29 16:34:40.000,808,47548
2025-10-29 16:34:40.000,808,47540
2025-10-29 16:34:40.000,808,47535
2025-10-29 16:34:41.000,806,48529
2025-10-29 16:34:41.000,806,48525
2025-10-29 16:34:41.000,806,48518
2025-10-29 16:34:41.000,806,48514
2025-10-29 16:34:41.000,806,48507
2025-10-29 16:34:41.000,806,48501
2025-10-29 16:34:41.000,806,48495
2025-10-29 16:34:41.000,806,48492
2025-10-29 16:34:41.000,806,48486
2025-10-29 16:34:41.000,806,48480
2025-10-29 16:34:42.001,807,49472
2025-10-29 16:34:42.001,807,49469
2025-10-29 16:34:42.001,807,49465
2025-10-29 16:34:42.001,807,49459
2025-10-29 16:34:42.001,807,49448
2025-10-29 16:34:42.001,807,48400
2025-10-29 16:34:42.001,807,48393
2025-10-29 16:34:42.001,807,48372
2025-10-29 16:34:42.001,807,48372
2025-10-29 16:34:42.001,807,48370
2025-10-29 16:34:43.001,808,49367
2025-10-29 16:34:43.001,808,49367
2025-10-29 16:34:43.001,808,49364
2025-10-29 16:34:43.001,808,49356
2025-10-29 16:34:43.001,808,49350
2025-10-29 16:34:43.001,808,49339
2025-10-29 16:34:43.002,808,49335
2025-10-29 16:34:43.002,808,49331
2025-10-29 16:34:43.002,808,49327
2025-10-29 16:34:43.002,808,49313
2025-10-29 16:34:44.000,803,50309
2025-10-29 16:34:44.000,803,50302
2025-10-29 16:34:44.000,803,50287
2025-10-29 16:34:44.000,803,50276
2025-10-29 16:34:44.000,803,50269
2025-10-29 16:34:44.000,803,50266
2025-10-29 16:34:44.000,803,50256
2025-10-29 16:34:44.000,803,50253
2025-10-29 16:34:44.000,803,49435
2025-10-29 16:34:44.000,803,49433
2025-10-29 16:34:45.000,797,50426
2025-10-29 16:34:45.000,797,50423
2025-10-29 16:34:45.000,797,50406
2025-10-29 16:34:45.000,797,50404
2025-10-29 16:34:45.000,797,50395
2025-10-29 16:34:45.000,797,50393
2025-10-29 16:34:45.000,797,50378
2025-10-29 16:34:45.000,797,50368
2025-10-29 16:34:45.000,797,50364
2025-10-29 16:34:45.000,797,50344
2025-10-29 16:34:46.001,792,51342
2025-10-29 16:34:46.001,792,51337
2025-10-29 16:34:46.001,792,51328
2025-10-29 16:34:46.001,792,51326
2025-10-29 16:34:46.001,792,51317
2025-10-29 16:34:46.001,792,51303
2025-10-29 16:34:46.001,792,51298
2025-10-29 16:34:46.001,792,51296
2025-10-29 16:34:46.001,792,51291
2025-10-29 16:34:46.001,792,51280
2025-10-29 16:34:47.000,789,52270
2025-10-29 16:34:47.001,789,52267
2025-10-29 16:34:47.001,789,52256
2025-10-29 16:34:47.001,789,52256
2025-10-29 16:34:47.001,789,52249
2025-10-29 16:34:47.001,789,52245
2025-10-29 16:34:47.001,789,52235
2025-10-29 16:34:47.001,789,51444
2025-10-29 16:34:47.001,789,51404
2025-10-29 16:34:47.001,789,51396
2025-10-29 16:34:48.001,781,52359
2025-10-29 16:34:48.001,781,52357
2025-10-29 16:34:48.001,781,52343
2025-10-29 16:34:48.001,781,52341
2025-10-29 16:34:48.001,781,52339
2025-10-29 16:34:48.001,781,52334
2025-10-29 16:34:48.001,781,52319
2025-10-29 16:34:48.001,781,52303
2025-10-29 16:34:48.001,781,52293
2025-10-29 16:34:48.001,781,52288
2025-10-29 16:34:49.001,778,53278
2025-10-29 16:34:49.001,778,53273
2025-10-29 16:34:49.001,778,53269
2025-10-29 16:34:49.001,778,53264
2025-10-29 16:34:49.001,778,53256
2025-10-29 16:34:49.001,778,52431
2025-10-29 16:34:49.001,778,52410
2025-10-29 16:34:49.001,778,52404
2025-10-29 16:34:49.001,778,52382
2025-10-29 16:34:49.001,778,52378
2025-10-29 16:34:50.000,775,53358
2025-10-29 16:34:50.000,775,53344
2025-10-29 16:34:50.000,775,53337
2025-10-29 16:34:50.000,775,53332
2025-10-29 16:34:50.000,775,53332
2025-10-29 16:34:50.000,775,53329
2025-10-29 16:34:50.000,775,53328
2025-10-29 16:34:50.000,775,53324
2025-10-29 16:34:50.000,775,53315
2025-10-29 16:34:50.000,775,53311
2025-10-29 16:34:51.001,771,54310
2025-10-29 16:34:51.001,771,54303
2025-10-29 16:34:51.001,771,54298
2025-10-29 16:34:51.001,771,54297
2025-10-29 16:34:51.001,771,54294
2025-10-29 16:34:51.001,771,54293
2025-10-29 16:34:51.001,771,54288
2025-10-29 16:34:51.001,771,54283
2025-10-29 16:34:51.001,771,54282
2025-10-29 16:34:51.001,771,54280
2025-10-29 16:34:52.000,767,55273
2025-10-29 16:34:52.000,767,55269
2025-10-29 16:34:52.000,767,55259
2025-10-29 16:34:52.000,767,55255
2025-10-29 16:34:52.000,767,55246
2025-10-29 16:34:52.000,767,54418
2025-10-29 16:34:52.000,767,54397
2025-10-29 16:34:52.000,767,54396
2025-10-29 16:34:52.000,767,54393
2025-10-29 16:34:52.000,767,54386
2025-10-29 16:34:53.001,763,55380
2025-10-29 16:34:53.001,763,55361
2025-10-29 16:34:53.001,763,55351
2025-10-29 16:34:53.001,763,55349
2025-10-29 16:34:53.001,763,55348
2025-10-29 16:34:53.001,763,55333
2025-10-29 16:34:53.001,763,55331
2025-10-29 16:34:53.001,763,55316
2025-10-29 16:34:53.001,763,55312
2025-10-29 16:34:53.001,763,55302
2025-10-29 16:34:54.000,755,56298
2025-10-29 16:34:54.000,755,56275
2025-10-29 16:34:54.000,755,56269
2025-10-29 16:34:54.000,755,56265
2025-10-29 16:34:54.000,755,56239
2025-10-29 16:34:54.000,755,56237
2025-10-29 16:34:54.000,755,56222
2025-10-29 16:34:54.000,755,55426
2025-10-29 16:34:54.000,755,55424
2025-10-29 16:34:54.000,755,55416
2025-10-29 16:34:55.000,750,56413
2025-10-29 16:34:55.000,750,56411
2025-10-29 16:34:55.000,750,56404
2025-10-29 16:34:55.001,750,56395
2025-10-29 16:34:55.001,750,56389
2025-10-29 16:34:55.001,750,56387
2025-10-29 16:34:55.001,750,56374
2025-10-29 16:34:55.001,750,56371
2025-10-29 16:34:55.001,750,56361
2025-10-29 16:34:55.001,750,56359
2025-10-29 16:34:56.000,746,57357
2025-10-29 16:34:56.000,746,57355
2025-10-29 16:34:56.000,746,57350
2025-10-29 16:34:56.000,746,57344
2025-10-29 16:34:56.000,746,57335
2025-10-29 16:34:56.000,746,57334
2025-10-29 16:34:56.000,746,57331
2025-10-29 16:34:56.000,746,57326
2025-10-29 16:34:56.000,746,57323
2025-10-29 16:34:56.000,746,57316
2025-10-29 16:34:57.000,744,58314
2025-10-29 16:34:57.000,744,58295
2025-10-29 16:34:57.000,744,58292
2025-10-29 16:34:57.000,744,58286
2025-10-29 16:34:57.000,744,58266
2025-10-29 16:34:57.000,744,58258
2025-10-29 16:34:57.000,744,58255
2025-10-29 16:34:57.000,744,58253
2025-10-29 16:34:57.000,744,58251
2025-10-29 16:34:57.000,744,58249
2025-10-29 16:34:58.001,738,58435
2025-10-29 16:34:58.001,738,58420
2025-10-29 16:34:58.001,738,58406
2025-10-29 16:34:58.001,738,58403
2025-10-29 16:34:58.001,738,58396
2025-10-29 16:34:58.001,738,58395
2025-10-29 16:34:58.001,738,58388
2025-10-29 16:34:58.001,738,58387
2025-10-29 16:34:58.001,738,58385
2025-10-29 16:34:58.001,738,58381
2025-10-29 16:34:59.000,731,59374
2025-10-29 16:34:59.000,731,59370
2025-10-29 16:34:59.000,731,59369
2025-10-29 16:34:59.000,731,59367
2025-10-29 16:34:59.000,731,59364
2025-10-29 16:34:59.000,731,59362
2025-10-29 16:34:59.000,731,59361
2025-10-29 16:34:59.001,731,59344
2025-10-29 16:34:59.001,731,59308
2025-10-29 16:34:59.001,731,59307
2025-10-29 16:35:00.001,726,60302
2025-10-29 16:35:00.001,726,60300
2025-10-29 16:35:00.001,726,60290
2025-10-29 16:35:00.001,726,60288
2025-10-29 16:35:00.001,726,60276
2025-10-29 16:35:00.001,726,60274
2025-10-29 16:35:00.001,726,60266
2025-10-29 16:35:00.001,726,60266
2025-10-29 16:35:00.001,726,60249
2025-10-29 16:35:00.001,726,59430
2025-10-29 16:35:01.000,720,60422
2025-10-29 16:35:01.000,720,60416
2025-10-29 16:35:01.000,720,60401
2025-10-29 16:35:01.000,720,60393
2025-10-29 16:35:01.000,720,60386
2025-10-29 16:35:01.000,720,60368
2025-10-29 16:35:01.000,720,60366
2025-10-29 16:35:01.000,720,60339
2025-10-29 16:35:01.000,720,60333
2025-10-29 16:35:01.000,720,60321
2025-10-29 16:35:02.001,712,61320
2025-10-29 16:35:02.001,712,61318
2025-10-29 16:35:02.001,712,61316
2025-10-29 16:35:02.001,712,61304
2025-10-29 16:35:02.001,712,61295
2025-10-29 16:35:02.001,712,61294
2025-10-29 16:35:02.001,712,61289
2025-10-29 16:35:02.001,712,61287
2025-10-29 16:35:02.001,712,61283
2025-10-29 16:35:02.001,712,61279
2025-10-29 16:35:03.000,705,62259
2025-10-29 16:35:03.000,705,62256
2025-10-29 16:35:03.000,705,61438
2025-10-29 16:35:03.000,705,61434
2025-10-29 16:35:03.000,705,61422
2025-10-29 16:35:03.000,705,61406
2025-10-29 16:35:03.000,705,61401
2025-10-29 16:35:03.000,705,61389
2025-10-29 16:35:03.000,705,61387
2025-10-29 16:35:03.000,705,61385
2025-10-29 16:35:04.001,699,62382
2025-10-29 16:35:04.001,699,62381
2025-10-29 16:35:04.001,699,62378
2025-10-29 16:35:04.001,699,62376
2025-10-29 16:35:04.001,699,62345
2025-10-29 16:35:04.001,699,62314
2025-10-29 16:35:04.001,699,62309
2025-10-29 16:35:04.001,699,62303
2025-10-29 16:35:04.001,699,62299
2025-10-29 16:35:04.001,699,62298
2025-10-29 16:35:05.000,691,63293
2025-10-29 16:35:05.000,691,63288
2025-10-29 16:35:05.000,691,63276
2025-10-29 16:35:05.000,691,63269
2025-10-29 16:35:05.000,691,63268
2025-10-29 16:35:05.000,691,63257
2025-10-29 16:35:05.000,691,63252
2025-10-29 16:35:05.000,691,63248
2025-10-29 16:35:05.000,691,63237
2025-10-29 16:35:05.000,691,62442
2025-10-29 16:35:06.000,687,63436
2025-10-29 16:35:06.000,687,63433
2025-10-29 16:35:06.001,687,63428
2025-10-29 16:35:06.001,687,63419
2025-10-29 16:35:06.001,687,63418
2025-10-29 16:35:06.001,687,63415
2025-10-29 16:35:06.001,687,63414
2025-10-29 16:35:06.001,687,63410
2025-10-29 16:35:06.001,687,63409
2025-10-29 16:35:06.001,687,63404
2025-10-29 16:35:07.000,681,64392
2025-10-29 16:35:07.000,681,64375
2025-10-29 16:35:07.000,681,64368
2025-10-29 16:35:07.000,681,64367
2025-10-29 16:35:07.000,681,64356
2025-10-29 16:35:07.000,681,64328
2025-10-29 16:35:07.000,681,64327
2025-10-29 16:35:07.000,681,64315
2025-10-29 16:35:07.000,681,64313
2025-10-29 16:35:07.000,681,64312
2025-10-29 16:35:08.000,675,65308
2025-10-29 16:35:08.000,675,65296
2025-10-29 16:35:08.000,675,65291
2025-10-29 16:35:08.000,675,65287
2025-10-29 16:35:08.000,675,65281
2025-10-29 16:35:08.000,675,65278
2025-10-29 16:35:08.000,675,65270
2025-10-29 16:35:08.000,675,65257
2025-10-29 16:35:08.000,675,65244
2025-10-29 16:35:08.000,675,65232
2025-10-29 16:35:09.001,669,66230
2025-10-29 16:35:09.001,669,65217
2025-10-29 16:35:09.001,669,65215
2025-10-29 16:35:09.001,669,65214
2025-10-29 16:35:09.001,669,65211
2025-10-29 16:35:09.001,669,65205
2025-10-29 16:35:09.001,669,65197
2025-10-29 16:35:09.001,669,65195
2025-10-29 16:35:09.001,669,65184
2025-10-29 16:35:09.001,669,65183
2025-10-29 16:35:10.001,665,66179
2025-10-29 16:35:10.001,665,66178
2025-10-29 16:35:10.001,665,66172
2025-10-29 16:35:10.001,665,66161
2025-10-29 16:35:10.001,665,66154
2025-10-29 16:35:10.001,665,66151
2025-10-29 16:35:10.001,665,66148
2025-10-29 16:35:10.001,665,66139
2025-10-29 16:35:10.001,665,66124
2025-10-29 16:35:10.001,665,66121
2025-10-29 16:35:11.000,660,67114
2025-10-29 16:35:11.000,660,67112
2025-10-29 16:35:11.000,660,67096
2025-10-29 16:35:11.000,660,67087
2025-10-29 16:35:11.000,660,67079
2025-10-29 16:35:11.000,660,67078
2025-10-29 16:35:11.000,660,67073
2025-10-29 16:35:11.000,660,67067
2025-10-29 16:35:11.000,660,67059
2025-10-29 16:35:11.000,660,66217
2025-10-29 16:35:12.000,658,67194
2025-10-29 16:35:12.000,658,67189
2025-10-29 16:35:12.000,658,67188
2025-10-29 16:35:12.000,658,67175
2025-10-29 16:35:12.000,658,67174
2025-10-29 16:35:12.000,658,67171
2025-10-29 16:35:12.000,658,67160
2025-10-29 16:35:12.000,658,67152
2025-10-29 16:35:12.000,658,67148
2025-10-29 16:35:12.000,658,67142
2025-10-29 16:35:13.001,652,68136
2025-10-29 16:35:13.001,652,68135
2025-10-29 16:35:13.001,652,68133
2025-10-29 16:35:13.001,652,68131
2025-10-29 16:35:13.001,652,68104
2025-10-29 16:35:13.001,652,68092
2025-10-29 16:35:13.001,652,67220
2025-10-29 16:35:13.001,652,67218
2025-10-29 16:35:13.001,652,67213
2025-10-29 16:35:13.001,652,67202
2025-10-29 16:35:14.000,646,68182
2025-10-29 16:35:14.000,646,68169
2025-10-29 16:35:14.000,646,68163
2025-10-29 16:35:14.000,646,68162
2025-10-29 16:35:14.000,646,68162
2025-10-29 16:35:14.000,646,68153
2025-10-29 16:35:14.000,646,68151
2025-10-29 16:35:14.000,646,68149
2025-10-29 16:35:14.000,646,68143
2025-10-29 16:35:14.000,646,68138
2025-10-29 16:35:15.001,638,69134
2025-10-29 16:35:15.001,638,69130
2025-10-29 16:35:15.001,638,69124
2025-10-29 16:35:15.001,638,69109
2025-10-29 16:35:15.001,638,69108
2025-10-29 16:35:15.001,638,69107
2025-10-29 16:35:15.001,638,69088
2025-10-29 16:35:15.001,638,69087
2025-10-29 16:35:15.001,638,69072
2025-10-29 16:35:15.001,638,68223
2025-10-29 16:35:16.000,633,69220
2025-10-29 16:35:16.000,633,69204
2025-10-29 16:35:16.000,633,69203
2025-10-29 16:35:16.000,633,69185
2025-10-29 16:35:16.000,633,69182
2025-10-29 16:35:16.000,633,69179
2025-10-29 16:35:16.000,633,69177
2025-10-29 16:35:16.000,633,69158
2025-10-29 16:35:16.000,633,69148
2025-10-29 16:35:16.000,633,69146
2025-10-29 16:35:17.001,629,70141
2025-10-29 16:35:17.001,629,70138
2025-10-29 16:35:17.001,629,70112
2025-10-29 16:35:17.001,629,70106
2025-10-29 16:35:17.001,629,70099
2025-10-29 16:35:17.001,629,70093
2025-10-29 16:35:17.001,629,70093
2025-10-29 16:35:17.001,629,70059
2025-10-29 16:35:17.001,629,70058
2025-10-29 16:35:17.001,629,70058
2025-10-29 16:35:18.000,624,70212
2025-10-29 16:35:18.000,624,70194
2025-10-29 16:35:18.000,624,70188
2025-10-29 16:35:18.000,624,70184
2025-10-29 16:35:18.000,624,70176
2025-10-29 16:35:18.000,624,70176
2025-10-29 16:35:18.000,624,70174
2025-10-29 16:35:18.000,624,70167
2025-10-29 16:35:18.000,624,70165
2025-10-29 16:35:18.000,624,70162
2025-10-29 16:35:19.001,615,71158
2025-10-29 16:35:19.001,615,71151
2025-10-29 16:35:19.001,615,71145
2025-10-29 16:35:19.001,615,71123
2025-10-29 16:35:19.001,615,71117
2025-10-29 16:35:19.001,615,71101
2025-10-29 16:35:19.001,615,71076
2025-10-29 16:35:19.001,615,71072
2025-10-29 16:35:19.001,615,71064
2025-10-29 16:35:19.001,615,71046
2025-10-29 16:35:20.000,608,71226
2025-10-29 16:35:20.000,608,71221
2025-10-29 16:35:20.000,608,71219
2025-10-29 16:35:20.000,608,71191
2025-10-29 16:35:20.000,608,71184
2025-10-29 16:35:20.000,608,71181
2025-10-29 16:35:20.000,608,71177
2025-10-29 16:35:20.000,608,71175
2025-10-29 16:35:20.000,608,71171
2025-10-29 16:35:20.000,608,71154
2025-10-29 16:35:21.000,604,72138
2025-10-29 16:35:21.000,604,72133
2025-10-29 16:35:21.000,604,72125
2025-10-29 16:35:21.000,604,72124
2025-10-29 16:35:21.000,604,72116
2025-10-29 16:35:21.000,604,72108
2025-10-29 16:35:21.000,604,72090
2025-10-29 16:35:21.000,604,72073
2025-10-29 16:35:21.000,604,72071
2025-10-29 16:35:21.000,604,71225
2025-10-29 16:35:22.001,600,72218
2025-10-29 16:35:22.001,600,72211
2025-10-29 16:35:22.001,600,72205
2025-10-29 16:35:22.001,600,72199
2025-10-29 16:35:22.001,600,72189
2025-10-29 16:35:22.001,600,72178
2025-10-29 16:35:22.001,600,72173
2025-10-29 16:35:22.001,600,72160
2025-10-29 16:35:22.001,600,72159
2025-10-29 16:35:22.001,600,72150
2025-10-29 16:35:23.000,594,73134
2025-10-29 16:35:23.000,594,73122
2025-10-29 16:35:23.000,594,73119
2025-10-29 16:35:23.000,594,73112
2025-10-29 16:35:23.000,594,73111
2025-10-29 16:35:23.000,594,73090
2025-10-29 16:35:23.000,594,73087
2025-10-29 16:35:23.000,594,73077
2025-10-29 16:35:23.000,594,73071
2025-10-29 16:35:23.000,594,73069
2025-10-29 16:35:24.000,586,74067
2025-10-29 16:35:24.000,586,74065
2025-10-29 16:35:24.000,586,74064
2025-10-29 16:35:24.000,586,73213
2025-10-29 16:35:24.000,586,73202
2025-10-29 16:35:24.000,586,73197
2025-10-29 16:35:24.000,586,73179
2025-10-29 16:35:24.000,586,73177
2025-10-29 16:35:24.000,586,73172
2025-10-29 16:35:24.000,586,73156
2025-10-29 16:35:25.001,582,74155
2025-10-29 16:35:25.001,582,74153
2025-10-29 16:35:25.001,582,74131
2025-10-29 16:35:25.001,582,74129
2025-10-29 16:35:25.001,582,74120
2025-10-29 16:35:25.001,582,74118
2025-10-29 16:35:25.001,582,74118
2025-10-29 16:35:25.001,582,74113
2025-10-29 16:35:25.001,582,74108
2025-10-29 16:35:25.001,582,74101
2025-10-29 16:35:26.001,578,75096
2025-10-29 16:35:26.001,578,75093
2025-10-29 16:35:26.001,578,75082
2025-10-29 16:35:26.001,578,75079
2025-10-29 16:35:26.001,578,75074
2025-10-29 16:35:26.001,578,75071
2025-10-29 16:35:26.001,578,74225
2025-10-29 16:35:26.001,578,74223
2025-10-29 16:35:26.001,578,74201
2025-10-29 16:35:26.001,578,74194
2025-10-29 16:35:27.000,572,75188
2025-10-29 16:35:27.000,572,75183
2025-10-29 16:35:27.000,572,75176
2025-10-29 16:35:27.000,572,75175
2025-10-29 16:35:27.000,572,75171
2025-10-29 16:35:27.000,572,75164
2025-10-29 16:35:27.000,572,75162
2025-10-29 16:35:27.000,572,75160
2025-10-29 16:35:27.000,572,75156
2025-10-29 16:35:27.000,572,75126
2025-10-29 16:35:28.001,563,76103
2025-10-29 16:35:28.001,563,76100
2025-10-29 16:35:28.001,563,76091
2025-10-29 16:35:28.001,563,76090
2025-10-29 16:35:28.001,563,76080
2025-10-29 16:35:28.001,563,76079
2025-10-29 16:35:28.001,563,76075
2025-10-29 16:35:28.001,563,75217
2025-10-29 16:35:28.001,563,75210
2025-10-29 16:35:28.001,563,75187
2025-10-29 16:35:29.000,557,76173
2025-10-29 16:35:29.000,557,76159
2025-10-29 16:35:29.000,557,76153
2025-10-29 16:35:29.000,557,76148
2025-10-29 16:35:29.000,557,76145
2025-10-29 16:35:29.000,557,76141
2025-10-29 16:35:29.000,557,76134
2025-10-29 16:35:29.000,557,76120
2025-10-29 16:35:29.000,557,76097
2025-10-29 16:35:29.000,557,76094
2025-10-29 16:35:30.001,551,77086
2025-10-29 16:35:30.001,551,76063
2025-10-29 16:35:30.001,551,76061
2025-10-29 16:35:30.001,551,76058
2025-10-29 16:35:30.001,551,76038
2025-10-29 16:35:30.001,551,76029
2025-10-29 16:35:30.001,551,76028
2025-10-29 16:35:30.001,551,76023
2025-10-29 16:35:30.001,551,76021
2025-10-29 16:35:30.001,551,76014
2025-10-29 16:35:31.001,543,77010
2025-10-29 16:35:31.001,543,77003
2025-10-29 16:35:31.001,543,76993
2025-10-29 16:35:31.001,543,76982
2025-10-29 16:35:31.001,543,76977
2025-10-29 16:35:31.001,543,76973
2025-10-29 16:35:31.001,543,76966
2025-10-29 16:35:31.001,543,76963
2025-10-29 16:35:31.001,543,76064
2025-10-29 16:35:31.001,543,76059
2025-10-29 16:35:32.001,537,77058
2025-10-29 16:35:32.001,537,77039
2025-10-29 16:35:32.001,537,77034
2025-10-29 16:35:32.001,537,77029
2025-10-29 16:35:32.001,537,77025
2025-10-29 16:35:32.001,537,77010
2025-10-29 16:35:32.001,537,77006
2025-10-29 16:35:32.001,537,77004
2025-10-29 16:35:32.001,537,76995
2025-10-29 16:35:32.001,537,76981
2025-10-29 16:35:33.001,532,77978
2025-10-29 16:35:33.001,532,77973
2025-10-29 16:35:33.001,532,77967
2025-10-29 16:35:33.001,532,77965
2025-10-29 16:35:33.001,532,77061
2025-10-29 16:35:33.001,532,77058
2025-10-29 16:35:33.001,532,77057
2025-10-29 16:35:33.001,532,77031
2025-10-29 16:35:33.001,532,77020
2025-10-29 16:35:33.001,532,77015
2025-10-29 16:35:34.000,523,77996
2025-10-29 16:35:34.000,523,77991
2025-10-29 16:35:34.000,523,77988
2025-10-29 16:35:34.000,523,77981
2025-10-29 16:35:34.000,523,77972
2025-10-29 16:35:34.000,523,77967
2025-10-29 16:35:34.000,523,77055
2025-10-29 16:35:34.000,523,77046
2025-10-29 16:35:34.000,523,77039
2025-10-29 16:35:34.000,523,77033
2025-10-29 16:35:35.000,517,78031
2025-10-29 16:35:35.000,517,78027
2025-10-29 16:35:35.000,517,78023
2025-10-29 16:35:35.000,517,78017
2025-10-29 16:35:35.000,517,78007
2025-10-29 16:35:35.000,517,78007
2025-10-29 16:35:35.000,517,78000
2025-10-29 16:35:35.000,517,77998
2025-10-29 16:35:35.000,517,77994
2025-10-29 16:35:35.000,517,77967
2025-10-29 16:35:36.001,512,78965
2025-10-29 16:35:36.001,512,78963
2025-10-29 16:35:36.001,512,78058
2025-10-29 16:35:36.001,512,78057
2025-10-29 16:35:36.001,512,78052
2025-10-29 16:35:36.001,512,78038
2025-10-29 16:35:36.001,512,78012
2025-10-29 16:35:36.001,512,78008
2025-10-29 16:35:36.001,512,77993
2025-10-29 16:35:36.001,512,77992
2025-10-29 16:35:37.000,507,78988
2025-10-29 16:35:37.000,507,78986
2025-10-29 16:35:37.000,507,78978
2025-10-29 16:35:37.000,507,78975
2025-10-29 16:35:37.000,507,78964
2025-10-29 16:35:37.000,507,78960
2025-10-29 16:35:37.000,507,78958
2025-10-29 16:35:37.000,507,78054
2025-10-29 16:35:37.000,507,78039
2025-10-29 16:35:37.000,507,78037
2025-10-29 16:35:38.002,503,79016
2025-10-29 16:35:38.002,503,79009
2025-10-29 16:35:38.002,503,78995
2025-10-29 16:35:38.002,503,78977
2025-10-29 16:35:38.002,503,78960
2025-10-29 16:35:38.002,503,78957
2025-10-29 16:35:38.002,503,78063
2025-10-29 16:35:38.002,503,78059
2025-10-29 16:35:38.002,503,78049
2025-10-29 16:35:38.002,503,78032
2025-10-29 16:35:39.000,500,79029
2025-10-29 16:35:39.000,500,79028
2025-10-29 16:35:39.000,500,79028
2025-10-29 16:35:39.000,500,79025
2025-10-29 16:35:39.000,500,79022
2025-10-29 16:35:39.000,500,79015
2025-10-29 16:35:39.000,500,79003
2025-10-29 16:35:39.000,500,78995
2025-10-29 16:35:39.000,500,78988
2025-10-29 16:35:39.000,500,78968
2025-10-29 16:35:40.001,495,79964
2025-10-29 16:35:40.001,495,79057
2025-10-29 16:35:40.001,495,79055
2025-10-29 16:35:40.001,495,79054
2025-10-29 16:35:40.001,495,79053
2025-10-29 16:35:40.001,495,79052
2025-10-29 16:35:40.001,495,79051
2025-10-29 16:35:40.001,495,79033
2025-10-29 16:35:40.001,495,79030
2025-10-29 16:35:40.001,495,79028
2025-10-29 16:35:41.000,490,80016
2025-10-29 16:35:41.000,490,80010
2025-10-29 16:35:41.000,490,79995
2025-10-29 16:35:41.000,490,79991
2025-10-29 16:35:41.000,490,79980
2025-10-29 16:35:41.000,490,79979
2025-10-29 16:35:41.000,490,79974
2025-10-29 16:35:41.000,490,79062
2025-10-29 16:35:41.000,490,79055
2025-10-29 16:35:41.000,490,79052
2025-10-29 16:35:42.001,483,80039
2025-10-29 16:35:42.001,483,80029
2025-10-29 16:35:42.001,483,80013
2025-10-29 16:35:42.001,483,80008
2025-10-29 16:35:42.001,483,79996
2025-10-29 16:35:42.001,483,79990
2025-10-29 16:35:42.001,483,79978
2025-10-29 16:35:42.001,483,79970
2025-10-29 16:35:42.001,483,79966
2025-10-29 16:35:42.001,483,79961
2025-10-29 16:35:43.000,476,80958
2025-10-29 16:35:43.000,476,80059
2025-10-29 16:35:43.000,476,80056
2025-10-29 16:35:43.000,476,80055
2025-10-29 16:35:43.000,476,80052
2025-10-29 16:35:43.000,476,80037
2025-10-29 16:35:43.000,476,80036
2025-10-29 16:35:43.000,476,80034
2025-10-29 16:35:43.000,476,80032
2025-10-29 16:35:43.000,476,80030
2025-10-29 16:35:44.000,471,81022
2025-10-29 16:35:44.000,471,81021
2025-10-29 16:35:44.000,471,81011
2025-10-29 16:35:44.000,471,80983
2025-10-29 16:35:44.001,471,80983
2025-10-29 16:35:44.001,471,80982
2025-10-29 16:35:44.001,471,80960
2025-10-29 16:35:44.001,471,80958
2025-10-29 16:35:44.001,471,79937
2025-10-29 16:35:44.001,471,79898
2025-10-29 16:35:45.000,464,80891
2025-10-29 16:35:45.000,464,80889
2025-10-29 16:35:45.000,464,80883
2025-10-29 16:35:45.001,464,80882
2025-10-29 16:35:45.001,464,80877
2025-10-29 16:35:45.001,464,80876
2025-10-29 16:35:45.001,464,80875
2025-10-29 16:35:45.001,464,79938
2025-10-29 16:35:45.001,464,79937
2025-10-29 16:35:45.001,464,79933
2025-10-29 16:35:46.000,457,80930
2025-10-29 16:35:46.000,457,80917
2025-10-29 16:35:46.000,457,80916
2025-10-29 16:35:46.000,457,80913
2025-10-29 16:35:46.000,457,80889
2025-10-29 16:35:46.000,457,79915
2025-10-29 16:35:46.000,457,79914
2025-10-29 16:35:46.000,457,79913
2025-10-29 16:35:46.000,457,79901
2025-10-29 16:35:46.000,457,79899
2025-10-29 16:35:47.001,451,80889
2025-10-29 16:35:47.001,451,80881
2025-10-29 16:35:47.001,451,80872
2025-10-29 16:35:47.001,451,80865
2025-10-29 16:35:47.001,451,80864
2025-10-29 16:35:47.001,451,80862
2025-10-29 16:35:47.001,451,79936
2025-10-29 16:35:47.001,451,79923
2025-10-29 16:35:47.001,451,79921
2025-10-29 16:35:47.001,451,79894
2025-10-29 16:35:48.000,445,80885
2025-10-29 16:35:48.000,445,80884
2025-10-29 16:35:48.000,445,80883
2025-10-29 16:35:48.000,445,80882
2025-10-29 16:35:48.000,445,80874
2025-10-29 16:35:48.000,445,79941
2025-10-29 16:35:48.000,445,79923
2025-10-29 16:35:48.000,445,79923
2025-10-29 16:35:48.000,445,79922
2025-10-29 16:35:48.000,445,79909
2025-10-29 16:35:49.001,439,80909
2025-10-29 16:35:49.001,439,80907
2025-10-29 16:35:49.001,439,80900
2025-10-29 16:35:49.001,439,80885
2025-10-29 16:35:49.001,439,80883
2025-10-29 16:35:49.001,439,80873
2025-10-29 16:35:49.001,439,79940
2025-10-29 16:35:49.001,439,79933
2025-10-29 16:35:49.001,439,79926
2025-10-29 16:35:49.001,439,79919
2025-10-29 16:35:50.000,433,80912
2025-10-29 16:35:50.000,433,80907
2025-10-29 16:35:50.000,433,80880
2025-10-29 16:35:50.000,433,80874
2025-10-29 16:35:50.000,433,80866
2025-10-29 16:35:50.000,433,79931
2025-10-29 16:35:50.000,433,79914
2025-10-29 16:35:50.000,433,79911
2025-10-29 16:35:50.000,433,79905
2025-10-29 16:35:50.000,433,79901
2025-10-29 16:35:51.001,427,80901
2025-10-29 16:35:51.001,427,80898
2025-10-29 16:35:51.001,427,80880
2025-10-29 16:35:51.001,427,79934
2025-10-29 16:35:51.001,427,79932
2025-10-29 16:35:51.001,427,79918
2025-10-29 16:35:51.001,427,79907
2025-10-29 16:35:51.001,427,79906
2025-10-29 16:35:51.001,427,79904
2025-10-29 16:35:51.001,427,79903
2025-10-29 16:35:52.001,420,80897
2025-10-29 16:35:52.001,420,80896
2025-10-29 16:35:52.001,420,80879
2025-10-29 16:35:52.001,420,80876
2025-10-29 16:35:52.001,420,79935
2025-10-29 16:35:52.001,420,79931
2025-10-29 16:35:52.001,420,79927
2025-10-29 16:35:52.001,420,79922
2025-10-29 16:35:52.001,420,79914
2025-10-29 16:35:52.001,420,79909
2025-10-29 16:35:53.001,413,80905
2025-10-29 16:35:53.001,413,80903
2025-10-29 16:35:53.001,413,80901
2025-10-29 16:35:53.001,413,80892
2025-10-29 16:35:53.001,413,80883
2025-10-29 16:35:53.001,413,80882
2025-10-29 16:35:53.001,413,80880
2025-10-29 16:35:53.001,413,80874
2025-10-29 16:35:53.001,413,80869
2025-10-29 16:35:53.001,413,80863
2025-10-29 16:35:54.001,408,80940
2025-10-29 16:35:54.001,408,80928
2025-10-29 16:35:54.001,408,80917
2025-10-29 16:35:54.001,408,80913
2025-10-29 16:35:54.001,408,80909
2025-10-29 16:35:54.001,408,80907
2025-10-29 16:35:54.001,408,80905
2025-10-29 16:35:54.001,408,80902
2025-10-29 16:35:54.001,408,80895
2025-10-29 16:35:54.001,408,80894
2025-10-29 16:35:55.000,405,81875
2025-10-29 16:35:55.001,405,80862
2025-10-29 16:35:55.001,405,80860
2025-10-29 16:35:55.001,405,80852
2025-10-29 16:35:55.001,405,80841
2025-10-29 16:35:55.001,405,80838
2025-10-29 16:35:55.001,405,80825
2025-10-29 16:35:55.001,405,80817
2025-10-29 16:35:55.001,405,80816
2025-10-29 16:35:55.001,405,79873
2025-10-29 16:35:56.000,400,80864
2025-10-29 16:35:56.001,400,80862
2025-10-29 16:35:56.001,400,80858
2025-10-29 16:35:56.001,400,80843
2025-10-29 16:35:56.001,400,80837
2025-10-29 16:35:56.001,400,80837
2025-10-29 16:35:56.001,400,80834
2025-10-29 16:35:56.001,400,80823
2025-10-29 16:35:56.001,400,79872
2025-10-29 16:35:56.001,400,79859
2025-10-29 16:35:57.000,394,80853
2025-10-29 16:35:57.000,394,80851
2025-10-29 16:35:57.000,394,80849
2025-10-29 16:35:57.000,394,80838
2025-10-29 16:35:57.000,394,80837
2025-10-29 16:35:57.000,394,79867
2025-10-29 16:35:57.000,394,79865
2025-10-29 16:35:57.000,394,79850
2025-10-29 16:35:57.000,394,79849
2025-10-29 16:35:57.000,394,79847
2025-10-29 16:35:58.000,388,80847
2025-10-29 16:35:58.000,388,80844
2025-10-29 16:35:58.000,388,80837
2025-10-29 16:35:58.000,388,80836
2025-10-29 16:35:58.000,388,80835
2025-10-29 16:35:58.000,388,80834
2025-10-29 16:35:58.000,388,80825
2025-10-29 16:35:58.000,388,80824
2025-10-29 16:35:58.000,388,80821
2025-10-29 16:35:58.001,388,79867
2025-10-29 16:35:59.001,385,80865
2025-10-29 16:35:59.001,385,80862
2025-10-29 16:35:59.001,385,80861
2025-10-29 16:35:59.001,385,80848
2025-10-29 16:35:59.001,385,80828
2025-10-29 16:35:59.001,385,79851
2025-10-29 16:35:59.001,385,79846
2025-10-29 16:35:59.001,385,79839
2025-10-29 16:35:59.001,385,78861
2025-10-29 16:35:59.001,385,78858
2025-10-29 16:36:00.000,378,79846
2025-10-29 16:36:00.000,378,79841
2025-10-29 16:36:00.000,378,79836
2025-10-29 16:36:00.000,378,79835
2025-10-29 16:36:00.000,378,79825
2025-10-29 16:36:00.000,378,79820
2025-10-29 16:36:00.000,378,78869
2025-10-29 16:36:00.000,378,78866
2025-10-29 16:36:00.000,378,78864
2025-10-29 16:36:00.000,378,78858
2025-10-29 16:36:01.000,369,79851
2025-10-29 16:36:01.001,369,79850
2025-10-29 16:36:01.001,369,79848
2025-10-29 16:36:01.001,369,79848
2025-10-29 16:36:01.001,369,79845
2025-10-29 16:36:01.001,369,79839
2025-10-29 16:36:01.001,369,79825
2025-10-29 16:36:01.001,369,78874
2025-10-29 16:36:01.001,369,78873
2025-10-29 16:36:01.001,369,78868
2025-10-29 16:36:02.000,363,79856
2025-10-29 16:36:02.000,363,79847
2025-10-29 16:36:02.000,363,79845
2025-10-29 16:36:02.000,363,79837
2025-10-29 16:36:02.000,363,79835
2025-10-29 16:36:02.000,363,79831
2025-10-29 16:36:02.000,363,79822
2025-10-29 16:36:02.000,363,79819
2025-10-29 16:36:02.000,363,78864
2025-10-29 16:36:02.000,363,78860
2025-10-29 16:36:03.000,357,79851
2025-10-29 16:36:03.000,357,79838
2025-10-29 16:36:03.000,357,79829
2025-10-29 16:36:03.000,357,78809
2025-10-29 16:36:03.000,357,78806
2025-10-29 16:36:03.000,357,78796
2025-10-29 16:36:03.000,357,78794
2025-10-29 16:36:03.000,357,77809
2025-10-29 16:36:03.000,357,77807
2025-10-29 16:36:03.000,357,77804
2025-10-29 16:36:04.001,350,78787
2025-10-29 16:36:04.001,350,78786
2025-10-29 16:36:04.001,350,77807
2025-10-29 16:36:04.001,350,77805
2025-10-29 16:36:04.001,350,77804
2025-10-29 16:36:04.001,350,77798
2025-10-29 16:36:04.001,350,77794
2025-10-29 16:36:04.001,350,77790
2025-10-29 16:36:04.001,350,77785
2025-10-29 16:36:04.001,350,76806
2025-10-29 16:36:05.001,343,77794
2025-10-29 16:36:05.001,343,76811
2025-10-29 16:36:05.001,343,76805
2025-10-29 16:36:05.001,343,76804
2025-10-29 16:36:05.001,343,76799
2025-10-29 16:36:05.001,343,76796
2025-10-29 16:36:05.001,343,76795
2025-10-29 16:36:05.001,343,76788
2025-10-29 16:36:05.001,343,75811
2025-10-29 16:36:05.001,343,75807
2025-10-29 16:36:06.001,335,76803
2025-10-29 16:36:06.001,335,76800
2025-10-29 16:36:06.001,335,76798
2025-10-29 16:36:06.001,335,76788
2025-10-29 16:36:06.001,335,76785
2025-10-29 16:36:06.001,335,75804
2025-10-29 16:36:06.001,335,75802
2025-10-29 16:36:06.001,335,75794
2025-10-29 16:36:06.001,335,75791
2025-10-29 16:36:06.001,335,75788
2025-10-29 16:36:07.000,328,76786
2025-10-29 16:36:07.001,328,75808
2025-10-29 16:36:07.001,328,75807
2025-10-29 16:36:07.001,328,75806
2025-10-29 16:36:07.001,328,75794
2025-10-29 16:36:07.001,328,75793
2025-10-29 16:36:07.001,328,75785
2025-10-29 16:36:07.001,328,74813
2025-10-29 16:36:07.001,328,74811
2025-10-29 16:36:07.001,328,74805
2025-10-29 16:36:08.001,322,75803
2025-10-29 16:36:08.001,322,75800
2025-10-29 16:36:08.001,322,75787
2025-10-29 16:36:08.001,322,74809
2025-10-29 16:36:08.001,322,74794
2025-10-29 16:36:08.001,322,73767
2025-10-29 16:36:08.001,322,73766
2025-10-29 16:36:08.001,322,73760
2025-10-29 16:36:08.001,322,73755
2025-10-29 16:36:08.001,322,73754
2025-10-29 16:36:09.001,314,73780
2025-10-29 16:36:09.001,314,73768
2025-10-29 16:36:09.001,314,73767
2025-10-29 16:36:09.001,314,73763
2025-10-29 16:36:09.001,314,73759
2025-10-29 16:36:09.001,314,73757
2025-10-29 16:36:09.001,314,72776
2025-10-29 16:36:09.001,314,72774
2025-10-29 16:36:09.001,314,72772
2025-10-29 16:36:09.001,314,72770
2025-10-29 16:36:10.000,306,73765
2025-10-29 16:36:10.000,306,73764
2025-10-29 16:36:10.000,306,73762
2025-10-29 16:36:10.000,306,73759
2025-10-29 16:36:10.000,306,72773
2025-10-29 16:36:10.000,306,72771
2025-10-29 16:36:10.000,306,72767
2025-10-29 16:36:10.000,306,72765
2025-10-29 16:36:10.000,306,71774
2025-10-29 16:36:10.000,306,71770
2025-10-29 16:36:11.001,299,72764
2025-10-29 16:36:11.001,299,71779
2025-10-29 16:36:11.001,299,71771
2025-10-29 16:36:11.001,299,71765
2025-10-29 16:36:11.001,299,71760
2025-10-29 16:36:11.001,299,71752
2025-10-29 16:36:11.001,299,70776
2025-10-29 16:36:11.001,299,70770
2025-10-29 16:36:11.001,299,70761
2025-10-29 16:36:11.001,299,70754
2025-10-29 16:36:12.000,290,70766
2025-10-29 16:36:12.000,290,70757
2025-10-29 16:36:12.000,290,69762
2025-10-29 16:36:12.000,290,69754
2025-10-29 16:36:12.000,290,69745
2025-10-29 16:36:12.000,290,68778
2025-10-29 16:36:12.000,290,68773
2025-10-29 16:36:12.000,290,68755
2025-10-29 16:36:12.000,290,68751
2025-10-29 16:36:12.000,290,67742
2025-10-29 16:36:13.001,283,68733
2025-10-29 16:36:13.001,283,67743
2025-10-29 16:36:13.001,283,67742
2025-10-29 16:36:13.001,283,67741
2025-10-29 16:36:13.001,283,67731
2025-10-29 16:36:13.001,283,67729
2025-10-29 16:36:13.001,283,67727
2025-10-29 16:36:13.001,283,66738
2025-10-29 16:36:13.001,283,66737
2025-10-29 16:36:13.001,283,66732
2025-10-29 16:36:14.000,277,67725
2025-10-29 16:36:14.000,277,66744
2025-10-29 16:36:14.000,277,66739
2025-10-29 16:36:14.000,277,66734
2025-10-29 16:36:14.000,277,66726
2025-10-29 16:36:14.000,277,65744
2025-10-29 16:36:14.000,277,65739
2025-10-29 16:36:14.000,277,65736
2025-10-29 16:36:14.000,277,65733
2025-10-29 16:36:14.000,277,64745
2025-10-29 16:36:15.001,271,65745
2025-10-29 16:36:15.001,271,65736
2025-10-29 16:36:15.001,271,65734
2025-10-29 16:36:15.001,271,65733
2025-10-29 16:36:15.001,271,65721
2025-10-29 16:36:15.001,271,64749
2025-10-29 16:36:15.001,271,64745
2025-10-29 16:36:15.001,271,64743
2025-10-29 16:36:15.001,271,64737
2025-10-29 16:36:15.001,271,64726
2025-10-29 16:36:16.001,263,64746
2025-10-29 16:36:16.001,263,64744
2025-10-29 16:36:16.001,263,64743
2025-10-29 16:36:16.001,263,64741
2025-10-29 16:36:16.001,263,64737
2025-10-29 16:36:16.001,263,64737
2025-10-29 16:36:16.001,263,64732
2025-10-29 16:36:16.001,263,64731
2025-10-29 16:36:16.001,263,63750
2025-10-29 16:36:16.001,263,63736
2025-10-29 16:36:17.001,258,64732
2025-10-29 16:36:17.001,258,64730
2025-10-29 16:36:17.001,258,63747
2025-10-29 16:36:17.001,258,63744
2025-10-29 16:36:17.001,258,63742
2025-10-29 16:36:17.001,258,63736
2025-10-29 16:36:17.001,258,63704
2025-10-29 16:36:17.001,258,63702
2025-10-29 16:36:17.001,258,62689
2025-10-29 16:36:17.001,258,62678
2025-10-29 16:36:18.000,250,63675
2025-10-29 16:36:18.000,250,63674
2025-10-29 16:36:18.000,250,63670
2025-10-29 16:36:18.000,250,62698
2025-10-29 16:36:18.000,250,62690
2025-10-29 16:36:18.000,250,62688
2025-10-29 16:36:18.000,250,62679
2025-10-29 16:36:18.000,250,62679
2025-10-29 16:36:18.000,250,62677
2025-10-29 16:36:18.000,250,61685
2025-10-29 16:36:19.001,244,62683
2025-10-29 16:36:19.001,244,62682
2025-10-29 16:36:19.001,244,62679
2025-10-29 16:36:19.001,244,62675
2025-10-29 16:36:19.001,244,61683
2025-10-29 16:36:19.001,244,60693
2025-10-29 16:36:19.001,244,60688
2025-10-29 16:36:19.001,244,60677
2025-10-29 16:36:19.001,244,59697
2025-10-29 16:36:19.001,244,59691
2025-10-29 16:36:20.000,242,60685
2025-10-29 16:36:20.000,242,60680
2025-10-29 16:36:20.000,242,60679
2025-10-29 16:36:20.000,242,60675
2025-10-29 16:36:20.000,242,59694
2025-10-29 16:36:20.000,242,59690
2025-10-29 16:36:20.000,242,59680
2025-10-29 16:36:20.000,242,59679
2025-10-29 16:36:20.000,242,59677
2025-10-29 16:36:20.000,242,59676
2025-10-29 16:36:21.000,236,59698
2025-10-29 16:36:21.000,236,59689
2025-10-29 16:36:21.000,236,59682
2025-10-29 16:36:21.000,236,59676
2025-10-29 16:36:21.000,236,58676
2025-10-29 16:36:21.000,236,58675
2025-10-29 16:36:21.000,236,57687
2025-10-29 16:36:21.001,236,57686
2025-10-29 16:36:21.001,236,57680
2025-10-29 16:36:21.001,236,57677
2025-10-29 16:36:22.000,229,58672
2025-10-29 16:36:22.000,229,58669
2025-10-29 16:36:22.000,229,57665
2025-10-29 16:36:22.000,229,57660
2025-10-29 16:36:22.000,229,57655
2025-10-29 16:36:22.000,229,57644
2025-10-29 16:36:22.000,229,57641
2025-10-29 16:36:22.000,229,57639
2025-10-29 16:36:22.000,229,56658
2025-10-29 16:36:22.000,229,56657
2025-10-29 16:36:23.001,224,57647
2025-10-29 16:36:23.001,224,57646
2025-10-29 16:36:23.001,224,56660
2025-10-29 16:36:23.001,224,55655
2025-10-29 16:36:23.001,224,55652
2025-10-29 16:36:23.001,224,55651
2025-10-29 16:36:23.001,224,55643
2025-10-29 16:36:23.001,224,54652
2025-10-29 16:36:23.001,224,54648
2025-10-29 16:36:23.001,224,54645
2025-10-29 16:36:24.001,221,55641
2025-10-29 16:36:24.001,221,54649
2025-10-29 16:36:24.001,221,54645
2025-10-29 16:36:24.001,221,53659
2025-10-29 16:36:24.001,221,53657
2025-10-29 16:36:24.001,221,53651
2025-10-29 16:36:24.001,221,53647
2025-10-29 16:36:24.001,221,52663
2025-10-29 16:36:24.001,221,52660
2025-10-29 16:36:24.001,221,52649
2025-10-29 16:36:25.000,221,53638
2025-10-29 16:36:25.000,221,53636
2025-10-29 16:36:25.000,221,52664
2025-10-29 16:36:25.000,221,51652
2025-10-29 16:36:25.000,221,51649
2025-10-29 16:36:25.000,221,51647
2025-10-29 16:36:25.000,221,51639
2025-10-29 16:36:25.001,221,50627
2025-10-29 16:36:25.001,221,50621
2025-10-29 16:36:25.001,221,50615
2025-10-29 16:36:26.000,198,51609
2025-10-29 16:36:26.000,198,51606
2025-10-29 16:36:26.000,198,50633
2025-10-29 16:36:26.000,198,50627
2025-10-29 16:36:26.000,198,50622
2025-10-29 16:36:26.000,198,50617
2025-10-29 16:36:26.000,198,50604
2025-10-29 16:36:26.000,198,49624
2025-10-29 16:36:26.000,198,49622
2025-10-29 16:36:26.000,198,49621
2025-10-29 16:36:27.000,201,50615
2025-10-29 16:36:27.000,201,50611
2025-10-29 16:36:27.000,201,50610
2025-10-29 16:36:27.000,201,49629
2025-10-29 16:36:27.000,201,49625
2025-10-29 16:36:27.000,201,49624
2025-10-29 16:36:27.000,201,49620
2025-10-29 16:36:27.000,201,49617
2025-10-29 16:36:27.000,201,49608
2025-10-29 16:36:27.000,201,49607
2025-10-29 16:36:28.001,197,49632
2025-10-29 16:36:28.001,197,49630
2025-10-29 16:36:28.001,197,49620
2025-10-29 16:36:28.001,197,49614
2025-10-29 16:36:28.001,197,49608
2025-10-29 16:36:28.001,197,48636
2025-10-29 16:36:28.001,197,48633
2025-10-29 16:36:28.001,197,48631
2025-10-29 16:36:28.001,197,48623
2025-10-29 16:36:28.001,197,48610
2025-10-29 16:36:29.000,190,48625
2025-10-29 16:36:29.000,190,48618
2025-10-29 16:36:29.000,190,48616
2025-10-29 16:36:29.000,190,47636
2025-10-29 16:36:29.000,190,47619
2025-10-29 16:36:29.000,190,47613
2025-10-29 16:36:29.000,190,46635
2025-10-29 16:36:29.000,190,46628
2025-10-29 16:36:29.000,190,46620
2025-10-29 16:36:29.000,190,46615
2025-10-29 16:36:30.000,185,47611
2025-10-29 16:36:30.000,185,46634
2025-10-29 16:36:30.000,185,46624
2025-10-29 16:36:30.000,185,46609
2025-10-29 16:36:30.000,185,45603
2025-10-29 16:36:30.000,185,45592
2025-10-29 16:36:30.000,185,45586
2025-10-29 16:36:30.000,185,44604
2025-10-29 16:36:30.000,185,44600
2025-10-29 16:36:30.000,185,44584
2025-10-29 16:36:31.001,179,45583
2025-10-29 16:36:31.001,179,44606
2025-10-29 16:36:31.001,179,44605
2025-10-29 16:36:31.001,179,44593
2025-10-29 16:36:31.001,179,44580
2025-10-29 16:36:31.001,179,43606
2025-10-29 16:36:31.001,179,43590
2025-10-29 16:36:31.001,179,43587
2025-10-29 16:36:31.001,179,43586
2025-10-29 16:36:31.001,179,42607
2025-10-29 16:36:32.000,172,43589
2025-10-29 16:36:32.001,172,43583
2025-10-29 16:36:32.001,172,43577
2025-10-29 16:36:32.001,172,42606
2025-10-29 16:36:32.001,172,42598
2025-10-29 16:36:32.001,172,42591
2025-10-29 16:36:32.001,172,42582
2025-10-29 16:36:32.001,172,41588
2025-10-29 16:36:32.001,172,41583
2025-10-29 16:36:32.001,172,41581
2025-10-29 16:36:33.000,165,41586
2025-10-29 16:36:33.000,165,41581
2025-10-29 16:36:33.000,165,41580
2025-10-29 16:36:33.000,165,40602
2025-10-29 16:36:33.000,165,40598
2025-10-29 16:36:33.000,165,40597
2025-10-29 16:36:33.000,165,40587
2025-10-29 16:36:33.000,165,40581
2025-10-29 16:36:33.000,165,39605
2025-10-29 16:36:33.000,165,39598
2025-10-29 16:36:34.001,163,40596
2025-10-29 16:36:34.001,163,40585
2025-10-29 16:36:34.001,163,40582
2025-10-29 16:36:34.001,163,40581
2025-10-29 16:36:34.001,163,40579
2025-10-29 16:36:34.001,163,39576
2025-10-29 16:36:34.001,163,39574
2025-10-29 16:36:34.001,163,39562
2025-10-29 16:36:34.001,163,39557
2025-10-29 16:36:34.001,163,39553
2025-10-29 16:36:35.000,155,39575
2025-10-29 16:36:35.000,155,39574
2025-10-29 16:36:35.000,155,39556
2025-10-29 16:36:35.000,155,39552
2025-10-29 16:36:35.000,155,38567
2025-10-29 16:36:35.000,155,38562
2025-10-29 16:36:35.000,155,38555
2025-10-29 16:36:35.000,155,38553
2025-10-29 16:36:35.000,155,37575
2025-10-29 16:36:35.000,155,37573
2025-10-29 16:36:36.001,153,38571
2025-10-29 16:36:36.001,153,38567
2025-10-29 16:36:36.001,153,38565
2025-10-29 16:36:36.001,153,38556
2025-10-29 16:36:36.001,153,38555
2025-10-29 16:36:36.001,153,37571
2025-10-29 16:36:36.001,153,37563
2025-10-29 16:36:36.001,153,37558
2025-10-29 16:36:36.001,153,36543
2025-10-29 16:36:36.001,153,35573
2025-10-29 16:36:37.001,147,36567
2025-10-29 16:36:37.001,147,36560
2025-10-29 16:36:37.001,147,36549
2025-10-29 16:36:37.001,147,35566
2025-10-29 16:36:37.001,147,35559
2025-10-29 16:36:37.001,147,35556
2025-10-29 16:36:37.001,147,35549
2025-10-29 16:36:37.001,147,34567
2025-10-29 16:36:37.001,147,34558
2025-10-29 16:36:37.001,147,34546
2025-10-29 16:36:38.000,140,34558
2025-10-29 16:36:38.000,140,34555
2025-10-29 16:36:38.001,140,34552
2025-10-29 16:36:38.001,140,33537
2025-10-29 16:36:38.001,140,33523
2025-10-29 16:36:38.001,140,32532
2025-10-29 16:36:38.001,140,32525
2025-10-29 16:36:38.001,140,32522
2025-10-29 16:36:38.001,140,31541
2025-10-29 16:36:38.001,140,31535
2025-10-29 16:36:39.000,136,32530
2025-10-29 16:36:39.000,136,32516
2025-10-29 16:36:39.000,136,31524
2025-10-29 16:36:39.000,136,31523
2025-10-29 16:36:39.001,136,30537
2025-10-29 16:36:39.001,136,30533
2025-10-29 16:36:39.001,136,29534
2025-10-29 16:36:39.001,136,29519
2025-10-29 16:36:39.001,136,29514
2025-10-29 16:36:39.001,136,28539
2025-10-29 16:36:40.000,128,28542
2025-10-29 16:36:40.000,128,28538
2025-10-29 16:36:40.000,128,28523
2025-10-29 16:36:40.000,128,27539
2025-10-29 16:36:40.000,128,27532
2025-10-29 16:36:40.000,128,27525
2025-10-29 16:36:40.000,128,27521
2025-10-29 16:36:40.000,128,26543
2025-10-29 16:36:40.000,128,26533
2025-10-29 16:36:40.000,128,26531
2025-10-29 16:36:41.000,124,27525
2025-10-29 16:36:41.000,124,26488
2025-10-29 16:36:41.000,124,25513
2025-10-29 16:36:41.000,124,25504
2025-10-29 16:36:41.000,124,25488
2025-10-29 16:36:41.000,124,24502
2025-10-29 16:36:41.000,124,24499
2025-10-29 16:36:41.000,124,24496
2025-10-29 16:36:41.000,124,24482
2025-10-29 16:36:41.000,124,23502
2025-10-29 16:36:42.001,118,24498
2025-10-29 16:36:42.001,118,24497
2025-10-29 16:36:42.001,118,23507
2025-10-29 16:36:42.001,118,23505
2025-10-29 16:36:42.001,118,23504
2025-10-29 16:36:42.001,118,23503
2025-10-29 16:36:42.001,118,23499
2025-10-29 16:36:42.001,118,23487
2025-10-29 16:36:42.001,118,23486
2025-10-29 16:36:42.001,118,23484
2025-10-29 16:36:43.000,114,24482
2025-10-29 16:36:43.000,114,23505
2025-10-29 16:36:43.000,114,23485
2025-10-29 16:36:43.000,114,23483
2025-10-29 16:36:43.000,114,22501
2025-10-29 16:36:43.000,114,22500
2025-10-29 16:36:43.000,114,22489
2025-10-29 16:36:43.000,114,21506
2025-10-29 16:36:43.000,114,21505
2025-10-29 16:36:43.000,114,21488
2025-10-29 16:36:44.001,108,22487
2025-10-29 16:36:44.001,108,22484
2025-10-29 16:36:44.001,108,21508
2025-10-29 16:36:44.001,108,21507
2025-10-29 16:36:44.001,108,21506
2025-10-29 16:36:44.001,108,21502
2025-10-29 16:36:44.001,108,21498
2025-10-29 16:36:44.001,108,21495
2025-10-29 16:36:44.001,108,21489
2025-10-29 16:36:44.001,108,20508
2025-10-29 16:36:45.000,99,21505
2025-10-29 16:36:45.002,99,21500
2025-10-29 16:36:45.002,99,21498
2025-10-29 16:36:45.002,99,21495
2025-10-29 16:36:45.002,99,21493
2025-10-29 16:36:45.002,99,20477
2025-10-29 16:36:45.002,99,19482
2025-10-29 16:36:45.002,99,19472
2025-10-29 16:36:45.002,99,19468
2025-10-29 16:36:45.002,99,19462
2025-10-29 16:36:46.001,96,19476
2025-10-29 16:36:46.001,96,19472
2025-10-29 16:36:46.001,96,19466
2025-10-29 16:36:46.001,96,19463
2025-10-29 16:36:46.001,96,19459
2025-10-29 16:36:46.001,96,18464
2025-10-29 16:36:46.001,96,18461
2025-10-29 16:36:46.001,96,18460
2025-10-29 16:36:46.001,96,18458
2025-10-29 16:36:46.001,96,17481
2025-10-29 16:36:47.000,104,18477
2025-10-29 16:36:47.000,104,18467
2025-10-29 16:36:47.000,104,18460
2025-10-29 16:36:47.000,104,18455
2025-10-29 16:36:47.000,104,17462
2025-10-29 16:36:47.000,104,17455
2025-10-29 16:36:47.000,104,17452
2025-10-29 16:36:47.000,104,17450
2025-10-29 16:36:47.000,104,16477
2025-10-29 16:36:47.000,104,16460
2025-10-29 16:36:48.000,103,17459
2025-10-29 16:36:48.000,103,16465
2025-10-29 16:36:48.000,103,16453
2025-10-29 16:36:48.000,103,16448
2025-10-29 16:36:48.000,103,15479
2025-10-29 16:36:48.000,103,15475
2025-10-29 16:36:48.000,103,15474
2025-10-29 16:36:48.000,103,15473
2025-10-29 16:36:48.000,103,15472
2025-10-29 16:36:48.000,103,15467
2025-10-29 16:36:49.001,107,16467
2025-10-29 16:36:49.001,107,16460
2025-10-29 16:36:49.001,107,15466
2025-10-29 16:36:49.001,107,15461
2025-10-29 16:36:49.001,107,15460
2025-10-29 16:36:49.001,107,14450
2025-10-29 16:36:49.001,107,14447
2025-10-29 16:36:49.001,107,14446
2025-10-29 16:36:49.001,107,14445
2025-10-29 16:36:49.001,107,14439
2025-10-29 16:36:50.001,108,15438
2025-10-29 16:36:50.001,108,15434
2025-10-29 16:36:50.001,108,14447
2025-10-29 16:36:50.001,108,14434
2025-10-29 16:36:50.001,108,14434
2025-10-29 16:36:50.001,108,14432
2025-10-29 16:36:50.001,108,13441
2025-10-29 16:36:50.001,108,13433
2025-10-29 16:36:50.001,108,13421
2025-10-29 16:36:50.001,108,12440
2025-10-29 16:36:51.000,108,13426
2025-10-29 16:36:51.000,108,13421
2025-10-29 16:36:51.000,108,13419
2025-10-29 16:36:51.000,108,12450
2025-10-29 16:36:51.000,108,12435
2025-10-29 16:36:51.000,108,12433
2025-10-29 16:36:51.000,108,11450
2025-10-29 16:36:51.000,108,11448
2025-10-29 16:36:51.000,108,11440
2025-10-29 16:36:51.001,108,11434
2025-10-29 16:36:52.000,107,12432
2025-10-29 16:36:52.000,107,12427
2025-10-29 16:36:52.000,107,12423
2025-10-29 16:36:52.000,107,11450
2025-10-29 16:36:52.000,107,11441
2025-10-29 16:36:52.000,107,11440
2025-10-29 16:36:52.000,107,11433
2025-10-29 16:36:52.000,107,10444
2025-10-29 16:36:52.000,107,10440
2025-10-29 16:36:52.000,107,10436
2025-10-29 16:36:53.000,106,11431
2025-10-29 16:36:53.000,106,10448
2025-10-29 16:36:53.000,106,10440
2025-10-29 16:36:53.000,106,10435
2025-10-29 16:36:53.000,106,10425
2025-10-29 16:36:53.001,106,9439
2025-10-29 16:36:53.001,106,9439
2025-10-29 16:36:53.001,106,9434
2025-10-29 16:36:53.001,106,9431
2025-10-29 16:36:53.001,106,8416
2025-10-29 16:36:54.000,104,9393
2025-10-29 16:36:54.000,104,9386
2025-10-29 16:36:54.000,104,9378
2025-10-29 16:36:54.000,104,9377
2025-10-29 16:36:54.000,104,9368
2025-10-29 16:36:54.000,104,8419
2025-10-29 16:36:54.000,104,8415
2025-10-29 16:36:54.000,104,8407
2025-10-29 16:36:54.000,104,8401
2025-10-29 16:36:54.000,104,8399
2025-10-29 16:36:55.001,103,9399
2025-10-29 16:36:55.001,103,9391
2025-10-29 16:36:55.001,103,9386
2025-10-29 16:36:55.001,103,9383
2025-10-29 16:36:55.001,103,9382
2025-10-29 16:36:55.001,103,9368
2025-10-29 16:36:55.001,103,9367
2025-10-29 16:36:55.001,103,9360
2025-10-29 16:36:55.001,103,9356
2025-10-29 16:36:55.001,103,9351
2025-10-29 16:36:56.000,113,10347
2025-10-29 16:36:56.000,113,9410
2025-10-29 16:36:56.000,113,9403
2025-10-29 16:36:56.000,113,9396
2025-10-29 16:36:56.000,113,9389
2025-10-29 16:36:56.000,113,9384
2025-10-29 16:36:56.000,113,9380
2025-10-29 16:36:56.000,113,9370
2025-10-29 16:36:56.000,113,9365
2025-10-29 16:36:56.000,113,9365
2025-10-29 16:36:57.001,122,10350
2025-10-29 16:36:57.001,122,9420
2025-10-29 16:36:57.001,122,9419
2025-10-29 16:36:57.001,122,9404
2025-10-29 16:36:57.001,122,9403
2025-10-29 16:36:57.001,122,9395
2025-10-29 16:36:57.001,122,9390
2025-10-29 16:36:57.001,122,9388
2025-10-29 16:36:57.001,122,9386
2025-10-29 16:36:57.001,122,9372
2025-10-29 16:36:58.000,133,10364
2025-10-29 16:36:58.000,133,10361
2025-10-29 16:36:58.000,133,10356
2025-10-29 16:36:58.000,133,10352
2025-10-29 16:36:58.000,133,9414
2025-10-29 16:36:58.000,133,9408
2025-10-29 16:36:58.000,133,9407
2025-10-29 16:36:58.000,133,9399
2025-10-29 16:36:58.000,133,9398
2025-10-29 16:36:58.000,133,9394
2025-10-29 16:36:59.000,145,10386
2025-10-29 16:36:59.000,145,10378
2025-10-29 16:36:59.000,145,10374
2025-10-29 16:36:59.000,145,10372
2025-10-29 16:36:59.000,145,10368
2025-10-29 16:36:59.000,145,10367
2025-10-29 16:36:59.000,145,10361
2025-10-29 16:36:59.000,145,9420
2025-10-29 16:36:59.000,145,9415
2025-10-29 16:36:59.000,145,9391
2025-10-29 16:37:00.001,158,10387
2025-10-29 16:37:00.001,158,10383
2025-10-29 16:37:00.001,158,10368
2025-10-29 16:37:00.001,158,10367
2025-10-29 16:37:00.001,158,10355
2025-10-29 16:37:00.001,158,10350
2025-10-29 16:37:00.001,158,9421
2025-10-29 16:37:00.001,158,9419
2025-10-29 16:37:00.001,158,9411
2025-10-29 16:37:00.001,158,9406
2025-10-29 16:37:01.000,169,10401
2025-10-29 16:37:01.000,169,10375
2025-10-29 16:37:01.000,169,10369
2025-10-29 16:37:01.000,169,10363
2025-10-29 16:37:01.000,169,10359
2025-10-29 16:37:01.000,169,9417
2025-10-29 16:37:01.000,169,9409
2025-10-29 16:37:01.000,169,9404
2025-10-29 16:37:01.000,169,9402
2025-10-29 16:37:01.000,169,9390
2025-10-29 16:37:02.000,172,10389
2025-10-29 16:37:02.000,172,10387
2025-10-29 16:37:02.000,172,10379
2025-10-29 16:37:02.000,172,10366
2025-10-29 16:37:02.000,172,10357
2025-10-29 16:37:02.000,172,9406
2025-10-29 16:37:02.000,172,9403
2025-10-29 16:37:02.000,172,9399
2025-10-29 16:37:02.000,172,9398
2025-10-29 16:37:02.000,172,9359
2025-10-29 16:37:03.000,182,10354
2025-10-29 16:37:03.000,182,10353
2025-10-29 16:37:03.000,182,10339
2025-10-29 16:37:03.001,182,9413
2025-10-29 16:37:03.001,182,9410
2025-10-29 16:37:03.001,182,9408
2025-10-29 16:37:03.001,182,9392
2025-10-29 16:37:03.001,182,9386
2025-10-29 16:37:03.001,182,9381
2025-10-29 16:37:03.001,182,9376
2025-10-29 16:37:04.001,201,10358
2025-10-29 16:37:04.001,201,9344
2025-10-29 16:37:04.001,201,9340
2025-10-29 16:37:04.001,201,9333
2025-10-29 16:37:04.001,201,9321
2025-10-29 16:37:04.001,201,9318
2025-10-29 16:37:04.001,201,9304
2025-10-29 16:37:04.001,201,9301
2025-10-29 16:37:04.001,201,9295
2025-10-29 16:37:04.001,201,9293
2025-10-29 16:37:05.000,209,10279
2025-10-29 16:37:05.000,209,10277
2025-10-29 16:37:05.000,209,10274
2025-10-29 16:37:05.000,209,10263
2025-10-29 16:37:05.000,209,10236
2025-10-29 16:37:05.000,209,10227
2025-10-29 16:37:05.000,209,10218
2025-10-29 16:37:05.000,209,10216
2025-10-29 16:37:05.000,209,10215
2025-10-29 16:37:05.000,209,10212
2025-10-29 16:37:06.000,210,10344
2025-10-29 16:37:06.000,210,10338
2025-10-29 16:37:06.000,210,10326
2025-10-29 16:37:06.000,210,10316
2025-10-29 16:37:06.000,210,10309
2025-10-29 16:37:06.000,210,10294
2025-10-29 16:37:06.000,210,10292
2025-10-29 16:37:06.000,210,10287
2025-10-29 16:37:06.000,210,10282
2025-10-29 16:37:06.000,210,10277
2025-10-29 16:37:07.000,206,11262
2025-10-29 16:37:07.000,206,11242
2025-10-29 16:37:07.000,206,11239
2025-10-29 16:37:07.000,206,11238
2025-10-29 16:37:07.000,206,11237
2025-10-29 16:37:07.000,206,11234
2025-10-29 16:37:07.000,206,11223
2025-10-29 16:37:07.000,206,11210
2025-10-29 16:37:07.000,206,11200
2025-10-29 16:37:07.000,206,10346
2025-10-29 16:37:08.001,208,11345
2025-10-29 16:37:08.001,208,11343
2025-10-29 16:37:08.001,208,11334
2025-10-29 16:37:08.001,208,11309
2025-10-29 16:37:08.001,208,11296
2025-10-29 16:37:08.001,208,11289
2025-10-29 16:37:08.001,208,11281
2025-10-29 16:37:08.001,208,11270
2025-10-29 16:37:08.001,208,11269
2025-10-29 16:37:08.001,208,11266
2025-10-29 16:37:09.000,212,12264
2025-10-29 16:37:09.000,212,12263
2025-10-29 16:37:09.000,212,12258
2025-10-29 16:37:09.000,212,12256
2025-10-29 16:37:09.000,212,12246
2025-10-29 16:37:09.000,212,12243
2025-10-29 16:37:09.000,212,12238
2025-10-29 16:37:09.000,212,12235
2025-10-29 16:37:09.000,212,12234
2025-10-29 16:37:09.000,212,12232
2025-10-29 16:37:10.001,209,13229
2025-10-29 16:37:10.001,209,13216
2025-10-29 16:37:10.001,209,12339
2025-10-29 16:37:10.001,209,12337
2025-10-29 16:37:10.001,209,12334
2025-10-29 16:37:10.001,209,12333
2025-10-29 16:37:10.001,209,12332
2025-10-29 16:37:10.001,209,12322
2025-10-29 16:37:10.001,209,12310
2025-10-29 16:37:10.001,209,12306
2025-10-29 16:37:11.000,206,13303
2025-10-29 16:37:11.000,206,13301
2025-10-29 16:37:11.000,206,13296
2025-10-29 16:37:11.000,206,13294
2025-10-29 16:37:11.000,206,13292
2025-10-29 16:37:11.000,206,13285
2025-10-29 16:37:11.000,206,13279
2025-10-29 16:37:11.000,206,13277
2025-10-29 16:37:11.000,206,13259
2025-10-29 16:37:11.000,206,13253
2025-10-29 16:37:12.001,206,14250
2025-10-29 16:37:12.001,206,14241
2025-10-29 16:37:12.001,206,14238
2025-10-29 16:37:12.001,206,14220
2025-10-29 16:37:12.001,206,13344
2025-10-29 16:37:12.001,206,13334
2025-10-29 16:37:12.001,206,13332
2025-10-29 16:37:12.001,206,13324
2025-10-29 16:37:12.001,206,13318
2025-10-29 16:37:12.001,206,13314
2025-10-29 16:37:13.001,207,14303
2025-10-29 16:37:13.001,207,14298
2025-10-29 16:37:13.001,207,14296
2025-10-29 16:37:13.001,207,14288
2025-10-29 16:37:13.001,207,14286
2025-10-29 16:37:13.001,207,14285
2025-10-29 16:37:13.001,207,14280
2025-10-29 16:37:13.001,207,14279
2025-10-29 16:37:13.001,207,14270
2025-10-29 16:37:13.001,207,14261
2025-10-29 16:37:14.000,207,15247
2025-10-29 16:37:14.000,207,15239
2025-10-29 16:37:14.000,207,15228
2025-10-29 16:37:14.000,207,15226
2025-10-29 16:37:14.000,207,15226
2025-10-29 16:37:14.000,207,15225
2025-10-29 16:37:14.000,207,15223
2025-10-29 16:37:14.000,207,14349
2025-10-29 16:37:14.000,207,14343
2025-10-29 16:37:14.000,207,14340
2025-10-29 16:37:15.001,211,15335
2025-10-29 16:37:15.001,211,15334
2025-10-29 16:37:15.001,211,15329
2025-10-29 16:37:15.001,211,15313
2025-10-29 16:37:15.001,211,15297
2025-10-29 16:37:15.001,211,15287
2025-10-29 16:37:15.001,211,15284
2025-10-29 16:37:15.001,211,15276
2025-10-29 16:37:15.001,211,15273
2025-10-29 16:37:15.001,211,15258
2025-10-29 16:37:16.001,204,16258
2025-10-29 16:37:16.001,204,16256
2025-10-29 16:37:16.001,204,16255
2025-10-29 16:37:16.001,204,16252
2025-10-29 16:37:16.001,204,16248
2025-10-29 16:37:16.001,204,16227
2025-10-29 16:37:16.001,204,16220
2025-10-29 16:37:16.001,204,16217
2025-10-29 16:37:16.001,204,15349
2025-10-29 16:37:16.001,204,15341
2025-10-29 16:37:17.000,201,16321
2025-10-29 16:37:17.000,201,16319
2025-10-29 16:37:17.000,201,16305
2025-10-29 16:37:17.000,201,16289
2025-10-29 16:37:17.000,201,16282
2025-10-29 16:37:17.000,201,16280
2025-10-29 16:37:17.000,201,16269
2025-10-29 16:37:17.000,201,16253
2025-10-29 16:37:17.000,201,16251
2025-10-29 16:37:17.000,201,16250
2025-10-29 16:37:18.000,193,17232
2025-10-29 16:37:18.000,193,16346
2025-10-29 16:37:18.000,193,16331
2025-10-29 16:37:18.000,193,16328
2025-10-29 16:37:18.000,193,16324
2025-10-29 16:37:18.000,193,16322
2025-10-29 16:37:18.000,193,16312
2025-10-29 16:37:18.000,193,16301
2025-10-29 16:37:18.000,193,16300
2025-10-29 16:37:18.000,193,16289
2025-10-29 16:37:19.001,186,17268
2025-10-29 16:37:19.001,186,17263
2025-10-29 16:37:19.001,186,17258
2025-10-29 16:37:19.001,186,17253
2025-10-29 16:37:19.001,186,17248
2025-10-29 16:37:19.001,186,17244
2025-10-29 16:37:19.001,186,17239
2025-10-29 16:37:19.001,186,17232
2025-10-29 16:37:19.001,186,17228
2025-10-29 16:37:19.001,186,17226
2025-10-29 16:37:20.000,183,17348
2025-10-29 16:37:20.000,183,17346
2025-10-29 16:37:20.000,183,17334
2025-10-29 16:37:20.000,183,17332
2025-10-29 16:37:20.000,183,17330
2025-10-29 16:37:20.000,183,17326
2025-10-29 16:37:20.000,183,17316
2025-10-29 16:37:20.000,183,17314
2025-10-29 16:37:20.000,183,17310
2025-10-29 16:37:20.000,183,17296
2025-10-29 16:37:21.001,177,18283
2025-10-29 16:37:21.001,177,18270
2025-10-29 16:37:21.001,177,18261
2025-10-29 16:37:21.001,177,18256
2025-10-29 16:37:21.001,177,18255
2025-10-29 16:37:21.001,177,18251
2025-10-29 16:37:21.001,177,18238
2025-10-29 16:37:21.001,177,18237
2025-10-29 16:37:21.001,177,18237
2025-10-29 16:37:21.001,177,18232
2025-10-29 16:37:22.000,170,19230
2025-10-29 16:37:22.000,170,19227
2025-10-29 16:37:22.000,170,19224
2025-10-29 16:37:22.000,170,19223
2025-10-29 16:37:22.000,170,19216
2025-10-29 16:37:22.000,170,19212
2025-10-29 16:37:22.000,170,19212
2025-10-29 16:37:22.000,170,19206
2025-10-29 16:37:22.000,170,18332
2025-10-29 16:37:22.000,170,18331
2025-10-29 16:37:23.001,161,19330
2025-10-29 16:37:23.001,161,19329
2025-10-29 16:37:23.001,161,19314
2025-10-29 16:37:23.001,161,19312
2025-10-29 16:37:23.001,161,19303
2025-10-29 16:37:23.001,161,19288
2025-10-29 16:37:23.001,161,19283
2025-10-29 16:37:23.001,161,19281
2025-10-29 16:37:23.001,161,19276
2025-10-29 16:37:23.001,161,19274
2025-10-29 16:37:24.000,159,20265
2025-10-29 16:37:24.001,159,20255
2025-10-29 16:37:24.001,159,20253
2025-10-29 16:37:24.001,159,20245
2025-10-29 16:37:24.001,159,20236
2025-10-29 16:37:24.001,159,20227
2025-10-29 16:37:24.001,159,20214
2025-10-29 16:37:24.001,159,20212
2025-10-29 16:37:24.001,159,20211
2025-10-29 16:37:24.001,159,19177
2025-10-29 16:37:25.000,150,20175
2025-10-29 16:37:25.000,150,20172
2025-10-29 16:37:25.000,150,20168
2025-10-29 16:37:25.000,150,20166
2025-10-29 16:37:25.000,150,20164
2025-10-29 16:37:25.000,150,20156
2025-10-29 16:37:25.000,150,20153
2025-10-29 16:37:25.000,150,20151
2025-10-29 16:37:25.000,150,19195
2025-10-29 16:37:25.000,150,19186
2025-10-29 16:37:26.001,145,20169
2025-10-29 16:37:26.001,145,20156
2025-10-29 16:37:26.001,145,20138
2025-10-29 16:37:26.001,145,20136
2025-10-29 16:37:26.001,145,20135
2025-10-29 16:37:26.001,145,20128
2025-10-29 16:37:26.001,145,19187
2025-10-29 16:37:26.001,145,19184
2025-10-29 16:37:26.001,145,19182
2025-10-29 16:37:26.001,145,19179
2025-10-29 16:37:27.000,140,20175
2025-10-29 16:37:27.000,140,20172
2025-10-29 16:37:27.000,140,20169
2025-10-29 16:37:27.000,140,20164
2025-10-29 16:37:27.000,140,20150
2025-10-29 16:37:27.000,140,20145
2025-10-29 16:37:27.000,140,20136
2025-10-29 16:37:27.000,140,20129
2025-10-29 16:37:27.000,140,19194
2025-10-29 16:37:27.000,140,19188
2025-10-29 16:37:28.001,138,20187
2025-10-29 16:37:28.001,138,20186
2025-10-29 16:37:28.001,138,20178
2025-10-29 16:37:28.001,138,20165
2025-10-29 16:37:28.001,138,20162
2025-10-29 16:37:28.001,138,20156
2025-10-29 16:37:28.001,138,20149
2025-10-29 16:37:28.001,138,20147
2025-10-29 16:37:28.001,138,20139
2025-10-29 16:37:28.001,138,20136
2025-10-29 16:37:29.000,131,20192
2025-10-29 16:37:29.000,131,20179
2025-10-29 16:37:29.000,131,20173
2025-10-29 16:37:29.000,131,20168
2025-10-29 16:37:29.000,131,20160
2025-10-29 16:37:29.000,131,20149
2025-10-29 16:37:29.000,131,20142
2025-10-29 16:37:29.000,131,20133
2025-10-29 16:37:29.000,131,20125
2025-10-29 16:37:29.000,131,19194
2025-10-29 16:37:30.000,126,20184
2025-10-29 16:37:30.000,126,20179
2025-10-29 16:37:30.000,126,20176
2025-10-29 16:37:30.000,126,20169
2025-10-29 16:37:30.000,126,20162
2025-10-29 16:37:30.000,126,20151
2025-10-29 16:37:30.000,126,19190
2025-10-29 16:37:30.000,126,19164
2025-10-29 16:37:30.000,126,19157
2025-10-29 16:37:30.000,126,19141
2025-10-29 16:37:31.001,121,20140
2025-10-29 16:37:31.001,121,20139
2025-10-29 16:37:31.001,121,20125
2025-10-29 16:37:31.001,121,20123
2025-10-29 16:37:31.001,121,19197
2025-10-29 16:37:31.001,121,19194
2025-10-29 16:37:31.001,121,19192
2025-10-29 16:37:31.001,121,19190
2025-10-29 16:37:31.001,121,19187
2025-10-29 16:37:31.001,121,19180
2025-10-29 16:37:32.000,117,20174
2025-10-29 16:37:32.000,117,20166
2025-10-29 16:37:32.000,117,20160
2025-10-29 16:37:32.000,117,20149
2025-10-29 16:37:32.000,117,20147
2025-10-29 16:37:32.000,117,19189
2025-10-29 16:37:32.000,117,19186
2025-10-29 16:37:32.000,117,19183
2025-10-29 16:37:32.000,117,19177
2025-10-29 16:37:32.000,117,19172
2025-10-29 16:37:33.001,113,20167
2025-10-29 16:37:33.001,113,20159
2025-10-29 16:37:33.001,113,20148
2025-10-29 16:37:33.001,113,20135
2025-10-29 16:37:33.001,113,20134
2025-10-29 16:37:33.001,113,20131
2025-10-29 16:37:33.001,113,20127
2025-10-29 16:37:33.001,113,19188
2025-10-29 16:37:33.001,113,19184
2025-10-29 16:37:33.001,113,19181
2025-10-29 16:37:34.000,103,20173
2025-10-29 16:37:34.000,103,20171
2025-10-29 16:37:34.000,103,20168
2025-10-29 16:37:34.000,103,20154
2025-10-29 16:37:34.000,103,20152
2025-10-29 16:37:34.000,103,20149
2025-10-29 16:37:34.000,103,20148
2025-10-29 16:37:34.000,103,20144
2025-10-29 16:37:34.000,103,20133
2025-10-29 16:37:34.000,103,20132
2025-10-29 16:37:35.001,97,20121
2025-10-29 16:37:35.001,97,20104
2025-10-29 16:37:35.001,97,19120
2025-10-29 16:37:35.001,97,19096
2025-10-29 16:37:35.001,97,19088
2025-10-29 16:37:35.001,97,19086
2025-10-29 16:37:35.001,97,19083
2025-10-29 16:37:35.001,97,19081
2025-10-29 16:37:35.001,97,19079
2025-10-29 16:37:35.001,97,18111
2025-10-29 16:37:36.001,92,19103
2025-10-29 16:37:36.001,92,18107
2025-10-29 16:37:36.001,92,18100
2025-10-29 16:37:36.001,92,18098
2025-10-29 16:37:36.001,92,17121
2025-10-29 16:37:36.001,92,17119
2025-10-29 16:37:36.001,92,17112
2025-10-29 16:37:36.001,92,17109
2025-10-29 16:37:36.001,92,17107
2025-10-29 16:37:36.001,92,17104
2025-10-29 16:37:37.000,86,18091
2025-10-29 16:37:37.000,86,17118
2025-10-29 16:37:37.000,86,17108
2025-10-29 16:37:37.000,86,17101
2025-10-29 16:37:37.000,86,17094
2025-10-29 16:37:37.000,86,16115
2025-10-29 16:37:37.000,86,16106
2025-10-29 16:37:37.000,86,16104
2025-10-29 16:37:37.000,86,15116
2025-10-29 16:37:37.000,86,15112
2025-10-29 16:37:38.001,81,16095
2025-10-29 16:37:38.001,81,15108
2025-10-29 16:37:38.001,81,15099
2025-10-29 16:37:38.001,81,15099
2025-10-29 16:37:38.001,81,15097
2025-10-29 16:37:38.001,81,15096
2025-10-29 16:37:38.001,81,14114
2025-10-29 16:37:38.001,81,14113
2025-10-29 16:37:38.001,81,14111
2025-10-29 16:37:38.001,81,14100
2025-10-29 16:37:39.000,72,14087
2025-10-29 16:37:39.000,72,14084
2025-10-29 16:37:39.000,72,14081
2025-10-29 16:37:39.000,72,14078
2025-10-29 16:37:39.000,72,14070
2025-10-29 16:37:39.000,72,13074
2025-10-29 16:37:39.000,72,13074
2025-10-29 16:37:39.000,72,13070
2025-10-29 16:37:39.000,72,12088
2025-10-29 16:37:39.000,72,12084
2025-10-29 16:37:40.000,72,13079
2025-10-29 16:37:40.000,72,13078
2025-10-29 16:37:40.000,72,13073
2025-10-29 16:37:40.000,72,13069
2025-10-29 16:37:40.000,72,13065
2025-10-29 16:37:40.000,72,12090
2025-10-29 16:37:40.000,72,12077
2025-10-29 16:37:40.000,72,12077
2025-10-29 16:37:40.000,72,12072
2025-10-29 16:37:40.000,72,11083
2025-10-29 16:37:41.001,72,12078
2025-10-29 16:37:41.001,72,12071
2025-10-29 16:37:41.001,72,12069
2025-10-29 16:37:41.001,72,12068
2025-10-29 16:37:41.001,72,12067
2025-10-29 16:37:41.001,72,12063
2025-10-29 16:37:41.001,72,11088
2025-10-29 16:37:41.001,72,11073
2025-10-29 16:37:41.001,72,11070
2025-10-29 16:37:41.001,72,10080
2025-10-29 16:37:42.000,45,11075
2025-10-29 16:37:42.000,45,11065
2025-10-29 16:37:42.000,45,11063
2025-10-29 16:37:42.000,45,11061
2025-10-29 16:37:42.000,45,11057
2025-10-29 16:37:42.000,45,10087
2025-10-29 16:37:42.000,45,10080
2025-10-29 16:37:42.000,45,10076
2025-10-29 16:37:42.000,45,10065
2025-10-29 16:37:42.000,45,10065
2025-10-29 16:37:43.000,53,10076
2025-10-29 16:37:43.000,53,10067
2025-10-29 16:37:43.000,53,10066
2025-10-29 16:37:43.000,53,9081
2025-10-29 16:37:43.000,53,9080
2025-10-29 16:37:43.000,53,9064
2025-10-29 16:37:43.000,53,8050
2025-10-29 16:37:43.000,53,8048
2025-10-29 16:37:43.000,53,8040
2025-10-29 16:37:43.000,53,8037
2025-10-29 16:37:44.001,48,8061
2025-10-29 16:37:44.001,48,8038
2025-10-29 16:37:44.001,48,8034
2025-10-29 16:37:44.001,48,8033
2025-10-29 16:37:44.001,48,7059
2025-10-29 16:37:44.001,48,7052
2025-10-29 16:37:44.001,48,7050
2025-10-29 16:37:44.001,48,7037
2025-10-29 16:37:44.001,48,7036
2025-10-29 16:37:44.001,48,6053
2025-10-29 16:37:45.000,39,7049
2025-10-29 16:37:45.000,39,7036
2025-10-29 16:37:45.000,39,6053
2025-10-29 16:37:45.000,39,6052
2025-10-29 16:37:45.000,39,6050
2025-10-29 16:37:45.000,39,6044
2025-10-29 16:37:45.000,39,6042
2025-10-29 16:37:45.000,39,6038
2025-10-29 16:37:45.000,39,6033
2025-10-29 16:37:45.000,39,6030
2025-10-29 16:37:46.000,31,6060
2025-10-29 16:37:46.000,31,6047
2025-10-29 16:37:46.000,31,6037
2025-10-29 16:37:46.000,31,6032
2025-10-29 16:37:46.000,31,5060
2025-10-29 16:37:46.000,31,4048
2025-10-29 16:37:46.000,31,4047
2025-10-29 16:37:46.000,31,4046
2025-10-29 16:37:46.000,31,4030
2025-10-29 16:37:46.000,31,4028
2025-10-29 16:37:47.000,26,4054
2025-10-29 16:37:47.000,26,4050
2025-10-29 16:37:47.000,26,4049
2025-10-29 16:37:47.000,26,4048
2025-10-29 16:37:47.000,26,4041
2025-10-29 16:37:47.000,26,4032
2025-10-29 16:37:47.000,26,3054
2025-10-29 16:37:47.000,26,3044
2025-10-29 16:37:47.000,26,2020
2025-10-29 16:37:47.000,26,1019
2025-10-29 16:37:48.000,20,2016
2025-10-29 16:37:48.000,20,2011
2025-10-29 16:37:48.000,20,2008
2025-10-29 16:37:48.000,20,1997
2025-10-29 16:37:48.000,20,1020
2025-10-29 16:37:48.000,20,1014
2025-10-29 16:37:48.000,20,1000
2025-10-29 16:37:48.000,20,27
2025-10-29 16:37:48.000,20,25
2025-10-29 16:37:48.000,20,24
2025-10-29 16:37:49.001,14,1023
2025-10-29 16:37:49.001,14,1003
2025-10-29 16:37:49.001,14,16
2025-10-29 16:37:49.001,14,5
2025-10-29 16:37:49.979,14,1
2025-10-29 16:37:49.982,14,2
2025-10-29 16:37:49.988,6,1
2025-10-29 16:37:49.994,6,1
2025-10-29 16:37:49.997,6,1
2025-10-29 16:37:50.985,6,1
2025-10-29 16:37:51.975,5,1
2025-10-29 16:37:51.978,1,1
2025-10-29 16:37:51.981,1,1
2025-10-29 16:37:51.983,1,1
2025-10-29 16:37:51.986,1,2
2025-10-29 16:37:51.988,1,0
2025-10-29 16:37:51.993,1,1
2025-10-29 16:37:51.997,1,0
2025-10-29 16:37:52.975,1,2
2025-10-29 16:37:52.991,1,1
2025-10-29 16:37:53.002,10,0
2025-10-29 16:37:54.000,10,2
2025-10-29 16:37:55.007,3,1
2025-10-29 16:37:55.019,1,1
2025-10-29 16:37:55.022,1,1
2025-10-29 16:37:55.023,1,0
2025-10-29 16:37:55.024,1,0
2025-10-29 16:37:55.028,1,1
2025-10-29 16:37:55.032,1,0
2025-10-29 16:37:56.023,1,1
2025-10-29 16:37:56.032,1,1
2025-10-29 16:37:56.035,9,1
2025-10-29 16:37:57.010,9,1
2025-10-29 16:37:57.014,9,3
2025-10-29 16:37:57.022,4,0
2025-10-29 16:37:58.008,4,1
2025-10-29 16:37:58.013,4,0
2025-10-29 16:37:58.020,4,1
2025-10-29 16:37:59.023,2,1
2025-10-29 16:37:59.030,2,1
2025-10-29 16:38:00.014,2,1
2025-10-29 16:38:00.023,2,2
2025-10-29 16:38:00.025,2,1
2025-10-29 16:38:00.037,2,1
2025-10-29 16:38:01.012,2,1
2025-10-29 16:38:01.020,2,1
2025-10-29 16:38:01.029,6,0
2025-10-29 16:38:01.031,6,0
2025-10-29 16:38:01.034,6,0
2025-10-29 16:38:02.013,6,1
2025-10-29 16:38:02.027,6,1
2025-10-29 16:38:02.031,6,0
2025-10-29 16:38:03.025,2,1
2025-10-29 16:38:04.025,2,1
2025-10-29 16:38:04.028,2,0
2025-10-29 16:38:04.033,3,1
2025-10-29 16:38:05.050,3,1
2025-10-29 16:38:05.051,3,0
2025-10-29 16:38:05.064,3,0
2025-10-29 16:38:06.039,3,1
2025-10-29 16:38:06.042,3,0
2025-10-29 16:38:06.050,5,0
2025-10-29 16:38:06.052,5,0
2025-10-29 16:38:06.056,5,0
2025-10-29 16:38:06.061,5,0
2025-10-29 16:38:06.066,5,0
2025-10-29 16:38:07.046,5,1
2025-10-29 16:38:07.057,5,0
2025-10-29 16:38:07.058,5,1
2025-10-29 16:38:07.065,9,0
2025-10-29 16:38:08.049,9,1
2025-10-29 16:38:08.058,9,0
2025-10-29 16:38:08.064,5,0
2025-10-29 16:38:09.047,5,1
2025-10-29 16:38:09.065,5,1
2025-10-29 16:38:09.067,4,1
2025-10-29 16:38:09.072,4,0
2025-10-29 16:38:10.041,3,0
2025-10-29 16:38:10.043,3,0
2025-10-29 16:38:10.044,3,0
2025-10-29 16:38:10.047,3,0
2025-10-29 16:38:10.052,3,0
2025-10-29 16:38:10.052,3,0
2025-10-29 16:38:10.053,3,0
2025-10-29 16:38:10.063,3,0
2025-10-29 16:38:10.066,3,0
2025-10-29 16:38:11.059,3,0
2025-10-29 16:38:12.038,10,2
2025-10-29 16:38:12.041,10,2
2025-10-29 16:38:12.054,10,2
2025-10-29 16:38:13.041,3,1
2025-10-29 16:38:13.045,3,2
2025-10-29 16:38:13.057,5,1
2025-10-29 16:38:14.039,5,2
2025-10-29 16:38:14.044,5,1
2025-10-29 16:38:14.049,4,2
2025-10-29 16:38:14.050,4,2
2025-10-29 16:38:14.055,4,1
2025-10-29 16:38:14.065,4,2
2025-10-29 16:38:14.066,4,1
2025-10-29 16:38:15.071,6,2
2025-10-29 16:38:15.077,6,2
2025-10-29 16:38:15.081,6,2
2025-10-29 16:38:15.083,6,2
2025-10-29 16:38:15.086,6,1
2025-10-29 16:38:16.068,6,1
2025-10-29 16:38:16.094,6,2
2025-10-29 16:38:16.095,6,2
2025-10-29 16:38:16.103,6,1
2025-10-29 16:38:17.076,6,2
2025-10-29 16:38:17.090,6,2
2025-10-29 16:38:18.076,6,2
2025-10-29 16:38:18.078,6,1
2025-10-29 16:38:18.082,3,1
2025-10-29 16:38:19.076,3,1
2025-10-29 16:38:19.088,3,1
2025-10-29 16:38:19.093,4,2
2025-10-29 16:38:19.100,4,1
2025-10-29 16:38:20.072,3,2
2025-10-29 16:38:20.073,3,2
2025-10-29 16:38:20.078,3,1
2025-10-29 16:38:20.088,3,1
2025-10-29 16:38:20.090,3,1
2025-10-29 16:38:20.094,3,2
2025-10-29 16:38:21.071,3,1
2025-10-29 16:38:21.074,3,3
2025-10-29 16:38:21.074,3,2
2025-10-29 16:38:21.089,9,1
2025-10-29 16:38:21.095,9,1
2025-10-29 16:38:22.072,9,1
2025-10-29 16:38:22.086,9,2
2025-10-29 16:38:22.090,6,2
2025-10-29 16:38:22.093,6,1
2025-10-29 16:38:23.069,6,2
2025-10-29 16:38:23.073,6,1
2025-10-29 16:38:23.074,6,2
2025-10-29 16:38:23.083,6,1
2025-10-29 16:38:23.085,6,1
2025-10-29 16:38:23.086,6,0
2025-10-29 16:38:24.075,5,2
2025-10-29 16:38:24.075,5,1
2025-10-29 16:38:24.083,5,2
2025-10-29 16:38:25.105,5,2
2025-10-29 16:38:25.113,4,1
2025-10-29 16:38:25.123,4,2
2025-10-29 16:38:26.108,3,2
2025-10-29 16:38:26.112,3,1
2025-10-29 16:38:26.117,3,1
2025-10-29 16:38:27.102,3,2
2025-10-29 16:38:27.102,3,1
2025-10-29 16:38:27.105,3,1
2025-10-29 16:38:27.118,3,1
2025-10-29 16:38:27.121,3,1
2025-10-29 16:38:27.122,3,1
2025-10-29 16:38:27.123,3,1
2025-10-29 16:38:28.107,3,1
2025-10-29 16:38:28.110,3,1
2025-10-29 16:38:28.111,9,1
2025-10-29 16:38:28.112,9,0
2025-10-29 16:38:28.115,9,1
2025-10-29 16:38:29.105,9,1
2025-10-29 16:38:29.122,9,1
2025-10-29 16:38:29.125,6,1
2025-10-29 16:38:30.102,2,1
2025-10-29 16:38:30.107,2,0
2025-10-29 16:38:30.117,2,2
2025-10-29 16:38:31.108,2,2
2025-10-29 16:38:32.123,4,1
2025-10-29 16:38:33.100,1,2
2025-10-29 16:38:33.112,1,2
2025-10-29 16:38:33.119,1,1
2025-10-29 16:38:33.126,1,1
2025-10-29 16:38:33.128,1,1
2025-10-29 16:38:34.101,5,1
2025-10-29 16:38:34.103,5,1
2025-10-29 16:38:34.107,5,1
2025-10-29 16:38:34.120,5,1
2025-10-29 16:38:34.124,5,4
2025-10-29 16:38:34.126,5,1
2025-10-29 16:38:35.148,5,1
2025-10-29 16:38:35.154,7,1
2025-10-29 16:38:35.157,7,1
2025-10-29 16:38:36.135,7,1
2025-10-29 16:38:36.139,7,1
2025-10-29 16:38:36.141,5,1
2025-10-29 16:38:36.146,5,1
2025-10-29 16:38:37.131,5,1
2025-10-29 16:38:37.134,5,3
2025-10-29 16:38:37.144,5,2
2025-10-29 16:38:37.150,5,1
2025-10-29 16:38:37.151,5,1
2025-10-29 16:38:38.135,4,1
2025-10-29 16:38:38.147,4,1
2025-10-29 16:38:38.154,4,1
2025-10-29 16:38:38.161,4,1
2025-10-29 16:38:39.137,4,1
2025-10-29 16:38:39.141,4,1
2025-10-29 16:38:39.145,6,1
2025-10-29 16:38:39.148,6,1
2025-10-29 16:38:39.158,6,1
2025-10-29 16:38:40.131,4,2
2025-10-29 16:38:40.133,4,1
2025-10-29 16:38:40.142,4,1
2025-10-29 16:38:40.145,4,0
2025-10-29 16:38:41.136,4,1
2025-10-29 16:38:41.143,4,0
2025-10-29 16:38:41.156,6,1
2025-10-29 16:38:42.136,2,0
2025-10-29 16:38:42.150,2,1
2025-10-29 16:38:42.151,2,0
2025-10-29 16:38:42.158,2,1
2025-10-29 16:38:43.136,2,1
2025-10-29 16:38:43.142,2,1
2025-10-29 16:38:43.150,6,1
2025-10-29 16:38:44.139,6,1
2025-10-29 16:38:44.142,6,2
2025-10-29 16:38:44.149,4,1
2025-10-29 16:38:44.150,4,2
2025-10-29 16:38:44.159,4,1
2025-10-29 16:38:44.160,4,1
2025-10-29 16:38:45.178,4,2
2025-10-29 16:38:45.183,6,2
2025-10-29 16:38:46.170,6,1
2025-10-29 16:38:46.176,6,1
2025-10-29 16:38:47.165,4,1
2025-10-29 16:38:47.175,4,1
2025-10-29 16:38:47.184,3,2
2025-10-29 16:38:47.185,3,1
2025-10-29 16:38:48.163,3,1
2025-10-29 16:38:48.181,3,1
2025-10-29 16:38:49.168,1,1
2025-10-29 16:38:49.173,1,1
2025-10-29 16:38:50.180,2,1
2025-10-29 16:38:50.182,2,1
2025-10-29 16:38:50.188,2,1
2025-10-29 16:38:51.170,3,1
2025-10-29 16:38:51.176,3,1
2025-10-29 16:38:51.178,3,1
2025-10-29 16:38:52.167,3,2
2025-10-29 16:38:52.181,3,1
2025-10-29 16:38:52.185,3,0
2025-10-29 16:38:53.167,3,1
2025-10-29 16:38:53.171,3,4
2025-10-29 16:38:53.172,5,1
2025-10-29 16:38:53.177,5,1
2025-10-29 16:38:53.185,5,1
2025-10-29 16:38:53.187,5,1
2025-10-29 16:38:54.170,5,0
2025-10-29 16:38:54.177,5,1
2025-10-29 16:38:54.181,5,0
2025-10-29 16:38:54.183,5,1
2025-10-29 16:38:54.185,5,0
2025-10-29 16:38:54.190,5,0
2025-10-29 16:38:55.196,5,2
2025-10-29 16:38:55.201,7,1
2025-10-29 16:38:55.204,7,1
2025-10-29 16:38:55.212,7,1
2025-10-29 16:38:55.218,7,1
2025-10-29 16:38:55.219,7,1
2025-10-29 16:38:56.197,6,1
2025-10-29 16:38:56.211,6,1
2025-10-29 16:38:56.212,6,1
2025-10-29 16:38:56.213,6,1
2025-10-29 16:38:56.218,6,0
2025-10-29 16:38:56.220,6,1
2025-10-29 16:38:56.221,6,1
2025-10-29 16:38:56.223,6,1
2025-10-29 16:38:57.193,6,1
2025-10-29 16:38:57.218,6,1
2025-10-29 16:38:57.220,11,2
2025-10-29 16:38:58.198,11,0
2025-10-29 16:38:58.206,11,1
2025-10-29 16:38:58.209,4,0
2025-10-29 16:38:58.218,4,3
2025-10-29 16:38:58.221,4,1
2025-10-29 16:38:58.226,4,1
2025-10-29 16:38:59.198,4,1
2025-10-29 16:38:59.216,4,1
2025-10-29 16:38:59.218,7,1
2025-10-29 16:39:00.195,2,1
2025-10-29 16:39:00.212,2,0
2025-10-29 16:39:00.219,2,0
2025-10-29 16:39:01.194,2,2
2025-10-29 16:39:01.197,2,1
2025-10-29 16:39:01.203,5,0
2025-10-29 16:39:01.213,5,1
2025-10-29 16:39:02.203,3,0
2025-10-29 16:39:02.205,3,1
2025-10-29 16:39:02.211,3,1
2025-10-29 16:39:02.218,3,0
2025-10-29 16:39:03.207,3,0
2025-10-29 16:39:03.211,3,2
2025-10-29 16:39:03.213,6,0
2025-10-29 16:39:03.214,6,0
2025-10-29 16:39:03.216,6,1
2025-10-29 16:39:04.195,6,1
2025-10-29 16:39:04.203,6,0
2025-10-29 16:39:04.208,6,0
2025-10-29 16:39:04.221,6,1
