timestamp,lag,wait_ms
2025-10-30 23:52:18.853,24,7
2025-10-30 23:52:18.865,25,2
2025-10-30 23:52:18.869,25,3
2025-10-30 23:52:18.884,25,4
2025-10-30 23:52:18.900,25,3
2025-10-30 23:52:19.844,25,3
2025-10-30 23:52:19.848,25,3
2025-10-30 23:52:19.857,2,3
2025-10-30 23:52:19.861,2,2
2025-10-30 23:52:19.869,2,3
2025-10-30 23:52:19.877,2,5
2025-10-30 23:52:20.845,2,3
2025-10-30 23:52:20.850,2,4
2025-10-30 23:52:20.855,2,4
2025-10-30 23:52:20.859,2,2
2025-10-30 23:52:20.866,2,3
2025-10-30 23:52:20.874,2,2
2025-10-30 23:52:21.865,2,4
2025-10-30 23:52:22.848,1,3
2025-10-30 23:52:22.865,1,3
2025-10-30 23:52:22.867,1,3
2025-10-30 23:52:23.851,1,3
2025-10-30 23:52:23.863,1,2
2025-10-30 23:52:24.858,1,2
2025-10-30 23:52:24.864,1,2
2025-10-30 23:52:25.857,2,3
2025-10-30 23:52:25.867,2,3
2025-10-30 23:52:25.876,2,2
2025-10-30 23:52:26.852,2,2
2025-10-30 23:52:26.874,1,4
2025-10-30 23:52:26.875,1,3
2025-10-30 23:52:27.847,1,2
2025-10-30 23:52:27.854,1,3
2025-10-30 23:52:27.859,3,7
2025-10-30 23:52:27.864,3,3
2025-10-30 23:52:27.868,3,4
2025-10-30 23:52:28.850,3,2
2025-10-30 23:52:28.856,3,8
2025-10-30 23:52:28.875,2,3
2025-10-30 23:52:29.844,2,3
2025-10-30 23:52:29.848,1,2
2025-10-30 23:52:29.850,1,1
2025-10-30 23:52:29.851,1,1
2025-10-30 23:52:29.855,1,2
2025-10-30 23:52:29.861,1,3
2025-10-30 23:52:29.863,1,2
2025-10-30 23:52:29.873,1,4
2025-10-30 23:52:29.879,1,2
2025-10-30 23:52:30.846,1,2
2025-10-30 23:52:30.851,1,1
2025-10-30 23:52:30.877,1,2
2025-10-30 23:52:30.878,1,1
2025-10-30 23:52:31.867,1,4
2025-10-30 23:52:31.878,1,9
2025-10-30 23:52:31.887,1,4
2025-10-30 23:52:32.846,3,2
2025-10-30 23:52:32.886,1,2
2025-10-30 23:52:33.845,1,3
2025-10-30 23:52:33.859,1,2
2025-10-30 23:52:33.871,2,4
2025-10-30 23:52:33.874,2,5
2025-10-30 23:52:33.881,2,2
2025-10-30 23:52:34.886,2,2
2025-10-30 23:52:34.894,2,1
2025-10-30 23:52:34.897,2,1
2025-10-30 23:52:34.901,2,2
2025-10-30 23:52:34.917,2,3
2025-10-30 23:52:34.924,2,2
2025-10-30 23:52:34.932,2,3
2025-10-30 23:52:34.934,2,1
2025-10-30 23:52:34.936,2,2
2025-10-30 23:52:34.948,2,2
2025-10-30 23:52:36.001,1,116
2025-10-30 23:52:36.001,1,99
2025-10-30 23:52:36.001,1,86
2025-10-30 23:52:36.001,1,81
2025-10-30 23:52:36.001,1,57
2025-10-30 23:52:36.896,1,1
2025-10-30 23:52:36.912,1,2
2025-10-30 23:52:36.916,1,2
2025-10-30 23:52:36.925,1,2
2025-10-30 23:52:36.931,1,2
2025-10-30 23:52:37.890,1,3
2025-10-30 23:52:37.904,1,2
2025-10-30 23:52:37.916,1,1
2025-10-30 23:52:37.920,1,1
2025-10-30 23:52:37.937,1,2
2025-10-30 23:52:37.941,1,2
2025-10-30 23:52:37.950,1,2
2025-10-30 23:52:37.952,1,2
2025-10-30 23:52:37.960,1,4
2025-10-30 23:52:37.962,1,1
2025-10-30 23:52:39.000,1,101
2025-10-30 23:52:39.000,1,84
2025-10-30 23:52:39.000,1,83
2025-10-30 23:52:39.000,1,79
2025-10-30 23:52:39.000,1,70
2025-10-30 23:52:39.000,1,57
2025-10-30 23:52:39.000,1,17
2025-10-30 23:52:39.000,1,14
2025-10-30 23:52:39.892,1,3
2025-10-30 23:52:39.895,2,5
2025-10-30 23:52:39.915,2,2
2025-10-30 23:52:39.917,2,2
2025-10-30 23:52:39.921,2,3
2025-10-30 23:52:39.926,2,3
2025-10-30 23:52:39.929,2,2
2025-10-30 23:52:39.936,2,3
2025-10-30 23:52:39.937,2,2
2025-10-30 23:52:39.942,2,3
2025-10-30 23:52:41.001,3,1053
2025-10-30 23:52:41.001,3,1052
2025-10-30 23:52:41.001,3,118
2025-10-30 23:52:41.001,3,92
2025-10-30 23:52:41.001,3,79
2025-10-30 23:52:41.001,3,78
2025-10-30 23:52:41.001,3,68
2025-10-30 23:52:41.001,3,67
2025-10-30 23:52:41.001,3,60
2025-10-30 23:52:41.001,3,56
2025-10-30 23:52:42.000,2,107
2025-10-30 23:52:42.000,2,100
2025-10-30 23:52:42.000,2,83
2025-10-30 23:52:42.000,2,65
2025-10-30 23:52:42.000,2,34
2025-10-30 23:52:42.000,2,19
2025-10-30 23:52:42.015,2,3
2025-10-30 23:52:42.896,2,3
2025-10-30 23:52:42.951,1,4
2025-10-30 23:52:42.990,1,31
2025-10-30 23:52:43.016,1,3
2025-10-30 23:52:43.024,1,3
2025-10-30 23:52:43.032,1,4
2025-10-30 23:52:43.899,1,2
2025-10-30 23:52:43.931,1,2
2025-10-30 23:52:43.933,1,2
2025-10-30 23:52:43.951,1,3
2025-10-30 23:52:44.888,1,3
2025-10-30 23:52:44.894,1,4
2025-10-30 23:52:44.896,1,4
2025-10-30 23:52:44.935,1,2
2025-10-30 23:52:44.937,1,3
2025-10-30 23:52:44.943,1,1
2025-10-30 23:52:45.893,1,2
2025-10-30 23:52:45.910,1,2
2025-10-30 23:52:45.919,1,2
2025-10-30 23:52:45.934,1,2
2025-10-30 23:52:45.949,1,2
2025-10-30 23:52:45.953,1,2
2025-10-30 23:52:46.894,1,4
2025-10-30 23:52:46.897,1,3
2025-10-30 23:52:46.910,2,6
2025-10-30 23:52:46.925,2,3
2025-10-30 23:52:46.940,2,4
2025-10-30 23:52:46.961,2,1
2025-10-30 23:52:46.979,2,3
2025-10-30 23:52:47.893,2,3
2025-10-30 23:52:47.911,1,3
2025-10-30 23:52:47.918,1,2
2025-10-30 23:52:47.936,1,2
2025-10-30 23:52:47.944,1,3
2025-10-30 23:52:47.948,1,2
2025-10-30 23:52:47.952,1,2
2025-10-30 23:52:48.896,1,3
2025-10-30 23:52:48.902,1,2
2025-10-30 23:52:48.911,1,2
2025-10-30 23:52:48.918,1,2
2025-10-30 23:52:48.931,1,2
2025-10-30 23:52:48.935,1,2
2025-10-30 23:52:48.936,1,1
2025-10-30 23:52:48.948,1,2
2025-10-30 23:52:48.949,1,1
2025-10-30 23:52:49.889,1,3
2025-10-30 23:52:49.898,1,3
2025-10-30 23:52:49.901,1,1
2025-10-30 23:52:49.907,1,3
2025-10-30 23:52:49.910,1,2
2025-10-30 23:52:49.914,1,2
2025-10-30 23:52:49.941,1,3
2025-10-30 23:52:49.943,1,3
2025-10-30 23:52:49.948,1,2
2025-10-30 23:52:49.963,1,3
2025-10-30 23:52:51.000,5,1032
2025-10-30 23:52:51.000,5,1029
2025-10-30 23:52:51.000,5,1018
2025-10-30 23:52:51.000,5,118
2025-10-30 23:52:51.000,5,116
2025-10-30 23:52:51.000,5,107
2025-10-30 23:52:51.000,5,101
2025-10-30 23:52:51.000,5,86
2025-10-30 23:52:51.000,5,70
2025-10-30 23:52:51.000,5,65
2025-10-30 23:52:52.001,4,1057
2025-10-30 23:52:52.001,4,1050
2025-10-30 23:52:52.001,4,115
2025-10-30 23:52:52.001,4,92
2025-10-30 23:52:52.001,4,68
2025-10-30 23:52:52.001,4,59
2025-10-30 23:52:52.001,4,47
2025-10-30 23:52:52.885,4,2
2025-10-30 23:52:52.909,1,3
2025-10-30 23:52:52.924,1,4
2025-10-30 23:52:52.934,1,3
2025-10-30 23:52:52.951,1,3
2025-10-30 23:52:52.965,1,2
2025-10-30 23:52:52.966,1,2
2025-10-30 23:52:52.977,1,2
2025-10-30 23:52:52.981,1,2
2025-10-30 23:52:53.895,1,2
2025-10-30 23:52:53.905,1,5
2025-10-30 23:52:53.907,1,5
2025-10-30 23:52:53.910,1,1
2025-10-30 23:52:53.931,1,3
2025-10-30 23:52:53.951,1,1
2025-10-30 23:52:54.968,0,1
2025-10-30 23:52:54.981,0,2
2025-10-30 23:52:54.984,0,1
2025-10-30 23:52:54.993,0,1
2025-10-30 23:52:54.997,0,2
2025-10-30 23:52:55.002,0,1
2025-10-30 23:52:55.018,0,2
2025-10-30 23:52:55.025,0,2
2025-10-30 23:52:55.029,0,2
2025-10-30 23:52:55.037,0,1
2025-10-30 23:52:56.001,10,913
2025-10-30 23:52:56.001,10,901
2025-10-30 23:52:56.001,10,899
2025-10-30 23:52:56.001,10,896
2025-10-30 23:52:56.001,10,895
2025-10-30 23:52:56.001,10,884
2025-10-30 23:52:56.001,10,881
2025-10-30 23:52:56.001,10,879
2025-10-30 23:52:56.001,10,874
2025-10-30 23:52:56.001,10,41
2025-10-30 23:52:57.000,14,1032
2025-10-30 23:52:57.000,14,1023
2025-10-30 23:52:57.000,14,1005
2025-10-30 23:52:57.000,14,1001
2025-10-30 23:52:57.000,14,994
2025-10-30 23:52:57.000,14,968
2025-10-30 23:52:57.000,14,967
2025-10-30 23:52:57.000,14,948
2025-10-30 23:52:57.000,14,927
2025-10-30 23:52:57.000,14,918
2025-10-30 23:52:58.001,13,1910
2025-10-30 23:52:58.001,13,1908
2025-10-30 23:52:58.001,13,1905
2025-10-30 23:52:58.001,13,1044
2025-10-30 23:52:58.001,13,1026
2025-10-30 23:52:58.001,13,1006
2025-10-30 23:52:58.001,13,1005
2025-10-30 23:52:58.001,13,1003
2025-10-30 23:52:58.001,13,965
2025-10-30 23:52:58.001,13,953
2025-10-30 23:52:59.000,13,1928
2025-10-30 23:52:59.000,13,1026
2025-10-30 23:52:59.000,13,1025
2025-10-30 23:52:59.000,13,1023
2025-10-30 23:52:59.000,13,1019
2025-10-30 23:52:59.000,13,1015
2025-10-30 23:52:59.000,13,1014
2025-10-30 23:52:59.000,13,1004
2025-10-30 23:52:59.000,13,997
2025-10-30 23:52:59.000,13,989
2025-10-30 23:53:00.001,32,1989
2025-10-30 23:53:00.001,32,1985
2025-10-30 23:53:00.001,32,1980
2025-10-30 23:53:00.001,32,1974
2025-10-30 23:53:00.001,32,1968
2025-10-30 23:53:00.001,32,1954
2025-10-30 23:53:00.001,32,1949
2025-10-30 23:53:00.001,32,1939
2025-10-30 23:53:00.001,32,1938
2025-10-30 23:53:00.001,32,1933
2025-10-30 23:53:01.001,36,2914
2025-10-30 23:53:01.001,36,2909
2025-10-30 23:53:01.001,36,2896
2025-10-30 23:53:01.001,36,2886
2025-10-30 23:53:01.001,36,2884
2025-10-30 23:53:01.001,36,2023
2025-10-30 23:53:01.001,36,2002
2025-10-30 23:53:01.001,36,1988
2025-10-30 23:53:01.001,36,1982
2025-10-30 23:53:01.001,36,1977
2025-10-30 23:53:02.000,46,2968
2025-10-30 23:53:02.000,46,2961
2025-10-30 23:53:02.000,46,2937
2025-10-30 23:53:02.000,46,2931
2025-10-30 23:53:02.000,46,2918
2025-10-30 23:53:02.000,46,2902
2025-10-30 23:53:02.000,46,2890
2025-10-30 23:53:02.000,46,2872
2025-10-30 23:53:02.000,46,2863
2025-10-30 23:53:02.000,46,2860
2025-10-30 23:53:03.000,55,3849
2025-10-30 23:53:03.000,55,3848
2025-10-30 23:53:03.000,55,3034
2025-10-30 23:53:03.000,55,3030
2025-10-30 23:53:03.000,55,3000
2025-10-30 23:53:03.000,55,2998
2025-10-30 23:53:03.000,55,2993
2025-10-30 23:53:03.000,55,2983
2025-10-30 23:53:03.000,55,2967
2025-10-30 23:53:03.000,55,2963
2025-10-30 23:53:04.001,61,3961
2025-10-30 23:53:04.001,61,3935
2025-10-30 23:53:04.001,61,3928
2025-10-30 23:53:04.001,61,3922
2025-10-30 23:53:04.001,61,3909
2025-10-30 23:53:04.001,61,3025
2025-10-30 23:53:04.001,61,3010
2025-10-30 23:53:04.001,61,3006
2025-10-30 23:53:04.001,61,3002
2025-10-30 23:53:04.001,61,2995
2025-10-30 23:53:05.000,70,3987
2025-10-30 23:53:05.000,70,3972
2025-10-30 23:53:05.000,70,3953
2025-10-30 23:53:05.000,70,3939
2025-10-30 23:53:05.000,70,3935
2025-10-30 23:53:05.000,70,3933
2025-10-30 23:53:05.000,70,3924
2025-10-30 23:53:05.000,70,3912
2025-10-30 23:53:05.000,70,3910
2025-10-30 23:53:05.000,70,3908
2025-10-30 23:53:06.001,70,4904
2025-10-30 23:53:06.001,70,4901
2025-10-30 23:53:06.001,70,4888
2025-10-30 23:53:06.001,70,4878
2025-10-30 23:53:06.001,70,4866
2025-10-30 23:53:06.001,70,4860
2025-10-30 23:53:06.001,70,4001
2025-10-30 23:53:06.001,70,3987
2025-10-30 23:53:06.001,70,3975
2025-10-30 23:53:06.001,70,3961
2025-10-30 23:53:07.000,80,4958
2025-10-30 23:53:07.000,80,4956
2025-10-30 23:53:07.000,80,4954
2025-10-30 23:53:07.000,80,4951
2025-10-30 23:53:07.000,80,4949
2025-10-30 23:53:07.000,80,4947
2025-10-30 23:53:07.000,80,4942
2025-10-30 23:53:07.000,80,4940
2025-10-30 23:53:07.000,80,4906
2025-10-30 23:53:07.000,80,4902
2025-10-30 23:53:08.000,94,5900
2025-10-30 23:53:08.000,94,5895
2025-10-30 23:53:08.000,94,5891
2025-10-30 23:53:08.000,94,5871
2025-10-30 23:53:08.000,94,5867
2025-10-30 23:53:08.000,94,5028
2025-10-30 23:53:08.000,94,5006
2025-10-30 23:53:08.000,94,5000
2025-10-30 23:53:08.000,94,5000
2025-10-30 23:53:08.000,94,4989
2025-10-30 23:53:09.001,106,5988
2025-10-30 23:53:09.001,106,5986
2025-10-30 23:53:09.001,106,5981
2025-10-30 23:53:09.001,106,5971
2025-10-30 23:53:09.001,106,5960
2025-10-30 23:53:09.001,106,5956
2025-10-30 23:53:09.001,106,5951
2025-10-30 23:53:09.001,106,5949
2025-10-30 23:53:09.001,106,5942
2025-10-30 23:53:09.001,106,5940
2025-10-30 23:53:10.000,110,6046
2025-10-30 23:53:10.000,110,6039
2025-10-30 23:53:10.000,110,6037
2025-10-30 23:53:10.000,110,6028
2025-10-30 23:53:10.000,110,6023
2025-10-30 23:53:10.000,110,6014
2025-10-30 23:53:10.000,110,6012
2025-10-30 23:53:10.000,110,6005
2025-10-30 23:53:10.000,110,5999
2025-10-30 23:53:10.000,110,5980
2025-10-30 23:53:11.001,118,6966
2025-10-30 23:53:11.001,118,6958
2025-10-30 23:53:11.001,118,6951
2025-10-30 23:53:11.001,118,6949
2025-10-30 23:53:11.001,118,6947
2025-10-30 23:53:11.001,118,6941
2025-10-30 23:53:11.001,118,6933
2025-10-30 23:53:11.001,118,6918
2025-10-30 23:53:11.001,118,6039
2025-10-30 23:53:11.001,118,6036
2025-10-30 23:53:12.000,124,7019
2025-10-30 23:53:12.000,124,7007
2025-10-30 23:53:12.000,124,6996
2025-10-30 23:53:12.000,124,6987
2025-10-30 23:53:12.000,124,6978
2025-10-30 23:53:12.000,124,6956
2025-10-30 23:53:12.000,124,6953
2025-10-30 23:53:12.000,124,6951
2025-10-30 23:53:12.000,124,6931
2025-10-30 23:53:12.000,124,6922
2025-10-30 23:53:13.001,132,7916
2025-10-30 23:53:13.001,132,7909
2025-10-30 23:53:13.001,132,7906
2025-10-30 23:53:13.001,132,7904
2025-10-30 23:53:13.001,132,7902
2025-10-30 23:53:13.001,132,7002
2025-10-30 23:53:13.001,132,6989
2025-10-30 23:53:13.001,132,6987
2025-10-30 23:53:13.001,132,6982
2025-10-30 23:53:13.001,132,6979
2025-10-30 23:53:14.000,132,7966
2025-10-30 23:53:14.000,132,7957
2025-10-30 23:53:14.000,132,7946
2025-10-30 23:53:14.000,132,7933
2025-10-30 23:53:14.001,132,7925
2025-10-30 23:53:14.001,132,7909
2025-10-30 23:53:14.001,132,7905
2025-10-30 23:53:14.001,132,7903
2025-10-30 23:53:14.001,132,7900
2025-10-30 23:53:14.001,132,7042
2025-10-30 23:53:15.000,127,8037
2025-10-30 23:53:15.000,127,8033
2025-10-30 23:53:15.000,127,8031
2025-10-30 23:53:15.000,127,8008
2025-10-30 23:53:15.000,127,8006
2025-10-30 23:53:15.000,127,8003
2025-10-30 23:53:15.000,127,8000
2025-10-30 23:53:15.000,127,7992
2025-10-30 23:53:15.000,127,7987
2025-10-30 23:53:15.000,127,7980
2025-10-30 23:53:16.000,142,8976
2025-10-30 23:53:16.000,142,8971
2025-10-30 23:53:16.000,142,8969
2025-10-30 23:53:16.000,142,8965
2025-10-30 23:53:16.000,142,8963
2025-10-30 23:53:16.000,142,8956
2025-10-30 23:53:16.000,142,8951
2025-10-30 23:53:16.000,142,8919
2025-10-30 23:53:16.000,142,8915
2025-10-30 23:53:16.000,142,8909
2025-10-30 23:53:17.001,169,9907
2025-10-30 23:53:17.001,169,9042
2025-10-30 23:53:17.001,169,9036
2025-10-30 23:53:17.001,169,9036
2025-10-30 23:53:17.001,169,9034
2025-10-30 23:53:17.001,169,9029
2025-10-30 23:53:17.001,169,9027
2025-10-30 23:53:17.001,169,9020
2025-10-30 23:53:17.001,169,9019
2025-10-30 23:53:17.001,169,9013
2025-10-30 23:53:18.000,192,10003
2025-10-30 23:53:18.000,192,9998
2025-10-30 23:53:18.000,192,9994
2025-10-30 23:53:18.000,192,9990
2025-10-30 23:53:18.000,192,9981
2025-10-30 23:53:18.000,192,9967
2025-10-30 23:53:18.000,192,9950
2025-10-30 23:53:18.000,192,9948
2025-10-30 23:53:18.000,192,9943
2025-10-30 23:53:18.000,192,9941
2025-10-30 23:53:19.001,211,10937
2025-10-30 23:53:19.001,211,10920
2025-10-30 23:53:19.001,211,10917
2025-10-30 23:53:19.001,211,10910
2025-10-30 23:53:19.001,211,10889
2025-10-30 23:53:19.001,211,10044
2025-10-30 23:53:19.001,211,10023
2025-10-30 23:53:19.001,211,10019
2025-10-30 23:53:19.001,211,9985
2025-10-30 23:53:19.001,211,9978
2025-10-30 23:53:20.001,232,10977
2025-10-30 23:53:20.001,232,10969
2025-10-30 23:53:20.001,232,10963
2025-10-30 23:53:20.001,232,10959
2025-10-30 23:53:20.001,232,10942
2025-10-30 23:53:20.001,232,10937
2025-10-30 23:53:20.001,232,10935
2025-10-30 23:53:20.001,232,10906
2025-10-30 23:53:20.001,232,10895
2025-10-30 23:53:20.001,232,10884
2025-10-30 23:53:21.000,241,11048
2025-10-30 23:53:21.000,241,11043
2025-10-30 23:53:21.000,241,11001
2025-10-30 23:53:21.000,241,10983
2025-10-30 23:53:21.000,241,10964
2025-10-30 23:53:21.000,241,10945
2025-10-30 23:53:21.000,241,10925
2025-10-30 23:53:21.000,241,10907
2025-10-30 23:53:21.000,241,10887
2025-10-30 23:53:21.000,241,10878
2025-10-30 23:53:22.000,275,11870
2025-10-30 23:53:22.000,275,11850
2025-10-30 23:53:22.000,275,11846
2025-10-30 23:53:22.000,275,11837
2025-10-30 23:53:22.000,275,11820
2025-10-30 23:53:22.000,275,11815
2025-10-30 23:53:22.000,275,11805
2025-10-30 23:53:22.000,275,11802
2025-10-30 23:53:22.000,275,11029
2025-10-30 23:53:22.000,275,11011
2025-10-30 23:53:23.001,307,11999
2025-10-30 23:53:23.001,307,11997
2025-10-30 23:53:23.001,307,11990
2025-10-30 23:53:23.001,307,11985
2025-10-30 23:53:23.001,307,11983
2025-10-30 23:53:23.001,307,11966
2025-10-30 23:53:23.001,307,11959
2025-10-30 23:53:23.001,307,11954
2025-10-30 23:53:23.001,307,11931
2025-10-30 23:53:23.001,307,11927
2025-10-30 23:53:24.000,328,12924
2025-10-30 23:53:24.000,328,12920
2025-10-30 23:53:24.000,328,12892
2025-10-30 23:53:24.000,328,12047
2025-10-30 23:53:24.000,328,12040
2025-10-30 23:53:24.000,328,12022
2025-10-30 23:53:24.000,328,12005
2025-10-30 23:53:24.000,328,11996
2025-10-30 23:53:24.001,328,11988
2025-10-30 23:53:24.001,328,11985
2025-10-30 23:53:25.000,337,12974
2025-10-30 23:53:25.000,337,12969
2025-10-30 23:53:25.000,337,12965
2025-10-30 23:53:25.000,337,12959
2025-10-30 23:53:25.000,337,12952
2025-10-30 23:53:25.000,337,12942
2025-10-30 23:53:25.000,337,12938
2025-10-30 23:53:25.000,337,12937
2025-10-30 23:53:25.000,337,12934
2025-10-30 23:53:25.000,337,12915
2025-10-30 23:53:26.000,374,13888
2025-10-30 23:53:26.000,374,13869
2025-10-30 23:53:26.000,374,13040
2025-10-30 23:53:26.000,374,13024
2025-10-30 23:53:26.000,374,13020
2025-10-30 23:53:26.000,374,13016
2025-10-30 23:53:26.000,374,13013
2025-10-30 23:53:26.000,374,13001
2025-10-30 23:53:26.001,374,12999
2025-10-30 23:53:26.001,374,12967
2025-10-30 23:53:27.000,403,13951
2025-10-30 23:53:27.000,403,13943
2025-10-30 23:53:27.000,403,13934
2025-10-30 23:53:27.000,403,13920
2025-10-30 23:53:27.000,403,13917
2025-10-30 23:53:27.000,403,12994
2025-10-30 23:53:27.000,403,12991
2025-10-30 23:53:27.000,403,12975
2025-10-30 23:53:27.000,403,12961
2025-10-30 23:53:27.000,403,12952
2025-10-30 23:53:28.000,421,13943
2025-10-30 23:53:28.000,421,13903
2025-10-30 23:53:28.000,421,13891
2025-10-30 23:53:28.000,421,13884
2025-10-30 23:53:28.000,421,13858
2025-10-30 23:53:28.000,421,13856
2025-10-30 23:53:28.000,421,13837
2025-10-30 23:53:28.000,421,13834
2025-10-30 23:53:28.000,421,13832
2025-10-30 23:53:28.000,421,13774
2025-10-30 23:53:29.001,443,14757
2025-10-30 23:53:29.001,443,13722
2025-10-30 23:53:29.001,443,13719
2025-10-30 23:53:29.001,443,13715
2025-10-30 23:53:29.001,443,13708
2025-10-30 23:53:29.001,443,13696
2025-10-30 23:53:29.001,443,13694
2025-10-30 23:53:29.001,443,13690
2025-10-30 23:53:29.001,443,13685
2025-10-30 23:53:29.001,443,13681
2025-10-30 23:53:30.000,462,14665
2025-10-30 23:53:30.000,462,14660
2025-10-30 23:53:30.000,462,14649
2025-10-30 23:53:30.000,462,14647
2025-10-30 23:53:30.000,462,14645
2025-10-30 23:53:30.000,462,14635
2025-10-30 23:53:30.000,462,14633
2025-10-30 23:53:30.000,462,14629
2025-10-30 23:53:30.000,462,14627
2025-10-30 23:53:30.000,462,14624
2025-10-30 23:53:31.000,482,15607
2025-10-30 23:53:31.000,482,15567
2025-10-30 23:53:31.000,482,15563
2025-10-30 23:53:31.000,482,15555
2025-10-30 23:53:31.000,482,15538
2025-10-30 23:53:31.000,482,15526
2025-10-30 23:53:31.000,482,15525
2025-10-30 23:53:31.000,482,15507
2025-10-30 23:53:31.000,482,15496
2025-10-30 23:53:31.000,482,15491
2025-10-30 23:53:32.001,500,16488
2025-10-30 23:53:32.001,500,16484
2025-10-30 23:53:32.001,500,16476
2025-10-30 23:53:32.001,500,16472
2025-10-30 23:53:32.001,500,16468
2025-10-30 23:53:32.001,500,16462
2025-10-30 23:53:32.001,500,15721
2025-10-30 23:53:32.001,500,15720
2025-10-30 23:53:32.001,500,15719
2025-10-30 23:53:32.001,500,15713
2025-10-30 23:53:33.000,526,16710
2025-10-30 23:53:33.000,526,16674
2025-10-30 23:53:33.000,526,16673
2025-10-30 23:53:33.000,526,16668
2025-10-30 23:53:33.000,526,16665
2025-10-30 23:53:33.000,526,16662
2025-10-30 23:53:33.000,526,16653
2025-10-30 23:53:33.000,526,16651
2025-10-30 23:53:33.000,526,16648
2025-10-30 23:53:33.000,526,16646
2025-10-30 23:53:34.000,536,17631
2025-10-30 23:53:34.000,536,17611
2025-10-30 23:53:34.000,536,17602
2025-10-30 23:53:34.000,536,17593
2025-10-30 23:53:34.000,536,17571
2025-10-30 23:53:34.000,536,17559
2025-10-30 23:53:34.000,536,17558
2025-10-30 23:53:34.000,536,17550
2025-10-30 23:53:34.000,536,17550
2025-10-30 23:53:34.000,536,17544
2025-10-30 23:53:35.001,555,18542
2025-10-30 23:53:35.001,555,18530
2025-10-30 23:53:35.001,555,18511
2025-10-30 23:53:35.001,555,18501
2025-10-30 23:53:35.001,555,18491
2025-10-30 23:53:35.001,555,18489
2025-10-30 23:53:35.001,555,18463
2025-10-30 23:53:35.001,555,18453
2025-10-30 23:53:35.001,555,18447
2025-10-30 23:53:35.001,555,18446
2025-10-30 23:53:36.000,555,19440
2025-10-30 23:53:36.000,555,19428
2025-10-30 23:53:36.000,555,18720
2025-10-30 23:53:36.000,555,18713
2025-10-30 23:53:36.000,555,18697
2025-10-30 23:53:36.000,555,18690
2025-10-30 23:53:36.000,555,18670
2025-10-30 23:53:36.000,555,18662
2025-10-30 23:53:36.000,555,18660
2025-10-30 23:53:36.000,555,18649
2025-10-30 23:53:37.001,575,19637
2025-10-30 23:53:37.001,575,19626
2025-10-30 23:53:37.001,575,19607
2025-10-30 23:53:37.001,575,19605
2025-10-30 23:53:37.001,575,19593
2025-10-30 23:53:37.001,575,19590
2025-10-30 23:53:37.001,575,19586
2025-10-30 23:53:37.001,575,19569
2025-10-30 23:53:37.001,575,19540
2025-10-30 23:53:37.001,575,19533
2025-10-30 23:53:38.000,603,20522
2025-10-30 23:53:38.000,603,20519
2025-10-30 23:53:38.000,603,20514
2025-10-30 23:53:38.000,603,20501
2025-10-30 23:53:38.000,603,20474
2025-10-30 23:53:38.000,603,20471
2025-10-30 23:53:38.000,603,20468
2025-10-30 23:53:38.000,603,20458
2025-10-30 23:53:38.000,603,20452
2025-10-30 23:53:38.000,603,19708
2025-10-30 23:53:39.001,620,20705
2025-10-30 23:53:39.001,620,20675
2025-10-30 23:53:39.001,620,20672
2025-10-30 23:53:39.001,620,20650
2025-10-30 23:53:39.001,620,20643
2025-10-30 23:53:39.001,620,20641
2025-10-30 23:53:39.001,620,20627
2025-10-30 23:53:39.001,620,20615
2025-10-30 23:53:39.001,620,20605
2025-10-30 23:53:39.001,620,20592
2025-10-30 23:53:40.000,647,21590
2025-10-30 23:53:40.000,647,21588
2025-10-30 23:53:40.000,647,21583
2025-10-30 23:53:40.000,647,21576
2025-10-30 23:53:40.000,647,21568
2025-10-30 23:53:40.000,647,21566
2025-10-30 23:53:40.000,647,21562
2025-10-30 23:53:40.000,647,21555
2025-10-30 23:53:40.000,647,21548
2025-10-30 23:53:40.000,647,21542
2025-10-30 23:53:41.000,671,22540
2025-10-30 23:53:41.000,671,22531
2025-10-30 23:53:41.000,671,22522
2025-10-30 23:53:41.000,671,22521
2025-10-30 23:53:41.000,671,22518
2025-10-30 23:53:41.000,671,22504
2025-10-30 23:53:41.000,671,22487
2025-10-30 23:53:41.000,671,22476
2025-10-30 23:53:41.000,671,22466
2025-10-30 23:53:41.000,671,22458
2025-10-30 23:53:42.001,679,22715
2025-10-30 23:53:42.001,679,22703
2025-10-30 23:53:42.001,679,22696
2025-10-30 23:53:42.001,679,22687
2025-10-30 23:53:42.001,679,22668
2025-10-30 23:53:42.001,679,22662
2025-10-30 23:53:42.001,679,22636
2025-10-30 23:53:42.001,679,22601
2025-10-30 23:53:42.001,679,22596
2025-10-30 23:53:42.001,679,22585
2025-10-30 23:53:43.000,713,23577
2025-10-30 23:53:43.000,713,23561
2025-10-30 23:53:43.000,713,23555
2025-10-30 23:53:43.000,713,23540
2025-10-30 23:53:43.000,713,23535
2025-10-30 23:53:43.000,713,23493
2025-10-30 23:53:43.000,713,23456
2025-10-30 23:53:43.000,713,23422
2025-10-30 23:53:43.000,713,23417
2025-10-30 23:53:43.000,713,23414
2025-10-30 23:53:44.001,734,24410
2025-10-30 23:53:44.001,734,23696
2025-10-30 23:53:44.001,734,23689
2025-10-30 23:53:44.001,734,23687
2025-10-30 23:53:44.001,734,23682
2025-10-30 23:53:44.001,734,23671
2025-10-30 23:53:44.001,734,23654
2025-10-30 23:53:44.001,734,23646
2025-10-30 23:53:44.001,734,23615
2025-10-30 23:53:44.001,734,23611
2025-10-30 23:53:45.000,750,24596
2025-10-30 23:53:45.000,750,24590
2025-10-30 23:53:45.000,750,24575
2025-10-30 23:53:45.000,750,24570
2025-10-30 23:53:45.000,750,24567
2025-10-30 23:53:45.000,750,24562
2025-10-30 23:53:45.000,750,24556
2025-10-30 23:53:45.000,750,24553
2025-10-30 23:53:45.000,750,24549
2025-10-30 23:53:45.000,750,24532
2025-10-30 23:53:46.001,771,25525
2025-10-30 23:53:46.001,771,25520
2025-10-30 23:53:46.001,771,25515
2025-10-30 23:53:46.001,771,25510
2025-10-30 23:53:46.001,771,25500
2025-10-30 23:53:46.001,771,25480
2025-10-30 23:53:46.001,771,24706
2025-10-30 23:53:46.001,771,24695
2025-10-30 23:53:46.001,771,24692
2025-10-30 23:53:46.001,771,24690
2025-10-30 23:53:47.001,797,25680
2025-10-30 23:53:47.001,797,25672
2025-10-30 23:53:47.001,797,25642
2025-10-30 23:53:47.001,797,25637
2025-10-30 23:53:47.001,797,25633
2025-10-30 23:53:47.001,797,25618
2025-10-30 23:53:47.001,797,25607
2025-10-30 23:53:47.001,797,25599
2025-10-30 23:53:47.001,797,25593
2025-10-30 23:53:47.001,797,25580
2025-10-30 23:53:48.000,816,26574
2025-10-30 23:53:48.000,816,26573
2025-10-30 23:53:48.000,816,26571
2025-10-30 23:53:48.000,816,26558
2025-10-30 23:53:48.000,816,26553
2025-10-30 23:53:48.000,816,26550
2025-10-30 23:53:48.000,816,26534
2025-10-30 23:53:48.000,816,26520
2025-10-30 23:53:48.000,816,26515
2025-10-30 23:53:48.000,816,26510
2025-10-30 23:53:49.000,833,27501
2025-10-30 23:53:49.000,833,27486
2025-10-30 23:53:49.000,833,27479
2025-10-30 23:53:49.000,833,27451
2025-10-30 23:53:49.000,833,27447
2025-10-30 23:53:49.000,833,26720
2025-10-30 23:53:49.000,833,26714
2025-10-30 23:53:49.000,833,26710
2025-10-30 23:53:49.000,833,26706
2025-10-30 23:53:49.000,833,26698
2025-10-30 23:53:50.001,855,27678
2025-10-30 23:53:50.001,855,27673
2025-10-30 23:53:50.001,855,27667
2025-10-30 23:53:50.001,855,27665
2025-10-30 23:53:50.001,855,27659
2025-10-30 23:53:50.001,855,27651
2025-10-30 23:53:50.001,855,27644
2025-10-30 23:53:50.001,855,27638
2025-10-30 23:53:50.001,855,27632
2025-10-30 23:53:50.001,855,27624
2025-10-30 23:53:51.000,871,28620
2025-10-30 23:53:51.000,871,28619
2025-10-30 23:53:51.000,871,28617
2025-10-30 23:53:51.000,871,28602
2025-10-30 23:53:51.000,871,28590
2025-10-30 23:53:51.000,871,28589
2025-10-30 23:53:51.000,871,28571
2025-10-30 23:53:51.000,871,28564
2025-10-30 23:53:51.000,871,28556
2025-10-30 23:53:51.000,871,28555
2025-10-30 23:53:52.001,893,29555
2025-10-30 23:53:52.001,893,29553
2025-10-30 23:53:52.001,893,29548
2025-10-30 23:53:52.001,893,29532
2025-10-30 23:53:52.001,893,29526
2025-10-30 23:53:52.001,893,29519
2025-10-30 23:53:52.001,893,29513
2025-10-30 23:53:52.001,893,29504
2025-10-30 23:53:52.001,893,29501
2025-10-30 23:53:52.001,893,29490
2025-10-30 23:53:53.000,916,30481
2025-10-30 23:53:53.000,916,30478
2025-10-30 23:53:53.000,916,30475
2025-10-30 23:53:53.000,916,30472
2025-10-30 23:53:53.000,916,30464
2025-10-30 23:53:53.000,916,30457
2025-10-30 23:53:53.000,916,30453
2025-10-30 23:53:53.000,916,29711
2025-10-30 23:53:53.000,916,29705
2025-10-30 23:53:53.000,916,29703
2025-10-30 23:53:54.000,932,30694
2025-10-30 23:53:54.001,932,30690
2025-10-30 23:53:54.001,932,30685
2025-10-30 23:53:54.001,932,30683
2025-10-30 23:53:54.001,932,30655
2025-10-30 23:53:54.001,932,30631
2025-10-30 23:53:54.001,932,30624
2025-10-30 23:53:54.001,932,30589
2025-10-30 23:53:54.001,932,30587
2025-10-30 23:53:54.001,932,30565
2025-10-30 23:53:55.001,940,31558
2025-10-30 23:53:55.001,940,31558
2025-10-30 23:53:55.001,940,31555
2025-10-30 23:53:55.001,940,31549
2025-10-30 23:53:55.001,940,31537
2025-10-30 23:53:55.001,940,31535
2025-10-30 23:53:55.001,940,31529
2025-10-30 23:53:55.001,940,31525
2025-10-30 23:53:55.001,940,31518
2025-10-30 23:53:55.001,940,31516
2025-10-30 23:53:56.000,956,32512
2025-10-30 23:53:56.000,956,32508
2025-10-30 23:53:56.000,956,32488
2025-10-30 23:53:56.000,956,32478
2025-10-30 23:53:56.000,956,32477
2025-10-30 23:53:56.000,956,32469
2025-10-30 23:53:56.000,956,32460
2025-10-30 23:53:56.000,956,32458
2025-10-30 23:53:56.000,956,31720
2025-10-30 23:53:56.000,956,31711
2025-10-30 23:53:57.000,980,32709
2025-10-30 23:53:57.000,980,32703
2025-10-30 23:53:57.000,980,32689
2025-10-30 23:53:57.000,980,32650
2025-10-30 23:53:57.000,980,32640
2025-10-30 23:53:57.000,980,32631
2025-10-30 23:53:57.000,980,32627
2025-10-30 23:53:57.000,980,32620
2025-10-30 23:53:57.000,980,32610
2025-10-30 23:53:57.000,980,32534
2025-10-30 23:53:58.000,1000,33504
2025-10-30 23:53:58.000,1000,33472
2025-10-30 23:53:58.000,1000,33458
2025-10-30 23:53:58.000,1000,33409
2025-10-30 23:53:58.000,1000,33404
2025-10-30 23:53:58.000,1000,33400
2025-10-30 23:53:58.000,1000,33386
2025-10-30 23:53:58.000,1000,33377
2025-10-30 23:53:58.000,1000,33370
2025-10-30 23:53:58.000,1000,33360
2025-10-30 23:53:59.001,1019,34357
2025-10-30 23:53:59.001,1019,34350
2025-10-30 23:53:59.001,1019,34341
2025-10-30 23:53:59.001,1019,34326
2025-10-30 23:53:59.001,1019,34324
2025-10-30 23:53:59.001,1019,34318
2025-10-30 23:53:59.001,1019,34311
2025-10-30 23:53:59.001,1019,34307
2025-10-30 23:53:59.001,1019,34290
2025-10-30 23:53:59.001,1019,34286
2025-10-30 23:54:00.000,1038,35282
2025-10-30 23:54:00.000,1038,35269
2025-10-30 23:54:00.000,1038,34718
2025-10-30 23:54:00.000,1038,34716
2025-10-30 23:54:00.000,1038,34699
2025-10-30 23:54:00.000,1038,34694
2025-10-30 23:54:00.000,1038,34687
2025-10-30 23:54:00.000,1038,34684
2025-10-30 23:54:00.000,1038,34665
2025-10-30 23:54:00.000,1038,34662
2025-10-30 23:54:01.001,1056,35657
2025-10-30 23:54:01.001,1056,35651
2025-10-30 23:54:01.001,1056,35650
2025-10-30 23:54:01.001,1056,35648
2025-10-30 23:54:01.001,1056,35640
2025-10-30 23:54:01.001,1056,35625
2025-10-30 23:54:01.001,1056,35623
2025-10-30 23:54:01.001,1056,35618
2025-10-30 23:54:01.001,1056,35614
2025-10-30 23:54:01.001,1056,35600
2025-10-30 23:54:02.000,1078,36593
2025-10-30 23:54:02.000,1078,36591
2025-10-30 23:54:02.000,1078,36585
2025-10-30 23:54:02.000,1078,36564
2025-10-30 23:54:02.000,1078,36562
2025-10-30 23:54:02.000,1078,36547
2025-10-30 23:54:02.000,1078,36540
2025-10-30 23:54:02.000,1078,36493
2025-10-30 23:54:02.000,1078,36477
2025-10-30 23:54:02.000,1078,36466
2025-10-30 23:54:03.000,1099,37451
2025-10-30 23:54:03.000,1099,37446
2025-10-30 23:54:03.000,1099,37418
2025-10-30 23:54:03.000,1099,37416
2025-10-30 23:54:03.000,1099,36719
2025-10-30 23:54:03.000,1099,36714
2025-10-30 23:54:03.000,1099,36707
2025-10-30 23:54:03.000,1099,36703
2025-10-30 23:54:03.000,1099,36702
2025-10-30 23:54:03.000,1099,36699
2025-10-30 23:54:04.000,1114,37697
2025-10-30 23:54:04.000,1114,37696
2025-10-30 23:54:04.000,1114,37692
2025-10-30 23:54:04.000,1114,37690
2025-10-30 23:54:04.000,1114,37687
2025-10-30 23:54:04.000,1114,37678
2025-10-30 23:54:04.000,1114,37677
2025-10-30 23:54:04.000,1114,37661
2025-10-30 23:54:04.000,1114,37654
2025-10-30 23:54:04.000,1114,37637
2025-10-30 23:54:05.000,1136,38634
2025-10-30 23:54:05.000,1136,38628
2025-10-30 23:54:05.000,1136,38626
2025-10-30 23:54:05.000,1136,38597
2025-10-30 23:54:05.000,1136,38585
2025-10-30 23:54:05.000,1136,38584
2025-10-30 23:54:05.000,1136,38583
2025-10-30 23:54:05.000,1136,38574
2025-10-30 23:54:05.000,1136,38565
2025-10-30 23:54:05.000,1136,38564
2025-10-30 23:54:06.001,1157,39563
2025-10-30 23:54:06.001,1157,39547
2025-10-30 23:54:06.001,1157,39546
2025-10-30 23:54:06.001,1157,39538
2025-10-30 23:54:06.001,1157,39531
2025-10-30 23:54:06.001,1157,39524
2025-10-30 23:54:06.001,1157,39518
2025-10-30 23:54:06.001,1157,39507
2025-10-30 23:54:06.001,1157,39503
2025-10-30 23:54:06.001,1157,39497
2025-10-30 23:54:07.000,1170,40489
2025-10-30 23:54:07.000,1170,40467
2025-10-30 23:54:07.000,1170,40445
2025-10-30 23:54:07.000,1170,39715
2025-10-30 23:54:07.000,1170,39698
2025-10-30 23:54:07.000,1170,39691
2025-10-30 23:54:07.000,1170,39664
2025-10-30 23:54:07.000,1170,39650
2025-10-30 23:54:07.000,1170,39648
2025-10-30 23:54:07.000,1170,39639
2025-10-30 23:54:08.001,1191,40635
2025-10-30 23:54:08.001,1191,40626
2025-10-30 23:54:08.001,1191,40618
2025-10-30 23:54:08.001,1191,40602
2025-10-30 23:54:08.001,1191,40599
2025-10-30 23:54:08.001,1191,40590
2025-10-30 23:54:08.001,1191,40577
2025-10-30 23:54:08.001,1191,40565
2025-10-30 23:54:08.001,1191,40562
2025-10-30 23:54:08.001,1191,40559
2025-10-30 23:54:09.000,1207,41551
2025-10-30 23:54:09.000,1207,41548
2025-10-30 23:54:09.000,1207,41545
2025-10-30 23:54:09.000,1207,41537
2025-10-30 23:54:09.000,1207,41525
2025-10-30 23:54:09.000,1207,41523
2025-10-30 23:54:09.000,1207,41512
2025-10-30 23:54:09.000,1207,41499
2025-10-30 23:54:09.000,1207,41495
2025-10-30 23:54:09.000,1207,41488
2025-10-30 23:54:10.000,1222,42473
2025-10-30 23:54:10.000,1222,41711
2025-10-30 23:54:10.000,1222,41708
2025-10-30 23:54:10.000,1222,41697
2025-10-30 23:54:10.000,1222,41694
2025-10-30 23:54:10.000,1222,41692
2025-10-30 23:54:10.000,1222,41691
2025-10-30 23:54:10.000,1222,41677
2025-10-30 23:54:10.000,1222,41669
2025-10-30 23:54:10.000,1222,41668
2025-10-30 23:54:11.000,1245,42654
2025-10-30 23:54:11.000,1245,42647
2025-10-30 23:54:11.000,1245,42639
2025-10-30 23:54:11.000,1245,42633
2025-10-30 23:54:11.000,1245,42629
2025-10-30 23:54:11.000,1245,42620
2025-10-30 23:54:11.000,1245,42620
2025-10-30 23:54:11.000,1245,42616
2025-10-30 23:54:11.000,1245,42611
2025-10-30 23:54:11.000,1245,42593
2025-10-30 23:54:12.001,1269,43581
2025-10-30 23:54:12.001,1269,43577
2025-10-30 23:54:12.001,1269,43573
2025-10-30 23:54:12.001,1269,43570
2025-10-30 23:54:12.001,1269,43549
2025-10-30 23:54:12.001,1269,43543
2025-10-30 23:54:12.001,1269,43529
2025-10-30 23:54:12.001,1269,43516
2025-10-30 23:54:12.001,1269,43502
2025-10-30 23:54:12.001,1269,43499
2025-10-30 23:54:13.000,1293,44489
2025-10-30 23:54:13.000,1293,44482
2025-10-30 23:54:13.000,1293,44467
2025-10-30 23:54:13.000,1293,43712
2025-10-30 23:54:13.000,1293,43701
2025-10-30 23:54:13.000,1293,43687
2025-10-30 23:54:13.000,1293,43668
2025-10-30 23:54:13.000,1293,43664
2025-10-30 23:54:13.000,1293,43661
2025-10-30 23:54:13.000,1293,43655
2025-10-30 23:54:14.001,1320,44654
2025-10-30 23:54:14.001,1320,44645
2025-10-30 23:54:14.001,1320,44642
2025-10-30 23:54:14.001,1320,44634
2025-10-30 23:54:14.001,1320,44627
2025-10-30 23:54:14.001,1320,44626
2025-10-30 23:54:14.001,1320,44621
2025-10-30 23:54:14.001,1320,44614
2025-10-30 23:54:14.001,1320,44609
2025-10-30 23:54:14.001,1320,44608
2025-10-30 23:54:15.000,1339,45593
2025-10-30 23:54:15.000,1339,45591
2025-10-30 23:54:15.000,1339,45589
2025-10-30 23:54:15.000,1339,45586
2025-10-30 23:54:15.000,1339,45575
2025-10-30 23:54:15.000,1339,45568
2025-10-30 23:54:15.000,1339,45564
2025-10-30 23:54:15.000,1339,45508
2025-10-30 23:54:15.000,1339,45502
2025-10-30 23:54:15.000,1339,45482
2025-10-30 23:54:16.001,1355,46479
2025-10-30 23:54:16.001,1355,46469
2025-10-30 23:54:16.001,1355,45718
2025-10-30 23:54:16.001,1355,45710
2025-10-30 23:54:16.001,1355,45709
2025-10-30 23:54:16.001,1355,45699
2025-10-30 23:54:16.001,1355,45694
2025-10-30 23:54:16.001,1355,45685
2025-10-30 23:54:16.001,1355,45648
2025-10-30 23:54:16.001,1355,45644
2025-10-30 23:54:17.000,1364,46640
2025-10-30 23:54:17.000,1364,46630
2025-10-30 23:54:17.000,1364,46627
2025-10-30 23:54:17.000,1364,46626
2025-10-30 23:54:17.000,1364,46625
2025-10-30 23:54:17.000,1364,46616
2025-10-30 23:54:17.000,1364,46616
2025-10-30 23:54:17.000,1364,46610
2025-10-30 23:54:17.000,1364,46606
2025-10-30 23:54:17.000,1364,46596
2025-10-30 23:54:18.001,1380,47591
2025-10-30 23:54:18.001,1380,47587
2025-10-30 23:54:18.001,1380,47570
2025-10-30 23:54:18.001,1380,47565
2025-10-30 23:54:18.001,1380,47559
2025-10-30 23:54:18.001,1380,47558
2025-10-30 23:54:18.001,1380,47551
2025-10-30 23:54:18.001,1380,47538
2025-10-30 23:54:18.001,1380,47524
2025-10-30 23:54:18.001,1380,47516
2025-10-30 23:54:19.000,1396,48511
2025-10-30 23:54:19.000,1396,48467
2025-10-30 23:54:19.000,1396,47686
2025-10-30 23:54:19.000,1396,47684
2025-10-30 23:54:19.000,1396,47678
2025-10-30 23:54:19.000,1396,47667
2025-10-30 23:54:19.000,1396,47639
2025-10-30 23:54:19.000,1396,47634
2025-10-30 23:54:19.000,1396,47631
2025-10-30 23:54:19.000,1396,47607
2025-10-30 23:54:20.000,1418,48596
2025-10-30 23:54:20.000,1418,48587
2025-10-30 23:54:20.000,1418,48555
2025-10-30 23:54:20.000,1418,48550
2025-10-30 23:54:20.000,1418,48534
2025-10-30 23:54:20.000,1418,48530
2025-10-30 23:54:20.000,1418,48522
2025-10-30 23:54:20.000,1418,48516
2025-10-30 23:54:20.000,1418,48509
2025-10-30 23:54:20.000,1418,48506
2025-10-30 23:54:21.001,1438,49503
2025-10-30 23:54:21.001,1438,49491
2025-10-30 23:54:21.001,1438,49489
2025-10-30 23:54:21.001,1438,49483
2025-10-30 23:54:21.001,1438,49475
2025-10-30 23:54:21.001,1438,49472
2025-10-30 23:54:21.001,1438,49469
2025-10-30 23:54:21.001,1438,49447
2025-10-30 23:54:21.001,1438,49437
2025-10-30 23:54:21.001,1438,49436
2025-10-30 23:54:22.000,1448,49720
2025-10-30 23:54:22.000,1448,49699
2025-10-30 23:54:22.000,1448,49693
2025-10-30 23:54:22.000,1448,49691
2025-10-30 23:54:22.000,1448,49689
2025-10-30 23:54:22.000,1448,49681
2025-10-30 23:54:22.000,1448,49679
2025-10-30 23:54:22.000,1448,49657
2025-10-30 23:54:22.000,1448,49649
2025-10-30 23:54:22.000,1448,49644
2025-10-30 23:54:23.000,1467,50625
2025-10-30 23:54:23.000,1467,50620
2025-10-30 23:54:23.000,1467,50618
2025-10-30 23:54:23.000,1467,50607
2025-10-30 23:54:23.000,1467,50569
2025-10-30 23:54:23.000,1467,50564
2025-10-30 23:54:23.000,1467,50562
2025-10-30 23:54:23.000,1467,50558
2025-10-30 23:54:23.000,1467,50557
2025-10-30 23:54:23.000,1467,50548
2025-10-30 23:54:24.001,1491,51545
2025-10-30 23:54:24.001,1491,51536
2025-10-30 23:54:24.001,1491,51531
2025-10-30 23:54:24.001,1491,51528
2025-10-30 23:54:24.001,1491,51519
2025-10-30 23:54:24.001,1491,51515
2025-10-30 23:54:24.001,1491,51514
2025-10-30 23:54:24.001,1491,51512
2025-10-30 23:54:24.001,1491,51510
2025-10-30 23:54:24.001,1491,51503
2025-10-30 23:54:25.000,1500,52488
2025-10-30 23:54:25.000,1500,52488
2025-10-30 23:54:25.000,1500,52486
2025-10-30 23:54:25.000,1500,52483
2025-10-30 23:54:25.000,1500,52476
2025-10-30 23:54:25.000,1500,52459
2025-10-30 23:54:25.000,1500,51709
2025-10-30 23:54:25.000,1500,51698
2025-10-30 23:54:25.000,1500,51695
2025-10-30 23:54:25.000,1500,51688
2025-10-30 23:54:26.001,1510,52668
2025-10-30 23:54:26.001,1510,52639
2025-10-30 23:54:26.001,1510,52622
2025-10-30 23:54:26.001,1510,52603
2025-10-30 23:54:26.001,1510,52582
2025-10-30 23:54:26.001,1510,52580
2025-10-30 23:54:26.001,1510,52559
2025-10-30 23:54:26.001,1510,52557
2025-10-30 23:54:26.001,1510,52538
2025-10-30 23:54:26.001,1510,52528
2025-10-30 23:54:27.000,1529,53509
2025-10-30 23:54:27.000,1529,53504
2025-10-30 23:54:27.000,1529,53473
2025-10-30 23:54:27.000,1529,53424
2025-10-30 23:54:27.000,1529,53416
2025-10-30 23:54:27.000,1529,53409
2025-10-30 23:54:27.000,1529,52706
2025-10-30 23:54:27.000,1529,52701
2025-10-30 23:54:27.000,1529,52701
2025-10-30 23:54:27.000,1529,52697
2025-10-30 23:54:28.000,1538,53691
2025-10-30 23:54:28.000,1538,53686
2025-10-30 23:54:28.000,1538,53678
2025-10-30 23:54:28.000,1538,53655
2025-10-30 23:54:28.000,1538,53645
2025-10-30 23:54:28.000,1538,53644
2025-10-30 23:54:28.000,1538,53617
2025-10-30 23:54:28.000,1538,53604
2025-10-30 23:54:28.000,1538,53600
2025-10-30 23:54:28.000,1538,53590
2025-10-30 23:54:29.001,1545,54585
2025-10-30 23:54:29.001,1545,54579
2025-10-30 23:54:29.001,1545,54569
2025-10-30 23:54:29.001,1545,54566
2025-10-30 23:54:29.001,1545,54556
2025-10-30 23:54:29.001,1545,54549
2025-10-30 23:54:29.001,1545,54541
2025-10-30 23:54:29.001,1545,54531
2025-10-30 23:54:29.001,1545,54528
2025-10-30 23:54:29.001,1545,54524
2025-10-30 23:54:30.000,1563,55496
2025-10-30 23:54:30.000,1563,55482
2025-10-30 23:54:30.000,1563,55481
2025-10-30 23:54:30.000,1563,55476
2025-10-30 23:54:30.000,1563,55461
2025-10-30 23:54:30.000,1563,54444
2025-10-30 23:54:30.000,1563,54437
2025-10-30 23:54:30.000,1563,54414
2025-10-30 23:54:30.000,1563,54412
2025-10-30 23:54:30.000,1563,54406
2025-10-30 23:54:31.001,1579,55404
2025-10-30 23:54:31.001,1579,55400
2025-10-30 23:54:31.001,1579,55386
2025-10-30 23:54:31.001,1579,55385
2025-10-30 23:54:31.001,1579,55383
2025-10-30 23:54:31.001,1579,55379
2025-10-30 23:54:31.001,1579,55374
2025-10-30 23:54:31.001,1579,55368
2025-10-30 23:54:31.001,1579,55355
2025-10-30 23:54:31.001,1579,55343
2025-10-30 23:54:32.000,1590,56327
2025-10-30 23:54:32.000,1590,56325
2025-10-30 23:54:32.000,1590,56323
2025-10-30 23:54:32.000,1590,56312
2025-10-30 23:54:32.000,1590,56308
2025-10-30 23:54:32.000,1590,56306
2025-10-30 23:54:32.000,1590,56284
2025-10-30 23:54:32.000,1590,56260
2025-10-30 23:54:32.000,1590,56248
2025-10-30 23:54:32.000,1590,56237
2025-10-30 23:54:33.001,1603,57232
2025-10-30 23:54:33.001,1603,57229
2025-10-30 23:54:33.001,1603,57226
2025-10-30 23:54:33.001,1603,57221
2025-10-30 23:54:33.001,1603,57218
2025-10-30 23:54:33.001,1603,57215
2025-10-30 23:54:33.001,1603,56449
2025-10-30 23:54:33.001,1603,56441
2025-10-30 23:54:33.001,1603,56439
2025-10-30 23:54:33.001,1603,56430
2025-10-30 23:54:34.000,1613,57415
2025-10-30 23:54:34.000,1613,57413
2025-10-30 23:54:34.000,1613,57410
2025-10-30 23:54:34.000,1613,57397
2025-10-30 23:54:34.000,1613,57389
2025-10-30 23:54:34.000,1613,57375
2025-10-30 23:54:34.000,1613,57371
2025-10-30 23:54:34.000,1613,57368
2025-10-30 23:54:34.000,1613,57365
2025-10-30 23:54:34.000,1613,57356
2025-10-30 23:54:35.001,1620,58352
2025-10-30 23:54:35.001,1620,58338
2025-10-30 23:54:35.001,1620,58337
2025-10-30 23:54:35.001,1620,58333
2025-10-30 23:54:35.001,1620,58321
2025-10-30 23:54:35.001,1620,58307
2025-10-30 23:54:35.001,1620,58301
2025-10-30 23:54:35.001,1620,58298
2025-10-30 23:54:35.001,1620,58289
2025-10-30 23:54:35.001,1620,58288
2025-10-30 23:54:36.000,1644,59283
2025-10-30 23:54:36.000,1644,59237
2025-10-30 23:54:36.000,1644,59221
2025-10-30 23:54:36.000,1644,59219
2025-10-30 23:54:36.000,1644,59216
2025-10-30 23:54:36.000,1644,59213
2025-10-30 23:54:36.000,1644,59209
2025-10-30 23:54:36.000,1644,59187
2025-10-30 23:54:36.000,1644,59182
2025-10-30 23:54:36.000,1644,59181
2025-10-30 23:54:37.001,1645,60172
2025-10-30 23:54:37.001,1645,60167
2025-10-30 23:54:37.001,1645,60158
2025-10-30 23:54:37.001,1645,60156
2025-10-30 23:54:37.001,1645,59453
2025-10-30 23:54:37.001,1645,59449
2025-10-30 23:54:37.001,1645,59445
2025-10-30 23:54:37.001,1645,59442
2025-10-30 23:54:37.001,1645,59441
2025-10-30 23:54:37.001,1645,59437
2025-10-30 23:54:38.000,1656,60410
2025-10-30 23:54:38.000,1656,60402
2025-10-30 23:54:38.000,1656,60400
2025-10-30 23:54:38.000,1656,60369
2025-10-30 23:54:38.001,1656,60367
2025-10-30 23:54:38.001,1656,60352
2025-10-30 23:54:38.001,1656,60342
2025-10-30 23:54:38.001,1656,60317
2025-10-30 23:54:38.001,1656,60315
2025-10-30 23:54:38.001,1656,60306
2025-10-30 23:54:39.000,1662,61304
2025-10-30 23:54:39.000,1662,61290
2025-10-30 23:54:39.000,1662,61288
2025-10-30 23:54:39.000,1662,61285
2025-10-30 23:54:39.000,1662,61283
2025-10-30 23:54:39.000,1662,61277
2025-10-30 23:54:39.000,1662,61271
2025-10-30 23:54:39.000,1662,61260
2025-10-30 23:54:39.000,1662,61251
2025-10-30 23:54:39.000,1662,61240
2025-10-30 23:54:40.000,1668,62231
2025-10-30 23:54:40.000,1668,62224
2025-10-30 23:54:40.000,1668,61448
2025-10-30 23:54:40.000,1668,61442
2025-10-30 23:54:40.000,1668,61430
2025-10-30 23:54:40.000,1668,61412
2025-10-30 23:54:40.000,1668,61407
2025-10-30 23:54:40.000,1668,61402
2025-10-30 23:54:40.000,1668,61396
2025-10-30 23:54:40.000,1668,61386
2025-10-30 23:54:41.001,1675,62371
2025-10-30 23:54:41.001,1675,62365
2025-10-30 23:54:41.001,1675,62354
2025-10-30 23:54:41.001,1675,62342
2025-10-30 23:54:41.001,1675,62340
2025-10-30 23:54:41.001,1675,62327
2025-10-30 23:54:41.001,1675,62325
2025-10-30 23:54:41.001,1675,62324
2025-10-30 23:54:41.001,1675,62321
2025-10-30 23:54:41.001,1675,62314
2025-10-30 23:54:42.001,1682,63312
2025-10-30 23:54:42.001,1682,63307
2025-10-30 23:54:42.001,1682,63299
2025-10-30 23:54:42.001,1682,63297
2025-10-30 23:54:42.001,1682,63287
2025-10-30 23:54:42.001,1682,63284
2025-10-30 23:54:42.001,1682,63270
2025-10-30 23:54:42.001,1682,63254
2025-10-30 23:54:42.001,1682,63243
2025-10-30 23:54:42.001,1682,63238
2025-10-30 23:54:43.000,1692,64229
2025-10-30 23:54:43.000,1692,64225
2025-10-30 23:54:43.000,1692,64223
2025-10-30 23:54:43.000,1692,64216
2025-10-30 23:54:43.000,1692,64215
2025-10-30 23:54:43.000,1692,64198
2025-10-30 23:54:43.000,1692,63456
2025-10-30 23:54:43.000,1692,63454
2025-10-30 23:54:43.000,1692,63446
2025-10-30 23:54:43.000,1692,63445
2025-10-30 23:54:44.000,1697,64438
2025-10-30 23:54:44.000,1697,64436
2025-10-30 23:54:44.000,1697,64433
2025-10-30 23:54:44.000,1697,64423
2025-10-30 23:54:44.000,1697,64396
2025-10-30 23:54:44.000,1697,64393
2025-10-30 23:54:44.000,1697,64382
2025-10-30 23:54:44.000,1697,64366
2025-10-30 23:54:44.000,1697,64362
2025-10-30 23:54:44.000,1697,64356
2025-10-30 23:54:45.001,1704,65352
2025-10-30 23:54:45.001,1704,65347
2025-10-30 23:54:45.001,1704,65335
2025-10-30 23:54:45.001,1704,65331
2025-10-30 23:54:45.001,1704,65330
2025-10-30 23:54:45.001,1704,65324
2025-10-30 23:54:45.001,1704,65317
2025-10-30 23:54:45.001,1704,65314
2025-10-30 23:54:45.001,1704,65305
2025-10-30 23:54:45.001,1704,65285
2025-10-30 23:54:46.001,1718,66277
2025-10-30 23:54:46.001,1718,66271
2025-10-30 23:54:46.001,1718,66264
2025-10-30 23:54:46.001,1718,66259
2025-10-30 23:54:46.001,1718,66256
2025-10-30 23:54:46.001,1718,66252
2025-10-30 23:54:46.001,1718,66250
2025-10-30 23:54:46.001,1718,66240
2025-10-30 23:54:46.001,1718,66223
2025-10-30 23:54:46.001,1718,66220
2025-10-30 23:54:47.000,1725,67209
2025-10-30 23:54:47.000,1725,66456
2025-10-30 23:54:47.000,1725,66452
2025-10-30 23:54:47.000,1725,66447
2025-10-30 23:54:47.000,1725,66445
2025-10-30 23:54:47.000,1725,66432
2025-10-30 23:54:47.000,1725,66430
2025-10-30 23:54:47.000,1725,66427
2025-10-30 23:54:47.000,1725,66417
2025-10-30 23:54:47.000,1725,66408
2025-10-30 23:54:48.000,1732,67404
2025-10-30 23:54:48.000,1732,67381
2025-10-30 23:54:48.000,1732,67368
2025-10-30 23:54:48.000,1732,67364
2025-10-30 23:54:48.000,1732,67336
2025-10-30 23:54:48.000,1732,67335
2025-10-30 23:54:48.000,1732,67333
2025-10-30 23:54:48.000,1732,67331
2025-10-30 23:54:48.000,1732,67305
2025-10-30 23:54:48.000,1732,67302
2025-10-30 23:54:49.001,1744,68284
2025-10-30 23:54:49.001,1744,68265
2025-10-30 23:54:49.001,1744,68226
2025-10-30 23:54:49.001,1744,68220
2025-10-30 23:54:49.001,1744,68218
2025-10-30 23:54:49.001,1744,68216
2025-10-30 23:54:49.001,1744,68211
2025-10-30 23:54:49.001,1744,67449
2025-10-30 23:54:49.001,1744,67391
2025-10-30 23:54:49.001,1744,67359
2025-10-30 23:54:50.000,1749,68352
2025-10-30 23:54:50.000,1749,68350
2025-10-30 23:54:50.000,1749,68348
2025-10-30 23:54:50.000,1749,68340
2025-10-30 23:54:50.000,1749,68337
2025-10-30 23:54:50.000,1749,68335
2025-10-30 23:54:50.000,1749,68326
2025-10-30 23:54:50.000,1749,68321
2025-10-30 23:54:50.001,1749,68318
2025-10-30 23:54:50.001,1749,68315
2025-10-30 23:54:51.000,1762,69313
2025-10-30 23:54:51.000,1762,69310
2025-10-30 23:54:51.000,1762,69290
2025-10-30 23:54:51.000,1762,69285
2025-10-30 23:54:51.000,1762,69282
2025-10-30 23:54:51.000,1762,69264
2025-10-30 23:54:51.000,1762,69227
2025-10-30 23:54:51.000,1762,69223
2025-10-30 23:54:51.000,1762,69220
2025-10-30 23:54:51.000,1762,69216
2025-10-30 23:54:52.001,1766,70208
2025-10-30 23:54:52.001,1766,70206
2025-10-30 23:54:52.001,1766,70196
2025-10-30 23:54:52.001,1766,70156
2025-10-30 23:54:52.001,1766,70145
2025-10-30 23:54:52.001,1766,70142
2025-10-30 23:54:52.001,1766,70139
2025-10-30 23:54:52.001,1766,70137
2025-10-30 23:54:52.001,1766,70131
2025-10-30 23:54:52.001,1766,70129
2025-10-30 23:54:53.000,1777,71125
2025-10-30 23:54:53.000,1777,70450
2025-10-30 23:54:53.000,1777,70447
2025-10-30 23:54:53.000,1777,70445
2025-10-30 23:54:53.000,1777,70437
2025-10-30 23:54:53.000,1777,70435
2025-10-30 23:54:53.000,1777,70422
2025-10-30 23:54:53.000,1777,70415
2025-10-30 23:54:53.000,1777,70413
2025-10-30 23:54:53.000,1777,70404
2025-10-30 23:54:54.001,1787,71399
2025-10-30 23:54:54.001,1787,71390
2025-10-30 23:54:54.001,1787,71384
2025-10-30 23:54:54.001,1787,71375
2025-10-30 23:54:54.001,1787,71372
2025-10-30 23:54:54.001,1787,71368
2025-10-30 23:54:54.001,1787,71360
2025-10-30 23:54:54.001,1787,71350
2025-10-30 23:54:54.001,1787,71345
2025-10-30 23:54:54.001,1787,71334
2025-10-30 23:54:55.000,1787,72319
2025-10-30 23:54:55.000,1787,72307
2025-10-30 23:54:55.000,1787,72281
2025-10-30 23:54:55.000,1787,72271
2025-10-30 23:54:55.000,1787,72252
2025-10-30 23:54:55.000,1787,72248
2025-10-30 23:54:55.000,1787,72231
2025-10-30 23:54:55.000,1787,72223
2025-10-30 23:54:55.000,1787,72206
2025-10-30 23:54:55.000,1787,72205
2025-10-30 23:54:56.001,1801,73198
2025-10-30 23:54:56.001,1801,73193
2025-10-30 23:54:56.001,1801,73180
2025-10-30 23:54:56.001,1801,73168
2025-10-30 23:54:56.001,1801,73160
2025-10-30 23:54:56.001,1801,73158
2025-10-30 23:54:56.001,1801,73153
2025-10-30 23:54:56.001,1801,73146
2025-10-30 23:54:56.001,1801,72450
2025-10-30 23:54:56.001,1801,72440
2025-10-30 23:54:57.000,1799,73427
2025-10-30 23:54:57.000,1799,73410
2025-10-30 23:54:57.000,1799,73404
2025-10-30 23:54:57.000,1799,73402
2025-10-30 23:54:57.000,1799,73381
2025-10-30 23:54:57.000,1799,73364
2025-10-30 23:54:57.000,1799,73351
2025-10-30 23:54:57.000,1799,73331
2025-10-30 23:54:57.000,1799,73322
2025-10-30 23:54:57.000,1799,73318
2025-10-30 23:54:58.000,1810,74294
2025-10-30 23:54:58.000,1810,74291
2025-10-30 23:54:58.000,1810,74273
2025-10-30 23:54:58.000,1810,74269
2025-10-30 23:54:58.000,1810,74261
2025-10-30 23:54:58.000,1810,74252
2025-10-30 23:54:58.000,1810,74243
2025-10-30 23:54:58.000,1810,74218
2025-10-30 23:54:58.000,1810,74206
2025-10-30 23:54:58.000,1810,74205
2025-10-30 23:54:59.001,1808,75199
2025-10-30 23:54:59.001,1808,75189
2025-10-30 23:54:59.001,1808,75173
2025-10-30 23:54:59.001,1808,75171
2025-10-30 23:54:59.001,1808,75167
2025-10-30 23:54:59.001,1808,75165
2025-10-30 23:54:59.001,1808,74436
2025-10-30 23:54:59.001,1808,74412
2025-10-30 23:54:59.001,1808,74402
2025-10-30 23:54:59.001,1808,74384
2025-10-30 23:55:00.000,1805,75379
2025-10-30 23:55:00.000,1805,75369
2025-10-30 23:55:00.000,1805,75348
2025-10-30 23:55:00.000,1805,75334
2025-10-30 23:55:00.000,1805,75302
2025-10-30 23:55:00.000,1805,75290
2025-10-30 23:55:00.000,1805,75281
2025-10-30 23:55:00.000,1805,75276
2025-10-30 23:55:00.000,1805,75273
2025-10-30 23:55:00.000,1805,75269
2025-10-30 23:55:01.000,1806,76264
2025-10-30 23:55:01.000,1806,76257
2025-10-30 23:55:01.000,1806,76254
2025-10-30 23:55:01.000,1806,76227
2025-10-30 23:55:01.000,1806,76218
2025-10-30 23:55:01.000,1806,76216
2025-10-30 23:55:01.000,1806,76190
2025-10-30 23:55:01.000,1806,76187
2025-10-30 23:55:01.001,1806,76187
2025-10-30 23:55:01.001,1806,76184
2025-10-30 23:55:02.000,1811,77172
2025-10-30 23:55:02.000,1811,77167
2025-10-30 23:55:02.000,1811,77165
2025-10-30 23:55:02.000,1811,76452
2025-10-30 23:55:02.000,1811,76447
2025-10-30 23:55:02.000,1811,76425
2025-10-30 23:55:02.000,1811,76416
2025-10-30 23:55:02.000,1811,76408
2025-10-30 23:55:02.000,1811,76401
2025-10-30 23:55:02.000,1811,76391
2025-10-30 23:55:03.000,1807,77390
2025-10-30 23:55:03.000,1807,77376
2025-10-30 23:55:03.000,1807,77374
2025-10-30 23:55:03.000,1807,77371
2025-10-30 23:55:03.000,1807,77364
2025-10-30 23:55:03.000,1807,77360
2025-10-30 23:55:03.000,1807,77351
2025-10-30 23:55:03.000,1807,77343
2025-10-30 23:55:03.000,1807,77337
2025-10-30 23:55:03.000,1807,77335
2025-10-30 23:55:04.001,1807,78331
2025-10-30 23:55:04.001,1807,78315
2025-10-30 23:55:04.001,1807,78299
2025-10-30 23:55:04.001,1807,78292
2025-10-30 23:55:04.001,1807,78282
2025-10-30 23:55:04.001,1807,78259
2025-10-30 23:55:04.001,1807,78258
2025-10-30 23:55:04.001,1807,78257
2025-10-30 23:55:04.001,1807,78251
2025-10-30 23:55:04.001,1807,78243
2025-10-30 23:55:05.000,1805,79240
2025-10-30 23:55:05.000,1805,79234
2025-10-30 23:55:05.000,1805,79232
2025-10-30 23:55:05.000,1805,79203
2025-10-30 23:55:05.000,1805,78436
2025-10-30 23:55:05.000,1805,78429
2025-10-30 23:55:05.000,1805,78422
2025-10-30 23:55:05.000,1805,78419
2025-10-30 23:55:05.000,1805,78416
2025-10-30 23:55:05.000,1805,78415
2025-10-30 23:55:06.001,1803,79409
2025-10-30 23:55:06.001,1803,79407
2025-10-30 23:55:06.001,1803,79400
2025-10-30 23:55:06.001,1803,79399
2025-10-30 23:55:06.001,1803,79397
2025-10-30 23:55:06.001,1803,79393
2025-10-30 23:55:06.001,1803,79388
2025-10-30 23:55:06.001,1803,79373
2025-10-30 23:55:06.001,1803,79362
2025-10-30 23:55:06.001,1803,79332
2025-10-30 23:55:07.000,1804,80326
2025-10-30 23:55:07.000,1804,80315
2025-10-30 23:55:07.000,1804,80297
2025-10-30 23:55:07.000,1804,80282
2025-10-30 23:55:07.000,1804,80268
2025-10-30 23:55:07.000,1804,80267
2025-10-30 23:55:07.000,1804,80260
2025-10-30 23:55:07.000,1804,80253
2025-10-30 23:55:07.000,1804,80225
2025-10-30 23:55:07.000,1804,80206
2025-10-30 23:55:08.001,1805,81196
2025-10-30 23:55:08.001,1805,81195
2025-10-30 23:55:08.001,1805,81187
2025-10-30 23:55:08.001,1805,81159
2025-10-30 23:55:08.001,1805,81157
2025-10-30 23:55:08.001,1805,81155
2025-10-30 23:55:08.001,1805,81152
2025-10-30 23:55:08.001,1805,81149
2025-10-30 23:55:08.001,1805,81144
2025-10-30 23:55:08.001,1805,81140
2025-10-30 23:55:09.000,1803,82136
2025-10-30 23:55:09.000,1803,82133
2025-10-30 23:55:09.000,1803,81451
2025-10-30 23:55:09.000,1803,81432
2025-10-30 23:55:09.000,1803,81423
2025-10-30 23:55:09.000,1803,81396
2025-10-30 23:55:09.000,1803,81361
2025-10-30 23:55:09.000,1803,81343
2025-10-30 23:55:09.000,1803,81296
2025-10-30 23:55:09.000,1803,81277
2025-10-30 23:55:10.000,1804,82272
2025-10-30 23:55:10.000,1804,82259
2025-10-30 23:55:10.000,1804,82252
2025-10-30 23:55:10.000,1804,82235
2025-10-30 23:55:10.000,1804,82215
2025-10-30 23:55:10.000,1804,82206
2025-10-30 23:55:10.000,1804,82197
2025-10-30 23:55:10.000,1804,82189
2025-10-30 23:55:10.000,1804,82173
2025-10-30 23:55:10.000,1804,82136
2025-10-30 23:55:11.001,1804,83106
2025-10-30 23:55:11.001,1804,83064
2025-10-30 23:55:11.001,1804,82452
2025-10-30 23:55:11.001,1804,82450
2025-10-30 23:55:11.001,1804,82449
2025-10-30 23:55:11.001,1804,82440
2025-10-30 23:55:11.001,1804,82417
2025-10-30 23:55:11.001,1804,82411
2025-10-30 23:55:11.001,1804,82404
2025-10-30 23:55:11.001,1804,82394
2025-10-30 23:55:12.001,1804,83389
2025-10-30 23:55:12.293,1804,83386
2025-10-30 23:55:12.293,1804,83384
2025-10-30 23:55:12.293,1804,83669
2025-10-30 23:55:12.293,1804,83660
2025-10-30 23:55:12.293,1804,83657
2025-10-30 23:55:12.293,1804,83617
2025-10-30 23:55:12.293,1804,83613
2025-10-30 23:55:12.293,1804,83611
2025-10-30 23:55:12.293,1804,83601
2025-10-30 23:55:13.001,1811,84306
2025-10-30 23:55:13.001,1811,84301
2025-10-30 23:55:13.001,1811,84295
2025-10-30 23:55:13.001,1811,84292
2025-10-30 23:55:13.001,1811,84273
2025-10-30 23:55:13.001,1811,84255
2025-10-30 23:55:13.001,1811,84235
2025-10-30 23:55:13.001,1811,84225
2025-10-30 23:55:13.001,1811,84220
2025-10-30 23:55:13.001,1811,84215
2025-10-30 23:55:14.000,1797,85202
2025-10-30 23:55:14.000,1797,85200
2025-10-30 23:55:14.000,1797,85175
2025-10-30 23:55:14.000,1797,85169
2025-10-30 23:55:14.000,1797,85146
2025-10-30 23:55:14.000,1797,84445
2025-10-30 23:55:14.000,1797,84440
2025-10-30 23:55:14.000,1797,84437
2025-10-30 23:55:14.000,1797,84428
2025-10-30 23:55:14.000,1797,84424
2025-10-30 23:55:15.001,1795,85420
2025-10-30 23:55:15.001,1795,85412
2025-10-30 23:55:15.001,1795,85389
2025-10-30 23:55:15.001,1795,85387
2025-10-30 23:55:15.001,1795,85384
2025-10-30 23:55:15.001,1795,85369
2025-10-30 23:55:15.001,1795,85356
2025-10-30 23:55:15.001,1795,85352
2025-10-30 23:55:15.001,1795,85318
2025-10-30 23:55:15.001,1795,85300
2025-10-30 23:55:16.000,1794,86294
2025-10-30 23:55:16.000,1794,86285
2025-10-30 23:55:16.000,1794,86283
2025-10-30 23:55:16.000,1794,86280
2025-10-30 23:55:16.000,1794,86279
2025-10-30 23:55:16.000,1794,86253
2025-10-30 23:55:16.000,1794,86246
2025-10-30 23:55:16.000,1794,86234
2025-10-30 23:55:16.000,1794,86227
2025-10-30 23:55:16.000,1794,86218
2025-10-30 23:55:17.001,1794,87208
2025-10-30 23:55:17.001,1794,87187
2025-10-30 23:55:17.001,1794,87177
2025-10-30 23:55:17.001,1794,87165
2025-10-30 23:55:17.001,1794,87151
2025-10-30 23:55:17.001,1794,86451
2025-10-30 23:55:17.001,1794,86443
2025-10-30 23:55:17.001,1794,86433
2025-10-30 23:55:17.001,1794,86397
2025-10-30 23:55:17.001,1794,86393
2025-10-30 23:55:18.000,1793,87389
2025-10-30 23:55:18.000,1793,87362
2025-10-30 23:55:18.000,1793,87348
2025-10-30 23:55:18.000,1793,87344
2025-10-30 23:55:18.000,1793,87329
2025-10-30 23:55:18.000,1793,87315
2025-10-30 23:55:18.000,1793,87289
2025-10-30 23:55:18.000,1793,87284
2025-10-30 23:55:18.000,1793,87268
2025-10-30 23:55:18.000,1793,87264
2025-10-30 23:55:19.001,1793,88255
2025-10-30 23:55:19.001,1793,88249
2025-10-30 23:55:19.001,1793,88238
2025-10-30 23:55:19.001,1793,88231
2025-10-30 23:55:19.001,1793,88226
2025-10-30 23:55:19.001,1793,88212
2025-10-30 23:55:19.001,1793,88206
2025-10-30 23:55:19.001,1793,88192
2025-10-30 23:55:19.001,1793,88188
2025-10-30 23:55:19.001,1793,88179
2025-10-30 23:55:20.000,1794,89158
2025-10-30 23:55:20.000,1794,89144
2025-10-30 23:55:20.000,1794,89118
2025-10-30 23:55:20.000,1794,89106
2025-10-30 23:55:20.000,1794,89103
2025-10-30 23:55:20.000,1794,89101
2025-10-30 23:55:20.000,1794,88454
2025-10-30 23:55:20.000,1794,88450
2025-10-30 23:55:20.000,1794,88412
2025-10-30 23:55:20.000,1794,88401
2025-10-30 23:55:21.000,1799,89397
2025-10-30 23:55:21.000,1799,89396
2025-10-30 23:55:21.000,1799,89383
2025-10-30 23:55:21.000,1799,89373
2025-10-30 23:55:21.000,1799,89335
2025-10-30 23:55:21.000,1799,89327
2025-10-30 23:55:21.000,1799,89321
2025-10-30 23:55:21.000,1799,89308
2025-10-30 23:55:21.000,1799,89302
2025-10-30 23:55:21.000,1799,89296
2025-10-30 23:55:22.000,1799,90276
2025-10-30 23:55:22.000,1799,90271
2025-10-30 23:55:22.000,1799,90264
2025-10-30 23:55:22.000,1799,90258
2025-10-30 23:55:22.000,1799,90247
2025-10-30 23:55:22.000,1799,90244
2025-10-30 23:55:22.000,1799,90189
2025-10-30 23:55:22.000,1799,90184
2025-10-30 23:55:22.000,1799,90172
2025-10-30 23:55:22.000,1799,90170
2025-10-30 23:55:23.001,1804,91166
2025-10-30 23:55:23.001,1804,91161
2025-10-30 23:55:23.001,1804,91148
2025-10-30 23:55:23.001,1804,91141
2025-10-30 23:55:23.001,1804,91135
2025-10-30 23:55:23.001,1804,91121
2025-10-30 23:55:23.001,1804,91116
2025-10-30 23:55:23.001,1804,91091
2025-10-30 23:55:23.001,1804,91084
2025-10-30 23:55:23.001,1804,91079
2025-10-30 23:55:24.000,1801,91452
2025-10-30 23:55:24.000,1801,91438
2025-10-30 23:55:24.000,1801,91427
2025-10-30 23:55:24.000,1801,91396
2025-10-30 23:55:24.000,1801,91387
2025-10-30 23:55:24.000,1801,91384
2025-10-30 23:55:24.000,1801,91375
2025-10-30 23:55:24.000,1801,91368
2025-10-30 23:55:24.000,1801,91364
2025-10-30 23:55:24.000,1801,91361
2025-10-30 23:55:25.001,1801,92355
2025-10-30 23:55:25.001,1801,92337
2025-10-30 23:55:25.001,1801,92318
2025-10-30 23:55:25.001,1801,92315
2025-10-30 23:55:25.001,1801,92308
2025-10-30 23:55:25.001,1801,92306
2025-10-30 23:55:25.001,1801,92278
2025-10-30 23:55:25.001,1801,92274
2025-10-30 23:55:25.001,1801,92247
2025-10-30 23:55:25.001,1801,92230
2025-10-30 23:55:26.000,1797,93210
2025-10-30 23:55:26.000,1797,93202
2025-10-30 23:55:26.000,1797,93201
2025-10-30 23:55:26.000,1797,93188
2025-10-30 23:55:26.000,1797,92446
2025-10-30 23:55:26.000,1797,92440
2025-10-30 23:55:26.000,1797,92435
2025-10-30 23:55:26.000,1797,92434
2025-10-30 23:55:26.000,1797,92430
2025-10-30 23:55:26.000,1797,92425
2025-10-30 23:55:27.000,1793,93416
2025-10-30 23:55:27.000,1793,93381
2025-10-30 23:55:27.000,1793,93367
2025-10-30 23:55:27.000,1793,93348
2025-10-30 23:55:27.000,1793,93332
2025-10-30 23:55:27.000,1793,93323
2025-10-30 23:55:27.000,1793,93322
2025-10-30 23:55:27.000,1793,93308
2025-10-30 23:55:27.000,1793,93303
2025-10-30 23:55:27.000,1793,93297
2025-10-30 23:55:28.001,1787,94280
2025-10-30 23:55:28.001,1787,94255
2025-10-30 23:55:28.001,1787,94240
2025-10-30 23:55:28.001,1787,94210
2025-10-30 23:55:28.001,1787,94209
2025-10-30 23:55:28.001,1787,93436
2025-10-30 23:55:28.001,1787,93411
2025-10-30 23:55:28.001,1787,93400
2025-10-30 23:55:28.001,1787,93396
2025-10-30 23:55:28.001,1787,93391
2025-10-30 23:55:29.000,1783,94376
2025-10-30 23:55:29.000,1783,94354
2025-10-30 23:55:29.000,1783,94351
2025-10-30 23:55:29.000,1783,94349
2025-10-30 23:55:29.000,1783,94346
2025-10-30 23:55:29.000,1783,94337
2025-10-30 23:55:29.000,1783,94320
2025-10-30 23:55:29.000,1783,94306
2025-10-30 23:55:29.000,1783,94303
2025-10-30 23:55:29.000,1783,94298
2025-10-30 23:55:30.001,1779,95293
2025-10-30 23:55:30.001,1779,95283
2025-10-30 23:55:30.001,1779,95269
2025-10-30 23:55:30.001,1779,95268
2025-10-30 23:55:30.001,1779,95258
2025-10-30 23:55:30.001,1779,95252
2025-10-30 23:55:30.001,1779,95250
2025-10-30 23:55:30.001,1779,95248
2025-10-30 23:55:30.001,1779,95243
2025-10-30 23:55:30.001,1779,95234
2025-10-30 23:55:31.000,1778,96222
2025-10-30 23:55:31.000,1778,96216
2025-10-30 23:55:31.000,1778,96214
2025-10-30 23:55:31.000,1778,96204
2025-10-30 23:55:31.000,1778,96192
2025-10-30 23:55:31.000,1778,96180
2025-10-30 23:55:31.000,1778,95166
2025-10-30 23:55:31.000,1778,95158
2025-10-30 23:55:31.000,1778,95155
2025-10-30 23:55:31.000,1778,95144
2025-10-30 23:55:32.001,1775,96134
2025-10-30 23:55:32.001,1775,96124
2025-10-30 23:55:32.001,1775,96118
2025-10-30 23:55:32.001,1775,96116
2025-10-30 23:55:32.001,1775,96115
2025-10-30 23:55:32.001,1775,96103
2025-10-30 23:55:32.001,1775,96097
2025-10-30 23:55:32.001,1775,96093
2025-10-30 23:55:32.001,1775,96091
2025-10-30 23:55:32.001,1775,96090
2025-10-30 23:55:33.001,1768,97086
2025-10-30 23:55:33.001,1768,97079
2025-10-30 23:55:33.001,1768,97059
2025-10-30 23:55:33.001,1768,97057
2025-10-30 23:55:33.001,1768,97051
2025-10-30 23:55:33.001,1768,97030
2025-10-30 23:55:33.001,1768,97015
2025-10-30 23:55:33.001,1768,97013
2025-10-30 23:55:33.001,1768,97008
2025-10-30 23:55:33.001,1768,97005
2025-10-30 23:55:34.000,1766,98001
2025-10-30 23:55:34.000,1766,97997
2025-10-30 23:55:34.000,1766,97991
2025-10-30 23:55:34.000,1766,97970
2025-10-30 23:55:34.000,1766,97969
2025-10-30 23:55:34.000,1766,97967
2025-10-30 23:55:34.000,1766,97952
2025-10-30 23:55:34.000,1766,97948
2025-10-30 23:55:34.000,1766,97929
2025-10-30 23:55:34.000,1766,97919
2025-10-30 23:55:35.000,1763,98163
2025-10-30 23:55:35.000,1763,98156
2025-10-30 23:55:35.000,1763,98151
2025-10-30 23:55:35.000,1763,98147
2025-10-30 23:55:35.000,1763,98116
2025-10-30 23:55:35.000,1763,98109
2025-10-30 23:55:35.000,1763,98087
2025-10-30 23:55:35.000,1763,98081
2025-10-30 23:55:35.000,1763,98079
2025-10-30 23:55:35.000,1763,98074
2025-10-30 23:55:36.001,1762,99075
2025-10-30 23:55:36.001,1762,99073
2025-10-30 23:55:36.001,1762,99065
2025-10-30 23:55:36.001,1762,99023
2025-10-30 23:55:36.001,1762,99017
2025-10-30 23:55:36.001,1762,99016
2025-10-30 23:55:36.001,1762,99014
2025-10-30 23:55:36.001,1762,99010
2025-10-30 23:55:36.001,1762,99006
2025-10-30 23:55:36.001,1762,98993
2025-10-30 23:55:37.000,1752,99984
2025-10-30 23:55:37.000,1752,99975
2025-10-30 23:55:37.000,1752,99953
2025-10-30 23:55:37.000,1752,99952
2025-10-30 23:55:37.000,1752,99951
2025-10-30 23:55:37.000,1752,99941
2025-10-30 23:55:37.000,1752,99908
2025-10-30 23:55:37.000,1752,99905
2025-10-30 23:55:37.000,1752,99875
2025-10-30 23:55:37.000,1752,99850
2025-10-30 23:55:38.000,1746,100152
2025-10-30 23:55:38.000,1746,100137
2025-10-30 23:55:38.000,1746,100130
2025-10-30 23:55:38.000,1746,100123
2025-10-30 23:55:38.000,1746,100115
2025-10-30 23:55:38.000,1746,100113
2025-10-30 23:55:38.000,1746,100110
2025-10-30 23:55:38.000,1746,100100
2025-10-30 23:55:38.000,1746,100068
2025-10-30 23:55:38.000,1746,100063
2025-10-30 23:55:39.001,1744,101043
2025-10-30 23:55:39.001,1744,101035
2025-10-30 23:55:39.001,1744,101033
2025-10-30 23:55:39.001,1744,101031
2025-10-30 23:55:39.001,1744,100990
2025-10-30 23:55:39.001,1744,100987
2025-10-30 23:55:39.001,1744,100985
2025-10-30 23:55:39.001,1744,100969
2025-10-30 23:55:39.001,1744,100966
2025-10-30 23:55:39.001,1744,100959
2025-10-30 23:55:40.000,1734,101955
2025-10-30 23:55:40.000,1734,101924
2025-10-30 23:55:40.000,1734,101913
2025-10-30 23:55:40.000,1734,101901
2025-10-30 23:55:40.000,1734,101896
2025-10-30 23:55:40.000,1734,101883
2025-10-30 23:55:40.000,1734,101882
2025-10-30 23:55:40.000,1734,101868
2025-10-30 23:55:40.000,1734,101867
2025-10-30 23:55:40.000,1734,101165
2025-10-30 23:55:41.000,1728,102159
2025-10-30 23:55:41.001,1728,102153
2025-10-30 23:55:41.001,1728,102124
2025-10-30 23:55:41.001,1728,102119
2025-10-30 23:55:41.001,1728,102104
2025-10-30 23:55:41.001,1728,102095
2025-10-30 23:55:41.001,1728,102090
2025-10-30 23:55:41.001,1728,102086
2025-10-30 23:55:41.001,1728,102083
2025-10-30 23:55:41.001,1728,102081
2025-10-30 23:55:42.000,1721,103064
2025-10-30 23:55:42.000,1721,103063
2025-10-30 23:55:42.000,1721,103058
2025-10-30 23:55:42.000,1721,103051
2025-10-30 23:55:42.000,1721,103045
2025-10-30 23:55:42.000,1721,103040
2025-10-30 23:55:42.000,1721,103012
2025-10-30 23:55:42.000,1721,102992
2025-10-30 23:55:42.000,1721,102988
2025-10-30 23:55:42.000,1721,102975
2025-10-30 23:55:43.001,1713,103975
2025-10-30 23:55:43.001,1713,103974
2025-10-30 23:55:43.001,1713,103968
2025-10-30 23:55:43.001,1713,103950
2025-10-30 23:55:43.001,1713,103946
2025-10-30 23:55:43.001,1713,103943
2025-10-30 23:55:43.001,1713,103935
2025-10-30 23:55:43.001,1713,103925
2025-10-30 23:55:43.001,1713,103160
2025-10-30 23:55:43.001,1713,103153
2025-10-30 23:55:44.000,1707,104130
2025-10-30 23:55:44.000,1707,104113
2025-10-30 23:55:44.000,1707,104104
2025-10-30 23:55:44.000,1707,104101
2025-10-30 23:55:44.000,1707,104096
2025-10-30 23:55:44.000,1707,104093
2025-10-30 23:55:44.000,1707,104081
2025-10-30 23:55:44.000,1707,104074
2025-10-30 23:55:44.000,1707,104055
2025-10-30 23:55:44.000,1707,104047
2025-10-30 23:55:45.000,1700,105032
2025-10-30 23:55:45.000,1700,105029
2025-10-30 23:55:45.000,1700,105006
2025-10-30 23:55:45.000,1700,104999
2025-10-30 23:55:45.000,1700,104970
2025-10-30 23:55:45.000,1700,104959
2025-10-30 23:55:45.000,1700,104957
2025-10-30 23:55:45.000,1700,104952
2025-10-30 23:55:45.000,1700,104949
2025-10-30 23:55:45.000,1700,104923
2025-10-30 23:55:46.001,1695,105916
2025-10-30 23:55:46.001,1695,105913
2025-10-30 23:55:46.001,1695,105907
2025-10-30 23:55:46.001,1695,105905
2025-10-30 23:55:46.001,1695,105901
2025-10-30 23:55:46.001,1695,105869
2025-10-30 23:55:46.001,1695,105168
2025-10-30 23:55:46.001,1695,105126
2025-10-30 23:55:46.001,1695,105124
2025-10-30 23:55:46.001,1695,105122
2025-10-30 23:55:47.000,1688,106117
2025-10-30 23:55:47.000,1688,106115
2025-10-30 23:55:47.000,1688,106113
2025-10-30 23:55:47.000,1688,106108
2025-10-30 23:55:47.000,1688,106102
2025-10-30 23:55:47.000,1688,106093
2025-10-30 23:55:47.000,1688,106090
2025-10-30 23:55:47.000,1688,106089
2025-10-30 23:55:47.000,1688,106086
2025-10-30 23:55:47.000,1688,106083
2025-10-30 23:55:48.000,1683,107058
2025-10-30 23:55:48.000,1683,107054
2025-10-30 23:55:48.000,1683,107049
2025-10-30 23:55:48.000,1683,107036
2025-10-30 23:55:48.000,1683,107032
2025-10-30 23:55:48.000,1683,107007
2025-10-30 23:55:48.000,1683,106999
2025-10-30 23:55:48.000,1683,106997
2025-10-30 23:55:48.000,1683,106992
2025-10-30 23:55:48.000,1683,106988
2025-10-30 23:55:49.001,1678,107985
2025-10-30 23:55:49.001,1678,107980
2025-10-30 23:55:49.001,1678,107978
2025-10-30 23:55:49.001,1678,107976
2025-10-30 23:55:49.001,1678,107970
2025-10-30 23:55:49.001,1678,107968
2025-10-30 23:55:49.001,1678,107936
2025-10-30 23:55:49.001,1678,107915
2025-10-30 23:55:49.001,1678,107154
2025-10-30 23:55:49.001,1678,107152
2025-10-30 23:55:50.000,1669,108117
2025-10-30 23:55:50.000,1669,108113
2025-10-30 23:55:50.000,1669,108104
2025-10-30 23:55:50.000,1669,108078
2025-10-30 23:55:50.000,1669,108047
2025-10-30 23:55:50.000,1669,108040
2025-10-30 23:55:50.000,1669,108034
2025-10-30 23:55:50.000,1669,108032
2025-10-30 23:55:50.000,1669,108029
2025-10-30 23:55:50.000,1669,108016
2025-10-30 23:55:51.001,1660,109015
2025-10-30 23:55:51.001,1660,109005
2025-10-30 23:55:51.001,1660,108990
2025-10-30 23:55:51.001,1660,108985
2025-10-30 23:55:51.001,1660,108981
2025-10-30 23:55:51.001,1660,108961
2025-10-30 23:55:51.001,1660,108941
2025-10-30 23:55:51.001,1660,108937
2025-10-30 23:55:51.001,1660,108935
2025-10-30 23:55:51.001,1660,108914
2025-10-30 23:55:52.000,1652,109910
2025-10-30 23:55:52.000,1652,109891
2025-10-30 23:55:52.000,1652,109879
2025-10-30 23:55:52.000,1652,109842
2025-10-30 23:55:52.000,1652,109824
2025-10-30 23:55:52.000,1652,109822
2025-10-30 23:55:52.000,1652,109818
2025-10-30 23:55:52.000,1652,109800
2025-10-30 23:55:52.000,1652,109773
2025-10-30 23:55:52.000,1652,109167
2025-10-30 23:55:53.001,1645,110158
2025-10-30 23:55:53.001,1645,110150
2025-10-30 23:55:53.001,1645,110133
2025-10-30 23:55:53.001,1645,110126
2025-10-30 23:55:53.001,1645,110120
2025-10-30 23:55:53.001,1645,110115
2025-10-30 23:55:53.001,1645,110097
2025-10-30 23:55:53.001,1645,110080
2025-10-30 23:55:53.001,1645,110069
2025-10-30 23:55:53.001,1645,110056
2025-10-30 23:55:54.000,1638,111033
2025-10-30 23:55:54.000,1638,111027
2025-10-30 23:55:54.000,1638,111018
2025-10-30 23:55:54.000,1638,111000
2025-10-30 23:55:54.000,1638,110990
2025-10-30 23:55:54.000,1638,110985
2025-10-30 23:55:54.000,1638,110978
2025-10-30 23:55:54.000,1638,110953
2025-10-30 23:55:54.000,1638,110951
2025-10-30 23:55:54.000,1638,110946
2025-10-30 23:55:55.000,1631,111939
2025-10-30 23:55:55.000,1631,111938
2025-10-30 23:55:55.000,1631,111931
2025-10-30 23:55:55.000,1631,111910
2025-10-30 23:55:55.000,1631,111163
2025-10-30 23:55:55.000,1631,111162
2025-10-30 23:55:55.000,1631,111159
2025-10-30 23:55:55.000,1631,111156
2025-10-30 23:55:55.000,1631,111153
2025-10-30 23:55:55.000,1631,111138
2025-10-30 23:55:56.000,1628,112130
2025-10-30 23:55:56.000,1628,112125
2025-10-30 23:55:56.000,1628,112116
2025-10-30 23:55:56.000,1628,112113
2025-10-30 23:55:56.000,1628,112109
2025-10-30 23:55:56.000,1628,112106
2025-10-30 23:55:56.000,1628,112101
2025-10-30 23:55:56.000,1628,112098
2025-10-30 23:55:56.000,1628,112095
2025-10-30 23:55:56.000,1628,112084
2025-10-30 23:55:57.001,1620,113074
2025-10-30 23:55:57.001,1620,113070
2025-10-30 23:55:57.001,1620,113069
2025-10-30 23:55:57.001,1620,113056
2025-10-30 23:55:57.001,1620,113054
2025-10-30 23:55:57.001,1620,113052
2025-10-30 23:55:57.001,1620,113045
2025-10-30 23:55:57.001,1620,113042
2025-10-30 23:55:57.001,1620,113014
2025-10-30 23:55:57.001,1620,113006
2025-10-30 23:55:58.000,1613,113992
2025-10-30 23:55:58.000,1613,113920
2025-10-30 23:55:58.000,1613,113915
2025-10-30 23:55:58.000,1613,113914
2025-10-30 23:55:58.000,1613,113902
2025-10-30 23:55:58.000,1613,113892
2025-10-30 23:55:58.000,1613,113164
2025-10-30 23:55:58.000,1613,113139
2025-10-30 23:55:58.000,1613,113132
2025-10-30 23:55:58.000,1613,113122
2025-10-30 23:55:59.000,1604,114120
2025-10-30 23:55:59.000,1604,114105
2025-10-30 23:55:59.000,1604,114103
2025-10-30 23:55:59.000,1604,114074
2025-10-30 23:55:59.000,1604,114055
2025-10-30 23:55:59.000,1604,114027
2025-10-30 23:55:59.000,1604,114020
2025-10-30 23:55:59.000,1604,114012
2025-10-30 23:55:59.000,1604,114010
2025-10-30 23:55:59.000,1604,114008
2025-10-30 23:56:00.000,1598,114987
2025-10-30 23:56:00.000,1598,114982
2025-10-30 23:56:00.000,1598,114981
2025-10-30 23:56:00.000,1598,114968
2025-10-30 23:56:00.000,1598,114963
2025-10-30 23:56:00.000,1598,114959
2025-10-30 23:56:00.000,1598,114954
2025-10-30 23:56:00.000,1598,114942
2025-10-30 23:56:00.000,1598,114932
2025-10-30 23:56:00.000,1598,114928
2025-10-30 23:56:01.001,1591,115924
2025-10-30 23:56:01.001,1591,115922
2025-10-30 23:56:01.001,1591,115916
2025-10-30 23:56:01.001,1591,115914
2025-10-30 23:56:01.001,1591,115905
2025-10-30 23:56:01.001,1591,115903
2025-10-30 23:56:01.001,1591,115902
2025-10-30 23:56:01.001,1591,115156
2025-10-30 23:56:01.001,1591,115150
2025-10-30 23:56:01.001,1591,115145
2025-10-30 23:56:02.000,1585,116141
2025-10-30 23:56:02.000,1585,116138
2025-10-30 23:56:02.000,1585,116131
2025-10-30 23:56:02.000,1585,116105
2025-10-30 23:56:02.000,1585,116097
2025-10-30 23:56:02.000,1585,116069
2025-10-30 23:56:02.000,1585,116064
2025-10-30 23:56:02.000,1585,116059
2025-10-30 23:56:02.000,1585,116044
2025-10-30 23:56:02.000,1585,116009
2025-10-30 23:56:03.001,1581,117005
2025-10-30 23:56:03.001,1581,117001
2025-10-30 23:56:03.001,1581,116996
2025-10-30 23:56:03.001,1581,116988
2025-10-30 23:56:03.001,1581,116977
2025-10-30 23:56:03.001,1581,116972
2025-10-30 23:56:03.001,1581,116967
2025-10-30 23:56:03.001,1581,116954
2025-10-30 23:56:03.001,1581,116952
2025-10-30 23:56:03.001,1581,116939
2025-10-30 23:56:04.000,1574,117165
2025-10-30 23:56:04.000,1574,117154
2025-10-30 23:56:04.000,1574,117135
2025-10-30 23:56:04.000,1574,117129
2025-10-30 23:56:04.000,1574,117122
2025-10-30 23:56:04.000,1574,117120
2025-10-30 23:56:04.000,1574,117116
2025-10-30 23:56:04.000,1574,117114
2025-10-30 23:56:04.000,1574,117111
2025-10-30 23:56:04.000,1574,117095
2025-10-30 23:56:05.001,1571,118094
2025-10-30 23:56:05.001,1571,118087
2025-10-30 23:56:05.001,1571,118083
2025-10-30 23:56:05.001,1571,118082
2025-10-30 23:56:05.001,1571,118080
2025-10-30 23:56:05.001,1571,118058
2025-10-30 23:56:05.001,1571,118047
2025-10-30 23:56:05.001,1571,118032
2025-10-30 23:56:05.001,1571,118023
2025-10-30 23:56:05.001,1571,118009
2025-10-30 23:56:06.000,1564,118979
2025-10-30 23:56:06.000,1564,118977
2025-10-30 23:56:06.000,1564,118972
2025-10-30 23:56:06.000,1564,118970
2025-10-30 23:56:06.000,1564,118968
2025-10-30 23:56:06.000,1564,118964
2025-10-30 23:56:06.000,1564,118954
2025-10-30 23:56:06.000,1564,118934
2025-10-30 23:56:06.000,1564,118925
2025-10-30 23:56:06.000,1564,118921
2025-10-30 23:56:07.001,1557,119920
2025-10-30 23:56:07.001,1557,119156
2025-10-30 23:56:07.001,1557,119155
2025-10-30 23:56:07.001,1557,119143
2025-10-30 23:56:07.001,1557,119133
2025-10-30 23:56:07.001,1557,119130
2025-10-30 23:56:07.001,1557,119114
2025-10-30 23:56:07.001,1557,119105
2025-10-30 23:56:07.001,1557,119099
2025-10-30 23:56:07.001,1557,119095
2025-10-30 23:56:08.000,1553,120077
2025-10-30 23:56:08.000,1553,120068
2025-10-30 23:56:08.000,1553,120062
2025-10-30 23:56:08.000,1553,120045
2025-10-30 23:56:08.000,1553,120040
2025-10-30 23:56:08.000,1553,120026
2025-10-30 23:56:08.000,1553,120018
2025-10-30 23:56:08.000,1553,120011
2025-10-30 23:56:08.000,1553,119995
2025-10-30 23:56:08.000,1553,119979
2025-10-30 23:56:09.000,1548,120975
2025-10-30 23:56:09.000,1548,120974
2025-10-30 23:56:09.000,1548,120963
2025-10-30 23:56:09.000,1548,120954
2025-10-30 23:56:09.000,1548,120933
2025-10-30 23:56:09.000,1548,120919
2025-10-30 23:56:09.000,1548,120917
2025-10-30 23:56:09.000,1548,120146
2025-10-30 23:56:09.000,1548,120139
2025-10-30 23:56:09.000,1548,120136
2025-10-30 23:56:10.001,1543,121132
2025-10-30 23:56:10.001,1543,121129
2025-10-30 23:56:10.001,1543,121126
2025-10-30 23:56:10.001,1543,121122
2025-10-30 23:56:10.001,1543,121115
2025-10-30 23:56:10.001,1543,121102
2025-10-30 23:56:10.001,1543,121082
2025-10-30 23:56:10.001,1543,121070
2025-10-30 23:56:10.001,1543,121066
2025-10-30 23:56:10.001,1543,121059
2025-10-30 23:56:11.000,1537,122034
2025-10-30 23:56:11.000,1537,122028
2025-10-30 23:56:11.000,1537,122021
2025-10-30 23:56:11.000,1537,122011
2025-10-30 23:56:11.000,1537,121986
2025-10-30 23:56:11.000,1537,121981
2025-10-30 23:56:11.000,1537,121978
2025-10-30 23:56:11.000,1537,121941
2025-10-30 23:56:11.000,1537,121937
2025-10-30 23:56:11.000,1537,121932
2025-10-30 23:56:12.000,1534,122931
2025-10-30 23:56:12.000,1534,122906
2025-10-30 23:56:12.000,1534,122160
2025-10-30 23:56:12.000,1534,122155
2025-10-30 23:56:12.000,1534,122144
2025-10-30 23:56:12.000,1534,122132
2025-10-30 23:56:12.000,1534,122125
2025-10-30 23:56:12.000,1534,122121
2025-10-30 23:56:12.000,1534,122114
2025-10-30 23:56:12.000,1534,122098
2025-10-30 23:56:13.000,1529,123088
2025-10-30 23:56:13.000,1529,123084
2025-10-30 23:56:13.000,1529,123072
2025-10-30 23:56:13.000,1529,123070
2025-10-30 23:56:13.000,1529,123064
2025-10-30 23:56:13.000,1529,123057
2025-10-30 23:56:13.000,1529,123051
2025-10-30 23:56:13.000,1529,123046
2025-10-30 23:56:13.000,1529,123043
2025-10-30 23:56:13.000,1529,123040
2025-10-30 23:56:14.001,1523,124031
2025-10-30 23:56:14.001,1523,124029
2025-10-30 23:56:14.001,1523,124027
2025-10-30 23:56:14.001,1523,124005
2025-10-30 23:56:14.001,1523,124003
2025-10-30 23:56:14.001,1523,123996
2025-10-30 23:56:14.001,1523,123991
2025-10-30 23:56:14.001,1523,123984
2025-10-30 23:56:14.001,1523,123981
2025-10-30 23:56:14.001,1523,123975
2025-10-30 23:56:15.000,1517,124972
2025-10-30 23:56:15.000,1517,124969
2025-10-30 23:56:15.000,1517,124968
2025-10-30 23:56:15.000,1517,124954
2025-10-30 23:56:15.000,1517,124949
2025-10-30 23:56:15.000,1517,124157
2025-10-30 23:56:15.000,1517,124147
2025-10-30 23:56:15.000,1517,124142
2025-10-30 23:56:15.000,1517,124131
2025-10-30 23:56:15.000,1517,124120
2025-10-30 23:56:16.000,1510,125100
2025-10-30 23:56:16.000,1510,125093
2025-10-30 23:56:16.000,1510,125088
2025-10-30 23:56:16.000,1510,125085
2025-10-30 23:56:16.000,1510,125073
2025-10-30 23:56:16.000,1510,125068
2025-10-30 23:56:16.000,1510,125063
2025-10-30 23:56:16.000,1510,125055
2025-10-30 23:56:16.000,1510,125052
2025-10-30 23:56:16.000,1510,125026
2025-10-30 23:56:17.001,1504,126019
2025-10-30 23:56:17.001,1504,125991
2025-10-30 23:56:17.001,1504,125983
2025-10-30 23:56:17.001,1504,125973
2025-10-30 23:56:17.001,1504,125970
2025-10-30 23:56:17.001,1504,125956
2025-10-30 23:56:17.001,1504,125953
2025-10-30 23:56:17.001,1504,125938
2025-10-30 23:56:17.001,1504,125929
2025-10-30 23:56:17.001,1504,125916
2025-10-30 23:56:18.000,1496,126907
2025-10-30 23:56:18.000,1496,126899
2025-10-30 23:56:18.000,1496,126898
2025-10-30 23:56:18.000,1496,126894
2025-10-30 23:56:18.000,1496,126879
2025-10-30 23:56:18.000,1496,126874
2025-10-30 23:56:18.000,1496,126870
2025-10-30 23:56:18.000,1496,126867
2025-10-30 23:56:18.000,1496,126839
2025-10-30 23:56:18.000,1496,126161
2025-10-30 23:56:19.000,1490,127155
2025-10-30 23:56:19.000,1490,127149
2025-10-30 23:56:19.000,1490,127141
2025-10-30 23:56:19.000,1490,127098
2025-10-30 23:56:19.000,1490,127083
2025-10-30 23:56:19.000,1490,127066
2025-10-30 23:56:19.000,1490,127040
2025-10-30 23:56:19.000,1490,127032
2025-10-30 23:56:19.000,1490,127003
2025-10-30 23:56:19.000,1490,126981
2025-10-30 23:56:20.001,1488,127945
2025-10-30 23:56:20.001,1488,127943
2025-10-30 23:56:20.001,1488,127940
2025-10-30 23:56:20.001,1488,127931
2025-10-30 23:56:20.001,1488,127926
2025-10-30 23:56:20.001,1488,127901
2025-10-30 23:56:20.001,1488,127881
2025-10-30 23:56:20.001,1488,127875
2025-10-30 23:56:20.001,1488,127870
2025-10-30 23:56:20.001,1488,127868
2025-10-30 23:56:21.000,1482,128832
2025-10-30 23:56:21.000,1482,128824
2025-10-30 23:56:21.000,1482,128821
2025-10-30 23:56:21.000,1482,128818
2025-10-30 23:56:21.000,1482,128809
2025-10-30 23:56:21.000,1482,128807
2025-10-30 23:56:21.000,1482,128797
2025-10-30 23:56:21.000,1482,128792
2025-10-30 23:56:21.000,1482,128790
2025-10-30 23:56:21.000,1482,128781
2025-10-30 23:56:22.001,1479,129772
2025-10-30 23:56:22.001,1479,129768
2025-10-30 23:56:22.001,1479,129766
2025-10-30 23:56:22.001,1479,129171
2025-10-30 23:56:22.001,1479,129164
2025-10-30 23:56:22.001,1479,129151
2025-10-30 23:56:22.001,1479,129149
2025-10-30 23:56:22.001,1479,129140
2025-10-30 23:56:22.001,1479,129125
2025-10-30 23:56:22.001,1479,129122
2025-10-30 23:56:23.000,1476,130120
2025-10-30 23:56:23.000,1476,130113
2025-10-30 23:56:23.000,1476,130110
2025-10-30 23:56:23.000,1476,130110
2025-10-30 23:56:23.000,1476,130102
2025-10-30 23:56:23.000,1476,130100
2025-10-30 23:56:23.000,1476,130091
2025-10-30 23:56:23.000,1476,130090
2025-10-30 23:56:23.000,1476,130086
2025-10-30 23:56:23.000,1476,130079
2025-10-30 23:56:24.000,1471,131077
2025-10-30 23:56:24.000,1471,131070
2025-10-30 23:56:24.000,1471,131068
2025-10-30 23:56:24.000,1471,131064
2025-10-30 23:56:24.000,1471,131059
2025-10-30 23:56:24.000,1471,131056
2025-10-30 23:56:24.000,1471,131030
2025-10-30 23:56:24.000,1471,131023
2025-10-30 23:56:24.000,1471,131008
2025-10-30 23:56:24.000,1471,131007
2025-10-30 23:56:25.001,1463,131992
2025-10-30 23:56:25.001,1463,131969
2025-10-30 23:56:25.001,1463,131968
2025-10-30 23:56:25.001,1463,131951
2025-10-30 23:56:25.001,1463,131921
2025-10-30 23:56:25.001,1463,131901
2025-10-30 23:56:25.001,1463,131898
2025-10-30 23:56:25.001,1463,131895
2025-10-30 23:56:25.001,1463,131891
2025-10-30 23:56:25.001,1463,131890
2025-10-30 23:56:26.008,1456,132173
2025-10-30 23:56:26.009,1456,132152
2025-10-30 23:56:26.009,1456,132142
2025-10-30 23:56:26.009,1456,132133
2025-10-30 23:56:26.009,1456,132129
2025-10-30 23:56:26.009,1456,132122
2025-10-30 23:56:26.009,1456,132111
2025-10-30 23:56:26.009,1456,132082
2025-10-30 23:56:26.009,1456,132077
2025-10-30 23:56:26.009,1456,132066
2025-10-30 23:56:27.001,1449,133041
2025-10-30 23:56:27.001,1449,133035
2025-10-30 23:56:27.001,1449,133023
2025-10-30 23:56:27.001,1449,133012
2025-10-30 23:56:27.001,1449,133005
2025-10-30 23:56:27.001,1449,132993
2025-10-30 23:56:27.001,1449,132974
2025-10-30 23:56:27.001,1449,132967
2025-10-30 23:56:27.001,1449,132956
2025-10-30 23:56:27.001,1449,132951
2025-10-30 23:56:28.001,1440,133946
2025-10-30 23:56:28.001,1440,133924
2025-10-30 23:56:28.001,1440,133913
2025-10-30 23:56:28.001,1440,133894
2025-10-30 23:56:28.001,1440,133888
2025-10-30 23:56:28.001,1440,133871
2025-10-30 23:56:28.001,1440,133854
2025-10-30 23:56:28.001,1440,133851
2025-10-30 23:56:28.001,1440,133849
2025-10-30 23:56:28.001,1440,133162
2025-10-30 23:56:29.000,1438,134160
2025-10-30 23:56:29.000,1438,134137
2025-10-30 23:56:29.000,1438,134135
2025-10-30 23:56:29.000,1438,134133
2025-10-30 23:56:29.000,1438,134123
2025-10-30 23:56:29.000,1438,134107
2025-10-30 23:56:29.000,1438,134103
2025-10-30 23:56:29.000,1438,134101
2025-10-30 23:56:29.000,1438,134096
2025-10-30 23:56:29.000,1438,134085
2025-10-30 23:56:30.000,1430,135072
2025-10-30 23:56:30.000,1430,135068
2025-10-30 23:56:30.000,1430,135066
2025-10-30 23:56:30.000,1430,135043
2025-10-30 23:56:30.000,1430,135032
2025-10-30 23:56:30.000,1430,135009
2025-10-30 23:56:30.000,1430,135003
2025-10-30 23:56:30.000,1430,134997
2025-10-30 23:56:30.000,1430,134993
2025-10-30 23:56:30.000,1430,134953
2025-10-30 23:56:31.000,1423,135952
2025-10-30 23:56:31.000,1423,135950
2025-10-30 23:56:31.000,1423,135949
2025-10-30 23:56:31.000,1423,135941
2025-10-30 23:56:31.000,1423,135938
2025-10-30 23:56:31.000,1423,134917
2025-10-30 23:56:31.000,1423,134906
2025-10-30 23:56:31.000,1423,134893
2025-10-30 23:56:31.000,1423,134878
2025-10-30 23:56:31.000,1423,134863
2025-10-30 23:56:32.001,1418,135861
2025-10-30 23:56:32.001,1418,135846
2025-10-30 23:56:32.001,1418,135807
2025-10-30 23:56:32.001,1418,135795
2025-10-30 23:56:32.001,1418,135771
2025-10-30 23:56:32.001,1418,135766
2025-10-30 23:56:32.001,1418,135757
2025-10-30 23:56:32.001,1418,135754
2025-10-30 23:56:32.001,1418,135753
2025-10-30 23:56:32.001,1418,135734
2025-10-30 23:56:33.000,1412,136728
2025-10-30 23:56:33.000,1412,136686
2025-10-30 23:56:33.000,1412,136682
2025-10-30 23:56:33.000,1412,136667
2025-10-30 23:56:33.000,1412,135905
2025-10-30 23:56:33.000,1412,135864
2025-10-30 23:56:33.000,1412,135855
2025-10-30 23:56:33.000,1412,135844
2025-10-30 23:56:33.000,1412,135837
2025-10-30 23:56:33.000,1412,135833
2025-10-30 23:56:34.000,1407,136802
2025-10-30 23:56:34.000,1407,136798
2025-10-30 23:56:34.000,1407,136789
2025-10-30 23:56:34.000,1407,136786
2025-10-30 23:56:34.000,1407,136776
2025-10-30 23:56:34.000,1407,136770
2025-10-30 23:56:34.000,1407,136765
2025-10-30 23:56:34.000,1407,136743
2025-10-30 23:56:34.000,1407,136738
2025-10-30 23:56:34.000,1407,136736
2025-10-30 23:56:35.000,1400,137734
2025-10-30 23:56:35.000,1400,137730
2025-10-30 23:56:35.000,1400,137727
2025-10-30 23:56:35.000,1400,137723
2025-10-30 23:56:35.000,1400,137722
2025-10-30 23:56:35.000,1400,137708
2025-10-30 23:56:35.000,1400,137707
2025-10-30 23:56:35.000,1400,137696
2025-10-30 23:56:35.000,1400,137691
2025-10-30 23:56:35.000,1400,137674
2025-10-30 23:56:36.001,1391,137919
2025-10-30 23:56:36.001,1391,137911
2025-10-30 23:56:36.001,1391,137909
2025-10-30 23:56:36.001,1391,137892
2025-10-30 23:56:36.001,1391,137890
2025-10-30 23:56:36.001,1391,137879
2025-10-30 23:56:36.001,1391,137866
2025-10-30 23:56:36.001,1391,137847
2025-10-30 23:56:36.001,1391,137842
2025-10-30 23:56:36.001,1391,137836
2025-10-30 23:56:37.000,1386,138831
2025-10-30 23:56:37.000,1386,138827
2025-10-30 23:56:37.000,1386,138820
2025-10-30 23:56:37.000,1386,138817
2025-10-30 23:56:37.000,1386,138808
2025-10-30 23:56:37.000,1386,138802
2025-10-30 23:56:37.000,1386,138790
2025-10-30 23:56:37.000,1386,138787
2025-10-30 23:56:37.000,1386,138783
2025-10-30 23:56:37.000,1386,138779
2025-10-30 23:56:38.000,1380,139776
2025-10-30 23:56:38.000,1380,139768
2025-10-30 23:56:38.000,1380,139759
2025-10-30 23:56:38.000,1380,139755
2025-10-30 23:56:38.000,1380,139739
2025-10-30 23:56:38.000,1380,139714
2025-10-30 23:56:38.000,1380,138920
2025-10-30 23:56:38.000,1380,138898
2025-10-30 23:56:38.000,1380,138897
2025-10-30 23:56:38.000,1380,138891
2025-10-30 23:56:39.001,1371,139886
2025-10-30 23:56:39.001,1371,139881
2025-10-30 23:56:39.001,1371,139875
2025-10-30 23:56:39.001,1371,139871
2025-10-30 23:56:39.001,1371,139861
2025-10-30 23:56:39.001,1371,139859
2025-10-30 23:56:39.001,1371,139850
2025-10-30 23:56:39.001,1371,139849
2025-10-30 23:56:39.001,1371,139825
2025-10-30 23:56:39.001,1371,139824
2025-10-30 23:56:40.001,1365,140822
2025-10-30 23:56:40.001,1365,140818
2025-10-30 23:56:40.001,1365,140805
2025-10-30 23:56:40.001,1365,140802
2025-10-30 23:56:40.001,1365,140798
2025-10-30 23:56:40.001,1365,140792
2025-10-30 23:56:40.001,1365,140782
2025-10-30 23:56:40.001,1365,140774
2025-10-30 23:56:40.001,1365,140772
2025-10-30 23:56:40.001,1365,140767
2025-10-30 23:56:41.000,1357,141732
2025-10-30 23:56:41.000,1357,141726
2025-10-30 23:56:41.000,1357,141724
2025-10-30 23:56:41.000,1357,141715
2025-10-30 23:56:41.000,1357,141714
2025-10-30 23:56:41.000,1357,141708
2025-10-30 23:56:41.000,1357,141702
2025-10-30 23:56:41.000,1357,141690
2025-10-30 23:56:41.000,1357,140917
2025-10-30 23:56:41.000,1357,140910
2025-10-30 23:56:42.001,1350,141903
2025-10-30 23:56:42.001,1350,141889
2025-10-30 23:56:42.001,1350,141880
2025-10-30 23:56:42.001,1350,141851
2025-10-30 23:56:42.001,1350,141837
2025-10-30 23:56:42.001,1350,141836
2025-10-30 23:56:42.001,1350,141822
2025-10-30 23:56:42.001,1350,141820
2025-10-30 23:56:42.001,1350,141806
2025-10-30 23:56:42.001,1350,141799
2025-10-30 23:56:43.000,1344,142783
2025-10-30 23:56:43.000,1344,142781
2025-10-30 23:56:43.000,1344,142775
2025-10-30 23:56:43.000,1344,142749
2025-10-30 23:56:43.000,1344,142742
2025-10-30 23:56:43.000,1344,142719
2025-10-30 23:56:43.000,1344,142713
2025-10-30 23:56:43.000,1344,142701
2025-10-30 23:56:43.000,1344,142690
2025-10-30 23:56:43.000,1344,142656
2025-10-30 23:56:44.000,1336,143653
2025-10-30 23:56:44.000,1336,143640
2025-10-30 23:56:44.000,1336,143634
2025-10-30 23:56:44.000,1336,143631
2025-10-30 23:56:44.000,1336,143629
2025-10-30 23:56:44.000,1336,143625
2025-10-30 23:56:44.000,1336,143623
2025-10-30 23:56:44.000,1336,143615
2025-10-30 23:56:44.000,1336,142910
2025-10-30 23:56:44.000,1336,142897
2025-10-30 23:56:45.000,1328,143885
2025-10-30 23:56:45.000,1328,143876
2025-10-30 23:56:45.000,1328,143875
2025-10-30 23:56:45.000,1328,143869
2025-10-30 23:56:45.000,1328,143867
2025-10-30 23:56:45.000,1328,143862
2025-10-30 23:56:45.000,1328,143860
2025-10-30 23:56:45.000,1328,143850
2025-10-30 23:56:45.000,1328,143840
2025-10-30 23:56:45.000,1328,143837
2025-10-30 23:56:46.001,1324,144821
2025-10-30 23:56:46.001,1324,144794
2025-10-30 23:56:46.001,1324,144784
2025-10-30 23:56:46.001,1324,144751
2025-10-30 23:56:46.001,1324,144746
2025-10-30 23:56:46.001,1324,144738
2025-10-30 23:56:46.001,1324,144727
2025-10-30 23:56:46.001,1324,144724
2025-10-30 23:56:46.001,1324,143921
2025-10-30 23:56:46.001,1324,143918
2025-10-30 23:56:47.001,1318,144916
2025-10-30 23:56:47.001,1318,144914
2025-10-30 23:56:47.001,1318,144903
2025-10-30 23:56:47.001,1318,144896
2025-10-30 23:56:47.001,1318,144894
2025-10-30 23:56:47.001,1318,144889
2025-10-30 23:56:47.001,1318,144881
2025-10-30 23:56:47.001,1318,144857
2025-10-30 23:56:47.001,1318,144855
2025-10-30 23:56:47.001,1318,144846
2025-10-30 23:56:48.000,1310,145839
2025-10-30 23:56:48.000,1310,145832
2025-10-30 23:56:48.000,1310,145820
2025-10-30 23:56:48.000,1310,145815
2025-10-30 23:56:48.000,1310,145813
2025-10-30 23:56:48.000,1310,145805
2025-10-30 23:56:48.000,1310,145804
2025-10-30 23:56:48.000,1310,145802
2025-10-30 23:56:48.000,1310,145790
2025-10-30 23:56:48.000,1310,145776
2025-10-30 23:56:49.004,1307,146773
2025-10-30 23:56:49.004,1307,146768
2025-10-30 23:56:49.004,1307,146746
2025-10-30 23:56:49.004,1307,146744
2025-10-30 23:56:49.004,1307,146738
2025-10-30 23:56:49.004,1307,146734
2025-10-30 23:56:49.004,1307,146731
2025-10-30 23:56:49.004,1307,145921
2025-10-30 23:56:49.004,1307,145916
2025-10-30 23:56:49.004,1307,145907
2025-10-30 23:56:50.000,1304,146901
2025-10-30 23:56:50.000,1304,146892
2025-10-30 23:56:50.000,1304,146886
2025-10-30 23:56:50.000,1304,146863
2025-10-30 23:56:50.000,1304,146846
2025-10-30 23:56:50.000,1304,146836
2025-10-30 23:56:50.000,1304,146834
2025-10-30 23:56:50.000,1304,146825
2025-10-30 23:56:50.000,1304,146824
2025-10-30 23:56:50.000,1304,146821
2025-10-30 23:56:51.001,1296,147809
2025-10-30 23:56:51.001,1296,147807
2025-10-30 23:56:51.001,1296,147794
2025-10-30 23:56:51.001,1296,147787
2025-10-30 23:56:51.001,1296,147785
2025-10-30 23:56:51.001,1296,147782
2025-10-30 23:56:51.001,1296,147775
2025-10-30 23:56:51.001,1296,147765
2025-10-30 23:56:51.001,1296,147764
2025-10-30 23:56:51.001,1296,147755
2025-10-30 23:56:52.001,1290,148752
2025-10-30 23:56:52.001,1290,148748
2025-10-30 23:56:52.001,1290,148740
2025-10-30 23:56:52.001,1290,148739
2025-10-30 23:56:52.001,1290,148730
2025-10-30 23:56:52.001,1290,148726
2025-10-30 23:56:52.001,1290,148720
2025-10-30 23:56:52.001,1290,148705
2025-10-30 23:56:52.001,1290,148694
2025-10-30 23:56:52.001,1290,148685
2025-10-30 23:56:53.000,1281,149682
2025-10-30 23:56:53.000,1281,148901
2025-10-30 23:56:53.000,1281,148890
2025-10-30 23:56:53.000,1281,148870
2025-10-30 23:56:53.000,1281,148866
2025-10-30 23:56:53.000,1281,148865
2025-10-30 23:56:53.000,1281,148838
2025-10-30 23:56:53.000,1281,148830
2025-10-30 23:56:53.000,1281,148808
2025-10-30 23:56:53.000,1281,148806
2025-10-30 23:56:54.001,1274,149790
2025-10-30 23:56:54.001,1274,149788
2025-10-30 23:56:54.001,1274,149785
2025-10-30 23:56:54.001,1274,149762
2025-10-30 23:56:54.001,1274,149753
2025-10-30 23:56:54.001,1274,149740
2025-10-30 23:56:54.001,1274,149726
2025-10-30 23:56:54.001,1274,149715
2025-10-30 23:56:54.001,1274,149704
2025-10-30 23:56:54.001,1274,149694
2025-10-30 23:56:55.001,1270,149917
2025-10-30 23:56:55.001,1270,149911
2025-10-30 23:56:55.001,1270,149883
2025-10-30 23:56:55.001,1270,149854
2025-10-30 23:56:55.001,1270,149821
2025-10-30 23:56:55.001,1270,149783
2025-10-30 23:56:55.001,1270,149762
2025-10-30 23:56:55.001,1270,149720
2025-10-30 23:56:55.001,1270,149710
2025-10-30 23:56:55.001,1270,149702
2025-10-30 23:56:56.000,1260,150683
2025-10-30 23:56:56.000,1260,150666
2025-10-30 23:56:56.000,1260,150632
2025-10-30 23:56:56.000,1260,150593
2025-10-30 23:56:56.000,1260,150582
2025-10-30 23:56:56.000,1260,150567
2025-10-30 23:56:56.000,1260,150551
2025-10-30 23:56:56.000,1260,150540
2025-10-30 23:56:56.000,1260,150538
2025-10-30 23:56:56.000,1260,150526
2025-10-30 23:56:57.000,1256,150922
2025-10-30 23:56:57.000,1256,150906
2025-10-30 23:56:57.000,1256,150891
2025-10-30 23:56:57.000,1256,150883
2025-10-30 23:56:57.000,1256,150881
2025-10-30 23:56:57.000,1256,150870
2025-10-30 23:56:57.000,1256,150860
2025-10-30 23:56:57.000,1256,150854
2025-10-30 23:56:57.000,1256,150848
2025-10-30 23:56:57.000,1256,150843
2025-10-30 23:56:58.001,1254,151841
2025-10-30 23:56:58.001,1254,151839
2025-10-30 23:56:58.001,1254,151833
2025-10-30 23:56:58.001,1254,151825
2025-10-30 23:56:58.001,1254,151800
2025-10-30 23:56:58.001,1254,151797
2025-10-30 23:56:58.001,1254,151793
2025-10-30 23:56:58.001,1254,151792
2025-10-30 23:56:58.001,1254,151783
2025-10-30 23:56:58.001,1254,151703
2025-10-30 23:56:59.001,1252,152691
2025-10-30 23:56:59.001,1252,152688
2025-10-30 23:56:59.001,1252,152683
2025-10-30 23:56:59.001,1252,152670
2025-10-30 23:56:59.001,1252,152666
2025-10-30 23:56:59.001,1252,152664
2025-10-30 23:56:59.001,1252,152655
2025-10-30 23:56:59.001,1252,152654
2025-10-30 23:56:59.001,1252,152652
2025-10-30 23:56:59.001,1252,151919
2025-10-30 23:57:00.000,1248,152913
2025-10-30 23:57:00.000,1248,152886
2025-10-30 23:57:00.000,1248,152874
2025-10-30 23:57:00.000,1248,152854
2025-10-30 23:57:00.000,1248,152850
2025-10-30 23:57:00.000,1248,152803
2025-10-30 23:57:00.000,1248,152798
2025-10-30 23:57:00.000,1248,152786
2025-10-30 23:57:00.000,1248,152780
2025-10-30 23:57:00.000,1248,152766
2025-10-30 23:57:01.001,1243,153764
2025-10-30 23:57:01.001,1243,153753
2025-10-30 23:57:01.001,1243,153749
2025-10-30 23:57:01.001,1243,153747
2025-10-30 23:57:01.001,1243,153743
2025-10-30 23:57:01.001,1243,153731
2025-10-30 23:57:01.001,1243,153707
2025-10-30 23:57:01.001,1243,153701
2025-10-30 23:57:01.001,1243,152919
2025-10-30 23:57:01.001,1243,152902
2025-10-30 23:57:02.006,1236,153904
2025-10-30 23:57:02.006,1236,153891
2025-10-30 23:57:02.006,1236,153884
2025-10-30 23:57:02.006,1236,153881
2025-10-30 23:57:02.006,1236,153877
2025-10-30 23:57:02.006,1236,153873
2025-10-30 23:57:02.006,1236,153849
2025-10-30 23:57:02.006,1236,153848
2025-10-30 23:57:02.006,1236,153844
2025-10-30 23:57:02.006,1236,153820
2025-10-30 23:57:03.001,1234,154805
2025-10-30 23:57:03.001,1234,154782
2025-10-30 23:57:03.001,1234,154771
2025-10-30 23:57:03.001,1234,154750
2025-10-30 23:57:03.001,1234,154732
2025-10-30 23:57:03.001,1234,153904
2025-10-30 23:57:03.001,1234,153886
2025-10-30 23:57:03.001,1234,153884
2025-10-30 23:57:03.001,1234,153871
2025-10-30 23:57:03.001,1234,153857
2025-10-30 23:57:04.000,1227,154853
2025-10-30 23:57:04.000,1227,154849
2025-10-30 23:57:04.000,1227,154838
2025-10-30 23:57:04.000,1227,154825
2025-10-30 23:57:04.000,1227,154819
2025-10-30 23:57:04.000,1227,154817
2025-10-30 23:57:04.000,1227,154812
2025-10-30 23:57:04.000,1227,154797
2025-10-30 23:57:04.000,1227,154789
2025-10-30 23:57:04.000,1227,154783
2025-10-30 23:57:05.001,1221,155778
2025-10-30 23:57:05.001,1221,155773
2025-10-30 23:57:05.001,1221,155752
2025-10-30 23:57:05.001,1221,155739
2025-10-30 23:57:05.001,1221,155737
2025-10-30 23:57:05.001,1221,155735
2025-10-30 23:57:05.001,1221,155733
2025-10-30 23:57:05.001,1221,155725
2025-10-30 23:57:05.001,1221,155723
2025-10-30 23:57:05.001,1221,155721
2025-10-30 23:57:06.000,1218,156708
2025-10-30 23:57:06.000,1218,156702
2025-10-30 23:57:06.000,1218,156697
2025-10-30 23:57:06.000,1218,155913
2025-10-30 23:57:06.000,1218,155909
2025-10-30 23:57:06.000,1218,155892
2025-10-30 23:57:06.000,1218,155887
2025-10-30 23:57:06.000,1218,155853
2025-10-30 23:57:06.000,1218,155832
2025-10-30 23:57:06.000,1218,155823
2025-10-30 23:57:07.000,1214,156817
2025-10-30 23:57:07.000,1214,156811
2025-10-30 23:57:07.000,1214,156805
2025-10-30 23:57:07.000,1214,156802
2025-10-30 23:57:07.000,1214,156800
2025-10-30 23:57:07.000,1214,156789
2025-10-30 23:57:07.000,1214,156784
2025-10-30 23:57:07.000,1214,156779
2025-10-30 23:57:07.000,1214,156767
2025-10-30 23:57:07.000,1214,156746
2025-10-30 23:57:08.001,1206,157659
2025-10-30 23:57:08.001,1206,157653
2025-10-30 23:57:08.001,1206,157649
2025-10-30 23:57:08.001,1206,157643
2025-10-30 23:57:08.001,1206,157635
2025-10-30 23:57:08.001,1206,157629
2025-10-30 23:57:08.001,1206,157620
2025-10-30 23:57:08.001,1206,157617
2025-10-30 23:57:08.001,1206,157616
2025-10-30 23:57:08.001,1206,156913
2025-10-30 23:57:09.000,1199,157899
2025-10-30 23:57:09.000,1199,157888
2025-10-30 23:57:09.000,1199,157887
2025-10-30 23:57:09.000,1199,157879
2025-10-30 23:57:09.000,1199,157854
2025-10-30 23:57:09.000,1199,157851
2025-10-30 23:57:09.000,1199,157850
2025-10-30 23:57:09.000,1199,157849
2025-10-30 23:57:09.000,1199,157821
2025-10-30 23:57:09.000,1199,157805
2025-10-30 23:57:10.000,1190,158801
2025-10-30 23:57:10.000,1190,158792
2025-10-30 23:57:10.000,1190,158789
2025-10-30 23:57:10.000,1190,158786
2025-10-30 23:57:10.000,1190,158782
2025-10-30 23:57:10.000,1190,158770
2025-10-30 23:57:10.000,1190,158765
2025-10-30 23:57:10.000,1190,158758
2025-10-30 23:57:10.000,1190,158749
2025-10-30 23:57:10.000,1190,158746
2025-10-30 23:57:11.001,1186,158922
2025-10-30 23:57:11.001,1186,158909
2025-10-30 23:57:11.001,1186,158881
2025-10-30 23:57:11.001,1186,158874
2025-10-30 23:57:11.001,1186,158872
2025-10-30 23:57:11.001,1186,158870
2025-10-30 23:57:11.001,1186,158865
2025-10-30 23:57:11.001,1186,158849
2025-10-30 23:57:11.001,1186,158847
2025-10-30 23:57:11.001,1186,158821
2025-10-30 23:57:12.000,1181,159818
2025-10-30 23:57:12.000,1181,159806
2025-10-30 23:57:12.000,1181,159801
2025-10-30 23:57:12.000,1181,159800
2025-10-30 23:57:12.000,1181,159786
2025-10-30 23:57:12.000,1181,159781
2025-10-30 23:57:12.000,1181,159779
2025-10-30 23:57:12.000,1181,159773
2025-10-30 23:57:12.000,1181,159767
2025-10-30 23:57:12.000,1181,159759
2025-10-30 23:57:13.000,1177,160746
2025-10-30 23:57:13.000,1177,160727
2025-10-30 23:57:13.000,1177,160720
2025-10-30 23:57:13.000,1177,159881
2025-10-30 23:57:13.000,1177,159854
2025-10-30 23:57:13.000,1177,159849
2025-10-30 23:57:13.000,1177,159841
2025-10-30 23:57:13.000,1177,159830
2025-10-30 23:57:13.000,1177,159824
2025-10-30 23:57:13.000,1177,159814
2025-10-30 23:57:14.000,1171,160803
2025-10-30 23:57:14.000,1171,160798
2025-10-30 23:57:14.000,1171,160793
2025-10-30 23:57:14.000,1171,160777
2025-10-30 23:57:14.000,1171,160765
2025-10-30 23:57:14.000,1171,160758
2025-10-30 23:57:14.000,1171,160756
2025-10-30 23:57:14.000,1171,160747
2025-10-30 23:57:14.000,1171,160702
2025-10-30 23:57:14.000,1171,160676
2025-10-30 23:57:15.001,1165,161676
2025-10-30 23:57:15.001,1165,161673
2025-10-30 23:57:15.001,1165,161667
2025-10-30 23:57:15.001,1165,160918
2025-10-30 23:57:15.001,1165,160914
2025-10-30 23:57:15.001,1165,160912
2025-10-30 23:57:15.001,1165,160909
2025-10-30 23:57:15.001,1165,160896
2025-10-30 23:57:15.001,1165,160867
2025-10-30 23:57:15.001,1165,160866
2025-10-30 23:57:16.001,1160,161858
2025-10-30 23:57:16.001,1160,161852
2025-10-30 23:57:16.001,1160,161809
2025-10-30 23:57:16.001,1160,161789
2025-10-30 23:57:16.001,1160,161773
2025-10-30 23:57:16.001,1160,161768
2025-10-30 23:57:16.001,1160,161755
2025-10-30 23:57:16.001,1160,161740
2025-10-30 23:57:16.001,1160,161736
2025-10-30 23:57:16.001,1160,161701
2025-10-30 23:57:17.000,1152,161920
2025-10-30 23:57:17.000,1152,161917
2025-10-30 23:57:17.000,1152,161914
2025-10-30 23:57:17.000,1152,161883
2025-10-30 23:57:17.000,1152,161869
2025-10-30 23:57:17.000,1152,161868
2025-10-30 23:57:17.000,1152,161862
2025-10-30 23:57:17.000,1152,161850
2025-10-30 23:57:17.000,1152,161845
2025-10-30 23:57:17.000,1152,161843
2025-10-30 23:57:18.001,1147,162816
2025-10-30 23:57:18.001,1147,162814
2025-10-30 23:57:18.001,1147,162808
2025-10-30 23:57:18.001,1147,162798
2025-10-30 23:57:18.001,1147,162790
2025-10-30 23:57:18.001,1147,162786
2025-10-30 23:57:18.001,1147,162781
2025-10-30 23:57:18.001,1147,162780
2025-10-30 23:57:18.001,1147,162777
2025-10-30 23:57:18.001,1147,162774
2025-10-30 23:57:19.000,1145,163772
2025-10-30 23:57:19.000,1145,163758
2025-10-30 23:57:19.000,1145,163751
2025-10-30 23:57:19.000,1145,163738
2025-10-30 23:57:19.000,1145,163733
2025-10-30 23:57:19.000,1145,163721
2025-10-30 23:57:19.000,1145,163714
2025-10-30 23:57:19.000,1145,163712
2025-10-30 23:57:19.000,1145,163703
2025-10-30 23:57:19.000,1145,163700
2025-10-30 23:57:20.000,1138,164693
2025-10-30 23:57:20.000,1138,164687
2025-10-30 23:57:20.000,1138,164683
2025-10-30 23:57:20.000,1138,164681
2025-10-30 23:57:20.000,1138,163656
2025-10-30 23:57:20.000,1138,163652
2025-10-30 23:57:20.000,1138,163585
2025-10-30 23:57:20.000,1138,163544
2025-10-30 23:57:20.000,1138,163539
2025-10-30 23:57:20.000,1138,163535
2025-10-30 23:57:21.000,1131,164521
2025-10-30 23:57:21.000,1131,164511
2025-10-30 23:57:21.000,1131,164508
2025-10-30 23:57:21.000,1131,164493
2025-10-30 23:57:21.000,1131,164481
2025-10-30 23:57:21.000,1131,163665
2025-10-30 23:57:21.000,1131,163659
2025-10-30 23:57:21.000,1131,163650
2025-10-30 23:57:21.000,1131,163648
2025-10-30 23:57:21.000,1131,163639
2025-10-30 23:57:22.001,1126,164631
2025-10-30 23:57:22.001,1126,164620
2025-10-30 23:57:22.001,1126,164616
2025-10-30 23:57:22.001,1126,164615
2025-10-30 23:57:22.001,1126,164610
2025-10-30 23:57:22.001,1126,164600
2025-10-30 23:57:22.001,1126,164597
2025-10-30 23:57:22.001,1126,164594
2025-10-30 23:57:22.001,1126,164583
2025-10-30 23:57:22.001,1126,164577
2025-10-30 23:57:23.000,1122,165574
2025-10-30 23:57:23.000,1122,165572
2025-10-30 23:57:23.000,1122,165569
2025-10-30 23:57:23.000,1122,165559
2025-10-30 23:57:23.000,1122,165556
2025-10-30 23:57:23.000,1122,165547
2025-10-30 23:57:23.000,1122,164666
2025-10-30 23:57:23.000,1122,164634
2025-10-30 23:57:23.000,1122,164620
2025-10-30 23:57:23.000,1122,164602
2025-10-30 23:57:24.000,1117,165581
2025-10-30 23:57:24.000,1117,165570
2025-10-30 23:57:24.000,1117,165555
2025-10-30 23:57:24.000,1117,165547
2025-10-30 23:57:24.000,1117,165541
2025-10-30 23:57:24.000,1117,165540
2025-10-30 23:57:24.000,1117,165536
2025-10-30 23:57:24.000,1117,165524
2025-10-30 23:57:24.000,1117,165520
2025-10-30 23:57:24.000,1117,165515
2025-10-30 23:57:25.001,1112,166514
2025-10-30 23:57:25.001,1112,166505
2025-10-30 23:57:25.001,1112,165665
2025-10-30 23:57:25.001,1112,165658
2025-10-30 23:57:25.001,1112,165649
2025-10-30 23:57:25.001,1112,165637
2025-10-30 23:57:25.001,1112,165624
2025-10-30 23:57:25.001,1112,165621
2025-10-30 23:57:25.001,1112,165616
2025-10-30 23:57:25.001,1112,165590
2025-10-30 23:57:26.000,1105,166581
2025-10-30 23:57:26.000,1105,166573
2025-10-30 23:57:26.000,1105,166567
2025-10-30 23:57:26.000,1105,166564
2025-10-30 23:57:26.000,1105,166551
2025-10-30 23:57:26.000,1105,166549
2025-10-30 23:57:26.000,1105,166514
2025-10-30 23:57:26.000,1105,166508
2025-10-30 23:57:26.000,1105,165669
2025-10-30 23:57:26.000,1105,165658
2025-10-30 23:57:27.000,1099,166656
2025-10-30 23:57:27.000,1099,166654
2025-10-30 23:57:27.000,1099,166650
2025-10-30 23:57:27.000,1099,166642
2025-10-30 23:57:27.000,1099,166639
2025-10-30 23:57:27.000,1099,166636
2025-10-30 23:57:27.000,1099,166625
2025-10-30 23:57:27.000,1099,166619
2025-10-30 23:57:27.000,1099,166609
2025-10-30 23:57:27.000,1099,166607
2025-10-30 23:57:28.000,1093,167601
2025-10-30 23:57:28.000,1093,167595
2025-10-30 23:57:28.000,1093,167578
2025-10-30 23:57:28.000,1093,167576
2025-10-30 23:57:28.000,1093,167569
2025-10-30 23:57:28.000,1093,166662
2025-10-30 23:57:28.000,1093,166637
2025-10-30 23:57:28.000,1093,166635
2025-10-30 23:57:28.000,1093,166634
2025-10-30 23:57:28.000,1093,166631
2025-10-30 23:57:29.001,1086,167630
2025-10-30 23:57:29.001,1086,167625
2025-10-30 23:57:29.001,1086,167617
2025-10-30 23:57:29.001,1086,167605
2025-10-30 23:57:29.001,1086,167597
2025-10-30 23:57:29.001,1086,167575
2025-10-30 23:57:29.001,1086,167572
2025-10-30 23:57:29.001,1086,167568
2025-10-30 23:57:29.001,1086,167550
2025-10-30 23:57:29.001,1086,167548
2025-10-30 23:57:30.000,1083,168546
2025-10-30 23:57:30.000,1083,168538
2025-10-30 23:57:30.000,1083,167660
2025-10-30 23:57:30.000,1083,167656
2025-10-30 23:57:30.000,1083,167649
2025-10-30 23:57:30.000,1083,167638
2025-10-30 23:57:30.000,1083,167625
2025-10-30 23:57:30.000,1083,167622
2025-10-30 23:57:30.000,1083,167608
2025-10-30 23:57:30.000,1083,167604
2025-10-30 23:57:31.000,1074,168583
2025-10-30 23:57:31.000,1074,168580
2025-10-30 23:57:31.000,1074,168566
2025-10-30 23:57:31.000,1074,168559
2025-10-30 23:57:31.000,1074,168554
2025-10-30 23:57:31.000,1074,168541
2025-10-30 23:57:31.000,1074,168534
2025-10-30 23:57:31.000,1074,168532
2025-10-30 23:57:31.000,1074,168526
2025-10-30 23:57:31.000,1074,168518
2025-10-30 23:57:32.000,1066,169515
2025-10-30 23:57:32.000,1066,169513
2025-10-30 23:57:32.000,1066,168667
2025-10-30 23:57:32.000,1066,168652
2025-10-30 23:57:32.000,1066,168649
2025-10-30 23:57:32.000,1066,168648
2025-10-30 23:57:32.000,1066,168634
2025-10-30 23:57:32.000,1066,168623
2025-10-30 23:57:32.000,1066,168619
2025-10-30 23:57:32.000,1066,168616
2025-10-30 23:57:33.001,1057,169610
2025-10-30 23:57:33.001,1057,169601
2025-10-30 23:57:33.001,1057,169588
2025-10-30 23:57:33.001,1057,169577
2025-10-30 23:57:33.001,1057,169553
2025-10-30 23:57:33.001,1057,169551
2025-10-30 23:57:33.001,1057,169540
2025-10-30 23:57:33.001,1057,168667
2025-10-30 23:57:33.001,1057,168662
2025-10-30 23:57:33.001,1057,168661
2025-10-30 23:57:34.000,1051,169658
2025-10-30 23:57:34.000,1051,169645
2025-10-30 23:57:34.000,1051,169642
2025-10-30 23:57:34.000,1051,169637
2025-10-30 23:57:34.000,1051,169633
2025-10-30 23:57:34.000,1051,169631
2025-10-30 23:57:34.000,1051,169608
2025-10-30 23:57:34.000,1051,169599
2025-10-30 23:57:34.000,1051,169581
2025-10-30 23:57:34.000,1051,169578
2025-10-30 23:57:35.001,1043,170569
2025-10-30 23:57:35.001,1043,170568
2025-10-30 23:57:35.001,1043,170567
2025-10-30 23:57:35.001,1043,170551
2025-10-30 23:57:35.001,1043,169667
2025-10-30 23:57:35.001,1043,169665
2025-10-30 23:57:35.001,1043,169653
2025-10-30 23:57:35.001,1043,169641
2025-10-30 23:57:35.001,1043,169639
2025-10-30 23:57:35.001,1043,169638
2025-10-30 23:57:36.000,1035,170634
2025-10-30 23:57:36.000,1035,170631
2025-10-30 23:57:36.000,1035,170629
2025-10-30 23:57:36.000,1035,170620
2025-10-30 23:57:36.000,1035,170617
2025-10-30 23:57:36.000,1035,170608
2025-10-30 23:57:36.000,1035,170602
2025-10-30 23:57:36.000,1035,170592
2025-10-30 23:57:36.000,1035,170584
2025-10-30 23:57:36.000,1035,170582
2025-10-30 23:57:37.001,1027,171581
2025-10-30 23:57:37.001,1027,171575
2025-10-30 23:57:37.001,1027,171571
2025-10-30 23:57:37.001,1027,171570
2025-10-30 23:57:37.001,1027,171567
2025-10-30 23:57:37.001,1027,171560
2025-10-30 23:57:37.001,1027,171559
2025-10-30 23:57:37.001,1027,171539
2025-10-30 23:57:37.001,1027,170666
2025-10-30 23:57:37.001,1027,170656
2025-10-30 23:57:38.000,1025,171647
2025-10-30 23:57:38.000,1025,171641
2025-10-30 23:57:38.000,1025,171640
2025-10-30 23:57:38.000,1025,171637
2025-10-30 23:57:38.000,1025,171629
2025-10-30 23:57:38.000,1025,171625
2025-10-30 23:57:38.000,1025,171619
2025-10-30 23:57:38.000,1025,171605
2025-10-30 23:57:38.000,1025,171566
2025-10-30 23:57:38.000,1025,171564
2025-10-30 23:57:39.000,1017,172544
2025-10-30 23:57:39.000,1017,172504
2025-10-30 23:57:39.000,1017,172498
2025-10-30 23:57:39.000,1017,172490
2025-10-30 23:57:39.000,1017,172469
2025-10-30 23:57:39.000,1017,171656
2025-10-30 23:57:39.000,1017,171639
2025-10-30 23:57:39.000,1017,171625
2025-10-30 23:57:39.000,1017,171622
2025-10-30 23:57:39.000,1017,171613
2025-10-30 23:57:40.000,1011,172608
2025-10-30 23:57:40.000,1011,172599
2025-10-30 23:57:40.000,1011,172530
2025-10-30 23:57:40.000,1011,172528
2025-10-30 23:57:40.000,1011,172522
2025-10-30 23:57:40.000,1011,172483
2025-10-30 23:57:40.000,1011,172445
2025-10-30 23:57:40.000,1011,172434
2025-10-30 23:57:40.000,1011,172414
2025-10-30 23:57:40.000,1011,172407
2025-10-30 23:57:41.001,1004,173397
2025-10-30 23:57:41.001,1004,173387
2025-10-30 23:57:41.001,1004,173373
2025-10-30 23:57:41.001,1004,173365
2025-10-30 23:57:41.001,1004,172650
2025-10-30 23:57:41.001,1004,172648
2025-10-30 23:57:41.001,1004,172644
2025-10-30 23:57:41.001,1004,172640
2025-10-30 23:57:41.001,1004,172635
2025-10-30 23:57:41.001,1004,172631
2025-10-30 23:57:42.001,996,173606
2025-10-30 23:57:42.001,996,173602
2025-10-30 23:57:42.001,996,173598
2025-10-30 23:57:42.001,996,173585
2025-10-30 23:57:42.001,996,173579
2025-10-30 23:57:42.001,996,173567
2025-10-30 23:57:42.001,996,173509
2025-10-30 23:57:42.001,996,173505
2025-10-30 23:57:42.001,996,173504
2025-10-30 23:57:42.001,996,173498
2025-10-30 23:57:43.000,991,174484
2025-10-30 23:57:43.000,991,174482
2025-10-30 23:57:43.000,991,174480
2025-10-30 23:57:43.000,991,174478
2025-10-30 23:57:43.000,991,173657
2025-10-30 23:57:43.000,991,173647
2025-10-30 23:57:43.000,991,173630
2025-10-30 23:57:43.000,991,173625
2025-10-30 23:57:43.000,991,173617
2025-10-30 23:57:43.000,991,173615
2025-10-30 23:57:44.000,985,174610
2025-10-30 23:57:44.000,985,174600
2025-10-30 23:57:44.000,985,174594
2025-10-30 23:57:44.000,985,174590
2025-10-30 23:57:44.000,985,174583
2025-10-30 23:57:44.000,985,174571
2025-10-30 23:57:44.000,985,174548
2025-10-30 23:57:44.000,985,174545
2025-10-30 23:57:44.000,985,174544
2025-10-30 23:57:44.000,985,173668
2025-10-30 23:57:45.001,975,174666
2025-10-30 23:57:45.001,975,174650
2025-10-30 23:57:45.001,975,174640
2025-10-30 23:57:45.001,975,174637
2025-10-30 23:57:45.001,975,174635
2025-10-30 23:57:45.001,975,174626
2025-10-30 23:57:45.001,975,174616
2025-10-30 23:57:45.001,975,174614
2025-10-30 23:57:45.001,975,174611
2025-10-30 23:57:45.001,975,174609
2025-10-30 23:57:46.000,967,175606
2025-10-30 23:57:46.000,967,175600
2025-10-30 23:57:46.000,967,175596
2025-10-30 23:57:46.000,967,175587
2025-10-30 23:57:46.000,967,175582
2025-10-30 23:57:46.000,967,175578
2025-10-30 23:57:46.000,967,175576
2025-10-30 23:57:46.000,967,175573
2025-10-30 23:57:46.000,967,175556
2025-10-30 23:57:46.000,967,175555
2025-10-30 23:57:47.001,964,176549
2025-10-30 23:57:47.001,964,176536
2025-10-30 23:57:47.001,964,175657
2025-10-30 23:57:47.001,964,175653
2025-10-30 23:57:47.001,964,175650
2025-10-30 23:57:47.001,964,175632
2025-10-30 23:57:47.001,964,175623
2025-10-30 23:57:47.001,964,175605
2025-10-30 23:57:47.001,964,175601
2025-10-30 23:57:47.001,964,175590
2025-10-30 23:57:48.003,957,176590
2025-10-30 23:57:48.004,957,176587
2025-10-30 23:57:48.004,957,176586
2025-10-30 23:57:48.004,957,176583
2025-10-30 23:57:48.004,957,176579
2025-10-30 23:57:48.004,957,176553
2025-10-30 23:57:48.004,957,175665
2025-10-30 23:57:48.004,957,175661
2025-10-30 23:57:48.004,957,175657
2025-10-30 23:57:48.004,957,175646
2025-10-30 23:57:49.001,953,176638
2025-10-30 23:57:49.001,953,176633
2025-10-30 23:57:49.001,953,176631
2025-10-30 23:57:49.001,953,176627
2025-10-30 23:57:49.001,953,176610
2025-10-30 23:57:49.001,953,176606
2025-10-30 23:57:49.001,953,176601
2025-10-30 23:57:49.001,953,176594
2025-10-30 23:57:49.001,953,176587
2025-10-30 23:57:49.001,953,176581
2025-10-30 23:57:50.000,945,177569
2025-10-30 23:57:50.000,945,177567
2025-10-30 23:57:50.000,945,177559
2025-10-30 23:57:50.000,945,177551
2025-10-30 23:57:50.000,945,177550
2025-10-30 23:57:50.000,945,177547
2025-10-30 23:57:50.000,945,177538
2025-10-30 23:57:50.000,945,176657
2025-10-30 23:57:50.000,945,176655
2025-10-30 23:57:50.000,945,176645
2025-10-30 23:57:51.000,939,177642
2025-10-30 23:57:51.000,939,177640
2025-10-30 23:57:51.000,939,177635
2025-10-30 23:57:51.000,939,177627
2025-10-30 23:57:51.000,939,177624
2025-10-30 23:57:51.000,939,177613
2025-10-30 23:57:51.000,939,177611
2025-10-30 23:57:51.000,939,177609
2025-10-30 23:57:51.000,939,177606
2025-10-30 23:57:51.000,939,177578
2025-10-30 23:57:52.000,934,178559
2025-10-30 23:57:52.000,934,178553
2025-10-30 23:57:52.000,934,178550
2025-10-30 23:57:52.000,934,178536
2025-10-30 23:57:52.000,934,178533
2025-10-30 23:57:52.000,934,178522
2025-10-30 23:57:52.000,934,178519
2025-10-30 23:57:52.000,934,177660
2025-10-30 23:57:52.000,934,177654
2025-10-30 23:57:52.000,934,177648
2025-10-30 23:57:53.001,928,178625
2025-10-30 23:57:53.001,928,178610
2025-10-30 23:57:53.001,928,178594
2025-10-30 23:57:53.001,928,178585
2025-10-30 23:57:53.001,928,178567
2025-10-30 23:57:53.001,928,178565
2025-10-30 23:57:53.001,928,178560
2025-10-30 23:57:53.001,928,177664
2025-10-30 23:57:53.001,928,177660
2025-10-30 23:57:53.001,928,177636
2025-10-30 23:57:54.000,920,178615
2025-10-30 23:57:54.000,920,178611
2025-10-30 23:57:54.000,920,178609
2025-10-30 23:57:54.000,920,178598
2025-10-30 23:57:54.000,920,178597
2025-10-30 23:57:54.000,920,178593
2025-10-30 23:57:54.000,920,178591
2025-10-30 23:57:54.000,920,178590
2025-10-30 23:57:54.000,920,178588
2025-10-30 23:57:54.000,920,178583
2025-10-30 23:57:55.001,912,179582
2025-10-30 23:57:55.001,912,179576
2025-10-30 23:57:55.001,912,179571
2025-10-30 23:57:55.001,912,179569
2025-10-30 23:57:55.001,912,179568
2025-10-30 23:57:55.001,912,179560
2025-10-30 23:57:55.001,912,179558
2025-10-30 23:57:55.001,912,179555
2025-10-30 23:57:55.001,912,179553
2025-10-30 23:57:55.001,912,179547
2025-10-30 23:57:56.000,906,180540
2025-10-30 23:57:56.000,906,179509
2025-10-30 23:57:56.000,906,179508
2025-10-30 23:57:56.000,906,179506
2025-10-30 23:57:56.000,906,179485
2025-10-30 23:57:56.000,906,179482
2025-10-30 23:57:56.000,906,179478
2025-10-30 23:57:56.000,906,179453
2025-10-30 23:57:56.000,906,179435
2025-10-30 23:57:56.000,906,178525
2025-10-30 23:57:57.001,898,179524
2025-10-30 23:57:57.001,898,179518
2025-10-30 23:57:57.001,898,179515
2025-10-30 23:57:57.001,898,179513
2025-10-30 23:57:57.001,898,179508
2025-10-30 23:57:57.001,898,179507
2025-10-30 23:57:57.001,898,179506
2025-10-30 23:57:57.001,898,179501
2025-10-30 23:57:57.001,898,179496
2025-10-30 23:57:57.001,898,179491
2025-10-30 23:57:58.000,891,180489
2025-10-30 23:57:58.000,891,180486
2025-10-30 23:57:58.000,891,180485
2025-10-30 23:57:58.000,891,180483
2025-10-30 23:57:58.000,891,180473
2025-10-30 23:57:58.000,891,180471
2025-10-30 23:57:58.000,891,180469
2025-10-30 23:57:58.000,891,180461
2025-10-30 23:57:58.000,891,180451
2025-10-30 23:57:58.000,891,180447
2025-10-30 23:57:59.001,882,180524
2025-10-30 23:57:59.001,882,180519
2025-10-30 23:57:59.001,882,180506
2025-10-30 23:57:59.001,882,180491
2025-10-30 23:57:59.001,882,180475
2025-10-30 23:57:59.001,882,180450
2025-10-30 23:57:59.001,882,180430
2025-10-30 23:57:59.001,882,180424
2025-10-30 23:57:59.001,882,179517
2025-10-30 23:57:59.001,882,179492
2025-10-30 23:58:00.000,874,180489
2025-10-30 23:58:00.000,874,180484
2025-10-30 23:58:00.000,874,180479
2025-10-30 23:58:00.000,874,180472
2025-10-30 23:58:00.000,874,180464
2025-10-30 23:58:00.000,874,179527
2025-10-30 23:58:00.000,874,179523
2025-10-30 23:58:00.000,874,179521
2025-10-30 23:58:00.000,874,179519
2025-10-30 23:58:00.000,874,179508
2025-10-30 23:58:01.001,867,180504
2025-10-30 23:58:01.001,867,180502
2025-10-30 23:58:01.001,867,180501
2025-10-30 23:58:01.001,867,180493
2025-10-30 23:58:01.001,867,180485
2025-10-30 23:58:01.001,867,180463
2025-10-30 23:58:01.001,867,179514
2025-10-30 23:58:01.001,867,179511
2025-10-30 23:58:01.001,867,179504
2025-10-30 23:58:01.001,867,179502
2025-10-30 23:58:02.000,863,180498
2025-10-30 23:58:02.000,863,180496
2025-10-30 23:58:02.000,863,180493
2025-10-30 23:58:02.000,863,180490
2025-10-30 23:58:02.000,863,180488
2025-10-30 23:58:02.000,863,180480
2025-10-30 23:58:02.000,863,180477
2025-10-30 23:58:02.000,863,180465
2025-10-30 23:58:02.000,863,180453
2025-10-30 23:58:02.000,863,180451
2025-10-30 23:58:03.000,859,181450
2025-10-30 23:58:03.000,859,180525
2025-10-30 23:58:03.000,859,180512
2025-10-30 23:58:03.000,859,180502
2025-10-30 23:58:03.000,859,180496
2025-10-30 23:58:03.000,859,180483
2025-10-30 23:58:03.000,859,180479
2025-10-30 23:58:03.000,859,179525
2025-10-30 23:58:03.000,859,179515
2025-10-30 23:58:03.000,859,179503
2025-10-30 23:58:04.001,856,180503
2025-10-30 23:58:04.001,856,180499
2025-10-30 23:58:04.001,856,180491
2025-10-30 23:58:04.001,856,180476
2025-10-30 23:58:04.001,856,180470
2025-10-30 23:58:04.001,856,180456
2025-10-30 23:58:04.001,856,180450
2025-10-30 23:58:04.001,856,179530
2025-10-30 23:58:04.001,856,179524
2025-10-30 23:58:04.001,856,179517
2025-10-30 23:58:05.000,849,180514
2025-10-30 23:58:05.000,849,180507
2025-10-30 23:58:05.000,849,180497
2025-10-30 23:58:05.000,849,180492
2025-10-30 23:58:05.000,849,180485
2025-10-30 23:58:05.000,849,179526
2025-10-30 23:58:05.000,849,179523
2025-10-30 23:58:05.000,849,179521
2025-10-30 23:58:05.000,849,179516
2025-10-30 23:58:05.000,849,179502
2025-10-30 23:58:06.000,842,180492
2025-10-30 23:58:06.000,842,180482
2025-10-30 23:58:06.000,842,180451
2025-10-30 23:58:06.000,842,179529
2025-10-30 23:58:06.000,842,179527
2025-10-30 23:58:06.000,842,179524
2025-10-30 23:58:06.000,842,179502
2025-10-30 23:58:06.000,842,179495
2025-10-30 23:58:06.000,842,179492
2025-10-30 23:58:06.000,842,179488
2025-10-30 23:58:07.001,834,180481
2025-10-30 23:58:07.001,834,180471
2025-10-30 23:58:07.001,834,180469
2025-10-30 23:58:07.001,834,180458
2025-10-30 23:58:07.001,834,179517
2025-10-30 23:58:07.001,834,179512
2025-10-30 23:58:07.001,834,179506
2025-10-30 23:58:07.001,834,179502
2025-10-30 23:58:07.001,834,179499
2025-10-30 23:58:07.001,834,179491
2025-10-30 23:58:08.000,829,180485
2025-10-30 23:58:08.000,829,180479
2025-10-30 23:58:08.000,829,180476
2025-10-30 23:58:08.000,829,180474
2025-10-30 23:58:08.000,829,180452
2025-10-30 23:58:08.000,829,179526
2025-10-30 23:58:08.000,829,179513
2025-10-30 23:58:08.000,829,179500
2025-10-30 23:58:08.000,829,179490
2025-10-30 23:58:08.000,829,179485
2025-10-30 23:58:09.000,825,180480
2025-10-30 23:58:09.296,825,180476
2025-10-30 23:58:09.296,825,180457
2025-10-30 23:58:09.296,825,179809
2025-10-30 23:58:09.296,825,179805
2025-10-30 23:58:09.296,825,179787
2025-10-30 23:58:09.296,825,179785
2025-10-30 23:58:09.296,825,179782
2025-10-30 23:58:09.296,825,179778
2025-10-30 23:58:09.296,825,179773
2025-10-30 23:58:10.000,825,180473
2025-10-30 23:58:10.000,825,180471
2025-10-30 23:58:10.000,825,180460
2025-10-30 23:58:10.000,825,180442
2025-10-30 23:58:10.000,825,179521
2025-10-30 23:58:10.000,825,179520
2025-10-30 23:58:10.000,825,179495
2025-10-30 23:58:10.000,825,179486
2025-10-30 23:58:10.000,825,179480
2025-10-30 23:58:10.000,825,179471
2025-10-30 23:58:11.000,812,180468
2025-10-30 23:58:11.001,812,180456
2025-10-30 23:58:11.001,812,180453
2025-10-30 23:58:11.001,812,180450
2025-10-30 23:58:11.001,812,179527
2025-10-30 23:58:11.001,812,179522
2025-10-30 23:58:11.001,812,179517
2025-10-30 23:58:11.001,812,179489
2025-10-30 23:58:11.001,812,179474
2025-10-30 23:58:11.001,812,179470
2025-10-30 23:58:12.000,806,180467
2025-10-30 23:58:12.000,806,180464
2025-10-30 23:58:12.000,806,180460
2025-10-30 23:58:12.000,806,180448
2025-10-30 23:58:12.000,806,179526
2025-10-30 23:58:12.000,806,179514
2025-10-30 23:58:12.000,806,179483
2025-10-30 23:58:12.000,806,179481
2025-10-30 23:58:12.000,806,179474
2025-10-30 23:58:12.000,806,179468
2025-10-30 23:58:13.000,800,180461
2025-10-30 23:58:13.000,800,180439
2025-10-30 23:58:13.000,800,180434
2025-10-30 23:58:13.000,800,179484
2025-10-30 23:58:13.000,800,179480
2025-10-30 23:58:13.000,800,179471
2025-10-30 23:58:13.000,800,179450
2025-10-30 23:58:13.000,800,178521
2025-10-30 23:58:13.000,800,178512
2025-10-30 23:58:13.001,800,178501
2025-10-30 23:58:14.000,792,179491
2025-10-30 23:58:14.000,792,179489
2025-10-30 23:58:14.000,792,179473
2025-10-30 23:58:14.000,792,179462
2025-10-30 23:58:14.000,792,179451
2025-10-30 23:58:14.000,792,178522
2025-10-30 23:58:14.000,792,178517
2025-10-30 23:58:14.000,792,178510
2025-10-30 23:58:14.000,792,178496
2025-10-30 23:58:14.000,792,178493
2025-10-30 23:58:15.001,786,179477
2025-10-30 23:58:15.001,786,179473
2025-10-30 23:58:15.001,786,179470
2025-10-30 23:58:15.001,786,179457
2025-10-30 23:58:15.001,786,178448
2025-10-30 23:58:15.001,786,178438
2025-10-30 23:58:15.001,786,178428
2025-10-30 23:58:15.001,786,178423
2025-10-30 23:58:15.001,786,178422
2025-10-30 23:58:15.001,786,178408
2025-10-30 23:58:16.000,781,179404
2025-10-30 23:58:16.000,781,179400
2025-10-30 23:58:16.000,781,179398
2025-10-30 23:58:16.000,781,179392
2025-10-30 23:58:16.000,781,179380
2025-10-30 23:58:16.000,781,178435
2025-10-30 23:58:16.000,781,178433
2025-10-30 23:58:16.000,781,178427
2025-10-30 23:58:16.000,781,178423
2025-10-30 23:58:16.000,781,178414
2025-10-30 23:58:17.000,774,179414
2025-10-30 23:58:17.000,774,179391
2025-10-30 23:58:17.000,774,179384
2025-10-30 23:58:17.000,774,179374
2025-10-30 23:58:17.000,774,178447
2025-10-30 23:58:17.000,774,178417
2025-10-30 23:58:17.000,774,178412
2025-10-30 23:58:17.000,774,178408
2025-10-30 23:58:17.000,774,178407
2025-10-30 23:58:17.000,774,178404
2025-10-30 23:58:18.001,768,179403
2025-10-30 23:58:18.001,768,179402
2025-10-30 23:58:18.001,768,179397
2025-10-30 23:58:18.001,768,178439
2025-10-30 23:58:18.001,768,178435
2025-10-30 23:58:18.001,768,178431
2025-10-30 23:58:18.001,768,178428
2025-10-30 23:58:18.001,768,178417
2025-10-30 23:58:18.001,768,178414
2025-10-30 23:58:18.001,768,178413
2025-10-30 23:58:19.000,763,179406
2025-10-30 23:58:19.000,763,179402
2025-10-30 23:58:19.000,763,179400
2025-10-30 23:58:19.000,763,179395
2025-10-30 23:58:19.000,763,179379
2025-10-30 23:58:19.000,763,178441
2025-10-30 23:58:19.000,763,178439
2025-10-30 23:58:19.000,763,178437
2025-10-30 23:58:19.000,763,178434
2025-10-30 23:58:19.000,763,178432
2025-10-30 23:58:20.003,759,179426
2025-10-30 23:58:20.003,759,179421
2025-10-30 23:58:20.003,759,179420
2025-10-30 23:58:20.003,759,179413
2025-10-30 23:58:20.003,759,179411
2025-10-30 23:58:20.003,759,179405
2025-10-30 23:58:20.003,759,179402
2025-10-30 23:58:20.003,759,179387
2025-10-30 23:58:20.003,759,179386
2025-10-30 23:58:20.003,759,179373
2025-10-30 23:58:21.001,754,180368
2025-10-30 23:58:21.001,754,179448
2025-10-30 23:58:21.001,754,179415
2025-10-30 23:58:21.001,754,179413
2025-10-30 23:58:21.001,754,179407
2025-10-30 23:58:21.001,754,179397
2025-10-30 23:58:21.001,754,179392
2025-10-30 23:58:21.001,754,179388
2025-10-30 23:58:21.001,754,179385
2025-10-30 23:58:21.001,754,179381
2025-10-30 23:58:22.000,750,180378
2025-10-30 23:58:22.000,750,180373
2025-10-30 23:58:22.000,750,179447
2025-10-30 23:58:22.000,750,179443
2025-10-30 23:58:22.000,750,179438
2025-10-30 23:58:22.000,750,179436
2025-10-30 23:58:22.000,750,179431
2025-10-30 23:58:22.000,750,179426
2025-10-30 23:58:22.000,750,179418
2025-10-30 23:58:22.000,750,179413
2025-10-30 23:58:23.000,745,180407
2025-10-30 23:58:23.000,745,180394
2025-10-30 23:58:23.000,745,180387
2025-10-30 23:58:23.000,745,180383
2025-10-30 23:58:23.000,745,179438
2025-10-30 23:58:23.000,745,179421
2025-10-30 23:58:23.000,745,179420
2025-10-30 23:58:23.000,745,179415
2025-10-30 23:58:23.000,745,179405
2025-10-30 23:58:23.000,745,179398
2025-10-30 23:58:24.001,736,180391
2025-10-30 23:58:24.001,736,179446
2025-10-30 23:58:24.001,736,179439
2025-10-30 23:58:24.001,736,179431
2025-10-30 23:58:24.001,736,179401
2025-10-30 23:58:24.001,736,179396
2025-10-30 23:58:24.001,736,179394
2025-10-30 23:58:24.001,736,179393
2025-10-30 23:58:24.001,736,179391
2025-10-30 23:58:24.001,736,179389
2025-10-30 23:58:25.000,729,180386
2025-10-30 23:58:25.000,729,179431
2025-10-30 23:58:25.000,729,179423
2025-10-30 23:58:25.000,729,179419
2025-10-30 23:58:25.000,729,179413
2025-10-30 23:58:25.000,729,179399
2025-10-30 23:58:25.000,729,179386
2025-10-30 23:58:25.000,729,178431
2025-10-30 23:58:25.000,729,178426
2025-10-30 23:58:25.000,729,178420
2025-10-30 23:58:26.001,723,179417
2025-10-30 23:58:26.001,723,179416
2025-10-30 23:58:26.001,723,179411
2025-10-30 23:58:26.001,723,178436
2025-10-30 23:58:26.001,723,178424
2025-10-30 23:58:26.001,723,178413
2025-10-30 23:58:26.001,723,178403
2025-10-30 23:58:26.001,723,177439
2025-10-30 23:58:26.001,723,177426
2025-10-30 23:58:26.001,723,177424
2025-10-30 23:58:27.000,718,178419
2025-10-30 23:58:27.000,718,178415
2025-10-30 23:58:27.000,718,178410
2025-10-30 23:58:27.000,718,177431
2025-10-30 23:58:27.000,718,177423
2025-10-30 23:58:27.000,718,177408
2025-10-30 23:58:27.000,718,177405
2025-10-30 23:58:27.000,718,177393
2025-10-30 23:58:27.000,718,177389
2025-10-30 23:58:27.000,718,176444
2025-10-30 23:58:28.001,712,177440
2025-10-30 23:58:28.001,712,177434
2025-10-30 23:58:28.001,712,177432
2025-10-30 23:58:28.001,712,177429
2025-10-30 23:58:28.001,712,177420
2025-10-30 23:58:28.001,712,177403
2025-10-30 23:58:28.001,712,177397
2025-10-30 23:58:28.001,712,177393
2025-10-30 23:58:28.001,712,176422
2025-10-30 23:58:28.001,712,176409
2025-10-30 23:58:29.000,704,177406
2025-10-30 23:58:29.000,704,177403
2025-10-30 23:58:29.000,704,177398
2025-10-30 23:58:29.000,704,177397
2025-10-30 23:58:29.000,704,177391
2025-10-30 23:58:29.000,704,176426
2025-10-30 23:58:29.000,704,176418
2025-10-30 23:58:29.000,704,176406
2025-10-30 23:58:29.000,704,176380
2025-10-30 23:58:29.000,704,176367
2025-10-30 23:58:30.000,697,176447
2025-10-30 23:58:30.000,697,176436
2025-10-30 23:58:30.000,697,176435
2025-10-30 23:58:30.000,697,176429
2025-10-30 23:58:30.000,697,176401
2025-10-30 23:58:30.000,697,176393
2025-10-30 23:58:30.000,697,175431
2025-10-30 23:58:30.000,697,175430
2025-10-30 23:58:30.000,697,175428
2025-10-30 23:58:30.000,697,175415
2025-10-30 23:58:31.001,691,176404
2025-10-30 23:58:31.001,691,176393
2025-10-30 23:58:31.001,691,176391
2025-10-30 23:58:31.001,691,175444
2025-10-30 23:58:31.001,691,175436
2025-10-30 23:58:31.001,691,175434
2025-10-30 23:58:31.001,691,175419
2025-10-30 23:58:31.001,691,175415
2025-10-30 23:58:31.001,691,175411
2025-10-30 23:58:31.001,691,175405
2025-10-30 23:58:32.000,684,176400
2025-10-30 23:58:32.000,684,176389
2025-10-30 23:58:32.000,684,175369
2025-10-30 23:58:32.000,684,175366
2025-10-30 23:58:32.000,684,175365
2025-10-30 23:58:32.000,684,175362
2025-10-30 23:58:32.000,684,174379
2025-10-30 23:58:32.000,684,174376
2025-10-30 23:58:32.000,684,174368
2025-10-30 23:58:32.000,684,174361
2025-10-30 23:58:33.000,676,175358
2025-10-30 23:58:33.000,676,175353
2025-10-30 23:58:33.000,676,175351
2025-10-30 23:58:33.000,676,174382
2025-10-30 23:58:33.000,676,173371
2025-10-30 23:58:33.000,676,173370
2025-10-30 23:58:33.000,676,173365
2025-10-30 23:58:33.000,676,173361
2025-10-30 23:58:33.000,676,172363
2025-10-30 23:58:33.000,676,172353
2025-10-30 23:58:34.000,668,172381
2025-10-30 23:58:34.000,668,172356
2025-10-30 23:58:34.000,668,172352
2025-10-30 23:58:34.000,668,171378
2025-10-30 23:58:34.000,668,171376
2025-10-30 23:58:34.000,668,171351
2025-10-30 23:58:34.000,668,171347
2025-10-30 23:58:34.000,668,170359
2025-10-30 23:58:34.000,668,170349
2025-10-30 23:58:34.000,668,169382
2025-10-30 23:58:35.001,663,170381
2025-10-30 23:58:35.001,663,170373
2025-10-30 23:58:35.001,663,170367
2025-10-30 23:58:35.001,663,170350
2025-10-30 23:58:35.001,663,170322
2025-10-30 23:58:35.001,663,169373
2025-10-30 23:58:35.001,663,169366
2025-10-30 23:58:35.001,663,169358
2025-10-30 23:58:35.001,663,168379
2025-10-30 23:58:35.001,663,168376
2025-10-30 23:58:36.000,660,169372
2025-10-30 23:58:36.000,660,169369
2025-10-30 23:58:36.000,660,169358
2025-10-30 23:58:36.000,660,168368
2025-10-30 23:58:36.000,660,168366
2025-10-30 23:58:36.000,660,168365
2025-10-30 23:58:36.000,660,168362
2025-10-30 23:58:36.000,660,168356
2025-10-30 23:58:36.000,660,167365
2025-10-30 23:58:36.000,660,166365
2025-10-30 23:58:37.000,654,166370
2025-10-30 23:58:37.000,654,166360
2025-10-30 23:58:37.000,654,165366
2025-10-30 23:58:37.000,654,165364
2025-10-30 23:58:37.000,654,165337
2025-10-30 23:58:37.000,654,164377
2025-10-30 23:58:37.000,654,164373
2025-10-30 23:58:37.000,654,164361
2025-10-30 23:58:37.000,654,163285
2025-10-30 23:58:37.000,654,163281
2025-10-30 23:58:38.001,647,164209
2025-10-30 23:58:38.001,647,163364
2025-10-30 23:58:38.001,647,163350
2025-10-30 23:58:38.001,647,163346
2025-10-30 23:58:38.001,647,163341
2025-10-30 23:58:38.001,647,163338
2025-10-30 23:58:38.001,647,163335
2025-10-30 23:58:38.001,647,163322
2025-10-30 23:58:38.001,647,162380
2025-10-30 23:58:38.001,647,162329
2025-10-30 23:58:39.000,642,162318
2025-10-30 23:58:39.000,642,162301
2025-10-30 23:58:39.000,642,162293
2025-10-30 23:58:39.000,642,161319
2025-10-30 23:58:39.000,642,160299
2025-10-30 23:58:39.000,642,160279
2025-10-30 23:58:39.000,642,160274
2025-10-30 23:58:39.000,642,160264
2025-10-30 23:58:39.000,642,159308
2025-10-30 23:58:39.000,642,159296
2025-10-30 23:58:40.001,638,160295
2025-10-30 23:58:40.001,638,159325
2025-10-30 23:58:40.001,638,159314
2025-10-30 23:58:40.001,638,159303
2025-10-30 23:58:40.001,638,159288
2025-10-30 23:58:40.001,638,158319
2025-10-30 23:58:40.001,638,158317
2025-10-30 23:58:40.001,638,158300
2025-10-30 23:58:40.001,638,158281
2025-10-30 23:58:40.001,638,158279
2025-10-30 23:58:41.000,633,159261
2025-10-30 23:58:41.000,633,158321
2025-10-30 23:58:41.000,633,158318
2025-10-30 23:58:41.000,633,158291
2025-10-30 23:58:41.000,633,157323
2025-10-30 23:58:41.000,633,157296
2025-10-30 23:58:41.000,633,157280
2025-10-30 23:58:41.000,633,157271
2025-10-30 23:58:41.000,633,157265
2025-10-30 23:58:41.000,633,157257
2025-10-30 23:58:42.000,625,158246
2025-10-30 23:58:42.000,625,157318
2025-10-30 23:58:42.000,625,157310
2025-10-30 23:58:42.000,625,157301
2025-10-30 23:58:42.000,625,156318
2025-10-30 23:58:42.000,625,156316
2025-10-30 23:58:42.000,625,156297
2025-10-30 23:58:42.000,625,155320
2025-10-30 23:58:42.000,625,155312
2025-10-30 23:58:42.000,625,155310
2025-10-30 23:58:43.001,622,156307
2025-10-30 23:58:43.001,622,156298
2025-10-30 23:58:43.001,622,156296
2025-10-30 23:58:43.001,622,155317
2025-10-30 23:58:43.001,622,155309
2025-10-30 23:58:43.001,622,155307
2025-10-30 23:58:43.001,622,155294
2025-10-30 23:58:43.001,622,155287
2025-10-30 23:58:43.001,622,154302
2025-10-30 23:58:43.001,622,154300
2025-10-30 23:58:44.000,617,155280
2025-10-30 23:58:44.000,617,155276
2025-10-30 23:58:44.000,617,155269
2025-10-30 23:58:44.000,617,154321
2025-10-30 23:58:44.000,617,154311
2025-10-30 23:58:44.000,617,154299
2025-10-30 23:58:44.000,617,154286
2025-10-30 23:58:44.000,617,153322
2025-10-30 23:58:44.000,617,153320
2025-10-30 23:58:44.000,617,153314
2025-10-30 23:58:45.001,612,154307
2025-10-30 23:58:45.001,612,154304
2025-10-30 23:58:45.001,612,154301
2025-10-30 23:58:45.001,612,154294
2025-10-30 23:58:45.001,612,153317
2025-10-30 23:58:45.001,612,153300
2025-10-30 23:58:45.001,612,153296
2025-10-30 23:58:45.001,612,153293
2025-10-30 23:58:45.001,612,153285
2025-10-30 23:58:45.001,612,152326
2025-10-30 23:58:46.000,605,153321
2025-10-30 23:58:46.000,605,153318
2025-10-30 23:58:46.000,605,153302
2025-10-30 23:58:46.000,605,152325
2025-10-30 23:58:46.000,605,152319
2025-10-30 23:58:46.000,605,152316
2025-10-30 23:58:46.000,605,152304
2025-10-30 23:58:46.000,605,151318
2025-10-30 23:58:46.000,605,151311
2025-10-30 23:58:46.000,605,151307
2025-10-30 23:58:47.001,599,151315
2025-10-30 23:58:47.001,599,151301
2025-10-30 23:58:47.001,599,151299
2025-10-30 23:58:47.001,599,151296
2025-10-30 23:58:47.001,599,150284
2025-10-30 23:58:47.001,599,150282
2025-10-30 23:58:47.001,599,149196
2025-10-30 23:58:47.001,599,149143
2025-10-30 23:58:47.001,599,149139
2025-10-30 23:58:47.001,599,149113
2025-10-30 23:58:48.000,589,149281
2025-10-30 23:58:48.000,589,149277
2025-10-30 23:58:48.000,589,149275
2025-10-30 23:58:48.000,589,149267
2025-10-30 23:58:48.000,589,149263
2025-10-30 23:58:48.000,589,149261
2025-10-30 23:58:48.000,589,149256
2025-10-30 23:58:48.000,589,149245
2025-10-30 23:58:48.000,589,148283
2025-10-30 23:58:48.000,589,148270
2025-10-30 23:58:49.000,583,149245
2025-10-30 23:58:49.000,583,149238
2025-10-30 23:58:49.000,583,148286
2025-10-30 23:58:49.000,583,148282
2025-10-30 23:58:49.000,583,148279
2025-10-30 23:58:49.000,583,148270
2025-10-30 23:58:49.000,583,148263
2025-10-30 23:58:49.000,583,148261
2025-10-30 23:58:49.000,583,148258
2025-10-30 23:58:49.000,583,147284
2025-10-30 23:58:50.001,574,148273
2025-10-30 23:58:50.001,574,148264
2025-10-30 23:58:50.001,574,148261
2025-10-30 23:58:50.001,574,148254
2025-10-30 23:58:50.001,574,148252
2025-10-30 23:58:50.001,574,148248
2025-10-30 23:58:50.001,574,147285
2025-10-30 23:58:50.001,574,147282
2025-10-30 23:58:50.001,574,147276
2025-10-30 23:58:50.001,574,147262
2025-10-30 23:58:51.001,567,148254
2025-10-30 23:58:51.001,567,147272
2025-10-30 23:58:51.001,567,147263
2025-10-30 23:58:51.001,567,146286
2025-10-30 23:58:51.001,567,146262
2025-10-30 23:58:51.001,567,146251
2025-10-30 23:58:51.001,567,145267
2025-10-30 23:58:51.001,567,145259
2025-10-30 23:58:51.001,567,145255
2025-10-30 23:58:51.001,567,144266
2025-10-30 23:58:52.000,562,144283
2025-10-30 23:58:52.000,562,144281
2025-10-30 23:58:52.000,562,144274
2025-10-30 23:58:52.000,562,144268
2025-10-30 23:58:52.000,562,144267
2025-10-30 23:58:52.000,562,144252
2025-10-30 23:58:52.000,562,144249
2025-10-30 23:58:52.000,562,144247
2025-10-30 23:58:52.000,562,143276
2025-10-30 23:58:52.000,562,143270
2025-10-30 23:58:53.000,557,143284
2025-10-30 23:58:53.000,557,143277
2025-10-30 23:58:53.000,557,143256
2025-10-30 23:58:53.000,557,142266
2025-10-30 23:58:53.000,557,142255
2025-10-30 23:58:53.000,557,142252
2025-10-30 23:58:53.000,557,142249
2025-10-30 23:58:53.000,557,142247
2025-10-30 23:58:53.000,557,141279
2025-10-30 23:58:53.000,557,141276
2025-10-30 23:58:54.000,549,142243
2025-10-30 23:58:54.000,549,142216
2025-10-30 23:58:54.000,549,141285
2025-10-30 23:58:54.000,549,141282
2025-10-30 23:58:54.000,549,141266
2025-10-30 23:58:54.000,549,141243
2025-10-30 23:58:54.000,549,141233
2025-10-30 23:58:54.000,549,140279
2025-10-30 23:58:54.000,549,140275
2025-10-30 23:58:54.000,549,140264
2025-10-30 23:58:55.001,544,140269
2025-10-30 23:58:55.001,544,139276
2025-10-30 23:58:55.001,544,139273
2025-10-30 23:58:55.001,544,139270
2025-10-30 23:58:55.001,544,139251
2025-10-30 23:58:55.001,544,139249
2025-10-30 23:58:55.001,544,138239
2025-10-30 23:58:55.001,544,138233
2025-10-30 23:58:55.001,544,138230
2025-10-30 23:58:55.001,544,138215
2025-10-30 23:58:56.000,538,138213
2025-10-30 23:58:56.000,538,137242
2025-10-30 23:58:56.000,538,137226
2025-10-30 23:58:56.000,538,137220
2025-10-30 23:58:56.000,538,137206
2025-10-30 23:58:56.000,538,136220
2025-10-30 23:58:56.000,538,136218
2025-10-30 23:58:56.000,538,135225
2025-10-30 23:58:56.000,538,135212
2025-10-30 23:58:56.000,538,135211
2025-10-30 23:58:57.000,528,135226
2025-10-30 23:58:57.000,528,135223
2025-10-30 23:58:57.000,528,135207
2025-10-30 23:58:57.000,528,135198
2025-10-30 23:58:57.000,528,134220
2025-10-30 23:58:57.000,528,134172
2025-10-30 23:58:57.000,528,133232
2025-10-30 23:58:57.000,528,133219
2025-10-30 23:58:57.000,528,132230
2025-10-30 23:58:57.000,528,132227
2025-10-30 23:58:58.000,521,133220
2025-10-30 23:58:58.000,521,133212
2025-10-30 23:58:58.000,521,133210
2025-10-30 23:58:58.000,521,133207
2025-10-30 23:58:58.000,521,132242
2025-10-30 23:58:58.000,521,132222
2025-10-30 23:58:58.000,521,132208
2025-10-30 23:58:58.000,521,132204
2025-10-30 23:58:58.000,521,131234
2025-10-30 23:58:58.000,521,131231
2025-10-30 23:58:59.001,517,131243
2025-10-30 23:58:59.001,517,131227
2025-10-30 23:58:59.001,517,131221
2025-10-30 23:58:59.001,517,131219
2025-10-30 23:58:59.001,517,131215
2025-10-30 23:58:59.001,517,131210
2025-10-30 23:58:59.001,517,131205
2025-10-30 23:58:59.001,517,130240
2025-10-30 23:58:59.001,517,130234
2025-10-30 23:58:59.001,517,130230
2025-10-30 23:59:00.000,511,131227
2025-10-30 23:59:00.000,511,131215
2025-10-30 23:59:00.000,511,131213
2025-10-30 23:59:00.000,511,131208
2025-10-30 23:59:00.000,511,130237
2025-10-30 23:59:00.000,511,130234
2025-10-30 23:59:00.000,511,129234
2025-10-30 23:59:00.000,511,129229
2025-10-30 23:59:00.000,511,129214
2025-10-30 23:59:00.000,511,129211
2025-10-30 23:59:01.000,506,129206
2025-10-30 23:59:01.000,506,128241
2025-10-30 23:59:01.000,506,128228
2025-10-30 23:59:01.000,506,128205
2025-10-30 23:59:01.000,506,127190
2025-10-30 23:59:01.000,506,127182
2025-10-30 23:59:01.000,506,127180
2025-10-30 23:59:01.000,506,127176
2025-10-30 23:59:01.000,506,127168
2025-10-30 23:59:01.000,506,127154
2025-10-30 23:59:02.001,500,126238
2025-10-30 23:59:02.001,500,126227
2025-10-30 23:59:02.001,500,126221
2025-10-30 23:59:02.001,500,126220
2025-10-30 23:59:02.001,500,126219
2025-10-30 23:59:02.001,500,126216
2025-10-30 23:59:02.001,500,125205
2025-10-30 23:59:02.001,500,125201
2025-10-30 23:59:02.001,500,125198
2025-10-30 23:59:02.001,500,125181
2025-10-30 23:59:03.000,498,126172
2025-10-30 23:59:03.000,498,126167
2025-10-30 23:59:03.000,498,126162
2025-10-30 23:59:03.000,498,126153
2025-10-30 23:59:03.000,498,125195
2025-10-30 23:59:03.000,498,125189
2025-10-30 23:59:03.000,498,125185
2025-10-30 23:59:03.000,498,125181
2025-10-30 23:59:03.000,498,125178
2025-10-30 23:59:03.000,498,125160
2025-10-30 23:59:04.001,490,126155
2025-10-30 23:59:04.001,490,126153
2025-10-30 23:59:04.001,490,125207
2025-10-30 23:59:04.001,490,125198
2025-10-30 23:59:04.001,490,125196
2025-10-30 23:59:04.001,490,125190
2025-10-30 23:59:04.001,490,125186
2025-10-30 23:59:04.001,490,125181
2025-10-30 23:59:04.001,490,124203
2025-10-30 23:59:04.001,490,124195
2025-10-30 23:59:05.000,484,125192
2025-10-30 23:59:05.000,484,125185
2025-10-30 23:59:05.000,484,125180
2025-10-30 23:59:05.000,484,124202
2025-10-30 23:59:05.000,484,124193
2025-10-30 23:59:05.000,484,124189
2025-10-30 23:59:05.000,484,123206
2025-10-30 23:59:05.000,484,123192
2025-10-30 23:59:05.000,484,123190
2025-10-30 23:59:05.000,484,123186
2025-10-30 23:59:06.000,477,124183
2025-10-30 23:59:06.000,477,124181
2025-10-30 23:59:06.000,477,124179
2025-10-30 23:59:06.000,477,124174
2025-10-30 23:59:06.000,477,123208
2025-10-30 23:59:06.000,477,123196
2025-10-30 23:59:06.000,477,123167
2025-10-30 23:59:06.000,477,122205
2025-10-30 23:59:06.000,477,122198
2025-10-30 23:59:06.000,477,122192
2025-10-30 23:59:07.001,469,123188
2025-10-30 23:59:07.001,469,122204
2025-10-30 23:59:07.001,469,122197
2025-10-30 23:59:07.001,469,122195
2025-10-30 23:59:07.001,469,122181
2025-10-30 23:59:07.001,469,122175
2025-10-30 23:59:07.001,469,122154
2025-10-30 23:59:07.001,469,122149
2025-10-30 23:59:07.001,469,121202
2025-10-30 23:59:07.001,469,121201
2025-10-30 23:59:08.001,463,122196
2025-10-30 23:59:08.001,463,122190
2025-10-30 23:59:08.001,463,122183
2025-10-30 23:59:08.001,463,122172
2025-10-30 23:59:08.001,463,121203
2025-10-30 23:59:08.001,463,121173
2025-10-30 23:59:08.001,463,120203
2025-10-30 23:59:08.001,463,120174
2025-10-30 23:59:08.001,463,120163
2025-10-30 23:59:08.001,463,119199
2025-10-30 23:59:09.000,454,119198
2025-10-30 23:59:09.000,454,119194
2025-10-30 23:59:09.000,454,119192
2025-10-30 23:59:09.000,454,119189
2025-10-30 23:59:09.000,454,119171
2025-10-30 23:59:09.000,454,119167
2025-10-30 23:59:09.000,454,118201
2025-10-30 23:59:09.000,454,118195
2025-10-30 23:59:09.000,454,118191
2025-10-30 23:59:09.000,454,118180
2025-10-30 23:59:10.000,446,119171
2025-10-30 23:59:10.000,446,118209
2025-10-30 23:59:10.000,446,118205
2025-10-30 23:59:10.000,446,118199
2025-10-30 23:59:10.000,446,118195
2025-10-30 23:59:10.000,446,118178
2025-10-30 23:59:10.000,446,118165
2025-10-30 23:59:10.000,446,117212
2025-10-30 23:59:10.000,446,117209
2025-10-30 23:59:10.000,446,117196
2025-10-30 23:59:11.001,441,118192
2025-10-30 23:59:11.001,441,117202
2025-10-30 23:59:11.001,441,117200
2025-10-30 23:59:11.001,441,117187
2025-10-30 23:59:11.001,441,117183
2025-10-30 23:59:11.001,441,116204
2025-10-30 23:59:11.001,441,116201
2025-10-30 23:59:11.001,441,116165
2025-10-30 23:59:11.001,441,116137
2025-10-30 23:59:11.001,441,116133
2025-10-30 23:59:12.000,434,116202
2025-10-30 23:59:12.000,434,116178
2025-10-30 23:59:12.000,434,115165
2025-10-30 23:59:12.000,434,115161
2025-10-30 23:59:12.000,434,115151
2025-10-30 23:59:12.000,434,115142
2025-10-30 23:59:12.000,434,115139
2025-10-30 23:59:12.000,434,114166
2025-10-30 23:59:12.000,434,114162
2025-10-30 23:59:12.000,434,114161
2025-10-30 23:59:13.000,426,115159
2025-10-30 23:59:13.000,426,115148
2025-10-30 23:59:13.000,426,115141
2025-10-30 23:59:13.000,426,115133
2025-10-30 23:59:13.000,426,115130
2025-10-30 23:59:13.000,426,114147
2025-10-30 23:59:13.000,426,114146
2025-10-30 23:59:13.000,426,114136
2025-10-30 23:59:13.000,426,113163
2025-10-30 23:59:13.000,426,113153
2025-10-30 23:59:14.000,418,114151
2025-10-30 23:59:14.000,418,113165
2025-10-30 23:59:14.000,418,113160
2025-10-30 23:59:14.000,418,113151
2025-10-30 23:59:14.000,418,113147
2025-10-30 23:59:14.000,418,113138
2025-10-30 23:59:14.000,418,112163
2025-10-30 23:59:14.000,418,112161
2025-10-30 23:59:14.000,418,112153
2025-10-30 23:59:14.000,418,112152
2025-10-30 23:59:15.001,410,113145
2025-10-30 23:59:15.001,410,113136
2025-10-30 23:59:15.001,410,112168
2025-10-30 23:59:15.001,410,112167
2025-10-30 23:59:15.001,410,112142
2025-10-30 23:59:15.001,410,112140
2025-10-30 23:59:15.001,410,112134
2025-10-30 23:59:15.001,410,111167
2025-10-30 23:59:15.001,410,111156
2025-10-30 23:59:15.001,410,111155
2025-10-30 23:59:16.000,401,112148
2025-10-30 23:59:16.000,401,112139
2025-10-30 23:59:16.000,401,111151
2025-10-30 23:59:16.000,401,111135
2025-10-30 23:59:16.000,401,111133
2025-10-30 23:59:16.000,401,110160
2025-10-30 23:59:16.000,401,110155
2025-10-30 23:59:16.000,401,110150
2025-10-30 23:59:16.000,401,110136
2025-10-30 23:59:16.000,401,109168
2025-10-30 23:59:17.001,397,110167
2025-10-30 23:59:17.001,397,110166
2025-10-30 23:59:17.001,397,110130
2025-10-30 23:59:17.001,397,109144
2025-10-30 23:59:17.001,397,109136
2025-10-30 23:59:17.001,397,109134
2025-10-30 23:59:17.001,397,108167
2025-10-30 23:59:17.001,397,108165
2025-10-30 23:59:17.001,397,108163
2025-10-30 23:59:17.001,397,108150
2025-10-30 23:59:18.000,393,109147
2025-10-30 23:59:18.000,393,109145
2025-10-30 23:59:18.000,393,109134
2025-10-30 23:59:18.000,393,108122
2025-10-30 23:59:18.000,393,107167
2025-10-30 23:59:18.000,393,107154
2025-10-30 23:59:18.000,393,106165
2025-10-30 23:59:18.000,393,105149
2025-10-30 23:59:18.000,393,105145
2025-10-30 23:59:18.000,393,105140
2025-10-30 23:59:19.001,392,106137
2025-10-30 23:59:19.001,392,105169
2025-10-30 23:59:19.001,392,105162
2025-10-30 23:59:19.001,392,104153
2025-10-30 23:59:19.001,392,104151
2025-10-30 23:59:19.001,392,103165
2025-10-30 23:59:19.001,392,103141
2025-10-30 23:59:19.001,392,102130
2025-10-30 23:59:19.001,392,102120
2025-10-30 23:59:19.001,392,102112
2025-10-30 23:59:20.000,387,103106
2025-10-30 23:59:20.000,387,103105
2025-10-30 23:59:20.000,387,103103
2025-10-30 23:59:20.000,387,103100
2025-10-30 23:59:20.000,387,103098
2025-10-30 23:59:20.000,387,102130
2025-10-30 23:59:20.000,387,102112
2025-10-30 23:59:20.000,387,101130
2025-10-30 23:59:20.000,387,101120
2025-10-30 23:59:20.000,387,101117
2025-10-30 23:59:21.001,380,102102
2025-10-30 23:59:21.001,380,101127
2025-10-30 23:59:21.001,380,101122
2025-10-30 23:59:21.001,380,101114
2025-10-30 23:59:21.001,380,100132
2025-10-30 23:59:21.001,380,100108
2025-10-30 23:59:21.001,380,99122
2025-10-30 23:59:21.001,380,99110
2025-10-30 23:59:21.001,380,99104
2025-10-30 23:59:21.001,380,99101
2025-10-30 23:59:22.001,375,100070
2025-10-30 23:59:22.001,375,99135
2025-10-30 23:59:22.001,375,99124
2025-10-30 23:59:22.001,375,99113
2025-10-30 23:59:22.001,375,99110
2025-10-30 23:59:22.001,375,97118
2025-10-30 23:59:22.001,375,97096
2025-10-30 23:59:22.001,375,96131
2025-10-30 23:59:22.001,375,96130
2025-10-30 23:59:22.001,375,96118
2025-10-30 23:59:23.000,367,97109
2025-10-30 23:59:23.000,367,97107
2025-10-30 23:59:23.000,367,97100
2025-10-30 23:59:23.000,367,97099
2025-10-30 23:59:23.000,367,96105
2025-10-30 23:59:23.000,367,96091
2025-10-30 23:59:23.000,367,96088
2025-10-30 23:59:23.000,367,95128
2025-10-30 23:59:23.000,367,95120
2025-10-30 23:59:23.000,367,95113
2025-10-30 23:59:24.001,361,96109
2025-10-30 23:59:24.001,361,96099
2025-10-30 23:59:24.001,361,96096
2025-10-30 23:59:24.001,361,95113
2025-10-30 23:59:24.001,361,95097
2025-10-30 23:59:24.001,361,94134
2025-10-30 23:59:24.001,361,94132
2025-10-30 23:59:24.001,361,94100
2025-10-30 23:59:24.001,361,94096
2025-10-30 23:59:24.001,361,93133
2025-10-30 23:59:25.000,354,94130
2025-10-30 23:59:25.000,354,94116
2025-10-30 23:59:25.000,354,94114
2025-10-30 23:59:25.000,354,94098
2025-10-30 23:59:25.000,354,93122
2025-10-30 23:59:25.000,354,93115
2025-10-30 23:59:25.000,354,93107
2025-10-30 23:59:25.000,354,93105
2025-10-30 23:59:25.000,354,92128
2025-10-30 23:59:25.000,354,92109
2025-10-30 23:59:26.000,345,92114
2025-10-30 23:59:26.000,345,92109
2025-10-30 23:59:26.000,345,91127
2025-10-30 23:59:26.000,345,91122
2025-10-30 23:59:26.000,345,91118
2025-10-30 23:59:26.000,345,91096
2025-10-30 23:59:26.000,345,90130
2025-10-30 23:59:26.000,345,90112
2025-10-30 23:59:26.000,345,89070
2025-10-30 23:59:26.000,345,89052
2025-10-30 23:59:27.000,343,90017
2025-10-30 23:59:27.000,343,89041
2025-10-30 23:59:27.000,343,88065
2025-10-30 23:59:27.000,343,88054
2025-10-30 23:59:27.000,343,87053
2025-10-30 23:59:27.000,343,87047
2025-10-30 23:59:27.000,343,87045
2025-10-30 23:59:27.000,343,86069
2025-10-30 23:59:27.000,343,86066
2025-10-30 23:59:27.000,343,86053
2025-10-30 23:59:28.001,335,87049
2025-10-30 23:59:28.008,335,87047
2025-10-30 23:59:28.008,335,87040
2025-10-30 23:59:28.008,335,86084
2025-10-30 23:59:28.008,335,86069
2025-10-30 23:59:28.008,335,86068
2025-10-30 23:59:28.008,335,86062
2025-10-30 23:59:28.008,335,86058
2025-10-30 23:59:28.008,335,86055
2025-10-30 23:59:28.008,335,85079
2025-10-30 23:59:29.001,330,86069
2025-10-30 23:59:29.001,330,86065
2025-10-30 23:59:29.001,330,86060
2025-10-30 23:59:29.001,330,86055
2025-10-30 23:59:29.001,330,86052
2025-10-30 23:59:29.001,330,86038
2025-10-30 23:59:29.001,330,85070
2025-10-30 23:59:29.001,330,85062
2025-10-30 23:59:29.001,330,85055
2025-10-30 23:59:29.001,330,84072
2025-10-30 23:59:30.000,326,85045
2025-10-30 23:59:30.000,326,85032
2025-10-30 23:59:30.000,326,84050
2025-10-30 23:59:30.000,326,84047
2025-10-30 23:59:30.000,326,83066
2025-10-30 23:59:30.000,326,83065
2025-10-30 23:59:30.000,326,83058
2025-10-30 23:59:30.000,326,83054
2025-10-30 23:59:30.000,326,83047
2025-10-30 23:59:30.000,326,82071
2025-10-30 23:59:31.001,320,83060
2025-10-30 23:59:31.001,320,83057
2025-10-30 23:59:31.001,320,83052
2025-10-30 23:59:31.001,320,83049
2025-10-30 23:59:31.001,320,83046
2025-10-30 23:59:31.001,320,82062
2025-10-30 23:59:31.001,320,82028
2025-10-30 23:59:31.001,320,81076
2025-10-30 23:59:31.001,320,81072
2025-10-30 23:59:31.001,320,81068
2025-10-30 23:59:32.000,315,82048
2025-10-30 23:59:32.000,315,82041
2025-10-30 23:59:32.000,315,81069
2025-10-30 23:59:32.000,315,81059
2025-10-30 23:59:32.000,315,81053
2025-10-30 23:59:32.000,315,81045
2025-10-30 23:59:32.000,315,80063
2025-10-30 23:59:32.000,315,80055
2025-10-30 23:59:32.000,315,80050
2025-10-30 23:59:32.000,315,80040
2025-10-30 23:59:33.001,308,80063
2025-10-30 23:59:33.001,308,80043
2025-10-30 23:59:33.001,308,79073
2025-10-30 23:59:33.001,308,79070
2025-10-30 23:59:33.001,308,79056
2025-10-30 23:59:33.001,308,79054
2025-10-30 23:59:33.001,308,78067
2025-10-30 23:59:33.001,308,78065
2025-10-30 23:59:33.001,308,78054
2025-10-30 23:59:33.001,308,78047
2025-10-30 23:59:34.000,300,79036
2025-10-30 23:59:34.000,300,78064
2025-10-30 23:59:34.000,300,78050
2025-10-30 23:59:34.000,300,78049
2025-10-30 23:59:34.000,300,77037
2025-10-30 23:59:34.000,300,77035
2025-10-30 23:59:34.000,300,77021
2025-10-30 23:59:34.000,300,77005
2025-10-30 23:59:34.000,300,76034
2025-10-30 23:59:34.000,300,76023
2025-10-30 23:59:35.000,296,77019
2025-10-30 23:59:35.001,296,77007
2025-10-30 23:59:35.001,296,77004
2025-10-30 23:59:35.001,296,76029
2025-10-30 23:59:35.001,296,76013
2025-10-30 23:59:35.001,296,76005
2025-10-30 23:59:35.001,296,76001
2025-10-30 23:59:35.001,296,75998
2025-10-30 23:59:35.001,296,75984
2025-10-30 23:59:35.001,296,75038
2025-10-30 23:59:36.000,288,75964
2025-10-30 23:59:36.000,288,75915
2025-10-30 23:59:36.000,288,75901
2025-10-30 23:59:36.000,288,75870
2025-10-30 23:59:36.000,288,75024
2025-10-30 23:59:36.000,288,75007
2025-10-30 23:59:36.000,288,74996
2025-10-30 23:59:36.000,288,74994
2025-10-30 23:59:36.000,288,74990
2025-10-30 23:59:36.000,288,74988
2025-10-30 23:59:37.001,285,75029
2025-10-30 23:59:37.001,285,75027
2025-10-30 23:59:37.001,285,75024
2025-10-30 23:59:37.001,285,75014
2025-10-30 23:59:37.001,285,75009
2025-10-30 23:59:37.001,285,74013
2025-10-30 23:59:37.001,285,73010
2025-10-30 23:59:37.001,285,72991
2025-10-30 23:59:37.001,285,72988
2025-10-30 23:59:37.001,285,72036
2025-10-30 23:59:38.000,285,73032
2025-10-30 23:59:38.000,285,73016
2025-10-30 23:59:38.000,285,73012
2025-10-30 23:59:38.000,285,72032
2025-10-30 23:59:38.000,285,72030
2025-10-30 23:59:38.000,285,72007
2025-10-30 23:59:38.000,285,72006
2025-10-30 23:59:38.000,285,72005
2025-10-30 23:59:38.000,285,71017
2025-10-30 23:59:38.000,285,71012
2025-10-30 23:59:39.001,284,72012
2025-10-30 23:59:39.001,284,72006
2025-10-30 23:59:39.001,284,71033
2025-10-30 23:59:39.001,284,71004
2025-10-30 23:59:39.001,284,70037
2025-10-30 23:59:39.001,284,70032
2025-10-30 23:59:39.001,284,69997
2025-10-30 23:59:39.001,284,69030
2025-10-30 23:59:39.001,284,69029
2025-10-30 23:59:39.001,284,69025
2025-10-30 23:59:40.000,281,70013
2025-10-30 23:59:40.000,281,69020
2025-10-30 23:59:40.000,281,69010
2025-10-30 23:59:40.000,281,69003
2025-10-30 23:59:40.000,281,68032
2025-10-30 23:59:40.000,281,68030
2025-10-30 23:59:40.000,281,67018
2025-10-30 23:59:40.000,281,67010
2025-10-30 23:59:40.000,281,66033
2025-10-30 23:59:40.000,281,66027
2025-10-30 23:59:41.000,285,67023
2025-10-30 23:59:41.000,285,67015
2025-10-30 23:59:41.000,285,67005
2025-10-30 23:59:41.000,285,66028
2025-10-30 23:59:41.001,285,66026
2025-10-30 23:59:41.001,285,66020
2025-10-30 23:59:41.001,285,66016
2025-10-30 23:59:41.001,285,66013
2025-10-30 23:59:41.001,285,66010
2025-10-30 23:59:41.001,285,66004
2025-10-30 23:59:42.000,289,66028
2025-10-30 23:59:42.000,289,66015
2025-10-30 23:59:42.000,289,66013
2025-10-30 23:59:42.000,289,66005
2025-10-30 23:59:42.000,289,64987
2025-10-30 23:59:42.000,289,64970
2025-10-30 23:59:42.000,289,64968
2025-10-30 23:59:42.000,289,63980
2025-10-30 23:59:42.000,289,63977
2025-10-30 23:59:42.000,289,63973
2025-10-30 23:59:43.000,289,64966
2025-10-30 23:59:43.000,289,64965
2025-10-30 23:59:43.000,289,63996
2025-10-30 23:59:43.000,289,63984
2025-10-30 23:59:43.000,289,63974
2025-10-30 23:59:43.000,289,63967
2025-10-30 23:59:43.000,289,63964
2025-10-30 23:59:43.000,289,63958
2025-10-30 23:59:43.000,289,62998
2025-10-30 23:59:43.000,289,62991
2025-10-30 23:59:44.000,290,63990
2025-10-30 23:59:44.000,290,63984
2025-10-30 23:59:44.000,290,63972
2025-10-30 23:59:44.000,290,62993
2025-10-30 23:59:44.000,290,62989
2025-10-30 23:59:44.000,290,61990
2025-10-30 23:59:44.000,290,61988
2025-10-30 23:59:44.000,290,61984
2025-10-30 23:59:44.000,290,61980
2025-10-30 23:59:44.000,290,61979
2025-10-30 23:59:45.001,291,62975
2025-10-30 23:59:45.001,291,62969
2025-10-30 23:59:45.001,291,61999
2025-10-30 23:59:45.001,291,61997
2025-10-30 23:59:45.001,291,61994
2025-10-30 23:59:45.001,291,61976
2025-10-30 23:59:45.001,291,61971
2025-10-30 23:59:45.001,291,60999
2025-10-30 23:59:45.001,291,60994
2025-10-30 23:59:45.001,291,60976
2025-10-30 23:59:46.000,296,61965
2025-10-30 23:59:46.000,296,61957
2025-10-30 23:59:46.000,296,60988
2025-10-30 23:59:46.000,296,60981
2025-10-30 23:59:46.000,296,60968
2025-10-30 23:59:46.000,296,59989
2025-10-30 23:59:46.000,296,59986
2025-10-30 23:59:46.000,296,59982
2025-10-30 23:59:46.000,296,59976
2025-10-30 23:59:46.000,296,57996
2025-10-30 23:59:47.001,295,58989
2025-10-30 23:59:47.001,295,58978
2025-10-30 23:59:47.001,295,58976
2025-10-30 23:59:47.001,295,57981
2025-10-30 23:59:47.001,295,56999
2025-10-30 23:59:47.001,295,56970
2025-10-30 23:59:47.001,295,56969
2025-10-30 23:59:47.001,295,55998
2025-10-30 23:59:47.001,295,55995
2025-10-30 23:59:47.001,295,55978
2025-10-30 23:59:48.000,290,56967
2025-10-30 23:59:48.000,290,56964
2025-10-30 23:59:48.000,290,55990
2025-10-30 23:59:48.000,290,55977
2025-10-30 23:59:48.000,290,55960
2025-10-30 23:59:48.000,290,55954
2025-10-30 23:59:48.000,290,55946
2025-10-30 23:59:48.000,290,54988
2025-10-30 23:59:48.000,290,54964
2025-10-30 23:59:48.000,290,53997
2025-10-30 23:59:49.000,294,54988
2025-10-30 23:59:49.000,294,54986
2025-10-30 23:59:49.000,294,54978
2025-10-30 23:59:49.000,294,54971
2025-10-30 23:59:49.000,294,53991
2025-10-30 23:59:49.000,294,53983
2025-10-30 23:59:49.000,294,53965
2025-10-30 23:59:49.000,294,53960
2025-10-30 23:59:49.000,294,51958
2025-10-30 23:59:49.000,294,51951
2025-10-30 23:59:50.001,287,52947
2025-10-30 23:59:50.001,287,51955
2025-10-30 23:59:50.001,287,51951
2025-10-30 23:59:50.001,287,51945
2025-10-30 23:59:50.001,287,51939
2025-10-30 23:59:50.001,287,51938
2025-10-30 23:59:50.001,287,51928
2025-10-30 23:59:50.001,287,50950
2025-10-30 23:59:50.001,287,50947
2025-10-30 23:59:50.001,287,50945
2025-10-30 23:59:51.000,291,51938
2025-10-30 23:59:51.000,291,50958
2025-10-30 23:59:51.000,291,50955
2025-10-30 23:59:51.000,291,50952
2025-10-30 23:59:51.000,291,50948
2025-10-30 23:59:51.000,291,50931
2025-10-30 23:59:51.000,291,49944
2025-10-30 23:59:51.000,291,49929
2025-10-30 23:59:51.000,291,49927
2025-10-30 23:59:51.000,291,49926
2025-10-30 23:59:52.000,290,49960
2025-10-30 23:59:52.000,290,49956
2025-10-30 23:59:52.000,290,49950
2025-10-30 23:59:52.000,290,49948
2025-10-30 23:59:52.000,290,49945
2025-10-30 23:59:52.000,290,49933
2025-10-30 23:59:52.000,290,49931
2025-10-30 23:59:52.000,290,49929
2025-10-30 23:59:52.000,290,48958
2025-10-30 23:59:52.000,290,48949
2025-10-30 23:59:53.001,293,48958
2025-10-30 23:59:53.001,293,48955
2025-10-30 23:59:53.001,293,48928
2025-10-30 23:59:53.001,293,48921
2025-10-30 23:59:53.001,293,47960
2025-10-30 23:59:53.001,293,47937
2025-10-30 23:59:53.001,293,47933
2025-10-30 23:59:53.001,293,46945
2025-10-30 23:59:53.001,293,46933
2025-10-30 23:59:53.001,293,45954
2025-10-30 23:59:54.000,294,46943
2025-10-30 23:59:54.000,294,46941
2025-10-30 23:59:54.000,294,46934
2025-10-30 23:59:54.000,294,45932
2025-10-30 23:59:54.000,294,44939
2025-10-30 23:59:54.000,294,44937
2025-10-30 23:59:54.000,294,43961
2025-10-30 23:59:54.000,294,43944
2025-10-30 23:59:54.000,294,43942
2025-10-30 23:59:54.000,294,43936
2025-10-30 23:59:55.000,291,44934
2025-10-30 23:59:55.000,291,43958
2025-10-30 23:59:55.000,291,43955
2025-10-30 23:59:55.000,291,43935
2025-10-30 23:59:55.000,291,42948
2025-10-30 23:59:55.000,291,42935
2025-10-30 23:59:55.000,291,41962
2025-10-30 23:59:55.000,291,41937
2025-10-30 23:59:55.000,291,40961
2025-10-30 23:59:55.000,291,40952
2025-10-30 23:59:56.001,294,40936
2025-10-30 23:59:56.001,294,39963
2025-10-30 23:59:56.001,294,39955
2025-10-30 23:59:56.001,294,39949
2025-10-30 23:59:56.001,294,39945
2025-10-30 23:59:56.001,294,39935
2025-10-30 23:59:56.001,294,39933
2025-10-30 23:59:56.001,294,38929
2025-10-30 23:59:56.001,294,38928
2025-10-30 23:59:56.001,294,38926
2025-10-30 23:59:57.000,296,39917
2025-10-30 23:59:57.000,296,39916
2025-10-30 23:59:57.000,296,39900
2025-10-30 23:59:57.000,296,38927
2025-10-30 23:59:57.000,296,38926
2025-10-30 23:59:57.000,296,38922
2025-10-30 23:59:57.000,296,38919
2025-10-30 23:59:57.000,296,38916
2025-10-30 23:59:57.000,296,38902
2025-10-30 23:59:57.000,296,38901
2025-10-30 23:59:58.001,310,39900
2025-10-30 23:59:58.001,310,39898
2025-10-30 23:59:58.001,310,38915
2025-10-30 23:59:58.001,310,38903
2025-10-30 23:59:58.001,310,38897
2025-10-30 23:59:58.001,310,38895
2025-10-30 23:59:58.001,310,38891
2025-10-30 23:59:58.001,310,37899
2025-10-30 23:59:58.001,310,37894
2025-10-30 23:59:58.001,310,37890
2025-10-30 23:59:59.000,319,37924
2025-10-30 23:59:59.000,319,37920
2025-10-30 23:59:59.000,319,37912
2025-10-30 23:59:59.000,319,37906
2025-10-30 23:59:59.000,319,37897
2025-10-30 23:59:59.000,319,36920
2025-10-30 23:59:59.000,319,36916
2025-10-30 23:59:59.000,319,35923
2025-10-30 23:59:59.000,319,35914
2025-10-30 23:59:59.000,319,35913
2025-10-31 00:00:00.000,335,36899
2025-10-31 00:00:00.000,335,35925
2025-10-31 00:00:00.000,335,35907
2025-10-31 00:00:00.000,335,35898
2025-10-31 00:00:00.000,335,34910
2025-10-31 00:00:00.000,335,33924
2025-10-31 00:00:00.000,335,33913
2025-10-31 00:00:00.000,335,33911
2025-10-31 00:00:00.000,335,33909
2025-10-31 00:00:00.000,335,33905
2025-10-31 00:00:01.000,348,34905
2025-10-31 00:00:01.000,348,34901
2025-10-31 00:00:01.000,348,34897
2025-10-31 00:00:01.000,348,33911
2025-10-31 00:00:01.000,348,33910
2025-10-31 00:00:01.000,348,32920
2025-10-31 00:00:01.000,348,32909
2025-10-31 00:00:01.000,348,32906
2025-10-31 00:00:01.000,348,32899
2025-10-31 00:00:01.000,348,32895
2025-10-31 00:00:02.001,348,32928
2025-10-31 00:00:02.001,348,32917
2025-10-31 00:00:02.001,348,32908
2025-10-31 00:00:02.001,348,32901
2025-10-31 00:00:02.001,348,32898
2025-10-31 00:00:02.001,348,32895
2025-10-31 00:00:02.001,348,31930
2025-10-31 00:00:02.001,348,31914
2025-10-31 00:00:02.001,348,31910
2025-10-31 00:00:02.001,348,31903
2025-10-31 00:00:03.000,352,31925
2025-10-31 00:00:03.000,352,31918
2025-10-31 00:00:03.000,352,31911
2025-10-31 00:00:03.000,352,31906
2025-10-31 00:00:03.000,352,31903
2025-10-31 00:00:03.000,352,30906
2025-10-31 00:00:03.000,352,30898
2025-10-31 00:00:03.000,352,30889
2025-10-31 00:00:03.000,352,29926
2025-10-31 00:00:03.000,352,29916
2025-10-31 00:00:04.000,367,29928
2025-10-31 00:00:04.000,367,29924
2025-10-31 00:00:04.000,367,29919
2025-10-31 00:00:04.000,367,29900
2025-10-31 00:00:04.000,367,29895
2025-10-31 00:00:04.000,367,29892
2025-10-31 00:00:04.000,367,28911
2025-10-31 00:00:04.000,367,28904
2025-10-31 00:00:04.001,367,27926
2025-10-31 00:00:04.001,367,27922
2025-10-31 00:00:05.000,377,28915
2025-10-31 00:00:05.000,377,28914
2025-10-31 00:00:05.000,377,28900
2025-10-31 00:00:05.000,377,28894
2025-10-31 00:00:05.000,377,28892
2025-10-31 00:00:05.000,377,27888
2025-10-31 00:00:05.000,377,27885
2025-10-31 00:00:05.000,377,27878
2025-10-31 00:00:05.000,377,27874
2025-10-31 00:00:05.000,377,27858
2025-10-31 00:00:06.001,380,28857
2025-10-31 00:00:06.001,380,28856
2025-10-31 00:00:06.001,380,28847
2025-10-31 00:00:06.001,380,28833
2025-10-31 00:00:06.001,380,28814
2025-10-31 00:00:06.001,380,27879
2025-10-31 00:00:06.001,380,27871
2025-10-31 00:00:06.001,380,27870
2025-10-31 00:00:06.001,380,27865
2025-10-31 00:00:06.001,380,27863
2025-10-31 00:00:07.000,388,28847
2025-10-31 00:00:07.000,388,28845
2025-10-31 00:00:07.000,388,28836
2025-10-31 00:00:07.000,388,28819
2025-10-31 00:00:07.000,388,27874
2025-10-31 00:00:07.000,388,27856
2025-10-31 00:00:07.000,388,27844
2025-10-31 00:00:07.000,388,27827
2025-10-31 00:00:07.000,388,27821
2025-10-31 00:00:07.000,388,27818
2025-10-31 00:00:08.000,400,28815
2025-10-31 00:00:08.000,400,27887
2025-10-31 00:00:08.000,400,27884
2025-10-31 00:00:08.000,400,27870
2025-10-31 00:00:08.000,400,27865
2025-10-31 00:00:08.000,400,27859
2025-10-31 00:00:08.000,400,27855
2025-10-31 00:00:08.000,400,27847
2025-10-31 00:00:08.000,400,27834
2025-10-31 00:00:08.000,400,27832
2025-10-31 00:00:09.001,406,28830
2025-10-31 00:00:09.001,406,28828
2025-10-31 00:00:09.001,406,28826
2025-10-31 00:00:09.001,406,28823
2025-10-31 00:00:09.001,406,28815
2025-10-31 00:00:09.001,406,27886
2025-10-31 00:00:09.001,406,27884
2025-10-31 00:00:09.001,406,27883
2025-10-31 00:00:09.001,406,27880
2025-10-31 00:00:09.001,406,27879
2025-10-31 00:00:10.000,416,28865
2025-10-31 00:00:10.000,416,28859
2025-10-31 00:00:10.000,416,28845
2025-10-31 00:00:10.000,416,28838
2025-10-31 00:00:10.000,416,28830
2025-10-31 00:00:10.000,416,28822
2025-10-31 00:00:10.000,416,28812
2025-10-31 00:00:10.000,416,28803
2025-10-31 00:00:10.000,416,28799
2025-10-31 00:00:10.000,416,27881
2025-10-31 00:00:11.001,442,28880
2025-10-31 00:00:11.001,442,28865
2025-10-31 00:00:11.001,442,28862
2025-10-31 00:00:11.001,442,28851
2025-10-31 00:00:11.001,442,28835
2025-10-31 00:00:11.001,442,28832
2025-10-31 00:00:11.001,442,28818
2025-10-31 00:00:11.001,442,28814
2025-10-31 00:00:11.001,442,28799
2025-10-31 00:00:11.001,442,27881
2025-10-31 00:00:12.000,450,28863
2025-10-31 00:00:12.000,450,28857
2025-10-31 00:00:12.000,450,28851
2025-10-31 00:00:12.000,450,28846
2025-10-31 00:00:12.000,450,28835
2025-10-31 00:00:12.000,450,28827
2025-10-31 00:00:12.000,450,28813
2025-10-31 00:00:12.000,450,28808
2025-10-31 00:00:12.000,450,28798
2025-10-31 00:00:12.000,450,28796
2025-10-31 00:00:13.001,459,28890
2025-10-31 00:00:13.001,459,28883
2025-10-31 00:00:13.001,459,28881
2025-10-31 00:00:13.001,459,28878
2025-10-31 00:00:13.001,459,28854
2025-10-31 00:00:13.001,459,28852
2025-10-31 00:00:13.001,459,28851
2025-10-31 00:00:13.001,459,28832
2025-10-31 00:00:13.001,459,28829
2025-10-31 00:00:13.001,459,28819
2025-10-31 00:00:14.000,462,29812
2025-10-31 00:00:14.000,462,28883
2025-10-31 00:00:14.000,462,28875
2025-10-31 00:00:14.000,462,28866
2025-10-31 00:00:14.000,462,28861
2025-10-31 00:00:14.000,462,28858
2025-10-31 00:00:14.000,462,28853
2025-10-31 00:00:14.000,462,28850
2025-10-31 00:00:14.000,462,28849
2025-10-31 00:00:14.000,462,28843
2025-10-31 00:00:15.000,466,29840
2025-10-31 00:00:15.000,466,29833
2025-10-31 00:00:15.000,466,29829
2025-10-31 00:00:15.000,466,29827
2025-10-31 00:00:15.000,466,29821
2025-10-31 00:00:15.000,466,29814
2025-10-31 00:00:15.000,466,28891
2025-10-31 00:00:15.000,466,28886
2025-10-31 00:00:15.000,466,28861
2025-10-31 00:00:15.000,466,28853
2025-10-31 00:00:16.001,475,29850
2025-10-31 00:00:16.001,475,29845
2025-10-31 00:00:16.001,475,29836
2025-10-31 00:00:16.001,475,29819
2025-10-31 00:00:16.001,475,29816
2025-10-31 00:00:16.001,475,28887
2025-10-31 00:00:16.001,475,28881
2025-10-31 00:00:16.001,475,28864
2025-10-31 00:00:16.001,475,28850
2025-10-31 00:00:16.001,475,28818
2025-10-31 00:00:17.000,484,28870
2025-10-31 00:00:17.000,484,28866
2025-10-31 00:00:17.000,484,28852
2025-10-31 00:00:17.000,484,28841
2025-10-31 00:00:17.000,484,28837
2025-10-31 00:00:17.000,484,28819
2025-10-31 00:00:17.000,484,28814
2025-10-31 00:00:17.000,484,28808
2025-10-31 00:00:17.000,484,28806
2025-10-31 00:00:17.000,484,28798
2025-10-31 00:00:18.001,483,29798
2025-10-31 00:00:18.001,483,29796
2025-10-31 00:00:18.001,483,29790
2025-10-31 00:00:18.001,483,29782
2025-10-31 00:00:18.001,483,28870
2025-10-31 00:00:18.001,483,28865
2025-10-31 00:00:18.001,483,28830
2025-10-31 00:00:18.001,483,27890
2025-10-31 00:00:18.001,483,27885
2025-10-31 00:00:18.001,483,27873
2025-10-31 00:00:19.000,486,28865
2025-10-31 00:00:19.000,486,28864
2025-10-31 00:00:19.000,486,28858
2025-10-31 00:00:19.000,486,28853
2025-10-31 00:00:19.000,486,28851
2025-10-31 00:00:19.000,486,28850
2025-10-31 00:00:19.000,486,28847
2025-10-31 00:00:19.000,486,28840
2025-10-31 00:00:19.000,486,28834
2025-10-31 00:00:19.000,486,28831
2025-10-31 00:00:20.001,482,29831
2025-10-31 00:00:20.001,482,28887
2025-10-31 00:00:20.001,482,28860
2025-10-31 00:00:20.001,482,28839
2025-10-31 00:00:20.001,482,28837
2025-10-31 00:00:20.001,482,28824
2025-10-31 00:00:20.001,482,28821
2025-10-31 00:00:20.001,482,28813
2025-10-31 00:00:20.001,482,28807
2025-10-31 00:00:20.001,482,28801
2025-10-31 00:00:21.000,479,28889
2025-10-31 00:00:21.000,479,28888
2025-10-31 00:00:21.000,479,28882
2025-10-31 00:00:21.000,479,28879
2025-10-31 00:00:21.000,479,28867
2025-10-31 00:00:21.000,479,28866
2025-10-31 00:00:21.000,479,28865
2025-10-31 00:00:21.000,479,28863
2025-10-31 00:00:21.000,479,28852
2025-10-31 00:00:21.000,479,28817
2025-10-31 00:00:22.001,481,29816
2025-10-31 00:00:22.001,481,29804
2025-10-31 00:00:22.001,481,29796
2025-10-31 00:00:22.001,481,28890
2025-10-31 00:00:22.001,481,28879
2025-10-31 00:00:22.001,481,28866
2025-10-31 00:00:22.001,481,28865
2025-10-31 00:00:22.001,481,28857
2025-10-31 00:00:22.001,481,28854
2025-10-31 00:00:22.001,481,28847
2025-10-31 00:00:23.000,479,29843
2025-10-31 00:00:23.000,479,29832
2025-10-31 00:00:23.000,479,29825
2025-10-31 00:00:23.000,479,29823
2025-10-31 00:00:23.000,479,28881
2025-10-31 00:00:23.000,479,28868
2025-10-31 00:00:23.000,479,28844
2025-10-31 00:00:23.000,479,28839
2025-10-31 00:00:23.000,479,28830
2025-10-31 00:00:23.000,479,28825
2025-10-31 00:00:24.001,478,29814
2025-10-31 00:00:24.001,478,28889
2025-10-31 00:00:24.001,478,28879
2025-10-31 00:00:24.001,478,28876
2025-10-31 00:00:24.001,478,28869
2025-10-31 00:00:24.001,478,28859
2025-10-31 00:00:24.001,478,28855
2025-10-31 00:00:24.001,478,28845
2025-10-31 00:00:24.001,478,28837
2025-10-31 00:00:24.001,478,28826
2025-10-31 00:00:25.001,477,29825
2025-10-31 00:00:25.001,477,29822
2025-10-31 00:00:25.001,477,29820
2025-10-31 00:00:25.001,477,29819
2025-10-31 00:00:25.001,477,28891
2025-10-31 00:00:25.001,477,28887
2025-10-31 00:00:25.001,477,28879
2025-10-31 00:00:25.001,477,28877
2025-10-31 00:00:25.001,477,28875
2025-10-31 00:00:25.001,477,28865
2025-10-31 00:00:26.001,471,29852
2025-10-31 00:00:26.001,471,29850
2025-10-31 00:00:26.001,471,29843
2025-10-31 00:00:26.001,471,29835
2025-10-31 00:00:26.001,471,29831
2025-10-31 00:00:26.001,471,29812
2025-10-31 00:00:26.001,471,28810
2025-10-31 00:00:26.001,471,28802
2025-10-31 00:00:26.001,471,28794
2025-10-31 00:00:26.001,471,28788
2025-10-31 00:00:27.000,471,29785
2025-10-31 00:00:27.000,471,29777
2025-10-31 00:00:27.000,471,29753
2025-10-31 00:00:27.000,471,29719
2025-10-31 00:00:27.000,471,29711
2025-10-31 00:00:27.000,471,29704
2025-10-31 00:00:27.000,471,29700
2025-10-31 00:00:27.000,471,29687
2025-10-31 00:00:27.000,471,29685
2025-10-31 00:00:27.000,471,29681
2025-10-31 00:00:28.000,469,30679
2025-10-31 00:00:28.000,469,30658
2025-10-31 00:00:28.000,469,30653
2025-10-31 00:00:28.000,469,30645
2025-10-31 00:00:28.000,469,30641
2025-10-31 00:00:28.000,469,30638
2025-10-31 00:00:28.000,469,30625
2025-10-31 00:00:28.000,469,30623
2025-10-31 00:00:28.000,469,30607
2025-10-31 00:00:28.000,469,30593
2025-10-31 00:00:29.000,473,30809
2025-10-31 00:00:29.000,473,30795
2025-10-31 00:00:29.000,473,30781
2025-10-31 00:00:29.000,473,30773
2025-10-31 00:00:29.000,473,30764
2025-10-31 00:00:29.000,473,30758
2025-10-31 00:00:29.000,473,30733
2025-10-31 00:00:29.000,473,30732
2025-10-31 00:00:29.000,473,30727
2025-10-31 00:00:29.000,473,30720
2025-10-31 00:00:30.001,472,31709
2025-10-31 00:00:30.001,472,31690
2025-10-31 00:00:30.001,472,31687
2025-10-31 00:00:30.001,472,31685
2025-10-31 00:00:30.001,472,31684
2025-10-31 00:00:30.001,472,31668
2025-10-31 00:00:30.001,472,31662
2025-10-31 00:00:30.001,472,31661
2025-10-31 00:00:30.001,472,31659
2025-10-31 00:00:30.001,472,30808
2025-10-31 00:00:31.000,473,31802
2025-10-31 00:00:31.000,473,31801
2025-10-31 00:00:31.000,473,31799
2025-10-31 00:00:31.000,473,31797
2025-10-31 00:00:31.000,473,31785
2025-10-31 00:00:31.000,473,31782
2025-10-31 00:00:31.000,473,31752
2025-10-31 00:00:31.001,473,31738
2025-10-31 00:00:31.001,473,31733
2025-10-31 00:00:31.001,473,31732
2025-10-31 00:00:32.000,471,32723
2025-10-31 00:00:32.000,471,32720
2025-10-31 00:00:32.000,471,32703
2025-10-31 00:00:32.000,471,32702
2025-10-31 00:00:32.000,471,32697
2025-10-31 00:00:32.000,471,32691
2025-10-31 00:00:32.000,471,32689
2025-10-31 00:00:32.000,471,32680
2025-10-31 00:00:32.000,471,32679
2025-10-31 00:00:32.000,471,32676
2025-10-31 00:00:33.001,470,33669
2025-10-31 00:00:33.001,470,33658
2025-10-31 00:00:33.001,470,33653
2025-10-31 00:00:33.001,470,33640
2025-10-31 00:00:33.001,470,33631
2025-10-31 00:00:33.001,470,32800
2025-10-31 00:00:33.001,470,32793
2025-10-31 00:00:33.001,470,32786
2025-10-31 00:00:33.001,470,32782
2025-10-31 00:00:33.001,470,32779
2025-10-31 00:00:34.000,475,33768
2025-10-31 00:00:34.000,475,33760
2025-10-31 00:00:34.000,475,33755
2025-10-31 00:00:34.000,475,33754
2025-10-31 00:00:34.000,475,33749
2025-10-31 00:00:34.000,475,33747
2025-10-31 00:00:34.000,475,33746
2025-10-31 00:00:34.000,475,33733
2025-10-31 00:00:34.000,475,33730
2025-10-31 00:00:34.000,475,33705
2025-10-31 00:00:35.000,474,34703
2025-10-31 00:00:35.000,474,34698
2025-10-31 00:00:35.000,474,34668
2025-10-31 00:00:35.000,474,34661
2025-10-31 00:00:35.000,474,34657
2025-10-31 00:00:35.000,474,34655
2025-10-31 00:00:35.000,474,34651
2025-10-31 00:00:35.000,474,34648
2025-10-31 00:00:35.000,474,33776
2025-10-31 00:00:35.000,474,33766
2025-10-31 00:00:36.000,479,34719
2025-10-31 00:00:36.000,479,34691
2025-10-31 00:00:36.000,479,34673
2025-10-31 00:00:36.000,479,34669
2025-10-31 00:00:36.000,479,34666
2025-10-31 00:00:36.000,479,34644
2025-10-31 00:00:36.000,479,34636
2025-10-31 00:00:36.000,479,34627
2025-10-31 00:00:36.000,479,33804
2025-10-31 00:00:36.000,479,33800
2025-10-31 00:00:37.001,479,34792
2025-10-31 00:00:37.001,479,34781
2025-10-31 00:00:37.001,479,34761
2025-10-31 00:00:37.001,479,34753
2025-10-31 00:00:37.001,479,34716
2025-10-31 00:00:37.001,479,34711
2025-10-31 00:00:37.001,479,34688
2025-10-31 00:00:37.001,479,34668
2025-10-31 00:00:37.001,479,34659
2025-10-31 00:00:37.001,479,34656
2025-10-31 00:00:38.000,471,35647
2025-10-31 00:00:38.000,471,35622
2025-10-31 00:00:38.000,471,34809
2025-10-31 00:00:38.000,471,34799
2025-10-31 00:00:38.000,471,34791
2025-10-31 00:00:38.000,471,34783
2025-10-31 00:00:38.000,471,34780
2025-10-31 00:00:38.000,471,34779
2025-10-31 00:00:38.000,471,34771
2025-10-31 00:00:38.000,471,34768
2025-10-31 00:00:39.000,464,35763
2025-10-31 00:00:39.000,464,35754
2025-10-31 00:00:39.000,464,35753
2025-10-31 00:00:39.000,464,35750
2025-10-31 00:00:39.000,464,35728
2025-10-31 00:00:39.000,464,35722
2025-10-31 00:00:39.000,464,35715
2025-10-31 00:00:39.000,464,35706
2025-10-31 00:00:39.000,464,35699
2025-10-31 00:00:39.000,464,35693
2025-10-31 00:00:40.001,456,36692
2025-10-31 00:00:40.001,456,36689
2025-10-31 00:00:40.001,456,36686
2025-10-31 00:00:40.001,456,36675
2025-10-31 00:00:40.001,456,36666
2025-10-31 00:00:40.001,456,36645
2025-10-31 00:00:40.001,456,36634
2025-10-31 00:00:40.001,456,35805
2025-10-31 00:00:40.001,456,35804
2025-10-31 00:00:40.001,456,35797
2025-10-31 00:00:41.000,450,36790
2025-10-31 00:00:41.000,450,36787
2025-10-31 00:00:41.000,450,36782
2025-10-31 00:00:41.000,450,36772
2025-10-31 00:00:41.000,450,36771
2025-10-31 00:00:41.000,450,36767
2025-10-31 00:00:41.000,450,36763
2025-10-31 00:00:41.000,450,36750
2025-10-31 00:00:41.000,450,36735
2025-10-31 00:00:41.000,450,36720
2025-10-31 00:00:42.000,443,37696
2025-10-31 00:00:42.000,443,37695
2025-10-31 00:00:42.000,443,37686
2025-10-31 00:00:42.000,443,37681
2025-10-31 00:00:42.000,443,37678
2025-10-31 00:00:42.000,443,37673
2025-10-31 00:00:42.000,443,37667
2025-10-31 00:00:42.000,443,36799
2025-10-31 00:00:42.000,443,36777
2025-10-31 00:00:42.000,443,36762
2025-10-31 00:00:43.001,435,37751
2025-10-31 00:00:43.001,435,37732
2025-10-31 00:00:43.001,435,37715
2025-10-31 00:00:43.001,435,37713
2025-10-31 00:00:43.001,435,37712
2025-10-31 00:00:43.001,435,37692
2025-10-31 00:00:43.001,435,37676
2025-10-31 00:00:43.001,435,37670
2025-10-31 00:00:43.001,435,37666
2025-10-31 00:00:43.001,435,37649
2025-10-31 00:00:44.001,426,37788
2025-10-31 00:00:44.001,426,37779
2025-10-31 00:00:44.001,426,37770
2025-10-31 00:00:44.001,426,37763
2025-10-31 00:00:44.001,426,37760
2025-10-31 00:00:44.001,426,37741
2025-10-31 00:00:44.001,426,37717
2025-10-31 00:00:44.001,426,37695
2025-10-31 00:00:44.001,426,37680
2025-10-31 00:00:44.001,426,37658
2025-10-31 00:00:45.000,423,38654
2025-10-31 00:00:45.000,423,38649
2025-10-31 00:00:45.000,423,38644
2025-10-31 00:00:45.000,423,38638
2025-10-31 00:00:45.000,423,38630
2025-10-31 00:00:45.000,423,38620
2025-10-31 00:00:45.000,423,38618
2025-10-31 00:00:45.000,423,38610
2025-10-31 00:00:45.000,423,37809
2025-10-31 00:00:45.000,423,37784
2025-10-31 00:00:46.001,416,38769
2025-10-31 00:00:46.001,416,38765
2025-10-31 00:00:46.001,416,38762
2025-10-31 00:00:46.001,416,38752
2025-10-31 00:00:46.001,416,38749
2025-10-31 00:00:46.001,416,38743
2025-10-31 00:00:46.001,416,38737
2025-10-31 00:00:46.001,416,38734
2025-10-31 00:00:46.001,416,38733
2025-10-31 00:00:46.001,416,38731
2025-10-31 00:00:47.000,410,39703
2025-10-31 00:00:47.000,410,39700
2025-10-31 00:00:47.000,410,39697
2025-10-31 00:00:47.000,410,39688
2025-10-31 00:00:47.000,410,39684
2025-10-31 00:00:47.000,410,39678
2025-10-31 00:00:47.000,410,39670
2025-10-31 00:00:47.000,410,39666
2025-10-31 00:00:47.000,410,39658
2025-10-31 00:00:47.000,410,39647
2025-10-31 00:00:48.000,404,39799
2025-10-31 00:00:48.000,404,39783
2025-10-31 00:00:48.000,404,39781
2025-10-31 00:00:48.000,404,39768
2025-10-31 00:00:48.000,404,39765
2025-10-31 00:00:48.000,404,39756
2025-10-31 00:00:48.000,404,39753
2025-10-31 00:00:48.000,404,39749
2025-10-31 00:00:48.000,404,39746
2025-10-31 00:00:48.000,404,39739
2025-10-31 00:00:49.001,398,40733
2025-10-31 00:00:49.001,398,40723
2025-10-31 00:00:49.001,398,40718
2025-10-31 00:00:49.001,398,40713
2025-10-31 00:00:49.001,398,40710
2025-10-31 00:00:49.001,398,40696
2025-10-31 00:00:49.001,398,39806
2025-10-31 00:00:49.001,398,39802
2025-10-31 00:00:49.001,398,39795
2025-10-31 00:00:49.001,398,39790
2025-10-31 00:00:50.001,389,40778
2025-10-31 00:00:50.001,389,40775
2025-10-31 00:00:50.001,389,40773
2025-10-31 00:00:50.001,389,40764
2025-10-31 00:00:50.001,389,40763
2025-10-31 00:00:50.001,389,40756
2025-10-31 00:00:50.001,389,40732
2025-10-31 00:00:50.001,389,40729
2025-10-31 00:00:50.001,389,40720
2025-10-31 00:00:50.001,389,40702
2025-10-31 00:00:51.000,383,41696
2025-10-31 00:00:51.000,383,41695
2025-10-31 00:00:51.000,383,41691
2025-10-31 00:00:51.000,383,41679
2025-10-31 00:00:51.000,383,41668
2025-10-31 00:00:51.000,383,41667
2025-10-31 00:00:51.000,383,40809
2025-10-31 00:00:51.000,383,40806
2025-10-31 00:00:51.000,383,40798
2025-10-31 00:00:51.000,383,40795
2025-10-31 00:00:52.000,377,41783
2025-10-31 00:00:52.000,377,41772
2025-10-31 00:00:52.000,377,41769
2025-10-31 00:00:52.000,377,41767
2025-10-31 00:00:52.000,377,41748
2025-10-31 00:00:52.000,377,41743
2025-10-31 00:00:52.000,377,41736
2025-10-31 00:00:52.000,377,41735
2025-10-31 00:00:52.000,377,41734
2025-10-31 00:00:52.000,377,41731
2025-10-31 00:00:53.001,373,42720
2025-10-31 00:00:53.001,373,42718
2025-10-31 00:00:53.001,373,42714
2025-10-31 00:00:53.001,373,42711
2025-10-31 00:00:53.001,373,42703
2025-10-31 00:00:53.001,373,42697
2025-10-31 00:00:53.001,373,42695
2025-10-31 00:00:53.001,373,42694
2025-10-31 00:00:53.001,373,42690
2025-10-31 00:00:53.001,373,42687
2025-10-31 00:00:54.000,364,43684
2025-10-31 00:00:54.000,364,43680
2025-10-31 00:00:54.000,364,43679
2025-10-31 00:00:54.000,364,43675
2025-10-31 00:00:54.000,364,43668
2025-10-31 00:00:54.000,364,43664
2025-10-31 00:00:54.000,364,43663
2025-10-31 00:00:54.000,364,43659
2025-10-31 00:00:54.000,364,43658
2025-10-31 00:00:54.000,364,43653
2025-10-31 00:00:55.000,356,44648
2025-10-31 00:00:55.000,356,44643
2025-10-31 00:00:55.000,356,43795
2025-10-31 00:00:55.000,356,43751
2025-10-31 00:00:55.000,356,43736
2025-10-31 00:00:55.000,356,43726
2025-10-31 00:00:55.000,356,43722
2025-10-31 00:00:55.000,356,43713
2025-10-31 00:00:55.000,356,43707
2025-10-31 00:00:55.000,356,43700
2025-10-31 00:00:56.001,348,44683
2025-10-31 00:00:56.001,348,44670
2025-10-31 00:00:56.001,348,44661
2025-10-31 00:00:56.001,348,44652
2025-10-31 00:00:56.001,348,44634
2025-10-31 00:00:56.001,348,44623
2025-10-31 00:00:56.001,348,44612
2025-10-31 00:00:56.001,348,44608
2025-10-31 00:00:56.001,348,44601
2025-10-31 00:00:56.001,348,44583
2025-10-31 00:00:57.000,341,44792
2025-10-31 00:00:57.000,341,44782
2025-10-31 00:00:57.000,341,44767
2025-10-31 00:00:57.000,341,44762
2025-10-31 00:00:57.000,341,44735
2025-10-31 00:00:57.000,341,44712
2025-10-31 00:00:57.000,341,44685
2025-10-31 00:00:57.000,341,44678
2025-10-31 00:00:57.000,341,44674
2025-10-31 00:00:57.000,341,44662
2025-10-31 00:00:58.001,335,45656
2025-10-31 00:00:58.001,335,45652
2025-10-31 00:00:58.001,335,45650
2025-10-31 00:00:58.001,335,45644
2025-10-31 00:00:58.001,335,45632
2025-10-31 00:00:58.001,335,45631
2025-10-31 00:00:58.001,335,45627
2025-10-31 00:00:58.001,335,45615
2025-10-31 00:00:58.001,335,45597
2025-10-31 00:00:58.001,335,44810
2025-10-31 00:00:59.000,333,45794
2025-10-31 00:00:59.000,333,45788
2025-10-31 00:00:59.000,333,45770
2025-10-31 00:00:59.000,333,45764
2025-10-31 00:00:59.000,333,45754
2025-10-31 00:00:59.000,333,45750
2025-10-31 00:00:59.000,333,45746
2025-10-31 00:00:59.000,333,45731
2025-10-31 00:00:59.000,333,45727
2025-10-31 00:00:59.000,333,45705
2025-10-31 00:01:00.001,326,46686
2025-10-31 00:01:00.001,326,46663
2025-10-31 00:01:00.001,326,45782
2025-10-31 00:01:00.001,326,45760
2025-10-31 00:01:00.001,326,45748
2025-10-31 00:01:00.001,326,45747
2025-10-31 00:01:00.001,326,45745
2025-10-31 00:01:00.001,326,45731
2025-10-31 00:01:00.001,326,45730
2025-10-31 00:01:00.001,326,45723
2025-10-31 00:01:01.000,320,46715
2025-10-31 00:01:01.000,320,46700
2025-10-31 00:01:01.000,320,46682
2025-10-31 00:01:01.000,320,46677
2025-10-31 00:01:01.000,320,46671
2025-10-31 00:01:01.000,320,46651
2025-10-31 00:01:01.000,320,45802
2025-10-31 00:01:01.000,320,45799
2025-10-31 00:01:01.000,320,45782
2025-10-31 00:01:01.000,320,45779
2025-10-31 00:01:02.000,313,46769
2025-10-31 00:01:02.000,313,46767
2025-10-31 00:01:02.000,313,46765
2025-10-31 00:01:02.000,313,46758
2025-10-31 00:01:02.000,313,46751
2025-10-31 00:01:02.000,313,46748
2025-10-31 00:01:02.000,313,46739
2025-10-31 00:01:02.000,313,46736
2025-10-31 00:01:02.000,313,46735
2025-10-31 00:01:02.000,313,46732
2025-10-31 00:01:03.001,308,47728
2025-10-31 00:01:03.001,308,47698
2025-10-31 00:01:03.001,308,47686
2025-10-31 00:01:03.001,308,47670
2025-10-31 00:01:03.001,308,47627
2025-10-31 00:01:03.001,308,46806
2025-10-31 00:01:03.001,308,46800
2025-10-31 00:01:03.001,308,46798
2025-10-31 00:01:03.001,308,46780
2025-10-31 00:01:03.001,308,46776
2025-10-31 00:01:04.000,304,47765
2025-10-31 00:01:04.000,304,47745
2025-10-31 00:01:04.000,304,47734
2025-10-31 00:01:04.000,304,47732
2025-10-31 00:01:04.000,304,47718
2025-10-31 00:01:04.000,304,47715
2025-10-31 00:01:04.000,304,47711
2025-10-31 00:01:04.000,304,47695
2025-10-31 00:01:04.000,304,47687
2025-10-31 00:01:04.000,304,47685
2025-10-31 00:01:05.000,300,48683
2025-10-31 00:01:05.000,300,48682
2025-10-31 00:01:05.000,300,48667
2025-10-31 00:01:05.000,300,48659
2025-10-31 00:01:05.000,300,47616
2025-10-31 00:01:05.000,300,47611
2025-10-31 00:01:05.000,300,47609
2025-10-31 00:01:05.000,300,47607
2025-10-31 00:01:05.000,300,47600
2025-10-31 00:01:05.000,300,47571
2025-10-31 00:01:06.001,294,48570
2025-10-31 00:01:06.001,294,48553
2025-10-31 00:01:06.001,294,48546
2025-10-31 00:01:06.001,294,47631
2025-10-31 00:01:06.001,294,47621
2025-10-31 00:01:06.001,294,47620
2025-10-31 00:01:06.001,294,47603
2025-10-31 00:01:06.001,294,47600
2025-10-31 00:01:06.001,294,47591
2025-10-31 00:01:06.001,294,47585
2025-10-31 00:01:07.000,287,48579
2025-10-31 00:01:07.000,287,48578
2025-10-31 00:01:07.000,287,48569
2025-10-31 00:01:07.000,287,48567
2025-10-31 00:01:07.000,287,48564
2025-10-31 00:01:07.000,287,48556
2025-10-31 00:01:07.000,287,47628
2025-10-31 00:01:07.000,287,47612
2025-10-31 00:01:07.000,287,47602
2025-10-31 00:01:07.000,287,47599
2025-10-31 00:01:08.001,282,48595
2025-10-31 00:01:08.001,282,48581
2025-10-31 00:01:08.001,282,47638
2025-10-31 00:01:08.001,282,47623
2025-10-31 00:01:08.001,282,47620
2025-10-31 00:01:08.001,282,47612
2025-10-31 00:01:08.001,282,47545
2025-10-31 00:01:08.001,282,47539
2025-10-31 00:01:08.001,282,47533
2025-10-31 00:01:08.001,282,46642
2025-10-31 00:01:09.000,276,47614
2025-10-31 00:01:09.000,276,47613
2025-10-31 00:01:09.000,276,47611
2025-10-31 00:01:09.000,276,47610
2025-10-31 00:01:09.000,276,47605
2025-10-31 00:01:09.000,276,47600
2025-10-31 00:01:09.000,276,47596
2025-10-31 00:01:09.000,276,47582
2025-10-31 00:01:09.000,276,47581
2025-10-31 00:01:09.000,276,47569
2025-10-31 00:01:10.001,266,48562
2025-10-31 00:01:10.001,266,47637
2025-10-31 00:01:10.001,266,47631
2025-10-31 00:01:10.001,266,47619
2025-10-31 00:01:10.001,266,47617
2025-10-31 00:01:10.001,266,47605
2025-10-31 00:01:10.001,266,47587
2025-10-31 00:01:10.001,266,47577
2025-10-31 00:01:10.001,266,47567
2025-10-31 00:01:10.001,266,46623
2025-10-31 00:01:11.000,266,47592
2025-10-31 00:01:11.000,266,47588
2025-10-31 00:01:11.000,266,47585
2025-10-31 00:01:11.000,266,47581
2025-10-31 00:01:11.000,266,47577
2025-10-31 00:01:11.000,266,47576
2025-10-31 00:01:11.000,266,47573
2025-10-31 00:01:11.000,266,47570
2025-10-31 00:01:11.000,266,46626
2025-10-31 00:01:11.000,266,46618
2025-10-31 00:01:12.000,259,47613
2025-10-31 00:01:12.000,259,47611
2025-10-31 00:01:12.000,259,47606
2025-10-31 00:01:12.000,259,47603
2025-10-31 00:01:12.000,259,47588
2025-10-31 00:01:12.000,259,47587
2025-10-31 00:01:12.000,259,47580
2025-10-31 00:01:12.000,259,46626
2025-10-31 00:01:12.000,259,46588
2025-10-31 00:01:12.000,259,46585
2025-10-31 00:01:13.001,250,47570
2025-10-31 00:01:13.001,250,46633
2025-10-31 00:01:13.001,250,46631
2025-10-31 00:01:13.001,250,46630
2025-10-31 00:01:13.001,250,46628
2025-10-31 00:01:13.001,250,46610
2025-10-31 00:01:13.001,250,46603
2025-10-31 00:01:13.001,250,46594
2025-10-31 00:01:13.001,250,46576
2025-10-31 00:01:13.001,250,46570
2025-10-31 00:01:14.000,250,47561
2025-10-31 00:01:14.000,250,46637
2025-10-31 00:01:14.000,250,46628
2025-10-31 00:01:14.000,250,46616
2025-10-31 00:01:14.000,250,46604
2025-10-31 00:01:14.000,250,46600
2025-10-31 00:01:14.000,250,46585
2025-10-31 00:01:14.000,250,46571
2025-10-31 00:01:14.000,250,46544
2025-10-31 00:01:14.000,250,45624
2025-10-31 00:01:15.000,248,46615
2025-10-31 00:01:15.000,248,46599
2025-10-31 00:01:15.000,248,46597
2025-10-31 00:01:15.000,248,46594
2025-10-31 00:01:15.000,248,46582
2025-10-31 00:01:15.000,248,46574
2025-10-31 00:01:15.000,248,46565
2025-10-31 00:01:15.000,248,46557
2025-10-31 00:01:15.000,248,46555
2025-10-31 00:01:15.000,248,46552
2025-10-31 00:01:16.001,244,47551
2025-10-31 00:01:16.001,244,47544
2025-10-31 00:01:16.001,244,47536
2025-10-31 00:01:16.001,244,46635
2025-10-31 00:01:16.001,244,46632
2025-10-31 00:01:16.001,244,46628
2025-10-31 00:01:16.001,244,46621
2025-10-31 00:01:16.001,244,46612
2025-10-31 00:01:16.001,244,46604
2025-10-31 00:01:16.001,244,46594
2025-10-31 00:01:17.000,241,47584
2025-10-31 00:01:17.000,241,47580
2025-10-31 00:01:17.000,241,46635
2025-10-31 00:01:17.000,241,46634
2025-10-31 00:01:17.000,241,46622
2025-10-31 00:01:17.000,241,46601
2025-10-31 00:01:17.000,241,46597
2025-10-31 00:01:17.000,241,46595
2025-10-31 00:01:17.000,241,46592
2025-10-31 00:01:17.000,241,46582
2025-10-31 00:01:18.001,234,47580
2025-10-31 00:01:18.001,234,47578
2025-10-31 00:01:18.001,234,47570
2025-10-31 00:01:18.001,234,46618
2025-10-31 00:01:18.001,234,46604
2025-10-31 00:01:18.001,234,46601
2025-10-31 00:01:18.001,234,46592
2025-10-31 00:01:18.001,234,46588
2025-10-31 00:01:18.001,234,46585
2025-10-31 00:01:18.001,234,46579
2025-10-31 00:01:19.000,234,47575
2025-10-31 00:01:19.000,234,46603
2025-10-31 00:01:19.000,234,46602
2025-10-31 00:01:19.000,234,46591
2025-10-31 00:01:19.000,234,46585
2025-10-31 00:01:19.000,234,46565
2025-10-31 00:01:19.000,234,46563
2025-10-31 00:01:19.000,234,46558
2025-10-31 00:01:19.000,234,46536
2025-10-31 00:01:19.000,234,46530
2025-10-31 00:01:20.001,218,46640
2025-10-31 00:01:20.001,218,46627
2025-10-31 00:01:20.001,218,46626
2025-10-31 00:01:20.001,218,46621
2025-10-31 00:01:20.001,218,46603
2025-10-31 00:01:20.001,218,46601
2025-10-31 00:01:20.001,218,46596
2025-10-31 00:01:20.001,218,46594
2025-10-31 00:01:20.001,218,46591
2025-10-31 00:01:20.001,218,46580
2025-10-31 00:01:21.000,209,47572
2025-10-31 00:01:21.000,209,47569
2025-10-31 00:01:21.000,209,47564
2025-10-31 00:01:21.000,209,47559
2025-10-31 00:01:21.000,209,47554
2025-10-31 00:01:21.000,209,46632
2025-10-31 00:01:21.000,209,46626
2025-10-31 00:01:21.000,209,46617
2025-10-31 00:01:21.000,209,46604
2025-10-31 00:01:21.000,209,46602
2025-10-31 00:01:22.000,204,47600
2025-10-31 00:01:22.000,204,47589
2025-10-31 00:01:22.000,204,47578
2025-10-31 00:01:22.000,204,47569
2025-10-31 00:01:22.000,204,46632
2025-10-31 00:01:22.000,204,46631
2025-10-31 00:01:22.000,204,46630
2025-10-31 00:01:22.000,204,46627
2025-10-31 00:01:22.000,204,46621
2025-10-31 00:01:22.000,204,46619
2025-10-31 00:01:23.001,202,47618
2025-10-31 00:01:23.001,202,47617
2025-10-31 00:01:23.001,202,47614
2025-10-31 00:01:23.001,202,47605
2025-10-31 00:01:23.001,202,47604
2025-10-31 00:01:23.001,202,47595
2025-10-31 00:01:23.001,202,47585
2025-10-31 00:01:23.001,202,47578
2025-10-31 00:01:23.001,202,47567
2025-10-31 00:01:23.001,202,46638
2025-10-31 00:01:24.000,197,47634
2025-10-31 00:01:24.000,197,47629
2025-10-31 00:01:24.000,197,47621
2025-10-31 00:01:24.000,197,47607
2025-10-31 00:01:24.000,197,47604
2025-10-31 00:01:24.000,197,47600
2025-10-31 00:01:24.000,197,47598
2025-10-31 00:01:24.000,197,47592
2025-10-31 00:01:24.000,197,47582
2025-10-31 00:01:24.000,197,46532
2025-10-31 00:01:25.001,188,47531
2025-10-31 00:01:25.001,188,46552
2025-10-31 00:01:25.001,188,46549
2025-10-31 00:01:25.001,188,46535
2025-10-31 00:01:25.001,188,45551
2025-10-31 00:01:25.001,188,45543
2025-10-31 00:01:25.001,188,44550
2025-10-31 00:01:25.001,188,44546
2025-10-31 00:01:25.001,188,44531
2025-10-31 00:01:25.001,188,44530
2025-10-31 00:01:26.000,181,44552
2025-10-31 00:01:26.000,181,44547
2025-10-31 00:01:26.000,181,44527
2025-10-31 00:01:26.000,181,43552
2025-10-31 00:01:26.000,181,43536
2025-10-31 00:01:26.000,181,42540
2025-10-31 00:01:26.000,181,41555
2025-10-31 00:01:26.000,181,41554
2025-10-31 00:01:26.000,181,41543
2025-10-31 00:01:26.000,181,41538
2025-10-31 00:01:27.000,173,42533
2025-10-31 00:01:27.000,173,42524
2025-10-31 00:01:27.000,173,42522
2025-10-31 00:01:27.000,173,41554
2025-10-31 00:01:27.000,173,41541
2025-10-31 00:01:27.000,173,41529
2025-10-31 00:01:27.000,173,40549
2025-10-31 00:01:27.000,173,40546
2025-10-31 00:01:27.000,173,40535
2025-10-31 00:01:27.000,173,40531
2025-10-31 00:01:28.001,167,40551
2025-10-31 00:01:28.001,167,40545
2025-10-31 00:01:28.001,167,40533
2025-10-31 00:01:28.001,167,40526
2025-10-31 00:01:28.001,167,39547
2025-10-31 00:01:28.001,167,39542
2025-10-31 00:01:28.001,167,39534
2025-10-31 00:01:28.001,167,39521
2025-10-31 00:01:28.001,167,38544
2025-10-31 00:01:28.001,167,37546
2025-10-31 00:01:29.000,161,38540
2025-10-31 00:01:29.000,161,38538
2025-10-31 00:01:29.000,161,38530
2025-10-31 00:01:29.000,161,37551
2025-10-31 00:01:29.000,161,37546
2025-10-31 00:01:29.000,161,37536
2025-10-31 00:01:29.000,161,37533
2025-10-31 00:01:29.000,161,36553
2025-10-31 00:01:29.000,161,36549
2025-10-31 00:01:29.000,161,36546
2025-10-31 00:01:30.001,155,37534
2025-10-31 00:01:30.001,155,37533
2025-10-31 00:01:30.001,155,37530
2025-10-31 00:01:30.001,155,36542
2025-10-31 00:01:30.001,155,35545
2025-10-31 00:01:30.001,155,35521
2025-10-31 00:01:30.001,155,34548
2025-10-31 00:01:30.001,155,34527
2025-10-31 00:01:30.001,155,33554
2025-10-31 00:01:30.001,155,33550
2025-10-31 00:01:31.000,152,34548
2025-10-31 00:01:31.000,152,33516
2025-10-31 00:01:31.000,152,33496
2025-10-31 00:01:31.000,152,33489
2025-10-31 00:01:31.000,152,33484
2025-10-31 00:01:31.000,152,32523
2025-10-31 00:01:31.000,152,32519
2025-10-31 00:01:31.000,152,32518
2025-10-31 00:01:31.000,152,32511
2025-10-31 00:01:31.000,152,32509
2025-10-31 00:01:32.000,144,33505
2025-10-31 00:01:32.000,144,33501
2025-10-31 00:01:32.000,144,33493
2025-10-31 00:01:32.000,144,32511
2025-10-31 00:01:32.000,144,32507
2025-10-31 00:01:32.000,144,32493
2025-10-31 00:01:32.000,144,31513
2025-10-31 00:01:32.000,144,31512
2025-10-31 00:01:32.000,144,31500
2025-10-31 00:01:32.000,144,31494
2025-10-31 00:01:33.000,140,31518
2025-10-31 00:01:33.000,140,31517
2025-10-31 00:01:33.000,140,31500
2025-10-31 00:01:33.000,140,30510
2025-10-31 00:01:33.000,140,30506
2025-10-31 00:01:33.000,140,30504
2025-10-31 00:01:33.000,140,30499
2025-10-31 00:01:33.000,140,30493
2025-10-31 00:01:33.000,140,29514
2025-10-31 00:01:33.000,140,29507
2025-10-31 00:01:34.001,131,30503
2025-10-31 00:01:34.001,131,30496
2025-10-31 00:01:34.001,131,30488
2025-10-31 00:01:34.001,131,30479
2025-10-31 00:01:34.001,131,29521
2025-10-31 00:01:34.001,131,29512
2025-10-31 00:01:34.001,131,29508
2025-10-31 00:01:34.001,131,29505
2025-10-31 00:01:34.001,131,29500
2025-10-31 00:01:34.001,131,29496
2025-10-31 00:01:35.034,126,29555
2025-10-31 00:01:35.034,126,29532
2025-10-31 00:01:35.034,126,29531
2025-10-31 00:01:35.034,126,29526
2025-10-31 00:01:35.034,126,28550
2025-10-31 00:01:35.034,126,28546
2025-10-31 00:01:35.034,126,28528
2025-10-31 00:01:35.034,126,27544
2025-10-31 00:01:35.034,126,27540
2025-10-31 00:01:35.035,126,27532
2025-10-31 00:01:36.000,120,28492
2025-10-31 00:01:36.000,120,28485
2025-10-31 00:01:36.000,120,27516
2025-10-31 00:01:36.000,120,27503
2025-10-31 00:01:36.000,120,27494
2025-10-31 00:01:36.000,120,27487
2025-10-31 00:01:36.000,120,25061
2025-10-31 00:01:36.000,120,24787
2025-10-31 00:01:36.000,120,24779
2025-10-31 00:01:36.000,120,24761
2025-10-31 00:01:37.001,113,25756
2025-10-31 00:01:37.001,113,25747
2025-10-31 00:01:37.001,113,25731
2025-10-31 00:01:37.001,113,25720
2025-10-31 00:01:37.001,113,25718
2025-10-31 00:01:37.001,113,25712
2025-10-31 00:01:37.001,113,25489
2025-10-31 00:01:37.001,113,25486
2025-10-31 00:01:37.001,113,25481
2025-10-31 00:01:37.001,113,24338
2025-10-31 00:01:38.000,108,25331
2025-10-31 00:01:38.000,108,25306
2025-10-31 00:01:38.000,108,25297
2025-10-31 00:01:38.000,108,25295
2025-10-31 00:01:38.000,108,25290
2025-10-31 00:01:38.000,108,24497
2025-10-31 00:01:38.000,108,24494
2025-10-31 00:01:38.000,108,24485
2025-10-31 00:01:38.000,108,23524
2025-10-31 00:01:38.000,108,23515
2025-10-31 00:01:39.001,103,24514
2025-10-31 00:01:39.001,103,24506
2025-10-31 00:01:39.001,103,24496
2025-10-31 00:01:39.001,103,23482
2025-10-31 00:01:39.001,103,23478
2025-10-31 00:01:39.001,103,23468
2025-10-31 00:01:39.001,103,23467
2025-10-31 00:01:39.001,103,23463
2025-10-31 00:01:39.001,103,23457
2025-10-31 00:01:39.001,103,23452
2025-10-31 00:01:40.000,98,24449
2025-10-31 00:01:40.000,98,23513
2025-10-31 00:01:40.000,98,23481
2025-10-31 00:01:40.000,98,22459
2025-10-31 00:01:40.000,98,22449
2025-10-31 00:01:40.000,98,22435
2025-10-31 00:01:40.000,98,22428
2025-10-31 00:01:40.000,98,20446
2025-10-31 00:01:40.000,98,20431
2025-10-31 00:01:40.000,98,19463
2025-10-31 00:01:41.001,90,20459
2025-10-31 00:01:41.001,90,20442
2025-10-31 00:01:41.001,90,20428
2025-10-31 00:01:41.001,90,20424
2025-10-31 00:01:41.001,90,19462
2025-10-31 00:01:41.001,90,19459
2025-10-31 00:01:41.001,90,19456
2025-10-31 00:01:41.001,90,19451
2025-10-31 00:01:41.001,90,19446
2025-10-31 00:01:41.001,90,19444
2025-10-31 00:01:42.000,85,20427
2025-10-31 00:01:42.000,85,20419
2025-10-31 00:01:42.000,85,19446
2025-10-31 00:01:42.000,85,19443
2025-10-31 00:01:42.000,85,19439
2025-10-31 00:01:42.000,85,18458
2025-10-31 00:01:42.000,85,18450
2025-10-31 00:01:42.000,85,18434
2025-10-31 00:01:42.000,85,17464
2025-10-31 00:01:42.000,85,17460
2025-10-31 00:01:43.000,82,18438
2025-10-31 00:01:43.000,82,17432
2025-10-31 00:01:43.000,82,17425
2025-10-31 00:01:43.000,82,16467
2025-10-31 00:01:43.000,82,16453
2025-10-31 00:01:43.000,82,16444
2025-10-31 00:01:43.000,82,16428
2025-10-31 00:01:43.000,82,15466
2025-10-31 00:01:43.000,82,15427
2025-10-31 00:01:43.000,82,14457
2025-10-31 00:01:44.001,76,15456
2025-10-31 00:01:44.001,76,15449
2025-10-31 00:01:44.001,76,15446
2025-10-31 00:01:44.001,76,15443
2025-10-31 00:01:44.001,76,15434
2025-10-31 00:01:44.001,76,14464
2025-10-31 00:01:44.001,76,14461
2025-10-31 00:01:44.001,76,14460
2025-10-31 00:01:44.001,76,14453
2025-10-31 00:01:44.001,76,14450
2025-10-31 00:01:45.000,61,14451
2025-10-31 00:01:45.000,61,14448
2025-10-31 00:01:45.000,61,14445
2025-10-31 00:01:45.000,61,14418
2025-10-31 00:01:45.000,61,13447
2025-10-31 00:01:45.000,61,13444
2025-10-31 00:01:45.000,61,13432
2025-10-31 00:01:45.000,61,13429
2025-10-31 00:01:45.000,61,12456
2025-10-31 00:01:45.000,61,12449
2025-10-31 00:01:46.001,61,13444
2025-10-31 00:01:46.001,61,12465
2025-10-31 00:01:46.001,61,12461
2025-10-31 00:01:46.001,61,12456
2025-10-31 00:01:46.001,61,12445
2025-10-31 00:01:46.001,61,12435
2025-10-31 00:01:46.001,61,11463
2025-10-31 00:01:46.001,61,11451
2025-10-31 00:01:46.001,61,11438
2025-10-31 00:01:46.001,61,11432
2025-10-31 00:01:47.000,49,11449
2025-10-31 00:01:47.000,49,11441
2025-10-31 00:01:47.000,49,11421
2025-10-31 00:01:47.000,49,10450
2025-10-31 00:01:47.000,49,10447
2025-10-31 00:01:47.000,49,10445
2025-10-31 00:01:47.000,49,10443
2025-10-31 00:01:47.000,49,10436
2025-10-31 00:01:47.000,49,9409
2025-10-31 00:01:47.000,49,9407
2025-10-31 00:01:48.000,49,10404
2025-10-31 00:01:48.000,49,10398
2025-10-31 00:01:48.000,49,10394
2025-10-31 00:01:48.000,49,9413
2025-10-31 00:01:48.000,49,9404
2025-10-31 00:01:48.000,49,9400
2025-10-31 00:01:48.000,49,9398
2025-10-31 00:01:48.000,49,9392
2025-10-31 00:01:48.000,49,8406
2025-10-31 00:01:48.000,49,8393
2025-10-31 00:01:49.001,33,8403
2025-10-31 00:01:49.001,33,8397
2025-10-31 00:01:49.001,33,8391
2025-10-31 00:01:49.001,33,8385
2025-10-31 00:01:49.001,33,7421
2025-10-31 00:01:49.001,33,7415
2025-10-31 00:01:49.001,33,7414
2025-10-31 00:01:49.001,33,7406
2025-10-31 00:01:49.001,33,7402
2025-10-31 00:01:49.001,33,7399
2025-10-31 00:01:50.000,27,8395
2025-10-31 00:01:50.154,27,8387
2025-10-31 00:01:50.154,27,7418
2025-10-31 00:01:50.154,27,7567
2025-10-31 00:01:50.154,27,7556
2025-10-31 00:01:50.154,27,7544
2025-10-31 00:01:50.154,27,6561
2025-10-31 00:01:50.154,27,6540
2025-10-31 00:01:50.154,27,5568
2025-10-31 00:01:50.154,27,5558
2025-10-31 00:01:51.000,23,6384
2025-10-31 00:01:51.000,23,5401
2025-10-31 00:01:51.000,23,4413
2025-10-31 00:01:51.000,23,4410
2025-10-31 00:01:51.000,23,4408
2025-10-31 00:01:51.000,23,4402
2025-10-31 00:01:51.000,23,4400
2025-10-31 00:01:51.000,23,4393
2025-10-31 00:01:51.000,23,4378
2025-10-31 00:01:51.000,23,3409
2025-10-31 00:01:52.001,23,4398
2025-10-31 00:01:52.001,23,3386
2025-10-31 00:01:52.001,23,3380
2025-10-31 00:01:52.001,23,2411
2025-10-31 00:01:52.001,23,2408
2025-10-31 00:01:52.001,23,2390
2025-10-31 00:01:52.001,23,2383
2025-10-31 00:01:52.001,23,1419
2025-10-31 00:01:52.001,23,1406
2025-10-31 00:01:52.001,23,1402
2025-10-31 00:01:53.000,13,2397
2025-10-31 00:01:53.000,13,2387
2025-10-31 00:01:53.000,13,2380
2025-10-31 00:01:53.000,13,1418
2025-10-31 00:01:53.000,13,1403
2025-10-31 00:01:53.000,13,1402
2025-10-31 00:01:53.000,13,1399
2025-10-31 00:01:53.000,13,1396
2025-10-31 00:01:53.000,13,420
2025-10-31 00:01:53.000,13,415
2025-10-31 00:01:54.000,4,1406
2025-10-31 00:01:54.000,4,1403
2025-10-31 00:01:54.000,4,1376
2025-10-31 00:01:54.000,4,1372
2025-10-31 00:01:54.000,4,228
2025-10-31 00:01:54.000,4,223
2025-10-31 00:01:54.595,4,1
2025-10-31 00:01:54.599,4,1
2025-10-31 00:01:54.617,4,1
2025-10-31 00:01:54.619,4,1
2025-10-31 00:01:55.617,4,0
2025-10-31 00:01:55.629,4,3
2025-10-31 00:01:55.642,2,3
2025-10-31 00:01:55.651,2,1
2025-10-31 00:01:56.584,2,1
2025-10-31 00:01:56.590,2,1
2025-10-31 00:01:56.597,2,6
2025-10-31 00:01:57.672,3,3
2025-10-31 00:01:57.679,1,1
2025-10-31 00:01:57.684,1,1
2025-10-31 00:01:57.700,1,1
2025-10-31 00:01:57.707,1,1
2025-10-31 00:01:58.675,1,2
2025-10-31 00:01:58.701,1,1
2025-10-31 00:01:58.712,2,1
2025-10-31 00:01:58.717,2,1
2025-10-31 00:01:59.678,2,1
2025-10-31 00:01:59.697,1,1
2025-10-31 00:01:59.699,1,1
2025-10-31 00:01:59.703,1,2
2025-10-31 00:01:59.708,1,1
2025-10-31 00:02:00.676,1,1
2025-10-31 00:02:00.681,2,4
2025-10-31 00:02:00.687,2,0
2025-10-31 00:02:00.701,2,1
2025-10-31 00:02:01.674,2,1
2025-10-31 00:02:01.685,2,1
2025-10-31 00:02:01.687,2,0
2025-10-31 00:02:01.698,3,0
2025-10-31 00:02:01.711,3,1
2025-10-31 00:02:02.681,3,1
2025-10-31 00:02:02.695,3,2
2025-10-31 00:02:03.704,2,3
2025-10-31 00:02:03.707,1,2
2025-10-31 00:02:03.713,1,2
2025-10-31 00:02:03.715,1,1
2025-10-31 00:02:03.723,1,1
2025-10-31 00:02:04.691,1,1
2025-10-31 00:02:04.706,1,1
2025-10-31 00:02:05.690,1,1
2025-10-31 00:02:05.696,1,1
2025-10-31 00:02:05.699,2,1
2025-10-31 00:02:05.701,2,0
2025-10-31 00:02:05.707,2,1
2025-10-31 00:02:06.672,2,1
2025-10-31 00:02:06.680,1,1
2025-10-31 00:02:06.707,1,0
2025-10-31 00:02:07.681,1,1
2025-10-31 00:02:07.690,1,1
2025-10-31 00:02:07.694,1,0
2025-10-31 00:02:07.700,1,1
2025-10-31 00:02:07.713,1,1
2025-10-31 00:02:08.687,1,1
2025-10-31 00:02:08.719,1,1
2025-10-31 00:02:09.675,1,0
2025-10-31 00:02:09.686,1,0
2025-10-31 00:02:09.699,1,0
2025-10-31 00:02:09.705,1,0
2025-10-31 00:02:10.670,1,2
2025-10-31 00:02:10.683,1,2
2025-10-31 00:02:10.699,1,1
2025-10-31 00:02:10.707,1,2
2025-10-31 00:02:10.709,1,2
2025-10-31 00:02:10.716,1,2
2025-10-31 00:02:11.672,1,3
2025-10-31 00:02:11.679,1,3
2025-10-31 00:02:11.692,2,2
2025-10-31 00:02:11.705,2,1
2025-10-31 00:02:12.693,2,3
2025-10-31 00:02:12.699,2,6
2025-10-31 00:02:12.702,2,2
2025-10-31 00:02:12.717,2,2
2025-10-31 00:02:13.675,2,2
2025-10-31 00:02:13.680,2,5
2025-10-31 00:02:13.680,2,3
2025-10-31 00:02:13.683,2,2
2025-10-31 00:02:13.700,2,3
2025-10-31 00:02:14.684,2,1
2025-10-31 00:02:14.689,1,2
2025-10-31 00:02:14.694,1,3
2025-10-31 00:02:14.698,1,2
2025-10-31 00:02:14.710,1,2
2025-10-31 00:02:14.712,1,1
2025-10-31 00:02:15.678,1,3
2025-10-31 00:02:15.690,1,1
2025-10-31 00:02:15.694,1,3
2025-10-31 00:02:15.696,1,2
2025-10-31 00:02:15.714,1,3
2025-10-31 00:02:15.719,1,1
2025-10-31 00:02:15.721,1,3
2025-10-31 00:02:16.696,1,2
2025-10-31 00:02:17.710,1,2
2025-10-31 00:02:17.728,1,3
2025-10-31 00:02:17.736,2,2
2025-10-31 00:02:17.755,2,2
2025-10-31 00:02:17.759,2,2
2025-10-31 00:02:18.726,2,2
2025-10-31 00:02:18.735,1,1
2025-10-31 00:02:18.740,1,1
2025-10-31 00:02:18.745,1,3
2025-10-31 00:02:18.749,1,2
2025-10-31 00:02:19.708,1,2
2025-10-31 00:02:19.712,1,4
2025-10-31 00:02:19.728,2,2
2025-10-31 00:02:19.738,2,2
2025-10-31 00:02:20.746,1,5
2025-10-31 00:02:20.750,1,2
2025-10-31 00:02:20.754,1,1
2025-10-31 00:02:20.757,1,1
2025-10-31 00:02:21.715,1,1
2025-10-31 00:02:21.721,1,2
2025-10-31 00:02:21.724,1,1
2025-10-31 00:02:21.730,1,1
2025-10-31 00:02:21.732,1,2
2025-10-31 00:02:21.740,1,1
2025-10-31 00:02:21.743,1,1
2025-10-31 00:02:22.711,1,1
2025-10-31 00:02:22.730,1,2
2025-10-31 00:02:22.734,1,1
2025-10-31 00:02:22.743,3,2
2025-10-31 00:02:23.714,3,2
2025-10-31 00:02:23.719,1,1
2025-10-31 00:02:23.734,1,1
2025-10-31 00:02:24.724,1,1
2025-10-31 00:02:24.729,1,1
2025-10-31 00:02:24.731,1,1
2025-10-31 00:02:24.734,1,1
2025-10-31 00:02:24.736,1,1
2025-10-31 00:02:25.732,1,2
2025-10-31 00:02:25.737,1,1
2025-10-31 00:02:25.742,1,2
2025-10-31 00:02:26.715,1,2
2025-10-31 00:02:26.720,1,1
2025-10-31 00:02:26.734,1,1
2025-10-31 00:02:26.743,1,2
2025-10-31 00:02:27.718,1,2
2025-10-31 00:02:27.728,1,2
2025-10-31 00:02:27.735,2,1
2025-10-31 00:02:28.712,2,2
2025-10-31 00:02:28.716,1,1
2025-10-31 00:02:28.731,1,2
2025-10-31 00:02:28.735,1,1
2025-10-31 00:02:28.741,1,1
2025-10-31 00:02:29.711,1,2
2025-10-31 00:02:29.715,1,1
2025-10-31 00:02:29.718,1,1
2025-10-31 00:02:29.725,1,1
2025-10-31 00:02:29.737,1,1
2025-10-31 00:02:29.739,1,0
2025-10-31 00:02:29.743,1,1
2025-10-31 00:02:30.715,1,0
2025-10-31 00:02:30.719,1,1
2025-10-31 00:02:30.720,1,1
2025-10-31 00:02:30.734,1,1
2025-10-31 00:02:30.739,1,1
2025-10-31 00:02:30.746,1,1
2025-10-31 00:02:31.724,1,1
2025-10-31 00:02:32.711,1,2
2025-10-31 00:02:32.729,1,2
2025-10-31 00:02:32.740,2,1
2025-10-31 00:02:33.711,2,1
2025-10-31 00:02:33.726,2,1
2025-10-31 00:02:33.735,2,1
2025-10-31 00:02:33.749,2,0
2025-10-31 00:02:34.714,2,2
2025-10-31 00:02:34.717,1,1
2025-10-31 00:02:34.720,1,1
2025-10-31 00:02:34.723,1,1
2025-10-31 00:02:34.729,1,1
2025-10-31 00:02:35.718,1,1
2025-10-31 00:02:35.734,1,1
2025-10-31 00:02:36.710,1,1
2025-10-31 00:02:36.724,1,1
2025-10-31 00:02:36.741,1,1
2025-10-31 00:02:36.746,1,1
2025-10-31 00:02:36.752,1,1
2025-10-31 00:02:37.759,0,1
2025-10-31 00:02:37.781,0,1
2025-10-31 00:02:37.791,0,1
2025-10-31 00:02:37.792,0,1
2025-10-31 00:02:38.760,0,1
2025-10-31 00:02:38.769,1,1
2025-10-31 00:02:38.778,1,1
2025-10-31 00:02:38.795,1,1
2025-10-31 00:02:39.759,1,1
2025-10-31 00:02:39.767,1,1
2025-10-31 00:02:39.770,1,1
2025-10-31 00:02:39.787,1,1
2025-10-31 00:02:39.792,1,2
2025-10-31 00:02:39.798,1,2
2025-10-31 00:02:40.780,1,2
2025-10-31 00:02:40.783,1,2
2025-10-31 00:02:40.796,2,1
2025-10-31 00:02:40.804,2,2
2025-10-31 00:02:41.762,2,2
2025-10-31 00:02:41.787,2,1
2025-10-31 00:02:42.761,2,2
2025-10-31 00:02:42.803,1,2
2025-10-31 00:02:43.758,1,1
2025-10-31 00:02:43.783,1,2
2025-10-31 00:02:43.784,1,2
2025-10-31 00:02:43.792,1,2
2025-10-31 00:02:44.758,1,1
2025-10-31 00:02:44.807,1,2
2025-10-31 00:02:45.765,1,1
2025-10-31 00:02:45.772,1,2
2025-10-31 00:02:45.798,1,2
2025-10-31 00:02:46.762,1,2
2025-10-31 00:02:46.779,1,2
2025-10-31 00:02:46.781,1,1
2025-10-31 00:02:46.783,1,1
2025-10-31 00:02:46.787,1,2
2025-10-31 00:02:46.788,1,1
2025-10-31 00:02:47.758,1,1
2025-10-31 00:02:47.770,1,2
2025-10-31 00:02:47.776,2,1
2025-10-31 00:02:47.786,2,1
2025-10-31 00:02:47.789,2,1
2025-10-31 00:02:48.778,2,2
2025-10-31 00:02:49.778,1,2
2025-10-31 00:02:49.787,1,1
2025-10-31 00:02:49.790,1,1
2025-10-31 00:02:49.790,1,0
2025-10-31 00:02:50.797,1,1
2025-10-31 00:02:51.778,1,2
2025-10-31 00:02:52.760,1,2
2025-10-31 00:02:52.779,1,2
2025-10-31 00:02:52.788,1,1
2025-10-31 00:02:52.791,1,1
2025-10-31 00:02:52.793,1,1
2025-10-31 00:02:53.772,1,1
2025-10-31 00:02:53.784,1,1
2025-10-31 00:02:53.794,2,2
2025-10-31 00:02:54.765,2,1
2025-10-31 00:02:54.774,2,0
2025-10-31 00:02:55.767,1,1
2025-10-31 00:02:55.772,2,4
2025-10-31 00:02:55.782,2,2
2025-10-31 00:02:55.800,2,1
2025-10-31 00:02:55.810,2,1
2025-10-31 00:02:56.760,2,1
2025-10-31 00:02:56.786,1,0
2025-10-31 00:02:57.802,1,1
2025-10-31 00:02:57.808,1,1
2025-10-31 00:02:57.816,1,1
2025-10-31 00:02:57.825,1,1
2025-10-31 00:02:57.833,1,1
2025-10-31 00:02:58.805,1,1
2025-10-31 00:02:58.826,1,1
2025-10-31 00:02:59.808,2,1
2025-10-31 00:03:00.796,1,1
2025-10-31 00:03:00.800,1,1
2025-10-31 00:03:00.818,1,1
2025-10-31 00:03:01.796,1,2
2025-10-31 00:03:01.808,1,1
2025-10-31 00:03:01.813,1,2
2025-10-31 00:03:01.818,1,1
2025-10-31 00:03:01.819,1,1
2025-10-31 00:03:01.830,1,1
2025-10-31 00:03:01.833,1,0
2025-10-31 00:03:02.807,1,1
2025-10-31 00:03:02.813,1,2
2025-10-31 00:03:02.825,1,1
2025-10-31 00:03:03.798,1,1
2025-10-31 00:03:04.800,1,1
2025-10-31 00:03:04.810,1,1
2025-10-31 00:03:04.822,1,1
2025-10-31 00:03:05.804,3,0
2025-10-31 00:03:05.810,1,1
2025-10-31 00:03:05.812,1,1
2025-10-31 00:03:06.798,1,0
2025-10-31 00:03:06.814,1,1
2025-10-31 00:03:06.820,1,1
2025-10-31 00:03:06.825,1,0
2025-10-31 00:03:06.831,1,1
2025-10-31 00:03:07.801,1,0
2025-10-31 00:03:07.808,1,1
2025-10-31 00:03:07.820,1,1
2025-10-31 00:03:07.821,1,1
2025-10-31 00:03:07.823,1,0
2025-10-31 00:03:07.838,1,1
2025-10-31 00:03:08.804,1,1
2025-10-31 00:03:08.818,1,1
2025-10-31 00:03:08.835,1,1
2025-10-31 00:03:08.837,1,0
2025-10-31 00:03:08.843,1,1
2025-10-31 00:03:09.803,1,2
2025-10-31 00:03:09.823,1,2
2025-10-31 00:03:09.839,1,2
2025-10-31 00:03:10.795,1,2
2025-10-31 00:03:10.809,1,2
2025-10-31 00:03:10.819,1,1
2025-10-31 00:03:10.823,1,1
2025-10-31 00:03:11.801,1,1
2025-10-31 00:03:11.813,1,1
2025-10-31 00:03:11.816,1,2
2025-10-31 00:03:11.817,1,1
2025-10-31 00:03:11.823,1,2
2025-10-31 00:03:12.797,1,1
2025-10-31 00:03:12.801,1,2
2025-10-31 00:03:12.810,1,2
2025-10-31 00:03:12.826,1,2
2025-10-31 00:03:12.833,1,2
2025-10-31 00:03:12.835,1,2
2025-10-31 00:03:13.799,1,1
2025-10-31 00:03:13.818,1,1
2025-10-31 00:03:13.821,2,1
2025-10-31 00:03:13.826,2,1
2025-10-31 00:03:13.836,2,1
2025-10-31 00:03:14.803,2,2
2025-10-31 00:03:14.817,2,1
2025-10-31 00:03:15.826,0,1
2025-10-31 00:03:16.810,0,1
2025-10-31 00:03:16.815,0,2
2025-10-31 00:03:16.822,2,1
2025-10-31 00:03:17.834,2,1
2025-10-31 00:03:17.850,1,1
2025-10-31 00:03:17.858,1,1
2025-10-31 00:03:18.847,1,3
2025-10-31 00:03:18.861,1,2
2025-10-31 00:03:18.866,1,2
2025-10-31 00:03:19.834,3,1
2025-10-31 00:03:19.838,1,1
2025-10-31 00:03:19.849,1,1
2025-10-31 00:03:19.872,1,1
2025-10-31 00:03:20.852,1,1
2025-10-31 00:03:20.859,1,2
2025-10-31 00:03:20.864,2,1
2025-10-31 00:03:21.839,2,1
2025-10-31 00:03:21.843,1,1
2025-10-31 00:03:22.838,1,0
2025-10-31 00:03:22.852,1,1
2025-10-31 00:03:22.855,2,1
2025-10-31 00:03:22.856,2,1
2025-10-31 00:03:22.859,2,1
2025-10-31 00:03:22.862,2,3
2025-10-31 00:03:22.869,2,1
2025-10-31 00:03:23.837,2,1
2025-10-31 00:03:23.865,2,1
2025-10-31 00:03:24.840,2,1
2025-10-31 00:03:24.850,1,1
2025-10-31 00:03:24.859,1,2
2025-10-31 00:03:25.835,1,1
2025-10-31 00:03:25.856,1,1
2025-10-31 00:03:26.839,1,2
2025-10-31 00:03:27.834,1,2
2025-10-31 00:03:27.842,2,2
2025-10-31 00:03:27.855,2,1
2025-10-31 00:03:28.840,2,1
2025-10-31 00:03:28.851,1,0
2025-10-31 00:03:28.854,1,1
2025-10-31 00:03:29.849,1,1
2025-10-31 00:03:29.852,1,1
2025-10-31 00:03:29.858,1,0
2025-10-31 00:03:29.866,1,1
2025-10-31 00:03:30.834,1,1
2025-10-31 00:03:30.849,1,1
2025-10-31 00:03:30.853,1,1
2025-10-31 00:03:30.869,1,0
2025-10-31 00:03:31.835,1,0
2025-10-31 00:03:31.855,1,1
2025-10-31 00:03:31.858,1,1
2025-10-31 00:03:31.863,1,1
2025-10-31 00:03:31.867,1,0
2025-10-31 00:03:32.831,1,1
2025-10-31 00:03:32.836,1,1
2025-10-31 00:03:32.855,2,1
2025-10-31 00:03:32.859,2,0
2025-10-31 00:03:32.874,2,1
2025-10-31 00:03:32.878,2,2
2025-10-31 00:03:33.853,2,0
2025-10-31 00:03:33.858,1,0
2025-10-31 00:03:34.854,1,0
2025-10-31 00:03:34.858,1,0
2025-10-31 00:03:35.833,1,1
2025-10-31 00:03:35.836,1,1
2025-10-31 00:03:35.862,2,1
2025-10-31 00:03:36.857,2,0
2025-10-31 00:03:36.861,2,3
2025-10-31 00:03:37.873,1,4
2025-10-31 00:03:37.874,1,2
2025-10-31 00:03:37.904,1,1
2025-10-31 00:03:37.911,1,1
2025-10-31 00:03:38.871,1,1
2025-10-31 00:03:38.879,1,1
2025-10-31 00:03:38.884,2,0
2025-10-31 00:03:39.879,2,2
2025-10-31 00:03:39.891,1,2
2025-10-31 00:03:39.895,1,3
2025-10-31 00:03:39.897,1,1
2025-10-31 00:03:40.884,1,2
2025-10-31 00:03:40.900,1,1
2025-10-31 00:03:40.902,1,1
2025-10-31 00:03:41.880,1,2
2025-10-31 00:03:41.886,1,1
2025-10-31 00:03:42.883,1,2
2025-10-31 00:03:42.899,1,1
2025-10-31 00:03:42.907,2,2
2025-10-31 00:03:42.914,2,3
2025-10-31 00:03:42.916,2,2
2025-10-31 00:03:43.870,2,2
2025-10-31 00:03:43.886,1,1
2025-10-31 00:03:43.890,1,1
2025-10-31 00:03:43.899,1,1
2025-10-31 00:03:44.873,1,2
2025-10-31 00:03:44.876,1,2
2025-10-31 00:03:44.880,2,1
2025-10-31 00:03:44.893,2,1
2025-10-31 00:03:45.869,2,2
2025-10-31 00:03:45.888,1,2
2025-10-31 00:03:45.905,1,1
2025-10-31 00:03:46.874,1,2
2025-10-31 00:03:46.877,2,2
2025-10-31 00:03:46.884,2,2
2025-10-31 00:03:46.886,2,2
2025-10-31 00:03:47.875,2,2
2025-10-31 00:03:47.877,2,2
2025-10-31 00:03:47.885,2,1
2025-10-31 00:03:47.897,2,2
2025-10-31 00:03:47.903,2,1
2025-10-31 00:03:48.875,2,2
2025-10-31 00:03:48.879,2,1
2025-10-31 00:03:48.883,2,2
2025-10-31 00:03:48.897,2,1
2025-10-31 00:03:48.902,2,2
2025-10-31 00:03:48.904,2,1
2025-10-31 00:03:49.876,2,1
2025-10-31 00:03:50.872,2,1
2025-10-31 00:03:50.898,2,1
2025-10-31 00:03:50.904,2,1
2025-10-31 00:03:51.875,2,1
2025-10-31 00:03:51.882,1,1
2025-10-31 00:03:51.891,1,1
2025-10-31 00:03:51.893,1,1
2025-10-31 00:03:51.904,1,1
2025-10-31 00:03:51.911,1,2
2025-10-31 00:03:52.874,1,1
2025-10-31 00:03:52.887,1,1
2025-10-31 00:03:52.890,1,2
2025-10-31 00:03:52.899,1,1
2025-10-31 00:03:53.871,1,1
2025-10-31 00:03:54.870,1,2
2025-10-31 00:03:54.876,1,1
2025-10-31 00:03:54.901,1,1
2025-10-31 00:03:55.875,1,1
2025-10-31 00:03:55.881,1,2
2025-10-31 00:03:55.894,2,2
2025-10-31 00:03:55.914,2,2
2025-10-31 00:03:57.905,0,1
2025-10-31 00:03:57.914,1,0
2025-10-31 00:03:57.929,1,1
2025-10-31 00:03:57.939,1,2
2025-10-31 00:03:58.905,1,1
2025-10-31 00:04:00.913,0,2
2025-10-31 00:04:00.932,0,0
2025-10-31 00:04:00.940,0,1
2025-10-31 00:04:00.950,3,2
2025-10-31 00:04:00.955,3,1
2025-10-31 00:04:01.910,3,1
2025-10-31 00:04:01.919,1,1
2025-10-31 00:04:01.925,1,1
2025-10-31 00:04:01.937,1,1
2025-10-31 00:04:01.938,1,1
2025-10-31 00:04:01.939,1,0
2025-10-31 00:04:01.941,1,1
2025-10-31 00:04:02.908,1,1
2025-10-31 00:04:03.919,0,0
2025-10-31 00:04:03.924,0,0
2025-10-31 00:04:03.943,0,1
2025-10-31 00:04:04.915,0,0
2025-10-31 00:04:04.928,0,1
2025-10-31 00:04:04.935,2,0
2025-10-31 00:04:05.937,2,1
2025-10-31 00:04:05.957,1,2
2025-10-31 00:04:05.999,1,1
2025-10-31 00:04:06.913,1,1
2025-10-31 00:04:06.925,1,1
2025-10-31 00:04:06.928,1,1
2025-10-31 00:04:06.939,3,1
2025-10-31 00:04:07.913,3,1
2025-10-31 00:04:07.915,3,1
2025-10-31 00:04:07.918,2,1
2025-10-31 00:04:07.919,2,0
2025-10-31 00:04:07.934,2,1
2025-10-31 00:04:08.907,2,1
2025-10-31 00:04:08.923,1,0
2025-10-31 00:04:08.925,1,1
2025-10-31 00:04:08.929,1,1
2025-10-31 00:04:08.931,1,1
2025-10-31 00:04:08.943,1,1
2025-10-31 00:04:09.930,1,2
2025-10-31 00:04:09.933,1,2
2025-10-31 00:04:09.936,2,1
2025-10-31 00:04:10.914,2,2
2025-10-31 00:04:10.918,2,2
2025-10-31 00:04:10.939,2,2
2025-10-31 00:04:11.906,3,2
2025-10-31 00:04:11.912,3,2
2025-10-31 00:04:11.921,2,2
2025-10-31 00:04:12.904,2,2
2025-10-31 00:04:12.906,2,1
2025-10-31 00:04:12.914,2,2
2025-10-31 00:04:12.949,2,2
2025-10-31 00:04:13.909,2,1
2025-10-31 00:04:13.914,2,2
2025-10-31 00:04:13.925,2,2
2025-10-31 00:04:13.933,2,1
2025-10-31 00:04:13.939,2,1
2025-10-31 00:04:14.908,2,2
2025-10-31 00:04:14.916,2,1
2025-10-31 00:04:14.935,2,2
2025-10-31 00:04:15.912,2,3
2025-10-31 00:04:15.915,2,2
2025-10-31 00:04:15.922,2,3
2025-10-31 00:04:15.933,2,2
2025-10-31 00:04:15.942,2,1
2025-10-31 00:04:15.958,2,2
2025-10-31 00:04:15.966,2,2
2025-10-31 00:04:16.905,2,1
2025-10-31 00:04:16.918,2,2
2025-10-31 00:04:16.940,2,2
2025-10-31 00:04:16.944,2,2
