timestamp,lag,wait_ms
2025-10-29 17:18:06.793,0,16
2025-10-29 17:18:06.794,0,16
2025-10-29 17:18:06.799,5,21
2025-10-29 17:18:06.800,5,20
2025-10-29 17:18:06.800,5,10
2025-10-29 17:18:06.800,5,8
2025-10-29 17:18:06.802,5,6
2025-10-29 17:18:07.724,5,2
2025-10-29 17:18:07.745,5,2
2025-10-29 17:18:08.731,5,3
2025-10-29 17:18:08.739,5,1
2025-10-29 17:18:08.747,4,1
2025-10-29 17:18:09.731,2,1
2025-10-29 17:18:09.738,2,2
2025-10-29 17:18:10.721,2,2
2025-10-29 17:18:11.719,3,3
2025-10-29 17:18:11.724,1,4
2025-10-29 17:18:11.735,1,4
2025-10-29 17:18:11.748,1,4
2025-10-29 17:18:13.725,4,6
2025-10-29 17:18:13.738,1,5
2025-10-29 17:18:13.743,1,3
2025-10-29 17:18:14.727,3,3
2025-10-29 17:18:14.730,3,3
2025-10-29 17:18:14.743,3,3
2025-10-29 17:18:14.746,3,3
2025-10-29 17:18:15.721,3,4
2025-10-29 17:18:15.732,6,2
2025-10-29 17:18:15.732,6,4
2025-10-29 17:18:15.732,6,2
2025-10-29 17:18:15.734,6,3
2025-10-29 17:18:16.721,6,3
2025-10-29 17:18:16.730,6,3
2025-10-29 17:18:16.739,6,3
2025-10-29 17:18:16.741,6,4
2025-10-29 17:18:16.743,6,3
2025-10-29 17:18:16.746,6,3
2025-10-29 17:18:16.748,6,4
2025-10-29 17:18:16.750,6,5
2025-10-29 17:18:16.752,6,6
2025-10-29 17:18:17.720,8,3
2025-10-29 17:18:17.731,8,2
2025-10-29 17:18:17.736,8,4
2025-10-29 17:18:17.737,8,2
2025-10-29 17:18:17.741,8,2
2025-10-29 17:18:17.746,8,2
2025-10-29 17:18:18.733,8,3
2025-10-29 17:18:18.740,8,3
2025-10-29 17:18:18.742,9,3
2025-10-29 17:18:18.746,9,2
2025-10-29 17:18:19.727,9,3
2025-10-29 17:18:19.733,9,8
2025-10-29 17:18:19.738,5,3
2025-10-29 17:18:19.743,5,2
2025-10-29 17:18:19.751,5,3
2025-10-29 17:18:20.741,5,3
2025-10-29 17:18:20.745,5,2
2025-10-29 17:18:20.747,6,3
2025-10-29 17:18:20.749,6,2
2025-10-29 17:18:21.722,6,2
2025-10-29 17:18:21.726,6,5
2025-10-29 17:18:21.731,5,2
2025-10-29 17:18:21.739,5,2
2025-10-29 17:18:21.747,5,2
2025-10-29 17:18:22.727,4,3
2025-10-29 17:18:22.744,4,2
2025-10-29 17:18:23.722,4,4
2025-10-29 17:18:23.746,4,2
2025-10-29 17:18:24.727,1,3
2025-10-29 17:18:24.731,1,2
2025-10-29 17:18:24.746,1,2
2025-10-29 17:18:25.729,1,3
2025-10-29 17:18:25.734,1,7
2025-10-29 17:18:25.736,5,1
2025-10-29 17:18:26.757,5,2
2025-10-29 17:18:26.759,4,3
2025-10-29 17:18:26.761,4,2
2025-10-29 17:18:26.763,4,3
2025-10-29 17:18:26.774,4,3
2025-10-29 17:18:26.779,4,7
2025-10-29 17:18:26.789,4,3
2025-10-29 17:18:26.791,7,1
2025-10-29 17:18:26.800,7,2
2025-10-29 17:18:26.805,7,2
2025-10-29 17:18:26.812,7,3
2025-10-29 17:18:27.776,7,3
2025-10-29 17:18:27.786,7,4
2025-10-29 17:18:27.793,2,4
2025-10-29 17:18:27.795,2,3
2025-10-29 17:18:27.804,2,4
2025-10-29 17:18:27.815,2,4
2025-10-29 17:18:27.819,2,2
2025-10-29 17:18:27.823,2,4
2025-10-29 17:18:28.759,2,4
2025-10-29 17:18:28.764,2,6
2025-10-29 17:18:28.766,2,4
2025-10-29 17:18:29.000,5,235
2025-10-29 17:18:29.000,5,230
2025-10-29 17:18:29.000,5,218
2025-10-29 17:18:29.000,5,210
2025-10-29 17:18:29.000,5,203
2025-10-29 17:18:29.000,5,191
2025-10-29 17:18:29.000,5,179
2025-10-29 17:18:29.000,5,177
2025-10-29 17:18:29.000,5,163
2025-10-29 17:18:29.000,5,162
2025-10-29 17:18:30.001,3,1162
2025-10-29 17:18:30.001,3,251
2025-10-29 17:18:30.001,3,224
2025-10-29 17:18:30.001,3,210
2025-10-29 17:18:30.001,3,204
2025-10-29 17:18:30.001,3,201
2025-10-29 17:18:30.759,3,2
2025-10-29 17:18:30.766,3,3
2025-10-29 17:18:30.769,3,3
2025-10-29 17:18:30.783,3,3
2025-10-29 17:18:30.790,4,3
2025-10-29 17:18:30.804,4,3
2025-10-29 17:18:30.823,4,3
2025-10-29 17:18:30.837,4,4
2025-10-29 17:18:32.326,0,2
2025-10-29 17:18:32.330,0,2
2025-10-29 17:18:32.347,0,2
2025-10-29 17:18:32.352,0,2
2025-10-29 17:18:32.358,0,2
2025-10-29 17:18:32.362,0,1
2025-10-29 17:18:32.366,0,1
2025-10-29 17:18:32.369,0,2
2025-10-29 17:18:32.373,0,2
2025-10-29 17:18:32.377,0,2
2025-10-29 17:18:33.001,14,248
2025-10-29 17:18:33.001,14,241
2025-10-29 17:18:33.001,14,238
2025-10-29 17:18:33.001,14,235
2025-10-29 17:18:33.001,14,220
2025-10-29 17:18:33.001,14,217
2025-10-29 17:18:33.001,14,212
2025-10-29 17:18:33.001,14,199
2025-10-29 17:18:33.001,14,195
2025-10-29 17:18:33.001,14,192
2025-10-29 17:18:34.000,4,244
2025-10-29 17:18:34.000,4,239
2025-10-29 17:18:34.000,4,235
2025-10-29 17:18:34.000,4,234
2025-10-29 17:18:34.000,4,226
2025-10-29 17:18:34.000,4,221
2025-10-29 17:18:34.000,4,220
2025-10-29 17:18:34.000,4,215
2025-10-29 17:18:34.000,4,214
2025-10-29 17:18:34.000,4,209
2025-10-29 17:18:35.000,5,1178
2025-10-29 17:18:35.000,5,1172
2025-10-29 17:18:35.000,5,1169
2025-10-29 17:18:35.000,5,237
2025-10-29 17:18:35.000,5,231
2025-10-29 17:18:35.000,5,227
2025-10-29 17:18:35.000,5,215
2025-10-29 17:18:35.000,5,211
2025-10-29 17:18:35.000,5,209
2025-10-29 17:18:35.000,5,184
2025-10-29 17:18:36.001,8,1179
2025-10-29 17:18:36.001,8,1175
2025-10-29 17:18:36.001,8,252
2025-10-29 17:18:36.001,8,251
2025-10-29 17:18:36.001,8,246
2025-10-29 17:18:36.001,8,243
2025-10-29 17:18:36.001,8,239
2025-10-29 17:18:36.001,8,221
2025-10-29 17:18:36.001,8,215
2025-10-29 17:18:36.001,8,208
2025-10-29 17:18:37.000,7,1203
2025-10-29 17:18:37.000,7,1183
2025-10-29 17:18:37.000,7,245
2025-10-29 17:18:37.000,7,243
2025-10-29 17:18:37.000,7,240
2025-10-29 17:18:37.000,7,237
2025-10-29 17:18:37.000,7,230
2025-10-29 17:18:37.000,7,224
2025-10-29 17:18:37.000,7,217
2025-10-29 17:18:37.000,7,213
2025-10-29 17:18:38.001,5,1203
2025-10-29 17:18:38.001,5,1198
2025-10-29 17:18:38.001,5,241
2025-10-29 17:18:38.001,5,237
2025-10-29 17:18:38.001,5,234
2025-10-29 17:18:38.001,5,225
2025-10-29 17:18:38.001,5,215
2025-10-29 17:18:38.001,5,212
2025-10-29 17:18:38.001,5,210
2025-10-29 17:18:38.001,5,192
2025-10-29 17:18:39.000,3,242
2025-10-29 17:18:39.000,3,230
2025-10-29 17:18:39.000,3,230
2025-10-29 17:18:39.000,3,223
2025-10-29 17:18:39.000,3,220
2025-10-29 17:18:39.000,3,219
2025-10-29 17:18:39.000,3,214
2025-10-29 17:18:39.000,3,207
2025-10-29 17:18:39.000,3,203
2025-10-29 17:18:39.000,3,200
2025-10-29 17:18:40.001,4,243
2025-10-29 17:18:40.001,4,239
2025-10-29 17:18:40.001,4,228
2025-10-29 17:18:40.001,4,220
2025-10-29 17:18:40.001,4,217
2025-10-29 17:18:40.001,4,216
2025-10-29 17:18:40.001,4,205
2025-10-29 17:18:40.001,4,196
2025-10-29 17:18:40.001,4,191
2025-10-29 17:18:40.751,4,1
2025-10-29 17:18:41.001,4,248
2025-10-29 17:18:41.001,4,247
2025-10-29 17:18:41.001,4,237
2025-10-29 17:18:41.001,4,234
2025-10-29 17:18:41.001,4,218
2025-10-29 17:18:41.001,4,214
2025-10-29 17:18:41.001,4,209
2025-10-29 17:18:41.001,4,207
2025-10-29 17:18:41.001,4,203
2025-10-29 17:18:41.001,4,203
2025-10-29 17:18:42.000,3,1198
2025-10-29 17:18:42.000,3,247
2025-10-29 17:18:42.000,3,227
2025-10-29 17:18:42.000,3,222
2025-10-29 17:18:42.000,3,220
2025-10-29 17:18:42.000,3,204
2025-10-29 17:18:42.000,3,196
2025-10-29 17:18:42.000,3,189
2025-10-29 17:18:42.000,3,186
2025-10-29 17:18:42.766,3,2
2025-10-29 17:18:43.000,2,227
2025-10-29 17:18:43.000,2,220
2025-10-29 17:18:43.000,2,217
2025-10-29 17:18:43.000,2,215
2025-10-29 17:18:43.000,2,211
2025-10-29 17:18:43.000,2,203
2025-10-29 17:18:43.000,2,196
2025-10-29 17:18:43.756,2,1
2025-10-29 17:18:43.761,2,2
2025-10-29 17:18:43.776,2,3
2025-10-29 17:18:44.000,4,224
2025-10-29 17:18:44.000,4,220
2025-10-29 17:18:44.000,4,218
2025-10-29 17:18:44.000,4,216
2025-10-29 17:18:44.000,4,213
2025-10-29 17:18:44.000,4,211
2025-10-29 17:18:44.000,4,203
2025-10-29 17:18:44.751,4,3
2025-10-29 17:18:44.779,4,1
2025-10-29 17:18:44.782,2,2
2025-10-29 17:18:45.000,2,200
2025-10-29 17:18:45.000,2,197
2025-10-29 17:18:45.756,2,2
2025-10-29 17:18:45.759,2,3
2025-10-29 17:18:45.760,2,2
2025-10-29 17:18:45.773,2,3
2025-10-29 17:18:45.775,2,4
2025-10-29 17:18:45.779,5,2
2025-10-29 17:18:45.788,5,2
2025-10-29 17:18:45.790,5,1
2025-10-29 17:18:45.803,5,2
2025-10-29 17:18:45.805,5,3
2025-10-29 17:18:45.806,5,2
2025-10-29 17:18:45.810,5,2
2025-10-29 17:18:45.814,5,2
2025-10-29 17:18:46.822,5,2
2025-10-29 17:18:46.838,5,3
2025-10-29 17:18:46.859,1,2
2025-10-29 17:18:46.870,1,3
2025-10-29 17:18:46.873,1,2
2025-10-29 17:18:46.887,1,2
2025-10-29 17:18:46.909,1,2
2025-10-29 17:18:46.920,1,3
2025-10-29 17:18:46.962,1,2
2025-10-29 17:18:46.966,1,2
2025-10-29 17:18:48.001,7,1019
2025-10-29 17:18:48.001,7,1016
2025-10-29 17:18:48.001,7,1003
2025-10-29 17:18:48.001,7,1001
2025-10-29 17:18:48.001,7,996
2025-10-29 17:18:48.001,7,989
2025-10-29 17:18:48.001,7,172
2025-10-29 17:18:48.001,7,157
2025-10-29 17:18:48.001,7,154
2025-10-29 17:18:48.001,7,148
2025-10-29 17:18:49.000,12,1137
2025-10-29 17:18:49.000,12,1131
2025-10-29 17:18:49.000,12,1125
2025-10-29 17:18:49.000,12,1119
2025-10-29 17:18:49.000,12,1111
2025-10-29 17:18:49.000,12,1093
2025-10-29 17:18:49.000,12,1077
2025-10-29 17:18:49.000,12,1074
2025-10-29 17:18:49.000,12,1062
2025-10-29 17:18:49.000,12,1057
2025-10-29 17:18:50.000,18,2055
2025-10-29 17:18:50.000,18,1170
2025-10-29 17:18:50.000,18,1144
2025-10-29 17:18:50.000,18,1124
2025-10-29 17:18:50.000,18,1123
2025-10-29 17:18:50.000,18,1108
2025-10-29 17:18:50.000,18,1096
2025-10-29 17:18:50.000,18,1092
2025-10-29 17:18:50.000,18,1092
2025-10-29 17:18:50.000,18,1069
2025-10-29 17:18:51.000,21,2049
2025-10-29 17:18:51.000,21,2039
2025-10-29 17:18:51.000,21,2036
2025-10-29 17:18:51.000,21,2028
2025-10-29 17:18:51.000,21,2024
2025-10-29 17:18:51.000,21,2020
2025-10-29 17:18:51.000,21,1160
2025-10-29 17:18:51.000,21,1156
2025-10-29 17:18:51.000,21,1150
2025-10-29 17:18:51.000,21,1135
2025-10-29 17:18:52.001,25,2104
2025-10-29 17:18:52.001,25,2067
2025-10-29 17:18:52.001,25,2055
2025-10-29 17:18:52.001,25,2040
2025-10-29 17:18:52.001,25,2033
2025-10-29 17:18:52.001,25,2020
2025-10-29 17:18:52.001,25,2004
2025-10-29 17:18:52.001,25,1992
2025-10-29 17:18:52.001,25,1990
2025-10-29 17:18:52.001,25,1984
2025-10-29 17:18:53.000,33,2182
2025-10-29 17:18:53.000,33,2170
2025-10-29 17:18:53.000,33,2158
2025-10-29 17:18:53.000,33,2141
2025-10-29 17:18:53.000,33,2135
2025-10-29 17:18:53.000,33,2123
2025-10-29 17:18:53.000,33,2119
2025-10-29 17:18:53.000,33,2112
2025-10-29 17:18:53.000,33,2108
2025-10-29 17:18:53.000,33,2097
2025-10-29 17:18:54.001,39,3095
2025-10-29 17:18:54.001,39,3093
2025-10-29 17:18:54.001,39,3036
2025-10-29 17:18:54.001,39,2178
2025-10-29 17:18:54.001,39,2175
2025-10-29 17:18:54.001,39,2171
2025-10-29 17:18:54.001,39,2157
2025-10-29 17:18:54.001,39,2140
2025-10-29 17:18:54.001,39,2132
2025-10-29 17:18:54.001,39,2125
2025-10-29 17:18:55.000,43,3109
2025-10-29 17:18:55.000,43,3104
2025-10-29 17:18:55.000,43,3094
2025-10-29 17:18:55.000,43,3087
2025-10-29 17:18:55.000,43,3081
2025-10-29 17:18:55.000,43,3080
2025-10-29 17:18:55.000,43,3077
2025-10-29 17:18:55.000,43,3069
2025-10-29 17:18:55.000,43,3068
2025-10-29 17:18:55.000,43,3067
2025-10-29 17:18:56.000,47,4061
2025-10-29 17:18:56.000,47,3160
2025-10-29 17:18:56.000,47,3158
2025-10-29 17:18:56.000,47,3156
2025-10-29 17:18:56.000,47,3148
2025-10-29 17:18:56.000,47,3141
2025-10-29 17:18:56.000,47,3139
2025-10-29 17:18:56.000,47,3120
2025-10-29 17:18:56.000,47,3117
2025-10-29 17:18:56.000,47,3108
2025-10-29 17:18:57.000,52,4102
2025-10-29 17:18:57.000,52,4093
2025-10-29 17:18:57.000,52,4086
2025-10-29 17:18:57.000,52,4080
2025-10-29 17:18:57.000,52,4010
2025-10-29 17:18:57.000,52,4007
2025-10-29 17:18:57.000,52,4006
2025-10-29 17:18:57.000,52,3182
2025-10-29 17:18:57.000,52,3180
2025-10-29 17:18:57.000,52,3163
2025-10-29 17:18:58.001,63,4161
2025-10-29 17:18:58.001,63,4152
2025-10-29 17:18:58.001,63,4143
2025-10-29 17:18:58.001,63,4129
2025-10-29 17:18:58.001,63,4106
2025-10-29 17:18:58.001,63,4099
2025-10-29 17:18:58.001,63,4093
2025-10-29 17:18:58.001,63,4087
2025-10-29 17:18:58.001,63,4075
2025-10-29 17:18:58.001,63,4069
2025-10-29 17:18:59.000,72,5064
2025-10-29 17:18:59.000,72,5050
2025-10-29 17:18:59.000,72,4184
2025-10-29 17:18:59.000,72,4177
2025-10-29 17:18:59.000,72,4158
2025-10-29 17:18:59.000,72,4143
2025-10-29 17:18:59.000,72,4137
2025-10-29 17:18:59.000,72,4136
2025-10-29 17:18:59.000,72,4113
2025-10-29 17:18:59.000,72,4112
2025-10-29 17:19:00.001,79,5103
2025-10-29 17:19:00.001,79,5102
2025-10-29 17:19:00.001,79,5088
2025-10-29 17:19:00.001,79,5080
2025-10-29 17:19:00.001,79,5059
2025-10-29 17:19:00.001,79,4176
2025-10-29 17:19:00.001,79,4171
2025-10-29 17:19:00.001,79,4169
2025-10-29 17:19:00.001,79,4158
2025-10-29 17:19:00.001,79,4154
2025-10-29 17:19:01.001,80,5150
2025-10-29 17:19:01.001,80,5146
2025-10-29 17:19:01.001,80,5140
2025-10-29 17:19:01.001,80,5139
2025-10-29 17:19:01.001,80,5138
2025-10-29 17:19:01.001,80,5102
2025-10-29 17:19:01.001,80,5089
2025-10-29 17:19:01.001,80,5080
2025-10-29 17:19:01.001,80,5071
2025-10-29 17:19:01.001,80,5070
2025-10-29 17:19:02.000,82,5174
2025-10-29 17:19:02.000,82,5167
2025-10-29 17:19:02.000,82,5148
2025-10-29 17:19:02.000,82,5144
2025-10-29 17:19:02.000,82,5142
2025-10-29 17:19:02.000,82,5137
2025-10-29 17:19:02.000,82,5127
2025-10-29 17:19:02.000,82,5125
2025-10-29 17:19:02.000,82,5119
2025-10-29 17:19:02.000,82,5119
2025-10-29 17:19:03.000,81,6115
2025-10-29 17:19:03.000,81,6114
2025-10-29 17:19:03.000,81,6110
2025-10-29 17:19:03.000,81,6109
2025-10-29 17:19:03.000,81,6099
2025-10-29 17:19:03.000,81,6094
2025-10-29 17:19:03.000,81,6089
2025-10-29 17:19:03.000,81,6084
2025-10-29 17:19:03.000,81,6081
2025-10-29 17:19:03.000,81,6077
2025-10-29 17:19:04.001,83,7075
2025-10-29 17:19:04.001,83,6166
2025-10-29 17:19:04.001,83,6164
2025-10-29 17:19:04.001,83,6161
2025-10-29 17:19:04.001,83,6157
2025-10-29 17:19:04.001,83,6147
2025-10-29 17:19:04.001,83,6144
2025-10-29 17:19:04.001,83,6134
2025-10-29 17:19:04.001,83,6133
2025-10-29 17:19:04.001,83,6129
2025-10-29 17:19:05.000,88,7120
2025-10-29 17:19:05.000,88,7119
2025-10-29 17:19:05.000,88,7114
2025-10-29 17:19:05.000,88,7107
2025-10-29 17:19:05.000,88,7106
2025-10-29 17:19:05.000,88,7097
2025-10-29 17:19:05.000,88,7074
2025-10-29 17:19:05.000,88,7069
2025-10-29 17:19:05.000,88,7065
2025-10-29 17:19:05.000,88,7062
2025-10-29 17:19:06.000,93,7179
2025-10-29 17:19:06.000,93,7153
2025-10-29 17:19:06.000,93,7147
2025-10-29 17:19:06.000,93,7144
2025-10-29 17:19:06.000,93,7140
2025-10-29 17:19:06.000,93,7129
2025-10-29 17:19:06.000,93,7122
2025-10-29 17:19:06.000,93,7110
2025-10-29 17:19:06.000,93,7104
2025-10-29 17:19:06.000,93,7093
2025-10-29 17:19:07.001,96,8077
2025-10-29 17:19:07.001,96,8065
2025-10-29 17:19:07.001,96,8059
2025-10-29 17:19:07.001,96,8051
2025-10-29 17:19:07.001,96,8046
2025-10-29 17:19:07.001,96,8043
2025-10-29 17:19:07.001,96,8040
2025-10-29 17:19:07.001,96,7173
2025-10-29 17:19:07.001,96,7169
2025-10-29 17:19:07.001,96,7148
2025-10-29 17:19:08.000,107,8144
2025-10-29 17:19:08.000,107,8142
2025-10-29 17:19:08.000,107,8128
2025-10-29 17:19:08.000,107,8123
2025-10-29 17:19:08.000,107,8122
2025-10-29 17:19:08.000,107,8104
2025-10-29 17:19:08.000,107,8093
2025-10-29 17:19:08.000,107,8064
2025-10-29 17:19:08.000,107,8062
2025-10-29 17:19:08.000,107,7170
2025-10-29 17:19:09.000,120,8161
2025-10-29 17:19:09.000,120,8145
2025-10-29 17:19:09.000,120,8139
2025-10-29 17:19:09.000,120,8127
2025-10-29 17:19:09.000,120,8117
2025-10-29 17:19:09.000,120,8106
2025-10-29 17:19:09.000,120,8090
2025-10-29 17:19:09.000,120,8079
2025-10-29 17:19:09.000,120,8078
2025-10-29 17:19:09.000,120,8076
2025-10-29 17:19:10.000,135,8170
2025-10-29 17:19:10.000,135,8163
2025-10-29 17:19:10.000,135,8154
2025-10-29 17:19:10.000,135,8125
2025-10-29 17:19:10.000,135,8123
2025-10-29 17:19:10.000,135,8119
2025-10-29 17:19:10.000,135,8093
2025-10-29 17:19:10.000,135,8065
2025-10-29 17:19:10.000,135,8059
2025-10-29 17:19:10.000,135,7181
2025-10-29 17:19:11.001,146,8176
2025-10-29 17:19:11.001,146,8173
2025-10-29 17:19:11.001,146,8151
2025-10-29 17:19:11.001,146,8147
2025-10-29 17:19:11.001,146,8140
2025-10-29 17:19:11.001,146,8102
2025-10-29 17:19:11.001,146,8098
2025-10-29 17:19:11.001,146,8089
2025-10-29 17:19:11.001,146,8075
2025-10-29 17:19:11.001,146,8070
2025-10-29 17:19:12.000,159,9068
2025-10-29 17:19:12.000,159,9062
2025-10-29 17:19:12.000,159,8177
2025-10-29 17:19:12.000,159,8170
2025-10-29 17:19:12.000,159,8168
2025-10-29 17:19:12.000,159,8166
2025-10-29 17:19:12.000,159,8161
2025-10-29 17:19:12.000,159,8156
2025-10-29 17:19:12.000,159,8154
2025-10-29 17:19:12.000,159,8132
2025-10-29 17:19:13.000,170,9123
2025-10-29 17:19:13.000,170,9120
2025-10-29 17:19:13.000,170,9114
2025-10-29 17:19:13.000,170,9109
2025-10-29 17:19:13.000,170,9089
2025-10-29 17:19:13.000,170,8182
2025-10-29 17:19:13.000,170,8173
2025-10-29 17:19:13.000,170,8172
2025-10-29 17:19:13.000,170,8171
2025-10-29 17:19:13.000,170,8166
2025-10-29 17:19:14.001,181,9162
2025-10-29 17:19:14.001,181,9147
2025-10-29 17:19:14.001,181,9129
2025-10-29 17:19:14.001,181,9122
2025-10-29 17:19:14.001,181,9109
2025-10-29 17:19:14.001,181,9107
2025-10-29 17:19:14.001,181,9077
2025-10-29 17:19:14.001,181,9072
2025-10-29 17:19:14.001,181,9046
2025-10-29 17:19:14.001,181,9043
2025-10-29 17:19:15.000,190,9165
2025-10-29 17:19:15.000,190,9164
2025-10-29 17:19:15.000,190,9160
2025-10-29 17:19:15.000,190,9158
2025-10-29 17:19:15.000,190,9152
2025-10-29 17:19:15.000,190,9148
2025-10-29 17:19:15.000,190,9130
2025-10-29 17:19:15.000,190,9127
2025-10-29 17:19:15.000,190,9119
2025-10-29 17:19:15.000,190,9116
2025-10-29 17:19:16.000,196,10115
2025-10-29 17:19:16.000,196,10098
2025-10-29 17:19:16.000,196,10082
2025-10-29 17:19:16.000,196,10075
2025-10-29 17:19:16.000,196,9061
2025-10-29 17:19:16.000,196,9043
2025-10-29 17:19:16.000,196,9033
2025-10-29 17:19:16.000,196,9013
2025-10-29 17:19:16.000,196,9002
2025-10-29 17:19:16.000,196,8976
2025-10-29 17:19:17.001,204,9976
2025-10-29 17:19:17.001,204,9930
2025-10-29 17:19:17.001,204,9928
2025-10-29 17:19:17.001,204,9922
2025-10-29 17:19:17.001,204,9914
2025-10-29 17:19:17.001,204,9900
2025-10-29 17:19:17.001,204,9895
2025-10-29 17:19:17.001,204,9886
2025-10-29 17:19:17.001,204,9882
2025-10-29 17:19:17.001,204,9879
2025-10-29 17:19:18.000,215,10876
2025-10-29 17:19:18.000,215,10870
2025-10-29 17:19:18.000,215,10868
2025-10-29 17:19:18.000,215,10864
2025-10-29 17:19:18.000,215,10855
2025-10-29 17:19:18.000,215,10849
2025-10-29 17:19:18.000,215,10046
2025-10-29 17:19:18.000,215,10043
2025-10-29 17:19:18.000,215,10035
2025-10-29 17:19:18.000,215,10031
2025-10-29 17:19:19.001,227,11030
2025-10-29 17:19:19.001,227,11006
2025-10-29 17:19:19.001,227,11001
2025-10-29 17:19:19.001,227,10995
2025-10-29 17:19:19.001,227,10992
2025-10-29 17:19:19.001,227,10969
2025-10-29 17:19:19.001,227,10961
2025-10-29 17:19:19.001,227,10950
2025-10-29 17:19:19.001,227,10932
2025-10-29 17:19:19.001,227,10924
2025-10-29 17:19:20.000,238,11922
2025-10-29 17:19:20.000,238,11909
2025-10-29 17:19:20.000,238,11908
2025-10-29 17:19:20.000,238,11907
2025-10-29 17:19:20.000,238,11879
2025-10-29 17:19:20.000,238,11877
2025-10-29 17:19:20.000,238,11875
2025-10-29 17:19:20.000,238,11873
2025-10-29 17:19:20.000,238,11060
2025-10-29 17:19:20.000,238,11058
2025-10-29 17:19:21.000,250,12054
2025-10-29 17:19:21.000,250,12048
2025-10-29 17:19:21.000,250,12043
2025-10-29 17:19:21.000,250,12030
2025-10-29 17:19:21.000,250,12026
2025-10-29 17:19:21.000,250,12015
2025-10-29 17:19:21.000,250,12011
2025-10-29 17:19:21.000,250,12005
2025-10-29 17:19:21.000,250,11998
2025-10-29 17:19:21.000,250,11986
2025-10-29 17:19:22.001,254,12973
2025-10-29 17:19:22.001,254,12962
2025-10-29 17:19:22.001,254,12955
2025-10-29 17:19:22.001,254,12952
2025-10-29 17:19:22.001,254,12945
2025-10-29 17:19:22.001,254,12941
2025-10-29 17:19:22.001,254,12920
2025-10-29 17:19:22.001,254,12901
2025-10-29 17:19:22.001,254,12895
2025-10-29 17:19:22.001,254,12890
2025-10-29 17:19:23.000,257,13878
2025-10-29 17:19:23.000,257,13055
2025-10-29 17:19:23.000,257,13047
2025-10-29 17:19:23.000,257,13041
2025-10-29 17:19:23.000,257,13040
2025-10-29 17:19:23.000,257,13028
2025-10-29 17:19:23.000,257,13009
2025-10-29 17:19:23.000,257,13004
2025-10-29 17:19:23.000,257,13002
2025-10-29 17:19:23.000,257,12993
2025-10-29 17:19:24.000,267,13972
2025-10-29 17:19:24.000,267,13961
2025-10-29 17:19:24.000,267,13953
2025-10-29 17:19:24.000,267,13943
2025-10-29 17:19:24.000,267,13942
2025-10-29 17:19:24.000,267,13941
2025-10-29 17:19:24.000,267,13938
2025-10-29 17:19:24.000,267,13937
2025-10-29 17:19:24.000,267,13926
2025-10-29 17:19:24.000,267,13912
2025-10-29 17:19:25.001,288,14905
2025-10-29 17:19:25.001,288,14899
2025-10-29 17:19:25.001,288,14892
2025-10-29 17:19:25.001,288,14877
2025-10-29 17:19:25.001,288,14863
2025-10-29 17:19:25.001,288,14055
2025-10-29 17:19:25.001,288,14045
2025-10-29 17:19:25.001,288,14042
2025-10-29 17:19:25.001,288,14022
2025-10-29 17:19:25.001,288,14018
2025-10-29 17:19:26.000,295,15005
2025-10-29 17:19:26.000,295,14993
2025-10-29 17:19:26.000,295,14973
2025-10-29 17:19:26.000,295,14964
2025-10-29 17:19:26.000,295,14950
2025-10-29 17:19:26.000,295,14948
2025-10-29 17:19:26.000,295,14938
2025-10-29 17:19:26.000,295,14927
2025-10-29 17:19:26.000,295,14922
2025-10-29 17:19:26.000,295,14906
2025-10-29 17:19:27.000,299,15905
2025-10-29 17:19:27.000,299,15901
2025-10-29 17:19:27.000,299,15892
2025-10-29 17:19:27.000,299,15889
2025-10-29 17:19:27.000,299,15887
2025-10-29 17:19:27.000,299,15871
2025-10-29 17:19:27.000,299,15869
2025-10-29 17:19:27.000,299,15058
2025-10-29 17:19:27.000,299,15056
2025-10-29 17:19:27.000,299,15052
2025-10-29 17:19:28.001,307,16050
2025-10-29 17:19:28.001,307,16046
2025-10-29 17:19:28.001,307,16042
2025-10-29 17:19:28.001,307,16024
2025-10-29 17:19:28.001,307,15997
2025-10-29 17:19:28.001,307,15991
2025-10-29 17:19:28.001,307,15976
2025-10-29 17:19:28.001,307,15961
2025-10-29 17:19:28.001,307,15958
2025-10-29 17:19:28.001,307,15956
2025-10-29 17:19:29.000,316,16938
2025-10-29 17:19:29.000,316,16930
2025-10-29 17:19:29.000,316,16926
2025-10-29 17:19:29.000,316,16903
2025-10-29 17:19:29.000,316,16902
2025-10-29 17:19:29.000,316,16900
2025-10-29 17:19:29.000,316,16893
2025-10-29 17:19:29.000,316,16888
2025-10-29 17:19:29.000,316,16871
2025-10-29 17:19:29.000,316,16050
2025-10-29 17:19:30.000,325,17040
2025-10-29 17:19:30.000,325,17031
2025-10-29 17:19:30.000,325,17009
2025-10-29 17:19:30.000,325,17008
2025-10-29 17:19:30.000,325,16981
2025-10-29 17:19:30.000,325,16974
2025-10-29 17:19:30.000,325,16962
2025-10-29 17:19:30.000,325,16960
2025-10-29 17:19:30.000,325,16955
2025-10-29 17:19:30.000,325,16952
2025-10-29 17:19:31.000,338,17947
2025-10-29 17:19:31.000,338,17934
2025-10-29 17:19:31.000,338,17922
2025-10-29 17:19:31.000,338,17914
2025-10-29 17:19:31.000,338,17909
2025-10-29 17:19:31.000,338,17907
2025-10-29 17:19:31.000,338,17883
2025-10-29 17:19:31.000,338,17875
2025-10-29 17:19:31.000,338,17870
2025-10-29 17:19:31.000,338,17057
2025-10-29 17:19:32.001,349,18053
2025-10-29 17:19:32.001,349,18040
2025-10-29 17:19:32.001,349,18039
2025-10-29 17:19:32.001,349,18024
2025-10-29 17:19:32.001,349,17999
2025-10-29 17:19:32.001,349,17990
2025-10-29 17:19:32.001,349,17979
2025-10-29 17:19:32.001,349,17950
2025-10-29 17:19:32.001,349,17945
2025-10-29 17:19:32.001,349,17941
2025-10-29 17:19:33.001,353,18929
2025-10-29 17:19:33.001,353,18924
2025-10-29 17:19:33.001,353,18920
2025-10-29 17:19:33.001,353,18913
2025-10-29 17:19:33.001,353,18905
2025-10-29 17:19:33.001,353,18902
2025-10-29 17:19:33.001,353,18895
2025-10-29 17:19:33.001,353,18880
2025-10-29 17:19:33.001,353,18866
2025-10-29 17:19:33.001,353,18058
2025-10-29 17:19:34.000,359,19021
2025-10-29 17:19:34.000,359,19014
2025-10-29 17:19:34.000,359,18992
2025-10-29 17:19:34.000,359,18978
2025-10-29 17:19:34.000,359,18972
2025-10-29 17:19:34.000,359,18955
2025-10-29 17:19:34.001,359,18951
2025-10-29 17:19:34.001,359,18922
2025-10-29 17:19:34.001,359,18921
2025-10-29 17:19:34.001,359,18904
2025-10-29 17:19:35.000,367,19895
2025-10-29 17:19:35.000,367,19881
2025-10-29 17:19:35.000,367,19879
2025-10-29 17:19:35.000,367,19878
2025-10-29 17:19:35.000,367,19065
2025-10-29 17:19:35.000,367,19033
2025-10-29 17:19:35.000,367,19016
2025-10-29 17:19:35.000,367,19005
2025-10-29 17:19:35.000,367,18996
2025-10-29 17:19:35.000,367,18993
2025-10-29 17:19:36.001,369,19992
2025-10-29 17:19:36.001,369,19973
2025-10-29 17:19:36.001,369,19965
2025-10-29 17:19:36.001,369,19956
2025-10-29 17:19:36.001,369,19938
2025-10-29 17:19:36.001,369,19933
2025-10-29 17:19:36.001,369,19929
2025-10-29 17:19:36.001,369,19928
2025-10-29 17:19:36.001,369,19918
2025-10-29 17:19:36.001,369,19916
2025-10-29 17:19:37.000,385,20902
2025-10-29 17:19:37.000,385,20894
2025-10-29 17:19:37.000,385,20040
2025-10-29 17:19:37.000,385,20034
2025-10-29 17:19:37.000,385,20030
2025-10-29 17:19:37.000,385,20025
2025-10-29 17:19:37.000,385,20022
2025-10-29 17:19:37.000,385,20010
2025-10-29 17:19:37.000,385,19997
2025-10-29 17:19:37.000,385,19996
2025-10-29 17:19:38.000,393,20978
2025-10-29 17:19:38.000,393,20962
2025-10-29 17:19:38.000,393,20956
2025-10-29 17:19:38.000,393,20944
2025-10-29 17:19:38.000,393,20931
2025-10-29 17:19:38.000,393,20928
2025-10-29 17:19:38.000,393,20924
2025-10-29 17:19:38.000,393,20913
2025-10-29 17:19:38.000,393,20907
2025-10-29 17:19:38.000,393,20902
2025-10-29 17:19:39.001,398,21893
2025-10-29 17:19:39.001,398,21888
2025-10-29 17:19:39.001,398,21878
2025-10-29 17:19:39.001,398,21051
2025-10-29 17:19:39.001,398,21038
2025-10-29 17:19:39.001,398,21029
2025-10-29 17:19:39.001,398,21019
2025-10-29 17:19:39.001,398,20984
2025-10-29 17:19:39.001,398,20972
2025-10-29 17:19:39.001,398,20971
2025-10-29 17:19:40.001,406,21969
2025-10-29 17:19:40.001,406,21961
2025-10-29 17:19:40.001,406,21946
2025-10-29 17:19:40.001,406,21942
2025-10-29 17:19:40.001,406,21941
2025-10-29 17:19:40.001,406,21936
2025-10-29 17:19:40.001,406,21924
2025-10-29 17:19:40.001,406,21922
2025-10-29 17:19:40.001,406,21913
2025-10-29 17:19:40.001,406,21913
2025-10-29 17:19:41.000,413,22903
2025-10-29 17:19:41.000,413,22901
2025-10-29 17:19:41.000,413,22900
2025-10-29 17:19:41.000,413,22898
2025-10-29 17:19:41.000,413,22048
2025-10-29 17:19:41.000,413,22040
2025-10-29 17:19:41.000,413,22033
2025-10-29 17:19:41.000,413,22027
2025-10-29 17:19:41.000,413,22018
2025-10-29 17:19:41.000,413,22014
2025-10-29 17:19:42.000,418,23008
2025-10-29 17:19:42.000,418,23006
2025-10-29 17:19:42.000,418,22976
2025-10-29 17:19:42.000,418,22974
2025-10-29 17:19:42.000,418,22971
2025-10-29 17:19:42.000,418,22969
2025-10-29 17:19:42.000,418,22967
2025-10-29 17:19:42.000,418,22962
2025-10-29 17:19:42.000,418,22955
2025-10-29 17:19:42.000,418,22946
2025-10-29 17:19:43.000,421,23941
2025-10-29 17:19:43.000,421,23940
2025-10-29 17:19:43.000,421,23899
2025-10-29 17:19:43.000,421,23892
2025-10-29 17:19:43.000,421,23878
2025-10-29 17:19:43.000,421,23042
2025-10-29 17:19:43.000,421,23026
2025-10-29 17:19:43.000,421,23025
2025-10-29 17:19:43.000,421,23018
2025-10-29 17:19:43.000,421,23010
2025-10-29 17:19:44.000,426,24008
2025-10-29 17:19:44.000,426,24002
2025-10-29 17:19:44.000,426,23990
2025-10-29 17:19:44.000,426,23986
2025-10-29 17:19:44.000,426,23983
2025-10-29 17:19:44.000,426,23966
2025-10-29 17:19:44.000,426,23959
2025-10-29 17:19:44.000,426,23953
2025-10-29 17:19:44.000,426,23935
2025-10-29 17:19:44.000,426,23913
2025-10-29 17:19:45.001,432,24913
2025-10-29 17:19:45.001,432,24905
2025-10-29 17:19:45.001,432,24882
2025-10-29 17:19:45.001,432,24876
2025-10-29 17:19:45.001,432,24870
2025-10-29 17:19:45.001,432,24864
2025-10-29 17:19:45.001,432,24863
2025-10-29 17:19:45.001,432,24855
2025-10-29 17:19:45.001,432,24044
2025-10-29 17:19:45.001,432,24018
2025-10-29 17:19:46.000,434,24983
2025-10-29 17:19:46.000,434,24975
2025-10-29 17:19:46.000,434,24931
2025-10-29 17:19:46.000,434,24920
2025-10-29 17:19:46.000,434,24918
2025-10-29 17:19:46.000,434,24915
2025-10-29 17:19:46.000,434,24911
2025-10-29 17:19:46.000,434,24905
2025-10-29 17:19:46.000,434,24904
2025-10-29 17:19:46.000,434,24883
2025-10-29 17:19:47.001,441,25847
2025-10-29 17:19:47.001,441,25846
2025-10-29 17:19:47.001,441,25049
2025-10-29 17:19:47.001,441,25039
2025-10-29 17:19:47.001,441,25030
2025-10-29 17:19:47.001,441,25026
2025-10-29 17:19:47.001,441,25023
2025-10-29 17:19:47.001,441,25019
2025-10-29 17:19:47.001,441,25002
2025-10-29 17:19:47.001,441,24980
2025-10-29 17:19:48.001,449,25942
2025-10-29 17:19:48.001,449,25935
2025-10-29 17:19:48.001,449,25903
2025-10-29 17:19:48.001,449,25901
2025-10-29 17:19:48.001,449,25891
2025-10-29 17:19:48.001,449,25886
2025-10-29 17:19:48.001,449,25875
2025-10-29 17:19:48.001,449,25041
2025-10-29 17:19:48.001,449,25035
2025-10-29 17:19:48.001,449,25023
2025-10-29 17:19:49.001,452,26009
2025-10-29 17:19:49.001,452,26003
2025-10-29 17:19:49.001,452,26001
2025-10-29 17:19:49.001,452,25998
2025-10-29 17:19:49.001,452,25988
2025-10-29 17:19:49.001,452,25978
2025-10-29 17:19:49.001,452,25956
2025-10-29 17:19:49.001,452,25944
2025-10-29 17:19:49.001,452,25929
2025-10-29 17:19:49.001,452,25913
2025-10-29 17:19:50.001,452,26909
2025-10-29 17:19:50.001,452,26889
2025-10-29 17:19:50.001,452,26889
2025-10-29 17:19:50.001,452,26885
2025-10-29 17:19:50.001,452,26881
2025-10-29 17:19:50.001,452,26865
2025-10-29 17:19:50.001,452,26864
2025-10-29 17:19:50.001,452,26054
2025-10-29 17:19:50.001,452,26053
2025-10-29 17:19:50.001,452,26034
2025-10-29 17:19:51.000,455,27033
2025-10-29 17:19:51.000,455,27026
2025-10-29 17:19:51.000,455,27024
2025-10-29 17:19:51.000,455,27017
2025-10-29 17:19:51.000,455,27010
2025-10-29 17:19:51.000,455,27008
2025-10-29 17:19:51.000,455,27007
2025-10-29 17:19:51.000,455,27005
2025-10-29 17:19:51.000,455,27001
2025-10-29 17:19:51.000,455,26972
2025-10-29 17:19:52.001,460,27965
2025-10-29 17:19:52.001,460,27964
2025-10-29 17:19:52.001,460,27960
2025-10-29 17:19:52.001,460,27954
2025-10-29 17:19:52.001,460,27950
2025-10-29 17:19:52.001,460,27935
2025-10-29 17:19:52.001,460,27932
2025-10-29 17:19:52.001,460,27900
2025-10-29 17:19:52.001,460,27897
2025-10-29 17:19:52.001,460,27895
2025-10-29 17:19:53.000,463,28892
2025-10-29 17:19:53.000,463,28883
2025-10-29 17:19:53.000,463,28880
2025-10-29 17:19:53.000,463,28877
2025-10-29 17:19:53.000,463,28876
2025-10-29 17:19:53.000,463,28871
2025-10-29 17:19:53.000,463,28870
2025-10-29 17:19:53.000,463,28867
2025-10-29 17:19:53.000,463,28037
2025-10-29 17:19:53.000,463,28030
2025-10-29 17:19:54.001,458,29012
2025-10-29 17:19:54.001,458,28996
2025-10-29 17:19:54.001,458,28994
2025-10-29 17:19:54.001,458,28991
2025-10-29 17:19:54.002,458,28969
2025-10-29 17:19:54.002,458,28953
2025-10-29 17:19:54.002,458,28950
2025-10-29 17:19:54.002,458,28943
2025-10-29 17:19:54.002,458,28927
2025-10-29 17:19:54.002,458,28924
2025-10-29 17:19:55.001,460,29920
2025-10-29 17:19:55.001,460,29910
2025-10-29 17:19:55.001,460,29856
2025-10-29 17:19:55.001,460,29848
2025-10-29 17:19:55.001,460,29847
2025-10-29 17:19:55.001,460,29047
2025-10-29 17:19:55.001,460,29027
2025-10-29 17:19:55.001,460,28989
2025-10-29 17:19:55.001,460,28977
2025-10-29 17:19:55.001,460,28970
2025-10-29 17:19:56.000,469,29960
2025-10-29 17:19:56.000,469,29957
2025-10-29 17:19:56.000,469,29925
2025-10-29 17:19:56.000,469,29920
2025-10-29 17:19:56.000,469,29910
2025-10-29 17:19:56.000,469,29901
2025-10-29 17:19:56.000,469,29897
2025-10-29 17:19:56.000,469,29869
2025-10-29 17:19:56.000,469,29858
2025-10-29 17:19:56.000,469,28838
2025-10-29 17:19:57.000,470,29823
2025-10-29 17:19:57.001,470,29815
2025-10-29 17:19:57.001,470,29807
2025-10-29 17:19:57.001,470,29805
2025-10-29 17:19:57.001,470,29801
2025-10-29 17:19:57.001,470,29781
2025-10-29 17:19:57.001,470,29778
2025-10-29 17:19:57.001,470,29770
2025-10-29 17:19:57.001,470,29766
2025-10-29 17:19:57.001,470,29754
2025-10-29 17:19:58.000,473,30746
2025-10-29 17:19:58.000,473,30744
2025-10-29 17:19:58.000,473,30742
2025-10-29 17:19:58.000,473,30699
2025-10-29 17:19:58.000,473,30693
2025-10-29 17:19:58.000,473,30688
2025-10-29 17:19:58.000,473,30678
2025-10-29 17:19:58.000,473,29851
2025-10-29 17:19:58.000,473,29844
2025-10-29 17:19:58.000,473,29839
2025-10-29 17:19:59.001,473,30838
2025-10-29 17:19:59.001,473,30836
2025-10-29 17:19:59.001,473,30815
2025-10-29 17:19:59.001,473,30793
2025-10-29 17:19:59.001,473,30782
2025-10-29 17:19:59.001,473,30780
2025-10-29 17:19:59.001,473,30779
2025-10-29 17:19:59.001,473,30751
2025-10-29 17:19:59.001,473,30733
2025-10-29 17:19:59.001,473,30721
2025-10-29 17:20:00.000,475,31719
2025-10-29 17:20:00.000,475,31711
2025-10-29 17:20:00.000,475,31701
2025-10-29 17:20:00.000,475,31690
2025-10-29 17:20:00.000,475,31656
2025-10-29 17:20:00.000,475,31633
2025-10-29 17:20:00.000,475,30822
2025-10-29 17:20:00.000,475,30817
2025-10-29 17:20:00.000,475,30816
2025-10-29 17:20:00.000,475,30798
2025-10-29 17:20:01.000,487,31792
2025-10-29 17:20:01.000,487,31785
2025-10-29 17:20:01.000,487,31776
2025-10-29 17:20:01.000,487,31773
2025-10-29 17:20:01.000,487,31757
2025-10-29 17:20:01.000,487,31743
2025-10-29 17:20:01.000,487,31740
2025-10-29 17:20:01.000,487,31736
2025-10-29 17:20:01.000,487,31723
2025-10-29 17:20:01.000,487,31720
2025-10-29 17:20:02.001,491,32718
2025-10-29 17:20:02.001,491,32711
2025-10-29 17:20:02.001,491,32693
2025-10-29 17:20:02.001,491,32673
2025-10-29 17:20:02.001,491,32623
2025-10-29 17:20:02.001,491,31848
2025-10-29 17:20:02.001,491,31845
2025-10-29 17:20:02.001,491,31838
2025-10-29 17:20:02.001,491,31832
2025-10-29 17:20:02.001,491,31818
2025-10-29 17:20:03.000,497,32782
2025-10-29 17:20:03.000,497,32775
2025-10-29 17:20:03.000,497,32774
2025-10-29 17:20:03.000,497,32762
2025-10-29 17:20:03.000,497,32750
2025-10-29 17:20:03.000,497,32748
2025-10-29 17:20:03.000,497,32745
2025-10-29 17:20:03.000,497,32741
2025-10-29 17:20:03.000,497,32716
2025-10-29 17:20:03.000,497,32708
2025-10-29 17:20:04.000,501,33694
2025-10-29 17:20:04.000,501,33689
2025-10-29 17:20:04.000,501,33688
2025-10-29 17:20:04.000,501,33687
2025-10-29 17:20:04.000,501,33674
2025-10-29 17:20:04.000,501,33667
2025-10-29 17:20:04.000,501,33643
2025-10-29 17:20:04.000,501,33630
2025-10-29 17:20:04.000,501,32855
2025-10-29 17:20:04.000,501,32848
2025-10-29 17:20:05.000,507,33803
2025-10-29 17:20:05.000,507,33802
2025-10-29 17:20:05.000,507,33801
2025-10-29 17:20:05.000,507,33792
2025-10-29 17:20:05.000,507,33785
2025-10-29 17:20:05.000,507,33774
2025-10-29 17:20:05.000,507,33765
2025-10-29 17:20:05.000,507,33743
2025-10-29 17:20:05.000,507,33739
2025-10-29 17:20:05.000,507,33736
2025-10-29 17:20:06.001,512,34731
2025-10-29 17:20:06.001,512,34730
2025-10-29 17:20:06.001,512,34729
2025-10-29 17:20:06.001,512,34718
2025-10-29 17:20:06.001,512,34713
2025-10-29 17:20:06.001,512,34703
2025-10-29 17:20:06.001,512,34660
2025-10-29 17:20:06.001,512,34652
2025-10-29 17:20:06.001,512,34649
2025-10-29 17:20:06.001,512,33854
2025-10-29 17:20:07.000,517,34851
2025-10-29 17:20:07.000,517,34848
2025-10-29 17:20:07.000,517,34829
2025-10-29 17:20:07.000,517,34819
2025-10-29 17:20:07.000,517,34773
2025-10-29 17:20:07.000,517,34770
2025-10-29 17:20:07.000,517,34725
2025-10-29 17:20:07.000,517,34697
2025-10-29 17:20:07.000,517,34693
2025-10-29 17:20:07.000,517,34684
2025-10-29 17:20:08.001,517,35653
2025-10-29 17:20:08.001,517,35638
2025-10-29 17:20:08.001,517,35635
2025-10-29 17:20:08.001,517,34852
2025-10-29 17:20:08.001,517,34836
2025-10-29 17:20:08.001,517,34830
2025-10-29 17:20:08.001,517,34815
2025-10-29 17:20:08.001,517,34815
2025-10-29 17:20:08.001,517,34812
2025-10-29 17:20:08.001,517,34807
2025-10-29 17:20:09.000,517,35797
2025-10-29 17:20:09.000,517,35784
2025-10-29 17:20:09.000,517,35779
2025-10-29 17:20:09.000,517,35741
2025-10-29 17:20:09.000,517,35738
2025-10-29 17:20:09.000,517,35716
2025-10-29 17:20:09.000,517,35710
2025-10-29 17:20:09.000,517,35689
2025-10-29 17:20:09.000,517,35683
2025-10-29 17:20:09.000,517,34838
2025-10-29 17:20:10.001,516,35827
2025-10-29 17:20:10.001,516,35819
2025-10-29 17:20:10.001,516,35809
2025-10-29 17:20:10.001,516,35794
2025-10-29 17:20:10.001,516,35791
2025-10-29 17:20:10.001,516,35786
2025-10-29 17:20:10.001,516,35742
2025-10-29 17:20:10.001,516,35730
2025-10-29 17:20:10.001,516,35723
2025-10-29 17:20:10.001,516,35709
2025-10-29 17:20:11.000,517,36688
2025-10-29 17:20:11.000,517,36677
2025-10-29 17:20:11.000,517,36675
2025-10-29 17:20:11.000,517,36664
2025-10-29 17:20:11.000,517,36663
2025-10-29 17:20:11.000,517,36661
2025-10-29 17:20:11.000,517,36657
2025-10-29 17:20:11.000,517,35828
2025-10-29 17:20:11.000,517,35820
2025-10-29 17:20:11.000,517,35754
2025-10-29 17:20:12.001,516,36745
2025-10-29 17:20:12.001,516,36736
2025-10-29 17:20:12.001,516,36720
2025-10-29 17:20:12.001,516,36654
2025-10-29 17:20:12.001,516,36648
2025-10-29 17:20:12.001,516,36640
2025-10-29 17:20:12.001,516,36630
2025-10-29 17:20:12.001,516,36613
2025-10-29 17:20:12.001,516,36608
2025-10-29 17:20:12.001,516,35845
2025-10-29 17:20:13.000,512,36829
2025-10-29 17:20:13.000,512,36828
2025-10-29 17:20:13.000,512,36825
2025-10-29 17:20:13.000,512,36803
2025-10-29 17:20:13.000,512,36800
2025-10-29 17:20:13.000,512,36786
2025-10-29 17:20:13.000,512,36757
2025-10-29 17:20:13.000,512,36756
2025-10-29 17:20:13.000,512,36746
2025-10-29 17:20:13.000,512,36739
2025-10-29 17:20:14.000,519,37730
2025-10-29 17:20:14.000,519,37727
2025-10-29 17:20:14.000,519,37723
2025-10-29 17:20:14.000,519,37721
2025-10-29 17:20:14.000,519,37720
2025-10-29 17:20:14.000,519,37716
2025-10-29 17:20:14.000,519,37706
2025-10-29 17:20:14.000,519,37704
2025-10-29 17:20:14.000,519,37691
2025-10-29 17:20:14.000,519,37678
2025-10-29 17:20:15.001,519,38673
2025-10-29 17:20:15.001,519,38672
2025-10-29 17:20:15.001,519,38670
2025-10-29 17:20:15.001,519,38666
2025-10-29 17:20:15.001,519,38652
2025-10-29 17:20:15.001,519,37854
2025-10-29 17:20:15.001,519,37838
2025-10-29 17:20:15.001,519,37835
2025-10-29 17:20:15.001,519,37827
2025-10-29 17:20:15.001,519,37817
2025-10-29 17:20:16.000,515,38743
2025-10-29 17:20:16.000,515,38739
2025-10-29 17:20:16.000,515,38724
2025-10-29 17:20:16.000,515,38701
2025-10-29 17:20:16.000,515,38698
2025-10-29 17:20:16.000,515,38695
2025-10-29 17:20:16.000,515,38682
2025-10-29 17:20:16.000,515,38670
2025-10-29 17:20:16.000,515,38662
2025-10-29 17:20:16.000,515,38661
2025-10-29 17:20:17.001,511,39658
2025-10-29 17:20:17.001,511,39641
2025-10-29 17:20:17.001,511,39622
2025-10-29 17:20:17.001,511,38834
2025-10-29 17:20:17.001,511,38798
2025-10-29 17:20:17.001,511,38792
2025-10-29 17:20:17.001,511,38774
2025-10-29 17:20:17.001,511,38769
2025-10-29 17:20:17.001,511,38751
2025-10-29 17:20:17.001,511,38748
2025-10-29 17:20:18.000,515,39741
2025-10-29 17:20:18.000,515,39727
2025-10-29 17:20:18.000,515,39726
2025-10-29 17:20:18.000,515,39691
2025-10-29 17:20:18.000,515,39688
2025-10-29 17:20:18.000,515,39677
2025-10-29 17:20:18.000,515,39672
2025-10-29 17:20:18.000,515,39656
2025-10-29 17:20:18.000,515,38849
2025-10-29 17:20:18.000,515,38842
2025-10-29 17:20:19.001,516,39834
2025-10-29 17:20:19.001,516,39827
2025-10-29 17:20:19.001,516,39813
2025-10-29 17:20:19.001,516,39808
2025-10-29 17:20:19.001,516,39804
2025-10-29 17:20:19.001,516,39790
2025-10-29 17:20:19.001,516,39789
2025-10-29 17:20:19.001,516,39777
2025-10-29 17:20:19.001,516,39774
2025-10-29 17:20:19.001,516,39772
2025-10-29 17:20:20.000,516,40766
2025-10-29 17:20:20.000,516,40744
2025-10-29 17:20:20.000,516,40732
2025-10-29 17:20:20.000,516,40718
2025-10-29 17:20:20.000,516,40713
2025-10-29 17:20:20.000,516,40641
2025-10-29 17:20:20.000,516,39853
2025-10-29 17:20:20.000,516,39844
2025-10-29 17:20:20.000,516,39842
2025-10-29 17:20:20.000,516,39827
2025-10-29 17:20:21.000,513,40811
2025-10-29 17:20:21.000,513,40806
2025-10-29 17:20:21.000,513,40761
2025-10-29 17:20:21.000,513,40758
2025-10-29 17:20:21.000,513,40755
2025-10-29 17:20:21.000,513,40737
2025-10-29 17:20:21.000,513,40719
2025-10-29 17:20:21.000,513,40711
2025-10-29 17:20:21.001,513,40706
2025-10-29 17:20:21.001,513,40687
2025-10-29 17:20:22.000,511,41669
2025-10-29 17:20:22.000,511,41642
2025-10-29 17:20:22.000,511,41628
2025-10-29 17:20:22.000,511,40826
2025-10-29 17:20:22.000,511,40806
2025-10-29 17:20:22.000,511,40796
2025-10-29 17:20:22.000,511,40787
2025-10-29 17:20:22.000,511,40762
2025-10-29 17:20:22.000,511,40745
2025-10-29 17:20:22.000,511,40717
2025-10-29 17:20:23.001,518,41711
2025-10-29 17:20:23.001,518,41710
2025-10-29 17:20:23.001,518,41702
2025-10-29 17:20:23.001,518,41689
2025-10-29 17:20:23.001,518,41684
2025-10-29 17:20:23.001,518,41678
2025-10-29 17:20:23.001,518,41675
2025-10-29 17:20:23.001,518,41665
2025-10-29 17:20:23.001,518,40843
2025-10-29 17:20:23.001,518,40842
2025-10-29 17:20:24.001,519,41836
2025-10-29 17:20:24.001,519,41807
2025-10-29 17:20:24.001,519,41803
2025-10-29 17:20:24.001,519,41744
2025-10-29 17:20:24.001,519,41731
2025-10-29 17:20:24.001,519,41728
2025-10-29 17:20:24.001,519,41711
2025-10-29 17:20:24.001,519,41708
2025-10-29 17:20:24.001,519,41676
2025-10-29 17:20:24.001,519,41662
2025-10-29 17:20:25.000,517,42652
2025-10-29 17:20:25.000,517,41842
2025-10-29 17:20:25.000,517,41812
2025-10-29 17:20:25.000,517,41799
2025-10-29 17:20:25.000,517,41795
2025-10-29 17:20:25.001,517,41790
2025-10-29 17:20:25.001,517,41772
2025-10-29 17:20:25.001,517,41766
2025-10-29 17:20:25.001,517,41763
2025-10-29 17:20:25.001,517,41732
2025-10-29 17:20:26.000,517,42709
2025-10-29 17:20:26.000,517,42698
2025-10-29 17:20:26.000,517,42689
2025-10-29 17:20:26.000,517,42661
2025-10-29 17:20:26.000,517,42660
2025-10-29 17:20:26.000,517,42655
2025-10-29 17:20:26.000,517,41846
2025-10-29 17:20:26.000,517,41808
2025-10-29 17:20:26.000,517,41794
2025-10-29 17:20:26.000,517,41774
2025-10-29 17:20:27.001,530,42768
2025-10-29 17:20:27.001,530,42764
2025-10-29 17:20:27.001,530,42730
2025-10-29 17:20:27.001,530,42721
2025-10-29 17:20:27.001,530,42694
2025-10-29 17:20:27.001,530,42687
2025-10-29 17:20:27.001,530,42675
2025-10-29 17:20:27.001,530,42660
2025-10-29 17:20:27.001,530,42650
2025-10-29 17:20:27.001,530,42640
2025-10-29 17:20:28.000,522,43635
2025-10-29 17:20:28.000,522,43629
2025-10-29 17:20:28.000,522,42835
2025-10-29 17:20:28.000,522,42823
2025-10-29 17:20:28.000,522,42820
2025-10-29 17:20:28.000,522,42805
2025-10-29 17:20:28.000,522,42799
2025-10-29 17:20:28.000,522,42789
2025-10-29 17:20:28.000,522,42772
2025-10-29 17:20:28.000,522,42740
2025-10-29 17:20:29.000,533,43702
2025-10-29 17:20:29.000,533,43694
2025-10-29 17:20:29.000,533,43682
2025-10-29 17:20:29.000,533,43639
2025-10-29 17:20:29.000,533,42849
2025-10-29 17:20:29.000,533,42846
2025-10-29 17:20:29.000,533,42836
2025-10-29 17:20:29.000,533,42813
2025-10-29 17:20:29.000,533,42785
2025-10-29 17:20:29.000,533,42777
2025-10-29 17:20:30.001,528,43772
2025-10-29 17:20:30.001,528,43765
2025-10-29 17:20:30.001,528,43757
2025-10-29 17:20:30.001,528,43749
2025-10-29 17:20:30.001,528,43731
2025-10-29 17:20:30.001,528,43723
2025-10-29 17:20:30.001,528,43706
2025-10-29 17:20:30.001,528,43691
2025-10-29 17:20:30.001,528,43687
2025-10-29 17:20:30.001,528,43676
2025-10-29 17:20:31.000,529,44673
2025-10-29 17:20:31.000,529,43644
2025-10-29 17:20:31.000,529,43628
2025-10-29 17:20:31.000,529,43623
2025-10-29 17:20:31.000,529,43617
2025-10-29 17:20:31.000,529,43608
2025-10-29 17:20:31.000,529,43603
2025-10-29 17:20:31.000,529,43601
2025-10-29 17:20:31.000,529,43581
2025-10-29 17:20:31.000,529,43571
2025-10-29 17:20:32.001,525,44559
2025-10-29 17:20:32.001,525,44541
2025-10-29 17:20:32.001,525,44537
2025-10-29 17:20:32.001,525,44531
2025-10-29 17:20:32.001,525,44526
2025-10-29 17:20:32.001,525,44508
2025-10-29 17:20:32.001,525,44489
2025-10-29 17:20:32.001,525,44473
2025-10-29 17:20:32.001,525,44468
2025-10-29 17:20:32.001,525,43653
2025-10-29 17:20:33.000,520,44640
2025-10-29 17:20:33.000,520,44632
2025-10-29 17:20:33.000,520,44613
2025-10-29 17:20:33.000,520,44584
2025-10-29 17:20:33.000,520,44573
2025-10-29 17:20:33.000,520,44571
2025-10-29 17:20:33.000,520,44544
2025-10-29 17:20:33.000,520,44526
2025-10-29 17:20:33.000,520,44507
2025-10-29 17:20:33.000,520,44500
2025-10-29 17:20:34.001,520,45485
2025-10-29 17:20:34.001,520,45475
2025-10-29 17:20:34.001,520,44644
2025-10-29 17:20:34.001,520,44633
2025-10-29 17:20:34.001,520,44629
2025-10-29 17:20:34.001,520,44600
2025-10-29 17:20:34.001,520,44598
2025-10-29 17:20:34.001,520,44586
2025-10-29 17:20:34.001,520,44584
2025-10-29 17:20:34.001,520,44546
2025-10-29 17:20:35.000,515,45467
2025-10-29 17:20:35.000,515,45462
2025-10-29 17:20:35.000,515,44636
2025-10-29 17:20:35.000,515,44633
2025-10-29 17:20:35.000,515,44627
2025-10-29 17:20:35.000,515,44623
2025-10-29 17:20:35.000,515,44587
2025-10-29 17:20:35.000,515,44568
2025-10-29 17:20:35.000,515,44549
2025-10-29 17:20:35.000,515,44546
2025-10-29 17:20:36.000,509,45543
2025-10-29 17:20:36.000,509,45534
2025-10-29 17:20:36.001,509,45510
2025-10-29 17:20:36.001,509,45493
2025-10-29 17:20:36.001,509,45477
2025-10-29 17:20:36.001,509,44647
2025-10-29 17:20:36.001,509,44622
2025-10-29 17:20:36.001,509,44599
2025-10-29 17:20:36.001,509,44594
2025-10-29 17:20:36.001,509,44563
2025-10-29 17:20:37.000,506,45560
2025-10-29 17:20:37.000,506,45551
2025-10-29 17:20:37.000,506,45550
2025-10-29 17:20:37.000,506,45525
2025-10-29 17:20:37.000,506,45520
2025-10-29 17:20:37.000,506,45508
2025-10-29 17:20:37.000,506,45487
2025-10-29 17:20:37.000,506,45477
2025-10-29 17:20:37.000,506,45456
2025-10-29 17:20:37.000,506,45445
2025-10-29 17:20:38.000,498,45644
2025-10-29 17:20:38.000,498,45634
2025-10-29 17:20:38.000,498,45633
2025-10-29 17:20:38.000,498,45630
2025-10-29 17:20:38.000,498,45627
2025-10-29 17:20:38.000,498,45601
2025-10-29 17:20:38.000,498,45593
2025-10-29 17:20:38.000,498,45590
2025-10-29 17:20:38.000,498,45476
2025-10-29 17:20:38.000,498,45474
2025-10-29 17:20:39.001,492,46445
2025-10-29 17:20:39.001,492,46439
2025-10-29 17:20:39.001,492,46435
2025-10-29 17:20:39.001,492,45634
2025-10-29 17:20:39.001,492,45572
2025-10-29 17:20:39.001,492,45567
2025-10-29 17:20:39.001,492,45528
2025-10-29 17:20:39.001,492,45492
2025-10-29 17:20:39.001,492,44655
2025-10-29 17:20:39.001,492,44654
2025-10-29 17:20:40.001,487,45653
2025-10-29 17:20:40.001,487,45647
2025-10-29 17:20:40.001,487,45614
2025-10-29 17:20:40.001,487,45596
2025-10-29 17:20:40.001,487,45593
2025-10-29 17:20:40.001,487,45592
2025-10-29 17:20:40.001,487,45580
2025-10-29 17:20:40.001,487,45482
2025-10-29 17:20:40.001,487,45479
2025-10-29 17:20:40.001,487,45477
2025-10-29 17:20:41.000,486,45655
2025-10-29 17:20:41.000,486,45639
2025-10-29 17:20:41.000,486,45637
2025-10-29 17:20:41.000,486,45631
2025-10-29 17:20:41.000,486,45628
2025-10-29 17:20:41.000,486,45624
2025-10-29 17:20:41.000,486,45579
2025-10-29 17:20:41.000,486,45549
2025-10-29 17:20:41.000,486,45516
2025-10-29 17:20:41.000,486,45512
2025-10-29 17:20:42.000,480,46506
2025-10-29 17:20:42.001,480,46503
2025-10-29 17:20:42.001,480,46502
2025-10-29 17:20:42.001,480,46486
2025-10-29 17:20:42.001,480,46470
2025-10-29 17:20:42.001,480,46468
2025-10-29 17:20:42.001,480,46462
2025-10-29 17:20:42.001,480,46458
2025-10-29 17:20:42.001,480,46449
2025-10-29 17:20:42.001,480,45656
2025-10-29 17:20:43.001,476,46641
2025-10-29 17:20:43.001,476,46635
2025-10-29 17:20:43.001,476,46620
2025-10-29 17:20:43.001,476,46598
2025-10-29 17:20:43.001,476,46563
2025-10-29 17:20:43.001,476,46549
2025-10-29 17:20:43.001,476,46537
2025-10-29 17:20:43.001,476,46528
2025-10-29 17:20:43.001,476,46523
2025-10-29 17:20:43.001,476,46515
2025-10-29 17:20:44.000,473,46644
2025-10-29 17:20:44.000,473,46606
2025-10-29 17:20:44.000,473,46591
2025-10-29 17:20:44.000,473,46589
2025-10-29 17:20:44.000,473,46576
2025-10-29 17:20:44.000,473,46573
2025-10-29 17:20:44.000,473,46535
2025-10-29 17:20:44.000,473,46518
2025-10-29 17:20:44.000,473,46508
2025-10-29 17:20:44.000,473,46489
2025-10-29 17:20:45.000,470,47482
2025-10-29 17:20:45.000,470,47480
2025-10-29 17:20:45.000,470,47478
2025-10-29 17:20:45.000,470,46625
2025-10-29 17:20:45.000,470,46611
2025-10-29 17:20:45.000,470,46609
2025-10-29 17:20:45.000,470,46607
2025-10-29 17:20:45.000,470,46601
2025-10-29 17:20:45.000,470,46580
2025-10-29 17:20:45.000,470,46560
2025-10-29 17:20:46.001,466,47543
2025-10-29 17:20:46.001,466,47495
2025-10-29 17:20:46.001,466,47463
2025-10-29 17:20:46.001,466,46636
2025-10-29 17:20:46.001,466,46625
2025-10-29 17:20:46.001,466,46620
2025-10-29 17:20:46.001,466,46598
2025-10-29 17:20:46.001,466,46577
2025-10-29 17:20:46.001,466,46575
2025-10-29 17:20:46.001,466,46574
2025-10-29 17:20:47.000,463,47519
2025-10-29 17:20:47.000,463,47510
2025-10-29 17:20:47.000,463,47495
2025-10-29 17:20:47.000,463,47485
2025-10-29 17:20:47.000,463,47470
2025-10-29 17:20:47.000,463,46651
2025-10-29 17:20:47.000,463,46618
2025-10-29 17:20:47.000,463,46601
2025-10-29 17:20:47.000,463,46601
2025-10-29 17:20:47.000,463,46575
2025-10-29 17:20:48.000,456,47574
2025-10-29 17:20:48.000,456,47571
2025-10-29 17:20:48.000,456,47568
2025-10-29 17:20:48.000,456,47565
2025-10-29 17:20:48.000,456,47561
2025-10-29 17:20:48.000,456,47545
2025-10-29 17:20:48.000,456,47540
2025-10-29 17:20:48.000,456,47524
2025-10-29 17:20:48.000,456,47510
2025-10-29 17:20:48.000,456,47509
2025-10-29 17:20:49.001,456,48505
2025-10-29 17:20:49.001,456,48503
2025-10-29 17:20:49.001,456,48501
2025-10-29 17:20:49.001,456,48495
2025-10-29 17:20:49.001,456,48491
2025-10-29 17:20:49.001,456,48486
2025-10-29 17:20:49.001,456,48480
2025-10-29 17:20:49.001,456,47642
2025-10-29 17:20:49.001,456,47631
2025-10-29 17:20:49.001,456,47541
2025-10-29 17:20:50.000,449,48530
2025-10-29 17:20:50.000,449,48527
2025-10-29 17:20:50.000,449,48523
2025-10-29 17:20:50.000,449,48521
2025-10-29 17:20:50.000,449,48519
2025-10-29 17:20:50.000,449,48518
2025-10-29 17:20:50.000,449,48513
2025-10-29 17:20:50.000,449,48496
2025-10-29 17:20:50.000,449,48495
2025-10-29 17:20:50.000,449,48475
2025-10-29 17:20:51.001,442,49465
2025-10-29 17:20:51.002,442,48641
2025-10-29 17:20:51.002,442,48628
2025-10-29 17:20:51.002,442,48627
2025-10-29 17:20:51.002,442,48626
2025-10-29 17:20:51.002,442,48623
2025-10-29 17:20:51.002,442,48617
2025-10-29 17:20:51.002,442,48608
2025-10-29 17:20:51.002,442,48591
2025-10-29 17:20:51.002,442,48563
2025-10-29 17:20:52.000,436,49560
2025-10-29 17:20:52.000,436,49539
2025-10-29 17:20:52.000,436,49538
2025-10-29 17:20:52.000,436,49491
2025-10-29 17:20:52.000,436,49484
2025-10-29 17:20:52.000,436,49473
2025-10-29 17:20:52.000,436,49466
2025-10-29 17:20:52.000,436,48636
2025-10-29 17:20:52.000,436,48609
2025-10-29 17:20:52.000,436,48608
2025-10-29 17:20:53.000,427,49604
2025-10-29 17:20:53.000,427,49594
2025-10-29 17:20:53.000,427,49591
2025-10-29 17:20:53.000,427,49574
2025-10-29 17:20:53.000,427,49556
2025-10-29 17:20:53.000,427,49514
2025-10-29 17:20:53.000,427,49497
2025-10-29 17:20:53.000,427,49496
2025-10-29 17:20:53.000,427,49486
2025-10-29 17:20:53.000,427,49477
2025-10-29 17:20:54.000,424,50468
2025-10-29 17:20:54.000,424,49655
2025-10-29 17:20:54.000,424,49641
2025-10-29 17:20:54.000,424,49637
2025-10-29 17:20:54.000,424,49635
2025-10-29 17:20:54.000,424,49627
2025-10-29 17:20:54.001,424,49622
2025-10-29 17:20:54.001,424,49621
2025-10-29 17:20:54.001,424,49601
2025-10-29 17:20:54.001,424,49594
2025-10-29 17:20:55.000,419,50515
2025-10-29 17:20:55.000,419,50508
2025-10-29 17:20:55.000,419,50482
2025-10-29 17:20:55.000,419,50477
2025-10-29 17:20:55.000,419,50474
2025-10-29 17:20:55.000,419,50461
2025-10-29 17:20:55.000,419,50448
2025-10-29 17:20:55.000,419,49645
2025-10-29 17:20:55.000,419,49637
2025-10-29 17:20:55.000,419,49626
2025-10-29 17:20:56.001,415,50578
2025-10-29 17:20:56.001,415,50574
2025-10-29 17:20:56.001,415,50571
2025-10-29 17:20:56.001,415,50556
2025-10-29 17:20:56.001,415,50545
2025-10-29 17:20:56.001,415,50538
2025-10-29 17:20:56.001,415,50523
2025-10-29 17:20:56.001,415,50516
2025-10-29 17:20:56.001,415,50507
2025-10-29 17:20:56.001,415,50496
2025-10-29 17:20:57.001,410,51484
2025-10-29 17:20:57.001,410,51466
2025-10-29 17:20:57.001,410,50654
2025-10-29 17:20:57.001,410,50651
2025-10-29 17:20:57.001,410,50634
2025-10-29 17:20:57.001,410,50622
2025-10-29 17:20:57.001,410,50620
2025-10-29 17:20:57.001,410,50617
2025-10-29 17:20:57.001,410,50611
2025-10-29 17:20:57.001,410,50608
2025-10-29 17:20:58.001,404,51607
2025-10-29 17:20:58.001,404,51581
2025-10-29 17:20:58.001,404,51579
2025-10-29 17:20:58.001,404,51550
2025-10-29 17:20:58.001,404,51544
2025-10-29 17:20:58.001,404,51516
2025-10-29 17:20:58.001,404,51501
2025-10-29 17:20:58.001,404,50431
2025-10-29 17:20:58.001,404,50379
2025-10-29 17:20:58.001,404,50373
2025-10-29 17:20:59.000,396,51352
2025-10-29 17:20:59.000,396,51320
2025-10-29 17:20:59.000,396,51318
2025-10-29 17:20:59.000,396,51310
2025-10-29 17:20:59.000,396,51305
2025-10-29 17:20:59.000,396,51303
2025-10-29 17:20:59.000,396,51300
2025-10-29 17:20:59.000,396,50434
2025-10-29 17:20:59.000,396,50405
2025-10-29 17:20:59.000,396,50395
2025-10-29 17:21:00.000,393,51384
2025-10-29 17:21:00.000,393,51378
2025-10-29 17:21:00.000,393,51367
2025-10-29 17:21:00.000,393,51366
2025-10-29 17:21:00.000,393,51358
2025-10-29 17:21:00.000,393,51350
2025-10-29 17:21:00.000,393,51303
2025-10-29 17:21:00.000,393,50402
2025-10-29 17:21:00.000,393,50397
2025-10-29 17:21:00.000,393,50390
2025-10-29 17:21:01.001,388,51389
2025-10-29 17:21:01.001,388,51355
2025-10-29 17:21:01.001,388,51354
2025-10-29 17:21:01.001,388,51334
2025-10-29 17:21:01.001,388,51328
2025-10-29 17:21:01.001,388,51287
2025-10-29 17:21:01.001,388,50427
2025-10-29 17:21:01.001,388,50414
2025-10-29 17:21:01.001,388,50406
2025-10-29 17:21:01.001,388,50389
2025-10-29 17:21:02.000,383,51383
2025-10-29 17:21:02.000,383,51379
2025-10-29 17:21:02.000,383,51366
2025-10-29 17:21:02.000,383,51340
2025-10-29 17:21:02.000,383,51321
2025-10-29 17:21:02.000,383,51315
2025-10-29 17:21:02.000,383,51296
2025-10-29 17:21:02.000,383,50434
2025-10-29 17:21:02.000,383,50428
2025-10-29 17:21:02.000,383,50426
2025-10-29 17:21:03.000,380,51421
2025-10-29 17:21:03.000,380,51398
2025-10-29 17:21:03.000,380,51391
2025-10-29 17:21:03.000,380,51315
2025-10-29 17:21:03.000,380,51309
2025-10-29 17:21:03.000,380,51296
2025-10-29 17:21:03.000,380,50434
2025-10-29 17:21:03.000,380,50408
2025-10-29 17:21:03.000,380,50392
2025-10-29 17:21:03.000,380,50342
2025-10-29 17:21:04.000,373,51317
2025-10-29 17:21:04.000,373,51306
2025-10-29 17:21:04.000,373,50439
2025-10-29 17:21:04.000,373,50437
2025-10-29 17:21:04.000,373,50426
2025-10-29 17:21:04.000,373,50418
2025-10-29 17:21:04.000,373,50417
2025-10-29 17:21:04.000,373,50414
2025-10-29 17:21:04.000,373,50401
2025-10-29 17:21:04.000,373,50397
2025-10-29 17:21:05.001,365,51393
2025-10-29 17:21:05.001,365,51381
2025-10-29 17:21:05.001,365,51352
2025-10-29 17:21:05.001,365,51345
2025-10-29 17:21:05.001,365,51331
2025-10-29 17:21:05.001,365,51325
2025-10-29 17:21:05.001,365,51321
2025-10-29 17:21:05.001,365,51319
2025-10-29 17:21:05.001,365,51307
2025-10-29 17:21:05.001,365,50442
2025-10-29 17:21:06.000,358,51433
2025-10-29 17:21:06.000,358,51430
2025-10-29 17:21:06.000,358,51419
2025-10-29 17:21:06.000,358,51406
2025-10-29 17:21:06.000,358,51365
2025-10-29 17:21:06.000,358,51346
2025-10-29 17:21:06.000,358,51339
2025-10-29 17:21:06.000,358,51331
2025-10-29 17:21:06.000,358,51319
2025-10-29 17:21:06.000,358,50415
2025-10-29 17:21:07.001,355,51375
2025-10-29 17:21:07.001,355,51365
2025-10-29 17:21:07.001,355,51362
2025-10-29 17:21:07.001,355,51354
2025-10-29 17:21:07.001,355,51294
2025-10-29 17:21:07.001,355,50426
2025-10-29 17:21:07.001,355,50384
2025-10-29 17:21:07.001,355,50381
2025-10-29 17:21:07.001,355,50374
2025-10-29 17:21:07.001,355,50364
2025-10-29 17:21:08.000,354,51362
2025-10-29 17:21:08.000,354,50443
2025-10-29 17:21:08.000,354,50410
2025-10-29 17:21:08.000,354,50409
2025-10-29 17:21:08.000,354,50405
2025-10-29 17:21:08.000,354,50397
2025-10-29 17:21:08.000,354,50375
2025-10-29 17:21:08.000,354,50372
2025-10-29 17:21:08.000,354,50360
2025-10-29 17:21:08.000,354,50349
2025-10-29 17:21:09.000,356,51344
2025-10-29 17:21:09.000,356,51328
2025-10-29 17:21:09.000,356,51297
2025-10-29 17:21:09.000,356,51292
2025-10-29 17:21:09.000,356,51287
2025-10-29 17:21:09.000,356,50418
2025-10-29 17:21:09.000,356,50416
2025-10-29 17:21:09.000,356,50402
2025-10-29 17:21:09.000,356,50379
2025-10-29 17:21:09.000,356,50378
2025-10-29 17:21:10.001,351,51335
2025-10-29 17:21:10.001,351,51329
2025-10-29 17:21:10.001,351,51320
2025-10-29 17:21:10.001,351,51310
2025-10-29 17:21:10.001,351,51302
2025-10-29 17:21:10.001,351,51285
2025-10-29 17:21:10.001,351,50436
2025-10-29 17:21:10.001,351,50430
2025-10-29 17:21:10.001,351,50409
2025-10-29 17:21:10.001,351,50381
2025-10-29 17:21:11.000,342,51342
2025-10-29 17:21:11.000,342,51326
2025-10-29 17:21:11.000,342,51324
2025-10-29 17:21:11.000,342,51318
2025-10-29 17:21:11.000,342,51295
2025-10-29 17:21:11.000,342,51288
2025-10-29 17:21:11.000,342,50423
2025-10-29 17:21:11.000,342,50410
2025-10-29 17:21:11.000,342,50385
2025-10-29 17:21:11.000,342,50373
2025-10-29 17:21:12.000,337,51345
2025-10-29 17:21:12.000,337,51317
2025-10-29 17:21:12.000,337,51296
2025-10-29 17:21:12.000,337,50442
2025-10-29 17:21:12.000,337,50426
2025-10-29 17:21:12.000,337,50380
2025-10-29 17:21:12.000,337,50328
2025-10-29 17:21:12.000,337,50312
2025-10-29 17:21:12.000,337,50309
2025-10-29 17:21:12.000,337,50305
2025-10-29 17:21:13.001,331,51299
2025-10-29 17:21:13.001,331,50413
2025-10-29 17:21:13.001,331,50402
2025-10-29 17:21:13.001,331,50395
2025-10-29 17:21:13.001,331,50393
2025-10-29 17:21:13.001,331,50381
2025-10-29 17:21:13.001,331,50376
2025-10-29 17:21:13.001,331,50374
2025-10-29 17:21:13.001,331,50372
2025-10-29 17:21:13.001,331,50368
2025-10-29 17:21:14.000,326,51330
2025-10-29 17:21:14.000,326,51326
2025-10-29 17:21:14.000,326,51325
2025-10-29 17:21:14.000,326,51304
2025-10-29 17:21:14.000,326,51301
2025-10-29 17:21:14.000,326,51296
2025-10-29 17:21:14.000,326,51294
2025-10-29 17:21:14.000,326,51287
2025-10-29 17:21:14.000,326,50387
2025-10-29 17:21:14.000,326,50366
2025-10-29 17:21:15.000,319,51353
2025-10-29 17:21:15.000,319,51347
2025-10-29 17:21:15.000,319,51345
2025-10-29 17:21:15.000,319,51330
2025-10-29 17:21:15.000,319,51324
2025-10-29 17:21:15.000,319,51287
2025-10-29 17:21:15.000,319,51285
2025-10-29 17:21:15.000,319,51284
2025-10-29 17:21:15.000,319,51271
2025-10-29 17:21:15.000,319,50432
2025-10-29 17:21:16.000,310,51407
2025-10-29 17:21:16.000,310,51368
2025-10-29 17:21:16.000,310,51359
2025-10-29 17:21:16.000,310,51342
2025-10-29 17:21:16.000,310,51337
2025-10-29 17:21:16.000,310,51334
2025-10-29 17:21:16.000,310,51326
2025-10-29 17:21:16.000,310,50439
2025-10-29 17:21:16.000,310,50437
2025-10-29 17:21:16.000,310,50434
2025-10-29 17:21:17.001,305,51420
2025-10-29 17:21:17.001,305,51409
2025-10-29 17:21:17.001,305,51388
2025-10-29 17:21:17.001,305,51384
2025-10-29 17:21:17.001,305,51371
2025-10-29 17:21:17.001,305,51354
2025-10-29 17:21:17.001,305,51293
2025-10-29 17:21:17.001,305,50444
2025-10-29 17:21:17.001,305,50443
2025-10-29 17:21:17.001,305,50426
2025-10-29 17:21:18.000,304,51420
2025-10-29 17:21:18.000,304,51407
2025-10-29 17:21:18.000,304,51396
2025-10-29 17:21:18.000,304,51388
2025-10-29 17:21:18.000,304,51384
2025-10-29 17:21:18.000,304,51377
2025-10-29 17:21:18.000,304,51370
2025-10-29 17:21:18.000,304,51360
2025-10-29 17:21:18.000,304,51359
2025-10-29 17:21:18.000,304,51355
2025-10-29 17:21:19.001,297,52352
2025-10-29 17:21:19.001,297,52346
2025-10-29 17:21:19.001,297,52340
2025-10-29 17:21:19.001,297,52339
2025-10-29 17:21:19.001,297,52328
2025-10-29 17:21:19.001,297,52314
2025-10-29 17:21:19.001,297,52310
2025-10-29 17:21:19.001,297,52296
2025-10-29 17:21:19.001,297,52294
2025-10-29 17:21:19.001,297,52291
2025-10-29 17:21:20.003,292,52274
2025-10-29 17:21:20.003,292,52272
2025-10-29 17:21:20.004,292,52230
2025-10-29 17:21:20.004,292,52224
2025-10-29 17:21:20.004,292,52223
2025-10-29 17:21:20.004,292,52217
2025-10-29 17:21:20.004,292,52216
2025-10-29 17:21:20.004,292,52203
2025-10-29 17:21:20.004,292,52200
2025-10-29 17:21:20.004,292,52199
2025-10-29 17:21:21.001,285,53194
2025-10-29 17:21:21.001,285,53190
2025-10-29 17:21:21.001,285,53184
2025-10-29 17:21:21.001,285,53176
2025-10-29 17:21:21.001,285,53172
2025-10-29 17:21:21.001,285,52272
2025-10-29 17:21:21.001,285,52261
2025-10-29 17:21:21.001,285,52260
2025-10-29 17:21:21.001,285,52258
2025-10-29 17:21:21.001,285,52247
2025-10-29 17:21:22.000,279,53245
2025-10-29 17:21:22.000,279,53244
2025-10-29 17:21:22.000,279,53232
2025-10-29 17:21:22.000,279,53218
2025-10-29 17:21:22.000,279,53200
2025-10-29 17:21:22.000,279,52268
2025-10-29 17:21:22.000,279,52252
2025-10-29 17:21:22.000,279,52237
2025-10-29 17:21:22.000,279,52226
2025-10-29 17:21:22.000,279,52207
2025-10-29 17:21:23.000,280,53192
2025-10-29 17:21:23.000,280,53177
2025-10-29 17:21:23.000,280,53166
2025-10-29 17:21:23.000,280,53165
2025-10-29 17:21:23.000,280,52273
2025-10-29 17:21:23.000,280,52268
2025-10-29 17:21:23.000,280,52249
2025-10-29 17:21:23.000,280,52247
2025-10-29 17:21:23.000,280,52246
2025-10-29 17:21:23.000,280,52218
2025-10-29 17:21:24.000,270,53195
2025-10-29 17:21:24.000,270,53192
2025-10-29 17:21:24.000,270,53187
2025-10-29 17:21:24.000,270,52261
2025-10-29 17:21:24.000,270,52250
2025-10-29 17:21:24.000,270,52216
2025-10-29 17:21:24.000,270,52186
2025-10-29 17:21:24.000,270,52180
2025-10-29 17:21:24.000,270,51270
2025-10-29 17:21:24.000,270,51246
2025-10-29 17:21:25.001,263,52214
2025-10-29 17:21:25.001,263,52209
2025-10-29 17:21:25.001,263,52202
2025-10-29 17:21:25.001,263,52200
2025-10-29 17:21:25.001,263,52187
2025-10-29 17:21:25.001,263,52180
2025-10-29 17:21:25.001,263,51261
2025-10-29 17:21:25.001,263,51259
2025-10-29 17:21:25.001,263,51244
2025-10-29 17:21:25.001,263,51232
2025-10-29 17:21:26.000,261,52204
2025-10-29 17:21:26.000,261,52200
2025-10-29 17:21:26.000,261,52185
2025-10-29 17:21:26.000,261,51272
2025-10-29 17:21:26.000,261,51251
2025-10-29 17:21:26.000,261,50264
2025-10-29 17:21:26.000,261,50253
2025-10-29 17:21:26.000,261,50245
2025-10-29 17:21:26.000,261,50241
2025-10-29 17:21:26.000,261,50222
2025-10-29 17:21:27.001,256,51203
2025-10-29 17:21:27.001,256,51197
2025-10-29 17:21:27.001,256,51177
2025-10-29 17:21:27.001,256,51171
2025-10-29 17:21:27.001,256,50240
2025-10-29 17:21:27.001,256,50239
2025-10-29 17:21:27.001,256,50229
2025-10-29 17:21:27.001,256,49262
2025-10-29 17:21:27.001,256,49211
2025-10-29 17:21:27.001,256,49210
2025-10-29 17:21:28.000,252,50203
2025-10-29 17:21:28.000,252,50189
2025-10-29 17:21:28.000,252,49220
2025-10-29 17:21:28.000,252,48261
2025-10-29 17:21:28.000,252,48256
2025-10-29 17:21:28.000,252,48237
2025-10-29 17:21:28.000,252,48236
2025-10-29 17:21:28.000,252,48225
2025-10-29 17:21:28.000,252,48211
2025-10-29 17:21:28.000,252,48206
2025-10-29 17:21:29.001,246,49202
2025-10-29 17:21:29.001,246,49197
2025-10-29 17:21:29.001,246,49195
2025-10-29 17:21:29.001,246,49179
2025-10-29 17:21:29.001,246,48261
2025-10-29 17:21:29.001,246,48253
2025-10-29 17:21:29.001,246,48206
2025-10-29 17:21:29.001,246,48187
2025-10-29 17:21:29.001,246,48179
2025-10-29 17:21:29.001,246,48176
2025-10-29 17:21:30.000,246,48212
2025-10-29 17:21:30.000,246,48206
2025-10-29 17:21:30.000,246,48196
2025-10-29 17:21:30.000,246,48171
2025-10-29 17:21:30.000,246,48167
2025-10-29 17:21:30.000,246,47247
2025-10-29 17:21:30.000,246,47226
2025-10-29 17:21:30.000,246,47220
2025-10-29 17:21:30.000,246,47177
2025-10-29 17:21:30.000,246,47172
2025-10-29 17:21:31.000,229,48169
2025-10-29 17:21:31.000,229,48166
2025-10-29 17:21:31.000,229,48164
2025-10-29 17:21:31.000,229,47209
2025-10-29 17:21:31.000,229,47198
2025-10-29 17:21:31.000,229,47193
2025-10-29 17:21:31.000,229,47180
2025-10-29 17:21:31.000,229,47176
2025-10-29 17:21:31.000,229,47174
2025-10-29 17:21:31.000,229,46242
2025-10-29 17:21:32.000,220,47222
2025-10-29 17:21:32.000,220,47205
2025-10-29 17:21:32.000,220,47200
2025-10-29 17:21:32.000,220,47184
2025-10-29 17:21:32.000,220,47174
2025-10-29 17:21:32.000,220,46251
2025-10-29 17:21:32.000,220,46224
2025-10-29 17:21:32.000,220,46216
2025-10-29 17:21:32.000,220,46205
2025-10-29 17:21:32.000,220,46185
2025-10-29 17:21:33.001,220,47157
2025-10-29 17:21:33.001,220,46244
2025-10-29 17:21:33.001,220,46239
2025-10-29 17:21:33.001,220,46212
2025-10-29 17:21:33.001,220,46210
2025-10-29 17:21:33.001,220,46186
2025-10-29 17:21:33.001,220,45170
2025-10-29 17:21:33.001,220,45167
2025-10-29 17:21:33.001,220,45164
2025-10-29 17:21:33.001,220,45154
2025-10-29 17:21:34.000,214,46146
2025-10-29 17:21:34.000,214,46143
2025-10-29 17:21:34.000,214,46133
2025-10-29 17:21:34.000,214,46128
2025-10-29 17:21:34.000,214,46120
2025-10-29 17:21:34.000,214,46115
2025-10-29 17:21:34.000,214,45168
2025-10-29 17:21:34.000,214,45128
2025-10-29 17:21:34.000,214,45110
2025-10-29 17:21:34.000,214,44108
2025-10-29 17:21:35.000,197,45106
2025-10-29 17:21:35.000,197,45079
2025-10-29 17:21:35.000,197,44167
2025-10-29 17:21:35.000,197,44135
2025-10-29 17:21:35.000,197,44125
2025-10-29 17:21:35.000,197,44105
2025-10-29 17:21:35.000,197,43126
2025-10-29 17:21:35.000,197,42155
2025-10-29 17:21:35.000,197,42153
2025-10-29 17:21:35.000,197,42152
2025-10-29 17:21:36.000,189,43145
2025-10-29 17:21:36.000,189,43124
2025-10-29 17:21:36.000,189,43111
2025-10-29 17:21:36.000,189,43102
2025-10-29 17:21:36.000,189,42146
2025-10-29 17:21:36.000,189,42144
2025-10-29 17:21:36.000,189,42125
2025-10-29 17:21:36.000,189,42116
2025-10-29 17:21:36.000,189,42105
2025-10-29 17:21:36.000,189,41164
2025-10-29 17:21:37.001,182,42159
2025-10-29 17:21:37.001,182,42138
2025-10-29 17:21:37.001,182,42137
2025-10-29 17:21:37.001,182,42113
2025-10-29 17:21:37.001,182,42112
2025-10-29 17:21:37.001,182,41164
2025-10-29 17:21:37.001,182,41162
2025-10-29 17:21:37.001,182,41158
2025-10-29 17:21:37.001,182,41146
2025-10-29 17:21:37.001,182,41122
2025-10-29 17:21:38.001,174,41158
2025-10-29 17:21:38.001,174,41140
2025-10-29 17:21:38.001,174,41138
2025-10-29 17:21:38.001,174,41117
2025-10-29 17:21:38.001,174,40151
2025-10-29 17:21:38.001,174,40112
2025-10-29 17:21:38.001,174,39164
2025-10-29 17:21:38.001,174,39128
2025-10-29 17:21:38.001,174,39126
2025-10-29 17:21:38.001,174,39116
2025-10-29 17:21:39.000,167,40109
2025-10-29 17:21:39.000,167,40107
2025-10-29 17:21:39.000,167,40101
2025-10-29 17:21:39.000,167,39164
2025-10-29 17:21:39.000,167,39163
2025-10-29 17:21:39.000,167,39162
2025-10-29 17:21:39.000,167,39115
2025-10-29 17:21:39.000,167,39107
2025-10-29 17:21:39.000,167,38162
2025-10-29 17:21:39.000,167,38153
2025-10-29 17:21:40.000,159,39150
2025-10-29 17:21:40.000,159,39134
2025-10-29 17:21:40.000,159,39103
2025-10-29 17:21:40.000,159,38151
2025-10-29 17:21:40.000,159,38146
2025-10-29 17:21:40.000,159,38145
2025-10-29 17:21:40.000,159,38132
2025-10-29 17:21:40.000,159,38128
2025-10-29 17:21:40.000,159,38118
2025-10-29 17:21:40.000,159,38107
2025-10-29 17:21:41.001,154,38145
2025-10-29 17:21:41.001,154,38125
2025-10-29 17:21:41.001,154,38117
2025-10-29 17:21:41.001,154,37138
2025-10-29 17:21:41.001,154,37126
2025-10-29 17:21:41.001,154,36139
2025-10-29 17:21:41.001,154,36060
2025-10-29 17:21:41.001,154,36045
2025-10-29 17:21:41.001,154,35166
2025-10-29 17:21:41.001,154,35160
2025-10-29 17:21:42.001,146,36156
2025-10-29 17:21:42.001,146,36153
2025-10-29 17:21:42.001,146,36142
2025-10-29 17:21:42.001,146,36122
2025-10-29 17:21:42.001,146,36121
2025-10-29 17:21:42.001,146,35162
2025-10-29 17:21:42.001,146,35154
2025-10-29 17:21:42.001,146,35146
2025-10-29 17:21:42.001,146,35135
2025-10-29 17:21:42.001,146,35133
2025-10-29 17:21:43.000,146,36130
2025-10-29 17:21:43.000,146,36126
2025-10-29 17:21:43.000,146,36122
2025-10-29 17:21:43.000,146,36111
2025-10-29 17:21:43.000,146,35091
2025-10-29 17:21:43.000,146,35085
2025-10-29 17:21:43.000,146,35083
2025-10-29 17:21:43.000,146,35076
2025-10-29 17:21:43.000,146,35071
2025-10-29 17:21:43.000,146,35069
2025-10-29 17:21:44.001,130,36060
2025-10-29 17:21:44.001,130,36056
2025-10-29 17:21:44.001,130,36053
2025-10-29 17:21:44.001,130,36050
2025-10-29 17:21:44.001,130,36048
2025-10-29 17:21:44.001,130,36045
2025-10-29 17:21:44.001,130,35088
2025-10-29 17:21:44.001,130,35074
2025-10-29 17:21:44.001,130,35068
2025-10-29 17:21:44.001,130,35053
2025-10-29 17:21:45.000,125,36040
2025-10-29 17:21:45.000,125,35041
2025-10-29 17:21:45.000,125,34057
2025-10-29 17:21:45.000,125,34053
2025-10-29 17:21:45.000,125,34051
2025-10-29 17:21:45.000,125,34043
2025-10-29 17:21:45.000,125,34040
2025-10-29 17:21:45.000,125,33086
2025-10-29 17:21:45.000,125,33075
2025-10-29 17:21:45.000,125,33065
2025-10-29 17:21:46.000,118,34056
2025-10-29 17:21:46.000,118,33089
2025-10-29 17:21:46.000,118,33075
2025-10-29 17:21:46.000,118,33062
2025-10-29 17:21:46.000,118,33054
2025-10-29 17:21:46.000,118,33048
2025-10-29 17:21:46.000,118,32076
2025-10-29 17:21:46.000,118,32061
2025-10-29 17:21:46.000,118,32058
2025-10-29 17:21:46.000,118,31082
2025-10-29 17:21:47.001,111,31092
2025-10-29 17:21:47.001,111,31070
2025-10-29 17:21:47.001,111,31065
2025-10-29 17:21:47.001,111,31041
2025-10-29 17:21:47.001,111,31030
2025-10-29 17:21:47.001,111,30090
2025-10-29 17:21:47.001,111,30066
2025-10-29 17:21:47.001,111,30064
2025-10-29 17:21:47.001,111,30057
2025-10-29 17:21:47.001,111,30056
2025-10-29 17:21:48.000,111,31045
2025-10-29 17:21:48.000,111,31039
2025-10-29 17:21:48.000,111,31035
2025-10-29 17:21:48.000,111,31033
2025-10-29 17:21:48.000,111,30080
2025-10-29 17:21:48.000,111,30057
2025-10-29 17:21:48.000,111,30054
2025-10-29 17:21:48.000,111,29087
2025-10-29 17:21:48.000,111,29072
2025-10-29 17:21:48.000,111,29071
2025-10-29 17:21:49.001,104,30046
2025-10-29 17:21:49.001,104,30042
2025-10-29 17:21:49.001,104,29052
2025-10-29 17:21:49.001,104,29041
2025-10-29 17:21:49.001,104,29039
2025-10-29 17:21:49.001,104,28073
2025-10-29 17:21:49.001,104,28067
2025-10-29 17:21:49.001,104,28040
2025-10-29 17:21:49.001,104,28038
2025-10-29 17:21:49.001,104,27083
2025-10-29 17:21:50.000,97,28079
2025-10-29 17:21:50.000,97,28067
2025-10-29 17:21:50.000,97,28067
2025-10-29 17:21:50.000,97,28066
2025-10-29 17:21:50.000,97,28063
2025-10-29 17:21:50.000,97,28060
2025-10-29 17:21:50.000,97,28058
2025-10-29 17:21:50.000,97,28053
2025-10-29 17:21:50.000,97,28049
2025-10-29 17:21:50.000,97,28046
2025-10-29 17:21:51.001,91,27054
2025-10-29 17:21:51.001,91,27051
2025-10-29 17:21:51.001,91,27042
2025-10-29 17:21:51.001,91,26087
2025-10-29 17:21:51.001,91,26084
2025-10-29 17:21:51.001,91,26071
2025-10-29 17:21:51.001,91,26066
2025-10-29 17:21:51.001,91,26063
2025-10-29 17:21:51.001,91,26061
2025-10-29 17:21:51.001,91,26042
2025-10-29 17:21:52.001,89,27034
2025-10-29 17:21:52.001,89,26077
2025-10-29 17:21:52.001,89,26060
2025-10-29 17:21:52.001,89,26044
2025-10-29 17:21:52.001,89,26040
2025-10-29 17:21:52.001,89,25080
2025-10-29 17:21:52.001,89,25068
2025-10-29 17:21:52.001,89,25063
2025-10-29 17:21:52.001,89,25041
2025-10-29 17:21:52.001,89,25040
2025-10-29 17:21:53.000,78,25025
2025-10-29 17:21:53.000,78,25022
2025-10-29 17:21:53.000,78,25017
2025-10-29 17:21:53.000,78,24018
2025-10-29 17:21:53.000,78,24016
2025-10-29 17:21:53.000,78,24014
2025-10-29 17:21:53.000,78,22029
2025-10-29 17:21:53.000,78,22019
2025-10-29 17:21:53.000,78,22019
2025-10-29 17:21:53.000,78,21026
2025-10-29 17:21:54.000,78,22020
2025-10-29 17:21:54.000,78,22019
2025-10-29 17:21:54.000,78,22018
2025-10-29 17:21:54.000,78,22017
2025-10-29 17:21:54.000,78,20035
2025-10-29 17:21:54.000,78,19028
2025-10-29 17:21:54.000,78,19012
2025-10-29 17:21:54.000,78,19005
2025-10-29 17:21:54.000,78,18018
2025-10-29 17:21:54.000,78,17032
2025-10-29 17:21:55.001,63,18028
2025-10-29 17:21:55.001,63,18027
2025-10-29 17:21:55.001,63,18021
2025-10-29 17:21:55.001,63,17006
2025-10-29 17:21:55.001,63,16026
2025-10-29 17:21:55.001,63,16020
2025-10-29 17:21:55.001,63,16018
2025-10-29 17:21:55.001,63,15027
2025-10-29 17:21:55.001,63,15025
2025-10-29 17:21:55.001,63,15023
2025-10-29 17:21:56.000,69,16019
2025-10-29 17:21:56.000,69,16016
2025-10-29 17:21:56.000,69,15026
2025-10-29 17:21:56.000,69,15010
2025-10-29 17:21:56.000,69,15007
2025-10-29 17:21:56.000,69,14036
2025-10-29 17:21:56.000,69,14011
2025-10-29 17:21:56.000,69,13023
2025-10-29 17:21:56.000,69,12027
2025-10-29 17:21:56.000,69,12027
2025-10-29 17:21:57.000,60,13021
2025-10-29 17:21:57.000,60,13020
2025-10-29 17:21:57.000,60,13007
2025-10-29 17:21:57.000,60,12036
2025-10-29 17:21:57.000,60,12025
2025-10-29 17:21:57.000,60,12023
2025-10-29 17:21:57.000,60,11033
2025-10-29 17:21:57.000,60,11021
2025-10-29 17:21:57.000,60,11010
2025-10-29 17:21:57.000,60,10028
2025-10-29 17:21:58.001,48,11023
2025-10-29 17:21:58.001,48,11020
2025-10-29 17:21:58.001,48,11009
2025-10-29 17:21:58.001,48,10002
2025-10-29 17:21:58.001,48,9994
2025-10-29 17:21:58.001,48,9991
2025-10-29 17:21:58.001,48,9002
2025-10-29 17:21:58.001,48,8983
2025-10-29 17:21:58.001,48,8979
2025-10-29 17:21:58.001,48,8968
2025-10-29 17:21:59.000,52,9966
2025-10-29 17:21:59.000,52,9002
2025-10-29 17:21:59.000,52,9000
2025-10-29 17:21:59.000,52,8991
2025-10-29 17:21:59.000,52,8985
2025-10-29 17:21:59.000,52,8980
2025-10-29 17:21:59.000,52,8976
2025-10-29 17:21:59.000,52,8000
2025-10-29 17:21:59.000,52,7998
2025-10-29 17:21:59.000,52,7990
2025-10-29 17:22:00.000,46,8989
2025-10-29 17:22:00.000,46,8984
2025-10-29 17:22:00.000,46,8979
2025-10-29 17:22:00.000,46,8977
2025-10-29 17:22:00.000,46,7993
2025-10-29 17:22:00.000,46,7982
2025-10-29 17:22:00.000,46,7006
2025-10-29 17:22:00.000,46,7003
2025-10-29 17:22:00.000,46,6993
2025-10-29 17:22:00.000,46,6990
2025-10-29 17:22:01.001,43,7000
2025-10-29 17:22:01.001,43,6997
2025-10-29 17:22:01.001,43,6996
2025-10-29 17:22:01.001,43,6994
2025-10-29 17:22:01.001,43,6991
2025-10-29 17:22:01.001,43,6990
2025-10-29 17:22:01.001,43,6989
2025-10-29 17:22:01.001,43,6976
2025-10-29 17:22:01.001,43,6002
2025-10-29 17:22:01.001,43,5003
2025-10-29 17:22:02.000,37,5998
2025-10-29 17:22:02.000,37,5987
2025-10-29 17:22:02.000,37,5986
2025-10-29 17:22:02.000,37,5985
2025-10-29 17:22:02.000,37,5980
2025-10-29 17:22:02.000,37,5000
2025-10-29 17:22:02.000,37,4997
2025-10-29 17:22:02.000,37,4995
2025-10-29 17:22:02.000,37,4994
2025-10-29 17:22:02.000,37,4989
2025-10-29 17:22:03.001,26,4997
2025-10-29 17:22:03.001,26,4993
2025-10-29 17:22:03.001,26,4981
2025-10-29 17:22:03.001,26,4003
2025-10-29 17:22:03.001,26,4001
2025-10-29 17:22:03.001,26,3999
2025-10-29 17:22:03.001,26,3992
2025-10-29 17:22:03.001,26,3992
2025-10-29 17:22:03.001,26,3989
2025-10-29 17:22:03.001,26,3980
2025-10-29 17:22:04.000,25,4005
2025-10-29 17:22:04.000,25,4004
2025-10-29 17:22:04.000,25,3992
2025-10-29 17:22:04.000,25,3988
2025-10-29 17:22:04.000,25,3974
2025-10-29 17:22:04.000,25,3003
2025-10-29 17:22:04.000,25,2990
2025-10-29 17:22:04.000,25,2988
2025-10-29 17:22:04.000,25,2982
2025-10-29 17:22:04.000,25,2977
2025-10-29 17:22:05.000,25,3974
2025-10-29 17:22:05.000,25,2994
2025-10-29 17:22:05.000,25,2982
2025-10-29 17:22:05.000,25,2979
2025-10-29 17:22:05.000,25,2979
2025-10-29 17:22:05.000,25,2002
2025-10-29 17:22:05.000,25,1995
2025-10-29 17:22:05.000,25,1990
2025-10-29 17:22:05.000,25,1986
2025-10-29 17:22:05.000,25,1983
2025-10-29 17:22:06.000,26,2982
2025-10-29 17:22:06.000,26,2977
2025-10-29 17:22:06.000,26,2974
2025-10-29 17:22:06.000,26,2004
2025-10-29 17:22:06.000,26,2002
2025-10-29 17:22:06.001,26,1999
2025-10-29 17:22:06.001,26,1998
2025-10-29 17:22:06.001,26,1997
2025-10-29 17:22:06.001,26,1992
2025-10-29 17:22:06.001,26,1989
2025-10-29 17:22:07.000,23,2986
2025-10-29 17:22:07.000,23,2983
2025-10-29 17:22:07.000,23,2982
2025-10-29 17:22:07.000,23,2979
2025-10-29 17:22:07.000,23,2977
2025-10-29 17:22:07.000,23,2003
2025-10-29 17:22:07.000,23,1998
2025-10-29 17:22:07.000,23,1996
2025-10-29 17:22:07.000,23,1992
2025-10-29 17:22:07.000,23,1988
2025-10-29 17:22:08.001,7,2983
2025-10-29 17:22:08.001,7,2003
2025-10-29 17:22:08.001,7,1996
2025-10-29 17:22:08.001,7,1981
2025-10-29 17:22:08.001,7,1976
2025-10-29 17:22:08.001,7,999
2025-10-29 17:22:08.001,7,985
2025-10-29 17:22:08.001,7,979
2025-10-29 17:22:08.030,7,0
2025-10-29 17:22:08.035,9,0
2025-10-29 17:22:09.000,9,964
2025-10-29 17:22:09.000,9,963
2025-10-29 17:22:09.000,9,959
2025-10-29 17:22:09.000,9,956
2025-10-29 17:22:09.000,9,955
2025-10-29 17:22:09.000,9,952
2025-10-29 17:22:09.000,9,951
2025-10-29 17:22:09.000,9,950
2025-10-29 17:22:09.000,9,949
2025-10-29 17:22:09.000,9,948
2025-10-29 17:22:10.001,14,1947
2025-10-29 17:22:10.001,14,1945
2025-10-29 17:22:10.002,14,1942
2025-10-29 17:22:10.002,14,967
2025-10-29 17:22:10.002,14,959
2025-10-29 17:22:10.030,14,0
2025-10-29 17:22:10.034,14,1
2025-10-29 17:22:10.035,2,0
2025-10-29 17:22:10.036,2,0
2025-10-29 17:22:10.038,2,2
2025-10-29 17:22:11.000,2,962
2025-10-29 17:22:11.000,2,961
2025-10-29 17:22:11.000,2,958
2025-10-29 17:22:11.000,2,953
2025-10-29 17:22:11.000,2,951
2025-10-29 17:22:11.000,2,950
2025-10-29 17:22:11.000,2,941
2025-10-29 17:22:11.000,2,936
2025-10-29 17:22:11.031,2,1
2025-10-29 17:22:11.034,2,2
2025-10-29 17:22:12.001,2,961
2025-10-29 17:22:12.001,2,959
2025-10-29 17:22:12.001,2,958
2025-10-29 17:22:12.001,2,956
2025-10-29 17:22:12.001,2,954
2025-10-29 17:22:12.001,2,945
2025-10-29 17:22:12.001,2,941
2025-10-29 17:22:12.001,2,940
2025-10-29 17:22:12.029,2,1
2025-10-29 17:22:12.032,10,3
2025-10-29 17:22:13.001,10,970
2025-10-29 17:22:13.001,10,968
2025-10-29 17:22:13.001,10,963
2025-10-29 17:22:13.001,10,962
2025-10-29 17:22:13.001,10,956
2025-10-29 17:22:13.001,10,949
2025-10-29 17:22:13.001,10,947
2025-10-29 17:22:13.001,10,944
2025-10-29 17:22:13.032,10,1
2025-10-29 17:22:13.044,10,1
2025-10-29 17:22:14.000,3,956
2025-10-29 17:22:14.000,3,952
2025-10-29 17:22:14.000,3,948
2025-10-29 17:22:14.000,3,945
2025-10-29 17:22:14.034,3,2
2025-10-29 17:22:14.038,6,4
2025-10-29 17:22:14.066,6,1
2025-10-29 17:22:14.068,6,1
2025-10-29 17:22:14.074,6,1
2025-10-29 17:22:14.078,6,1
2025-10-29 17:22:15.038,6,3
2025-10-29 17:22:15.042,3,6
2025-10-29 17:22:15.042,3,5
2025-10-29 17:22:15.043,3,2
2025-10-29 17:22:15.050,3,1
2025-10-29 17:22:15.052,3,1
2025-10-29 17:22:15.053,3,1
2025-10-29 17:22:15.057,3,1
2025-10-29 17:22:16.038,3,2
2025-10-29 17:22:16.042,3,5
2025-10-29 17:22:16.042,3,3
2025-10-29 17:22:16.045,3,2
2025-10-29 17:22:16.046,3,2
2025-10-29 17:22:16.047,3,1
2025-10-29 17:22:16.055,3,2
2025-10-29 17:22:16.056,3,2
2025-10-29 17:22:16.058,3,1
2025-10-29 17:22:17.030,3,2
2025-10-29 17:22:17.033,3,2
2025-10-29 17:22:17.036,2,2
2025-10-29 17:22:17.038,2,1
2025-10-29 17:22:17.040,2,2
2025-10-29 17:22:17.042,2,1
2025-10-29 17:22:17.046,2,1
2025-10-29 17:22:17.047,2,1
2025-10-29 17:22:17.055,2,1
2025-10-29 17:22:17.057,2,1
2025-10-29 17:22:18.032,2,1
2025-10-29 17:22:18.036,2,3
2025-10-29 17:22:18.037,2,1
2025-10-29 17:22:18.039,4,2
2025-10-29 17:22:18.042,4,1
2025-10-29 17:22:18.045,4,0
2025-10-29 17:22:18.048,4,1
2025-10-29 17:22:18.049,4,0
2025-10-29 17:22:18.050,4,1
2025-10-29 17:22:18.051,4,1
2025-10-29 17:22:19.001,4,947
2025-10-29 17:22:19.001,4,938
2025-10-29 17:22:19.032,4,1
2025-10-29 17:22:19.035,4,0
2025-10-29 17:22:19.038,2,1
2025-10-29 17:22:19.040,2,1
2025-10-29 17:22:19.041,2,1
2025-10-29 17:22:19.047,2,1
2025-10-29 17:22:19.051,2,1
2025-10-29 17:22:19.055,2,1
2025-10-29 17:22:20.000,2,943
2025-10-29 17:22:20.000,2,942
2025-10-29 17:22:20.000,2,941
2025-10-29 17:22:20.000,2,940
2025-10-29 17:22:20.032,2,2
2025-10-29 17:22:20.036,2,2
2025-10-29 17:22:20.036,2,1
2025-10-29 17:22:20.044,2,1
2025-10-29 17:22:20.045,2,1
2025-10-29 17:22:20.047,2,1
2025-10-29 17:22:21.001,2,951
2025-10-29 17:22:21.001,2,948
2025-10-29 17:22:21.031,2,1
2025-10-29 17:22:21.034,2,3
2025-10-29 17:22:21.035,2,1
2025-10-29 17:22:21.036,2,1
2025-10-29 17:22:21.039,2,1
2025-10-29 17:22:21.040,2,0
2025-10-29 17:22:21.047,2,1
2025-10-29 17:22:21.049,2,0
2025-10-29 17:22:22.001,2,949
2025-10-29 17:22:22.001,2,948
2025-10-29 17:22:22.001,2,947
2025-10-29 17:22:22.001,2,946
2025-10-29 17:22:22.001,2,943
2025-10-29 17:22:22.030,2,1
2025-10-29 17:22:22.033,2,3
2025-10-29 17:22:22.037,2,1
2025-10-29 17:22:22.038,2,1
2025-10-29 17:22:22.039,2,0
2025-10-29 17:22:23.001,2,958
2025-10-29 17:22:23.001,2,954
2025-10-29 17:22:23.001,2,953
2025-10-29 17:22:23.001,2,952
2025-10-29 17:22:23.001,2,951
2025-10-29 17:22:23.001,2,950
2025-10-29 17:22:23.001,2,949
2025-10-29 17:22:23.001,2,946
2025-10-29 17:22:23.001,2,943
2025-10-29 17:22:23.032,2,1
2025-10-29 17:22:24.000,11,968
2025-10-29 17:22:24.000,11,959
2025-10-29 17:22:24.000,11,958
2025-10-29 17:22:24.000,11,955
2025-10-29 17:22:24.000,11,953
2025-10-29 17:22:24.000,11,939
2025-10-29 17:22:24.034,11,3
2025-10-29 17:22:24.036,11,1
2025-10-29 17:22:24.038,9,2
2025-10-29 17:22:24.040,9,2
2025-10-29 17:22:25.000,9,961
2025-10-29 17:22:25.000,9,958
2025-10-29 17:22:25.000,9,952
2025-10-29 17:22:25.000,9,951
2025-10-29 17:22:25.000,9,949
2025-10-29 17:22:25.000,9,948
2025-10-29 17:22:25.000,9,945
2025-10-29 17:22:25.000,9,944
2025-10-29 17:22:25.000,9,939
2025-10-29 17:22:25.000,9,938
2025-10-29 17:22:26.001,11,971
2025-10-29 17:22:26.001,11,965
2025-10-29 17:22:26.001,11,961
2025-10-29 17:22:26.001,11,960
2025-10-29 17:22:26.001,11,957
2025-10-29 17:22:26.001,11,955
2025-10-29 17:22:26.001,11,953
2025-10-29 17:22:26.001,11,950
2025-10-29 17:22:26.001,11,949
2025-10-29 17:22:26.001,11,949
2025-10-29 17:22:27.000,15,1947
2025-10-29 17:22:27.000,15,1944
2025-10-29 17:22:27.000,15,1938
2025-10-29 17:22:27.000,15,964
2025-10-29 17:22:27.000,15,963
2025-10-29 17:22:27.000,15,955
2025-10-29 17:22:27.000,15,953
2025-10-29 17:22:27.000,15,952
2025-10-29 17:22:27.000,15,948
2025-10-29 17:22:27.000,15,947
2025-10-29 17:22:28.001,14,1944
2025-10-29 17:22:28.001,14,1942
2025-10-29 17:22:28.001,14,963
2025-10-29 17:22:28.001,14,962
2025-10-29 17:22:28.001,14,959
2025-10-29 17:22:28.001,14,959
2025-10-29 17:22:28.001,14,955
2025-10-29 17:22:28.001,14,930
2025-10-29 17:22:28.001,14,927
2025-10-29 17:22:28.001,14,927
2025-10-29 17:22:29.000,11,921
2025-10-29 17:22:29.000,11,918
2025-10-29 17:22:29.000,11,915
2025-10-29 17:22:29.000,11,914
2025-10-29 17:22:29.000,11,912
2025-10-29 17:22:29.000,11,909
2025-10-29 17:22:29.000,11,903
2025-10-29 17:22:29.000,11,899
2025-10-29 17:22:29.000,11,898
2025-10-29 17:22:29.000,11,896
2025-10-29 17:22:30.000,16,1893
2025-10-29 17:22:30.000,16,1890
2025-10-29 17:22:30.000,16,1889
2025-10-29 17:22:30.000,16,1887
2025-10-29 17:22:30.000,16,1885
2025-10-29 17:22:30.001,16,919
2025-10-29 17:22:30.001,16,915
2025-10-29 17:22:30.001,16,911
2025-10-29 17:22:30.001,16,909
2025-10-29 17:22:30.001,16,907
2025-10-29 17:22:31.000,10,1904
2025-10-29 17:22:31.000,10,1903
2025-10-29 17:22:31.000,10,1901
2025-10-29 17:22:31.000,10,1899
2025-10-29 17:22:31.000,10,1897
2025-10-29 17:22:31.000,10,1892
2025-10-29 17:22:31.000,10,915
2025-10-29 17:22:31.000,10,915
2025-10-29 17:22:31.000,10,914
2025-10-29 17:22:31.000,10,912
2025-10-29 17:22:32.001,10,1908
2025-10-29 17:22:32.001,10,1905
2025-10-29 17:22:32.001,10,1904
2025-10-29 17:22:32.001,10,1902
2025-10-29 17:22:32.001,10,1898
2025-10-29 17:22:32.001,10,1894
2025-10-29 17:22:32.001,10,1892
2025-10-29 17:22:32.001,10,924
2025-10-29 17:22:32.001,10,921
2025-10-29 17:22:32.001,10,918
2025-10-29 17:22:33.000,16,1917
2025-10-29 17:22:33.000,16,1915
2025-10-29 17:22:33.000,16,1911
2025-10-29 17:22:33.000,16,1908
2025-10-29 17:22:33.000,16,1907
2025-10-29 17:22:33.000,16,1906
2025-10-29 17:22:33.000,16,1905
2025-10-29 17:22:33.000,16,1903
2025-10-29 17:22:33.000,16,1902
2025-10-29 17:22:33.000,16,1901
2025-10-29 17:22:34.000,20,2901
2025-10-29 17:22:34.000,20,2900
2025-10-29 17:22:34.000,20,2896
2025-10-29 17:22:34.000,20,2894
2025-10-29 17:22:34.000,20,1923
2025-10-29 17:22:34.000,20,1918
2025-10-29 17:22:34.000,20,1916
2025-10-29 17:22:34.000,20,1913
2025-10-29 17:22:34.000,20,1911
2025-10-29 17:22:34.000,20,1910
2025-10-29 17:22:35.001,21,2909
2025-10-29 17:22:35.001,21,2908
2025-10-29 17:22:35.001,21,2907
2025-10-29 17:22:35.001,21,2904
2025-10-29 17:22:35.001,21,2899
2025-10-29 17:22:35.001,21,2895
2025-10-29 17:22:35.001,21,2892
2025-10-29 17:22:35.001,21,1922
2025-10-29 17:22:35.001,21,1920
2025-10-29 17:22:35.001,21,1918
2025-10-29 17:22:36.001,23,2914
2025-10-29 17:22:36.001,23,2911
2025-10-29 17:22:36.001,23,2902
2025-10-29 17:22:36.001,23,2901
2025-10-29 17:22:36.001,23,2900
2025-10-29 17:22:36.001,23,2898
2025-10-29 17:22:36.001,23,2897
2025-10-29 17:22:36.001,23,2896
2025-10-29 17:22:36.001,23,2895
2025-10-29 17:22:36.001,23,1924
2025-10-29 17:22:37.001,31,2923
2025-10-29 17:22:37.001,31,2919
2025-10-29 17:22:37.001,31,2918
2025-10-29 17:22:37.001,31,2917
2025-10-29 17:22:37.001,31,2913
2025-10-29 17:22:37.001,31,2910
2025-10-29 17:22:37.001,31,2899
2025-10-29 17:22:37.001,31,2897
2025-10-29 17:22:37.001,31,2896
2025-10-29 17:22:37.001,31,2893
2025-10-29 17:22:38.000,32,3891
2025-10-29 17:22:38.000,32,2917
2025-10-29 17:22:38.000,32,2915
2025-10-29 17:22:38.000,32,2907
2025-10-29 17:22:38.000,32,2904
2025-10-29 17:22:38.000,32,2902
2025-10-29 17:22:38.000,32,2900
2025-10-29 17:22:38.000,32,2892
2025-10-29 17:22:38.000,32,2889
2025-10-29 17:22:38.000,32,1917
2025-10-29 17:22:39.000,31,2916
2025-10-29 17:22:39.000,31,2915
2025-10-29 17:22:39.000,31,2912
2025-10-29 17:22:39.000,31,2911
2025-10-29 17:22:39.000,31,2909
2025-10-29 17:22:39.000,31,2908
2025-10-29 17:22:39.000,31,2906
2025-10-29 17:22:39.000,31,2905
2025-10-29 17:22:39.000,31,2900
2025-10-29 17:22:39.000,31,2899
2025-10-29 17:22:40.001,36,3891
2025-10-29 17:22:40.001,36,2922
2025-10-29 17:22:40.001,36,2919
2025-10-29 17:22:40.001,36,2918
2025-10-29 17:22:40.001,36,2916
2025-10-29 17:22:40.001,36,2916
2025-10-29 17:22:40.001,36,2914
2025-10-29 17:22:40.001,36,2911
2025-10-29 17:22:40.001,36,2908
2025-10-29 17:22:40.001,36,2907
2025-10-29 17:22:41.001,38,3906
2025-10-29 17:22:41.001,38,3905
2025-10-29 17:22:41.001,38,3901
2025-10-29 17:22:41.001,38,3901
2025-10-29 17:22:41.001,38,3900
2025-10-29 17:22:41.001,38,3899
2025-10-29 17:22:41.001,38,3898
2025-10-29 17:22:41.001,38,3895
2025-10-29 17:22:41.001,38,2924
2025-10-29 17:22:41.001,38,2917
2025-10-29 17:22:42.000,44,3915
2025-10-29 17:22:42.000,44,3914
2025-10-29 17:22:42.000,44,3911
2025-10-29 17:22:42.000,44,3908
2025-10-29 17:22:42.000,44,3902
2025-10-29 17:22:42.000,44,3901
2025-10-29 17:22:42.000,44,3901
2025-10-29 17:22:42.000,44,3900
2025-10-29 17:22:42.000,44,3899
2025-10-29 17:22:42.000,44,3898
2025-10-29 17:22:43.001,59,4898
2025-10-29 17:22:43.001,59,4897
2025-10-29 17:22:43.001,59,4896
2025-10-29 17:22:43.001,59,3923
2025-10-29 17:22:43.001,59,3919
2025-10-29 17:22:43.001,59,3918
2025-10-29 17:22:43.001,59,3916
2025-10-29 17:22:43.001,59,3915
2025-10-29 17:22:43.001,59,3910
2025-10-29 17:22:43.001,59,3907
2025-10-29 17:22:44.001,51,4905
2025-10-29 17:22:44.001,51,4902
2025-10-29 17:22:44.001,51,4900
2025-10-29 17:22:44.001,51,4898
2025-10-29 17:22:44.001,51,4897
2025-10-29 17:22:44.001,51,4895
2025-10-29 17:22:44.001,51,4894
2025-10-29 17:22:44.001,51,3923
2025-10-29 17:22:44.001,51,3919
2025-10-29 17:22:44.001,51,3915
2025-10-29 17:22:45.000,56,4912
2025-10-29 17:22:45.000,56,4911
2025-10-29 17:22:45.000,56,4910
2025-10-29 17:22:45.000,56,4909
2025-10-29 17:22:45.000,56,4907
2025-10-29 17:22:45.000,56,4906
2025-10-29 17:22:45.000,56,4905
2025-10-29 17:22:45.000,56,4900
2025-10-29 17:22:45.000,56,4900
2025-10-29 17:22:45.000,56,4896
2025-10-29 17:22:46.001,62,5895
2025-10-29 17:22:46.001,62,4923
2025-10-29 17:22:46.001,62,4922
2025-10-29 17:22:46.001,62,4919
2025-10-29 17:22:46.001,62,4916
2025-10-29 17:22:46.001,62,4915
2025-10-29 17:22:46.001,62,4914
2025-10-29 17:22:46.001,62,4912
2025-10-29 17:22:46.001,62,4911
2025-10-29 17:22:46.001,62,4909
2025-10-29 17:22:47.000,66,5905
2025-10-29 17:22:47.000,66,5903
2025-10-29 17:22:47.000,66,5901
2025-10-29 17:22:47.000,66,5900
2025-10-29 17:22:47.000,66,5893
2025-10-29 17:22:47.000,66,5892
2025-10-29 17:22:47.000,66,4925
2025-10-29 17:22:47.000,66,4924
2025-10-29 17:22:47.000,66,4922
2025-10-29 17:22:47.000,66,4920
2025-10-29 17:22:48.000,73,5918
2025-10-29 17:22:48.000,73,5916
2025-10-29 17:22:48.000,73,5915
2025-10-29 17:22:48.000,73,5913
2025-10-29 17:22:48.000,73,5909
2025-10-29 17:22:48.000,73,5907
2025-10-29 17:22:48.000,73,5901
2025-10-29 17:22:48.000,73,5896
2025-10-29 17:22:48.000,73,4923
2025-10-29 17:22:48.000,73,4921
2025-10-29 17:22:49.000,83,5920
2025-10-29 17:22:49.000,83,5917
2025-10-29 17:22:49.000,83,5912
2025-10-29 17:22:49.000,83,5909
2025-10-29 17:22:49.000,83,5908
2025-10-29 17:22:49.000,83,5905
2025-10-29 17:22:49.000,83,5904
2025-10-29 17:22:49.000,83,5904
2025-10-29 17:22:49.000,83,5901
2025-10-29 17:22:49.000,83,5898
2025-10-29 17:22:50.001,97,6897
2025-10-29 17:22:50.001,97,6896
2025-10-29 17:22:50.001,97,6894
2025-10-29 17:22:50.001,97,6892
2025-10-29 17:22:50.001,97,5920
2025-10-29 17:22:50.001,97,5917
2025-10-29 17:22:50.001,97,5915
2025-10-29 17:22:50.001,97,5914
2025-10-29 17:22:50.001,97,5911
2025-10-29 17:22:50.001,97,5909
2025-10-29 17:22:51.001,90,6906
2025-10-29 17:22:51.001,90,6905
2025-10-29 17:22:51.001,90,6904
2025-10-29 17:22:51.001,90,6904
2025-10-29 17:22:51.001,90,6901
2025-10-29 17:22:51.001,90,6900
2025-10-29 17:22:51.001,90,6899
2025-10-29 17:22:51.001,90,6898
2025-10-29 17:22:51.001,90,6896
2025-10-29 17:22:51.001,90,6895
2025-10-29 17:22:52.000,91,6921
2025-10-29 17:22:52.000,91,6918
2025-10-29 17:22:52.000,91,6913
2025-10-29 17:22:52.000,91,6912
2025-10-29 17:22:52.000,91,6911
2025-10-29 17:22:52.000,91,6908
2025-10-29 17:22:52.000,91,6902
2025-10-29 17:22:52.000,91,6901
2025-10-29 17:22:52.000,91,6899
2025-10-29 17:22:52.000,91,6895
2025-10-29 17:22:53.000,99,7894
2025-10-29 17:22:53.000,99,7893
2025-10-29 17:22:53.000,99,7891
2025-10-29 17:22:53.000,99,7889
2025-10-29 17:22:53.000,99,6923
2025-10-29 17:22:53.000,99,6919
2025-10-29 17:22:53.000,99,6916
2025-10-29 17:22:53.000,99,6915
2025-10-29 17:22:53.000,99,6911
2025-10-29 17:22:53.000,99,6910
2025-10-29 17:22:54.002,103,7912
2025-10-29 17:22:54.002,103,7910
2025-10-29 17:22:54.002,103,7909
2025-10-29 17:22:54.002,103,7906
2025-10-29 17:22:54.002,103,7905
2025-10-29 17:22:54.002,103,7903
2025-10-29 17:22:54.002,103,7897
2025-10-29 17:22:54.002,103,7896
2025-10-29 17:22:54.002,103,6926
2025-10-29 17:22:54.002,103,6925
2025-10-29 17:22:55.000,104,7921
2025-10-29 17:22:55.000,104,7918
2025-10-29 17:22:55.000,104,7917
2025-10-29 17:22:55.000,104,7914
2025-10-29 17:22:55.000,104,7912
2025-10-29 17:22:55.000,104,7911
2025-10-29 17:22:55.000,104,7910
2025-10-29 17:22:55.000,104,7906
2025-10-29 17:22:55.000,104,7905
2025-10-29 17:22:55.000,104,7904
2025-10-29 17:22:56.001,116,8905
2025-10-29 17:22:56.001,116,8904
2025-10-29 17:22:56.001,116,8901
2025-10-29 17:22:56.001,116,8899
2025-10-29 17:22:56.001,116,8896
2025-10-29 17:22:56.001,116,8895
2025-10-29 17:22:56.001,116,8894
2025-10-29 17:22:56.001,116,8893
2025-10-29 17:22:56.001,116,8892
2025-10-29 17:22:56.001,116,8891
2025-10-29 17:22:57.000,107,8888
2025-10-29 17:22:57.000,107,8886
2025-10-29 17:22:57.000,107,8885
2025-10-29 17:22:57.000,107,8881
2025-10-29 17:22:57.000,107,8879
2025-10-29 17:22:57.000,107,8878
2025-10-29 17:22:57.000,107,8877
2025-10-29 17:22:57.000,107,8874
2025-10-29 17:22:57.000,107,8874
2025-10-29 17:22:57.000,107,8872
2025-10-29 17:22:58.001,124,9872
2025-10-29 17:22:58.001,124,9871
2025-10-29 17:22:58.001,124,9867
2025-10-29 17:22:58.001,124,9866
2025-10-29 17:22:58.001,124,9861
2025-10-29 17:22:58.001,124,9860
2025-10-29 17:22:58.001,124,8883
2025-10-29 17:22:58.001,124,8881
2025-10-29 17:22:58.001,124,8876
2025-10-29 17:22:58.001,124,8874
2025-10-29 17:22:59.001,120,9873
2025-10-29 17:22:59.001,120,9870
2025-10-29 17:22:59.001,120,9869
2025-10-29 17:22:59.001,120,9868
2025-10-29 17:22:59.001,120,9867
2025-10-29 17:22:59.001,120,9866
2025-10-29 17:22:59.001,120,8885
2025-10-29 17:22:59.001,120,8883
2025-10-29 17:22:59.001,120,8882
2025-10-29 17:22:59.001,120,8880
2025-10-29 17:23:00.000,122,9874
2025-10-29 17:23:00.000,122,9871
2025-10-29 17:23:00.000,122,9865
2025-10-29 17:23:00.000,122,9863
2025-10-29 17:23:00.000,122,9851
2025-10-29 17:23:00.000,122,9850
2025-10-29 17:23:00.000,122,9849
2025-10-29 17:23:00.000,122,9847
2025-10-29 17:23:00.000,122,8885
2025-10-29 17:23:00.000,122,8884
2025-10-29 17:23:01.000,129,9883
2025-10-29 17:23:01.000,129,9879
2025-10-29 17:23:01.000,129,9876
2025-10-29 17:23:01.000,129,9874
2025-10-29 17:23:01.000,129,9873
2025-10-29 17:23:01.000,129,9872
2025-10-29 17:23:01.000,129,9870
2025-10-29 17:23:01.000,129,9867
2025-10-29 17:23:01.000,129,9866
2025-10-29 17:23:01.000,129,9864
2025-10-29 17:23:02.001,143,10863
2025-10-29 17:23:02.001,143,10862
2025-10-29 17:23:02.001,143,10860
2025-10-29 17:23:02.001,143,10859
2025-10-29 17:23:02.001,143,10857
2025-10-29 17:23:02.001,143,10855
2025-10-29 17:23:02.001,143,9888
2025-10-29 17:23:02.001,143,9887
2025-10-29 17:23:02.001,143,9883
2025-10-29 17:23:02.001,143,9881
2025-10-29 17:23:03.000,134,10876
2025-10-29 17:23:03.000,134,10872
2025-10-29 17:23:03.000,134,10871
2025-10-29 17:23:03.000,134,10869
2025-10-29 17:23:03.000,134,10868
2025-10-29 17:23:03.000,134,10866
2025-10-29 17:23:03.000,134,10862
2025-10-29 17:23:03.000,134,10860
2025-10-29 17:23:03.000,134,10859
2025-10-29 17:23:03.000,134,9889
2025-10-29 17:23:04.000,146,10887
2025-10-29 17:23:04.000,146,10886
2025-10-29 17:23:04.000,146,10885
2025-10-29 17:23:04.000,146,10882
2025-10-29 17:23:04.000,146,10877
2025-10-29 17:23:04.000,146,10875
2025-10-29 17:23:04.000,146,10874
2025-10-29 17:23:04.000,146,10872
2025-10-29 17:23:04.000,146,10871
2025-10-29 17:23:04.000,146,10869
2025-10-29 17:23:05.001,144,11862
2025-10-29 17:23:05.001,144,10884
2025-10-29 17:23:05.001,144,10880
2025-10-29 17:23:05.001,144,10879
2025-10-29 17:23:05.001,144,10878
2025-10-29 17:23:05.001,144,10875
2025-10-29 17:23:05.001,144,10874
2025-10-29 17:23:05.001,144,10871
2025-10-29 17:23:05.001,144,10871
2025-10-29 17:23:05.001,144,10870
2025-10-29 17:23:06.000,160,11866
2025-10-29 17:23:06.000,160,11861
2025-10-29 17:23:06.000,160,11858
2025-10-29 17:23:06.000,160,11853
2025-10-29 17:23:06.000,160,10885
2025-10-29 17:23:06.000,160,10883
2025-10-29 17:23:06.000,160,10881
2025-10-29 17:23:06.000,160,10879
2025-10-29 17:23:06.000,160,10878
2025-10-29 17:23:06.000,160,10875
2025-10-29 17:23:07.001,149,11874
2025-10-29 17:23:07.001,149,11872
2025-10-29 17:23:07.001,149,11872
2025-10-29 17:23:07.001,149,11868
2025-10-29 17:23:07.001,149,11866
2025-10-29 17:23:07.001,149,10887
2025-10-29 17:23:07.001,149,10885
2025-10-29 17:23:07.001,149,10881
2025-10-29 17:23:07.001,149,10878
2025-10-29 17:23:07.001,149,10877
2025-10-29 17:23:08.000,147,11875
2025-10-29 17:23:08.000,147,11873
2025-10-29 17:23:08.000,147,11871
2025-10-29 17:23:08.000,147,11870
2025-10-29 17:23:08.000,147,11867
2025-10-29 17:23:08.000,147,11865
2025-10-29 17:23:08.000,147,11863
2025-10-29 17:23:08.000,147,11861
2025-10-29 17:23:08.000,147,11858
2025-10-29 17:23:08.000,147,11856
2025-10-29 17:23:09.001,163,12856
2025-10-29 17:23:09.001,163,12854
2025-10-29 17:23:09.001,163,11889
2025-10-29 17:23:09.001,163,11889
2025-10-29 17:23:09.001,163,11887
2025-10-29 17:23:09.001,163,11884
2025-10-29 17:23:09.001,163,11883
2025-10-29 17:23:09.001,163,11883
2025-10-29 17:23:09.001,163,11877
2025-10-29 17:23:09.001,163,11873
2025-10-29 17:23:10.000,155,12869
2025-10-29 17:23:10.000,155,12868
2025-10-29 17:23:10.000,155,12867
2025-10-29 17:23:10.000,155,12867
2025-10-29 17:23:10.000,155,12863
2025-10-29 17:23:10.000,155,12861
2025-10-29 17:23:10.000,155,12860
2025-10-29 17:23:10.000,155,12860
2025-10-29 17:23:10.000,155,11886
2025-10-29 17:23:10.000,155,11884
2025-10-29 17:23:11.001,153,12883
2025-10-29 17:23:11.001,153,12881
2025-10-29 17:23:11.001,153,12879
2025-10-29 17:23:11.001,153,12876
2025-10-29 17:23:11.001,153,12874
2025-10-29 17:23:11.001,153,12872
2025-10-29 17:23:11.001,153,12872
2025-10-29 17:23:11.001,153,12868
2025-10-29 17:23:11.001,153,12863
2025-10-29 17:23:11.001,153,12861
2025-10-29 17:23:12.000,152,12886
2025-10-29 17:23:12.000,152,12884
2025-10-29 17:23:12.000,152,12880
2025-10-29 17:23:12.000,152,12879
2025-10-29 17:23:12.000,152,12876
2025-10-29 17:23:12.000,152,12874
2025-10-29 17:23:12.000,152,12873
2025-10-29 17:23:12.000,152,12869
2025-10-29 17:23:12.000,152,12868
2025-10-29 17:23:12.000,152,12866
2025-10-29 17:23:13.001,155,13864
2025-10-29 17:23:13.001,155,13862
2025-10-29 17:23:13.001,155,13861
2025-10-29 17:23:13.001,155,13858
2025-10-29 17:23:13.001,155,13857
2025-10-29 17:23:13.001,155,12886
2025-10-29 17:23:13.001,155,12885
2025-10-29 17:23:13.001,155,12884
2025-10-29 17:23:13.001,155,12882
2025-10-29 17:23:13.001,155,12879
2025-10-29 17:23:14.000,152,13874
2025-10-29 17:23:14.000,152,13872
2025-10-29 17:23:14.000,152,13872
2025-10-29 17:23:14.000,152,13869
2025-10-29 17:23:14.000,152,13869
2025-10-29 17:23:14.000,152,13868
2025-10-29 17:23:14.000,152,13867
2025-10-29 17:23:14.000,152,13866
2025-10-29 17:23:14.000,152,13865
2025-10-29 17:23:14.000,152,13862
2025-10-29 17:23:15.001,148,14858
2025-10-29 17:23:15.001,148,13885
2025-10-29 17:23:15.001,148,13883
2025-10-29 17:23:15.001,148,13881
2025-10-29 17:23:15.001,148,13879
2025-10-29 17:23:15.001,148,13876
2025-10-29 17:23:15.001,148,13874
2025-10-29 17:23:15.001,148,13867
2025-10-29 17:23:15.001,148,13866
2025-10-29 17:23:15.001,148,13863
2025-10-29 17:23:16.000,145,14860
2025-10-29 17:23:16.000,145,14858
2025-10-29 17:23:16.000,145,13886
2025-10-29 17:23:16.000,145,13885
2025-10-29 17:23:16.000,145,13879
2025-10-29 17:23:16.000,145,13876
2025-10-29 17:23:16.000,145,13874
2025-10-29 17:23:16.000,145,13873
2025-10-29 17:23:16.000,145,13870
2025-10-29 17:23:16.000,145,13867
2025-10-29 17:23:17.001,146,14867
2025-10-29 17:23:17.001,146,14865
2025-10-29 17:23:17.001,146,14862
2025-10-29 17:23:17.001,146,14859
2025-10-29 17:23:17.001,146,14858
2025-10-29 17:23:17.001,146,13886
2025-10-29 17:23:17.001,146,13882
2025-10-29 17:23:17.001,146,13882
2025-10-29 17:23:17.001,146,13876
2025-10-29 17:23:17.001,146,13875
2025-10-29 17:23:18.000,145,14870
2025-10-29 17:23:18.000,145,14868
2025-10-29 17:23:18.000,145,14867
2025-10-29 17:23:18.000,145,14866
2025-10-29 17:23:18.000,145,14863
2025-10-29 17:23:18.000,145,14860
2025-10-29 17:23:18.000,145,14860
2025-10-29 17:23:18.000,145,14858
2025-10-29 17:23:18.000,145,14856
2025-10-29 17:23:18.000,145,14855
2025-10-29 17:23:19.001,149,15855
2025-10-29 17:23:19.001,149,14889
2025-10-29 17:23:19.001,149,14885
2025-10-29 17:23:19.001,149,14884
2025-10-29 17:23:19.001,149,14880
2025-10-29 17:23:19.001,149,14880
2025-10-29 17:23:19.001,149,14879
2025-10-29 17:23:19.001,149,14878
2025-10-29 17:23:19.001,149,14876
2025-10-29 17:23:19.001,149,14872
2025-10-29 17:23:20.000,137,15870
2025-10-29 17:23:20.000,137,15866
2025-10-29 17:23:20.000,137,15865
2025-10-29 17:23:20.000,137,15864
2025-10-29 17:23:20.000,137,15862
2025-10-29 17:23:20.000,137,15860
2025-10-29 17:23:20.000,137,15859
2025-10-29 17:23:20.000,137,15858
2025-10-29 17:23:20.000,137,14887
2025-10-29 17:23:20.000,137,14885
2025-10-29 17:23:21.000,133,15881
2025-10-29 17:23:21.000,133,15874
2025-10-29 17:23:21.000,133,15872
2025-10-29 17:23:21.000,133,15869
2025-10-29 17:23:21.000,133,15868
2025-10-29 17:23:21.000,133,15862
2025-10-29 17:23:21.000,133,15858
2025-10-29 17:23:21.000,133,14883
2025-10-29 17:23:21.000,133,14879
2025-10-29 17:23:21.000,133,14874
2025-10-29 17:23:22.001,143,15873
2025-10-29 17:23:22.001,143,15869
2025-10-29 17:23:22.001,143,15867
2025-10-29 17:23:22.001,143,15862
2025-10-29 17:23:22.001,143,15861
2025-10-29 17:23:22.001,143,14888
2025-10-29 17:23:22.001,143,14884
2025-10-29 17:23:22.001,143,14882
2025-10-29 17:23:22.001,143,14879
2025-10-29 17:23:22.001,143,14876
2025-10-29 17:23:23.000,132,15874
2025-10-29 17:23:23.000,132,15873
2025-10-29 17:23:23.000,132,15871
2025-10-29 17:23:23.000,132,15869
2025-10-29 17:23:23.000,132,15868
2025-10-29 17:23:23.000,132,15866
2025-10-29 17:23:23.000,132,15863
2025-10-29 17:23:23.000,132,15862
2025-10-29 17:23:23.000,132,15861
2025-10-29 17:23:23.000,132,15857
2025-10-29 17:23:24.000,130,16856
2025-10-29 17:23:24.000,130,15855
2025-10-29 17:23:24.000,130,15853
2025-10-29 17:23:24.000,130,15849
2025-10-29 17:23:24.000,130,15846
2025-10-29 17:23:24.000,130,15837
2025-10-29 17:23:24.000,130,15836
2025-10-29 17:23:24.000,130,15830
2025-10-29 17:23:24.000,130,15829
2025-10-29 17:23:24.000,130,15825
2025-10-29 17:23:25.001,139,16821
2025-10-29 17:23:25.001,139,15850
2025-10-29 17:23:25.001,139,15849
2025-10-29 17:23:25.001,139,15847
2025-10-29 17:23:25.001,139,15846
2025-10-29 17:23:25.001,139,15844
2025-10-29 17:23:25.001,139,15844
2025-10-29 17:23:25.001,139,15842
2025-10-29 17:23:25.001,139,15837
2025-10-29 17:23:25.001,139,15832
2025-10-29 17:23:26.000,129,16828
2025-10-29 17:23:26.000,129,15850
2025-10-29 17:23:26.000,129,15842
2025-10-29 17:23:26.000,129,15839
2025-10-29 17:23:26.000,129,15838
2025-10-29 17:23:26.000,129,15837
2025-10-29 17:23:26.000,129,15835
2025-10-29 17:23:26.000,129,15831
2025-10-29 17:23:26.000,129,15830
2025-10-29 17:23:26.000,129,15825
2025-10-29 17:23:27.001,136,15854
2025-10-29 17:23:27.001,136,15848
2025-10-29 17:23:27.001,136,15841
2025-10-29 17:23:27.001,136,15835
2025-10-29 17:23:27.001,136,15833
2025-10-29 17:23:27.001,136,15831
2025-10-29 17:23:27.001,136,15830
2025-10-29 17:23:27.001,136,15829
2025-10-29 17:23:27.001,136,15824
2025-10-29 17:23:27.001,136,15822
2025-10-29 17:23:28.000,134,16820
2025-10-29 17:23:28.000,134,16818
2025-10-29 17:23:28.000,134,16812
2025-10-29 17:23:28.000,134,15857
2025-10-29 17:23:28.000,134,15852
2025-10-29 17:23:28.000,134,15848
2025-10-29 17:23:28.000,134,15841
2025-10-29 17:23:28.000,134,15840
2025-10-29 17:23:28.000,134,15834
2025-10-29 17:23:28.000,134,15831
2025-10-29 17:23:29.000,120,15850
2025-10-29 17:23:29.000,120,15847
2025-10-29 17:23:29.000,120,15838
2025-10-29 17:23:29.000,120,15837
2025-10-29 17:23:29.000,120,15836
2025-10-29 17:23:29.000,120,15829
2025-10-29 17:23:29.000,120,14853
2025-10-29 17:23:29.000,120,14847
2025-10-29 17:23:29.000,120,14844
2025-10-29 17:23:29.000,120,14837
2025-10-29 17:23:30.000,115,15832
2025-10-29 17:23:30.000,115,15832
2025-10-29 17:23:30.000,115,15830
2025-10-29 17:23:30.000,115,14853
2025-10-29 17:23:30.000,115,14850
2025-10-29 17:23:30.000,115,14844
2025-10-29 17:23:30.000,115,14842
2025-10-29 17:23:30.000,115,14839
2025-10-29 17:23:30.000,115,14839
2025-10-29 17:23:30.000,115,14837
2025-10-29 17:23:31.001,112,15837
2025-10-29 17:23:31.002,112,15835
2025-10-29 17:23:31.002,112,15833
2025-10-29 17:23:31.002,112,15828
2025-10-29 17:23:31.002,112,14857
2025-10-29 17:23:31.002,112,14854
2025-10-29 17:23:31.002,112,14846
2025-10-29 17:23:31.002,112,14844
2025-10-29 17:23:31.002,112,14842
2025-10-29 17:23:31.002,112,14841
2025-10-29 17:23:32.000,116,15836
2025-10-29 17:23:32.000,116,15836
2025-10-29 17:23:32.000,116,15833
2025-10-29 17:23:32.000,116,14856
2025-10-29 17:23:32.000,116,14845
2025-10-29 17:23:32.000,116,14842
2025-10-29 17:23:32.000,116,14837
2025-10-29 17:23:32.000,116,14826
2025-10-29 17:23:32.000,116,13851
2025-10-29 17:23:32.000,116,13848
2025-10-29 17:23:33.001,107,14844
2025-10-29 17:23:33.001,107,14837
2025-10-29 17:23:33.001,107,14832
2025-10-29 17:23:33.001,107,14828
2025-10-29 17:23:33.001,107,14826
2025-10-29 17:23:33.001,107,13854
2025-10-29 17:23:33.001,107,13853
2025-10-29 17:23:33.001,107,13846
2025-10-29 17:23:33.001,107,13841
2025-10-29 17:23:33.001,107,13833
2025-10-29 17:23:34.000,114,14820
2025-10-29 17:23:34.000,114,13853
2025-10-29 17:23:34.000,114,13847
2025-10-29 17:23:34.000,114,13843
2025-10-29 17:23:34.000,114,13842
2025-10-29 17:23:34.000,114,13839
2025-10-29 17:23:34.000,114,13836
2025-10-29 17:23:34.000,114,13829
2025-10-29 17:23:34.000,114,13822
2025-10-29 17:23:34.000,114,13819
2025-10-29 17:23:35.000,109,14818
2025-10-29 17:23:35.000,109,13854
2025-10-29 17:23:35.000,109,13853
2025-10-29 17:23:35.000,109,13849
2025-10-29 17:23:35.000,109,13842
2025-10-29 17:23:35.000,109,13841
2025-10-29 17:23:35.000,109,13837
2025-10-29 17:23:35.000,109,13828
2025-10-29 17:23:35.000,109,13828
2025-10-29 17:23:35.000,109,13826
2025-10-29 17:23:36.001,95,13857
2025-10-29 17:23:36.001,95,13853
2025-10-29 17:23:36.001,95,13848
2025-10-29 17:23:36.001,95,13846
2025-10-29 17:23:36.001,95,13840
2025-10-29 17:23:36.001,95,13837
2025-10-29 17:23:36.001,95,13834
2025-10-29 17:23:36.001,95,13830
2025-10-29 17:23:36.001,95,12857
2025-10-29 17:23:36.001,95,12854
2025-10-29 17:23:37.000,100,13844
2025-10-29 17:23:37.000,100,13841
2025-10-29 17:23:37.000,100,13840
2025-10-29 17:23:37.000,100,13833
2025-10-29 17:23:37.000,100,13832
2025-10-29 17:23:37.000,100,13831
2025-10-29 17:23:37.000,100,13828
2025-10-29 17:23:37.000,100,13825
2025-10-29 17:23:37.000,100,12855
2025-10-29 17:23:37.000,100,12850
2025-10-29 17:23:38.001,90,13850
2025-10-29 17:23:38.001,90,13850
2025-10-29 17:23:38.001,90,13843
2025-10-29 17:23:38.001,90,13839
2025-10-29 17:23:38.001,90,13839
2025-10-29 17:23:38.001,90,12836
2025-10-29 17:23:38.001,90,12835
2025-10-29 17:23:38.001,90,12833
2025-10-29 17:23:38.001,90,12832
2025-10-29 17:23:38.001,90,12822
2025-10-29 17:23:39.001,87,13821
2025-10-29 17:23:39.001,87,13819
2025-10-29 17:23:39.001,87,13817
2025-10-29 17:23:39.001,87,13811
2025-10-29 17:23:39.001,87,12852
2025-10-29 17:23:39.001,87,12845
2025-10-29 17:23:39.001,87,12843
2025-10-29 17:23:39.001,87,12831
2025-10-29 17:23:39.001,87,12828
2025-10-29 17:23:39.001,87,12827
2025-10-29 17:23:40.000,93,13825
2025-10-29 17:23:40.000,93,12855
2025-10-29 17:23:40.000,93,12846
2025-10-29 17:23:40.000,93,12845
2025-10-29 17:23:40.000,93,12844
2025-10-29 17:23:40.000,93,12842
2025-10-29 17:23:40.000,93,12841
2025-10-29 17:23:40.000,93,12832
2025-10-29 17:23:40.000,93,12828
2025-10-29 17:23:40.000,93,11812
2025-10-29 17:23:41.001,86,12809
2025-10-29 17:23:41.001,86,12800
2025-10-29 17:23:41.001,86,11823
2025-10-29 17:23:41.001,86,11821
2025-10-29 17:23:41.001,86,11821
2025-10-29 17:23:41.001,86,11816
2025-10-29 17:23:41.001,86,11810
2025-10-29 17:23:41.001,86,11808
2025-10-29 17:23:41.001,86,11800
2025-10-29 17:23:41.001,86,11798
2025-10-29 17:23:42.000,83,11819
2025-10-29 17:23:42.000,83,11818
2025-10-29 17:23:42.000,83,11812
2025-10-29 17:23:42.000,83,11806
2025-10-29 17:23:42.000,83,11802
2025-10-29 17:23:42.000,83,10820
2025-10-29 17:23:42.000,83,10817
2025-10-29 17:23:42.000,83,10816
2025-10-29 17:23:42.000,83,10816
2025-10-29 17:23:42.000,83,10811
2025-10-29 17:23:43.000,79,11810
2025-10-29 17:23:43.000,79,11809
2025-10-29 17:23:43.000,79,11808
2025-10-29 17:23:43.000,79,11805
2025-10-29 17:23:43.000,79,11795
2025-10-29 17:23:43.000,79,10820
2025-10-29 17:23:43.000,79,10817
2025-10-29 17:23:43.000,79,10815
2025-10-29 17:23:43.000,79,10812
2025-10-29 17:23:43.000,79,10810
2025-10-29 17:23:44.001,79,11804
2025-10-29 17:23:44.001,79,11802
2025-10-29 17:23:44.001,79,11795
2025-10-29 17:23:44.001,79,10814
2025-10-29 17:23:44.001,79,10777
2025-10-29 17:23:44.001,79,10773
2025-10-29 17:23:44.001,79,10772
2025-10-29 17:23:44.001,79,10768
2025-10-29 17:23:44.001,79,9817
2025-10-29 17:23:44.001,79,9808
2025-10-29 17:23:45.000,85,10801
2025-10-29 17:23:45.000,85,10800
2025-10-29 17:23:45.000,85,10798
2025-10-29 17:23:45.000,85,9822
2025-10-29 17:23:45.000,85,9809
2025-10-29 17:23:45.000,85,9806
2025-10-29 17:23:45.000,85,9803
2025-10-29 17:23:45.000,85,9800
2025-10-29 17:23:45.000,85,9791
2025-10-29 17:23:45.000,85,8820
2025-10-29 17:23:46.000,72,9816
2025-10-29 17:23:46.000,72,9814
2025-10-29 17:23:46.000,72,9811
2025-10-29 17:23:46.000,72,9810
2025-10-29 17:23:46.000,72,9807
2025-10-29 17:23:46.000,72,9804
2025-10-29 17:23:46.000,72,9799
2025-10-29 17:23:46.000,72,9793
2025-10-29 17:23:46.000,72,8823
2025-10-29 17:23:46.000,72,8820
2025-10-29 17:23:47.000,71,9816
2025-10-29 17:23:47.000,71,9814
2025-10-29 17:23:47.000,71,9811
2025-10-29 17:23:47.000,71,9805
2025-10-29 17:23:47.000,71,9798
2025-10-29 17:23:47.000,71,8818
2025-10-29 17:23:47.000,71,8812
2025-10-29 17:23:47.000,71,8810
2025-10-29 17:23:47.000,71,8805
2025-10-29 17:23:47.000,71,8801
2025-10-29 17:23:48.001,71,9799
2025-10-29 17:23:48.001,71,9797
2025-10-29 17:23:48.001,71,8817
2025-10-29 17:23:48.001,71,8813
2025-10-29 17:23:48.001,71,8810
2025-10-29 17:23:48.001,71,8809
2025-10-29 17:23:48.001,71,8807
2025-10-29 17:23:48.001,71,8805
2025-10-29 17:23:48.001,71,8804
2025-10-29 17:23:48.001,71,8799
2025-10-29 17:23:49.000,83,9795
2025-10-29 17:23:49.000,83,9793
2025-10-29 17:23:49.000,83,8820
2025-10-29 17:23:49.000,83,8817
2025-10-29 17:23:49.000,83,8813
2025-10-29 17:23:49.000,83,8812
2025-10-29 17:23:49.000,83,8809
2025-10-29 17:23:49.000,83,8801
2025-10-29 17:23:49.000,83,8801
2025-10-29 17:23:49.000,83,8800
2025-10-29 17:23:50.001,81,9798
2025-10-29 17:23:50.001,81,8820
2025-10-29 17:23:50.001,81,8809
2025-10-29 17:23:50.001,81,8805
2025-10-29 17:23:50.001,81,8801
2025-10-29 17:23:50.004,81,8799
2025-10-29 17:23:50.004,81,7824
2025-10-29 17:23:50.004,81,7823
2025-10-29 17:23:50.004,81,7821
2025-10-29 17:23:50.004,81,7817
2025-10-29 17:23:51.000,79,8805
2025-10-29 17:23:51.000,79,8799
2025-10-29 17:23:51.000,79,8797
2025-10-29 17:23:51.000,79,8796
2025-10-29 17:23:51.000,79,8794
2025-10-29 17:23:51.000,79,8791
2025-10-29 17:23:51.000,79,7822
2025-10-29 17:23:51.000,79,7815
2025-10-29 17:23:51.000,79,7812
2025-10-29 17:23:51.000,79,7811
2025-10-29 17:23:52.001,76,8809
2025-10-29 17:23:52.001,76,8805
2025-10-29 17:23:52.001,76,8804
2025-10-29 17:23:52.001,76,8797
2025-10-29 17:23:52.001,76,7820
2025-10-29 17:23:52.001,76,7814
2025-10-29 17:23:52.001,76,7809
2025-10-29 17:23:52.001,76,7804
2025-10-29 17:23:52.001,76,7799
2025-10-29 17:23:52.001,76,7793
2025-10-29 17:23:53.000,73,7816
2025-10-29 17:23:53.000,73,7812
2025-10-29 17:23:53.000,73,7807
2025-10-29 17:23:53.000,73,7804
2025-10-29 17:23:53.000,73,7803
2025-10-29 17:23:53.000,73,7801
2025-10-29 17:23:53.000,73,7799
2025-10-29 17:23:53.000,73,7798
2025-10-29 17:23:53.000,73,7795
2025-10-29 17:23:53.000,73,6823
2025-10-29 17:23:54.000,72,7821
2025-10-29 17:23:54.000,72,7811
2025-10-29 17:23:54.000,72,7810
2025-10-29 17:23:54.000,72,7808
2025-10-29 17:23:54.000,72,7803
2025-10-29 17:23:54.000,72,7801
2025-10-29 17:23:54.000,72,7799
2025-10-29 17:23:54.000,72,7796
2025-10-29 17:23:54.000,72,7792
2025-10-29 17:23:54.000,72,6819
2025-10-29 17:23:55.001,68,7812
2025-10-29 17:23:55.001,68,7809
2025-10-29 17:23:55.001,68,7807
2025-10-29 17:23:55.001,68,7802
2025-10-29 17:23:55.001,68,7800
2025-10-29 17:23:55.001,68,7796
2025-10-29 17:23:55.001,68,7795
2025-10-29 17:23:55.001,68,7794
2025-10-29 17:23:55.001,68,7793
2025-10-29 17:23:55.001,68,7791
2025-10-29 17:23:56.000,64,7788
2025-10-29 17:23:56.000,64,7784
2025-10-29 17:23:56.000,64,7783
2025-10-29 17:23:56.000,64,7781
2025-10-29 17:23:56.000,64,7777
2025-10-29 17:23:56.000,64,7775
2025-10-29 17:23:56.000,64,7774
2025-10-29 17:23:56.000,64,7767
2025-10-29 17:23:56.000,64,7762
2025-10-29 17:23:56.000,64,7754
2025-10-29 17:23:57.000,57,7779
2025-10-29 17:23:57.000,57,7771
2025-10-29 17:23:57.000,57,7769
2025-10-29 17:23:57.001,57,7765
2025-10-29 17:23:57.001,57,7764
2025-10-29 17:23:57.001,57,7761
2025-10-29 17:23:57.001,57,7760
2025-10-29 17:23:57.001,57,6788
2025-10-29 17:23:57.001,57,6787
2025-10-29 17:23:57.001,57,6782
2025-10-29 17:23:58.000,55,7774
2025-10-29 17:23:58.000,55,7771
2025-10-29 17:23:58.000,55,7768
2025-10-29 17:23:58.000,55,7762
2025-10-29 17:23:58.000,55,7758
2025-10-29 17:23:58.000,55,6786
2025-10-29 17:23:58.000,55,6777
2025-10-29 17:23:58.000,55,6773
2025-10-29 17:23:58.000,55,6771
2025-10-29 17:23:58.000,55,6769
2025-10-29 17:23:59.001,55,7767
2025-10-29 17:23:59.001,55,7761
2025-10-29 17:23:59.001,55,6789
2025-10-29 17:23:59.001,55,6786
2025-10-29 17:23:59.001,55,6777
2025-10-29 17:23:59.001,55,6776
2025-10-29 17:23:59.001,55,6770
2025-10-29 17:23:59.001,55,6769
2025-10-29 17:23:59.001,55,6767
2025-10-29 17:23:59.001,55,6761
2025-10-29 17:24:00.000,50,6784
2025-10-29 17:24:00.000,50,6782
2025-10-29 17:24:00.000,50,6779
2025-10-29 17:24:00.000,50,6770
2025-10-29 17:24:00.000,50,6754
2025-10-29 17:24:00.000,50,5783
2025-10-29 17:24:00.000,50,5782
2025-10-29 17:24:00.000,50,5781
2025-10-29 17:24:00.000,50,5777
2025-10-29 17:24:00.000,50,5769
2025-10-29 17:24:01.001,43,6767
2025-10-29 17:24:01.001,43,6759
2025-10-29 17:24:01.001,43,6759
2025-10-29 17:24:01.001,43,5784
2025-10-29 17:24:01.001,43,5767
2025-10-29 17:24:01.001,43,5766
2025-10-29 17:24:01.001,43,4782
2025-10-29 17:24:01.001,43,4779
2025-10-29 17:24:01.001,43,4777
2025-10-29 17:24:01.001,43,4774
2025-10-29 17:24:02.000,39,5770
2025-10-29 17:24:02.000,39,5765
2025-10-29 17:24:02.000,39,5760
2025-10-29 17:24:02.000,39,4788
2025-10-29 17:24:02.000,39,4784
2025-10-29 17:24:02.000,39,4780
2025-10-29 17:24:02.000,39,4778
2025-10-29 17:24:02.000,39,4776
2025-10-29 17:24:02.000,39,4774
2025-10-29 17:24:02.000,39,4772
2025-10-29 17:24:03.001,39,5768
2025-10-29 17:24:03.001,39,5760
2025-10-29 17:24:03.001,39,4782
2025-10-29 17:24:03.001,39,4774
2025-10-29 17:24:03.001,39,4760
2025-10-29 17:24:03.001,39,4738
2025-10-29 17:24:03.001,39,4733
2025-10-29 17:24:03.001,39,4729
2025-10-29 17:24:03.001,39,4728
2025-10-29 17:24:03.001,39,3780
2025-10-29 17:24:04.001,38,4776
2025-10-29 17:24:04.001,38,4761
2025-10-29 17:24:04.001,38,3788
2025-10-29 17:24:04.001,38,3784
2025-10-29 17:24:04.001,38,3780
2025-10-29 17:24:04.001,38,3766
2025-10-29 17:24:04.001,38,3761
2025-10-29 17:24:04.001,38,3759
2025-10-29 17:24:04.001,38,2784
2025-10-29 17:24:04.001,38,2780
2025-10-29 17:24:05.001,34,3776
2025-10-29 17:24:05.001,34,3775
2025-10-29 17:24:05.001,34,3773
2025-10-29 17:24:05.001,34,3769
2025-10-29 17:24:05.001,34,3767
2025-10-29 17:24:05.001,34,3762
2025-10-29 17:24:05.001,34,3761
2025-10-29 17:24:05.001,34,3759
2025-10-29 17:24:05.001,34,2781
2025-10-29 17:24:05.001,34,2777
2025-10-29 17:24:06.000,34,3774
2025-10-29 17:24:06.000,34,3773
2025-10-29 17:24:06.000,34,3771
2025-10-29 17:24:06.000,34,3769
2025-10-29 17:24:06.000,34,3762
2025-10-29 17:24:06.000,34,3758
2025-10-29 17:24:06.000,34,2781
2025-10-29 17:24:06.000,34,2779
2025-10-29 17:24:06.000,34,2770
2025-10-29 17:24:06.000,34,2768
2025-10-29 17:24:07.001,38,3767
2025-10-29 17:24:07.001,38,3765
2025-10-29 17:24:07.001,38,3761
2025-10-29 17:24:07.001,38,2786
2025-10-29 17:24:07.001,38,2782
2025-10-29 17:24:07.001,38,2775
2025-10-29 17:24:07.001,38,2774
2025-10-29 17:24:07.001,38,2772
2025-10-29 17:24:07.001,38,2772
2025-10-29 17:24:07.001,38,2766
2025-10-29 17:24:08.000,38,3763
2025-10-29 17:24:08.000,38,3760
2025-10-29 17:24:08.000,38,2787
2025-10-29 17:24:08.000,38,2784
2025-10-29 17:24:08.000,38,2782
2025-10-29 17:24:08.000,38,2775
2025-10-29 17:24:08.000,38,2771
2025-10-29 17:24:08.000,38,2766
2025-10-29 17:24:08.000,38,2762
2025-10-29 17:24:08.000,38,2760
2025-10-29 17:24:09.001,34,3759
2025-10-29 17:24:09.001,34,3758
2025-10-29 17:24:09.001,34,3757
2025-10-29 17:24:09.001,34,3756
2025-10-29 17:24:09.001,34,3753
2025-10-29 17:24:09.001,34,3749
2025-10-29 17:24:09.001,34,3745
2025-10-29 17:24:09.001,34,2786
2025-10-29 17:24:09.001,34,2783
2025-10-29 17:24:09.001,34,2782
2025-10-29 17:24:10.000,29,3780
2025-10-29 17:24:10.000,29,3777
2025-10-29 17:24:10.000,29,3773
2025-10-29 17:24:10.000,29,3770
2025-10-29 17:24:10.000,29,3762
2025-10-29 17:24:10.000,29,3755
2025-10-29 17:24:10.000,29,2783
2025-10-29 17:24:10.000,29,2782
2025-10-29 17:24:10.000,29,2774
2025-10-29 17:24:10.000,29,2765
2025-10-29 17:24:11.001,27,3765
2025-10-29 17:24:11.001,27,3761
2025-10-29 17:24:11.001,27,3758
2025-10-29 17:24:11.001,27,3757
2025-10-29 17:24:11.001,27,3756
2025-10-29 17:24:11.001,27,3755
2025-10-29 17:24:11.001,27,2749
2025-10-29 17:24:11.001,27,2738
2025-10-29 17:24:11.001,27,2736
2025-10-29 17:24:11.001,27,2734
2025-10-29 17:24:12.000,27,3732
2025-10-29 17:24:12.000,27,3725
2025-10-29 17:24:12.000,27,3722
2025-10-29 17:24:12.000,27,3721
2025-10-29 17:24:12.000,27,2744
2025-10-29 17:24:12.000,27,2740
2025-10-29 17:24:12.000,27,2738
2025-10-29 17:24:12.000,27,2729
2025-10-29 17:24:12.000,27,2723
2025-10-29 17:24:12.000,27,1748
2025-10-29 17:24:13.000,25,2742
2025-10-29 17:24:13.000,25,2739
2025-10-29 17:24:13.000,25,2738
2025-10-29 17:24:13.000,25,2736
2025-10-29 17:24:13.000,25,2730
2025-10-29 17:24:13.000,25,2727
2025-10-29 17:24:13.000,25,2723
2025-10-29 17:24:13.000,25,1750
2025-10-29 17:24:13.000,25,1748
2025-10-29 17:24:13.000,25,1747
2025-10-29 17:24:14.001,25,2745
2025-10-29 17:24:14.001,25,2743
2025-10-29 17:24:14.001,25,2735
2025-10-29 17:24:14.001,25,2732
2025-10-29 17:24:14.001,25,2728
2025-10-29 17:24:14.001,25,2720
2025-10-29 17:24:14.001,25,2719
2025-10-29 17:24:14.001,25,1747
2025-10-29 17:24:14.001,25,1743
2025-10-29 17:24:14.001,25,1737
2025-10-29 17:24:15.000,29,2732
2025-10-29 17:24:15.000,29,2731
2025-10-29 17:24:15.000,29,2727
2025-10-29 17:24:15.000,29,2723
2025-10-29 17:24:15.000,29,2721
2025-10-29 17:24:15.000,29,1747
2025-10-29 17:24:15.000,29,1743
2025-10-29 17:24:15.000,29,1741
2025-10-29 17:24:15.000,29,1739
2025-10-29 17:24:15.000,29,1738
2025-10-29 17:24:16.000,23,2729
2025-10-29 17:24:16.000,23,2728
2025-10-29 17:24:16.000,23,2727
2025-10-29 17:24:16.000,23,2725
2025-10-29 17:24:16.000,23,2724
2025-10-29 17:24:16.000,23,2723
2025-10-29 17:24:16.000,23,2722
2025-10-29 17:24:16.000,23,2720
2025-10-29 17:24:16.000,23,1749
2025-10-29 17:24:16.000,23,1745
2025-10-29 17:24:17.001,23,2745
2025-10-29 17:24:17.001,23,2743
2025-10-29 17:24:17.001,23,2742
2025-10-29 17:24:17.001,23,2739
2025-10-29 17:24:17.001,23,2734
2025-10-29 17:24:17.001,23,2725
2025-10-29 17:24:17.001,23,2722
2025-10-29 17:24:17.001,23,2716
2025-10-29 17:24:17.001,23,2715
2025-10-29 17:24:17.001,23,1742
2025-10-29 17:24:18.001,23,2733
2025-10-29 17:24:18.001,23,2728
2025-10-29 17:24:18.001,23,2721
2025-10-29 17:24:18.001,23,1750
2025-10-29 17:24:18.001,23,1743
2025-10-29 17:24:18.001,23,1738
2025-10-29 17:24:18.001,23,1736
2025-10-29 17:24:18.001,23,1732
2025-10-29 17:24:18.001,23,1729
2025-10-29 17:24:18.001,23,1727
2025-10-29 17:24:19.000,24,2723
2025-10-29 17:24:19.000,24,2720
2025-10-29 17:24:19.000,24,2717
2025-10-29 17:24:19.000,24,1750
2025-10-29 17:24:19.000,24,1744
2025-10-29 17:24:19.000,24,1735
2025-10-29 17:24:19.000,24,1729
2025-10-29 17:24:19.000,24,1726
2025-10-29 17:24:19.000,24,1725
2025-10-29 17:24:19.000,24,1723
2025-10-29 17:24:20.001,24,2722
2025-10-29 17:24:20.001,24,2720
2025-10-29 17:24:20.001,24,2719
2025-10-29 17:24:20.001,24,1749
2025-10-29 17:24:20.001,24,1748
2025-10-29 17:24:20.001,24,1747
2025-10-29 17:24:20.001,24,1742
2025-10-29 17:24:20.001,24,1740
2025-10-29 17:24:20.001,24,1737
2025-10-29 17:24:20.001,24,1730
2025-10-29 17:24:21.000,32,2726
2025-10-29 17:24:21.000,32,2725
2025-10-29 17:24:21.000,32,2724
2025-10-29 17:24:21.000,32,2723
2025-10-29 17:24:21.000,32,1747
2025-10-29 17:24:21.000,32,1746
2025-10-29 17:24:21.000,32,1743
2025-10-29 17:24:21.000,32,1733
2025-10-29 17:24:21.000,32,1732
2025-10-29 17:24:21.000,32,1731
2025-10-29 17:24:22.000,37,2730
2025-10-29 17:24:22.000,37,2728
2025-10-29 17:24:22.000,37,2725
2025-10-29 17:24:22.000,37,2722
2025-10-29 17:24:22.000,37,2720
2025-10-29 17:24:22.000,37,2717
2025-10-29 17:24:22.000,37,2714
2025-10-29 17:24:22.000,37,2713
2025-10-29 17:24:22.000,37,1751
2025-10-29 17:24:22.000,37,1749
2025-10-29 17:24:23.000,37,2741
2025-10-29 17:24:23.000,37,2738
2025-10-29 17:24:23.000,37,2737
2025-10-29 17:24:23.000,37,2736
2025-10-29 17:24:23.000,37,2734
2025-10-29 17:24:23.000,37,2734
2025-10-29 17:24:23.000,37,2733
2025-10-29 17:24:23.000,37,2728
2025-10-29 17:24:23.000,37,2726
2025-10-29 17:24:23.000,37,2725
2025-10-29 17:24:24.001,40,3723
2025-10-29 17:24:24.001,40,3722
2025-10-29 17:24:24.001,40,2752
2025-10-29 17:24:24.001,40,2750
2025-10-29 17:24:24.001,40,2746
2025-10-29 17:24:24.001,40,2745
2025-10-29 17:24:24.001,40,2743
2025-10-29 17:24:24.001,40,2737
2025-10-29 17:24:24.001,40,2734
2025-10-29 17:24:24.001,40,2734
2025-10-29 17:24:25.001,37,3733
2025-10-29 17:24:25.001,37,3729
2025-10-29 17:24:25.001,37,3728
2025-10-29 17:24:25.001,37,3727
2025-10-29 17:24:25.001,37,3723
2025-10-29 17:24:25.001,37,3719
2025-10-29 17:24:25.001,37,3718
2025-10-29 17:24:25.001,37,2750
2025-10-29 17:24:25.001,37,2748
2025-10-29 17:24:25.001,37,2739
2025-10-29 17:24:26.000,37,3732
2025-10-29 17:24:26.000,37,3727
2025-10-29 17:24:26.000,37,3722
2025-10-29 17:24:26.000,37,3719
2025-10-29 17:24:26.000,37,3718
2025-10-29 17:24:26.000,37,3715
2025-10-29 17:24:26.000,37,3714
2025-10-29 17:24:26.000,37,3713
2025-10-29 17:24:26.000,37,2750
2025-10-29 17:24:26.000,37,2747
2025-10-29 17:24:27.000,34,3739
2025-10-29 17:24:27.000,34,3731
2025-10-29 17:24:27.000,34,3729
2025-10-29 17:24:27.000,34,3726
2025-10-29 17:24:27.000,34,3723
2025-10-29 17:24:27.000,34,3722
2025-10-29 17:24:27.000,34,3721
2025-10-29 17:24:27.000,34,2750
2025-10-29 17:24:27.000,34,2748
2025-10-29 17:24:27.000,34,2741
2025-10-29 17:24:28.001,34,3742
2025-10-29 17:24:28.001,34,3740
2025-10-29 17:24:28.001,34,3738
2025-10-29 17:24:28.001,34,3736
2025-10-29 17:24:28.001,34,3734
2025-10-29 17:24:28.001,34,3730
2025-10-29 17:24:28.001,34,3727
2025-10-29 17:24:28.001,34,2714
2025-10-29 17:24:28.001,34,2701
2025-10-29 17:24:28.001,34,2695
2025-10-29 17:24:29.000,38,3693
2025-10-29 17:24:29.000,38,3689
2025-10-29 17:24:29.000,38,3685
2025-10-29 17:24:29.000,38,3683
2025-10-29 17:24:29.000,38,3681
2025-10-29 17:24:29.000,38,2746
2025-10-29 17:24:29.000,38,2745
2025-10-29 17:24:29.000,38,2743
2025-10-29 17:24:29.000,38,2740
2025-10-29 17:24:29.000,38,2739
2025-10-29 17:24:30.000,38,3729
2025-10-29 17:24:30.000,38,3724
2025-10-29 17:24:30.000,38,3720
2025-10-29 17:24:30.000,38,3718
2025-10-29 17:24:30.000,38,2748
2025-10-29 17:24:30.000,38,2743
2025-10-29 17:24:30.000,38,2737
2025-10-29 17:24:30.000,38,2730
2025-10-29 17:24:30.000,38,2722
2025-10-29 17:24:30.000,38,2721
2025-10-29 17:24:31.001,33,3718
2025-10-29 17:24:31.001,33,3716
2025-10-29 17:24:31.001,33,2707
2025-10-29 17:24:31.001,33,2698
2025-10-29 17:24:31.001,33,2692
2025-10-29 17:24:31.001,33,2689
2025-10-29 17:24:31.001,33,2688
2025-10-29 17:24:31.001,33,2687
2025-10-29 17:24:31.001,33,2686
2025-10-29 17:24:31.001,33,2684
2025-10-29 17:24:32.000,33,3682
2025-10-29 17:24:32.000,33,3680
2025-10-29 17:24:32.000,33,3679
2025-10-29 17:24:32.000,33,3675
2025-10-29 17:24:32.000,33,3673
2025-10-29 17:24:32.000,33,3672
2025-10-29 17:24:32.000,33,3671
2025-10-29 17:24:32.000,33,3670
2025-10-29 17:24:32.000,33,2710
2025-10-29 17:24:32.000,33,2706
2025-10-29 17:24:33.000,33,3704
2025-10-29 17:24:33.000,33,3703
2025-10-29 17:24:33.000,33,3701
2025-10-29 17:24:33.000,33,3700
2025-10-29 17:24:33.000,33,3695
2025-10-29 17:24:33.000,33,3685
2025-10-29 17:24:33.000,33,2705
2025-10-29 17:24:33.000,33,2702
2025-10-29 17:24:33.000,33,2694
2025-10-29 17:24:33.000,33,2693
2025-10-29 17:24:34.001,38,3691
2025-10-29 17:24:34.001,38,3690
2025-10-29 17:24:34.001,38,3685
2025-10-29 17:24:34.001,38,2713
2025-10-29 17:24:34.001,38,2708
2025-10-29 17:24:34.001,38,2703
2025-10-29 17:24:34.001,38,2698
2025-10-29 17:24:34.001,38,2697
2025-10-29 17:24:34.001,38,2696
2025-10-29 17:24:34.001,38,2694
2025-10-29 17:24:35.000,35,3692
2025-10-29 17:24:35.001,35,3688
2025-10-29 17:24:35.001,35,3683
2025-10-29 17:24:35.001,35,2712
2025-10-29 17:24:35.001,35,2700
2025-10-29 17:24:35.001,35,2696
2025-10-29 17:24:35.001,35,2695
2025-10-29 17:24:35.001,35,2691
2025-10-29 17:24:35.001,35,2690
2025-10-29 17:24:35.001,35,2689
2025-10-29 17:24:36.000,35,3687
2025-10-29 17:24:36.000,35,3686
2025-10-29 17:24:36.000,35,3684
2025-10-29 17:24:36.000,35,3683
2025-10-29 17:24:36.000,35,3682
2025-10-29 17:24:36.000,35,3681
2025-10-29 17:24:36.000,35,2713
2025-10-29 17:24:36.000,35,2708
2025-10-29 17:24:36.000,35,2706
2025-10-29 17:24:36.000,35,2705
2025-10-29 17:24:37.000,35,3690
2025-10-29 17:24:37.000,35,3689
2025-10-29 17:24:37.000,35,3686
2025-10-29 17:24:37.000,35,3684
2025-10-29 17:24:37.000,35,2708
2025-10-29 17:24:37.000,35,2703
2025-10-29 17:24:37.000,35,2700
2025-10-29 17:24:37.000,35,2699
2025-10-29 17:24:37.000,35,2697
2025-10-29 17:24:37.000,35,2695
2025-10-29 17:24:38.000,38,3692
2025-10-29 17:24:38.000,38,3688
2025-10-29 17:24:38.000,38,3685
2025-10-29 17:24:38.000,38,3684
2025-10-29 17:24:38.000,38,3684
2025-10-29 17:24:38.000,38,2710
2025-10-29 17:24:38.000,38,2706
2025-10-29 17:24:38.000,38,2701
2025-10-29 17:24:38.000,38,2699
2025-10-29 17:24:38.000,38,2688
2025-10-29 17:24:39.001,38,3688
2025-10-29 17:24:39.001,38,3685
2025-10-29 17:24:39.001,38,3683
2025-10-29 17:24:39.001,38,2706
2025-10-29 17:24:39.001,38,2700
2025-10-29 17:24:39.001,38,2698
2025-10-29 17:24:39.001,38,2697
2025-10-29 17:24:39.001,38,2692
2025-10-29 17:24:39.001,38,2690
2025-10-29 17:24:39.001,38,2689
2025-10-29 17:24:40.000,38,3683
2025-10-29 17:24:40.000,38,3682
2025-10-29 17:24:40.000,38,3679
2025-10-29 17:24:40.000,38,3676
2025-10-29 17:24:40.000,38,2710
2025-10-29 17:24:40.000,38,2709
2025-10-29 17:24:40.000,38,2705
2025-10-29 17:24:40.000,38,2703
2025-10-29 17:24:40.000,38,2699
2025-10-29 17:24:40.000,38,2698
2025-10-29 17:24:41.000,43,3697
2025-10-29 17:24:41.000,43,3696
2025-10-29 17:24:41.000,43,3694
2025-10-29 17:24:41.000,43,3690
2025-10-29 17:24:41.000,43,3687
2025-10-29 17:24:41.000,43,3686
2025-10-29 17:24:41.000,43,3684
2025-10-29 17:24:41.000,43,3680
2025-10-29 17:24:41.000,43,2710
2025-10-29 17:24:41.000,43,2708
2025-10-29 17:24:42.001,43,3705
2025-10-29 17:24:42.001,43,3702
2025-10-29 17:24:42.001,43,3700
2025-10-29 17:24:42.001,43,3698
2025-10-29 17:24:42.001,43,3695
2025-10-29 17:24:42.001,43,3693
2025-10-29 17:24:42.001,43,3690
2025-10-29 17:24:42.001,43,3686
2025-10-29 17:24:42.001,43,2712
2025-10-29 17:24:42.001,43,2710
2025-10-29 17:24:43.000,48,3706
2025-10-29 17:24:43.000,48,3703
2025-10-29 17:24:43.000,48,3702
2025-10-29 17:24:43.000,48,3701
2025-10-29 17:24:43.000,48,3699
2025-10-29 17:24:43.000,48,3697
2025-10-29 17:24:43.000,48,3696
2025-10-29 17:24:43.000,48,3695
2025-10-29 17:24:43.000,48,3692
2025-10-29 17:24:43.000,48,3688
2025-10-29 17:24:44.000,48,4686
2025-10-29 17:24:44.001,48,4685
2025-10-29 17:24:44.001,48,4683
2025-10-29 17:24:44.001,48,4681
2025-10-29 17:24:44.001,48,4678
2025-10-29 17:24:44.001,48,3707
2025-10-29 17:24:44.001,48,3703
2025-10-29 17:24:44.001,48,3701
2025-10-29 17:24:44.001,48,3700
2025-10-29 17:24:44.001,48,3696
2025-10-29 17:24:45.000,51,4694
2025-10-29 17:24:45.000,51,4684
2025-10-29 17:24:45.000,51,4681
2025-10-29 17:24:45.000,51,3710
2025-10-29 17:24:45.000,51,3706
2025-10-29 17:24:45.000,51,3705
2025-10-29 17:24:45.000,51,3704
2025-10-29 17:24:45.000,51,3701
2025-10-29 17:24:45.000,51,3698
2025-10-29 17:24:45.000,51,3686
2025-10-29 17:24:46.001,54,4678
2025-10-29 17:24:46.001,54,4676
2025-10-29 17:24:46.001,54,4667
2025-10-29 17:24:46.001,54,4662
2025-10-29 17:24:46.001,54,4660
2025-10-29 17:24:46.001,54,3712
2025-10-29 17:24:46.001,54,3706
2025-10-29 17:24:46.001,54,3703
2025-10-29 17:24:46.001,54,3701
2025-10-29 17:24:46.001,54,3699
2025-10-29 17:24:47.000,53,4696
2025-10-29 17:24:47.000,53,4691
2025-10-29 17:24:47.000,53,4689
2025-10-29 17:24:47.000,53,4688
2025-10-29 17:24:47.000,53,4687
2025-10-29 17:24:47.000,53,4686
2025-10-29 17:24:47.000,53,4685
2025-10-29 17:24:47.000,53,4678
2025-10-29 17:24:47.000,53,3708
2025-10-29 17:24:47.000,53,3707
2025-10-29 17:24:48.000,53,4706
2025-10-29 17:24:48.000,53,4702
2025-10-29 17:24:48.000,53,4699
2025-10-29 17:24:48.000,53,4697
2025-10-29 17:24:48.000,53,4696
2025-10-29 17:24:48.000,53,4695
2025-10-29 17:24:48.000,53,4692
2025-10-29 17:24:48.000,53,4689
2025-10-29 17:24:48.000,53,4685
2025-10-29 17:24:48.000,53,3709
2025-10-29 17:24:49.000,57,4707
2025-10-29 17:24:49.000,57,4696
2025-10-29 17:24:49.000,57,4695
2025-10-29 17:24:49.000,57,4694
2025-10-29 17:24:49.000,57,4692
2025-10-29 17:24:49.000,57,4689
2025-10-29 17:24:49.000,57,4688
2025-10-29 17:24:49.000,57,4687
2025-10-29 17:24:49.000,57,4685
2025-10-29 17:24:49.001,57,4683
2025-10-29 17:24:50.000,54,5682
2025-10-29 17:24:50.000,54,5681
2025-10-29 17:24:50.000,54,4711
2025-10-29 17:24:50.000,54,4706
2025-10-29 17:24:50.000,54,4704
2025-10-29 17:24:50.000,54,4702
2025-10-29 17:24:50.000,54,4701
2025-10-29 17:24:50.000,54,4691
2025-10-29 17:24:50.000,54,4690
2025-10-29 17:24:50.000,54,4687
2025-10-29 17:24:51.000,54,5685
2025-10-29 17:24:51.000,54,4709
2025-10-29 17:24:51.000,54,4708
2025-10-29 17:24:51.000,54,4708
2025-10-29 17:24:51.000,54,4706
2025-10-29 17:24:51.000,54,4702
2025-10-29 17:24:51.000,54,4699
2025-10-29 17:24:51.000,54,4694
2025-10-29 17:24:51.000,54,4693
2025-10-29 17:24:51.000,54,4690
2025-10-29 17:24:52.001,49,5688
2025-10-29 17:24:52.001,49,5686
2025-10-29 17:24:52.001,49,5685
2025-10-29 17:24:52.001,49,4712
2025-10-29 17:24:52.001,49,4709
2025-10-29 17:24:52.001,49,4705
2025-10-29 17:24:52.001,49,4700
2025-10-29 17:24:52.001,49,4699
2025-10-29 17:24:52.001,49,4698
2025-10-29 17:24:52.001,49,4694
2025-10-29 17:24:53.000,49,5692
2025-10-29 17:24:53.000,49,5691
2025-10-29 17:24:53.000,49,5689
2025-10-29 17:24:53.000,49,5687
2025-10-29 17:24:53.000,49,5686
2025-10-29 17:24:53.000,49,5683
2025-10-29 17:24:53.000,49,4675
2025-10-29 17:24:53.000,49,4660
2025-10-29 17:24:53.000,49,4659
2025-10-29 17:24:53.000,49,4658
2025-10-29 17:24:54.000,53,5654
2025-10-29 17:24:54.000,53,5648
2025-10-29 17:24:54.000,53,4672
2025-10-29 17:24:54.000,53,4670
2025-10-29 17:24:54.000,53,4667
2025-10-29 17:24:54.000,53,4665
2025-10-29 17:24:54.000,53,4663
2025-10-29 17:24:54.000,53,4662
2025-10-29 17:24:54.000,53,4659
2025-10-29 17:24:54.000,53,4656
2025-10-29 17:24:55.001,53,5654
2025-10-29 17:24:55.001,53,5653
2025-10-29 17:24:55.001,53,5652
2025-10-29 17:24:55.001,53,5650
2025-10-29 17:24:55.001,53,4683
2025-10-29 17:24:55.001,53,4682
2025-10-29 17:24:55.001,53,4673
2025-10-29 17:24:55.001,53,4672
2025-10-29 17:24:55.001,53,4668
2025-10-29 17:24:55.001,53,4665
2025-10-29 17:24:56.001,46,5660
2025-10-29 17:24:56.001,46,5658
2025-10-29 17:24:56.001,46,5652
2025-10-29 17:24:56.001,46,5651
2025-10-29 17:24:56.001,46,5649
2025-10-29 17:24:56.001,46,4681
2025-10-29 17:24:56.001,46,4678
2025-10-29 17:24:56.001,46,4670
2025-10-29 17:24:56.001,46,4668
2025-10-29 17:24:56.001,46,3681
2025-10-29 17:24:57.000,46,4679
2025-10-29 17:24:57.000,46,4674
2025-10-29 17:24:57.000,46,4672
2025-10-29 17:24:57.000,46,4671
2025-10-29 17:24:57.000,46,4668
2025-10-29 17:24:57.000,46,4667
2025-10-29 17:24:57.000,46,4665
2025-10-29 17:24:57.000,46,4663
2025-10-29 17:24:57.000,46,4654
2025-10-29 17:24:57.000,46,4652
2025-10-29 17:24:58.000,46,4679
2025-10-29 17:24:58.000,46,4676
2025-10-29 17:24:58.000,46,4676
2025-10-29 17:24:58.000,46,4673
2025-10-29 17:24:58.000,46,4672
2025-10-29 17:24:58.000,46,4671
2025-10-29 17:24:58.000,46,4668
2025-10-29 17:24:58.000,46,4667
2025-10-29 17:24:58.000,46,4663
2025-10-29 17:24:58.000,46,4656
2025-10-29 17:24:59.000,49,5652
2025-10-29 17:24:59.000,49,4675
2025-10-29 17:24:59.000,49,4666
2025-10-29 17:24:59.000,49,4653
2025-10-29 17:24:59.000,49,3682
2025-10-29 17:24:59.000,49,3680
2025-10-29 17:24:59.000,49,3676
2025-10-29 17:24:59.000,49,3675
2025-10-29 17:24:59.000,49,3674
2025-10-29 17:24:59.000,49,3671
2025-10-29 17:25:00.001,48,4670
2025-10-29 17:25:00.001,48,4669
2025-10-29 17:25:00.001,48,4667
2025-10-29 17:25:00.001,48,4666
2025-10-29 17:25:00.001,48,4662
2025-10-29 17:25:00.001,48,4659
2025-10-29 17:25:00.001,48,3681
2025-10-29 17:25:00.001,48,3678
2025-10-29 17:25:00.001,48,3674
2025-10-29 17:25:00.001,48,3669
2025-10-29 17:25:01.001,48,4667
2025-10-29 17:25:01.001,48,4666
2025-10-29 17:25:01.001,48,4665
2025-10-29 17:25:01.001,48,4659
2025-10-29 17:25:01.001,48,4656
2025-10-29 17:25:01.001,48,4655
2025-10-29 17:25:01.001,48,3679
2025-10-29 17:25:01.001,48,3673
2025-10-29 17:25:01.001,48,3668
2025-10-29 17:25:01.001,48,3666
2025-10-29 17:25:02.000,51,4664
2025-10-29 17:25:02.000,51,4662
2025-10-29 17:25:02.000,51,4658
2025-10-29 17:25:02.000,51,4653
2025-10-29 17:25:02.000,51,4652
2025-10-29 17:25:02.000,51,4645
2025-10-29 17:25:02.000,51,3678
2025-10-29 17:25:02.000,51,3678
2025-10-29 17:25:02.000,51,3677
2025-10-29 17:25:02.000,51,3674
2025-10-29 17:25:03.001,51,4673
2025-10-29 17:25:03.001,51,4672
2025-10-29 17:25:03.001,51,4670
2025-10-29 17:25:03.001,51,4669
2025-10-29 17:25:03.001,51,4667
2025-10-29 17:25:03.001,51,4665
2025-10-29 17:25:03.001,51,4663
2025-10-29 17:25:03.001,51,4653
2025-10-29 17:25:03.001,51,4651
2025-10-29 17:25:03.001,51,3682
2025-10-29 17:25:04.000,51,4677
2025-10-29 17:25:04.000,51,4676
2025-10-29 17:25:04.000,51,4675
2025-10-29 17:25:04.000,51,4673
2025-10-29 17:25:04.000,51,4662
2025-10-29 17:25:04.000,51,4660
2025-10-29 17:25:04.000,51,4655
2025-10-29 17:25:04.000,51,4641
2025-10-29 17:25:04.000,51,3675
2025-10-29 17:25:04.000,51,3670
2025-10-29 17:25:05.001,51,4668
2025-10-29 17:25:05.001,51,4667
2025-10-29 17:25:05.001,51,4666
2025-10-29 17:25:05.001,51,4665
2025-10-29 17:25:05.001,51,4662
2025-10-29 17:25:05.001,51,4657
2025-10-29 17:25:05.001,51,4654
2025-10-29 17:25:05.001,51,4652
2025-10-29 17:25:05.001,51,4651
2025-10-29 17:25:05.001,51,3675
2025-10-29 17:25:06.000,42,4667
2025-10-29 17:25:06.000,42,4664
2025-10-29 17:25:06.000,42,4659
2025-10-29 17:25:06.000,42,4657
2025-10-29 17:25:06.000,42,4654
2025-10-29 17:25:06.000,42,4651
2025-10-29 17:25:06.000,42,4648
2025-10-29 17:25:06.000,42,4645
2025-10-29 17:25:06.000,42,4643
2025-10-29 17:25:06.000,42,4642
2025-10-29 17:25:07.000,38,5641
2025-10-29 17:25:07.000,38,4679
2025-10-29 17:25:07.000,38,4674
2025-10-29 17:25:07.000,38,4673
2025-10-29 17:25:07.000,38,4672
2025-10-29 17:25:07.000,38,4669
2025-10-29 17:25:07.000,38,4667
2025-10-29 17:25:07.000,38,4665
2025-10-29 17:25:07.000,38,4664
2025-10-29 17:25:07.000,38,4660
2025-10-29 17:25:08.001,34,4679
2025-10-29 17:25:08.001,34,4671
2025-10-29 17:25:08.001,34,4668
2025-10-29 17:25:08.001,34,4666
2025-10-29 17:25:08.001,34,4657
2025-10-29 17:25:08.001,34,4656
2025-10-29 17:25:08.001,34,4655
2025-10-29 17:25:08.001,34,4652
2025-10-29 17:25:08.001,34,4644
2025-10-29 17:25:08.001,34,4642
2025-10-29 17:25:09.000,35,5639
2025-10-29 17:25:09.000,35,4673
2025-10-29 17:25:09.000,35,4670
2025-10-29 17:25:09.000,35,4668
2025-10-29 17:25:09.000,35,4663
2025-10-29 17:25:09.000,35,4660
2025-10-29 17:25:09.000,35,4651
2025-10-29 17:25:09.000,35,3678
2025-10-29 17:25:09.000,35,3664
2025-10-29 17:25:09.000,35,3657
2025-10-29 17:25:10.001,35,4655
2025-10-29 17:25:10.001,35,4651
2025-10-29 17:25:10.001,35,3682
2025-10-29 17:25:10.001,35,3673
2025-10-29 17:25:10.001,35,3669
2025-10-29 17:25:10.001,35,3661
2025-10-29 17:25:10.001,35,3658
2025-10-29 17:25:10.001,35,3651
2025-10-29 17:25:10.001,35,2682
2025-10-29 17:25:10.001,35,2670
2025-10-29 17:25:11.000,36,3663
2025-10-29 17:25:11.000,36,3659
2025-10-29 17:25:11.000,36,3658
2025-10-29 17:25:11.000,36,3657
2025-10-29 17:25:11.000,36,2648
2025-10-29 17:25:11.000,36,2647
2025-10-29 17:25:11.000,36,2646
2025-10-29 17:25:11.000,36,2643
2025-10-29 17:25:11.000,36,2642
2025-10-29 17:25:11.000,36,2639
2025-10-29 17:25:12.000,36,3635
2025-10-29 17:25:12.000,36,3633
2025-10-29 17:25:12.000,36,3632
2025-10-29 17:25:12.000,36,3616
2025-10-29 17:25:12.000,36,3615
2025-10-29 17:25:12.000,36,2646
2025-10-29 17:25:12.000,36,2641
2025-10-29 17:25:12.000,36,2639
2025-10-29 17:25:12.000,36,2638
2025-10-29 17:25:12.000,36,2635
2025-10-29 17:25:13.001,37,3632
2025-10-29 17:25:13.001,37,3630
2025-10-29 17:25:13.001,37,3628
2025-10-29 17:25:13.001,37,3627
2025-10-29 17:25:13.001,37,3624
2025-10-29 17:25:13.001,37,3624
2025-10-29 17:25:13.001,37,3623
2025-10-29 17:25:13.001,37,3622
2025-10-29 17:25:13.001,37,2649
2025-10-29 17:25:13.001,37,2642
2025-10-29 17:25:14.000,28,3640
2025-10-29 17:25:14.000,28,3638
2025-10-29 17:25:14.000,28,3630
2025-10-29 17:25:14.000,28,3624
2025-10-29 17:25:14.000,28,3622
2025-10-29 17:25:14.000,28,3621
2025-10-29 17:25:14.000,28,2647
2025-10-29 17:25:14.000,28,2646
2025-10-29 17:25:14.000,28,2644
2025-10-29 17:25:14.000,28,2641
2025-10-29 17:25:15.000,28,3630
2025-10-29 17:25:15.000,28,3628
2025-10-29 17:25:15.000,28,3621
2025-10-29 17:25:15.000,28,3620
2025-10-29 17:25:15.000,28,3618
2025-10-29 17:25:15.000,28,2651
2025-10-29 17:25:15.000,28,2649
2025-10-29 17:25:15.000,28,2637
2025-10-29 17:25:15.000,28,2634
2025-10-29 17:25:15.000,28,2631
2025-10-29 17:25:16.001,28,3626
2025-10-29 17:25:16.001,28,2652
2025-10-29 17:25:16.001,28,2649
2025-10-29 17:25:16.001,28,2646
2025-10-29 17:25:16.001,28,2636
2025-10-29 17:25:16.001,28,2630
2025-10-29 17:25:16.001,28,2626
2025-10-29 17:25:16.001,28,2619
2025-10-29 17:25:16.001,28,1648
2025-10-29 17:25:16.001,28,1637
2025-10-29 17:25:17.000,36,2634
2025-10-29 17:25:17.000,36,2622
2025-10-29 17:25:17.000,36,2613
2025-10-29 17:25:17.000,36,2599
2025-10-29 17:25:17.000,36,2596
2025-10-29 17:25:17.000,36,2593
2025-10-29 17:25:17.000,36,2590
2025-10-29 17:25:17.000,36,2589
2025-10-29 17:25:17.000,36,1650
2025-10-29 17:25:17.000,36,1649
2025-10-29 17:25:18.000,32,2648
2025-10-29 17:25:18.000,32,2646
2025-10-29 17:25:18.000,32,2644
2025-10-29 17:25:18.000,32,2641
2025-10-29 17:25:18.000,32,2640
2025-10-29 17:25:18.000,32,2638
2025-10-29 17:25:18.000,32,2636
2025-10-29 17:25:18.000,32,2634
2025-10-29 17:25:18.000,32,2632
2025-10-29 17:25:18.000,32,2627
2025-10-29 17:25:19.000,32,3623
2025-10-29 17:25:19.000,32,3619
2025-10-29 17:25:19.000,32,3618
2025-10-29 17:25:19.000,32,3617
2025-10-29 17:25:19.000,32,2648
2025-10-29 17:25:19.000,32,2646
2025-10-29 17:25:19.000,32,2643
2025-10-29 17:25:19.000,32,2639
2025-10-29 17:25:19.000,32,2638
2025-10-29 17:25:19.000,32,2635
2025-10-29 17:25:20.001,33,3635
2025-10-29 17:25:20.001,33,3623
2025-10-29 17:25:20.001,33,2650
2025-10-29 17:25:20.001,33,2637
2025-10-29 17:25:20.001,33,2636
2025-10-29 17:25:20.001,33,2630
2025-10-29 17:25:20.001,33,2626
2025-10-29 17:25:20.001,33,2624
2025-10-29 17:25:20.001,33,2620
2025-10-29 17:25:20.001,33,2617
2025-10-29 17:25:21.000,31,3614
2025-10-29 17:25:21.000,31,3612
2025-10-29 17:25:21.000,31,2648
2025-10-29 17:25:21.000,31,2646
2025-10-29 17:25:21.000,31,2643
2025-10-29 17:25:21.000,31,2638
2025-10-29 17:25:21.000,31,2618
2025-10-29 17:25:21.000,31,2617
2025-10-29 17:25:21.000,31,2612
2025-10-29 17:25:21.000,31,2610
2025-10-29 17:25:22.000,31,3607
2025-10-29 17:25:22.225,31,3581
2025-10-29 17:25:22.225,31,2649
2025-10-29 17:25:22.225,31,2866
2025-10-29 17:25:22.225,31,2860
2025-10-29 17:25:22.225,31,2853
2025-10-29 17:25:22.225,31,2850
2025-10-29 17:25:22.225,31,2847
2025-10-29 17:25:22.225,31,2845
2025-10-29 17:25:22.225,31,2843
2025-10-29 17:25:23.000,30,3613
2025-10-29 17:25:23.000,30,3608
2025-10-29 17:25:23.000,30,3606
2025-10-29 17:25:23.000,30,2650
2025-10-29 17:25:23.000,30,2648
2025-10-29 17:25:23.000,30,2645
2025-10-29 17:25:23.000,30,2642
2025-10-29 17:25:23.000,30,2637
2025-10-29 17:25:23.000,30,2622
2025-10-29 17:25:23.000,30,2615
2025-10-29 17:25:24.000,30,3606
2025-10-29 17:25:24.000,30,2647
2025-10-29 17:25:24.000,30,2643
2025-10-29 17:25:24.000,30,2639
2025-10-29 17:25:24.000,30,2638
2025-10-29 17:25:24.000,30,2637
2025-10-29 17:25:24.000,30,2632
2025-10-29 17:25:24.000,30,2631
2025-10-29 17:25:24.000,30,2630
2025-10-29 17:25:24.000,30,2628
2025-10-29 17:25:25.001,31,3626
2025-10-29 17:25:25.001,31,3625
2025-10-29 17:25:25.001,31,3621
2025-10-29 17:25:25.001,31,3620
2025-10-29 17:25:25.001,31,3619
2025-10-29 17:25:25.001,31,2643
2025-10-29 17:25:25.001,31,2641
2025-10-29 17:25:25.001,31,2636
2025-10-29 17:25:25.001,31,2626
2025-10-29 17:25:25.001,31,2623
2025-10-29 17:25:26.000,32,2650
2025-10-29 17:25:26.000,32,2639
2025-10-29 17:25:26.000,32,2637
2025-10-29 17:25:26.000,32,2636
2025-10-29 17:25:26.000,32,2635
2025-10-29 17:25:26.000,32,2628
2025-10-29 17:25:26.000,32,2625
2025-10-29 17:25:26.000,32,2622
2025-10-29 17:25:26.000,32,1644
2025-10-29 17:25:26.000,32,1641
2025-10-29 17:25:27.000,31,2639
2025-10-29 17:25:27.000,31,2634
2025-10-29 17:25:27.000,31,2633
2025-10-29 17:25:27.000,31,2632
2025-10-29 17:25:27.000,31,2632
2025-10-29 17:25:27.000,31,2630
2025-10-29 17:25:27.000,31,2625
2025-10-29 17:25:27.000,31,2621
2025-10-29 17:25:27.000,31,2619
2025-10-29 17:25:27.000,31,2618
2025-10-29 17:25:28.001,26,2647
2025-10-29 17:25:28.001,26,2640
2025-10-29 17:25:28.001,26,2637
2025-10-29 17:25:28.001,26,2635
2025-10-29 17:25:28.001,26,2633
2025-10-29 17:25:28.001,26,2623
2025-10-29 17:25:28.001,26,2614
2025-10-29 17:25:28.001,26,2612
2025-10-29 17:25:28.001,26,2610
2025-10-29 17:25:28.001,26,1644
2025-10-29 17:25:29.000,26,2640
2025-10-29 17:25:29.000,26,2637
2025-10-29 17:25:29.000,26,2636
2025-10-29 17:25:29.000,26,2635
2025-10-29 17:25:29.000,26,2634
2025-10-29 17:25:29.000,26,2627
2025-10-29 17:25:29.000,26,2625
2025-10-29 17:25:29.000,26,2622
2025-10-29 17:25:29.000,26,2619
2025-10-29 17:25:29.000,26,1648
2025-10-29 17:25:30.000,49,2640
2025-10-29 17:25:30.000,49,2639
2025-10-29 17:25:30.000,49,2635
2025-10-29 17:25:30.000,49,2630
2025-10-29 17:25:30.000,49,2625
2025-10-29 17:25:30.000,49,2623
2025-10-29 17:25:30.000,49,1618
2025-10-29 17:25:30.000,49,1616
2025-10-29 17:25:30.000,49,1614
2025-10-29 17:25:30.000,49,1606
2025-10-29 17:25:31.000,71,2605
2025-10-29 17:25:31.000,71,2604
2025-10-29 17:25:31.000,71,2601
2025-10-29 17:25:31.000,71,2599
2025-10-29 17:25:31.000,71,2596
2025-10-29 17:25:31.000,71,2594
2025-10-29 17:25:31.000,71,2592
2025-10-29 17:25:31.000,71,2590
2025-10-29 17:25:31.000,71,2589
2025-10-29 17:25:31.000,71,2587
2025-10-29 17:25:32.001,104,3586
2025-10-29 17:25:32.001,104,3585
2025-10-29 17:25:32.001,104,3581
2025-10-29 17:25:32.001,104,3578
2025-10-29 17:25:32.001,104,3577
2025-10-29 17:25:32.001,104,3573
2025-10-29 17:25:32.001,104,3571
2025-10-29 17:25:32.001,104,3568
2025-10-29 17:25:32.001,104,3567
2025-10-29 17:25:32.001,104,3567
2025-10-29 17:25:33.000,104,4564
2025-10-29 17:25:33.000,104,4562
2025-10-29 17:25:33.000,104,4559
2025-10-29 17:25:33.000,104,4555
2025-10-29 17:25:33.000,104,4548
2025-10-29 17:25:33.000,104,4546
2025-10-29 17:25:33.000,104,3617
2025-10-29 17:25:33.000,104,3615
2025-10-29 17:25:33.000,104,3614
2025-10-29 17:25:33.000,104,3613
2025-10-29 17:25:34.000,132,4612
2025-10-29 17:25:34.000,132,4610
2025-10-29 17:25:34.000,132,4607
2025-10-29 17:25:34.000,132,4603
2025-10-29 17:25:34.000,132,4600
2025-10-29 17:25:34.000,132,4599
2025-10-29 17:25:34.000,132,4597
2025-10-29 17:25:34.000,132,4595
2025-10-29 17:25:34.000,132,4588
2025-10-29 17:25:34.000,132,4585
2025-10-29 17:25:35.001,144,5583
2025-10-29 17:25:35.001,144,5581
2025-10-29 17:25:35.001,144,5574
2025-10-29 17:25:35.001,144,5571
2025-10-29 17:25:35.001,144,5567
2025-10-29 17:25:35.001,144,5564
2025-10-29 17:25:35.001,144,5561
2025-10-29 17:25:35.001,144,5558
2025-10-29 17:25:35.001,144,5557
2025-10-29 17:25:35.001,144,5556
2025-10-29 17:25:36.001,144,6553
2025-10-29 17:25:36.005,144,6550
2025-10-29 17:25:36.005,144,6547
2025-10-29 17:25:36.005,144,6549
2025-10-29 17:25:36.005,144,6545
2025-10-29 17:25:36.005,144,6544
2025-10-29 17:25:36.005,144,6543
2025-10-29 17:25:36.005,144,6541
2025-10-29 17:25:36.005,144,6539
2025-10-29 17:25:36.005,144,6536
2025-10-29 17:25:37.000,150,6616
2025-10-29 17:25:37.000,150,6607
2025-10-29 17:25:37.000,150,6606
2025-10-29 17:25:37.000,150,6605
2025-10-29 17:25:37.000,150,6604
2025-10-29 17:25:37.000,150,6598
2025-10-29 17:25:37.000,150,6598
2025-10-29 17:25:37.000,150,6594
2025-10-29 17:25:37.000,150,6588
2025-10-29 17:25:37.000,150,6586
2025-10-29 17:25:38.000,172,7585
2025-10-29 17:25:38.000,172,7584
2025-10-29 17:25:38.000,172,7582
2025-10-29 17:25:38.000,172,7572
2025-10-29 17:25:38.000,172,7571
2025-10-29 17:25:38.000,172,7569
2025-10-29 17:25:38.000,172,7565
2025-10-29 17:25:38.000,172,7562
2025-10-29 17:25:38.000,172,7559
2025-10-29 17:25:38.000,172,7556
2025-10-29 17:25:39.001,172,8554
2025-10-29 17:25:39.001,172,8550
2025-10-29 17:25:39.001,172,8546
2025-10-29 17:25:39.001,172,8544
2025-10-29 17:25:39.001,172,8536
2025-10-29 17:25:39.001,172,8533
2025-10-29 17:25:39.001,172,7619
2025-10-29 17:25:39.001,172,7618
2025-10-29 17:25:39.001,172,7615
2025-10-29 17:25:39.001,172,7613
2025-10-29 17:25:40.000,182,8610
2025-10-29 17:25:40.000,182,8609
2025-10-29 17:25:40.000,182,8606
2025-10-29 17:25:40.000,182,8605
2025-10-29 17:25:40.000,182,8602
2025-10-29 17:25:40.000,182,8594
2025-10-29 17:25:40.000,182,8592
2025-10-29 17:25:40.000,182,8585
2025-10-29 17:25:40.000,182,8581
2025-10-29 17:25:40.000,182,8577
2025-10-29 17:25:41.000,197,9573
2025-10-29 17:25:41.000,197,9572
2025-10-29 17:25:41.000,197,9568
2025-10-29 17:25:41.000,197,9565
2025-10-29 17:25:41.000,197,9562
2025-10-29 17:25:41.000,197,9558
2025-10-29 17:25:41.000,197,9556
2025-10-29 17:25:41.000,197,9554
2025-10-29 17:25:41.000,197,9553
2025-10-29 17:25:41.000,197,9550
2025-10-29 17:25:42.001,210,10542
2025-10-29 17:25:42.001,210,10541
2025-10-29 17:25:42.001,210,10538
2025-10-29 17:25:42.001,210,10536
2025-10-29 17:25:42.001,210,9618
2025-10-29 17:25:42.001,210,9614
2025-10-29 17:25:42.001,210,9612
2025-10-29 17:25:42.001,210,9609
2025-10-29 17:25:42.001,210,9608
2025-10-29 17:25:42.001,210,9606
2025-10-29 17:25:43.000,224,10603
2025-10-29 17:25:43.000,224,10600
2025-10-29 17:25:43.000,224,10597
2025-10-29 17:25:43.000,224,10592
2025-10-29 17:25:43.000,224,10591
2025-10-29 17:25:43.000,224,10586
2025-10-29 17:25:43.000,224,10584
2025-10-29 17:25:43.000,224,10582
2025-10-29 17:25:43.000,224,10572
2025-10-29 17:25:43.000,224,10571
2025-10-29 17:25:44.000,224,11567
2025-10-29 17:25:44.000,224,11563
2025-10-29 17:25:44.000,224,11562
2025-10-29 17:25:44.000,224,11560
2025-10-29 17:25:44.000,224,11558
2025-10-29 17:25:44.000,224,11557
2025-10-29 17:25:44.000,224,10617
2025-10-29 17:25:44.000,224,10615
2025-10-29 17:25:44.000,224,10612
2025-10-29 17:25:44.000,224,10612
2025-10-29 17:25:45.001,234,11607
2025-10-29 17:25:45.001,234,11604
2025-10-29 17:25:45.001,234,11601
2025-10-29 17:25:45.001,234,11600
2025-10-29 17:25:45.001,234,11599
2025-10-29 17:25:45.001,234,11593
2025-10-29 17:25:45.001,234,11589
2025-10-29 17:25:45.001,234,11586
2025-10-29 17:25:45.001,234,11584
2025-10-29 17:25:45.001,234,11583
2025-10-29 17:25:46.000,247,12579
2025-10-29 17:25:46.000,247,12565
2025-10-29 17:25:46.000,247,12565
2025-10-29 17:25:46.000,247,12560
2025-10-29 17:25:46.000,247,12558
2025-10-29 17:25:46.000,247,12557
2025-10-29 17:25:46.000,247,12553
2025-10-29 17:25:46.000,247,12551
2025-10-29 17:25:46.000,247,12549
2025-10-29 17:25:46.000,247,12546
2025-10-29 17:25:47.000,247,13545
2025-10-29 17:25:47.000,247,13543
2025-10-29 17:25:47.000,247,12617
2025-10-29 17:25:47.000,247,12613
2025-10-29 17:25:47.000,247,12611
2025-10-29 17:25:47.000,247,12607
2025-10-29 17:25:47.000,247,12602
2025-10-29 17:25:47.000,247,12601
2025-10-29 17:25:47.000,247,12599
2025-10-29 17:25:47.000,247,12597
2025-10-29 17:25:48.001,254,13593
2025-10-29 17:25:48.001,254,13592
2025-10-29 17:25:48.001,254,13591
2025-10-29 17:25:48.001,254,13589
2025-10-29 17:25:48.001,254,13585
2025-10-29 17:25:48.001,254,13583
2025-10-29 17:25:48.001,254,13580
2025-10-29 17:25:48.001,254,13578
2025-10-29 17:25:48.001,254,13576
2025-10-29 17:25:48.001,254,13569
2025-10-29 17:25:49.001,257,14568
2025-10-29 17:25:49.001,257,14565
2025-10-29 17:25:49.001,257,14554
2025-10-29 17:25:49.001,257,14550
2025-10-29 17:25:49.001,257,13612
2025-10-29 17:25:49.001,257,13607
2025-10-29 17:25:49.001,257,13603
2025-10-29 17:25:49.001,257,13601
2025-10-29 17:25:49.001,257,13594
2025-10-29 17:25:49.001,257,13590
2025-10-29 17:25:50.000,286,14585
2025-10-29 17:25:50.000,286,14585
2025-10-29 17:25:50.000,286,14584
2025-10-29 17:25:50.000,286,14550
2025-10-29 17:25:50.000,286,14547
2025-10-29 17:25:50.000,286,14545
2025-10-29 17:25:50.000,286,14544
2025-10-29 17:25:50.000,286,14541
2025-10-29 17:25:50.000,286,14538
2025-10-29 17:25:50.000,286,13618
2025-10-29 17:25:51.000,307,14616
2025-10-29 17:25:51.000,307,14607
2025-10-29 17:25:51.000,307,14606
2025-10-29 17:25:51.000,307,14603
2025-10-29 17:25:51.000,307,14601
2025-10-29 17:25:51.000,307,14595
2025-10-29 17:25:51.000,307,14584
2025-10-29 17:25:51.000,307,14583
2025-10-29 17:25:51.000,307,14579
2025-10-29 17:25:51.000,307,14574
2025-10-29 17:25:52.028,323,15597
2025-10-29 17:25:52.028,323,15594
2025-10-29 17:25:52.028,323,15590
2025-10-29 17:25:52.028,323,15582
2025-10-29 17:25:52.028,323,15581
2025-10-29 17:25:52.028,323,15577
2025-10-29 17:25:52.029,323,15576
2025-10-29 17:25:52.029,323,15566
2025-10-29 17:25:52.029,323,15564
2025-10-29 17:25:52.029,323,15563
2025-10-29 17:25:53.000,336,15617
2025-10-29 17:25:53.000,336,15616
2025-10-29 17:25:53.000,336,15614
2025-10-29 17:25:53.000,336,15608
2025-10-29 17:25:53.000,336,15608
2025-10-29 17:25:53.000,336,15602
2025-10-29 17:25:53.000,336,15595
2025-10-29 17:25:53.000,336,15589
2025-10-29 17:25:53.000,336,15585
2025-10-29 17:25:53.000,336,15574
2025-10-29 17:25:54.000,349,16574
2025-10-29 17:25:54.000,349,16570
2025-10-29 17:25:54.000,349,16568
2025-10-29 17:25:54.000,349,16564
2025-10-29 17:25:54.000,349,16561
2025-10-29 17:25:54.000,349,16560
2025-10-29 17:25:54.000,349,16553
2025-10-29 17:25:54.000,349,16552
2025-10-29 17:25:54.000,349,16550
2025-10-29 17:25:54.000,349,16544
2025-10-29 17:25:55.000,359,17543
2025-10-29 17:25:55.000,359,17538
2025-10-29 17:25:55.000,359,16611
2025-10-29 17:25:55.000,359,16609
2025-10-29 17:25:55.000,359,16605
2025-10-29 17:25:55.000,359,16604
2025-10-29 17:25:55.000,359,16603
2025-10-29 17:25:55.000,359,16591
2025-10-29 17:25:55.000,359,16586
2025-10-29 17:25:55.000,359,16584
2025-10-29 17:25:56.001,367,17581
2025-10-29 17:25:56.001,367,17564
2025-10-29 17:25:56.001,367,17559
2025-10-29 17:25:56.001,367,17556
2025-10-29 17:25:56.001,367,17554
2025-10-29 17:25:56.001,367,17551
2025-10-29 17:25:56.001,367,17549
2025-10-29 17:25:56.001,367,17546
2025-10-29 17:25:56.001,367,17541
2025-10-29 17:25:56.001,367,16615
2025-10-29 17:25:57.000,369,17612
2025-10-29 17:25:57.000,369,17610
2025-10-29 17:25:57.000,369,17608
2025-10-29 17:25:57.000,369,17603
2025-10-29 17:25:57.000,369,17601
2025-10-29 17:25:57.000,369,17598
2025-10-29 17:25:57.000,369,17593
2025-10-29 17:25:57.000,369,17591
2025-10-29 17:25:57.000,369,17587
2025-10-29 17:25:57.000,369,17586
2025-10-29 17:25:58.001,382,18585
2025-10-29 17:25:58.001,382,18582
2025-10-29 17:25:58.001,382,18579
2025-10-29 17:25:58.001,382,18574
2025-10-29 17:25:58.001,382,18571
2025-10-29 17:25:58.001,382,18570
2025-10-29 17:25:58.001,382,18567
2025-10-29 17:25:58.001,382,18564
2025-10-29 17:25:58.001,382,18562
2025-10-29 17:25:58.001,382,18559
2025-10-29 17:25:59.000,388,19553
2025-10-29 17:25:59.000,388,19551
2025-10-29 17:25:59.000,388,19549
2025-10-29 17:25:59.000,388,19542
2025-10-29 17:25:59.000,388,19540
2025-10-29 17:25:59.000,388,18613
2025-10-29 17:25:59.000,388,18608
2025-10-29 17:25:59.000,388,18605
2025-10-29 17:25:59.000,388,18603
2025-10-29 17:25:59.000,388,18598
2025-10-29 17:26:00.000,397,19588
2025-10-29 17:26:00.000,397,19588
2025-10-29 17:26:00.000,397,19586
2025-10-29 17:26:00.000,397,19584
2025-10-29 17:26:00.000,397,19582
2025-10-29 17:26:00.000,397,19580
2025-10-29 17:26:00.000,397,19579
2025-10-29 17:26:00.000,397,19577
2025-10-29 17:26:00.000,397,19576
2025-10-29 17:26:00.000,397,19574
2025-10-29 17:26:01.001,403,20573
2025-10-29 17:26:01.001,403,20572
2025-10-29 17:26:01.001,403,20568
2025-10-29 17:26:01.001,403,20565
2025-10-29 17:26:01.001,403,20561
2025-10-29 17:26:01.001,403,20550
2025-10-29 17:26:01.001,403,20545
2025-10-29 17:26:01.001,403,20543
2025-10-29 17:26:01.001,403,19615
2025-10-29 17:26:01.001,403,19602
2025-10-29 17:26:02.000,413,20599
2025-10-29 17:26:02.000,413,20596
2025-10-29 17:26:02.000,413,20593
2025-10-29 17:26:02.000,413,20592
2025-10-29 17:26:02.000,413,20587
2025-10-29 17:26:02.000,413,20586
2025-10-29 17:26:02.000,413,20583
2025-10-29 17:26:02.000,413,20581
2025-10-29 17:26:02.000,413,20579
2025-10-29 17:26:02.000,413,20575
2025-10-29 17:26:03.001,408,21573
2025-10-29 17:26:03.001,408,21572
2025-10-29 17:26:03.001,408,21560
2025-10-29 17:26:03.001,408,21551
2025-10-29 17:26:03.001,408,21541
2025-10-29 17:26:03.001,408,21537
2025-10-29 17:26:03.001,408,20620
2025-10-29 17:26:03.001,408,20613
2025-10-29 17:26:03.001,408,20609
2025-10-29 17:26:03.001,408,20606
2025-10-29 17:26:04.000,421,21604
2025-10-29 17:26:04.000,421,21601
2025-10-29 17:26:04.000,421,21599
2025-10-29 17:26:04.000,421,21598
2025-10-29 17:26:04.000,421,21592
2025-10-29 17:26:04.000,421,21590
2025-10-29 17:26:04.000,421,21586
2025-10-29 17:26:04.000,421,21582
2025-10-29 17:26:04.000,421,21567
2025-10-29 17:26:04.000,421,21564
2025-10-29 17:26:05.000,425,22559
2025-10-29 17:26:05.000,425,22557
2025-10-29 17:26:05.000,425,22553
2025-10-29 17:26:05.000,425,22545
2025-10-29 17:26:05.000,425,21618
2025-10-29 17:26:05.000,425,21612
2025-10-29 17:26:05.000,425,21608
2025-10-29 17:26:05.000,425,21608
2025-10-29 17:26:05.000,425,21601
2025-10-29 17:26:05.000,425,21596
2025-10-29 17:26:06.001,425,22595
2025-10-29 17:26:06.001,425,22593
2025-10-29 17:26:06.001,425,22583
2025-10-29 17:26:06.001,425,22583
2025-10-29 17:26:06.001,425,22577
2025-10-29 17:26:06.001,425,22576
2025-10-29 17:26:06.001,425,22575
2025-10-29 17:26:06.001,425,22564
2025-10-29 17:26:06.001,425,22563
2025-10-29 17:26:06.001,425,22561
2025-10-29 17:26:07.000,430,23549
2025-10-29 17:26:07.000,430,23547
2025-10-29 17:26:07.000,430,22617
2025-10-29 17:26:07.000,430,22610
2025-10-29 17:26:07.000,430,22593
2025-10-29 17:26:07.000,430,22590
2025-10-29 17:26:07.000,430,22589
2025-10-29 17:26:07.000,430,22586
2025-10-29 17:26:07.000,430,22580
2025-10-29 17:26:07.000,430,22574
2025-10-29 17:26:08.000,430,23571
2025-10-29 17:26:08.000,430,23561
2025-10-29 17:26:08.000,430,23558
2025-10-29 17:26:08.000,430,23554
2025-10-29 17:26:08.000,430,23546
2025-10-29 17:26:08.000,430,22615
2025-10-29 17:26:08.000,430,22611
2025-10-29 17:26:08.000,430,22608
2025-10-29 17:26:08.000,430,22606
2025-10-29 17:26:08.000,430,22603
2025-10-29 17:26:09.001,425,23603
2025-10-29 17:26:09.001,425,23599
2025-10-29 17:26:09.001,425,23589
2025-10-29 17:26:09.001,425,23580
2025-10-29 17:26:09.001,425,23573
2025-10-29 17:26:09.001,425,23571
2025-10-29 17:26:09.001,425,23570
2025-10-29 17:26:09.001,425,23567
2025-10-29 17:26:09.001,425,23557
2025-10-29 17:26:09.001,425,23556
2025-10-29 17:26:10.000,423,24550
2025-10-29 17:26:10.000,423,24550
2025-10-29 17:26:10.000,423,24545
2025-10-29 17:26:10.000,423,24544
2025-10-29 17:26:10.000,423,24541
2025-10-29 17:26:10.000,423,24540
2025-10-29 17:26:10.000,423,24539
2025-10-29 17:26:10.000,423,23617
2025-10-29 17:26:10.000,423,23611
2025-10-29 17:26:10.000,423,23608
2025-10-29 17:26:11.001,418,24607
2025-10-29 17:26:11.001,418,24602
2025-10-29 17:26:11.001,418,24598
2025-10-29 17:26:11.001,418,24595
2025-10-29 17:26:11.001,418,24591
2025-10-29 17:26:11.001,418,24587
2025-10-29 17:26:11.001,418,24583
2025-10-29 17:26:11.001,418,24578
2025-10-29 17:26:11.001,418,24569
2025-10-29 17:26:11.001,418,24560
2025-10-29 17:26:12.000,410,25557
2025-10-29 17:26:12.000,410,25553
2025-10-29 17:26:12.000,410,24612
2025-10-29 17:26:12.000,410,24508
2025-10-29 17:26:12.000,410,24483
2025-10-29 17:26:12.000,410,24457
2025-10-29 17:26:12.000,410,24437
2025-10-29 17:26:12.000,410,24396
2025-10-29 17:26:12.000,410,24372
2025-10-29 17:26:12.000,410,24358
2025-10-29 17:26:13.000,406,25339
2025-10-29 17:26:13.000,406,24324
2025-10-29 17:26:13.000,406,24317
2025-10-29 17:26:13.000,406,24314
2025-10-29 17:26:13.000,406,24310
2025-10-29 17:26:13.000,406,24305
2025-10-29 17:26:13.000,406,24303
2025-10-29 17:26:13.000,406,24302
2025-10-29 17:26:13.000,406,24290
2025-10-29 17:26:13.000,406,24273
2025-10-29 17:26:14.001,403,25270
2025-10-29 17:26:14.001,403,25268
2025-10-29 17:26:14.001,403,25264
2025-10-29 17:26:14.001,403,25240
2025-10-29 17:26:14.001,403,25222
2025-10-29 17:26:14.001,403,25218
2025-10-29 17:26:14.001,403,25207
2025-10-29 17:26:14.001,403,25180
2025-10-29 17:26:14.001,403,25157
2025-10-29 17:26:14.001,403,25150
2025-10-29 17:26:15.000,397,26143
2025-10-29 17:26:15.000,397,26139
2025-10-29 17:26:15.000,397,26125
2025-10-29 17:26:15.000,397,26122
2025-10-29 17:26:15.000,397,26118
2025-10-29 17:26:15.000,397,26113
2025-10-29 17:26:15.000,397,26102
2025-10-29 17:26:15.000,397,26097
2025-10-29 17:26:15.000,397,26089
2025-10-29 17:26:15.000,397,26077
2025-10-29 17:26:16.001,390,27048
2025-10-29 17:26:16.001,390,27044
2025-10-29 17:26:16.001,390,27037
2025-10-29 17:26:16.001,390,27025
2025-10-29 17:26:16.001,390,27022
2025-10-29 17:26:16.001,390,27010
2025-10-29 17:26:16.001,390,26991
2025-10-29 17:26:16.001,390,26986
2025-10-29 17:26:16.001,390,26980
2025-10-29 17:26:16.001,390,26957
2025-10-29 17:26:17.000,387,27953
2025-10-29 17:26:17.000,387,27939
2025-10-29 17:26:17.000,387,27322
2025-10-29 17:26:17.000,387,27308
2025-10-29 17:26:17.000,387,27302
2025-10-29 17:26:17.000,387,27301
2025-10-29 17:26:17.000,387,27297
2025-10-29 17:26:17.000,387,27287
2025-10-29 17:26:17.000,387,27277
2025-10-29 17:26:17.000,387,27271
2025-10-29 17:26:18.000,380,28265
2025-10-29 17:26:18.000,380,28264
2025-10-29 17:26:18.000,380,28258
2025-10-29 17:26:18.000,380,28252
2025-10-29 17:26:18.000,380,28246
2025-10-29 17:26:18.000,380,28241
2025-10-29 17:26:18.000,380,28227
2025-10-29 17:26:18.000,380,28224
2025-10-29 17:26:18.000,380,28223
2025-10-29 17:26:18.000,380,28223
2025-10-29 17:26:19.000,372,29219
2025-10-29 17:26:19.000,372,29215
2025-10-29 17:26:19.000,372,29214
2025-10-29 17:26:19.000,372,29211
2025-10-29 17:26:19.000,372,29210
2025-10-29 17:26:19.000,372,29209
2025-10-29 17:26:19.000,372,29203
2025-10-29 17:26:19.000,372,29196
2025-10-29 17:26:19.000,372,29191
2025-10-29 17:26:19.000,372,29184
2025-10-29 17:26:20.001,367,30175
2025-10-29 17:26:20.001,367,29324
2025-10-29 17:26:20.001,367,29323
2025-10-29 17:26:20.001,367,29318
2025-10-29 17:26:20.001,367,29311
2025-10-29 17:26:20.001,367,29309
2025-10-29 17:26:20.001,367,29288
2025-10-29 17:26:20.001,367,29287
2025-10-29 17:26:20.001,367,29286
2025-10-29 17:26:20.001,367,29283
2025-10-29 17:26:21.000,362,30280
2025-10-29 17:26:21.000,362,30279
2025-10-29 17:26:21.000,362,30275
2025-10-29 17:26:21.000,362,30267
2025-10-29 17:26:21.000,362,30254
2025-10-29 17:26:21.000,362,30248
2025-10-29 17:26:21.000,362,30240
2025-10-29 17:26:21.000,362,30219
2025-10-29 17:26:21.000,362,30213
2025-10-29 17:26:21.000,362,30212
2025-10-29 17:26:22.000,357,31207
2025-10-29 17:26:22.000,357,31206
2025-10-29 17:26:22.000,357,31205
2025-10-29 17:26:22.000,357,31200
2025-10-29 17:26:22.000,357,31195
2025-10-29 17:26:22.000,357,31191
2025-10-29 17:26:22.000,357,31178
2025-10-29 17:26:22.000,357,31177
2025-10-29 17:26:22.000,357,31174
2025-10-29 17:26:22.000,357,30321
2025-10-29 17:26:23.000,352,31313
2025-10-29 17:26:23.000,352,31310
2025-10-29 17:26:23.000,352,31302
2025-10-29 17:26:23.000,352,31295
2025-10-29 17:26:23.000,352,31286
2025-10-29 17:26:23.000,352,31280
2025-10-29 17:26:23.000,352,31266
2025-10-29 17:26:23.000,352,31259
2025-10-29 17:26:23.000,352,31256
2025-10-29 17:26:23.000,352,31251
2025-10-29 17:26:24.001,345,32247
2025-10-29 17:26:24.001,345,32238
2025-10-29 17:26:24.001,345,32235
2025-10-29 17:26:24.001,345,32232
2025-10-29 17:26:24.001,345,32217
2025-10-29 17:26:24.001,345,32211
2025-10-29 17:26:24.001,345,32189
2025-10-29 17:26:24.001,345,32188
2025-10-29 17:26:24.001,345,32176
2025-10-29 17:26:24.001,345,32174
2025-10-29 17:26:25.000,340,33159
2025-10-29 17:26:25.000,340,32316
2025-10-29 17:26:25.000,340,32308
2025-10-29 17:26:25.000,340,32300
2025-10-29 17:26:25.000,340,32295
2025-10-29 17:26:25.000,340,32291
2025-10-29 17:26:25.000,340,32288
2025-10-29 17:26:25.000,340,32286
2025-10-29 17:26:25.000,340,32284
2025-10-29 17:26:25.000,340,32270
2025-10-29 17:26:26.000,332,33266
2025-10-29 17:26:26.000,332,33257
2025-10-29 17:26:26.000,332,33255
2025-10-29 17:26:26.000,332,33253
2025-10-29 17:26:26.000,332,33248
2025-10-29 17:26:26.000,332,33238
2025-10-29 17:26:26.000,332,33228
2025-10-29 17:26:26.000,332,33226
2025-10-29 17:26:26.000,332,33224
2025-10-29 17:26:26.000,332,33223
2025-10-29 17:26:27.001,324,34222
2025-10-29 17:26:27.001,324,34212
2025-10-29 17:26:27.001,324,34205
2025-10-29 17:26:27.001,324,33321
2025-10-29 17:26:27.001,324,33307
2025-10-29 17:26:27.001,324,33303
2025-10-29 17:26:27.001,324,33291
2025-10-29 17:26:27.001,324,33287
2025-10-29 17:26:27.001,324,33281
2025-10-29 17:26:27.001,324,33279
2025-10-29 17:26:28.000,317,34272
2025-10-29 17:26:28.000,317,34263
2025-10-29 17:26:28.000,317,34260
2025-10-29 17:26:28.000,317,34256
2025-10-29 17:26:28.000,317,34253
2025-10-29 17:26:28.000,317,34250
2025-10-29 17:26:28.000,317,34249
2025-10-29 17:26:28.000,317,34236
2025-10-29 17:26:28.000,317,34235
2025-10-29 17:26:28.000,317,34231
2025-10-29 17:26:29.000,310,35230
2025-10-29 17:26:29.000,310,35226
2025-10-29 17:26:29.000,310,35218
2025-10-29 17:26:29.000,310,35205
2025-10-29 17:26:29.000,310,35200
2025-10-29 17:26:29.000,310,35199
2025-10-29 17:26:29.000,310,35193
2025-10-29 17:26:29.000,310,35169
2025-10-29 17:26:29.000,310,35167
2025-10-29 17:26:29.000,310,34311
2025-10-29 17:26:30.000,301,35309
2025-10-29 17:26:30.000,301,35289
2025-10-29 17:26:30.000,301,35284
2025-10-29 17:26:30.000,301,35278
2025-10-29 17:26:30.000,301,35271
2025-10-29 17:26:30.000,301,35259
2025-10-29 17:26:30.000,301,35257
2025-10-29 17:26:30.000,301,35254
2025-10-29 17:26:30.000,301,35241
2025-10-29 17:26:30.000,301,35227
2025-10-29 17:26:31.000,291,36224
2025-10-29 17:26:31.000,291,36219
2025-10-29 17:26:31.000,291,36215
2025-10-29 17:26:31.000,291,36188
2025-10-29 17:26:31.000,291,36172
2025-10-29 17:26:31.000,291,35322
2025-10-29 17:26:31.000,291,35303
2025-10-29 17:26:31.000,291,35302
2025-10-29 17:26:31.000,291,35285
2025-10-29 17:26:31.000,291,35284
2025-10-29 17:26:32.000,283,36281
2025-10-29 17:26:32.450,283,36279
2025-10-29 17:26:32.450,283,36272
2025-10-29 17:26:32.450,283,36719
2025-10-29 17:26:32.450,283,36709
2025-10-29 17:26:32.450,283,36696
2025-10-29 17:26:32.450,283,36682
2025-10-29 17:26:32.450,283,36647
2025-10-29 17:26:32.450,283,36644
2025-10-29 17:26:32.450,283,36637
2025-10-29 17:26:33.000,281,37184
2025-10-29 17:26:33.000,281,37182
2025-10-29 17:26:33.000,281,36314
2025-10-29 17:26:33.000,281,36303
2025-10-29 17:26:33.000,281,36290
2025-10-29 17:26:33.000,281,36282
2025-10-29 17:26:33.000,281,36265
2025-10-29 17:26:33.000,281,36262
2025-10-29 17:26:33.000,281,36233
2025-10-29 17:26:33.000,281,36226
2025-10-29 17:26:34.001,263,37224
2025-10-29 17:26:34.001,263,37223
2025-10-29 17:26:34.001,263,37219
2025-10-29 17:26:34.001,263,37214
2025-10-29 17:26:34.001,263,37209
2025-10-29 17:26:34.001,263,37205
2025-10-29 17:26:34.001,263,37190
2025-10-29 17:26:34.001,263,37189
2025-10-29 17:26:34.001,263,37183
2025-10-29 17:26:34.001,263,37166
2025-10-29 17:26:35.000,263,38159
2025-10-29 17:26:35.000,263,38158
2025-10-29 17:26:35.000,263,38156
2025-10-29 17:26:35.000,263,38152
2025-10-29 17:26:35.000,263,37314
2025-10-29 17:26:35.000,263,37312
2025-10-29 17:26:35.000,263,37306
2025-10-29 17:26:35.000,263,37304
2025-10-29 17:26:35.000,263,37301
2025-10-29 17:26:35.000,263,37258
2025-10-29 17:26:36.000,255,38253
2025-10-29 17:26:36.000,255,38235
2025-10-29 17:26:36.000,255,38221
2025-10-29 17:26:36.000,255,38204
2025-10-29 17:26:36.000,255,38198
2025-10-29 17:26:36.000,255,38180
2025-10-29 17:26:36.000,255,38154
2025-10-29 17:26:36.000,255,37318
2025-10-29 17:26:36.000,255,37304
2025-10-29 17:26:36.000,255,37281
2025-10-29 17:26:37.001,245,38281
2025-10-29 17:26:37.001,245,38271
2025-10-29 17:26:37.001,245,38270
2025-10-29 17:26:37.001,245,38265
2025-10-29 17:26:37.001,245,38258
2025-10-29 17:26:37.001,245,38241
2025-10-29 17:26:37.001,245,38238
2025-10-29 17:26:37.001,245,38234
2025-10-29 17:26:37.001,245,38230
2025-10-29 17:26:37.001,245,38207
2025-10-29 17:26:38.000,236,39205
2025-10-29 17:26:38.000,236,39194
2025-10-29 17:26:38.000,236,38324
2025-10-29 17:26:38.000,236,38314
2025-10-29 17:26:38.000,236,38312
2025-10-29 17:26:38.000,236,38311
2025-10-29 17:26:38.000,236,38303
2025-10-29 17:26:38.000,236,38290
2025-10-29 17:26:38.000,236,38284
2025-10-29 17:26:38.000,236,38282
2025-10-29 17:26:39.000,217,39277
2025-10-29 17:26:39.000,217,39259
2025-10-29 17:26:39.000,217,39254
2025-10-29 17:26:39.000,217,39248
2025-10-29 17:26:39.000,217,39241
2025-10-29 17:26:39.000,217,39239
2025-10-29 17:26:39.000,217,39235
2025-10-29 17:26:39.000,217,39226
2025-10-29 17:26:39.000,217,39215
2025-10-29 17:26:39.000,217,39190
2025-10-29 17:26:40.000,207,40187
2025-10-29 17:26:40.000,207,40186
2025-10-29 17:26:40.000,207,39323
2025-10-29 17:26:40.000,207,39320
2025-10-29 17:26:40.000,207,39308
2025-10-29 17:26:40.000,207,39300
2025-10-29 17:26:40.000,207,39281
2025-10-29 17:26:40.000,207,39270
2025-10-29 17:26:40.000,207,39267
2025-10-29 17:26:40.000,207,39251
2025-10-29 17:26:41.000,197,40250
2025-10-29 17:26:41.000,197,40243
2025-10-29 17:26:41.000,197,40238
2025-10-29 17:26:41.000,197,40230
2025-10-29 17:26:41.000,197,40216
2025-10-29 17:26:41.000,197,40202
2025-10-29 17:26:41.000,197,40192
2025-10-29 17:26:41.000,197,40180
2025-10-29 17:26:41.000,197,40174
2025-10-29 17:26:41.000,197,40172
2025-10-29 17:26:42.001,190,41133
2025-10-29 17:26:42.001,190,40308
2025-10-29 17:26:42.001,190,40297
2025-10-29 17:26:42.001,190,40293
2025-10-29 17:26:42.001,190,40284
2025-10-29 17:26:42.001,190,40280
2025-10-29 17:26:42.001,190,40263
2025-10-29 17:26:42.001,190,40262
2025-10-29 17:26:42.001,190,40259
2025-10-29 17:26:42.001,190,40256
2025-10-29 17:26:43.000,180,41252
2025-10-29 17:26:43.000,180,41251
2025-10-29 17:26:43.000,180,41243
2025-10-29 17:26:43.000,180,41231
2025-10-29 17:26:43.000,180,41228
2025-10-29 17:26:43.000,180,41220
2025-10-29 17:26:43.000,180,41213
2025-10-29 17:26:43.000,180,41169
2025-10-29 17:26:43.000,180,40226
2025-10-29 17:26:43.000,180,40198
2025-10-29 17:26:44.001,180,41164
2025-10-29 17:26:44.001,180,41145
2025-10-29 17:26:44.001,180,41142
2025-10-29 17:26:44.001,180,41124
2025-10-29 17:26:44.001,180,41108
2025-10-29 17:26:44.001,180,41102
2025-10-29 17:26:44.001,180,41080
2025-10-29 17:26:44.001,180,41054
2025-10-29 17:26:44.001,180,41053
2025-10-29 17:26:44.001,180,41046
2025-10-29 17:26:45.000,171,41321
2025-10-29 17:26:45.000,171,41299
2025-10-29 17:26:45.000,171,41278
2025-10-29 17:26:45.000,171,41274
2025-10-29 17:26:45.000,171,41268
2025-10-29 17:26:45.000,171,41261
2025-10-29 17:26:45.000,171,41257
2025-10-29 17:26:45.000,171,41255
2025-10-29 17:26:45.000,171,41250
2025-10-29 17:26:45.000,171,41245
2025-10-29 17:26:46.001,161,42235
2025-10-29 17:26:46.001,161,42208
2025-10-29 17:26:46.001,161,42204
2025-10-29 17:26:46.001,161,42192
2025-10-29 17:26:46.001,161,42187
2025-10-29 17:26:46.001,161,41317
2025-10-29 17:26:46.001,161,41306
2025-10-29 17:26:46.001,161,41293
2025-10-29 17:26:46.001,161,41280
2025-10-29 17:26:46.001,161,41272
2025-10-29 17:26:47.000,142,42268
2025-10-29 17:26:47.000,142,42264
2025-10-29 17:26:47.000,142,42256
2025-10-29 17:26:47.000,142,42251
2025-10-29 17:26:47.000,142,42246
2025-10-29 17:26:47.000,142,42213
2025-10-29 17:26:47.000,142,42205
2025-10-29 17:26:47.000,142,42188
2025-10-29 17:26:47.000,142,42174
2025-10-29 17:26:47.000,142,41293
2025-10-29 17:26:48.000,142,42270
2025-10-29 17:26:48.000,142,42257
2025-10-29 17:26:48.000,142,42251
2025-10-29 17:26:48.000,142,42245
2025-10-29 17:26:48.000,142,42235
2025-10-29 17:26:48.000,142,42229
2025-10-29 17:26:48.000,142,42215
2025-10-29 17:26:48.000,142,42205
2025-10-29 17:26:48.000,142,42204
2025-10-29 17:26:48.000,142,42186
2025-10-29 17:26:49.000,123,43171
2025-10-29 17:26:49.000,123,43166
2025-10-29 17:26:49.000,123,43161
2025-10-29 17:26:49.000,123,43155
2025-10-29 17:26:49.000,123,43153
2025-10-29 17:26:49.000,123,43149
2025-10-29 17:26:49.000,123,42312
2025-10-29 17:26:49.000,123,42274
2025-10-29 17:26:49.000,123,42237
2025-10-29 17:26:49.000,123,42232
2025-10-29 17:26:50.001,123,43218
2025-10-29 17:26:50.001,123,43204
2025-10-29 17:26:50.001,123,43184
2025-10-29 17:26:50.001,123,43178
2025-10-29 17:26:50.001,123,43172
2025-10-29 17:26:50.001,123,42325
2025-10-29 17:26:50.001,123,42308
2025-10-29 17:26:50.001,123,42302
2025-10-29 17:26:50.001,123,42291
2025-10-29 17:26:50.001,123,42288
2025-10-29 17:26:51.000,114,43198
2025-10-29 17:26:51.000,114,43157
2025-10-29 17:26:51.000,114,43154
2025-10-29 17:26:51.000,114,43144
2025-10-29 17:26:51.000,114,43135
2025-10-29 17:26:51.000,114,42114
2025-10-29 17:26:51.000,114,42113
2025-10-29 17:26:51.000,114,42085
2025-10-29 17:26:51.000,114,42084
2025-10-29 17:26:51.000,114,42066
2025-10-29 17:26:52.000,104,43054
2025-10-29 17:26:52.000,104,43052
2025-10-29 17:26:52.000,104,43049
2025-10-29 17:26:52.000,104,42096
2025-10-29 17:26:52.000,104,42069
2025-10-29 17:26:52.000,104,42066
2025-10-29 17:26:52.000,104,42052
2025-10-29 17:26:52.000,104,42047
2025-10-29 17:26:52.000,104,41097
2025-10-29 17:26:52.000,104,41092
2025-10-29 17:26:53.001,95,41105
2025-10-29 17:26:53.001,95,41102
2025-10-29 17:26:53.001,95,41090
2025-10-29 17:26:53.001,95,41046
2025-10-29 17:26:53.001,95,41040
2025-10-29 17:26:53.001,95,41029
2025-10-29 17:26:53.001,95,40112
2025-10-29 17:26:53.001,95,40092
2025-10-29 17:26:53.001,95,40085
2025-10-29 17:26:53.001,95,40064
2025-10-29 17:26:54.000,78,41054
2025-10-29 17:26:54.000,78,41041
2025-10-29 17:26:54.000,78,41030
2025-10-29 17:26:54.000,78,40087
2025-10-29 17:26:54.000,78,40073
2025-10-29 17:26:54.000,78,40050
2025-10-29 17:26:54.000,78,40036
2025-10-29 17:26:54.000,78,39105
2025-10-29 17:26:54.000,78,39021
2025-10-29 17:26:54.000,78,39003
2025-10-29 17:26:55.000,78,39084
2025-10-29 17:26:55.000,78,39070
2025-10-29 17:26:55.000,78,39038
2025-10-29 17:26:55.000,78,39035
2025-10-29 17:26:55.000,78,39032
2025-10-29 17:26:55.000,78,39030
2025-10-29 17:26:55.000,78,39009
2025-10-29 17:26:55.000,78,38110
2025-10-29 17:26:55.000,78,38085
2025-10-29 17:26:55.000,78,38081
2025-10-29 17:26:56.001,71,38109
2025-10-29 17:26:56.001,71,38079
2025-10-29 17:26:56.001,71,37109
2025-10-29 17:26:56.001,71,37102
2025-10-29 17:26:56.001,71,37098
2025-10-29 17:26:56.001,71,37090
2025-10-29 17:26:56.001,71,37044
2025-10-29 17:26:56.001,71,36101
2025-10-29 17:26:56.001,71,36085
2025-10-29 17:26:56.001,71,36078
2025-10-29 17:26:57.000,52,37051
2025-10-29 17:26:57.000,52,37027
2025-10-29 17:26:57.000,52,36112
2025-10-29 17:26:57.000,52,36096
2025-10-29 17:26:57.000,52,36078
2025-10-29 17:26:57.000,52,36034
2025-10-29 17:26:57.000,52,36033
2025-10-29 17:26:57.000,52,35107
2025-10-29 17:26:57.000,52,35099
2025-10-29 17:26:57.000,52,35064
2025-10-29 17:26:58.000,52,36062
2025-10-29 17:26:58.000,52,36029
2025-10-29 17:26:58.000,52,35085
2025-10-29 17:26:58.000,52,35046
2025-10-29 17:26:58.000,52,35041
2025-10-29 17:26:58.000,52,34106
2025-10-29 17:26:58.000,52,34098
2025-10-29 17:26:58.000,52,34082
2025-10-29 17:26:58.000,52,34045
2025-10-29 17:26:58.000,52,34013
2025-10-29 17:26:59.000,43,34087
2025-10-29 17:26:59.000,43,34065
2025-10-29 17:26:59.000,43,33081
2025-10-29 17:26:59.000,43,33080
2025-10-29 17:26:59.000,43,32067
2025-10-29 17:26:59.000,43,32063
2025-10-29 17:26:59.000,43,32043
2025-10-29 17:26:59.000,43,31063
2025-10-29 17:26:59.000,43,31061
2025-10-29 17:26:59.000,43,31050
2025-10-29 17:27:00.001,26,31026
2025-10-29 17:27:00.001,26,29038
2025-10-29 17:27:00.001,26,29011
2025-10-29 17:27:00.001,26,26021
2025-10-29 17:27:00.001,26,25001
2025-10-29 17:27:00.001,26,23034
2025-10-29 17:27:00.001,26,21039
2025-10-29 17:27:00.001,26,19018
2025-10-29 17:27:00.001,26,18031
2025-10-29 17:27:00.001,26,18027
2025-10-29 17:27:01.000,28,18017
2025-10-29 17:27:01.000,28,14022
2025-10-29 17:27:01.000,28,12008
2025-10-29 17:27:01.000,28,12004
2025-10-29 17:27:01.000,28,8995
2025-10-29 17:27:01.000,28,8987
2025-10-29 17:27:01.000,28,7998
2025-10-29 17:27:01.000,28,7005
2025-10-29 17:27:01.000,28,6991
2025-10-29 17:27:01.000,28,6004
2025-10-29 17:27:02.000,18,6991
2025-10-29 17:27:02.000,18,5005
2025-10-29 17:27:02.000,18,4998
2025-10-29 17:27:02.000,18,3977
2025-10-29 17:27:02.000,18,3001
2025-10-29 17:27:02.000,18,2989
2025-10-29 17:27:02.000,18,2984
2025-10-29 17:27:02.000,18,2976
2025-10-29 17:27:02.012,18,1
2025-10-29 17:27:03.994,0,1
2025-10-29 17:27:04.004,1,0
2025-10-29 17:27:04.021,1,1
2025-10-29 17:27:05.992,1,0
2025-10-29 17:27:06.995,1,1
2025-10-29 17:27:06.999,1,1
2025-10-29 17:27:09.023,0,1
2025-10-29 17:27:09.029,0,1
2025-10-29 17:27:12.028,0,1
2025-10-29 17:27:13.047,0,1
2025-10-29 17:27:14.021,0,1
2025-10-29 17:27:15.030,1,1
2025-10-29 17:27:15.047,1,1
2025-10-29 17:27:16.021,1,2
2025-10-29 17:27:16.035,1,1
2025-10-29 17:27:17.022,1,2
2025-10-29 17:27:17.026,1,1
2025-10-29 17:27:17.035,1,2
2025-10-29 17:27:18.022,1,1
2025-10-29 17:27:20.026,0,1
2025-10-29 17:27:20.035,0,1
2025-10-29 17:27:20.037,2,1
2025-10-29 17:27:20.045,2,1
2025-10-29 17:27:21.038,2,1
2025-10-29 17:27:21.044,1,0
2025-10-29 17:27:22.025,1,0
2025-10-29 17:27:22.033,1,1
2025-10-29 17:27:22.034,2,1
2025-10-29 17:27:22.046,2,1
2025-10-29 17:27:23.026,2,1
2025-10-29 17:27:25.024,1,1
2025-10-29 17:27:26.027,1,4
2025-10-29 17:27:27.022,1,0
2025-10-29 17:27:28.022,2,1
2025-10-29 17:27:28.042,2,0
2025-10-29 17:27:28.045,2,0
2025-10-29 17:27:29.054,1,3
2025-10-29 17:27:29.072,1,0
2025-10-29 17:27:29.075,1,0
2025-10-29 17:27:30.065,1,0
2025-10-29 17:27:30.068,1,1
2025-10-29 17:27:31.066,2,0
2025-10-29 17:27:32.064,1,1
2025-10-29 17:27:32.077,1,0
2025-10-29 17:27:33.052,1,1
2025-10-29 17:27:33.056,1,1
2025-10-29 17:27:33.064,2,1
2025-10-29 17:27:34.054,2,1
2025-10-29 17:27:34.057,2,2
2025-10-29 17:27:34.060,3,3
2025-10-29 17:27:34.066,3,0
2025-10-29 17:27:34.071,3,1
2025-10-29 17:27:35.058,3,1
2025-10-29 17:27:37.059,0,0
2025-10-29 17:27:37.064,0,1
2025-10-29 17:27:37.071,2,0
2025-10-29 17:27:38.055,2,0
2025-10-29 17:27:39.055,0,0
2025-10-29 17:27:39.060,1,0
2025-10-29 17:27:39.071,1,0
2025-10-29 17:27:39.072,1,0
2025-10-29 17:27:39.073,1,0
2025-10-29 17:27:40.067,1,0
2025-10-29 17:27:41.058,1,0
2025-10-29 17:27:41.073,1,0
2025-10-29 17:27:42.054,2,1
2025-10-29 17:27:42.057,2,2
2025-10-29 17:27:43.049,2,2
2025-10-29 17:27:43.051,2,2
2025-10-29 17:27:43.055,2,1
2025-10-29 17:27:43.063,2,6
2025-10-29 17:27:43.067,2,1
2025-10-29 17:27:43.073,2,2
2025-10-29 17:27:43.076,2,1
2025-10-29 17:27:43.079,2,1
2025-10-29 17:27:44.052,2,2
2025-10-29 17:27:44.054,2,2
2025-10-29 17:27:46.060,2,1
2025-10-29 17:27:46.070,1,1
2025-10-29 17:27:46.076,2,1
2025-10-29 17:27:47.062,2,2
2025-10-29 17:27:47.065,2,4
2025-10-29 17:27:47.074,1,1
2025-10-29 17:27:48.052,1,2
2025-10-29 17:27:48.065,1,1
2025-10-29 17:27:49.089,2,1
2025-10-29 17:27:50.076,1,1
2025-10-29 17:27:50.078,2,1
2025-10-29 17:27:50.091,2,1
2025-10-29 17:27:50.098,2,1
2025-10-29 17:27:50.100,2,1
2025-10-29 17:27:51.191,2,1
2025-10-29 17:27:51.193,2,2
2025-10-29 17:27:51.195,2,1
2025-10-29 17:27:51.198,2,0
2025-10-29 17:27:52.078,2,2
2025-10-29 17:27:52.081,2,0
2025-10-29 17:27:52.084,2,1
2025-10-29 17:27:53.080,2,2
2025-10-29 17:27:53.106,2,1
2025-10-29 17:27:54.077,2,1
2025-10-29 17:27:54.080,2,3
2025-10-29 17:27:54.080,2,2
2025-10-29 17:27:54.096,3,1
2025-10-29 17:27:54.101,3,1
2025-10-29 17:27:55.083,3,1
2025-10-29 17:27:55.099,3,1
2025-10-29 17:27:55.100,2,1
2025-10-29 17:27:57.079,0,1
2025-10-29 17:27:57.085,0,1
2025-10-29 17:27:57.099,2,1
2025-10-29 17:27:57.103,2,1
2025-10-29 17:27:57.104,2,0
2025-10-29 17:27:58.085,2,1
2025-10-29 17:27:58.088,2,3
2025-10-29 17:27:58.107,2,1
2025-10-29 17:27:59.081,2,1
2025-10-29 17:27:59.087,2,1
2025-10-29 17:28:00.082,2,1
2025-10-29 17:28:00.084,1,0
2025-10-29 17:28:00.094,1,0
2025-10-29 17:28:00.096,1,1
2025-10-29 17:28:01.085,1,1
2025-10-29 17:28:01.101,1,0
2025-10-29 17:28:01.102,1,0
2025-10-29 17:28:02.079,1,1
2025-10-29 17:28:02.100,1,1
2025-10-29 17:28:02.102,2,2
2025-10-29 17:28:03.091,2,1
2025-10-29 17:28:03.095,2,0
2025-10-29 17:28:03.097,2,1
2025-10-29 17:28:03.104,2,0
2025-10-29 17:28:04.081,2,1
2025-10-29 17:28:04.094,2,0
2025-10-29 17:28:04.103,2,0
2025-10-29 17:28:05.080,2,1
2025-10-29 17:28:05.090,2,0
2025-10-29 17:28:05.093,2,0
2025-10-29 17:28:06.080,2,1
2025-10-29 17:28:06.086,2,0
2025-10-29 17:28:06.094,2,1
2025-10-29 17:28:06.096,2,0
2025-10-29 17:28:06.096,2,0
2025-10-29 17:28:06.101,2,0
2025-10-29 17:28:07.115,0,2
2025-10-29 17:28:08.084,0,1
2025-10-29 17:28:08.089,0,0
2025-10-29 17:28:08.097,1,1
2025-10-29 17:28:08.098,1,0
2025-10-29 17:28:08.101,1,0
2025-10-29 17:28:08.102,1,0
2025-10-29 17:28:09.115,1,0
2025-10-29 17:28:09.121,1,0
2025-10-29 17:28:09.125,1,0
2025-10-29 17:28:09.128,1,1
2025-10-29 17:28:09.130,1,0
2025-10-29 17:28:09.136,1,0
2025-10-29 17:28:09.140,1,1
2025-10-29 17:28:10.108,1,1
2025-10-29 17:28:10.119,1,0
2025-10-29 17:28:10.132,2,0
2025-10-29 17:28:10.134,2,0
2025-10-29 17:28:11.120,2,1
2025-10-29 17:28:11.125,1,1
2025-10-29 17:28:11.130,1,1
2025-10-29 17:28:12.115,1,1
2025-10-29 17:28:12.120,1,1
2025-10-29 17:28:12.131,2,1
2025-10-29 17:28:13.113,2,1
2025-10-29 17:28:13.127,2,2
2025-10-29 17:28:14.127,2,2
2025-10-29 17:28:14.131,2,2
2025-10-29 17:28:15.114,1,1
2025-10-29 17:28:15.123,1,1
2025-10-29 17:28:15.126,1,1
2025-10-29 17:28:15.127,1,1
2025-10-29 17:28:16.108,1,1
2025-10-29 17:28:16.126,1,2
2025-10-29 17:28:16.132,2,2
2025-10-29 17:28:16.134,2,1
2025-10-29 17:28:17.113,2,2
2025-10-29 17:28:17.116,2,1
2025-10-29 17:28:17.118,2,2
2025-10-29 17:28:17.121,2,2
2025-10-29 17:28:17.129,2,1
2025-10-29 17:28:17.134,2,1
2025-10-29 17:28:17.137,2,1
2025-10-29 17:28:18.105,2,1
2025-10-29 17:28:18.135,2,1
2025-10-29 17:28:19.111,2,2
2025-10-29 17:28:19.117,2,1
2025-10-29 17:28:20.112,2,1
2025-10-29 17:28:20.126,1,2
2025-10-29 17:28:21.110,1,1
2025-10-29 17:28:21.112,1,1
2025-10-29 17:28:21.122,2,2
2025-10-29 17:28:22.105,2,1
2025-10-29 17:28:22.111,2,2
2025-10-29 17:28:22.123,2,2
2025-10-29 17:28:22.126,2,3
2025-10-29 17:28:22.128,2,1
2025-10-29 17:28:23.108,2,1
2025-10-29 17:28:23.119,2,2
2025-10-29 17:28:24.119,1,1
2025-10-29 17:28:24.127,1,1
2025-10-29 17:28:24.129,2,1
2025-10-29 17:28:24.133,2,0
2025-10-29 17:28:25.123,2,1
2025-10-29 17:28:25.134,1,1
2025-10-29 17:28:25.138,1,1
2025-10-29 17:28:25.142,1,2
2025-10-29 17:28:25.146,1,1
2025-10-29 17:28:26.107,1,1
2025-10-29 17:28:26.111,1,1
2025-10-29 17:28:26.127,2,1
2025-10-29 17:28:26.133,2,1
2025-10-29 17:28:27.115,2,1
2025-10-29 17:28:27.117,2,2
2025-10-29 17:28:27.123,2,1
2025-10-29 17:28:27.125,2,1
2025-10-29 17:28:27.129,2,0
2025-10-29 17:28:27.131,2,0
2025-10-29 17:28:28.111,2,1
2025-10-29 17:28:28.116,1,0
2025-10-29 17:28:28.132,1,1
2025-10-29 17:28:29.142,0,1
2025-10-29 17:28:29.145,0,1
2025-10-29 17:28:30.144,0,1
2025-10-29 17:28:30.159,0,2
2025-10-29 17:28:30.165,2,2
2025-10-29 17:28:30.166,2,1
2025-10-29 17:28:31.145,2,0
2025-10-29 17:28:31.152,2,0
2025-10-29 17:28:31.156,2,0
2025-10-29 17:28:31.162,2,1
2025-10-29 17:28:32.139,2,1
2025-10-29 17:28:32.142,2,1
2025-10-29 17:28:32.149,2,1
2025-10-29 17:28:32.159,2,0
2025-10-29 17:28:32.160,2,0
2025-10-29 17:28:33.139,2,0
2025-10-29 17:28:33.145,2,1
2025-10-29 17:28:33.147,2,1
2025-10-29 17:28:34.138,2,1
2025-10-29 17:28:34.144,2,1
2025-10-29 17:28:34.154,2,1
2025-10-29 17:28:34.157,2,1
2025-10-29 17:28:35.141,2,0
2025-10-29 17:28:35.150,2,0
2025-10-29 17:28:35.154,2,0
2025-10-29 17:28:36.136,2,1
2025-10-29 17:28:36.138,1,0
2025-10-29 17:28:36.144,1,0
2025-10-29 17:28:36.147,1,1
2025-10-29 17:28:36.151,1,1
2025-10-29 17:28:36.153,1,0
2025-10-29 17:28:36.155,1,0
2025-10-29 17:28:36.158,1,0
2025-10-29 17:28:38.139,0,1
2025-10-29 17:28:38.142,1,1
2025-10-29 17:28:38.143,1,0
2025-10-29 17:28:38.158,1,0
2025-10-29 17:28:38.160,1,0
2025-10-29 17:28:39.142,1,1
2025-10-29 17:28:39.145,1,0
2025-10-29 17:28:39.151,2,0
2025-10-29 17:28:39.156,2,0
2025-10-29 17:28:39.158,2,0
2025-10-29 17:28:39.164,2,1
2025-10-29 17:28:40.140,2,1
2025-10-29 17:28:40.142,2,1
2025-10-29 17:28:40.154,2,0
2025-10-29 17:28:41.144,2,0
2025-10-29 17:28:41.155,1,1
2025-10-29 17:28:41.164,1,0
2025-10-29 17:28:42.144,1,1
2025-10-29 17:28:42.148,1,1
2025-10-29 17:28:42.150,1,0
2025-10-29 17:28:42.152,1,1
2025-10-29 17:28:43.137,1,1
2025-10-29 17:28:43.146,1,2
2025-10-29 17:28:43.147,1,2
2025-10-29 17:28:43.164,1,1
2025-10-29 17:28:43.169,1,2
2025-10-29 17:28:44.135,1,1
2025-10-29 17:28:44.139,1,1
2025-10-29 17:28:44.147,1,2
2025-10-29 17:28:44.148,1,1
2025-10-29 17:28:44.151,1,1
2025-10-29 17:28:45.150,1,1
2025-10-29 17:28:45.159,1,1
2025-10-29 17:28:46.136,2,1
2025-10-29 17:28:46.139,2,2
2025-10-29 17:28:46.145,2,1
2025-10-29 17:28:46.148,2,1
2025-10-29 17:28:46.158,2,1
2025-10-29 17:28:47.135,2,1
2025-10-29 17:28:47.149,2,1
2025-10-29 17:28:47.151,1,2
2025-10-29 17:28:47.154,1,0
2025-10-29 17:28:48.143,1,1
2025-10-29 17:28:48.148,1,0
2025-10-29 17:28:48.149,1,1
2025-10-29 17:28:48.161,1,1
2025-10-29 17:28:49.168,1,2
2025-10-29 17:28:49.168,1,1
2025-10-29 17:28:49.173,1,1
2025-10-29 17:28:49.178,1,1
2025-10-29 17:28:49.180,1,1
2025-10-29 17:28:49.183,1,1
2025-10-29 17:28:49.190,1,1
2025-10-29 17:28:49.192,1,1
2025-10-29 17:28:50.165,1,1
2025-10-29 17:28:50.168,1,1
2025-10-29 17:28:50.171,1,1
2025-10-29 17:28:50.174,1,1
2025-10-29 17:28:50.178,1,0
2025-10-29 17:28:51.174,1,0
2025-10-29 17:28:51.180,1,0
2025-10-29 17:28:51.187,2,0
2025-10-29 17:28:51.188,2,1
2025-10-29 17:28:51.190,2,1
2025-10-29 17:28:52.174,2,0
2025-10-29 17:28:52.195,2,1
2025-10-29 17:28:52.198,2,1
2025-10-29 17:28:53.165,2,1
2025-10-29 17:28:53.168,1,1
2025-10-29 17:28:53.174,1,1
2025-10-29 17:28:53.176,1,0
2025-10-29 17:28:53.188,1,0
2025-10-29 17:28:54.165,1,1
2025-10-29 17:28:54.171,1,1
2025-10-29 17:28:54.173,1,1
2025-10-29 17:28:54.183,1,1
2025-10-29 17:28:54.185,1,1
2025-10-29 17:28:54.191,1,2
2025-10-29 17:28:55.171,1,1
2025-10-29 17:28:55.180,1,0
2025-10-29 17:28:55.184,1,0
2025-10-29 17:28:55.188,1,1
2025-10-29 17:28:55.190,1,1
2025-10-29 17:28:55.194,1,1
2025-10-29 17:28:56.169,1,0
2025-10-29 17:28:56.175,1,0
2025-10-29 17:28:56.176,1,0
2025-10-29 17:28:56.180,1,1
2025-10-29 17:28:56.187,1,0
2025-10-29 17:28:57.165,1,1
2025-10-29 17:28:57.174,1,0
2025-10-29 17:28:57.177,1,0
2025-10-29 17:28:57.183,1,1
2025-10-29 17:28:58.174,1,1
2025-10-29 17:28:58.181,1,0
2025-10-29 17:28:58.186,1,0
2025-10-29 17:28:59.168,1,0
2025-10-29 17:28:59.171,1,1
2025-10-29 17:28:59.173,2,2
2025-10-29 17:28:59.177,2,0
2025-10-29 17:28:59.181,2,0
2025-10-29 17:28:59.185,2,0
2025-10-29 17:28:59.189,2,0
2025-10-29 17:29:00.168,2,1
2025-10-29 17:29:00.173,2,1
2025-10-29 17:29:00.175,2,0
2025-10-29 17:29:00.179,2,1
2025-10-29 17:29:00.181,2,1
2025-10-29 17:29:00.184,2,0
2025-10-29 17:29:00.196,2,1
2025-10-29 17:29:01.172,2,1
2025-10-29 17:29:01.176,2,0
2025-10-29 17:29:01.178,2,0
2025-10-29 17:29:01.180,2,0
2025-10-29 17:29:01.182,2,0
2025-10-29 17:29:01.183,2,0
2025-10-29 17:29:01.185,2,0
2025-10-29 17:29:02.165,2,1
2025-10-29 17:29:02.168,2,2
2025-10-29 17:29:02.175,1,0
2025-10-29 17:29:02.176,1,0
2025-10-29 17:29:02.180,1,0
2025-10-29 17:29:02.189,1,0
2025-10-29 17:29:03.171,1,1
2025-10-29 17:29:03.172,1,0
2025-10-29 17:29:03.184,2,1
2025-10-29 17:29:04.171,2,0
2025-10-29 17:29:04.177,1,0
2025-10-29 17:29:04.182,1,0
2025-10-29 17:29:04.183,1,0
2025-10-29 17:29:04.187,1,0
2025-10-29 17:29:04.193,1,1
2025-10-29 17:29:05.167,1,0
2025-10-29 17:29:05.171,1,0
2025-10-29 17:29:05.178,1,0
2025-10-29 17:29:05.186,1,0
2025-10-29 17:29:05.191,1,1
2025-10-29 17:29:05.193,1,0
2025-10-29 17:29:06.173,1,1
2025-10-29 17:29:06.180,1,1
2025-10-29 17:29:06.182,2,1
2025-10-29 17:29:06.195,2,0
2025-10-29 17:29:06.198,2,1
2025-10-29 17:29:06.203,2,0
2025-10-29 17:29:08.172,0,0
2025-10-29 17:29:08.177,1,0
2025-10-29 17:29:08.185,1,0
2025-10-29 17:29:08.185,1,0
2025-10-29 17:29:08.188,1,0
2025-10-29 17:29:08.188,1,0
2025-10-29 17:29:08.191,1,1
2025-10-29 17:29:09.199,0,1
2025-10-29 17:29:09.206,0,0
2025-10-29 17:29:09.213,0,0
2025-10-29 17:29:09.218,0,0
2025-10-29 17:29:09.220,0,0
2025-10-29 17:29:10.197,0,0
2025-10-29 17:29:10.205,0,0
2025-10-29 17:29:10.209,2,0
2025-10-29 17:29:10.212,2,0
2025-10-29 17:29:10.216,2,0
2025-10-29 17:29:10.221,2,0
2025-10-29 17:29:10.227,2,0
2025-10-29 17:29:11.197,2,0
2025-10-29 17:29:11.201,2,1
2025-10-29 17:29:11.208,2,1
2025-10-29 17:29:11.214,3,0
2025-10-29 17:29:11.215,3,0
2025-10-29 17:29:11.222,3,1
2025-10-29 17:29:12.199,3,2
2025-10-29 17:29:12.204,3,1
2025-10-29 17:29:12.215,3,1
2025-10-29 17:29:13.195,3,2
2025-10-29 17:29:13.205,3,2
2025-10-29 17:29:13.209,2,1
2025-10-29 17:29:13.216,2,2
2025-10-29 17:29:13.217,2,2
2025-10-29 17:29:14.211,2,2
2025-10-29 17:29:14.217,1,1
2025-10-29 17:29:15.195,1,2
2025-10-29 17:29:15.212,1,2
2025-10-29 17:29:15.230,2,1
2025-10-29 17:29:16.196,2,2
2025-10-29 17:29:16.198,2,1
2025-10-29 17:29:16.202,2,2
2025-10-29 17:29:16.204,2,2
2025-10-29 17:29:16.208,2,2
2025-10-29 17:29:16.209,2,2
2025-10-29 17:29:16.210,2,1
2025-10-29 17:29:16.211,2,1
2025-10-29 17:29:16.214,2,1
2025-10-29 17:29:16.219,2,2
2025-10-29 17:29:18.000,2,1781
2025-10-29 17:29:18.000,2,787
2025-10-29 17:29:18.199,2,2
2025-10-29 17:29:18.230,3,2
2025-10-29 17:29:18.230,3,3
2025-10-29 17:29:18.230,3,19
2025-10-29 17:29:18.230,3,16
2025-10-29 17:29:18.230,3,13
2025-10-29 17:29:18.230,3,1
2025-10-29 17:29:19.204,3,2
2025-10-29 17:29:19.209,2,2
2025-10-29 17:29:19.218,2,2
2025-10-29 17:29:19.219,2,1
2025-10-29 17:29:20.195,2,2
2025-10-29 17:29:20.208,2,1
2025-10-29 17:29:20.211,1,2
2025-10-29 17:29:20.213,1,2
2025-10-29 17:29:20.221,1,2
2025-10-29 17:29:21.199,1,1
2025-10-29 17:29:21.206,1,2
2025-10-29 17:29:21.209,2,2
2025-10-29 17:29:21.210,2,2
2025-10-29 17:29:21.215,2,1
2025-10-29 17:29:21.217,2,2
2025-10-29 17:29:21.217,2,1
2025-10-29 17:29:21.220,2,1
2025-10-29 17:29:21.224,2,3
2025-10-29 17:29:22.195,2,1
2025-10-29 17:29:22.198,2,2
2025-10-29 17:29:22.199,2,1
2025-10-29 17:29:22.202,2,2
2025-10-29 17:29:22.204,2,1
2025-10-29 17:29:22.207,2,2
2025-10-29 17:29:22.210,2,1
2025-10-29 17:29:22.215,2,2
2025-10-29 17:29:22.219,2,1
2025-10-29 17:29:22.220,2,1
2025-10-29 17:29:24.000,4,1780
2025-10-29 17:29:24.000,4,804
2025-10-29 17:29:24.000,4,803
2025-10-29 17:29:24.000,4,803
2025-10-29 17:29:24.000,4,791
2025-10-29 17:29:24.000,4,788
2025-10-29 17:29:24.000,4,784
2025-10-29 17:29:24.000,4,781
2025-10-29 17:29:24.197,4,1
2025-10-29 17:29:24.199,4,2
2025-10-29 17:29:24.203,2,1
2025-10-29 17:29:24.220,2,3
2025-10-29 17:29:24.223,2,2
2025-10-29 17:29:24.224,2,2
2025-10-29 17:29:25.196,2,1
2025-10-29 17:29:25.202,2,2
2025-10-29 17:29:25.218,2,1
2025-10-29 17:29:25.224,2,2
2025-10-29 17:29:25.225,2,1
2025-10-29 17:29:26.197,2,2
2025-10-29 17:29:26.200,2,2
2025-10-29 17:29:26.200,2,1
2025-10-29 17:29:26.214,2,2
2025-10-29 17:29:26.216,2,2
2025-10-29 17:29:26.218,2,2
2025-10-29 17:29:26.220,2,2
2025-10-29 17:29:27.200,2,1
2025-10-29 17:29:27.202,2,1
2025-10-29 17:29:27.204,2,1
2025-10-29 17:29:27.206,2,1
2025-10-29 17:29:27.210,2,1
2025-10-29 17:29:27.212,2,2
2025-10-29 17:29:27.220,2,2
2025-10-29 17:29:27.222,2,1
2025-10-29 17:29:28.201,2,2
2025-10-29 17:29:28.204,2,2
2025-10-29 17:29:28.214,2,2
2025-10-29 17:29:28.228,2,2
2025-10-29 17:29:29.232,2,2
2025-10-29 17:29:29.239,3,7
2025-10-29 17:29:29.239,3,3
2025-10-29 17:29:29.242,3,3
2025-10-29 17:29:29.244,3,4
2025-10-29 17:29:29.245,3,2
2025-10-29 17:29:29.247,3,2
2025-10-29 17:29:29.254,3,2
2025-10-29 17:29:29.256,3,2
2025-10-29 17:29:29.267,3,2
2025-10-29 17:29:31.000,7,1734
2025-10-29 17:29:31.000,7,1729
2025-10-29 17:29:31.000,7,1724
2025-10-29 17:29:31.000,7,762
2025-10-29 17:29:31.000,7,755
2025-10-29 17:29:31.000,7,752
2025-10-29 17:29:31.000,7,735
2025-10-29 17:29:31.234,7,1
2025-10-29 17:29:31.236,7,2
2025-10-29 17:29:31.245,7,1
2025-10-29 17:29:31.250,7,1
2025-10-29 17:29:31.251,7,1
2025-10-29 17:29:31.252,7,1
2025-10-29 17:29:31.254,7,1
2025-10-29 17:29:31.259,7,1
2025-10-29 17:29:32.232,7,1
2025-10-29 17:29:32.243,7,1
2025-10-29 17:29:32.248,7,2
2025-10-29 17:29:32.250,12,3
2025-10-29 17:29:32.256,12,2
2025-10-29 17:29:32.263,12,2
2025-10-29 17:29:32.264,12,2
2025-10-29 17:29:33.235,12,1
2025-10-29 17:29:33.239,7,1
2025-10-29 17:29:33.240,7,1
2025-10-29 17:29:33.257,7,1
2025-10-29 17:29:33.258,7,1
2025-10-29 17:29:34.236,7,1
2025-10-29 17:29:34.240,7,2
2025-10-29 17:29:34.241,6,1
2025-10-29 17:29:34.250,6,1
2025-10-29 17:29:34.251,6,1
2025-10-29 17:29:34.253,6,1
2025-10-29 17:29:34.255,6,1
2025-10-29 17:29:34.260,6,1
2025-10-29 17:29:34.262,6,1
2025-10-29 17:29:35.233,6,2
2025-10-29 17:29:35.237,9,1
2025-10-29 17:29:35.244,9,1
2025-10-29 17:29:35.246,9,1
2025-10-29 17:29:35.249,9,1
2025-10-29 17:29:35.250,9,0
2025-10-29 17:29:35.251,9,1
2025-10-29 17:29:35.252,9,0
2025-10-29 17:29:35.254,9,1
2025-10-29 17:29:36.233,9,1
2025-10-29 17:29:36.237,10,3
2025-10-29 17:29:36.238,10,2
2025-10-29 17:29:36.243,10,1
2025-10-29 17:29:36.247,10,1
2025-10-29 17:29:36.248,10,1
2025-10-29 17:29:36.257,10,1
2025-10-29 17:29:36.261,10,1
2025-10-29 17:29:36.265,10,2
2025-10-29 17:29:37.237,10,1
2025-10-29 17:29:37.244,9,2
2025-10-29 17:29:37.248,9,1
2025-10-29 17:29:37.253,9,1
2025-10-29 17:29:37.257,9,1
2025-10-29 17:29:37.266,9,2
2025-10-29 17:29:37.268,9,2
2025-10-29 17:29:38.231,6,1
2025-10-29 17:29:38.232,6,1
2025-10-29 17:29:38.233,6,1
2025-10-29 17:29:38.234,6,1
2025-10-29 17:29:38.239,6,1
2025-10-29 17:29:38.242,6,1
2025-10-29 17:29:38.244,6,1
2025-10-29 17:29:38.255,6,1
2025-10-29 17:29:38.261,6,1
2025-10-29 17:29:39.231,6,1
2025-10-29 17:29:39.237,6,1
2025-10-29 17:29:39.241,11,2
2025-10-29 17:29:39.250,11,1
2025-10-29 17:29:39.253,11,1
2025-10-29 17:29:39.258,11,1
2025-10-29 17:29:39.260,11,1
2025-10-29 17:29:40.237,11,1
2025-10-29 17:29:40.241,11,1
2025-10-29 17:29:40.242,8,0
2025-10-29 17:29:40.244,8,1
2025-10-29 17:29:40.249,8,1
2025-10-29 17:29:40.251,8,0
2025-10-29 17:29:40.255,8,1
2025-10-29 17:29:40.257,8,1
2025-10-29 17:29:41.249,8,1
2025-10-29 17:29:41.256,8,2
2025-10-29 17:29:41.265,8,1
2025-10-29 17:29:42.234,2,2
2025-10-29 17:29:42.237,2,1
2025-10-29 17:29:42.241,2,3
2025-10-29 17:29:42.253,2,2
2025-10-29 17:29:42.258,2,2
2025-10-29 17:29:42.271,2,2
2025-10-29 17:29:42.279,2,1
2025-10-29 17:29:43.235,2,2
2025-10-29 17:29:43.239,2,4
2025-10-29 17:29:43.241,10,3
2025-10-29 17:29:43.246,10,1
2025-10-29 17:29:43.247,10,1
2025-10-29 17:29:43.248,10,1
2025-10-29 17:29:43.250,10,1
2025-10-29 17:29:43.251,10,1
2025-10-29 17:29:44.236,10,2
2025-10-29 17:29:44.239,10,2
2025-10-29 17:29:44.242,9,2
2025-10-29 17:29:44.251,9,1
2025-10-29 17:29:44.255,9,2
2025-10-29 17:29:44.260,9,0
2025-10-29 17:29:45.234,9,2
2025-10-29 17:29:45.237,6,1
2025-10-29 17:29:45.247,6,1
2025-10-29 17:29:46.237,6,1
2025-10-29 17:29:46.243,3,1
2025-10-29 17:29:46.244,3,1
2025-10-29 17:29:46.248,3,1
2025-10-29 17:29:46.249,3,0
2025-10-29 17:29:46.256,3,2
2025-10-29 17:29:46.261,3,1
2025-10-29 17:29:47.231,3,2
2025-10-29 17:29:47.235,7,1
2025-10-29 17:29:47.244,7,1
2025-10-29 17:29:47.247,7,1
2025-10-29 17:29:47.250,7,1
2025-10-29 17:29:47.259,7,1
2025-10-29 17:29:47.260,7,1
2025-10-29 17:29:48.233,7,1
2025-10-29 17:29:48.237,8,3
2025-10-29 17:29:48.238,8,1
2025-10-29 17:29:48.239,8,1
2025-10-29 17:29:48.240,8,1
2025-10-29 17:29:48.245,8,1
2025-10-29 17:29:48.247,8,1
2025-10-29 17:29:48.251,8,1
2025-10-29 17:29:48.252,8,1
2025-10-29 17:29:48.256,8,1
2025-10-29 17:29:50.000,14,1744
2025-10-29 17:29:50.000,14,1742
2025-10-29 17:29:50.000,14,1739
2025-10-29 17:29:50.000,14,731
2025-10-29 17:29:50.000,14,730
2025-10-29 17:29:50.000,14,721
2025-10-29 17:29:50.000,14,716
2025-10-29 17:29:50.000,14,713
2025-10-29 17:29:50.000,14,706
2025-10-29 17:29:50.268,14,1
2025-10-29 17:29:50.270,14,1
2025-10-29 17:29:50.272,11,1
2025-10-29 17:29:50.277,11,1
2025-10-29 17:29:50.284,11,1
2025-10-29 17:29:50.290,11,2
2025-10-29 17:29:51.268,11,1
2025-10-29 17:29:51.270,11,1
2025-10-29 17:29:51.272,8,2
2025-10-29 17:29:51.280,8,1
2025-10-29 17:29:51.281,8,0
2025-10-29 17:29:51.283,8,1
2025-10-29 17:29:51.283,8,0
2025-10-29 17:29:51.284,8,0
2025-10-29 17:29:51.290,8,1
2025-10-29 17:29:51.293,8,1
2025-10-29 17:29:53.000,7,729
2025-10-29 17:29:53.000,7,721
2025-10-29 17:29:53.000,7,720
2025-10-29 17:29:53.000,7,718
2025-10-29 17:29:53.000,7,717
2025-10-29 17:29:53.000,7,711
2025-10-29 17:29:53.000,7,708
2025-10-29 17:29:53.281,7,1
2025-10-29 17:29:53.283,7,2
2025-10-29 17:29:53.286,7,1
2025-10-29 17:29:53.288,7,1
2025-10-29 17:29:53.291,7,1
2025-10-29 17:29:54.268,7,0
2025-10-29 17:29:54.271,7,3
2025-10-29 17:29:54.271,7,2
2025-10-29 17:29:54.275,8,1
2025-10-29 17:29:54.276,8,1
2025-10-29 17:29:54.278,8,0
2025-10-29 17:29:54.280,8,1
2025-10-29 17:29:54.289,8,1
2025-10-29 17:29:54.290,8,2
2025-10-29 17:29:55.271,8,1
2025-10-29 17:29:55.278,8,0
2025-10-29 17:29:55.281,10,1
2025-10-29 17:29:55.283,10,1
2025-10-29 17:29:55.283,10,0
2025-10-29 17:29:55.288,10,1
2025-10-29 17:29:55.295,10,1
2025-10-29 17:29:55.299,10,1
2025-10-29 17:29:56.271,7,0
2025-10-29 17:29:56.279,7,1
2025-10-29 17:29:56.286,7,1
2025-10-29 17:29:56.292,7,1
2025-10-29 17:29:56.297,7,1
2025-10-29 17:29:57.269,7,0
2025-10-29 17:29:57.272,7,2
2025-10-29 17:29:57.277,7,1
2025-10-29 17:29:57.288,7,1
2025-10-29 17:29:57.292,7,1
2025-10-29 17:29:57.292,7,0
2025-10-29 17:29:57.295,7,1
2025-10-29 17:29:58.269,7,1
2025-10-29 17:29:58.277,7,1
2025-10-29 17:29:58.286,8,0
2025-10-29 17:29:58.288,8,1
2025-10-29 17:29:58.292,8,1
2025-10-29 17:29:58.296,8,1
2025-10-29 17:29:58.298,8,0
2025-10-29 17:29:59.279,8,1
2025-10-29 17:29:59.283,8,1
2025-10-29 17:29:59.287,8,0
2025-10-29 17:29:59.292,8,1
2025-10-29 17:29:59.293,8,0
2025-10-29 17:30:00.275,8,1
2025-10-29 17:30:00.282,8,1
2025-10-29 17:30:00.288,6,0
2025-10-29 17:30:00.290,6,2
2025-10-29 17:30:00.297,6,1
2025-10-29 17:30:01.267,6,1
2025-10-29 17:30:01.270,6,3
2025-10-29 17:30:01.277,6,0
2025-10-29 17:30:01.279,6,0
2025-10-29 17:30:01.286,6,0
2025-10-29 17:30:01.289,6,1
2025-10-29 17:30:01.294,6,1
2025-10-29 17:30:01.296,6,0
2025-10-29 17:30:02.270,7,1
2025-10-29 17:30:02.276,7,1
2025-10-29 17:30:02.278,7,1
2025-10-29 17:30:02.279,7,0
2025-10-29 17:30:02.281,7,1
2025-10-29 17:30:02.282,7,1
2025-10-29 17:30:02.287,7,1
2025-10-29 17:30:02.291,7,1
2025-10-29 17:30:02.292,7,0
2025-10-29 17:30:02.295,7,0
2025-10-29 17:30:04.001,8,1705
2025-10-29 17:30:04.001,8,730
2025-10-29 17:30:04.001,8,728
2025-10-29 17:30:04.001,8,724
2025-10-29 17:30:04.001,8,715
2025-10-29 17:30:04.001,8,713
2025-10-29 17:30:04.001,8,710
2025-10-29 17:30:04.001,8,708
2025-10-29 17:30:04.278,8,0
2025-10-29 17:30:04.290,8,1
2025-10-29 17:30:04.295,8,0
2025-10-29 17:30:04.296,8,0
2025-10-29 17:30:05.269,8,1
2025-10-29 17:30:05.274,8,1
2025-10-29 17:30:05.275,6,0
2025-10-29 17:30:06.267,2,0
2025-10-29 17:30:06.273,2,0
2025-10-29 17:30:06.287,2,1
2025-10-29 17:30:06.288,2,0
2025-10-29 17:30:06.290,2,0
2025-10-29 17:30:06.294,2,1
2025-10-29 17:30:07.270,6,1
2025-10-29 17:30:07.278,6,1
2025-10-29 17:30:07.281,6,1
2025-10-29 17:30:07.294,6,0
2025-10-29 17:30:07.306,6,0
2025-10-29 17:30:07.308,6,1
2025-10-29 17:30:08.279,4,0
2025-10-29 17:30:08.296,4,0
2025-10-29 17:30:08.302,4,0
2025-10-29 17:30:08.310,4,1
2025-10-29 17:30:08.312,4,1
