timestamp,actual_rate,current_sample_rate,delta,encode_cost_ms,sample_cost_ms
1761892489,0.100000,0.100000,0.000000,0.01,6.00
1761892492,0.100000,0.100000,0.000000,0.00,4.00
1761892495,0.100000,0.100000,0.000000,0.00,3.75
1761892498,0.100000,0.100000,0.000000,0.00,4.00
1761892501,0.100000,0.100000,0.000000,0.00,4.33
1761892504,0.100000,0.100000,0.000000,0.00,4.29
1761892507,0.100000,0.100000,0.000000,0.00,4.22
1761892510,0.100000,0.100000,0.000000,0.00,3.75
1761892513,0.100000,0.100000,0.000000,0.00,3.64
1761892516,0.100000,0.100000,0.000000,0.00,3.56
1761892519,0.100000,0.100000,0.000000,0.00,3.79
1761892522,0.100000,0.100000,0.000000,0.00,3.71
1761892525,0.100000,0.100000,0.000000,0.00,3.75
1761892528,0.100000,0.100000,0.000000,0.00,3.63
1761892531,0.100000,0.097143,-0.002857,0.01,3.55
1761892534,0.098684,0.093546,-0.003597,0.01,3.55
1761892537,0.097500,0.088633,-0.004913,0.01,3.52
1761892540,0.095714,0.084364,-0.004269,0.01,3.47
1761892543,0.094000,0.080124,-0.004240,0.01,3.38
1761892546,0.092833,0.076333,-0.003791,0.01,3.28
1761892549,0.089855,0.072060,-0.004273,0.01,3.16
1761892552,0.087564,0.067674,-0.004386,0.01,3.03
1761892555,0.084713,0.063917,-0.003757,0.01,2.99
1761892558,0.082396,0.060515,-0.003402,0.01,2.85
1761892561,0.080476,0.057383,-0.003133,0.01,2.76
1761892564,0.078070,0.054892,-0.002491,0.01,2.68
1761892567,0.076016,0.052799,-0.002092,0.01,2.61
1761892570,0.074242,0.050992,-0.001808,0.01,2.51
1761892573,0.072695,0.049385,-0.001606,0.01,2.44
1761892576,0.070733,0.048245,-0.001140,0.01,2.37
1761892579,0.068994,0.047396,-0.000849,0.01,2.27
1761892582,0.067440,0.046746,-0.000650,0.01,2.20
1761892585,0.066045,0.046236,-0.000510,0.01,2.15
1761892588,0.064785,0.045819,-0.000417,0.02,2.09
1761892591,0.063641,0.045458,-0.000360,0.02,2.04
1761892594,0.062598,0.045138,-0.000321,0.02,2.00
1761892597,0.061643,0.044833,-0.000305,0.02,1.98
1761892600,0.060766,0.044536,-0.000296,0.02,1.95
1761892603,0.059957,0.044234,-0.000302,0.02,1.91
1761892606,0.059208,0.043926,-0.000309,0.02,1.87
1761892609,0.058740,0.043866,-0.000060,0.02,1.85
1761892612,0.058221,0.043902,0.000036,0.02,1.82
1761892615,0.057663,0.043926,0.000025,0.02,1.78
1761892618,0.057201,0.044034,0.000108,0.02,1.75
1761892621,0.056764,0.044200,0.000166,0.02,1.75
1761892624,0.056348,0.044415,0.000215,0.02,1.72
1761892627,0.056007,0.044757,0.000343,0.02,1.71
1761892630,0.055788,0.045406,0.000649,0.02,1.70
1761892633,0.055522,0.046203,0.000797,0.02,1.69
1761892636,0.055265,0.047140,0.000937,0.02,1.67
1761892639,0.055016,0.048205,0.001065,0.02,1.66
1761892642,0.054776,0.049394,0.001190,0.02,1.65
1761892645,0.054589,0.050830,0.001435,0.02,1.63
1761892648,0.054517,0.052183,0.001353,0.02,1.63
1761892651,0.054475,0.053854,0.001671,0.02,1.62
1761892654,0.054434,0.055821,0.001968,0.02,1.62
1761892657,0.054394,0.058484,0.002662,0.02,1.62
1761892660,0.054354,0.061026,0.002542,0.02,1.62
1761892663,0.054405,0.064234,0.003208,0.02,1.62
1761892666,0.054454,0.067145,0.002911,0.02,1.63
1761892669,0.054487,0.070710,0.003565,0.02,1.63
1761892672,0.054622,0.074339,0.003629,0.02,1.64
1761892675,0.054711,0.078645,0.004307,0.02,1.64
1761892678,0.054799,0.083702,0.005057,0.02,1.64
1761892681,0.055014,0.088658,0.004956,0.02,1.65
1761892684,0.055156,0.094437,0.005779,0.02,1.65
1761892687,0.055449,0.099858,0.005421,0.02,1.66
1761892690,0.055546,0.107332,0.007474,0.02,1.66
1761892693,0.055670,0.117142,0.009810,0.02,1.66
1761892696,0.055822,0.129799,0.012656,0.02,1.67
1761892699,0.056000,0.146051,0.016253,0.02,1.67
1761892702,0.056464,0.161920,0.015868,0.02,1.69
1761892705,0.056749,0.181914,0.019994,0.02,1.70
1761892708,0.057088,0.206534,0.024621,0.02,1.71
1761892711,0.057479,0.235172,0.028638,0.02,1.72
1761892714,0.057951,0.263716,0.028543,0.02,1.74
1761892717,0.059049,0.283728,0.020012,0.02,1.80
1761892720,0.059648,0.304600,0.020872,0.02,1.82
1761892723,0.060297,0.325044,0.020443,0.02,1.84
1761892726,0.060997,0.343766,0.018722,0.02,1.86
1761892729,0.061747,0.359464,0.015698,0.02,1.88
1761892732,0.063289,0.354483,-0.004981,0.02,1.93
1761892735,0.064053,0.348140,-0.006343,0.02,1.97
1761892738,0.064787,0.344393,-0.003747,0.02,1.99
1761892741,0.065517,0.336060,-0.008333,0.02,2.01
1761892744,0.066217,0.327410,-0.008650,0.02,2.03
1761892747,0.067553,0.310427,-0.016984,0.02,2.07
1761892750,0.068189,0.295004,-0.015423,0.02,2.10
1761892753,0.068770,0.281300,-0.013704,0.02,2.12
1761892756,0.069321,0.269326,-0.011974,0.02,2.14
1761892759,0.069818,0.259307,-0.010019,0.02,2.16
1761892762,0.070751,0.246407,-0.012900,0.02,2.19
1761892765,0.071189,0.235941,-0.010466,0.02,2.20
1761892768,0.071598,0.227740,-0.008201,0.02,2.22
1761892771,0.071979,0.221780,-0.005961,0.02,2.23
1761892774,0.072359,0.217882,-0.003898,0.02,2.25
1761892777,0.073061,0.211942,-0.005940,0.02,2.27
1761892780,0.073410,0.208273,-0.003669,0.02,2.28
1761892783,0.073731,0.206874,-0.001398,0.02,2.29
1761892786,0.074051,0.207716,0.000842,0.02,2.30
1761892789,0.074369,0.210839,0.003123,0.02,2.31
1761892792,0.075050,0.210654,-0.000185,0.02,2.33
1761892795,0.075388,0.212676,0.002022,0.02,2.34
1761892798,0.075725,0.219607,0.006931,0.02,2.35
1761892801,0.076060,0.225884,0.006278,0.02,2.36
1761892804,0.076418,0.237844,0.011959,0.02,2.37
1761892807,0.077178,0.243157,0.005314,0.02,2.40
1761892810,0.077580,0.250346,0.007188,0.02,2.42
1761892813,0.078005,0.258962,0.008616,0.02,2.44
1761892816,0.078428,0.269150,0.010187,0.02,2.46
1761892819,0.078873,0.280567,0.011417,0.02,2.47
1761892822,0.079854,0.280809,0.000242,0.02,2.50
1761892825,0.080341,0.281905,0.001096,0.02,2.53
1761892828,0.080825,0.283607,0.001702,0.02,2.55
1761892831,0.081308,0.285879,0.002272,0.02,2.57
1761892834,0.081787,0.288716,0.002838,0.02,2.58
1761892837,0.082740,0.282549,-0.006167,0.02,2.62
1761892840,0.083213,0.277610,-0.004939,0.02,2.63
1761892843,0.083660,0.273881,-0.003729,0.02,2.64
1761892846,0.084105,0.271266,-0.002616,0.02,2.65
1761892849,0.084548,0.269679,-0.001587,0.02,2.66
1761892852,0.085379,0.261910,-0.007769,0.02,2.70
1761892855,0.085792,0.255930,-0.005980,0.02,2.72
1761892858,0.086179,0.251654,-0.004276,0.02,2.72
1761892861,0.086565,0.248964,-0.002690,0.02,2.74
1761892864,0.086925,0.248071,-0.000893,0.02,2.75
1761892867,0.087640,0.242234,-0.005837,0.02,2.78
1761892870,0.087995,0.238460,-0.003774,0.02,2.79
1761892873,0.088326,0.236687,-0.001772,0.02,2.79
1761892876,0.088654,0.236853,0.000166,0.02,2.80
1761892879,0.088981,0.238938,0.002085,0.02,2.81
1761892882,0.089631,0.235948,-0.002991,0.02,2.83
1761892885,0.089954,0.235158,-0.000790,0.02,2.84
1761892888,0.090275,0.236298,0.001140,0.02,2.85
1761892891,0.090595,0.239372,0.003075,0.02,2.86
1761892894,0.090913,0.244434,0.005061,0.02,2.87
1761892897,0.091591,0.242827,-0.001607,0.02,2.89
1761892900,0.091927,0.243232,0.000405,0.02,2.90
1761892903,0.092262,0.245326,0.002094,0.02,2.91
1761892906,0.092596,0.249161,0.003836,0.02,2.93
1761892909,0.092928,0.254768,0.005606,0.02,2.93
1761892912,0.093632,0.252294,-0.002474,0.02,2.96
1761892915,0.093982,0.248916,-0.003377,0.02,2.97
1761892918,0.094308,0.247316,-0.001600,0.02,2.98
1761892921,0.094633,0.250518,0.003202,0.02,2.99
1761892924,0.094978,0.251678,0.001160,0.02,3.00
1761892927,0.095664,0.248031,-0.003647,0.02,3.03
1761892930,0.096615,0.231923,-0.016108,0.02,3.05
1761892933,0.097489,0.211279,-0.020644,0.02,3.08
1761892936,0.098221,0.189196,-0.022083,0.02,3.10
1761892939,0.098750,0.168207,-0.020989,0.02,3.12
1761892942,0.099143,0.147998,-0.020209,0.02,3.13
1761892945,0.099404,0.129635,-0.018362,0.02,3.13
1761892948,0.099535,0.113403,-0.016232,0.02,3.13
1761892951,0.099687,0.097918,-0.015485,0.02,3.12
1761892954,0.099588,0.084759,-0.013158,0.02,3.12
1761892957,0.099348,0.073706,-0.011053,0.02,3.11
1761892960,0.098994,0.064699,-0.009007,0.02,3.09
1761892963,0.098529,0.057626,-0.007074,0.02,3.08
1761892966,0.097957,0.052336,-0.005289,0.02,3.06
1761892969,0.097583,0.048459,-0.003878,0.02,3.05
1761892972,0.097248,0.046008,-0.002451,0.02,3.04
1761892975,0.096917,0.044756,-0.001252,0.03,3.03
1761892978,0.096590,0.044506,-0.000250,0.03,3.02
1761892981,0.096267,0.045140,0.000634,0.03,3.00
1761892984,0.095947,0.046853,0.001713,0.03,2.99
1761892987,0.095631,0.049271,0.002418,0.03,2.98
1761892990,0.095526,0.052403,0.003132,0.03,2.98
1761892993,0.095356,0.056745,0.004342,0.03,2.97
1761892996,0.095271,0.062429,0.005683,0.03,2.96
1761892999,0.095205,0.069517,0.007088,0.03,2.96
1761893002,0.095140,0.077417,0.007900,0.03,2.96
1761893005,0.095093,0.088795,0.011378,0.03,2.96
1761893008,0.095037,0.101262,0.012467,0.03,2.95
1761893011,0.095046,0.117364,0.016102,0.03,2.95
1761893014,0.095074,0.138304,0.020940,0.03,2.96
1761893017,0.095138,0.163783,0.025479,0.03,2.96
1761893020,0.095257,0.188774,0.024990,0.03,2.96
1761893023,0.095568,0.211522,0.022749,0.03,2.98
1761893026,0.095777,0.234236,0.022714,0.03,2.98
1761893029,0.096022,0.256272,0.022036,0.03,2.99
1761893032,0.096302,0.277449,0.021177,0.03,3.00
1761893035,0.096618,0.297554,0.020105,0.03,3.02
1761893038,0.097319,0.307386,0.009832,0.03,3.05
1761893041,0.097685,0.316773,0.009387,0.03,3.06
1761893044,0.098069,0.324015,0.007242,0.03,3.08
1761893047,0.098468,0.328301,0.004286,0.03,3.10
1761893050,0.098867,0.324777,-0.003523,0.03,3.12
1761893053,0.099659,0.304112,-0.020666,0.03,3.14
1761893056,0.100018,0.283161,-0.020951,0.03,3.16
1761893059,0.100339,0.262235,-0.020926,0.03,3.17
1761893062,0.100624,0.243960,-0.018275,0.03,3.18
1761893065,0.100872,0.222578,-0.021382,0.03,3.20
1761893068,0.101294,0.198756,-0.023822,0.03,3.21
1761893071,0.101451,0.177644,-0.021112,0.03,3.22
1761893074,0.101572,0.158862,-0.018782,0.03,3.22
1761893077,0.101658,0.136269,-0.022593,0.03,3.22
1761893080,0.101708,0.118063,-0.018206,0.03,3.22
1761893083,0.101737,0.101955,-0.016108,0.03,3.22
1761893086,0.101734,0.086453,-0.015502,0.03,3.21
1761893089,0.101696,0.072123,-0.014330,0.03,3.22
1761893092,0.101640,0.051617,-0.020506,0.03,3.22
1761893095,0.101551,0.035436,-0.016180,0.03,3.21
1761893098,0.101302,0.024215,-0.011221,0.03,3.20
1761893101,0.101161,0.014173,-0.010042,0.03,3.20
1761893104,0.101003,0.006020,-0.008153,0.03,3.19
1761893107,0.100829,0.000000,-0.009300,0.03,3.19
1761893110,0.100655,0.000000,-0.006044,0.03,3.18
1761893113,0.100309,0.000000,-0.001575,0.03,3.17
1761893116,0.100137,0.000000,-0.000662,0.03,3.16
1761893119,0.099966,0.000888,0.000888,0.03,3.16
1761893122,0.099795,0.003495,0.002607,0.03,3.15
1761893125,0.099625,0.007544,0.004049,0.03,3.15
1761893128,0.099286,0.016017,0.008472,0.03,3.14
1761893131,0.099134,0.024690,0.008673,0.03,3.13
1761893134,0.099000,0.034083,0.009393,0.03,3.13
1761893137,0.098883,0.045957,0.011874,0.03,3.12
1761893140,0.098784,0.057629,0.011672,0.03,3.12
1761893143,0.098620,0.071801,0.014172,0.03,3.11
1761893146,0.098571,0.085004,0.013203,0.03,3.11
1761893149,0.098540,0.100018,0.015014,0.03,3.11
1761893152,0.098543,0.113570,0.013552,0.03,3.12
1761893155,0.098562,0.126254,0.012683,0.03,3.12
1761893158,0.098633,0.139015,0.012762,0.03,3.12
1761893161,0.098686,0.152497,0.013482,0.03,3.12
1761893164,0.098771,0.163804,0.011306,0.03,3.12
1761893167,0.098872,0.173605,0.009801,0.03,3.13
1761893170,0.098990,0.183802,0.010197,0.03,3.13
1761893173,0.099257,0.189439,0.005637,0.03,3.15
1761893176,0.099390,0.195635,0.006196,0.03,3.15
1761893179,0.099539,0.199575,0.003940,0.03,3.15
1761893182,0.099688,0.201959,0.002384,0.03,3.16
1761893185,0.099852,0.203153,0.001194,0.03,3.16
1761893188,0.100180,0.200245,-0.002908,0.03,3.17
1761893191,0.100343,0.196551,-0.003694,0.03,3.18
1761893194,0.100489,0.190075,-0.006476,0.03,3.18
1761893197,0.100634,0.182731,-0.007344,0.03,3.21
1761893200,0.100763,0.174536,-0.008195,0.03,3.21
1761893203,0.100987,0.164901,-0.009636,0.03,3.22
1761893206,0.101082,0.150563,-0.014337,0.03,3.22
1761893209,0.101161,0.137353,-0.013210,0.03,3.23
1761893212,0.101161,0.124182,-0.013171,0.03,3.23
1761893215,0.101161,0.111012,-0.013171,0.03,3.23
1761893218,0.101161,0.097841,-0.013171,0.03,3.23
1761893221,0.101161,0.084670,-0.013171,0.03,3.23
1761893224,0.101161,0.071499,-0.013171,0.03,3.23
1761893227,0.101161,0.058329,-0.013171,0.03,3.23
1761893230,0.101161,0.045158,-0.013171,0.03,3.23
1761893233,0.101161,0.031987,-0.013171,0.03,3.23
1761893236,0.101161,0.018817,-0.013171,0.03,3.23
1761893239,0.101161,0.005646,-0.013171,0.03,3.23
1761893242,0.101161,0.000000,-0.013171,0.03,3.23
1761893245,0.101161,0.000000,-0.013171,0.03,3.23
1761893248,0.101161,0.000000,-0.013171,0.03,3.23
1761893251,0.101161,0.000000,-0.013171,0.03,3.23
1761893254,0.101161,0.000000,-0.013171,0.03,3.23
1761893257,0.101161,0.000000,-0.013171,0.03,3.23
1761893260,0.101161,0.000000,-0.013171,0.03,3.23
1761893263,0.101161,0.000000,-0.013171,0.03,3.23
1761893266,0.101161,0.000000,-0.013171,0.03,3.23
1761893269,0.101161,0.000000,-0.013171,0.03,3.23
1761893272,0.101161,0.000000,-0.013171,0.03,3.23
1761893275,0.101161,0.000000,-0.013171,0.03,3.23
1761893278,0.101161,0.000000,-0.013171,0.03,3.23
1761893281,0.101161,0.000000,-0.013171,0.03,3.23
1761893284,0.101161,0.000000,-0.013171,0.03,3.23
1761893287,0.101161,0.000000,-0.013171,0.03,3.23
1761893290,0.101161,0.000000,-0.013171,0.03,3.23
1761893293,0.101161,0.000000,-0.013171,0.03,3.23
1761893296,0.101161,0.000000,-0.013171,0.03,3.23
1761893299,0.101161,0.000000,-0.013171,0.03,3.23
1761893302,0.101161,0.000000,-0.013171,0.03,3.23
1761893305,0.101161,0.000000,-0.013171,0.03,3.23
1761893308,0.101161,0.000000,-0.013171,0.03,3.23
1761893311,0.101161,0.000000,-0.013171,0.03,3.23
1761893314,0.101161,0.000000,-0.013171,0.03,3.23
1761893317,0.101161,0.000000,-0.013171,0.03,3.23
1761893320,0.101161,0.000000,-0.013171,0.03,3.23
1761893323,0.101161,0.000000,-0.013171,0.03,3.23
1761893326,0.101161,0.000000,-0.013171,0.03,3.23
1761893329,0.101161,0.000000,-0.013171,0.03,3.23
1761893332,0.101161,0.000000,-0.013171,0.03,3.23
1761893335,0.101161,0.000000,-0.013171,0.03,3.23
1761893338,0.101161,0.000000,-0.013171,0.03,3.23
1761893341,0.101161,0.000000,-0.013171,0.03,3.23
1761893344,0.101161,0.000000,-0.013171,0.03,3.23
1761893347,0.101161,0.000000,-0.013171,0.03,3.23
1761893350,0.101161,0.000000,-0.013171,0.03,3.23
1761893353,0.101161,0.000000,-0.013171,0.03,3.23
1761893356,0.101161,0.000000,-0.013171,0.03,3.23
1761893359,0.101161,0.000000,-0.013171,0.03,3.23
1761893362,0.101161,0.000000,-0.013171,0.03,3.23
1761893365,0.101161,0.000000,-0.013171,0.03,3.23
1761893368,0.101161,0.000000,-0.013171,0.03,3.23
1761893371,0.101161,0.000000,-0.013171,0.03,3.23
1761893374,0.101161,0.000000,-0.013171,0.03,3.23
1761893377,0.101161,0.000000,-0.013171,0.03,3.23
1761893380,0.101161,0.000000,-0.013171,0.03,3.23
1761893383,0.101161,0.000000,-0.013171,0.03,3.23
1761893386,0.101161,0.000000,-0.013171,0.03,3.23
1761893389,0.101161,0.000000,-0.013171,0.03,3.23
1761893392,0.101161,0.000000,-0.013171,0.03,3.23
1761893395,0.101161,0.000000,-0.013171,0.03,3.23
1761893398,0.101161,0.000000,-0.013171,0.03,3.23
1761893401,0.101161,0.000000,-0.013171,0.03,3.23
1761893404,0.101161,0.000000,-0.013171,0.03,3.23
1761893407,0.101161,0.000000,-0.013171,0.03,3.23
1761893410,0.101161,0.000000,-0.013171,0.03,3.23
1761893413,0.101161,0.000000,-0.013171,0.03,3.23
1761893416,0.101161,0.000000,-0.013171,0.03,3.23
1761893419,0.101161,0.000000,-0.013171,0.03,3.23
1761893422,0.101161,0.000000,-0.013171,0.03,3.23
1761893425,0.101161,0.000000,-0.013171,0.03,3.23
1761893428,0.101161,0.000000,-0.013171,0.03,3.23
1761893431,0.101161,0.000000,-0.013171,0.03,3.23
1761893434,0.101161,0.000000,-0.013171,0.03,3.23
1761893437,0.101161,0.000000,-0.013171,0.03,3.23
1761893440,0.101161,0.000000,-0.013171,0.03,3.23
1761893443,0.101161,0.000000,-0.013171,0.03,3.23
1761893446,0.101161,0.000000,-0.013171,0.03,3.23
1761893449,0.101161,0.000000,-0.013171,0.03,3.23
1761893452,0.101161,0.000000,-0.013171,0.03,3.23
1761893455,0.101161,0.000000,-0.013171,0.03,3.23
1761893458,0.101161,0.000000,-0.013171,0.03,3.23
1761893461,0.101161,0.000000,-0.013171,0.03,3.23
1761893464,0.101161,0.000000,-0.013171,0.03,3.23
1761893467,0.101161,0.000000,-0.013171,0.03,3.23
1761893470,0.101161,0.000000,-0.013171,0.03,3.23
1761893473,0.101161,0.000000,-0.013171,0.03,3.23
1761893476,0.101161,0.000000,-0.013171,0.03,3.23
1761893479,0.101161,0.000000,-0.013171,0.03,3.23
1761893482,0.101161,0.000000,-0.013171,0.03,3.23
1761893485,0.101161,0.000000,-0.013171,0.03,3.23
1761893488,0.101161,0.000000,-0.013171,0.03,3.23
1761893491,0.101161,0.000000,-0.013171,0.03,3.23
1761893494,0.101161,0.000000,-0.013171,0.03,3.23
1761893497,0.101161,0.000000,-0.013171,0.03,3.23
1761893500,0.101161,0.000000,-0.013171,0.03,3.23
1761893503,0.101161,0.000000,-0.013171,0.03,3.23
1761893506,0.101161,0.000000,-0.013171,0.03,3.23
1761893509,0.101161,0.000000,-0.013171,0.03,3.23
1761893512,0.101161,0.000000,-0.013171,0.03,3.23
1761893515,0.101161,0.000000,-0.013171,0.03,3.23
1761893518,0.101161,0.000000,-0.013171,0.03,3.23
1761893521,0.101161,0.000000,-0.013171,0.03,3.23
1761893524,0.101161,0.000000,-0.013171,0.03,3.23
1761893527,0.101161,0.000000,-0.013171,0.03,3.23
1761893530,0.101161,0.000000,-0.013171,0.03,3.23
1761893533,0.101161,0.000000,-0.013171,0.03,3.23
1761893536,0.101161,0.000000,-0.013171,0.03,3.23
1761893539,0.101161,0.000000,-0.013171,0.03,3.23
1761893542,0.101161,0.000000,-0.013171,0.03,3.23
1761893545,0.101161,0.000000,-0.013171,0.03,3.23
1761893548,0.101161,0.000000,-0.013171,0.03,3.23
1761893551,0.101161,0.000000,-0.013171,0.03,3.23
1761893554,0.101161,0.000000,-0.013171,0.03,3.23
1761893557,0.101161,0.000000,-0.013171,0.03,3.23
1761893560,0.101161,0.000000,-0.013171,0.03,3.23
1761893563,0.101161,0.000000,-0.013171,0.03,3.23
1761893566,0.101161,0.000000,-0.013171,0.03,3.23
1761893569,0.101161,0.000000,-0.013171,0.03,3.23
1761893572,0.101161,0.000000,-0.013171,0.03,3.23
1761893575,0.101161,0.000000,-0.013171,0.03,3.23
1761893578,0.101161,0.000000,-0.013171,0.03,3.23
1761893581,0.101161,0.000000,-0.013171,0.03,3.23
1761893584,0.101161,0.000000,-0.013171,0.03,3.23
1761893587,0.101161,0.000000,-0.013171,0.03,3.23
1761893590,0.101161,0.000000,-0.013171,0.03,3.23
1761893593,0.101161,0.000000,-0.013171,0.03,3.23
1761893596,0.101161,0.000000,-0.013171,0.03,3.23
1761893599,0.101161,0.000000,-0.013171,0.03,3.23
1761893602,0.101161,0.000000,-0.013171,0.03,3.23
1761893605,0.101161,0.000000,-0.013171,0.03,3.23
1761893608,0.101161,0.000000,-0.013171,0.03,3.23
1761893611,0.101161,0.000000,-0.013171,0.03,3.23
1761893614,0.101161,0.000000,-0.013171,0.03,3.23
1761893617,0.101161,0.000000,-0.013171,0.03,3.23
1761893620,0.101161,0.000000,-0.013171,0.03,3.23
1761893623,0.101161,0.000000,-0.013171,0.03,3.23
1761893626,0.101161,0.000000,-0.013171,0.03,3.23
1761893629,0.101161,0.000000,-0.013171,0.03,3.23
1761893632,0.101161,0.000000,-0.013171,0.03,3.23
1761893635,0.101161,0.000000,-0.013171,0.03,3.23
1761893638,0.101161,0.000000,-0.013171,0.03,3.23
1761893641,0.101161,0.000000,-0.013171,0.03,3.23
1761893644,0.101161,0.000000,-0.013171,0.03,3.23
1761893647,0.101161,0.000000,-0.013171,0.03,3.23
1761893650,0.101161,0.000000,-0.013171,0.03,3.23
1761893653,0.101161,0.000000,-0.013171,0.03,3.23
1761893656,0.101161,0.000000,-0.013171,0.03,3.23
1761893659,0.101161,0.000000,-0.013171,0.03,3.23
1761893662,0.101161,0.000000,-0.013171,0.03,3.23
1761893665,0.101161,0.000000,-0.013171,0.03,3.23
1761893668,0.101161,0.000000,-0.013171,0.03,3.23
1761893671,0.101161,0.000000,-0.013171,0.03,3.23
1761893674,0.101161,0.000000,-0.013171,0.03,3.23
1761893677,0.101161,0.000000,-0.013171,0.03,3.23
1761893680,0.101161,0.000000,-0.013171,0.03,3.23
1761893683,0.101161,0.000000,-0.013171,0.03,3.23
1761893686,0.101161,0.000000,-0.013171,0.03,3.23
1761893689,0.101161,0.000000,-0.013171,0.03,3.23
1761893692,0.101161,0.000000,-0.013171,0.03,3.23
1761893695,0.101161,0.000000,-0.013171,0.03,3.23
1761893698,0.101161,0.000000,-0.013171,0.03,3.23
1761893701,0.101161,0.000000,-0.013171,0.03,3.23
1761893704,0.101161,0.000000,-0.013171,0.03,3.23
1761893707,0.101161,0.000000,-0.013171,0.03,3.23
1761893710,0.101161,0.000000,-0.013171,0.03,3.23
1761893713,0.101161,0.000000,-0.013171,0.03,3.23
1761893716,0.101161,0.000000,-0.013171,0.03,3.23
1761893719,0.101161,0.000000,-0.013171,0.03,3.23
1761893722,0.101161,0.000000,-0.013171,0.03,3.23
1761893725,0.101161,0.000000,-0.013171,0.03,3.23
1761893728,0.101161,0.000000,-0.013171,0.03,3.23
1761893731,0.101161,0.000000,-0.013171,0.03,3.23
1761893734,0.101161,0.000000,-0.013171,0.03,3.23
1761893737,0.101161,0.000000,-0.013171,0.03,3.23
1761893740,0.101161,0.000000,-0.013171,0.03,3.23
1761893743,0.101161,0.000000,-0.013171,0.03,3.23
1761893746,0.101161,0.000000,-0.013171,0.03,3.23
1761893749,0.101161,0.000000,-0.013171,0.03,3.23
1761893752,0.101161,0.000000,-0.013171,0.03,3.23
1761893755,0.101161,0.000000,-0.013171,0.03,3.23
1761893758,0.101161,0.000000,-0.013171,0.03,3.23
1761893761,0.101161,0.000000,-0.013171,0.03,3.23
1761893764,0.101161,0.000000,-0.013171,0.03,3.23
1761893767,0.101161,0.000000,-0.013171,0.03,3.23
1761893770,0.101161,0.000000,-0.013171,0.03,3.23
1761893773,0.101161,0.000000,-0.013171,0.03,3.23
1761893776,0.101161,0.000000,-0.013171,0.03,3.23
1761893779,0.101161,0.000000,-0.013171,0.03,3.23
1761893782,0.101161,0.000000,-0.013171,0.03,3.23
1761893785,0.101161,0.000000,-0.013171,0.03,3.23
1761893788,0.101161,0.000000,-0.013171,0.03,3.23
1761893791,0.101161,0.000000,-0.013171,0.03,3.23
1761893794,0.101161,0.000000,-0.013171,0.03,3.23
1761893797,0.101161,0.000000,-0.013171,0.03,3.23
1761893800,0.101161,0.000000,-0.013171,0.03,3.23
1761893803,0.101161,0.000000,-0.013171,0.03,3.23
1761893806,0.101161,0.000000,-0.013171,0.03,3.23
1761893809,0.101161,0.000000,-0.013171,0.03,3.23
1761893812,0.101161,0.000000,-0.013171,0.03,3.23
1761893815,0.101161,0.000000,-0.013171,0.03,3.23
1761893818,0.101161,0.000000,-0.013171,0.03,3.23
1761893821,0.101161,0.000000,-0.013171,0.03,3.23
1761893824,0.101161,0.000000,-0.013171,0.03,3.23
1761893827,0.101161,0.000000,-0.013171,0.03,3.23
1761893830,0.101161,0.000000,-0.013171,0.03,3.23
1761893833,0.101161,0.000000,-0.013171,0.03,3.23
1761893836,0.101161,0.000000,-0.013171,0.03,3.23
1761893839,0.101161,0.000000,-0.013171,0.03,3.23
1761893842,0.101161,0.000000,-0.013171,0.03,3.23
1761893845,0.101161,0.000000,-0.013171,0.03,3.23
1761893848,0.101161,0.000000,-0.013171,0.03,3.23
1761893851,0.101161,0.000000,-0.013171,0.03,3.23
1761893854,0.101161,0.000000,-0.013171,0.03,3.23
1761893857,0.101161,0.000000,-0.013171,0.03,3.23
1761893860,0.101161,0.000000,-0.013171,0.03,3.23
1761893863,0.101161,0.000000,-0.013171,0.03,3.23
1761893866,0.101161,0.000000,-0.013171,0.03,3.23
1761893869,0.101161,0.000000,-0.013171,0.03,3.23
1761893872,0.101161,0.000000,-0.013171,0.03,3.23
1761893875,0.101161,0.000000,-0.013171,0.03,3.23
1761893878,0.101161,0.000000,-0.013171,0.03,3.23
1761893881,0.101161,0.000000,-0.013171,0.03,3.23
1761893884,0.101161,0.000000,-0.013171,0.03,3.23
1761893887,0.101161,0.000000,-0.013171,0.03,3.23
1761893890,0.101161,0.000000,-0.013171,0.03,3.23
1761893893,0.101161,0.000000,-0.013171,0.03,3.23
1761893896,0.101161,0.000000,-0.013171,0.03,3.23
1761893899,0.101161,0.000000,-0.013171,0.03,3.23
1761893902,0.101161,0.000000,-0.013171,0.03,3.23
1761893905,0.101161,0.000000,-0.013171,0.03,3.23
1761893908,0.101161,0.000000,-0.013171,0.03,3.23
1761893911,0.101161,0.000000,-0.013171,0.03,3.23
1761893914,0.101161,0.000000,-0.013171,0.03,3.23
1761893917,0.101161,0.000000,-0.013171,0.03,3.23
1761893920,0.101161,0.000000,-0.013171,0.03,3.23
1761893923,0.101161,0.000000,-0.013171,0.03,3.23
1761893926,0.101161,0.000000,-0.013171,0.03,3.23
1761893929,0.101161,0.000000,-0.013171,0.03,3.23
1761893932,0.101161,0.000000,-0.013171,0.03,3.23
1761893935,0.101161,0.000000,-0.013171,0.03,3.23
1761893938,0.101161,0.000000,-0.013171,0.03,3.23
1761893941,0.101161,0.000000,-0.013171,0.03,3.23
1761893944,0.101161,0.000000,-0.013171,0.03,3.23
1761893947,0.101161,0.000000,-0.013171,0.03,3.23
1761893950,0.101161,0.000000,-0.013171,0.03,3.23
1761893953,0.101161,0.000000,-0.013171,0.03,3.23
1761893956,0.101161,0.000000,-0.013171,0.03,3.23
1761893959,0.101161,0.000000,-0.013171,0.03,3.23
1761893962,0.101161,0.000000,-0.013171,0.03,3.23
1761893965,0.101161,0.000000,-0.013171,0.03,3.23
1761893968,0.101161,0.000000,-0.013171,0.03,3.23
1761893971,0.101161,0.000000,-0.013171,0.03,3.23
1761893974,0.101161,0.000000,-0.013171,0.03,3.23
1761893977,0.101161,0.000000,-0.013171,0.03,3.23
1761893980,0.101161,0.000000,-0.013171,0.03,3.23
1761893983,0.101161,0.000000,-0.013171,0.03,3.23
1761893986,0.101161,0.000000,-0.013171,0.03,3.23
1761893989,0.101161,0.000000,-0.013171,0.03,3.23
1761893992,0.101161,0.000000,-0.013171,0.03,3.23
1761893995,0.101161,0.000000,-0.013171,0.03,3.23
1761893998,0.101161,0.000000,-0.013171,0.03,3.23
1761894001,0.101161,0.000000,-0.013171,0.03,3.23
1761894004,0.101161,0.000000,-0.013171,0.03,3.23
1761894007,0.101161,0.000000,-0.013171,0.03,3.23
1761894010,0.101161,0.000000,-0.013171,0.03,3.23
1761894013,0.101161,0.000000,-0.013171,0.03,3.23
1761894016,0.101161,0.000000,-0.013171,0.03,3.23
1761894019,0.101161,0.000000,-0.013171,0.03,3.23
1761894022,0.101161,0.000000,-0.013171,0.03,3.23
1761894025,0.101161,0.000000,-0.013171,0.03,3.23
1761894028,0.101161,0.000000,-0.013171,0.03,3.23
1761894031,0.101161,0.000000,-0.013171,0.03,3.23
1761894034,0.101161,0.000000,-0.013171,0.03,3.23
1761894037,0.101161,0.000000,-0.013171,0.03,3.23
1761894040,0.101161,0.000000,-0.013171,0.03,3.23
1761894043,0.101161,0.000000,-0.013171,0.03,3.23
1761894046,0.101161,0.000000,-0.013171,0.03,3.23
1761894049,0.101161,0.000000,-0.013171,0.03,3.23
1761894052,0.101161,0.000000,-0.013171,0.03,3.23
1761894055,0.101161,0.000000,-0.013171,0.03,3.23
1761894058,0.101161,0.000000,-0.013171,0.03,3.23
1761894061,0.101161,0.000000,-0.013171,0.03,3.23
1761894064,0.101161,0.000000,-0.013171,0.03,3.23
1761894067,0.101161,0.000000,-0.013171,0.03,3.23
1761894070,0.101161,0.000000,-0.013171,0.03,3.23
1761894073,0.101161,0.000000,-0.013171,0.03,3.23
1761894076,0.101161,0.000000,-0.013171,0.03,3.23
1761894079,0.101161,0.000000,-0.013171,0.03,3.23
1761894082,0.101161,0.000000,-0.013171,0.03,3.23
1761894085,0.101161,0.000000,-0.013171,0.03,3.23
1761894088,0.101161,0.000000,-0.013171,0.03,3.23
1761894091,0.101161,0.000000,-0.013171,0.03,3.23
1761894094,0.101161,0.000000,-0.013171,0.03,3.23
1761894097,0.101161,0.000000,-0.013171,0.03,3.23
1761894100,0.101161,0.000000,-0.013171,0.03,3.23
1761894103,0.101161,0.000000,-0.013171,0.03,3.23
1761894106,0.101161,0.000000,-0.013171,0.03,3.23
1761894109,0.101161,0.000000,-0.013171,0.03,3.23
1761894112,0.101161,0.000000,-0.013171,0.03,3.23
1761894115,0.101161,0.000000,-0.013171,0.03,3.23
1761894118,0.101161,0.000000,-0.013171,0.03,3.23
1761894121,0.101161,0.000000,-0.013171,0.03,3.23
1761894124,0.101161,0.000000,-0.013171,0.03,3.23
1761894127,0.101161,0.000000,-0.013171,0.03,3.23
1761894130,0.101161,0.000000,-0.013171,0.03,3.23
1761894133,0.101161,0.000000,-0.013171,0.03,3.23
1761894136,0.101161,0.000000,-0.013171,0.03,3.23
1761894139,0.101161,0.000000,-0.013171,0.03,3.23
1761894142,0.101161,0.000000,-0.013171,0.03,3.23
1761894145,0.101161,0.000000,-0.013171,0.03,3.23
1761894148,0.101161,0.000000,-0.013171,0.03,3.23
1761894151,0.101161,0.000000,-0.013171,0.03,3.23
1761894154,0.101161,0.000000,-0.013171,0.03,3.23
1761894157,0.101161,0.000000,-0.013171,0.03,3.23
1761894160,0.101161,0.000000,-0.013171,0.03,3.23
1761894163,0.101161,0.000000,-0.013171,0.03,3.23
1761894166,0.101161,0.000000,-0.013171,0.03,3.23
1761894169,0.101161,0.000000,-0.013171,0.03,3.23
1761894172,0.101161,0.000000,-0.013171,0.03,3.23
1761894175,0.101161,0.000000,-0.013171,0.03,3.23
1761894178,0.101161,0.000000,-0.013171,0.03,3.23
1761894181,0.101161,0.000000,-0.013171,0.03,3.23
1761894184,0.101161,0.000000,-0.013171,0.03,3.23
1761894187,0.101161,0.000000,-0.013171,0.03,3.23
1761894190,0.101161,0.000000,-0.013171,0.03,3.23
1761894193,0.101161,0.000000,-0.013171,0.03,3.23
1761894196,0.101161,0.000000,-0.013171,0.03,3.23
1761894199,0.101161,0.000000,-0.013171,0.03,3.23
1761894202,0.101161,0.000000,-0.013171,0.03,3.23
1761894205,0.101161,0.000000,-0.013171,0.03,3.23
1761894208,0.101161,0.000000,-0.013171,0.03,3.23
1761894211,0.101161,0.000000,-0.013171,0.03,3.23
1761894214,0.101161,0.000000,-0.013171,0.03,3.23
1761894217,0.101161,0.000000,-0.013171,0.03,3.23
1761894220,0.101161,0.000000,-0.013171,0.03,3.23
1761894223,0.101161,0.000000,-0.013171,0.03,3.23
1761894226,0.101161,0.000000,-0.013171,0.03,3.23
1761894229,0.101161,0.000000,-0.013171,0.03,3.23
1761894232,0.101161,0.000000,-0.013171,0.03,3.23
1761894235,0.101161,0.000000,-0.013171,0.03,3.23
1761894238,0.101161,0.000000,-0.013171,0.03,3.23
1761894241,0.101161,0.000000,-0.013171,0.03,3.23
1761894244,0.101161,0.000000,-0.013171,0.03,3.23
1761894247,0.101161,0.000000,-0.013171,0.03,3.23
1761894250,0.101161,0.000000,-0.013171,0.03,3.23
1761894253,0.101161,0.000000,-0.013171,0.03,3.23
1761894256,0.101161,0.000000,-0.013171,0.03,3.23
1761894259,0.101161,0.000000,-0.013171,0.03,3.23
1761894262,0.101161,0.000000,-0.013171,0.03,3.23
1761894265,0.101161,0.000000,-0.013171,0.03,3.23
1761894268,0.101161,0.000000,-0.013171,0.03,3.23
1761894271,0.101161,0.000000,-0.013171,0.03,3.23
1761894274,0.101161,0.000000,-0.013171,0.03,3.23
1761894277,0.101161,0.000000,-0.013171,0.03,3.23
1761894280,0.101161,0.000000,-0.013171,0.03,3.23
1761894283,0.101161,0.000000,-0.013171,0.03,3.23
1761894286,0.101161,0.000000,-0.013171,0.03,3.23
1761894289,0.101161,0.000000,-0.013171,0.03,3.23
1761894292,0.101161,0.000000,-0.013171,0.03,3.23
1761894295,0.101161,0.000000,-0.013171,0.03,3.23
1761894298,0.101161,0.000000,-0.013171,0.03,3.23
1761894301,0.101161,0.000000,-0.013171,0.03,3.23
1761894304,0.101161,0.000000,-0.013171,0.03,3.23
1761894307,0.101161,0.000000,-0.013171,0.03,3.23
1761894310,0.101161,0.000000,-0.013171,0.03,3.23
1761894313,0.101161,0.000000,-0.013171,0.03,3.23
1761894316,0.101161,0.000000,-0.013171,0.03,3.23
1761894319,0.101161,0.000000,-0.013171,0.03,3.23
1761894322,0.101161,0.000000,-0.013171,0.03,3.23
1761894325,0.101161,0.000000,-0.013171,0.03,3.23
1761894328,0.101161,0.000000,-0.013171,0.03,3.23
1761894331,0.101161,0.000000,-0.013171,0.03,3.23
1761894334,0.101161,0.000000,-0.013171,0.03,3.23
1761894337,0.101161,0.000000,-0.013171,0.03,3.23
1761894340,0.101161,0.000000,-0.013171,0.03,3.23
1761894343,0.101161,0.000000,-0.013171,0.03,3.23
1761894346,0.101161,0.000000,-0.013171,0.03,3.23
1761894349,0.101161,0.000000,-0.013171,0.03,3.23
1761894352,0.101161,0.000000,-0.013171,0.03,3.23
1761894355,0.101161,0.000000,-0.013171,0.03,3.23
1761894358,0.101161,0.000000,-0.013171,0.03,3.23
1761894361,0.101161,0.000000,-0.013171,0.03,3.23
1761894364,0.101161,0.000000,-0.013171,0.03,3.23
1761894367,0.101161,0.000000,-0.013171,0.03,3.23
1761894370,0.101161,0.000000,-0.013171,0.03,3.23
1761894373,0.101161,0.000000,-0.013171,0.03,3.23
1761894376,0.101161,0.000000,-0.013171,0.03,3.23
1761894379,0.101161,0.000000,-0.013171,0.03,3.23
1761894382,0.101161,0.000000,-0.013171,0.03,3.23
1761894385,0.101161,0.000000,-0.013171,0.03,3.23
1761894388,0.101161,0.000000,-0.013171,0.03,3.23
1761894391,0.101161,0.000000,-0.013171,0.03,3.23
1761894394,0.101161,0.000000,-0.013171,0.03,3.23
1761894397,0.101161,0.000000,-0.013171,0.03,3.23
1761894400,0.101161,0.000000,-0.013171,0.03,3.23
1761894403,0.101161,0.000000,-0.013171,0.03,3.23
1761894406,0.101161,0.000000,-0.013171,0.03,3.23
1761894409,0.101161,0.000000,-0.013171,0.03,3.23
1761894412,0.101161,0.000000,-0.013171,0.03,3.23
1761894415,0.101161,0.000000,-0.013171,0.03,3.23
1761894418,0.101161,0.000000,-0.013171,0.03,3.23
1761894421,0.101161,0.000000,-0.013171,0.03,3.23
1761894424,0.101161,0.000000,-0.013171,0.03,3.23
1761894427,0.101161,0.000000,-0.013171,0.03,3.23
1761894430,0.101161,0.000000,-0.013171,0.03,3.23
1761894433,0.101161,0.000000,-0.013171,0.03,3.23
1761894436,0.101161,0.000000,-0.013171,0.03,3.23
1761894439,0.101161,0.000000,-0.013171,0.03,3.23
1761894442,0.101161,0.000000,-0.013171,0.03,3.23
1761894445,0.101161,0.000000,-0.013171,0.03,3.23
1761894448,0.101161,0.000000,-0.013171,0.03,3.23
1761894451,0.101161,0.000000,-0.013171,0.03,3.23
1761894454,0.101161,0.000000,-0.013171,0.03,3.23
1761894457,0.101161,0.000000,-0.013171,0.03,3.23
1761894460,0.101161,0.000000,-0.013171,0.03,3.23
1761894463,0.101161,0.000000,-0.013171,0.03,3.23
1761894466,0.101161,0.000000,-0.013171,0.03,3.23
1761894469,0.101161,0.000000,-0.013171,0.03,3.23
1761894472,0.101161,0.000000,-0.013171,0.03,3.23
1761894475,0.101161,0.000000,-0.013171,0.03,3.23
1761894478,0.101161,0.000000,-0.013171,0.03,3.23
1761894481,0.101161,0.000000,-0.013171,0.03,3.23
1761894484,0.101161,0.000000,-0.013171,0.03,3.23
1761894487,0.101161,0.000000,-0.013171,0.03,3.23
1761894490,0.101161,0.000000,-0.013171,0.03,3.23
1761894493,0.101161,0.000000,-0.013171,0.03,3.23
1761894496,0.101161,0.000000,-0.013171,0.03,3.23
1761894499,0.101161,0.000000,-0.013171,0.03,3.23
1761894502,0.101161,0.000000,-0.013171,0.03,3.23
1761894505,0.101161,0.000000,-0.013171,0.03,3.23
1761894508,0.101161,0.000000,-0.013171,0.03,3.23
1761894511,0.101161,0.000000,-0.013171,0.03,3.23
1761894514,0.101161,0.000000,-0.013171,0.03,3.23
1761894517,0.101161,0.000000,-0.013171,0.03,3.23
1761894520,0.101161,0.000000,-0.013171,0.03,3.23
1761894523,0.101161,0.000000,-0.013171,0.03,3.23
1761894526,0.101161,0.000000,-0.013171,0.03,3.23
1761894529,0.101161,0.000000,-0.013171,0.03,3.23
1761894532,0.101161,0.000000,-0.013171,0.03,3.23
1761894535,0.101161,0.000000,-0.013171,0.03,3.23
1761894538,0.101161,0.000000,-0.013171,0.03,3.23
1761894541,0.101161,0.000000,-0.013171,0.03,3.23
1761894544,0.101161,0.000000,-0.013171,0.03,3.23
1761894547,0.101161,0.000000,-0.013171,0.03,3.23
1761894550,0.101161,0.000000,-0.013171,0.03,3.23
1761894553,0.101161,0.000000,-0.013171,0.03,3.23
1761894556,0.101161,0.000000,-0.013171,0.03,3.23
1761894559,0.101161,0.000000,-0.013171,0.03,3.23
1761894562,0.101161,0.000000,-0.013171,0.03,3.23
1761894565,0.101161,0.000000,-0.013171,0.03,3.23
1761894568,0.101161,0.000000,-0.013171,0.03,3.23
1761894571,0.101161,0.000000,-0.013171,0.03,3.23
1761894574,0.101161,0.000000,-0.013171,0.03,3.23
1761894577,0.101161,0.000000,-0.013171,0.03,3.23
1761894580,0.101161,0.000000,-0.013171,0.03,3.23
1761894583,0.101161,0.000000,-0.013171,0.03,3.23
1761894586,0.101161,0.000000,-0.013171,0.03,3.23
1761894589,0.101161,0.000000,-0.013171,0.03,3.23
1761894592,0.101161,0.000000,-0.013171,0.03,3.23
1761894595,0.101161,0.000000,-0.013171,0.03,3.23
1761894598,0.101161,0.000000,-0.013171,0.03,3.23
1761894601,0.101161,0.000000,-0.013171,0.03,3.23
1761894604,0.101161,0.000000,-0.013171,0.03,3.23
1761894607,0.101161,0.000000,-0.013171,0.03,3.23
1761894610,0.101161,0.000000,-0.013171,0.03,3.23
1761894613,0.101161,0.000000,-0.013171,0.03,3.23
1761894616,0.101161,0.000000,-0.013171,0.03,3.23
1761894619,0.101161,0.000000,-0.013171,0.03,3.23
1761894622,0.101161,0.000000,-0.013171,0.03,3.23
1761894625,0.101161,0.000000,-0.013171,0.03,3.23
1761894628,0.101161,0.000000,-0.013171,0.03,3.23
1761894631,0.101161,0.000000,-0.013171,0.03,3.23
1761894634,0.101161,0.000000,-0.013171,0.03,3.23
1761894637,0.101161,0.000000,-0.013171,0.03,3.23
1761894640,0.101161,0.000000,-0.013171,0.03,3.23
1761894643,0.101161,0.000000,-0.013171,0.03,3.23
1761894646,0.101161,0.000000,-0.013171,0.03,3.23
1761894649,0.101161,0.000000,-0.013171,0.03,3.23
1761894652,0.101161,0.000000,-0.013171,0.03,3.23
1761894655,0.101161,0.000000,-0.013171,0.03,3.23
1761894658,0.101161,0.000000,-0.013171,0.03,3.23
1761894661,0.101161,0.000000,-0.013171,0.03,3.23
1761894664,0.101161,0.000000,-0.013171,0.03,3.23
1761894667,0.101161,0.000000,-0.013171,0.03,3.23
1761894670,0.101161,0.000000,-0.013171,0.03,3.23
1761894673,0.101161,0.000000,-0.013171,0.03,3.23
1761894676,0.101161,0.000000,-0.013171,0.03,3.23
1761894679,0.101161,0.000000,-0.013171,0.03,3.23
1761894682,0.101161,0.000000,-0.013171,0.03,3.23
1761894685,0.101161,0.000000,-0.013171,0.03,3.23
1761894688,0.101161,0.000000,-0.013171,0.03,3.23
1761894691,0.101161,0.000000,-0.013171,0.03,3.23
1761894694,0.101161,0.000000,-0.013171,0.03,3.23
1761894697,0.101161,0.000000,-0.013171,0.03,3.23
1761894700,0.101161,0.000000,-0.013171,0.03,3.23
1761894703,0.101161,0.000000,-0.013171,0.03,3.23
1761894706,0.101161,0.000000,-0.013171,0.03,3.23
1761894709,0.101161,0.000000,-0.013171,0.03,3.23
1761894712,0.101161,0.000000,-0.013171,0.03,3.23
1761894715,0.101161,0.000000,-0.013171,0.03,3.23
1761894718,0.101161,0.000000,-0.013171,0.03,3.23
1761894721,0.101161,0.000000,-0.013171,0.03,3.23
1761894724,0.101161,0.000000,-0.013171,0.03,3.23
1761894727,0.101161,0.000000,-0.013171,0.03,3.23
1761894730,0.101161,0.000000,-0.013171,0.03,3.23
1761894733,0.101161,0.000000,-0.013171,0.03,3.23
1761894736,0.101161,0.000000,-0.013171,0.03,3.23
1761894739,0.101161,0.000000,-0.013171,0.03,3.23
1761894742,0.101161,0.000000,-0.013171,0.03,3.23
1761894745,0.101161,0.000000,-0.013171,0.03,3.23
1761894748,0.101161,0.000000,-0.013171,0.03,3.23
1761894751,0.101161,0.000000,-0.013171,0.03,3.23
1761894754,0.101161,0.000000,-0.013171,0.03,3.23
1761894757,0.101161,0.000000,-0.013171,0.03,3.23
1761894760,0.101161,0.000000,-0.013171,0.03,3.23
1761894763,0.101161,0.000000,-0.013171,0.03,3.23
1761894766,0.101161,0.000000,-0.013171,0.03,3.23
1761894769,0.101161,0.000000,-0.013171,0.03,3.23
1761894772,0.101161,0.000000,-0.013171,0.03,3.23
1761894775,0.101161,0.000000,-0.013171,0.03,3.23
1761894778,0.101161,0.000000,-0.013171,0.03,3.23
1761894781,0.101161,0.000000,-0.013171,0.03,3.23
1761894784,0.101161,0.000000,-0.013171,0.03,3.23
1761894787,0.101161,0.000000,-0.013171,0.03,3.23
1761894790,0.101161,0.000000,-0.013171,0.03,3.23
1761894793,0.101161,0.000000,-0.013171,0.03,3.23
1761894796,0.101161,0.000000,-0.013171,0.03,3.23
1761894799,0.101161,0.000000,-0.013171,0.03,3.23
1761894802,0.101161,0.000000,-0.013171,0.03,3.23
1761894805,0.101161,0.000000,-0.013171,0.03,3.23
1761894808,0.101161,0.000000,-0.013171,0.03,3.23
1761894811,0.101161,0.000000,-0.013171,0.03,3.23
1761894814,0.101161,0.000000,-0.013171,0.03,3.23
1761894817,0.101161,0.000000,-0.013171,0.03,3.23
1761894820,0.101161,0.000000,-0.013171,0.03,3.23
1761894823,0.101161,0.000000,-0.013171,0.03,3.23
1761894826,0.101161,0.000000,-0.013171,0.03,3.23
1761894829,0.101161,0.000000,-0.013171,0.03,3.23
1761894832,0.101161,0.000000,-0.013171,0.03,3.23
1761894835,0.101161,0.000000,-0.013171,0.03,3.23
1761894838,0.101161,0.000000,-0.013171,0.03,3.23
1761894841,0.101161,0.000000,-0.013171,0.03,3.23
1761894844,0.101161,0.000000,-0.013171,0.03,3.23
1761894847,0.101161,0.000000,-0.013171,0.03,3.23
1761894850,0.101161,0.000000,-0.013171,0.03,3.23
1761894853,0.101161,0.000000,-0.013171,0.03,3.23
1761894856,0.101161,0.000000,-0.013171,0.03,3.23
1761894859,0.101161,0.000000,-0.013171,0.03,3.23
1761894862,0.101161,0.000000,-0.013171,0.03,3.23
1761894865,0.101161,0.000000,-0.013171,0.03,3.23
1761894868,0.101161,0.000000,-0.013171,0.03,3.23
1761894871,0.101161,0.000000,-0.013171,0.03,3.23
1761894874,0.101161,0.000000,-0.013171,0.03,3.23
1761894877,0.101161,0.000000,-0.013171,0.03,3.23
1761894880,0.101161,0.000000,-0.013171,0.03,3.23
1761894883,0.101161,0.000000,-0.013171,0.03,3.23
1761894886,0.101161,0.000000,-0.013171,0.03,3.23
1761894889,0.101161,0.000000,-0.013171,0.03,3.23
1761894892,0.101161,0.000000,-0.013171,0.03,3.23
1761894895,0.101161,0.000000,-0.013171,0.03,3.23
1761894898,0.101161,0.000000,-0.013171,0.03,3.23
1761894901,0.101161,0.000000,-0.013171,0.03,3.23
1761894904,0.101161,0.000000,-0.013171,0.03,3.23
1761894907,0.101161,0.000000,-0.013171,0.03,3.23
1761894910,0.101161,0.000000,-0.013171,0.03,3.23
1761894913,0.101161,0.000000,-0.013171,0.03,3.23
1761894916,0.101161,0.000000,-0.013171,0.03,3.23
1761894919,0.101161,0.000000,-0.013171,0.03,3.23
1761894922,0.101161,0.000000,-0.013171,0.03,3.23
1761894925,0.101161,0.000000,-0.013171,0.03,3.23
1761894928,0.101161,0.000000,-0.013171,0.03,3.23
1761894931,0.101161,0.000000,-0.013171,0.03,3.23
1761894934,0.101161,0.000000,-0.013171,0.03,3.23
1761894937,0.101161,0.000000,-0.013171,0.03,3.23
1761894940,0.101161,0.000000,-0.013171,0.03,3.23
1761894943,0.101161,0.000000,-0.013171,0.03,3.23
1761894946,0.101161,0.000000,-0.013171,0.03,3.23
1761894949,0.101161,0.000000,-0.013171,0.03,3.23
1761894952,0.101161,0.000000,-0.013171,0.03,3.23
1761894955,0.101161,0.000000,-0.013171,0.03,3.23
1761894958,0.101161,0.000000,-0.013171,0.03,3.23
1761894961,0.101161,0.000000,-0.013171,0.03,3.23
1761894964,0.101161,0.000000,-0.013171,0.03,3.23
1761894967,0.101161,0.000000,-0.013171,0.03,3.23
1761894970,0.101161,0.000000,-0.013171,0.03,3.23
1761894973,0.101161,0.000000,-0.013171,0.03,3.23
1761894976,0.101161,0.000000,-0.013171,0.03,3.23
1761894979,0.101161,0.000000,-0.013171,0.03,3.23
1761894982,0.101161,0.000000,-0.013171,0.03,3.23
1761894985,0.101161,0.000000,-0.013171,0.03,3.23
1761894988,0.101161,0.000000,-0.013171,0.03,3.23
1761894991,0.101161,0.000000,-0.013171,0.03,3.23
1761894994,0.101161,0.000000,-0.013171,0.03,3.23
1761894997,0.101161,0.000000,-0.013171,0.03,3.23
1761895000,0.101161,0.000000,-0.013171,0.03,3.23
1761895003,0.101161,0.000000,-0.013171,0.03,3.23
1761895006,0.101161,0.000000,-0.013171,0.03,3.23
1761895009,0.101161,0.000000,-0.013171,0.03,3.23
1761895012,0.101161,0.000000,-0.013171,0.03,3.23
1761895015,0.101161,0.000000,-0.013171,0.03,3.23
1761895018,0.101161,0.000000,-0.013171,0.03,3.23
1761895021,0.101161,0.000000,-0.013171,0.03,3.23
1761895024,0.101161,0.000000,-0.013171,0.03,3.23
1761895027,0.101161,0.000000,-0.013171,0.03,3.23
1761895030,0.101161,0.000000,-0.013171,0.03,3.23
1761895033,0.101161,0.000000,-0.013171,0.03,3.23
1761895036,0.101161,0.000000,-0.013171,0.03,3.23
1761895039,0.101161,0.000000,-0.013171,0.03,3.23
1761895042,0.101161,0.000000,-0.013171,0.03,3.23
1761895045,0.101161,0.000000,-0.013171,0.03,3.23
1761895048,0.101161,0.000000,-0.013171,0.03,3.23
1761895051,0.101161,0.000000,-0.013171,0.03,3.23
1761895054,0.101161,0.000000,-0.013171,0.03,3.23
1761895057,0.101161,0.000000,-0.013171,0.03,3.23
1761895060,0.101161,0.000000,-0.013171,0.03,3.23
1761895063,0.101161,0.000000,-0.013171,0.03,3.23
1761895066,0.101161,0.000000,-0.013171,0.03,3.23
1761895069,0.101161,0.000000,-0.013171,0.03,3.23
1761895072,0.101161,0.000000,-0.013171,0.03,3.23
1761895075,0.101161,0.000000,-0.013171,0.03,3.23
1761895078,0.101161,0.000000,-0.013171,0.03,3.23
1761895081,0.101161,0.000000,-0.013171,0.03,3.23
1761895084,0.101161,0.000000,-0.013171,0.03,3.23
1761895087,0.101161,0.000000,-0.013171,0.03,3.23
1761895090,0.101161,0.000000,-0.013171,0.03,3.23
1761895093,0.101161,0.000000,-0.013171,0.03,3.23
1761895096,0.101161,0.000000,-0.013171,0.03,3.23
1761895099,0.101161,0.000000,-0.013171,0.03,3.23
1761895102,0.101161,0.000000,-0.013171,0.03,3.23
1761895105,0.101161,0.000000,-0.013171,0.03,3.23
1761895108,0.101161,0.000000,-0.013171,0.03,3.23
1761895111,0.101161,0.000000,-0.013171,0.03,3.23
1761895114,0.101161,0.000000,-0.013171,0.03,3.23
1761895117,0.101161,0.000000,-0.013171,0.03,3.23
1761895120,0.101161,0.000000,-0.013171,0.03,3.23
1761895123,0.101161,0.000000,-0.013171,0.03,3.23
1761895126,0.101161,0.000000,-0.013171,0.03,3.23
1761895129,0.101161,0.000000,-0.013171,0.03,3.23
1761895132,0.101161,0.000000,-0.013171,0.03,3.23
1761895135,0.101161,0.000000,-0.013171,0.03,3.23
1761895138,0.101161,0.000000,-0.013171,0.03,3.23
1761895141,0.101161,0.000000,-0.013171,0.03,3.23
1761895144,0.101161,0.000000,-0.013171,0.03,3.23
1761895147,0.101161,0.000000,-0.013171,0.03,3.23
1761895150,0.101161,0.000000,-0.013171,0.03,3.23
1761895153,0.101161,0.000000,-0.013171,0.03,3.23
1761895156,0.101161,0.000000,-0.013171,0.03,3.23
1761895159,0.101161,0.000000,-0.013171,0.03,3.23
1761895162,0.101161,0.000000,-0.013171,0.03,3.23
1761895165,0.101161,0.000000,-0.013171,0.03,3.23
1761895168,0.101161,0.000000,-0.013171,0.03,3.23
1761895171,0.101161,0.000000,-0.013171,0.03,3.23
1761895174,0.101161,0.000000,-0.013171,0.03,3.23
1761895177,0.101161,0.000000,-0.013171,0.03,3.23
1761895180,0.101161,0.000000,-0.013171,0.03,3.23
1761895183,0.101161,0.000000,-0.013171,0.03,3.23
1761895186,0.101161,0.000000,-0.013171,0.03,3.23
1761895189,0.101161,0.000000,-0.013171,0.03,3.23
1761895192,0.101161,0.000000,-0.013171,0.03,3.23
1761895195,0.101161,0.000000,-0.013171,0.03,3.23
1761895198,0.101161,0.000000,-0.013171,0.03,3.23
1761895201,0.101161,0.000000,-0.013171,0.03,3.23
1761895204,0.101161,0.000000,-0.013171,0.03,3.23
1761895207,0.101161,0.000000,-0.013171,0.03,3.23
1761895210,0.101161,0.000000,-0.013171,0.03,3.23
1761895213,0.101161,0.000000,-0.013171,0.03,3.23
1761895216,0.101161,0.000000,-0.013171,0.03,3.23
1761895219,0.101161,0.000000,-0.013171,0.03,3.23
1761895222,0.101161,0.000000,-0.013171,0.03,3.23
1761895225,0.101161,0.000000,-0.013171,0.03,3.23
1761895228,0.101161,0.000000,-0.013171,0.03,3.23
1761895231,0.101161,0.000000,-0.013171,0.03,3.23
1761895234,0.101161,0.000000,-0.013171,0.03,3.23
1761895237,0.101161,0.000000,-0.013171,0.03,3.23
1761895240,0.101161,0.000000,-0.013171,0.03,3.23
1761895243,0.101161,0.000000,-0.013171,0.03,3.23
1761895246,0.101161,0.000000,-0.013171,0.03,3.23
1761895249,0.101161,0.000000,-0.013171,0.03,3.23
1761895252,0.101161,0.000000,-0.013171,0.03,3.23
1761895255,0.101161,0.000000,-0.013171,0.03,3.23
1761895258,0.101161,0.000000,-0.013171,0.03,3.23
1761895261,0.101161,0.000000,-0.013171,0.03,3.23
1761895264,0.101161,0.000000,-0.013171,0.03,3.23
1761895267,0.101161,0.000000,-0.013171,0.03,3.23
1761895270,0.101161,0.000000,-0.013171,0.03,3.23
1761895273,0.101161,0.000000,-0.013171,0.03,3.23
1761895276,0.101161,0.000000,-0.013171,0.03,3.23
1761895279,0.101161,0.000000,-0.013171,0.03,3.23
1761895282,0.101161,0.000000,-0.013171,0.03,3.23
1761895285,0.101161,0.000000,-0.013171,0.03,3.23
1761895288,0.101161,0.000000,-0.013171,0.03,3.23
1761895291,0.101161,0.000000,-0.013171,0.03,3.23
1761895294,0.101161,0.000000,-0.013171,0.03,3.23
1761895297,0.101161,0.000000,-0.013171,0.03,3.23
1761895300,0.101161,0.000000,-0.013171,0.03,3.23
1761895303,0.101161,0.000000,-0.013171,0.03,3.23
1761895306,0.101161,0.000000,-0.013171,0.03,3.23
1761895309,0.101161,0.000000,-0.013171,0.03,3.23
1761895312,0.101161,0.000000,-0.013171,0.03,3.23
1761895315,0.101161,0.000000,-0.013171,0.03,3.23
1761895318,0.101161,0.000000,-0.013171,0.03,3.23
1761895321,0.101161,0.000000,-0.013171,0.03,3.23
1761895324,0.101161,0.000000,-0.013171,0.03,3.23
1761895327,0.101161,0.000000,-0.013171,0.03,3.23
1761895330,0.101161,0.000000,-0.013171,0.03,3.23
1761895333,0.101161,0.000000,-0.013171,0.03,3.23
1761895336,0.101161,0.000000,-0.013171,0.03,3.23
1761895339,0.101161,0.000000,-0.013171,0.03,3.23
1761895342,0.101161,0.000000,-0.013171,0.03,3.23
1761895345,0.101161,0.000000,-0.013171,0.03,3.23
1761895348,0.101161,0.000000,-0.013171,0.03,3.23
1761895351,0.101161,0.000000,-0.013171,0.03,3.23
1761895354,0.101161,0.000000,-0.013171,0.03,3.23
1761895357,0.101161,0.000000,-0.013171,0.03,3.23
1761895360,0.101161,0.000000,-0.013171,0.03,3.23
1761895363,0.101161,0.000000,-0.013171,0.03,3.23
1761895366,0.101161,0.000000,-0.013171,0.03,3.23
1761895369,0.101161,0.000000,-0.013171,0.03,3.23
1761895372,0.101161,0.000000,-0.013171,0.03,3.23
1761895375,0.101161,0.000000,-0.013171,0.03,3.23
1761895378,0.101161,0.000000,-0.013171,0.03,3.23
1761895381,0.101161,0.000000,-0.013171,0.03,3.23
1761895384,0.101161,0.000000,-0.013171,0.03,3.23
1761895387,0.101161,0.000000,-0.013171,0.03,3.23
1761895390,0.101161,0.000000,-0.013171,0.03,3.23
1761895393,0.101161,0.000000,-0.013171,0.03,3.23
1761895396,0.101161,0.000000,-0.013171,0.03,3.23
1761895399,0.101161,0.000000,-0.013171,0.03,3.23
1761895402,0.101161,0.000000,-0.013171,0.03,3.23
1761895405,0.101161,0.000000,-0.013171,0.03,3.23
1761895408,0.101161,0.000000,-0.013171,0.03,3.23
1761895411,0.101161,0.000000,-0.013171,0.03,3.23
1761895414,0.101161,0.000000,-0.013171,0.03,3.23
1761895417,0.101161,0.000000,-0.013171,0.03,3.23
1761895420,0.101161,0.000000,-0.013171,0.03,3.23
1761895423,0.101161,0.000000,-0.013171,0.03,3.23
1761895426,0.101161,0.000000,-0.013171,0.03,3.23
1761895429,0.101161,0.000000,-0.013171,0.03,3.23
1761895432,0.101161,0.000000,-0.013171,0.03,3.23
1761895435,0.101161,0.000000,-0.013171,0.03,3.23
1761895438,0.101161,0.000000,-0.013171,0.03,3.23
1761895441,0.101161,0.000000,-0.013171,0.03,3.23
1761895444,0.101161,0.000000,-0.013171,0.03,3.23
1761895447,0.101161,0.000000,-0.013171,0.03,3.23
1761895450,0.101161,0.000000,-0.013171,0.03,3.23
1761895453,0.101161,0.000000,-0.013171,0.03,3.23
1761895456,0.101161,0.000000,-0.013171,0.03,3.23
1761895459,0.101161,0.000000,-0.013171,0.03,3.23
1761895462,0.101161,0.000000,-0.013171,0.03,3.23
1761895465,0.101161,0.000000,-0.013171,0.03,3.23
1761895468,0.101161,0.000000,-0.013171,0.03,3.23
1761895471,0.101161,0.000000,-0.013171,0.03,3.23
1761895474,0.101161,0.000000,-0.013171,0.03,3.23
1761895477,0.101161,0.000000,-0.013171,0.03,3.23
1761895480,0.101161,0.000000,-0.013171,0.03,3.23
1761895483,0.101161,0.000000,-0.013171,0.03,3.23
1761895486,0.101161,0.000000,-0.013171,0.03,3.23
1761895489,0.101161,0.000000,-0.013171,0.03,3.23
1761895492,0.101161,0.000000,-0.013171,0.03,3.23
1761895495,0.101161,0.000000,-0.013171,0.03,3.23
1761895498,0.101161,0.000000,-0.013171,0.03,3.23
1761895501,0.101161,0.000000,-0.013171,0.03,3.23
1761895504,0.101161,0.000000,-0.013171,0.03,3.23
1761895507,0.101161,0.000000,-0.013171,0.03,3.23
1761895510,0.101161,0.000000,-0.013171,0.03,3.23
1761895513,0.101161,0.000000,-0.013171,0.03,3.23
1761895516,0.101161,0.000000,-0.013171,0.03,3.23
1761895519,0.101161,0.000000,-0.013171,0.03,3.23
1761895522,0.101161,0.000000,-0.013171,0.03,3.23
1761895525,0.101161,0.000000,-0.013171,0.03,3.23
1761895528,0.101161,0.000000,-0.013171,0.03,3.23
1761895531,0.101161,0.000000,-0.013171,0.03,3.23
1761895534,0.101161,0.000000,-0.013171,0.03,3.23
1761895537,0.101161,0.000000,-0.013171,0.03,3.23
1761895540,0.101161,0.000000,-0.013171,0.03,3.23
1761895543,0.101161,0.000000,-0.013171,0.03,3.23
1761895546,0.101161,0.000000,-0.013171,0.03,3.23
1761895549,0.101161,0.000000,-0.013171,0.03,3.23
1761895552,0.101161,0.000000,-0.013171,0.03,3.23
1761895555,0.101161,0.000000,-0.013171,0.03,3.23
1761895558,0.101161,0.000000,-0.013171,0.03,3.23
1761895561,0.101161,0.000000,-0.013171,0.03,3.23
1761895564,0.101161,0.000000,-0.013171,0.03,3.23
1761895567,0.101161,0.000000,-0.013171,0.03,3.23
1761895570,0.101161,0.000000,-0.013171,0.03,3.23
1761895573,0.101161,0.000000,-0.013171,0.03,3.23
1761895576,0.101161,0.000000,-0.013171,0.03,3.23
1761895579,0.101161,0.000000,-0.013171,0.03,3.23
1761895582,0.101161,0.000000,-0.013171,0.03,3.23
1761895585,0.101161,0.000000,-0.013171,0.03,3.23
1761895588,0.101161,0.000000,-0.013171,0.03,3.23
1761895591,0.101161,0.000000,-0.013171,0.03,3.23
1761895594,0.101161,0.000000,-0.013171,0.03,3.23
1761895597,0.101161,0.000000,-0.013171,0.03,3.23
1761895600,0.101161,0.000000,-0.013171,0.03,3.23
1761895603,0.101161,0.000000,-0.013171,0.03,3.23
1761895606,0.101161,0.000000,-0.013171,0.03,3.23
1761895609,0.101161,0.000000,-0.013171,0.03,3.23
1761895612,0.101161,0.000000,-0.013171,0.03,3.23
1761895615,0.101161,0.000000,-0.013171,0.03,3.23
1761895618,0.101161,0.000000,-0.013171,0.03,3.23
1761895621,0.101161,0.000000,-0.013171,0.03,3.23
1761895624,0.101161,0.000000,-0.013171,0.03,3.23
1761895627,0.101161,0.000000,-0.013171,0.03,3.23
1761895630,0.101161,0.000000,-0.013171,0.03,3.23
1761895633,0.101161,0.000000,-0.013171,0.03,3.23
1761895636,0.101161,0.000000,-0.013171,0.03,3.23
1761895639,0.101161,0.000000,-0.013171,0.03,3.23
1761895642,0.101161,0.000000,-0.013171,0.03,3.23
1761895645,0.101161,0.000000,-0.013171,0.03,3.23
1761895648,0.101161,0.000000,-0.013171,0.03,3.23
1761895651,0.101161,0.000000,-0.013171,0.03,3.23
1761895654,0.101161,0.000000,-0.013171,0.03,3.23
1761895657,0.101161,0.000000,-0.013171,0.03,3.23
1761895660,0.101161,0.000000,-0.013171,0.03,3.23
1761895663,0.101161,0.000000,-0.013171,0.03,3.23
1761895666,0.101161,0.000000,-0.013171,0.03,3.23
1761895669,0.101161,0.000000,-0.013171,0.03,3.23
1761895672,0.101161,0.000000,-0.013171,0.03,3.23
1761895675,0.101161,0.000000,-0.013171,0.03,3.23
1761895678,0.101161,0.000000,-0.013171,0.03,3.23
1761895681,0.101161,0.000000,-0.013171,0.03,3.23
1761895684,0.101161,0.000000,-0.013171,0.03,3.23
1761895687,0.101161,0.000000,-0.013171,0.03,3.23
1761895690,0.101161,0.000000,-0.013171,0.03,3.23
1761895693,0.101161,0.000000,-0.013171,0.03,3.23
1761895696,0.101161,0.000000,-0.013171,0.03,3.23
1761895699,0.101161,0.000000,-0.013171,0.03,3.23
1761895702,0.101161,0.000000,-0.013171,0.03,3.23
1761895705,0.101161,0.000000,-0.013171,0.03,3.23
1761895708,0.101161,0.000000,-0.013171,0.03,3.23
1761895711,0.101161,0.000000,-0.013171,0.03,3.23
1761895714,0.101161,0.000000,-0.013171,0.03,3.23
1761895717,0.101161,0.000000,-0.013171,0.03,3.23
1761895720,0.101161,0.000000,-0.013171,0.03,3.23
1761895723,0.101161,0.000000,-0.013171,0.03,3.23
1761895726,0.101161,0.000000,-0.013171,0.03,3.23
1761895729,0.101161,0.000000,-0.013171,0.03,3.23
1761895732,0.101161,0.000000,-0.013171,0.03,3.23
1761895735,0.101161,0.000000,-0.013171,0.03,3.23
1761895738,0.101161,0.000000,-0.013171,0.03,3.23
1761895741,0.101161,0.000000,-0.013171,0.03,3.23
1761895744,0.101161,0.000000,-0.013171,0.03,3.23
1761895747,0.101161,0.000000,-0.013171,0.03,3.23
1761895750,0.101161,0.000000,-0.013171,0.03,3.23
1761895753,0.101161,0.000000,-0.013171,0.03,3.23
1761895756,0.101161,0.000000,-0.013171,0.03,3.23
1761895759,0.101161,0.000000,-0.013171,0.03,3.23
1761895762,0.101161,0.000000,-0.013171,0.03,3.23
1761895765,0.101161,0.000000,-0.013171,0.03,3.23
1761895768,0.101161,0.000000,-0.013171,0.03,3.23
1761895771,0.101161,0.000000,-0.013171,0.03,3.23
1761895774,0.101161,0.000000,-0.013171,0.03,3.23
1761895777,0.101161,0.000000,-0.013171,0.03,3.23
1761895780,0.101161,0.000000,-0.013171,0.03,3.23
1761895783,0.101161,0.000000,-0.013171,0.03,3.23
1761895786,0.101161,0.000000,-0.013171,0.03,3.23
1761895789,0.101161,0.000000,-0.013171,0.03,3.23
1761895792,0.101161,0.000000,-0.013171,0.03,3.23
1761895795,0.101161,0.000000,-0.013171,0.03,3.23
1761895798,0.101161,0.000000,-0.013171,0.03,3.23
1761895801,0.101161,0.000000,-0.013171,0.03,3.23
1761895804,0.101161,0.000000,-0.013171,0.03,3.23
1761895807,0.101161,0.000000,-0.013171,0.03,3.23
1761895810,0.101161,0.000000,-0.013171,0.03,3.23
1761895813,0.101161,0.000000,-0.013171,0.03,3.23
1761895816,0.101161,0.000000,-0.013171,0.03,3.23
1761895819,0.101161,0.000000,-0.013171,0.03,3.23
1761895822,0.101161,0.000000,-0.013171,0.03,3.23
1761895825,0.101161,0.000000,-0.013171,0.03,3.23
1761895828,0.101161,0.000000,-0.013171,0.03,3.23
1761895831,0.101161,0.000000,-0.013171,0.03,3.23
1761895834,0.101161,0.000000,-0.013171,0.03,3.23
1761895837,0.101161,0.000000,-0.013171,0.03,3.23
1761895840,0.101161,0.000000,-0.013171,0.03,3.23
1761895843,0.101161,0.000000,-0.013171,0.03,3.23
1761895846,0.101161,0.000000,-0.013171,0.03,3.23
1761895849,0.101161,0.000000,-0.013171,0.03,3.23
1761895852,0.101161,0.000000,-0.013171,0.03,3.23
1761895855,0.101161,0.000000,-0.013171,0.03,3.23
1761895858,0.101161,0.000000,-0.013171,0.03,3.23
1761895861,0.101161,0.000000,-0.013171,0.03,3.23
1761895864,0.101161,0.000000,-0.013171,0.03,3.23
1761895867,0.101161,0.000000,-0.013171,0.03,3.23
1761895870,0.101161,0.000000,-0.013171,0.03,3.23
1761895873,0.101161,0.000000,-0.013171,0.03,3.23
1761895876,0.101161,0.000000,-0.013171,0.03,3.23
1761895879,0.101161,0.000000,-0.013171,0.03,3.23
1761895882,0.101161,0.000000,-0.013171,0.03,3.23
1761895885,0.101161,0.000000,-0.013171,0.03,3.23
1761895888,0.101161,0.000000,-0.013171,0.03,3.23
1761895891,0.101161,0.000000,-0.013171,0.03,3.23
1761895894,0.101161,0.000000,-0.013171,0.03,3.23
1761895897,0.101161,0.000000,-0.013171,0.03,3.23
1761895900,0.101161,0.000000,-0.013171,0.03,3.23
1761895903,0.101161,0.000000,-0.013171,0.03,3.23
1761895906,0.101161,0.000000,-0.013171,0.03,3.23
1761895909,0.101161,0.000000,-0.013171,0.03,3.23
1761895912,0.101161,0.000000,-0.013171,0.03,3.23
1761895915,0.101161,0.000000,-0.013171,0.03,3.23
1761895918,0.101161,0.000000,-0.013171,0.03,3.23
1761895921,0.101161,0.000000,-0.013171,0.03,3.23
1761895924,0.101161,0.000000,-0.013171,0.03,3.23
1761895927,0.101161,0.000000,-0.013171,0.03,3.23
1761895930,0.101161,0.000000,-0.013171,0.03,3.23
1761895933,0.101161,0.000000,-0.013171,0.03,3.23
1761895936,0.101161,0.000000,-0.013171,0.03,3.23
1761895939,0.101161,0.000000,-0.013171,0.03,3.23
1761895942,0.101161,0.000000,-0.013171,0.03,3.23
1761895945,0.101161,0.000000,-0.013171,0.03,3.23
1761895948,0.101161,0.000000,-0.013171,0.03,3.23
1761895951,0.101161,0.000000,-0.013171,0.03,3.23
1761895954,0.101161,0.000000,-0.013171,0.03,3.23
1761895957,0.101161,0.000000,-0.013171,0.03,3.23
1761895960,0.101161,0.000000,-0.013171,0.03,3.23
1761895963,0.101161,0.000000,-0.013171,0.03,3.23
1761895966,0.101161,0.000000,-0.013171,0.03,3.23
1761895969,0.101161,0.000000,-0.013171,0.03,3.23
1761895972,0.101161,0.000000,-0.013171,0.03,3.23
1761895975,0.101161,0.000000,-0.013171,0.03,3.23
1761895978,0.101161,0.000000,-0.013171,0.03,3.23
1761895981,0.101161,0.000000,-0.013171,0.03,3.23
1761895984,0.101161,0.000000,-0.013171,0.03,3.23
1761895987,0.101161,0.000000,-0.013171,0.03,3.23
1761895990,0.101161,0.000000,-0.013171,0.03,3.23
1761895993,0.101161,0.000000,-0.013171,0.03,3.23
1761895996,0.101161,0.000000,-0.013171,0.03,3.23
1761895999,0.101161,0.000000,-0.013171,0.03,3.23
1761896002,0.101161,0.000000,-0.013171,0.03,3.23
1761896005,0.101161,0.000000,-0.013171,0.03,3.23
1761896008,0.101161,0.000000,-0.013171,0.03,3.23
1761896011,0.101161,0.000000,-0.013171,0.03,3.23
1761896014,0.101161,0.000000,-0.013171,0.03,3.23
1761896017,0.101161,0.000000,-0.013171,0.03,3.23
1761896020,0.101161,0.000000,-0.013171,0.03,3.23
1761896023,0.101161,0.000000,-0.013171,0.03,3.23
1761896026,0.101161,0.000000,-0.013171,0.03,3.23
1761896029,0.101161,0.000000,-0.013171,0.03,3.23
1761896032,0.101161,0.000000,-0.013171,0.03,3.23
1761896035,0.101161,0.000000,-0.013171,0.03,3.23
1761896038,0.101161,0.000000,-0.013171,0.03,3.23
1761896041,0.101161,0.000000,-0.013171,0.03,3.23
1761896044,0.101161,0.000000,-0.013171,0.03,3.23
1761896047,0.101161,0.000000,-0.013171,0.03,3.23
1761896050,0.101161,0.000000,-0.013171,0.03,3.23
1761896053,0.101161,0.000000,-0.013171,0.03,3.23
1761896056,0.101161,0.000000,-0.013171,0.03,3.23
1761896059,0.101161,0.000000,-0.013171,0.03,3.23
1761896062,0.101161,0.000000,-0.013171,0.03,3.23
1761896065,0.101161,0.000000,-0.013171,0.03,3.23
1761896068,0.101161,0.000000,-0.013171,0.03,3.23
1761896071,0.101161,0.000000,-0.013171,0.03,3.23
1761896074,0.101161,0.000000,-0.013171,0.03,3.23
1761896077,0.101161,0.000000,-0.013171,0.03,3.23
1761896080,0.101161,0.000000,-0.013171,0.03,3.23
1761896083,0.101161,0.000000,-0.013171,0.03,3.23
1761896086,0.101161,0.000000,-0.013171,0.03,3.23
1761896089,0.101161,0.000000,-0.013171,0.03,3.23
1761896092,0.101161,0.000000,-0.013171,0.03,3.23
1761896095,0.101161,0.000000,-0.013171,0.03,3.23
1761896098,0.101161,0.000000,-0.013171,0.03,3.23
1761896101,0.101161,0.000000,-0.013171,0.03,3.23
1761896104,0.101161,0.000000,-0.013171,0.03,3.23
1761896107,0.101161,0.000000,-0.013171,0.03,3.23
1761896110,0.101161,0.000000,-0.013171,0.03,3.23
1761896113,0.101161,0.000000,-0.013171,0.03,3.23
1761896116,0.101161,0.000000,-0.013171,0.03,3.23
1761896119,0.101161,0.000000,-0.013171,0.03,3.23
1761896122,0.101161,0.000000,-0.013171,0.03,3.23
1761896125,0.101161,0.000000,-0.013171,0.03,3.23
1761896128,0.101161,0.000000,-0.013171,0.03,3.23
1761896131,0.101161,0.000000,-0.013171,0.03,3.23
1761896134,0.101161,0.000000,-0.013171,0.03,3.23
1761896137,0.101161,0.000000,-0.013171,0.03,3.23
1761896140,0.101161,0.000000,-0.013171,0.03,3.23
1761896143,0.101161,0.000000,-0.013171,0.03,3.23
1761896146,0.101161,0.000000,-0.013171,0.03,3.23
1761896149,0.101161,0.000000,-0.013171,0.03,3.23
1761896152,0.101161,0.000000,-0.013171,0.03,3.23
1761896155,0.101161,0.000000,-0.013171,0.03,3.23
1761896158,0.101161,0.000000,-0.013171,0.03,3.23
1761896161,0.101161,0.000000,-0.013171,0.03,3.23
1761896164,0.101161,0.000000,-0.013171,0.03,3.23
1761896167,0.101161,0.000000,-0.013171,0.03,3.23
1761896170,0.101161,0.000000,-0.013171,0.03,3.23
1761896173,0.101161,0.000000,-0.013171,0.03,3.23
1761896176,0.101161,0.000000,-0.013171,0.03,3.23
1761896179,0.101161,0.000000,-0.013171,0.03,3.23
1761896182,0.101161,0.000000,-0.013171,0.03,3.23
1761896185,0.101161,0.000000,-0.013171,0.03,3.23
1761896188,0.101161,0.000000,-0.013171,0.03,3.23
1761896191,0.101161,0.000000,-0.013171,0.03,3.23
1761896194,0.101161,0.000000,-0.013171,0.03,3.23
1761896197,0.101161,0.000000,-0.013171,0.03,3.23
1761896200,0.101161,0.000000,-0.013171,0.03,3.23
1761896203,0.101161,0.000000,-0.013171,0.03,3.23
1761896206,0.101161,0.000000,-0.013171,0.03,3.23
1761896209,0.101161,0.000000,-0.013171,0.03,3.23
1761896212,0.101161,0.000000,-0.013171,0.03,3.23
1761896215,0.101161,0.000000,-0.013171,0.03,3.23
1761896218,0.101161,0.000000,-0.013171,0.03,3.23
1761896221,0.101161,0.000000,-0.013171,0.03,3.23
1761896224,0.101161,0.000000,-0.013171,0.03,3.23
1761896227,0.101161,0.000000,-0.013171,0.03,3.23
1761896230,0.101161,0.000000,-0.013171,0.03,3.23
1761896233,0.101161,0.000000,-0.013171,0.03,3.23
1761896236,0.101161,0.000000,-0.013171,0.03,3.23
1761896239,0.101161,0.000000,-0.013171,0.03,3.23
1761896242,0.101161,0.000000,-0.013171,0.03,3.23
1761896245,0.101161,0.000000,-0.013171,0.03,3.23
1761896248,0.101161,0.000000,-0.013171,0.03,3.23
1761896251,0.101161,0.000000,-0.013171,0.03,3.23
1761896254,0.101161,0.000000,-0.013171,0.03,3.23
1761896257,0.101161,0.000000,-0.013171,0.03,3.23
1761896260,0.101161,0.000000,-0.013171,0.03,3.23
1761896263,0.101161,0.000000,-0.013171,0.03,3.23
1761896266,0.101161,0.000000,-0.013171,0.03,3.23
1761896269,0.101161,0.000000,-0.013171,0.03,3.23
1761896272,0.101161,0.000000,-0.013171,0.03,3.23
1761896275,0.101161,0.000000,-0.013171,0.03,3.23
1761896278,0.101161,0.000000,-0.013171,0.03,3.23
1761896281,0.101161,0.000000,-0.013171,0.03,3.23
1761896284,0.101161,0.000000,-0.013171,0.03,3.23
1761896287,0.101161,0.000000,-0.013171,0.03,3.23
1761896290,0.101161,0.000000,-0.013171,0.03,3.23
1761896293,0.101161,0.000000,-0.013171,0.03,3.23
1761896296,0.101161,0.000000,-0.013171,0.03,3.23
1761896299,0.101161,0.000000,-0.013171,0.03,3.23
1761896302,0.101161,0.000000,-0.013171,0.03,3.23
1761896305,0.101161,0.000000,-0.013171,0.03,3.23
1761896308,0.101161,0.000000,-0.013171,0.03,3.23
1761896311,0.101161,0.000000,-0.013171,0.03,3.23
1761896314,0.101161,0.000000,-0.013171,0.03,3.23
1761896317,0.101161,0.000000,-0.013171,0.03,3.23
1761896320,0.101161,0.000000,-0.013171,0.03,3.23
1761896323,0.101161,0.000000,-0.013171,0.03,3.23
1761896326,0.101161,0.000000,-0.013171,0.03,3.23
1761896329,0.101161,0.000000,-0.013171,0.03,3.23
1761896332,0.101161,0.000000,-0.013171,0.03,3.23
1761896335,0.101161,0.000000,-0.013171,0.03,3.23
1761896338,0.101161,0.000000,-0.013171,0.03,3.23
1761896341,0.101161,0.000000,-0.013171,0.03,3.23
1761896344,0.101161,0.000000,-0.013171,0.03,3.23
1761896347,0.101161,0.000000,-0.013171,0.03,3.23
1761896350,0.101161,0.000000,-0.013171,0.03,3.23
1761896353,0.101161,0.000000,-0.013171,0.03,3.23
1761896356,0.101161,0.000000,-0.013171,0.03,3.23
1761896359,0.101161,0.000000,-0.013171,0.03,3.23
1761896362,0.101161,0.000000,-0.013171,0.03,3.23
1761896365,0.101161,0.000000,-0.013171,0.03,3.23
1761896368,0.101161,0.000000,-0.013171,0.03,3.23
1761896371,0.101161,0.000000,-0.013171,0.03,3.23
1761896374,0.101161,0.000000,-0.013171,0.03,3.23
1761896377,0.101161,0.000000,-0.013171,0.03,3.23
1761896380,0.101161,0.000000,-0.013171,0.03,3.23
1761896383,0.101161,0.000000,-0.013171,0.03,3.23
1761896386,0.101161,0.000000,-0.013171,0.03,3.23
1761896389,0.101161,0.000000,-0.013171,0.03,3.23
1761896392,0.101161,0.000000,-0.013171,0.03,3.23
1761896395,0.101161,0.000000,-0.013171,0.03,3.23
1761896398,0.101161,0.000000,-0.013171,0.03,3.23
1761896401,0.101161,0.000000,-0.013171,0.03,3.23
1761896404,0.101161,0.000000,-0.013171,0.03,3.23
1761896407,0.101161,0.000000,-0.013171,0.03,3.23
1761896410,0.101161,0.000000,-0.013171,0.03,3.23
1761896413,0.101161,0.000000,-0.013171,0.03,3.23
1761896416,0.101161,0.000000,-0.013171,0.03,3.23
1761896419,0.101161,0.000000,-0.013171,0.03,3.23
1761896422,0.101161,0.000000,-0.013171,0.03,3.23
1761896425,0.101161,0.000000,-0.013171,0.03,3.23
1761896428,0.101161,0.000000,-0.013171,0.03,3.23
1761896431,0.101161,0.000000,-0.013171,0.03,3.23
1761896434,0.101161,0.000000,-0.013171,0.03,3.23
1761896437,0.101161,0.000000,-0.013171,0.03,3.23
1761896440,0.101161,0.000000,-0.013171,0.03,3.23
1761896443,0.101161,0.000000,-0.013171,0.03,3.23
1761896446,0.101161,0.000000,-0.013171,0.03,3.23
1761896449,0.101161,0.000000,-0.013171,0.03,3.23
1761896452,0.101161,0.000000,-0.013171,0.03,3.23
1761896455,0.101161,0.000000,-0.013171,0.03,3.23
1761896458,0.101161,0.000000,-0.013171,0.03,3.23
1761896461,0.101161,0.000000,-0.013171,0.03,3.23
1761896464,0.101161,0.000000,-0.013171,0.03,3.23
1761896467,0.101161,0.000000,-0.013171,0.03,3.23
1761896470,0.101161,0.000000,-0.013171,0.03,3.23
1761896473,0.101161,0.000000,-0.013171,0.03,3.23
1761896476,0.101161,0.000000,-0.013171,0.03,3.23
1761896479,0.101161,0.000000,-0.013171,0.03,3.23
1761896482,0.101161,0.000000,-0.013171,0.03,3.23
1761896485,0.101161,0.000000,-0.013171,0.03,3.23
1761896488,0.101161,0.000000,-0.013171,0.03,3.23
1761896491,0.101161,0.000000,-0.013171,0.03,3.23
1761896494,0.101161,0.000000,-0.013171,0.03,3.23
1761896497,0.101161,0.000000,-0.013171,0.03,3.23
1761896500,0.101161,0.000000,-0.013171,0.03,3.23
1761896503,0.101161,0.000000,-0.013171,0.03,3.23
1761896506,0.101161,0.000000,-0.013171,0.03,3.23
1761896509,0.101161,0.000000,-0.013171,0.03,3.23
1761896512,0.101161,0.000000,-0.013171,0.03,3.23
1761896515,0.101161,0.000000,-0.013171,0.03,3.23
1761896518,0.101161,0.000000,-0.013171,0.03,3.23
1761896521,0.101161,0.000000,-0.013171,0.03,3.23
1761896524,0.101161,0.000000,-0.013171,0.03,3.23
1761896527,0.101161,0.000000,-0.013171,0.03,3.23
1761896530,0.101161,0.000000,-0.013171,0.03,3.23
1761896533,0.101161,0.000000,-0.013171,0.03,3.23
1761896536,0.101161,0.000000,-0.013171,0.03,3.23
1761896539,0.101161,0.000000,-0.013171,0.03,3.23
1761896542,0.101161,0.000000,-0.013171,0.03,3.23
1761896545,0.101161,0.000000,-0.013171,0.03,3.23
1761896548,0.101161,0.000000,-0.013171,0.03,3.23
1761896551,0.101161,0.000000,-0.013171,0.03,3.23
1761896554,0.101161,0.000000,-0.013171,0.03,3.23
1761896557,0.101161,0.000000,-0.013171,0.03,3.23
1761896560,0.101161,0.000000,-0.013171,0.03,3.23
1761896563,0.101161,0.000000,-0.013171,0.03,3.23
1761896566,0.101161,0.000000,-0.013171,0.03,3.23
1761896569,0.101161,0.000000,-0.013171,0.03,3.23
1761896572,0.101161,0.000000,-0.013171,0.03,3.23
1761896575,0.101161,0.000000,-0.013171,0.03,3.23
1761896578,0.101161,0.000000,-0.013171,0.03,3.23
1761896581,0.101161,0.000000,-0.013171,0.03,3.23
1761896584,0.101161,0.000000,-0.013171,0.03,3.23
1761896587,0.101161,0.000000,-0.013171,0.03,3.23
1761896590,0.101161,0.000000,-0.013171,0.03,3.23
1761896593,0.101161,0.000000,-0.013171,0.03,3.23
1761896596,0.101161,0.000000,-0.013171,0.03,3.23
1761896599,0.101161,0.000000,-0.013171,0.03,3.23
1761896602,0.101161,0.000000,-0.013171,0.03,3.23
1761896605,0.101161,0.000000,-0.013171,0.03,3.23
1761896608,0.101161,0.000000,-0.013171,0.03,3.23
1761896611,0.101161,0.000000,-0.013171,0.03,3.23
1761896614,0.101161,0.000000,-0.013171,0.03,3.23
1761896617,0.101161,0.000000,-0.013171,0.03,3.23
1761896620,0.101161,0.000000,-0.013171,0.03,3.23
1761896623,0.101161,0.000000,-0.013171,0.03,3.23
1761896626,0.101161,0.000000,-0.013171,0.03,3.23
1761896629,0.101161,0.000000,-0.013171,0.03,3.23
1761896632,0.101161,0.000000,-0.013171,0.03,3.23
1761896635,0.101161,0.000000,-0.013171,0.03,3.23
1761896638,0.101161,0.000000,-0.013171,0.03,3.23
1761896641,0.101161,0.000000,-0.013171,0.03,3.23
1761896644,0.101161,0.000000,-0.013171,0.03,3.23
1761896647,0.101161,0.000000,-0.013171,0.03,3.23
1761896650,0.101161,0.000000,-0.013171,0.03,3.23
1761896653,0.101161,0.000000,-0.013171,0.03,3.23
1761896656,0.101161,0.000000,-0.013171,0.03,3.23
1761896659,0.101161,0.000000,-0.013171,0.03,3.23
1761896662,0.101161,0.000000,-0.013171,0.03,3.23
1761896665,0.101161,0.000000,-0.013171,0.03,3.23
1761896668,0.101161,0.000000,-0.013171,0.03,3.23
1761896671,0.101161,0.000000,-0.013171,0.03,3.23
1761896674,0.101161,0.000000,-0.013171,0.03,3.23
1761896677,0.101161,0.000000,-0.013171,0.03,3.23
1761896680,0.101161,0.000000,-0.013171,0.03,3.23
1761896683,0.101161,0.000000,-0.013171,0.03,3.23
1761896686,0.101161,0.000000,-0.013171,0.03,3.23
1761896689,0.101161,0.000000,-0.013171,0.03,3.23
1761896692,0.101161,0.000000,-0.013171,0.03,3.23
1761896695,0.101161,0.000000,-0.013171,0.03,3.23
1761896698,0.101161,0.000000,-0.013171,0.03,3.23
1761896701,0.101161,0.000000,-0.013171,0.03,3.23
1761896704,0.101161,0.000000,-0.013171,0.03,3.23
1761896707,0.101161,0.000000,-0.013171,0.03,3.23
1761896710,0.101161,0.000000,-0.013171,0.03,3.23
1761896713,0.101161,0.000000,-0.013171,0.03,3.23
1761896716,0.101161,0.000000,-0.013171,0.03,3.23
1761896719,0.101161,0.000000,-0.013171,0.03,3.23
1761896722,0.101161,0.000000,-0.013171,0.03,3.23
1761896725,0.101161,0.000000,-0.013171,0.03,3.23
1761896728,0.101161,0.000000,-0.013171,0.03,3.23
1761896731,0.101161,0.000000,-0.013171,0.03,3.23
1761896734,0.101161,0.000000,-0.013171,0.03,3.23
1761896737,0.101161,0.000000,-0.013171,0.03,3.23
1761896740,0.101161,0.000000,-0.013171,0.03,3.23
1761896743,0.101161,0.000000,-0.013171,0.03,3.23
1761896746,0.101161,0.000000,-0.013171,0.03,3.23
1761896749,0.101161,0.000000,-0.013171,0.03,3.23
1761896752,0.101161,0.000000,-0.013171,0.03,3.23
1761896755,0.101161,0.000000,-0.013171,0.03,3.23
1761896758,0.101161,0.000000,-0.013171,0.03,3.23
1761896761,0.101161,0.000000,-0.013171,0.03,3.23
1761896764,0.101161,0.000000,-0.013171,0.03,3.23
1761896767,0.101161,0.000000,-0.013171,0.03,3.23
1761896770,0.101161,0.000000,-0.013171,0.03,3.23
1761896773,0.101161,0.000000,-0.013171,0.03,3.23
1761896776,0.101161,0.000000,-0.013171,0.03,3.23
1761896779,0.101161,0.000000,-0.013171,0.03,3.23
1761896782,0.101161,0.000000,-0.013171,0.03,3.23
1761896785,0.101161,0.000000,-0.013171,0.03,3.23
1761896788,0.101161,0.000000,-0.013171,0.03,3.23
1761896791,0.101161,0.000000,-0.013171,0.03,3.23
1761896794,0.101161,0.000000,-0.013171,0.03,3.23
1761896797,0.101161,0.000000,-0.013171,0.03,3.23
1761896800,0.101161,0.000000,-0.013171,0.03,3.23
1761896803,0.101161,0.000000,-0.013171,0.03,3.23
1761896806,0.101161,0.000000,-0.013171,0.03,3.23
1761896809,0.101161,0.000000,-0.013171,0.03,3.23
1761896812,0.101161,0.000000,-0.013171,0.03,3.23
1761896815,0.101161,0.000000,-0.013171,0.03,3.23
1761896818,0.101161,0.000000,-0.013171,0.03,3.23
1761896821,0.101161,0.000000,-0.013171,0.03,3.23
1761896824,0.101161,0.000000,-0.013171,0.03,3.23
1761896827,0.101161,0.000000,-0.013171,0.03,3.23
1761896830,0.101161,0.000000,-0.013171,0.03,3.23
1761896833,0.101161,0.000000,-0.013171,0.03,3.23
1761896836,0.101161,0.000000,-0.013171,0.03,3.23
1761896839,0.101161,0.000000,-0.013171,0.03,3.23
1761896842,0.101161,0.000000,-0.013171,0.03,3.23
1761896845,0.101161,0.000000,-0.013171,0.03,3.23
1761896848,0.101161,0.000000,-0.013171,0.03,3.23
1761896851,0.101161,0.000000,-0.013171,0.03,3.23
1761896854,0.101161,0.000000,-0.013171,0.03,3.23
1761896857,0.101161,0.000000,-0.013171,0.03,3.23
1761896860,0.101161,0.000000,-0.013171,0.03,3.23
1761896863,0.101161,0.000000,-0.013171,0.03,3.23
1761896866,0.101161,0.000000,-0.013171,0.03,3.23
1761896869,0.101161,0.000000,-0.013171,0.03,3.23
1761896872,0.101161,0.000000,-0.013171,0.03,3.23
1761896875,0.101161,0.000000,-0.013171,0.03,3.23
1761896878,0.101161,0.000000,-0.013171,0.03,3.23
1761896881,0.101161,0.000000,-0.013171,0.03,3.23
1761896884,0.101161,0.000000,-0.013171,0.03,3.23
1761896887,0.101161,0.000000,-0.013171,0.03,3.23
1761896890,0.101161,0.000000,-0.013171,0.03,3.23
1761896893,0.101161,0.000000,-0.013171,0.03,3.23
1761896896,0.101161,0.000000,-0.013171,0.03,3.23
1761896899,0.101161,0.000000,-0.013171,0.03,3.23
1761896902,0.101161,0.000000,-0.013171,0.03,3.23
1761896905,0.101161,0.000000,-0.013171,0.03,3.23
1761896908,0.101161,0.000000,-0.013171,0.03,3.23
1761896911,0.101161,0.000000,-0.013171,0.03,3.23
1761896914,0.101161,0.000000,-0.013171,0.03,3.23
1761896917,0.101161,0.000000,-0.013171,0.03,3.23
1761896920,0.101161,0.000000,-0.013171,0.03,3.23
1761896923,0.101161,0.000000,-0.013171,0.03,3.23
1761896926,0.101161,0.000000,-0.013171,0.03,3.23
1761896929,0.101161,0.000000,-0.013171,0.03,3.23
1761896932,0.101161,0.000000,-0.013171,0.03,3.23
1761896935,0.101161,0.000000,-0.013171,0.03,3.23
1761896938,0.101161,0.000000,-0.013171,0.03,3.23
1761896941,0.101161,0.000000,-0.013171,0.03,3.23
1761896944,0.101161,0.000000,-0.013171,0.03,3.23
1761896947,0.101161,0.000000,-0.013171,0.03,3.23
1761896950,0.101161,0.000000,-0.013171,0.03,3.23
1761896953,0.101161,0.000000,-0.013171,0.03,3.23
1761896956,0.101161,0.000000,-0.013171,0.03,3.23
1761896959,0.101161,0.000000,-0.013171,0.03,3.23
1761896962,0.101161,0.000000,-0.013171,0.03,3.23
1761896965,0.101161,0.000000,-0.013171,0.03,3.23
1761896968,0.101161,0.000000,-0.013171,0.03,3.23
1761896971,0.101161,0.000000,-0.013171,0.03,3.23
1761896974,0.101161,0.000000,-0.013171,0.03,3.23
1761896977,0.101161,0.000000,-0.013171,0.03,3.23
1761896980,0.101161,0.000000,-0.013171,0.03,3.23
1761896983,0.101161,0.000000,-0.013171,0.03,3.23
1761896986,0.101161,0.000000,-0.013171,0.03,3.23
1761896989,0.101161,0.000000,-0.013171,0.03,3.23
1761896992,0.101161,0.000000,-0.013171,0.03,3.23
1761896995,0.101161,0.000000,-0.013171,0.03,3.23
1761896998,0.101161,0.000000,-0.013171,0.03,3.23
1761897001,0.101161,0.000000,-0.013171,0.03,3.23
1761897004,0.101161,0.000000,-0.013171,0.03,3.23
1761897007,0.101161,0.000000,-0.013171,0.03,3.23
1761897010,0.101161,0.000000,-0.013171,0.03,3.23
1761897013,0.101161,0.000000,-0.013171,0.03,3.23
1761897016,0.101161,0.000000,-0.013171,0.03,3.23
1761897019,0.101161,0.000000,-0.013171,0.03,3.23
1761897022,0.101161,0.000000,-0.013171,0.03,3.23
1761897025,0.101161,0.000000,-0.013171,0.03,3.23
1761897028,0.101161,0.000000,-0.013171,0.03,3.23
1761897031,0.101161,0.000000,-0.013171,0.03,3.23
1761897034,0.101161,0.000000,-0.013171,0.03,3.23
1761897037,0.101161,0.000000,-0.013171,0.03,3.23
1761897040,0.101161,0.000000,-0.013171,0.03,3.23
1761897043,0.101161,0.000000,-0.013171,0.03,3.23
1761897046,0.101161,0.000000,-0.013171,0.03,3.23
1761897049,0.101161,0.000000,-0.013171,0.03,3.23
1761897052,0.101161,0.000000,-0.013171,0.03,3.23
1761897055,0.101161,0.000000,-0.013171,0.03,3.23
1761897058,0.101161,0.000000,-0.013171,0.03,3.23
1761897061,0.101161,0.000000,-0.013171,0.03,3.23
1761897064,0.101161,0.000000,-0.013171,0.03,3.23
1761897067,0.101161,0.000000,-0.013171,0.03,3.23
1761897070,0.101161,0.000000,-0.013171,0.03,3.23
1761897073,0.101161,0.000000,-0.013171,0.03,3.23
1761897076,0.101161,0.000000,-0.013171,0.03,3.23
1761897079,0.101161,0.000000,-0.013171,0.03,3.23
1761897082,0.101161,0.000000,-0.013171,0.03,3.23
1761897085,0.101161,0.000000,-0.013171,0.03,3.23
1761897088,0.101161,0.000000,-0.013171,0.03,3.23
1761897091,0.101161,0.000000,-0.013171,0.03,3.23
1761897094,0.101161,0.000000,-0.013171,0.03,3.23
1761897097,0.101161,0.000000,-0.013171,0.03,3.23
1761897100,0.101161,0.000000,-0.013171,0.03,3.23
1761897103,0.101161,0.000000,-0.013171,0.03,3.23
1761897106,0.101161,0.000000,-0.013171,0.03,3.23
1761897109,0.101161,0.000000,-0.013171,0.03,3.23
1761897112,0.101161,0.000000,-0.013171,0.03,3.23
1761897115,0.101161,0.000000,-0.013171,0.03,3.23
1761897118,0.101161,0.000000,-0.013171,0.03,3.23
1761897121,0.101161,0.000000,-0.013171,0.03,3.23
1761897124,0.101161,0.000000,-0.013171,0.03,3.23
1761897127,0.101161,0.000000,-0.013171,0.03,3.23
1761897130,0.101161,0.000000,-0.013171,0.03,3.23
1761897133,0.101161,0.000000,-0.013171,0.03,3.23
1761897136,0.101161,0.000000,-0.013171,0.03,3.23
1761897139,0.101161,0.000000,-0.013171,0.03,3.23
1761897142,0.101161,0.000000,-0.013171,0.03,3.23
1761897145,0.101161,0.000000,-0.013171,0.03,3.23
1761897148,0.101161,0.000000,-0.013171,0.03,3.23
1761897151,0.101161,0.000000,-0.013171,0.03,3.23
1761897154,0.101161,0.000000,-0.013171,0.03,3.23
1761897157,0.101161,0.000000,-0.013171,0.03,3.23
1761897160,0.101161,0.000000,-0.013171,0.03,3.23
1761897163,0.101161,0.000000,-0.013171,0.03,3.23
1761897166,0.101161,0.000000,-0.013171,0.03,3.23
1761897169,0.101161,0.000000,-0.013171,0.03,3.23
1761897172,0.101161,0.000000,-0.013171,0.03,3.23
1761897175,0.101161,0.000000,-0.013171,0.03,3.23
1761897178,0.101161,0.000000,-0.013171,0.03,3.23
1761897181,0.101161,0.000000,-0.013171,0.03,3.23
1761897184,0.101161,0.000000,-0.013171,0.03,3.23
1761897187,0.101161,0.000000,-0.013171,0.03,3.23
1761897190,0.101161,0.000000,-0.013171,0.03,3.23
1761897193,0.101161,0.000000,-0.013171,0.03,3.23
1761897196,0.101161,0.000000,-0.013171,0.03,3.23
1761897199,0.101161,0.000000,-0.013171,0.03,3.23
1761897202,0.101161,0.000000,-0.013171,0.03,3.23
1761897205,0.101161,0.000000,-0.013171,0.03,3.23
1761897208,0.101161,0.000000,-0.013171,0.03,3.23
1761897211,0.101161,0.000000,-0.013171,0.03,3.23
1761897214,0.101161,0.000000,-0.013171,0.03,3.23
1761897217,0.101161,0.000000,-0.013171,0.03,3.23
1761897220,0.101161,0.000000,-0.013171,0.03,3.23
1761897223,0.101161,0.000000,-0.013171,0.03,3.23
1761897226,0.101161,0.000000,-0.013171,0.03,3.23
1761897229,0.101161,0.000000,-0.013171,0.03,3.23
1761897232,0.101161,0.000000,-0.013171,0.03,3.23
1761897235,0.101161,0.000000,-0.013171,0.03,3.23
1761897238,0.101161,0.000000,-0.013171,0.03,3.23
1761897241,0.101161,0.000000,-0.013171,0.03,3.23
1761897244,0.101161,0.000000,-0.013171,0.03,3.23
1761897247,0.101161,0.000000,-0.013171,0.03,3.23
1761897250,0.101161,0.000000,-0.013171,0.03,3.23
1761897253,0.101161,0.000000,-0.013171,0.03,3.23
1761897256,0.101161,0.000000,-0.013171,0.03,3.23
1761897259,0.101161,0.000000,-0.013171,0.03,3.23
1761897262,0.101161,0.000000,-0.013171,0.03,3.23
1761897265,0.101161,0.000000,-0.013171,0.03,3.23
1761897268,0.101161,0.000000,-0.013171,0.03,3.23
1761897271,0.101161,0.000000,-0.013171,0.03,3.23
1761897274,0.101161,0.000000,-0.013171,0.03,3.23
1761897277,0.101161,0.000000,-0.013171,0.03,3.23
1761897280,0.101161,0.000000,-0.013171,0.03,3.23
1761897283,0.101161,0.000000,-0.013171,0.03,3.23
1761897286,0.101161,0.000000,-0.013171,0.03,3.23
1761897289,0.101161,0.000000,-0.013171,0.03,3.23
1761897292,0.101161,0.000000,-0.013171,0.03,3.23
1761897295,0.101161,0.000000,-0.013171,0.03,3.23
1761897298,0.101161,0.000000,-0.013171,0.03,3.23
1761897301,0.101161,0.000000,-0.013171,0.03,3.23
1761897304,0.101161,0.000000,-0.013171,0.03,3.23
1761897307,0.101161,0.000000,-0.013171,0.03,3.23
1761897310,0.101161,0.000000,-0.013171,0.03,3.23
1761897313,0.101161,0.000000,-0.013171,0.03,3.23
1761897316,0.101161,0.000000,-0.013171,0.03,3.23
1761897319,0.101161,0.000000,-0.013171,0.03,3.23
1761897322,0.101161,0.000000,-0.013171,0.03,3.23
1761897325,0.101161,0.000000,-0.013171,0.03,3.23
1761897328,0.101161,0.000000,-0.013171,0.03,3.23
1761897331,0.101161,0.000000,-0.013171,0.03,3.23
1761897334,0.101161,0.000000,-0.013171,0.03,3.23
1761897337,0.101161,0.000000,-0.013171,0.03,3.23
1761897340,0.101161,0.000000,-0.013171,0.03,3.23
1761897343,0.101161,0.000000,-0.013171,0.03,3.23
1761897346,0.101161,0.000000,-0.013171,0.03,3.23
1761897349,0.101161,0.000000,-0.013171,0.03,3.23
1761897352,0.101161,0.000000,-0.013171,0.03,3.23
1761897355,0.101161,0.000000,-0.013171,0.03,3.23
1761897358,0.101161,0.000000,-0.013171,0.03,3.23
1761897361,0.101161,0.000000,-0.013171,0.03,3.23
1761897364,0.101161,0.000000,-0.013171,0.03,3.23
1761897367,0.101161,0.000000,-0.013171,0.03,3.23
1761897370,0.101161,0.000000,-0.013171,0.03,3.23
1761897373,0.101161,0.000000,-0.013171,0.03,3.23
1761897376,0.101161,0.000000,-0.013171,0.03,3.23
1761897379,0.101161,0.000000,-0.013171,0.03,3.23
1761897382,0.101161,0.000000,-0.013171,0.03,3.23
1761897385,0.101161,0.000000,-0.013171,0.03,3.23
1761897388,0.101161,0.000000,-0.013171,0.03,3.23
1761897391,0.101161,0.000000,-0.013171,0.03,3.23
1761897394,0.101161,0.000000,-0.013171,0.03,3.23
1761897397,0.101161,0.000000,-0.013171,0.03,3.23
1761897400,0.101161,0.000000,-0.013171,0.03,3.23
1761897403,0.101161,0.000000,-0.013171,0.03,3.23
1761897406,0.101161,0.000000,-0.013171,0.03,3.23
1761897409,0.101161,0.000000,-0.013171,0.03,3.23
1761897412,0.101161,0.000000,-0.013171,0.03,3.23
1761897415,0.101161,0.000000,-0.013171,0.03,3.23
1761897418,0.101161,0.000000,-0.013171,0.03,3.23
1761897421,0.101161,0.000000,-0.013171,0.03,3.23
1761897424,0.101161,0.000000,-0.013171,0.03,3.23
1761897427,0.101161,0.000000,-0.013171,0.03,3.23
1761897430,0.101161,0.000000,-0.013171,0.03,3.23
1761897433,0.101161,0.000000,-0.013171,0.03,3.23
1761897436,0.101161,0.000000,-0.013171,0.03,3.23
1761897439,0.101161,0.000000,-0.013171,0.03,3.23
1761897442,0.101161,0.000000,-0.013171,0.03,3.23
1761897445,0.101161,0.000000,-0.013171,0.03,3.23
1761897448,0.101161,0.000000,-0.013171,0.03,3.23
1761897451,0.101161,0.000000,-0.013171,0.03,3.23
1761897454,0.101161,0.000000,-0.013171,0.03,3.23
1761897457,0.101161,0.000000,-0.013171,0.03,3.23
1761897460,0.101161,0.000000,-0.013171,0.03,3.23
1761897463,0.101161,0.000000,-0.013171,0.03,3.23
1761897466,0.101161,0.000000,-0.013171,0.03,3.23
1761897469,0.101161,0.000000,-0.013171,0.03,3.23
1761897472,0.101161,0.000000,-0.013171,0.03,3.23
1761897475,0.101161,0.000000,-0.013171,0.03,3.23
1761897478,0.101161,0.000000,-0.013171,0.03,3.23
1761897481,0.101161,0.000000,-0.013171,0.03,3.23
1761897484,0.101161,0.000000,-0.013171,0.03,3.23
1761897487,0.101161,0.000000,-0.013171,0.03,3.23
1761897490,0.101161,0.000000,-0.013171,0.03,3.23
1761897493,0.101161,0.000000,-0.013171,0.03,3.23
1761897496,0.101161,0.000000,-0.013171,0.03,3.23
1761897499,0.101161,0.000000,-0.013171,0.03,3.23
1761897502,0.101161,0.000000,-0.013171,0.03,3.23
1761897505,0.101161,0.000000,-0.013171,0.03,3.23
1761897508,0.101161,0.000000,-0.013171,0.03,3.23
1761897511,0.101161,0.000000,-0.013171,0.03,3.23
1761897514,0.101161,0.000000,-0.013171,0.03,3.23
1761897517,0.101161,0.000000,-0.013171,0.03,3.23
1761897520,0.101161,0.000000,-0.013171,0.03,3.23
1761897523,0.101161,0.000000,-0.013171,0.03,3.23
1761897526,0.101161,0.000000,-0.013171,0.03,3.23
1761897529,0.101161,0.000000,-0.013171,0.03,3.23
1761897532,0.101161,0.000000,-0.013171,0.03,3.23
1761897535,0.101161,0.000000,-0.013171,0.03,3.23
1761897538,0.101161,0.000000,-0.013171,0.03,3.23
1761897541,0.101161,0.000000,-0.013171,0.03,3.23
1761897544,0.101161,0.000000,-0.013171,0.03,3.23
1761897547,0.101161,0.000000,-0.013171,0.03,3.23
1761897550,0.101161,0.000000,-0.013171,0.03,3.23
1761897553,0.101161,0.000000,-0.013171,0.03,3.23
1761897556,0.101161,0.000000,-0.013171,0.03,3.23
1761897559,0.101161,0.000000,-0.013171,0.03,3.23
1761897562,0.101161,0.000000,-0.013171,0.03,3.23
1761897565,0.101161,0.000000,-0.013171,0.03,3.23
1761897568,0.101161,0.000000,-0.013171,0.03,3.23
1761897571,0.101161,0.000000,-0.013171,0.03,3.23
1761897574,0.101161,0.000000,-0.013171,0.03,3.23
1761897577,0.101161,0.000000,-0.013171,0.03,3.23
1761897580,0.101161,0.000000,-0.013171,0.03,3.23
1761897583,0.101161,0.000000,-0.013171,0.03,3.23
1761897586,0.101161,0.000000,-0.013171,0.03,3.23
1761897589,0.101161,0.000000,-0.013171,0.03,3.23
1761897592,0.101161,0.000000,-0.013171,0.03,3.23
1761897595,0.101161,0.000000,-0.013171,0.03,3.23
1761897598,0.101161,0.000000,-0.013171,0.03,3.23
1761897601,0.101161,0.000000,-0.013171,0.03,3.23
1761897604,0.101161,0.000000,-0.013171,0.03,3.23
1761897607,0.101161,0.000000,-0.013171,0.03,3.23
1761897610,0.101161,0.000000,-0.013171,0.03,3.23
1761897613,0.101161,0.000000,-0.013171,0.03,3.23
1761897616,0.101161,0.000000,-0.013171,0.03,3.23
1761897619,0.101161,0.000000,-0.013171,0.03,3.23
1761897622,0.101161,0.000000,-0.013171,0.03,3.23
1761897625,0.101161,0.000000,-0.013171,0.03,3.23
1761897628,0.101161,0.000000,-0.013171,0.03,3.23
1761897631,0.101161,0.000000,-0.013171,0.03,3.23
1761897634,0.101161,0.000000,-0.013171,0.03,3.23
1761897637,0.101161,0.000000,-0.013171,0.03,3.23
1761897640,0.101161,0.000000,-0.013171,0.03,3.23
1761897643,0.101161,0.000000,-0.013171,0.03,3.23
1761897646,0.101161,0.000000,-0.013171,0.03,3.23
1761897649,0.101161,0.000000,-0.013171,0.03,3.23
1761897652,0.101161,0.000000,-0.013171,0.03,3.23
1761897655,0.101161,0.000000,-0.013171,0.03,3.23
1761897658,0.101161,0.000000,-0.013171,0.03,3.23
1761897661,0.101161,0.000000,-0.013171,0.03,3.23
1761897664,0.101161,0.000000,-0.013171,0.03,3.23
1761897667,0.101161,0.000000,-0.013171,0.03,3.23
1761897670,0.101161,0.000000,-0.013171,0.03,3.23
1761897673,0.101161,0.000000,-0.013171,0.03,3.23
1761897676,0.101161,0.000000,-0.013171,0.03,3.23
1761897679,0.101161,0.000000,-0.013171,0.03,3.23
1761897682,0.101161,0.000000,-0.013171,0.03,3.23
1761897685,0.101161,0.000000,-0.013171,0.03,3.23
1761897688,0.101161,0.000000,-0.013171,0.03,3.23
1761897691,0.101161,0.000000,-0.013171,0.03,3.23
1761897694,0.101161,0.000000,-0.013171,0.03,3.23
1761897697,0.101161,0.000000,-0.013171,0.03,3.23
1761897700,0.101161,0.000000,-0.013171,0.03,3.23
1761897703,0.101161,0.000000,-0.013171,0.03,3.23
1761897706,0.101161,0.000000,-0.013171,0.03,3.23
1761897709,0.101161,0.000000,-0.013171,0.03,3.23
1761897712,0.101161,0.000000,-0.013171,0.03,3.23
1761897715,0.101161,0.000000,-0.013171,0.03,3.23
1761897718,0.101161,0.000000,-0.013171,0.03,3.23
1761897721,0.101161,0.000000,-0.013171,0.03,3.23
1761897724,0.101161,0.000000,-0.013171,0.03,3.23
1761897727,0.101161,0.000000,-0.013171,0.03,3.23
1761897730,0.101161,0.000000,-0.013171,0.03,3.23
1761897733,0.101161,0.000000,-0.013171,0.03,3.23
1761897736,0.101161,0.000000,-0.013171,0.03,3.23
1761897739,0.101161,0.000000,-0.013171,0.03,3.23
1761897742,0.101161,0.000000,-0.013171,0.03,3.23
1761897745,0.101161,0.000000,-0.013171,0.03,3.23
1761897748,0.101161,0.000000,-0.013171,0.03,3.23
1761897751,0.101161,0.000000,-0.013171,0.03,3.23
1761897754,0.101161,0.000000,-0.013171,0.03,3.23
1761897757,0.101161,0.000000,-0.013171,0.03,3.23
1761897760,0.101161,0.000000,-0.013171,0.03,3.23
1761897763,0.101161,0.000000,-0.013171,0.03,3.23
1761897766,0.101161,0.000000,-0.013171,0.03,3.23
1761897769,0.101161,0.000000,-0.013171,0.03,3.23
1761897772,0.101161,0.000000,-0.013171,0.03,3.23
1761897775,0.101161,0.000000,-0.013171,0.03,3.23
1761897778,0.101161,0.000000,-0.013171,0.03,3.23
1761897781,0.101161,0.000000,-0.013171,0.03,3.23
1761897784,0.101161,0.000000,-0.013171,0.03,3.23
1761897787,0.101161,0.000000,-0.013171,0.03,3.23
1761897790,0.101161,0.000000,-0.013171,0.03,3.23
1761897793,0.101161,0.000000,-0.013171,0.03,3.23
1761897796,0.101161,0.000000,-0.013171,0.03,3.23
1761897799,0.101161,0.000000,-0.013171,0.03,3.23
1761897802,0.101161,0.000000,-0.013171,0.03,3.23
1761897805,0.101161,0.000000,-0.013171,0.03,3.23
1761897808,0.101161,0.000000,-0.013171,0.03,3.23
1761897811,0.101161,0.000000,-0.013171,0.03,3.23
1761897814,0.101161,0.000000,-0.013171,0.03,3.23
1761897817,0.101161,0.000000,-0.013171,0.03,3.23
1761897820,0.101161,0.000000,-0.013171,0.03,3.23
1761897823,0.101161,0.000000,-0.013171,0.03,3.23
1761897826,0.101161,0.000000,-0.013171,0.03,3.23
1761897829,0.101161,0.000000,-0.013171,0.03,3.23
1761897832,0.101161,0.000000,-0.013171,0.03,3.23
1761897835,0.101161,0.000000,-0.013171,0.03,3.23
1761897838,0.101161,0.000000,-0.013171,0.03,3.23
1761897841,0.101161,0.000000,-0.013171,0.03,3.23
1761897844,0.101161,0.000000,-0.013171,0.03,3.23
1761897847,0.101161,0.000000,-0.013171,0.03,3.23
1761897850,0.101161,0.000000,-0.013171,0.03,3.23
1761897853,0.101161,0.000000,-0.013171,0.03,3.23
1761897856,0.101161,0.000000,-0.013171,0.03,3.23
1761897859,0.101161,0.000000,-0.013171,0.03,3.23
1761897862,0.101161,0.000000,-0.013171,0.03,3.23
1761897865,0.101161,0.000000,-0.013171,0.03,3.23
1761897868,0.101161,0.000000,-0.013171,0.03,3.23
1761897871,0.101161,0.000000,-0.013171,0.03,3.23
1761897874,0.101161,0.000000,-0.013171,0.03,3.23
1761897877,0.101161,0.000000,-0.013171,0.03,3.23
1761897880,0.101161,0.000000,-0.013171,0.03,3.23
1761897883,0.101161,0.000000,-0.013171,0.03,3.23
1761897886,0.101161,0.000000,-0.013171,0.03,3.23
1761897889,0.101161,0.000000,-0.013171,0.03,3.23
1761897892,0.101161,0.000000,-0.013171,0.03,3.23
1761897895,0.101161,0.000000,-0.013171,0.03,3.23
1761897898,0.101161,0.000000,-0.013171,0.03,3.23
1761897901,0.101161,0.000000,-0.013171,0.03,3.23
1761897904,0.101161,0.000000,-0.013171,0.03,3.23
1761897907,0.101161,0.000000,-0.013171,0.03,3.23
1761897910,0.101161,0.000000,-0.013171,0.03,3.23
1761897913,0.101161,0.000000,-0.013171,0.03,3.23
1761897916,0.101161,0.000000,-0.013171,0.03,3.23
1761897919,0.101161,0.000000,-0.013171,0.03,3.23
1761897922,0.101161,0.000000,-0.013171,0.03,3.23
1761897925,0.101161,0.000000,-0.013171,0.03,3.23
1761897928,0.101161,0.000000,-0.013171,0.03,3.23
1761897931,0.101161,0.000000,-0.013171,0.03,3.23
1761897934,0.101161,0.000000,-0.013171,0.03,3.23
1761897937,0.101161,0.000000,-0.013171,0.03,3.23
1761897940,0.101161,0.000000,-0.013171,0.03,3.23
1761897943,0.101161,0.000000,-0.013171,0.03,3.23
1761897946,0.101161,0.000000,-0.013171,0.03,3.23
1761897949,0.101161,0.000000,-0.013171,0.03,3.23
1761897952,0.101161,0.000000,-0.013171,0.03,3.23
1761897955,0.101161,0.000000,-0.013171,0.03,3.23
1761897958,0.101161,0.000000,-0.013171,0.03,3.23
1761897961,0.101161,0.000000,-0.013171,0.03,3.23
1761897964,0.101161,0.000000,-0.013171,0.03,3.23
1761897967,0.101161,0.000000,-0.013171,0.03,3.23
1761897970,0.101161,0.000000,-0.013171,0.03,3.23
1761897973,0.101161,0.000000,-0.013171,0.03,3.23
1761897976,0.101161,0.000000,-0.013171,0.03,3.23
1761897979,0.101161,0.000000,-0.013171,0.03,3.23
1761897982,0.101161,0.000000,-0.013171,0.03,3.23
1761897985,0.101161,0.000000,-0.013171,0.03,3.23
1761897988,0.101161,0.000000,-0.013171,0.03,3.23
1761897991,0.101161,0.000000,-0.013171,0.03,3.23
1761897994,0.101161,0.000000,-0.013171,0.03,3.23
1761897997,0.101161,0.000000,-0.013171,0.03,3.23
1761898000,0.101161,0.000000,-0.013171,0.03,3.23
1761898003,0.101161,0.000000,-0.013171,0.03,3.23
1761898006,0.101161,0.000000,-0.013171,0.03,3.23
1761898009,0.101161,0.000000,-0.013171,0.03,3.23
1761898012,0.101161,0.000000,-0.013171,0.03,3.23
1761898015,0.101161,0.000000,-0.013171,0.03,3.23
1761898018,0.101161,0.000000,-0.013171,0.03,3.23
1761898021,0.101161,0.000000,-0.013171,0.03,3.23
1761898024,0.101161,0.000000,-0.013171,0.03,3.23
1761898027,0.101161,0.000000,-0.013171,0.03,3.23
1761898030,0.101161,0.000000,-0.013171,0.03,3.23
1761898033,0.101161,0.000000,-0.013171,0.03,3.23
1761898036,0.101161,0.000000,-0.013171,0.03,3.23
1761898039,0.101161,0.000000,-0.013171,0.03,3.23
1761898042,0.101161,0.000000,-0.013171,0.03,3.23
1761898045,0.101161,0.000000,-0.013171,0.03,3.23
1761898048,0.101161,0.000000,-0.013171,0.03,3.23
1761898051,0.101161,0.000000,-0.013171,0.03,3.23
1761898054,0.101161,0.000000,-0.013171,0.03,3.23
1761898057,0.101161,0.000000,-0.013171,0.03,3.23
1761898060,0.101161,0.000000,-0.013171,0.03,3.23
1761898063,0.101161,0.000000,-0.013171,0.03,3.23
1761898066,0.101161,0.000000,-0.013171,0.03,3.23
1761898069,0.101161,0.000000,-0.013171,0.03,3.23
1761898072,0.101161,0.000000,-0.013171,0.03,3.23
1761898075,0.101161,0.000000,-0.013171,0.03,3.23
1761898078,0.101161,0.000000,-0.013171,0.03,3.23
1761898081,0.101161,0.000000,-0.013171,0.03,3.23
1761898084,0.101161,0.000000,-0.013171,0.03,3.23
1761898087,0.101161,0.000000,-0.013171,0.03,3.23
1761898090,0.101161,0.000000,-0.013171,0.03,3.23
1761898093,0.101161,0.000000,-0.013171,0.03,3.23
1761898096,0.101161,0.000000,-0.013171,0.03,3.23
1761898099,0.101161,0.000000,-0.013171,0.03,3.23
1761898102,0.101161,0.000000,-0.013171,0.03,3.23
1761898105,0.101161,0.000000,-0.013171,0.03,3.23
1761898108,0.101161,0.000000,-0.013171,0.03,3.23
1761898111,0.101161,0.000000,-0.013171,0.03,3.23
1761898114,0.101161,0.000000,-0.013171,0.03,3.23
1761898117,0.101161,0.000000,-0.013171,0.03,3.23
1761898120,0.101161,0.000000,-0.013171,0.03,3.23
1761898123,0.101161,0.000000,-0.013171,0.03,3.23
1761898126,0.101161,0.000000,-0.013171,0.03,3.23
1761898129,0.101161,0.000000,-0.013171,0.03,3.23
1761898132,0.101161,0.000000,-0.013171,0.03,3.23
1761898135,0.101161,0.000000,-0.013171,0.03,3.23
1761898138,0.101161,0.000000,-0.013171,0.03,3.23
1761898141,0.101161,0.000000,-0.013171,0.03,3.23
1761898144,0.101161,0.000000,-0.013171,0.03,3.23
1761898147,0.101161,0.000000,-0.013171,0.03,3.23
1761898150,0.101161,0.000000,-0.013171,0.03,3.23
1761898153,0.101161,0.000000,-0.013171,0.03,3.23
1761898156,0.101161,0.000000,-0.013171,0.03,3.23
1761898159,0.101161,0.000000,-0.013171,0.03,3.23
1761898162,0.101161,0.000000,-0.013171,0.03,3.23
1761898165,0.101161,0.000000,-0.013171,0.03,3.23
1761898168,0.101161,0.000000,-0.013171,0.03,3.23
1761898171,0.101161,0.000000,-0.013171,0.03,3.23
1761898174,0.101161,0.000000,-0.013171,0.03,3.23
1761898177,0.101161,0.000000,-0.013171,0.03,3.23
1761898180,0.101161,0.000000,-0.013171,0.03,3.23
1761898183,0.101161,0.000000,-0.013171,0.03,3.23
1761898186,0.101161,0.000000,-0.013171,0.03,3.23
1761898189,0.101161,0.000000,-0.013171,0.03,3.23
1761898192,0.101161,0.000000,-0.013171,0.03,3.23
1761898195,0.101161,0.000000,-0.013171,0.03,3.23
1761898198,0.101161,0.000000,-0.013171,0.03,3.23
1761898201,0.101161,0.000000,-0.013171,0.03,3.23
1761898204,0.101161,0.000000,-0.013171,0.03,3.23
1761898207,0.101161,0.000000,-0.013171,0.03,3.23
1761898210,0.101161,0.000000,-0.013171,0.03,3.23
1761898213,0.101161,0.000000,-0.013171,0.03,3.23
1761898216,0.101161,0.000000,-0.013171,0.03,3.23
1761898219,0.101161,0.000000,-0.013171,0.03,3.23
1761898222,0.101161,0.000000,-0.013171,0.03,3.23
1761898225,0.101161,0.000000,-0.013171,0.03,3.23
1761898228,0.101161,0.000000,-0.013171,0.03,3.23
1761898231,0.101161,0.000000,-0.013171,0.03,3.23
1761898234,0.101161,0.000000,-0.013171,0.03,3.23
1761898237,0.101161,0.000000,-0.013171,0.03,3.23
1761898240,0.101161,0.000000,-0.013171,0.03,3.23
1761898243,0.101161,0.000000,-0.013171,0.03,3.23
1761898246,0.101161,0.000000,-0.013171,0.03,3.23
1761898249,0.101161,0.000000,-0.013171,0.03,3.23
1761898252,0.101161,0.000000,-0.013171,0.03,3.23
1761898255,0.101161,0.000000,-0.013171,0.03,3.23
1761898258,0.101161,0.000000,-0.013171,0.03,3.23
1761898261,0.101161,0.000000,-0.013171,0.03,3.23
1761898264,0.101161,0.000000,-0.013171,0.03,3.23
1761898267,0.101161,0.000000,-0.013171,0.03,3.23
1761898270,0.101161,0.000000,-0.013171,0.03,3.23
1761898273,0.101161,0.000000,-0.013171,0.03,3.23
1761898276,0.101161,0.000000,-0.013171,0.03,3.23
1761898279,0.101161,0.000000,-0.013171,0.03,3.23
1761898282,0.101161,0.000000,-0.013171,0.03,3.23
1761898285,0.101161,0.000000,-0.013171,0.03,3.23
1761898288,0.101161,0.000000,-0.013171,0.03,3.23
1761898291,0.101161,0.000000,-0.013171,0.03,3.23
1761898294,0.101161,0.000000,-0.013171,0.03,3.23
1761898297,0.101161,0.000000,-0.013171,0.03,3.23
1761898300,0.101161,0.000000,-0.013171,0.03,3.23
1761898303,0.101161,0.000000,-0.013171,0.03,3.23
1761898306,0.101161,0.000000,-0.013171,0.03,3.23
1761898309,0.101161,0.000000,-0.013171,0.03,3.23
1761898312,0.101161,0.000000,-0.013171,0.03,3.23
1761898315,0.101161,0.000000,-0.013171,0.03,3.23
1761898318,0.101161,0.000000,-0.013171,0.03,3.23
1761898321,0.101161,0.000000,-0.013171,0.03,3.23
1761898324,0.101161,0.000000,-0.013171,0.03,3.23
1761898327,0.101161,0.000000,-0.013171,0.03,3.23
1761898330,0.101161,0.000000,-0.013171,0.03,3.23
1761898333,0.101161,0.000000,-0.013171,0.03,3.23
1761898336,0.101161,0.000000,-0.013171,0.03,3.23
1761898339,0.101161,0.000000,-0.013171,0.03,3.23
1761898342,0.101161,0.000000,-0.013171,0.03,3.23
1761898345,0.101161,0.000000,-0.013171,0.03,3.23
1761898348,0.101161,0.000000,-0.013171,0.03,3.23
1761898351,0.101161,0.000000,-0.013171,0.03,3.23
1761898354,0.101161,0.000000,-0.013171,0.03,3.23
1761898357,0.101161,0.000000,-0.013171,0.03,3.23
1761898360,0.101161,0.000000,-0.013171,0.03,3.23
1761898363,0.101161,0.000000,-0.013171,0.03,3.23
1761898366,0.101161,0.000000,-0.013171,0.03,3.23
1761898369,0.101161,0.000000,-0.013171,0.03,3.23
1761898372,0.101161,0.000000,-0.013171,0.03,3.23
1761898375,0.101161,0.000000,-0.013171,0.03,3.23
1761898378,0.101161,0.000000,-0.013171,0.03,3.23
1761898381,0.101161,0.000000,-0.013171,0.03,3.23
1761898384,0.101161,0.000000,-0.013171,0.03,3.23
1761898387,0.101161,0.000000,-0.013171,0.03,3.23
1761898390,0.101161,0.000000,-0.013171,0.03,3.23
1761898393,0.101161,0.000000,-0.013171,0.03,3.23
1761898396,0.101161,0.000000,-0.013171,0.03,3.23
1761898399,0.101161,0.000000,-0.013171,0.03,3.23
1761898402,0.101161,0.000000,-0.013171,0.03,3.23
1761898405,0.101161,0.000000,-0.013171,0.03,3.23
1761898408,0.101161,0.000000,-0.013171,0.03,3.23
1761898411,0.101161,0.000000,-0.013171,0.03,3.23
1761898414,0.101161,0.000000,-0.013171,0.03,3.23
1761898417,0.101161,0.000000,-0.013171,0.03,3.23
1761898420,0.101161,0.000000,-0.013171,0.03,3.23
1761898423,0.101161,0.000000,-0.013171,0.03,3.23
1761898426,0.101161,0.000000,-0.013171,0.03,3.23
1761898429,0.101161,0.000000,-0.013171,0.03,3.23
1761898432,0.101161,0.000000,-0.013171,0.03,3.23
1761898435,0.101161,0.000000,-0.013171,0.03,3.23
1761898438,0.101161,0.000000,-0.013171,0.03,3.23
1761898441,0.101161,0.000000,-0.013171,0.03,3.23
1761898444,0.101161,0.000000,-0.013171,0.03,3.23
1761898447,0.101161,0.000000,-0.013171,0.03,3.23
1761898450,0.101161,0.000000,-0.013171,0.03,3.23
1761898453,0.101161,0.000000,-0.013171,0.03,3.23
1761898456,0.101161,0.000000,-0.013171,0.03,3.23
1761898459,0.101161,0.000000,-0.013171,0.03,3.23
1761898462,0.101161,0.000000,-0.013171,0.03,3.23
1761898465,0.101161,0.000000,-0.013171,0.03,3.23
1761898468,0.101161,0.000000,-0.013171,0.03,3.23
1761898471,0.101161,0.000000,-0.013171,0.03,3.23
1761898474,0.101161,0.000000,-0.013171,0.03,3.23
1761898477,0.101161,0.000000,-0.013171,0.03,3.23
1761898480,0.101161,0.000000,-0.013171,0.03,3.23
1761898483,0.101161,0.000000,-0.013171,0.03,3.23
1761898486,0.101161,0.000000,-0.013171,0.03,3.23
1761898489,0.101161,0.000000,-0.013171,0.03,3.23
1761898492,0.101161,0.000000,-0.013171,0.03,3.23
1761898495,0.101161,0.000000,-0.013171,0.03,3.23
1761898498,0.101161,0.000000,-0.013171,0.03,3.23
1761898501,0.101161,0.000000,-0.013171,0.03,3.23
1761898504,0.101161,0.000000,-0.013171,0.03,3.23
1761898507,0.101161,0.000000,-0.013171,0.03,3.23
1761898510,0.101161,0.000000,-0.013171,0.03,3.23
1761898513,0.101161,0.000000,-0.013171,0.03,3.23
1761898516,0.101161,0.000000,-0.013171,0.03,3.23
1761898519,0.101161,0.000000,-0.013171,0.03,3.23
1761898522,0.101161,0.000000,-0.013171,0.03,3.23
1761898525,0.101161,0.000000,-0.013171,0.03,3.23
1761898528,0.101161,0.000000,-0.013171,0.03,3.23
1761898531,0.101161,0.000000,-0.013171,0.03,3.23
1761898534,0.101161,0.000000,-0.013171,0.03,3.23
1761898537,0.101161,0.000000,-0.013171,0.03,3.23
1761898540,0.101161,0.000000,-0.013171,0.03,3.23
1761898543,0.101161,0.000000,-0.013171,0.03,3.23
1761898546,0.101161,0.000000,-0.013171,0.03,3.23
1761898549,0.101161,0.000000,-0.013171,0.03,3.23
1761898552,0.101161,0.000000,-0.013171,0.03,3.23
1761898555,0.101161,0.000000,-0.013171,0.03,3.23
1761898558,0.101161,0.000000,-0.013171,0.03,3.23
1761898561,0.101161,0.000000,-0.013171,0.03,3.23
1761898564,0.101161,0.000000,-0.013171,0.03,3.23
1761898567,0.101161,0.000000,-0.013171,0.03,3.23
1761898570,0.101161,0.000000,-0.013171,0.03,3.23
1761898573,0.101161,0.000000,-0.013171,0.03,3.23
1761898576,0.101161,0.000000,-0.013171,0.03,3.23
1761898579,0.101161,0.000000,-0.013171,0.03,3.23
1761898582,0.101161,0.000000,-0.013171,0.03,3.23
1761898585,0.101161,0.000000,-0.013171,0.03,3.23
1761898588,0.101161,0.000000,-0.013171,0.03,3.23
1761898591,0.101161,0.000000,-0.013171,0.03,3.23
1761898594,0.101161,0.000000,-0.013171,0.03,3.23
1761898597,0.101161,0.000000,-0.013171,0.03,3.23
1761898600,0.101161,0.000000,-0.013171,0.03,3.23
1761898603,0.101161,0.000000,-0.013171,0.03,3.23
1761898606,0.101161,0.000000,-0.013171,0.03,3.23
1761898609,0.101161,0.000000,-0.013171,0.03,3.23
1761898612,0.101161,0.000000,-0.013171,0.03,3.23
1761898615,0.101161,0.000000,-0.013171,0.03,3.23
1761898618,0.101161,0.000000,-0.013171,0.03,3.23
1761898621,0.101161,0.000000,-0.013171,0.03,3.23
1761898624,0.101161,0.000000,-0.013171,0.03,3.23
1761898627,0.101161,0.000000,-0.013171,0.03,3.23
1761898630,0.101161,0.000000,-0.013171,0.03,3.23
1761898633,0.101161,0.000000,-0.013171,0.03,3.23
1761898636,0.101161,0.000000,-0.013171,0.03,3.23
1761898639,0.101161,0.000000,-0.013171,0.03,3.23
1761898642,0.101161,0.000000,-0.013171,0.03,3.23
1761898645,0.101161,0.000000,-0.013171,0.03,3.23
1761898648,0.101161,0.000000,-0.013171,0.03,3.23
1761898651,0.101161,0.000000,-0.013171,0.03,3.23
1761898654,0.101161,0.000000,-0.013171,0.03,3.23
1761898657,0.101161,0.000000,-0.013171,0.03,3.23
1761898660,0.101161,0.000000,-0.013171,0.03,3.23
1761898663,0.101161,0.000000,-0.013171,0.03,3.23
1761898666,0.101161,0.000000,-0.013171,0.03,3.23
1761898669,0.101161,0.000000,-0.013171,0.03,3.23
1761898672,0.101161,0.000000,-0.013171,0.03,3.23
1761898675,0.101161,0.000000,-0.013171,0.03,3.23
1761898678,0.101161,0.000000,-0.013171,0.03,3.23
1761898681,0.101161,0.000000,-0.013171,0.03,3.23
1761898684,0.101161,0.000000,-0.013171,0.03,3.23
1761898687,0.101161,0.000000,-0.013171,0.03,3.23
1761898690,0.101161,0.000000,-0.013171,0.03,3.23
1761898693,0.101161,0.000000,-0.013171,0.03,3.23
1761898696,0.101161,0.000000,-0.013171,0.03,3.23
1761898699,0.101161,0.000000,-0.013171,0.03,3.23
1761898702,0.101161,0.000000,-0.013171,0.03,3.23
1761898705,0.101161,0.000000,-0.013171,0.03,3.23
1761898708,0.101161,0.000000,-0.013171,0.03,3.23
1761898711,0.101161,0.000000,-0.013171,0.03,3.23
1761898714,0.101161,0.000000,-0.013171,0.03,3.23
1761898717,0.101161,0.000000,-0.013171,0.03,3.23
1761898720,0.101161,0.000000,-0.013171,0.03,3.23
1761898723,0.101161,0.000000,-0.013171,0.03,3.23
1761898726,0.101161,0.000000,-0.013171,0.03,3.23
1761898729,0.101161,0.000000,-0.013171,0.03,3.23
1761898732,0.101161,0.000000,-0.013171,0.03,3.23
1761898735,0.101161,0.000000,-0.013171,0.03,3.23
1761898738,0.101161,0.000000,-0.013171,0.03,3.23
1761898741,0.101161,0.000000,-0.013171,0.03,3.23
1761898744,0.101161,0.000000,-0.013171,0.03,3.23
1761898747,0.101161,0.000000,-0.013171,0.03,3.23
1761898750,0.101161,0.000000,-0.013171,0.03,3.23
1761898753,0.101161,0.000000,-0.013171,0.03,3.23
1761898756,0.101161,0.000000,-0.013171,0.03,3.23
1761898759,0.101161,0.000000,-0.013171,0.03,3.23
1761898762,0.101161,0.000000,-0.013171,0.03,3.23
1761898765,0.101161,0.000000,-0.013171,0.03,3.23
1761898768,0.101161,0.000000,-0.013171,0.03,3.23
1761898771,0.101161,0.000000,-0.013171,0.03,3.23
1761898774,0.101161,0.000000,-0.013171,0.03,3.23
1761898777,0.101161,0.000000,-0.013171,0.03,3.23
1761898780,0.101161,0.000000,-0.013171,0.03,3.23
1761898783,0.101161,0.000000,-0.013171,0.03,3.23
1761898786,0.101161,0.000000,-0.013171,0.03,3.23
1761898789,0.101161,0.000000,-0.013171,0.03,3.23
1761898792,0.101161,0.000000,-0.013171,0.03,3.23
1761898795,0.101161,0.000000,-0.013171,0.03,3.23
1761898798,0.101161,0.000000,-0.013171,0.03,3.23
1761898801,0.101161,0.000000,-0.013171,0.03,3.23
1761898804,0.101161,0.000000,-0.013171,0.03,3.23
1761898807,0.101161,0.000000,-0.013171,0.03,3.23
1761898810,0.101161,0.000000,-0.013171,0.03,3.23
1761898813,0.101161,0.000000,-0.013171,0.03,3.23
1761898816,0.101161,0.000000,-0.013171,0.03,3.23
1761898819,0.101161,0.000000,-0.013171,0.03,3.23
1761898822,0.101161,0.000000,-0.013171,0.03,3.23
1761898825,0.101161,0.000000,-0.013171,0.03,3.23
1761898828,0.101161,0.000000,-0.013171,0.03,3.23
1761898831,0.101161,0.000000,-0.013171,0.03,3.23
1761898834,0.101161,0.000000,-0.013171,0.03,3.23
1761898837,0.101161,0.000000,-0.013171,0.03,3.23
1761898840,0.101161,0.000000,-0.013171,0.03,3.23
1761898843,0.101161,0.000000,-0.013171,0.03,3.23
1761898846,0.101161,0.000000,-0.013171,0.03,3.23
1761898849,0.101161,0.000000,-0.013171,0.03,3.23
1761898852,0.101161,0.000000,-0.013171,0.03,3.23
1761898855,0.101161,0.000000,-0.013171,0.03,3.23
1761898858,0.101161,0.000000,-0.013171,0.03,3.23
1761898861,0.101161,0.000000,-0.013171,0.03,3.23
1761898864,0.101161,0.000000,-0.013171,0.03,3.23
1761898867,0.101161,0.000000,-0.013171,0.03,3.23
1761898870,0.101161,0.000000,-0.013171,0.03,3.23
1761898873,0.101161,0.000000,-0.013171,0.03,3.23
1761898876,0.101161,0.000000,-0.013171,0.03,3.23
1761898879,0.101161,0.000000,-0.013171,0.03,3.23
1761898882,0.101161,0.000000,-0.013171,0.03,3.23
1761898885,0.101161,0.000000,-0.013171,0.03,3.23
1761898888,0.101161,0.000000,-0.013171,0.03,3.23
1761898891,0.101161,0.000000,-0.013171,0.03,3.23
1761898894,0.101161,0.000000,-0.013171,0.03,3.23
1761898897,0.101161,0.000000,-0.013171,0.03,3.23
1761898900,0.101161,0.000000,-0.013171,0.03,3.23
1761898903,0.101161,0.000000,-0.013171,0.03,3.23
1761898906,0.101161,0.000000,-0.013171,0.03,3.23
1761898909,0.101161,0.000000,-0.013171,0.03,3.23
1761898912,0.101161,0.000000,-0.013171,0.03,3.23
1761898915,0.101161,0.000000,-0.013171,0.03,3.23
1761898918,0.101161,0.000000,-0.013171,0.03,3.23
1761898921,0.101161,0.000000,-0.013171,0.03,3.23
1761898924,0.101161,0.000000,-0.013171,0.03,3.23
1761898927,0.101161,0.000000,-0.013171,0.03,3.23
1761898930,0.101161,0.000000,-0.013171,0.03,3.23
1761898933,0.101161,0.000000,-0.013171,0.03,3.23
1761898936,0.101161,0.000000,-0.013171,0.03,3.23
1761898939,0.101161,0.000000,-0.013171,0.03,3.23
1761898942,0.101161,0.000000,-0.013171,0.03,3.23
1761898945,0.101161,0.000000,-0.013171,0.03,3.23
1761898948,0.101161,0.000000,-0.013171,0.03,3.23
1761898951,0.101161,0.000000,-0.013171,0.03,3.23
1761898954,0.101161,0.000000,-0.013171,0.03,3.23
1761898957,0.101161,0.000000,-0.013171,0.03,3.23
1761898960,0.101161,0.000000,-0.013171,0.03,3.23
1761898963,0.101161,0.000000,-0.013171,0.03,3.23
1761898966,0.101161,0.000000,-0.013171,0.03,3.23
1761898969,0.101161,0.000000,-0.013171,0.03,3.23
1761898972,0.101161,0.000000,-0.013171,0.03,3.23
1761898975,0.101161,0.000000,-0.013171,0.03,3.23
1761898978,0.101161,0.000000,-0.013171,0.03,3.23
1761898981,0.101161,0.000000,-0.013171,0.03,3.23
1761898984,0.101161,0.000000,-0.013171,0.03,3.23
1761898987,0.101161,0.000000,-0.013171,0.03,3.23
1761898990,0.101161,0.000000,-0.013171,0.03,3.23
1761898993,0.101161,0.000000,-0.013171,0.03,3.23
1761898996,0.101161,0.000000,-0.013171,0.03,3.23
1761898999,0.101161,0.000000,-0.013171,0.03,3.23
1761899002,0.101161,0.000000,-0.013171,0.03,3.23
1761899005,0.101161,0.000000,-0.013171,0.03,3.23
1761899008,0.101161,0.000000,-0.013171,0.03,3.23
1761899011,0.101161,0.000000,-0.013171,0.03,3.23
1761899014,0.101161,0.000000,-0.013171,0.03,3.23
1761899017,0.101161,0.000000,-0.013171,0.03,3.23
1761899020,0.101161,0.000000,-0.013171,0.03,3.23
1761899023,0.101161,0.000000,-0.013171,0.03,3.23
1761899026,0.101161,0.000000,-0.013171,0.03,3.23
1761899029,0.101161,0.000000,-0.013171,0.03,3.23
1761899032,0.101161,0.000000,-0.013171,0.03,3.23
1761899035,0.101161,0.000000,-0.013171,0.03,3.23
1761899038,0.101161,0.000000,-0.013171,0.03,3.23
1761899041,0.101161,0.000000,-0.013171,0.03,3.23
1761899044,0.101161,0.000000,-0.013171,0.03,3.23
1761899047,0.101161,0.000000,-0.013171,0.03,3.23
1761899050,0.101161,0.000000,-0.013171,0.03,3.23
1761899053,0.101161,0.000000,-0.013171,0.03,3.23
1761899056,0.101161,0.000000,-0.013171,0.03,3.23
1761899059,0.101161,0.000000,-0.013171,0.03,3.23
1761899062,0.101161,0.000000,-0.013171,0.03,3.23
1761899065,0.101161,0.000000,-0.013171,0.03,3.23
1761899068,0.101161,0.000000,-0.013171,0.03,3.23
1761899071,0.101161,0.000000,-0.013171,0.03,3.23
1761899074,0.101161,0.000000,-0.013171,0.03,3.23
1761899077,0.101161,0.000000,-0.013171,0.03,3.23
1761899080,0.101161,0.000000,-0.013171,0.03,3.23
1761899083,0.101161,0.000000,-0.013171,0.03,3.23
1761899086,0.101161,0.000000,-0.013171,0.03,3.23
1761899089,0.101161,0.000000,-0.013171,0.03,3.23
1761899092,0.101161,0.000000,-0.013171,0.03,3.23
1761899095,0.101161,0.000000,-0.013171,0.03,3.23
1761899098,0.101161,0.000000,-0.013171,0.03,3.23
1761899101,0.101161,0.000000,-0.013171,0.03,3.23
1761899104,0.101161,0.000000,-0.013171,0.03,3.23
1761899107,0.101161,0.000000,-0.013171,0.03,3.23
1761899110,0.101161,0.000000,-0.013171,0.03,3.23
1761899113,0.101161,0.000000,-0.013171,0.03,3.23
1761899116,0.101161,0.000000,-0.013171,0.03,3.23
1761899119,0.101161,0.000000,-0.013171,0.03,3.23
1761899122,0.101161,0.000000,-0.013171,0.03,3.23
1761899125,0.101161,0.000000,-0.013171,0.03,3.23
1761899128,0.101161,0.000000,-0.013171,0.03,3.23
1761899131,0.101161,0.000000,-0.013171,0.03,3.23
1761899134,0.101161,0.000000,-0.013171,0.03,3.23
1761899137,0.101161,0.000000,-0.013171,0.03,3.23
1761899140,0.101161,0.000000,-0.013171,0.03,3.23
1761899143,0.101161,0.000000,-0.013171,0.03,3.23
1761899146,0.101161,0.000000,-0.013171,0.03,3.23
1761899149,0.101161,0.000000,-0.013171,0.03,3.23
1761899152,0.101161,0.000000,-0.013171,0.03,3.23
1761899155,0.101161,0.000000,-0.013171,0.03,3.23
1761899158,0.101161,0.000000,-0.013171,0.03,3.23
1761899161,0.101161,0.000000,-0.013171,0.03,3.23
1761899164,0.101161,0.000000,-0.013171,0.03,3.23
1761899167,0.101161,0.000000,-0.013171,0.03,3.23
1761899170,0.101161,0.000000,-0.013171,0.03,3.23
1761899173,0.101161,0.000000,-0.013171,0.03,3.23
1761899176,0.101161,0.000000,-0.013171,0.03,3.23
1761899179,0.101161,0.000000,-0.013171,0.03,3.23
1761899182,0.101161,0.000000,-0.013171,0.03,3.23
1761899185,0.101161,0.000000,-0.013171,0.03,3.23
1761899188,0.101161,0.000000,-0.013171,0.03,3.23
1761899191,0.101161,0.000000,-0.013171,0.03,3.23
1761899194,0.101161,0.000000,-0.013171,0.03,3.23
1761899197,0.101161,0.000000,-0.013171,0.03,3.23
1761899200,0.101161,0.000000,-0.013171,0.03,3.23
1761899203,0.101161,0.000000,-0.013171,0.03,3.23
1761899206,0.101161,0.000000,-0.013171,0.03,3.23
1761899209,0.101161,0.000000,-0.013171,0.03,3.23
1761899212,0.101161,0.000000,-0.013171,0.03,3.23
1761899215,0.101161,0.000000,-0.013171,0.03,3.23
1761899218,0.101161,0.000000,-0.013171,0.03,3.23
1761899221,0.101161,0.000000,-0.013171,0.03,3.23
1761899224,0.101161,0.000000,-0.013171,0.03,3.23
1761899227,0.101161,0.000000,-0.013171,0.03,3.23
1761899230,0.101161,0.000000,-0.013171,0.03,3.23
1761899233,0.101161,0.000000,-0.013171,0.03,3.23
1761899236,0.101161,0.000000,-0.013171,0.03,3.23
1761899239,0.101161,0.000000,-0.013171,0.03,3.23
1761899242,0.101161,0.000000,-0.013171,0.03,3.23
1761899245,0.101161,0.000000,-0.013171,0.03,3.23
1761899248,0.101161,0.000000,-0.013171,0.03,3.23
1761899251,0.101161,0.000000,-0.013171,0.03,3.23
1761899254,0.101161,0.000000,-0.013171,0.03,3.23
1761899257,0.101161,0.000000,-0.013171,0.03,3.23
1761899260,0.101161,0.000000,-0.013171,0.03,3.23
1761899263,0.101161,0.000000,-0.013171,0.03,3.23
1761899266,0.101161,0.000000,-0.013171,0.03,3.23
1761899269,0.101161,0.000000,-0.013171,0.03,3.23
1761899272,0.101161,0.000000,-0.013171,0.03,3.23
1761899275,0.101161,0.000000,-0.013171,0.03,3.23
1761899278,0.101161,0.000000,-0.013171,0.03,3.23
1761899281,0.101161,0.000000,-0.013171,0.03,3.23
1761899284,0.101161,0.000000,-0.013171,0.03,3.23
1761899287,0.101161,0.000000,-0.013171,0.03,3.23
1761899290,0.101161,0.000000,-0.013171,0.03,3.23
1761899293,0.101161,0.000000,-0.013171,0.03,3.23
1761899296,0.101161,0.000000,-0.013171,0.03,3.23
1761899299,0.101161,0.000000,-0.013171,0.03,3.23
1761899302,0.101161,0.000000,-0.013171,0.03,3.23
1761899305,0.101161,0.000000,-0.013171,0.03,3.23
1761899308,0.101161,0.000000,-0.013171,0.03,3.23
1761899311,0.101161,0.000000,-0.013171,0.03,3.23
1761899314,0.101161,0.000000,-0.013171,0.03,3.23
1761899317,0.101161,0.000000,-0.013171,0.03,3.23
1761899320,0.101161,0.000000,-0.013171,0.03,3.23
1761899323,0.101161,0.000000,-0.013171,0.03,3.23
1761899326,0.101161,0.000000,-0.013171,0.03,3.23
1761899329,0.101161,0.000000,-0.013171,0.03,3.23
1761899332,0.101161,0.000000,-0.013171,0.03,3.23
1761899335,0.101161,0.000000,-0.013171,0.03,3.23
1761899338,0.101161,0.000000,-0.013171,0.03,3.23
1761899341,0.101161,0.000000,-0.013171,0.03,3.23
1761899344,0.101161,0.000000,-0.013171,0.03,3.23
1761899347,0.101161,0.000000,-0.013171,0.03,3.23
1761899350,0.101161,0.000000,-0.013171,0.03,3.23
1761899353,0.101161,0.000000,-0.013171,0.03,3.23
1761899356,0.101161,0.000000,-0.013171,0.03,3.23
1761899359,0.101161,0.000000,-0.013171,0.03,3.23
1761899362,0.101161,0.000000,-0.013171,0.03,3.23
1761899365,0.101161,0.000000,-0.013171,0.03,3.23
1761899368,0.101161,0.000000,-0.013171,0.03,3.23
1761899371,0.101161,0.000000,-0.013171,0.03,3.23
1761899374,0.101161,0.000000,-0.013171,0.03,3.23
1761899377,0.101161,0.000000,-0.013171,0.03,3.23
1761899380,0.101161,0.000000,-0.013171,0.03,3.23
1761899383,0.101161,0.000000,-0.013171,0.03,3.23
1761899386,0.101161,0.000000,-0.013171,0.03,3.23
1761899389,0.101161,0.000000,-0.013171,0.03,3.23
1761899392,0.101161,0.000000,-0.013171,0.03,3.23
1761899395,0.101161,0.000000,-0.013171,0.03,3.23
1761899398,0.101161,0.000000,-0.013171,0.03,3.23
1761899401,0.101161,0.000000,-0.013171,0.03,3.23
1761899404,0.101161,0.000000,-0.013171,0.03,3.23
1761899407,0.101161,0.000000,-0.013171,0.03,3.23
1761899410,0.101161,0.000000,-0.013171,0.03,3.23
1761899413,0.101161,0.000000,-0.013171,0.03,3.23
1761899416,0.101161,0.000000,-0.013171,0.03,3.23
1761899419,0.101161,0.000000,-0.013171,0.03,3.23
1761899422,0.101161,0.000000,-0.013171,0.03,3.23
1761899425,0.101161,0.000000,-0.013171,0.03,3.23
1761899428,0.101161,0.000000,-0.013171,0.03,3.23
1761899431,0.101161,0.000000,-0.013171,0.03,3.23
1761899434,0.101161,0.000000,-0.013171,0.03,3.23
1761899437,0.101161,0.000000,-0.013171,0.03,3.23
1761899440,0.101161,0.000000,-0.013171,0.03,3.23
1761899443,0.101161,0.000000,-0.013171,0.03,3.23
1761899446,0.101161,0.000000,-0.013171,0.03,3.23
1761899449,0.101161,0.000000,-0.013171,0.03,3.23
1761899452,0.101161,0.000000,-0.013171,0.03,3.23
1761899455,0.101161,0.000000,-0.013171,0.03,3.23
1761899458,0.101161,0.000000,-0.013171,0.03,3.23
1761899461,0.101161,0.000000,-0.013171,0.03,3.23
1761899464,0.101161,0.000000,-0.013171,0.03,3.23
1761899467,0.101161,0.000000,-0.013171,0.03,3.23
1761899470,0.101161,0.000000,-0.013171,0.03,3.23
1761899473,0.101161,0.000000,-0.013171,0.03,3.23
1761899476,0.101161,0.000000,-0.013171,0.03,3.23
1761899479,0.101161,0.000000,-0.013171,0.03,3.23
1761899482,0.101161,0.000000,-0.013171,0.03,3.23
1761899485,0.101161,0.000000,-0.013171,0.03,3.23
1761899488,0.101161,0.000000,-0.013171,0.03,3.23
1761899491,0.101161,0.000000,-0.013171,0.03,3.23
1761899494,0.101161,0.000000,-0.013171,0.03,3.23
1761899497,0.101161,0.000000,-0.013171,0.03,3.23
1761899500,0.101161,0.000000,-0.013171,0.03,3.23
1761899503,0.101161,0.000000,-0.013171,0.03,3.23
1761899506,0.101161,0.000000,-0.013171,0.03,3.23
1761899509,0.101161,0.000000,-0.013171,0.03,3.23
1761899512,0.101161,0.000000,-0.013171,0.03,3.23
1761899515,0.101161,0.000000,-0.013171,0.03,3.23
1761899518,0.101161,0.000000,-0.013171,0.03,3.23
1761899521,0.101161,0.000000,-0.013171,0.03,3.23
1761899524,0.101161,0.000000,-0.013171,0.03,3.23
1761899527,0.101161,0.000000,-0.013171,0.03,3.23
1761899530,0.101161,0.000000,-0.013171,0.03,3.23
1761899533,0.101161,0.000000,-0.013171,0.03,3.23
1761899536,0.101161,0.000000,-0.013171,0.03,3.23
1761899539,0.101161,0.000000,-0.013171,0.03,3.23
1761899542,0.101161,0.000000,-0.013171,0.03,3.23
1761899545,0.101161,0.000000,-0.013171,0.03,3.23
1761899548,0.101161,0.000000,-0.013171,0.03,3.23
1761899551,0.101161,0.000000,-0.013171,0.03,3.23
1761899554,0.101161,0.000000,-0.013171,0.03,3.23
1761899557,0.101161,0.000000,-0.013171,0.03,3.23
1761899560,0.101161,0.000000,-0.013171,0.03,3.23
1761899563,0.101161,0.000000,-0.013171,0.03,3.23
1761899566,0.101161,0.000000,-0.013171,0.03,3.23
1761899569,0.101161,0.000000,-0.013171,0.03,3.23
1761899572,0.101161,0.000000,-0.013171,0.03,3.23
1761899575,0.101161,0.000000,-0.013171,0.03,3.23
1761899578,0.101161,0.000000,-0.013171,0.03,3.23
1761899581,0.101161,0.000000,-0.013171,0.03,3.23
1761899584,0.101161,0.000000,-0.013171,0.03,3.23
1761899587,0.101161,0.000000,-0.013171,0.03,3.23
1761899590,0.101161,0.000000,-0.013171,0.03,3.23
1761899593,0.101161,0.000000,-0.013171,0.03,3.23
1761899596,0.101161,0.000000,-0.013171,0.03,3.23
1761899599,0.101161,0.000000,-0.013171,0.03,3.23
1761899602,0.101161,0.000000,-0.013171,0.03,3.23
1761899605,0.101161,0.000000,-0.013171,0.03,3.23
1761899608,0.101161,0.000000,-0.013171,0.03,3.23
1761899611,0.101161,0.000000,-0.013171,0.03,3.23
1761899614,0.101161,0.000000,-0.013171,0.03,3.23
1761899617,0.101161,0.000000,-0.013171,0.03,3.23
1761899620,0.101161,0.000000,-0.013171,0.03,3.23
1761899623,0.101161,0.000000,-0.013171,0.03,3.23
1761899626,0.101161,0.000000,-0.013171,0.03,3.23
1761899629,0.101161,0.000000,-0.013171,0.03,3.23
1761899632,0.101161,0.000000,-0.013171,0.03,3.23
1761899635,0.101161,0.000000,-0.013171,0.03,3.23
1761899638,0.101161,0.000000,-0.013171,0.03,3.23
1761899641,0.101161,0.000000,-0.013171,0.03,3.23
1761899644,0.101161,0.000000,-0.013171,0.03,3.23
1761899647,0.101161,0.000000,-0.013171,0.03,3.23
1761899650,0.101161,0.000000,-0.013171,0.03,3.23
1761899653,0.101161,0.000000,-0.013171,0.03,3.23
1761899656,0.101161,0.000000,-0.013171,0.03,3.23
1761899659,0.101161,0.000000,-0.013171,0.03,3.23
1761899662,0.101161,0.000000,-0.013171,0.03,3.23
1761899665,0.101161,0.000000,-0.013171,0.03,3.23
1761899668,0.101161,0.000000,-0.013171,0.03,3.23
1761899671,0.101161,0.000000,-0.013171,0.03,3.23
1761899674,0.101161,0.000000,-0.013171,0.03,3.23
1761899677,0.101161,0.000000,-0.013171,0.03,3.23
1761899680,0.101161,0.000000,-0.013171,0.03,3.23
1761899683,0.101161,0.000000,-0.013171,0.03,3.23
1761899686,0.101161,0.000000,-0.013171,0.03,3.23
1761899689,0.101161,0.000000,-0.013171,0.03,3.23
1761899692,0.101161,0.000000,-0.013171,0.03,3.23
1761899695,0.101161,0.000000,-0.013171,0.03,3.23
1761899698,0.101161,0.000000,-0.013171,0.03,3.23
1761899701,0.101161,0.000000,-0.013171,0.03,3.23
1761899704,0.101161,0.000000,-0.013171,0.03,3.23
1761899707,0.101161,0.000000,-0.013171,0.03,3.23
1761899710,0.101161,0.000000,-0.013171,0.03,3.23
1761899713,0.101161,0.000000,-0.013171,0.03,3.23
1761899716,0.101161,0.000000,-0.013171,0.03,3.23
1761899719,0.101161,0.000000,-0.013171,0.03,3.23
1761899722,0.101161,0.000000,-0.013171,0.03,3.23
1761899725,0.101161,0.000000,-0.013171,0.03,3.23
1761899728,0.101161,0.000000,-0.013171,0.03,3.23
1761899731,0.101161,0.000000,-0.013171,0.03,3.23
1761899734,0.101161,0.000000,-0.013171,0.03,3.23
1761899737,0.101161,0.000000,-0.013171,0.03,3.23
1761899740,0.101161,0.000000,-0.013171,0.03,3.23
1761899743,0.101161,0.000000,-0.013171,0.03,3.23
1761899746,0.101161,0.000000,-0.013171,0.03,3.23
1761899749,0.101161,0.000000,-0.013171,0.03,3.23
1761899752,0.101161,0.000000,-0.013171,0.03,3.23
1761899755,0.101161,0.000000,-0.013171,0.03,3.23
1761899758,0.101161,0.000000,-0.013171,0.03,3.23
1761899761,0.101161,0.000000,-0.013171,0.03,3.23
1761899764,0.101161,0.000000,-0.013171,0.03,3.23
1761899767,0.101161,0.000000,-0.013171,0.03,3.23
1761899770,0.101161,0.000000,-0.013171,0.03,3.23
1761899773,0.101161,0.000000,-0.013171,0.03,3.23
1761899776,0.101161,0.000000,-0.013171,0.03,3.23
1761899779,0.101161,0.000000,-0.013171,0.03,3.23
1761899782,0.101161,0.000000,-0.013171,0.03,3.23
1761899785,0.101161,0.000000,-0.013171,0.03,3.23
1761899788,0.101161,0.000000,-0.013171,0.03,3.23
1761899791,0.101161,0.000000,-0.013171,0.03,3.23
1761899794,0.101161,0.000000,-0.013171,0.03,3.23
1761899797,0.101161,0.000000,-0.013171,0.03,3.23
1761899800,0.101161,0.000000,-0.013171,0.03,3.23
1761899803,0.101161,0.000000,-0.013171,0.03,3.23
1761899806,0.101161,0.000000,-0.013171,0.03,3.23
1761899809,0.101161,0.000000,-0.013171,0.03,3.23
1761899812,0.101161,0.000000,-0.013171,0.03,3.23
1761899815,0.101161,0.000000,-0.013171,0.03,3.23
1761899818,0.101161,0.000000,-0.013171,0.03,3.23
1761899821,0.101161,0.000000,-0.013171,0.03,3.23
1761899824,0.101161,0.000000,-0.013171,0.03,3.23
1761899827,0.101161,0.000000,-0.013171,0.03,3.23
1761899830,0.101161,0.000000,-0.013171,0.03,3.23
1761899833,0.101161,0.000000,-0.013171,0.03,3.23
1761899836,0.101161,0.000000,-0.013171,0.03,3.23
1761899839,0.101161,0.000000,-0.013171,0.03,3.23
1761899842,0.101161,0.000000,-0.013171,0.03,3.23
1761899845,0.101161,0.000000,-0.013171,0.03,3.23
1761899848,0.101161,0.000000,-0.013171,0.03,3.23
1761899851,0.101161,0.000000,-0.013171,0.03,3.23
1761899854,0.101161,0.000000,-0.013171,0.03,3.23
1761899857,0.101161,0.000000,-0.013171,0.03,3.23
1761899860,0.101161,0.000000,-0.013171,0.03,3.23
1761899863,0.101161,0.000000,-0.013171,0.03,3.23
1761899866,0.101161,0.000000,-0.013171,0.03,3.23
1761899869,0.101161,0.000000,-0.013171,0.03,3.23
1761899872,0.101161,0.000000,-0.013171,0.03,3.23
1761899875,0.101161,0.000000,-0.013171,0.03,3.23
1761899878,0.101161,0.000000,-0.013171,0.03,3.23
1761899881,0.101161,0.000000,-0.013171,0.03,3.23
1761899884,0.101161,0.000000,-0.013171,0.03,3.23
1761899887,0.101161,0.000000,-0.013171,0.03,3.23
1761899890,0.101161,0.000000,-0.013171,0.03,3.23
1761899893,0.101161,0.000000,-0.013171,0.03,3.23
1761899896,0.101161,0.000000,-0.013171,0.03,3.23
1761899899,0.101161,0.000000,-0.013171,0.03,3.23
1761899902,0.101161,0.000000,-0.013171,0.03,3.23
1761899905,0.101161,0.000000,-0.013171,0.03,3.23
1761899908,0.101161,0.000000,-0.013171,0.03,3.23
1761899911,0.101161,0.000000,-0.013171,0.03,3.23
1761899914,0.101161,0.000000,-0.013171,0.03,3.23
1761899917,0.101161,0.000000,-0.013171,0.03,3.23
1761899920,0.101161,0.000000,-0.013171,0.03,3.23
1761899923,0.101161,0.000000,-0.013171,0.03,3.23
1761899926,0.101161,0.000000,-0.013171,0.03,3.23
1761899929,0.101161,0.000000,-0.013171,0.03,3.23
1761899932,0.101161,0.000000,-0.013171,0.03,3.23
1761899935,0.101161,0.000000,-0.013171,0.03,3.23
1761899938,0.101161,0.000000,-0.013171,0.03,3.23
1761899941,0.101161,0.000000,-0.013171,0.03,3.23
1761899944,0.101161,0.000000,-0.013171,0.03,3.23
1761899947,0.101161,0.000000,-0.013171,0.03,3.23
1761899950,0.101161,0.000000,-0.013171,0.03,3.23
1761899953,0.101161,0.000000,-0.013171,0.03,3.23
1761899956,0.101161,0.000000,-0.013171,0.03,3.23
1761899959,0.101161,0.000000,-0.013171,0.03,3.23
1761899962,0.101161,0.000000,-0.013171,0.03,3.23
1761899965,0.101161,0.000000,-0.013171,0.03,3.23
1761899968,0.101161,0.000000,-0.013171,0.03,3.23
1761899971,0.101161,0.000000,-0.013171,0.03,3.23
1761899974,0.101161,0.000000,-0.013171,0.03,3.23
1761899977,0.101161,0.000000,-0.013171,0.03,3.23
1761899980,0.101161,0.000000,-0.013171,0.03,3.23
1761899983,0.101161,0.000000,-0.013171,0.03,3.23
1761899986,0.101161,0.000000,-0.013171,0.03,3.23
1761899989,0.101161,0.000000,-0.013171,0.03,3.23
1761899992,0.101161,0.000000,-0.013171,0.03,3.23
1761899995,0.101161,0.000000,-0.013171,0.03,3.23
1761899998,0.101161,0.000000,-0.013171,0.03,3.23
1761900001,0.101161,0.000000,-0.013171,0.03,3.23
1761900004,0.101161,0.000000,-0.013171,0.03,3.23
1761900007,0.101161,0.000000,-0.013171,0.03,3.23
1761900010,0.101161,0.000000,-0.013171,0.03,3.23
1761900013,0.101161,0.000000,-0.013171,0.03,3.23
1761900016,0.101161,0.000000,-0.013171,0.03,3.23
1761900019,0.101161,0.000000,-0.013171,0.03,3.23
1761900022,0.101161,0.000000,-0.013171,0.03,3.23
1761900025,0.101161,0.000000,-0.013171,0.03,3.23
1761900028,0.101161,0.000000,-0.013171,0.03,3.23
1761900031,0.101161,0.000000,-0.013171,0.03,3.23
1761900034,0.101161,0.000000,-0.013171,0.03,3.23
1761900037,0.101161,0.000000,-0.013171,0.03,3.23
1761900040,0.101161,0.000000,-0.013171,0.03,3.23
1761900043,0.101161,0.000000,-0.013171,0.03,3.23
1761900046,0.101161,0.000000,-0.013171,0.03,3.23
1761900049,0.101161,0.000000,-0.013171,0.03,3.23
1761900052,0.101161,0.000000,-0.013171,0.03,3.23
1761900055,0.101161,0.000000,-0.013171,0.03,3.23
1761900058,0.101161,0.000000,-0.013171,0.03,3.23
1761900061,0.101161,0.000000,-0.013171,0.03,3.23
1761900064,0.101161,0.000000,-0.013171,0.03,3.23
1761900067,0.101161,0.000000,-0.013171,0.03,3.23
1761900070,0.101161,0.000000,-0.013171,0.03,3.23
1761900073,0.101161,0.000000,-0.013171,0.03,3.23
1761900076,0.101161,0.000000,-0.013171,0.03,3.23
1761900079,0.101161,0.000000,-0.013171,0.03,3.23
1761900082,0.101161,0.000000,-0.013171,0.03,3.23
1761900085,0.101161,0.000000,-0.013171,0.03,3.23
1761900088,0.101161,0.000000,-0.013171,0.03,3.23
1761900091,0.101161,0.000000,-0.013171,0.03,3.23
1761900094,0.101161,0.000000,-0.013171,0.03,3.23
1761900097,0.101161,0.000000,-0.013171,0.03,3.23
1761900100,0.101161,0.000000,-0.013171,0.03,3.23
1761900103,0.101161,0.000000,-0.013171,0.03,3.23
1761900106,0.101161,0.000000,-0.013171,0.03,3.23
1761900109,0.101161,0.000000,-0.013171,0.03,3.23
1761900112,0.101161,0.000000,-0.013171,0.03,3.23
1761900115,0.101161,0.000000,-0.013171,0.03,3.23
1761900118,0.101161,0.000000,-0.013171,0.03,3.23
1761900121,0.101161,0.000000,-0.013171,0.03,3.23
1761900124,0.101161,0.000000,-0.013171,0.03,3.23
1761900127,0.101161,0.000000,-0.013171,0.03,3.23
1761900130,0.101161,0.000000,-0.013171,0.03,3.23
1761900133,0.101161,0.000000,-0.013171,0.03,3.23
1761900136,0.101161,0.000000,-0.013171,0.03,3.23
1761900139,0.101161,0.000000,-0.013171,0.03,3.23
1761900142,0.101161,0.000000,-0.013171,0.03,3.23
1761900145,0.101161,0.000000,-0.013171,0.03,3.23
1761900148,0.101161,0.000000,-0.013171,0.03,3.23
1761900151,0.101161,0.000000,-0.013171,0.03,3.23
1761900154,0.101161,0.000000,-0.013171,0.03,3.23
1761900157,0.101161,0.000000,-0.013171,0.03,3.23
1761900160,0.101161,0.000000,-0.013171,0.03,3.23
1761900163,0.101161,0.000000,-0.013171,0.03,3.23
1761900166,0.101161,0.000000,-0.013171,0.03,3.23
1761900169,0.101161,0.000000,-0.013171,0.03,3.23
1761900172,0.101161,0.000000,-0.013171,0.03,3.23
1761900175,0.101161,0.000000,-0.013171,0.03,3.23
1761900178,0.101161,0.000000,-0.013171,0.03,3.23
1761900181,0.101161,0.000000,-0.013171,0.03,3.23
1761900184,0.101161,0.000000,-0.013171,0.03,3.23
1761900187,0.101161,0.000000,-0.013171,0.03,3.23
1761900190,0.101161,0.000000,-0.013171,0.03,3.23
1761900193,0.101161,0.000000,-0.013171,0.03,3.23
1761900196,0.101161,0.000000,-0.013171,0.03,3.23
1761900199,0.101161,0.000000,-0.013171,0.03,3.23
1761900202,0.101161,0.000000,-0.013171,0.03,3.23
1761900205,0.101161,0.000000,-0.013171,0.03,3.23
1761900208,0.101161,0.000000,-0.013171,0.03,3.23
1761900211,0.101161,0.000000,-0.013171,0.03,3.23
1761900214,0.101161,0.000000,-0.013171,0.03,3.23
1761900217,0.101161,0.000000,-0.013171,0.03,3.23
1761900220,0.101161,0.000000,-0.013171,0.03,3.23
1761900223,0.101161,0.000000,-0.013171,0.03,3.23
1761900226,0.101161,0.000000,-0.013171,0.03,3.23
1761900229,0.101161,0.000000,-0.013171,0.03,3.23
1761900232,0.101161,0.000000,-0.013171,0.03,3.23
1761900235,0.101161,0.000000,-0.013171,0.03,3.23
1761900238,0.101161,0.000000,-0.013171,0.03,3.23
1761900241,0.101161,0.000000,-0.013171,0.03,3.23
1761900244,0.101161,0.000000,-0.013171,0.03,3.23
1761900247,0.101161,0.000000,-0.013171,0.03,3.23
1761900250,0.101161,0.000000,-0.013171,0.03,3.23
1761900253,0.101161,0.000000,-0.013171,0.03,3.23
1761900256,0.101161,0.000000,-0.013171,0.03,3.23
1761900259,0.101161,0.000000,-0.013171,0.03,3.23
1761900262,0.101161,0.000000,-0.013171,0.03,3.23
1761900265,0.101161,0.000000,-0.013171,0.03,3.23
1761900268,0.101161,0.000000,-0.013171,0.03,3.23
1761900271,0.101161,0.000000,-0.013171,0.03,3.23
1761900274,0.101161,0.000000,-0.013171,0.03,3.23
1761900277,0.101161,0.000000,-0.013171,0.03,3.23
1761900280,0.101161,0.000000,-0.013171,0.03,3.23
1761900283,0.101161,0.000000,-0.013171,0.03,3.23
1761900286,0.101161,0.000000,-0.013171,0.03,3.23
1761900289,0.101161,0.000000,-0.013171,0.03,3.23
1761900292,0.101161,0.000000,-0.013171,0.03,3.23
1761900295,0.101161,0.000000,-0.013171,0.03,3.23
1761900298,0.101161,0.000000,-0.013171,0.03,3.23
1761900301,0.101161,0.000000,-0.013171,0.03,3.23
1761900304,0.101161,0.000000,-0.013171,0.03,3.23
1761900307,0.101161,0.000000,-0.013171,0.03,3.23
1761900310,0.101161,0.000000,-0.013171,0.03,3.23
1761900313,0.101161,0.000000,-0.013171,0.03,3.23
1761900316,0.101161,0.000000,-0.013171,0.03,3.23
1761900319,0.101161,0.000000,-0.013171,0.03,3.23
1761900322,0.101161,0.000000,-0.013171,0.03,3.23
1761900325,0.101161,0.000000,-0.013171,0.03,3.23
1761900328,0.101161,0.000000,-0.013171,0.03,3.23
1761900331,0.101161,0.000000,-0.013171,0.03,3.23
1761900334,0.101161,0.000000,-0.013171,0.03,3.23
1761900337,0.101161,0.000000,-0.013171,0.03,3.23
1761900340,0.101161,0.000000,-0.013171,0.03,3.23
1761900343,0.101161,0.000000,-0.013171,0.03,3.23
1761900346,0.101161,0.000000,-0.013171,0.03,3.23
1761900349,0.101161,0.000000,-0.013171,0.03,3.23
1761900352,0.101161,0.000000,-0.013171,0.03,3.23
1761900355,0.101161,0.000000,-0.013171,0.03,3.23
1761900358,0.101161,0.000000,-0.013171,0.03,3.23
1761900361,0.101161,0.000000,-0.013171,0.03,3.23
1761900364,0.101161,0.000000,-0.013171,0.03,3.23
1761900367,0.101161,0.000000,-0.013171,0.03,3.23
1761900370,0.101161,0.000000,-0.013171,0.03,3.23
1761900373,0.101161,0.000000,-0.013171,0.03,3.23
1761900376,0.101161,0.000000,-0.013171,0.03,3.23
1761900379,0.101161,0.000000,-0.013171,0.03,3.23
1761900382,0.101161,0.000000,-0.013171,0.03,3.23
1761900385,0.101161,0.000000,-0.013171,0.03,3.23
1761900388,0.101161,0.000000,-0.013171,0.03,3.23
1761900391,0.101161,0.000000,-0.013171,0.03,3.23
1761900394,0.101161,0.000000,-0.013171,0.03,3.23
1761900397,0.101161,0.000000,-0.013171,0.03,3.23
1761900400,0.101161,0.000000,-0.013171,0.03,3.23
1761900403,0.101161,0.000000,-0.013171,0.03,3.23
1761900406,0.101161,0.000000,-0.013171,0.03,3.23
1761900409,0.101161,0.000000,-0.013171,0.03,3.23
1761900412,0.101161,0.000000,-0.013171,0.03,3.23
1761900415,0.101161,0.000000,-0.013171,0.03,3.23
1761900418,0.101161,0.000000,-0.013171,0.03,3.23
1761900421,0.101161,0.000000,-0.013171,0.03,3.23
1761900424,0.101161,0.000000,-0.013171,0.03,3.23
1761900427,0.101161,0.000000,-0.013171,0.03,3.23
1761900430,0.101161,0.000000,-0.013171,0.03,3.23
1761900433,0.101161,0.000000,-0.013171,0.03,3.23
1761900436,0.101161,0.000000,-0.013171,0.03,3.23
1761900439,0.101161,0.000000,-0.013171,0.03,3.23
1761900442,0.101161,0.000000,-0.013171,0.03,3.23
1761900445,0.101161,0.000000,-0.013171,0.03,3.23
1761900448,0.101161,0.000000,-0.013171,0.03,3.23
1761900451,0.101161,0.000000,-0.013171,0.03,3.23
1761900454,0.101161,0.000000,-0.013171,0.03,3.23
1761900457,0.101161,0.000000,-0.013171,0.03,3.23
1761900460,0.101161,0.000000,-0.013171,0.03,3.23
1761900463,0.101161,0.000000,-0.013171,0.03,3.23
1761900466,0.101161,0.000000,-0.013171,0.03,3.23
1761900469,0.101161,0.000000,-0.013171,0.03,3.23
1761900472,0.101161,0.000000,-0.013171,0.03,3.23
1761900475,0.101161,0.000000,-0.013171,0.03,3.23
1761900478,0.101161,0.000000,-0.013171,0.03,3.23
1761900481,0.101161,0.000000,-0.013171,0.03,3.23
1761900484,0.101161,0.000000,-0.013171,0.03,3.23
1761900487,0.101161,0.000000,-0.013171,0.03,3.23
1761900490,0.101161,0.000000,-0.013171,0.03,3.23
1761900493,0.101161,0.000000,-0.013171,0.03,3.23
1761900496,0.101161,0.000000,-0.013171,0.03,3.23
1761900499,0.101161,0.000000,-0.013171,0.03,3.23
1761900502,0.101161,0.000000,-0.013171,0.03,3.23
1761900505,0.101161,0.000000,-0.013171,0.03,3.23
1761900508,0.101161,0.000000,-0.013171,0.03,3.23
1761900511,0.101161,0.000000,-0.013171,0.03,3.23
1761900514,0.101161,0.000000,-0.013171,0.03,3.23
1761900517,0.101161,0.000000,-0.013171,0.03,3.23
1761900520,0.101161,0.000000,-0.013171,0.03,3.23
1761900523,0.101161,0.000000,-0.013171,0.03,3.23
1761900526,0.101161,0.000000,-0.013171,0.03,3.23
1761900529,0.101161,0.000000,-0.013171,0.03,3.23
1761900532,0.101161,0.000000,-0.013171,0.03,3.23
1761900535,0.101161,0.000000,-0.013171,0.03,3.23
1761900538,0.101161,0.000000,-0.013171,0.03,3.23
1761900541,0.101161,0.000000,-0.013171,0.03,3.23
1761900544,0.101161,0.000000,-0.013171,0.03,3.23
1761900547,0.101161,0.000000,-0.013171,0.03,3.23
1761900550,0.101161,0.000000,-0.013171,0.03,3.23
1761900553,0.101161,0.000000,-0.013171,0.03,3.23
1761900556,0.101161,0.000000,-0.013171,0.03,3.23
1761900559,0.101161,0.000000,-0.013171,0.03,3.23
1761900562,0.101161,0.000000,-0.013171,0.03,3.23
1761900565,0.101161,0.000000,-0.013171,0.03,3.23
1761900568,0.101161,0.000000,-0.013171,0.03,3.23
1761900571,0.101161,0.000000,-0.013171,0.03,3.23
1761900574,0.101161,0.000000,-0.013171,0.03,3.23
1761900577,0.101161,0.000000,-0.013171,0.03,3.23
1761900580,0.101161,0.000000,-0.013171,0.03,3.23
1761900583,0.101161,0.000000,-0.013171,0.03,3.23
1761900586,0.101161,0.000000,-0.013171,0.03,3.23
1761900589,0.101161,0.000000,-0.013171,0.03,3.23
1761900592,0.101161,0.000000,-0.013171,0.03,3.23
1761900595,0.101161,0.000000,-0.013171,0.03,3.23
1761900598,0.101161,0.000000,-0.013171,0.03,3.23
1761900601,0.101161,0.000000,-0.013171,0.03,3.23
1761900604,0.101161,0.000000,-0.013171,0.03,3.23
1761900607,0.101161,0.000000,-0.013171,0.03,3.23
1761900610,0.101161,0.000000,-0.013171,0.03,3.23
1761900613,0.101161,0.000000,-0.013171,0.03,3.23
1761900616,0.101161,0.000000,-0.013171,0.03,3.23
1761900619,0.101161,0.000000,-0.013171,0.03,3.23
1761900622,0.101161,0.000000,-0.013171,0.03,3.23
1761900625,0.101161,0.000000,-0.013171,0.03,3.23
1761900628,0.101161,0.000000,-0.013171,0.03,3.23
1761900631,0.101161,0.000000,-0.013171,0.03,3.23
1761900634,0.101161,0.000000,-0.013171,0.03,3.23
1761900637,0.101161,0.000000,-0.013171,0.03,3.23
1761900640,0.101161,0.000000,-0.013171,0.03,3.23
1761900643,0.101161,0.000000,-0.013171,0.03,3.23
1761900646,0.101161,0.000000,-0.013171,0.03,3.23
1761900649,0.101161,0.000000,-0.013171,0.03,3.23
1761900652,0.101161,0.000000,-0.013171,0.03,3.23
1761900655,0.101161,0.000000,-0.013171,0.03,3.23
1761900658,0.101161,0.000000,-0.013171,0.03,3.23
1761900661,0.101161,0.000000,-0.013171,0.03,3.23
1761900664,0.101161,0.000000,-0.013171,0.03,3.23
1761900667,0.101161,0.000000,-0.013171,0.03,3.23
1761900670,0.101161,0.000000,-0.013171,0.03,3.23
1761900673,0.101161,0.000000,-0.013171,0.03,3.23
1761900676,0.101161,0.000000,-0.013171,0.03,3.23
1761900679,0.101161,0.000000,-0.013171,0.03,3.23
1761900682,0.101161,0.000000,-0.013171,0.03,3.23
1761900685,0.101161,0.000000,-0.013171,0.03,3.23
1761900688,0.101161,0.000000,-0.013171,0.03,3.23
1761900691,0.101161,0.000000,-0.013171,0.03,3.23
1761900694,0.101161,0.000000,-0.013171,0.03,3.23
1761900697,0.101161,0.000000,-0.013171,0.03,3.23
1761900700,0.101161,0.000000,-0.013171,0.03,3.23
1761900703,0.101161,0.000000,-0.013171,0.03,3.23
1761900706,0.101161,0.000000,-0.013171,0.03,3.23
1761900709,0.101161,0.000000,-0.013171,0.03,3.23
1761900712,0.101161,0.000000,-0.013171,0.03,3.23
1761900715,0.101161,0.000000,-0.013171,0.03,3.23
1761900718,0.101161,0.000000,-0.013171,0.03,3.23
1761900721,0.101161,0.000000,-0.013171,0.03,3.23
1761900724,0.101161,0.000000,-0.013171,0.03,3.23
1761900727,0.101161,0.000000,-0.013171,0.03,3.23
1761900730,0.101161,0.000000,-0.013171,0.03,3.23
1761900733,0.101161,0.000000,-0.013171,0.03,3.23
1761900736,0.101161,0.000000,-0.013171,0.03,3.23
1761900739,0.101161,0.000000,-0.013171,0.03,3.23
1761900742,0.101161,0.000000,-0.013171,0.03,3.23
1761900745,0.101161,0.000000,-0.013171,0.03,3.23
1761900748,0.101161,0.000000,-0.013171,0.03,3.23
1761900751,0.101161,0.000000,-0.013171,0.03,3.23
1761900754,0.101161,0.000000,-0.013171,0.03,3.23
1761900757,0.101161,0.000000,-0.013171,0.03,3.23
1761900760,0.101161,0.000000,-0.013171,0.03,3.23
1761900763,0.101161,0.000000,-0.013171,0.03,3.23
1761900766,0.101161,0.000000,-0.013171,0.03,3.23
1761900769,0.101161,0.000000,-0.013171,0.03,3.23
1761900772,0.101161,0.000000,-0.013171,0.03,3.23
1761900775,0.101161,0.000000,-0.013171,0.03,3.23
1761900778,0.101161,0.000000,-0.013171,0.03,3.23
1761900781,0.101161,0.000000,-0.013171,0.03,3.23
1761900784,0.101161,0.000000,-0.013171,0.03,3.23
1761900787,0.101161,0.000000,-0.013171,0.03,3.23
1761900790,0.101161,0.000000,-0.013171,0.03,3.23
1761900793,0.101161,0.000000,-0.013171,0.03,3.23
1761900796,0.101161,0.000000,-0.013171,0.03,3.23
1761900799,0.101161,0.000000,-0.013171,0.03,3.23
1761900802,0.101161,0.000000,-0.013171,0.03,3.23
1761900805,0.101161,0.000000,-0.013171,0.03,3.23
1761900808,0.101161,0.000000,-0.013171,0.03,3.23
1761900811,0.101161,0.000000,-0.013171,0.03,3.23
1761900814,0.101161,0.000000,-0.013171,0.03,3.23
1761900817,0.101161,0.000000,-0.013171,0.03,3.23
1761900820,0.101161,0.000000,-0.013171,0.03,3.23
1761900823,0.101161,0.000000,-0.013171,0.03,3.23
1761900826,0.101161,0.000000,-0.013171,0.03,3.23
1761900829,0.101161,0.000000,-0.013171,0.03,3.23
1761900832,0.101161,0.000000,-0.013171,0.03,3.23
1761900835,0.101161,0.000000,-0.013171,0.03,3.23
1761900838,0.101161,0.000000,-0.013171,0.03,3.23
1761900841,0.101161,0.000000,-0.013171,0.03,3.23
1761900844,0.101161,0.000000,-0.013171,0.03,3.23
1761900847,0.101161,0.000000,-0.013171,0.03,3.23
1761900850,0.101161,0.000000,-0.013171,0.03,3.23
1761900853,0.101161,0.000000,-0.013171,0.03,3.23
1761900856,0.101161,0.000000,-0.013171,0.03,3.23
1761900859,0.101161,0.000000,-0.013171,0.03,3.23
1761900862,0.101161,0.000000,-0.013171,0.03,3.23
1761900865,0.101161,0.000000,-0.013171,0.03,3.23
1761900868,0.101161,0.000000,-0.013171,0.03,3.23
1761900871,0.101161,0.000000,-0.013171,0.03,3.23
1761900874,0.101161,0.000000,-0.013171,0.03,3.23
1761900877,0.101161,0.000000,-0.013171,0.03,3.23
1761900880,0.101161,0.000000,-0.013171,0.03,3.23
1761900883,0.101161,0.000000,-0.013171,0.03,3.23
1761900886,0.101161,0.000000,-0.013171,0.03,3.23
1761900889,0.101161,0.000000,-0.013171,0.03,3.23
1761900892,0.101161,0.000000,-0.013171,0.03,3.23
1761900895,0.101161,0.000000,-0.013171,0.03,3.23
1761900898,0.101161,0.000000,-0.013171,0.03,3.23
1761900901,0.101161,0.000000,-0.013171,0.03,3.23
1761900904,0.101161,0.000000,-0.013171,0.03,3.23
1761900907,0.101161,0.000000,-0.013171,0.03,3.23
1761900910,0.101161,0.000000,-0.013171,0.03,3.23
1761900913,0.101161,0.000000,-0.013171,0.03,3.23
1761900916,0.101161,0.000000,-0.013171,0.03,3.23
1761900919,0.101161,0.000000,-0.013171,0.03,3.23
1761900922,0.101161,0.000000,-0.013171,0.03,3.23
1761900925,0.101161,0.000000,-0.013171,0.03,3.23
1761900928,0.101161,0.000000,-0.013171,0.03,3.23
1761900931,0.101161,0.000000,-0.013171,0.03,3.23
1761900934,0.101161,0.000000,-0.013171,0.03,3.23
1761900937,0.101161,0.000000,-0.013171,0.03,3.23
1761900940,0.101161,0.000000,-0.013171,0.03,3.23
1761900943,0.101161,0.000000,-0.013171,0.03,3.23
1761900946,0.101161,0.000000,-0.013171,0.03,3.23
1761900949,0.101161,0.000000,-0.013171,0.03,3.23
1761900952,0.101161,0.000000,-0.013171,0.03,3.23
1761900955,0.101161,0.000000,-0.013171,0.03,3.23
1761900958,0.101161,0.000000,-0.013171,0.03,3.23
1761900961,0.101161,0.000000,-0.013171,0.03,3.23
1761900964,0.101161,0.000000,-0.013171,0.03,3.23
1761900967,0.101161,0.000000,-0.013171,0.03,3.23
1761900970,0.101161,0.000000,-0.013171,0.03,3.23
1761900973,0.101161,0.000000,-0.013171,0.03,3.23
1761900976,0.101161,0.000000,-0.013171,0.03,3.23
1761900979,0.101161,0.000000,-0.013171,0.03,3.23
1761900982,0.101161,0.000000,-0.013171,0.03,3.23
1761900985,0.101161,0.000000,-0.013171,0.03,3.23
1761900988,0.101161,0.000000,-0.013171,0.03,3.23
1761900991,0.101161,0.000000,-0.013171,0.03,3.23
1761900994,0.101161,0.000000,-0.013171,0.03,3.23
1761900997,0.101161,0.000000,-0.013171,0.03,3.23
1761901000,0.101161,0.000000,-0.013171,0.03,3.23
1761901003,0.101161,0.000000,-0.013171,0.03,3.23
1761901006,0.101161,0.000000,-0.013171,0.03,3.23
1761901009,0.101161,0.000000,-0.013171,0.03,3.23
1761901012,0.101161,0.000000,-0.013171,0.03,3.23
1761901015,0.101161,0.000000,-0.013171,0.03,3.23
1761901018,0.101161,0.000000,-0.013171,0.03,3.23
1761901021,0.101161,0.000000,-0.013171,0.03,3.23
1761901024,0.101161,0.000000,-0.013171,0.03,3.23
1761901027,0.101161,0.000000,-0.013171,0.03,3.23
1761901030,0.101161,0.000000,-0.013171,0.03,3.23
1761901033,0.101161,0.000000,-0.013171,0.03,3.23
1761901036,0.101161,0.000000,-0.013171,0.03,3.23
1761901039,0.101161,0.000000,-0.013171,0.03,3.23
1761901042,0.101161,0.000000,-0.013171,0.03,3.23
1761901045,0.101161,0.000000,-0.013171,0.03,3.23
1761901048,0.101161,0.000000,-0.013171,0.03,3.23
1761901051,0.101161,0.000000,-0.013171,0.03,3.23
1761901054,0.101161,0.000000,-0.013171,0.03,3.23
1761901057,0.101161,0.000000,-0.013171,0.03,3.23
1761901060,0.101161,0.000000,-0.013171,0.03,3.23
1761901063,0.101161,0.000000,-0.013171,0.03,3.23
1761901066,0.101161,0.000000,-0.013171,0.03,3.23
1761901069,0.101161,0.000000,-0.013171,0.03,3.23
1761901072,0.101161,0.000000,-0.013171,0.03,3.23
1761901075,0.101161,0.000000,-0.013171,0.03,3.23
1761901078,0.101161,0.000000,-0.013171,0.03,3.23
1761901081,0.101161,0.000000,-0.013171,0.03,3.23
1761901084,0.101161,0.000000,-0.013171,0.03,3.23
1761901087,0.101161,0.000000,-0.013171,0.03,3.23
1761901090,0.101161,0.000000,-0.013171,0.03,3.23
1761901093,0.101161,0.000000,-0.013171,0.03,3.23
1761901096,0.101161,0.000000,-0.013171,0.03,3.23
1761901099,0.101161,0.000000,-0.013171,0.03,3.23
1761901102,0.101161,0.000000,-0.013171,0.03,3.23
1761901105,0.101161,0.000000,-0.013171,0.03,3.23
1761901108,0.101161,0.000000,-0.013171,0.03,3.23
1761901111,0.101161,0.000000,-0.013171,0.03,3.23
1761901114,0.101161,0.000000,-0.013171,0.03,3.23
1761901117,0.101161,0.000000,-0.013171,0.03,3.23
1761901120,0.101161,0.000000,-0.013171,0.03,3.23
1761901123,0.101161,0.000000,-0.013171,0.03,3.23
1761901126,0.101161,0.000000,-0.013171,0.03,3.23
1761901129,0.101161,0.000000,-0.013171,0.03,3.23
1761901132,0.101161,0.000000,-0.013171,0.03,3.23
1761901135,0.101161,0.000000,-0.013171,0.03,3.23
1761901138,0.101161,0.000000,-0.013171,0.03,3.23
1761901141,0.101161,0.000000,-0.013171,0.03,3.23
1761901144,0.101161,0.000000,-0.013171,0.03,3.23
1761901147,0.101161,0.000000,-0.013171,0.03,3.23
1761901150,0.101161,0.000000,-0.013171,0.03,3.23
1761901153,0.101161,0.000000,-0.013171,0.03,3.23
1761901156,0.101161,0.000000,-0.013171,0.03,3.23
1761901159,0.101161,0.000000,-0.013171,0.03,3.23
1761901162,0.101161,0.000000,-0.013171,0.03,3.23
1761901165,0.101161,0.000000,-0.013171,0.03,3.23
1761901168,0.101161,0.000000,-0.013171,0.03,3.23
1761901171,0.101161,0.000000,-0.013171,0.03,3.23
1761901174,0.101161,0.000000,-0.013171,0.03,3.23
1761901177,0.101161,0.000000,-0.013171,0.03,3.23
1761901180,0.101161,0.000000,-0.013171,0.03,3.23
1761901183,0.101161,0.000000,-0.013171,0.03,3.23
1761901186,0.101161,0.000000,-0.013171,0.03,3.23
1761901189,0.101161,0.000000,-0.013171,0.03,3.23
1761901192,0.101161,0.000000,-0.013171,0.03,3.23
1761901195,0.101161,0.000000,-0.013171,0.03,3.23
1761901198,0.101161,0.000000,-0.013171,0.03,3.23
1761901201,0.101161,0.000000,-0.013171,0.03,3.23
1761901204,0.101161,0.000000,-0.013171,0.03,3.23
1761901207,0.101161,0.000000,-0.013171,0.03,3.23
1761901210,0.101161,0.000000,-0.013171,0.03,3.23
1761901213,0.101161,0.000000,-0.013171,0.03,3.23
1761901216,0.101161,0.000000,-0.013171,0.03,3.23
1761901219,0.101161,0.000000,-0.013171,0.03,3.23
1761901222,0.101161,0.000000,-0.013171,0.03,3.23
1761901225,0.101161,0.000000,-0.013171,0.03,3.23
1761901228,0.101161,0.000000,-0.013171,0.03,3.23
1761901231,0.101161,0.000000,-0.013171,0.03,3.23
1761901234,0.101161,0.000000,-0.013171,0.03,3.23
1761901237,0.101161,0.000000,-0.013171,0.03,3.23
1761901240,0.101161,0.000000,-0.013171,0.03,3.23
1761901243,0.101161,0.000000,-0.013171,0.03,3.23
1761901246,0.101161,0.000000,-0.013171,0.03,3.23
1761901249,0.101161,0.000000,-0.013171,0.03,3.23
1761901252,0.101161,0.000000,-0.013171,0.03,3.23
1761901255,0.101161,0.000000,-0.013171,0.03,3.23
1761901258,0.101161,0.000000,-0.013171,0.03,3.23
1761901261,0.101161,0.000000,-0.013171,0.03,3.23
1761901264,0.101161,0.000000,-0.013171,0.03,3.23
1761901267,0.101161,0.000000,-0.013171,0.03,3.23
1761901270,0.101161,0.000000,-0.013171,0.03,3.23
1761901273,0.101161,0.000000,-0.013171,0.03,3.23
1761901276,0.101161,0.000000,-0.013171,0.03,3.23
1761901279,0.101161,0.000000,-0.013171,0.03,3.23
1761901282,0.101161,0.000000,-0.013171,0.03,3.23
1761901285,0.101161,0.000000,-0.013171,0.03,3.23
1761901288,0.101161,0.000000,-0.013171,0.03,3.23
1761901291,0.101161,0.000000,-0.013171,0.03,3.23
1761901294,0.101161,0.000000,-0.013171,0.03,3.23
1761901297,0.101161,0.000000,-0.013171,0.03,3.23
1761901300,0.101161,0.000000,-0.013171,0.03,3.23
1761901303,0.101161,0.000000,-0.013171,0.03,3.23
1761901306,0.101161,0.000000,-0.013171,0.03,3.23
1761901309,0.101161,0.000000,-0.013171,0.03,3.23
1761901312,0.101161,0.000000,-0.013171,0.03,3.23
1761901315,0.101161,0.000000,-0.013171,0.03,3.23
1761901318,0.101161,0.000000,-0.013171,0.03,3.23
1761901321,0.101161,0.000000,-0.013171,0.03,3.23
1761901324,0.101161,0.000000,-0.013171,0.03,3.23
1761901327,0.101161,0.000000,-0.013171,0.03,3.23
1761901330,0.101161,0.000000,-0.013171,0.03,3.23
1761901333,0.101161,0.000000,-0.013171,0.03,3.23
1761901336,0.101161,0.000000,-0.013171,0.03,3.23
1761901339,0.101161,0.000000,-0.013171,0.03,3.23
1761901342,0.101161,0.000000,-0.013171,0.03,3.23
1761901345,0.101161,0.000000,-0.013171,0.03,3.23
1761901348,0.101161,0.000000,-0.013171,0.03,3.23
1761901351,0.101161,0.000000,-0.013171,0.03,3.23
1761901354,0.101161,0.000000,-0.013171,0.03,3.23
1761901357,0.101161,0.000000,-0.013171,0.03,3.23
1761901360,0.101161,0.000000,-0.013171,0.03,3.23
1761901363,0.101161,0.000000,-0.013171,0.03,3.23
1761901366,0.101161,0.000000,-0.013171,0.03,3.23
1761901369,0.101161,0.000000,-0.013171,0.03,3.23
1761901372,0.101161,0.000000,-0.013171,0.03,3.23
1761901375,0.101161,0.000000,-0.013171,0.03,3.23
1761901378,0.101161,0.000000,-0.013171,0.03,3.23
1761901381,0.101161,0.000000,-0.013171,0.03,3.23
1761901384,0.101161,0.000000,-0.013171,0.03,3.23
1761901387,0.101161,0.000000,-0.013171,0.03,3.23
1761901390,0.101161,0.000000,-0.013171,0.03,3.23
1761901393,0.101161,0.000000,-0.013171,0.03,3.23
1761901396,0.101161,0.000000,-0.013171,0.03,3.23
1761901399,0.101161,0.000000,-0.013171,0.03,3.23
1761901402,0.101161,0.000000,-0.013171,0.03,3.23
1761901405,0.101161,0.000000,-0.013171,0.03,3.23
1761901408,0.101161,0.000000,-0.013171,0.03,3.23
1761901411,0.101161,0.000000,-0.013171,0.03,3.23
1761901414,0.101161,0.000000,-0.013171,0.03,3.23
1761901417,0.101161,0.000000,-0.013171,0.03,3.23
1761901420,0.101161,0.000000,-0.013171,0.03,3.23
1761901423,0.101161,0.000000,-0.013171,0.03,3.23
1761901426,0.101161,0.000000,-0.013171,0.03,3.23
1761901429,0.101161,0.000000,-0.013171,0.03,3.23
1761901432,0.101161,0.000000,-0.013171,0.03,3.23
1761901435,0.101161,0.000000,-0.013171,0.03,3.23
1761901438,0.101161,0.000000,-0.013171,0.03,3.23
1761901441,0.101161,0.000000,-0.013171,0.03,3.23
1761901444,0.101161,0.000000,-0.013171,0.03,3.23
1761901447,0.101161,0.000000,-0.013171,0.03,3.23
1761901450,0.101161,0.000000,-0.013171,0.03,3.23
1761901453,0.101161,0.000000,-0.013171,0.03,3.23
1761901456,0.101161,0.000000,-0.013171,0.03,3.23
1761901459,0.101161,0.000000,-0.013171,0.03,3.23
1761901462,0.101161,0.000000,-0.013171,0.03,3.23
1761901465,0.101161,0.000000,-0.013171,0.03,3.23
1761901468,0.101161,0.000000,-0.013171,0.03,3.23
1761901471,0.101161,0.000000,-0.013171,0.03,3.23
1761901474,0.101161,0.000000,-0.013171,0.03,3.23
1761901477,0.101161,0.000000,-0.013171,0.03,3.23
1761901480,0.101161,0.000000,-0.013171,0.03,3.23
1761901483,0.101161,0.000000,-0.013171,0.03,3.23
1761901486,0.101161,0.000000,-0.013171,0.03,3.23
1761901489,0.101161,0.000000,-0.013171,0.03,3.23
1761901492,0.101161,0.000000,-0.013171,0.03,3.23
1761901495,0.101161,0.000000,-0.013171,0.03,3.23
1761901498,0.101161,0.000000,-0.013171,0.03,3.23
1761901501,0.101161,0.000000,-0.013171,0.03,3.23
1761901504,0.101161,0.000000,-0.013171,0.03,3.23
1761901507,0.101161,0.000000,-0.013171,0.03,3.23
1761901510,0.101161,0.000000,-0.013171,0.03,3.23
1761901513,0.101161,0.000000,-0.013171,0.03,3.23
1761901516,0.101161,0.000000,-0.013171,0.03,3.23
1761901519,0.101161,0.000000,-0.013171,0.03,3.23
1761901522,0.101161,0.000000,-0.013171,0.03,3.23
1761901525,0.101161,0.000000,-0.013171,0.03,3.23
1761901528,0.101161,0.000000,-0.013171,0.03,3.23
1761901531,0.101161,0.000000,-0.013171,0.03,3.23
1761901534,0.101161,0.000000,-0.013171,0.03,3.23
1761901537,0.101161,0.000000,-0.013171,0.03,3.23
1761901540,0.101161,0.000000,-0.013171,0.03,3.23
1761901543,0.101161,0.000000,-0.013171,0.03,3.23
1761901546,0.101161,0.000000,-0.013171,0.03,3.23
1761901549,0.101161,0.000000,-0.013171,0.03,3.23
1761901552,0.101161,0.000000,-0.013171,0.03,3.23
1761901555,0.101161,0.000000,-0.013171,0.03,3.23
1761901558,0.101161,0.000000,-0.013171,0.03,3.23
1761901561,0.101161,0.000000,-0.013171,0.03,3.23
1761901564,0.101161,0.000000,-0.013171,0.03,3.23
1761901567,0.101161,0.000000,-0.013171,0.03,3.23
1761901570,0.101161,0.000000,-0.013171,0.03,3.23
1761901573,0.101161,0.000000,-0.013171,0.03,3.23
1761901576,0.101161,0.000000,-0.013171,0.03,3.23
1761901579,0.101161,0.000000,-0.013171,0.03,3.23
1761901582,0.101161,0.000000,-0.013171,0.03,3.23
1761901585,0.101161,0.000000,-0.013171,0.03,3.23
1761901588,0.101161,0.000000,-0.013171,0.03,3.23
1761901591,0.101161,0.000000,-0.013171,0.03,3.23
1761901594,0.101161,0.000000,-0.013171,0.03,3.23
1761901597,0.101161,0.000000,-0.013171,0.03,3.23
1761901600,0.101161,0.000000,-0.013171,0.03,3.23
1761901603,0.101161,0.000000,-0.013171,0.03,3.23
1761901606,0.101161,0.000000,-0.013171,0.03,3.23
1761901609,0.101161,0.000000,-0.013171,0.03,3.23
1761901612,0.101161,0.000000,-0.013171,0.03,3.23
1761901615,0.101161,0.000000,-0.013171,0.03,3.23
1761901618,0.101161,0.000000,-0.013171,0.03,3.23
1761901621,0.101161,0.000000,-0.013171,0.03,3.23
1761901624,0.101161,0.000000,-0.013171,0.03,3.23
1761901627,0.101161,0.000000,-0.013171,0.03,3.23
1761901630,0.101161,0.000000,-0.013171,0.03,3.23
1761901633,0.101161,0.000000,-0.013171,0.03,3.23
1761901636,0.101161,0.000000,-0.013171,0.03,3.23
1761901639,0.101161,0.000000,-0.013171,0.03,3.23
1761901642,0.101161,0.000000,-0.013171,0.03,3.23
1761901645,0.101161,0.000000,-0.013171,0.03,3.23
1761901648,0.101161,0.000000,-0.013171,0.03,3.23
1761901651,0.101161,0.000000,-0.013171,0.03,3.23
1761901654,0.101161,0.000000,-0.013171,0.03,3.23
1761901657,0.101161,0.000000,-0.013171,0.03,3.23
1761901660,0.101161,0.000000,-0.013171,0.03,3.23
1761901663,0.101161,0.000000,-0.013171,0.03,3.23
1761901666,0.101161,0.000000,-0.013171,0.03,3.23
1761901669,0.101161,0.000000,-0.013171,0.03,3.23
1761901672,0.101161,0.000000,-0.013171,0.03,3.23
1761901675,0.101161,0.000000,-0.013171,0.03,3.23
1761901678,0.101161,0.000000,-0.013171,0.03,3.23
1761901681,0.101161,0.000000,-0.013171,0.03,3.23
1761901684,0.101161,0.000000,-0.013171,0.03,3.23
1761901687,0.101161,0.000000,-0.013171,0.03,3.23
1761901690,0.101161,0.000000,-0.013171,0.03,3.23
1761901693,0.101161,0.000000,-0.013171,0.03,3.23
1761901696,0.101161,0.000000,-0.013171,0.03,3.23
1761901699,0.101161,0.000000,-0.013171,0.03,3.23
1761901702,0.101161,0.000000,-0.013171,0.03,3.23
1761901705,0.101161,0.000000,-0.013171,0.03,3.23
1761901708,0.101161,0.000000,-0.013171,0.03,3.23
1761901711,0.101161,0.000000,-0.013171,0.03,3.23
1761901714,0.101161,0.000000,-0.013171,0.03,3.23
1761901717,0.101161,0.000000,-0.013171,0.03,3.23
1761901720,0.101161,0.000000,-0.013171,0.03,3.23
1761901723,0.101161,0.000000,-0.013171,0.03,3.23
1761901726,0.101161,0.000000,-0.013171,0.03,3.23
1761901729,0.101161,0.000000,-0.013171,0.03,3.23
1761901732,0.101161,0.000000,-0.013171,0.03,3.23
1761901735,0.101161,0.000000,-0.013171,0.03,3.23
1761901738,0.101161,0.000000,-0.013171,0.03,3.23
1761901741,0.101161,0.000000,-0.013171,0.03,3.23
1761901744,0.101161,0.000000,-0.013171,0.03,3.23
1761901747,0.101161,0.000000,-0.013171,0.03,3.23
1761901750,0.101161,0.000000,-0.013171,0.03,3.23
1761901753,0.101161,0.000000,-0.013171,0.03,3.23
1761901756,0.101161,0.000000,-0.013171,0.03,3.23
1761901759,0.101161,0.000000,-0.013171,0.03,3.23
1761901762,0.101161,0.000000,-0.013171,0.03,3.23
1761901765,0.101161,0.000000,-0.013171,0.03,3.23
1761901768,0.101161,0.000000,-0.013171,0.03,3.23
1761901771,0.101161,0.000000,-0.013171,0.03,3.23
1761901774,0.101161,0.000000,-0.013171,0.03,3.23
1761901777,0.101161,0.000000,-0.013171,0.03,3.23
1761901780,0.101161,0.000000,-0.013171,0.03,3.23
1761901783,0.101161,0.000000,-0.013171,0.03,3.23
1761901786,0.101161,0.000000,-0.013171,0.03,3.23
1761901789,0.101161,0.000000,-0.013171,0.03,3.23
1761901792,0.101161,0.000000,-0.013171,0.03,3.23
1761901795,0.101161,0.000000,-0.013171,0.03,3.23
1761901798,0.101161,0.000000,-0.013171,0.03,3.23
1761901801,0.101161,0.000000,-0.013171,0.03,3.23
1761901804,0.101161,0.000000,-0.013171,0.03,3.23
1761901807,0.101161,0.000000,-0.013171,0.03,3.23
1761901810,0.101161,0.000000,-0.013171,0.03,3.23
1761901813,0.101161,0.000000,-0.013171,0.03,3.23
1761901816,0.101161,0.000000,-0.013171,0.03,3.23
1761901819,0.101161,0.000000,-0.013171,0.03,3.23
1761901822,0.101161,0.000000,-0.013171,0.03,3.23
1761901825,0.101161,0.000000,-0.013171,0.03,3.23
1761901828,0.101161,0.000000,-0.013171,0.03,3.23
1761901831,0.101161,0.000000,-0.013171,0.03,3.23
1761901834,0.101161,0.000000,-0.013171,0.03,3.23
1761901837,0.101161,0.000000,-0.013171,0.03,3.23
1761901840,0.101161,0.000000,-0.013171,0.03,3.23
1761901843,0.101161,0.000000,-0.013171,0.03,3.23
1761901846,0.101161,0.000000,-0.013171,0.03,3.23
1761901849,0.101161,0.000000,-0.013171,0.03,3.23
1761901852,0.101161,0.000000,-0.013171,0.03,3.23
1761901855,0.101161,0.000000,-0.013171,0.03,3.23
1761901858,0.101161,0.000000,-0.013171,0.03,3.23
1761901861,0.101161,0.000000,-0.013171,0.03,3.23
1761901864,0.101161,0.000000,-0.013171,0.03,3.23
1761901867,0.101161,0.000000,-0.013171,0.03,3.23
1761901870,0.101161,0.000000,-0.013171,0.03,3.23
1761901873,0.101161,0.000000,-0.013171,0.03,3.23
1761901876,0.101161,0.000000,-0.013171,0.03,3.23
1761901879,0.101161,0.000000,-0.013171,0.03,3.23
1761901882,0.101161,0.000000,-0.013171,0.03,3.23
1761901885,0.101161,0.000000,-0.013171,0.03,3.23
1761901888,0.101161,0.000000,-0.013171,0.03,3.23
1761901891,0.101161,0.000000,-0.013171,0.03,3.23
1761901894,0.101161,0.000000,-0.013171,0.03,3.23
1761901897,0.101161,0.000000,-0.013171,0.03,3.23
1761901900,0.101161,0.000000,-0.013171,0.03,3.23
1761901903,0.101161,0.000000,-0.013171,0.03,3.23
1761901906,0.101161,0.000000,-0.013171,0.03,3.23
1761901909,0.101161,0.000000,-0.013171,0.03,3.23
1761901912,0.101161,0.000000,-0.013171,0.03,3.23
1761901915,0.101161,0.000000,-0.013171,0.03,3.23
1761901918,0.101161,0.000000,-0.013171,0.03,3.23
1761901921,0.101161,0.000000,-0.013171,0.03,3.23
1761901924,0.101161,0.000000,-0.013171,0.03,3.23
1761901927,0.101161,0.000000,-0.013171,0.03,3.23
1761901930,0.101161,0.000000,-0.013171,0.03,3.23
1761901933,0.101161,0.000000,-0.013171,0.03,3.23
1761901936,0.101161,0.000000,-0.013171,0.03,3.23
1761901939,0.101161,0.000000,-0.013171,0.03,3.23
1761901942,0.101161,0.000000,-0.013171,0.03,3.23
1761901945,0.101161,0.000000,-0.013171,0.03,3.23
1761901948,0.101161,0.000000,-0.013171,0.03,3.23
1761901951,0.101161,0.000000,-0.013171,0.03,3.23
1761901954,0.101161,0.000000,-0.013171,0.03,3.23
1761901957,0.101161,0.000000,-0.013171,0.03,3.23
1761901960,0.101161,0.000000,-0.013171,0.03,3.23
1761901963,0.101161,0.000000,-0.013171,0.03,3.23
1761901966,0.101161,0.000000,-0.013171,0.03,3.23
1761901969,0.101161,0.000000,-0.013171,0.03,3.23
1761901972,0.101161,0.000000,-0.013171,0.03,3.23
1761901975,0.101161,0.000000,-0.013171,0.03,3.23
1761901978,0.101161,0.000000,-0.013171,0.03,3.23
1761901981,0.101161,0.000000,-0.013171,0.03,3.23
1761901984,0.101161,0.000000,-0.013171,0.03,3.23
1761901987,0.101161,0.000000,-0.013171,0.03,3.23
1761901990,0.101161,0.000000,-0.013171,0.03,3.23
1761901993,0.101161,0.000000,-0.013171,0.03,3.23
1761901996,0.101161,0.000000,-0.013171,0.03,3.23
1761901999,0.101161,0.000000,-0.013171,0.03,3.23
1761902002,0.101161,0.000000,-0.013171,0.03,3.23
1761902005,0.101161,0.000000,-0.013171,0.03,3.23
1761902008,0.101161,0.000000,-0.013171,0.03,3.23
1761902011,0.101161,0.000000,-0.013171,0.03,3.23
1761902014,0.101161,0.000000,-0.013171,0.03,3.23
1761902017,0.101161,0.000000,-0.013171,0.03,3.23
1761902020,0.101161,0.000000,-0.013171,0.03,3.23
1761902023,0.101161,0.000000,-0.013171,0.03,3.23
1761902026,0.101161,0.000000,-0.013171,0.03,3.23
1761902029,0.101161,0.000000,-0.013171,0.03,3.23
1761902032,0.101161,0.000000,-0.013171,0.03,3.23
1761902035,0.101161,0.000000,-0.013171,0.03,3.23
1761902038,0.101161,0.000000,-0.013171,0.03,3.23
1761902041,0.101161,0.000000,-0.013171,0.03,3.23
1761902044,0.101161,0.000000,-0.013171,0.03,3.23
1761902047,0.101161,0.000000,-0.013171,0.03,3.23
1761902050,0.101161,0.000000,-0.013171,0.03,3.23
1761902053,0.101161,0.000000,-0.013171,0.03,3.23
1761902056,0.101161,0.000000,-0.013171,0.03,3.23
1761902059,0.101161,0.000000,-0.013171,0.03,3.23
1761902062,0.101161,0.000000,-0.013171,0.03,3.23
1761902065,0.101161,0.000000,-0.013171,0.03,3.23
1761902068,0.101161,0.000000,-0.013171,0.03,3.23
1761902071,0.101161,0.000000,-0.013171,0.03,3.23
1761902074,0.101161,0.000000,-0.013171,0.03,3.23
1761902077,0.101161,0.000000,-0.013171,0.03,3.23
1761902080,0.101161,0.000000,-0.013171,0.03,3.23
1761902083,0.101161,0.000000,-0.013171,0.03,3.23
1761902086,0.101161,0.000000,-0.013171,0.03,3.23
1761902089,0.101161,0.000000,-0.013171,0.03,3.23
1761902092,0.101161,0.000000,-0.013171,0.03,3.23
1761902095,0.101161,0.000000,-0.013171,0.03,3.23
1761902098,0.101161,0.000000,-0.013171,0.03,3.23
1761902101,0.101161,0.000000,-0.013171,0.03,3.23
1761902104,0.101161,0.000000,-0.013171,0.03,3.23
1761902107,0.101161,0.000000,-0.013171,0.03,3.23
1761902110,0.101161,0.000000,-0.013171,0.03,3.23
1761902113,0.101161,0.000000,-0.013171,0.03,3.23
1761902116,0.101161,0.000000,-0.013171,0.03,3.23
1761902119,0.101161,0.000000,-0.013171,0.03,3.23
1761902122,0.101161,0.000000,-0.013171,0.03,3.23
1761902125,0.101161,0.000000,-0.013171,0.03,3.23
1761902128,0.101161,0.000000,-0.013171,0.03,3.23
1761902131,0.101161,0.000000,-0.013171,0.03,3.23
1761902134,0.101161,0.000000,-0.013171,0.03,3.23
1761902137,0.101161,0.000000,-0.013171,0.03,3.23
1761902140,0.101161,0.000000,-0.013171,0.03,3.23
1761902143,0.101161,0.000000,-0.013171,0.03,3.23
1761902146,0.101161,0.000000,-0.013171,0.03,3.23
1761902149,0.101161,0.000000,-0.013171,0.03,3.23
1761902152,0.101161,0.000000,-0.013171,0.03,3.23
1761902155,0.101161,0.000000,-0.013171,0.03,3.23
1761902158,0.101161,0.000000,-0.013171,0.03,3.23
1761902161,0.101161,0.000000,-0.013171,0.03,3.23
1761902164,0.101161,0.000000,-0.013171,0.03,3.23
1761902167,0.101161,0.000000,-0.013171,0.03,3.23
1761902170,0.101161,0.000000,-0.013171,0.03,3.23
1761902173,0.101161,0.000000,-0.013171,0.03,3.23
1761902176,0.101161,0.000000,-0.013171,0.03,3.23
1761902179,0.101161,0.000000,-0.013171,0.03,3.23
1761902182,0.101161,0.000000,-0.013171,0.03,3.23
1761902185,0.101161,0.000000,-0.013171,0.03,3.23
1761902188,0.101161,0.000000,-0.013171,0.03,3.23
1761902191,0.101161,0.000000,-0.013171,0.03,3.23
1761902194,0.101161,0.000000,-0.013171,0.03,3.23
1761902197,0.101161,0.000000,-0.013171,0.03,3.23
1761902200,0.101161,0.000000,-0.013171,0.03,3.23
1761902203,0.101161,0.000000,-0.013171,0.03,3.23
1761902206,0.101161,0.000000,-0.013171,0.03,3.23
1761902209,0.101161,0.000000,-0.013171,0.03,3.23
1761902212,0.101161,0.000000,-0.013171,0.03,3.23
1761902215,0.101161,0.000000,-0.013171,0.03,3.23
1761902218,0.101161,0.000000,-0.013171,0.03,3.23
1761902221,0.101161,0.000000,-0.013171,0.03,3.23
1761902224,0.101161,0.000000,-0.013171,0.03,3.23
1761902227,0.101161,0.000000,-0.013171,0.03,3.23
1761902230,0.101161,0.000000,-0.013171,0.03,3.23
1761902233,0.101161,0.000000,-0.013171,0.03,3.23
1761902236,0.101161,0.000000,-0.013171,0.03,3.23
1761902239,0.101161,0.000000,-0.013171,0.03,3.23
1761902242,0.101161,0.000000,-0.013171,0.03,3.23
1761902245,0.101161,0.000000,-0.013171,0.03,3.23
1761902248,0.101161,0.000000,-0.013171,0.03,3.23
1761902251,0.101161,0.000000,-0.013171,0.03,3.23
1761902254,0.101161,0.000000,-0.013171,0.03,3.23
1761902257,0.101161,0.000000,-0.013171,0.03,3.23
1761902260,0.101161,0.000000,-0.013171,0.03,3.23
1761902263,0.101161,0.000000,-0.013171,0.03,3.23
1761902266,0.101161,0.000000,-0.013171,0.03,3.23
1761902269,0.101161,0.000000,-0.013171,0.03,3.23
1761902272,0.101161,0.000000,-0.013171,0.03,3.23
1761902275,0.101161,0.000000,-0.013171,0.03,3.23
1761902278,0.101161,0.000000,-0.013171,0.03,3.23
1761902281,0.101161,0.000000,-0.013171,0.03,3.23
1761902284,0.101161,0.000000,-0.013171,0.03,3.23
1761902287,0.101161,0.000000,-0.013171,0.03,3.23
1761902290,0.101161,0.000000,-0.013171,0.03,3.23
1761902293,0.101161,0.000000,-0.013171,0.03,3.23
1761902296,0.101161,0.000000,-0.013171,0.03,3.23
1761902299,0.101161,0.000000,-0.013171,0.03,3.23
1761902302,0.101161,0.000000,-0.013171,0.03,3.23
1761902305,0.101161,0.000000,-0.013171,0.03,3.23
1761902308,0.101161,0.000000,-0.013171,0.03,3.23
1761902311,0.101161,0.000000,-0.013171,0.03,3.23
1761902314,0.101161,0.000000,-0.013171,0.03,3.23
1761902317,0.101161,0.000000,-0.013171,0.03,3.23
1761902320,0.101161,0.000000,-0.013171,0.03,3.23
1761902323,0.101161,0.000000,-0.013171,0.03,3.23
1761902326,0.101161,0.000000,-0.013171,0.03,3.23
1761902329,0.101161,0.000000,-0.013171,0.03,3.23
1761902332,0.101161,0.000000,-0.013171,0.03,3.23
1761902335,0.101161,0.000000,-0.013171,0.03,3.23
1761902338,0.101161,0.000000,-0.013171,0.03,3.23
1761902341,0.101161,0.000000,-0.013171,0.03,3.23
1761902344,0.101161,0.000000,-0.013171,0.03,3.23
1761902347,0.101161,0.000000,-0.013171,0.03,3.23
1761902350,0.101161,0.000000,-0.013171,0.03,3.23
1761902353,0.101161,0.000000,-0.013171,0.03,3.23
1761902356,0.101161,0.000000,-0.013171,0.03,3.23
1761902359,0.101161,0.000000,-0.013171,0.03,3.23
1761902362,0.101161,0.000000,-0.013171,0.03,3.23
1761902365,0.101161,0.000000,-0.013171,0.03,3.23
1761902368,0.101161,0.000000,-0.013171,0.03,3.23
1761902371,0.101161,0.000000,-0.013171,0.03,3.23
1761902374,0.101161,0.000000,-0.013171,0.03,3.23
1761902377,0.101161,0.000000,-0.013171,0.03,3.23
1761902380,0.101161,0.000000,-0.013171,0.03,3.23
1761902383,0.101161,0.000000,-0.013171,0.03,3.23
1761902386,0.101161,0.000000,-0.013171,0.03,3.23
1761902389,0.101161,0.000000,-0.013171,0.03,3.23
1761902392,0.101161,0.000000,-0.013171,0.03,3.23
1761902395,0.101161,0.000000,-0.013171,0.03,3.23
1761902398,0.101161,0.000000,-0.013171,0.03,3.23
1761902401,0.101161,0.000000,-0.013171,0.03,3.23
1761902404,0.101161,0.000000,-0.013171,0.03,3.23
1761902407,0.101161,0.000000,-0.013171,0.03,3.23
1761902410,0.101161,0.000000,-0.013171,0.03,3.23
1761902413,0.101161,0.000000,-0.013171,0.03,3.23
1761902416,0.101161,0.000000,-0.013171,0.03,3.23
1761902419,0.101161,0.000000,-0.013171,0.03,3.23
1761902422,0.101161,0.000000,-0.013171,0.03,3.23
1761902425,0.101161,0.000000,-0.013171,0.03,3.23
1761902428,0.101161,0.000000,-0.013171,0.03,3.23
1761902431,0.101161,0.000000,-0.013171,0.03,3.23
1761902434,0.101161,0.000000,-0.013171,0.03,3.23
1761902437,0.101161,0.000000,-0.013171,0.03,3.23
1761902440,0.101161,0.000000,-0.013171,0.03,3.23
1761902443,0.101161,0.000000,-0.013171,0.03,3.23
1761902446,0.101161,0.000000,-0.013171,0.03,3.23
1761902449,0.101161,0.000000,-0.013171,0.03,3.23
1761902452,0.101161,0.000000,-0.013171,0.03,3.23
1761902455,0.101161,0.000000,-0.013171,0.03,3.23
1761902458,0.101161,0.000000,-0.013171,0.03,3.23
1761902461,0.101161,0.000000,-0.013171,0.03,3.23
1761902464,0.101161,0.000000,-0.013171,0.03,3.23
1761902467,0.101161,0.000000,-0.013171,0.03,3.23
1761902470,0.101161,0.000000,-0.013171,0.03,3.23
1761902473,0.101161,0.000000,-0.013171,0.03,3.23
1761902476,0.101161,0.000000,-0.013171,0.03,3.23
1761902479,0.101161,0.000000,-0.013171,0.03,3.23
1761902482,0.101161,0.000000,-0.013171,0.03,3.23
1761902485,0.101161,0.000000,-0.013171,0.03,3.23
1761902488,0.101161,0.000000,-0.013171,0.03,3.23
1761902491,0.101161,0.000000,-0.013171,0.03,3.23
1761902494,0.101161,0.000000,-0.013171,0.03,3.23
1761902497,0.101161,0.000000,-0.013171,0.03,3.23
1761902500,0.101161,0.000000,-0.013171,0.03,3.23
1761902503,0.101161,0.000000,-0.013171,0.03,3.23
1761902506,0.101161,0.000000,-0.013171,0.03,3.23
1761902509,0.101161,0.000000,-0.013171,0.03,3.23
1761902512,0.101161,0.000000,-0.013171,0.03,3.23
1761902515,0.101161,0.000000,-0.013171,0.03,3.23
1761902518,0.101161,0.000000,-0.013171,0.03,3.23
1761902521,0.101161,0.000000,-0.013171,0.03,3.23
1761902524,0.101161,0.000000,-0.013171,0.03,3.23
1761902527,0.101161,0.000000,-0.013171,0.03,3.23
1761902530,0.101161,0.000000,-0.013171,0.03,3.23
1761902533,0.101161,0.000000,-0.013171,0.03,3.23
1761902536,0.101161,0.000000,-0.013171,0.03,3.23
1761902539,0.101161,0.000000,-0.013171,0.03,3.23
1761902542,0.101161,0.000000,-0.013171,0.03,3.23
1761902545,0.101161,0.000000,-0.013171,0.03,3.23
1761902548,0.101161,0.000000,-0.013171,0.03,3.23
1761902551,0.101161,0.000000,-0.013171,0.03,3.23
1761902554,0.101161,0.000000,-0.013171,0.03,3.23
1761902557,0.101161,0.000000,-0.013171,0.03,3.23
1761902560,0.101161,0.000000,-0.013171,0.03,3.23
1761902563,0.101161,0.000000,-0.013171,0.03,3.23
1761902566,0.101161,0.000000,-0.013171,0.03,3.23
1761902569,0.101161,0.000000,-0.013171,0.03,3.23
1761902572,0.101161,0.000000,-0.013171,0.03,3.23
1761902575,0.101161,0.000000,-0.013171,0.03,3.23
1761902578,0.101161,0.000000,-0.013171,0.03,3.23
1761902581,0.101161,0.000000,-0.013171,0.03,3.23
1761902584,0.101161,0.000000,-0.013171,0.03,3.23
1761902587,0.101161,0.000000,-0.013171,0.03,3.23
1761902590,0.101161,0.000000,-0.013171,0.03,3.23
1761902593,0.101161,0.000000,-0.013171,0.03,3.23
1761902596,0.101161,0.000000,-0.013171,0.03,3.23
1761902599,0.101161,0.000000,-0.013171,0.03,3.23
1761902602,0.101161,0.000000,-0.013171,0.03,3.23
1761902605,0.101161,0.000000,-0.013171,0.03,3.23
1761902608,0.101161,0.000000,-0.013171,0.03,3.23
1761902611,0.101161,0.000000,-0.013171,0.03,3.23
1761902614,0.101161,0.000000,-0.013171,0.03,3.23
1761902617,0.101161,0.000000,-0.013171,0.03,3.23
1761902620,0.101161,0.000000,-0.013171,0.03,3.23
1761902623,0.101161,0.000000,-0.013171,0.03,3.23
1761902626,0.101161,0.000000,-0.013171,0.03,3.23
1761902629,0.101161,0.000000,-0.013171,0.03,3.23
1761902632,0.101161,0.000000,-0.013171,0.03,3.23
1761902635,0.101161,0.000000,-0.013171,0.03,3.23
1761902638,0.101161,0.000000,-0.013171,0.03,3.23
1761902641,0.101161,0.000000,-0.013171,0.03,3.23
1761902644,0.101161,0.000000,-0.013171,0.03,3.23
1761902647,0.101161,0.000000,-0.013171,0.03,3.23
1761902650,0.101161,0.000000,-0.013171,0.03,3.23
1761902653,0.101161,0.000000,-0.013171,0.03,3.23
1761902656,0.101161,0.000000,-0.013171,0.03,3.23
1761902659,0.101161,0.000000,-0.013171,0.03,3.23
1761902662,0.101161,0.000000,-0.013171,0.03,3.23
1761902665,0.101161,0.000000,-0.013171,0.03,3.23
1761902668,0.101161,0.000000,-0.013171,0.03,3.23
1761902671,0.101161,0.000000,-0.013171,0.03,3.23
1761902674,0.101161,0.000000,-0.013171,0.03,3.23
1761902677,0.101161,0.000000,-0.013171,0.03,3.23
1761902680,0.101161,0.000000,-0.013171,0.03,3.23
1761902683,0.101161,0.000000,-0.013171,0.03,3.23
1761902686,0.101161,0.000000,-0.013171,0.03,3.23
1761902689,0.101161,0.000000,-0.013171,0.03,3.23
1761902692,0.101161,0.000000,-0.013171,0.03,3.23
1761902695,0.101161,0.000000,-0.013171,0.03,3.23
1761902698,0.101161,0.000000,-0.013171,0.03,3.23
1761902701,0.101161,0.000000,-0.013171,0.03,3.23
1761902704,0.101161,0.000000,-0.013171,0.03,3.23
1761902707,0.101161,0.000000,-0.013171,0.03,3.23
1761902710,0.101161,0.000000,-0.013171,0.03,3.23
1761902713,0.101161,0.000000,-0.013171,0.03,3.23
1761902716,0.101161,0.000000,-0.013171,0.03,3.23
1761902719,0.101161,0.000000,-0.013171,0.03,3.23
1761902722,0.101161,0.000000,-0.013171,0.03,3.23
1761902725,0.101161,0.000000,-0.013171,0.03,3.23
1761902728,0.101161,0.000000,-0.013171,0.03,3.23
1761902731,0.101161,0.000000,-0.013171,0.03,3.23
1761902734,0.101161,0.000000,-0.013171,0.03,3.23
1761902737,0.101161,0.000000,-0.013171,0.03,3.23
1761902740,0.101161,0.000000,-0.013171,0.03,3.23
1761902743,0.101161,0.000000,-0.013171,0.03,3.23
1761902746,0.101161,0.000000,-0.013171,0.03,3.23
1761902749,0.101161,0.000000,-0.013171,0.03,3.23
1761902752,0.101161,0.000000,-0.013171,0.03,3.23
1761902755,0.101161,0.000000,-0.013171,0.03,3.23
1761902758,0.101161,0.000000,-0.013171,0.03,3.23
1761902761,0.101161,0.000000,-0.013171,0.03,3.23
1761902764,0.101161,0.000000,-0.013171,0.03,3.23
1761902767,0.101161,0.000000,-0.013171,0.03,3.23
1761902770,0.101161,0.000000,-0.013171,0.03,3.23
1761902773,0.101161,0.000000,-0.013171,0.03,3.23
1761902776,0.101161,0.000000,-0.013171,0.03,3.23
1761902779,0.101161,0.000000,-0.013171,0.03,3.23
1761902782,0.101161,0.000000,-0.013171,0.03,3.23
1761902785,0.101161,0.000000,-0.013171,0.03,3.23
1761902788,0.101161,0.000000,-0.013171,0.03,3.23
1761902791,0.101161,0.000000,-0.013171,0.03,3.23
1761902794,0.101161,0.000000,-0.013171,0.03,3.23
1761902797,0.101161,0.000000,-0.013171,0.03,3.23
1761902800,0.101161,0.000000,-0.013171,0.03,3.23
1761902803,0.101161,0.000000,-0.013171,0.03,3.23
1761902806,0.101161,0.000000,-0.013171,0.03,3.23
1761902809,0.101161,0.000000,-0.013171,0.03,3.23
1761902812,0.101161,0.000000,-0.013171,0.03,3.23
1761902815,0.101161,0.000000,-0.013171,0.03,3.23
1761902818,0.101161,0.000000,-0.013171,0.03,3.23
1761902821,0.101161,0.000000,-0.013171,0.03,3.23
1761902824,0.101161,0.000000,-0.013171,0.03,3.23
1761902827,0.101161,0.000000,-0.013171,0.03,3.23
1761902830,0.101161,0.000000,-0.013171,0.03,3.23
1761902833,0.101161,0.000000,-0.013171,0.03,3.23
1761902836,0.101161,0.000000,-0.013171,0.03,3.23
1761902839,0.101161,0.000000,-0.013171,0.03,3.23
1761902842,0.101161,0.000000,-0.013171,0.03,3.23
1761902845,0.101161,0.000000,-0.013171,0.03,3.23
1761902848,0.101161,0.000000,-0.013171,0.03,3.23
1761902851,0.101161,0.000000,-0.013171,0.03,3.23
1761902854,0.101161,0.000000,-0.013171,0.03,3.23
1761902857,0.101161,0.000000,-0.013171,0.03,3.23
1761902860,0.101161,0.000000,-0.013171,0.03,3.23
1761902863,0.101161,0.000000,-0.013171,0.03,3.23
1761902866,0.101161,0.000000,-0.013171,0.03,3.23
1761902869,0.101161,0.000000,-0.013171,0.03,3.23
1761902872,0.101161,0.000000,-0.013171,0.03,3.23
1761902875,0.101161,0.000000,-0.013171,0.03,3.23
1761902878,0.101161,0.000000,-0.013171,0.03,3.23
1761902881,0.101161,0.000000,-0.013171,0.03,3.23
1761902884,0.101161,0.000000,-0.013171,0.03,3.23
1761902887,0.101161,0.000000,-0.013171,0.03,3.23
1761902890,0.101161,0.000000,-0.013171,0.03,3.23
1761902893,0.101161,0.000000,-0.013171,0.03,3.23
1761902896,0.101161,0.000000,-0.013171,0.03,3.23
1761902899,0.101161,0.000000,-0.013171,0.03,3.23
1761902902,0.101161,0.000000,-0.013171,0.03,3.23
1761902905,0.101161,0.000000,-0.013171,0.03,3.23
1761902908,0.101161,0.000000,-0.013171,0.03,3.23
1761902911,0.101161,0.000000,-0.013171,0.03,3.23
1761902914,0.101161,0.000000,-0.013171,0.03,3.23
1761902917,0.101161,0.000000,-0.013171,0.03,3.23
1761902920,0.101161,0.000000,-0.013171,0.03,3.23
1761902923,0.101161,0.000000,-0.013171,0.03,3.23
1761902926,0.101161,0.000000,-0.013171,0.03,3.23
1761902929,0.101161,0.000000,-0.013171,0.03,3.23
1761902932,0.101161,0.000000,-0.013171,0.03,3.23
1761902935,0.101161,0.000000,-0.013171,0.03,3.23
1761902938,0.101161,0.000000,-0.013171,0.03,3.23
1761902941,0.101161,0.000000,-0.013171,0.03,3.23
1761902944,0.101161,0.000000,-0.013171,0.03,3.23
1761902947,0.101161,0.000000,-0.013171,0.03,3.23
1761902950,0.101161,0.000000,-0.013171,0.03,3.23
1761902953,0.101161,0.000000,-0.013171,0.03,3.23
1761902956,0.101161,0.000000,-0.013171,0.03,3.23
1761902959,0.101161,0.000000,-0.013171,0.03,3.23
1761902962,0.101161,0.000000,-0.013171,0.03,3.23
1761902965,0.101161,0.000000,-0.013171,0.03,3.23
1761902968,0.101161,0.000000,-0.013171,0.03,3.23
1761902971,0.101161,0.000000,-0.013171,0.03,3.23
1761902974,0.101161,0.000000,-0.013171,0.03,3.23
1761902977,0.101161,0.000000,-0.013171,0.03,3.23
1761902980,0.101161,0.000000,-0.013171,0.03,3.23
1761902983,0.101161,0.000000,-0.013171,0.03,3.23
1761902986,0.101161,0.000000,-0.013171,0.03,3.23
1761902989,0.101161,0.000000,-0.013171,0.03,3.23
1761902992,0.101161,0.000000,-0.013171,0.03,3.23
1761902995,0.101161,0.000000,-0.013171,0.03,3.23
1761902998,0.101161,0.000000,-0.013171,0.03,3.23
1761903001,0.101161,0.000000,-0.013171,0.03,3.23
1761903004,0.101161,0.000000,-0.013171,0.03,3.23
1761903007,0.101161,0.000000,-0.013171,0.03,3.23
1761903010,0.101161,0.000000,-0.013171,0.03,3.23
1761903013,0.101161,0.000000,-0.013171,0.03,3.23
1761903016,0.101161,0.000000,-0.013171,0.03,3.23
1761903019,0.101161,0.000000,-0.013171,0.03,3.23
1761903022,0.101161,0.000000,-0.013171,0.03,3.23
1761903025,0.101161,0.000000,-0.013171,0.03,3.23
1761903028,0.101161,0.000000,-0.013171,0.03,3.23
1761903031,0.101161,0.000000,-0.013171,0.03,3.23
1761903034,0.101161,0.000000,-0.013171,0.03,3.23
1761903037,0.101161,0.000000,-0.013171,0.03,3.23
1761903040,0.101161,0.000000,-0.013171,0.03,3.23
1761903043,0.101161,0.000000,-0.013171,0.03,3.23
1761903046,0.101161,0.000000,-0.013171,0.03,3.23
1761903049,0.101161,0.000000,-0.013171,0.03,3.23
1761903052,0.101161,0.000000,-0.013171,0.03,3.23
1761903055,0.101161,0.000000,-0.013171,0.03,3.23
1761903058,0.101161,0.000000,-0.013171,0.03,3.23
1761903061,0.101161,0.000000,-0.013171,0.03,3.23
1761903064,0.101161,0.000000,-0.013171,0.03,3.23
1761903067,0.101161,0.000000,-0.013171,0.03,3.23
1761903070,0.101161,0.000000,-0.013171,0.03,3.23
1761903073,0.101161,0.000000,-0.013171,0.03,3.23
1761903076,0.101161,0.000000,-0.013171,0.03,3.23
1761903079,0.101161,0.000000,-0.013171,0.03,3.23
1761903082,0.101161,0.000000,-0.013171,0.03,3.23
1761903085,0.101161,0.000000,-0.013171,0.03,3.23
1761903088,0.101161,0.000000,-0.013171,0.03,3.23
1761903091,0.101161,0.000000,-0.013171,0.03,3.23
1761903094,0.101161,0.000000,-0.013171,0.03,3.23
1761903097,0.101161,0.000000,-0.013171,0.03,3.23
1761903100,0.101161,0.000000,-0.013171,0.03,3.23
1761903103,0.101161,0.000000,-0.013171,0.03,3.23
1761903106,0.101161,0.000000,-0.013171,0.03,3.23
1761903109,0.101161,0.000000,-0.013171,0.03,3.23
1761903112,0.101161,0.000000,-0.013171,0.03,3.23
1761903115,0.101161,0.000000,-0.013171,0.03,3.23
1761903118,0.101161,0.000000,-0.013171,0.03,3.23
1761903121,0.101161,0.000000,-0.013171,0.03,3.23
1761903124,0.101161,0.000000,-0.013171,0.03,3.23
1761903127,0.101161,0.000000,-0.013171,0.03,3.23
1761903130,0.101161,0.000000,-0.013171,0.03,3.23
1761903133,0.101161,0.000000,-0.013171,0.03,3.23
1761903136,0.101161,0.000000,-0.013171,0.03,3.23
1761903139,0.101161,0.000000,-0.013171,0.03,3.23
1761903142,0.101161,0.000000,-0.013171,0.03,3.23
1761903145,0.101161,0.000000,-0.013171,0.03,3.23
1761903148,0.101161,0.000000,-0.013171,0.03,3.23
1761903151,0.101161,0.000000,-0.013171,0.03,3.23
1761903154,0.101161,0.000000,-0.013171,0.03,3.23
1761903157,0.101161,0.000000,-0.013171,0.03,3.23
1761903160,0.101161,0.000000,-0.013171,0.03,3.23
1761903163,0.101161,0.000000,-0.013171,0.03,3.23
1761903166,0.101161,0.000000,-0.013171,0.03,3.23
1761903169,0.101161,0.000000,-0.013171,0.03,3.23
1761903172,0.101161,0.000000,-0.013171,0.03,3.23
1761903175,0.101161,0.000000,-0.013171,0.03,3.23
1761903178,0.101161,0.000000,-0.013171,0.03,3.23
1761903181,0.101161,0.000000,-0.013171,0.03,3.23
1761903184,0.101161,0.000000,-0.013171,0.03,3.23
1761903187,0.101161,0.000000,-0.013171,0.03,3.23
1761903190,0.101161,0.000000,-0.013171,0.03,3.23
1761903193,0.101161,0.000000,-0.013171,0.03,3.23
1761903196,0.101161,0.000000,-0.013171,0.03,3.23
1761903199,0.101161,0.000000,-0.013171,0.03,3.23
1761903202,0.101161,0.000000,-0.013171,0.03,3.23
1761903205,0.101161,0.000000,-0.013171,0.03,3.23
1761903208,0.101161,0.000000,-0.013171,0.03,3.23
1761903211,0.101161,0.000000,-0.013171,0.03,3.23
1761903214,0.101161,0.000000,-0.013171,0.03,3.23
1761903217,0.101161,0.000000,-0.013171,0.03,3.23
1761903220,0.101161,0.000000,-0.013171,0.03,3.23
1761903223,0.101161,0.000000,-0.013171,0.03,3.23
1761903226,0.101161,0.000000,-0.013171,0.03,3.23
1761903229,0.101161,0.000000,-0.013171,0.03,3.23
1761903232,0.101161,0.000000,-0.013171,0.03,3.23
1761903235,0.101161,0.000000,-0.013171,0.03,3.23
1761903238,0.101161,0.000000,-0.013171,0.03,3.23
1761903241,0.101161,0.000000,-0.013171,0.03,3.23
1761903244,0.101161,0.000000,-0.013171,0.03,3.23
1761903247,0.101161,0.000000,-0.013171,0.03,3.23
1761903250,0.101161,0.000000,-0.013171,0.03,3.23
1761903253,0.101161,0.000000,-0.013171,0.03,3.23
1761903256,0.101161,0.000000,-0.013171,0.03,3.23
1761903259,0.101161,0.000000,-0.013171,0.03,3.23
1761903262,0.101161,0.000000,-0.013171,0.03,3.23
1761903265,0.101161,0.000000,-0.013171,0.03,3.23
1761903268,0.101161,0.000000,-0.013171,0.03,3.23
1761903271,0.101161,0.000000,-0.013171,0.03,3.23
1761903274,0.101161,0.000000,-0.013171,0.03,3.23
1761903277,0.101161,0.000000,-0.013171,0.03,3.23
1761903280,0.101161,0.000000,-0.013171,0.03,3.23
1761903283,0.101161,0.000000,-0.013171,0.03,3.23
1761903286,0.101161,0.000000,-0.013171,0.03,3.23
1761903289,0.101161,0.000000,-0.013171,0.03,3.23
1761903292,0.101161,0.000000,-0.013171,0.03,3.23
1761903295,0.101161,0.000000,-0.013171,0.03,3.23
1761903298,0.101161,0.000000,-0.013171,0.03,3.23
1761903301,0.101161,0.000000,-0.013171,0.03,3.23
1761903304,0.101161,0.000000,-0.013171,0.03,3.23
1761903307,0.101161,0.000000,-0.013171,0.03,3.23
1761903310,0.101161,0.000000,-0.013171,0.03,3.23
1761903313,0.101161,0.000000,-0.013171,0.03,3.23
1761903316,0.101161,0.000000,-0.013171,0.03,3.23
1761903319,0.101161,0.000000,-0.013171,0.03,3.23
1761903322,0.101161,0.000000,-0.013171,0.03,3.23
1761903325,0.101161,0.000000,-0.013171,0.03,3.23
1761903328,0.101161,0.000000,-0.013171,0.03,3.23
1761903331,0.101161,0.000000,-0.013171,0.03,3.23
1761903334,0.101161,0.000000,-0.013171,0.03,3.23
1761903337,0.101161,0.000000,-0.013171,0.03,3.23
1761903340,0.101161,0.000000,-0.013171,0.03,3.23
1761903343,0.101161,0.000000,-0.013171,0.03,3.23
1761903346,0.101161,0.000000,-0.013171,0.03,3.23
1761903349,0.101161,0.000000,-0.013171,0.03,3.23
1761903352,0.101161,0.000000,-0.013171,0.03,3.23
1761903355,0.101161,0.000000,-0.013171,0.03,3.23
1761903358,0.101161,0.000000,-0.013171,0.03,3.23
1761903361,0.101161,0.000000,-0.013171,0.03,3.23
1761903364,0.101161,0.000000,-0.013171,0.03,3.23
1761903367,0.101161,0.000000,-0.013171,0.03,3.23
1761903370,0.101161,0.000000,-0.013171,0.03,3.23
1761903373,0.101161,0.000000,-0.013171,0.03,3.23
1761903376,0.101161,0.000000,-0.013171,0.03,3.23
1761903379,0.101161,0.000000,-0.013171,0.03,3.23
1761903382,0.101161,0.000000,-0.013171,0.03,3.23
1761903385,0.101161,0.000000,-0.013171,0.03,3.23
1761903388,0.101161,0.000000,-0.013171,0.03,3.23
1761903391,0.101161,0.000000,-0.013171,0.03,3.23
1761903394,0.101161,0.000000,-0.013171,0.03,3.23
1761903397,0.101161,0.000000,-0.013171,0.03,3.23
1761903400,0.101161,0.000000,-0.013171,0.03,3.23
1761903403,0.101161,0.000000,-0.013171,0.03,3.23
1761903406,0.101161,0.000000,-0.013171,0.03,3.23
1761903409,0.101161,0.000000,-0.013171,0.03,3.23
1761903412,0.101161,0.000000,-0.013171,0.03,3.23
1761903415,0.101161,0.000000,-0.013171,0.03,3.23
1761903418,0.101161,0.000000,-0.013171,0.03,3.23
1761903421,0.101161,0.000000,-0.013171,0.03,3.23
1761903424,0.101161,0.000000,-0.013171,0.03,3.23
1761903427,0.101161,0.000000,-0.013171,0.03,3.23
1761903430,0.101161,0.000000,-0.013171,0.03,3.23
1761903433,0.101161,0.000000,-0.013171,0.03,3.23
1761903436,0.101161,0.000000,-0.013171,0.03,3.23
1761903439,0.101161,0.000000,-0.013171,0.03,3.23
1761903442,0.101161,0.000000,-0.013171,0.03,3.23
1761903445,0.101161,0.000000,-0.013171,0.03,3.23
1761903448,0.101161,0.000000,-0.013171,0.03,3.23
1761903451,0.101161,0.000000,-0.013171,0.03,3.23
1761903454,0.101161,0.000000,-0.013171,0.03,3.23
1761903457,0.101161,0.000000,-0.013171,0.03,3.23
1761903460,0.101161,0.000000,-0.013171,0.03,3.23
1761903463,0.101161,0.000000,-0.013171,0.03,3.23
1761903466,0.101161,0.000000,-0.013171,0.03,3.23
1761903469,0.101161,0.000000,-0.013171,0.03,3.23
1761903472,0.101161,0.000000,-0.013171,0.03,3.23
1761903475,0.101161,0.000000,-0.013171,0.03,3.23
1761903478,0.101161,0.000000,-0.013171,0.03,3.23
1761903481,0.101161,0.000000,-0.013171,0.03,3.23
1761903484,0.101161,0.000000,-0.013171,0.03,3.23
1761903487,0.101161,0.000000,-0.013171,0.03,3.23
1761903490,0.101161,0.000000,-0.013171,0.03,3.23
1761903493,0.101161,0.000000,-0.013171,0.03,3.23
1761903496,0.101161,0.000000,-0.013171,0.03,3.23
1761903499,0.101161,0.000000,-0.013171,0.03,3.23
1761903502,0.101161,0.000000,-0.013171,0.03,3.23
1761903505,0.101161,0.000000,-0.013171,0.03,3.23
1761903508,0.101161,0.000000,-0.013171,0.03,3.23
1761903511,0.101161,0.000000,-0.013171,0.03,3.23
1761903514,0.101161,0.000000,-0.013171,0.03,3.23
1761903517,0.101161,0.000000,-0.013171,0.03,3.23
1761903520,0.101161,0.000000,-0.013171,0.03,3.23
1761903523,0.101161,0.000000,-0.013171,0.03,3.23
1761903526,0.101161,0.000000,-0.013171,0.03,3.23
1761903529,0.101161,0.000000,-0.013171,0.03,3.23
1761903532,0.101161,0.000000,-0.013171,0.03,3.23
1761903535,0.101161,0.000000,-0.013171,0.03,3.23
1761903538,0.101161,0.000000,-0.013171,0.03,3.23
1761903541,0.101161,0.000000,-0.013171,0.03,3.23
1761903544,0.101161,0.000000,-0.013171,0.03,3.23
1761903547,0.101161,0.000000,-0.013171,0.03,3.23
1761903550,0.101161,0.000000,-0.013171,0.03,3.23
1761903553,0.101161,0.000000,-0.013171,0.03,3.23
1761903556,0.101161,0.000000,-0.013171,0.03,3.23
1761903559,0.101161,0.000000,-0.013171,0.03,3.23
1761903562,0.101161,0.000000,-0.013171,0.03,3.23
1761903565,0.101161,0.000000,-0.013171,0.03,3.23
1761903568,0.101161,0.000000,-0.013171,0.03,3.23
1761903571,0.101161,0.000000,-0.013171,0.03,3.23
1761903574,0.101161,0.000000,-0.013171,0.03,3.23
1761903577,0.101161,0.000000,-0.013171,0.03,3.23
1761903580,0.101161,0.000000,-0.013171,0.03,3.23
1761903583,0.101161,0.000000,-0.013171,0.03,3.23
1761903586,0.101161,0.000000,-0.013171,0.03,3.23
1761903589,0.101161,0.000000,-0.013171,0.03,3.23
1761903592,0.101161,0.000000,-0.013171,0.03,3.23
1761903595,0.101161,0.000000,-0.013171,0.03,3.23
1761903598,0.101161,0.000000,-0.013171,0.03,3.23
1761903601,0.101161,0.000000,-0.013171,0.03,3.23
1761903604,0.101161,0.000000,-0.013171,0.03,3.23
1761903607,0.101161,0.000000,-0.013171,0.03,3.23
1761903610,0.101161,0.000000,-0.013171,0.03,3.23
1761903613,0.101161,0.000000,-0.013171,0.03,3.23
1761903616,0.101161,0.000000,-0.013171,0.03,3.23
1761903619,0.101161,0.000000,-0.013171,0.03,3.23
1761903622,0.101161,0.000000,-0.013171,0.03,3.23
1761903625,0.101161,0.000000,-0.013171,0.03,3.23
1761903628,0.101161,0.000000,-0.013171,0.03,3.23
1761903631,0.101161,0.000000,-0.013171,0.03,3.23
1761903634,0.101161,0.000000,-0.013171,0.03,3.23
1761903637,0.101161,0.000000,-0.013171,0.03,3.23
1761903640,0.101161,0.000000,-0.013171,0.03,3.23
1761903643,0.101161,0.000000,-0.013171,0.03,3.23
1761903646,0.101161,0.000000,-0.013171,0.03,3.23
1761903649,0.101161,0.000000,-0.013171,0.03,3.23
1761903652,0.101161,0.000000,-0.013171,0.03,3.23
1761903655,0.101161,0.000000,-0.013171,0.03,3.23
1761903658,0.101161,0.000000,-0.013171,0.03,3.23
1761903661,0.101161,0.000000,-0.013171,0.03,3.23
1761903664,0.101161,0.000000,-0.013171,0.03,3.23
1761903667,0.101161,0.000000,-0.013171,0.03,3.23
1761903670,0.101161,0.000000,-0.013171,0.03,3.23
1761903673,0.101161,0.000000,-0.013171,0.03,3.23
1761903676,0.101161,0.000000,-0.013171,0.03,3.23
1761903679,0.101161,0.000000,-0.013171,0.03,3.23
1761903682,0.101161,0.000000,-0.013171,0.03,3.23
1761903685,0.101161,0.000000,-0.013171,0.03,3.23
1761903688,0.101161,0.000000,-0.013171,0.03,3.23
1761903691,0.101161,0.000000,-0.013171,0.03,3.23
1761903694,0.101161,0.000000,-0.013171,0.03,3.23
1761903697,0.101161,0.000000,-0.013171,0.03,3.23
1761903700,0.101161,0.000000,-0.013171,0.03,3.23
1761903703,0.101161,0.000000,-0.013171,0.03,3.23
1761903706,0.101161,0.000000,-0.013171,0.03,3.23
1761903709,0.101161,0.000000,-0.013171,0.03,3.23
1761903712,0.101161,0.000000,-0.013171,0.03,3.23
1761903715,0.101161,0.000000,-0.013171,0.03,3.23
1761903718,0.101161,0.000000,-0.013171,0.03,3.23
1761903721,0.101161,0.000000,-0.013171,0.03,3.23
1761903724,0.101161,0.000000,-0.013171,0.03,3.23
1761903727,0.101161,0.000000,-0.013171,0.03,3.23
1761903730,0.101161,0.000000,-0.013171,0.03,3.23
1761903733,0.101161,0.000000,-0.013171,0.03,3.23
1761903736,0.101161,0.000000,-0.013171,0.03,3.23
1761903739,0.101161,0.000000,-0.013171,0.03,3.23
1761903742,0.101161,0.000000,-0.013171,0.03,3.23
1761903745,0.101161,0.000000,-0.013171,0.03,3.23
1761903748,0.101161,0.000000,-0.013171,0.03,3.23
1761903751,0.101161,0.000000,-0.013171,0.03,3.23
1761903754,0.101161,0.000000,-0.013171,0.03,3.23
1761903757,0.101161,0.000000,-0.013171,0.03,3.23
1761903760,0.101161,0.000000,-0.013171,0.03,3.23
1761903763,0.101161,0.000000,-0.013171,0.03,3.23
1761903766,0.101161,0.000000,-0.013171,0.03,3.23
1761903769,0.101161,0.000000,-0.013171,0.03,3.23
1761903772,0.101161,0.000000,-0.013171,0.03,3.23
1761903775,0.101161,0.000000,-0.013171,0.03,3.23
1761903778,0.101161,0.000000,-0.013171,0.03,3.23
1761903781,0.101161,0.000000,-0.013171,0.03,3.23
1761903784,0.101161,0.000000,-0.013171,0.03,3.23
1761903787,0.101161,0.000000,-0.013171,0.03,3.23
1761903790,0.101161,0.000000,-0.013171,0.03,3.23
1761903793,0.101161,0.000000,-0.013171,0.03,3.23
1761903796,0.101161,0.000000,-0.013171,0.03,3.23
1761903799,0.101161,0.000000,-0.013171,0.03,3.23
1761903802,0.101161,0.000000,-0.013171,0.03,3.23
1761903805,0.101161,0.000000,-0.013171,0.03,3.23
1761903808,0.101161,0.000000,-0.013171,0.03,3.23
1761903811,0.101161,0.000000,-0.013171,0.03,3.23
1761903814,0.101161,0.000000,-0.013171,0.03,3.23
1761903817,0.101161,0.000000,-0.013171,0.03,3.23
1761903820,0.101161,0.000000,-0.013171,0.03,3.23
1761903823,0.101161,0.000000,-0.013171,0.03,3.23
1761903826,0.101161,0.000000,-0.013171,0.03,3.23
1761903829,0.101161,0.000000,-0.013171,0.03,3.23
1761903832,0.101161,0.000000,-0.013171,0.03,3.23
1761903835,0.101161,0.000000,-0.013171,0.03,3.23
1761903838,0.101161,0.000000,-0.013171,0.03,3.23
1761903841,0.101161,0.000000,-0.013171,0.03,3.23
1761903844,0.101161,0.000000,-0.013171,0.03,3.23
1761903847,0.101161,0.000000,-0.013171,0.03,3.23
1761903850,0.101161,0.000000,-0.013171,0.03,3.23
1761903853,0.101161,0.000000,-0.013171,0.03,3.23
1761903856,0.101161,0.000000,-0.013171,0.03,3.23
1761903859,0.101161,0.000000,-0.013171,0.03,3.23
1761903862,0.101161,0.000000,-0.013171,0.03,3.23
1761903865,0.101161,0.000000,-0.013171,0.03,3.23
1761903868,0.101161,0.000000,-0.013171,0.03,3.23
1761903871,0.101161,0.000000,-0.013171,0.03,3.23
1761903874,0.101161,0.000000,-0.013171,0.03,3.23
1761903877,0.101161,0.000000,-0.013171,0.03,3.23
1761903880,0.101161,0.000000,-0.013171,0.03,3.23
1761903883,0.101161,0.000000,-0.013171,0.03,3.23
1761903886,0.101161,0.000000,-0.013171,0.03,3.23
1761903889,0.101161,0.000000,-0.013171,0.03,3.23
1761903892,0.101161,0.000000,-0.013171,0.03,3.23
1761903895,0.101161,0.000000,-0.013171,0.03,3.23
1761903898,0.101161,0.000000,-0.013171,0.03,3.23
1761903901,0.101161,0.000000,-0.013171,0.03,3.23
1761903904,0.101161,0.000000,-0.013171,0.03,3.23
1761903907,0.101161,0.000000,-0.013171,0.03,3.23
1761903910,0.101161,0.000000,-0.013171,0.03,3.23
1761903913,0.101161,0.000000,-0.013171,0.03,3.23
1761903916,0.101161,0.000000,-0.013171,0.03,3.23
1761903919,0.101161,0.000000,-0.013171,0.03,3.23
1761903922,0.101161,0.000000,-0.013171,0.03,3.23
1761903925,0.101161,0.000000,-0.013171,0.03,3.23
1761903928,0.101161,0.000000,-0.013171,0.03,3.23
1761903931,0.101161,0.000000,-0.013171,0.03,3.23
1761903934,0.101161,0.000000,-0.013171,0.03,3.23
1761903937,0.101161,0.000000,-0.013171,0.03,3.23
1761903940,0.101161,0.000000,-0.013171,0.03,3.23
1761903943,0.101161,0.000000,-0.013171,0.03,3.23
1761903946,0.101161,0.000000,-0.013171,0.03,3.23
1761903949,0.101161,0.000000,-0.013171,0.03,3.23
1761903952,0.101161,0.000000,-0.013171,0.03,3.23
1761903955,0.101161,0.000000,-0.013171,0.03,3.23
1761903958,0.101161,0.000000,-0.013171,0.03,3.23
1761903961,0.101161,0.000000,-0.013171,0.03,3.23
1761903964,0.101161,0.000000,-0.013171,0.03,3.23
1761903967,0.101161,0.000000,-0.013171,0.03,3.23
1761903970,0.101161,0.000000,-0.013171,0.03,3.23
1761903973,0.101161,0.000000,-0.013171,0.03,3.23
1761903976,0.101161,0.000000,-0.013171,0.03,3.23
1761903979,0.101161,0.000000,-0.013171,0.03,3.23
1761903982,0.101161,0.000000,-0.013171,0.03,3.23
1761903985,0.101161,0.000000,-0.013171,0.03,3.23
1761903988,0.101161,0.000000,-0.013171,0.03,3.23
1761903991,0.101161,0.000000,-0.013171,0.03,3.23
1761903994,0.101161,0.000000,-0.013171,0.03,3.23
1761903997,0.101161,0.000000,-0.013171,0.03,3.23
1761904000,0.101161,0.000000,-0.013171,0.03,3.23
1761904003,0.101161,0.000000,-0.013171,0.03,3.23
1761904006,0.101161,0.000000,-0.013171,0.03,3.23
1761904009,0.101161,0.000000,-0.013171,0.03,3.23
1761904012,0.101161,0.000000,-0.013171,0.03,3.23
1761904015,0.101161,0.000000,-0.013171,0.03,3.23
1761904018,0.101161,0.000000,-0.013171,0.03,3.23
1761904021,0.101161,0.000000,-0.013171,0.03,3.23
1761904024,0.101161,0.000000,-0.013171,0.03,3.23
1761904027,0.101161,0.000000,-0.013171,0.03,3.23
1761904030,0.101161,0.000000,-0.013171,0.03,3.23
1761904033,0.101161,0.000000,-0.013171,0.03,3.23
1761904036,0.101161,0.000000,-0.013171,0.03,3.23
1761904039,0.101161,0.000000,-0.013171,0.03,3.23
1761904042,0.101161,0.000000,-0.013171,0.03,3.23
1761904045,0.101161,0.000000,-0.013171,0.03,3.23
1761904048,0.101161,0.000000,-0.013171,0.03,3.23
1761904051,0.101161,0.000000,-0.013171,0.03,3.23
1761904054,0.101161,0.000000,-0.013171,0.03,3.23
1761904057,0.101161,0.000000,-0.013171,0.03,3.23
1761904060,0.101161,0.000000,-0.013171,0.03,3.23
1761904063,0.101161,0.000000,-0.013171,0.03,3.23
1761904066,0.101161,0.000000,-0.013171,0.03,3.23
1761904069,0.101161,0.000000,-0.013171,0.03,3.23
1761904072,0.101161,0.000000,-0.013171,0.03,3.23
1761904075,0.101161,0.000000,-0.013171,0.03,3.23
1761904078,0.101161,0.000000,-0.013171,0.03,3.23
1761904081,0.101161,0.000000,-0.013171,0.03,3.23
1761904084,0.101161,0.000000,-0.013171,0.03,3.23
1761904087,0.101161,0.000000,-0.013171,0.03,3.23
1761904090,0.101161,0.000000,-0.013171,0.03,3.23
1761904093,0.101161,0.000000,-0.013171,0.03,3.23
1761904096,0.101161,0.000000,-0.013171,0.03,3.23
1761904099,0.101161,0.000000,-0.013171,0.03,3.23
1761904102,0.101161,0.000000,-0.013171,0.03,3.23
1761904105,0.101161,0.000000,-0.013171,0.03,3.23
1761904108,0.101161,0.000000,-0.013171,0.03,3.23
1761904111,0.101161,0.000000,-0.013171,0.03,3.23
1761904114,0.101161,0.000000,-0.013171,0.03,3.23
1761904117,0.101161,0.000000,-0.013171,0.03,3.23
1761904120,0.101161,0.000000,-0.013171,0.03,3.23
1761904123,0.101161,0.000000,-0.013171,0.03,3.23
1761904126,0.101161,0.000000,-0.013171,0.03,3.23
1761904129,0.101161,0.000000,-0.013171,0.03,3.23
1761904132,0.101161,0.000000,-0.013171,0.03,3.23
1761904135,0.101161,0.000000,-0.013171,0.03,3.23
1761904138,0.101161,0.000000,-0.013171,0.03,3.23
1761904141,0.101161,0.000000,-0.013171,0.03,3.23
1761904144,0.101161,0.000000,-0.013171,0.03,3.23
1761904147,0.101161,0.000000,-0.013171,0.03,3.23
1761904150,0.101161,0.000000,-0.013171,0.03,3.23
1761904153,0.101161,0.000000,-0.013171,0.03,3.23
1761904156,0.101161,0.000000,-0.013171,0.03,3.23
1761904159,0.101161,0.000000,-0.013171,0.03,3.23
1761904162,0.101161,0.000000,-0.013171,0.03,3.23
1761904165,0.101161,0.000000,-0.013171,0.03,3.23
1761904168,0.101161,0.000000,-0.013171,0.03,3.23
1761904171,0.101161,0.000000,-0.013171,0.03,3.23
1761904174,0.101161,0.000000,-0.013171,0.03,3.23
1761904177,0.101161,0.000000,-0.013171,0.03,3.23
1761904180,0.101161,0.000000,-0.013171,0.03,3.23
1761904183,0.101161,0.000000,-0.013171,0.03,3.23
1761904186,0.101161,0.000000,-0.013171,0.03,3.23
1761904189,0.101161,0.000000,-0.013171,0.03,3.23
1761904192,0.101161,0.000000,-0.013171,0.03,3.23
1761904195,0.101161,0.000000,-0.013171,0.03,3.23
1761904198,0.101161,0.000000,-0.013171,0.03,3.23
1761904201,0.101161,0.000000,-0.013171,0.03,3.23
1761904204,0.101161,0.000000,-0.013171,0.03,3.23
1761904207,0.101161,0.000000,-0.013171,0.03,3.23
1761904210,0.101161,0.000000,-0.013171,0.03,3.23
1761904213,0.101161,0.000000,-0.013171,0.03,3.23
1761904216,0.101161,0.000000,-0.013171,0.03,3.23
1761904219,0.101161,0.000000,-0.013171,0.03,3.23
1761904222,0.101161,0.000000,-0.013171,0.03,3.23
1761904225,0.101161,0.000000,-0.013171,0.03,3.23
1761904228,0.101161,0.000000,-0.013171,0.03,3.23
1761904231,0.101161,0.000000,-0.013171,0.03,3.23
1761904234,0.101161,0.000000,-0.013171,0.03,3.23
1761904237,0.101161,0.000000,-0.013171,0.03,3.23
1761904240,0.101161,0.000000,-0.013171,0.03,3.23
1761904243,0.101161,0.000000,-0.013171,0.03,3.23
1761904246,0.101161,0.000000,-0.013171,0.03,3.23
1761904249,0.101161,0.000000,-0.013171,0.03,3.23
1761904252,0.101161,0.000000,-0.013171,0.03,3.23
1761904255,0.101161,0.000000,-0.013171,0.03,3.23
1761904258,0.101161,0.000000,-0.013171,0.03,3.23
1761904261,0.101161,0.000000,-0.013171,0.03,3.23
1761904264,0.101161,0.000000,-0.013171,0.03,3.23
1761904267,0.101161,0.000000,-0.013171,0.03,3.23
1761904270,0.101161,0.000000,-0.013171,0.03,3.23
1761904273,0.101161,0.000000,-0.013171,0.03,3.23
1761904276,0.101161,0.000000,-0.013171,0.03,3.23
1761904279,0.101161,0.000000,-0.013171,0.03,3.23
1761904282,0.101161,0.000000,-0.013171,0.03,3.23
1761904285,0.101161,0.000000,-0.013171,0.03,3.23
1761904288,0.101161,0.000000,-0.013171,0.03,3.23
1761904291,0.101161,0.000000,-0.013171,0.03,3.23
1761904294,0.101161,0.000000,-0.013171,0.03,3.23
1761904297,0.101161,0.000000,-0.013171,0.03,3.23
1761904300,0.101161,0.000000,-0.013171,0.03,3.23
1761904303,0.101161,0.000000,-0.013171,0.03,3.23
1761904306,0.101161,0.000000,-0.013171,0.03,3.23
1761904309,0.101161,0.000000,-0.013171,0.03,3.23
1761904312,0.101161,0.000000,-0.013171,0.03,3.23
1761904315,0.101161,0.000000,-0.013171,0.03,3.23
1761904318,0.101161,0.000000,-0.013171,0.03,3.23
1761904321,0.101161,0.000000,-0.013171,0.03,3.23
1761904324,0.101161,0.000000,-0.013171,0.03,3.23
1761904327,0.101161,0.000000,-0.013171,0.03,3.23
1761904330,0.101161,0.000000,-0.013171,0.03,3.23
1761904333,0.101161,0.000000,-0.013171,0.03,3.23
1761904336,0.101161,0.000000,-0.013171,0.03,3.23
1761904339,0.101161,0.000000,-0.013171,0.03,3.23
1761904342,0.101161,0.000000,-0.013171,0.03,3.23
1761904345,0.101161,0.000000,-0.013171,0.03,3.23
1761904348,0.101161,0.000000,-0.013171,0.03,3.23
1761904351,0.101161,0.000000,-0.013171,0.03,3.23
1761904354,0.101161,0.000000,-0.013171,0.03,3.23
1761904357,0.101161,0.000000,-0.013171,0.03,3.23
1761904360,0.101161,0.000000,-0.013171,0.03,3.23
1761904363,0.101161,0.000000,-0.013171,0.03,3.23
1761904366,0.101161,0.000000,-0.013171,0.03,3.23
1761904369,0.101161,0.000000,-0.013171,0.03,3.23
1761904372,0.101161,0.000000,-0.013171,0.03,3.23
1761904375,0.101161,0.000000,-0.013171,0.03,3.23
1761904378,0.101161,0.000000,-0.013171,0.03,3.23
1761904381,0.101161,0.000000,-0.013171,0.03,3.23
1761904384,0.101161,0.000000,-0.013171,0.03,3.23
1761904387,0.101161,0.000000,-0.013171,0.03,3.23
1761904390,0.101161,0.000000,-0.013171,0.03,3.23
1761904393,0.101161,0.000000,-0.013171,0.03,3.23
1761904396,0.101161,0.000000,-0.013171,0.03,3.23
1761904399,0.101161,0.000000,-0.013171,0.03,3.23
1761904402,0.101161,0.000000,-0.013171,0.03,3.23
1761904405,0.101161,0.000000,-0.013171,0.03,3.23
1761904408,0.101161,0.000000,-0.013171,0.03,3.23
1761904411,0.101161,0.000000,-0.013171,0.03,3.23
1761904414,0.101161,0.000000,-0.013171,0.03,3.23
1761904417,0.101161,0.000000,-0.013171,0.03,3.23
1761904420,0.101161,0.000000,-0.013171,0.03,3.23
1761904423,0.101161,0.000000,-0.013171,0.03,3.23
1761904426,0.101161,0.000000,-0.013171,0.03,3.23
1761904429,0.101161,0.000000,-0.013171,0.03,3.23
1761904432,0.101161,0.000000,-0.013171,0.03,3.23
1761904435,0.101161,0.000000,-0.013171,0.03,3.23
1761904438,0.101161,0.000000,-0.013171,0.03,3.23
1761904441,0.101161,0.000000,-0.013171,0.03,3.23
1761904444,0.101161,0.000000,-0.013171,0.03,3.23
1761904447,0.101161,0.000000,-0.013171,0.03,3.23
1761904450,0.101161,0.000000,-0.013171,0.03,3.23
1761904453,0.101161,0.000000,-0.013171,0.03,3.23
1761904456,0.101161,0.000000,-0.013171,0.03,3.23
1761904459,0.101161,0.000000,-0.013171,0.03,3.23
1761904462,0.101161,0.000000,-0.013171,0.03,3.23
1761904465,0.101161,0.000000,-0.013171,0.03,3.23
1761904468,0.101161,0.000000,-0.013171,0.03,3.23
1761904471,0.101161,0.000000,-0.013171,0.03,3.23
1761904474,0.101161,0.000000,-0.013171,0.03,3.23
1761904477,0.101161,0.000000,-0.013171,0.03,3.23
1761904480,0.101161,0.000000,-0.013171,0.03,3.23
1761904483,0.101161,0.000000,-0.013171,0.03,3.23
1761904486,0.101161,0.000000,-0.013171,0.03,3.23
1761904489,0.101161,0.000000,-0.013171,0.03,3.23
1761904492,0.101161,0.000000,-0.013171,0.03,3.23
1761904495,0.101161,0.000000,-0.013171,0.03,3.23
1761904498,0.101161,0.000000,-0.013171,0.03,3.23
1761904501,0.101161,0.000000,-0.013171,0.03,3.23
1761904504,0.101161,0.000000,-0.013171,0.03,3.23
1761904507,0.101161,0.000000,-0.013171,0.03,3.23
1761904510,0.101161,0.000000,-0.013171,0.03,3.23
1761904513,0.101161,0.000000,-0.013171,0.03,3.23
1761904516,0.101161,0.000000,-0.013171,0.03,3.23
1761904519,0.101161,0.000000,-0.013171,0.03,3.23
1761904522,0.101161,0.000000,-0.013171,0.03,3.23
1761904525,0.101161,0.000000,-0.013171,0.03,3.23
1761904528,0.101161,0.000000,-0.013171,0.03,3.23
1761904531,0.101161,0.000000,-0.013171,0.03,3.23
1761904534,0.101161,0.000000,-0.013171,0.03,3.23
1761904537,0.101161,0.000000,-0.013171,0.03,3.23
1761904540,0.101161,0.000000,-0.013171,0.03,3.23
1761904543,0.101161,0.000000,-0.013171,0.03,3.23
1761904546,0.101161,0.000000,-0.013171,0.03,3.23
1761904549,0.101161,0.000000,-0.013171,0.03,3.23
1761904552,0.101161,0.000000,-0.013171,0.03,3.23
1761904555,0.101161,0.000000,-0.013171,0.03,3.23
1761904558,0.101161,0.000000,-0.013171,0.03,3.23
1761904561,0.101161,0.000000,-0.013171,0.03,3.23
1761904564,0.101161,0.000000,-0.013171,0.03,3.23
1761904567,0.101161,0.000000,-0.013171,0.03,3.23
1761904570,0.101161,0.000000,-0.013171,0.03,3.23
1761904573,0.101161,0.000000,-0.013171,0.03,3.23
1761904576,0.101161,0.000000,-0.013171,0.03,3.23
1761904579,0.101161,0.000000,-0.013171,0.03,3.23
1761904582,0.101161,0.000000,-0.013171,0.03,3.23
1761904585,0.101161,0.000000,-0.013171,0.03,3.23
1761904588,0.101161,0.000000,-0.013171,0.03,3.23
1761904591,0.101161,0.000000,-0.013171,0.03,3.23
1761904594,0.101161,0.000000,-0.013171,0.03,3.23
1761904597,0.101161,0.000000,-0.013171,0.03,3.23
1761904600,0.101161,0.000000,-0.013171,0.03,3.23
1761904603,0.101161,0.000000,-0.013171,0.03,3.23
1761904606,0.101161,0.000000,-0.013171,0.03,3.23
1761904609,0.101161,0.000000,-0.013171,0.03,3.23
1761904612,0.101161,0.000000,-0.013171,0.03,3.23
1761904615,0.101161,0.000000,-0.013171,0.03,3.23
1761904618,0.101161,0.000000,-0.013171,0.03,3.23
1761904621,0.101161,0.000000,-0.013171,0.03,3.23
1761904624,0.101161,0.000000,-0.013171,0.03,3.23
1761904627,0.101161,0.000000,-0.013171,0.03,3.23
1761904630,0.101161,0.000000,-0.013171,0.03,3.23
1761904633,0.101161,0.000000,-0.013171,0.03,3.23
1761904636,0.101161,0.000000,-0.013171,0.03,3.23
1761904639,0.101161,0.000000,-0.013171,0.03,3.23
1761904642,0.101161,0.000000,-0.013171,0.03,3.23
1761904645,0.101161,0.000000,-0.013171,0.03,3.23
1761904648,0.101161,0.000000,-0.013171,0.03,3.23
1761904651,0.101161,0.000000,-0.013171,0.03,3.23
1761904654,0.101161,0.000000,-0.013171,0.03,3.23
1761904657,0.101161,0.000000,-0.013171,0.03,3.23
1761904660,0.101161,0.000000,-0.013171,0.03,3.23
1761904663,0.101161,0.000000,-0.013171,0.03,3.23
1761904666,0.101161,0.000000,-0.013171,0.03,3.23
1761904669,0.101161,0.000000,-0.013171,0.03,3.23
1761904672,0.101161,0.000000,-0.013171,0.03,3.23
1761904675,0.101161,0.000000,-0.013171,0.03,3.23
1761904678,0.101161,0.000000,-0.013171,0.03,3.23
1761904681,0.101161,0.000000,-0.013171,0.03,3.23
1761904684,0.101161,0.000000,-0.013171,0.03,3.23
1761904687,0.101161,0.000000,-0.013171,0.03,3.23
1761904690,0.101161,0.000000,-0.013171,0.03,3.23
1761904693,0.101161,0.000000,-0.013171,0.03,3.23
1761904696,0.101161,0.000000,-0.013171,0.03,3.23
1761904699,0.101161,0.000000,-0.013171,0.03,3.23
1761904702,0.101161,0.000000,-0.013171,0.03,3.23
1761904705,0.101161,0.000000,-0.013171,0.03,3.23
1761904708,0.101161,0.000000,-0.013171,0.03,3.23
1761904711,0.101161,0.000000,-0.013171,0.03,3.23
1761904714,0.101161,0.000000,-0.013171,0.03,3.23
1761904717,0.101161,0.000000,-0.013171,0.03,3.23
1761904720,0.101161,0.000000,-0.013171,0.03,3.23
1761904723,0.101161,0.000000,-0.013171,0.03,3.23
1761904726,0.101161,0.000000,-0.013171,0.03,3.23
1761904729,0.101161,0.000000,-0.013171,0.03,3.23
1761904732,0.101161,0.000000,-0.013171,0.03,3.23
1761904735,0.101161,0.000000,-0.013171,0.03,3.23
1761904738,0.101161,0.000000,-0.013171,0.03,3.23
1761904741,0.101161,0.000000,-0.013171,0.03,3.23
1761904744,0.101161,0.000000,-0.013171,0.03,3.23
1761904747,0.101161,0.000000,-0.013171,0.03,3.23
1761904750,0.101161,0.000000,-0.013171,0.03,3.23
1761904753,0.101161,0.000000,-0.013171,0.03,3.23
1761904756,0.101161,0.000000,-0.013171,0.03,3.23
1761904759,0.101161,0.000000,-0.013171,0.03,3.23
1761904762,0.101161,0.000000,-0.013171,0.03,3.23
1761904765,0.101161,0.000000,-0.013171,0.03,3.23
1761904768,0.101161,0.000000,-0.013171,0.03,3.23
1761904771,0.101161,0.000000,-0.013171,0.03,3.23
1761904774,0.101161,0.000000,-0.013171,0.03,3.23
1761904777,0.101161,0.000000,-0.013171,0.03,3.23
1761904780,0.101161,0.000000,-0.013171,0.03,3.23
1761904783,0.101161,0.000000,-0.013171,0.03,3.23
1761904786,0.101161,0.000000,-0.013171,0.03,3.23
1761904789,0.101161,0.000000,-0.013171,0.03,3.23
1761904792,0.101161,0.000000,-0.013171,0.03,3.23
1761904795,0.101161,0.000000,-0.013171,0.03,3.23
1761904798,0.101161,0.000000,-0.013171,0.03,3.23
1761904801,0.101161,0.000000,-0.013171,0.03,3.23
1761904804,0.101161,0.000000,-0.013171,0.03,3.23
1761904807,0.101161,0.000000,-0.013171,0.03,3.23
1761904810,0.101161,0.000000,-0.013171,0.03,3.23
1761904813,0.101161,0.000000,-0.013171,0.03,3.23
1761904816,0.101161,0.000000,-0.013171,0.03,3.23
1761904819,0.101161,0.000000,-0.013171,0.03,3.23
1761904822,0.101161,0.000000,-0.013171,0.03,3.23
1761904825,0.101161,0.000000,-0.013171,0.03,3.23
1761904828,0.101161,0.000000,-0.013171,0.03,3.23
1761904831,0.101161,0.000000,-0.013171,0.03,3.23
1761904834,0.101161,0.000000,-0.013171,0.03,3.23
1761904837,0.101161,0.000000,-0.013171,0.03,3.23
1761904840,0.101161,0.000000,-0.013171,0.03,3.23
1761904843,0.101161,0.000000,-0.013171,0.03,3.23
1761904846,0.101161,0.000000,-0.013171,0.03,3.23
1761904849,0.101161,0.000000,-0.013171,0.03,3.23
1761904852,0.101161,0.000000,-0.013171,0.03,3.23
1761904855,0.101161,0.000000,-0.013171,0.03,3.23
1761904858,0.101161,0.000000,-0.013171,0.03,3.23
1761904861,0.101161,0.000000,-0.013171,0.03,3.23
1761904864,0.101161,0.000000,-0.013171,0.03,3.23
1761904867,0.101161,0.000000,-0.013171,0.03,3.23
1761904870,0.101161,0.000000,-0.013171,0.03,3.23
1761904873,0.101161,0.000000,-0.013171,0.03,3.23
1761904876,0.101161,0.000000,-0.013171,0.03,3.23
1761904879,0.101161,0.000000,-0.013171,0.03,3.23
1761904882,0.101161,0.000000,-0.013171,0.03,3.23
1761904885,0.101161,0.000000,-0.013171,0.03,3.23
1761904888,0.101161,0.000000,-0.013171,0.03,3.23
1761904891,0.101161,0.000000,-0.013171,0.03,3.23
1761904894,0.101161,0.000000,-0.013171,0.03,3.23
1761904897,0.101161,0.000000,-0.013171,0.03,3.23
1761904900,0.101161,0.000000,-0.013171,0.03,3.23
1761904903,0.101161,0.000000,-0.013171,0.03,3.23
1761904906,0.101161,0.000000,-0.013171,0.03,3.23
1761904909,0.101161,0.000000,-0.013171,0.03,3.23
1761904912,0.101161,0.000000,-0.013171,0.03,3.23
1761904915,0.101161,0.000000,-0.013171,0.03,3.23
1761904918,0.101161,0.000000,-0.013171,0.03,3.23
1761904921,0.101161,0.000000,-0.013171,0.03,3.23
1761904924,0.101161,0.000000,-0.013171,0.03,3.23
1761904927,0.101161,0.000000,-0.013171,0.03,3.23
1761904930,0.101161,0.000000,-0.013171,0.03,3.23
1761904933,0.101161,0.000000,-0.013171,0.03,3.23
1761904936,0.101161,0.000000,-0.013171,0.03,3.23
1761904939,0.101161,0.000000,-0.013171,0.03,3.23
1761904942,0.101161,0.000000,-0.013171,0.03,3.23
1761904945,0.101161,0.000000,-0.013171,0.03,3.23
1761904948,0.101161,0.000000,-0.013171,0.03,3.23
1761904951,0.101161,0.000000,-0.013171,0.03,3.23
1761904954,0.101161,0.000000,-0.013171,0.03,3.23
1761904957,0.101161,0.000000,-0.013171,0.03,3.23
1761904960,0.101161,0.000000,-0.013171,0.03,3.23
1761904963,0.101161,0.000000,-0.013171,0.03,3.23
1761904966,0.101161,0.000000,-0.013171,0.03,3.23
1761904969,0.101161,0.000000,-0.013171,0.03,3.23
1761904972,0.101161,0.000000,-0.013171,0.03,3.23
1761904975,0.101161,0.000000,-0.013171,0.03,3.23
1761904978,0.101161,0.000000,-0.013171,0.03,3.23
1761904981,0.101161,0.000000,-0.013171,0.03,3.23
1761904984,0.101161,0.000000,-0.013171,0.03,3.23
1761904987,0.101161,0.000000,-0.013171,0.03,3.23
1761904990,0.101161,0.000000,-0.013171,0.03,3.23
1761904993,0.101161,0.000000,-0.013171,0.03,3.23
1761904996,0.101161,0.000000,-0.013171,0.03,3.23
1761904999,0.101161,0.000000,-0.013171,0.03,3.23
1761905002,0.101161,0.000000,-0.013171,0.03,3.23
1761905005,0.101161,0.000000,-0.013171,0.03,3.23
1761905008,0.101161,0.000000,-0.013171,0.03,3.23
1761905011,0.101161,0.000000,-0.013171,0.03,3.23
1761905014,0.101161,0.000000,-0.013171,0.03,3.23
1761905017,0.101161,0.000000,-0.013171,0.03,3.23
1761905020,0.101161,0.000000,-0.013171,0.03,3.23
1761905023,0.101161,0.000000,-0.013171,0.03,3.23
1761905026,0.101161,0.000000,-0.013171,0.03,3.23
1761905029,0.101161,0.000000,-0.013171,0.03,3.23
1761905032,0.101161,0.000000,-0.013171,0.03,3.23
1761905035,0.101161,0.000000,-0.013171,0.03,3.23
1761905038,0.101161,0.000000,-0.013171,0.03,3.23
1761905041,0.101161,0.000000,-0.013171,0.03,3.23
1761905044,0.101161,0.000000,-0.013171,0.03,3.23
1761905047,0.101161,0.000000,-0.013171,0.03,3.23
1761905050,0.101161,0.000000,-0.013171,0.03,3.23
1761905053,0.101161,0.000000,-0.013171,0.03,3.23
1761905056,0.101161,0.000000,-0.013171,0.03,3.23
1761905059,0.101161,0.000000,-0.013171,0.03,3.23
1761905062,0.101161,0.000000,-0.013171,0.03,3.23
1761905065,0.101161,0.000000,-0.013171,0.03,3.23
1761905068,0.101161,0.000000,-0.013171,0.03,3.23
1761905071,0.101161,0.000000,-0.013171,0.03,3.23
1761905074,0.101161,0.000000,-0.013171,0.03,3.23
1761905077,0.101161,0.000000,-0.013171,0.03,3.23
1761905080,0.101161,0.000000,-0.013171,0.03,3.23
1761905083,0.101161,0.000000,-0.013171,0.03,3.23
1761905086,0.101161,0.000000,-0.013171,0.03,3.23
1761905089,0.101161,0.000000,-0.013171,0.03,3.23
1761905092,0.101161,0.000000,-0.013171,0.03,3.23
1761905095,0.101161,0.000000,-0.013171,0.03,3.23
1761905098,0.101161,0.000000,-0.013171,0.03,3.23
1761905101,0.101161,0.000000,-0.013171,0.03,3.23
1761905104,0.101161,0.000000,-0.013171,0.03,3.23
1761905107,0.101161,0.000000,-0.013171,0.03,3.23
1761905110,0.101161,0.000000,-0.013171,0.03,3.23
1761905113,0.101161,0.000000,-0.013171,0.03,3.23
1761905116,0.101161,0.000000,-0.013171,0.03,3.23
1761905119,0.101161,0.000000,-0.013171,0.03,3.23
1761905122,0.101161,0.000000,-0.013171,0.03,3.23
1761905125,0.101161,0.000000,-0.013171,0.03,3.23
1761905128,0.101161,0.000000,-0.013171,0.03,3.23
1761905131,0.101161,0.000000,-0.013171,0.03,3.23
1761905134,0.101161,0.000000,-0.013171,0.03,3.23
1761905137,0.101161,0.000000,-0.013171,0.03,3.23
1761905140,0.101161,0.000000,-0.013171,0.03,3.23
1761905143,0.101161,0.000000,-0.013171,0.03,3.23
1761905146,0.101161,0.000000,-0.013171,0.03,3.23
1761905149,0.101161,0.000000,-0.013171,0.03,3.23
1761905152,0.101161,0.000000,-0.013171,0.03,3.23
1761905155,0.101161,0.000000,-0.013171,0.03,3.23
1761905158,0.101161,0.000000,-0.013171,0.03,3.23
1761905161,0.101161,0.000000,-0.013171,0.03,3.23
1761905164,0.101161,0.000000,-0.013171,0.03,3.23
1761905167,0.101161,0.000000,-0.013171,0.03,3.23
1761905170,0.101161,0.000000,-0.013171,0.03,3.23
1761905173,0.101161,0.000000,-0.013171,0.03,3.23
1761905176,0.101161,0.000000,-0.013171,0.03,3.23
1761905179,0.101161,0.000000,-0.013171,0.03,3.23
1761905182,0.101161,0.000000,-0.013171,0.03,3.23
1761905185,0.101161,0.000000,-0.013171,0.03,3.23
1761905188,0.101161,0.000000,-0.013171,0.03,3.23
1761905191,0.101161,0.000000,-0.013171,0.03,3.23
1761905194,0.101161,0.000000,-0.013171,0.03,3.23
1761905197,0.101161,0.000000,-0.013171,0.03,3.23
1761905200,0.101161,0.000000,-0.013171,0.03,3.23
1761905203,0.101161,0.000000,-0.013171,0.03,3.23
1761905206,0.101161,0.000000,-0.013171,0.03,3.23
1761905209,0.101161,0.000000,-0.013171,0.03,3.23
1761905212,0.101161,0.000000,-0.013171,0.03,3.23
1761905215,0.101161,0.000000,-0.013171,0.03,3.23
1761905218,0.101161,0.000000,-0.013171,0.03,3.23
1761905221,0.101161,0.000000,-0.013171,0.03,3.23
1761905224,0.101161,0.000000,-0.013171,0.03,3.23
1761905227,0.101161,0.000000,-0.013171,0.03,3.23
1761905230,0.101161,0.000000,-0.013171,0.03,3.23
1761905233,0.101161,0.000000,-0.013171,0.03,3.23
1761905236,0.101161,0.000000,-0.013171,0.03,3.23
1761905239,0.101161,0.000000,-0.013171,0.03,3.23
1761905242,0.101161,0.000000,-0.013171,0.03,3.23
1761905245,0.101161,0.000000,-0.013171,0.03,3.23
1761905248,0.101161,0.000000,-0.013171,0.03,3.23
1761905251,0.101161,0.000000,-0.013171,0.03,3.23
1761905254,0.101161,0.000000,-0.013171,0.03,3.23
1761905257,0.101161,0.000000,-0.013171,0.03,3.23
1761905260,0.101161,0.000000,-0.013171,0.03,3.23
1761905263,0.101161,0.000000,-0.013171,0.03,3.23
1761905266,0.101161,0.000000,-0.013171,0.03,3.23
1761905269,0.101161,0.000000,-0.013171,0.03,3.23
1761905272,0.101161,0.000000,-0.013171,0.03,3.23
1761905275,0.101161,0.000000,-0.013171,0.03,3.23
1761905278,0.101161,0.000000,-0.013171,0.03,3.23
1761905281,0.101161,0.000000,-0.013171,0.03,3.23
1761905284,0.101161,0.000000,-0.013171,0.03,3.23
1761905287,0.101161,0.000000,-0.013171,0.03,3.23
1761905290,0.101161,0.000000,-0.013171,0.03,3.23
1761905293,0.101161,0.000000,-0.013171,0.03,3.23
1761905296,0.101161,0.000000,-0.013171,0.03,3.23
1761905299,0.101161,0.000000,-0.013171,0.03,3.23
1761905302,0.101161,0.000000,-0.013171,0.03,3.23
1761905305,0.101161,0.000000,-0.013171,0.03,3.23
1761905308,0.101161,0.000000,-0.013171,0.03,3.23
1761905311,0.101161,0.000000,-0.013171,0.03,3.23
1761905314,0.101161,0.000000,-0.013171,0.03,3.23
1761905317,0.101161,0.000000,-0.013171,0.03,3.23
1761905320,0.101161,0.000000,-0.013171,0.03,3.23
1761905323,0.101161,0.000000,-0.013171,0.03,3.23
1761905326,0.101161,0.000000,-0.013171,0.03,3.23
1761905329,0.101161,0.000000,-0.013171,0.03,3.23
1761905332,0.101161,0.000000,-0.013171,0.03,3.23
1761905335,0.101161,0.000000,-0.013171,0.03,3.23
1761905338,0.101161,0.000000,-0.013171,0.03,3.23
1761905341,0.101161,0.000000,-0.013171,0.03,3.23
1761905344,0.101161,0.000000,-0.013171,0.03,3.23
1761905347,0.101161,0.000000,-0.013171,0.03,3.23
1761905350,0.101161,0.000000,-0.013171,0.03,3.23
1761905353,0.101161,0.000000,-0.013171,0.03,3.23
1761905356,0.101161,0.000000,-0.013171,0.03,3.23
1761905359,0.101161,0.000000,-0.013171,0.03,3.23
1761905362,0.101161,0.000000,-0.013171,0.03,3.23
1761905365,0.101161,0.000000,-0.013171,0.03,3.23
1761905368,0.101161,0.000000,-0.013171,0.03,3.23
1761905371,0.101161,0.000000,-0.013171,0.03,3.23
1761905374,0.101161,0.000000,-0.013171,0.03,3.23
1761905377,0.101161,0.000000,-0.013171,0.03,3.23
1761905380,0.101161,0.000000,-0.013171,0.03,3.23
1761905383,0.101161,0.000000,-0.013171,0.03,3.23
1761905386,0.101161,0.000000,-0.013171,0.03,3.23
1761905389,0.101161,0.000000,-0.013171,0.03,3.23
1761905392,0.101161,0.000000,-0.013171,0.03,3.23
1761905395,0.101161,0.000000,-0.013171,0.03,3.23
1761905398,0.101161,0.000000,-0.013171,0.03,3.23
1761905401,0.101161,0.000000,-0.013171,0.03,3.23
1761905404,0.101161,0.000000,-0.013171,0.03,3.23
1761905407,0.101161,0.000000,-0.013171,0.03,3.23
1761905410,0.101161,0.000000,-0.013171,0.03,3.23
1761905413,0.101161,0.000000,-0.013171,0.03,3.23
1761905416,0.101161,0.000000,-0.013171,0.03,3.23
1761905419,0.101161,0.000000,-0.013171,0.03,3.23
1761905422,0.101161,0.000000,-0.013171,0.03,3.23
1761905425,0.101161,0.000000,-0.013171,0.03,3.23
1761905428,0.101161,0.000000,-0.013171,0.03,3.23
1761905431,0.101161,0.000000,-0.013171,0.03,3.23
1761905434,0.101161,0.000000,-0.013171,0.03,3.23
1761905437,0.101161,0.000000,-0.013171,0.03,3.23
1761905440,0.101161,0.000000,-0.013171,0.03,3.23
1761905443,0.101161,0.000000,-0.013171,0.03,3.23
1761905446,0.101161,0.000000,-0.013171,0.03,3.23
1761905449,0.101161,0.000000,-0.013171,0.03,3.23
1761905452,0.101161,0.000000,-0.013171,0.03,3.23
1761905455,0.101161,0.000000,-0.013171,0.03,3.23
1761905458,0.101161,0.000000,-0.013171,0.03,3.23
1761905461,0.101161,0.000000,-0.013171,0.03,3.23
1761905464,0.101161,0.000000,-0.013171,0.03,3.23
1761905467,0.101161,0.000000,-0.013171,0.03,3.23
1761905470,0.101161,0.000000,-0.013171,0.03,3.23
1761905473,0.101161,0.000000,-0.013171,0.03,3.23
1761905476,0.101161,0.000000,-0.013171,0.03,3.23
1761905479,0.101161,0.000000,-0.013171,0.03,3.23
1761905482,0.101161,0.000000,-0.013171,0.03,3.23
1761905485,0.101161,0.000000,-0.013171,0.03,3.23
1761905488,0.101161,0.000000,-0.013171,0.03,3.23
1761905491,0.101161,0.000000,-0.013171,0.03,3.23
1761905494,0.101161,0.000000,-0.013171,0.03,3.23
1761905497,0.101161,0.000000,-0.013171,0.03,3.23
1761905500,0.101161,0.000000,-0.013171,0.03,3.23
1761905503,0.101161,0.000000,-0.013171,0.03,3.23
1761905506,0.101161,0.000000,-0.013171,0.03,3.23
1761905509,0.101161,0.000000,-0.013171,0.03,3.23
1761905512,0.101161,0.000000,-0.013171,0.03,3.23
1761905515,0.101161,0.000000,-0.013171,0.03,3.23
1761905518,0.101161,0.000000,-0.013171,0.03,3.23
1761905521,0.101161,0.000000,-0.013171,0.03,3.23
1761905524,0.101161,0.000000,-0.013171,0.03,3.23
1761905527,0.101161,0.000000,-0.013171,0.03,3.23
1761905530,0.101161,0.000000,-0.013171,0.03,3.23
1761905533,0.101161,0.000000,-0.013171,0.03,3.23
1761905536,0.101161,0.000000,-0.013171,0.03,3.23
1761905539,0.101161,0.000000,-0.013171,0.03,3.23
1761905542,0.101161,0.000000,-0.013171,0.03,3.23
1761905545,0.101161,0.000000,-0.013171,0.03,3.23
1761905548,0.101161,0.000000,-0.013171,0.03,3.23
1761905551,0.101161,0.000000,-0.013171,0.03,3.23
1761905554,0.101161,0.000000,-0.013171,0.03,3.23
1761905557,0.101161,0.000000,-0.013171,0.03,3.23
1761905560,0.101161,0.000000,-0.013171,0.03,3.23
1761905563,0.101161,0.000000,-0.013171,0.03,3.23
1761905566,0.101161,0.000000,-0.013171,0.03,3.23
1761905569,0.101161,0.000000,-0.013171,0.03,3.23
1761905572,0.101161,0.000000,-0.013171,0.03,3.23
1761905574,0.101161,0.000000,-0.013171,0.03,3.23
1761905578,0.101161,0.000000,-0.013171,0.03,3.23
1761905580,0.101161,0.000000,-0.013171,0.03,3.23
1761905583,0.101161,0.000000,-0.013171,0.03,3.23
1761905587,0.101161,0.000000,-0.013171,0.03,3.23
1761905589,0.101161,0.000000,-0.013171,0.03,3.23
1761905592,0.101161,0.000000,-0.013171,0.03,3.23
1761905596,0.101161,0.000000,-0.013171,0.03,3.23
1761905599,0.101161,0.000000,-0.013171,0.03,3.23
1761905601,0.101161,0.000000,-0.013171,0.03,3.23
1761905605,0.101161,0.000000,-0.013171,0.03,3.23
1761905607,0.101161,0.000000,-0.013171,0.03,3.23
1761905610,0.101161,0.000000,-0.013171,0.03,3.23
1761905614,0.101161,0.000000,-0.013171,0.03,3.23
1761905616,0.101161,0.000000,-0.013171,0.03,3.23
1761905619,0.101161,0.000000,-0.013171,0.03,3.23
1761905622,0.101161,0.000000,-0.013171,0.03,3.23
1761905625,0.101161,0.000000,-0.013171,0.03,3.23
1761905628,0.101161,0.000000,-0.013171,0.03,3.23
1761905631,0.101161,0.000000,-0.013171,0.03,3.23
1761905634,0.101161,0.000000,-0.013171,0.03,3.23
1761905637,0.101161,0.000000,-0.013171,0.03,3.23
1761905640,0.101161,0.000000,-0.013171,0.03,3.23
1761905643,0.101161,0.000000,-0.013171,0.03,3.23
1761905646,0.101161,0.000000,-0.013171,0.03,3.23
1761905649,0.101161,0.000000,-0.013171,0.03,3.23
1761905652,0.101161,0.000000,-0.013171,0.03,3.23
1761905655,0.101161,0.000000,-0.013171,0.03,3.23
1761905658,0.101161,0.000000,-0.013171,0.03,3.23
1761905661,0.101161,0.000000,-0.013171,0.03,3.23
1761905664,0.101161,0.000000,-0.013171,0.03,3.23
1761905667,0.101161,0.000000,-0.013171,0.03,3.23
1761905670,0.101161,0.000000,-0.013171,0.03,3.23
1761905673,0.101161,0.000000,-0.013171,0.03,3.23
1761905676,0.101161,0.000000,-0.013171,0.03,3.23
1761905679,0.101161,0.000000,-0.013171,0.03,3.23
1761905682,0.101161,0.000000,-0.013171,0.03,3.23
1761905685,0.101161,0.000000,-0.013171,0.03,3.23
1761905688,0.101161,0.000000,-0.013171,0.03,3.23
1761905691,0.101161,0.000000,-0.013171,0.03,3.23
1761905694,0.101161,0.000000,-0.013171,0.03,3.23
1761905697,0.101161,0.000000,-0.013171,0.03,3.23
1761905700,0.101161,0.000000,-0.013171,0.03,3.23
1761905703,0.101161,0.000000,-0.013171,0.03,3.23
1761905706,0.101161,0.000000,-0.013171,0.03,3.23
1761905709,0.101161,0.000000,-0.013171,0.03,3.23
1761905712,0.101161,0.000000,-0.013171,0.03,3.23
1761905715,0.101161,0.000000,-0.013171,0.03,3.23
1761905718,0.101161,0.000000,-0.013171,0.03,3.23
1761905721,0.101161,0.000000,-0.013171,0.03,3.23
1761905724,0.101161,0.000000,-0.013171,0.03,3.23
1761905727,0.101161,0.000000,-0.013171,0.03,3.23
1761905730,0.101161,0.000000,-0.013171,0.03,3.23
1761905733,0.101161,0.000000,-0.013171,0.03,3.23
1761905736,0.101161,0.000000,-0.013171,0.03,3.23
1761905739,0.101161,0.000000,-0.013171,0.03,3.23
1761905742,0.101161,0.000000,-0.013171,0.03,3.23
1761905745,0.101161,0.000000,-0.013171,0.03,3.23
1761905748,0.101161,0.000000,-0.013171,0.03,3.23
1761905751,0.101161,0.000000,-0.013171,0.03,3.23
1761905754,0.101161,0.000000,-0.013171,0.03,3.23
1761905757,0.101161,0.000000,-0.013171,0.03,3.23
1761905760,0.101161,0.000000,-0.013171,0.03,3.23
1761905763,0.101161,0.000000,-0.013171,0.03,3.23
1761905766,0.101161,0.000000,-0.013171,0.03,3.23
1761905769,0.101161,0.000000,-0.013171,0.03,3.23
1761905772,0.101161,0.000000,-0.013171,0.03,3.23
1761905775,0.101161,0.000000,-0.013171,0.03,3.23
1761905778,0.101161,0.000000,-0.013171,0.03,3.23
1761905781,0.101161,0.000000,-0.013171,0.03,3.23
1761905784,0.101161,0.000000,-0.013171,0.03,3.23
1761905787,0.101161,0.000000,-0.013171,0.03,3.23
1761905790,0.101161,0.000000,-0.013171,0.03,3.23
1761905793,0.101161,0.000000,-0.013171,0.03,3.23
1761905796,0.101161,0.000000,-0.013171,0.03,3.23
1761905799,0.101161,0.000000,-0.013171,0.03,3.23
1761905802,0.101161,0.000000,-0.013171,0.03,3.23
1761905805,0.101161,0.000000,-0.013171,0.03,3.23
1761905808,0.101161,0.000000,-0.013171,0.03,3.23
1761905811,0.101161,0.000000,-0.013171,0.03,3.23
1761905814,0.101161,0.000000,-0.013171,0.03,3.23
1761905817,0.101161,0.000000,-0.013171,0.03,3.23
1761905820,0.101161,0.000000,-0.013171,0.03,3.23
1761905823,0.101161,0.000000,-0.013171,0.03,3.23
1761905826,0.101161,0.000000,-0.013171,0.03,3.23
1761905829,0.101161,0.000000,-0.013171,0.03,3.23
1761905832,0.101161,0.000000,-0.013171,0.03,3.23
1761905835,0.101161,0.000000,-0.013171,0.03,3.23
1761905838,0.101161,0.000000,-0.013171,0.03,3.23
1761905841,0.101161,0.000000,-0.013171,0.03,3.23
1761905844,0.101161,0.000000,-0.013171,0.03,3.23
1761905847,0.101161,0.000000,-0.013171,0.03,3.23
1761905850,0.101161,0.000000,-0.013171,0.03,3.23
1761905853,0.101161,0.000000,-0.013171,0.03,3.23
1761905856,0.101161,0.000000,-0.013171,0.03,3.23
1761905859,0.101161,0.000000,-0.013171,0.03,3.23
1761905862,0.101161,0.000000,-0.013171,0.03,3.23
