traceId,decision
1a8b2200c8345fb9,false
131a138d28452b6a,false
11e7ee74fe63bcad,false
2b63c9ca0fb21e5d,false
22b0d11028bf6f02,false
08292970a6442095,false
239bb451de7488bb,false
2c86d527998c73e5,false
2aefd620935c388f,false
187b06ad4a59c292,false
1d7205787305db0d,false
0fd5ef2b792f1584,false
03b7e2f8a0e3a02d,false
23c24e993f0beeee,false
1a50f92027cd2838,false
1c38d443d5e58859,false
304a0cce5dd2e46e,false
29778c76c7e7de1b,false
2a5e797492bae4af,false
26ea7c6c55d0abd6,false
22b9c430fc01be75,false
1d05c6f46e03c5ac,false
27e200ae821d3133,false
1838638a974373e9,false
0e0290f8a4962eaf,false
31ce53cc31a338e5,false
237c46b37a36b4eb,true
188e88ed1b8ed63c,false
1ddf66a0ccee1f05,false
2c0565bb5eb27d07,false
2ce49f11ca4ef96a,false
13159c19ff04b02d,true
206464bbb09eed3c,false
24b83c3b39c94395,false
2956b4bf04483a74,false
31cb479f2705c71e,false
02350f11a6214588,false
0ce7dae8eb89ce04,false
1722b10107b72ff0,true
22e245ea3062567e,false
143776e8e0962107,false
1f380eb56bab8b6a,false
0808a046415c87de,false
2950083f366bc7d6,false
21759f85b1f84fbf,false
037b0e38ebec3925,false
26cdc2c6209dd05f,false
0ac5258bb8314506,false
2e4b63fa9a2579e7,false
1d87cd921780ce3f,false
32d174cb632b7402,false
1ee1257ea117b997,false
1056b458e387a747,false
059735ee2ee7f659,false
22b94a34cc96993e,false
2ffa3a50122bff59,false
2fe596b9c81a5f32,false
2f631248122f5242,false
1432fff59380c6ac,false
2e67f0bee1bc45c2,false
0e4effffd324d00d,true
0b76638baf6a914a,false
31a3453ede055480,true
10fbc6018b911f72,false
24eb61747366233d,false
2a65562be6e64852,true
2d4bddfc168db006,false
3052e7688d859be5,false
1ce687438a8ab828,false
2d133ae14ea19208,false
00c8fa00a96a8566,false
03150ce6810d1f6d,false
06e18c3bcea904ed,false
0af7a65c24e17f8d,false
16dcf0903b1e6987,false
191a092e3c3b86e6,false
2f27f163e3337cbc,false
1315bfb0d6fbafce,false
08d9e184a6bcaeac,true
03032a6eb2d1b64e,false
2b526ac7e30f4a7f,false
0b9dacafea0100df,false
1c2951a3818f2961,false
08365b8feeaf1832,false
2374b93ebc80d2e5,false
13cc65ee2c6747be,false
04b02dd895c8515c,false
30f780a8dff2b6df,false
0cb8ae2191e6f7d3,false
027cffcea3b16a0c,false
1faa4da65f832da4,true
03206df64ca6a3bf,false
116ccfc9fcda12b3,false
2735adb4599d7cb2,false
2c25935c51a649ea,false
199cb6fdd74a99e5,false
141bd85731f5213b,true
266d19fe697cd416,true
10d81aa2edfceec3,false
1efad1c6841cb000,false
25ca205d2171dcff,false
2d174f270a1051da,false
018399f624601ae2,false
1e153bb963c34eff,false
0aad68200b33ed8e,false
15aaf86aaad135dc,false
26c39d7c4e9fb314,false
0f836cb715251ecc,true
2c995da6dd42166a,true
1ac3519e5f365e0a,false
2e3fd30e0c8a7c95,true
14f1fdefaf9c7b94,false
32db149a405f6797,false
1dc713af99719d22,false
2e699c9d1cbd1077,false
2cc7257158921f72,false
2b4f5e60edf61462,false
2f7c8524c5bfcbbf,false
119be5833371be07,false
20ca5a8876e537dd,true
1c9f4d27562c7e35,false
1428b82b8c87e110,false
0087f306c6e0ceab,false
1a5f609f6884bf43,false
2ef4930842990b7e,false
2cf961fd99a9d5c0,false
0685d3fcdd15e17a,true
13f7f6c7e8dfe8a5,false
07db6d8608217775,false
048f16d77b806564,false
09b75b39889930ef,false
1363d2ab143fe585,false
1d9439086070a36b,false
2fa009d4d6f8e198,false
1f94143b87583b82,false
2dff61583d2ad036,false
1b2b81cecd1ccca3,false
0cf1e97859d35075,false
18d863ada95b4aa0,false
251290cf003f991f,true
10f86a5e0f07707d,false
26294a4e2061e9f4,false
1bc5d08415e2003e,false
2007456a0141ed40,false
1fbde7d8c9e74497,false
176337725eb05b15,true
0f1108a3c304cc5a,false
2c8e6d0da692dfad,false
1ab11ec67e5d35d8,false
13b1147dc00023d0,false
1db8df04f945ad42,false
084233591667aade,false
2123e9ad7fd449e4,false
162b979602310aef,false
1d684938f276ca37,false
1ec8164116d2a828,false
0e67691d1e67dc8f,false
17496961892da9b7,false
30d7305f1c60cf67,false
1e4ccacbb4cb0420,true
178d98cc1a282c6b,false
0e042cd01bdf0908,true
081bc69a55d026f3,true
310ae82ce6048035,false
05bcf55089765b16,false
0e8885a65fbe8f9f,false
06954b83ae516611,false
1a9d681884f50603,false
0c605e47751fddab,false
2d902dc71e2fc6a0,false
0d2bde6fb18d46c4,false
119c247eee6a2831,false
12312875ccb40a55,false
1b3cba435844b4d4,false
01845221556be1b1,false
1fe53487afcf8b6e,false
18d4ace155017182,false
1257c76b013169b8,false
27d89510558cec89,false
2dab6ebd443f1255,true
2860d815ea3acde8,false
2087da2a559da408,false
2ed0d940f299cb7a,false
3066c156210aa23f,false
03d7e0294968ee47,false
13c031da2f798122,false
1a9fac5fabef9f1e,false
0747b61e7a1beea5,false
111e01643be3a180,true
21feeb17f4209dd4,false
12b0f8c1bb044329,false
1739f139d77b91ba,false
0233afde39c2d245,false
2b7d00c35b7f9e32,false
080156ad2f55ef99,false
1144b08b1b5eaeea,false
25900f95ec9d9f52,false
1753cae6627af74b,false
0694d023dff10419,false
1a396253d5aaee06,false
318c0a52ceb8fed2,false
24425ee91f754807,false
00670eeb6335df35,false
30221f0afbe04b5a,false
032d02cd183a4e71,false
0f7090ce817f95e9,false
2f622941ff495755,false
1c34459069577529,false
11d1a91d9b82dad3,false
0e58dc98869b4327,false
276e202669ee4cf7,false
0b44412ee0b00853,false
00d2c0ddbd2f1af8,false
13cb9e107227caf7,false
136e849722c23407,false
1fb3c37a1b56b79c,false
239e4e075ff9ce4a,false
219432f4307e8911,false
010ff3a14ac5026c,false
2f6b62cd52640963,false
21422159c78084ca,false
2dec648e209e2442,false
12b4ebd65d6ae71d,false
100fe4d9d0d61c2f,false
077a05c00def3f5e,false
063da61303a2650b,false
0a83883815aeee2e,true
03a4a7d925a7e609,false
1047e91778ce4f40,true
03e4c7f774ca1b34,false
024702228c4a5eb0,false
0b9ed71714987513,false
05515814cb23670a,false
021c02f36f281f75,false
314c9a8e3c7d1177,false
21023fd73bdcfb44,false
0ac2f674afb8a8f1,false
26d425f9983ba9a1,false
0a522885f4e46757,false
01ad3a49f4215d60,false
0038ed1c5ab5df90,true
28dd93a2d627f360,false
1e82f192b54bc69d,false
1099fd7c5b3a77f5,false
2ff1f7f2aafeccbd,false
0d3fb4a9d8dbb6ba,false
23cccd6d86e59f03,false
0365e4b8abb67a79,false
0106753cdbcfd71b,false
2d1653beb69dcfda,false
148682f5c9e9674f,false
32216d8a838e5c44,false
299136df3c3b2cba,true
07d29b602353ccde,true
1a43a55d7fb01256,false
2805915c52296d37,false
069d98cf3620519a,false
2e068caaf190c5ed,false
1c3f93d18e9d8f73,false
31712f9c94f68798,false
02b47932b1ce98c4,false
3142137573cefc8c,false
243ba639b5b0dc03,false
0869a311f4647f94,false
19f86a3f7b59956a,false
1470380b48de4c32,false
1f66dd72404d1d11,false
03c1b0869f15fd40,false
0041897206578f92,false
1b5370f1b865d3d2,false
1e5584b85dd1dab5,false
23225e5682afc478,false
21b5d9f078b48352,false
2a3d95889f8aac70,false
20ce2a11788c73b9,false
1c0c32fcf5cfc457,true
31690ae5f3400928,false
3297697c5d929b0a,false
1c9e9d8e521e6a86,true
0ad8a4edd6c8e27b,false
285436216e14c7ce,false
0a7ac289a6dd95af,false
01111c7f4003ffde,false
1a44fc29832d0dae,false
1265839d4173769b,false
08a92a398f5ed79b,false
1c0158c50c4ceaa8,false
0c52568ab5e3d5de,false
07cb2dc8f4ea5cf7,false
095ea8eb6e66d3e5,false
0c07edf99baba994,false
226cce8f15292be2,false
2f7e963a0f53291b,false
1c963467e0da2173,false
26ab5231b110ac4c,true
101d1e4708de7c02,true
1116704650fa2196,true
22fbb3acea06a7fd,false
0d7e135ab97eff0e,true
13e2869f640da753,false
08fdaa9b61bfe851,false
0605ebd3cfd5f5e8,false
1ea115a758a5e9e0,false
31bede7749fd4cc2,false
157d0f741886ce92,false
17ffa2164d7edc06,false
0736ad76b06469f8,false
1832112a7de8e89e,false
2b60bbf5710fd173,false
07e9a8aee87ec08b,false
1d70417c4704aea0,false
1fa03cc08e34350b,false
21771e53a2307dfa,true
3196d22c3d8960a3,false
1bfd7b7ffcefefba,false
259030af3280078d,false
1d26ba8e26a8d579,false
0a7b517956e48fd7,false
2be051af9fdade81,false
0bfb49e674cf0346,false
04b54cdb7e8d3900,true
26c2f74b8edc25bd,true
2c7816604c84ba05,false
177f2ebbe668d7e2,false
17824392d7687cd2,false
181b9b508c168fec,false
1552549d50fdb9ba,false
03d7bf20ea9d1c1e,false
0545e07c86975c66,true
1056290aebea4ad4,false
3221ed554044cb71,false
2d6d1cd05ca3052b,false
2895059edccd16c7,false
059aa7f10ab41fa7,false
269f3a4d2586fd22,false
0740b52da9d766d6,false
1c7146e3ec749b72,false
23c46a409a454ddd,false
1e8857c96df3aadb,true
12fc59bedd7ff889,false
0e72f09a973bb660,false
07e5ab70dbd02687,false
14f39e69e979020d,false
12676566a7ffc8eb,false
2f96b9729cda47ec,true
1d39da7d950ac754,false
17475f4f92c2d31c,false
28272cd5ca947c54,false
057f50b984866d59,false
2a9e0a35dd042e75,false
2b39c3fa607de2e1,false
2d92ec1f72d88063,false
2b6a5933bc951ec7,true
318b8f313c49edf9,false
03085c94a3121c1e,false
1a314dee5aa5cc43,false
29b34ba8f7863a63,true
03145be70cc4dd01,false
1ce0dbe3f4d8feaf,false
2ed38afa80324e45,false
3015aaf23e7924c0,false
1b5dc7d215f97486,false
12befe76461d81cd,false
0447927962822bf2,false
22d8c3fd37c10558,false
32461fde94585cd7,false
316e58e111a4f0a4,false
275eb75f5b5e953b,false
217b71b6a86a7b05,false
0515a244233fb2b2,false
199fe1a985c514c2,false
0c960137fcb626db,false
159c3de6f9ac25cd,false
30e79eefc845279f,false
15e6d0e0c8e32618,true
217c0a2a264abef2,false
27be845d82f51e52,false
12399870b73c9e69,false
17fdbdcd3a88456d,false
0bdf1221b0e96696,false
287c5e2b6543cd7f,false
14bdf76a00271a0d,false
0f3f13822fb68dd0,false
1abd4b1e10916f53,false
158e41c1cf27ff75,false
0b2c6f5972ace84f,true
238cc37e1b43193b,false
182d25a904233fa1,false
2d001b6ad2c04f23,false
1a346e14211f46cd,true
11e8c0231bd451e2,false
23ea51ac1ca35438,false
207ac4307cd8b708,false
232357b3e1ad9874,false
2d182f9185101892,false
1456af1cbd8340ba,false
319fed06013ba0aa,false
05b5b807b8b10939,false
256a7ff41e98b464,true
0080f03a35385b6b,false
11580ad0ef99aa77,false
0eaaaa18d52e1b1c,false
1176cecd2cca9e8d,false
17f02df6089ac95b,false
21e2d5f0de4ceb7d,false
2f03d470c4903343,false
26a61aaa525c099c,false
0569024c0a337ff4,false
003d80d75abfc6ac,false
2ac24ce37c9569bb,false
0043a0eff844d4d8,false
2107c6d8dec957e0,false
234c01a8dfd97aae,false
230562aefb1b881d,false
2c97ee47ce46bd5b,true
14bb167bdeaa0243,false
0139e4de8d8979de,false
28dcf49a94774c50,false
093b13ab0e7a3673,false
2eb62d968b8654d3,false
0573bbc340609a1c,false
276eae478c67537b,false
1c3388d1931dc24d,false
0e9c5ff1321e152e,false
282f0d173aa3b4ea,false
3093c7d4249b9a7d,false
21de5cea170e8cfd,false
09d106388fdefd03,false
10a9af5cc9484d9a,false
30a8ebcf0a77f467,false
192a57d751995822,false
0676fba9eeae483f,false
30f0b81863b167b3,false
32d6180127baf9b8,true
0fe3b0b64d21ca80,true
1ce5315b3e5840ef,false
1c55a394063715a4,false
1cbe0b17f4104ba8,false
00d8603ee8bbf7c5,false
178c7fac66950a73,false
1699947f5df40a26,false
2bf87c48f65564fd,false
0859183eaee17ca1,false
3241543cd4de345f,false
255cce075c7a29cb,false
1c4d66e3575b6d42,false
11ede48b314ba938,false
1599264cd1db06e7,false
0e9b598c89e38d61,false
03b2dc8fa88fca23,false
0c7344e6f534591d,false
0c26e8bc49238177,false
0fbb7e8b422169d8,false
1fea1ff985327fdf,false
0645c9458a5c3447,true
091188e7a5c9764c,false
15988f5bd59f25e4,false
247ec79c00070ed5,false
24abb95049fe46ea,false
24fc72df69ab938d,true
2677b41a986d55ad,false
28d666d6fe568bdc,false
306b249d964ab44b,false
242f7e50d6505233,false
2c6684818f3fd8cf,false
122fd628d7b226eb,false
30a2cd313e816b22,true
14f01be4e62b4e2a,false
07f27300b7662a77,false
0139bff8db0296c1,true
0dca156be99105dc,false
0145905ecbd0c399,false
332e8c9b656f14b8,false
01fcda44244d9064,false
040f0e1fded09891,false
112074af4a9698ee,false
0352f01bf38ad96e,false
2dc12a5c8b465bcc,false
098b4d647ad93840,false
0bb5250c00d97f1e,false
28531a0efc89b414,false
1a2c023f7245a308,false
23b03bb0c2ad0013,false
2600c5bdbdf933c2,false
11581a840d85a7f6,false
04d398a95938d97c,false
054dc3ebea9bc766,false
1b888d3abb87d1ee,false
1e7846faf91da58c,true
0fc25dd40858e3f7,true
0e467b4a26d9147e,false
2b538ad3c6a62817,false
039af7c7de22e0ad,false
3138f40474dfc17e,false
04503ab213e1b727,false
15fd367bd49d12a7,false
2a212481778a7aa0,false
2622fc869194a179,false
02ff4f85e826abd8,true
18fec6100dcd3ecc,false
07a62590effaa8ee,false
1857a8129667510b,false
2280732fa1c177c2,false
222cf4b4b9fdc495,false
0d24795802ccdd7f,false
281f0dca0389f73c,false
0d70b4e9f6116f4a,false
0fa1c9834a518939,false
229f8de8cb10793e,false
1e72144ffe95736b,false
304b6da8d2d3dad7,false
2981379044e3e6f2,false
1d85ef7a22ab0b75,false
12d4159dae8a477b,false
16b5540b36c8430c,false
049493064b9c2e4f,false
0d1e8ebee019db43,false
0fc62582e812ff2f,false
1e44a9f372e4285e,false
0af0dc94a89a48e1,false
19259c87e250412a,false
19d6ac2d40d41b6c,false
16a44ffb30aeed5c,false
0e5e1b82788c52b9,false
0c915d248d41c518,false
021001e50b217029,false
0a2eb46f0be4213a,false
2321663ed825ae61,true
2aaebc2e1adae57f,false
2c72aa60e09b7379,false
099576de37212180,false
11ca178f0eaab1d7,false
038accd4e6891209,false
25e454c9861307d4,false
00c917da3c25aa50,false
2f45cc5abb8ca24b,false
0e8d788f442565d2,false
1d7d7caae741f672,false
21357a180f692660,false
2cef41daa9c594ed,false
2dbc97f8c940faf3,false
12e813d7b37f8eaf,false
22f80d903019d6ff,false
239a188328cf8a67,false
32d552e6ba052474,false
00f165b3c096d5bb,false
2092beed94532bbf,false
10b72c0b7ed8b478,false
2a7a067d9c787cb7,false
1d9ccc4c0ea1c353,false
26f4f65b65582c24,false
1cb5183680b90247,false
31e059424013bf7d,false
0b6d04d7326d283e,false
185bc0317161701a,false
1191cb4dc2e62fb2,true
300ef8466ec404a1,false
2e3921a8202e0252,false
20395b3a28dc0d23,false
2b124cc295aaae41,true
08f0757eb23e2762,false
2a472874323f0386,false
282dd817181bd0e8,false
32a2b9f18290d61c,false
058819ad847f1b75,true
2dd67b0adb944a80,true
201a6d999111d1f9,false
1dba568f84ea9a98,false
3041b5f4694cc62d,false
00868f1b52f360ad,false
1bba28ee9465ff67,false
185cd219d1f6d6f7,false
02063e17b83c5dbe,false
0b28729fdb984bff,false
0d9cc8365b9f470b,false
302971994d39cae9,false
2466abce870890cb,false
2553d9a14eeddca6,false
25cdda1baef3b324,true
18160806889f5d01,false
05f58778903f1b04,false
0ba375710ece9715,false
29ee2b1566d48c4b,false
2aafc802b51fac15,false
06ec41ad00db6fa0,false
0c10cd8bf3027c41,false
1a0b6ca997c220a4,true
2c11aec4f0278b87,false
101c84b9d91df23f,true
048c58caf12649b0,false
0f1acbe3dc5691c5,false
22ce7c83c497bd70,false
043ef1b920506ee6,false
2921317f2944940c,true
08d911696f1890bc,false
31a88788b7011818,false
263ba134afb7ac96,false
2560d630517fbf8d,false
1299ce561b1f0829,false
271f649cf6969392,false
1c761b8bcb8624e5,false
07199f3dadd5b71a,false
1187909105684bcd,false
245bc7499ccba53c,false
14b16baf6a4423dd,false
0a1f5051662bb153,false
03d0333d1ce1e693,false
26e605b570a05bf8,false
18b2f8f5c80e1160,false
2a9090910635300c,false
1fa892c853a1e507,false
276a853d71a43eb8,false
2343322d9ab1b26f,false
2e0975115eea8ff9,false
18cdc00453760d25,false
110d8d6a2846d8d8,false
242951d167937487,false
015734429fd6c4b0,false
0dcf3645a6a05ae5,false
30f873fe3c8e5b9d,false
14c1a618bb50d1a2,false
1239fb5ba66edc28,false
143f777225474007,false
28dab5f5c1fa247d,false
133d33de11e63f8c,false
311e0508ab45587a,false
24058aa71967de71,true
03b89f97b6e72ec2,false
0fab0d31c71c0a61,false
089f24e63c8271c5,false
133d7e269b3093d3,false
1f15fb18c2c3523f,false
24a2b2cb5f177ee9,false
09576ed6f5c91938,true
022cab707b7934da,false
093fcf2f0ae3e69b,false
2816433718a550e9,false
1f2d8045fe46c737,false
001726a4f2f84868,false
260e082249f334f8,false
1a61bfc8e183bd0b,false
244316dda3bb9d03,false
13d866d40a210c7e,false
20763879d758b6e1,false
2dd7c23a38d5ed04,false
1b21b7bd244382d9,false
113fcb027c60f110,false
22c79f3d32d2ff46,false
2f8c813bd2f24eac,false
277ab592c06148af,false
2fcd5dcc5404b027,false
05f62e04f97d0f32,false
1f67a9e6713b9195,false
128e1b60b0d61a9e,false
0883ab1fe3219d1a,false
26d0ebb3232b5a95,false
1a7539c5e24dbf1e,false
1054884b372a0945,false
2fa1b3b9c00834b8,true
187c0d9d102063e0,false
123598df82188fa6,true
24426ed05d2d1808,false
0de0f5a13d5d4256,false
237ed3cf077795b4,false
173e170729f9591b,false
2d9f9b9b4ab90106,true
0fd1015d3727db09,false
2c38770565ae4f9f,false
2fa4762347d43b44,true
19f58895c5bd0b0c,true
251e8013d240038c,false
2cb3388c8e12f4f2,false
280503131d906ca6,false
07c5f31247d30472,false
1659838e2485b2bf,true
09411fb83be8c3f4,false
0b7f15c63db2a6e9,false
0ef2eb9643f19027,false
0b79aecb5e191414,false
11c00e727908567d,false
174b3a92fc703505,false
242c40578618c4a8,false
01e6ebda15213804,false
2f6ba58a6a83f224,false
0ca71493dfa22856,false
220b38ab692ca83d,false
2c15da9cf84e5b0d,false
2bb37c831459a89b,true
2489da6935a3e33f,false
28a325b834c65751,false
30ad72b031cfa6c3,false
1c6c69fdd79cec1c,false
2a5ec13a460a5f81,false
0fb96ea4023c92d9,false
3175d8299f8e1c19,false
035bbda720af8075,false
02b899d46f2ceb4d,false
1a0f4eebd12c5f98,true
25e67d99e1a32d21,false
301f0e75cd5c647a,false
01fdc538052ff85e,true
2d87dd62078d583f,false
0b07d93852893e00,false
32badd08e30b5730,false
1fe3bde5cd6fcc15,false
084840632391ac64,false
31febdd381e93bbc,false
14d98375c07025c2,false
13f7f80482f3a950,true
28c8e2fcd97a82dd,false
185a98fa0e7b1a2d,false
12cc272c25344b61,false
1eef25fc3298ff3d,false
1770fae1e9eeaf4e,true
0c9873ed73505089,false
0e34fb2ed1c7f510,false
120458794469b654,false
163aeb174c68d6b5,false
1ee6df58dd116f3b,false
1d032d9e22faaeb6,false
305662be136aba2a,false
1bf1b9d1d837d4b8,false
0b27db653e598e9f,false
1eef06dab186e25b,false
05a3f77cc4bd2145,false
073098212132efbd,false
01fe8fd14c8fee7a,true
13cda53697a2248b,true
10a88b537c3d284b,false
0e583da6aba062c4,false
192f64bfd3938487,false
092081287a6db5aa,false
123afdc945237c0e,true
2fa7b6d81056a1c0,false
02aab381df461023,false
00c12e90bcfa8305,false
24238599afdfe122,false
0bc4b8b268cc5106,false
16b265ba20b8ee39,false
2168a66ee1de38dc,false
2327f2587587f260,false
28c4fdf0ffdfb1fd,false
0a03a504c7bf1ef0,false
2b9dfc7e8805e294,false
30323a5aaa05af7b,false
29a1abfd65835438,false
155e6e313d784f9e,false
138b3fffa47494e8,false
0014c23820c7a200,false
08256f352c997373,false
1ecb5b8f14dfabbd,false
0712c2302539bfbd,false
262d51d120870e80,true
2edc4351f62e12a6,false
16a121dbe26f082a,false
00513612ea9a5b65,false
271b5d1a2fbd103b,false
31757941ad778a10,false
32e7da37b7455b37,false
2b81c78a10a00531,false
0fa7ff3517a567f4,false
2a3a880e51766d85,false
118f1453d43288a7,false
0904870d7d8e1dce,false
10ed5f0a90f5f03a,false
14bafd81c80d9a74,false
26411e19157f22b5,false
18671a5d87d47035,false
18c52fe45df3bfe5,true
2fa3b2c69fd13191,false
11f28ef1a53102a4,false
2fc001e5d2add212,false
0407ea2213abc3f8,false
1f28ebb39bcd2e28,false
04b77d80ad7fc4c9,false
02dc5668cfc99865,false
2b75cbe7c215e199,false
24ab8486064f7c52,false
056499638b78fe6e,false
1dee38c4a97768e4,true
30f8462808b08978,false
31163fc295295134,false
2576af4466ea2d9b,false
13fb96affe1c0e16,false
21c3f98baee024ce,true
0778b4df1a8259c1,false
299e3570c59049af,false
2b2e1f5bbe3a5cc5,false
255ec8a2eaa9cbcd,false
0ce04a1b1bad0646,false
31081af2c8928744,false
2b3e48ff12fb9f75,false
07842499a9f79371,false
1f9ac35bca458d9b,false
17ca909a9f7fb4b9,false
2834cfccd44ffbeb,false
0497a3ad7271a3b1,false
2a4792ec1f56c178,true
1312059c98551d3a,false
08c6a61b3f54dcdd,false
26517fee5efc1545,false
12c96779bc301cdd,false
2e7b18bdbfb03d28,false
0514764e68e7d3a6,false
294df670d4037fcf,false
2912dc2e5952d6b8,false
018c123d913071e2,false
236e91b9b3e50bfb,false
2b790eba05e828e0,false
208a3cdbdf990595,false
2fddbf7e0188e3e0,false
1420016aab3ab68a,false
02c9740e372d0c8c,false
059e98549732bfd7,true
1cfafe28478fe151,false
2107ff64f54d157d,false
114dc04a9963afcc,false
2bd2bcbda29f8d02,false
116f41eb63761f5a,false
1e5fa7bb751fc08e,false
163db94cd482eec5,false
15e860172a528874,false
2531f3a0c1c92e71,false
3290b633152f01ce,false
04510e2174f5c0b5,false
03598eac11cec3a4,false
1006bdb8e3ff8217,false
2c284a076fe59567,false
270acf0850e21536,false
0cc1c18e2212d203,false
10358d64969e8d14,false
08db1256692eddb6,false
325210f308984935,true
25145874955ef28b,false
024ee0d45200b47d,false
2bee2a605213c125,false
0d32736146bad03e,false
2b64f589c7037a98,true
2ff808de7a15cd60,false
04a3ec2fa8928f08,false
31e47c473980decd,false
29f4a8e01ab2e754,true
2005438bcfe6f100,true
09a92d0e89e8eedc,false
1b59be8b49ca0b0a,false
1f31761004dba0bf,true
1520cea1bccf3a13,false
1935b5daf5bdc18d,false
04e30f8bd0a3221d,false
0a36ff875480ac13,false
1fc370305e4c08f6,false
215b4ed9037ded97,false
32bec624d245467f,false
19d77d6ff63fec88,false
0c89405c316ca3fe,false
19d618931efb6145,false
08b64ec0c33746e1,false
33287f9885af96fb,false
0b2013c0e3a2ef75,false
1e368add15c9e04e,false
1e64b83bd5621933,false
13577ac3df47624f,false
2d42feb1bdbea0d0,false
21978e760e38a9d9,false
20fa2bc12f58517b,false
07273fb32084784f,false
317e372d3b21dd8e,false
2ce2c84b88eb1fa5,false
30e7b4c0ca4797bd,false
1505e4894c4cad57,true
27f5df536e2d3c3b,false
119ee2f1a282e36b,false
03c7f0e9dc92fee6,false
17a599a8849af8b7,false
02c91dcf3a64edd7,false
2401d734938fd67d,false
19037e45f6e6b863,false
2843ce73251a8dc5,false
31acc76b3268bf7e,false
20822c5868e4c727,false
28dc47b2db270a36,true
19977d2593778dfb,false
14a1200b82d7e8eb,false
1dda145a72c84ed8,false
06ad64d03ba5ea10,true
091f45fff97b6b63,true
21ab2a8167f0435b,false
14355a3ef6cc8853,false
01283534325f1bb7,false
0fab907d77f49ae1,false
1a868feeead99c3c,false
24b2be48882b7e6e,false
06c6ddb5e1b3bddc,false
1c221e12dd959e67,false
0fa922720c387b47,false
1efa136efebe038b,false
1cf892a66c29c596,false
1dd1e50daf94f3ef,false
07216e7a0384e72d,false
2c52cd9e1ad87d66,false
32ba8c018e6aaf2a,false
0e78acb3a374f2e0,false
06e8eaf8947e77ed,false
316fb74f2b24055f,false
1930ea98a58dcf31,false
1c7781f98a22cdf9,false
1dd57ec369c51299,false
05c45c70e3c79781,false
19eecdfaac97de11,false
2009ffdc94847e7c,false
04217e042dd19b8b,false
150838e44bb721c8,false
17e3db104e77ef60,false
1e0e808862462892,false
225ce19f27b120c9,false
1ac0efda4407ad5b,false
22fecd0b5495cf1a,true
2ea97bf5d982d0e2,false
1f509834b75391a4,false
305be0901c8996cb,false
2306a5e6958755da,false
2f38edbc9abf6043,false
01c4c3914d0987af,false
31c36e95d34ace8a,false
16993d90df7ab848,false
0c5c549837176fa7,false
0810534c9138ddbb,false
24eea7c52918a874,false
2164aa6f21379297,false
29dc966a63a7cae2,false
1498ad5aebdd224e,false
0e24e13b753dd923,false
1584b6eae4f38efc,false
2e3bbd06be0c1a8e,true
3245b2d35e3bc584,false
2176ca157b5ccf19,false
285c145cbfab0cd9,false
1d57b011e2814613,false
0c805a9220ff373b,false
24a55721a7f996c2,false
1d11563d0e283e89,false
22130960c0982a1a,false
299388b375effed9,false
00518571488cd817,false
291227a0799e6e67,false
04644fa4c88ddc77,false
25f9aa8035ecaeef,true
2e93e6ffc0bb5292,false
2b1d155e1ec9dc60,false
2f99d283759a6a22,false
30b565e0fc2e0a00,true
2ddf41ea707494e0,false
2da3b4e00017f8de,false
16a3eb164fad8dc3,false
07ba23c70de3531d,false
00dda3de16e411f3,false
00761fc2e607b197,false
1d5e0074f4ee69ee,false
13dfac0c53f9ac55,false
2a6d633b61c3e373,false
2e954353780cf432,false
27e16d7d9a60c624,false
150a5049b9a7923e,false
171f4c1f0ed10f08,false
1e2bdcb7196dda2d,false
14d0eefc3253e2d9,false
12e8ff8dea46c033,false
1e28b5b05855d68f,false
00fadad47ff1898a,false
2664fbe07cd73d6b,false
0aa5281efb221bfa,false
07e7e885e026f403,false
2f9ff37f61318bd6,false
2a8f9e40f81f2ea1,false
0164d09216aeeb31,false
309230de198973b1,false
22e1b19da1fdbb2b,false
23a0c995ddf0e617,false
27a8cc23f6a8221b,false
26698f3d61e612d5,false
2db655301aec03f5,false
1abbc347c7625948,false
12f59c07b1ae2421,false
049715dd70cfbf78,false
23a576d99acf8043,false
25e46c36cf2b0453,false
2610c5cc3de0214e,false
2f14b3bc569ef2a4,false
14ecbff094d0e487,false
2f54d851865af760,true
083689d5e64af929,false
0931f4eadab74d40,false
319bd4f08662ed8b,false
2c229f832a9cece4,false
128539edb6b08541,false
122207fe954aba7d,false
253291a8cc842c6d,false
26e2909162dd5000,false
139c334782329406,false
132ab3ec24ddbe74,false
1708c7543982cd8f,false
04fd36a4e66a25fb,false
084eeb5f007cb3dd,false
29eeaaedbfe36113,false
158c62f5cfea6c58,false
13d84b2c33fa777f,false
1a3c7cc05d7f15b5,true
25c8205d43aff2ba,false
00682dbfc95af89b,false
065793973c407aad,false
2a867e2c40151c9d,false
096e273f08f309a1,false
268cd91774329c85,true
0d3a97e7282b681d,false
14cc00601cb38dc1,false
30b9ccfc4883cec5,false
21e72f882bc574ea,false
0f1b8712cbcdb85a,false
0441854974f639e1,false
1e773a0bfa9c66f2,false
31d0d012478cc3bd,false
0c3970a313d9871e,false
1fd67ddae488a352,true
0e2a72959c335e70,false
2b1490f0a2f1485e,true
0f21e19d110b4b46,false
02221140fd447372,false
0a541d1869545da8,false
06ca6f2e3b7989ae,false
0579b85a8083e192,false
2226f497657ea908,false
115012ea0d0a0088,false
1d7d6f86f6a8c540,false
002de36c2a52ae85,false
1473a5ea8560edf1,false
16a8703a3f6b0c58,false
300838408cb69f1a,false
1c4e7ff48c7b9ce4,false
090d294b8cbaf27f,false
1a58d70dd33a3c3b,false
1ad072f8cfc8e162,false
29d359e165e29871,false
131df85a20141a32,false
15eb1f7ff47c3a7a,true
21912dceba2f6d38,false
23ca957dde5b58c9,false
2706b3f3489c5799,false
12f6598d679a419c,false
06ae233693b94fd0,false
285ede3f4adc8a74,false
1143abf806b7c1bd,false
02ccbafb003f2571,false
2b12b911069ff52f,false
1b44d4300ea84de1,false
012f9e5d34048638,false
108a2a2bb80bc248,false
08cb631de5f7da7f,false
0d8004188a3f3012,false
2fd7fbe3268057f8,false
0655d661442ee63d,false
01638294cff643fb,false
1cbc965e036bb22d,false
31510bb95dbabac2,false
2f9e31a16f0a16e5,false
033d141f164f3737,false
003b068af8925504,false
10e9aff75d4a9a57,false
2aafe7c8abb32c3b,false
27798fdbc984c762,false
31939248157f4408,false
27fd3ac6a2c10489,false
1edec23dd4ecc2f6,false
104920542437f1db,false
08922c14c14424f2,false
2a057d59e95186e3,false
1ac45e35ce1896c9,false
202a7c74df979b4a,false
0e0bc06621f23b9e,false
0686ea7c98c8fdfb,false
23542f6002529f6b,true
2301710f3a9ebde4,false
055b53e04db13b73,false
18a244ee5b73f3fa,false
0ac525c3ed358022,false
1f9a86e10cfd7545,false
23f5dae7cd33f80d,false
24a43cd9b7b8e1f2,false
042653ccf1d43e89,false
1ad44b8e29d329f8,false
075a6bed5fe959d8,false
1d4d1a922af2fe14,false
202d12c096defe89,false
1223de86f6d68995,true
053a9788cdae394d,false
1749882adef0b6fa,true
26ae4e9c78bf10cc,false
2c4e7e2852717153,false
323459e7f75fea52,false
2125d8746cc923a8,false
25be087cad2b5b1c,false
035c4e9eb011a7af,false
23aa9e3b16b6f880,true
135ba11412ce27b0,false
1cd0d24f2b2390ef,false
2e3732b613cc49c7,false
1f717820326a0293,false
042bd1ff527be644,false
05c2aac420238c50,false
2ae5830441c30ccc,false
27e9bf5c0605558e,false
0d26838d333283a2,false
18bbd8fe6f331648,false
310c81eeb7536eb5,false
103d6583fafe38fd,false
210233bb4c528a9a,false
25c00366c21f04e2,false
176d4ba2d85e5bfb,false
1331729cc64d2edc,false
1109c67a48532729,false
30c04b6e07e6241e,false
08a2cbbee6f66452,false
195286e34c839279,false
1ef14fa87cae224c,false
2fdf45da39168e18,false
0b9f067bab580063,false
28d3d242adc96b33,false
0435a28f61d4846c,false
0e9f90059712227b,true
1d6efae85304195f,false
011525de8d05ffef,true
06faad60e47b09bb,true
0ee84e206d5599b0,false
01952ccd786d676a,false
011edc13e1ce55fc,false
06d2078b09d39daf,false
0ef86e401c1de825,false
1aa0b86e80967a6a,false
11692fccb44741a6,false
043324b112a8c3bf,false
26f5088eef6170b8,false
26cb9b3e9dbe47ce,false
0b82eac07fb772e4,false
0b6314b4c87f9c69,true
0bdab69dbbb83d77,false
146b2ba54ad2f8ba,false
02c75c139bb9f084,false
1dca37de85eb2878,false
263b12928032f13b,false
27ef761e0db6df09,false
2300f0e7cb49fa8b,false
326f52c1190f8fb3,false
1cc8a54c4347e1f8,false
0e00616b52b8316a,false
01df6bbc6967b140,false
0f0efcebc6728a64,false
1f6497b080d8012c,false
102495223db31b18,false
074e96934e00bd78,false
1500d096bf15588b,false
1595b0bc2d3cc02e,false
33029ed8ff86d43b,false
1793bfc017a1a455,false
12bab45af454c3f5,false
14162c3924b5dfc3,false
3294e868f6751a24,false
10245c9aa6aa1905,false
1f7e04d57295e6c4,false
01aa444f6922e9f6,false
2ee024441262aa8a,false
066ed24c0b0755e3,false
11e0236c32b9f891,false
0d6307b0639a158c,false
1763dc2b8c973a71,false
32071d159693c057,false
238d996de2c1365d,false
083a1046789c81e7,false
197fdc8f2b795277,false
294691270366e972,false
0aca0d8ac3e3dfd1,false
16bd4a27a6a5d5ee,false
2d92af38b8e92e19,false
24618ba793bde7da,false
1988d6ab5ab4f9da,false
2769099f87008e2b,false
32e7f46ee1bc5dc9,false
0b92b5f620d1257e,true
006be25c2ba9ef43,true
2148b070d4e8902f,false
1649dcc3076371e9,false
2af28a1249fcbdc3,false
284f66930b3c01ce,false
2e790eacb5646fb3,false
042a4a42c3f45baf,false
1f99f47bba2a3c6d,false
1145c665989aeb7a,false
2ef154de4c1a9ec7,false
2eac77d5ffe17c7f,false
30580184f4617408,false
0ea99c3a22a84001,false
11bce34c4f75e39a,false
02ea13342caa60c8,false
0bc886bba173a28f,false
272442d9408b24d1,false
2120c8ceea439ccb,true
297c8f076eb1bbe2,false
31a516140065786a,false
322df4b371ac6b5f,false
01703067b9c34b71,false
171a7030bc1b06b7,false
2896387039835f4a,false
1ea248adcc13f8e3,false
11411d9d507f2c31,true
32244bc64f0453bd,false
183b4b52ff8d0c48,false
2274054084fd23d6,false
02116b1e4004c269,false
0a7c8232192ab907,false
06a3e334efc713da,false
0bb8a4f34143c483,false
020b90482f517b8f,false
007ac8a46cb8bc4f,false
1471aec6b90028c6,false
1ef3dd7c77ee74d6,false
263f8d8cdd66dd26,false
29f338d2b5111ce8,false
01aaba2a1f49052f,false
0b916ec7d36d58ba,true
2ad44e717b6e302e,true
02c63ee0d832ac08,false
24d994ed870cc12f,false
00d138f340d5a297,true
20a8cd626c69df5f,false
23d0dce7370ee596,false
1a4f23915ea33af9,false
328c286c17c512c1,false
20dd77498579410d,false
262a90a6cc7ec270,false
0a584cc133c307fa,false
32d040be40bac7af,false
212869a0428ade0e,false
2a12635a21319b93,false
1fabad5e92672542,false
2bbb018bc45fc712,false
0c89931431d667a8,false
2b523de1c87a39e4,false
25e98b0b09f342e3,false
19f20dddf0ac249b,false
29077f4c634cf18f,false
1c2701569b782ec7,false
0b664071a240a37e,false
24c98e1993445d72,false
0c27dae6f8ee12fd,false
21452658b1c84cd4,false
121368216950d990,false
28cb0aaabfe95ac5,false
22510cb3a24a6b45,false
2ff622f9ccdab39a,false
2865602af309720f,false
05a172a75f80fe2a,false
14ed4bfc91b9348e,false
0bedf4614e82df06,false
038cb12caf7af852,false
033dcaaf066abeec,false
2fccfb7de8f8965f,false
263072c655914fc9,false
0c84b66d95219d83,false
1b1ba5f41eea0887,false
1d2c0aa8611afb80,false
2fc394b9188ba3ae,false
08c4669ae2a0d3f3,false
1b197ba7ed336901,false
0f82db6431437c4b,false
1c42ebcad75f2d7b,false
2d61c39833f3691f,false
157f5d3091022b4a,false
1bb5aad4505ae949,false
246094660b63249d,false
26dccc58c41fe341,false
0d7394b876516d3d,false
158116ba428288af,false
2108bdf0f32f2870,false
14e79e46b690fd3f,false
05dd3473d8b0a9d8,false
31ebaed2593c3d0d,false
259d22224ac49951,false
1edc659bc325ffe1,false
1d6f2a1f5aa720be,false
1cd253f2cf86ebb3,false
01753d0af2192a2d,false
1343a4d91c6ba2f9,true
1b351ef2e55aedc2,false
26852bec1b09871e,false
1f5d6b3e35cd5474,false
10bd9d69ba6dcdb5,true
317b42cbaefb97bd,true
1f4d6c1a13572f47,false
23f733eb5579f614,false
207296eb8d0103a8,true
0669dc271478d15d,false
084c85531a173352,false
1fcbfe788d863fd3,true
0de26e9b1409f186,false
2745a8ba2a3f7521,false
09e2227c5f8aa57a,true
1f0988e7291d6a94,true
2ff5de0aa4caf3c0,false
10ad84a13001ec5a,false
1bab55f5f3abd130,false
0cdac13fa157e29b,false
13927f5a327a856f,false
085969e247a33406,false
27eeab002a865911,false
30b690f351cfeb90,false
1289686d54455d35,false
0f2c6d35839ecf44,false
078b4e22d2b5398b,false
18211a98d7fcf462,false
0b092ebf344e59b3,false
13defd9a4ea54f92,false
0b3abb9b8e17d4bf,false
218d344812efd8f3,false
1fa721d8df2e754a,false
1f0f5d654cc1c210,false
12ce8e7fd5fa34f2,false
0fcb8ec3bcb6dd1b,true
22b82e778826d0d1,true
2946202a941d89ec,true
16b5f73c48c1c838,true
182f5b0ed938fd53,false
02ef26bff1019655,false
31ec9b7eeee11d8f,true
2179b959d31ad80d,false
27e67a8743b6a5a4,false
2d7a37d11a65c88e,false
0c580d0be343ec74,false
0cdd4144ebfb3d13,false
253c0f04d0491038,false
0db9362f43665ddd,false
11ab6dfe5b9697f0,false
0c018542cb61b59c,false
2ac80da3a47ce0d7,false
1f223901fe3058ba,false
2712b3134b529d64,false
01e5c89b821218bc,true
0056023c027ce0ef,false
170ffa58de0017e9,false
23a05d9217303234,false
248cac2296de4ae8,false
21cf6b53659d5182,false
09c0c1b92c564e67,false
30235399695282b7,false
2170e7f47b38634d,false
232672745d995c7b,false
1a2c906fa744fcef,true
13ea84df37f79c81,false
15a517c76e117d72,false
170c1b4d9fbf589c,true
13891fdf143142d3,false
0ec35034fd503683,false
18f363b58cb55f1d,false
068343b6b51527ef,false
0df09d17e7b8ec49,false
3204f5cf484018bc,false
1307d2f93a1b9a7d,false
2cb99023e04930b0,false
2319ee0a47549aab,false
042cc7277321dd64,false
1cfe02cb07c27061,true
2ab715f3b26ed19b,false
2ae0b148052cd09a,false
1cebaa7c9b4bc64d,false
244e7d9835817cbf,false
128aa601ba0595f8,false
24d11d57fb2ebf85,true
2ecfbd5684bda8ec,false
06cfa979e46b04c7,false
133aa779126fef9a,false
01ba83d375b87180,false
193d18911c4899e9,false
0df8cad75a21adf8,false
0e7cd3200f252725,false
2f95b93fb70ec6c8,false
05a2bf52c6678fe1,true
029cb3ddf296ec4f,true
1f32a872c2099cc9,false
285122125389ecc9,false
1a94201eaee6736b,true
2cda43587bc4721d,false
0c9065c72e4cc5a8,false
2d25bc7e3a7c31e1,false
2463d437a29fd0bd,false
0d6815f7a53b0928,false
136464f9799cf553,false
07a7d4a517cd5263,false
0bedaa62459f5148,false
1e97f8b105a76ad8,false
0fbc36ef4d5c760e,false
058268c956162a0f,false
2bd71269bb7f2660,false
0a64344512cbbff4,false
29bc9845f13cb106,false
0ef6b61a03783017,false
1dee5dc3a9799aaf,true
12e664b39b747c0b,false
094dbce199538910,false
2b91563716eb0d6c,false
22282acc3e9f718b,false
2366ef6bac60fccf,false
320028fb2294f726,false
2555c6429b4cdb68,false
325264886d234b47,false
27a4e3861a2e8cb2,false
12daab0cd7c4062e,false
082c64530743899d,true
21c5c065d46a4277,false
18f977663f96468b,false
0abd268e5db21c5e,false
1ca54bdae872a57b,false
23e6189035647c07,false
1fb6a7f9a8561623,false
03a6559de2144415,false
26b9623049879860,false
324a3dc19a3ed2a1,false
31d292382deb2f34,false
2ad21dba188c3e41,false
2374781349a67251,false
17bc9dcf50371d9c,false
06bf62b1e3d26e75,true
0955f3ede0fd20d3,false
1dfc4a2f5982104c,false
1548274d699fb374,false
1bcff66a2f9f78a0,false
1706518ad7036a44,false
1aa2474d32b8696a,false
170afef0709d2131,false
067da4b7a37151a6,false
18be6cc060cc650f,false
20c99e2b3bf6d2d7,false
14bb34bbcd8e9712,false
304881c9fc9ffb1e,false
1b16a75cfed361c3,false
1a51498e905d744f,false
094da827ba72a7bb,false
201a8603780d7245,false
1b3fbd08cdab0a6e,false
294be785e0fb95f3,false
237fe9e157825ec9,true
07b2be3ede405f3c,false
11a390268b3660f4,false
22fbfe6155f48485,false
1db3c4d6f7383259,false
14a75e3812501b90,false
1edb992662ded98b,false
2fba5fac4e15fcd7,false
11aa43b33849f669,false
0f9b0650879edd31,false
245c7de2a93ab497,true
2c38473c39695b78,false
1367a30d7c442ad9,false
1fc94ea6dd93f4ba,true
26c6c420730f3a62,false
0737e260582f1186,true
0cd2dea5026964db,false
2d512ccb60c718f9,false
1b441bad35e812c9,true
110c6fe9b10588fd,false
01f1615459a0fd1e,false
0f788b4e916bccb5,false
049801eccc8e99d5,true
1c32078a385c217e,false
25cd6ce8cff38d4d,false
247e229625192123,false
30152317c43475b7,false
1b5c61b5bd730d2d,false
216e7dbbbd724eaf,false
1adb87535c865801,true
29eb12d0ccdfc013,false
30b1861969c63aaa,false
2d5d052681e29abd,false
26e8a9ab96b9f9b0,true
06ff0bcde46820b8,false
18e395c41714f8cf,false
19056190ae0068d2,false
2ba1df874263e708,false
0e68686c65c4d026,false
2f9d9ddb81878847,false
125986d279c1468a,false
089ce428262fdd05,false
28c417b2797b1066,false
12d1f7a979e8a523,false
1b559b8c4d27c64a,false
086c8bfaf3634261,false
18dbd8e53c44ee1d,false
041b2bbc347ad692,false
31c2356c5bd3a323,false
1a83aa87d914a72b,false
2923d41e96ade2f7,false
0be7a472a346afdd,false
118fb0c41d1c196a,false
0286d5611bfcc5db,false
27ae71e45300f4bb,false
1cab2f3d81a3ee53,true
0734e53a0fa3000e,false
17be95132548683f,false
117a3989950c31ae,true
09e662f3d36b0f99,false
2cabb7c4e95f8036,false
20be81e014c5c757,false
1a1125c74fc88924,false
221b53bea6a2de1a,false
16bb5e13582af63d,false
0cb87608a1f458ec,false
1197b1f1926d0b80,false
0383b78cb257ef1c,false
2418761d63f03f66,false
096ff01e658eea1b,false
14dad1333311a6bc,false
18e4f191cb6ae7b3,false
2d3b387a2106650c,false
0562811e1609cbf0,false
22ebfce18b0ed772,false
238d615534ac1eb7,false
05a6719829f37809,false
14bf1178d392b2b5,true
1e97fd432aee03c8,false
09109869af28b9c5,false
134e8ccc22107d91,false
14bdbbb23e8a89c8,false
1b5f06757d4e845e,false
27a7522509a415fd,false
3070f47e1430ff3e,false
22987870de321f05,false
1960481608d24b25,false
16e70f658be526ff,false
1f7f4f6e9e52772e,false
0ad3c77ab9699a70,false
146248422d8a514d,false
145ce659d808340a,false
330366a2b8d888f6,false
2ed0a0aeb83f9c59,true
214fe0daa2bbe8f8,false
0597d5a16df6f168,false
18fa966c31911312,false
289846526ea3397d,true
2ae3264ed73927b5,false
0d7c88cc33719a5f,true
1b497c72010e04ee,true
08e93d775572a128,false
11b265bd1ad35552,false
13dfc2cf58fbae08,false
1cc0e25031c1c36c,false
1b3d9314e0a51284,false
0ca01c28b210a942,false
18cb962395a4dc64,false
282e0b19ab37deb7,false
2b7761f4081eceb0,false
1f531f3442cd1e88,false
0780581dbeed0430,false
1561a117c3c2a92c,false
0231b34b12bedc4f,false
0756d7737f30e312,false
07a8e1365f2caa41,true
1d852a033a0f5582,false
2cbd21cad99a09d5,false
1a0fe18273459c5e,true
28b64404ea264bf7,false
2f269bfc4e37dba7,false
1a2e15bf3d58a1ac,false
3119facf41158801,false
2ce303e160742089,false
00a1e87663805989,false
1fb24fa085d50577,false
2ee45a05461267d6,false
12a25706e44ec6b4,false
0b32ad7cad72494e,false
14dbe5551f8957ea,false
001429edea75aa13,false
1959b38398a3cf62,false
1eb473215f1d6a41,false
3236c14461ed8c47,false
1be83d284335740b,false
12fac4cd8dd9574e,false
0aa130cad0f4ef51,false
2e1152c9d1b207e1,false
0a49592a44e72af8,false
27362dc2ba6ca7c2,false
0846243acc7df40d,false
264a601fb238abae,false
21638afe87cdab5d,false
32dfb2a8ffb62667,false
1ca282681cc4e04b,false
01507a77091afad1,false
308142f95be1531c,true
2c8e7d6e35c663ce,false
024a77d4e497d960,false
10cb3fb712169d0f,false
3312ed4c4f38349f,false
244e3dbeb8e64b3c,false
14fe8795c63091d9,false
012b02e110440a1f,false
1f5d80a327f1b307,true
0b5b088e8fb03995,true
02e65557dee28bc1,false
1c4c26077bf8f98c,false
316a440fddc9c763,true
13d47e3569917954,false
2abb1062f9b5a168,false
2ca86b28d3cc11c6,false
2ffe996d9238e189,true
1de065467502d4d3,false
23ad73bd7cafb70f,false
08489989c77de666,false
0e0357c747cace82,false
0b72d25d353ea339,false
2edfa2379a09cd1b,false
25d8af7c4350b56f,false
080b188f45a74d90,false
2a174d2b953545ef,false
0e6bf74e0c305e7c,true
18fa9ec7f1126dc1,true
09a49a6fab0f36c3,true
2d5dc593d8439c2c,false
2a829b039605ccf0,true
266dd6a6810d0d92,false
101a8dd6710fec74,false
09f5090cff7a3e64,false
1bc7e1c0fb164345,false
1feb84fbab4b5027,true
0a0f9151741c9f57,false
208eca6b3d4c8fed,false
283a2961e4dac08d,false
1c35ad15878d4cca,false
0bd0db75911d6942,false
22cce271bb1bc629,false
05c294401a8ebe92,false
25b15a10c9916f34,false
1e80471d8bf40ac1,true
026b8c0157e1a44b,false
1ebfc19ea305ed4c,false
13a96d45bb0b4476,false
008ca7815984bbfa,false
10ca03d2e7385630,false
238d15cca5561080,false
169b1b03697d9658,false
1958f7d2507cbbb9,false
26fc74d5a0bf569b,false
1e76e7561dfaf92b,true
246784a124e485b4,false
240af3f68fdd2b17,false
085f267218294d14,false
29ffa17737eefdcf,false
0bc4da5a455a2aa4,false
284a2840c569fe27,false
10bb0d195c8d217a,false
031c75313f6191d7,false
2b81bdf00ddc6278,false
212ece496c2126d8,false
05688826ac432219,false
307b559dde90fcb8,false
24b512b314d40ea8,false
07b05c40de4b36ad,true
269bfeede73faf6d,false
09a84b1ed1dcf580,false
224de5059b37bb86,false
01544a7e8d7427db,false
21b0bb7502215e5a,false
3293906a62039631,false
16b9a2a6adcba1db,false
251a6961b1e697c2,false
00ed120ae19ff101,false
16f2551a16ac82d7,true
28122171415cbcd1,false
174028d41cb0e425,false
22d114e2f3ea43fe,false
02d0cb71c0f353a0,false
057f63f7c8aa7a60,false
14857ce464e926c8,false
0ca45cefeb0ce121,false
073fb79ee1f7cdc6,false
0178113760809e14,false
305c213b0779dd5e,false
259cb518bc2e0330,true
02db30865619ffda,false
1670b9d231d54340,false
01021bb8596853ee,false
19717f6044e7465b,false
2e0873f8440402e2,false
2a1358ccdc73ca5a,false
266c75496b91af6d,false
21dca0f39769a2d6,false
1c0f42262d4e5b9e,false
293bb91eceda1b5c,false
0b79368f345d9b46,false
034a0d7a0e8a4650,false
1c7c288b64033320,false
129fa28c2ba71b5c,false
2414dd46befa8fe6,false
182a16489bf1b091,false
32b3dbfe09972886,true
106df49c2b49f3cd,false
1ba60414faa89f0a,false
3087ff039093e083,false
2d6c36b2a08384f7,false
101ad35e8ec595e8,false
0b0db12ff75cb873,false
30ea3cd6dad68254,false
1f65cb9150f5d85b,false
09fa9a5792ec4555,false
2475682110486091,false
004e5df9eeba28b0,false
2fed2b52f267428c,false
0476bab5facf05c7,false
0ba2de7949cd3002,false
0546095d45163f36,false
27b58721db652b8c,false
2f614974ca056375,false
0576293c0dcc1e52,false
24e30dbc0eaf7b08,false
2a3ae3031da407d2,false
07330b0c6c901283,false
209693ae4b25d5b0,false
2b551a18b6ad8ec1,true
32305072568ef536,false
006d6afcf00343de,false
1009c9d63b11f689,false
1a5f00a844294c8f,false
1dceee636b704c3f,true
183f106e7d237ead,false
130af0093bc6e5b0,false
2c4c63ce395e80b9,false
08156b991c4228b2,false
1a48d8673fdc7bb5,false
17e40049dd15d43f,false
2b8ed99034b31e1e,true
108d43953fc2a348,true
0dc559acd3d92342,false
2c1c8d1ae92755ba,false
264b62c9280069c7,false
0b1c1e3309e58e66,false
287f493ebacc89e4,false
32a6cffc3f37faed,false
04c308fc86d76bbc,false
0694de1b1e6d1240,false
02ff15b94f185d6b,true
205396008b9b433e,true
313fb112d79fd4fc,false
0d82161b905cfcb3,false
1789aa5c5aa2d55c,false
1e5d25da27cad4c3,false
1ba60f82838b5289,false
313b81f170b285c9,true
0e721f6a91ca4e06,false
0f65275f4baa47a5,false
0e4a4187f4a485b7,false
18e4637415e17b47,false
1ef0eee9c484a190,false
2b1ff266de5bcc15,true
18856e8d977c627c,false
259dfd910dfdd266,false
0a978b3233aab57d,false
2e58627b6964248e,false
0e21e22f710b3fc5,true
03f2926fa3c37852,false
0bbce05d58ffbcb1,false
297415313d9437d8,false
250d9f630a5d6a7e,false
28dace19fbeeefda,false
13ef78cf7af73160,false
1ce317b75f9c448e,false
013866024d8298b4,false
0d24c9c4916d9acc,false
315f53dc697b88ff,true
0f176f9d567e13af,false
07241af6b6bf8286,false
2d01477092ef5ba5,false
15ff26d61b9d155b,false
27390580407a84ae,false
33228b107d242a38,false
19d391fc3abff5dd,false
10d4d0bb26331ce1,false
230369168afa89fe,false
0675d2e7f2993b1c,false
26efacaafedf614e,false
18ec3f5fdb765735,false
2f1355c41904ec5f,false
2fc4f3ff445d9ec5,false
0cc4dcc4de6ff4d0,false
0c23926bb1e23d1f,false
051c35559117e9e6,false
2d68ee118137a924,false
2248df1bf0cd8800,false
14b702d391b3a2c4,false
1f6cabbafc8c81c8,false
0fd957cc0740ea2d,false
28035ba1936a7625,false
31b28700decf8675,false
017ba27a0568cf3a,false
0b8acde18db5ef1f,false
2af0ae289f37abb8,false
0142785649f0f727,false
2e29226a12851555,false
062db17efd5adc38,false
154da9a0b4e5a556,false
2b44505b1817b638,false
1dc17b85f010e7a5,false
202f26fcf0676034,false
1d45671783dd4e49,true
07e6f0dae3abad26,false
08eb10ef1d3418bf,false
21485673d9c64e25,false
1d5dd49895642a14,false
06dbeb295c6551f9,false
16c6d08fdd21c5b7,false
230f6d7de1baf6ac,false
2029d9a961a9c000,false
14ab13535b7b3c3e,false
2ec8f8d853d761ed,false
268d5be992f7d876,false
0f706d2c749d8363,false
11bf40d1ba1b6711,false
31af62c31151b6d8,false
127e5d4cfd20ef2e,false
17c64436d8b5305e,false
1e4160478f5d6b52,false
1d682c1ec863a058,false
289517df2c962082,false
03c57490f8fd85e7,true
135e7f0761c1960f,false
1706bc4e49291d19,true
217272bd749cea39,false
2e7b6054f069e563,false
2d49457f9f98ebfc,false
161aac71c43f8e51,false
2d4594cdc6beeb9a,false
0fc65a78dc393755,false
311ee5708ba5f55c,false
13eb9bca4b8d046b,false
11b2ed7b618ca582,false
20e5a32827269794,false
031fe23bfe846029,false
0368af821143576f,false
0b8c3a33273540a8,false
1171ab205231044d,false
020018847cd1062c,false
08656f7c0ceeb4fe,false
23dfa1e27fa40b6b,false
20660c3fcec712bf,false
17876caa65cd9633,true
307ccb9dd0d299ea,false
2be45eafc1dd7229,false
166ce2173cfb28a4,false
11166f4066d15793,false
2851f4a79c6578f0,false
32c6f7dc7fc9ed8a,false
30f443edd7dfe137,false
0b4f88757b864bc4,false
090d07693c01debb,false
0fc1e0fc6b5d4885,true
0f0ab0c12091678f,false
2c94c7028b895b72,false
15dd95ad68a72a66,false
2a144876083e458e,true
2d866cb2e3c09839,false
0db446fe7fc50483,false
076099eabbf4d92e,true
221495f7e5987b90,false
186ba14f0b2deb20,false
0cd56e2a71dab2b8,false
09419a01d0d8c91b,false
00722bd0cc058f17,false
1b8c83bc40231076,false
15c1a464cc655c24,true
046413690b7434b3,false
1bc1ea59018f739c,false
16912bc8831ea09c,false
16232b342e7cd4e9,false
222cfa48a3f760d3,true
04cd34a5d2b61e2f,false
0a386638652735f3,false
2157718f7a2ebe46,false
24f0099b6b7daef8,false
234491879ce7c445,false
0680de4c63353fb5,false
05dc3d5607f20278,false
04b82674393f60e3,false
30d5035dd611930c,true
1f4e5e614bdf419e,false
321c132b5a21bd3a,false
1f3577ea42a4c7a4,false
0572c94420f9ddc9,false
035bf55dadb84d2e,false
2772de573a7977eb,true
0f99683c03f70dc1,false
122e9f357ec1e3d8,false
32d4845fe3e7360f,false
285f2822ec5142d9,false
0ca431a2b6a3fc2b,false
09f3eff71650143a,false
147912ab51e1d154,false
268950a29a00f368,false
0dc2cc869877f037,false
2ef75666ba169901,false
17f6733e801c48cd,false
2e721bec46177001,false
04de5e66bbab1e23,false
2b2a78db24bddd1b,false
0ff735f3e4abb500,false
028253b346b6b0ba,true
321676e897312e3f,false
2b072c99c45d3936,false
22c26da22a3e3e86,false
320f323e11f80341,false
231ce24dc6d383ec,false
0d3b0a7c2a6c9e07,false
2cbf7ed1ab882153,false
0a9111a22604b43e,false
0dfda23983d97422,false
010fbec0b2745be0,false
11587b37aab78533,false
252218050f3638f1,false
1182b42e8efe1767,false
0ab93460aba79385,false
2e96b5c28f77913b,false
183211f109bd15e7,false
274fed53748ce106,false
0d023a8d5d5f39a2,true
27a9b0edc47b54e0,false
2d5bda5b11191c09,true
317e595c47e0520f,false
125e8648c4a96eed,false
1b1f2d32df22386c,false
024078d909680c77,false
003edb36e9142262,false
13dafc3579cd352c,false
0d156b69f6171f18,false
0441caf00ec55d21,false
048aed876b12ba3b,false
1d53740c928e624a,false
01e66ff05dab287f,false
1daa2fccd1e916fc,false
08a98858abe9c6af,false
195e12ac8489da5b,false
32d757502f802e86,false
2ad00d7fbcc38a3d,true
110d2c2d64418fed,false
2a2e93b60fb9f8ec,false
2ab79087a7fd9679,true
153c469b45749727,false
1f3a279e329498ae,false
1a2ef9bb5a31fd4d,false
10e1dd112b557e79,false
32bc4aabe88f55cb,false
28b34cf392d8773d,false
0cb7ce1541d8e421,false
27ceeba3a4d27ed2,false
2e139491558e104a,false
1c974c6bd3f0cfba,false
1067f43590a60fcb,false
0264412061835361,false
08552a141772af37,false
2eb71ca39cf9bbe8,false
03aaf131f6cec0c9,false
2fb4773215c6b6ed,false
03fb538014d79d06,false
2056873012b819df,false
2e52e97e7444c674,false
29dfe50d3afef632,false
26099995a4e5a9d0,false
227272668805b9e3,false
0f0af018b0b7764f,false
1e91d427bcaf1444,true
2e0b00420e962db5,false
1843cbba028263bd,false
0a7d14707d09618a,false
041182e855fd9a4d,false
2d2f5db6ee70ecef,false
2b4bee89e4eb0c13,false
1e237cf253f5249a,false
13c1704743015991,false
14a52906a4953a33,true
3318bacf8304ec9b,false
269da0294fad9627,false
2df7193c9a2f207c,false
008fda8face8caaa,false
1d18c432391eb207,false
18f3798bb5ac2efc,false
1557789086c39a52,false
013cb1c437236efd,false
0e56d3bf94badef3,true
1bbedff2d1d5113e,false
179e284685ba1638,false
1c240e6617b02fe1,false
2d3043a6087a7a40,false
2759b358f1879076,false
02fac68c13012898,false
0bd213646a2a5142,false
326cafa9aab0b045,false
1eb3549a70baecec,false
15302c3d2afe1c7e,false
075859ceb01a0e84,false
32d6dd6487acab49,false
0352c8b84e09a9fb,false
30edc15a4912e808,false
06f371b391c4a319,false
0f088a4916557578,false
12f10e484255af66,false
1f859bfe772ecfbd,false
2d30d1bbd82271f0,false
0378d8385f9cb06f,false
1936a53b031400c8,false
1f7193300ab046d1,false
12ec487ff6b624ec,false
30e767b4edabc4a2,false
019d6a884033836d,false
2b7a1dd19519146b,true
31c24cb1c4b4c1e5,false
2b34a2a29775bfd9,false
11ec67919d221c1e,false
01d160a5bed717ca,false
10a4aa7ccf029ce6,true
2f85292d36904f5d,false
28db2d04f45e5b95,false
06761a2cc818b676,false
2128b1bb441fb93e,false
1576dbe2a4ef08a5,false
1a8b4fa9333aa5f3,true
311d9d7b8f1e1fcf,false
0dea53ef5ceeb666,false
0d4447d5883248a3,false
19becdfafead3bc2,false
20b4349785e3d2c4,false
266ebc30fb46b09d,false
129dbc641f87ed9c,false
22d12eb7567c8dae,false
2916b24b745be055,false
1d0436de70969b2f,false
28e56b0afb58de17,false
05914b4bba8b37ea,false
3290cbff211db66b,false
26eb2997112672d2,false
17568044fb45e39b,false
3300d9cc7b9be5bf,false
0ff7ca0676daf53f,false
0c5610b88b2655d5,false
1db52e7db47c49a5,false
2760bacf17ab2154,false
15bd1a7d6c8867b0,false
1eb656d06fe7b4d9,false
17fac348eed5c387,false
18c9081ab48f6eea,false
2a367316c2791808,false
2fed9b0ebca4b35c,false
3246f10c9ddb62b8,false
25015f5f46b4d514,false
012e8525a17db4d5,false
279bd29b2ce0ed90,false
1f98906b8b1de3d4,false
0cc1363a67f85902,true
1c166930f84b8b3e,true
0f7a57d0d2aa8f48,false
1c408c3f36dc9082,false
0ef642bf58aa2cac,false
0935a6eb5bb824d0,true
288724288511b714,false
18f4bb06a1125687,false
0a4d480438db94f0,false
195612b7ea6f265f,false
30b64f55201fb4c4,false
1ab5fdc950517f3d,false
26d1986f56170a5d,false
2c74ecce0f8c2016,false
24c4c39f870911ca,false
119cd5e00a636233,false
02079da10e9b7e94,false
28a525c2a597dc74,false
0cfcf9e844a58f22,true
1131933a731f7018,false
330080176e293288,false
213c1eff754cf051,false
2f814045bd49d2d2,false
06ffc61637830a22,false
17b96828034b0e6c,false
0e6622bf91a73af3,false
22078dc77fffb492,false
2e4ea02ba5759258,false
2875e4f786c89b7f,false
1a04429993a5931c,false
27267bbff92951be,false
0e05d81a047fcc69,false
1568cf7a0d525d38,false
1bf62092e415a7bf,false
259232a80cd4a9d3,false
21e5d6c67d17351b,false
20257cd9f113fc39,false
2b15dbf71d51e76f,false
0aa87051e83f59a9,true
1a7769f8595b024f,false
29962ba81f4848bc,false
2fa2b0be7616593c,false
18cd68fabea41fb7,false
3006a98ec0848ebf,false
2873fcdd40255afe,true
23aa3527f2b28074,false
082b6226eb404542,true
2a2c7b3fe4f84818,false
1893ac73e5cb9ae0,false
0c20270af86c197f,false
09ff1f2bbad37b25,false
01da78a44650c5b2,false
2edd8d94a325b8db,false
216d74528518043a,false
330c4f13ab2a342d,false
1713404242413a3b,true
0a18205f5e3caeaf,false
055c5e6a45301c19,false
0121c9c96a4e9bdc,true
30ce54c712fe9b4f,false
32c446abe5d87ada,true
0284431618fcf35f,false
23abe544a6fe7b12,false
0b64e9cb3d324a12,false
18fbe7b28cdb7571,false
027affbbcfe43a6e,false
2a68392adda46dc9,false
1a0a5c66988b7f97,false
09c8c78176be2a50,false
0d28d40a73b5c54c,false
0aa02957a24ed479,true
0833d9db07a540f5,false
31152976a55120ae,false
18fd8efc6d4e7ab7,false
22efd48a2af2bee2,false
1479966dbf57309f,false
28d84aad25f5c4aa,false
2914bdcfb5aeefcb,false
1ab1d8b319a6abd8,false
053951d7738ac02c,false
2d3e27037d85e034,false
2aabe52d8d0cfc6d,false
1f8d71a3ba5d1b72,false
1b0efba2810caba2,false
03b039b349b1af98,false
13a50e860305a077,true
004a3faaf97edb2f,false
2c182a9c5439161b,false
03172378c2e0ee84,false
14b2fe58924e8ea5,true
2b75595ced85c43e,true
096b39d76bc9a629,false
087f57125a8850ef,false
2a53f6a2d26fa521,false
267324578d390750,false
249204007c6ad784,false
311269ad6b0cc08a,false
07ed695787d7e7c4,false
0ab23633be437283,true
1cc8d4c28ced55f9,false
12252550652eb219,false
02f2d421871ffb1c,false
02160f701ab65168,false
2e8f032ae209fb3a,false
21c31a167b353948,false
20742b59e91cbacd,false
151f29a6c78e04a0,false
2a3602c12b2e3213,false
2b72015445bf198a,false
076fa57de315953a,false
053c6f03fa9b86c0,false
27ecf093e34abab6,false
16a81d8197b37d6a,false
2e81e8f71fdc98b2,false
0e931beee1fc4681,false
1f43fe55e9d9f695,false
15393d596cdf31c1,false
0611259ab19f4ae2,false
04aa98d8fab9c0ff,false
09554f7a1a22abfe,false
111a39f8d3d99788,true
2947cecec90b808c,false
0d4574a5000bf439,false
26a5ac5e8d019cd7,false
05af4a86ffe4c707,false
0a2bfab9f5c880c7,false
05fa3cae023499d6,true
329e50fa973fa9a3,false
04ee1477a86b0aae,false
199e3f3273ec28f3,false
298278b39cbd7f95,false
3068dd2921ef2f2b,false
1ab8861b1afd9bcc,false
1784897fee39d453,false
17100d7cf71ecf4f,false
204f268deb1aca1d,false
16ebbc07c38ffb0b,false
0c190569d68a44a6,false
1208d2c4a7c8eee5,false
074a9022d93b7161,false
25c9ff278a58c4d0,false
079d4208abcd5404,false
32025468fae2f50e,false
26b9fc3642e3ce3c,false
22b9478ce8c40699,false
09ae954a54db6038,false
00a855604667768c,false
1135a6e0763601e2,false
13cf263e50402869,false
0843850202643955,false
09fdd37a2b9dedda,false
05da3c57130a092e,false
071a81e09ad8aec3,true
0ee3d6a963e43c28,true
09a4f8477e2ab5be,false
07b71fe08e9915fe,false
189b52f2efdd1c3a,false
08048dad00ee9171,false
22b53aeda265942c,false
1629ee3fa160d186,false
30e602f84c5220d0,false
0e736f0c7c9fa447,false
145475cbf562a710,false
122e46b1394237bb,false
1b5fcd99416e64ec,false
13894e497d692219,false
2977c57efe2902a2,false
22e47f87b8511ff3,true
0a46a0dd79181887,false
19020d7def9fd77a,false
0174f1f68445bd12,false
306caf6097697a62,false
0d389dbe1a6d3ef1,false
1bee6baf348f33ee,false
2ba99fbaaa6bc6e4,false
1e1dfb92970a3c58,false
24fc54bfa274940b,true
168abcb0aa4b5e67,false
1f704017056267d8,false
09751348472978df,true
19b805897ef2a159,false
0bf36a7451e33ad3,false
2afa121be1af7780,false
17f256ae674babe6,false
00ea600ee3fbe268,true
13f8557ad489a261,false
2bd07605c7500d7d,false
1f5a26cc7531a00d,false
30469a44257d4187,false
05a1c8025db008e7,false
16dc3ee7912323b7,false
2d680b0f41831089,false
2fdea29164685591,false
2c96299d63b7ae75,false
30050157e2d57cc9,true
15fd52c8a41bfd7e,false
3144e96eacc614df,false
23c54aeaab0d2aad,false
1f1773dc94e8a213,false
1582abe08097731f,false
1a159e734a32739b,false
236996eadcb9ffc5,false
31511f0e0682af3f,false
167920120fc1b770,false
0dce14540baafc5c,true
15ecb087ee961718,false
1099081e735c8954,false
2ee070ed42ec2e90,true
238f531b44cc2264,false
1077a35c0b1890ac,false
054f0b77b1ad9bf9,false
2d94c00a02b00a3e,true
13bd2bc4b5b149ec,false
13800908d1f9d2c4,false
31b8ef846b35e9a2,true
098c62abd3fbc6ec,false
24076a20aa63b426,false
045fcb374cd22323,false
0c3aafb8643b9532,false
2e0c15bfdac932fa,false
0f38d053c0be6924,false
0cae97d00fbd4761,false
18026a4ddbced34c,false
111b8ace35fe2432,false
237b1e694f8ada37,false
253ee27e0c7dcbed,false
2f16c70488599334,false
23a8d6785ca63d14,true
2d7318dce8d9827d,false
21dabad2c3ab4137,false
070682aa6736bb2c,false
0742f6fa3e678e2b,false
23d3f9727796faa0,false
0e6e6977b3c7ced9,false
04283b7a32920eb6,true
2c7c912b2226af8b,false
147b7e22cda5b337,false
1e604c05f9aad431,false
16340893218811e1,false
22318ad5ffe5c923,false
2a17376b1346ad8a,false
129e75b7263620a7,false
081e9c842b09e9a8,false
1fa6476115b97a22,false
06c3f0a8dc222470,false
0742e800f85ed32f,false
0f4737c5d8f12b4e,false
1cf42da89e84d376,false
002a2183a1fc9eb7,true
2b0d4bcb4e8e5899,false
303e09f42f256465,false
130b73308f78c631,false
3274f7bfc4244240,false
0a270d92d36859db,false
0fd7b9c175636e03,false
1b8ec10513562a40,false
2d23e22104a25285,false
18a6e6e0b8c1c6dd,false
21a351bae626a846,false
2e8b4e5d8d35424b,false
2987cfe6febfd881,true
3137139e4240cdf8,false
1c3c824360e4b7bf,false
168bf99528c17bf1,false
08851ceb9dac0c1b,true
1999d90838bbb989,false
0ca58af97629ceaa,false
06f22932c3b8f575,false
21a5fcc4f1751c1e,true
3202c048dec3fca3,false
0515f9ae7f3a8df6,false
1cd4d2a32875245c,false
046797475d595031,false
218f72d3726868c0,false
16362e73ac3528c7,false
0af4fc21521acd52,false
063b1e6b10f0d9ed,false
0bb7d54c4ca7a431,false
2916cc068e749d5d,false
04cb837183a7bf88,false
2d7bcf75381c7ade,false
062b84c5fc1ea7da,false
1972d3768778a072,false
1b9cea2d4a7d208a,false
0f4ed3c6bacfcbfe,false
01517a27ea7ab13a,false
0b12a92f7a3e9d12,true
06d27b883eaafb28,false
1f57e9f046e78435,true
07c93c840609717a,false
15c3122c9029867f,false
092bd1b66c745cca,true
25e9941d07b64b5d,false
0328e9311691398d,false
0322a96e3d11d3bb,false
2e95a76857095b1b,false
2a874f81b950555c,false
0125e6335d5b041e,false
1a12d1b6827d1ba8,false
313188bb3eff1042,false
2b30799e6c596143,true
296b0896e81538f0,false
199fb55fbf36761a,true
187da89d16dd91af,false
330941cd3a8ad923,false
1c81348115cef0c1,true
24ed5af00c6eded9,false
13f623fca48765fd,false
0847444afb279e1d,true
2e9c4dc8bff13f23,false
060b7441afc40443,false
10b698ab202b21ca,false
28386479d19e0b32,false
2f67dcee2dbd0218,false
03811bdecd3f5276,false
136b7f7910fe8989,false
0ba2997db4facda2,false
2358bee1abd121f6,false
09efdef9b142a0f3,false
0b780e60b38a26df,false
14a8af176b1747cf,false
32e47d6b94a999d7,false
028c3e8a2deeeb74,false
14a8860ed9840427,false
232584d47d4d76e5,false
15f15ae68ad32265,true
1c27ab25c340bc39,false
2589243a9ce2ecbf,false
155ab7a080aaa3d1,false
0a3c54aa5b45b47f,false
0f35c1caa9d65b63,false
0cd1e6112ee8a30c,false
29b1028b6d2235bb,false
06db4b6428ceda51,false
1efb4c1779e46602,false
221eeea40afab4d7,false
25011838faaa74cb,true
2fc79a4c0602956c,false
0f3b43db3be5279a,false
11ef021a1718a286,false
132dc85a5b7c3f4a,false
1f5ed90c2a830424,false
137399b4ea5024d8,false
08f51826fe61d04a,true
1577b564eba4c204,false
195e3c42a0704988,true
070307e6dcb130c3,false
32f853a89be691f6,true
32a5bc48d1631f36,false
14fcfb3b9f0798e9,false
12f340cf7fe5ea0a,false
2a0ee25e8491abea,false
23c324e80717b197,false
32bae2c391ae693a,false
2fd1c6e04a9eef67,false
2cdf3c9519b900ee,false
0442a2464a3c235c,false
2f229572fdab9d36,false
2190f88bbdd3926f,false
22344b7e3fce4dad,false
040bb5e8d1a92ca6,false
198867a33e2b7e1c,false
0c7c09a3ee1bcea5,false
27141dfe9d46568c,false
0d8fd18bc9df2dbd,false
11de4a62f1aaa6d0,true
1181c91425f8ae3e,false
3193417ae6d82202,false
0e096bd14d189035,false
20fd134fdf0aef5c,false
1217b695fcbe5387,false
2c9bd7579a5ea3ac,false
234707e49cc2b491,true
10d0a05fe8e667ec,false
300ef78278d168b3,false
0235b54d2c250597,false
0710d1c7639ad7cf,false
1d4c2e5c5e8dffe4,false
27c999d5159bfdc0,true
0e77798a522156e4,false
07a13666dc061147,false
2f8be7c6e1949709,false
306570f13a037d49,false
317d8a7974145d3b,false
0d6517081b9eb22b,false
205ca9e53e2cc1b7,false
2a7a287baf602158,false
1171745c593bc1c3,true
071bfebb2c68e5c4,false
1e5c12e57f06d747,false
1c09b91fc60845bb,false
1366b3fd14bf1e20,false
28217c511037d527,false
2cd737c2da52a94a,true
0e9c0b318541c1bf,false
1efc58a8c0817d67,false
0f4f958cb9b204e0,false
2d0f8bbb2275920f,false
15fa61d933a954b3,false
318ddba143291a4e,false
0cca9666cbc30514,false
22a1a98f85c76008,true
2cf95d717b9d2303,false
16f61e4c631d91ed,false
2ce3e446261f46be,false
2c790d07fad2e541,false
260f1b9843104cd4,false
1065dbde4c3191c9,false
01ab8447f54823e3,false
1073f2cf36c6bd4e,false
06f1d9aa4c7ec6d6,false
11179fff63cc4a70,false
02f1add17d8b356d,false
29f2c8e45a295db1,false
3010312f0bab0258,false
00256db8aab11dfd,false
11d405cf0435e0c0,false
264abf35668ff6ec,false
125c73b4d7203cce,false
0d98c08b4fb08d91,false
1d417c13be39990f,false
2e6881f37d6828a7,false
1b5413f2b2115b0d,false
0de219c77d4690c4,false
1906694f04ec2ce6,false
24c58871dd44ca82,false
1a73d1e70b0316fd,false
0ff8d0d6514b9ce0,true
1aaba1534d6565f1,false
0bcec06b9cadd9d7,false
03960b282215aa4c,false
2b560f5272d622f6,false
2ba1f8e46f30e47c,false
1d025cf96997d584,false
0c6fd146e03f0e20,false
13f5b01ff541b69e,false
01203e86486fdf1c,false
02b7eca34c1f9750,false
0720d7163f4fd3e4,false
19b9bd4a284aca03,true
028f3aeb1c2d9dd2,true
236890b7e12293c0,true
06534847040ab230,false
200d66130ef49386,false
2e8d03d5833d4170,false
075b8e93f5bdf8fe,true
2ab3fbecde384ff8,false
167b7be3d887557e,false
20ddc4659ec99303,false
231d0b42b1383edc,false
308b08507bfce075,false
2d699214d044fa01,false
1cd277e87771b75b,false
2d54a3aaf8249c34,false
17d49c9f1fc662e7,false
15621e1be7b9298e,false
1f4dc8d5b6dd9622,false
0162d12af2d5ac39,false
1fa65c623dc47e49,false
2eeb1b55db171ea0,false
24cd93d238beeec5,false
28ab00e16b8acbb4,false
116f5dbaf77a50d5,false
15a4bd35b0d27283,false
0d90f7a350746423,true
0ace9de5916765dd,true
202a1dd242f7eb73,false
14e327ea28e8c770,false
289e7295d6b0d846,false
0d68b65b785c8a9c,false
02135053c3d95483,false
18a0a43149e37b06,false
14c22ccb25ebbe11,false
18e6e19761606c09,false
1bb2008a3851fc53,false
2fcd00152dafec6e,false
18933792cb009dd0,false
1f641d7bc1b93c64,false
2c43e10566a13016,false
035f087078138c86,false
2de2caf9987e8600,false
25d81a2b0c5ce82a,false
1b217bf75819e397,false
226d36cfe12a4c12,true
0b9bd325e24920ac,false
2f232fca48b7bf2c,false
1d414615c8fdff04,true
09e5d948781617e5,true
18d8b556f4b2f9a9,false
11b871be490178df,false
31849cb951311fda,false
12fee52a9ea648e4,false
07d15b6c45e711f8,false
0e9dec2cb9bc4911,false
1f6f53da565cfea6,false
304763b39311df81,false
1789086f8d84dedd,false
1f5de542b9f47660,false
05802ce18fcb5d13,false
03b10410412d0036,false
17d66f5a81c71db1,false
291810c5bcdf103a,false
2ec49abc0946c0a0,false
0d3c4abd7e64b5ed,false
2554b4f3c782a4d3,false
0fe7882a964f99df,false
0cccc5c820ca2023,false
021e369b5e5334b7,false
1c76b89f73913751,false
10f528ab934fd3bc,false
15be85b60815d3c5,false
32de233bb5e90cd6,false
19e1b2bb51f9ab0c,false
16822e37df886070,false
0cd2e7d869743885,false
08b10211349750f3,false
0b0d2b129100726f,false
016438b1d0ec5df3,true
19c41ac5daf9c948,false
221ca0371a4799ce,true
1322dc1e84853ed2,false
31008b0680c35b18,false
1981c650f3059976,false
18be11da8e0dfac2,false
239e99c92442ca69,false
0a582985a78e256d,false
1fa16b8c60e40254,false
17923dc6cd256952,false
2f528804917fc3b0,false
0fe344f167539ffd,false
1d9ecdac7996c8a2,false
0b7ae1a6106d9958,false
1b4b247b52b99927,false
279b1c9252359aea,false
2c42a553fc056132,false
0fbeb66a2e4555ee,true
2a4f33c256728b5f,false
06af3b4714ce24cf,false
03283a6b7643397c,false
17170c88b7802f71,false
0136aeedc0c9fa9a,false
13c37f5aba51acd8,false
25ab4340f617b5af,false
1683102563270121,false
0db550558ab901d3,false
14ea35039594e91c,false
03e73a4860bbc459,false
21d080e29eedf02e,false
21ccfcd9b489d0ba,false
0fa40d1854da7587,true
02bed51e053267ca,false
1585fae16cf847f8,false
1dfd597ca638ff32,false
2a7b5e3f4585bc23,false
14e64a7936d8c342,false
25b80936e681a8f5,false
23decd65e6518351,false
194d3c327829cf69,false
0a65aa34f1530b2c,false
0d199116c08a8109,false
1bb5023d0ce1fc39,true
02ed13fd3e39b380,false
118a7ae5fb7aecbf,false
014543b1ddc2ca8c,false
03008821c34f8fce,false
273b04909f5ec092,false
09caaec9f15143f8,false
2b2f96fde35ee755,false
309d0eaab90e2652,false
23b3fcc793320893,false
1e8f02d3be35426e,true
012dfd43f5f0eb91,true
1a6953023c71ebb6,false
11bae7f9cd9a8659,false
21a55ea3168a98de,false
1e1c146ce939929f,false
0c74dd5d5dce516d,false
116a635b5bf4b81b,false
05f9787e4cdf901d,false
081080023acc7eb8,false
1cc28c647a66448f,false
0bb27895ce139902,false
11753ce8ceab39af,false
2e7f227d6064e625,true
1dd33ab505be7eed,false
0b914ec7e9ef900b,false
0fded20b98340288,true
21e3d672bbdcab5a,false
14766b133fd4b429,false
1ccb7ac1897d3158,false
28c7a6ef019bfcb1,true
14eb44ed0591f04a,false
2b6c37d37277512b,false
2da68494844391ed,false
2453957ddba2ff63,false
133793545c93d9be,false
0b3b5fdb8687a6e0,false
0040b0a7e73fb0d7,false
0b4847a21ed7e0ef,false
0e087dcc45365ac6,true
262d0c3e3aa1515a,false
1b7fa64d11d982f5,false
0ee51e3bef5e22df,false
2df185a3bf10ef17,false
0be07fb18844a62b,false
09ae9686aaa3fbf2,false
10777281e96b4f59,false
05dde704276bf82c,false
17f07bbdea314394,false
332144b2d07921fc,false
11cf42fb5fdb8954,false
270846d8cd94e3f0,false
199a87adef0597f5,false
1c60dfa6087796e0,false
1818a710dcb8b5c5,false
0f8853d30703c5d0,false
062281a743848297,false
235a29d9821821cd,false
0bee825d37471c15,false
2c5364db4ec91b69,false
066366e6a679b06c,false
2da89a03e4fd8003,false
247d999d577cd432,true
1c4bc66c5087fea7,false
2b3c288e0510b586,false
002b6e62f53a7305,false
2f25625867ec433e,false
2c54e74bef8820a7,false
03ed142d1d39ead9,false
192a675a77e93e7a,true
23d6d5a4f00be597,false
30ee7b90efa7f328,false
1db9091bf63435bc,false
2bc4b4d977407a0f,false
2375e2c00ffe0db0,false
121f85350da5bc97,false
1e9a158a07090f03,false
0df0722deda8e736,false
064932cc43076578,false
32edeab1b9726832,false
0364d7cbea2c0db5,false
23a072c13ec477dd,false
0d15b7f9662f8407,true
24fd42073a50a76c,true
08264024704c4c0c,false
1e07fedac3b05248,false
32bfdddea3c98266,false
23bf23df039b2c1b,true
02171112417e33a7,false
19a44d1564c51324,true
0435d8741fa65bff,false
09049dcb70dab301,false
20356928d135a5da,false
0bd54dcd13006761,false
23b32eb91ecf6d65,false
136ca59c0f508de8,false
1f7fb569dcd88b7a,false
0fed834c8a4efe4f,false
316991761e044d30,false
0a261a12917d19f3,false
1d2e3e7a38746563,false
20d9fa04eba003f9,false
1f84a343a2910f57,true
0d60f17567cbbf41,false
317d82fe4e6ad2f8,false
1fc6142d6f302990,false
063c9f8b5d15b09e,false
00e293f26a6858ab,false
0bb59fe477566c2d,false
24773431fb0c1764,false
2c93604c28269fdd,false
3104efc9c493e742,false
0c06047026a7ef96,false
1cd97e84eeb475bc,false
276fc9c1fd33645e,false
00789b7c8500e1ca,false
086d5ee256a6a744,false
30027fd4bac86b6d,false
2651412916154f3c,true
117a0ea93514363e,false
0ad5372d80735a84,false
1ad00affdd3da7a1,false
1f494a0f994b8e83,true
2a112aa9d3a0b5e2,false
17a871a5289667f8,false
17afb1a940d9bf7e,true
262308c21610b906,false
0063171e3fd50166,false
10370c864c20c35b,true
26bba6f4e9999942,false
130db046ca7d8097,false
1768891e62b155f8,false
28aca6fc097218b5,true
1906b82f7d655c46,false
242d120676f01733,false
2a62c124f6343151,true
20cc7db13d5dee35,false
2fb9e0f41ed2dea3,false
3216d54d26ccd86a,false
16a1f8a44d2cb2ff,false
044c2a2c1cea52dd,false
06f205e55fb37424,false
24de1b7386285fc1,false
083c466968fd5e2f,true
16eb694a81c304d6,false
1a28da28b89ee314,false
0acf0fb275a31b03,false
279c8f0da2e881ab,false
2b4d6fce6d2d0ee6,false
0ef86105ec70c354,false
2808874caaebd3fd,false
01a5814fd81ea1c1,false
24e6b57b4f175282,false
2697e74334e692e4,false
32b7ac558374e2ff,false
28bfab4f5c44059b,false
0d7dd44cc67c1158,false
1c78dcc5ebfef793,false
32d99728d1b754a9,false
1f0e6bf7ac81307c,false
2b7cb6e42133af55,false
16cd16817a001a8b,false
11a8e7d6b44dd85a,false
32d488cfb7800b92,false
04fe459f353d1697,false
0ae64c1c7f8fafcf,false
2bbe7400f0577059,false
0a73aa0b41a02b0b,false
24c2782c211130a7,false
2f497ec59e7498b4,false
0f535b48c5961efe,false
2d4bd0f5818009cd,false
2546d80af1c9cdbf,false
1b0720d0edea6e0d,false
0599f14220186ed6,false
29e3e70c55338d7c,false
138c69177719be97,false
19464626da709b7f,false
0f579e2dae3c2a3d,false
2b830083c4132157,false
26cf65e7b93e9d1c,false
13384b9336413682,false
10c513e955c9dcf7,false
2addb8ad99206de7,false
0c23d48175aa1d46,false
00dede612c8ca770,true
05c2cd7a096fed95,false
1c7f3f31ada3211c,false
304d3b9966b53175,false
18d6e77008ae706a,false
103168777b4e182e,false
06988ed2ed9e19f1,false
0491689a5d5ea0a1,false
2ee25f5f64490f19,true
2e9310c317295e28,false
03a785cc747e87f6,true
2c0d3a3d38acb253,false
0bfffe01876be81a,false
32e34bd7377eb232,false
308ea3dd7bfc611b,false
1c4c5ebadb418dcb,false
243246f9eb15b78b,false
17dd0d66b544de2d,false
1a7b20ab534d19db,true
0f2a2a2d78176cd2,false
0ae2fd1211c8b0aa,false
215e0c68370b9325,false
136fe761ff117cc0,false
2eaac03517394461,false
1c1db9c587193066,true
061630ea9d5ed959,false
02b899160dfd5940,false
0009aedecf04d064,false
0585bf7bd927eee7,false
270ac02a3ca3d975,false
0d0372e38748644a,false
280a895863f9b58d,false
270b968cc1dac317,false
0a0da70bf164f7c1,false
23e7670f46f35072,true
31315932c686f4ff,false
2728c73c42381289,false
004e47638a0b8982,true
0e1f76640b58e6ba,false
19c85ca739ba03b7,false
31552f073066fe2a,false
29ccf3b329398903,false
1d859cae10c002f3,false
04904bbfd9b844df,false
13e549065724ed62,false
31e44c096a998f59,false
284c4a4bc9b7c92d,false
2a4796d1b9f841d9,false
0be8985d57bcb697,false
30bd911fe20e5068,false
2fbb39151b59d436,false
0a126e66be9450fa,false
09276b881de8e57e,false
205c228b31fbc271,false
26b47b5516149651,false
0b766838f959d556,false
18891dc1a86c7c79,false
164f62176bb0055d,false
0651751c4867ca65,false
085d6d8bd01eff4c,false
18ca98475411a63a,false
0cace5d00a2e8a41,false
1de1052935db2b2c,true
206349e666282ea7,false
266e885010fced26,false
08a4e507234151a4,false
271271fa1fbb5491,false
12772c46c2a86b84,false
275cf0ed40faaea6,false
0bfd50fd54606207,false
211af5135025a461,false
1a8093eafcb39e72,false
22b583a7cd133066,false
17e7921327df3bc2,false
17c58905db6e6c48,false
2727598635aa3ece,true
0a8e988a67e31d36,false
2d378a942d6f1be0,false
210602738cb765a5,false
0eed60157f0bf413,false
031760a84765a823,false
1a3d38793157b3b0,false
267b97a7855685b1,false
07d163b4009e8b24,false
166d3053e82e0465,false
108ef60a5692d2c8,false
14ee432fab550a85,false
2fdd1e19d77a9796,false
217f829e797aa3b2,false
2453bc9ee2642749,false
1bdcfa8dbd511b92,false
1bb486fac51239da,false
1708c1d559c8defe,true
0dc0e61da810e62e,false
20af76844f2e36b5,false
0419a6d6b0c314e8,false
2724f2976cb55b77,false
30e0af6e55cd1001,false
27d00f0b435f736a,false
13c092ed5fc40bc6,false
1ecce00daa8c2f2f,false
188803fbb78a1abe,false
02117dd18ab90e8c,true
022e50f4b20bbc64,false
31e9189dffd2e726,false
320b3d16b030b23f,false
04a4b797013f4998,false
0979eca16f8d751d,false
02ecd1deb6870111,false
1d50221c1e186962,false
20164af613fc39ba,false
26f6cd52aa044ed0,false
0506298c6514e820,false
12a74bac3f63f09c,false
2635829796dd00f4,false
0b28c42c2cce4f2f,false
249855e8dc834df1,false
151f9e356faf2059,false
1fbd5d4524adc28d,true
02dc1feafd2f7a76,false
1b01b474ff1809c8,false
13661c7180c00c9c,true
26cc3433bafa29aa,false
0008a310eeedbb3c,false
0ff36d4aa481919b,false
1a1cb1d3eaee0537,false
2cb20e212bd18f1d,false
2e3b8f32490bc23d,false
144fde9fa9375d83,false
29170cd339aec188,false
072640067aad3c58,false
02102f249ab59b86,false
2fc77933abe1ed9d,false
2a6cadd6ea72dd01,false
06aa4f4088fefbca,false
07ab1b602bee7d14,false
2ad435d95830eff2,false
142842779d56f8f0,false
0211201c33f5eeaf,false
1838d894d0d8c4e7,false
1ba2dad418b9cce9,false
26cc6d55e7a747d1,false
1339d4fed38124d0,false
00f893ac69f6e7e9,false
1dbe66c0c03b289d,false
22dafef1b85f743f,false
17a640eb7418d5c7,false
135cfc3781456ec8,false
063af91261b8e5cc,false
01d138bb5d493473,false
2f5bd09aa2faebe7,false
19c3a0218bcefc5c,false
03fbe9efda74649d,false
213517e50e767e01,false
1d278e0fdc92c4ac,false
201b7e401ec54abe,true
0c8536dcea042eb8,false
19d0ece2fed0774a,false
2e6e3b927e78499a,false
0d7fc9f08642f760,false
3247ab1e9e48f309,false
0fad6193fd9c6623,false
32639a7355e8902f,false
03208b03ef8e8404,false
0915ec7a53163b13,false
31583a67db791953,false
17a2a56c889a8172,false
0a9084ed3c007057,false
20fcc66f621befd8,false
267cc4be9ab7c410,false
0a9f8380c56c6850,false
19cc07e64663d8e0,false
0002a8444ec764c2,false
02bee9d697f140bc,false
2467bb8441f422ee,false
262c1164ad401cef,false
1d6be263cb853b76,false
0315c687d856d2ac,false
226007ca62b6237d,false
04e3d908d473bad8,false
1d340db8069f5084,false
01eaecd02a16d579,false
240575fcf206cd07,false
13b86426f8c278d8,false
0b95b74ca5ad3489,true
137296cf699a7298,false
01446715095daa11,false
098c79971f6197c5,false
1c4149f70ee739aa,false
218a7cbf1bc2da0f,true
25fa367f151f498e,true
2f6ee994686c35f7,true
27611e822a59129b,false
1cd97f8e0c977c5d,false
2b5dffcf57c3844d,false
06425d98fcfde1af,false
1ea1aaee447a2490,false
047ee8b0b2fa89a9,true
1aec27df3cda365c,false
23bac3ab21cd98d9,false
18a4deda682b5f64,false
1f005df7e537b9a0,false
0c20fe5f7d9abed6,false
1258be447831c1f7,false
286032939e46686e,false
12241ddd96582093,false
2502430526554b15,false
051d577add3f17d4,true
20e760ed790c5878,false
301b8d29170aa652,false
11cf918bae69b324,false
0126a469d39fcf8e,false
16747168f810c875,false
1ebdb36a5859e71e,false
143500fbad1b63c6,false
0e1cf984652f6138,false
0421a68b1103f700,false
01225980569eda64,false
087a3ea3803aead9,true
2d7679d639244142,false
130d2b917c20d73e,false
0addbed50394416a,false
02f754ad46698b20,false
1725a5c7aec4fd4e,false
1a733ec30f0b46a2,false
049e96c30290a0dc,false
28c89681a0c0de4c,false
238a0faadd21ed83,true
326efe56d23ea277,false
0286b3b29d7d0364,false
30cd82fb8d29c75a,false
156a6550844a01f5,false
21121307e333116f,false
12f316e208cb9fa1,false
1cc2843865fdf91f,false
0fe4028426c891dd,false
29737d1696c37adf,true
178caaa5aa3d0307,false
00032adb2ae15e4b,false
17d45141cd926672,false
1d76e6acb2cf53f0,false
148aed7c1e6989b8,false
06eb55e3207a2a5e,false
147f4e5f9a080342,false
107848d7f05c159b,false
06e31faceb8f5bb8,false
10f24712f941ccd5,false
1574d18961da26e2,true
12faf20f8deed170,false
16156a1514701af8,false
2457c985b334cbcb,false
19f9d9d67771f9ae,false
2cfd4a2ec64c8168,false
2ae4aea7f6126ec6,false
075d01585c3e2884,false
0a169bfaa5834cc5,false
1c1a6529d027840a,false
2e4e63d0bd8f4f25,false
1cea339f8b1a4699,false
310cafaeba100e1f,false
149c644da1dd5609,false
08569eba3825885b,false
0ccdd1ba82bca2ad,false
2a47da885272d405,false
2500e7bc2e3daf79,false
2711908672f8235a,false
19501526d2bab424,false
160dfcdf0f11ce44,true
14a6ca2e16591380,false
26e604f6f5f12159,false
2f5476bd44177e4f,false
0dfe45ae8795bcc7,false
17316bb17fe0eb97,false
013157dd629edda4,false
0e9ea9f1aaf6c9a1,false
29c8468aa40a2a79,false
26f8faea15d55925,false
2588c508d67c4dcc,false
2caf5dec7e0358ea,false
261ed7c83fa02d9a,false
168c896b1eb03740,false
232c2aab7d640388,false
2d1adfa0fcf20521,false
0a0b57dc9dc6419f,false
1ccd6f2ca7fcc7d5,false
27ceee50e85a8c30,false
12945030f8e73932,false
226d87ec177dc9d4,false
0e7968c10885e85a,true
1c5242981f6b9a8c,false
2cd7c959af95e5c6,true
15f69c7ce4bd9b62,false
0d2ee0ef84ee9ada,true
30378f21d853dfc2,false
2aca673e896c7649,false
0f68d23b4290397f,false
26399a4d308b4b13,false
1b187d39a38216e9,false
219cf03d8cb1362a,false
0378e49cbf22577f,false
10ba9e8c87c51410,false
287b5fee3ea332c2,false
2642120fae2c48cd,true
1e6529a647f93618,false
19b11ef360ab1795,false
0dfba01ae5fb0947,false
31003bb0fbb01f84,false
2b951427f445f1c1,false
21e002987f602a6a,false
07edb8a08fe0f2c4,false
078fa51ed47d1330,false
1bacbda01ccf8628,false
1d668c5ebca05f32,false
116bd34b70b53818,false
05fa8fb594d2f438,false
294e7c239409e0d6,false
2f6fa862ad5f1637,false
14d30b75a6167859,false
18e85d1e7aad6ab5,false
21299b4e8351f152,false
2f2eb3b912969b1d,false
1072dff642d25587,true
0507f391858070a4,false
19d1b908f852f6a5,false
07c9e7dfaa65872a,false
24d06fd561b0612c,false
07a923c01b736315,false
15b169ac028ed5e7,true
310b05a0581e4bb8,false
260c103d86e43088,false
1f541e4ea9c15a1b,false
2cb3cf0aa10cda61,false
187f938036bbffc6,false
1f3893aa2122e143,false
29cbcf13b54ea518,false
0cb344b0f81206ff,false
0e580c989f560446,false
215d964ac92d93d3,true
2a05c55154bc7f33,false
263651fa0b7c5061,false
16bd424a62bc9268,false
27010ea2e5ad61a6,true
0dba56361e133ddb,false
32546210095cb828,false
2953bad082f3ee43,false
18d9c4a97d82e536,false
12964e1562499f22,false
1f4cf419212669f9,false
0a6fbb1485fd1cc0,false
26464ef6611a4047,false
101ca7855597ea4b,false
112b95a87ec0b148,true
0c370d9546457e23,false
2df8beda25610f76,false
16c5c9b7709f4f3c,false
207593892d12e993,false
2fae3239be3704c0,false
1593587c470bd084,false
09e77e1577a343b5,false
1bfabe6b4def048b,false
03e3ab540ca9a8e9,false
0c0a7452ac8832ec,false
1fc513ce7bff15f5,false
216fcc4961e56be8,false
0e663a4d2918725a,false
07b6589c2b2342f0,false
28e5d91bc3f0f9ce,true
15982f26c41a8f6e,false
33293ab3d45c049d,false
28f395a0c0de11fe,false
2015b7760cede1be,false
09d47d1c85d73c76,false
119f8a6f74dfd831,false
0cf3c0ea83b4ad3f,false
0b6f8f0aec7bbed0,false
0ea8a973c6f4f903,true
0f04f34b9b9bdef1,false
0beb0864b2e3c1ec,true
1c13ec8d820fd050,false
0bd19d06ce17796e,false
30b10dddf773114c,false
1e662a774076701e,false
2da3b381191633ba,false
02b8b58b7b158f49,true
05e695dd0525c231,true
2588d9eef96ded2b,false
151d4703c1fbf9c7,false
1e1164ee10f0dd49,false
13d7a969a7c9ee5c,false
215b73edcae4c5df,false
0dc53b4c3be28564,false
19edf85ecfc5f634,false
2028ee82cf0b2037,false
2974ffdb64cbaa4a,false
17b0a82037ca936c,false
0c789cd82f997657,false
207c93dfde15b103,false
24217ed3c49df4c2,false
1150a61c3d296759,false
2c3f25b8acf145a1,false
0d0d8b76dfab023d,false
0406ea6b0b130ad0,false
107d3d9eddc018b8,false
206746002133348a,false
1962e0c715c7e7f1,false
23f84e3da571d3e4,false
0761f9465bb864cc,false
0fbae285347aeae0,false
03a2aad32f9815eb,false
192908ec813b855f,false
2cd00d8324854a76,false
0e1e3c757481cba6,false
285ca815fedfaafa,false
16b673bc1a0a0979,false
31541552f925cbc7,false
2e169d381e146fc2,false
1fcc037980e3a7a2,true
1514d329b6c5d1d6,false
29ffc97268c9fc55,false
32ffcd9b41ffcf30,false
17073e3d479b79b2,false
2bba84ee5652c2f4,false
2e97848a700eb898,true
2b40f0256b3df377,false
04836029f0413595,false
0caf448c72444caa,false
0fd58f883abbfa3f,false
1cc0f808b5076ba4,false
04603dbac6ff234e,false
3093bb006f7af507,false
050338fc1eca405d,false
0c990b818d12b74d,false
0cb96fa45be4fd59,false
2699ccc14c231b9a,true
1b86c7d077132eb3,false
2379fa95c49c0a52,true
17cf27b7043c1232,false
331a62f2ab0d1d8e,false
32fef2f8d0b62378,false
23ca0a9accdb8153,false
063ad266450d0e3d,false
3232f8bf6241cd65,false
1205b32f4bf0a3cf,false
16aeeb07d66c5a02,false
14b21caccef77991,false
289d64a6d3c3a223,true
025882f32b9ca7bb,true
14be7bb29b292cf0,false
28afbc5651721d17,false
30e3c299c2f27b31,false
0f4f3cf1a06dcbfa,false
2b9c48cfa92e1d66,true
188115acf3288966,false
12f9db21b1cce2d2,false
0f30e8015b5448c8,false
2e23820841a1d722,false
11402cdc8990c3b4,false
13eca1a02d843ffa,false
1c26754a33ab1d77,false
1b0e81a78dc9f247,false
2e63ad02899a0f82,false
1d1081901062ce3b,false
1b43369e0a0b2e73,false
1b6028d54df932a9,false
147c073e7ead86e6,false
209cc4bdca2b6b78,false
143fbe43151284b5,false
057729f10dbd103a,false
19e6ce705dea39b1,false
2927c75f8d7a7931,false
25df600c34b74386,false
317ff77dfce401f9,false
2ab5b8fc91e42fe6,false
1fa2028491132a1b,false
1611bebfac7b13bd,false
0ddeebe7b56cdc2d,false
1ece85b1dc240605,false
1694aad6f46c3d1d,true
2ac4ec149a0ddc44,false
01224b4089258e2d,false
0805b1c20e11749b,false
15a573b87f0324af,false
0e3b168e2c586883,false
0b43b6b92058392d,false
218db519fd0961ea,false
08edd775cd812205,false
30708dbd9634b19a,false
1d61a81562357c51,false
2a4a1b4370217a2b,true
1469ad7d3c321c38,false
0181d0be65bd957c,false
2773b9d53c1f6c8f,false
1b116895944f9c3c,false
0603a37d96399330,false
17bb13c8cfce6e07,false
1a1a658a09a7962e,false
2c635bf8afda0d4c,false
0c701d8ec42784f6,false
18fca37d2a42ff9e,false
273cfc08a95125ea,false
07af0a5a4b597021,false
281134996b7eba07,false
22b8dd2f25d0374f,false
0d98f1e8a6fdab17,false
130135137dabb564,false
075d4d121cd635ce,false
129efafb8795724d,false
1b32cdab59eaf07b,false
088040bf2832568e,false
100d9bcc2cfbfc78,false
2f4c89d1f02f1759,false
0d7b609861aa2d5d,false
1d378979350bc16e,false
037383427f1e1ad8,false
06ebf2d4cc3ab690,false
10ca8eacec004c23,false
01545f04389d6da5,false
125fb8e9f3796540,false
21c86357cc9152a7,true
225b05e0d52f8841,false
0b31cd8598dc8cea,false
00c639b1e0df718b,false
195334ca3395f0e4,false
0e38a6500ca98b6f,false
1beeb5d5059b4a27,false
20fbf8710378fb26,false
2a55a2a6db78045c,false
1c1e47e26372f1f8,false
32cd2956d33e83d6,false
2e50fd0aab28b0d0,false
1a060298b8c3ad70,false
03cac208afe70c3e,false
21a155dd7cf6c5d4,false
00cf6b8010fdef23,false
1b976c8301c0954d,false
0660f0292c8f4b21,false
17d205ce50116a26,false
0a4ac35ea39bec9c,false
17182d72f33a3f90,false
0eb000db74ec0529,false
32e214e5202e79b0,true
089c1c7b0f718276,true
2ec781b0a36f78c3,false
0dfac7d5f7c1433c,false
23e741cc174e74e9,false
2293dec16433faef,false
2efda1994dbdfc62,false
22e324f9d88a915d,false
18db808a3cc33422,false
2c03159d81c12ce4,false
0d9f592bbbae29b3,false
29725e41cc426245,false
2c0170f6a883dabe,false
1c91b283f6210922,false
1d0b8f7460b6ae46,false
0111b7d9ff03878f,false
1fc31a627486af32,false
168d4ebb93335e4a,false
27f0497521de817a,false
0b0cfbbcac69ce8b,false
212844d16a0b1bc7,false
2de62da993aa22bd,false
05ab00f5f08b7efb,false
0abefbfdd5d593ce,false
18bc03ac1895106f,false
1c659632d267d43e,false
2f7307bf6c142a00,false
1ff878e81825e4a7,false
0ab1806111867ab5,false
2d0df5a0122ee70c,true
2c14a04fc00bf518,false
2b437f63978da8ae,false
24c185ccaa02de81,false
161d703906f3f8ce,false
274c7491cdccbcc4,false
066758dc971560bb,false
244e682f4186b994,false
00269e6f75212859,true
32ee706c540cf89d,false
1ea3dd3cdadcc003,false
2f7075057d968b1d,false
2d433b181827feca,false
2cb90948d424a159,false
21ffca152ecaef28,false
20d615e6d8fbf6ee,false
0a310d5344b3ff32,false
214f0092c10c8196,false
0bc9f0bb45c2cf24,false
077add382d02431c,false
1daf6f2b19cb63e9,false
2017a201e3814da1,false
0485397a38b9d829,false
29a76cd6dceee8c2,false
2d5dcc6e580b1869,false
20ff0379d9912409,false
1d856db4fc2d2f70,false
09b1e63f92335c63,false
30a2fd8d9386fa77,true
2dd39949ac9a34ff,false
26ed6f7d1464f8ec,false
15ce732a24525c5b,true
1d479ebeafddbfd9,false
05b47cf82745c544,false
17d02b3f1336f323,false
0b1b60b0afa201b0,false
01ea52df8df9d008,false
2bd1542543491667,false
1410575a6c1b5a6d,false
1ff629ceaeb0aa8d,true
254a67561caccb0c,false
228f8fea65f3f747,false
1f4dd1bebb283aab,false
1ece26df51c6a3d4,false
1c336b638b5640d1,false
3184cfac4d74bfb9,false
10ae7dfaf191fa28,false
2f1ce1a57c60121f,false
11d2f486f774be5a,false
0a14bd9e26a2a128,false
2511d6d867d686e2,false
01fb61eed6e85218,false
11218a73496a86a7,false
22633732eaa53e96,false
2c426089eead08f0,false
23a11771bbe57b63,false
203ba4e6dca940fc,false
02ae69ea05c9974a,false
18d8858ff4157892,false
0f36745a0ca1a107,false
0db409a3ccae734f,false
042ae6d02d49e788,false
14469c52737ac3a5,false
25fce786237bc381,false
075bdd28fbf1a831,false
2e98d58beeda3f52,false
0daf9b938f029246,false
13364a29d343764a,false
26f7e2dbccc3b193,true
00b935fc1205d0d7,false
1a66de81c43b182a,false
2075e0892a4b865f,false
27a6f698ce56ba53,false
1717b636b2fe55a6,false
2e873879be061817,false
04124ac3c26174bb,false
2bc6d363b63b2aa5,true
085e001bceb8f283,false
2007c94b4701096a,false
1c41b37af06b4501,false
1fa31503d2493870,false
04d7d2433ba9f3e7,true
1b3b49ef4a5b282e,false
12a169be27aac646,false
179447a6508b2bb5,false
14022be8c6720171,false
0982c275fdf50811,false
1ba05b29a6b8fac6,false
01483756ebc72940,false
16200f5168c35eba,true
2ae4c6f23756cf06,false
1c3777c0fe1c922f,false
2421aada5fb29521,false
013be3c56fd67024,false
07191681a20364ea,false
2a7eb98d41efee59,false
1c40c6ad5a922f9f,false
2aae6c89f93d2f51,false
2371a8df45f5e4a9,false
067b9a4f194e96bf,false
22c7df17e842eb92,false
29b10d550f9333d9,false
1f00571e4d317196,false
0b98c461aff9ebf3,false
1ef62c465c5ea610,false
27fcd3eab1848ed8,false
0fef117519471dff,false
1958d9442e2aa10c,false
13655633a6dbb114,false
0bcb1db867c03333,false
021b313242fb95b2,false
0e126c121db9924c,false
0b48d9f5950438f2,false
1a4a64f18ba87803,false
023badfb94401e4c,false
309f008556288a06,false
0ba119344f40382f,false
07d929062d6aa1e0,false
26933dadd70fd7c8,false
25ebf9f17b495ee7,false
11ef6a28ec38dbbb,false
08536849a1db986b,false
0395774e0a5acd26,false
22414bb19f6cb07f,true
1bd98c9d65206d8c,false
08923f4a8e03fa76,false
10f84c740a760856,false
2aa61214ea167550,true
232ff1ffe6eaed7a,false
12076614ff757747,true
1591586230be7455,false
0068c202bef94758,false
2da4469fa9260480,false
18f519b525bf8a8e,false
27a875c898698f2d,false
076a59b2a41e6cec,false
0b9c0d14161d7699,false
27f08daf0326983c,false
31b55093f09a13d3,false
1d340a70e0933b04,false
20799ae44c9a2e67,true
2597311c2e71cd30,false
291138ca68767139,false
2c129392fa797f3a,false
1f825575414d7905,false
1833ab575913f181,false
213d1bbe86ee0810,true
233db3440f13c1e6,true
12256376bde510ac,false
141cfb5ef7c0d630,false
29686ea8076b64b7,false
183b524e520151e7,false
0874c6405c35c4b6,false
0ef0981c777fd872,false
2949e4dbe991c47f,true
0993f39785e266b9,false
29a262b630e5b037,false
1c38a640ae5b995d,false
0b30f7d3b28771d7,false
0272a622b906f08a,false
285e891764198a30,false
3284725ab792af49,false
20ea78bbdd5011e9,false
00405e5e559dd08f,false
05c94d80596d0a53,false
2727d3d939a93d3b,false
08fd39fc582827dd,false
1cdb1efa67f44ced,false
250c03798a33895e,false
2a7c46152fc54590,false
25784f570dfdad9c,false
23b56bc9e08720bd,false
1e2d795610fcb729,false
2d687a2ed8f76a77,false
2c1cc602444254f6,false
04950b78b81debe8,false
19628e7590bacc39,false
2fc4105fb13ffca5,false
0aeb7301d4d30618,false
25eb7852a8e80400,false
2388dddc0ef1ac13,false
209aaf7688a458b8,false
1d6402520bf17511,false
1109fcda9f29a437,false
30029a83a61adc0e,false
232ca61cd5368e46,false
1491e2604638f05f,false
04ae694a3e204027,false
2061d1d6570cec73,false
144c031aeab3bb47,false
2acc1137bb3c3d93,false
196fe47fa79a76e4,false
1013ff2aaa1b3820,false
0f57b345ed20e5c2,false
127caf90788f6841,true
0e13e09cd78ae55f,false
2e6f4b105739fb48,false
3177ca0a5760e0b4,false
0803aa70e8c0fa9c,false
1f2680a8a0cd6b9d,false
25a883a15ddf6c84,false
12bec162b99018ae,false
17596fc1c1ae17e5,false
04ef5bc58e17c238,false
1419dc41c3c7b61f,false
325a8e46621872d4,false
1f81d3a1e4257058,false
294db6f3fe875360,false
18b07a3ee43ab795,false
0901317b71a06750,false
207f71a2ca9dc8e0,false
1a3b3b59bfa91922,false
2928533f4d1c2ba4,false
1051678153a67cd4,false
022eeb3463cbafa3,false
0ae94a461c76b27b,false
0a40b85f22366a10,false
00a5c492dd159db9,false
20b6b8a4b7a2c4ae,false
004b72de1538ffbb,false
08c3ee998030fb01,false
0ba3091e220241b3,false
233e703ad98ad11e,false
3244afd6b5771670,false
29f2d67bf72a96c8,false
124d3c92f5432a8b,false
2b8e9e857c4fa3cf,false
1331a8779f262b95,false
2d83bfe47dcdd5c8,false
27eecf76e9fafe97,false
28aac86f108727dc,false
1b31432b7e7a128b,false
11c09650bb8bf600,false
2b07654dcfde338b,false
2d6fec1b1c7a4558,false
141ef1ea0ba73289,false
12ad7d7bb8d764ca,false
122260bc041d1899,false
049953952f71a6a6,false
21edb6e6090b353f,true
144673753d9fe9ba,false
02d46a9deeb8392e,false
06243a4981d6025e,false
2fb0cf340ff96465,false
213868d1f98cb5f8,false
0cf5ed9a54e45e01,false
31157c63defbe2f1,false
2ad87c23465f9ff7,false
0e4814f6fa64f1f8,false
2930d6580059827f,false
0fc235039cd5d271,false
1c6e83f6ec512b74,false
039b7bc4f230d908,false
2e4ba356951336e8,false
27fcf65b63c8795c,true
0e5b737efa9a0fc7,false
29e6aebfec2d2e77,false
147e13db3f16a522,true
0ef37780d838024c,true
08e0eb4fe7075ebb,false
1ddcab57cf93933c,false
1bfb300b6084e91e,false
0b608aa07d30b17e,false
0a5edcd0e408c7d4,false
14a2b928ebe0270d,false
2122c661453c1263,false
331106dd7bdf2c1a,false
080ee906ef81f19e,false
10ed8bec709d54df,false
278881ccc74d0b14,false
162de6252ec090d4,false
1ae6050cb1a503b6,false
1c4d442393d79069,true
00735d5cbfa08979,false
2c636fa2e5d68edb,false
237ba9936a856dc3,false
172870977a70fc45,false
19d5abba173ad892,false
25332e52fdb5e967,false
0027091dbc76e116,false
0bbf01582d803eb7,false
1d722de113ba5909,false
08a00fcd6f926469,false
089f07f7f78743c8,false
2dbf6952e59cab23,false
239610075b690919,false
156f70c7ad2bb1f6,false
321af8ed8950542a,false
1aceb03102eeff12,false
2cf73ab3d27ae424,true
1033b7d0d04a6150,false
0c84024159a60591,false
0c35a7d347804e49,false
309776211637f93f,false
0258a4383637ca53,true
05173768cbb1d756,false
108240e1b810e380,true
21f89d8104487d69,true
2491330a20e8050a,false
0eb3538c22a9c721,false
1f8bd7549153890e,false
2f543d6b431be238,false
0dcc58497d81e9a6,false
2fb83654d41d0f30,false
27384d4effc8f71b,false
264ee88260c79c24,false
02d461ccadf476e7,false
0227e05349bbf9b5,false
05ff5fdbb2e512a2,false
024c21d370ae3503,true
1aa252f98d88a949,false
2860e895468c1da3,false
01b041021fb85296,false
028f56b6112cb1d8,false
0e4b5e8b29a3bd8e,false
291224d78da211ec,false
300800da742ba3e1,false
15c83b710fe5b41a,false
2ff7f7dd53f5511c,false
1718c0848e369a33,false
1362a986f341fcec,false
29052183d66b7f62,false
138095b9dd27e211,false
09c2afd316d87be2,false
07f8c154b46c42b8,false
0c5ff2d55266a2a3,false
13d0cc2364b31af6,false
090ec22d94e77143,false
2fd70a9fe69d2b52,false
094ddcafef779083,false
153f5f5855177b99,true
32d3f62b08416318,false
14b6a4e3f5b53657,false
233d1a8b2439632a,false
071e13cef10358fd,false
2048836d9010c025,true
0afc174597f114a6,false
21572f7ad4486f9d,false
0eef8bf581115ac7,false
16b7b9d381fbb789,false
229aca7594b1b011,false
0f77db537c01f10e,false
253cf3ab35bb4928,false
0aab48fa6668442b,false
0499153e5aad6ffd,false
2ca9538594cdb1ad,false
2c0bece9bcfedbb4,true
0083883f55cf2d53,false
195757df847d8c5d,false
27e4e7ac27591aad,false
1dd1844f3c99ed04,false
211a764f54ca1fd9,false
28c1e2ced5951fcb,false
13f1ff6098921f6d,false
2680679213f442d2,false
05b19e9a5ddce528,false
2b948b522f196a80,false
32e1a1bbd04d3bff,false
1f3beca3681fe2fa,false
0ff751d265d48f56,false
2e74c76404e0d8c1,false
0883100225d985ab,true
280a4dc5b0e70009,false
0833f4ee17c7e3be,false
2aa49fe911e89a12,true
15cfa39000118d04,false
268a6219f0daaaed,false
2e42143f11c06837,false
2ae5375d3c8679dc,false
11a3199fac292716,false
2f22d22b7378c5e7,false
175db1aacfbb626d,true
324c84255fb2942a,false
06c998835d9a1de7,false
0042afde0901f442,false
1ad013857832c329,false
0d317f2c536afba2,false
20a7c2b0dd8403c5,false
1085101b3f621f17,true
2ace8d6cc272df42,false
03f66bcf14e1c019,false
155c78927a401b69,false
035cf9d6246ea2fb,true
059aac1f7abeb731,false
28f8c6c0249720ac,true
24518914e1fff668,false
1c884c50dfeefd5f,false
24a6587afd506dcd,false
17321a04bc74103f,false
131b56447279d048,false
0ee2c5d2cb002494,false
2507ef147ee11daf,false
290f58c8f7bb4241,false
17ca7611b2d01945,false
16d809bed60dfc6e,false
23bc97032ce48257,false
13d9a9fba298bde0,false
24311a442e00e507,false
06465ae006774a11,false
29552c8b596ba131,false
099aefa393e5d9fa,false
308bdf972f00a707,false
23b94d8d8c7277e5,false
1dcbf22f61150c9f,false
16fc858dd7acbbf0,false
147a400938ddeb25,false
007ce09744dbe48c,false
15ff1e36d079f9f2,false
209e8377dbb52a9e,false
1fe28536933d6353,true
28e49a4a5a60c802,false
31aa090c24da80b5,false
22ade264d3d226e9,false
204cd28642e13148,false
08eff1ec8ccae84d,false
1bc16ece51894881,false
1b11893c949188bf,true
1d5fc1419ead33ba,false
04b087f5f0441541,false
145a3a6fbe4fe1bc,false
23009801afeee043,false
1656063f9c2fd19b,false
0338a3abe1c7cf36,false
000e68b327e8e9cc,false
1cf5e65d5c843310,false
096d91e6e38fb346,false
2d303aa1a88d4d1a,false
2ec7cf843f8dba66,false
0bbdd83bff4eb1d2,false
051e95afaebb2da8,false
07941939b5b5e9dd,false
0642fd2d4e3769d7,true
0baf51b8742f38e3,false
177d64de585c7dfd,false
0813cc2d3a2b02ae,true
21368ee10f261e1d,true
0fc94da1089d5bb8,false
2d08369594844a72,false
32243aebf2c63361,false
16b515b2a6d6b9a6,false
1006d1487cad565e,false
22ee0e101152ef6f,false
07eabe0a51140eff,true
00b916b186d731be,false
0fc0850181a64ce1,true
2b4bf08324ae6f31,false
2b13d090b6994a15,false
18d9ca7af0d2a169,false
30ebda5a7afa5fc4,false
289c4a4ee0bfddb4,false
0a0c94e62a2b5fb0,false
025da850ef8c2875,true
137afe4aa4cff4c8,false
0be4f6d3f6e8275e,false
164a1224a7646644,false
1131d51ea9fb3424,false
2c1ef8b364101a1b,false
1300b295f5a6e20a,false
0e77e6405eef28ea,false
18754f3a0fbf9dd7,false
17c839d5c4ec340d,false
1ec35fa2b1d45671,false
2fb5a9e1ce7d6141,false
1dde7cae2f1b9711,true
2c1d2d99cfdb16c1,false
00c40b3005a1c76e,false
0c238b08cb7b08a0,false
27841ddf43566d3d,false
11656fb899a97bd3,true
04d9cd3a6f2c3cf6,false
1d5e25050325ea00,false
329426effe1d7de7,false
11789d7b435a4a6e,true
254ffb56e5933340,false
1481c4d919063cd9,false
10450125e01dc169,false
082c4615f43cb52c,false
18eb10f427c68d68,false
12b515ffd942952a,true
0dc503585b242eb4,false
050e3808416e968f,false
2e1c3d545cebda6f,false
2a411d6554e24f39,false
157ad280903f3f83,false
2f579b317a52d4d3,false
0ce4951da1445903,false
0670b0eb6a7ee4d9,false
02feb421aaf20cd8,true
0e7e2a247e1dcfec,false
3205549e3ed56691,false
09358ee99d4e388d,false
22d4486d63428750,false
148f1b0c7d26dee4,false
1c1317154874c9e5,false
013e68f42a4e77bb,false
1059d475188f8808,false
0ff024920bbc56fa,false
0826db2566a01d5b,false
2fb466f3b210cff0,false
036f972b82235484,false
00c5b937fd80eb79,false
2abcd7817ed26ffe,false
2563c5a60d2bbd12,false
3207ee9cd03451c7,false
0128476c3999e78c,false
238a5daa4189a094,false
0b5d72320da67cf3,false
314ae8279e202ba2,false
0e275e92926d8cee,false
2aacf83b11d647a1,false
0619dfc379752ffa,false
215d5aa4615079c0,false
104be6f1040b999e,false
045294841a79be6a,false
23d96bea47b1fb5e,false
20244fe684c60b7d,false
12e2f7ac2c7bb6ac,false
1239648bf2631db8,false
2f06cd60ceb063dc,false
2805e8f0669b53f9,false
2902fa8256ff00bf,false
0dfb6a94913a3ae9,false
1a0782c12b001665,false
0c64d910752f6ff9,false
022d04d0fc8b9426,false
02f7e39f8c3e4897,false
118da0a8f1d3e935,false
2e85b70b406872f3,false
0aca155d7c0cb64d,false
2e3c69480fe6455d,false
1fce7bdc95101141,false
2e02a2e882c698ba,false
2171df778e364b5c,false
0c8ce762dd89d595,false
2ed3861a8b420c67,false
2eca5c38684d438a,false
2625b03692981677,false
1e612b6152fbfd05,false
046f58915b5c40eb,false
2c6672e789c4e4fb,false
0c4182872a083b21,false
23654c32345ed032,false
12a1f51032847c9f,false
0a2c3837e499067b,false
146fecac2fbc0545,true
05221a817017c6c1,false
25756ca1a14eaa8f,false
081233637ff43f3b,false
26af871c355c302f,false
13a4161651f54e18,false
2e1d1a79f6e19123,false
077d649d274cd738,false
1aa006de722f188d,false
225fd6cdbe84770b,false
06c0fcb9ce4d936b,false
12bf8179d29d491d,false
26c0d8b93cdc7b0a,false
2b9637c988c00f5b,false
332335e84bde4111,false
10030285f1e5606b,false
29784873f3678fd0,false
2a1a66df74024aa8,false
2c5db4e4459e90af,false
232733951cfe1ca9,false
0c75baed8a78c183,false
07144cd660ac361a,false
0ef1453641cf146d,false
1d390d65f937e496,false
315af31b88b2c57a,false
0a744c2112c40146,false
2046a3d11e900532,false
2c2778cca733b045,false
2b703e5c8f2a1eb8,false
1774253295ffa58d,false
08d1c169bafc7839,true
22349412ede18cbf,false
2f7ad9720b397b69,false
060dbadf3735c5ca,false
3221643b9363f33d,false
2e4376f21e447e77,false
072dfe90e4844de3,false
0b1c2f0f69395f47,false
2f25fca68929a886,true
31bc627076bab933,false
15e3ecd29e93da33,false
14be19fbd4541df3,false
18b87997a4ec3400,false
0556a616209bdf56,false
1ae30221c4811fa2,false
3109a04cff508780,false
19f4886c486b1ac7,false
01e17914bfee47b2,false
286bb9b1837c4442,false
29641b9cd8999e8d,false
28a790ee4c847056,false
280cc4e4fcd2a5ad,false
32f627a9e16b6b00,false
22fbffcb29a76ff3,false
249ca2e6cd76c42c,false
2449e75797c81790,false
2b1dd38f6ed11570,false
14b2dbacc4cfc92c,false
237752ed0434a0cb,false
13089b32190d4bd1,false
065594bf524c7c75,false
237430434577eb94,false
007adc6dd5856da2,false
2a0bdb6838f9e9bb,false
0641fb31fbaba63d,false
1bd95c1b8c0b5578,false
2feffd77cd512d35,false
2762eaea61dc36ce,false
0db3227af38f1835,false
2c0aab0a88594cdb,false
0e4128ec87a94d44,true
0eea81cc7f63fd62,false
03010b3562184fe0,false
175646f85c3bb90b,false
287014ea3635a724,false
002ea4972180dbf2,false
270467da2506902c,false
300dc5eb4e69328f,false
19cc07b2c189bff9,false
195f2b03175d299a,false
193af9ea4f34f9f5,false
0d261a5ff61959f3,false
243fd7bd093996c7,false
0a5a1ddb5c56a81e,false
27ed436aea71f02b,false
1ff82a0b8e32c59c,true
1aac713b314ae819,false
2f69b33a9aed7751,false
1b447b1bdc439243,true
0a27b3ade91685b4,false
28bcbc09d4beedfd,false
123e6ae85910b1cd,false
1ab89a7e06eb45bc,true
273663d0cc88bf27,false
17b1bee77fdb42b0,false
12520e941eae38a8,false
32ff7bfed18fb566,false
2dc70e8731ae519b,false
09480c8c36f0b77c,true
1995bfdad45b58ad,false
097391baa00ba3e4,false
0d34083b8c484ca7,false
25327561c9792eb8,false
05111de75d30442a,false
042e2bc861537c9f,false
234a9fade46c30ce,false
28ec693d50bddd80,false
025e74a0d971a511,false
2ea6e52c991fe1fa,false
1bb15552bb261e47,false
2305390018e95388,false
1b8703e7f8f9c800,false
30c6bd8c97967c47,false
195e0e9b0740e09a,false
32d04c315288da3d,false
170536ab3d147b6e,false
0e2135bb0ff6936e,false
201c16fb5ec56678,false
185ca02209896650,false
05f5169e7e8c3c90,false
2f36c0494712ad42,false
027fde8e910d6d3b,false
00b1d16c550952f1,false
2c63c61634948f36,false
020c8cb6fe499586,false
0d30de4e81df2ce1,false
0c3fbbd7a482cbfc,false
04f85b8ea105fed8,false
0052339278a32c6c,false
1f58803b865f913e,false
03c6301d36df952d,false
071d1d698b09a909,false
13b76a31aa21e51a,false
28435046c06d2a1f,false
0698e60a4ccbdff0,false
167947565bed4640,false
12713831a0d69e7e,false
29c0befcef4f7393,false
2e35481c414a3609,false
214ad6a83d397cab,false
14e786972dfeb7c7,false
03e58db78827ef1e,false
2498f353175911fe,false
28971dd8aef09d69,false
01a4b9015e776465,false
1fa27df0236c9d9d,false
20777cb73efad724,false
11161dcb57426f5a,false
0d0221e2310f55ad,false
2ea50414f489e307,false
2515dee166f25043,true
0309520763c36a3b,false
1d00e904a7e9c17f,false
1b27a0e1bee4e3a8,true
30ed2ccde34c2840,false
20726fbde127b684,false
267b531a61d8834d,false
260aaf9a2ecbf8c8,false
1712cdde08972a68,false
19e42284dd47c420,true
2a99c6a08e0f1e08,false
244ac04a51f33a1e,false
2a24a03196933165,true
22d6559abc1d07e4,false
1f320099a2c63c11,false
30f6002185823f66,false
2a6e9e53a7328379,true
2eda6b06a38a7079,true
31dd13377acdacd3,false
2d19dbc9cefcfe8c,false
08fd1ce2a3456c88,false
08008699cb6fc8ff,true
0a07ea3fc55ec383,true
1672119fd384a08f,false
316b61d9b6b42eec,false
0333aa02a50b4da5,false
2d5412e68b0f0371,false
0c68ec6746ed3b93,false
15e3de804c73b254,false
26914d2e51bf00e6,false
0684468f74a2c67f,false
2411b42381759e97,false
04221cf15f9c9d64,false
0f2159e82910dbfe,false
1a5e68c6645bb519,false
047ac72aac89d653,true
0cd07238734166e8,false
10ec8d8f9833c997,false
2fdb18745155eb70,true
10eae32adce49924,true
20fbea0ca3eb74e4,true
2f0c1607da74bf86,false
24f97390684f80da,false
084be5420278b6bd,false
04b9251174007abb,false
17c283d9458fd774,false
0604bfb7757bd284,false
31d080d95da9f400,false
2910ff0f414dedc9,false
217ca7a6f832e97c,false
0cc600af1b5ea486,false
2a71d88d89b97abb,false
2e631b1da8115c8d,false
033334d1ae6f0dc5,false
186321f26e407ed3,true
0a6cf9222485e289,false
08150d3b8115d2f0,true
2ff036d496a0c60f,false
310009e8fd85ab84,false
14237ef8fe4388bf,false
141ee7cb34cf8b83,false
25b877e5bbd502c5,false
2bd3757eec8f9fa1,false
021ceded095d57ba,false
20f701e3e13ebe2a,false
28d1d54ec14e89e7,false
07ff2144fc26b7d2,false
07bbcc0531bdc500,false
2f7e0ff292c741f8,false
18f7d84a0be6f598,false
106522d4e9965329,false
12e9f22ff3d25502,false
28b35334e4f4a062,false
3148dfb3010597d4,false
207c14d63b7a5395,false
09f0de462f5d4fec,false
20a282f8d16f9949,false
0eb4c7339eb1c1a1,false
135c90d504690dc6,true
15959742b94adf04,false
0f35168382ebfef1,false
0bfc72ac9bbcd118,false
3294d401755782b3,false
11eea797f910f864,false
2c581b4fdba2f201,false
0ff73f2b929e80d1,false
0bd87be13937ebfd,false
2b1bba2655325ce5,false
1eda9ccec48becad,false
0369fb89659ca636,false
1923899fc46e9eb9,true
1df650f8d05ec49e,false
2b434e38c10b0cbb,false
175f5f80e445e579,true
30c81ae71ad4befb,false
10d0352d7348abcb,false
1572b019597667bf,false
0eb49db3a5a432ab,false
1af2f678de4c9845,false
00b48bd8c8af9ffd,false
12f042404af9952e,true
280f8eb3b02482ba,false
02332b7c1488be9f,false
13a3ab256e6975d8,false
0446586b95a72032,false
2f7b4b0550ee70cc,false
0e1c58c346a13993,false
2a3f4664f5cfe29f,false
20b01122349b71b0,false
327b2c7e5d07e8ce,false
14c8b1c6987803c3,false
17c440a6f2062bd5,false
2fbaf272e919a8ec,false
007ff6b99f7eb84e,false
03f5ce9e8967cccd,false
13bf1d9ae133b2a0,false
074747df8157c557,false
211669f1fb021a5a,false
13f25b971e7cedc0,false
05a798acd4a08d41,false
239b22cfba1f98bb,false
0ef1707a5abf8f87,true
20afc176ffc7c02e,false
17cf8859d1954eeb,false
0d7145c30144139a,false
150737cd32b8092d,false
007eec310b43b020,false
1b8d6385129cb02d,false
173d203809524168,false
30e915629e58dfda,false
1bfdde27c757dd7f,false
19cca7eedf16680b,false
1ceff327698c8426,true
29587a0298cc5923,false
314a131b494d3ed2,false
1fd04e7b1eb89ef4,false
164790b5b6c37d17,false
1bef91b602f9628d,false
0334b43c9717d7cc,false
1361ae5294b74049,false
3029a3623946d9e7,false
1685ec78f832356e,false
07ced6fb7709e584,false
209b2671d9bfc5d3,false
28804084bedc81af,false
2c505b24c734e0f7,false
268f3d8b0b6741c9,false
1134141b1d519dde,false
25acfa1f5f9cd163,false
32b8da6513c21fa3,false
224e2779a2777cb5,false
183fdb794c67a984,true
10784a3d3a4f3321,false
0cf45d42f5953f0c,false
1ad73bc53a220b38,false
0f7394430b1bc7bf,false
2cdd436c639a8a01,false
2ffcc7e62fbb6dd0,false
01db04d18eadc6fb,false
098e8b6b06fe0ec1,false
24e2b6e2cecb8f88,false
103b98e8932ef982,false
196a9d14cb5fb5db,false
0b3f9d014486bd97,false
260a3b4fa7bfb49e,false
0d6c00b075d180c9,false
13b120e8a15ba385,false
3251cbefc58799c9,false
064754aa97ea6889,false
33317645bffe58d0,true
259a275b87f79ed3,false
309d31d2b439fc5b,false
17971c162015762e,false
2e8f6ea843c2dbbd,false
0722efea19970735,false
0c415e1bccba178c,false
320ae7c11defecf4,false
133843eec84a031f,false
1f61d210bbf8716f,false
10bca37f480e4464,false
0dd1a844ec049c20,true
214804d038c22f6a,false
08df2c591f742a37,false
2de503f56186a454,false
31022abed98e5180,false
0b6e7e27442d6883,false
2289a43c2dd20869,false
062d3e83a6f64044,false
2c2bac9a9ed93018,false
0f4fd6c98c1797af,false
110d9498263c80b3,false
091b32b55d1624d3,false
2430b2d3075d0f47,false
1d5eedbeee345e6b,false
17f9211f63c1fb71,false
1d118dfe3752745c,false
1b3958c35e586279,false
161bb72a9ce8fc8b,true
1d46615bcc1a073f,false
05d6c9283de0ec55,false
10f344aa5749f208,false
0fea326529ec4f71,true
0eb8076c23089afb,false
054cfbe979ea8506,false
2a98dee1f7beebc6,false
0f1c1357a358eb32,false
1751c1c38f3ad34c,false
18ff49d6cf8d69aa,false
303c3ac56275e374,false
175192958b6de4d1,false
187c76c81f8430fd,false
315e9d8f7e76d812,false
2984bf1fff2cc8c8,false
1b51dc1e649b0426,false
2998b79f660850b9,false
26659744ab2e4b1b,false
01a78fdb2c8fcd2c,false
108cf6cab87a1171,false
0c1deb776baa50ef,false
0b2bf6b6f42c4b10,false
1f02621b75d63aff,false
2961d2987b698ffd,false
1c5a3367249f3449,false
0fdb494a242c7ee4,true
09d35de203dac82a,false
3041312ad736b94c,false
1541f7f1392ea5d9,true
03c8c1dc0bec65f9,false
165dad1d625e41da,false
0e3ab28192b58810,false
1217fa02ccf549d7,false
095df7fbaaa1aefb,false
16a308fc56cd173d,false
0839b2bcbbaa889e,false
05c72a084412734b,true
09694004847ccd32,false
104b1d4032e5b1d6,false
0e1c792f89fa9de5,false
105f5cdf644527ed,false
1027ba29bd7bfed2,true
22eabe8e0e5ff192,true
05d8249c5869ef20,false
1a1898d2285c4060,false
0615a350a52dc413,false
1e4ed24a06935aac,false
00f59b8b3d99a831,false
1abacc77f406c8e3,false
2f00a97452f12d9b,false
0d3bf844dd999164,false
2b756324699fd553,false
30148b83c1809db2,false
2ee8eff14a244cfc,false
293313189cff710a,false
17c3385ac85beedf,false
1e698dc8932b47ae,false
2083ab5692c4e35f,false
23fc3c3463e5dd58,false
211a38862259784a,false
1b07b003aa6852f7,false
1bb6b15fca016230,false
2c055c10d25eb7d2,false
29bfbd7b66603733,false
00f21c856a709bb9,false
29c1f49ce8fd78ce,false
18aca80be0eb4f24,true
0fd430d38d1b0531,false
0b442b87d05cddec,false
0c314758aaa55717,false
0ab086bb37612163,false
0e5a0eecff788196,false
26efc7b2d5bc158f,false
193892171d969ce3,false
23d4e8cf35cdd6aa,false
05acacc1c697d102,false
2689e48750ae01c5,false
31e0d7ad3cebc068,false
2e8ee01bb42fe745,false
3119f176299b4eef,false
1f3c4a21cf9d9f79,false
177d467a1d74ab70,false
251e159ef336da9f,false
27d2fc1ad4567f4d,false
1f677f4820b70d4e,false
1e09370047b73a31,false
067dc5f438eb6bba,false
0e031285468ccf31,false
0a4c1b58b46f8f67,false
0f0f3288ada73de3,false
282bfcb4a2c66737,false
12a3e83a692f66fe,true
008fe39ed76c5f93,false
06c987c944f1d5e0,true
2cf43982fdcfbab8,true
1821381b56a01018,true
2610a6f0a434be7e,false
2dfd753467038a0b,true
0f893b4b77e00954,false
1d1ed2df60728a6f,false
1311a1dc75b97c09,false
101a2d4a2b8b36f5,true
1d4772a15882ba55,false
0e2f15418f701910,false
2424d1b90c096cee,false
317a38ea09618bbf,true
0ecdf5c5257941c6,false
06c7eef08522022e,false
18c42c226a3f623b,false
0de90bdb5774c362,true
091a5cc39a397f83,false
2cbd511d3fd71a85,false
17f370d4b364220f,false
18b28282bc3ef868,false
2a400b4087a7ebae,false
0843cd244125c5a2,true
2986eb7676cdf7a3,false
0eb57d7e6091b813,false
03f190c73234b132,false
11ce7d0e8e2983e7,false
0ab0bdad9e92d1de,false
0940c6b011ae3031,false
2cd35a750fed7f4f,false
11c8c94e30365934,true
2698f60413dc245f,false
295796e558a3761c,false
25c5b0deeaa78767,false
20a681bc308add61,false
222bf6ecfc76ed0d,false
01f1b7de533d5958,false
178b6ddb84a038a0,false
25e68d0c789b9a4a,false
08511d9c518a35b9,false
29e39bfa7038d22e,false
194d333b7348ec00,false
120f0bace78df261,false
052950b7f2dfd03f,false
2d45dee06e74f714,false
0e09dab472b8c68a,false
2afc72fb2aef2897,true
2ae784ba69065e94,false
2d8d4a0d63968048,false
198d0e62be5e8e5f,false
300067c957edf8c1,false
0dd3765c1d24198a,false
29c969047c928f40,false
32a403c50f3b6cff,false
16f5f63b83954d83,true
068db69f2d3d1e12,false
097a8b58934d4e2c,false
2d930c8d38959a26,true
2bc8538f45704760,false
290096e57cc6fa87,false
32535df8c2560313,false
285fc8c1e4789205,false
12f848c155d0b758,false
01e0704c8dd2ea25,false
08ee79eb13bab6c1,true
1511ea04f03d376c,false
04aa77bf0898a434,false
035b233d25e96690,false
050d2ac1e96f483d,false
0783668459a666ec,false
1baf457042668d0c,true
1c328fcaffd12a8f,false
2bce7b3ddf114ab2,false
2ee19e978e04a8ff,false
1ece99cce2236fd7,false
1bff0014ebb1e2ef,false
2f107a58c073b6fa,false
2126f2d7ef096653,true
326c844c8cad2134,false
06d81a8aa2787daa,false
1a7e7c488eea4706,false
256da53df071438f,false
1f49a4aa63ceab8f,false
295f9cb418774f50,false
28423a1498d07673,false
0d6da828e67baeb6,false
2ebe467548f8dc1c,false
1ed6e7bcee230ecc,false
1e23c26e1a1e5c11,false
074810643900b4f1,false
13c727e3252baa1e,false
1598ad9a68502c38,false
2a8918e62c3e273d,false
1e23245cda59e524,true
07723d87337d2c2b,false
0b1952d6721d2435,false
1ba9a6b1ddacd7cd,true
2173c1badbd7e2ed,false
2f110d5360ef3386,false
31205a087082f9e7,false
1d0caa0ff232a437,true
172ea5ac6c854562,false
2b1ad148f9aabafe,true
18b3503ea0e09e2f,false
1d70ba5dfc8b9c66,false
258766b2028bcdb4,false
2b8faf5d04fc3abf,false
10e412f1b9b288fb,false
1e452c0899f8c79f,false
01cd7453858c0ef4,false
246d6874381dca87,false
02e2e630d9160500,false
14d86a0580dccf21,false
0b68d5bd4a47e9e6,false
11a6ece5b734a470,false
0645bfef3d08c521,false
28b38750823351de,false
12f03ba145164643,false
17f03a822f1a1439,false
31e4c6560822406b,false
1d6064c75c1e6e1f,false
02888715e6b5b2de,false
0e35ed8b5311f412,false
1b696983fe8bc0a3,false
0ea01ae558d566f5,false
2dea8b09c378ffb6,false
08f5a17d8e480aae,false
1764af683e8224c8,false
055fdf6040f4d06e,false
265e644ce2bd0f79,false
018f26e4c5918eef,false
045e3d80d998f5b1,false
3192c335d067ab6f,true
1f9ed849bfe627e1,true
28b9a6b0d66527d3,false
0293be61d910256b,false
11397dcf77a53861,false
18c2306a468d9af2,false
2376d94e98c11b83,false
012edd7148a8bce3,false
2074fc4fa3e1f956,false
23a1a5b3d7a69151,false
1257a5c60f0ea244,false
10c5a641a56e3b9c,false
2c17d8de96d36534,false
010245de5467b10e,true
32cbed583c8a45f5,false
0bdaaa15c443dd5f,true
08d9928167a8995a,false
048df88a71edd9b9,false
1969f9a3aac6531b,false
1e99d095e8e6a392,false
033438a3f1622177,false
0dbc902892bef7fe,false
0901953b95f65efb,false
1e393a3e342a1219,false
08f6ab69f31a1570,false
14600d78a9abfcf1,false
0591642f6b4f60b1,false
04f7df8282263b00,false
22ce040d3767fd30,false
09856f13d10f6c00,false
249c2be408557356,false
076f8a264e49de79,false
128697a57d4fdc79,false
312983c8e2fca48a,false
14aeae92347c20de,false
0b03b12421edcfe8,false
0c11f7a4e3149160,false
27e5d4e270966220,false
28bc2b54e5e422b7,false
1dd1263e394de92b,false
01251ce905a35466,false
2fe73528c77f024d,true
0f6643e4718fd6a7,false
02c3b7229f1fe647,false
246b3a49ec26251d,false
2c9116d6c147337c,false
1ec2254de34466e6,false
173dd2a99e826c3c,true
1d491d1930cbab49,false
115d4855802627b0,false
1921bb162b2035bd,false
18a7a7adc884c835,false
0c2243872c4d54b0,false
0d4af67695013b01,false
2e84d4d2063deb39,false
2b10055c9ddecdd5,false
2e0733200cec92cf,false
0aad5dc4d76e6500,false
2282b8ce348fb499,false
2d7a3ab32f1b9ce3,false
0cb0bffcc773d17e,false
160bb5f83cd0bfb1,false
27669a8af5a6344e,false
31e9bdce8e71951b,false
1833e7c80cc727c5,false
148b3a965ab0ef9f,true
1ad97ffac81eba2b,false
2af6e0f45e99bf7c,false
00279e28335e7fec,true
01e387caeb7dd305,false
007da70c34512c4c,false
105cd0e837768a6b,false
0e96129c1444a6f4,false
2f110bce17057174,false
0e3b70797d00c995,true
084a47e3f1e059d6,false
26db99509863e94a,false
2420a6591f5b7f0b,false
0d7526ba295b85c8,false
00b8394b35a03bd7,false
0179bceee0ec0488,false
2f6d3b5b10df6e43,false
1f47c19443fa7b02,false
0f470d4913c9f32c,false
31177fab8eb47e7a,false
13edfb4b33dfa799,false
0e159fb2d1964977,false
0069cfc604249511,false
2c7e5373ba3e5c26,false
15985e6f07595318,false
127ad3798eb690fa,false
0bbe10643e6158cc,false
1c710317438d63a6,false
2f8e33764eac2f57,false
2aa68e0fdc125958,false
28a9fddc94bfbdcd,false
32f0f93ccc52bf32,false
1d065524fd08f937,true
0ca426bcac3dc626,false
0d89278f48710153,false
255c51e62b5094ea,false
1b0ce1234ecb54f5,false
22c0fe3b42e5941f,false
1dec5d7ea4525cc9,false
0845f892f80a1111,false
082998b7e0e08d5e,false
0faccf80d7e122ee,false
248843a42717e37a,true
243e343e3fa5f440,false
260308a34e60e6b3,false
066895f83027db2f,false
1949ea27cf4b4891,false
2a4d011b48690b73,false
1d3dd258812b0b24,true
2f2987c72cdfa294,false
1e4a11f84c6e7162,false
0304f2d092ad07cf,false
001470b193ce84f6,false
1563dec2400a5129,false
04cdd6a00b2bc7ae,false
143470432d93b65c,false
22b04a336501aba2,false
2d535772181d15fc,false
0bc0c5663127de6f,false
1bcc964d0ecc35b4,true
17cb21bc3fd63d7f,false
09a89b5847b0f152,false
0ce82c006e1b6e75,false
1c784e7c29b12a4f,false
07282df34f239d8c,true
1e8a2eef0d4d81b7,false
1cd9488a655e0afd,false
04ee96a99bc9ea19,false
32719e79d885499c,false
05806cd528b914d6,false
167c26a0c1cafc6f,false
241ddfe0e82f2d6e,false
2795fb7e4db7e041,false
309051ff6db792c4,false
012c31e3a392f4b0,false
1f831d5579f721e6,false
055ffa985a93c8a4,false
1563060f8563ede5,false
0768025d731e1e3c,true
0fd2a4967fe78d56,false
23b43e0f257a0ff2,false
11e375c75ec6c406,false
0c05834e43a3147b,false
24ecdcfc664b6826,true
05a74139fc5ac9dc,false
288259fe28d3e982,false
125e606e93f069cb,false
1f7126edd94796f5,false
28d99966dac8df08,false
0aa65e6705a9f32c,false
03be3e450fb12d3f,false
2849867d0cd0f342,false
269acfcbfbc6005e,false
087b14e4846af2cc,false
31857edda6db178a,false
09505425a0e213ae,false
1ba926684293a3c0,false
01b9d71a25c42b14,false
0dcedbec4f75824c,false
2f0271eefe5db43f,false
10a14e636226b727,false
315cf69ab4ea2ade,false
1b883cc0a45842e5,false
268a94a967fd64fe,false
17896fdded9d1d7f,false
01c6fa33f7ec031e,false
24b4ea5e64ea4f1b,false
1ba2e2497c776914,false
11462a2cf5ee3fcd,false
0f234e902fd673cd,false
1750e128fa9ab8d0,false
2bc90dcb37a78ba9,true
18499c603c332edc,false
267b6860681eb9a5,false
291b02d4e61e6466,false
0da9993f17df135c,false
264b3fee3b27f562,false
2a25fd3d5c19cf57,false
191c42f4e200f820,false
2b0327293c13324d,false
0a9a4f963a8af1b0,false
076b2189b7e8a20b,false
296ddc0acf7ba641,false
207c41f9fa24d150,false
27517f057845f8d4,false
251ccffbf46c6183,false
033128697e9523c2,false
09b66d7694deafbb,false
1762431ceb09589e,false
20add650b2c4f9b1,false
2b209241b2703acb,false
1bb9f64b6a66f10b,false
0f67c63b87fa865b,false
2c2e0fc29a7603ca,true
26b9142e658d6dfb,false
0f7789bb17cd9848,false
2fa65b6ccc111c7d,false
00525c7c22886f75,false
258a32d2dcc353ff,false
279ef82e902a13f2,false
0ca0ea95df287f48,false
21257c2c4b571e6e,false
106e9b8f89b7f25c,false
19cb9dc192fb3448,false
13bab05e5c139a15,false
2593d8fe65c22a5a,false
298253e8d560d344,false
2245e6bd956238c9,true
037d22bcbf916582,false
2627c4245c417904,false
1145cc7010902597,false
195a5770fa270cce,false
23d57f2beac2ff65,false
27d953777467ffe9,false
3207f40edb416242,false
165a965246182b0e,false
158e8b0eeb68c7ec,false
2821db189a92b52c,false
0094f2218387d183,false
0e2158d75749cc5a,false
28a926aa3e834e75,false
1c107ea8e0fb6d5f,false
1e4f756c2651081c,false
03dbbc7a9cd3cb9d,false
04bc5717e7eb4c69,false
1c784fa94b0a3e84,false
097078bb3d0149d5,false
13b216f6e7a4dcbf,false
30983bd88e7d3696,true
0802309b0580f3d8,false
176a477d21eaf593,true
214e6fe6a73312c7,true
2ae7da0751150878,false
319f48fd8adc8242,false
261da3e472a6c5c4,false
0cd1593b23ee252c,false
25ef40e0d27f0ae1,false
270c88496d72974e,false
17c7d5094d1c2de7,false
28fad9014d48db36,false
1f20b9e82d924e91,true
2ce06974a15274dd,false
152861b7bd561a59,false
0bd323eb6d8b033b,false
1b53fe2822f8b305,false
065756911560ab55,false
304f948162f93063,false
2ceaa488188cb4fb,false
220267c1fdd18146,false
0f229fb0294266cb,false
1660d5a833de2e99,false
27e35f0c4545aee1,false
10a717fd6a6fd653,false
2d6af336da2e52fd,true
24b7ad592bbd2891,false
1f3f712c2383b490,false
0579d3357cc22a49,false
2a47382e767826d7,false
1625066d96890a3f,false
1afbb18153e566fb,false
0833f686d13c886e,false
1f42d8697371c517,false
11b1d5e120f60a13,false
2d2adcc7c962ea59,false
0903f966a40628b3,true
160f86a81965b5df,false
2dd49a9e6a40959a,false
33142f9bed759a29,false
213e5acdd558e6ff,false
0848b06ddce099be,false
0ab524728a6bff4e,false
028e0dba8d72bfac,true
2bde288ab4f6b14b,false
14a99f35239cfed7,false
17306c6dd25c8794,false
3120ab2094c542a8,false
24d1fb3a62c144c2,false
0a38ac7e2ba8c61b,false
201b696c8b6225fc,false
0ff90e94c0568daf,false
318361218ee3299c,false
1b1ac7bc4e4fa162,false
1e6a2db090905606,false
09e3255acf43cde4,false
26078459adfafa83,false
113801eea92b8d40,true
2ce796b5b7ef6ef8,true
2b308df1dd633c5b,false
0e92f9709b008fc7,false
26374a12586eacbf,false
30ebca10a14413bf,false
10a8a1b599469bc0,true
2b70d270416e6e09,false
103dbf97a7c8784b,false
1cfadbdd022de1ad,true
0604bebcb1109fe2,false
27a88d5b314757d3,false
1a2ea821b7ae904b,false
147a84c65b2969e2,false
20d436298eb862b8,false
07a0861288eef56b,false
0b25fe61235ee387,false
1adfe5884827943c,false
2361c5741af02330,false
17c2f1e521b839c2,false
308cd2e5d8ed9808,false
312cf9d133227021,false
2c71b296b352e98f,false
3094cc1748273b38,false
0574ad49ff34b79d,false
047fccfc7acebdf6,false
27c7b0c49bda1df5,false
2ccc19f470b007b0,false
1980a3d42699ca92,false
16ef9713ce19da1a,false
094135ccae6c5d83,false
2335d2ca35310a8b,false
1f052b2af13f2fc9,false
0644493e22115d5b,false
110eaf468c453cc9,false
0a198efd8140da45,false
2aa85edb9718f766,false
00e9bf8f8fa7eca9,false
24223f6aa955caca,false
16b9cc45db67bb08,false
23674964491baa7b,false
2e82549422e1f574,false
2cb18fcc48f9a9fb,false
1a72b91119a8f473,false
1617cdaa5bb4bf5d,false
1caeeb58f08dd4f0,false
11ebcd77a349da90,false
141e07647a0e70a4,false
2b3204f9816715cc,false
17a524f5d44b866f,true
0db14bdf38fa1e70,true
2dbbf86df375db50,false
209fc81572ed93d7,false
29d5b239a4e4f70e,false
00e4f73bf989e7a7,false
1c884da275599cb5,true
30d8a61f96b03ea1,false
09c737a91bbf4f4f,false
13f4b5b22bf469fe,false
080250bad1f11bba,true
1b4474af695151cd,false
28f4ae8ba9c42e56,false
180b4b66dddee46c,false
2ee9f69c81b88e2b,false
23ce85fca7829cb5,true
2248812cb98d630b,true
046a71c705017de6,false
2d36414fae1d9b15,false
003333a3923b4122,false
018c7ad3e9381d4f,false
120c44b3c30453ee,false
1b0a245d1883dabc,true
064e6bd1ee287a0b,false
246e2eb7ebd7d44c,false
287a00e6ba4d6e5a,false
0e2ba62c4b4f6676,false
1d2a130c90e9fe63,false
1bb07baf2afa5109,false
0f53a763689ececc,false
25d886ecfc1d358f,false
2bd5a809cd985ed7,false
28e7c85d66c23948,false
05ac78a45490712e,false
2a5155b7bac3f509,false
107f1af43e8c185b,true
1b2b486158c767a4,false
26102944212e5924,false
14e555709391e751,false
31dff57e39a3fdaf,true
1731a28ba46b976f,false
2b0ccfeca5bbae93,false
032e50d3b13310ee,false
29b123022e5ac7d1,false
238e4a642fb4b395,false
256d8b4b4c90e794,false
07c8b9f6fd7844a4,false
012d472cef5714e0,false
260da5bf636fa955,false
2c1ba5c9e33a8dfa,false
16b4601193fd7fcc,false
277b107b7f5ebd0d,false
2aed4e8cbb5cfc4c,false
28159030b752cc17,false
027b75de86f7c35b,false
258f7c980f0e9e1b,false
088f539033ceb6b8,false
2ce54e5936b2064a,true
2f98ef4a8b610783,true
222a830f376e6f15,false
0afff76a90ab2a22,false
257d351cc23e9327,false
0f06a1d319abe0ae,false
24d873c8d72257ad,false
1160022ccb42803b,false
28ecfce09dde188d,false
18f5261429458f7b,false
15cd0f83ebf237e8,false
1a986d988c6cf975,false
2c976c0f0138c669,false
23f581f29f74d0c9,false
2f346c31f003af78,true
15059ecee1e21bb7,false
0aec4f0411a1a10e,false
00ab3debed6753ce,false
107fb04e26f9f826,true
03ebe8c2606d46d1,false
0d88876c67a96dda,false
179a7302a374f78f,false
1c96ce1444c037ae,false
2fb61deb8bf2ea53,false
14d04f43111b267f,false
03ddf778dc0d2771,false
0161fc0c970e12ae,false
010112b57960c0da,false
1b819a1e9d081ce4,false
2db9d5fd21fb398e,false
284707011be977a3,false
0d293f1cdacbe477,false
0008502419cc1458,true
1d463bd365114112,false
0d8c90dca5d35e18,false
2e05fda3b54a2c38,false
3039cb8b20859428,false
287e08f207b3af35,false
28558f5a5297f3e0,true
12f7dcd6c0f1e436,false
2d87e2788a85e701,false
1d2d13b9fa76d660,false
0ea03d72387713c4,false
28601e0141cd08e2,false
1c18c6a2eaa9a9e0,false
2834d1502894c9a1,false
2e6dfa80d8b34a62,false
1dc134122feba667,false
155e1ef9586afd37,false
1a1299cab6b4a0eb,false
288a8407db1df7c7,false
14a67f4118633350,false
1b6d1a2aa4154dc6,false
0913a081ab2300a9,false
2791e1092eff3c04,false
05c5ec03817cf62d,false
172edb0ca9ee9a51,false
06bae3fedd78c820,false
226f27410f8cf58c,false
310389e717beb04d,false
186f88b7a84ae6d0,false
291e601bde5c496d,false
047c6e7aabdbd9c9,false
16404656940fef30,false
3182e7ca7a3848bc,false
2f644c929ea33f58,false
12adf6794c564624,false
076dfceb84fa15b3,false
03e370e80d9faac3,false
1f95eb2994fddf3b,false
298fb2473ecaac69,false
09bc22b536fb732c,false
0c0adba8bf5cf03b,false
0d8fc2f1164ae013,false
1230ff3a83fbeef0,true
2663c14a2729024e,false
1cd1821ab816d9d6,false
1925ca7ca8527434,false
1853394a3eb40646,true
0792483aa05a579c,false
0046f040141fbc5e,false
326891dca566cb68,false
00d73e64bba5fbbc,true
1bbfc07a3719ed61,true
29ac11515f28b247,false
1867e8ced2a053d2,false
1544010a6957df99,false
1acf60b7a91f31df,false
06e4562b48f4fce5,false
2f7df5667eb6200a,true
1d893ed37d6cf55a,false
0d51c1483e0a1578,false
062d570e13391ce0,false
2de14f26d09ba9d0,false
0f43ccfd47fc9ce1,false
060f0debcf7a9758,false
0a96cc3f49b91ddb,false
05264ad9a0003cf8,false
1104067af7f045c9,false
12a600baa438d2e0,false
05238abdc5fb3825,false
0ad25f75f32fc3d6,false
28e7e7a552a55a10,false
016b1e5a0b82f84f,false
0cb4bff4341ebafc,false
294d9a433df127a2,false
163f326275da21aa,false
2af0d6f5bbcfce25,false
2fe354ad54c786b1,false
060b513ae8060898,false
2ebc76827bd895fd,false
0bec678bdef81a27,false
2ba2ea922c685c72,false
1ab32794c3599b98,false
0718580914f14c97,false
1a878ce87f30d2d1,false
1de6a9862cc988b3,false
0a0ab069b3c95808,false
33091a3f21377ad2,false
09100670406f27e1,false
01df540c02c7c8ea,false
090fca047a33c17c,false
253c5e063dd7427d,false
2040601cee2244b6,false
0e8bb66c16ba9d4c,false
24e3c1a0aa85260e,false
0276d5b16f417037,false
008aa5772e2e9a96,false
225ae0bf83727959,false
328d4f46bd6ee8ac,false
013c2bb05005637a,false
2b955e8e339e7a1b,false
1058d503260f18d0,false
0652e1037241ae55,false
1ea4b4fac60dc4cf,false
30c85f4a6cb6743d,false
22afb03c20431b19,false
164f7efe497b11fb,false
0d5d44fbf9ae8aa1,false
1ce6566687c3eac5,false
0df89e0d30417b61,false
2fb95078d472a748,true
14c5d5fdac32c42d,true
21f182a05efeba24,true
1089666dd8cac908,false
2dd57ce04a94efd8,false
1c8de3bfbb53d524,false
0a4c581a86676c82,false
10da6a67ee5a244e,false
18a5debdcf4c4108,false
095d3e38bec65f04,false
18cbfbb2b1ac7c0e,false
0c215bd5c6566f2e,false
10954ab217ee2f60,false
0ed8af5946f1a30b,false
28a81523e8e53ec2,false
2f67653f43349d1c,false
21547f017546a078,true
094d03d5e5562ec0,false
09daa963122ed34a,false
3317dc08c6fbad34,false
0592062edbdf3093,false
2937b1d1b41aee3e,false
032f3e410ae05b70,false
2b5c9e2bd8142c6c,false
2ad7950dcf2b88ca,false
0286e321ea917e44,false
16b8b7afde3963b8,false
11e709ec6ce118f6,false
23a78c272b3ca58f,false
2fbc18667b9cf7df,false
2a215d058737b13b,false
2a18ec9e3cd9fd6b,false
1aa7470ba8c1af88,false
10fd586edb87ca87,false
23bce367ffbad326,true
32058430dffb51e7,false
0f56df9fe5f19be0,false
328571981c8a5597,false
1d822b6f10403688,false
24b7bba0ac2d7407,false
28f2b8ace8ebb11c,false
1324a0d4c98462b6,true
21e57ad792f92cba,false
27943625f35a0e77,false
1faef653a746393a,false
1d09223d4e6f50e7,false
27583a3ec403c580,false
2f14b794124be8b7,true
0cce5dbc1df5196b,false
1dce85b4ea1815bf,false
0df1b1c668016426,false
0885e2de7d5ab6dd,false
296ee9ccfd08f4e1,false
1a927feaa989e6a0,false
10484b47f4f05d5c,false
00b5d5a123354156,false
055c610d34a3afc3,false
0429533a4c7494c4,false
11b995b72fb0d843,false
0798cdb9d1b406c2,false
028f13ffed58c6f2,false
00472256e31d62ff,false
2b999a8a7be83a70,false
2ab43a65c3b08bb1,false
32292bf4128d4855,false
1ed6e2a3a4a799c4,false
076257c14428b337,false
2c613fc0fe8bd6ad,true
1aa4f593ecea9cc2,false
1211a344dca0c2ae,true
1954e22ff0924984,false
0a5a60c685181fe3,false
23289c9dfe5374f6,false
1639d1a3515c6c70,false
2267ffef48b8d7db,false
10cd13e4e99c9e9b,false
15433fda1c86e1d6,false
18e716a0ac4ce1f3,false
2a9170e44d335d00,false
088946d05b6c84f1,true
105daad46d5d339d,false
315cadfcad879b89,false
2ddd853e4c6d4f7b,false
02f7cd63faecfa65,false
1374200cb8b08e26,false
2a8025d3b30da5e0,false
298800f20682f065,true
0ae79fbe3c9ac15a,false
069757365305d15a,false
030d00fce9919141,false
1f2574a2b383a3c8,false
05f9ce1178ca5505,false
2a002852a8360dfb,true
2e81315e0333a3a6,false
1cf24c4196dd5659,false
157b66f3828dfa33,false
23331288468a3960,true
3061b3bb48185921,false
1fb9be8dd7cfe2a0,true
241415b8b3e34297,false
25bfff36620ff044,false
2894f731da8393e4,false
1a7b842a074d2e56,false
2b46651ce9392f82,false
2745778c4c1716df,true
0198be1fad4f5b78,false
295bfea68010c29d,false
247ed9fa44b16c16,false
1c0284c822a5994c,false
14fc4aed8d1689cf,false
13fbe20e4fbe989e,false
077ecae06e110c69,true
2d8e5c5246195a4c,false
0928596cb102a0fc,false
110b0600dad8c99d,false
0c0c5e28dd12e4f3,false
1a60d189f87b1229,false
1dd18b467cf0ca22,true
2d63a5be07f7a7d1,false
2ae12a1999747e4c,false
2297b1f42c19db73,false
038379522b76732d,false
3144f1f1a3589059,false
20fde3e9a9584ffb,true
1686866116cf09bb,false
011a3499b769d3ae,false
1bcc7f821551f35d,false
2830c1f2e8a87a89,true
29ea6dd5a9fa21cd,false
0404c756b42e81dc,false
19cb7bdc4ed580bf,false
217d9cab1da3bee1,false
0dbd2724c05c87b7,false
1613f79749bab3d8,false
08977bbd518521e7,false
138b1cf08d92fc65,true
0687cbea0865f1c8,false
04b5443c48cd7c9b,true
0babc672adcf7d4a,false
2fb2ccb5af7a5281,false
304305f4f8f5f8da,false
0d1805119d58b56f,false
133d86fd9370aa8e,false
00b8c6a322ee4033,false
01ecdc6b86c42b3c,false
1396d44bfecebac6,false
20846779e58a0ab0,false
2fb60487e09b0532,false
14b3ba6c322975b5,false
1d8df1170aef423f,false
09877a981f3d8e68,false
10243060bec609e4,false
198bcebf542665f4,false
077f0238e0939b24,true
16949c6378fc787c,false
0adfef051bbe3b63,false
1cb900d1c54c4ca8,false
196f242a87186462,false
2b8550fcea240d51,true
191a9357517c37cc,false
0903e61aebfa21df,true
0b014846696998d7,false
1094b31bf1852dcd,true
0ce35533d4f50f68,false
1acdd22a4679c454,false
0cedaa21198eccea,false
26953fbe4c8f08cc,true
05cb58dbbc857759,false
24872111ac0af6ce,false
1addf94f7158ffe9,false
22455f9c6db6f972,false
313426060b4bf629,false
0b9009c9826bfd53,false
2283659859d4a3d4,false
1685e73d2af6abae,false
1ea22aeb71dd4674,false
2628547a4d1d33ce,false
1534c05beaa63d74,false
302afe14ad19f13c,false
1bc7cd0b6db95b5f,false
0dea1c904d8261ec,false
2123bc577bb3c889,false
15ae60fba6b8d87d,true
0d048983591e16df,true
0d6b4c6017827a81,false
0b2555c682dde497,false
1e827de2b875b0cd,false
19f1531b8a898444,false
0acd111a6c6517d6,false
24c0e5ff98e4036a,false
09b20ceb6c14d873,false
2511af8fa39c86bb,false
1455c6011791fce2,false
14d5a10e53d8863d,false
30b01857f35ad54d,true
016b5af835829b4b,false
229cd24e296cd35c,false
176fa1ac72f6a257,false
1d601b4fd30ed08f,false
0b8632c9a42f5bcd,false
291398786cf58995,false
1fb7bd758749ad6d,false
28c1c1f2f4f99b11,true
2d8037a6b1d833b9,false
2da0520aea2da0ad,false
0e320846aaf76199,true
22d902ff89938f82,false
2e541de830c0c578,false
0124a6ea7da629be,false
30d615ba3e6f1335,false
16c64569e9605b98,false
106451367a4c30f4,true
13dcc09f14e507d8,false
09b4cf426fb3bd9e,false
2eaa90d0109cc60b,false
2f7a88bf1d8855fb,false
029669444973967f,false
2fc322b5f5381ca3,true
04c9cd58c1eedf39,false
15225eea355ac96a,false
21ec8f44322b6bed,false
1b3a028a4909e910,false
05355f034e8e1ab8,false
026a7439d94e2ca7,false
15d9b9df9618c7ea,false
1f7595ec8c5b261b,false
23b086abc4ad2f68,false
2920dfd8f8a7f9a6,false
05b14e7f3f020fe7,false
25e8d8c7bcec629d,false
00d7b399d9aa8c42,false
32758acbf71b1deb,false
27e660766abab5ff,false
05a24aa099b13f7c,false
1d429e7685665793,false
2b60063dee52d3b9,false
32a46d420cea9baf,false
10e0c782617e056d,false
07afe9e2fbd8dae3,true
15c1a64957e000e4,false
0921c1b68d44dfff,true
1019194ed89f31b3,false
186073e1009d324b,false
1555ed650b3e7cf2,false
075be364fc47a0e5,false
1309335b9d6c91de,false
02c1e8d6ffee3574,false
2e91b743f3b0502b,false
052d7aea5c177cbb,false
127b237b1ee8851e,false
179a46ee02cf4db5,false
2bb01e3fa51d6712,false
260cb4f299ffd55d,false
009e5cdb3541b0e4,false
302326ca70a26548,false
07adf20f81482c27,false
1b1f1caea257ca25,false
2320c4271333be8e,true
182b01cf108cbe2f,false
04e839bca2270ee7,false
2fa3ffae3ac69bf6,false
13c043cad54771d7,false
2093e28c964e7675,false
019d48bd7fe94421,false
0d3a39a2892177f1,false
11adcf54c74ffc48,false
068f1a5786f052e7,false
16a2b072537985e8,false
1a8a9a899084e755,false
0d6863224eed0000,false
2d188bdd74b89f40,false
1aea535c62da241b,false
1880531db3fc9a3e,false
17eea753194ee9f8,false
32c69e660dba84bb,false
13342a5e4a29aeb9,false
1b6149f21c692f7e,false
26599e618d7f9b0f,false
1caf01d32ff06873,false
1c75c314fbdd8d43,false
09bb6b6d4e452348,false
0f89261a5bc885b5,false
29a85d9c9fc8c030,false
24367e43e416e420,false
139038cd91f8b19c,false
2ea7d924022c10c4,false
2186e7c7353fd0f0,true
2f272ebefbb2fcf6,false
2f2c6976fb06f163,false
3242c245ab672f1d,false
057cf5115368c3f3,false
06cb4cc5e395e010,false
050b37ff10e200b9,false
05e5bff9c3bbb731,false
2b653d9175b6e178,false
13b3343d273aa4e7,false
228f57d92e3c6486,false
206763bfd748bc13,true
1b9160ceb4466a02,false
2000680d16115602,false
03d8b310e2b263e0,false
15366f49d453ff31,false
291b7619f36581cc,false
1818c3555b3e174e,false
09ed137cad1fdfc9,false
15da82ea814c493d,false
0f53e0b140a5f206,false
1d5441bf751dacb9,false
2aa65fad2b43db60,false
31f14668a4d3cb6c,false
2a118122bc343fc4,false
153a4acf30a54971,false
1e40e9b94c807f4b,false
05caaf044086478c,false
15da5f83635c0a1b,false
22877bc7c5d00076,false
27a1530fe51f8e44,false
15f3f26efcf432d0,false
07a5df11e2c38229,false
08602bfb744b4aff,false
12bb794b86905566,false
1de58e58a288925e,false
319675644a6ddbb8,false
2c48041d7d3ba183,false
197aab59722c3494,false
1cd63770918d30f8,true
237efabbcd3f7f02,false
0cc6d1f277e93a68,false
1a196160630fb872,false
25eb3b68ed903693,false
047ad1105e04cbf8,false
2887a5f776c2f1c1,false
200f5c66cdb7b19d,false
2456f369f148d375,false
0d2a506468c0ffed,false
1b11bb77bd425aed,false
1458049fc93d9de7,false
1660040fa491944c,true
2ca120bf0ffbb23f,false
0c3548e90a428410,false
0887fdb96f5461cc,false
16c3aade415e2a0b,false
11f7768c3071d050,false
1ef350701afde1d3,false
2123447e032e5424,false
10fe6c590082d749,false
151caa47e95171c0,false
2ac524f2e7be6921,false
0346cdc5d7a3daf5,false
1041c652f265d9e2,false
1723ff109af81fbd,false
163b3b529997b171,false
1d6ce6bbffa7c63a,false
30ffd0f8f9aa0c97,false
1a424cc262ec37a7,false
0295016cbe043984,false
1ae90b163251e611,true
0cd350ca351a2c43,true
00f059d59800fddf,false
28cf16a655142a99,true
2336ee72445cf056,false
024063f321eed7d4,false
06da7dc5ab42700a,false
15a3d08fac78442e,false
2764d459da4775df,false
136875473f2fd2ef,false
19d9691ae08694ca,true
112c72c8298734f4,false
27a47a75c8a8031f,false
0ef9b15ac38b4e59,false
19f348ecb1b0d5fa,false
307ee2b342a6923d,true
25f8e6da472398f4,false
2c1e60c1585b9f88,false
1796f65ed086ade6,false
0b98f6b731c75269,true
1725ba4e46f96bd0,false
08d9ce0f1ca9b053,false
02efca07db9b5a50,false
06955cac17f126b7,false
00c90ef3fd0209cf,false
102b90d9b352b801,false
0055bfbffdbde996,false
197aba4926a5706a,false
25bdebb5972e4c66,false
1ff445c1dbfb3aeb,false
23380fd7b1fabd1a,false
10823cf8db2f8f29,false
2198ac098a228f5a,false
25762a739fbdc53f,false
31fb5de7ee298398,false
0b018532ca089696,false
204778b7c5fe1c5a,false
2a1db11adab5a5b9,false
155f8e715b7598d4,false
100b3673bc10c9b7,false
28050f4377cc6110,false
073dc65b3aa08332,false
1ec66c75e6ab9144,false
30bee9fccec64829,false
29f082dca10c3103,false
3122f6bc074d40d8,false
2cd5734a30cf5b36,false
278fd727196943ff,false
3243a2ce1126ace4,false
27e5695660988a68,false
2985cc3e50edf4da,true
3256c54acb1d2d7d,false
1073cd42a54de090,false
196969e9e32c7eaa,false
14b3f4746b80e6be,false
23f96e4ccb9587dc,false
114ba75b25c8b956,true
10b60c7c01135fec,false
164a53e023151481,false
05453d762e67c682,false
2d1d8d69670b2a07,false
17d361c324cf0994,false
01544d2dbb5f4e1f,false
0700cdb25f43873c,false
00f980e8c5ccdec7,false
322e2961d8a4bf35,false
010f821abe8e45ea,false
2607a7b24d8c9c45,false
1c89d22b08a913e8,false
268f25696ff8293a,true
1e5c2c8651acf8ad,false
0eddf0c41a0a165d,false
32e93ce015db6740,false
1be8e876381aa19a,false
245a78574284966b,true
2bcc167eefd13baa,true
2ba4aab941c0e3e7,false
25daea0cb639a1d8,false
29cd35b952e765a0,false
098a14d8538cefc7,true
0d220371dafca88b,false
245f3aa0e20fe832,false
1c6eca8faadc6827,false
2d8636b7c1e76c42,false
1380412219ece1d3,false
2d6695c88e810f67,false
0c58a630c6e1265a,false
117b5edd07cbb3dc,true
0fd72aa27b1bfc44,false
071b8903555347ed,false
158fb119daf44f87,false
03f6bc09570dbef1,false
154a37d6338bd0aa,false
196f726d4a4a5ed3,true
19ddba4e39eabca7,false
2ff3611026edc2ad,false
2b3cf4d8df434506,false
3158762fc127620a,true
27496d3f168815ad,false
15fab347d9966567,false
2bdcc9b64f502490,false
1e447574a991823a,false
1d3771144db9961c,true
2cfbd4fe7d3f409b,false
07d1ed58f3f4be40,false
244da87b03afb361,false
02be0a4a6a52dc1d,true
20e4e8f5821a1839,false
21ab88fcdb7fdb91,false
1b6e10f5eb0a0940,false
0ceb0b5abcc63004,false
157909dd9f133fb5,false
2b5c72e1d2c5ca39,false
1f959aafe2e7fa1e,false
28c955bdf5b05e49,true
13242aa665d345a9,false
0c4c3c261e3c0dec,true
28f684e344a2d633,false
08695e186e396617,false
262f53f96dc8dd1a,false
2f1f59f31ef9d54c,false
1dea52638f18c7f7,false
2eb7f5c559f4841c,false
27607e300f6d9412,false
2c1caed2759fc4d6,false
22276c84a966ac39,true
2c04dc65c1c65c39,false
145d38bf0db663fe,false
02f15434c4a99f58,false
221ecdc9c60ee8b2,true
0645de9876fe2b0a,false
0f5071b1cf1b08c4,false
2e985404c753d2f0,false
09aa0b170a179677,false
2e03d74b26204d83,false
0cc1a7045ddab81e,false
1a1b9a367f64131d,false
034b7b7d858543ee,false
0ff35a5e9f5a991f,false
2d8d8cfc6e4fd625,false
1e3fd1cd88fe5212,false
04b493143eeec292,false
16c5caae7f87f188,false
17cc46fe5b474621,false
24c953b68995c9f6,false
2e1fd513075952f6,false
068dec01c423a95e,false
0287640e75fca523,false
00f5cf2cbcb2130b,false
21bcceb8ffdee7e0,false
1395f24a8367b1da,false
30432067791de9cf,false
1ed8bfb6e24b7570,false
2004695470505b6c,false
2aa4e4cb6f0cdc7b,false
15f20abca575f150,false
20a82ccb82e0465f,false
24dd611cef230ab1,false
0ac34fbec315ee56,false
24b78dedf42adc6a,false
2553abaa4311d61f,false
0b96bed77d4a3894,false
198a24fcf2aa8082,false
1d958100f9314d7f,false
0534074bacce9a83,false
263d66f5c1a0dfbe,false
01c92c109c118338,false
0db54d7f61299b59,false
177d052a1a0186e4,false
020736bc09dec998,false
1ad713e30862200c,false
240432ba84cbab76,false
06742a3e06217ae1,false
12b7f77f17248fad,false
29d8504e2fa5f636,false
17b3a7c898d367bb,false
2f23a64145d3950f,false
1505a9ca487a6474,false
1f54c9398fe5913d,false
2868c190c8acab1e,false
0f3de6749c8f3cfe,false
313fd396a3db344a,false
16385732b1f8e5f8,false
27db57390b1b44d2,false
09cc64e54a6f2849,true
070c2b077f7ead82,false
1285abe82bab672a,true
16b92312041568ab,false
247b55dbffe8c18c,false
2b11df1fe1790f9f,true
2fbbde37fbbc395e,false
025c2cc813f013ba,false
1f1cfb3b6c7904c3,false
32a5b51cc3fb71d0,false
12ed72875ad54b76,false
1338508dc67dfcda,false
1f5638ceeb58c17d,false
293f23f9434bbc3f,false
13b0ef0f749fc679,false
07ceeeb2c1323809,true
301d8a4dbe492067,false
301fb42c26fb77a9,false
05dd903d3772a879,false
0bcbf4a3204fbba9,false
182472b78f6dcfab,false
2046ea189a8a6ff7,false
27b27f28978dacf1,false
123a9653da4bdfee,false
17b51e1497dae0b8,true
03f1fea8cfe8df06,false
0114171f5ce18715,false
1e2088fc2e16d0c4,false
01abfc058b93ee15,false
0325b99e75175b07,false
039d41a6ffa23be6,false
0253f8598a94f16f,false
2074865a2802fc3c,false
250bb7497c303425,false
1a951896d189b4e2,false
1b02fac04b96f383,true
03eb46b31df2690a,false
0e50ccf863d1f16a,false
1a7c831d87c3c5a3,false
10dd83740b802763,true
1109394c18958236,false
17ae1df948549cf6,false
261a2d06d0ec41dc,false
1401af56e801fb9d,false
27de857c2c0fbe35,false
01e0c5994ac9b9fa,false
25bc7a6c6c181957,false
195b0ea5ee92aff3,false
0c478e745ecd9a41,true
1472442edd58d3ea,false
064ef6812b01c28d,false
15fac18421c27654,false
168837b574357dd7,false
24a73c207569d845,false
293f70f82a7826a8,false
2ba18fa784e392ab,false
01a26d0ef6091200,false
2e906e66a5b49ed9,false
314782759bb720a2,false
14f66122fb7bd9ff,true
0123a028b010b393,false
31a029ec0b013a58,false
17188fa9b4dc6445,false
077b8e1137b94397,false
0fed57a5a78c0ed8,false
31f726da700518c3,false
23be11bd1dc85740,false
1c9df828f6cfa278,false
0b0ac3ce231b4122,false
00916392abf8f087,true
2323f49bc60765aa,false
2693f6af00aea555,false
31b470e4c83746b1,false
1ed5528df653e9a9,false
26bf1df4463f2cf9,false
12006c13963e0228,false
22aa0a68e65d8685,false
08cd7ccb2a6c887a,false
30c8e39204e48bfe,false
16dd7fd1ee3e0bd4,false
2096f2616fd87b0e,false
0cea33317b7ee613,false
1386e286b95163fe,false
2fee82271e9fe9af,false
3169baf98ae4f0ab,false
0ec16c3de1bc0b4c,false
1aadf82d246a155a,false
011c57826bc1b5f1,false
07307761b86dd069,false
2845ef4db6c36aba,false
0dbf19c737f42453,false
050ddba33bf1f459,false
06d2043050a2684b,false
21d314fe0c2e9d0d,false
2e037163938bec1f,false
0e9cda96b2d0f392,false
137c2fbb36ac6b89,true
134793d2c26637af,false
194aa0f153eaadd0,false
063a98ca321e702b,false
181e3f552e1960b8,false
0d49130f01a712ee,false
2cb3e09c426d2259,false
23f4b1870efb3249,false
03de99a328f17e05,false
09c9dca3a99857e7,false
22cc496c9cd9aa9b,false
1f91b70230b2dc43,true
275c5119b2be27da,false
183c1137b76b26bd,false
004858f0568688f6,false
27ee657680d0518d,true
1619531bd32cac3c,false
07cfd1efa4a4e34d,false
2533248202a1d64b,false
1b4fd5024ed61337,false
1cc780fe7c2cb572,false
3213523851b479b1,false
030c537a975489c9,true
0af41aff79299e0b,false
1f314280859d0d42,false
21899b21b1efb3e5,false
22cd9a45afd48b3f,false
0baf378e0e7f3d7a,false
0b95510ffa45a688,false
0bdc45f87f76bc39,false
242f7b1da259b391,false
2841c9f5b6df8741,false
2a2d27fea86b5204,false
11de4e78b1551cab,false
24df60edb684d1c5,true
18fb657e98566ea8,false
21c7fc8833aeb174,false
082619769b14725f,false
28ff63114bc63304,false
1c6ba02f72cf3161,false
0c78797f5c70ea5e,false
20182eac968e97f6,false
2cfa80174d09d751,false
2b79efd8dfec68c6,false
194ecf50ae5c05c0,true
023c145107265e3b,false
266ce089b7a18328,false
1b478ebe972295d5,false
181babba26f0314e,false
0dcb15b944d1c526,false
2df0d5726e1f48cd,false
136ca5d40977c545,false
0ad6e15e697ee621,false
19d9bac59d5f51db,false
0bcb3269098789ed,false
0b214173140676eb,false
3303d7ba669756c1,true
22d91021b7cf8613,false
12483da20fd23e73,false
2f6b1d057e86d099,false
220895a0308b7477,false
312d32a6866fbb93,false
294e8cfe6e74908c,false
02f9f344e6042542,false
2acf744bd0369182,false
1852609eded0e348,false
15a8337a1383ee2d,false
1cce08363b315d33,false
2a54ed6aea9cfa00,true
004cda0e4ca77273,false
2fc53564c3c39c89,false
0371e569580ea588,false
0e6469fa1aeef64c,false
083cae2bdeff513c,false
2dab3b9aeac16dde,false
0c938ae1adce4731,false
247a96b39a7c4e44,false
1b745ef6f17c1f66,false
1199d22d28dc7b9d,false
07643ee86b75ee1c,false
1d0509d43cc0626b,false
24aa90ee470e1f38,true
32090eaf38b28541,false
11202e9244e00d3c,false
165e13f4b95de529,false
1bc49e2f90e47ead,false
243aecf9ebeda3e4,false
2316ec2f064974e1,false
1fdf2c324aa5a4c4,false
1fa486875506f217,false
274162a6b36f011a,false
12f3f7cec8abe1aa,false
0d08d2acb021babd,false
170c25e94a67dbe5,false
177ebb34e1acceef,false
0a3ff29d4e8321e5,false
073fb0fdf9718876,false
26d2ab36dcd46dc1,false
2699a7c9dcc3c7d3,false
2356e9a523b4bea2,false
181e6b6a8d58dc83,false
2dd1a7ad0a606234,false
1b39a80d35af47cf,false
1c30e91e31e9f7e2,false
011a4d4c9439921a,true
0068c2fa6e7e1931,false
1f064f8ec217c254,false
30bf826dc284d06b,false
1c9e32493ce38bf2,false
15867a09d4cf188e,false
1d13fda151561320,false
120cd31cea7c4b93,true
1a0aa185c87278f8,false
1ba7ddfce8670336,false
02dc011b52045810,false
294a9e7f3b5b01fc,false
272585bccfd94245,false
0f545cbd1c3e60cf,false
290c890ded7ccfe4,false
2a91c6501eda139b,false
1eb8a624c5e64e7a,false
01fe4d30cc1249b5,false
2b2100bb5f8409e5,false
175cbe2b70e9acc6,true
2524c0db48b4cf93,true
0201f7d0ac93306e,true
19bad3d4f0007f3e,false
1148fc2dee9f33e0,false
23171f0ff03ef056,false
1be193813757227e,false
12bf5bf7b50b161d,false
24e3144de7771a31,false
029b6b7d7dc2f34b,true
219f4ad0e4ec2b6c,false
027442fc9bec0600,true
245091e7eeed22ad,false
0c3551207c76f36b,false
1d7b12b70f10b3b5,false
26b3f49d4d23168f,false
27d8e404bb19aaa5,false
1cb9b80453e28671,false
0db622015733e7b2,false
2758d11f0d6e190e,false
1a7d4adcb6e0bdff,false
12aaac377440a546,false
0161696b2a24ab64,false
20f706fa3468d1f4,false
1d0da3d17a4ddfac,false
0504601c3b6ae6d3,false
02f01ad2888a210d,false
227227cc1a1ae26a,false
1c74a1e8bfb7b630,false
06388d694d5ae8a8,false
0cc2ee21beb3d805,false
1bfa01296227cf3a,false
154e5e7d09f214b1,false
2c35a3b546bd0ce9,false
1f1b9aa1622b4173,false
08ba855387680fd1,false
16ce1676688fd009,false
31754d2375cf21b3,false
1606fd2c28161e6e,false
2f08f40d10ee5e77,true
19c59ae7f8883521,false
156b0ad1e68c3cbc,true
01a21b7ddfe8b9bb,false
0514314a9257fa66,false
081291310d55de6f,false
2dbe5adf5e95c2bc,false
1a24919c526a4c8b,false
28cb6ff1dbc4b959,true
13a8b2f2a0787184,false
0bfc594ef2af93b4,false
12837359de05ad73,false
17e9bea13198a651,false
197ecb835b52fb0f,false
20e972c390246a56,false
18ae864b5ce3368e,false
04531973435de050,false
0e35076bc83c2156,false
1116efb5092885a1,false
1026ebbc0811c296,false
0201cacc2009e6d4,false
1f59282c365c2eb1,false
1a73261b06c8e56e,false
20bcb42853f98ce0,false
1e1de4dd1f29c392,false
0fb559ec8d365ec5,false
0f214efaaa7b71cc,false
230b2c29c95a1bbb,false
0039acb3cc5f0f4a,false
306cba62362dee98,false
17ed5db4c9c627c6,false
04d18f5066ef8d2a,false
19b836212e1fcdd5,false
260109c1f3d6bbf6,false
22ec172cc6a93dd2,false
2dc2a85852aed033,true
18c0c1e48f24ecd2,false
20b04aa6b684816f,false
03eae35bffdf0a31,false
16be49b595f84d90,false
02a25897b1b9e962,false
0b4d4a161c1059f0,false
1e55fc69bfd1423e,false
2e961f1b835dedb5,false
184465c9d1eb7765,false
0fcdcc42564be7b5,false
1a2dc94191f44e59,false
085e2277d95415fa,false
0be461b6e5260ad0,false
326a31e737dbeec4,false
058ddb0d3df27491,false
2485f0c0fde89f42,false
1c44f30166c57dfa,true
1367e0dbd0bce2de,false
0800133d10e8bd3c,false
2b6825525722d7a5,false
159a6d3c84b49746,false
22d94f45ef3af26f,false
225ca3f5575e2f88,false
28aa1198bf7d7465,false
233a4f87bbaf0be8,false
2e3952def599d090,false
1a9d29edf4a5405d,false
2b36a22e20f9ca8b,false
10ddb7472114e0b5,false
180902ef6780e132,false
2096c1db316d5019,false
2593b8a48fe69ed8,false
0fa1266ee63fd0ef,false
03c82fb5fc4a9647,false
0350f7ba58d269cb,false
109581372b106519,false
1e2f26c7442cec57,false
2d1c0d069cf46fa8,false
019ee16ea924d4f1,false
066ba130d57be7b6,false
22e1a9901a063bef,false
2053e8baad5c0dc2,false
20e9f87964afc3c0,true
0d50805fe9ffadd7,false
091f3cead67b5dbe,false
2e7d45007617f1ea,false
2aece1b970de6427,false
1314fb6f6376eeca,false
025d6a819ef1974d,false
2f2bd0fa489bc6a3,false
10e7c07c1155da74,false
0d27510ebe522e19,false
2fa5b0d67a4e90fa,false
0997d7c6f78e7406,true
17863c08093e4df2,false
185b0c0f0ff53767,false
107cb4b84da67e9c,false
2bdfc32dfa137d4e,false
1f802f06ae0f5fd6,false
073a9b9fe8620506,false
30e759ddb358d290,false
221ce9b495a8bb90,false
1284b9a8a57ab977,false
2b2417c9d3843e19,false
0cc2230a90a754c9,false
12d450523e822a48,false
1807a2e38353ebcf,false
07934918f16c6321,false
2427accbce62a83a,false
121093f17da7cc96,false
31c46adc35fd5b96,false
3286ea688089266f,false
2b6f4a304b1c6c45,false
0c47e66199684216,false
13a9290977145e49,false
12848a1365bf1bc1,false
188bd1af7f48cd67,false
25c5006aa72a9e07,false
0d8e1d6932a8c25b,false
1f756fb0e75cd344,false
2d83c658ec9a44b6,false
1ceb0736d5fd574f,true
270728d81240681e,true
2cf78f588fdc5e37,true
1526f2e85a0b6bb6,false
11225d3f3b5681be,false
1248d396a0ec3c1f,false
22c46e241f0bc75d,false
13418297c8bd0942,false
000bca46a3fac05e,false
256ab6705296cc5c,false
14eb1612a7a7b112,false
14600bb0747ca67d,false
01e4a7c65c9dfcd7,false
0c1bf3733297c631,false
1d530b3b45e95057,false
1064a8681aff9477,false
1bca07ab05f50172,false
32d78d40e6acbaeb,false
018281c7428dde2e,false
0d59fe278b20ec55,false
269162d910aba3f9,false
0f06ef7145c64e13,false
15d866b604b682a1,false
1bcc5b4586e793c4,false
16ce1fd9f3c11a99,false
274930bd9c9d48c7,true
2874f7e66a8437fd,false
047852bd503140e4,false
1dd2c29caefbac6c,false
2c06989c0ce7da13,false
2b2e4e53e0e8babf,false
04a662122d7a8a73,false
1a972d79251c25ba,false
0f23a103e35e08e4,false
069569ab5cfd27a4,false
2e646f7032b02ba2,false
18e82d75f738017b,false
268191e1e006ba74,false
30a1d1e99072dc52,false
1f4a88299292778d,false
2f883464897154a9,false
14f0e7cf23a50cc6,false
08061c84993507ca,false
0834a05e71ca5ab9,false
1598d7ad964684be,false
0e88dafedca50a50,false
0bb7832750c0e864,false
1cb7f87fdca24c3b,false
242909af0d3f75d5,false
193f5c51b699e839,false
2c1876845b0a389b,true
116c341849292b39,true
064a94477ec0f5a7,false
04b3d2de2905b420,false
19b77537f82ec893,false
1f56e4a73810d95f,false
08ac77f2069f5bb0,false
0fcc4204a5b8e0ca,false
281aa4ab50bdf0ea,false
14a292fc05d68dad,false
02043e8ee8117347,false
16983733ed36a6db,false
084b62b050ca7ce4,false
1e97b7abe3dab49f,false
0e543ba22b5481c7,false
1849dd827c6ef16f,false
05181dcfda45a0fb,false
0b4e226fd6a2f5af,false
04b5bf955b2382b8,false
165fa42fb7445e2f,false
30a01fa314b999f2,false
136b4505a35b1ce3,false
06c178c9deec0b6e,false
1e4f658eff916ab2,false
16c4fda316f6864e,true
15a9304c48d7793c,false
15434961e8bc1f99,false
1fbb5d9e44302662,false
11ca5a6bb5732ae5,false
1c2dc0db6baa1db1,false
11fb88a0193e76ec,false
11441994aa42bbd5,false
1afbe767d068aa1a,false
00910edb191d6d65,false
20a8b8dc29d5922f,false
07577614710e583e,false
1686c845b97c7be4,false
1249c1b44987e172,false
08cf121306d84288,false
2951f56bcd14b54e,false
1a506bcb1aca6afd,true
2854f89ef43a2bc7,false
03474cd195707124,false
16d0838ad1cc4a0d,false
0f950a5b4454a6eb,false
0ebb1d4809ae6a99,false
197314b5c8b28994,false
0e46ae9d95632185,false
164eb2f6890aa958,false
21975e2a4e38f84c,false
1c6ccc77a2a6ad5d,false
170c5b235cc0e9df,false
1165079c371b482a,false
11c6de6368a20586,false
08541405c73b0d7c,false
26d0433aa3151c47,false
2d58b897623accdd,false
2d86fabf540c74c9,false
12e102432a2f4e09,true
2bd2bcba224f5317,false
098e99e70e06943f,false
035e8e79c9be4ae9,true
11b90361531392f8,false
31c5be2e551f5d3a,false
03093f26fff93727,false
3253e27ae521c0b5,false
1b844b1042596d77,false
1ee41d12a34d61e9,false
00f15a7c536d85b5,false
290a36d509dc4b74,false
0502cd8159361e10,false
22ee63187137c369,false
011933617d0f2cf6,false
139ff18fe32d4d96,true
1f8af211e838ce96,false
0c5afbd158db8bb2,false
2c72450a0bc1fed5,false
3046a44e43d5fb0d,false
17efba8e90585f14,false
01d2b9b27efa9fb1,false
14dcabebf06fb3c0,false
1ee330240c2f851d,false
0db9cafd60937596,false
18789757f796dc02,false
24d6db9659db3f45,true
2530721348ed90c3,true
1c8a3acac36f35ea,true
0e80e8cafb03782f,false
19c142d49c649389,false
262daca942c9a922,false
011f36e8d10a536d,false
04307372262ef9cd,false
1c22213591bed938,false
253d1dc63b609c0a,true
07db667d7ce4167d,false
19221b3e3a3e7360,false
0fc4edc0b1d33d8e,false
1df375db0fdfa9a6,false
2c86559c96ebe508,false
2cdf1ed5c3c29669,false
1847a9e8d199af00,false
11dc92a0cff18407,false
151ec52cfaf6cd3b,false
0aa343989e859f87,false
20fd898157da67df,false
2c8c28ea69873ef4,false
2714b48ee1788b90,false
1963674abdb8cc6e,true
1d0feb019240eee8,false
173d01b10a803dc1,false
0e6648e9c2c4ad3b,false
1bf06710d5099fbf,false
1ff982be2de0603c,false
2d4c62734a7f70cf,false
25af7b0276c607d3,false
291800b1efaf6751,false
10d6e5a187aed397,false
1d30a426a3a8ea9c,false
0d697507dab36669,true
2394edc3bb0ef9df,false
205834a4b1b5207a,true
06d9b2423af52b56,false
124194749bdfa0ea,false
19693c3d03ca2a9e,false
02646138a660df5d,false
251c022225fc7510,false
2db598d1f3958acb,false
1fbd3e64000e3e49,true
0f78eb9d50d5fa21,false
05be414226d335d4,false
047786d276fb5675,false
2de2cc6a0ef1a81e,false
0cece16df9d0fad6,false
16d4e23854f97405,false
2dfc54d4b639cb03,false
228021c1449b21dc,false
1aef11f650c014fb,false
119c74c4567e5548,false
0d8f716d0b18fb5f,false
10d0ffa45b732a67,true
2e6233aa8ff8bb27,false
1846854bd32840fe,false
20ec6a8c07c5e38c,false
11ffc15231f8a361,false
24c43fcbe475c6d9,false
2ae010f3c24bb9f5,false
0a7441b6cd73fa12,false
2971630e3f94d41c,false
27eeadefdedea042,false
179af9b04c09c09d,false
0b6e01472e1fb4c3,false
1559be8337b7cca9,false
1149824d04214016,false
15b3cad86292a82f,false
278b8ec0f321bc16,false
128d796357939c5f,false
0b84e14e982b01b8,false
00787861ee5f7e48,false
2da2b8c4e6cb10ce,false
0cf1f4e860cfda11,false
2c2f3d0e200039df,false
2001a6103eee2a2f,false
274e2b2b59515a04,false
239bd097e94f6285,false
0cf94b49745bb03e,false
1ed85800f2b7915d,true
1156f9dcb2d137e2,false
1cfc7a49f2b836cc,false
00232c0c9062794a,false
20f7acd10f488acc,false
077fa91a0bb398a1,false
312c7de10e42b848,false
2e7c2e6484a6038b,false
33303aae0b51a851,false
06734866f46c479e,false
1f6ff86a0cecadda,false
08ef9a3ab5fdbece,false
26e5fa9357b08429,true
2fd8464e3812cf0a,false
12be8c726ae8b8ea,false
073f8a0ad6d9ff90,false
0915980b63132904,false
22594df252142287,false
223595d29983dc60,false
29f9221d4bd7d4db,false
1224eafdbf5e4181,false
05cc350a1e89be8f,false
2a186472f1ed6389,false
26a08cdbfc7fcba3,true
21ec2a5905759372,false
1b9a374a1f3d4f32,false
27c70496d33af669,false
244dd5f30800f2fc,false
26abfd8e3990296c,false
18b364e87d338659,false
2c40bff165bfdcdd,false
1890c0605a35d722,false
0c7e260307a11f72,false
302413d84e9526f9,false
32278ae0c159e416,false
11d0051c77d9b1c7,false
2005dfcf4553ea9a,false
1a05e9a6ae60ced6,false
06a4cee409c5b100,false
16ff3be5d328cc66,false
2d2a033741b51ee4,false
23eb7bf3d5c06a75,false
00a95b706ab53d68,false
134c4ce9fffff487,false
2a1c4e674c3b016a,false
291c7ccb82c9e641,false
07b60430f94f7524,false
095f9e48773aac33,false
171fb2352ff2fa4d,true
17b031eea39dcc1a,false
2ac62111425ecb13,false
2bdf93126717db57,false
080d75b218f62166,false
014dd0ad50b34092,false
1abccf52a9037b41,false
013f9b6fc7919708,false
327c3f72d67f5eca,false
0ac810c0494f35bf,false
038ad2b5e0bebde4,false
162ae83ae2b88436,false
24959aad0e04957e,false
053b4e17109d3cfb,false
2c111be3111bb89b,false
19ed72d8771f65cc,false
08f3d7bc25df76ef,false
29851e1701301090,false
1d216b0aa4e7cd0e,true
2294c08764efe8fd,false
22d70f75bf970fd4,false
198f9f782f1919a8,false
241bbfc5aa088243,false
2aa5e6cfd5bdf926,false
0429631443b0d22c,false
32edf28619ff69e4,false
0accc457a7c829d3,false
309c30fb932f8fbb,false
2b2cbc0273bfefb5,false
22e1639a213d74d7,false
1685658fdd47d457,false
2ecac761d2b9c35e,false
1f822111f71f29ca,false
05eaf2967c58f6f0,false
2fbd275e8f981667,true
2eb50720181e7bf1,false
1f6ccce05f505c94,false
1815945782bcec9c,false
0afd2fc340421a8f,false
2b3de73b75dd584b,false
056959ce527d7396,false
1f9b26b5588bd69d,false
0193f14e00278e8b,false
049faec2c85709f1,true
2737085c9d233af2,false
2e941f593b520576,false
05b75111b8e53395,false
1704cd30431fcbaa,false
240e7842f4e5a8aa,true
0d5d6a5a17040189,false
019b20ca9fef7e97,false
0bdfb5ed5a6403ec,false
100a18bf467a9c51,false
2b3baff4f3fc027b,true
24f0beb65d45a764,false
041ee1c0c6792e3d,false
172e8c44956dd52f,false
1604c69ffbe17c71,false
2685ab5a673c94c0,false
0339931cb09fde28,false
1cefd9f536870360,false
3271b7afcf69105c,false
0d09e14927bb49ac,false
0a28de895f69eab9,false
30ca5146d52437c6,false
1cb12047f9774d16,false
0ef7e3c9d3a00852,false
2bdb5fc764186938,false
1c8e4b41674f9128,true
2e48d834973d612f,false
14a788fcfc461478,false
2766d6b6022d3733,false
10911027de122425,false
291c17580479fc4b,false
04da4e5960383fdc,false
2efc43583ef6ba77,false
2bfdabd8a2b1ea26,false
0f16256a7d016c2c,true
1ebcfcbf086cf0b6,false
12122b41de55692a,false
0cc844a3cc4a70a7,false
1445781f295548b4,true
062d2d1581710508,false
06e88b799cd37276,false
0b616df1acb3f97b,false
2029e70753bad060,false
0f7f2b03c0bd5d83,false
0a8d8d107f646976,false
064994b35668d389,false
198927e5cac990a1,false
1a0768ef1c295a53,false
1199c39064fe261b,false
20590757f2ae032a,false
08ce580e59385790,false
25495b236dc2504c,false
22bd360fe6efdf91,false
10346ad0ca90a469,false
3225ba71fd51dec6,false
2b09a543989efb03,false
06cbe49f757117ce,false
23d250879892f179,false
0fee46108d903c09,true
22d5c855e94e6208,false
30326d65831a2a23,true
22042adc3d4a174e,false
2a2c40c974da8095,false
2ead04ab98707d1a,true
214b5478c150b406,false
06e08d97331f7404,false
2d52398d3f77af35,false
324e0d2edc736b4f,false
18c7c71a6aadc38d,false
183694b7999bf588,false
2f02d444b56fdde2,false
2c294ff086fd0e57,true
182bb9db2a52e64f,true
0a9f8cbe60354652,false
0ff3bb2c0210e138,false
32938e780dcc3e3a,false
00668ed0effc5441,false
30e95ec3721e6994,false
19d010beb22a9896,false
290f2618b0542dc6,false
2f68d12301c8211c,false
32d5ac11f1d92ae2,false
25638daf379b8d23,false
12129a28f425e5fb,false
2f639eb1ac89694d,false
0546808f50e7392f,false
09ff0855d0f0768b,true
0a560dbad6e881ce,false
32c9c448f765b6c3,false
1dd350b45772c83d,false
302d88c5225b2a56,false
1533f4b9d5b8a36a,false
2d78564bd6b2f9b3,true
18fdf77e79a44af2,true
2f5a3abdcfbeb2de,false
22f617054825da35,false
2f3acb6a516caaca,false
1b617337eb7b49f9,false
162c93f5802f8495,true
097665a1c3d70cbd,false
150469f7557beea0,false
048663a731fbe934,false
2ee5ea5fc939f1dd,false
009b8b1d7c5bb0e4,false
2bc1f43c3ca15bc4,false
0862e9a32ee1f3e2,false
2bdcc5e35880e518,false
1138857bc2ac1401,false
100df1be568036a6,false
1e2705a319acef1f,false
2c2612203e68470d,false
31aa6f834812d81d,false
09105923c5249d00,false
0040e426b48b34ce,false
0efffef27551b1b1,false
0a705f231f82e531,false
14286a9c43501fe5,false
192f4869561191b6,false
033622dd66e4d97d,false
207fded778ec3d77,false
055892a365ed5a96,false
0586297a8d3a5e07,false
09f52402a380fb9e,false
1d2a86446103f0f1,false
27c2405c80c7a26a,false
2080739367721da6,false
0a53a385b78fe0e5,true
21c0dafdc2d81821,false
10d0308b02fc8f15,false
080f60860b081d2c,false
1cd870e83211cbdb,false
1ade077dbe95988e,false
112fd98bbd9fa092,false
240af2ed017d1429,false
010cbf10b565087d,false
323c06c71ffb3628,false
2e41206005c454a1,false
2bc603a60f5e51f7,true
05a8096507681c48,false
2a69be53e3fb8b4a,false
2a128208fe960efa,false
15660b164f4d311a,false
2dd85c6f96414cef,false
2367f3032e2ff215,false
1616d91bc3809543,true
2c1d442490b01e42,true
111ad0e1272f9d23,false
198218eae7e1702f,false
32efc92a9d17990d,true
15eac510e20ae03f,false
043baeb721ed0e7a,false
24098171860641d2,false
12cec1dc6cc7eb6a,false
2549088bd346bee3,false
20b4b894d466376f,false
0179363250615545,false
1b889fd568f1008e,false
1a9e667d61d5e3c1,false
0cc45f53f291fbda,false
2cc435d1e4bbb740,false
14380830cdbc0619,false
17b6febc5deb383f,false
175fa46abac9badf,false
15eaa1cf25c880a6,false
09196f78910881c6,false
2feb00788bb5bbe2,false
0f331497b4c7446f,false
1010b34b31d7392d,false
2d307c1187197f86,false
10854e74e93c5af8,false
2e047354fdb66dd2,false
042e9a952fc62bf2,false
0fcf0fae077625d1,false
2c8c2896bcec1045,false
29ac4cecc00dcb01,false
11f2ee17c9e3e1e4,false
0ed676f19bec7de6,false
09d79a0cbe82a772,false
0812e524ce26c4dd,false
218cdd1bdee9e651,false
058ef92dd908ba50,false
1d6d79db2cb0646b,false
016cb4e57a881886,false
1aa42ee3deb3891e,false
024b9e7ab269137e,false
2718b733baa29bb7,false
01991d961c8ec624,false
0cbcd815cb977805,false
31a092e5ee36c427,false
197ab348b0a8f0c5,false
22451b1faba3c0ac,false
0a04d2afd6b1d96a,false
32ec202c2bfa6e33,false
2de63e645f5be287,false
0fc6e2c27bd82f90,true
041659a34b3ee925,false
0e44f781d6cf341c,false
223edab06c571917,false
0f7cd9b93661007c,false
1d8efb64133abc6a,false
1aa196eeb3274de8,false
1b83f297f7fc8207,false
15a601b070ade594,false
231ba72681e697f8,false
268e0bb48f51d49b,false
2174bcf07f571e94,false
0b3c5e10c1ba19e4,false
1388f5a44089f202,true
0f40bacc250a7c04,false
0a80a0db8d677b56,false
137941f066fb34a8,false
2fdb48fd27ad486c,true
2e98a9806d7f2fe9,true
1b7cdf5bcf310b05,false
2e159282a6cb780a,false
304c11c78bd9eb53,false
26b8d06cc626911b,true
092f3cfc4d0c9311,false
0098bf2101e5a641,false
1130fd6228a6634f,false
1955116896540827,false
25c19de9e04797fa,false
266f6ef0aecba08b,false
0b7cbf341632319c,false
30abc1039c429489,false
1e5dce68fe305f9d,false
2683e914039e9c29,false
12a51f51acdc2b00,false
026d1d88a256376f,false
0c15323aa85933a7,false
28a84d59644b3390,false
2567322bc48e690d,false
2c17abe651334ad1,false
05edd00b4492ff1c,false
02a89bc7e2ddcc50,false
1ee7431d538e1513,false
0913f1014a9055a8,false
155fefe6126752aa,false
21dc11f7796194d5,false
323537329e743045,false
16b6f00b125d8343,false
0bf0d2a309dac454,false
280f374f7d490ccf,false
0c215431c6f7a330,false
0dfac38bcefb43a9,false
0079e3b93e0a2a11,true
0ff9fb457f9e484a,false
2581fa4a432cb07c,false
213e172f739fd267,false
1aee81702f1ba241,false
292ce4f678ff6c07,false
14d18dc8650a4e04,false
0f4f08274ad7df51,true
28f1fb3699345608,false
207f0ae1dbe3f877,false
16e668b35eec6f84,false
1b760206658b996a,false
2c21e5ab1617292c,false
0dde4745857680b4,false
0b807e16679256b8,false
2b436bdbd7666dd5,false
01da2d276936c651,false
1c9cb1b7489e116f,false
2e07e17dfd1d0c4b,false
2487c6b749bd4daf,true
24ff39fe534ee2d9,false
1f5d1f0565f846f6,true
034f9a8cae36f98e,false
28cc6e57e6710101,false
2686ce32d08115c4,false
053a9851a745dacc,false
13a5c8b5ca41e26e,false
2b78ad725fd67fe7,false
257c931cef832923,false
06f04941eb4d1589,false
1ec13ec388441226,false
25b3f6ad9db69d32,false
12a0ee02ebad5b90,false
07995aa61c5cadb5,false
0625829b74229d5b,true
18e9f1af1b4e3ea1,false
2f2561bdaece5d5f,false
32961f197363dedb,false
0bd06a0b4f3401c1,false
1911afcb91202d98,false
111e7565bfcc6de5,false
2711309dcea05055,false
0273f4fb46792b31,false
2304cd9df9dc52be,false
14ab923291ac31a2,false
2e26357bb039c0a5,false
098eb956150b02dd,false
10fe094d8af2d69a,false
1b03f1d2abea7456,false
183a942aef0bbeeb,false
243a04e9a2ad1fa1,false
162b5c128b927f2d,false
28dc63eb89f599f5,false
26301e8674d7f140,false
0dfc74e92f68a0d6,false
0c0ebf1f2c21afff,false
01a5d92ffe810de1,false
30ae984f868c409e,false
1576e4e679295277,false
237a610dac3bdf84,false
095b4e31266d77a3,false
32de54a81fb003b1,false
1f09f3972bcd2db5,false
23322b641f994401,false
30d39903ed63c40b,false
1146a66030b26777,false
02da45a6c6cf35c1,false
1abd99c649df7d97,false
0d48a4be947d3d68,false
2ccf0463847398d5,false
1788d160ff2260e3,false
04228ba3dda462a3,false
20ccf533fde04e73,false
30cc01099a83e2a7,false
20a17101340c41a8,true
2323faa8f87973ce,false
296d6c8b5e078390,false
0151110d7867755b,false
0a6dda92f5bfdfcd,false
2599e96d77ad7758,false
2d0076d03358409a,false
2573f3af4a09579e,false
0b297bf14b7c3c47,false
0d009b1a1392d61b,false
19b34f9de98d5f08,false
1ade705117350532,false
163769a8f6e9c1ae,false
198f5bef4871e0fa,false
1984655dcc7edc6f,false
1e9ef9ba5879257c,true
0435508d77dfdf83,false
1907c5eebd5263a4,false
011757a55c64ff77,true
07b648ea494b3b03,false
1c9bf6241fa147a9,false
0f694e3cc1da0838,false
2cdaa267ef6a1f0e,true
0efb265660fc3b90,false
04f9efaa6e6ae03e,false
229ad3a8cc3ba66f,false
286f1c227303973b,false
23dbdce6f574aab9,true
1f7b88f8943d7b06,false
2926f5d4ec6a421f,false
28a60842696c1855,false
184452619dbda2db,false
2f94f874d9f75c76,true
1bed91e414c28115,false
0aebcd4c8e1931ce,false
13523bd8f90c04fe,false
115dc3f02940a1eb,true
04f7f9092a084bbd,false
1df884efb18ae1b3,false
132d536eb571ab76,false
0b992418f0d86fd1,false
06a43bc8e9362c0a,false
166847920ec6a8e1,false
297158717d8c0b7e,false
100da0208f397a25,false
25e6d32331fb0bf9,true
031a038dd5fc3127,false
22bae2583e962123,true
0906f43f46317ca2,false
2754d22cf58628b3,false
05137c8797174a66,false
24f943aa8724c1b5,false
2a7de797dd875126,false
20d38575ce60812e,false
235b8f902678e613,false
27a4e7bc3f6767f2,false
32ca5a64a914dabc,false
2cdf0f68fd18f73c,false
0e6a481a7c715d39,false
2655e8c198b09eca,false
065d7a31273611bd,false
041e47e8dbdb159a,false
03ff01aa2b4fe126,false
1b66e5cf7d60144e,false
18fd008c0309cfb6,false
1f4b625ad5f6ac22,false
109a9d59a0f9263b,false
130a218b6417f2c0,false
0ea238130946494f,false
250af107b4668e55,false
07b5d64c11a99fc5,false
0c3a5fcec386237e,false
1495fd846ebdaafd,false
094e3447b875f1c2,true
163f5b9f24e2543e,false
04ae201a13130b90,false
2942bf69d82f6e92,false
2e8dfc2da6ed581b,true
0060546ae3856e64,false
07779a8a943c2996,false
0cc77053d6348656,false
19a812ece92221ea,false
30f95b436634ee4e,false
04dd77ecad73ff11,false
213589c9ee8f9681,false
0396a2392704e758,false
15f4a6c58fc49ac9,false
28334042b0160b33,true
1c32f84020ca5892,false
3183cf658ef47939,false
26ab8b2d395296f1,false
2e7e47d4d7f19955,false
0db40afed9fea8f0,false
2feab07def3c6d4c,false
0f1bd5287ccb01ee,false
31a03cfaf78ba907,false
1d900c4b41e0bd59,true
17e8276e6fa2e52b,false
091cbeeef98c9154,false
0a1df5b338056c48,false
110a1bf5c31f7f8a,false
002f44744c26e0b3,false
24603b70125c14af,false
10b312ee0a0ca174,false
059195fecf8ac15b,false
3139a8065f60f39f,false
20f7ebaa57aabd6e,true
02f8434662359045,false
2e529bf0380761ed,false
2aa82fd9e9bc0fad,false
101972c4f78846d5,false
083010849dba718c,false
0f1824f6787f0891,false
1c1abae80d53293f,false
20387f40ca57de16,false
1210398eaf0b7a27,false
142d93900058b548,false
261c35574c11a904,false
0a7919bf6ecc1d4c,false
00d48e0d7c5260c4,false
14b4b313d6158706,false
2a2990d3cf08959d,false
031cc7ba746901fd,false
312abcd73925e826,false
1fcb4a6c0401e12b,false
1e6e80694de245c1,false
18e5b6d810580b79,false
11daa0bf62328f4e,false
241de0f613293b73,false
0c1cceb895b1c41a,false
2c039250c3229cf1,false
1db300b8d366c928,false
1e2ba95ccd6a153d,false
3266d3291aea91a4,true
239775183cb6949c,false
172ffc127c5b4590,false
2ef10d672f788d53,false
1333a5f8472fc963,false
20b92c51801ee9d2,false
259b28179b60f30f,false
0f612ad0c0df08ab,false
2603eff4e01c8882,false
1df229ac621a65ae,false
2798ec75b3172f1c,false
0544174999d25583,false
2eaddce73434903c,false
0212c084245bf3d1,false
1c3f497b4c5dbab8,false
313e0667c6a8ab01,false
11533d30ee820859,false
2723c7db568772d9,false
29dc140dd0e5e783,true
2de4fe27dece4029,false
1f973404e28bf30b,false
321a1d273dbef39e,false
1aa33c03b0e79353,false
07dcdcd601173671,false
0d98dcd982dea564,false
32cd366783570b84,false
2fbefe7ce28c0a48,false
0e2e1bce7c9087b9,false
3234fc1cfc8a3000,false
241e40218d3d470b,false
299b14ab2f823538,false
19129a3e8b220f12,true
1013e1fc68b29609,false
1896130ec2faa569,false
22f7b03fdf4efe89,false
153df668478ecb35,false
10c327945aafadf6,false
0705042a0cbae9cc,false
2f11eb53fcd60d7f,false
104bd956575e93a2,false
1a1f5fa7777a5584,true
0cb90b0a9cb9e98b,false
0091955b2cd49730,false
32b93c5e0ebc65c3,false
150bfd662a4dcdc5,false
01463413910fafc4,false
3265db5c75b05307,false
008d4833267e23d1,false
03a48ac8b61ffb30,false
2b0aceb8386e1c61,false
1171712f4657783c,false
1a08a7176924b990,false
0dfe42d622bdb82c,false
1d3991a054f6364b,true
16c011fc748bb157,false
089e5f0617f90d07,false
141e5fda425a4660,false
1cb2c6df5fd06817,false
28dd3dfb1d4723d4,false
02e729140bc3fd7e,true
14d76624a1f8b02d,false
0d243386d07926c7,false
2d8d25d81b5f2ba7,false
01803f9664f7df6b,false
014364fdeae574fc,false
0f480afe1fd8d10c,false
0c65a9104dd6b706,true
26a8c64c9d8a6cc2,true
2fcfbacbe7ed0fd4,false
1bc5b9a45900d38a,false
17b1256a7725aeb9,false
115e91c0465ea89c,false
1d0ee49bd384398b,false
223691cfb0faa8d2,false
087a1bb8195ad10b,false
2d3722bf4a0bc530,false
077af82fb4fc8b5a,false
26807d6de05a652f,true
1096236ce3b040dc,true
073dc4033db934d0,false
1a642558fe29bda1,false
232b4b8bea05708a,false
22860b1376ed301f,false
2c97f2256f6139db,false
28dcdffc5cddcbda,false
225c241bfc2d24d1,false
0800239afccaa104,false
1833075afbe22cbd,false
0815cec8e9fe13e0,false
2cec2ecb28330a14,false
2eea8af2c949f06b,false
11bdff456138dc11,false
0838749973fbb438,false
29c1446180ec04b4,false
2bb5a83e5034307c,true
112faa3d0bd7cabd,false
31c9d2b04a5fd17d,false
25c3a4a60c138f3b,false
324758df886e098a,false
0b9c434952aa57e2,false
0e222239f5ed8200,false
0f6be9aa4d9a556f,false
13361868e2a80059,true
06236f5348a6442e,false
2ab4c7571061375a,false
2533c58024c88fd5,false
042e702a625651c1,false
0d688765d9eb3680,false
2e5d2234b1884c81,false
1e1bb3ae352a6ccf,false
19aeff97514f1391,false
310a3ebf0a682a71,false
00770537267edc09,false
0dbf3196d5e507cb,true
266f9deeab797c1d,false
1d82a936d321b3aa,false
16c3b8e194d6b74a,false
111dc6e89b468c17,false
1a4d574df2c5f39f,false
20767109c973faa3,false
2a5c6be563876ec8,false
0090eace3ceb941c,false
230c7ba8739bb245,false
2927f5b82eb98aab,false
14eb6aae2eca2e49,false
29cf3180bef6578c,false
02238afce3a7a197,false
23b5f2a60991035f,false
03784c8d73f734ec,false
0f6934fe5e1b021c,false
2b7ccaa38144c9ae,false
2ccfd5a5ff22cbb9,false
318b463d62e6c3f5,false
165bfbb50b5d88b4,false
103afbf5a4351563,false
1352b450f36f4162,false
1a16f9a65bf69d20,false
156c064134029eb8,false
30f69fb9c3fce456,false
1ca36fe3ac974029,false
2263bbf20e5ca319,false
16340e10482af988,false
211aa943955fd720,false
1741dcd0516f8649,false
2a64e43918742b55,false
1ba186b0eb546e6e,false
24812ca4c7ee2879,false
18cc728f71ca48d1,true
21e2252aed080d07,false
17e0fc233a3eb6c2,false
1521b257c2340cea,false
15bdd605c92c0ee4,false
0edc59688f920053,true
25b310478b35ce91,false
19e6eb15edc9e868,false
1b4d838b08b5e827,false
140ab06c762970c5,false
1e2a1b18c8cf6cb6,false
26652b81d47a7728,false
226579dee1c7a9ce,false
1f1f44cf202e2280,false
29c0af0a844a1183,false
0b6d076ce7e9b734,false
0fdb279f519a42fa,false
1c8d2276f03c7fb9,false
00952f65adf6e9bd,false
05ab4dcf3bd5c7f4,false
046bd19a16debd68,false
16d5e27a125b67a6,true
07115161bff993d2,true
27d941eacab1e15d,true
2fafabfe55237498,false
02f20ac4d2072eaa,false
278ea19cc8a1473d,false
05ecb3b1e252496f,false
20b587bf32e4d7bb,false
328746627299441f,true
245d0ba7bed36c12,false
2ca765db56d86902,true
11df61f056c39364,false
2b29fbfcea65b20c,false
13f214645b8e6b79,false
06ef459496e54a26,false
07688a81894a846b,false
0a9420f531a46ce7,false
093c33e35b510285,false
088ee7a8bb4d4084,true
192da88a16abbeb8,false
2e95c3182515cb64,false
0befb40bfb9a0bc8,false
0c7d242247d38c3d,false
17b5462ec33db0c2,false
3136e8edee2a2007,false
204821af9771ebf2,false
224f454f4c477bb4,false
0b312dce18283597,false
30d8bac53c0cc975,true
0610e2029b2405aa,false
256a753e1d38f0c4,false
05f91ec3debda8f3,false
2f48ca0d8f8228d8,false
03c6f8186043d9d4,true
0f9a7af3a5102970,false
1a380fb0a7cd3f53,false
1e57b7a3b7780dd5,false
1e4fa3845133c235,false
1cfe866587c027ab,false
03c2ccc408334eb1,true
07cad5d5c62da7d4,false
1f3a210fa32b8907,false
2fa0144d05fe2062,true
289a1ff383549e00,false
11204a80d9244d70,false
088ce43583fadf8c,true
14ade05ece5e453c,false
23f6368cc8ba2e53,false
1b33ebb4214bc1aa,false
0b3881297ec905a0,false
0647fb5b76391b91,false
252db45843cb0928,false
1802911b016021ee,false
2a98f0811cda8c8f,false
1c0fe80cbef2dd7f,false
31edaaa03e502f4e,false
1b9a1f91074d575d,false
216468317e2e5f50,false
240840eb4ed7d143,false
27b78f039df5c45c,false
12503e4df6438f24,false
2ba7fc21c6575eca,false
2fdc78910412eb9c,false
0a0807d00f71de78,false
286e2071ed1a7033,false
1cf8540204409b07,false
1c362f6961b7b9fc,true
222f55634cbeec1f,false
1dfabd73d64d604d,false
3026fee2c80ba51b,true
1b397ee60fa95d62,false
32da1bb9db5b586b,false
0c2002bd98c97fba,false
20e10e5a0620ebce,false
2a7237a791bf073b,false
1b9cf2248b65e842,false
0d39af4601f6a181,false
2543d1c4993ddb6b,false
047587c7ce087d07,false
26ff811b57149651,false
3054e80498e6ecf4,true
2547edf8db77a0d1,false
1b5e44329ec497c7,false
10248deb3ef7799d,false
12b3aba2859ef017,false
2622deef90c49e40,false
2f6d80a1a796f9a5,false
2400d70ecb08541e,true
213c432012ee7986,true
0566d9949337c7bc,false
169c4d79366f24f9,false
235421991eacf834,false
205c6242ed47a94f,true
2c9d98d440b68c49,false
329ad34d8813d147,false
14e47283a9beee60,false
12672696eea323b8,false
0ecfc59ee2ba54c6,false
3202cfb0a49ad801,false
21b4f93c031436c7,true
1591d49edde8863c,false
07610f1f9d6be4c1,false
1bb17366c0241b57,false
09c7afd351b550d6,true
038de3753681f0a3,false
080aa257fbf169a3,false
008e719942f25186,false
175ae3f68fc71900,false
0c4f62a00e462c5a,false
16d758ed1331603b,false
2cfd44f3da975efa,false
24c08a6b66163b59,false
0ae9a2612fdf0da7,false
1e59c225a5847646,false
0266408b4c703fe0,false
1efa3e054204e043,false
0d93b4d020c15f0a,false
2a6b3392f86500a3,false
0b2cbe782a4cfcc3,false
26b2d99530027d5c,false
022917038ae1bea7,false
130c20806a53fe22,false
1e83cf5f9585c292,true
286ab6f0b6becb50,false
0fec9175f0670575,false
2e2bc17fe8dce214,false
16b4e5b022880715,true
17a36d752b3bb428,false
3212e86b413ce885,true
229f15c185ccc1e8,false
0ddecdcc6b273a39,false
105a2df56fb8786b,false
0075a94ea80d87f3,false
24d6ad160403f8c8,false
154cc25fdef1e413,false
073ad93c96321b96,false
19682b260ff1eb14,false
093977d825515a15,false
26bf04064e79b9a2,false
14e3d36fda15ac43,false
21c8c982148f2f6e,false
1e6f7873434ff88e,false
07ba6704b91b1763,false
2c28dbb5e6c235c6,false
0023dd078ca14c24,false
32033276b2a7bd0f,false
2aa719f935904d77,false
0d816a76fbed4cc6,false
08f322ed4c2b58f0,false
222965f4b5d9a264,false
17bb2e6dc02f0a27,false
16d193616b0db575,false
19ecad0765dcb6ec,false
230cd35ca45c13f2,false
1a00b1eaa8027046,false
29f17733d36cfa79,false
23c74377056e00f4,false
32776b5eb0f5be91,false
128a239564f60a75,false
02ce5b77ff893728,false
32484bf0a1876e40,false
24a19b359445d9b8,false
2e7a3d1b37b38e22,false
101e829564ec6c10,false
19a497c4a93c57f3,false
16a507d56ca4bb0f,false
1effd32259f60d7d,false
0cb891b929cc3201,false
26d67c10d4357ba6,false
0adf8fd7c62a35ca,false
2718f44fda09c407,false
2c2a8dd6e362bc5c,true
0697789e6223cf9c,false
0a87ae72546a2c84,false
0d68c1c5d3b7779b,false
1556c43a0ce19c39,false
2666eb646571afd5,false
2fd205cd20f808a8,false
038c9cbfad2ca6c1,false
17f6df935df861ab,true
1293204a836cce26,true
1db620ec393acfb9,false
1523da8f586d19ac,false
2ad10449c0017e4d,false
08bc14f4eb95877e,false
1b9a05db04a25dd2,false
2fa8301edd08bb70,false
264e1f5789e65fdd,false
2e59fcfecd9dfae4,false
14bfb3c0c60378dc,false
1757ae699e979eec,false
000208b60b444714,false
08e7a78eeecc1241,false
2948fec43c3b96be,false
06b540c09b2959a5,true
055ab93f727083f8,false
12eca808fdc3d923,false
15bc54a5173d666f,false
16e1c712473d386b,false
1b395491ba11381f,false
024acb69d57b704b,false
2bc5e0f732dc060d,false
089e581a677524cf,false
267f58f3c2686434,false
0882f7cc74a7e29b,false
01c5dabe25f8baa8,false
199ae2b823615171,false
0839ca0770c8186b,true
1dbc01d63e3e8c02,false
02ab627e442a8167,true
2e1627d93d6a556d,false
11d323fa8d3efc88,true
32032ae91706078a,false
150fe9ce77666d48,true
0d65de841d8d0a49,false
209fcb2fd2afdb2c,false
06a8f4e0a8f51679,false
075ef9a966ee1a85,false
124710488d7920c7,false
06e000644fea7615,false
30817885ce2672a4,false
191f40150c670bdc,false
01e7ee99d3600417,false
1eb7afa015f790f6,false
27a06feb22ad645c,false
06a188a8b72c05d8,false
05ff4eac7154c96d,false
1c7b918a94b03ede,false
28510a0124306cc9,false
0a6e0b86067d5814,false
0d7988932beb4b22,false
0b5b429aa4934149,false
02baf780598163b0,false
26723a278277c2b4,false
1ad41c89f9034f4e,false
31a56424e0841e4a,false
242fb748aef93818,false
0d9fb7fdc1c456b4,false
1747e03df028dfc5,false
26f9f21b85766403,false
1f429fa831bc888e,false
08b28e0eab41980e,false
12a045f5b5b062a8,false
1c069dc00a5eceb9,false
029507413e5dc125,false
01f6aa7cb611ea0a,false
19455c83627cd89a,false
2c1f77ed21880f1c,false
0e32eaf9894ea0ca,false
1c1f06375ba4c92f,false
05a59ad2804e4a0d,false
2fc2e7cd7c373b4c,false
06c534be14f3f6b0,true
06465ff0865b1606,false
11f8fddc2231c556,false
173070d28b076f32,false
2f7bcec4db8b5e86,false
0721caebe2165375,false
177f91615eff64d6,false
1183358695d90ff3,false
088f90ce4f0a11e4,false
1addcf8674c527be,false
14c7c7baee143ff1,false
1e61ce3526512a71,true
106aad031b501bb0,false
182ae1ea1f53b919,true
10890cbe48728c12,true
31f3580dd7ea5cbd,false
10531941f2a998be,false
18b1d3ab6dbe8377,false
2e4aa493c37bc1dd,false
1f6f3cf30b0bc904,false
2c89b3909daffec1,true
1dbeecce6c8ba5f7,false
2fd0c58f46ad4143,false
26041a4d3ec7260a,false
09f16767aec2097b,false
01738a00270ffc37,true
250d9037cea73563,true
262b699a2eda0d56,true
2561f80ee32dd705,false
04705366768c2ce8,false
08a1d021719cd669,false
1e9c49c40eb3608e,false
109dfc6440e97cf3,false
1e4f3ef1d00efe3d,false
290f63faa72d04b9,false
102c05e0013122ad,true
2d07009fe2203e56,false
1add9590ebded02d,false
261a51ce158ca24f,false
28df5f72b27806e9,false
313acab77c653663,false
2b372ee23f43e196,false
0c452145ea1eeff6,false
1bb3307081fea6ac,false
00eb9486a6353634,false
2af651ecd703a623,false
298b0925768e1f47,false
09281e4cb6ade8ec,false
0f9aa529c09d6a67,false
0b6255243ac7c0bb,false
22a25ca131a3152f,false
116939b7f9eb11ef,false
25c6cef585609f51,false
11b526bc2f3d9e85,false
2f39fc7bd9df131c,false
21b2336371dc6848,false
13da0d1081c38a1e,false
26b2527fb9fc2ff7,false
28508540a02173af,false
2bcea3f806852ca2,false
293a495893b7899a,true
06b691b2632834a8,false
3066dd5009f11eb9,true
1bc297f8b106bb54,false
27c98af8e3ff2628,false
2f7919cdde5f85d2,false
0da58e376019ad04,true
207ac5f6d6417cc5,false
0be10a37bb17e371,false
2a5fdfc5b2bdd0f0,false
2ba6545827855713,false
0a2a7be66e076cd5,false
31e2741ce290d61d,false
14dc20899db2df72,false
249508422c2f9023,false
1f2d0b7e41251706,false
1b1d4e2dc4e51eae,false
0cfb38267675cb16,false
2edc4b8a597bb515,false
2a966f4f27c218d3,true
0493a1e3380a0a68,false
32dbfec9b509cb3e,false
1daa6cf879ddbddf,false
07c471f75ef38b92,false
0b528bbe7ca2642c,false
1809a33255e5f0ea,false
01f275d8a2a436a8,false
06b2e13660b99dee,false
0a98b4944808d8bf,false
0e50a8951993e918,false
051daca878261976,false
25b59a74c8bc1000,false
01b8725b49fb89d4,false
060e4deb247d2762,false
1f1cf8120b2542b3,false
287f2504ac503e7d,false
07ce8e2e657f1d5d,false
07b59977e3cdc81e,false
184231ee13d79e61,false
1dfd5dc74596dc3c,true
27b45b1383a301ad,true
0779e8bc568a95ee,false
11e1a8e41417c70f,false
16d5e73565d43689,false
1767d1c9be3a424f,true
02afbf04757deecc,false
0a70b2e6cb098ffa,false
287112a4aca1019d,false
0c8a1c7080b4a5e0,true
2cffcde3ce0d8cd7,false
0def197ff384b27b,false
1bca7cd84b8724b8,false
2b6496ec828f008f,false
3180c03ef78ad4f7,false
13b941e24d366168,false
13538bb7cb49621d,false
0f6f96c73d7137cb,false
1782324862c00360,false
2021277b823443c4,true
1e89d0b145620cc8,false
26db6b5a5dfe2c4e,false
16789f280e91eeb6,true
09e030c8486587c7,false
2e5f2a8f420cf29f,false
2320e249043cbd63,false
0c06efbd2a27c0c6,false
280972be966b40f9,false
2d950be883e36322,false
129136ddabb7dd4f,false
06b45821d57e09bd,false
14fbd1dabcea4d60,false
1bed034f11b82fff,false
2f9412103067bf0e,false
1ddc8ba41dca21b2,false
0c4fed2ab0bbb35d,false
2eb0530c51c69905,false
2fd79b15fa53b3f6,true
0676dcdab6bdc53a,false
166c5ac258a5ab0b,true
197206f9f80ed8c0,false
313c8f2d351f109b,false
0ed32c7335aa6f50,false
033e3d607eafef10,false
0e65c174c4030c0e,false
0187123e76812dd4,false
0547d08ec7be6e2d,false
142ab79ebb88288a,false
2d9de6ae50812855,false
0469560eeef01c41,false
250d8d0d80ec6f5d,false
1abd932a8e0205a5,false
1711a23680d3f044,false
10d446c9b48937a4,false
20f7b6db667d7e3e,false
22b75cccda5b2208,false
119461f49637809e,false
0a0b9b2f17b2b82c,false
31dc712d1cf2c2c2,false
07caf34e4f0f4f02,false
16c2c2a549493098,false
244aa9cd19cd853d,false
03732796948fb418,false
321cd77b99528fed,false
2a20a40e981dd67e,true
24497e9abe95fe81,false
1ab7468f9dbbee54,false
329874b943d9033d,false
2793dad9dc1045cc,false
279a19063bd162f0,false
2a6c2d57099506a6,false
1561fd86f0c9b9ce,false
18f54db2c8b9747e,false
2f4f509b11b2041d,false
2139af35fddd438f,false
0309a9f21deba6b7,false
1d4a11aee890a723,false
27175168e17a8d8b,false
0b49f6cb8d1763da,false
15bfbe15375e83c4,true
287024169f215edd,false
18de939b9fa2d349,true
07c944b4060e556a,true
011e339932244cd3,false
20233f40cacef7f5,false
1051b93b02556fb0,false
199c6cf7f67af7ab,false
1badc09c3afa54e0,false
1dd33e126c2ae03b,false
3115619d82246a95,false
071f771ca539843f,false
184cf553450623e4,false
034ca743fc5a16ba,false
0ca49447acc2e40d,false
0a4964851e382d8d,false
179ca0a8cdaade37,false
14ba9cc858cb0bb8,false
31713e55bf05034d,false
18bbfe939faa0a71,false
286fd4a8682000c0,false
085e07b7ce3b7e3b,false
0addf105f2033a62,false
320f97118ed4dc10,false
2fb3f9cc80c84035,true
24bf19e0316fb51a,false
17f7eab48f39c298,false
2d5f17926d9d99b2,false
240e3a1ac89f2acc,false
252481d65b27b60b,false
263be01f7d8588f3,false
0fa0dc1f1ad38cb2,false
17a798d6207766d3,false
1c7d3614f67d7a40,false
3317ad2d8ae8b775,false
32f9f6f43201e6ff,false
2a91f99eab81b436,false
005818afd8c26848,false
16d9abfb3a87ea01,false
01053897b14f0843,false
220590656f6d70f4,false
07efe8b094326df2,false
16077bccc640b78a,false
11172362b8d9703f,false
069de07c15c92837,false
10c2d3a1458cc21a,false
138c3d8e92049d8d,false
04c8924d638b8f06,false
220d822991e30522,true
024ebf6d4f888695,true
1debe3a57e843fcd,false
006a761bb52b08e9,false
17fd79262340d154,false
313f9fcff6ec7782,false
3243d3b1f9123d9c,false
17df7464a8647bcb,true
0f704f5c27a7318a,false
0aa3fde1c2ec55b4,false
22af5060501dae9f,false
280cab23faa808e1,false
096262115787d5d8,false
08f7d13d91bb4346,false
0ed5b0758bfcc87d,false
237eab9950ade920,false
190773bcc546fc69,false
0b898dd09ae4f589,false
0332618aab338958,false
154fd8b97fe5b537,false
16c933a043863e5e,false
2f4d8bb7d515e176,false
05de8e148e1e0ee9,false
22b8507e60bb5a60,false
1fc57ebbd82e51dd,false
2db53652cdb6cab5,false
06cb10007624f1a8,false
100fb1345588a7cc,false
2cbbb06c321036db,false
207ee747ffa67930,false
1154929a79fdeb3c,true
059c57e37e240583,false
18441663d9b14e6c,true
1cf31329f803c1c4,false
2c5a8695058888d7,true
198f8b2db09ba1f3,true
19224cc637b38858,false
1e8678f62e2573f0,false
011f017254d19cee,false
0112ddf9678041fe,false
0931ea2dbec5ec29,false
05bddd8efa47d56c,false
0ac6ffba1c149def,false
28ca8b2dcdaa578a,false
32ce31506e2615d0,false
10488afb5b4e2856,false
2c537485ff3ccc40,true
0b4247f69fcd3fb8,false
0bfc3b0224a0ca09,true
2ed2236d90949dd8,false
10321046100c06d7,false
2a06c4dd2b588d7a,false
1cec678fcf778ab7,false
0b6c916e87999aa2,false
1fb112ecb776ff9b,false
0b3f6720af5fa330,false
295257b1eb4723a1,false
0f6d6d4f6f8e3938,false
19b64c1c8ac3dd70,false
2be1856db432bdd2,false
0831f70820775808,false
2a20753cf9100413,false
0fd4f516482b19b3,false
046c052bc82d6b25,false
327028049b2e9ca1,false
24b779e86050f9bb,false
091305748e160d87,true
1f92a5064e89bc3d,false
072212e4e4ffaaa5,false
230344b86b736b86,false
09bf78de7fc0dcf6,false
0fc4bd2f5c54c55b,true
038f4e51c1ce078b,false
0afa6d588606b2f0,false
2b8b539db2521daf,false
19e2b759efb855a6,false
049f43ce5cd064d4,true
10605630c1c89ab6,false
05b12e67c2a2841e,false
0a58d571fc9c6726,false
0ee7877fc7ccadd3,false
0ab96ec07245e69b,true
095931b276836383,false
2ee05bde65516cf6,true
26eb1cc3776a3e4d,false
2dbb162878765529,false
13d044327856b4fb,false
2e0a6dc4cea7e5ad,false
1be62320b9bc3d87,false
1c2cbab505e27a1e,false
1d6ce61542ed2380,false
1c30474838a81916,false
2a96f62ab888d851,false
24d7b82f4a90088f,false
2b766d874dede28f,false
07d62830446bd045,false
319297cd8a549f03,false
278f151d11ab60e5,false
1c204a4b0b948e53,false
1b404449d373804b,false
17c300f1286c344b,false
26ffdefeded03ceb,false
0e84d9e2d5b5dd4c,false
06f6b8cd3fc68afa,false
15e4771cbccc7d8a,false
22f4338ab59284ba,false
01bc5624c0389dd6,false
2dc400f07bfa50ae,false
3303d92275a27478,false
2f4e559b171e2b0b,false
0ad6b6dea1772032,true
16abd90ba8353c2c,false
1050f4315a63ead7,false
102f1d8bb1e287b8,false
274d66d37cfe4792,true
0155f97ef1bd6151,false
1d926cd6de5cfb1f,false
26ddd6e2e73ae92f,false
08742706ed6d0593,false
1e753f831a4c5917,false
02bdc940689b2bf1,false
1d0bedee3640746f,false
20c917a8934d429f,false
083ffd11d1ca25a8,true
251f0ef3366b50e2,false
2b3277fb6b159c65,true
10e25cfc826b4fd1,false
097b4c2b1015a867,false
01f76afffac72273,false
06e508c1cfa2aef4,false
210fad632df39fd7,false
0ea7d9072a7d93d5,false
1fe7044bdc5e8f11,false
25809d6446c0b6ff,false
073cdfb144ea84dd,false
17385d36e9677e65,false
13c94ffce4b065c0,false
1fe13c7fe161ba42,false
0f9e3108b3466ba2,false
02fc217e1ac8c65f,false
1e6bd894ee931022,false
22888f6f0e5cd6d7,false
1ed78fa3a4612065,false
2dbcf5cf303a6026,false
295a2583da0acb63,true
12be0cbe14e76bc4,false
1d1fc71f197b4254,false
1789c0f1b3698503,false
320d0c11da7df036,false
305a4a4de02a1da4,false
06b40d9844f62f45,false
05652dcbe0222ba8,false
07c3b92e834cda4a,false
22618a9b06ed969e,false
25d3edf638988ec4,false
15ef7271ce1f24c3,false
0d13e73c07bd3b25,true
08399e442d01624e,false
2f96e962e86ace94,false
02cf0e6c570507c6,false
2dc1976d8eab721d,true
0b3f981ea1eefbd5,false
0af69880d346227d,false
0d8b71b60a9a53fb,false
26cca909cdf3f293,false
312725c4010775ab,false
05148d6a6d617b7e,false
1e3e8cb6186c9ef6,false
184d60be4e6cfc05,false
30ae09297e54ff92,true
1bda156e924615c9,false
19c5f405084f2b53,false
096a069b73369fd6,true
1713dfdc6c6e4f54,true
0d4f1d1dea46a941,false
201fa25b77d97902,false
00207ebe7a838393,false
13a0d738597794d0,false
28cc32cc562d9c04,false
2cfde835d89f678d,false
01f2882dee5649f4,true
09f6cbb5442ede25,false
2a0f59a900629ac3,false
0b292119b9848170,false
0d098025d898c6c1,false
097f7be97181fa03,false
310507fc96e392b2,false
12f65de8cfb00c8e,false
1ec472f54fd1b63e,false
03546796d5d754a1,false
25a76f543f7c3cb1,false
33047c3108d9784a,false
123743579b89aeb7,false
12b13bdcedb6cc06,false
128fcc7cc1d297db,false
08afbdf7e2851d49,false
2903a24a7eca8d20,false
0e904fd0388603b4,false
0243b890fdbcdcc1,false
1a6c46d6fd161e84,false
2e099da7453ead7e,false
11fdf940d395b44b,false
2a422a589b91659c,true
0f6ac3d1156b5de1,false
239f1bf667e94191,false
2d7eed7ac07cb440,false
2f95b10a679aadb8,false
1e50478f6af6a933,false
0c1f81e4a2452676,false
20b81dfe151bec1f,false
31017b8fed40994b,false
1e5fa55fa598dfc8,false
073366ecc92e3673,false
0057d368ed0572d2,false
27756c4ffa511929,false
1a2f9edfdf98d059,false
17a7c8545b8ce0e4,true
31e5f9f6aeb0d166,false
2d414defe0274c0f,false
2b709bd45b47a634,false
127c7bebd28baecc,false
24ba184055f87ac2,false
0cf8c205eeb46737,false
2cec2b29ab447b74,false
0c98a6a8b99333d7,false
167b8ff73f3b99f8,false
23b490497016296b,false
201f397b70360987,false
1cae7c67e71cc94c,false
00975e72d5e4e610,false
0ce1e4d100c4d1dd,false
040a636bfd7eb17b,false
17f11f80ff6a9008,false
0a556ae9e62e6ad0,false
22b89ac16e1b6ce5,false
2230e7ac1820138a,false
07fe33d73ec85c2c,false
05a281d4812119f9,false
016675a2389f040c,false
2a8475cd8aaa50f1,false
2c970b09d5360ecf,false
0c34d5614574fa07,false
299dc5a86d927935,true
0bf82b4b0b60d0b8,false
182fb115cc43a243,true
324dec19a38eadcb,false
1413d25b9afb2313,false
17c7842df35c403d,false
1af5844b1f0135e3,false
0183f708295a98e8,false
0b0a0662c5482f62,false
010679df57490cea,true
2c75a7d3efdb1e49,true
15921173cb89cfdf,false
0310b8a045c2b385,false
14a6d4180b4bb7d1,false
09db0da5116a7191,false
02492a1cf820751b,false
0a3ea6271f8106d1,true
1eae4e4afd0331ee,false
0ebc7ebb498cb402,false
1f505397ad1731a0,false
323370d3543b4acc,false
031d94cfd93ed6e5,false
0345aa7dbead6055,false
0bc63504525aba4f,false
0d69cba3eab41a38,false
22f8d1660de429fa,false
2742decf14f0ad22,false
1c39fcd1e1ac5342,false
084020ebc56475cc,false
0b0ab3f7b3fd212f,false
197787ed77fe0714,true
061e31f614de8e15,false
04fddd35e1c26c74,false
2af808d15835fb12,false
2693866445a90a13,false
2845217c7e0810c2,false
32739aad89906f24,false
31d98bf70c4e8bc8,false
2de4719ba74c4cf0,true
07b07f7019e9222e,false
08256bf6faea3377,false
08cde14f95047cef,false
0e9778b74fca45f1,false
05b6e977bcc5f7bf,false
245ea95a28611ecc,false
0648efa6ccb16a33,false
2a3bfd8d4758891b,false
044983bef99e3da2,true
25669be63e2858fb,false
1dc52515ac9c5658,false
0a3a99c4209d8b49,false
31dc9bfc520783f9,false
08ee1aef09f6e8ad,false
0d6803b756ce7903,false
1e06c1606a30da28,false
2e24ad565f1d66e3,false
1d6f111abf846d86,false
29f5cfb511c12721,false
251a02ba6d521c2d,false
272fa6af00918468,false
29759b67e9403e5e,false
0ad00c02c57eea18,false
1051ed75607ee778,false
19f03c1d0d7ecb5c,false
2bd9f8da1ee7345c,false
0e143a11d549c324,false
13e6006cba658564,false
23e2b0b4f00220ec,false
2bfb820588143c1f,false
10d97508f723ca64,false
16e97b3291b6a84c,false
27a82e8f0801647a,true
2cb4efbe08e976db,false
1231984eeaa3d557,false
11e6bd8a0b20fca1,false
32258aa088529e23,false
0dfeda147fc188c1,false
02144621eef9ab75,false
18546925f14284d8,false
0f47573d15948dd3,false
1684032c139b197d,false
149a48205a79be50,false
077b5e5f529b6632,false
08714330aa0dc886,false
183adc1780023e89,false
07005d9d8312af7f,false
0ad255dcd8de3197,false
2cb8132ce3075996,false
25ed261bfef734f3,true
1303fb377729e9b9,false
20e630e6f07a1c1e,false
00e9043e4c76cca0,false
0535fa8d6df30f0c,false
0acc23d91789fc96,false
00f60b71b61e0e30,false
0e17e8c8969fe117,false
0c22aee06a5c7dec,false
07b5c61de287fec9,false
103705c0c4081cd3,false
2d4cd8a67d647f24,false
2d102dca761e1789,false
1e7511188e3316fc,false
00c4b2ce4ca760e6,false
03ff8b4ea2439d49,true
2a1feaf273bff87f,false
199d9bf1726fbc79,false
228ddc5b351e24bc,false
13622d3c795d0ccb,true
0025949bf6b89220,true
2d5b25478b0f0068,false
1bfa3dc9d3c3c7e1,false
1ee174c5c5268ce0,false
1d883239aadbaae9,false
2009a6c03663bbaa,false
2662e2ca66c961d1,true
162c4daa1b48f34f,false
2c19de33eb3a13d0,false
080750e5304071b1,false
0224ba47753573f2,false
22e42bfbf20c36b8,false
2566138c14135d60,false
145902728d06776b,false
301e6098af743964,false
21ee0d4dac3fdd52,false
163dfe08e5502c14,false
2de7fc650d5a331c,false
1ae49e80409632f3,false
165bd808ab9a04b6,false
0c2dccfe57091b3e,false
10bcaab0bec5c13f,true
1db5545ea19a1ef0,false
1b5467fad8ad1ce2,false
2160e536880ec2ff,false
2d64091189be845c,false
2095f137e8a6c6c4,true
2fda5cc16d69135e,true
3291fbe1e4479f68,false
25310ac2db6fce66,false
2db40af498203e58,false
3048678db0480392,false
1d75ac5a94858cda,false
2b82e1fb2e525a5c,false
1147dbfac4f38918,true
2834ae150cb8fae8,false
0f9d911a45266036,false
1f64390231758aab,false
08e6d19733f555ba,false
319869325138c830,false
13d6cd02090259a4,false
10e11444b5d50b05,false
0c9c9a091bbcb183,false
022ccd0815a28a1a,false
0d233ea84981d8c9,false
1a4322fff0e1b85e,false
14571c7208d7323e,false
07ba54f805f1a667,false
05a825ff187c6bb2,false
274ff3bcea369c39,false
30fae3654c74276f,false
32023923e01063f6,false
1453321f17835ad7,false
0385ba8b6c69bd97,false
0a78cf6c724e8113,false
29b378c32cde0219,false
0f58b05bb2a0a38a,false
21b045c7760dd324,false
084bce67dcf582d2,false
1e7ba9f29ef71112,false
12ba8284c48079c5,false
2028ad3502b7e56a,false
265ad47f8ed997cf,false
24161a1766f2abf6,false
05de433869ae4ad8,false
2b814c75646b9ba3,false
0724ecf9e778e5c5,false
264f8a8d30fb075c,false
0ad2a1f9457d05e3,false
03744427dfea6877,false
308246cdfa9c5206,false
2c58b03736fe1138,false
1fb7562e54c42eee,false
138756a5de273352,false
295dad356a77956b,false
0a86f4f6dc3a4388,false
19e63c084a9ca83e,false
0c8e38158181b61e,false
19c33217dc6b2929,false
01717828a59b815e,false
2d6ead9564e10cce,false
1b7da27a7d12edcd,false
00254347fb289b1d,false
05c4b10dea4303fb,false
323d94493f4946a3,false
14c4ad25e0209e05,true
2f188766d0ecfde6,false
1b9305f0ff01d279,true
23021ad63ad3ff65,false
260735dc2e67ff03,false
30d3951b07bc2504,false
2f13a491d342c96b,false
1323b90e348b4217,false
196e21d6870780d0,false
03a66ff56fac15b7,false
14b3caf9e5d5d903,false
1109e6abfcd733f5,true
286016d0929e8fe9,false
0a6d1da01e6d5715,false
16eb62c14331a985,false
0c1b23a027c471da,true
10c26581d42b3b0b,false
1b553ab5072b0588,false
1723d690f8505b60,false
03c641f25c8775c0,false
0f2017fdd65afc05,false
30f7492f2ddc0c04,false
0be4c63b8fdc9e15,false
2c4179017cc7edb2,false
1731d8d6883a4679,false
29a4224359df978e,false
1b0e3c2f62950cf3,false
13d65718caed15c7,false
301487314a8396e6,false
1ca0e741673313e3,false
330f95125cb3c3ee,false
1d0503a944c945a1,false
14afe85351778fc6,false
2de52e64358a55fd,true
18d58f8c9ab799c2,false
201811bbbd0f2343,false
04f2686373b064ab,false
205c0e1afb66d48d,false
1ea1f81afe451a23,true
209d8b43a07ca487,false
283a51681621932f,false
32a46f88d77a55f4,false
2a309f5331e23e53,false
3223e32c1a1b8f83,false
0d6ce2179cb3f719,true
1bc88a1f37732048,false
1ff5e69413589e5b,false
31241f006c0d15d4,false
3143e3d4b9f41354,false
015ebd747019e9a1,false
10ae45070297d7f9,false
2a4af52fef309451,false
2148a30414660e75,false
0e71aca39ce112dc,false
07d24922e84f79fa,false
23b5fa384b42b43e,true
152e6adb45d17ba0,false
2bd34cbd23d2d1d3,false
186412a3e269787a,false
1a4376921142309f,false
213b1ecc68adffc3,false
08e3eeb67c2aa9f6,true
23bb7fa270c40f89,false
077e3ed945d29fc4,false
1aa117cd3f01e882,true
27ec431a466a2bbc,false
0dbac5850a2222dd,false
1d64d083e0c4cd23,false
28ffc585430eca3f,false
253ade9acba54ba5,false
05a0054b4d0ee3ed,false
2b2cdba51783463a,false
12769bf74601ea34,false
1b6f81caae7bd9a1,false
26403e39dbe8c2cd,false
28c11b0f917a7f11,true
17ff50115abad8be,false
1c9355695dd339c3,false
2259b720e57e7fc3,false
1a7abfc8b569a999,false
0a896ad32693e9e1,false
079cee4fa3cd5261,false
10c2eee1413e2980,true
0726305a78c4cd58,false
30a3165d0a0e6807,false
13ce75cd84c4321f,false
0a00ce93b8951a03,false
113be07625f0a8e3,false
091cb7e992b9e330,false
0875a9863fb71e5d,false
30269423151c0710,false
0d3027dd1756b3c0,false
088745788499eb73,false
062585f581cbf517,false
0fa9624d5303a588,false
2ab2c3efa9b2ac69,false
2157f5d1e12a1253,false
23f091713b34e18b,true
1b1b8f96eed681a8,false
2139ce915ac012f9,false
166f6829bb2192a2,false
1e855b9fdb41ec2f,false
213cfa1eb8c30719,false
314987be4dc8570f,false
331a5df65f356277,false
1863636eac34afd0,false
0ef7fec5e911bbd7,false
19d9883d1c262e64,true
0ba22561a06322c9,false
24f55bab587996c3,false
24f7cdc2f34f0ac9,false
1b42841faca1b010,true
2fdb8d02aab4b0fb,false
228f82aa615c25a4,false
00b01c324b0b482c,false
0e2323da3826ee3b,false
078c32db921ff19c,true
0a24fc015bc8f6b3,true
08eb4db0d293f2ef,false
038d61727bd47e22,false
09ba758b6c18057e,false
1ddb5043f5e8d952,false
07c6a0d57fade53e,false
145344f9037145bc,false
2d5295cfde407787,false
0e44e941aed6afc2,true
034a1a7de0239f99,true
00e2515164d5b654,true
0d57c719bdde2dd2,false
29d8032853eda300,false
1cc867aa4cd21d36,false
1db181899eb10b99,false
19cd232c729641c3,false
058dc9e3fbebc6d5,false
0159beb672bb6c1e,false
26b4087cf6743963,false
1c643e617f0a90ea,false
289b13a3c7635c06,false
24c0992b209d55a8,false
1e98ee525cb9da61,false
126dcb08e8dabc55,false
2734c7d12d08e16d,false
32ea6d419ffedf35,false
12d2da73639179bf,false
050f027d2e7f90c8,false
0762ea5e41b92953,false
0e102688f1336ab7,false
1c104acf74019710,false
1464d96ef5e053b3,false
2ebe18518d26d4cd,false
25219ef93798949e,false
02d7614cbc00e78d,false
0902ddacc7dc0b40,false
28fd4df2174e247e,false
093ee3f33c6ea79b,false
30c834d4d6d70635,false
178b1ddc434072ad,false
28f74a8ecd9c1a76,false
30bd6f3f54ae2272,true
2da7da83d370ac4e,false
2b7c2e3c7c73b160,false
2cc1229dd2ee90c2,false
03f015012426be21,false
20c2f30af75c8ae0,false
3109cd1b1f53e6c6,false
0af3735e286fedb3,false
06ed8cd3cd729db3,false
2ffbf5036955a906,false
0fb2dac70f025d4d,false
0366d22886f845c8,false
04b7404794bd1284,false
284af7cd8b1bce50,false
30df2c1771fcb9e4,false
26c3fe490094a561,false
1c551e8a821358af,false
0fc99d33cf601ce3,true
17615f5521fd7d4c,false
16707ee7b0ffac6b,false
0bf32fd5d85c95ab,false
074b62627457a692,false
109034df6342e11e,false
09e4a8978df05cdc,false
25ce64434f74d3b4,false
1d4c134881ded641,false
31748fd1490fb787,false
16a123954db7a2b9,true
2bf176ae11046fb5,false
07a535c2c6f89075,true
183adb636bae7a8b,false
0bceda742cc11ee0,false
1cc8b8b6cbe9c0db,true
032a8e6fc9bd352b,false
09207a19e1599e27,false
246b4ad5d450376b,false
03af1042b79a1d48,false
2ea0887725cd8704,false
1b604eac81a118c9,false
06118226dc3a1d3d,false
0ea683d1a802e3ed,false
0494709eb8e964a0,false
2d28bee05d7e8929,false
1eedd64416a6f5e9,false
1c12077817a1947a,true
0424c69d4dec0b7c,true
333089e6a59a21de,false
04281da739243f47,false
2546b9a671deebc2,false
2670ffecb3eae74c,false
079375ddfb92777f,false
085a5e713c9f723b,false
18232b14072239d9,false
1b8359603403f2d5,false
2441559fbae508ea,false
04e950120c30925f,false
01744990f4870279,false
2eabc8a78132a869,false
2d8c653b60db7483,false
204a324817822fc0,false
25b28edc581012cf,false
1f2f47b205515dfb,false
2d288ccb3ebb71af,false
0207f7a4bc5770e1,false
1f0e030353a394c3,true
198f82986798a944,true
24f549d4f0f0a0ec,false
2b957836c608f0cf,false
1394e4f0a056c983,false
045780f0677ef204,false
2060275cc33c027b,false
2326ec11786363eb,false
2abc1dc15eb08ea4,false
25d5c09bcdf95958,true
2340cd5be4c1bee1,false
0997dde1196abdf3,false
2422c72423b71341,false
225e5d74c4ed3faa,false
097177d6604d77ad,false
0abf33f25caae59a,false
21f707a663252894,false
0c24f941d5c131ee,false
2797a78a5972c800,true
24cb05b287b3c46b,false
1eced2c336faabed,true
0580919ce8aa1424,false
258bfe27808e48a1,false
2e472d14f70ec200,false
08e6261559ff1d77,false
01179b95666430bd,true
1916d59bb47f2005,false
0ebbd696012e349c,false
01ed2819fb6e6663,false
07825f7b794e1698,false
20aaa7097cd3da00,false
246d36bc1f6ca88e,false
2818a03741c0183d,false
2cd7aa724822458e,false
213e299675eab9bf,true
19c96e760abde68a,false
2866c8ebdd1e10e1,false
26a38bc10de3ef94,false
0142724de6da8dc2,false
151fa4a6994f4fc8,false
2cece541a23cb0c8,false
31d30e83c3d809ab,false
04f7c0bde3c2b2b7,false
029c38d9f0c11368,false
129c5e16da3a8871,false
2caa3a36da3d5811,false
17ea37ad9f7f09c1,false
01f98da5e0f92949,true
2f3c9b091656c5d8,true
3133123f0b57cf61,false
0b1efd8337365f75,true
290a34706da9c6f8,false
13269c22c9636659,false
1090287acbc4db1f,false
093081eddb46d902,false
0a524fdf128b6190,false
31f07e791879a5bf,false
06bdf90bcab5a2be,true
08b5d230143ee21d,false
075b6210c8fb48c1,false
19eb34fdf436392f,false
2530fe272f23f67c,false
00f072ada0474ce1,false
170aada6c5e73cbe,false
05b3531bbee6fd99,true
21c5448136e2bbde,false
231d1b43c8d447a7,false
30a1768000f84524,false
0d095a7e8e6356af,false
209569c9c2320bd4,false
2f1ab6c67755b4b4,false
26a2a749f2c02ce3,true
1d907511801a7b34,false
2590b295a5469bc7,false
21d69c6b2a8aff0e,false
2bdf06a28b9f582c,false
204cc4681fee3df9,false
1ba8d477c90d9313,false
1c06f5bb08f8dec5,false
0fed81067d7cec90,false
09bda5e8629638d8,false
066dd69692397800,false
13819e25b7fa80c8,false
111990a34be6a1ab,false
1004d05ce3454aa6,false
1f5d68be322a3e84,false
202bbc4df8c8dde7,false
01715898d4b4bf05,false
125c9c423d5c0d6e,false
1bbb597041631086,false
02ccc5dbe4c816c7,false
121985d4e7786a8a,true
01c94729784c7c9b,false
112808261cf023cd,false
0db8326bdc2c2cac,false
19c0235c2ae1f44c,true
2a6470b96836b75e,false
03f0028d72cc1df9,false
060047c2952a27bf,false
0a06a6ce106e5805,false
2c5eb82e1539ac10,false
1b7de76f6dd191a4,false
0875ba007d03d7d6,false
254ed51a05ae04a2,false
2fa577e2ea06b5d4,false
101164d10a04178e,false
26d5888e01076317,true
0fb56a736111b5e7,false
23f7bd78057be63a,false
2d09418c617bca58,true
2dd87eab5fee64eb,false
1ad0de5051f6eb51,false
22c49a2276ae18cf,false
2418f29c34cac02d,false
0a7f2a1b1981547f,false
24adf0ec7d0d7870,false
29e1b85ef54d275c,false
2de4790405dd6b43,false
285c44a1d04ef2f6,false
274b8f169ac520f3,false
0069e9ecc3300a29,false
0ea0fa4064adbdde,false
0689e01364511202,false
0d5518644c9fd385,false
0a7a26cf3dc76a54,false
07b3279ef30a3ebc,false
0a750b1835e564ef,false
15055d2e3a085878,true
2e3bf2f5aeb02ecf,false
044b3c6bfcfa374a,false
081b9c06fc6904d4,false
1f4ca0eb608ee207,false
0d2aa54a5b8a316b,false
20d9cc50a06bcd22,false
012bbaea629c5368,false
086131d2b1669249,false
01288f3cfe16f24c,false
0c3f0e7e221349ec,false
0c5948054cb2cbe9,false
32565c3134423813,false
175314e5a13c8fc1,true
27c0c3d17956a132,false
18475512af2ce024,false
256edf56cce5de99,false
1e7bb835cc5acbd8,false
2c53c8324718ba06,false
1f03915345f2a19d,false
309058de99aa1f4f,false
262178bc4cef46ed,false
2e31a720fb13cdb9,false
17ae2bdb695978f8,false
2da2789ff3774a29,false
00333f727517fb38,false
3103dc107fe79930,false
29333bcbc3860a17,false
1b82081667df8c03,false
1b2466428230cc2e,false
304420fe29bcae4a,false
1787cbfda35ab63d,false
0d54f28c2ebabd64,false
0c9c230947bc2fad,false
211a0a5b960fcde9,false
16187c5f7a583289,false
24ad08c40808e65c,true
2049290feb11511e,false
13f62583827e2169,false
126ebb02618d85e0,false
289bfce40a60de61,false
25a882e3ab446f3c,false
14e22cf900be8310,false
07772eafdf369002,false
035e8fd8a795a26f,false
3130f3aa4ba87dc0,false
329b9076cc2f9ff0,false
3045c7e98293c627,false
225260a94791abc5,false
23ea3846d5217104,false
30baaf52e17ba5ee,false
0cfd4b7ea764fd3e,true
00092e7a737548f3,false
037ab45473c05125,false
15e68ef541fc7222,false
01896dc8fba9125d,false
04ecfd65888d32c3,false
15846b1c00cf5ec9,false
0c993f0515bf2a6f,false
193f4b0339ea8ba6,false
07ccf40c97afcdc3,true
0fc7736572a35ad9,false
09561d8494a035db,false
314f9a9878e31286,false
2fb11a4df6d4357c,false
332d566b9f6ae1fb,false
1094b21b103f3109,false
1b68efb21f43ffd2,false
0ba4a06a39846b51,true
2c5ae0a62348089d,false
30ef2d3475e603fc,false
29772ff518c724f4,false
0131e3ef9e1f62d3,false
2785e2adc194e97b,false
19720da4bd95cc0d,true
2685363c2b0b3717,false
02bf6d887403561d,false
0abd706c670238f9,false
15136acfda7d4e1e,false
06e9eb1ea85c708d,false
19b507ef1221518b,false
2523db8d6cd1c8f6,false
216559ca5a2673db,false
265232f3e19b3dfe,false
2123743c236502f6,false
17d303b57cdf8d99,true
2b90cc05f1cc0bc3,false
317926199129b56b,false
256a9d2901a9a015,false
127f9f1130861490,false
2d3061c6158af5b4,false
059bcb433b9c5b65,false
16ee1391ce1e08d6,false
13d9b8f24f87781f,false
0aa9a296a900fe10,true
17220dbc07209c1c,false
24ec5a7f9be29d74,false
3194db75e0994c5a,false
2a4ad4e5e1f9150d,false
3167812d99ec3fc6,false
0669ae6904caf531,false
2fd9b8108a6349ca,true
24023a0628592447,false
2c2322db90fbb1d5,false
1740f806bf7f0bae,false
20ade65e02e426f6,false
22c13c5626ef287f,false
29f0970711bc0bc9,false
172a9ee2bcfe3cf4,false
1cbcb8dea1e1dbd3,false
0ad1039c7dcfe8be,false
00acff23e7b817ea,false
31d0e527c5bcc518,false
278eb80866938727,false
0ac805b966a6ce38,false
02c28b97a8003362,false
2327554c3b1f0304,false
1b81be2419f30494,false
072f7188c1dc516f,false
1f2ee328518e86b5,true
2d8449ff14962fd0,true
31fd326d62071252,false
248a8f8cbe1cfcd5,false
0a05c193f2854ce5,false
1dd69a5a2d16e639,false
1723b6e47e7ef8a7,false
30d66138bec42ded,false
262efc26c7a9fe62,false
0209bdc72fb5c777,false
14600716c2b0f397,false
095138666de6dad5,false
1b12a5e46c9c4f19,false
1e332023e50aefd3,false
102d314ad9c2031d,false
1a47fddeae23eb80,false
1d7623dfda720e7f,false
273b3684cd1450df,false
2869b4d505e31d28,false
1fdac9b5077f6aa6,false
252d5057f05a513d,false
1286926222121084,false
1003fce616ee3a08,false
103ce3a706a3ea73,false
2469a9b106bc6bf2,false
11269211d40f75be,false
0609dd899b4cb2a9,false
1668b5b3da4310bc,false
035057da237a140e,false
2a6d48da70e89986,false
2bd154b892df01d7,false
19644f7bfff83ca0,false
2e980af013fbbe8f,false
17d428606fb21f31,false
08253bac7dde73aa,false
2e550a527d4dd177,false
138e3a1dcaf0a2e0,false
2c58bbab61f19738,false
240ed2b22cd8950e,false
22cbcb7369ace15e,false
1768d174954349d7,true
19034a2fc452efe6,false
0d8ce793a4776199,false
128df277e01721c2,false
082eb9eff20bf5c3,false
315bb214aa4e720e,false
24350d490c384181,false
230afca6b1a8ebae,false
019cff037bc3b199,false
006124eeff5460ca,false
185c3c4ea7c74e36,true
1b497688f280feb8,false
1dc073d0bfd48b11,false
2e57c3f4479b5ccb,false
29e7314ee8acaf8b,false
26e3a799d3f371bb,false
0db113419e2397aa,false
1d0af05c9f5cb7dd,false
32a8cc7e8467e403,false
19175d93280900a2,false
1bfb2ae8f6c67d20,false
15bc51f8ca39cdd8,false
160a6af94dccc0bd,false
01afa22cc654ad8a,false
1e41d81181702fe1,false
157f854863ab6f0e,false
0cde3ef117c5856f,true
2306864dab7588d8,false
0bc30f601c009313,false
135616fd8fdcbf7a,false
17440bf4fff8f309,false
1cce7a2fb4346755,false
26dce2831baa5280,false
15568ac59e44d86f,false
0221f8401f9fc466,false
2a3a5d368feff757,false
23ac3bdf47470506,false
19da332da9a38aef,false
2339bc8ae63d2d9d,false
2a5db7cb84de5f12,false
16f0c35754a501c4,false
05fa45d907ff0946,false
0e3d1064de47a40c,false
321716b41cc31679,false
325e9e0cb811e226,false
30855058893af998,false
21de89a7c97cd805,false
076e83848dd1560b,false
01ad9fa43120daf5,false
13776ec4c17c5b75,true
2e15e16de02a15f1,false
18f06acf15d94cfc,false
2632032611509d4a,false
0691f6cb7e06e6bb,false
16c1bab577382ffd,false
28f51d7351720a83,false
103d67483570b59e,false
012d5bdf79fe33ce,false
2bbc724b1eeef55b,true
1e7d8f170eab7c5f,false
0c2400640403799c,false
32e28d560741e73a,false
10518fd66624b7f4,true
0f93fcd03b5d6ca7,false
061b84df7eb8aa7f,false
0d486d52ec0bde86,false
1892016fc2d5ae5d,false
2b74a6c57f223f41,false
30f6687f15b9e177,false
00f56af2f4adcc74,false
11979a57c6d7495d,false
12bfbe424d263473,false
0ae28a6899280587,false
2b49200113fed671,false
233252eac8b35516,false
1b0082d3491058fc,false
1082085f8c93308e,false
155c09b8c5f9e1d0,false
0b4bb42319127f65,false
0bb28c2e71f62ad0,false
1846fe3ad5a774b9,false
3179f53c611d67a0,true
04f5ac45bf138f9a,false
1ef1946694029302,false
0ca9b68f584406f8,false
309b53813ade413d,false
2dcfe12843790f1c,false
172b1ebadb27b8d8,false
14c0bee7af0accba,false
15b8847518d7baed,true
2de1fcacf5511bbf,false
0ebe5b47d5c93ffe,false
16a0a19b727de45a,false
138025defcef66ea,false
09db734c4568d9ee,false
2224a7d224353b5c,false
0febe516ddb7d187,true
21247b8c1d21fda1,false
15d81fd23a2618cb,false
18b6ac52c316b6f8,false
329a61bf6bb3c808,false
223bb386b4c0bedc,false
0c907e05a6b15b47,false
12f39ca85bf518e2,false
16510c9842f9a799,false
2c2e1096697360c3,false
27cd7aeab9a7a17a,false
0c2b5920bef2b68e,false
03ab0ee399912e9c,false
05604f583ecc7c92,false
001795553bc6a1e6,false
19f79969c9634acb,false
29f66915f8b3d130,false
1b6f8beacbcbb2ea,false
27bb3c69c1f7c60f,true
2ca5269f0f5c7973,false
22f47be384c9a765,false
24778b27363f1bb3,true
13d87a53f850ded7,false
03536ed4dbd49a30,false
1b5a02d34b5fe819,true
05fb8060f6c910e0,false
0120a98783ec578c,false
2aa82299d04a5030,false
0f6383fc09bb60ec,false
100bf4d3be787f93,false
0a72e745a8f9f7da,false
2081858f7d0f0a2d,false
22909ff495fc2b93,false
147e64ad30dc4386,false
02c166f084a9e2f9,false
1b13a899abcdc862,false
1f05cf7a5220ddc6,false
1416969d1583d250,false
1df65a785b74bb32,false
2e85e386f54b4821,false
22f55e873dcb9f59,false
2bb051f2894d6b6c,false
24ec0d6ee86a7f60,false
30c375a9d8dd3216,false
292a8af95c9b44df,false
0e72f2d9be6b3067,true
0f342f726d0caece,false
0a03a3ca46ab55e7,false
1cc872564ee1849b,false
32b2c40a07aebef8,false
2b7629df1afb3655,true
2ada4293bdad0a98,false
273bdabe44648650,false
18019a7b73e95de7,false
000130677269f68f,false
137acc7a61b97fe1,false
2f77732201604f49,false
318526561103219d,false
1e437aeae21b2f25,false
1800ade6b6f7321b,false
04fe819f423eb5cb,false
2dc9c42cd12c6b2e,false
209ddd87f2f99219,false
1279484ba529cdfd,false
31398ed44bae36b5,false
3074d7c9418a578d,false
23b1f83f5c9285f2,false
02a208be1614ab50,false
1849db545e99007f,false
209f756c3a7bf4e6,false
02770f1746c61139,false
181da903809ba334,false
0ee52b8eb77784fb,false
27f7a939c9784e43,false
2444b0e6564445e4,false
2d3df941c9f504a1,false
24abb7f643f597d6,false
105020eb1d1d9cc4,false
174ed51db1b6567c,false
31312fb207f125ac,false
05c19f8b220ef180,false
1929e68a19e3713b,false
102f9f42d1585c86,false
0f5f232783e6a9be,false
1afc717fe6a8a886,false
16dfd1ffbcbf3c1f,false
15c0b7f2e2000a0d,false
17c7c8f5b532dee9,false
1aea58adadf29e40,false
02b0ad4a17e4ae1b,false
1794e038cabaa5b6,false
31b87b83573c3c87,true
158286de471836f2,false
0db5c0e8431ad883,false
2c9941344d16bfc9,false
269732a9e65166ca,false
150d31daa1710684,false
01c85aa90b6ee7ab,false
13bdac40c02f9ef0,false
13dac902e75702d9,false
14118604415eede0,false
23f93df05c1f8286,false
1f161772d196064e,false
1ba4b46c594f7057,false
20c40782455a704a,false
08ddeea00e67c5c3,false
181cdf3d6270ad5f,false
26df560075457ceb,false
2b5b2b7ca380b566,false
213aa31117fa14bc,false
174cc71d1ede1b0e,false
222cfeb9110f2baf,false
30a9b4b7487fac17,false
1820b08528b398a9,false
24a184f202b4802d,true
2e16d99d8f22359e,false
162aa5f1b024af0a,false
2b91eb19525b2405,false
283ffc55bee68396,true
1300a550043c2d08,false
2290ea6daaf88188,false
1a039289ff9bf229,false
0ed26a1c6461689a,false
1d4f3c3ade290fcb,false
0d2892f6158afb04,false
1af5528ebfe7829a,false
08b8b0c4aaef75f7,false
09f7b72aa77ff1fc,false
014807874dd4781d,false
0a3999d07a48e363,false
0588da1558c0c9bb,false
1d16fb9623be58de,false
0720de46fc0fe8a1,false
260041a5cea3f52c,false
167e1071e7e31cd3,false
29a39f74cfc1fe2d,false
15e3d987ceb7db9f,false
20e6ee1e78bcda69,false
2b8a7638d4636765,false
1011d3aa23362e93,false
01a96d04d308fadc,false
06a8353bce62c98a,true
1ec8079da5770ab1,false
1b7866287a55498f,false
2a569e524f13c436,false
1dce4ffee89c8fca,false
31402d679a241b25,false
20d162937c7b318b,false
1f83aa519d850cbc,false
043d1f9dd40271de,false
1fe3373571670070,false
18a7be1b2e4937a8,false
32b744069ea881d5,false
259aeab7105243dc,true
19b79d1d5f627160,true
10bebdf37859acf9,false
19fc851feab947db,false
28e6540dbf470b3c,false
2c9e299c60329a4e,false
209092d6639fdd27,true
08d6e9e6d56e777c,false
1c48aa91e2eaffe5,false
31f5c1c758402837,false
1384759924e9dd85,false
2f7abb8d0b74211d,false
05c428b020c87a0a,false
0f35a46e532393ca,false
0dc04d4d1b2c4622,false
16f03d1f072ad511,false
1a28972049261817,false
033a167c8174d19b,false
2e9e14ad1d05c89e,false
1711a33fbeb7f4ec,false
129c6de17b9bbf00,false
0756b4c54482c7d3,false
0e7ea2820d22fc40,false
2158f9caf7f02111,false
23202616e021219f,false
30b413c0c18ec76c,false
148d6dcb8579abab,false
0ee34d511e150cd1,true
2abc9ad809d7e407,false
1170b58d43233d61,false
0572530087109c77,false
0c19ad39fee3e59d,false
08534337756fb112,false
099aa11d99cd1b14,false
2468a7af3f7e7d19,false
19c6c50dd6d54007,false
2c9e4ba75eae4bc2,false
0b0919113b817d35,false
06bfca34dfcf73ea,false
20bdaaddc5f61430,false
10eb53f7c52888d9,false
08544b89a93f9072,true
2a0721f0995813e0,false
29298e569ded9740,false
09565e4679de4e33,false
04467b043715eeff,false
0bbe0ae87f8f69af,false
0c10b2d8b733f2a7,false
25d5eba153ceb40b,false
314a7f38fc781223,true
253606be65e2134d,true
1b5b3192515c25fe,false
06b8844cb5a207c7,false
0debf505176505a5,false
1206f74b95347f6b,false
2f5e3da24e7592dd,false
106f146cc925e31e,false
303b3f7d40734370,false
1d0c60cae817191f,false
10ab681a3a2ece96,false
0a27920d479c136b,false
0d3bff6e806ecc6f,false
270b7fd47b3b9459,true
2a950f64a416f3b5,true
16f2255c00276903,false
2d4f616b08ec2627,false
217f60792af2c564,true
17f52bf772e79dce,true
08cb4c683e2b59e3,false
2ffb4e65391eb687,false
117e0002f64ff148,false
0199a9f16f7b0f5b,false
0f471e34ecb5ef56,false
0a7c3d48cf13cab6,false
0e371670b87fe999,false
1da1926b578ef981,false
1277427ee2863ed4,false
2bdf8dd84a8ce7ab,false
22974bd54698c30f,false
07ebb6c291eff1c9,false
1d0012ac16391014,false
29d64dd36318e3a9,false
1ab7fcaac9fea844,false
1b35ed770caec2e5,false
1811bf662f132181,false
0273a10ce20d6d73,false
01e93983df2dfacd,false
0b411c1eed7d7256,false
28bd2cc7b7049ff1,false
1d79c16df7de7acd,false
0c3f7cd60ed1255c,false
1906d4372cf4e13b,false
197a8d1079c2ea19,false
2506de05aa9df04d,false
2b627b70995eb5b1,false
1a4e893a6e8a51ac,true
18f1ff00c3b02b30,false
059126b1baec575f,true
06cccb399a651697,false
295a2c1c4220af48,false
3257ac5dc76ea4df,false
1d2c1f6be96d5330,false
22ce7721948bd095,false
282afaf05a0187dd,true
26327f13f0f58d83,false
2ce479cf006d3906,false
1fefb7e1136373d8,false
30a2379bef3fd6f3,false
2ea68bca2a8f78bf,false
0a5852255e5fb801,false
07d3de5959f2aacd,false
282cdf2dd80377da,false
00cdf414ec954a2a,false
049b6bb19aebe1dc,false
2b726455252dcd01,false
241334bb205cb7e5,true
2c7e50d47656290e,false
31f2ec8fee9e6b99,false
06334e0e3233d780,false
28705accf21e945f,false
10012f6e291bf779,false
31e21aa739b1198f,false
20ff88dd3e8e697a,false
032565e6b8b800e5,false
2d42bdf97e04be42,false
210def32ca25e91e,false
27171d5ed64fba47,false
2b061d591f087113,true
2d14736d92a80c32,false
2410ea9e22aa333b,false
089a33e64697d947,false
03a862f55ad344c6,false
12b5884bedbeeaae,false
297ac3c1eacba393,false
24b2f213996fbe2d,false
2a3af1b35bd757fb,false
0a28f51d20634d9f,false
03e23008a409362c,true
3049998925174c4a,false
06fe613f92c039ba,false
2ef19aa0f88f085d,false
1da0392d72685a82,false
19760ce349afbfac,false
1ff3d450cb89142f,false
200de06dc2777f1c,false
09f96f939ed5ef8e,false
0b4943acba702121,false
16ac44b3051c68c3,false
04404ad1fe20c2a3,false
2c3dd66c9eb4d566,false
1cb3880d3c74306d,false
2810525cc6388bb8,false
073c17f70caeec9e,false
30dbe6496ad175cf,false
13836a102d2f2f39,false
1b999f0bce89ed3e,false
025152154543e7ab,false
00b80b1ef76b21b9,false
2d5e93c395c10d25,false
1372468e19b8f3f1,false
22e711adee17f2e2,false
0d1ce8cde5782682,false
1352553ed964ff63,false
0317d9a70f680014,false
1aeaf4ebca859a17,false
040dc08002939461,false
14edeced55816a7e,false
3204edf0bacbea54,false
101ce27b437b44d0,true
0c978ac6e7dd14c2,false
0f595d14a3d13381,false
13095a7506319dc9,false
002c42322f908679,false
0f282810b5971ae0,false
265f4d123c9f5f24,false
008e37e15cc5f713,false
043fb1da8ad3aaf6,false
1d4d109288a63baa,false
0542d84e5182f15c,false
32392cf2b21c19d9,true
19e78278b9bc8446,false
306d51eac5dd5350,true
2cc15790601a6b16,false
3010aec69c5d699b,false
2d9f636729f6e53c,false
3250d1c38b488805,true
1f85ffb1da24a433,false
29bf8f69b4bf1950,false
010978a30d693ca8,false
3199cefb22aec66d,false
0959b14dc09057e2,false
18350363268d5147,true
2ed3a7c1bd1c4ce8,false
158b0fe3041cabd5,true
145c3ad91e74c43a,false
18f109c2ab811fb6,false
00ec1aeeb068cc68,false
1d6eb05e9c0fb945,false
22c55621e0fcfdfe,false
0f0cd976dbfe66f0,false
320e2478eed0d7ae,true
2e1c4a07877f519b,false
31c84741df723a17,false
0bfde300d643bba9,false
129618dd5141720b,false
325e7b38b7c8d0fa,false
31f4751db1150141,false
2da4665219e90baf,false
19e46734d1ca0eed,false
0ae30ea236a8ce27,false
04a180cebe26e0f1,false
2d7e2f428441ac49,false
2f17499b8452cbf2,false
216455a87893f728,false
287421a15603da6b,false
1111b772a518feb7,true
1abf0c79efb7d11c,false
20cf0c94271499b5,false
211797da1dc7bb67,false
0b76d2e3227a2261,false
20853b252dc903e1,true
1add93611d2db996,true
313e544197173c2f,false
12466f5316c7aa30,false
0dcf677f69d736e4,false
04095af7e17e1d66,false
12b07e051df42588,false
25c41b44b229a5d8,false
2b3ddb6a5749e608,false
25cea7320631fe15,false
302f60aabf836b8f,false
30875e369400b1cc,false
2c11747d07a5e50f,false
28ce45981f519682,true
15bcc7a69a02b78c,false
0d358d96e50a4d28,false
024674677cc31c53,false
2239b8f4ebfc064f,false
16cf2d4fdd7aff6f,false
31fc96955a4cd17e,false
08ef3632dc35e1cd,false
1c582dd4c3180cba,false
1ba5b16a476f643a,false
233360f345724fd7,false
0f735e372d0e9135,false
23026d55dad83cac,true
21d5c9abd202fb06,false
1a24c99c900fbf59,false
3160ba051d8a607f,false
112a6752b921c8c6,false
1ce0679b9e3d25c2,false
29de485970e12fb1,true
000b6d779588932d,false
012eb99b511805f6,false
0a1fa0a2e07a8713,false
287afcdd8c99c720,false
02ff21ca9ace595a,false
2020778f34a19136,false
22ed93688c42a2e7,false
0730582c74ac607e,false
04a0794f3e81f14d,false
274276197e1ca40d,false
0a6e6ccd8f002e65,false
2e0ee7462da01067,false
2c8963b52545f493,false
1078b9c360f4f2f9,false
326321c4fcab0639,false
257f67e3b711f7aa,false
2b05d3cee32a765d,false
2fa27fb60bbc1ad0,false
08e304ece5b0b193,false
170c14e813f4aa42,false
3139c23bc26fe51b,false
2781b0ff5ece0834,false
2e27871223fadbf4,true
17288d4d03ef4dd2,false
0726bf0a51a3e124,false
3099e9ea262ea1d3,false
24c176e5864c7b42,false
19e152025d6d2324,true
084fee849ec2290b,false
1e9aa7d0c887f285,false
17454f6de711e740,false
1c24010e1b93a9e7,false
0e18ae4fcb540129,false
0d8220e9e5705061,false
2794212b41b80da4,false
11969c8da52536b5,false
0f52b817adbc3db4,false
1a4488287c4cd947,false
02260149465c4b7e,false
186f6a9d3c147b85,false
0d31417ecd936d5c,false
0908ae3c79cf65ae,true
095dc6b957cbf25b,false
2034a41fa61c25ce,false
228becf5437471d5,true
2cf6e876af5de2e0,false
29b58390bffde330,true
2651c64b7d8495b5,false
2e94d144920f8922,false
1f67cc4ff4ec3e1b,false
1af4f7f9118a2e99,false
0387e727e533ab00,false
0f04f47ca77b6dbd,false
284dea78ff80c823,false
14f9b995f32455bd,false
16b2002ae4df319d,false
0bfd0da0d2819572,true
2aae7b726fde26c4,false
31c08814d9a2a54a,false
2fe2564c8120478e,false
0aa24e64fdcc053c,false
2e90454889fe4ea7,false
222773eb91b9aec3,false
16ddc0c02829e3da,false
1dea9214dbb57d2a,true
1790315863cb183f,false
19b295d6433977e4,true
21cf331ca0d52ef6,false
1832ace07d471cf4,false
12eeeab1fdb1172d,false
09e5baafe1ad327c,false
1ea2324f8ea988eb,false
177faaa5ee483592,false
15ab378f99926baf,false
0ebe46f310b52c2a,false
0b9727813e7b87bd,false
1e20d22b48b67ec2,false
08169af8e9f4285a,false
31f207fc4dd9c494,false
0b5d9d6aea4024ed,false
011fd7becf98ab37,false
1c7477f8af6aef62,false
11116f884c558cb6,false
048362922ce4abb0,false
04d438371023970a,false
0577c0005df118a6,true
2112d7d7a16d206a,false
01ecb436f7ed73c3,false
1a75ed96e4adadc6,false
2c8177f65fde2b90,false
1f1c8c42731ee9e0,false
25dbc15022505680,false
274590b1e2d490bc,false
1365a0cafa463033,false
02968c3d883cb532,false
2dcb43e614083de2,true
0ce6801e4c8b5bbe,true
1329824600e9bd6c,false
05b09bd18ffacb1c,false
083509228d72aede,false
0bc0bb80047cdbec,false
13d0e5fbd9382b09,false
0b6babcb148f9c26,false
07b3658c8a977f88,false
0498185b51a50c9c,false
2b46963ec796c4be,false
1bbda5f04ebce30b,false
033ae71f99df6e8f,false
0d4d9540b6daa57a,false
19071bea82f57c51,true
2b76ca0f6df02eab,false
1ded820507f59673,false
2b8817d5c0e0a9f4,false
2490b53f7355dfc1,false
148aafeb46321397,false
2fe2b4080fb0354b,false
24eed1ffb2e016e5,true
2fa91f82c4a3a314,false
0139388bfffade49,false
093b73e27f3862f1,false
2abc9c41bda90ebe,false
2be5c9c2f4a87397,false
23996b4dcd21e6ce,false
271ff0b966beb13b,false
12c7220f03f6762f,false
0c017543871a1d87,false
1314ed9fef3f93c0,false
23321afdc4af8896,true
0d4eb325834dacf4,true
302fa161ef6dc0de,false
1def9fe18ceddc5c,true
27c1838dc7ccf418,false
1e57c13a13d40e9a,false
20ca62418f4615a3,false
167d47a0e434fec2,false
32535c896c61631c,false
00700f3a5413f896,false
27f6014e4df6c1cd,false
1b99c5dea6d530bd,false
170e5950cd430e4b,false
16fa88132489d325,false
0a21171d7e65d361,false
0268e28764a2e7f9,false
26edd48a2f6741c0,false
2dd847a22e9cbeaf,true
0ce80260cfd8001b,false
05e48f9c887bccbf,false
0dadd9cf88faf546,false
13ec6810ec120c3b,true
1e39f1d5a5964694,false
16138d2f8be5016d,false
2343ec36aa280e6d,false
11c8fbd52525d247,false
212a8df1a16cb2ea,false
18ccb098c568e1e8,false
26abdc58c97f9f75,false
116f73cf86a8c3b5,true
144dcdc2bdd6f05a,false
269d3bdb38220303,false
32979029a21ba16b,false
12ff225e0690824e,false
17732bf4e0f63524,false
11b0b93634346ccc,false
10ff821d3410e6e8,false
0c08314f260f9165,true
0d347ed4e8179499,true
1125dac62b8cccd1,false
14e6bda1b5c05f6c,false
21bb3e4e40df8ff3,false
25d41a4e2ba5a7a1,false
0af27961b62df777,false
17721bf657d6f4be,false
2fac2523ca54dacf,false
313dc0c98b5ca259,false
2aaba1b8bdb25d11,false
284c88528c5e66d1,false
0cc31f91dd58046b,false
184a19c2ab2e26c1,true
215094de1fcbbf31,false
2c465ca1ff3e5eb4,false
1195794d9a12fe79,false
20471120fb11347d,false
1ea6ce62394458a7,false
08c4bd3da35c4af3,false
28ac28f2712674fe,false
05478798d6234b46,false
115cdbf7c58db5b8,false
16ac7c58080342cf,false
116f75bd839f712d,false
055d7fd940437a57,false
1ba4105f064744cd,false
2a23898214f8ce64,false
13845e178f7b1111,false
102a94b6a6329595,false
1935d238773344b0,false
2573b3f9edad8950,true
1cdfeca4525f3c73,false
109020a473c11909,false
15b88bd59964e7e7,false
0b1f6406c80032cd,false
10862549bf912bd6,false
0f2d061bbe265c1e,false
071ec4bc8be589a8,false
1af6ea4a2ab59788,false
0f32815c789cfa19,false
0972bc97ee074fe4,false
309b4eb3c29b711c,false
1888103dab5e09b5,false
1e6164a6d4a3cdfb,false
32fc120a396295c5,false
216b7977bf229976,true
05986b2d41a7b976,false
09facea25d6efa1e,false
001eba51bd3f9672,false
1b13036df75720b6,true
04eb3fc563616004,false
09ba026775493ab0,true
1892a23aec386adb,false
1b4fc07a2ef71b99,false
1b58810bed801ffe,false
12490bd343e15706,false
2411ab52bbbc48d3,false
0bef7c406e8b4ab6,false
29d526f290951a7d,false
0705c87ebb46d7de,false
1b6967afc37f751a,false
159e1d319702f377,false
0de6125bbb423b01,false
1486b4dd6124b772,false
0059fbbbfab93453,true
15c38c4f06829233,false
0eac152be3eabfc5,false
120cf1aa97f3c19e,false
30fab15707dc6c46,false
318641994d05d5c0,true
0a9b4c321aea742c,false
2ed3affce45c9edc,false
29c66930cf46fbf0,false
1aa14abcbbe72c3e,false
1bd938c606708dd7,false
28bcb1ccf7a384c2,false
08f928340c9c8f93,false
2f3b679610a6b253,false
04d00dc9b5796862,false
1c27b42b3b55ab30,false
00bf89088c7dc9a7,false
221ae0748c1fdab6,false
228e2f7c6f887d0f,false
1ba2df37aa4d6d2e,false
0207cbb06f4f5756,false
0df8f6be5e580126,false
2fab409f527c09d1,false
03bd7f9ab787ebdb,false
2a1b1b111afcc54c,false
30aad82d239cd4c3,false
20082c6cff81ef05,false
2109bf4f91f1df89,false
04857db3dfe9c66f,false
22201164579497aa,false
1e1dbd86a2088fc0,true
2bd8a03995f7a685,true
1e89bf78af802e86,false
27b7262c6edb8041,false
23af911025d02450,false
06c959a69462e72b,false
0cf31cda344b5aaf,false
09c37348166a8be5,false
22859465f6670f88,true
0be6702d84d87500,false
0604e6b31555f2a3,false
0ef0763c0ce4a243,false
2f368be99ae7b5d2,false
231476d52e74c782,false
1850b8f0711011c3,false
08d93b4c833eaf36,false
0557574a2f16359b,false
19d095cb65bd0555,false
2e2e9e375af32d41,false
29b421dfae7f5ccd,false
1040ca19aef8c05c,true
10d8f89e37666600,false
289a7cc5c33d4cc4,false
1d4bd702271e1437,false
2f4790016a83f68c,false
0eaa20ec27faebc7,false
13863874793aeeb0,false
1c6f6449b64c1602,false
094f7f6a2667990b,false
0fdef211ec88574e,false
25bae1a09461b145,false
251e5cba615eab73,false
13c1f4bddba05353,false
083e728693030e84,false
27a547e79e7038db,false
0b173370794dcda2,false
0fef9f698d120832,false
100bc17c57be604b,false
2b1cd47798447401,false
32e05232c098ef9d,false
15e0268afa17c7d4,false
29b0e75cc447badc,false
2d17465f33a4df9c,false
0f63b986311a4abb,false
30f0bedfe80cfbe9,false
0dedb84bbf7991e0,false
142b18b407394b0d,false
0a768a9f26df640c,false
0f3c46c3f4497939,false
1810b80889a1c723,false
290cfd72a1b84092,false
08cd208c00ae798f,false
2f0a2496380c8c6d,false
139c08a3abb1c1b8,false
0fd971db6a07fbd2,false
2b5f7c2316928604,false
1a3552fb5df0ceb6,true
2a2d38284393fdf2,false
11588215c2df9ed1,false
19048a1b1055680b,true
31927bcb01c41b14,false
02e0305b70ce9d55,false
15be775f1bf22c6e,false
2d9434b05d10d294,false
1b34c5530f0a71ee,false
102eac552ad3a7be,false
12684eea14ce27fa,false
2855938c714b9d0b,false
31624e07076115eb,false
135b75b38443f6f4,false
0973441a087de576,true
2c37249c859795a5,false
02563c8b39ea7f4a,false
05dc6e677e3564c8,false
225c0bc3fa2b4764,false
0dca40a143f11f10,false
0def0437b8c2a438,false
0f6a212ba6c3e230,false
2243fb9250cc78d7,false
21a763a46f33a46c,false
195ca88812f7aa45,false
1ee0e4c2426d38da,false
17fa0b6d85cc27ea,false
09464c34d1c23b2a,false
2cfd80b74a87f2ee,false
275bdcd7e72b0b52,false
26f06e9fbd03eabf,false
2385d47899b7a08b,false
002372f5ddb1ab84,false
0a9b6a447bc95327,true
31b7b486e7ec78d6,false
332a74717625bf24,false
1ac909c4bd98dd65,false
012d1572c6d9c3e1,false
1920247ffcdaa652,false
1c2d5f27b286771f,false
23df9cf78cb3f2cf,false
0c4e708c7cf6de95,false
250a76213f914bee,false
0e96db62792826c8,false
26471fc85a1c0a1b,true
27f258fbd781ce67,false
0bbdb70e2b0df635,false
126979705be161d1,false
214b1609479b1106,false
236e16da72105832,false
0b5c7902dc870db8,false
2e9369d0cc7a9fbf,false
16abfdde747f7ead,false
2f033e3ab6a927df,false
1636488f80a1fc07,false
2d8e8f4fb807821f,false
2777ed691e2c2b55,false
0f238851a2ca9b24,false
18410887042d7e3a,false
2fbb3e87e411b279,false
143931a8c541909a,false
28b883d44067c9de,false
2f9b356d22b447be,false
1aa991daac8749e2,false
033a2ba635763d07,false
0374cb83ac6ea5df,true
129f348fcaf246dd,false
0ca6c291111e87f0,false
0dc9fd412ab133c3,false
15f39be064c94d19,false
3091b62c58f26004,false
1caee213444ef92e,false
02cfe06aa6ebf4d4,false
00992b200b418722,false
301a448cb8c1eeaa,false
2c9caf4a54712bf0,false
2df45032b268f1b5,false
2b3919e67394a156,false
321e6a6bacd764b7,false
07c0212a6a47509e,false
0fbbed6d41f84d55,false
2bd2d80bf0897417,false
2ca6ee0d7601a76a,false
05117aa7cadbdc0a,false
1c068a9229cb0c48,false
142138dbeda2321d,false
178147dd96d6f8c3,false
14acf8c002d92c9a,false
00bde4ba2f0db2b2,false
197a5b0d0742e5a7,false
00a81354395d154c,false
05881e35b22b7aaf,false
2f39ff434ba5cac7,false
2b01d0e4bbcece15,false
2b31166b5ba71f67,false
2391af5337728479,false
035b4fec19f28ae5,false
230f53d270364144,false
308af7595066f02e,false
02e0c299593de7c1,false
2bd8415704a86238,true
2646c545a02bb333,false
1c1d52fa4f5ac308,false
20196918cc984a33,false
238a3d1d16af83a2,false
1776c601c3187e15,false
193be01ff0c148d6,false
2c0147c435cfe56c,false
03f7c67ec78f9a3f,false
005fcd1c67e3e692,false
1fc0138f5adaafa9,false
2a2c8c0204f49777,false
154297b9457f5708,false
2568ddb4018e39c2,false
0ad09fec8bafdf7b,false
30ba896a2200f403,false
0fe1d8be900a2d36,false
1abf8350edb8d9cd,false
0278e910fc74889d,false
309060899fcc0c4b,false
25b7c6e21ca019ff,false
2d69c418f0bf2cd7,false
319126467421eaca,true
2f3405ffb22f95d2,false
190cae1d9d191c70,false
32f91e85d064286c,false
314e95ebe005da46,false
2d1289d071d345c9,false
0e980c9aef256ba2,false
02bd57592c0779ed,false
1563ebc42297527a,false
08c0a79cf9287943,true
2642a1cf5702dbc0,false
0cacd472f32e7c7d,false
02c3c2f13df11cf7,false
3152d0df63d17079,false
03aa36defad2d093,false
2799a017783ef908,false
24e5ae8fc50f71ff,false
3107c15af155b57f,false
22dded1324de3848,false
2c2ac1d592420ce7,false
0a4772c2ca0e6fdf,false
0fe20c20e9407a87,true
0a36825c03889d4b,false
01d7bbe9f4f3c5ee,false
1759d6cc8be79027,false
09fe3a529be06d30,false
1f3dd132231e7ed4,false
2d81043360d4355b,false
2bf8ec83b451a657,false
09960c7e1395f3b1,false
033be3ec8cc5ebea,false
1da10857d73e8c53,false
1c33a80b233cfc19,false
24e471831e6a4618,false
079d4cb5bdeea370,false
2786fac615db5b45,false
1f6dddbe0e23b4e2,true
1f856855f8284c7c,true
05329d6b027ed2a4,false
06dfc05b059abefc,false
071f6dfb5dda942f,false
0e9a40436885cf38,false
053494c723b376bd,false
0d14ad45b4af5abb,false
205423c3550ef075,false
122384606347b214,false
133bc9602159b7f7,true
237183fa40be381e,false
107d5bfc88562260,false
2ef3d98a19decba2,false
2ee70e96ad547210,false
259b4b38b3b024b9,false
13f107001cc6ffbc,false
2fb9cfdd7951286c,false
12f70efe55a22e51,false
31e5bdb7c2bcb85d,false
1c061f176a0ebf77,true
2f9ee76704cf9844,false
05a7ebb4ec7402b4,false
064573ffb58271d6,false
1d619af1d612286b,false
217ec632a7ed8921,false
2f26eeee005ce5b0,false
16384767e7bd78a3,false
135723676d7546d6,false
23219215c64ba68c,false
1b030f2bf3364f10,false
05a0799e70f9b9cd,false
18dc8e13388c5a74,false
05be3838f1af81e4,false
1b22d81c9f4ee8ea,false
18b267e14ee36fd8,false
2c8a7527dd6ae72b,false
2ea210a956076d02,false
0877fd6350372ad5,false
0c18558ca3a41405,false
1cc1b0500d05d148,false
152e0002d18a4af7,true
2f8cd794c2fee056,false
0c87173aa9efbf8b,false
03b60b63813dbf60,false
02292c05ebe0a988,false
28f85d55bf1273b9,false
2a003ab0b0cc648d,false
29ce35282fc0c37f,false
13685b9ff6022fb7,false
062a1baa9c27cf7c,false
0aff1b50383838c0,false
2f376cc95acce8d9,false
1df3f5c1f7e18978,false
003987606474f841,false
0abcc0ac725ff12e,false
1767894a1a5f8bf8,false
068fc94efc2587ab,false
17c82c3d9d4bd5d9,false
0fee815c1c3edc3f,false
0ed247f628b68de7,false
2fb3603be8b3118a,false
227e1d1e2840dd84,false
291d3453549651a7,false
329e15d50903af87,false
2c9366886557f44a,false
27115ca77644f491,false
1f5e1c28e63e6f7f,false
1664ae4272a32932,false
1e8575ba2b9314e4,false
23c66b6e685ea24d,false
00a137662eb8ff43,false
30605ab2d97794cc,false
1f9ff57e4a2e4a89,false
0251a4eeb9ac81c8,false
114791d3da9c82c1,false
1f4e4879c10bb928,false
295c26e62b5f0553,false
026d3e43fe645134,false
1387eb6cc400791c,true
0d54fe421310867a,false
0b2edb8db1cc66b6,false
1859bf502c52396c,false
2f20462ecc3d9050,true
2bcc87c4f20ab2ca,false
15d52137f638f988,false
0447ee21d0b95551,false
20d55c938b522e55,false
1599ef87ba5ad1e9,true
2840cdc0de47c0f8,false
170093c8ebfb8719,false
0963d0d742c53afa,false
037fa4d0eff99cdc,false
1d13cfead8a67e44,false
12ac21fd3d5ca611,false
1a08f7fd869d0a9a,true
25f78e7e132afae9,false
2c6303c52eb1bc4d,false
1183c0d9ba7080b1,false
1691f128dcb41389,false
1c3f898ead821804,false
02df821b7c7d8893,false
230414748ea47837,false
1ad69bd2ceb1d43f,false
09411873e8791e29,false
033d4e2f5e8d0c8a,false
1c80c571cf422af6,false
2bd56aa3fa197abf,true
10f6cbd3811c319e,false
17c4b35e9c9bfc9d,false
102cfdfa54777164,false
11d5fcd94146dfb3,false
20b5fa0fc4b0827c,false
1724e3218088f11b,false
0ca738f48cccd9ab,false
18b09c473da7eadf,false
1a11d1eae8788a30,false
0dff85fbd4d48a79,false
05be6f8c4b8a260d,false
12284dae9f8fd238,false
17890205d0af4386,false
2c135725faff4053,false
29c5ee08e09e6082,false
0125dfd8c36f4fc4,false
0ba02f97d920e1cf,false
266b966bce15f09d,false
1414aa5a29f9b7bb,true
28cc2c4a801e5be7,false
0f6c6dafc6b48c20,false
2bcd19923df385a0,false
146140cab706d50a,false
291cb738d340b895,false
0a489f77cf0d057e,false
09f53ef7e1b9e94b,false
0941a01620282490,true
267b3170b74e0fb3,false
02f8417fa9e5964a,false
2cd1faf3bf45a3dc,false
096ef56be630ab78,false
20ea83f4acfb1865,false
2975586840b7302c,false
11229932dbad23ec,false
2d84efc2aebe5170,false
22797e607178d9bf,false
109e1c491264531e,false
093bb43b9cc9a0b2,false
2881030b7b19f063,false
0dfe3b65294fcacb,false
1f8d824980229be0,false
23a5d5d8a1c38ed3,true
1d279f7b7f8b8d01,false
325f4f7891fb794d,false
3287161fcfa3f499,false
08ac9d4fa1398f1a,true
098cc011194c798c,false
24464c60440b6006,false
2882626a3075ba1b,false
10ee8e0b465fcfb1,false
069005dba087368a,false
1ac81a2b237184bf,false
130b24023d8b825e,false
032f0ac9f1cab7ab,false
2c868055d8173069,false
0604eb13634ae5f4,false
0370c400538f04ab,false
2e12ad634770128d,false
2d899423a57a2f54,false
0af2d593487825bf,false
21a9a877e4bfc685,false
0f23e55ce9da1e69,false
21ecf5db7234121d,false
2a0cc770d469a1f4,false
0bc301c31507fdcc,false
206db791bd65356e,false
2b5bebc9354076b1,false
11dd7d336306e3d4,false
12aa4ebfb89941fd,false
2361919aef23b8c3,false
137b9bb9b71a280a,false
327e2ffdbbc5681b,false
325e1cd1042f1d61,false
10a836a55f4856f2,true
0e457904282f50b1,false
2289c31c930983f8,false
0ef4baee269ac545,false
2488992708334e08,false
207ccfe25a216c57,false
0cf28d4903b07ebd,false
04c253aa56b97cba,false
1dbea8a7c9a2c62a,true
2576973a99cbf018,false
04b228289ed49a99,false
2ec34549b579abb0,false
19b1d97134d0fcd8,false
24423c1ab1c2db79,false
2090f0d563858e69,false
0611d4f6fc81e4f7,true
2d4c66b9ae86f5f6,false
27f64f8b3ac7ca05,false
25672c271daca990,false
0ef6771ccfdae070,false
1bd8717661c16874,false
294759b8c618c825,false
081f5e8a8328fd5c,false
26ddfaf0d6b4f98b,false
1282a4f249a88e4b,false
2c808fe30897e2a0,true
2a09d9b8c48b58b0,false
08ea8d95128486f2,false
05797614d4a87d5f,false
29b71204f8773ce4,false
17676366e78d89d1,false
2f8e97007bc27b7f,false
2c8a31679af2e0da,false
134d86c3ccf7813a,false
05af91ae75d58be4,true
2e7202cbfa28c566,true
0a354b6e11e59d4a,false
28670d71b1129eb7,false
2eeac4bad7cd1744,false
1f2491152edb85c8,false
264ceba3c8415cf8,false
15c8fc2ddc61ebc0,true
2cd0466440544b87,false
0ccae780b3306dfa,false
25bcd222045b5eb5,false
16680ccc04240364,false
2f4f31d09fbad889,true
284237da995e85fe,false
005c7b53f491c75a,false
1c03386a7c40baf1,false
32f6b7a5e6e4e796,false
31b61dbae482d4b6,false
2d15c2245aaeebca,false
10b9c20d532b9a69,false
1ef98a5efaf910ea,false
0298d1e3c1d7a450,false
2f99c5cee70e36a5,false
17f943802db084d4,false
205ceb66d5905037,false
27b4e3fbb0657244,false
042257960a867806,false
12635b486cc8d780,false
0a4689d641d4fddc,false
0b807478f60687d1,false
2557503c79dd2731,false
1ac5f6552a9f08fb,false
27c27139975cdcda,false
1ee5eb20721274d6,false
05afaaac617e74ec,false
173a486fa7ba8b6a,false
1264839e737f9933,false
1daa3ca91a62126d,false
03ee282831ced528,false
32bc9f35ad2db5a3,false
1244ed445e817b1f,false
23a9463f16f27097,false
2ef119ecdc69c4c7,false
12adbf59ce1e3d82,false
1a5b1562e4ee519e,false
252c59953c2501e7,false
050a3ee73230aeba,false
0903a1b94a019593,false
033ddde50b29779b,false
2e11fc9b6e9a08a6,false
1ca593d26768218e,false
12ad7182c5d238f7,false
0aa099b16574aefd,false
31291ac01433337b,false
1c6373ee374a6362,true
1c95328932139944,false
2885df526510c161,false
2a1c2f508470c13d,false
0586e42beb6e9df1,false
1bcf1d1b5222449e,false
1efac6af3c18df8a,false
205ea2d62a711d2a,false
0984d8cdcfe3c8b3,false
276f074e432997dd,true
21d4d7af36073410,false
03c036fa58180870,false
01c3ff04c3f7adbc,true
28c3564f25778827,false
2d3b65a6b373bd1b,false
124c42d390165445,false
2590774fbc682d4c,false
1efcfeb7cc33a790,true
0bc76eff6c8cd4dc,true
2145d6c213d22be2,false
221fc209762cd7d2,false
0ffbcd742fe24a13,false
18e971f5bdb87363,false
07474b438d575c66,false
1bf7856d2f31197f,true
09d2b468784caf3e,false
093491239c31b8ce,false
22f23a40ed9717c5,false
2f2b0b0b87b71541,false
26ecdc408dbe440c,false
105a70401ab39c74,false
12af7906358013ff,false
0c33c3974377c27b,false
11a0b9d1f2a8064f,false
03d72a2b3ac2c6f3,false
11e33e677de2c01f,false
0b5b69b2ebe9900e,false
29c63d70bd4eb6de,false
2aa4c3db5e453d82,false
0105121c0d11a535,false
2c153af1f15f0718,false
25fabf0bab6dfc06,false
11545128d1ebc261,false
1cafbf10a6f04a68,false
0ccc186f864828ba,false
1a24453e110f909b,false
2f10f30e352a3145,false
07884c9c9d3feeb1,false
2493e48491068b26,false
0f2063fd1c6935c2,false
049e7a85dee5b14a,true
1b11c04710954149,false
2971f7799dc838ce,false
07970ee89fe109b6,false
1613f9708940a4ac,false
1297937fcb378c23,false
06b21ae88350499a,true
109df344481791c5,false
055126eabb0465d0,true
2fb975a364b94677,false
1a4ebce91f010cc9,false
2b03bdcaa1222fdf,false
08614404bd197b31,false
0f736845ccee31fd,false
23ae3adec4e1357e,false
0f280afcf77cb2d8,false
0acfce2a640daede,true
1c1ef82b4125067a,false
117f89f3b1962227,false
2ca9549aa7fedc11,false
0d85325f593871ea,false
333307506d34a2ac,true
1aec846c896299b9,false
2c5e949a04f0c1db,false
3022a358991e5f7f,false
30742d46ab82f6dc,false
2192af8eae261e40,true
2a8b41c4fda0ef92,false
0c23136ad59601b0,false
1b2d1c66e9253c19,false
169c6297b2efea51,false
1115750bb2336eb4,false
137393fb1d33db04,false
2ad1e8bec768bbed,true
09001f1db618c03c,true
317a6eaa4d2a2644,true
1e61394b5feddb14,false
30476f4f5f250395,false
0519dcb0926329a5,false
0af6a846983eed7d,false
0f278385fffeaebe,false
28997c855bca1b92,false
0500485649c9441b,false
16c3012b922ed358,false
1a684ea17ccb4f3a,true
11a2300996453c52,false
27d7ea1addf7240b,false
1a5d569f6c376be8,false
1ec7a89fea1e41d7,false
243e5c82bc587f2a,true
2283181698bfad70,false
21eb77cb9def214f,false
2e56fd8191265c5f,false
1d413c690004c1cf,false
11c577f1c37bd863,false
012a3d7cb462186a,false
1c446f2a6360ccfd,false
1ca599aaa34e3708,true
1c5865ad06bec57e,false
0807ae4064d1bcf6,true
16f97d9cebaa344b,false
2a1739384cf4f591,false
0ec4d6dae4291231,false
18af4b028303abe1,false
217b13f4763557e8,false
120218ee738ce1de,false
21a0d986376d7ebf,false
276b7baf39d13a6b,false
1f68a2563e1811e7,false
193306f9094a354f,false
092697b3ccd87c59,false
18211d83faaa9e33,true
2915af336f13d878,false
1d449674a111e1fa,false
1238849d6d111cd5,false
2e1d9c90577aae92,false
2242ec30afa460e0,false
0d8720df9e944ef4,false
1c683dc16ad510e2,false
1b5cae2ca8d57e66,false
311c16b0ed9781bd,false
2b5b191082cd0c64,false
06bb54080fb5fce0,false
05c06147a82f87d3,false
3224608d806a5e92,false
0cde92a06ffe95cb,false
31f602a7512821aa,false
14094dc6a6244156,true
181e9899d095cd9d,false
17790a0030b2ac20,false
03184a284868d8e2,false
28e3cbdfd0098857,false
2ac99c77f9b65f5b,false
1e1fa76b4f1fc350,false
1adf7d1f3f8d3c00,true
1c8d80c013e68f99,false
14030da646a245a4,true
32034c946a49d6f9,false
16bffbccc787046f,false
0b7ca03b3fd77bb4,false
01083eb266ba7126,false
1ee8feeb3d7a1fc3,false
1f6c32e55671f101,false
102be19ce6e0d62f,false
2b3ae675500d0e34,false
2734041ad879124f,false
142ce694e1aed121,false
1c9db0be09772e07,false
227caec5dedcf9c7,false
16b9e18020915a32,false
08ab721d315d1599,false
0c2a0d0f698710cc,false
0cb0d6312bd2a8f3,false
1d0fe0e2147a8b18,false
30059b4ced408d1e,false
2d5e6333717b9fb4,false
095fc18a3747ea5c,false
18adb9253396afc0,false
235a85c228a2a200,false
09e2636d8a510e02,false
2e4f3752866aa57d,true
16029247a1fc639a,false
2ee35c1cafc8818e,false
27f1c4fd6bbcfb5c,false
2f56a6d077c99911,false
1af8f516d19673fc,false
15708a076d7d961b,false
03628476754a442f,false
272e587f6d9b327b,false
1f32da8a38b7a7f8,true
0809ecb556927a7b,false
330a739c7fdea61e,false
03c3cf5b76000a6d,false
13b32e6e4c8468de,false
16bd3d3277222ff2,false
2400b41299c67d52,false
31734e8acf20c1c9,false
06d8c595bab45b33,false
210699d8f5d6e02f,false
15de20e29afbbeac,false
31625defab7646b9,false
0dc2f003327f6be5,false
18c9324bf7758e0a,false
210fd47ac3bcdab8,false
0ad085253211ad4a,false
02375d819e216d1b,false
0ad08f27dd349773,false
18e62f8485fd92ec,false
148811454b33153f,true
08e6b7cac7f43e0f,true
28c08ef57edbc6fb,false
227e4d1066ef06dd,false
151ff88094516042,false
012cf154046e2958,false
21ca290587ae066d,false
1a2b15cccfec30ff,false
2fa775815d4a3b4f,false
12a39c906e2bfd8f,false
0691f28d0a91d11f,false
1b1b4e0ba1d2f27c,false
088e2adb843f5729,false
256bb0266253d837,false
1e2d14ae7bac35fc,true
0408148363608e3f,false
1622f6dfc1bbf794,false
2bbc296f8d96e222,false
1b55315eec6a078f,true
0f4699cfba314375,false
226d3b5775be9b8c,false
26186ce0b2c1997e,false
283b610b1f4ee5eb,false
0addf2b598629e99,true
12e879b877a71933,false
154d835b0a193961,false
0e6f9ad715869b9b,false
1f8609ceaa987e52,false
2c82f5da6ba9f04f,false
1a2eb4154da1452b,false
3214ea94b4f44582,true
1cc7c762164dd61f,false
1e4899507dd68228,false
0ea545e0d7e39e26,false
207c3ce7f2fc30e3,false
15cd799ad97c2a9b,false
0de4d0fc183d9273,false
09c68aa0b3203878,false
326e88c1321ef8e8,false
1fbe686ec06ae601,false
28918a9545afa406,false
2542d6818cf94d5b,false
03cfac8b9872d86d,false
172539008c0da1ee,false
2ad56dae8b28ef19,false
033bcbb9efcfa7c7,false
2af60711f161f3bc,false
2e3abfb0503dc9aa,false
2d9475997512e136,false
166ceb69d345a099,false
11c46957e95407dd,false
069cf23a2634a40c,false
17ed0389fe08b607,false
0495e9b877741500,false
22e8c82532a32ee3,false
204704193cade3aa,false
021a0b150df8614f,false
30b86234d7e33f92,false
21d5ccd2cc2e5b8e,false
1b2d902a3ca868ce,false
06d9474d801d00d2,false
02f7ab1317262f5c,false
0b387cf481417183,false
28296e6a328d3765,false
0bf3e9d408fe837e,false
08079da132c13487,false
211c19620f32e84b,false
2627a57a8a3cb173,false
03ad5cef0d34b1e3,false
13a01687c35b2637,false
24e9a1c53affde31,false
13fb17e14d9a6d82,false
021b6a7829d61c6c,false
289bc0d602565d8b,false
240a61cfd513793a,false
0a031807438295e4,false
153cd30738b4e6b4,false
2839c0989cdd1919,false
0d20941e3290fcf0,false
0094a59ae8f818c6,false
24c111b3a822df6e,false
252b658468aaba4b,false
0711f3ce642cc87f,false
243b6a5f948f7594,false
0c8bf490ecd18bb6,false
0dcd2fddcf8cb1cb,false
0b7bb296a70ea4b9,false
176f9735983d9fc2,false
0dbe22da356c670a,false
0de7fe09a2ee54ec,false
2a9a59359c402c16,true
0e10154aeeaa8b0f,false
0adb245f989acd52,false
2a1e41bb4ed56507,true
0f09fe6f0739fb5e,false
07bc913258f84fb0,false
2190e7d28587207a,false
0acc43c5c8420af7,false
211a8172126ad15e,false
1c64be36cadaa0d8,false
1c2ff12cbefd6a3b,false
1e3634d5653d4511,false
12ae7d95c7295ec7,false
269fb9ac4fcad07c,false
0bdabd78b1d36544,false
1a8a3d7c7734b800,false
020db3abdfb7b582,true
0c37746a4573290e,false
2620f2a3258af5ed,false
2ce182351dae5ab1,false
26727a2b36dd2249,false
13045820e8f50cd1,false
1f59b1c1871cc2eb,false
2250ef90208f4c00,false
213f8f1376c11f68,false
1771663d96ddb049,true
15198a976776e28d,false
2e56815abd5fd575,true
23310e7267f16160,true
2f0f0fa8577a470d,false
181258fa210b0040,false
03d3eb93f502f4dd,false
20300b83ccd8f604,false
083e46438b219cb6,false
111de3eedba198ba,true
20fb4f1f88ef6e62,false
29961093e037acb3,false
266e005895fc194a,false
25135863293a5844,false
262b27890a32de2f,false
00b7fa2c579e46c0,true
19b90c3d8d514e2f,false
155beb1ccc41a95a,false
22cfbacc8c4644b0,true
31b010a28ded0a1c,false
1b2e13273d914c7b,false
1fcedf2424b47b3b,false
10a7276e2238b11d,false
095f1b5942654950,false
0d4b94b722404ef3,true
14a5ed422a12f3bb,false
02769d3ec29ebee5,false
2f40b699cc48d157,false
1dcd6760a54398d4,false
25755952a1861c85,false
0b77938c0a9c5de5,true
0b3b07f15804d590,true
1cae1d0469321316,false
0b1abf35db41aa7d,false
0b586d7d32a39553,false
1f18f946ebbd2326,false
1118a6e559ee6e0b,false
3214535b32c3fd9e,false
0641ebc748c39d69,false
101480a30f543146,false
005c4b9da360e867,false
12812f9ba1f6f23d,false
08a36c239c3419ff,false
143e0d909db77754,false
059193e031b0350f,false
24db26ed812b1f8f,false
1c4b4d514fccab69,false
3043471375704cc7,false
199bad9aba48430b,false
078a078fe35854d1,false
2d405e28e800d49f,false
04a573f503dd24bf,false
0ce9e5771798ae1c,false
0871e832907ea6c7,false
00fb715294fc9843,false
257416ee0f49266b,false
19a41d2439d6a9b5,false
2431f751758b9468,false
0627f9ad9aec11c3,false
2c0b6ef294bd8269,false
1739824ef68a229d,false
16ae105a73317ba6,false
0f6db7036524157d,false
23d65cfadd7f71e5,false
0b16bd25c4a958de,true
241982f3eba756ea,true
08af831932637cea,true
26d7c9c75fd3f363,false
2b34f1ab7623f1f6,false
0bd5b3ade0a28f29,false
090007d40d95b63c,false
0e9b997823fe3071,false
251bb8d6001d68b0,false
0708c365683f2ffd,false
2dd47295d5e3b0e4,false
13e9974b199ef0de,false
0c70e6e0385c23fc,false
04e64b3888b341ab,false
0ad183fe4b2919e8,false
1f922957fe6b819f,true
049a86f53932b36f,true
2dd13929228ef36c,false
2392c58e61b8082a,false
0780273353b4b61c,false
05874648ad51aead,false
11b985cb56e4ce2a,false
0601b706fe45ee45,false
1a4ba90837feec15,false
18b202585e77ab5c,false
03e40381a505f86b,false
27c7d8f7d3670134,false
19be00f466cc1a0c,false
1a5ac34dd55265d8,false
0fa9754d716ecc2f,false
31babbd739ceacff,true
079c209a03f0598a,true
02154530828619bc,false
269472a3990da45d,false
1ec650ec54298d81,false
2f1f7ac4e250368f,false
311d44b91c73e408,false
1a898a723a31292d,false
2b704afdd5e5c161,false
2461e1b6ed66c07b,false
14f1a9520f11f984,false
1ce618fb5215874f,false
0d1271cbc1fd85be,false
0e11211b713e3530,false
3252568b8cf04af4,false
314fccc0e03c36a6,false
1e9491da066aabe3,true
3214e1f6d2cee603,false
192a616ff1d2b082,false
1df9462437fe8a26,false
300556a9f389464a,false
12d69174106b9eb3,true
00065a64c4c0b369,false
07129abd6d1e236f,false
20e2314c792958fb,false
32d6118367275280,true
1d04b076b57fa85c,false
03e9afcf2b14ebb6,false
2ac19c21960e7af1,false
272d044e97bdc633,false
0f16e65b18582b62,true
2ca611a036e8a98c,false
0551f7fe724c466a,false
2d791052e691cfdc,false
048e54fcf40a4d4c,false
28c637184192c275,false
1aee5b951a4753d2,false
32b2a5b94bb5199f,false
233684cc3e18d4b9,false
006904ca9aa469f4,false
1c5d972c64c49033,false
06431baaf43320b9,false
20e183666fef4395,false
32346cccf5af7a43,false
2cff3457378b6a05,false
009c3963ee07b870,false
132db85d40100df0,false
304a48ec3dca8ea8,false
0a7749fd8cccddb8,false
0587078a82d50c9b,false
0107099dfb4564eb,false
005cc4a7cec73e33,false
0d509565cd68e173,false
0917e6c31032d6ca,false
2d98e82dde1979ff,false
1388d7b0595f1c2e,true
316ade7f75ddbf41,false
108807c7a5186b95,false
31e96ae0d8cad5c9,false
23bc66dd465a19df,false
0e1c4bf45446fc96,false
0e4b59023a619bd2,false
2c344a76c71e0ec0,false
0aaf164fa1d0a7ae,false
1d42e43b74e4436d,false
27b71f8524f50306,false
02663aed31b4133b,false
20a035397970f04b,false
29eb0055a439c83e,false
24bc02432022030e,false
11597f78e6a69453,false
17d0865c9b67e38f,true
1c98ca2d06888f6e,false
25ad4fe7c69be97f,false
1bc30b2cba771dd0,false
248294835f10a89c,false
24c0bb50676491fa,false
1832ce56ae948e07,false
01aefa11c18d0ccd,false
2f32bdf9b434091d,false
068653eb318cff69,false
092191524eb720e9,false
07b1ffc30b596b03,true
13f1c9917caf06bf,false
263cc61da8b022a8,false
1e19d317ebc7ed79,false
134ff74cc6cd7331,false
1fb71cfbb9c2f140,false
29a6d119e9895726,false
094db8db1105ade7,false
176593aa71952a1d,false
1dff4c6c0b5be7b2,false
1e746b3e412ea45c,false
24426d4816753f88,false
25d8568c6647c8bd,false
03e8af289752f92e,false
1230abd30653d041,false
124fa76955982690,false
24940cc85efe08fe,false
228d30261fbc94e7,false
0631fbb7738eb1fa,false
2f5a44d36f3ee50a,true
21870de28842dd54,true
1efaf654504b94f5,false
0180c5c3e7df263f,false
12f4c8fc7d1435c4,false
0a47b30d2befb726,false
20e227fa0a2b02fb,false
22969acae9c107e4,false
27de720d7dcb4813,false
0c5060909e821104,false
0d4ab1172211ff6d,true
1ed0859e706117e2,false
097bdcd832abb1bf,false
0ee8aff54d43536d,false
13da3e6161824cd0,false
2fa1826a6673a961,false
2803b85024d5800f,false
26a3ac66fee41e0a,false
30b74e84c8c5f914,false
20f06c5b5feb5939,false
0942bb3de83a30b6,false
1bc61801626240ce,false
036f337e75c7f4d6,false
09e7b28fdd6ff198,false
205a74a62182a61f,false
05d3e620eea35d85,false
31eefad1a404ad7f,false
196f72cd4c99b5d6,false
0b86aea15c9a8461,false
01200388a919976d,false
0101792c2035809b,false
300d35fc78e1e52d,true
15bace3fcb9a9db9,true
0066ec374938da7f,false
2d1c43e4e9f90f01,false
178a5dd19dfce9e9,false
2939b2066aa285b1,false
0f15cf002d5364f6,false
22693eef370ac311,false
1d9ffe82d7e18933,false
205d7df21ae82cd6,false
2e489eacd6ae80c0,false
2ced67e9c9afcaad,false
0cf892fa94711f80,false
2141e97e85232417,false
025cae447a8b1a94,true
0007d7b2aa4230ff,false
0f7f54c676b1d92f,false
29c481c57be48524,false
24ea8bd9ec2894a6,false
202466e2766f22cc,false
0492911921e2587c,false
033f24c54262e8ec,false
03a8eb9df25fc4dc,false
255f05d5f7aa6446,false
21950ab004a49edb,false
2d7bc5eaa144b55f,false
1cddd48dba98a3b3,false
0fd3efaa6c7c67af,false
31786c38edb4de65,false
02f8597c7b36144f,false
265867987a0e13a7,false
32a1d268055faed0,false
0fed253baac23ef9,false
24f61df4660d8a5f,false
14d0eb8ffc0eab42,false
311dcd663ac7288f,true
102e40e6aeeca0f1,false
1dc47d3d60b61aa7,false
11afede326a4e0e8,false
031434a50c26f7d5,false
3042a8bb34e76303,false
2348c6df2748fd35,false
04adc7d7150f8713,false
015a9331c68d0e07,false
3213a0b8663c2b79,false
29018aefdb990f3d,false
04ad2d84dd479e98,false
02621ae5096f3519,false
11cac8a83bf60c34,false
257ec03d16c4ee65,false
1952e0a465afdbc7,false
0443961775892e8c,false
0f085c1aaa9c73f4,true
2a2a5f7fdbb7fd71,false
1a6bf688d6ffbc32,false
0c3dea5b75281abc,false
21d3c8082688b353,false
14eb52424275de74,false
111433de9ccb87d6,false
310eeb65e5caf363,false
200b9c8c576b68f1,false
1a1fd66b7eaea0df,false
08ed01ea3d8b30a4,false
1ccefd27cc2d3c1e,false
2e053ca16c61ff11,false
013fc301e7f722ce,false
0fc70e71c428f685,false
31460934af5e55b1,false
0732e63994806dc2,false
19741a83cd2ff6ca,false
0988410801995c1f,false
059987dd118265a9,false
22718749f34445de,false
02eceaeb921d674a,false
29abcd2e51795675,false
1b1c9b7037f95017,false
2ed48c37f4525c12,false
111722248a9381d4,false
043d25459fe3af1e,false
1bd180768bf9de3d,false
02e42466a2aad82c,false
1a926934ffb65842,false
0602f5eb96c0ee60,false
14f2d0311a9390c8,false
202ae4806c2adc9f,false
092c1d697ca5873f,false
034e16e2efce431a,false
2ab1b46ceddd985a,false
1b288b566ac209c7,true
17ab4db680b4a2e7,true
1ae0b0373b7c792f,false
0f45c7849bfa4d82,false
25e473cc6ba3eca2,true
08e908fc3ccb9c0a,false
034effd1cda2514d,false
31d4f7dd08f54b5f,false
0ed9139cf72ae4a9,false
10e0cb7f6c5166a1,false
1ace3b23cae49644,false
1fde5afd64a64c12,false
19c263159f6955bd,false
04d94ced013f8162,false
27dc8826abadd77f,false
195c6f46c210b402,false
01eafb750cae6058,false
22901000adaf1b40,false
32cded8e0da9aa8a,false
17a866525c89f433,false
19e2f02b9e787f33,false
03e6adc0a3311e96,false
04caf311859c934b,false
1b7b24dbdb55459c,false
1ba4ace123676dee,false
1bdad26857bf9af4,true
0bbf7a94b89ceb66,false
1fdef9b516cb87ea,false
1e59b3d535cf2fb8,true
072007719c3bb5c7,false
1b21325daf2cb6ae,false
1f455411c02fd36f,false
31060ed8e2e808d0,false
1005564b54c6c35b,false
1e3f3d8c9abcdc32,false
1e0081ca23aab416,false
1635dda74ff52438,false
099ee22c96f4dd70,true
031301366a05c516,true
07914f601e002b7c,true
0daa98ce5e4513ec,false
21ad6d9f9c056a52,false
17eba34e8f8666d2,false
0c5f110a10f0ad6f,false
0c3addd96aa22b5f,false
0c11ad42c79eb70d,false
10a684397a8d1b89,false
259b3b5524bb653a,false
1617619e2239337f,false
0d748c2edc357840,false
0cc7e7d4fdd71878,false
2ce8ae7b962c52aa,false
0205548315a160ed,false
0765043e7edcd078,false
087793ff64476876,false
1032164c3aee8e03,true
05a40fab39411e4a,false
2e29a63b6c4d3a77,true
1fe808a260d21851,false
16fcf2c018d37f8b,false
025772b46ab37c5d,false
0c8f2618735353b8,false
13c14f9793bed170,false
01633b1ba583aff4,false
26566eb077eb4619,false
0610b80e48bde1a2,false
03db5fa33a72a7da,false
1ffe1e770d5775dc,false
219c08ffc182c4b9,false
240ad934101864ec,false
209ced4a6476d248,false
29a0c10ca0a2b3f5,false
12f23f5cb32d88f0,false
0a61e714777a98eb,false
01cb18d27aa0d6dc,true
136ee0d7fde21f08,false
03e9d1763c3f989d,false
26bc7600a916b2e4,false
109e0dd7fcc38ea0,true
08e61e7107589193,false
0317d3d83b4e315d,false
1097bc5f3cdd7e82,false
30aeffb8bf9a4081,false
324276db00375106,false
3239456999730af5,false
1486a9d403677c91,false
0728ee1b186d1fde,true
1838d39665b98648,false
1b2f50fead5c00c4,true
258449f2b3c94864,false
1a6bbcb50362ddf8,false
2cfe5b4f2fc3a06d,false
30ce9642dae71890,false
1980cf216aaa48dc,false
0bc1175819dfdfcf,false
1573e34b8ac42d09,false
10c817bd6119f68f,false
1596d03e0e9b84d7,false
27379112434dcbf6,false
069b80d937b4aad1,false
21c7d8f6058c9731,false
1583bd9ba89f8dcf,false
01aba8951aea51c1,true
2ea4c2f5f3c2781d,false
108734b99c10e3b4,false
29e31ff81928ae2c,false
0aeb97e8146a1002,false
1b37cd0d80140d19,false
00ebc9b009df4870,false
30fe33c53f79d8d8,false
08f5ed50824ad0d3,false
243f73694e14e1cd,false
2280e8a0d04f61a0,false
1a6bb9ce66857ebb,false
1e7b842b3ea29d77,false
26f0df8bd0a917dd,false
068c8f4ee8c53fb1,false
0680ad17861d4fec,false
08c1978031043984,false
09c3c409c4cdfac8,false
042dab4fd2a0ad74,false
25e082b61cc603cc,false
2431f6b9ff3dd905,false
24fa4c318c1a584f,false
0d5dd64f755c40bd,false
2a334e5d2371a49a,false
30c69002c60934ef,false
086de7960836f41e,false
039670ffb9dd5744,false
1dfdc87c94e85f73,false
103d444b7afb6196,false
09bc48577cc4fd25,false
31945f3f81516a5b,true
197187dff475d1b9,false
280bec102fdf64d7,false
15ecbb7e2adf41a2,false
304f50fe94b8e55b,false
249806decf5ef5f0,false
25929e79e9ac0649,false
01ec4b1d86725875,true
04578a358b4d328b,false
0a9f3e1313c55ec0,false
2c211fbb9f419ec7,false
0d45d95d0c424e0a,false
071ae9970aaa8e3d,false
021444cc55d00b5f,false
1f97ddec84422a74,false
033290db7e2b29d7,false
185a7a5ab54320f9,true
155e8daee80a2cfe,false
2766c345fdc2a308,false
0073ec4b6408fc7e,false
2ee7880c0a00a8b4,false
02bb39d0e104c464,true
2b4daf442409df86,false
0a54c6a354a79394,false
32c0d3264f7d8bcd,false
1957e0b543877c9e,true
1c0611d27d13e92a,false
1d51e715ad92990e,false
0c25ba4841b6d8b0,false
0407f047b19bf6cf,false
003a92f9e926dc31,false
02bdad1266f31287,false
168a598921eba907,false
1d0abf04ad18d913,false
26c35e557da30265,false
161704da70109650,false
2fd9f56dd7ce95bc,false
249990966e5107bc,false
1de5b05633f0e081,true
011d83fb7f499bf2,false
16b49e24c5f6ff57,false
2b559988b687ccc4,false
160701fc9fb8583f,false
2e7251a331105e2e,true
1794ee66b1e980ce,false
1091f72487a28cdb,false
2776bff48a479896,false
1c343f9293c22b25,false
11b01f72e6b6a9ed,false
00794c0e659f44ee,false
2efd314afe1a37ec,false
1adfa2374d9d1ada,true
286fe58ee3aa7b97,false
28d9391f638b327e,false
0afe9361387c4a94,false
28fe5c6ab1851522,false
17a2d15331b6ce87,true
06618355ae1a7839,false
22550b21ed88fec2,false
174b69b529921b52,false
235cbe4611140f63,false
27f1e1f7c6130b42,false
1cdf4d066cf33dd9,false
11c4b5cf16567520,false
286cc93b08e768e6,true
064f65584207bee2,false
1944a98274b57fc7,false
155b6f37fd7f0a52,true
1e10733bdfb60ccf,false
31bdc9e9ce5c934a,false
31321c0bbdb32627,false
2c91c3895b86684a,false
07cd8fdfa861b9c9,false
2d3dbaadb9ba0936,false
2f4d5a666b9d70c3,false
1872fbbc52e57549,false
2130044d525a7033,false
2890fd145d95ae7b,false
1f355c4e52e23c62,false
0c02ec93e4ba1ec0,false
16d74337b999e887,false
05a023abbea4279a,false
1b26e5f60104e87e,false
089755642e1b983e,false
0e20ef965b6b0666,false
2894a4c62e36d5b4,false
236e33e26f6d5be8,false
22660b8e17efe04b,false
2183bc66ab697355,true
25e139a2bd51b373,false
2c7f54d6a44ca6e7,false
085a48ce6ab7daf0,false
0e3091f207e63dd8,false
1b747a0af1b4e2cd,false
105a1816d96cf4c8,false
2c3bccfed22000ac,false
28e094fcb352e81d,true
252c649278671289,false
04fa2dfa24bf6422,false
164d573ef58c5db5,false
04ebcb8da54aa441,false
0680371900ac9a0f,false
016224c27069194b,false
13c0bdea2b05dc30,true
211a57d603003fad,false
332c5b75bde16043,false
13c6a48a944292e6,false
24900121d70b898a,false
25cf5abb885ea755,false
1d6578aa78be4902,false
28200e647794eb12,false
0a114588b627e8f4,false
278ad957b89b5bb7,true
1f904a5111398b0f,false
055889aab004ef20,false
0ffc4b80b8e1370a,false
2094b882d7fd1709,true
0924b5eaf719341b,false
2ae01c4117b867dc,false
17f962b804afbc68,false
1c22be87256c3d76,true
117e3dceff4349d4,true
2bb5740b2c027dfc,true
05a9d404240f0da3,false
26ec52bb59d62b64,false
2876c82f280ac249,false
30314a7cad72bb80,false
2261ca52d89c3051,true
1e38fed212eb54c0,false
25d470f41f3af4fb,false
0271bcd004164c96,false
29838f4bc8f5d281,false
061d05bbeeadcc51,false
236e7512f842096d,false
11833535ad2b5f66,false
0db815e56e6d9be1,false
03f96a89e8501ef7,false
2c7d4b7efa6a9ca0,false
2bbbdd738230ddd0,false
266ef8a2c1da76ea,false
0288bedd16e03264,false
0debee0a4491e059,false
1d2a1f629a5941af,false
2b83f8e31a5be34d,false
20d344fc5ae56fa5,false
2722748380cbc689,false
1016c08f3c9cc416,false
2792589f14a84814,false
212927723e8f68c8,false
2c3e507e41587906,false
1bd6a385cf1747f8,false
2755efbaaf1cc5c9,false
310e9f2da62f499c,false
12df0bb73ae8bfdb,false
09633d4951984b58,false
317a7bccd60b87d8,false
1800d8e3855ac823,false
2049867bfa912440,false
05f9931d0facdc76,false
0ef9721da3c12c74,false
26781c78be0d7232,false
02fa6a3c44585165,false
28044357974d39d2,false
18a8b03b38ba8a87,false
1981191c083461ff,false
0f23728bfcde2e90,false
12cefc05ea0751ba,false
09bc0f0e4d181fba,false
1ba5cdcfc3587643,false
22b60906ae695dce,false
29ed9f903cced4d2,false
26b39146b01352e8,false
144b3572f86c9762,false
0b14435ef3daab57,false
0ba643349fb9431c,false
198f302ea4b9c6ed,true
154ed84e0c5c421d,false
0e04b95ea07ed0be,false
106716125b9e535a,false
1b99b5fc9ce6970d,false
2281abd28d04c05b,false
0b0e52cc0fec2569,true
031459670b874654,false
28aefbc3f4e9c4aa,false
0509fe97cb240925,true
1eee38eb6ad59aa0,false
004dcbe2dacfd2d9,false
13ca3e9657df585a,false
070219f32b7a681d,false
281fd9cceda3f113,false
010b524b6a451c4d,false
03fd08ded7ab0f2e,false
184bf912ab5b2668,false
02fc0f6c6a47d1e5,false
03326955517647f5,false
174a1873629a657c,false
32de0cfefd0e814c,false
0e682a1541fa5d8f,false
0a9280700ed13348,false
0d52141173a422b5,false
2aee7b348ce1697c,false
2a49714eaa4dd74f,false
2d0893ad20b49a28,false
05f0b43f7af93ff2,false
2f64c9afce39b67c,false
0c6b57c8087efaad,false
1f3113cef633e276,false
0ca8a6edaad1b34f,false
1a720bef25b1271c,false
30db89abc7a23c63,false
207edcdd9fb24448,false
2be8d1b4248649fa,true
2a3ee20c2c4b5b49,false
1e30a326d1b70654,false
124cea84e9c05041,false
05fd0a24e9afa1a0,true
16ce06d68440dd48,false
26b1ba231ee5f0e0,false
0c5dc01e1a132ce4,false
1bc3db6400434fd2,false
27f0e5423a3144bb,false
11989c2c579f0716,false
03b39505f8cc3e08,false
0fab5213de1e33b3,false
21cfcacd0bb3c92a,false
202d2abdab1a04e6,false
10b5ea2b5f1613e6,false
13dc7f7b52af47a1,false
051260520d6905f0,false
2c0df59def6a3789,false
33315d54255ad491,false
2d2cacb5ca78cd80,false
178911a334ec08b0,false
20fc8737ab3ab913,false
16aded0b97bb1768,true
219c1424fa47dc9b,false
048009395e485355,false
31b9de669f80ab14,false
2ce6c5b9a3f09bea,true
1fbd17c534887a36,false
03e2d5c5bf47c469,false
137ffbc7f5611032,false
1c11a49ed6830454,false
2f9c8a6189dcf4cf,false
1414768689538f91,false
1c4089f789c7b716,true
3219536b622827d0,false
21935784494d36dd,false
074cd885da0b3220,false
005f254b92974e1e,false
27e6708cb5648b2b,false
1876e56cc11fece6,false
1558a5676a6508fe,false
210c523e50f0d1d8,false
14c9264b8448235e,false
298a6c5e21fd151e,true
0096fcce452f66e5,false
0c94b39057c5bc9e,false
1308200d6025ab34,true
18f48831cfb999a1,false
2d7b28d8b105da30,false
2469f04a56e8bd58,true
22e45685976bda2d,false
2c053f2058317c64,false
012e1be577e6bb5a,false
144b2a44d9530e90,false
31c8e31e50bdeeec,true
13c28ed8e5210dc1,false
00879d3c3df3013f,true
045e497989952663,false
1a1f79d4d60f4b81,true
130bbcda697a6d23,false
19d9fc7800a23f34,false
0eac5d1459fbdaee,false
2620699839da1c86,false
06283aaace318a7d,true
217140db04b1fc42,false
30080410e9adfa31,false
0c2bee53d8a881f7,false
006b9541fb8c70b6,false
2698d1547a0309ba,false
0e3add82375d046e,true
0465e0c62e3a02d6,false
332d0db920f308dd,false
01a51d80de7d85f4,false
263df5c787d7e68a,false
15c226ef291dfaab,false
266cd20d676a7cfd,false
1ea09581d465061b,false
10a7472eacaad72f,false
02918e0c9d2af4eb,false
16a9f7c0ae5ba38c,false
33033c26f9388960,false
19887ab515368d8a,false
0f3ab15487e9af2e,false
2753c8a3f1946b05,false
27a0e3a29d4739bb,false
0e39a1ce4ca25b97,false
1194594b4895f550,false
25395f72411b709e,false
19a2452c240b6cc8,false
0ef072982b007624,false
10a692afd99baba0,false
0f01434d0514460f,false
1948896f94856efb,false
20ccc8e765a83419,false
22981e559df128dc,false
13b862c7d60f5154,false
099604a1df9f922d,false
1cc587c656e099ef,false
11a7916930c2a478,false
104d9f319329afed,false
2fe863f5e4b53c79,false
253bd04c21143a2f,false
27340cd18a89ae02,false
15ee66e0dd5a8c6f,false
2583481fddc97cab,false
26d3570d5b6e2096,false
2c7527694ed00ea8,false
08531aae56b75fe2,false
128a2d37e9bf5f32,false
302c83e771c937e3,true
0a858e2ef1de72e7,false
0f27b56dca4d614e,false
2970a201e60134f5,false
04065b9db8334d76,false
2ec4589a8ccfc133,false
062077a2eaa42354,false
2f61a900edc122ce,false
0d9c153916a3db19,false
1c508064e1c3978a,false
1fe669a3c2af1ad4,false
1ba8ef1711e935dc,false
2de19629759b4486,false
265818d92e7b0130,false
02f32dab498b1909,false
0d9073342d6119c0,false
27dbe7d8f5cb5229,false
2463cced93847d59,false
1f4c2ef72aee3d24,false
162f22aa5a0e0282,true
310c5b1109b61506,false
1d6a5826f59f88f0,false
0566caa3458954d6,false
23908c65b09c1223,false
025711e08bf971c7,false
10416f0c04a514c1,false
2ff4d5540f7a5555,false
2dd8f6055a1c72e1,false
1b3f0fbbd04e00a5,false
21c2379ebca568d8,false
2d095d015eeca32f,false
2e3e4132a28f0fb0,false
212d093a1e93ba3f,false
17bea3ab0f25b07e,false
0d45dfb93d3d069b,false
21fd3383f0dfb54f,false
2e3f4359e0224c88,true
1e41c3a5bf348768,false
1b61e0b2a91c955c,true
3189b2c101c165ac,false
188e24a5e16af390,false
28898b0b2b0eda32,false
27cb971143564bb9,false
26c2b7961d19f29f,true
2354f56335682928,false
0953b654ad2c842b,false
172d749ecba876df,true
16ac0639ba550f9f,false
02e300b669151255,false
2303ec228f2da4e7,false
0d249db4c2765eda,false
2d87d4ec0c2efbc7,false
2c33c375fa416f9f,false
06e5bc3ec27b1031,false
266b49a29b2c33f7,false
02a86c3853adb26a,false
25d9567333de32fb,false
23dadf67860e2af0,false
2d7ebc8346a3ef78,true
035d8a3858081735,true
2c7e8079c03fdac1,false
27602539c1ec3ebd,true
006ccb62fa20517f,false
166efaa76c74f5de,false
194960f3a970a421,false
0d70c2395b433011,false
1a359133e34a59fe,false
262d4dac0336ce12,false
07920d43a29101bd,false
026047c554b3a9d3,true
08be881803317eef,false
059087a4ca8e3e1c,false
3205934310ec3a26,false
205c4def0c115150,false
090b97b94ff1dfa0,false
048264f22eb9f3da,false
2fd7af7eab36f583,false
07bfbfd25952b386,false
26730a0b27a34e9a,false
299ccb8ec106e82d,false
2bf8f53603aa2c9f,false
21e476ae82a95358,false
1d5d46e61a4acd01,false
0523148d81e7e6c7,false
2eb404a90dbd040b,false
00ba65b29539870d,true
1515b4cfbdacdafc,true
33164ec37bd44ddb,false
074df34e55840870,false
02e377814a665675,false
078110f5d966d461,false
0127899566c1ca86,false
05aa8363abfaab6e,false
09e7fa65a4a10a59,false
1a0ad5a743900903,true
1b0f3169e2797ec9,false
173a1882c0f1ccf7,false
14133a9f172d6ed9,false
244d60a10e366e60,true
055edcb17a943d47,false
15c7bb84dd4260ad,false
14be606190e98902,false
30adce279dca3622,false
0bd3ea4288e35fcc,false
171c774d55cf4b80,false
1d27d1839780baa7,false
323f8aad73834f76,true
005279cbefdd01ec,false
11109366378f6946,false
2d5b6a4b3ed7edc1,false
15dc11149dbd99ca,false
18972bd2ce45219a,false
2b119172541ceccc,false
07ec479a8118430b,true
222d48a559b76e7f,false
302906075d1b5652,false
2216e410f6306369,false
270b5fcb9cde9136,false
09cc0850577318e0,false
0e6cbd9a44b9013f,false
19c351f03a762067,false
243a048b325e3477,false
1dffc6743220338f,false
179af9c40d5fcc27,false
1564344b83dc8f17,false
0ee0401972b48ce6,false
0347328aec029c30,false
2b3b91a02db4848f,false
0eb1ebf5bec9ae60,false
1c92eab0fbc3896e,false
2380dc5ce633956c,false
31dccceb8a9e5081,false
22f02d244b20449c,false
2b3d57b1085d82d1,false
3115948efb49cd33,false
15175fac8a98c4b4,false
255ed418c4954bf4,false
0e4b25a091ef2015,false
2fb0f293068cb090,false
089cb63559aa75f9,true
1fe286d56ab46e61,false
169dad3cd4a92153,false
016365354e4d41e1,false
1d37f3c2431dc91b,false
255200bb54d36c52,false
11ae56a22903bad5,true
28aeddba30acbd40,false
2957388ae16784e4,false
241ccd428316bf55,false
1e398999a161b8b3,false
30fd61828a74d867,false
208297181310ea7c,false
0921fe07731704eb,false
294ca01df7171f44,false
0b0c0083011636b9,false
30ebff90549a56a6,false
01dd7a2df26532fe,false
08dd68498f797fd8,false
0a24330cd6becbf0,false
160a173a3cd84f0d,false
0d56126d46f6924b,false
2ca4b8dc1de837d0,false
2118b12d6329639c,false
27b0f597965e1846,false
17e36e7a0f0e5fdb,false
199c5a960bee3c50,false
0829cb3c7e738276,false
27a7703aecd2f696,false
21b15651b005304f,false
2a3dd2c6527eaa91,false
0437cd1b10a2fdc8,false
2f794f2942ce4c8c,false
12ce6269e065ca93,false
32bcb13b86cea075,false
10fc01dbbcf05050,false
049fa72924107263,false
219b2aa462e823cf,true
14f4dad81ecaf21e,false
2f35b1492bd1e11e,false
1db54648cc2df414,false
25547579732dff2c,false
22761d5acdada0b8,false
235311a0454e3663,false
00d68faf236152d0,false
07d82ad5e47fabee,false
1f2b36df05a62655,false
0b2c256cd85cb353,false
2b9dcf400ed2b66d,false
31187623aa07d839,false
1a98acd0323c71f0,false
23870068623834ea,false
0ce8cb98b7f4c538,false
11e2f0c0a0341f7f,false
30f90380cab257bb,false
284a996f5c54e148,false
21caedb845dfc00f,false
2ebf8285eaf7df77,false
2bc0f89ce90c6fb6,false
2cec7a3450a95f5b,false
0c5a7ae5e5cec17f,false
1c806cbf2dd44072,false
10633ce0dd77d40f,false
25c5d8db4edca327,false
0014720fb86a7462,false
0a13943c6525c435,true
329c98f3143d663c,false
2e17cb7364b7da95,false
1818cf15b4be8ddd,false
1a16bfa31c347485,false
2afef315bcc1c66b,false
105938c2ab791967,false
0083a7ea2bb6a4da,false
2ee38dd88ff83aa8,false
15db25dfc0f501f9,false
02a4520f8bae2677,false
2d9a17d49d761d3d,false
0fad982d02172b97,false
3252eb1f00166cd8,false
1a4faf9548065943,false
013218616ab9a53f,false
2292f1c274fe00bf,false
29223c37c5885ab0,false
21e18f06d3d35f14,false
00e42134f5c189c6,false
20b50c4695e7b250,false
2000f984746d2355,true
2349498da9cafe34,false
10db3c9e3fc40ba5,true
1bf42fa71f035794,false
1a7f13ca38d860e1,true
162332a25162f4cf,false
1e02e94128d285f6,true
1575d2e715238844,true
28f369e417bf0282,false
11c795ecc23908c5,false
00094325f5364daf,true
000f87bfa9851894,false
11787f362378f3fa,false
16ce140fa1461b81,false
0dcc1908f5f00e58,false
26b980d0cc3cfa61,false
2b97fa8dd82db7d0,false
0e4f2145a07b9fbb,false
163ac1eb0b322e67,true
0299bee62c64a390,true
2429d44c6ef6d126,false
08e2ddddb1ca7137,false
0e7e29e0f50df439,false
17adfe0e30579e40,false
08652de62949acec,false
10c5cc9c7fb23341,false
06226cba0c0ef348,true
069c9b5fd22543ef,true
157fd90aafdcf3ec,false
1856ea407b48a908,false
07e4d9077e3251f6,false
01edfc9e2125f8e6,false
331a63d368c5c7dd,false
23172385618160cf,false
0f93f48ac1f94094,false
0b790933de621dda,false
0be06e634937a9cf,false
1dcaf19ad9efb801,false
00fe2fdfc2138070,false
1b1e8dcae53e8184,false
2b7da9ec1e98e0c9,true
006f7da1492c1375,true
26490af68c4001f7,true
0c7efa3ea275af32,false
1b4f8c0e806d74aa,false
004f2640dbb8b0fb,false
14f95940628a1e28,false
1dda56e0cbe7643e,false
01527748ca048991,false
0f1a8f9aae8a1142,false
08d2aca1fbf55707,false
32381fbb56a5735d,false
0f65e2b312623b54,false
294ed1ebec0d8ce3,false
2873556f495c4fa0,false
26dc4b80aa6ce1cf,false
2fc18e456ee99f69,false
101c1720f6e3eeeb,false
020ef1d2d6b97122,false
2d7f74bffffc5235,false
21463a9522938cb9,false
0739b675346885c0,false
1c3fdd46f3ce0f86,false
1dc3335a93bb317b,true
1e1529557c4e55cb,false
261b6534979ed149,false
2b83580f14bf5803,false
01cb2b497d41416c,false
1d34e0ee83d485bf,false
284a34b49f5e63cd,false
16bc18952df07e39,false
2473148b6ca89e49,true
04011b0289336ada,false
31c986d74e4c8e51,false
0500a6d84bb8dd62,false
1b045e5201bb55f5,false
0faf4f33add402d5,false
04fc2b7278765eff,false
0b84ca69e471f7d2,false
0dfa87c6db09b2e7,false
0ecf29e25dfe2247,false
1e0d25704477bea7,false
158fa43091e2c4e9,false
01612eab6d0fa356,false
076cb09f476463b9,false
0229904b671961a4,false
188544065d9f4725,false
237f57718314e701,false
2ce477d251929901,false
2a752c63d094a690,false
0e294d37362fd74a,false
23b1135545d64843,false
1dd5606b69adff9e,false
2e683e36501939a5,false
279af411f531dcea,false
2f8e10bfcd3d44fd,false
269a010db9cdb5ed,false
1b047b3885c9f21d,false
2ace27019b1776d3,false
0e16955236ccc87d,false
1a911841a69b74c1,false
14e20426da161e15,false
1b47ec97bf2613f8,false
0d351f3dbb12f803,false
00046ce054f285e6,false
1e8f289874922807,true
28afbd5e13522a32,false
0757cc6cd8743f74,false
0c48ef1cedc9342d,true
1920302d24dfc560,false
0f2f1d35f145e8b7,false
1fb0ab6458bb0124,false
146fcdb0760a3828,false
09c258361fd10309,false
18aec13ec219b4b1,false
0677f995c7e29f62,false
011295df9d70e081,false
2062d70046e3dedd,false
15162f52eb7d8e1d,false
2d42dfb80434fce7,false
0573ed362fd41260,false
28c712582b25eb36,false
23b3e76e3dc3241c,false
067859b4048deb22,true
018622a970c22848,false
23e616e1aa2a1e89,false
1aefda19ebec0485,false
14e4793759e2a896,true
01e39a56da8777f1,false
22ad7362dd79748d,false
0a0c98f6017ba2da,false
2e9d407998143687,false
302f8785e300422b,false
24b83dd99ec2907f,true
10c2f8fc3bb236b4,false
042c116fba5f4164,true
26b25cbcee720f56,false
0ee661a8ae8b212f,false
13e71af1abb26cb6,false
0a93e405131c59fa,false
2fb37005eb4fd532,false
249130ebf26327e0,false
1a180438bb9bed6c,false
1f7bc716a3f660dd,false
03e31cf7d6ea23cb,true
173eff9f2a5be68a,false
18279423638e88ff,false
26e8360a2c56e277,false
252868b476eb6fa4,false
0c00ab1fbd4b0e08,false
1bb134fcfe50c151,false
2f13645608b21bed,false
273910d76d2cee19,false
0eae770731fc698a,false
1b08c8c5dddbc7dc,false
019233a0340a8ae7,false
155cfeffae9b99ae,false
10910fd4c2ea7ce3,true
158bc9051dee90b4,false
085da8466c03de27,false
20f13f5fe55ff22a,false
2de73ad566a82da2,false
03c74677fde5be4e,true
136d2c7946f602a1,true
19cc4146e1d2b81c,false
0e99798de89537ac,false
12e92dff1855d5bc,false
1de11ce22631b01c,false
1a8c7893ff17568e,false
22fe3c1d7e9b90df,false
055e4463ae73f406,false
262310a1de228d68,false
03837fa8d63c8d8d,false
06748ab200dfea38,false
1b7c722e9a223cc9,false
195a3155cab35c96,false
014ec4bd00309f5f,false
1c4caa6e3c496cdb,false
201b2efbe6b25572,false
0210181e8910fdc2,false
0cc0488d841dbefa,false
17a092770a036883,false
056c03b10ca752c2,false
17ebb5997c3f85bf,true
30ce4d6a48c2b5bf,false
23993ba66f9d491d,false
243d19e7a042c4b5,false
1e5df53685bcf526,false
2021a92bbb8711c2,false
1f686656aef12df6,false
2f84225cbb996d8a,false
0966bb90c909d801,false
086f9c5a24e72468,false
2493e14621264f95,false
261ad13c9db6a539,false
17cdafc51d7407b8,true
0a264d3fc483b8b8,false
27a6c37a6ae0a57d,false
102d0206c2061cf7,true
07f74ed64a2b167d,false
1d2fe215eb5dff86,false
2a8bba011c297efd,false
072045f4c10b80c8,false
1efea3dc493fce44,false
23007e6cac94d5c3,false
1b11db96125a6780,false
0fd2807affbfdd60,false
0c69a3b48eb38692,false
21d4b4990aa5563e,false
090f1d6c32cd115b,false
0d972e2b661fabad,false
1f7346502f849d04,false
1dd3c739bc8b6f0d,false
15d25b4d2423bf5e,false
1cbe25457d72bdaa,false
236dc94c990e16aa,false
11a8656b197456c8,false
2decf5147a121d46,false
2c43e4cbc5e14aa2,false
25600a3c6327bbbc,false
09638b355e898450,false
1447ff348dfb3cea,false
0ff9c9791b022a61,false
1d8d7a3a0356c213,false
21fe04da337ed288,false
26b52bd22becbad5,false
2a7ed9d064b34da2,false
20c2f94b583be99b,false
22e3fe2ca17fc3e0,false
15ca802fde388dcb,true
2c171cf251472b92,false
0d1e1b96f09b9e52,false
13f254efff1fbb40,false
2a228074b19cdc8f,false
0331567e7509360a,false
304be05a047bc15a,false
0ddd14dd53ac14c9,true
0f923209e2d90949,false
29f5d971dfc4a491,false
332407b126e3a39c,false
32cb5e2494649fb1,false
329e9e016443072d,false
1d93eb2ec88a2e32,false
121a60f79fda7071,false
2f8f97123b290a7e,false
03e077c5d58704d5,false
0ab1d76cb648624d,false
2a4b7037d349ff2e,false
0eb1a4e69bec67f6,false
023d053225ac2e9e,true
2207af3c3d427514,false
21870259d491ac33,false
3269c222cb3c4782,false
2aea7068d76d7deb,false
2b8bd330f85642c5,false
156247fc6e988d57,true
0fa644482f48b262,true
2c045a1b48b4ce31,false
003bb52b1c3d424c,false
2f5c6144573ed762,false
185636780002329c,false
1adaf684b735d224,false
1dc4e1136af10f34,false
2bc5d7a96e141619,false
012ff359d04a7c1e,false
2925ca91c5a248e0,false
2319c9bdf0b9bb87,false
03a800e7c36acb71,false
02047b2bf6db725c,true
24aad33c2337307e,false
2171c40f64c17f36,false
274542a4cd11f238,false
1454b1d3fe1fbadb,false
24123fecb3c62f3e,false
33011ad0a8163248,false
121cd6993e7b0292,true
298b5cac245b2c03,false
1c8cd194bfd401a9,false
2f8c25a7871d4704,false
255e75ed49115147,true
1abcf65c77aa50e4,false
2908a769514aed1d,false
146ddd1d1f91b1d8,false
210de07dd703397e,false
05e7c3db3d78bc7d,true
0d5f0986e50ec1a6,false
289f143f5c7c91af,false
21f199e7bb339a73,false
22e60d98ad948526,false
15220b312a60ffc7,false
2cb980805d4a488b,false
242579a3287a8c8d,true
0d4dedca1620a78f,false
0ac71aca09edf1ca,false
1087e34f163c4977,false
1a7b67c0335bb2df,true
1755acc656880f49,false
01e531d870d4be40,false
2fd50ea61d509d2c,false
2d25f3d15085f1ea,false
05827fc500fe05f8,false
0e6c292753134f27,false
0829bea9601a0bc2,false
32088dee82b71a19,false
1adf6f7ccfbc891a,false
073b43b37bd5fac2,false
15770519d6c02fea,false
1d313fbb97ed8720,false
21776fa9c7797a86,false
27f9c77ff85821ac,false
224e37ac99b7b928,false
0182defdf4bf6031,false
2fe9013e0fc41968,false
2eb031dc0ff3fd50,false
152f40c108f7cb4e,false
092697be08c316cb,false
316cf6a98a3044a3,false
0b0faf3545beebd7,false
1487cd06bc4ac99a,false
23ed3847a2498c63,false
01ad95564a4e07c8,false
314980c3d735c9f6,true
32644a7e25237a92,false
164186419e643a78,false
2fefc8e59b1cb64d,false
1ef58c18c1cdda13,false
241b554fa8841663,false
2183491fb21e6afb,false
0c44091231207910,false
14ba5e65383944d0,false
0a9c3f46e945454a,false
24e30a491c6a0fd3,false
12a61e0547b07fc4,false
21082a8398b73901,false
0ed8721cb2b2044e,false
1313ef8e2ee9739c,false
29b65c419b79dcce,false
09b38e402f2da87d,false
233182deeefc590c,false
1fd68eb96a6e2847,false
1dff377299735798,false
10258ced51d9f1fe,false
0764192dbb6f1805,false
0499b2d39da61f13,false
1e63228c239bf5b8,false
303d77032a78a2b0,true
197ce3112837a196,false
2aef3bc264ae7778,false
32c952417d2b9fd4,false
1c33960bbb95aecb,true
2a4efa97a904b729,false
02412d6a148be1c2,true
1c934afbf59a4c04,false
328c738239ad4e13,false
19082a7e2d1e4a89,false
3248f74e6bd735c7,false
239dd5ab677bce24,false
12fd5fbbb5214068,false
171fb297cbcaed92,true
170dfe81327d65fa,false
2be54dfa9bcd43a1,false
0fb0702c6be7e95d,false
14490a7d6f1afe2c,false
2105a65271125800,true
1d673577b31f45b7,false
0b9d931cc25a14a8,false
0bc3596ceacb0e10,false
3161067c92ee811a,true
09cc7428b1049db5,false
1f26ec1d0c39313c,false
1c05ef0366c47d5c,false
2fbb640467a8e125,false
1866574ce87014f2,false
2ad72333d8286a65,false
291978fdfd0dfe57,false
14d5b2c454d7c38e,false
0e9c5522e947fa84,true
1238ec49eba78862,false
26f4e687fe42d5db,false
19af176814391543,false
31c81b550c4d258e,false
2931473df253cf10,true
19b94a28fd651695,true
0b8b172e20c4398b,false
2efb16aa2101b16e,false
33011d6bdd90581e,false
07dd70d94f87b026,false
2d32c721fb51c74b,false
1cd904add05a0884,false
2c0b181d1d1292f3,false
275780256667cc7f,false
2959dcd34ffd22a3,false
21f26c468b112505,false
0c20cca2bfe40631,false
01bc26ce4ae5413f,false
2501c15620a9f830,false
0145665f31845ae2,false
22ae441fedca5c77,false
0e5c43511102d66d,false
32aa8db041efde97,false
17b5b55ecd06d8b0,false
07526db07a072954,false
206a6f95e2723457,false
17489abd6eb3e6df,false
0a4536cbf21c843c,false
0c08e48b9a7c4039,false
20654d567177aaf3,true
2624e8cd51b170fd,false
0e3c9936b631e873,false
103bd63a99868fe6,false
300cba219ff72835,false
2f4a539773e8f7f8,false
3185c8dc32ab89f5,false
0d36eea3e33b1152,false
21a3b72bd31bab2f,false
093f778f0c4d74bf,false
2d9d7134ce9b2cae,false
1974f07c230aecf4,false
29a51fc15a7aa9af,false
31cabe9cae0da4ce,false
2802cdce8c846ab3,false
2ec739fe31cd8e11,false
1deb00634407a5a0,false
23052e34e3e4cf12,true
27d8ea0368ceac70,false
2646910149e5b4c7,false
014ec5f8bc0c0857,false
303ebde05eb33211,false
0d5fd24aefcbab94,true
043658f2f749dd33,false
00c3fbdc17e3f260,false
0dd332ae2ee4a186,false
12909fe590686b54,false
24fdbe71acb57d05,false
31f6945a4776e882,false
32c7dae19708c6af,false
17323f3706602fd3,false
0ee06f10a0308cdc,false
09a058d79f03581c,false
27be42ba9334423f,false
2857e50e038ff701,false
2e5f8c9caaab8556,false
1bffd11bb78afebe,false
19b98dbf913366af,false
170280d0d19a5bd5,false
030e218e88e16687,false
1fd93d1bc08ac4d1,false
03131656b2a0bde2,false
0b5957f74cd51e86,false
1d133601e172cf8e,false
1cd5b19efa259caa,false
31438216ec2af0e7,false
238fee9197c6cd69,false
124c5242c37f5403,false
1d0d4c0b8b8913fb,false
130facd7b3de557c,false
12306f0cbb146642,false
12ab8f0ed288ec3c,false
0487d72e366bb4e3,false
2da4323177b750f5,false
2f2ba6be913c0757,false
0ee6ae69a2ef5a1d,true
148241f26705c0d0,false
1a3ca2ec345d337a,false
07d3de7aa0d0aa59,true
04798018d171cde8,false
1b66290f98998e52,false
133b600fc4364fda,false
31f061bbd809757a,false
198c583705c42203,false
2645422c2da38f90,false
10c166383dfd5b62,false
203b0174f0ffb185,false
253c872e0c4844f4,false
05110b8d910e9509,false
1b0c8d3b77dc7e95,false
326b46f2fa4668d8,false
2a7f76b8e28023da,false
1a040f0348fb7010,false
0bd8d78cd83e6679,false
1ce2297e2d576ac1,false
2e67c740c17f6c5a,false
2e68aae9b87cbe6b,false
13ac30edf0d3dc7b,false
06245a555b2bba09,true
18dfe702459c4913,true
1b85a6c31d5e3966,false
03fe365dbe0509c2,false
0df2e9cd2fad5629,false
11c2ead11a3a458f,true
1529fc99db3e5618,false
0920c9cfe7d85ceb,false
03e2e0630316a2d1,false
0255789b5a82a43e,false
0b4cd19368120cbe,true
019419061e289fff,true
00e8b037794c7d9c,false
23766832bf028b9c,false
256d070a28d31b39,false
193352e357a94d69,false
19bbdbcc1e27cabf,true
05397b5b9b6b3ec4,false
01cc3f6c06ea343b,false
2c061486ad2fc0cf,false
27c67345e76f0f16,false
2186d05e5c35fa3a,false
0ef73cb0548c97eb,false
0defe53625c9fcc6,false
24ebffbe6db5dc44,false
0a6eb8a26476cbef,false
1facdd8bdbbe2b06,false
23217cc8ec48289b,false
227915497fcf8f0d,false
037f7255291c5579,false
064b921c6222eca6,false
240c2f9baeff917b,false
32c62a458acef09f,true
2a8a4ad534c4135b,false
157085defbb0b48b,false
098939580befaffc,false
0033a1bb5c4adfe0,false
2d1cbe42a1f3815a,false
13be96390ae67502,false
28912c818ffc7587,true
1ca7e28d8101c579,false
0caad163c5b7e8a6,false
2872e1ffb14b066f,false
271e519bbf20ca64,false
2af32be722fb91ab,false
1d53dac8e1e05c76,false
1e84bb976e6d5652,false
303ba4d3c0ff268c,true
0277638b82d16954,true
101ec992246a4546,false
2d20c4405d429257,false
0f7acf28a4146af5,false
2d865caeb16f9661,false
0a7458d88692f04d,false
0ccfd48e86315d00,false
0f75457579340a14,false
050341061a58b7c7,false
22031a8751241464,false
2b3d7ef16d90cce8,false
10628a90abd11351,false
27f0c852221759e8,false
32ef1da2635a48ef,false
29a0e1f05305b29b,false
0fdf8b9cde64d72c,false
23e5ea7f0516fe72,false
13bf0372591f52c2,false
1781755f62a44d37,false
17ede160bb08c470,false
0214831d13204434,false
27f7463e983fa169,false
014d892625f5fc74,false
29e7cc27e6873152,false
25e2df2c6799e0cb,true
1231e90c846dbcb4,false
156c0a05e7b2c5d9,false
170758fb330f5223,false
10c10a284fe965bf,false
2a9e3c70de95cdca,false
00f8343e9eeb7466,false
29535100d634fe8a,false
22c84135c9fdba24,false
07485e22fa0326f4,true
1a969c43138e3ee5,false
2fad0ef5e6cd807e,false
185a74457b043425,false
1fb07626455f79d2,false
2341d4d7eb586c4d,false
24a56cbf48ea8852,false
1454acb196a5c044,false
159bbb2eebe7405f,false
1e6e99c8339d1cb6,true
0a06f6c6787a308f,false
1793d61cc9cd0cab,false
21c0b6e7c224ec91,false
0ad71be99b5df150,false
009906a1990c3b01,false
0dc9664a2246b1c3,false
16c2051e5c0a417a,false
0b12cc0ea36a4232,false
0ef552ab3227d922,false
32b1b14202b57d16,true
0f5d9d7fa0dd5939,false
2af052f1af7ca291,false
13a3a7791bde9e6f,false
27f24c4fd6a55747,false
2e028277896ebeaf,false
19247b577011cfb2,false
30503421575e3ae6,false
1eb4f1b8c2b171c8,false
2ee86b88549b4d47,false
216e701f3226a016,false
12da20678175ee43,false
03d3acde61f914b4,false
266073219be2646d,true
2538640b55b87387,false
1400204b6e530be8,false
07d719d9a0e6664e,false
02e2c0eb2af90171,false
1bdc28d15180cd53,false
16287cba42040971,false
1144470f36fe5dfc,false
28f293b51da9790a,false
01797a6448f9d6cb,false
1f6b926d13f87cb3,false
2ff9a2159d93cbae,false
0378c4dd0fc8bcc8,false
06a19d1230a8274f,false
3058a27c09c405b6,false
0be3c97b19921218,false
0cb1c1399dd4da31,false
1fb91567901d958b,false
31fef3e39db29229,true
07bdfd4a2dd7e4a0,false
0285d148d4d82a7a,false
0bf5a1a987cacf4f,false
0a988f296effabbd,false
087de977e03009ad,false
2e9d5391ebf3685c,false
024559006ff724e7,false
2aa657334e5a4d32,false
02c431ee5caeac09,false
132645d2fecbcf14,false
0b48f878c364d02f,false
185536a43ef12df0,true
241876af82160139,false
08ba53c70cfb77ae,false
013f87578b7d2ebd,false
3147e14aa668031b,false
0148ae7b9c858767,false
128603bd993c77a0,true
2ed4ff50e7ec07bb,false
1a454cee3164130f,false
18c9c60db73d40e9,false
1574d7eb4b17a222,false
1b07d8bc99b6bc09,false
19a97626bc48e426,false
1e0c2e54d7d03935,true
2387a722968ffc93,true
01e2df751f30ec42,false
021bc44a5066366a,false
231e797f8e85f31a,false
269ea732141a7985,false
2d17529caff45cda,false
2b0ba5cd6d776e11,false
261dab8bfc2c6c1b,false
09183deba94e5c56,false
31920a9bef1fec20,false
1c8b2c18ee8d6533,false
307c9bfd24907b87,false
1ad3347eddebff4c,false
06d4d671c029244f,false
2249506d67cbf174,true
0de27d847f6e3885,true
1704ef4ccf5a1558,false
22115f6166bdef5e,false
267c8d639629ec34,false
23c07d2884ed8fc7,false
1692e7e3d1b77175,false
2b74156f29c5885a,false
1aebf7c8b20c73ad,false
182ebe304279a633,false
0a640bb9e42d94a2,true
0661abd9d2f0c764,false
0b0120b5d8887d0c,false
104f685b9e3a1885,false
1c434bb515af6b00,false
03d40a85df37ef13,false
2378e86c56c93ecc,true
0aba77c009fb6cae,false
2878de71d061928e,false
2b6ccd20f3f56340,false
19e3325d06874da2,false
11e34dcf8c82d0c4,false
328e0d2c32793a98,false
046a955623bae03a,false
127a2665915dc111,true
1d5d5cf0116fe717,false
0ff25ffa7b9bd2e6,false
12a5749e20eed3ae,false
16e3c9fd01734c6b,false
159ffdca25cc750a,false
0602606beef0352b,false
0b662683c6aa1182,true
02f4d436ca9e304e,false
320efcc7b1bc0383,false
23ff6a7dc3c44be4,false
24e99ba98fdc2f9a,false
280f3d49bce23f9c,false
274e9b313af47188,false
07092f3550c24b85,true
23d4fbdd7a6ad6bd,false
03230a68a29ba28b,false
2bd99d9d46bdd26e,false
25e688b68247b256,false
1e2374cb1bf5e8da,false
2ad63f14773f78f8,false
15f808dba76bb4b2,false
2f1cab789397fef6,false
2f51c2a4c86dadfe,false
21119a8d792b0470,false
0ca1064907af0508,false
164bbc0c0725ef89,true
0a8500950c14ae13,false
0298eb6673880794,false
04ef3aa2937d8907,false
010055bfcb39b672,true
24c9411a4a391f21,true
0a8f5ef4b2bc1a6d,false
28472d2b29da8ae3,false
29a7ae0092136fd4,false
327a0a9deb5ae114,false
1d203d82a3ed05ae,false
27302bcb823fef65,false
1755e60bbec7956d,false
095f6bc0c54c7784,true
2a3f90d0a0a19eb4,false
25f0db42918d2a9e,false
0f88db49720cf717,false
2fe4f6f47c20268d,false
03f4155026323aed,true
011199f75e201d34,false
26ab321f1f54bb68,false
17eaeb2035301f33,false
0190effceb8eaa87,false
06c2282d390b593c,false
25396dcd9f7aa720,false
14785824886ce374,false
15ea6605415ec513,true
1ba8c038e1e89e02,false
0ded8440066e5a3d,false
2c3bb1896322858c,false
0e188f7fb45b155b,false
1bcf3243db770ee4,false
0912b6fb0bc6a3c4,false
19be32046a2541cb,false
0e2f2ed128d8ce42,false
163b756f4909a55e,false
0cacc9fb6cec15d5,false
1bf35b95eeb76fd0,false
139ad6b3b9da2a43,false
3109828a7a26f7c7,true
1a9b47081ae06b00,false
1d92e13d62235560,false
069e90097925dfc6,false
03542c21b7378a81,false
1992130fc350ee12,true
2ec3fbc2137a35d0,false
00e8b8c103f0e367,false
0a5c5c92f2e27274,false
01535dc78c304505,false
2dfad07070ae2c88,false
176d58b409060886,false
3224ed3c6b205567,false
062799382234f3b5,false
2ae199359474986d,true
139151a86139aa33,false
15cbca5171ced06d,false
1981dfe766590768,false
1d55bb465f7307b2,false
00b712f7f5f5e9dc,true
2ef4d5753b35c47c,false
1957b67ed89bc945,false
12345191f75f270d,false
236d1ab7b51d7708,false
3321b245e271385c,false
2108eba04f9b58d1,false
0e79cef93ffaddf3,false
2fa2ff64ecc93589,true
14651f011b2c8fcd,true
036509775ac82882,false
1a2477e3dbe1cb40,false
2723771c72c398a0,false
0d8dd54ade69a009,false
229fb6864acc15d0,false
32a85f738cf676d2,false
28d3c5e76a3a1a49,false
2aa09d8d5b77891a,false
12e044d7792e24e4,false
3220fe1e81337806,true
0222fc0735d8d41d,false
1a6dd94dd7ef84d8,false
15b3710f1b34022e,true
0344a95ffdfc36fc,false
2d9adfb4c97216fc,false
0cb26ec705308767,false
10b590d534e708d4,false
1402ad846ab06a85,false
1742be67692e2b48,false
156dd5f73994685a,false
2837c53a18ca8b7c,false
04aae01ea850bb5c,false
22758631145bc37f,false
1075b7a27de84baf,false
0c083c8c4f2b48b2,true
13996779dd1a590a,false
2655a46bf1c6779a,false
02ced67bc8f54449,false
2b875d9208337041,false
099449b4a0e04d21,false
0cfc5e8e2b4d1eb7,false
308aa79a249aac3f,false
1e59830c7eded34c,false
1e7923199889c94a,true
069eae34c2765a53,false
1ab8f79293e9142d,false
21994a55487b41d8,true
160e042edca13a2a,false
058ce854c9f93bbb,false
19719811820312f1,false
0fccf03c2be12291,false
21b2d8532cd00f84,false
0304332eff5ca513,false
0d8b2caaffbfa18a,false
149105c5802c8a61,false
01d7b57902540176,false
14a4da6fce87395f,false
0a6ed7e9ed76a59a,false
17794acbb5660e32,false
18026cefd606373d,false
08ce2c9a4d562cd0,false
09e74df6534eabdd,false
0630d758fe27bc90,false
15b0189179ab9a3e,false
0d2c0faffe5dccf9,false
0d54382c8072976c,false
2111b11a24fb0ea9,false
0f4b94d792456f73,false
06547f254c8c4525,false
2fd32e126fa56d31,false
12e7085e2ea09fec,false
1d56333f9e59efa4,false
297ed5da63998dac,false
0c2791e8d8fa3c7c,false
279f455564d6433e,false
28d319c2e548d5a7,true
207855bbcd890a64,false
2efc3773cfbcd50b,false
18a65838bdc75084,false
1c963b573aaca45d,false
1004d21f6e6f955d,true
10859b09f59b2524,true
089a8d5d7683d6bc,false
1b24a76f61fd853e,false
32916f83f3c05f6f,false
1c8eafda37a618b4,false
174465ff15238ad2,false
08661edde2fd49c7,false
067518c903c35e12,false
06063d4029650447,false
2f7be8f9afa1567d,false
257fecc31d2a7911,false
32199546ca168f5f,false
2df7341b134cf66c,false
0aefcbd1699c2c4c,false
2df51ed196c9c32a,false
0fc1405852b2fcab,false
1c97c1536f2a8f97,false
1da24b6aeef20666,false
10e8f9e53ab2b44e,false
070ee8f842e5e890,false
265b0a433e9c7268,false
186f53dd802ce6af,false
02d798a5b9665147,false
3112eb7b85a5d12c,true
1bae6c0705c8d9ed,true
0c3c1a19868a9ba4,false
2176d342bd3413d9,false
003e16bbb6a37007,false
3269529398a2b462,false
0a9cfc157c744946,false
01c4789fa8467293,false
20678126d944635b,false
124c487614022717,true
1a8d8fb4bfd665ed,false
21efb0d3d22e5ee3,false
1850abf8c1b83338,false
2069ffff5dc1b490,false
17095970f35dad44,true
22c435924f4157c3,false
2b67716914539900,false
25d29635035aef7a,false
15eae6b550b80de5,false
2888232feebf75d8,false
13b46acfdb7fe625,false
0955c014c868c583,false
0f945fc4d7cd17f4,false
0f18747793ca51cf,false
1ecb2a7c983f4bbf,false
124e9587113eb89e,false
2b67f4392090009e,false
213de629dde9b0a2,false
03ecdc416d45c0e0,false
04da75825b4336dc,true
0355be8e20d5d34f,false
3264324ab1a48c3e,false
29bade956304e1b6,false
29f5ed70b7677d3a,true
0e07eebedc10f8e1,false
24d59e3ae17a4346,false
12acad8daac65de6,false
024213f008152243,false
270021851eb736eb,false
1978ae7cbc547425,false
2d7cfb5a2522dc4d,false
0c45deb8270fe2ab,false
01f7efd30ed78f92,false
30fc454321d1e481,true
1f77904148b297d9,false
25384360149ea1fa,false
22f0b34280e5a474,false
108027a550dbd3a7,false
1aadcb6245628e5a,false
119573657c2f40a0,false
0c8b8e1644f6195e,false
0be6c343ba3e61ba,false
020cdd4cd20d1b9d,false
230aedb0316be902,false
1e1f0522eff8a08a,false
086bbd6487910701,false
16bcffe6eecacd41,false
15f1dee4c54c3c95,false
21d093b02ff198f1,false
12fb132f2842e237,false
112e8fffefb1b4a5,false
2f0a905468dbb84c,false
0e27f959619c9ebb,false
1d1b4560985732af,false
3275026ccafb6841,true
29c069576e762f3e,false
2ce33ad7075bfe2a,false
066e0df09fae506e,false
0d0ce4185daa4797,false
26fa19e467e64197,true
0f3722c1e4d5240b,false
31667c8ef00239b0,false
0bd2d52ac1981d86,true
0bf8ecb0428e0ca9,false
2dbb5b87dd0eecd6,false
2966959efb3a5f39,false
2a87cc92d3cdfbd8,false
1ae3898f1aac87e3,false
21dc05925d04f89b,false
32fdc99c8bfedf20,false
1453f958fe2aedda,false
2f62752d828be025,false
25f0cfccadd3f20d,false
152dfe15003e99ee,true
23f435a94b151671,false
2d1d3d4cc29e73ad,false
2bc4618b266c92f3,false
05afd454f2fc15b6,true
07ae63a82740ba20,false
1a673dd0ec0f0a1a,false
02759e473c24cd1b,false
0f5efb204c05c673,false
2bbcb5a383544fb7,false
19b063f8287d264f,false
2ecb1a97ab4cf542,false
024f2aa0b64a2e90,false
11981750fa78a829,false
04407c83ea455b30,false
084bed4269ee2754,false
210ee088c5c9fc72,false
2b1a3970227e95b2,false
2634e8dc76d1df5c,false
21e15f247b860979,false
0804eca96d095d62,false
027d928457efe553,false
1a7bbc483481e84c,false
25337ca7027fe5cc,false
2498ac31a5a8246a,false
32b6e3d09a96aaf2,false
26eac5346e46360c,false
250270db9b9751b3,false
319c857324fe5ef1,false
22a2365825ee3132,false
11237b0814504b07,true
103b87d1f62b281b,false
2f4d3df9c87e34c8,false
10d60a207422e730,false
2f79090d5c04c1ee,false
12cf6fa5605f2c63,false
1d844f776540de14,false
2f8e81cb9f46f6d1,false
0f72d8a5a941a5a1,false
0b1500b1b70f96d4,false
03bb3948323b6a20,false
1f2cdb34a017c7a5,false
3303341218c4849b,false
089ebd4490586066,false
1d534437694e9b85,false
321725934f195524,true
1aab02175b8d6e60,false
130be74f9a566e59,false
1fbce93f322e26b9,false
20365222b920f737,false
0aed7e1a994429a1,false
04f37c4f9647ad84,false
213b2dc3fcc2ce24,false
2fd64d9df615b4a2,false
01083a148d9144f8,true
2dd093fd3cc06e7e,false
071fff86e853ca8c,false
1bd71c97af7d1980,true
19b45593d24e6b71,false
0004ec1ec842cdee,false
1e7f6324165fbab4,false
190de94fed066745,false
012c46a30fd29b70,false
27714a96de3ccd41,false
0282477392f604f5,false
312eefa41103c0d8,true
057b2392f7a695b1,false
1602d673a443001e,false
25bede23ab23ecff,false
21d5afc5996dec6e,false
00a189e480fe442f,false
0581d260d0969fff,false
1665e3720cf477c2,true
2f4c4600dad67d5d,false
1f0c27d4a76167b6,false
28d19f996364e908,false
16680c2356491a6f,false
1b1c86fbf340ef24,false
11a7bad057360dff,false
1357c28d77b78fa4,false
0b89d35b3ef9fdd2,false
199839802c618669,false
166305cb2fa07c89,false
2cb9738236a2a73c,false
0bd793c86925575a,false
2c9d2eb558570cac,false
1034e1e3c41f4582,false
25422dd49b1bdb97,false
03b91e807b463ff6,false
3322c2e0ab1cd819,true
1974dab5691af50c,false
204fbe55879afb57,false
24931996c343dd3e,false
295db35cf8505c8d,false
0f2dbbd73cc6acd2,false
1398110fa71d5995,false
30efaced8d8e8147,false
07bced2cadb3f9a1,true
1475bc14f8f1e58c,false
2acf7594f4ae5845,false
142b9d6bbc58ae95,false
192f060b9448ec80,false
2059e74d245c2e05,false
1a2e7a11b4774558,false
09878875931ff013,false
2b24efec6a48e8f2,false
2e1a7fec82e1f0d8,false
22ef921f4c02ff41,true
17db63dd2f840e35,false
299c2dd64ccd0ab8,true
2f9ae11dc01004ea,false
180dfd4a8bce4c2c,true
08f4fe160e0f81f4,false
2541390795a94ded,true
20bdb1f377e80b60,false
0337fc6d54602860,false
0220451f104aba7b,false
28a571ac80869d08,false
25ebb1b749d4d710,false
07f7ed4102749d98,false
000787e7b4001c44,false
0f82bea363d90164,false
01ff167ac1223a0f,false
009f99a3bf48ad63,false
325af4ee58f93049,false
185615e9d8feb6dc,false
13aec08534bcb0dc,false
2129c4f2da1f114a,false
02a28af263f238bd,false
096c633a91359875,false
21173215e5eca3e9,false
1838a55d33db3904,true
28f3ac0cbb87cf16,false
258e2fdc6aafa1bb,false
3259c5538b9fdd36,false
22aade1002d8890d,false
03b4f9d6b81f53a4,false
29ddd34a4c39e503,false
025bbb97bf26a2fe,true
208d00ddefe52f6c,false
00a5d66b7a1d5eab,false
27430a677c60023e,true
22036b94ca7c764d,false
331b12c35528422e,false
0a6f942de98ab6b7,false
0d958cf475bca653,false
281561dee6159cd6,false
239295a526d5ccc2,true
1bd7b02a84028dde,false
1767bdbf0e45ffcd,false
1cf72cc85db082cf,false
2489de4b6d11926d,false
2c840b49afa2aa6c,false
067413679d01d42c,false
27573a99cdc322b0,false
2f73b639a994de50,false
30d9c0267e5910c2,false
271a970e60b296ee,false
1d1b60b1e20b60c7,false
1768c0208cdfab5a,true
1e427f89f9cdd15e,false
2591f8a118142cec,false
2d0018c03e747dd3,false
059b057a9e4dd1be,false
026e922d98435a29,false
2a9a123fb1701d6d,false
1ffe134259317477,false
269031fb80063bb7,true
1234198c250fcae3,false
0ee9f2b6211eee19,false
0af55c9c445bed35,false
06a7edda45851e90,false
1ad153e23723056c,false
238626a6903d797f,false
12bd7c988dbdc4e9,false
00266586ff44e0c3,false
17b712064f2ef582,false
09640d77f9086c96,true
1fc80079cf3c6f0a,false
019726f2ffb6481f,false
22ce4d88c7325400,false
3081bd17d580e1a7,false
1999938a49ae24f8,false
102f2577c52973d5,false
145653283d425537,false
32b9d7bc55a1a21e,false
02eb10496f6afcbd,false
0ad565e8ce15ed32,false
170ada4773c06ce4,false
0228c9c2dd9c6553,false
08934fc371a82baf,false
22640dae54f28c0a,false
25613ce427e0c061,false
0a8dea3a4bb660bd,false
1ed41ba2af40dccc,false
26455337ef45c1f5,false
2eecd23841f2fd56,true
26c2fff4ee780012,false
15d5c52124e6be30,false
12906d487cbe4183,true
11f020c094b656b2,false
10ef34000515039c,true
0619a3df03bedca3,false
0f5606806c0921b3,false
21f3eb61b7c27bd4,false
301db20ee821d86f,false
0ac08257ffe69507,false
1dfe9c88f116c5bb,false
0c276c8c7747ed55,false
30258cdb8935257f,false
06a4a1fe2e3ce3da,false
00f45c866adfe8e7,false
065dc8187155ecbd,false
122c5a71777cc245,false
0aa3790ba8b2a10c,false
30e282b95199676f,false
1a3247eee822888f,false
0b519c770ad1489a,false
32e62a8357805b53,false
120d1f43c2f1754a,false
0277c0699a1557e3,false
2288a020e297d8e0,false
0e8a7903dcb81f44,true
04aff840ee6ac98f,false
184defc1282b7c89,false
1b1eb9fcafb55e70,false
1ec318a4de9149db,false
2eeb31f0ff450c6f,false
12b09dc18fc97749,false
0b820a12b504d67e,false
28325f27619f9e37,true
25db52a1d1476d43,false
243b3d2ff0e85542,false
06dfa97c1dc335b6,false
0ca3b7dfdae02c40,false
28902f6c1342191c,true
15d83193754cd551,false
2e73dd0639a4fbf1,false
27a929057d339070,true
21e7ec0e11ee9b5a,false
2e4e525d3d61a6c9,false
2e441e68b31bb759,false
1ed93f5ef9ec7e35,false
0ad72c524ab41516,false
23216db89febaf33,false
00872b3253ff289b,false
29bad2240d42979c,false
31fdb7eae923b814,false
12d5ad257b2d6785,false
2c48a0e8421785cc,false
06cec59d2b29afee,false
094206da68499051,false
003d65e91b111585,false
2287411a8b9f839d,true
26697908fdbd8ef9,false
317986426ca3c965,false
2fcc2c9cec34e6a1,false
05b8980fce7b2052,false
110eaf9c69857793,true
25260aee15343ef1,false
19219300230d55c0,false
155285ebe1f35912,false
06f614d6d330a8c4,false
016a1362093fca82,true
26e9496d6177f9c2,false
058257f94839ebd6,false
200d2e2a0fede680,false
28052e4a2bae6280,false
03e982a0d61a4322,false
0ccbba7f62a17592,false
0ca4f85395fa1172,false
0e237c0cf915e923,false
1fb463c7862bfa2d,false
06c63f17ee159354,true
31e50bb4bed8c7db,false
1a8bd97b27aaa532,false
186a4b25eec0ad19,false
19bbda9366207525,false
30d3331ab0836e69,true
05f0f9dcaa970f67,false
10916c916556fc29,false
263d13140d2ecc00,false
0a0f2190c0cdec96,false
1c20e5dcdfe2496c,false
28d667d37ee32687,false
1dd26e0ede753442,false
147f2878264cccc1,false
26f6addbdae2e246,true
29a1546281599e1f,false
1f295d47c626032b,false
2692634c68dc6cc3,false
178a43bdc30f3d1a,false
19e632bbff2b4828,false
1caa749268802c3d,false
0e7437889220384e,false
1eea964b46dc24de,false
1644d7881969fa32,false
1e1a36eb9ea0386c,false
31be0418c7cc0b49,false
21b50bc5dcad6270,false
1ddf692681c391c1,false
2e4c8ba2cdd904c8,false
22f26ac2e8e51bbf,false
11a77cbc57debcb0,false
2555d50cb7510320,false
23f7a22e8009828d,false
1d61c02fa5524081,true
1d8ac47a12a28e19,false
1c2044bd738efc90,false
2a3f2c46e011812b,false
111f2630326604ca,false
21f940d18bc207b4,false
0b04d418034af5ed,false
114a8a5547ba2cd4,false
164fd18694eddfab,false
2f9456cb14701599,false
111e792017d7603a,false
1471d5da06b8af30,false
0262e29970070436,false
25064d11de48cdd4,false
2b30319d36f917d2,false
0dd091609e25f05a,false
31ac51d93ca8bb0e,false
2d585e963aa38bdf,false
19489b845a121b7a,false
1b9ecf65c445efe4,false
11889f7a40f41046,true
2fecf34b523f9fcc,false
1da6f7fdb605e67b,false
1792c4ebf285d4b0,false
2fef934591ed0d6a,false
0797c2ab6378224a,false
28d69ea5a360b388,false
1b00656d414eab38,false
28c78e52e97eaabf,false
232b3384015b3218,true
178dad174f2a0d07,false
0003925d48ee7819,false
0759d7b411f8b7c5,false
01607432c07b3f96,false
091c3046b21c88be,true
098b0aa8529dce1a,true
2332e8296f2c5e49,false
0e9fe95dfa1d471c,false
2dc10416285ce9fc,false
1186537187d4e7eb,false
309746f32d6ee286,false
04792e24a43dfce3,false
22b84b4da6670569,false
1aabb65b98b4b8d1,false
0bc3b7cfa33a4f21,false
00ce4d36e72ec4a0,false
0e093fdaab0d2e5a,false
306938db9bce806c,false
0dc562665e991a2f,false
08f757440fc8a291,false
14124618b3151335,false
0fe21fd7e27ef41b,false
2c4ff691dbde80a1,false
197e718c44c271aa,false
2b23aed7ddad8384,true
3134e9d15818336c,false
057521f8d77e4d92,true
26ade48db169b523,false
2271dfb4b161e043,false
30b02c8496ef5df7,false
0c7a71d768a68463,false
174b00c22ab0e325,false
081272ce995cc5cd,false
13c31f1b78b36270,false
02a5b717ae995b2a,false
321940c3f8148936,false
2c1a408f3ada633c,false
1dbc9b6f147b380d,false
279475d3e2bfc086,false
14a379c9926aeb71,false
291ad02bb4615934,false
0ad06d79555a92e4,false
086306e3ee6a4ad0,false
1eba9cbbaa2d14f1,false
0076c68f774565a5,false
137a64c9bea7c204,false
0020a9bfda0d718e,false
1cee6099803a4b9f,false
0fb991d77a52fa3e,false
06243f3eba4a06ef,false
177dc8281198ab57,false
05f447799db63bbb,false
30bb0e9d0fc4d49d,false
2edff353ba02ec7d,false
00e23ecd1e3831d8,false
27d79319004b88b4,true
025787f641af029f,false
2860b59969e8263b,false
13bcc552b1e11b69,false
0ebbd66b07a868d8,true
14711c2bbd16b9de,true
306a93058aa662cf,false
1a7fdccece058621,false
126726494a39651d,true
31c8d4891bab9945,false
284fc6d8595d3aa9,true
31949865bb029946,false
0999848590f90d3b,false
137e68d3d241cc68,false
1da76e14b2669685,false
0b5f3a1875f0d6ed,false
04a289b99f1f4a8e,false
217b8e60b6e47eac,false
190b54dce31cb769,false
18762a3a1e25c457,false
202334d79d1bbab4,false
25a8abcf2d2abd16,false
233599dd2f2747d3,false
10d170be8786c325,false
239f10bd29c4ec86,false
2ac30c09544b2b3c,false
29f276ff74717a02,false
1c91860eae03bf7d,false
0ebaf1662542f0e2,true
1325475ec664bd4f,false
2cdabfb4d4832eb5,false
0677d368792f8da5,false
042b0fe3eaedfd06,false
1b0a8a7fad8df437,false
23eb0c37306ff166,false
20e955559ab0dc49,false
2248561858a1825d,false
0482d4f3b5cc1386,false
156843a328067de8,false
03d215e43c83585d,false
20b89bd479f5938d,true
29fc8d629cfbb005,false
22accc79a40c0a00,false
13536e652e2b8adb,false
2f4ab59616afcab3,false
0f18c006a27d8252,false
1791e23315690bc2,false
20f2364286b641f8,false
14bb2ca0516ab550,false
01875f071b293f6d,false
2c2a73c127a90d68,true
2db4d913084bfb14,false
319f06d70712e045,false
2c88711197f6742b,false
16931f311e540bd3,false
0b33d1a83521cad3,false
26201a907cf3f3ad,false
25651d7364fefb8d,false
0fa8f451ca884ccc,false
02300e05a0c4614e,false
2cc901abf97f4f49,false
271ed43b1fb891ff,false
1ab39b7f95a2d113,false
2e596e9673b6cd00,false
1a691235f07a00b1,false
063c3f4da39e4445,false
05b4e9dc6815ebc4,false
313e314d2d810e04,false
0bf9268b0a9e3b7a,true
0f48c11f1e4deea2,true
1499bb8a5d52c648,false
047d6e6c1e3debe1,false
0579146daea90b95,true
218da012013bdc6c,false
157fff89c2cf7e6b,false
2912a748d40547b5,false
0fbe56b5510628b5,false
08a04d1bea910d3a,false
06972be93d2ab0d0,true
22d3df60c9ba3cdf,false
279ae642f67602b7,false
1d3002b20dc45390,false
0a2aed632de10e92,false
2e9c9402cc041bbe,false
02106c0aa3129037,false
08e2c4add438cb35,false
1013c26d7d79cad2,false
035ef42c4fd30f09,false
324881e16e3567df,false
19842e2cf9e4c144,false
1276cc127dd692a4,false
2143170c37ea363e,false
09b702a65240f5e6,false
2d256d4f607341c8,false
059db1844b39b4b7,false
0c5e54699a0ab533,false
1ad2b42abb9c3627,false
0d135d523e620ae2,false
05ad91646260deb8,false
32167e334eec3ecd,false
23bb35fa671af4b5,true
1800560bdc91bf3f,false
29f8f0897552998d,false
2636d413a8559f64,false
2c5f12ed033f759a,true
2d113b6ac5107841,false
10699292df1bff9a,false
13f225eff9f5a207,false
270050f39a415212,false
1e9b68f633d1dfae,false
05eb06f470de623b,false
11c816ec118817bd,false
20ea4ef2357283fa,false
154a927d01fc5795,false
14f153e2f2de1c85,false
2836a2e297897eca,false
0c0e1cd4a65dc1d4,false
1ba4e40cde882857,false
2e40ffe39136d174,false
1de3125d4f52696a,false
16622dd62c927494,false
2edb0550a93cea6a,false
28d5f7bbbffe2acf,false
073565e04aa7426d,false
28908c6d6caadb4a,false
011d158c557a2b95,true
09e05b8c43fb2175,false
178062565149a32b,false
0f0eae14e3bcd657,false
2689b99fd4184eb2,false
0555a08cc70c32da,false
1d8312f5e234bba5,false
272191d1b71f3878,true
27c28d74ea0d1ac8,false
1a3d8e022d33a3d4,false
20e5e2d82fd0fd09,false
13bd8377e5c51292,true
27ece3a03a5d3445,true
203c171479ee26fe,false
022ea84766a1fd3c,false
21ae9f5c8f169219,false
16627add109361cf,true
263373f2ac107336,true
1332bc7ca2d98dbc,false
276188863e364107,false
1abe9894bfedf4fe,true
192b3af04f43ad67,false
0dc907431c355cc3,true
1350b51534584e5a,false
2f8ac8bb6e0fd43d,false
16ce7f210877ab70,false
0fa87008c784434f,false
177e76b7520f43d7,false
055d6e86a92dde5c,false
009007e4d3573396,false
0eafabe6b73610c6,false
2c4073baaf2056fe,false
1be0aebc7831c7c3,false
0748831f6e137ad6,false
0b6f8c4be9630e2f,false
0e71d4c6e100377a,false
0c917878dab3948d,false
047c3d69d3b359cb,false
03705630dce85905,false
1534a129694c3380,false
2cbe7512b8d567a8,false
270505f912f62fa6,false
06b6fe6777926d29,false
2ee0c490fd69c549,false
01f75d51a107a0dd,false
1fb35410afb2ee34,false
2e798379389c3f27,false
0a2dc9ef3205f6c5,false
189b40141614056b,false
035cf78202788f1b,true
0203eeb988e8eb7e,false
035ecfa877fb0c56,false
04076173f0df5ab5,false
315b63392c770f4a,false
1e1aa2ca763c02cb,false
195c6fe60222618a,false
19a3cd6778678f14,false
2bf029cabe9a2c80,false
29eaf23cb85f3cfc,false
1bc4e7224a0481ee,false
239ea284e48394b7,false
0d26732222030dea,false
15bea184b2106d37,false
2c513e3cd4e6fcee,false
1295348f63d99010,false
2dbbed505513cdf2,false
097dda85b7a78862,true
1da56ed9138b8a3f,false
3112d3746773de8c,false
010ca7cafbde22c7,false
31e8af0de955106d,true
07dce67e5e5ac0d4,false
12afc7ad7358eb22,false
07f7c7af3e2af5e2,false
278758db7f1eee22,false
306643bf928c12c2,false
212f47046c2c312f,false
25db2d3194801abe,false
0b53bbdc607d49c9,false
00b53d048bc55c22,false
15e8f92d5154937f,false
28fa7f851c138917,false
25f325cd86de16e4,false
170a592ea6802088,true
1866aed0d86abf5d,false
13c2a5b9e7dcfcc0,false
00b925d0eec62031,false
22d62a8de192399d,false
1651e2c4f32468d7,false
0b6630ba70911930,false
2d760b21c34fe180,false
0a6d23d92945d36d,false
001e5766964d0ff0,false
1600236521abf37f,false
0a650c9cdcb0f07c,false
181f6a366e3dd210,false
0930bc3bd8d5a2c6,false
120e70a61f53f138,false
224284cce8913a20,false
234e14ed609a75be,false
2abc6fb859b5518b,false
08df263f4e0992ba,false
045e09db52364203,true
2180205410dd247f,false
1269b43e104fe059,false
0266f00208439ed6,true
124fbdca73b38202,false
32e0c91ecd4bc936,false
1ec5eb5ec69c098d,true
26d923a9630ebda8,true
0e1574bafb8a49bd,false
1ef8388d3058376c,false
200f51b07fcc4493,false
19eeecff64f8bc55,false
23895b0ef1e79b4f,false
1297f7e9813e5bde,false
031cdf540ab863d0,false
0e1a8d17ba8f9c52,false
0487c3036c60cb4d,false
012946af62ec16dd,false
1f12e8e5ae381551,true
1ebeb4cac065cfc0,true
2578283c3db3b776,false
080901fc82b3a752,false
062c756ad379f9c5,false
1d29ea777790159f,false
26c1f7f7746871fe,false
213c534e093ad4fc,false
2c9548316db87009,false
2f1845d87f8e0688,true
19e6095c8fe171d1,false
2efb3f3c12afb766,false
323092c31679b311,false
10d0a7c9deea7929,false
062fdc2e45276692,false
0aa962568978560d,false
29a5e7479cea59ca,false
03fe8937071ef564,false
24707ff0633e46f5,false
119dc9fc2ac99523,true
25c105cf4afccd5f,false
11d392fa404eea0e,false
31a52344f350e1b4,false
1e57ce88799faf9b,false
21c89823f8a69372,false
0927aa1342e31335,false
2a7e94d9b2751aa6,true
2fc51b031ae5f602,true
0be3c341a8663788,false
0e3dc90c4672ef0d,false
1e41aeb14d2c6394,false
1cd7fe9c4615c72a,false
2e8b5100054aea7e,false
2de7070a85e8ab50,false
15703dd38c9354d4,false
1a2b248370b0259f,true
1cec003cacaa3492,false
005fc40d0cfb2b54,false
0ba1810886c55dad,false
05bbdaf667868a05,true
0c8c6ac7988b0a7f,false
1f0428f0539b8773,false
246795235cf4eae1,false
1767fd993ce9c99f,false
0a15592c1a424b97,false
2299202076b2502d,false
15decbf196880dad,false
0fdd626a2bec4673,false
064610b000631157,true
238cce8e69fdeaf1,false
1eb36a31e816528b,false
320c572bbc39bdd0,false
00f5e1f3b59997e6,false
262958b9eb188161,true
0720605b75d974dd,false
1a5040215ec196db,false
2874d354a7c21c75,false
32734279485a1298,false
1ed190ac663c816e,false
047381a53af96707,false
14425fb2aba9ac09,false
26518f02bbdc88d8,false
20e1abc0a720fc4d,false
2db4ef3f51a76886,false
3279287a5084c0bd,false
2f1f71188a6e6ab8,false
0f558a3379ba6cfa,false
1412da137bad24b9,false
176049cca035b637,false
0b5f54fa59d99187,false
1adc3f1e9e64e8a9,false
04e96f87aa142bca,false
295ca45ef96fb789,false
2b5eb9b5a8924d50,false
1028de3cc64f4c71,false
0a3429ea96bcdba0,false
117c8c096c33537f,true
01357b2414654b73,false
25d923263f477f37,false
298de47f8aa4da0c,false
123f811e94020cc1,false
1dc5600178096575,false
02e726b9504c1356,false
1edf822bf4de8714,false
05f8b66d7995b09c,false
2edd2e36c71c6181,false
1222d5c5538f17ae,false
2f7fc514d4a125a4,false
0236096682cf1703,false
0f0bdb49770e261c,false
08ace71bad31f4d7,true
17ee6f72269a5b8a,false
0721af2019e0066b,false
0e7bf8707e880ffb,false
1a299595c87e7f38,false
1694e94cc1a3beb2,false
3053067339c8d9ca,false
0fb608e425be1312,false
1c74ea1fb2adb2a3,false
0e1d05181bdeb876,false
128ea558b371f5e9,false
1944a5d008c6484e,false
1f3e783009275f9e,false
00df90601726f4da,false
1685bf0cd36ebbac,true
004369c7f61ede88,false
2b2f90786458ef24,false
1123746b9e6a8cd2,false
0fac7334dfd9b983,false
1c9eee61cd82f84c,false
0e1e9e7ce8eef366,true
1ef970a319251c0b,false
29ed4fb256d28484,false
24b3acc866e5f97f,false
2f3a26eff3388ead,false
1801e249290018ee,false
292ca322efc16ea5,false
02b003c9258857cc,false
17a10302e11f233d,false
31ff189bd4061ea8,false
29e315d0f71f2777,false
2981639bce63b92f,false
03ec799d3264db4b,true
00e92a6f0f87ff0a,false
1fea0067f9125342,false
1ac1eaae7d3ba5b4,false
0c51a15c6a001155,false
0abfeddfe96db078,false
24227ba89196b85d,false
05e671c475408838,false
3014417b05b5f45b,false
2daaa15ea3b15d74,false
219434a0661f9ec3,false
2a161af8702f1d05,false
003bc830a552f679,false
3289db3c0f0f67eb,true
0b210e9937724e2b,false
1da3771f18340eef,false
15bd74fdc4f10ee8,false
113dac0e50ebcaa6,false
1e5c5cc98c28d89a,false
0c1511f63abbb546,false
040c47f06ce74e12,false
0b6ffb0e95e3e906,true
23d46786d345f811,true
050c7d4ce371c196,false
28e819acaa3ae977,false
129fa8bebc0f2445,false
0e228d1c51013e9b,false
2795f26e5ef1bfe8,false
323cccd715eba04b,false
2480066ec7a6acb0,true
31c5d1247fdbd592,false
11d642ba2617ccbd,true
1edb3711d4dbfb40,false
09a7ea8fc092bac0,false
29a9eca2fa9f6e7f,false
23aec6a2eb18bd7d,true
0a07bf992e2c3f32,true
2f99713eed8b52b0,false
11c89ea8440df20f,false
1f25724cb9598c29,false
144617507f688b9f,false
1d78931478fb6671,false
110f294c8d357473,false
31341f1f8dfa5771,false
2173ac187aeed57a,false
243ba712b3d33a05,false
0c8d1f1b55d3179e,true
1641ebacb946aa6b,true
2fc7c8115b60fc4f,false
26b3f6cd0e6db6ac,false
17e2a79f03617028,false
254facefb098115e,false
286c52ff22838e65,false
18155a8aced967e6,false
2b28ec6d32f52da8,false
1eb96db320ca8afd,false
090ecf0ba8021c5e,false
28384b8d97122bf1,false
2594b0057e1870ee,false
24d6398343e4f803,false
0e53a494c2ab20c1,false
28462a5c16f220b4,false
05d84f8dc19867fa,false
14d6f3920096e13f,false
0c64157e32adf4e7,true
289378e253aba776,true
31631983cec85130,false
0d0caceaa8119f08,false
1b07cf153916bd64,true
16f3345eeb105ebf,false
13d14cc04ae97f90,false
1ba5ef21c60df4f5,false
2cf6587469bbae3d,false
151a63f3fdc68742,false
279cbf0743084273,false
323ed1fe6b782b23,false
07c3c2e8bc180f2b,false
1d09fbd10a347bd0,false
04cd9c776c85603b,true
0911897e1fffbe4b,false
00a5a940f82a56b2,false
24bc29dbc64eafec,false
313c73587778bf30,false
0a30ed10f8f174e1,false
03d8b7d9ab744116,false
24914e9f32cbe70d,false
103fff922afbdac7,false
2a88fedcedc829e4,false
1c5aded1ade1cfff,true
018ef812d70b6043,false
2045e584cbeb546c,false
0aeca4cfaca60447,false
248907957cc8fe48,false
126fcd78d85bb736,false
3288d41e4eaa4427,false
05ce82f7f5c8ae66,false
22fc236ed1185094,false
0a544e9a04ddcd6d,false
272850b530c5b8b9,false
14ac86a1956c9332,false
1539358a6ebc3748,false
2a614b7532f420bb,false
1c24c882b39b5396,false
2afcd79f0286820a,false
26898aaeead2631e,false
106d4a9f01c13802,false
17c79699ed8dc6ea,true
21d4734360824d71,true
16a6ef02a3476043,false
2411fb17acc33d00,false
3311c96741ff4c03,false
0b489d64b53f88c6,false
02ec496357b5a8e4,false
22fd9e7804b669b8,false
0a6747082a7c251a,false
28f36bb5f14e447e,false
1c6101ad90cdde7a,false
256d9693923582a7,false
28e62dda593be5d9,false
2b294d99a8057f0a,false
08b806b245320d9c,false
2a99d60bdb4c3223,false
1e131628e8bba3aa,false
0f310f81b6be0fc7,false
0970b00384b1c7ea,false
1b1e07ac876de104,false
2a0b123fb92107e9,false
178273d923510b33,false
0510e6a12773f4d3,false
0b05240083bf374b,false
262ee94814b2fa40,false
14e3140fa674fcbe,false
10c8a84532279a64,false
0215870bf44d9c8e,false
24d39f13725317cb,false
2ba602897877b656,false
1dc2b09f26b83f71,false
0f68f2deb5c97aae,false
1eb6e75215fc0315,false
00a272fa86474c46,false
0d62a449cb1347b5,false
22c9661d076386ad,true
17cc47bb074351e4,false
22baa30d70fd6a15,false
0e63460ca87ae564,false
0a985c99cb9cb33f,true
08f98eed7f7b10b4,false
18acff48d71bea8e,false
0ac48b9918826db3,false
2e15a0332733e6c1,false
23a1af4a08af8337,false
12116a909dd636c7,true
17304ab3f8af25b1,false
20f737105fd4700e,false
12d3fec94b593798,false
094a87d218e5c92e,false
3218c7588ff2d37f,false
0e1e311237830983,false
0c7e67c5a1284da9,false
0fb68f1c27a7c6a7,false
1e5a398cef5628d1,true
1a6a7b88dd4967f3,false
0a3f2832afc52fdb,false
07d01f626b544279,false
2d4c82411ec150f2,false
1a4d2b3414aa105d,false
20220c3bd43f4a08,false
125c745d5d110025,false
0417d701a51e3289,false
004e8b2152461767,false
0e6c6fca4435ea54,false
08f1d6edb39f860b,false
0d5fed3d2f5e4e6f,false
31fc52b5a339ae58,false
109e9bffdf2a7e99,false
15d96d68fcee3b29,false
20f98f7a886a555f,false
10c3ca700e4bec26,false
16a5bc37ec14d834,true
05e4397edcd0b84f,false
1276181690548f61,true
13076d3c00026fdb,false
1ff736c83e3408e7,false
12e6dfeb29e71b6b,false
2335cf4d01ba5db8,false
05592128661314e2,false
04aa6f3f7df0abd0,false
31086ba44fec64f7,false
15b801627626b379,false
29c68ee8cd0b2987,false
16a970263aa9ff70,false
2c65238306dd916b,false
270b3104e165797e,false
109dfbf332c4cc17,false
2da444c18e340db0,false
0f648f7d5f6ee0ea,false
1dcce21f473a29e4,false
00ef90e48b39d74a,false
18f02377b6d5f7c1,false
268e436966a8a3b3,false
18d7bd83c002b6cf,false
1fc6adf95984f7f3,false
22d5c7a0c8d361fc,false
22fd21e730ef673b,false
31e3fe442b279b2d,false
24a1fbcf1bb0303b,false
251c873f707d136f,false
293f426dfc0067c3,false
1d75a5c84b76f5d7,false
3270e4833d8d9ea9,false
14c5e73bf422cce3,false
1001d5775fd7e9e3,true
171d2b487a90e7a1,false
3210051d25412890,true
01b8118f4d1e7d26,true
05b80df0d3c6cedd,true
206dc9d00d24f727,true
3024fe06f230705b,false
009c412f057043c6,false
0b1545cb7caa1c23,false
07c2e3ea60943fb7,false
0ad13b384b1d91d7,true
03322e5f2e090425,false
148e90654dac18c7,false
09b209d619d7e37e,false
11052751f00bd607,false
242189a9fb9abd72,false
16c1d80a52805bdd,true
1311559a2d04479c,false
23135b8fbb87dd0e,false
2e60f4086e76368f,true
07068d38126e857c,false
0319784aeef2b5c3,false
0585923f71b42889,false
3240412ff68a30e7,false
124a2dcbfa1b0adb,false
081029f736a6eab2,false
29fcfbdfc377d39f,false
1136321996af2069,false
0eefbca8c362fddb,true
15f2fe2989206a1b,false
05d1d9c6ddb4636f,false
26511b464d80cf89,false
26e3414440c86263,false
25d084e3396640ca,false
2ae39a0de0a0fbf4,false
28d8203541d2fdae,false
16ea88b687512ac4,true
2d7a36a4c1bc89d7,false
16c44b07535f20eb,false
2d4a6c9d4dbdb731,false
2cccc07489e4871f,false
306e6e42fd6c1ed5,false
2ec6568793eb6ba2,true
2cbd768121eae8ab,false
06ff23a4fab09c48,false
14e86f664436627a,false
30bedf0e4914e70b,false
0dd5905e8f2e2cfb,false
1bdfd8e58b8645d5,false
0fb87bf13fd62aa7,false
2863be5d82e1adc1,false
11c0b8ce9cc59f4e,false
19f888e69da12b54,false
306cc1ae9a1106a9,true
152f3ea92a868470,true
2296cf3a950893dd,true
0d841006bbb74e39,true
262fe28334cebe99,false
1b9809993e6484e3,false
0197361403653e28,false
0b17017bb1cc7a87,false
0df05cc45afd4d48,false
2eb0421b05fa4ebd,false
2e6ea0d7f7b7cb69,false
2c938f9472e396be,false
1d8d7afdfce345e7,false
192cc6de61a4f74d,false
25bd0bd0646c3483,false
102e13d16dbb260b,false
2fc0dc0d02bb314b,true
078f98e1f8d60561,false
22a671b090989baf,false
1c8371b0c3b501de,true
1a7eb5d7dc053b1d,false
1e68cba7d66a7cd7,true
24b8065db220c4fa,false
11e3070fc56465ca,false
12ed464556962146,false
31666e07fbe08ab5,false
1c9041c13c613bfb,false
2e3d8026263dfdef,false
2bb1ec79c04d6a9e,false
0a87f5f129e92c69,false
3270a3f0a82f9e77,false
1eafe5ea1654eba3,false
110585774d9b8420,false
18c223c8473b1902,true
0d61a9967997a76b,false
0e393f69f8cfbfc9,false
32ff7cdcc99768f4,false
2e310e31eeb72b35,false
275e519e1599fa95,false
1de123174ebf876c,false
0dbeb70a6e7b688e,false
295ecf115c3bedfd,false
1dc70754669e6f9a,true
1e94a90bb313ec64,false
0d314ccd873f1f39,false
04b00811b982b058,false
2c4e6253aea519dd,false
2c0294c78cc40cd5,false
31eeb768aae0ad24,true
0d51568b236f1eb5,false
038a7edabb423cd6,false
2f2df736cb83a6b8,false
13baef91d1db42f6,false
239270e866adada6,false
1a3284ed83b9e371,false
0cace84e9876b45c,true
10288352b4df4f58,false
3332898d64743069,true
15452d05b70564b4,false
20432c64574b8e81,false
322ffbec6416fb3d,false
1528aaa12ff9ba8e,false
0df6294028638bc8,true
31811fdbdbf3b67f,true
32634c51a6111679,false
1c812ac579014ac6,false
30ca995a69b97aa9,false
24abf6c6f2a5cfed,false
1cbe3d65e11bd0c5,false
1256ec975158bcfa,false
2a510eb3c5e1b716,false
068785416f07296d,true
0bfbac4d2d68ce41,false
24f1296541c82a05,false
219eca1e64bf54cd,false
33131141cc92ff7b,false
2ffd9fb63bff3b50,false
2bf10942ddc56ea2,false
1450b391352ab7fc,false
12e450a48e8970ea,false
1a47abb0145539b3,true
14f7f9f9d4465fe3,false
0a51169fc4a31250,false
051671af6b7c29f3,false
1249a82b61803a80,false
2e52529bbe9277ba,false
2a79cfb029f709e4,false
1ceed90c348017d7,false
21d74de7d1dc98df,false
28d32f85bcfef285,false
2eb88c7a1064b85e,false
21559df097929bfd,false
2cdb5e12a2cdc8a5,false
028f06349b48aff4,false
294a3e432fc47d67,false
22de1c26e1bd2892,false
26d7b5efc9bec0bb,false
2a377d63c460d054,false
200431b0012a667b,false
0c01c39f63dc4249,false
0f20ef0f51fbc8cc,false
1cd686619c9f9eda,false
006cd406c8ddb0fd,false
1960ecf44a09ae36,false
274cfc45fe00b9af,false
04ba329afbfa3260,false
32ad933650e6cd18,true
1f150b10d0dfae09,false
2cdcc9b8f6d36dd6,true
1eaf7f2f1fa272c9,false
1f01fe697e6a7e7c,false
0ccd5fee0e9c760c,false
251bf2198b51d1dc,false
10dff3a3144ea57b,false
08b2b91f9e188888,false
1fa4339efcf2d0f8,false
16927c1c808bb581,false
08f6cab616739446,false
09e1537134c9c7cb,true
32a3ec608e66883e,false
2ae5baf19745311d,false
2ca54ec608380e3b,false
1646a79aa5fb7bf3,false
0fcc315982b277fb,false
0f2aff7c88ddcd6c,false
2553245fac72b55a,false
3201f673e66a65f5,false
0697dc615c1b363f,false
11583a5d8784045f,false
3024d017ecc98334,false
156b7f63ae2f38e1,false
0190135b2cb77de8,true
2ca0e3ed67c9eff9,false
163142a9fb3ccae9,false
15abf33ca9129176,false
3149b3d5368d8195,false
01960612efc32826,false
17d40197a3540574,true
1d2da10e59191313,false
0a9bdfaaeaca3d63,false
12a0cd577832f1fc,false
0375a2715c7d4f87,true
19b159681147818f,false
01d092077cd92f8c,false
2709363a74b3d955,false
1daf2a05508704de,true
2733c8c5a9a9f437,false
2fb003b9a2a50abb,false
0711a6b5d91a6039,false
14da6e9d04e7e76b,false
0444b7bc8cf68f5f,true
058ad7b8e1fb9736,false
1b09194722afe7a5,false
03628f85545389a6,false
2434fa5146f18b31,false
0ededf27f9988418,false
13480269f13e95c4,false
15f47c0813c29732,false
2279c11cf67c8725,false
0637e8778b534dc2,false
1e6f5df1bc279a6d,false
1b5ce69454748de9,false
002e2c85a40e5695,false
17d8ddb531fa7b82,false
02e2866490e8b6ba,true
172f50b253a03cfa,false
2ad119658ff0d85d,false
214a7f5cf09e956a,false
1b04fa785042ca85,true
2412ae14c2656168,false
0f41416b940b10a6,false
04eb705f9ebc09ce,false
2deac48a504637ac,false
304c3c0f3ef061e2,false
256fd394286459eb,false
0044aaa97866b13b,true
029dd5060f2de7bd,false
0a5edabc518ed183,false
1d0388adcb99b4b1,false
1444bd5c50da40fe,true
0824177daa7e1ff5,true
25cb6dd48f0b0b37,false
246387be99b3e884,false
2660ecc8bc9a0d77,false
0644a60837b4f98b,false
0e63423acb6658e4,false
0a4d6d7ff6f34669,true
04e851776477f5fa,false
289e042920f06bb4,false
083d32f708d84f44,false
321a1cfdfe4f8976,false
2a224939cf3f016c,false
0354b87475e5e1d0,false
127db55183aa04c9,false
06b80698879bab82,true
12190968b635ddde,false
2b984a503ee9e6f4,false
139eca4361e82efd,false
075fb477e8654ece,false
2ef8b5de73eb5216,false
0fbbaa1dbd440add,true
1d9eb713bfa3d844,false
30ce60a81d5fb865,false
1e0d92d2df56c376,false
0eb3458a4303e0d1,false
27a2684258f48930,false
1b52d00d4f026c92,false
029b303adad7180c,false
018f711f34cba4b2,false
0c836e6264fc5a1d,false
0e90fc3e71ebf8a3,false
06593c276f51b1d9,false
2383e069cd0d7ab5,true
1252542a5c9adbc8,false
0379ef52888cd1e8,false
18baaf7f03f35afa,false
241d1c94742c7562,false
25b832421f3f8178,false
095cdd897c2fa0a0,false
09c31a1b2d54c17f,false
24f5d27cea25ad0c,false
313f1fb894d9cb87,false
1c8c4adb7a3a25a6,false
308e4ad0ef50ca98,false
241252a67b751993,false
1ca8b76d523b6f6a,false
233652c989142c36,false
110acdb76327d48e,false
1010b847b06f279f,false
2f633e05609a1989,false
000832b3c3c436c9,false
057e937a6bb67b3f,false
1f766dbfb83053bc,false
03bf8981d32822fc,true
1e285364ed2b5379,true
06222436942cbd6f,false
15b2cd886a395e69,false
1e5eed30046fb756,false
0d9a183aeb09eb0f,false
1055e9f3998d21db,false
2ab709cf4a621ead,false
13b76f3ee5d6fa62,false
184d9d1f3f7c2440,false
1551ac1f79a18f00,true
2d6499c54553fbfe,false
0aafe7b3aa0bdbcc,false
22936a2fea6301e2,false
22539bfe9f3b34af,false
20eb86910f8cfb34,false
1676eb8e4554a6ce,false
0b4d9314cbc63e5f,false
28959013b700a4d5,false
1ceab2ce465340de,false
182fccbb746395a6,false
3269c72441fbbcb6,false
31727931aecfd07b,false
2c498ff91b7547e7,false
328f8f0ad7fe59e8,false
13cc7177cb6f19e6,false
0228a40bd91cc61f,false
3117047bb2b54494,false
3324c150b0a24011,false
31e3f32f32230288,false
1540de11d8d3ed26,false
2a038d1ea7ef5581,false
248b2befb9c48d69,false
028086845566beeb,false
0c4fd394ddcf3068,false
18b87df9b87c44dd,false
14a6204f93701c06,false
13fed28b77b021ee,false
2edec4f1c5c7c4e0,false
28ce3f0776b96d03,false
20d74373061eb93d,false
26a0897637adffea,true
11701092da6770ac,true
140f8e1b2b5d1d78,false
0ff3a05b4d8df3f6,false
303264858f136bc8,false
267cdd5fb8705bf2,false
0f54314ebeaf7736,false
129980bf598c458d,false
0c4ce9066fdf0811,false
3198a4c4f13980f4,false
069803b62a12b6c6,false
16e01c79ffcab5db,false
199a68532b9e024d,false
1be9edcbcf7ff480,false
033f73e5495df192,false
2a43999431db992c,true
231be0ff3e4255cf,false
238753f23d6e7c0d,false
0a7cca8ecb0e9392,false
250a10e9ff501b34,false
2ce803bb237d1f0b,false
011ad1aa0777a7d9,false
01e74716bc709a5e,true
253d57d230db201f,false
122ef80730430f8b,false
1f3f00ddf92ad043,false
01bef64f2dc18c8f,false
2e17396bef68ce61,false
2c7b41d30d193faf,false
016ccbbe9064bfde,false
2abd6780aa835a48,false
28299d7e57a397b8,true
0a50523399dfac3f,false
2366b35ce260cfb7,false
0687a87b952240a2,false
0b51eb68e98be61e,false
2a04407711ead623,false
1c09e3aa42d57e08,false
20297a25e75a4508,false
242e2e4884d3c5bc,false
23ee9ddd6814c290,false
253a4fc0caee27f7,false
1d7da6557752db21,false
21373c5e131c9897,false
116ceb02b5c56fe6,false
2f7c6734e96a9f15,false
16fd83eb5ce96278,false
2f23ecc4a2848a83,false
18408ebdb46faec0,false
1ad3923b065a6604,false
2744667c8f7e7e0a,false
028f1bc6c48d70eb,false
32d0c99f87e43d5e,false
2b358da7d396915f,false
302b7496c6fec85a,false
23625e4da7cd4f73,false
320c507bc5b202e7,false
19fad03a74a1d6ac,false
1f37cb2086a50449,false
18bc1753f4fa3221,false
0ce37394f4031315,false
2d051256f4a22c9c,false
2a6dc5ac42eaf31d,false
0f4e49811b6e1fff,false
188864c894f545d6,false
11b6e60584d76591,true
27d71e38dd4e8fe7,true
26a8d8b2c1821931,false
0fcdfe27bf95146e,false
0b5bbe1b44fa9b58,true
17413226ffa2dc45,false
305fe4b34216d7eb,false
0c78040489a0d4d8,false
2ea3bb07a4cde189,false
0386776529971e72,false
1a18f8f9e4c85b82,false
315ad71ea1ce066e,false
2647b8fb2937a004,false
1467710995a24697,false
0b55664d50f2ead1,false
00ef3aee05ba7554,false
241270198687b555,false
222d7ff3d58c9078,false
17dfac6a95adbdfe,false
0ef2c1a06b06a750,false
2cedccd08dc63990,false
22217c30e1853906,false
244526fd0e556d4c,true
25bba89bd8825613,false
31c2d34cd0ea5dd8,false
0299c121a4cc540f,false
2d1a9a3ae74a8b08,false
0e2c53aa9c1fd511,false
16cb40374a365900,false
199bc7517da9c600,false
203faaab5da7133f,false
2a7f7e9920888a6e,true
06abf1d8c10c30e2,false
0b12accd4b6d43f8,false
27abecab9ad50c11,false
1cbdfb4cc982702d,false
176b5c3580283436,false
068b099e4dfb0bca,false
0bf6216a640cda68,false
2ff42ce990e5e547,false
10d72a3b3df6dd65,false
2a022dd4f5da87d5,false
1f62c9e8c241aed7,true
290d2ce40bdea1f7,false
1671997cd10823fa,false
086eeabd9feedc05,false
03f5454c4d73244d,false
0acf509579fa8441,false
2caa1ae6b9b65bf7,false
1dbc88c20c2de3e3,false
2ced0dc3c21f62f8,false
0f17380f7c9d7808,false
028de9aa51991f17,false
00a5f9bbf1d3bbd9,true
28e5c50c874d8be2,false
2dafef2c0c263103,false
1cf3fd895aa90dd3,true
08c400be897b0a6a,false
2774596fa5f2ec9c,false
226e28edff04aadc,false
0ae104890aa5eb99,false
055b440d014fe956,false
2cf8e81936ea3234,false
12d2e26e29236995,false
1572d264553db5e5,false
29ab16094cd38206,false
0750684167cb6938,false
064afcb13b5b64d7,false
26655e0db6a2d36e,false
036ffb5567741caf,false
1ab6445cb5c423a1,false
1d888f4e02064e5f,true
0f2cb0367ee3320a,false
185ed87850e3d0cf,false
0355488e12a1d104,false
084a2bdf8f0592a3,true
1c2217f70f33cf63,false
1eb743438dd0fd64,false
26f6f164ba17b956,false
2a6cfd290d01a8bd,false
305b4de67e8eba8f,false
1c9d50c8809cd02f,false
1e32821d4485838d,false
281aeff33ffd5532,false
17efa99ef121b7f6,false
26806ec81bdd3546,false
1e98d696f6e03443,false
285fdafe90896067,false
06c333768d9e446f,false
0596e773cbbe6bbe,false
317871fb6217b708,false
03033631db3a5fda,false
312a3899eb73c344,false
2ece133c95e4e724,false
1431eaedb9d94736,false
225ac49000364576,false
071632c488588835,false
051215da323fc1ba,false
04f9379dfce791ac,false
1685eeafbac28fc0,false
010298ed565d0193,false
03be5a81e22ea373,false
29e93d3f0a50afa0,false
0eeac73d78605fe5,false
10a74f82eaddb28b,false
141850cf84183cae,false
1e87d0a3e32e4aa0,true
26d2e5773742fdb7,false
07a58827f1e949ea,true
31892e11f9a0e1a8,false
08345dcdb9780756,false
21dcf4e65a5fad42,false
2500f09ad9b893ba,false
1b4bee8518616d4e,false
12059693f4273765,false
30109562f43a97a8,false
0910a6226adf6aa7,false
237732f542eb7087,false
102d8a45a77f0039,true
006d952e1d51352b,true
2101c1e48d39ae3b,false
2518a85ee8afd94f,false
315d7b46d41192ec,false
04c2c779ff93e869,false
316ed3fbefffaf19,false
3249d6a63b6202e9,false
21f94c2c12212a9c,false
204f169207f3e500,false
1d52efec0c184762,false
298099ab81ec1030,true
2692a77964480078,false
22d474d130e6b059,false
2352434cc6b24ba6,false
2580f049140185f4,false
08955956c231e50c,true
0413b12032eee244,false
250ba0895f3aa065,false
1db14395e3ff58ec,true
1c268e0779687912,false
20311e40a1febb00,false
13ca222d2c36d931,false
2d591e61b84c95ba,false
0d2bc404e69fedfb,false
01ac6c9340bf5a92,true
0f72289520e9306e,false
113944741139ae9d,true
20ddfc9950d3be51,false
10f41257a3e00db9,false
0af26cb9a88ecc5e,false
021e85a00b36fb49,false
0389cffd98e10a0d,false
1de285b3c86377a1,false
2fa33fdfa2199262,false
03add5174fe63b1c,false
074b94947c64f822,false
1cf1afcd8dd6f4d8,false
1172f76aea5fbb32,false
05261161084001e0,false
12b416199669d1f6,false
0768100352ba4b13,false
0e656a821d81b186,false
0de4d8096baac87e,false
201f9fadfede2df7,false
054c063e4ef686cb,false
26a20129d7ae0cf3,false
29e6912fd3bc5f96,false
292bcee1b1e72c80,false
05504ee7afab664b,false
2a00a93ff76a3c4e,false
1bc5b4eccfc8e73c,false
11f10aed17a1f3e4,false
1a74fce8e3796760,false
2421eaab2c539977,false
16d2cbe4eb8a3306,false
2d82b0efd0fdafc3,false
02cc67e665a7c782,false
1d77d659961689b3,false
0df8a45a190aed4b,false
1f17051e96fce83a,false
26b130cce5a36655,false
23fec3dd89bf8c47,false
091449f78678fa80,false
0f2c213d0b3b19f6,false
303eaf435eedd414,false
14a85766311fa877,false
0341f3306f3a7bfe,false
2bd0f512e0e51cdc,false
15662a8ac6173b46,false
1ecce9d2dc76623f,false
0357b7bba4cf3263,false
11e81f5f87b5a365,false
1a948d69bbfbc397,false
2ada87e5407c7f13,false
2930640e7f358761,false
0334aa1e0c239761,false
1e1c2904b1034f1b,false
0e8b62a942070982,false
2863709557e43d68,false
1d27c0219e4c801c,false
120e6b4f4cbe0a1f,false
1ce82020a373d036,false
21208ce8c539d4e2,false
00657677ce2de64e,false
0424ad5a7377024f,false
248807e697ae5a93,false
09dd6da86cb44ccc,false
04be687db5a6a198,false
1b7f5d2a8088a21f,false
295a4cbb7902310b,false
205e44bddac51ecd,false
30769be85573b789,true
1467f11f94d1b08a,false
16ba45e760365295,false
0bcfb141c8f0c4e5,false
30335676089cc0ef,false
2da685c01c61706c,false
259d7e5b4591127b,false
1b6cfe7e12bfa731,false
2eda6774fc6505a5,false
2e17da3fb93c575c,false
145db1274e9569f9,false
1be98cc6d4d617ec,true
1a42b54025298b69,true
013b451292dfe9f9,false
21bed807eaecbfe5,false
068ca685f65ebb2d,false
167d0093af303e23,false
0617d12298f75582,false
0d9f618a61c575f2,false
08d29e25e440ac3e,false
32d443839dbfc32a,false
16ae6f58ad69211c,false
014e0fa5292389d6,false
0b61c6b7bd78a2b4,false
0cd64d04ccbc0c43,false
10cc9dc584832bd0,false
292af4d24b5424b8,false
0bb4d6d23396e0f3,false
309ef2162997fef9,false
299cc1863335a281,false
22d4bb0f3c2ace4e,false
12b643fc43f60ea0,true
179ba3c9e5452c25,false
30275b6d64b8bb67,false
28600ac2e5587dbb,true
142c8fa65c95f541,false
253f82ef8c73f7b2,false
08a2419cd0c98762,false
032bea24f4510d50,false
0e238efde0cef96f,false
1bcd8a7ff732c250,false
20500a57804c4cc3,false
0485e9cadc271074,false
18aa73979bc605d1,false
255844e050fca07d,false
05b6848867c19b5f,false
0301727a6e57dd5e,false
126ebda2695a24af,false
2c7226ba68ddebe2,false
08b2f818842ec733,false
06a35ce02c102a02,false
1ed8dcf0ec5b3146,false
054c4a3e054060c6,false
09822ef86305c49b,false
18d3288ae9223182,false
0a348ad36afebaa8,false
10731ab3481fc81c,false
1e7df668fe5cffe4,false
01df2087e82ea650,true
07555332fd51464c,false
1633aa7042411419,true
182382c035385aa8,false
1f4dce6f1e661a88,false
21d818c26d68ae35,false
00b14264d7e87fe2,false
0492ebaba1bc7fea,false
11222f5cd5425c87,false
1ba5241fa842873c,false
2503693944127540,false
1d0bdfc1d2983ea3,false
2dca0dfd74ec1872,false
1daad9b1216a4837,false
2440d6b41ad580a1,false
2f5358950bdd29dd,false
3013b02741689a05,false
2f1e4bd57ba1d4aa,false
1bd7bc74a67d02f4,false
1988aee098c336e8,false
0d9f9cd68fcb2332,false
039f407539f863ed,false
2988d5ae9aeb79dd,false
07bcf91160d48962,true
20c16081d169254a,false
05bb1afa82c6bc23,false
0b21063820aff5b9,false
29fba311fd45fa68,false
05ca9719659162aa,false
2b1fc067d544a351,false
0067d60b4f97c0e0,false
1a1d3ac4fa76d854,false
10278f9c35d71084,false
01abd226692b5379,false
29b082717ba385ac,false
2b2e1c4dc11e1347,false
1fc0927c2f5b8bea,false
1441b2442c1a3c31,false
2345a5e12c3f4ace,false
29df56645f01ce59,false
2e796e50e1f506a0,false
16456c0254f5c420,false
0a22e57a78a6d55e,true
3126fbf4b8bfdca1,false
2107aa06caf9c7a6,false
255c4011c5355c8f,false
1dbd415b07a7c3a5,false
2af54002492739da,false
0fa14630d6671a6c,false
0cb92fb3eba18472,false
08bdd6fa0d25d962,false
010ce714a525e3cb,false
00a0892b03211ec5,false
0fbbe90566f5868c,true
0eb7f1995648f61b,false
14cb0dfd9f4a3ee1,false
16fd9142ac69a07d,false
00c9f39cd5350150,false
03cc59777966699c,false
2fd2656143150d82,false
205dc9ca81f04d57,false
31bb0028273aeef6,false
195eb155d66b3fe0,false
322b6ee9e19d8659,false
0d1dc2b899cda039,false
1586f900451599e0,false
32e01944446d8319,false
2166415d6da66fa5,false
1e3ce4768980685d,false
027a2269a243ace0,false
1fe5aba6fe3859e6,false
2865e311e7f02eba,false
1dc9900d94cbf1f0,false
048e6eef25eb4846,false
2c85e0ec097a82e6,false
1b9c759dda9ec880,false
27321d11c0f75d29,false
0ddc407b38904b3a,true
1ffbcd4fac2a2a2a,false
1e1c699ed9839b6c,false
2261d89d6b85499e,false
2dee15394e8374fb,false
1bed6a6e3ce167f0,false
277a17c10b9d2389,false
2e7149c7545ba840,false
189d273a12f858a5,false
2f4e4c499368473f,false
119a40b937d8259b,false
14b769a297af466a,false
0cc7bcb3f158ae75,false
027c1ad82a13c720,false
32a2f834c78eb795,false
04dd26e36598fdad,false
085a12f6295663aa,false
24e0db52e2cddbac,false
0e18a8c239dfa4dd,false
01bd682f0cdec155,false
2035b55df7c14092,false
08172fbffd5ec745,false
0caff76bc30c076d,false
04901d0a3534821a,false
18f6adffdbb915f3,false
03e76c7d77c48305,false
1cf7c5170cc82666,false
2b665667e914f374,false
020daa1dedb6e6cb,true
10a328495e96b716,false
237c56326257292f,false
0b0874d0c7b94ecf,false
08cd0e03b9b782cc,false
15f5e393f74df998,false
0a7f612f3716371b,false
02824771dda59dc4,true
14a7dcaca765f1b0,false
097d7ed353fa670e,false
0d0d5e4883066178,false
1013d5ff84082b56,false
12854214cbe6e150,false
2de2c46ceb5cdcbc,false
1a88324037a11209,false
0e3acb6648203edc,false
0f4baca1755b2f97,false
099f33b2ea854ff5,false
28c8fcf8990c1024,false
0e104ad42421c446,true
20cf4bfae9a3adc6,false
1886cb8d629fc111,false
0f58e5720e962ceb,false
07af897e49219713,false
0d96e665993bc526,false
1b82b66250eed5ad,false
1c7a7b3317cbe3cf,true
156f3b395712858c,false
14e8d311ffb730a0,false
193ce4bc6fd59548,false
18df6884285107a6,false
01fe7217c931fd6f,false
089d2524151e355a,true
1195714a439f974c,false
044730854af71dba,false
01615e890d172236,false
2abd3ba46e65a654,false
24521435767fb13e,true
30d6e5146e6d2994,false
11899e28f5ddcaee,false
0886432b30955c0c,false
0eff7baad667e221,false
1671c45595e93b7b,false
299ac9f3cae59acc,false
26a78cfcb1cfb1b8,false
0685a4e90ba55a0a,false
22a46e47722cc1c1,false
02cb443e56456216,false
1c6cad433c2574e5,false
02ed7d55bc3a57f1,false
2207f05452f030ab,false
0a023495db1a7582,false
2d7daff8456bb325,false
1651d0adfe570603,false
1cd8b214cd087b4a,false
27050f3ace964232,false
0f43aeddd51270b0,false
1bd6cd918571ea4b,false
2d8494fdb68f7380,false
0151d6b548216be7,false
0ab5038f7a73a17f,false
1fff4cb5812e4419,true
2db347e0db31a79f,false
12f18036fa585a82,false
2cbfea65381f3a9c,false
2bacbeaa9a82396a,false
20f394aeb191788c,false
2d77d19355beb064,false
18e1c48cbcace13a,false
2f8c7318ec11c454,true
311a264f5746088d,false
0ca0aac9dacd2064,false
106e8121ca1985dc,false
0882e995337b7ec0,false
1dde8cc75055d29c,false
173d289a41f5eff5,true
1d108995edb88045,false
1c76a4b7060d962a,false
09d493f9127325f8,false
2b5d5e4d20e4038f,false
315df94daba4bc16,false
0cd3b3db7e964547,false
0403d971deba88b1,false
0830980680cd8c78,false
22aee46196662e59,false
2f21fbee78a77bdd,false
0ec3f4ab4223c178,false
15f573de866c876c,false
1a552170690b4fe7,false
11183d4313fb4de7,false
3079a2c5390d05ac,false
1ec7b63967cc5211,false
2b3a90117c684138,false
0ed0562188e9ea7a,false
01b6b1b47517327b,false
2964b41303c471e6,false
1b26d8d3ac8ce385,false
12c1da5f6212b695,false
2bf7bb66d0cbee65,false
2b55ae699a4084f0,true
2bb2d4f604cdc3ce,false
3176df2dc333a8e8,false
1db3df9e13ea8e83,false
1565c07ad011358f,false
1deaf33f5b645b3f,false
1c50138716e274b6,true
09cd9a34f8e59d89,false
17607bdc157b339d,false
2f841b9c3d174628,false
17641c09b5dba3b5,false
0338899c1a79f1c5,false
2e5e4c10cb85fe6d,false
0d8348dbfbcbfbee,false
11661514fc153f6d,false
1397690fcbaae841,false
21eb84845c4eeda5,false
24d43f0661c0dd15,false
28b835cd65cc3c8f,false
283526d5408e966b,false
1e37658263398581,false
32e3d45d8ab41914,false
1eea7a324ad4a293,false
17d0904552a66f87,false
039c5c0b334f73cd,false
31378c9d946321bc,false
12a32b3c7c7607ce,false
2b4c2de32048ce4e,false
2d883439b5d43153,false
0bb9e62704a53f86,false
2f76a3326f533c70,false
1d1485ff25b3b6ef,false
01abe6b42396b89e,false
0b6d3a3683b85697,false
0edff1b94788f712,false
29362e0f29470c48,false
23b01255a8fd0ca2,false
1ae04b9f48091caa,false
2bba6479b70c1074,false
3098f323b58a9f4e,false
1408c9f618b58de5,false
0afb74634a65db4d,false
061215f6a9d57d00,false
31d79056b9406031,false
009d21566d1a4562,false
19c0e107063848f5,false
1edcba4d1f4bbc41,false
2d31b95ff9563b55,false
29b96d17a6f31d03,false
09aa16f3a361b2d3,false
2dc06c1379ac5029,false
175c17f8e792d77b,true
037427d9e339c3ef,false
0ecc04e1dbb50393,false
1858b5579b8b1cab,false
07abc1ae348cc634,false
22aed182cc9309ef,false
0121f898ac950c15,true
31ca8d0e9538a679,false
1e0d291abe06ca01,false
2c0c79997a67dce7,true
079cd9cdad47cc68,false
0bce82fcd8d77134,false
2180c5241a4af1f7,false
0345ea2d2df9c01c,false
10df9be8d73b87ad,false
0f3288044d259cb5,false
1b3e6ea22ac20c3d,false
27397eabb9e2176c,false
213fd9620e23db0d,false
19e7b33db4dc9c54,false
20630d29685e030f,false
1ecd9bad7c186716,false
2a4994f0b2dc9779,false
0c92580a3e839709,false
1939e5f96b8c2b08,false
32e6ce33e771f510,false
28ccd1a23eec4429,false
155d9b1aa2dabb90,false
1d8511fca99d015c,false
2686f83f1ebcdbae,false
0792c9935b0f4de6,false
0bb9e88ddffa2e0b,false
03912ff444a15933,false
231029e87b2229a2,false
099ed9c4c07a014d,false
177d2728da6bedfd,false
141bafa6ddfa5add,false
283ba25dceeaf121,true
24c2939fa2d544ed,false
22c8539b72fb4225,false
039159e02810cbd4,false
0f3200ed93c2a4f2,false
0a5b1bc43d1f6644,false
049ca21fe680f591,false
056580337989d274,false
007067389dc85620,false
046c94cb8d87bfe0,false
3019e179750bd075,true
24390675af4c72b4,false
1290c7f2e5657eee,false
12255c172d10ba42,false
32f9b8bf9e79ec04,false
1238b16b7e85641e,false
13e8d48c93fc1bd0,false
1bd77dd2a0fde873,false
0973af355d179dd3,false
21ae1330405f764e,false
2d84dd335b042a35,false
29edb46784ca5468,false
23b43ca36b1eb38b,false
2362a034b09e6cb2,false
1ba9e05b51bda3c3,false
1dda65a6e8c79bbf,false
168b098a63caa406,false
2cc10438d77c2945,false
0339670ca233d17b,false
18c43a588dd86686,false
088f00c7c4298dde,false
1559718eedd53d76,false
0cfe2a31080c20c9,false
16726a14750f4331,false
0bcbc702b4d5cc31,true
0af758d72591b345,false
214f21415a3c8275,false
17bcf2a4f03ecb5a,false
158b073dd410f664,false
14206a2de0d92a2d,false
04436aa9eef5cbda,false
1d99cd28502222ec,false
327d6b336f9b89b0,false
0fce605536f3d7b6,false
1ce9baf018884790,false
062b1a649c157012,false
2c7335b1b7117203,false
257830c66dc33e69,false
2b97087992a378ed,true
1995d778443c210d,false
118998dc54450cb4,false
244187bd2e1dffde,false
2f4357095863fd03,false
1bae92bc2094eb0a,false
30f4330173b6b1a1,false
04bc24206c9d3455,false
2fc37babd7c43e55,false
2e43c2caa5e7bf9e,true
0dab6b41057983ba,true
1e73497bbb9f605e,true
2252104fb01db8df,true
15069330090c49c4,false
0d4140f333616c09,false
2d04b19fbf6649fb,false
0e502e09682c65c5,false
27119384aa8f0aa6,false
10e84ff362fdf36f,true
11ec58965a543c6f,false
2c00edb9377799a0,false
25ddff09c6675fe9,false
06bdcba241e5242e,false
2b1f681b605698c4,false
29fdfb9fc9145dab,false
23d8cb39f5757e0c,false
24c114e0e76d4d86,false
06453a34d2737e86,false
152d65952f11706c,true
1985488582318c77,false
07779bd6e61db3e7,false
0cb34fe4a6647f72,false
2a59373c40cbcb57,false
2ba97cd774ecb156,false
2314b1fb9a6ed90f,false
12a81b2b779af770,false
08954c4fb6042cc6,false
1388f901f53f1b43,false
294882958582e715,true
19055e77c9cb97cf,false
15c8b0bee84b0761,false
0e3eafe5bbaee2f2,false
08942304cad49a57,false
0791ad08fa7d9929,false
08db5897710f42a1,false
04e686dfa8c1c224,false
266c2ceaaf3657c5,false
0748dea5cc21b62d,false
2bea93f6114db5a3,true
22c1b02ee4ab8ad1,false
094bedce81ee5361,false
10c32e5f1e6c04df,false
03b0a57779ffb0f2,false
1078e7e3b25d230e,false
0047cf6befc0e1a7,false
25a0c638c8fde4ab,false
1e6c7c2d693b15fe,true
1fd7d512d55986dd,false
10ca5431cbbef593,false
02758254b0eb5d98,false
28a724ecc1f017e4,false
2ef95fdaed90a683,false
0c57d12cdcb89eec,false
1df835f7c135c6aa,false
1ee9b51faebd69c7,false
022ac6a82afac2f7,false
20be5671270a7888,false
0c97e22ce78d7830,false
0162f1a1cf14f97f,false
1906aeefcd284f2c,true
271130d253d857d2,false
2555be9dd31ca9d7,false
1ca01883e9be590a,false
27fe715231abd208,false
10d9fa2c938b7186,true
1322318f77c5818e,true
0d0e76426e5568aa,false
19e960d3c9d7db27,false
04c60add5ca38cae,true
26fae1dda966ffe6,false
026097f55e30c7d6,false
290e3ad230327cd4,false
20904426c90377dc,true
2d0896d8e6cf2267,false
17751000897c633d,false
0d909d43c5a34fbe,true
01ee2e3196929444,false
32985d21effc0e8a,false
029024721725071e,false
18c7292ee173134e,true
08f14540be7e8248,false
0f05033f3721f021,false
23472fdbe97dd35b,false
136413a7136b50e5,false
009980a2b1996967,true
0bf22675963263b8,false
17bab50dbe4287e1,false
079e214ecaa1f5ce,false
1ae58e4dd668af43,true
0866393ebda5d47c,false
0a16877c8313983c,false
02d63baa3db2218c,false
198e58ca459c530c,false
2a4a01895e262f8c,false
1b38b65ec70db04f,false
0c566bab0105681f,true
2bcb4bc55c8e6194,false
14e660713471e72b,false
124e306c9477d24f,false
25a96ea6e4b06718,false
2ada2cd48a14a411,false
05fe1a31a845aaf3,false
170bfbd99e36822b,false
03607cfbd9281982,false
092fb769691b57cd,false
2c1e9ca87dc7b5bc,false
22902d736cae8bb7,false
1e8aabe9faefa7d7,false
154ff30536beb18b,false
2c35d99ad62d6f10,false
126d83fd83af7e5a,false
12f1887e8458c8c4,false
19dabd724e5ff030,false
1c934b2b9247088e,false
1a9ddf396f5d2914,false
01fb4023451b1b92,true
105ad7186aec68fb,false
0a88ca491924d043,false
1d5b3b924434148d,true
1fc1e0c43883008b,true
11bb17f4d25f59c9,false
1dbcfc6208914cbd,true
0f032ceae60c0dcf,false
19c4b45d63a4cfe7,false
08d9e62930c2b298,false
05bb08847dd0316a,false
1e4a75da42065489,false
25691ae44ceaf0c1,false
04a78598384de6c3,false
07d744f1ab8bb3ab,false
2195956974843eeb,false
2219d188ddc61785,false
123a37942a10238e,false
0be66db1a13888a3,true
1c1979b43f5a7a7f,true
2d2142f7b0e594f9,false
0e97225e13df26b6,false
272ec721a2ae6b64,false
25bed851de18d072,true
0d657a660ebfc863,false
1226af472720f914,false
0f05d61ddf0ebd09,false
29d1ce26e44796ea,false
0d670045dfc6ea62,true
1ceb03e0f15519df,false
0c4f617a979b8d2d,false
18477dd8c72c0169,true
297d4bc0736a2630,false
16192c70a62cb270,false
15b1e99d315ee53a,false
03be0f4987b9db4f,false
0284e01df3dcd87e,false
2942410c3ce6439c,false
1b5df242f6aea9f6,false
324c09b1f511ac71,false
072cc5fa9be26f0c,false
173c6aeaff1c3cae,false
1f8fcd30658682cf,false
04902d2f5df76616,false
0a23fa45b5e416f0,false
2475caea00a96ba4,false
11a9f8842b77b3d7,false
0d5c809a64fb44f5,false
03586137834dbae9,true
0f7d7544cccc5091,false
116d051b15c54db3,false
126145b6effbe3a2,false
0f8037523b30a35e,false
1c8496817562785f,false
16b79a6e44bdbb33,false
314ec6d7580089b0,false
18acfdeabfd84de1,false
1c8f4b91517ff5cd,false
275a9b5a28c3d189,false
1b3b6dc3b1c45b4b,false
00a5b339ab6d2822,false
1e32ef44fe774d81,false
19b1c255e25e2ad4,false
2dc7b853e6516942,false
002bea39cdd16b0a,false
15309ae171e66008,false
2468c32836a83572,false
25bc818e216149ef,false
315b05e58b497b15,false
0ac1472f6aed985e,false
1c1fce79e0848f40,false
06fd1de087b06456,false
287ac1230ee26bb3,false
0d2bde6f2d839159,false
2baca1e1bf66a8cd,true
23c17a5d400534e8,false
0ad2d95f0627eb0e,true
2cff6ad088ed3c9d,false
10062b3f7601de28,false
1d4acfb4717e7003,false
2b3868cf9660917d,false
1247f16cc33d549b,false
2fe469f282573628,false
231c9677c33baec6,false
1adeeb33ca05e5f9,false
0b0297ea60316378,false
303276a53101ca52,false
1dcd29209e923ff8,true
02db3e8ab81c3f76,false
2cf16fc52af0e25b,false
12d79cae80d0f635,false
27f88b564139d8a5,false
0c9cc24b32a6f2de,false
03dda8908ad13f7b,true
2a4bea1c3f033f1c,false
06c4fe8b7cecbc0e,false
257175be14420ba6,false
03109b420effc123,false
0388efdc91472489,false
1c63d17366316f6b,false
1f5029566416ef78,false
277f5f034f51e70e,false
07ca1590d174440f,false
0deb828ccf2ee0cd,false
2d1c61b26113695a,false
03c876bca6ca1f3d,false
13f6c34ae884758b,false
0268e60cb0313f81,false
0215cd805f893bdc,false
14075dfeb0e75af4,false
0d52b5b5dd635a58,false
0824936c3f7bebed,false
18b8d0cc148d77ce,false
20188072b5fa6aa6,false
13b3cf3ff023f628,false
15b480e8a40ffeaa,false
0bb1735796740f0a,false
03d59dc9f92a41b6,false
0d442cf9e741c7dc,false
08e7094b03acafa6,false
164f26bb67164244,false
0d61ce50079512b0,false
1929e9e29f8f15c9,false
070ef9a6e6c9aafd,false
2534dd057d6e8372,false
2b693e13f54edd3d,false
0e3895d59f90f5a2,false
1a1aec3e1d045418,false
2136efbce9d77bf0,false
001d5a55ec893a14,false
255e6af5f2442d44,true
07df282a822423e1,false
0c4991aa4bc8e153,true
2f635375b8cbfd60,false
253b44bde12b354f,false
2129b0683362ad8d,false
2015027464fb7fae,false
0952a7e021efc531,false
3161f6aada3c264f,true
2627681dacfa6701,false
225e8d0dcb2af162,false
30a89293edb4fbc9,true
0535fee2a1c94c19,false
147db827dd3e9591,false
3171ceaa852ba3a9,false
0a0b864d3a507796,false
09cb9f86155b05b3,true
1f30af0e77f9271d,false
266e7e20bcc9e309,false
1ce50a657d1e32d8,false
1fe0fda6f9e27ad2,false
28f90051d2997d14,false
186919a537ab28ae,false
0fa57288a4ec99a2,true
2f338e7e678ef180,false
20dce264f5bf44c5,false
2b5781a0e82dd7f8,false
13ada1e4a7bf5e4b,false
2d51ca056014a2d3,false
22a8b410e9edb4f9,false
2b6d4a8d5a5da7ba,false
26c11f37de9e2f88,false
1d6fd0985fdb9ba6,false
1d539915e6c49da7,false
12bb4dd511bd0821,false
015b58f156af2ea1,false
15b4e988064db471,false
00601c0d982e3d46,false
0359bfb86be791ca,true
1acaf9939b7a7d7b,false
1b08eb12a9d4bf3a,false
1c1de9a7b21d104c,false
115bb51dd70cb91f,false
0f8422f6b37d05e2,false
2c7bf169435ff7ea,false
1171cc5a78fd89f5,false
049dd9783c8fe04c,false
25bbe43cdeebbd2b,false
09cb2e99192fb624,true
02110c8ee60b58cf,false
18ec01660fb7946d,false
1502bd3679bde30e,false
2909fae41657bdf3,true
00a58b0563d5c6d2,false
023c151f2e51074a,true
18b2f074ad65d471,false
16062204500c71f6,false
08edd2e91d92e3c2,false
22cdff9104cd8729,false
071186c6f1f69705,false
32b95e1f1022c4bc,false
2679d80266b65a03,false
107ee19d219c1708,false
29413cfb2cbc9e63,false
1ac015d054be6fd1,false
2fb683662b545537,false
1df790154eab65ee,false
0a7fa1b4f5fcf902,false
309ddca698142a0c,false
03ae7e9947d0e219,false
279f3c989b5c0ddf,false
16a8670cc2669c38,false
0432b2f0f637eaef,true
2948eea4d686503a,false
0cd73fd4522176c6,false
0d3decf4e4e3dc78,false
1b22e6a34e61a5bb,false
235128786a5190fc,false
1b41e601af73c0b9,false
19986bea1c9d8eb8,false
0e7bec513de0e835,false
207236621b2f3036,false
2f05bfe296633961,false
08fa3035623197fe,false
1517eda8da1cfd11,false
13367a7b776ee7f8,false
1c68c8178de85680,false
1aa598a82400fd9a,false
2eced960e0430d4d,false
2ea0ada270d7f866,false
155ded2d968d04b9,false
136092887be216ba,false
2b19b94e0b2ccc81,false
1da0200b3630eaa3,false
2f6ef160d9b59d67,false
0c5f51ce232600d1,false
1d3294f0e1ac9a55,false
236760507efddd1c,false
2d6755137eb50ee8,true
2ec99e9f18769c96,false
2635b0aded87840e,false
32dfc014ddb7f072,false
008682ce629b43a7,false
23366796de843a17,false
02dcde1e8bab9233,false
2795f8fc7441074e,false
1ded2930d1c17e12,false
088262584ba2e162,true
16889dae5e758e0b,false
13b2595a165fecea,true
20f2a897080c0255,false
0c0c290983dec858,false
1a8355529e8a57eb,true
330a4d50b29705d1,false
2b7366e35880f0f1,false
04e77cd987bdf1ef,false
1754e4612577f417,false
1c5afd1a2ac8cbad,false
0c63b472e7ee0395,true
3185820743effbd2,false
330cc03e9e9a3f48,false
31b1051c52b87435,false
2bd19b8153d0c1d8,false
29f92d642dc47e08,false
1d59b694dad06d64,false
32f5d4bdc34d3b5e,false
1e9ebd79df7a7f19,false
0a85f905d26c3264,false
0d42571b4afa03d5,false
1833df941ec80a84,false
2df0a0f94beffa56,false
0965780afdc1de73,false
262baa81cd2e6757,false
20d7b062c5a43918,false
2ac25f3cdd2ef20a,false
13a9d750a90f85e4,false
0504520957946f1e,false
0751933f8e1735b5,false
30195d3c29ac137e,false
1f58032bde7a9881,false
157994aa628587e6,false
029208998b0dd840,false
08aa664b63406285,false
21f618d00176604f,false
28883b068ba97b43,false
2ee224090b14fcc2,false
0d3df9b54abff73b,false
01b15db9068d4494,false
21454448ab5f569e,false
10adbec2058ba04d,false
1c32568dbc5f26bc,false
0be6beb4b802f63d,false
09ca445268d1fc36,false
165efe1d4cd67acc,false
0674131a59cc884a,false
0744d94302b7554e,false
0009033a07944ac5,false
321d6a0a158ab046,false
330b8f36babdc43a,false
04d5786f5ff6dce1,false
0e511f092df94589,false
00da0053e2b3491d,false
29f25a7fceb39eab,false
0eb4a51d11d11347,false
260d28ab59aa133e,false
24c6272e99add8a6,true
1eee4625eb54fc55,false
00e5776f20f2e1f1,false
160bb083bcac776f,false
0f01c4f6dfa6763f,false
25b52727c4c31cfa,false
2871d567c6267efb,false
15b181d8b8ee8a69,false
241de7b406c64604,false
19ff2609c52d670f,false
0b6a3a30f559741e,true
02a302b679c42789,false
0ab463bcc69d40ca,false
13d4a8f284eb8900,false
0b6f4a3c47c972c8,false
26c98707c9e3685b,false
0299c7ad075362c3,true
1fb85ace763d9e90,false
243aa78332e8a74a,false
0eaa27ca41ba67e2,false
211583938d70820e,false
32cb94d1d46ca503,false
2b80c22733317a75,false
297120ff29f9669d,false
135d42c285e64d27,false
0519763d9f8e747f,false
06fd4f1e588384ff,false
14c0c72c26add933,false
18672d5c67651d9a,false
1122d64339299811,false
138f6eb2b40b0d95,false
248053fd9f390ac8,false
14603420497a91a6,false
32130bf24f92ba4c,false
2fbcd2268fd53631,false
0ada4face6168f01,true
0dfcb34afd270c12,false
0d871bf574a98ebc,false
14ac16916e9b431c,false
24cb20cc46b9e13c,false
298b23f48a626f5e,false
2838590e6694e568,true
0b44955063c632c1,false
1a3175a01a92ccf9,false
281e84dbdd91ee4e,false
2653b04234d850f1,false
03d4b20577adf6d7,false
2e477b43ced3ceac,true
0b98a46165df62de,false
0965807806df205d,true
21501f95a694a723,false
0bde5cf453915fbf,false
21aa9220ad925c5e,false
18bc6bc346e7b9de,false
040f05d40fa5afd7,false
31b833b695e7ecf4,false
0c09d221d9e4d90b,false
25e5375515dc9eb7,false
2cc92afcff59e8d4,false
1ab6df2a71a905e9,false
1f03e2fd25492c25,false
32cc94a510fd2f10,false
2775a842bc46e8ca,false
0aec73eeab2b2f76,false
08992571b5ebd230,false
1cff1da833e402a6,false
0b3fe4416092a187,false
227869f0c1985144,false
2b3b5e502bc2ff27,false
03776f57aa84ceb0,false
032efb0e616d7951,false
04a5283220cc957d,false
20c11fc8ed153d76,false
2db0dc0a18a8a4c0,false
2c517e4dd669c85c,false
1e2b5c84f50e3e38,false
236ca4160d8b4193,false
2b83e32587a3b188,false
19bab003b89d469e,false
2b85d258b84b1656,false
2db793012251f7c2,true
0817afaf44d2e97a,false
0c9cb41507e92648,false
30b014cc7eec7cc6,false
0fef4f93a2f182f9,false
0dd535eee07153a8,true
1609aa75b3f09a9d,false
1cca932c5ee85c81,false
2ab4a057acb6cd18,false
0b7729aba012eedc,false
277c8657d986639d,false
300dc55b5d9cf2c8,false
178e6842835179d5,false
1971d5359e69ef84,false
28ceaf9a6d431f5e,false
2fe6bb6602ff85e2,false
124c17fe60e1278b,false
2a46c547990c2e39,false
20c7dd99eee55ec5,false
19fd348a2d0a802b,false
30798a9338af20ac,true
1bd015f10b1407d9,false
2b65215c03d65321,true
0d48d8f82fb452c4,false
23918f89c3a0e297,false
0601057261760a3d,true
0bac88f718219b74,false
312b1d8715180cd9,false
2437b19f28c443d2,false
278c3ffefb08a92e,false
32481bb797fa1a4e,false
0b0af00b034f6ade,false
25fe6da77c14fe55,false
07ed30ccdc3073ea,false
050beceb3b479a17,false
0bf7962d8946195f,false
1bc2e3d200e4e22d,true
2acd3a6e2007c868,false
267614ab9e5636f9,false
15d4365c5e1e8da4,false
28ceb804cbe32f40,false
2df4e001a4cbff32,false
1accf5802918f273,false
2967a4704299e1e9,false
1b8db45b7fa47dc9,false
0254773784b9d3c7,true
1521e002d369c5c9,false
200608d7b3df148d,false
1537ad3dda042ade,false
177ce0f0f52bf074,false
2b28c725b1de7cac,false
2bb47b3a8ec3d89f,false
099ee60546ba9fad,false
1c6b1a22479206d7,false
2105e9f5c6ab7d88,false
25efe2a3b37897fe,false
29dcd0e9661d9a4c,false
280fbbb34cdf7261,false
206ee9f9817bfa40,false
06ab4915aad8db34,false
266b45f23b5a3907,false
1812a6b4727d8ccf,true
0a51af4dc38cf490,false
2ff08bc7a9625db8,false
21711fa38396b9d1,false
115d458225733e17,false
27b292ed122c8d9a,false
0b467cc2360b1946,false
1e5beeb8576b1586,false
1f8e8e7c03f2281c,false
1baf70eecafe70d2,false
0dd5d16b04874fe8,false
12140b80b4abb9f4,false
282cc70da7aa8525,false
2cdf685e608fc64e,false
0bec98f732d98117,false
144ad6fa3cbacc34,false
201e26d6b2a0ab22,true
2bb04f8668e1c802,false
1fbb2c685a7cef8b,false
05fd1c63cb15f5c6,false
0ff587a4f66427dc,false
014b07cfe6efd40b,false
07fe7ac0ecac3851,true
0864e99999f14d5d,false
1120700119593aa3,false
26d999ce46794df0,false
2e21a625df432d8c,false
175caef82df54f12,false
1658b306d7dda82b,false
2f5e6d2211adf19b,false
26c7de6cd2b8f6bb,false
23d5563c6b07ae34,false
254b55f678587a9f,false
265487f74a7b2aa3,true
00fde7ae7030803f,false
104129e8ae0cdc1f,false
282aee4bb19ecef1,false
2960244e703a3bf8,false
140e4e18f7ad0e05,true
2f574b32416ebbe0,false
3287e87c110e1ed5,true
0b53468bafc21295,false
053fe88369b7bed4,false
174f897260215ccd,false
1ea793bdb7fc3ca3,true
3153403d85614b84,false
26395760b6bbb75c,false
1ea93ee4f31e253a,false
071fa38589b6bcf8,false
2cff64cc18011f98,false
082fc3603f357494,false
0fab908a295a157f,false
18e5489700361089,false
1ad43239b3c08b8a,false
0079b83f6bba6bfb,false
071bac7f928da706,false
10c6650209f3916b,false
10bccb638d5eb936,false
19645e4410892c68,false
2ef0d704cc417375,false
0b82800423af46ea,false
1d9a1b7fb3e3c249,false
2b85d34918f29fae,false
280a098abcf9190d,false
05466066574c696d,false
1d3e2601055db7d6,false
2c268cfc9a6114d2,false
29a65f1d7ab08801,false
215e4682a7cf4847,false
2c8fb28957b155f7,false
1202605646094d57,false
30a9cbf1b96bb57e,false
0160c9252796d5aa,false
16a6a305445f8a56,false
25cefdf42dedb030,false
3127c6f3576cc195,false
05bf4afb13c34dc2,false
0fb6d0e11d031023,true
0ad7ec3d1f70911e,false
03cc52388df51951,false
0f7cf7e087f81772,false
2029d0c08b47b109,false
0a7704c290b70abe,false
0d631aced9a93a2a,false
1254d73bb2410a6f,false
0cbaa63a0e87c87f,false
07fe55cddab09a8d,false
0f46baecfaa78f8f,false
08b5eaf1622a9793,false
0945f01593ddfd00,false
1f249b6bfa57f775,false
0cfe65c286ec5e8e,false
168c83ad1e5d7b86,false
1fc8701aae5e47ed,false
15cc7a1f9786b646,false
0533ef3f5ceea6e5,false
02b313251023db9d,false
12dbb19826040765,false
0cf826a6eb44c9a4,false
2d967acdd0f48550,false
2a1261a79b968ded,false
239b3eff0f9f884d,false
05115cdd6ab48d6d,true
0620d5a38d549092,false
20bec5874022f8b2,false
01f9822044deb228,false
14bcbd425898cc43,false
0d8befa2b66f951b,false
08e9d6ab30912326,false
037a97b34bbf8be7,false
2a99e639800e7e0e,false
236e38604d4f4e63,false
1b821ad91983ebb5,true
0a27d51df1a8906d,true
03a87fecc0ac8c13,true
16623be581d72909,false
27fc3282a208666d,false
163994b04e26d1f9,false
286984f9fa9a0080,false
043979ff4821a26e,false
00e07a51c897376d,true
0438098a467ce632,false
078ba7fc2790f679,false
2842f1907373ecad,false
1fb9916f969ef739,false
103f57350d3963d8,false
11f5099c558e52f9,false
0cbe8a0d379c8bf5,true
0c886d6e4350d1bf,false
31e59abda64e586c,false
1628b4400b6b810b,false
084dae33aa6a32b4,false
19ac477a007f0a34,false
2fd160770dda66c6,false
2347fd9ac078b497,false
14c505293e006402,false
189ae639febd325d,false
2856178b3067e751,false
10d795b42401c495,true
236584bafa2fa824,false
30a62485f483fe18,false
0903f74e1b63419c,false
21bbdaee373fdf2e,false
0d16ec4c5209f279,false
18ea73d97c12059d,false
314a6aff7e20ad65,false
2f24837a28f891f3,true
12b8110a9ea5b985,false
320ebb6777d92e1f,false
2957ec0d23c53d4e,false
3067acc090fe9191,false
32bffd0a1e1e789b,false
11292a7e9cfb65e1,false
2bf02d635ac55f4c,true
2c0726239a6a03d5,false
1efc800f323a082b,false
1620c629d2ef102a,false
08dce9915878c64c,false
2c87396c252096c1,false
18a6d691ba53c6ed,false
2a9c114d64544bcc,false
30265d6ce8a30aa1,true
24acab9685b676f5,false
0e22a0ff0880c8b5,false
2852909908061d81,false
294750d87822eaf0,false
235284a2e1744323,true
235ffcbe6052bffa,false
01b9dd9663a8f6b2,false
15ae8bdbfeb114dd,false
190330602187e2a0,false
18568192438c6445,false
0216602dbe93dd14,false
3101259c7771bbe8,false
3254355514b25010,false
26f5fc8e3effa003,false
1924abef4a001cb7,false
06f67015472b758e,false
0969c2bb4270ce4d,false
2d92188b92f54135,false
238165d728eb1bf9,true
2d839b14b4cec0bc,false
13e9c491fb84e4a2,false
0973a9619244c261,false
10b94fb2d277aea0,false
2a77cc3ac4d48b02,false
20a530cd33fff71c,false
11f0aa32e363abe1,false
24d8ba03241acb61,false
1b8f6068e4b1538e,false
0d05742317a72281,false
2b903ba4d1f867d9,false
0d87ac0d2eb1c0ff,false
23472c62ef32200c,false
193b3f342e29400d,false
2f9bded87b95f0f9,false
09bb4bd612193c2c,false
291bbcdee9120cbf,false
20da9ff9fd07fcd0,false
022631d11660b0ce,false
1f7f708394cf32ca,false
2c860476142904ab,false
06b3cb0db4e688cb,true
0e69397222c72c37,true
069eaafc15c320c6,true
0a0a24fad45fcbe2,false
0479f17b52c9bf71,true
0f3a2d33fb938374,true
0a772d897439bd73,false
32dc10f05a3ff244,false
174cbb57d62925ae,false
071d6b28d5476793,false
254235df6ce05016,false
10c79bd44bc88a00,false
1596c7c3f2fb5744,false
14538373bd0d5e8c,false
0d9b096af5aa9094,false
2599fb81bca226e9,false
1604639a7b73fd1c,true
14c030561ffee7ec,true
2fb3f2504836a3a4,false
1c6fe1601c7d0628,false
13c6f363701c60bd,false
309e7387220a56ce,false
2c86b4d2e7b0dc98,false
2aff05d86b7cd451,false
2f18e65c8aede6e7,false
28d75c2205602bb7,false
0af6142ebc20de66,false
1dd19db1321bc1f1,true
00b808df86c731f3,true
1a580946e841d25a,false
08b2a00fbdd782d2,false
2ca4a28b2159c9c1,true
158773b24771fe5d,false
07314c9c2e029b8f,false
024260c40ab9286c,false
2b958872009fee5b,false
2174de969dbb07fe,false
0fcc33d75bc9c2a5,false
074c4f3d23dce9c0,false
16d3967530ee5b2e,false
15c1d6d21a96ce9d,false
26657bd4609ff100,false
1c828774a787343b,false
0ffa02d705ca9fcc,false
25816ce8b55f0040,false
2ca601c54b8d10a8,true
0aa55bd5e02b9da3,false
09c6c2eb5093b75b,false
2a7e930e4c6d679b,false
32d5808bf9c7effe,false
0becb229649b2f75,false
23b2ca92eb217553,false
2116be83108ad39d,false
2a290f57d3a4891e,false
111419b48e8b21b4,false
1d3e17cdc6b74add,false
2d174d589a45ce5f,false
318ac98624cb19f9,false
0575985c9cac990c,false
064f39ccaf7df00e,false
3104d62104a4cbbf,false
10f5e1a70142c189,false
1999098be74ba518,false
128c66f8cb4625d4,false
1007c67e38bb603f,false
2fe61bb7c807be80,false
317d947b567969d6,false
2753ee2030b51577,false
18ac772c98b25f56,false
1504acf07deeb473,false
234b41f07788094a,false
0e641fec06a4f45e,false
171a92a51c20e118,true
11f50aa114f9e0b0,false
1e984a362f23d826,false
076f627203f339fb,true
2a09c363bec935e3,false
0e9af23bc46109d5,true
0522b450cc038fca,false
0b50bf7dad90f66e,false
05708cb22f37a630,false
10a96df5ded38261,false
1aaf9b7b67945753,true
30743b250dbe577f,false
2111c56d80388803,true
08446d8428bd1f54,false
0f3b6593202bdfce,false
0020b50c60c19f17,false
142645ea62f44f48,false
21262ec1d0d7df6c,false
0af949c185b9f851,false
1fa123bfd8b1c1bb,false
16a572d7eb02c340,false
02ed6bfb07a4b925,false
1755e97eca616897,true
199e90f7719ad0f5,false
26b165ec5a9e7ac6,false
162516b5214251bf,false
10c8b4e7e69efba8,false
03c0eb6ca7410d27,false
2485e0243a061756,false
047a704542046d1b,false
1dc2717f8c2f7b8f,true
2278ffef6234a87f,false
1d3b566c258bd98f,false
2e46ef12a4769d18,false
18605b6628627021,false
01452e838a316051,false
167bb9f24696d3bb,false
2a39a94c5506d81e,false
13e29fb08ca566ba,false
1de81bdb6c574a00,false
2ab48a68275731b2,false
0d0e3aac75ef6c78,false
1fda5369bd017311,true
1a0e453affb9bef8,true
1a61933c758d5ea8,false
1f250fc076e9579b,false
1c0d737344b787e1,false
1754cee42dbcc929,false
212af93ed927f2bb,false
22419a6e3f278301,false
263a239dd1aa5c2f,false
133d945dd07348fb,false
1d5f9ae84f92178f,false
2c91bb2044c0fce6,false
08d253d6e6719c76,false
287d3afc29f1c694,false
32a09696bf239263,true
2aaa8ed293360761,false
0645416a096168ac,false
2a91dc684f0fc010,false
02529e276f5742d7,false
22e4ffc778586774,false
1766771f1f92789e,false
077bd24a8fba064f,false
2394928a9431e943,false
15f74b2461ce613e,false
1ef7e2c82192455c,false
1f2ecc2e6a603df4,false
08cf31ed5dbca79f,false
31911efac90f1b15,false
1ba38d9093b793a1,true
091875949e4d2360,false
06486aed5b0c3c29,false
1b6ff8c96c6241fb,false
2e4eb2478519cf23,false
1ae58c7aaa937ccd,true
020a50df3bed191c,false
27fb709e9d26d120,false
05a1b491c15600ce,true
2f6a2b5632677b2b,false
06f83d24879bd314,false
29d0cd2396f13a2d,false
202e4bb84a320bbc,false
2b562557a30d20b4,false
1b892f754ea4de0a,false
0357ba9cfb160e65,false
0fc91b90faa1f5e1,true
036bdcd4c42be556,false
09fe94164c81c546,false
06947834d1767d5f,false
0ca6b97e74e528e2,true
28aba2f16183c833,false
309d0239637f7456,false
2c74b7846ebacbc9,false
294351956bf3129f,false
05c6fb3792d58eeb,true
115bc5cf0a0b2a2c,false
294ea5dbb0729740,false
1d51d7b6acdf7566,false
0e23756e59124c09,false
02e388d707cdf393,false
10844d155ef6d6a0,false
19b5bebd92fb560c,false
26b84cf9184f3e16,false
12482eedf0818d96,false
238094cb171d4163,false
07fb01dd98679e73,false
09ff7152b27b7d7d,false
1c78b5e0ce0d5e96,false
22d95bda8031b6f7,false
16861b1ca2bac70a,false
18b0c5c5b4a3c10c,false
00c67468616d9ef8,false
0f49d09ad696ed7c,false
100d4f137e647925,false
008093b3b7666b76,false
1b4d6f774e03bd12,false
0e3c8004d122eb94,false
19a9988cc513f829,false
1dd4b16ed280413a,false
2c79e000e3665431,false
3316a0fde4bbb600,false
2e1dd393987cb5a0,false
1b9f8ebceed03a6d,false
2744ccc6c9e02476,false
16a5663240f50b73,true
1acdc6625c199628,false
25ba3b2fbd334b41,false
25e26b70f22cd826,false
09c1fbf5d13c2de5,false
111befe566bf83b1,false
04c73f0c2ddb9498,false
23145bdf1c92f558,false
1476667416843434,false
2c8eca99473e9eb3,false
0f762a4b6e899f00,false
1dd62bfaa229276d,false
26dba83a0b8ec3d7,false
2ddbb10b550e4747,false
30bba98f6851cf11,false
11f707e5856af111,false
2c4b269952e70501,false
1d54f3905580ece6,false
22c765461ce814ef,false
0bed0d7ea31ae330,true
0cf133552551a991,false
321c01788e214219,false
01f25372b0d83621,false
273c750e035daf5f,false
1a5126663d5376e1,false
1a265fcc8e82deda,false
134e94a90a056fd7,false
2761b46a442cd333,false
26607c869d9dcdd0,true
295f5b498af7dcd8,false
11aa5bd1d0afeedc,false
259ea364696058e3,true
04bc572ad01860b7,false
19f9249345fb7c6a,false
1e93ff762fc3e0f1,true
0c86ec7f56ac9a7c,false
2a87135d6e330465,true
2901ac27a0ad185f,false
1d28727350882910,false
20d91dbe0c1ff34d,false
0f1920170f0c76a8,false
0f6a2ee21cefa71b,false
0ddc4bc305a65b18,false
10869d193c54d393,false
23d65c7f30ac1464,false
013b21cae2e74478,false
252599dac6c568ff,false
175c539bc2de0986,false
28ef60605e75f4a9,false
1697d492a40384fa,false
28ce04f39fee8837,false
1dfec667c83d677c,false
119872e17d5459c0,false
302c3ab10ecc17cf,false
2dcabe41de0d657c,false
051bee00aa416775,false
05bfc76393203877,false
170cdc3de679a355,false
0d481db7c875f320,false
1788476236a3a945,false
3197bf8c0b897f5e,false
17690c53b65f4150,false
136cdd33e0dcf575,false
1feb221752d1ad0b,false
1b580e95c193c8d3,false
20fe119eb33d6396,false
2a4a36034d4fe3bb,false
0760dbe192e1847e,false
2d2eac84860edafe,true
1f067d91d3af3bcc,false
10a5033af149e83e,false
309d440d9075f18e,false
2cd48b5fad5c8965,true
297a9ad50623e21c,false
27f59117838102d5,false
015f11270eb675dd,false
1f07348ddeb70a57,false
3109365b4033df25,false
11d7fbdba36c19ac,false
29fa31ea680200c3,false
089cbd7404c3f809,false
25a96a3f2c20b5a6,true
016d879dda0bf885,false
15116d7f0c2ec23b,true
1a84b286d0b0c5bd,false
246676ee15e62c3c,false
053550f4eed353ea,false
2436edb1a6555460,false
11f63150144f71bc,true
24460ceb37a167eb,false
0f18318a18b3f7e7,false
300dd51f6ab58ab7,false
21c5de9693723946,false
012515439e4c474d,false
2b195f174a6106d4,true
079f40b18bc938f1,false
12c0002cd9d49466,true
014d9c7d11b9209f,false
2d282e4294f84c95,false
1d5715e2592aa561,false
178ed1b64ad87929,false
2e482d7baddb4e92,false
033cdacd4b1f5f05,false
2c69a9a512c4b63d,false
2bfbbbcf73aa0c07,false
1a69c8d76efd4468,false
0e1dd84d81974dd1,false
1879294e926423af,false
03439a3ec0f8f393,true
0f6da455bd20a681,false
01cb6ec27b2e1325,false
1d89ce1eb422d33c,false
075f120b66f049ec,false
14bad0bdcbf2f703,false
182178ca9b50adc7,false
195ea04976165bd2,false
26d664883ff7ca49,false
245d49fd77087f95,false
3306949598226207,false
19237a38e413ceab,false
2d00aea400900a2d,false
022635d5b419ebe8,false
0ce18182c3c85672,false
1dc30a001a37ace4,false
086e77da89b49f62,false
123e0c93333aca0d,false
0e11f3d3a6f676b2,false
32a8921737e7edfd,false
329ce210811def1a,false
030de312d72c26ae,false
15b0730c84459ade,false
331a1afe2e18e98f,false
2ea5f0a872d5cf23,false
2553f2ef912e8ee4,false
2ea8752316306b1a,false
1e59b40ed4daeccb,false
2541fb8e00b8f9b7,false
2974aebd2c7c4627,false
1c907dc30e00f767,false
10ca62b44ce450d1,false
09e419dbb16c354f,false
2661d8a390b05e8a,true
21bb8ccca544936d,false
0853b4d39ea11a8a,false
226e75bad1a80d0e,false
2a04bb8770441f5a,true
0faeb519f1fa2b34,false
192dd403462c65a7,false
1f68638bd385589c,false
07d7f9ebc332676c,false
265b173abb1f7dab,false
268be2026126a969,false
0b530c6b8f4ad722,false
3329d461f90b43f9,true
26ec08b125272a01,false
15d7ff289e0dae55,false
15b965a4b3fc55ac,true
2c95bf5a55af8e30,false
18bb79ace00e6c84,false
0f55a82487c79a5e,false
280b34af7a337b51,false
2a44a5d1d8f6cad7,false
128dcfea37cb9dc8,false
16121b74822c5ad6,true
158d297b224179a9,false
330a4097ad011a40,true
2af88ca2eb45c072,false
32194d2923b8eef3,false
2c6b6b6f079ccab5,false
18502b023e49df69,false
26a7ca85568c9426,false
2d9438e82766e22f,false
0c036f17bf1753dc,false
01238a1be5d57a6f,false
187e4b6089b4f14a,true
2a0145bfb7ce6ed2,false
24d76ca4ed493616,false
1dc3421d9f24b080,false
00b057781cefc049,false
28e82a1b55af06fe,false
1edf93e5f78c3a5e,true
26eb7130e4387f1d,false
2e5dba276540b2f0,false
13ff1a8780581083,false
1644478a530ea364,false
2e40eb13f97bac8c,false
036032eb29a55640,false
15bfac1ddde21520,false
2c7567a0cc4e3823,false
1f02f8b062f89e44,false
1f657340a54285d0,true
14f956b7bdc44161,false
18597abea0221727,false
0f6f63441ceba473,false
280fac10f48b6d6d,true
258a553641cae454,false
1fcc1d407bad5387,false
2d14f4e5e270b2df,false
1e847b40c54b9668,false
20884a8a605fd211,false
22559059f7bb1638,false
193f179637b34d54,false
2827ae071823d18f,false
23b30f40661b8ea8,false
2b7f31182d423b35,false
047b4d82663c9fb5,false
2a97aa1ad71a3c49,false
0f51be40f98807ab,false
0a24d204e16a506f,true
0217522b3a397074,false
17eb7177fb5e30e3,false
0331f50d930853b9,false
29e72ddfbd1a27a9,false
2b98f513f920b2b0,false
2f32ca93f7789ecb,false
1bf3b52a73b7bc7b,true
12acccc46e59ec88,false
130273f4b929ff20,false
19d1db9aa08c59a4,false
045e8c20ccbfaa21,false
1611f3151564ef7b,false
2f0130092e4cc42e,false
1184f2e761de83e2,false
23b278141b64dadb,false
0daa42df8c6e06df,false
2d173981e83560b2,false
0686b9c72c01e4f9,false
2c6796ac7899818a,true
1f57af0e42dd9d3c,false
22b85467eb4885ea,false
074b501a3270f273,false
1fc8e773e34c483a,false
2c3dd6bd122cb81a,false
26dabc909491f1a2,false
326540c9bb976388,false
1bea5ca53a717ee3,false
055d3fc9cba85d6c,false
0db66e87a07b2a15,false
06b8443fca78e93e,false
28009882f2f7e260,false
271a21b6b0fc67c0,false
29d7ac993d2d1279,false
0ae0e029619f7a3c,false
0b4612224768d0fd,false
1b94492062163d33,false
1dfa64a59289d865,false
28785ee1265f3e8e,false
2159af1de20b5039,false
09e6dd973467585e,false
257a987e7ad938dd,false
0e992eec47bcad1a,false
23a83a29f9fa1a81,true
306c3beeab0a8bdd,true
0baaeb1874f93fc0,false
281a5cb9740c29ec,false
292a2edf068f2b48,false
2d0c1c6eb1379ed7,false
320331b1d226bda2,false
0cb822f09b15c3de,false
1fd5e5ec903e2382,false
17ae2105904b736c,false
09cb2e73ea575ec2,false
187eaa60be7efcc0,false
1b325eaf6727782d,false
0e83c76701eb66e2,false
303dc8188d3bf9a9,false
17c19c1dde187d1a,false
07ceab90d6be1a6c,false
1f928cb76414c980,false
1b5444bcd78bb769,false
1f2c5713fd681ba5,false
052e06da2bf6c381,false
1d87e348d8a897ed,false
2fc95e31acfa20cc,false
20e4f2f717260eb3,false
05724e3e69e6205e,false
30d2282ad32fc04e,false
2f87c491275e4ad2,false
2b13e2dcfec544bc,true
0ec84cc6d652a33d,false
27c4a50b13d486c2,false
0ca18f71e730b4e1,false
0c7b30bf70de6865,false
0e537b92e46dbec5,false
0a957d5b779b1ee0,false
3296cac41d14034b,false
0b6ec24a4dcecc7d,false
31e078273ed1f4d4,false
0197ba3b2477b3c5,false
18193e815d4315a2,false
0a444d61e8b11e5d,false
0f4ad388666e27d9,false
00e7e01cc1c52e99,false
179135fc11def171,false
0a70b67b663d1f5e,false
2a42b9e5a59f3c2e,false
05dcdce1049794c3,false
25a991c0a8c8fcec,false
26b7e9fd366f2ca0,false
2bd796383d637518,false
2f319304604db3e4,false
1ac1a37562888615,false
181ed7738fdf132e,false
23e45afd2eff00be,true
2932082f551bf1cc,false
1121090ea36a3035,false
1aa33e1fdecbce73,false
0eb675a569693ab1,false
0edadc5ede72f353,false
1481a16e1ace2f6c,false
03292b8883d681d0,false
07c0f3790abaae32,false
2ad2b8146d8fc213,false
07e7b5f4b82aa141,false
03a1d6130aa739f0,false
2c0cc11146f41f4a,false
1854d8ab5661291f,false
0642fa100487bd0f,false
18db63810f7a078f,false
21a88d92b1ef1793,false
1fde2e1f6cc0e76b,false
164c6955d8b926ce,false
143848623a0209ad,false
0ff0239a4d2009e1,false
136746d84144e8e9,false
0e7db5ef80239fdf,false
163cd57e9127e2f0,false
07f02c4af7818fbb,false
02f06618d01c7152,false
02a6a644c468e1b2,false
2761757b0fbc271f,false
0d8c8b5b097cd21d,false
06924b0b06dedf43,false
2b854b0b1a6f26a9,false
2bc8802100abbb05,false
231e2075bff40e73,false
28ccbaaa0363eae2,true
17f2697a518019bc,true
29eed62863dd7d0c,false
25403acd3ce353dd,false
0f94fe6b95376da8,false
079c106c221cd796,true
27e0a792cb997014,true
08b9c61b8c3ca5a0,false
16ac354ffa86c9a1,false
2162341c8cf3f763,false
1bb41a827c3b7f9b,false
2f25f2206df078b0,true
1381e5b094cfa735,false
0e8418cfc9dbb1dc,false
1a51889619ffc2aa,false
1f047270f33597b6,false
2bfb45a9e6a08800,false
1656ceb6b55795b1,false
2be30337f83a337e,false
2184ef6cf5d3822a,false
0574b5f64490de41,false
2b2c48ffbff3d375,false
25024646d632ece7,false
2feb0f9027366286,false
045e591f6872bc1a,false
2576efd82d4c6d69,false
02aec614798f8d55,false
0662e1f032928022,false
0a1506428841acfe,false
2d4214c7801abc22,false
2ccf14ebd2056fb0,true
095cc240c70f5116,false
1eb4571db81d2626,false
10b6b9f3fac17db6,false
2d22bdb762da0789,false
19b2d4d9008ee8f0,false
1bf6d72e7b4fd450,false
1353c91ccf84d361,true
07a377d4083492ad,false
2ba8e719ecd15235,false
119e6505dff1e5b2,false
097d7f1ab7478666,false
16a187b118487bd3,false
072b72e64b0de48e,false
03aadedc44cab54f,false
0e2ea319340edced,false
24f6bd2db1c8fd5b,false
2f3a481b11d1fbdf,false
234bb54e99018470,false
285f904d07c1e256,false
0755a565c139b3bf,false
049f5aa39de3752c,false
0c7682f664870242,false
0714d9015134b0d8,false
0ec0a553212d8621,false
168d2a4d6e725792,false
308bd14ef1fb5db8,false
0c7c4fc2b42b7ec8,false
30f9546493a12e14,true
29baeaf097e059ee,true
0155ec10fa0403b1,false
2291e897f0fb9d06,false
1470d354f7dc77e0,false
2c1967bda479705b,false
0a32d92cbe6b7721,true
007f78b558bb34cd,false
245f06bc0c692e7a,false
30a7d0f4d0fa9fc9,false
2f51a9d8baf0bc44,false
0047b205b59390a9,false
235ee8e63c5862fe,false
1957aabb5d1620fe,false
069025cfbbc04999,false
141afdb7322e3fc2,false
323395bfd5bc2d1f,false
11884727f6edcc33,false
06b4d672b3cf9995,false
26a56dfc65a1b64e,false
1f198796d7e45626,false
008401cba99b0482,false
2a1a65f637d0a625,false
23e73e08b34e90d1,false
14e1bbeb1ffc508c,false
13c2cd637578e8c8,true
04b1b8221cd37d03,false
2b30576face8006a,false
2f965693156846c3,false
0ecbdd84e3b55c05,false
1e56516d65e35f81,false
1411d233d9599eee,false
10e66c6684bc1722,false
1d6bf5213bdc49d1,false
12df8124da9c52a9,false
14d0bfdaa3caedfa,false
29ae1d7b4ff9d7fd,false
22c45c3451ebab46,false
0b509512dca9825c,true
2e87ed95b5094934,false
18660aa20bff9080,false
2d0a015f52999a93,false
2658da6e6d7a0d0a,false
06a9aa33f6cf965c,false
046f49ed96821210,true
1bf4ea8ff161e0cc,false
17af84a91207b65b,false
0c6f140ab5318662,false
21293165691c9ee7,false
10af4f076eaf3b42,false
0a193e788f6421be,false
284b96dff8c7f5b2,false
08e0b565f2c52a03,false
29ba35865f32fd32,false
2e795f46f8c719c6,false
23a34f32b4483458,false
2c2e964e7553b396,false
332b672dfe439092,false
0002bf02f34b2d00,false
1e2e3d84ae367a84,false
1396c1ce04dc725a,false
0bec1a33e33bea05,false
19424eeddf6dad9e,false
1435c31db13d18e6,false
1468ceb8aab1f482,false
0503ed6fc5ebade1,false
0fd84b093bb6c8ca,true
1c4070f1e4233362,false
2e0bf6329a564934,false
22a47cf7e8c976a7,true
19b9208f4288b5cb,false
273319194b247b1c,false
1fe3b3a2de3abbe2,false
029d435e30e4b50c,false
036dd6762b6a1e00,false
18412b8682cc454b,false
0b1bb33409b28231,false
266241bb9bdc477b,false
13db87d8388c6933,false
1b650747638cc6a0,true
0f130a0c4b6fd562,false
14e6cd52fb7f0e44,false
1663e84efc9818e5,false
11e2b61ec6ec493c,false
286266be103fe6d3,true
2a503c100d879755,false
2267be6025a7414d,true
2857444d39032a87,false
32309ec7d5229c50,false
020e45a4c4409c81,true
23003a5fa4261cdf,false
18d2ea70cffe639d,false
15ccd313fd783542,false
0e51fa144fed3139,false
13da487d4c2abd5f,false
1b9d3c16d9a7f7ed,false
2222695ad65d6731,false
27f4e21f81106570,false
31e7779541eee53c,false
1427e09580afd9eb,false
0a66b8c0b71327c2,false
2253f945dce4a5c2,false
023bba7a9b525ba8,false
27f0ad0a1f9eff1d,true
269d540c53fd967a,false
1ad3be89bfcab97d,false
3217f80a52d9a3cb,false
112300aec32272ed,false
1c221e378cc1f14f,false
1b7faa9d464aaa16,false
02810836a3553cc7,false
14fef42f673a9951,false
225d0aa7d6b5a42d,false
17f41b245c458fc0,false
321a238472ed3863,false
08eeb31e3dd43c45,false
0034bddd5a2fc78a,false
0dedbb1c19e84ea3,false
2e16bd19eb33e5d7,false
225fba054c8a18ee,false
14a17db567491400,false
112e07f79a42786a,false
2b39c7082eb50719,false
09cc6970ef794f8e,false
2c7071a1c763da06,false
03787b751ff6b91f,false
1b56e845121b5b8e,false
05812df4cd1b73cd,false
2992b12bad8d730c,false
2de2196add2288fe,false
1b175ba333022d21,true
22d57cd59d0e81d4,false
1c437ca2909d0560,false
29080b5e2b99bbda,false
0bf019ca71e2a64a,false
0f35ed25c5a01622,true
1dc43c4aa126f7f8,true
1aceb4c98895b1d5,false
15e38171fcfb36ea,true
2031db3bec437a21,false
0df53c5a96cf3139,false
152392f85c3cd2cf,false
1baccb11934aa876,false
0e55c8345580c9fe,false
2d85380167fea422,false
2ffa5db4aa6ee114,false
1c7bf0886d9c04fa,false
106f6f2844a2a9f8,false
11a3d5dd00e66e42,false
0fe4f27d0c250c83,false
0184c0399538d4ea,false
1ec34b0d0b4fcca0,false
15cae3b9540747e1,false
0d5f4eea8467b66d,false
2d56f654c522716e,false
1a173606ee6806ad,false
0da80eec4fadc773,false
16384319d12bfeee,false
00435632056e2b43,true
168463bd6a7c3fab,false
2f6f64f6358508c7,false
157b6cb11c01f801,false
2085050718c4b0ab,false
0970a66e0750ef44,false
23632ff4e93be95e,false
1215facb6c615180,false
2dbcbc3ef2f33675,false
226a92ee04140406,false
0cb0b77ca6cfa7c4,false
208f613baa0eb079,false
0e3b965bcbe7750f,false
13dfcdaf62f19321,false
14fd4fe093c86f14,true
11f4a7b62e996346,false
12ee7733c8948a7c,true
3029e5571e1c9bd4,false
1e92cec8e0a8edb9,false
24d94d6d57ac32d0,false
0182bd5afae90a0d,false
01a178d19d63457f,false
20dc89e7305b411a,false
2e93878bed3fb41f,true
16ca5bec13df84a1,false
2ab0d279a0f94a18,false
1658a3f6d06f5610,false
1a0034e0e51bdd44,false
036064de549b576f,false
01ad87ed1c142f68,false
3208f39f035b6b24,false
2a8447c0c975027a,false
08801569f488bcb6,false
21790548ff642831,true
0caafffcc65db9c6,false
1ed212807638b033,false
131cd8f0c38a2262,false
01c0f0956728a0c1,false
06fcce68ae0fa3ac,false
2a927f6a3d9da585,false
1bb129e9dafa213a,false
091cf2369c5fc752,false
01d22e926956235f,false
0ee428c6cd075c14,false
2f8b9c6c2df9d9a4,false
0a1d104df90e4269,false
0d100f9b24bf062f,false
08510636e8cad7b5,true
07ca22d47d0df4dd,false
2012cceea805e2d0,false
2531895e289d3ec3,false
068d43597904fdb9,false
2c237caf3c9feab7,false
20aadc05cd9f25ed,false
30ad46add4b16069,false
00595dd95375f6c2,false
1e23af0719136931,false
2b7479e5676c9cc2,false
192485aa70dffd6a,true
129bc3f1d5e0b82d,false
19f8346fbead4907,false
2b3edd932d199f83,false
30040c86d2c67850,false
0d081904c4f4d220,false
14b3d11f3c1b8ecb,true
12d689f8aac6bf40,false
2b21b57244b60335,false
2e2de9978600ad3e,false
27f62e1a9e220153,false
30baa382a2da9747,false
2b4b42f53133fdf8,false
2237cff1188adb3e,false
1648a59aaad7be8d,false
21788e36fc2b81e4,false
0ce04305ab44c286,false
0c3dd8eed683a2c8,false
096f9510f7db1ce0,false
0c4046ae6fe309b8,false
2420d214f6cc0baa,false
0141e7f073862e7a,false
04e43320dd60c0ed,false
13a535d06b77c9bb,false
2b3d01a1a02b8d0b,false
2761e1e1b2254ab4,false
0f60c4cb4a751004,true
1e92f204471e5703,false
068085fb08bde88a,true
272414c7ac79476e,false
2815898f285a873a,false
2db7b206348479a2,false
0bd90f2e14ffb373,false
1e4efab9172e3549,false
1ad722c39fba4554,false
12a85524b69a523e,false
1b235e283343b2df,false
1b9a913d9dd5ffa3,false
0c9e4dff18be4366,false
29e3c4858d4dc706,false
1ff501f034e1ed75,false
078adc3c433ed56e,false
0dbba1a71779588d,false
04bf811f3eb6aa49,false
3135949253068721,false
270091183489be82,true
2454ce290d34ebac,false
17d0f9bccab7a57d,false
11b103add606b567,false
1f361bd3ace89e96,false
2dc7988bc5f565e1,false
05dd39f844af2a51,false
1af394f255e23ce2,false
1fcc1f4b6b23e099,false
07b4b10fb9fc45b0,false
1f4874d490c21b71,false
204834febce2d225,false
069d33939bad49d8,false
1a9dd7c9a32670cb,false
04a7f3b8ca0f579a,true
1eb4fc04d0e2c6e3,true
22aeced25f671688,false
319c9c6cd1042ae1,false
2fa046e8b437a4b4,false
0d94c19471300ad2,true
17fa5a6cd25d569d,true
233e530d7c8513cf,false
1f3db9177df15739,false
3278bc33b97ea70a,true
1878449693ed2d2e,false
315eedb4f3e96fba,true
2575726fdef8c4b8,false
0c172d562838e07c,false
26414bc4d9d5feec,false
21a0f71a69f55f35,false
11b89398ed6af802,false
23c1d1d3a15d7a0e,false
09f04556df3b51ca,false
298a14214dd210a1,false
254f721231cc5737,false
17da45323d7fab25,false
16ac342290ece9a5,false
01db256fe64f20b8,false
25d5a4238e101256,true
23cc2d6f6d770d01,true
014bed4a8e640388,false
1f09194a5570e824,false
1cf010f5ba12edb7,true
2e2a47b13f7443e8,false
06b6b7329edccd1a,false
19a573782a0ab440,false
032a4c280506fe3c,false
2aa0d9a5ac88bf44,false
175937176fc2cc2d,false
0aabeca8b64bd196,false
1d8420aecf51aaa1,false
052b0844ac960db9,false
0a27d6b0db037612,false
11a17489fd726adf,false
0ecafa386409e8ca,false
07a1933eb7287dd1,false
1723ed21e3cff9a6,false
16e7e2ee2861dfc0,false
28d4d2b2f6f0cdb3,false
06768c30db88d656,true
07d2960a9d4eb0b4,false
292cd33d49293ca7,false
1fc8172d5d0d0a84,false
2579876ce688bd25,false
2839ef3bf2854a99,false
14a836f0a75688e3,false
23adbe929f1dad4e,false
28c8e2f136848dfa,false
1ee2726f651b2517,false
048be104b503948b,false
2a4c197ea2aa95f5,false
20076d2ced9424d2,false
12eb612702c0330b,false
0517f9290c67f87c,false
0cea1adb4acbe606,false
26da05706a293c68,false
0cb923f28500bdce,false
06d8e013d5502525,false
0edf84d0a543cb65,false
282c969aa01c5960,false
1237fc013c356d4c,false
32d79b278cdc139b,false
02c07ba6886c4227,false
078b79a2ac0a55c7,false
1e0fac7b3f5ac90e,false
2ad9ab7d4ea32c1e,false
15f52024320d4711,false
024cea8ddfdc6acd,false
1db6fb345062afdd,false
315bd7d9696a7d12,false
298917b7b756f667,false
05dad56c470ac81e,false
28c5b8fd8ee824f3,false
22f450bf6bfbc469,false
09d8fb7b342bb4ee,false
20a27279b41e15c3,true
15d4f835ec314ff0,false
09575fceabd1a623,true
02760d10030977b3,false
000d402cce8f3aa9,false
1fe65e0b4884cc0d,false
32df835b422c2a58,false
1b53ee90565596e0,false
1982153cc0c9a946,false
32e3a6d4256ae7f2,false
32c8d3e521495265,true
2118b56f37c49c89,false
1ae1b358cb283ce1,true
02c1f925a1e4dea7,false
25ebcf53ba0dbdd7,false
2c569f6ae48840ab,false
31fe5d338832f615,false
2c10384a85610a9b,false
1fa992d57db10be7,false
21ce05c7759618c7,false
27ece13bd7f96a7d,false
0c73d3b4daf59940,true
22ff8b1822708035,false
236e18f984bdf5d7,false
202b85d42cc88d50,false
2b9cc1da57743947,false
255acc77db08ab26,false
20110be734a8c4e7,false
2dc488f4fe174c5c,false
10826981aa61d03f,false
051f7c84f0d3ba40,false
0663a4a755062a67,true
27341f1c99c95394,false
288be2710f4b74ff,true
01f65ce1b48b4cc6,false
036db2114f8e87f9,false
2f9ece67c6d9ba1f,false
103934b56f38b15a,false
221239742a73aa98,false
0987de02edcda2da,true
01470c6a41e975ab,false
26ca356ac4f5dcfb,false
090ac6f0001b7894,false
18ef495c9fedfe06,false
1ffa8473e5dfee3d,false
0ce22297614dfddc,false
26dc558c45774c51,false
18458d9ad98da438,false
1a2fd3448b52bde6,false
1acc15da9a2c0a23,true
22c3823577882305,true
0ae2bb0961ee5b30,true
13a80b6ede91bdb1,false
0a540161832bfac4,false
0a4a4d3b8130b0c3,false
2e9e8a6f13af2612,false
2c7bc94e604f8798,false
2b5b08364c551cc8,true
2155000643e2d454,false
2575a6fd8743c46c,false
01c3bdb9c4b364ab,true
084381290e194334,false
27dc5cfa563d0849,false
319bee5876483e72,false
0d5e518964b06c0e,false
32d899b0a5636add,false
13ed57491b97822b,false
2a4d86625c89aa84,false
23cf00db979f7f65,false
0d35e74ece98aca6,false
21d6f522bba48d6e,false
26259f2751844d22,false
020c476791d67f1f,false
09a00d3fd8978848,false
29eac8f8666116e6,false
171f63d255b15eac,true
14d2aed4e641e5cc,false
112d4e8b0df09440,false
04b764d492c9d670,false
0201cddba680a5a5,false
1b826f97c459e7ea,false
0bd5691d2b21fd19,false
0d2700954b8cb7f2,false
0678d35688040146,false
1b3082aa8b81da7d,false
2a5e4bf3e5c7c951,false
2d726875db5f710e,false
2dd05329a316434b,true
1382dee596f0358b,false
2d07a30c7423f702,false
21a3e068ef8a1981,false
1d0c820749aebf7f,false
12263363eae2c0dc,false
0e5ffbabc178b884,false
0a2e0ca776ceac30,false
04e2058b8de04d6a,false
1121a58df466a2b9,false
211dd02055b2bcf1,false
1aacb1e23a86b671,false
32a35bc0592ce134,false
260cb7dbf6030724,true
094fb537c2b3e16b,false
0a40a71c58e7f015,false
316ec2952aecc11b,false
04cad0498f7deed3,false
159bca7256f0fd5a,false
31302702f2eb81af,false
22e22f2a58f6abc7,false
28cfa6eba76fde2b,false
0ccd2cbd8727ddc3,false
1d7464c4dede41c1,false
02a1efbd5f757c01,false
1cf91d51b5354f6d,false
304fbc46aa0d8d0e,false
1f160ba276aaef27,false
0b20d143fc3ecd34,false
01e73d65823df711,false
0ff415bdab60bd25,false
23ea14df66c5b058,false
25a12e0eb42a023e,false
0c4862ce27f18b1a,false
2fa280b837885f9f,false
24f7a5e7326d5c46,false
1ac6cf4730ea351c,false
199341659d97d565,false
2c2bbc8b7ceb455c,false
30890b4ebf77791f,false
100753adcbd30af2,false
2be8dfda4c213815,false
1311bc3ba4cca0e3,false
323e28d3cf732740,false
02fc0f90a160a7f7,false
3228666aec87864f,false
29492ce965478086,false
2e3f4ad04d6994da,false
13fcb423196a9a3d,false
15c991b9c95ee944,false
1091613da79306da,false
10e026ce30fbe355,false
2696ef6ea4bc92ef,false
0ff6bfb67002fba1,false
2392a087c57055d0,false
08bf12acadfcfde1,false
24a559afa014a761,false
2826e63061708691,false
2523fdf842d6f964,false
03b895103c4c7c36,false
04d1a4465eb3eaa3,false
2fea72095309935f,false
0470628641bcafee,false
12494ff863f35360,true
13ae04b262834e7f,false
26667d7b7e605193,false
25a61348bf8bd17c,false
1c5c4ae9c481a221,true
19bb38840e468b70,false
1903e3dd8cfa80f1,false
276b8c6aed9a1790,false
0ec676b092778521,false
1ab231b32acb6110,false
2f291e4f90415fc0,false
1090e14e482e9adc,false
211d2a5f8ef29e7f,false
1dc801f594d478c7,false
26d9f185a34fe8fc,false
266c25d2b2e7f0fa,false
305581caac26890d,false
2ff25b7a8f294f85,false
29029df3525f0887,false
0f2286c813d9853f,false
2d4a29ab9b8d894f,false
03f04c58bd62fadb,false
32df68d1eb5c86d3,false
1e9d70ebe41e5ba7,false
251d768894730b66,false
0beddeaf24f09332,false
29ba1bfd3b2a0b6b,false
0a9142440e1e05a0,false
0c52d64a071d710d,false
11c71667f846cceb,false
2cd5687aa8b21ca3,true
1639ef57eff276de,false
31b369f47415dce2,false
2255f0709124852e,false
18abe11d7a99b7d1,true
1a883448955595a2,false
1449d79d84b83c9a,true
1059de086d6afc88,true
03b31e79c4084735,false
0a20af1df4cd1b8b,false
08a7b566cf0d2866,false
266c672396371671,true
28036c305337252f,false
179141ec3bf679e8,false
2530fc3e7bc773ff,false
23ed2adad4cd14ad,false
1594f86559de9b74,false
045e1dbc5e9a8fcb,false
07792f91eb42f7e9,false
1ad30a1fdf4b0a7e,false
06419485c88500ca,false
29912aad010bdd73,false
0b051ab7ac70708c,true
08a1546f3f8fd252,true
291b1cf8e9db513a,true
133e0e1ba31be11a,false
26d4c24909c6a709,false
125c15e10fbf5377,false
10f7aac341aa6723,false
1032606a40768b2a,false
094310964585d8ed,false
01c03c2c74554055,false
0ded013db72176e8,false
26070c8a91f74790,false
1887604e0a97900f,false
1a84e0a1ca796d64,false
0fad802df631904f,false
204647f8520e07f7,false
2834625c7923ee79,false
17710e252e164dcc,false
272b4fc0da91eae7,false
25e22135ffafd189,false
053dea767eb00020,false
1ae0d32f67410503,false
037e02e6ca90b8be,false
224e96907b9160a5,false
08437dfcabca351b,false
27e1856411835366,false
0577598866a57c94,false
07cf127bfcf53c8d,true
040ace693b4d81a4,false
1b79439e7c3b8cba,false
00485462a751cfd5,true
3232191f5cf6614a,false
1e725d2f94f07ba5,false
1e6061c102c69446,false
049bd09a6dbbf5ce,false
0b93d7b32b94e76c,false
19b735fb544f237c,true
1332df978fb9947e,false
246c829b11cc489e,false
06b18fc937ba64dd,false
2d31129fedc31664,false
1d23bbda2495cc01,false
0268a4704fde2a1d,false
14bf696a636946a6,false
12610dcb17bebd76,false
1d180cb7428bb93b,false
0fc22e63a64fb7fe,false
2751d9bdff9d2742,false
0321d109c34150d6,false
15092a990957dd9c,true
21d9f28af1c58ee7,true
30dc85e88c5b3e61,false
0261a2ee12727dc4,false
2979ca2348bab2af,false
31857f5b5a6ed4d3,false
02f7cf87c9fb3528,false
064a076dee904ccc,false
20e269b2d8eef678,false
1ccacb5cc350f1b3,false
0c2b0cb3824242bb,false
1fa9c8f87a197179,false
188c5718fafca141,false
2be3ccee358ced26,false
01a29af3a9fd3392,false
0b446bd2cca7b1af,false
0981c5a78a95afd5,false
2561662f883701a5,false
2beee5060b230d53,true
31e5e72e29eb1727,true
14fa35b3854cfb0a,false
06baecb83dac2682,false
1b86ad826d106856,false
1357b355f2328ba2,false
0fa39a9dc96b271f,false
1ed3b3b4033f27c4,false
2eaa914668c1641b,false
1142fd9e4f7a24fa,false
0d4d0f9da3460754,false
2c46101b90dbb806,false
174df0b25ee830aa,false
03203d7640bee248,false
1329ec235825a586,false
0051b35c301e57dc,false
1ce30397e550e5a7,false
0ccbe5b23e697dc9,true
1d01604e20df80cf,false
25343b2ab8c9f017,false
0fee9c36166bee4e,false
11cd67d4cdb1b035,false
007db55160ba40aa,false
00a0912c3dc58d75,false
20638b5194d0b200,false
2b939b6506724f2a,false
2d77d94e5b81d0d5,false
0242252d9d5d07e6,false
01c03ad0c5896bcd,false
2b8dc009a323e976,true
2e1c7620a65b6d6b,false
086727ee13817a2f,false
07ff5c1d2cf7edf0,false
2de3d9d836a7b1f2,false
01a946d92ff59707,false
104dcd8f24b3d6fb,false
2f791506a29ad9eb,false
1097656f3cfdf22f,false
1f00f6f930aa1941,false
19c8bd734548dbe7,false
2bd9c94d7477e2ca,false
30c5f65440817b7d,true
0789d68368f7250d,false
15035f2396b9fcad,false
24d3e63c49f8c149,false
245b45715df87f48,true
15822aa2764197ca,true
32cd5d6d278e6395,false
22526522f38eab3d,false
256735175727b191,false
248abb76fa29a24b,false
1fb13e24a3291a6c,true
1d9366b94bb3e834,false
1647dcc1255dac96,false
01521b323bfe3e25,true
2793fbe3b1ce8ec4,false
17967fe9ae808a5f,false
1da3e5aa845ad7a6,false
177adcecdb5b57ac,false
054ec960f88a81dc,false
2aed588474113823,false
22f90e254a0681e5,true
15a815f3270d8998,false
0f1119e05eb77c71,false
2716e8bb6c396b43,false
278b45f20e063e8b,false
27c7277a795dbc4c,false
0fce3a8ca5cab9f0,false
22e5a5870d5c7352,false
15c3fba51ee48967,true
008b43d575214026,false
0897f96b00b3e79e,false
1ce66dbac9764604,false
25e9479ccc455610,false
284f6fc24fdd3b76,false
28b7adb075cb5a1b,false
158fc2822da2fcae,false
074674beb605c271,false
07ed900927f6fa8b,false
1ff166539d58916c,false
038d2d2766d714d3,false
2acf220137065249,false
15914ddab211effd,false
2644b86c2c03c5a6,false
159a3e0995f08ca4,true
133263cab7209f27,false
0b862e6eb5418ab3,false
10c4669603148274,true
114c424101c7d989,false
226543059464e1cf,true
0ce521bddc3e5ef5,false
0d725fd6c6c12292,false
1b4a776b9874171f,false
1feb03553493d85d,false
14192868af6bb9db,false
2ee8c87ca10f20c4,false
017048323020cc66,false
0bc0979a92971d42,false
18ce65f3b6e0020a,false
31fb1bbf3b536f82,true
2e79b0636d623a96,false
245435bd58392de1,true
22b165d3ddc2165a,false
314db21d7f6d075c,false
0ca92783d858c9bf,false
2e2ce0dc61f0bcf9,false
1b00cf7f08478cb1,true
09f15b46d74c8ed5,true
18eb3284bb118584,false
012fcfda4b0b80db,false
1cc001fc9dbc9a38,false
2f59141338de51b0,false
2316f81cc3a1b387,false
15493c562d7aeeb1,true
205d782f694622ec,false
1b5377795df263d8,false
2a748092529ed453,false
0e869c5a5c02f463,true
1aa58300e26751cd,false
0898797638e1e6b1,false
09fde4f805a4026c,false
127c0a61cf0b8617,false
23d2487c4a81f924,false
12e31c8e007937ba,false
25e60902ac524b13,false
2ba4a8411ceaf3a1,false
15aff3a1ed0b6a75,true
0c021a7393b75f8b,false
15695bd97e4497aa,false
22c0c5efb95fc7ed,false
297b7c37305123f6,false
0154037185a5a265,false
04e2a11306b63727,true
17e1c78a69fcc445,false
0fef41e4125c8bd9,false
10d475c8d6a3acbc,false
1526661e54790b8c,false
0b6fc4a71ee4cba4,false
084667f22375646e,false
00a43d0b42271635,true
26ac7e611ccd2a7e,false
0216c65a9555651d,false
11529ee3000c0cfa,false
2e4d93fe10f4faf8,true
0d7decf91bcc1db4,true
324441cae2b0e0ed,false
0a08374f189a367b,false
12eccfbbc1c08ea1,false
31da7671063e0e48,false
2c6b554570a07e25,false
296e2fdb24c44163,false
1444cd1de9d34300,false
1a0d98b95a19c419,true
13a67eed57fbc1d1,false
1191cbad5d66f566,true
15ce2f84a8c0db94,false
18c6237ef5e4723f,false
299ea618bbf134c4,false
0291b3f1793c73f3,false
19d4525cfbbc90d1,false
22091495ad9f4ade,true
1da20b81110c7760,true
1e980506e56c1485,false
1d11ed7945bfff68,true
1f8f5acee7b1e52a,false
03f5138a2eedd6a6,false
31909cfa69809dbb,false
0d1ec639c1260e76,false
022927506f4a0308,false
0c069d540d39a461,false
32a48dfb01e1652b,true
03cfb17851fae4d8,false
04fb2734588fe4c0,true
2ae7e61d25c969ec,false
28d7674ff02495e0,false
1a801aaa5444e3cd,true
00b222bdb7494419,false
00c0613415d2efa1,false
2575a0ba72773ed3,false
110d867dccf2e124,false
11389738bcec733e,false
130c455ef84663d9,false
240cb1cac246d58a,true
09d71d35127b2e27,false
081268823af568e1,false
246913de92afd78e,false
17cfe343923eb753,true
15faff0b9baff33b,false
1671e1ef67f6c099,true
05bb2809b5f8f2ae,false
0a15e5d0275f02a7,false
09af34963e3aecdd,false
0a95456d0cc5fbf3,false
06866f0169b2f17e,false
1039ef0b558059cc,false
23d78788ca084798,false
30c88f9860fbac8b,false
1f501a98e2112f21,false
225861dd53ff35cc,false
2dad856ec8a5e453,false
21afad8171bef687,true
0064d0e90a238e91,false
03516b9e4d93d997,false
064a8911f27ee4da,false
25b2e2b1f9059933,false
19b6e0a4f87a1b06,true
0c12765f732f1bef,false
013aa982531a357c,false
2e4e3467ddaa3459,false
0ba6131de05c915b,false
236691db3250ea24,false
228c96bc9db6aa45,false
10da3041f5cefb45,true
0cac3fbbd98e6313,false
2d673073f5a789a0,false
0828b068646b78b4,false
061296ad4da87047,false
1c71ab2716c1a538,false
14dcb7dcf73eb017,false
1b03f5d6f8a64cf4,false
0c8414a56ae7b5c7,true
0d98b5836d36cebe,false
104b1e0331bb5c13,false
0c0f57cdf2a40dbf,true
1890ff7aa6320c54,false
18a142740155cfa1,false
2ab7bf6c25d76ea8,false
0f183f8861f81423,false
05876b18b5c80136,false
1c92fdbd31624098,false
019af4d332271de3,false
02d65e82597f3003,false
16230e4756b7f57f,false
2ae9d68fd6566c9d,false
0708fd8cf926015b,false
019fb0fcaac10899,true
2256475668548eca,false
033ffc21c14e423c,false
20f93f8c7c3cbb5a,false
26177ac96d857179,true
21c592818699849e,false
062943424d7c7220,false
131bb68cd615f750,false
0a2a57ec2230b710,false
12c54f729509d392,false
2b6a4546dcac2494,false
0d94ae36a4061c31,false
2b21618e156e311c,true
0c366cf72ac1a41d,false
32e930ea4bffebb6,false
082c5b0974a85f31,false
1650948f35cd20c4,false
1bc3dc9662399f04,true
23ff121bdc7b76b0,false
20d87f3b201cab24,false
004615917ee74b9b,false
18cdee352f59ad7c,false
1dc2e420412d6c7c,false
01146ff8c30854ec,false
133ab852f16b9a2a,false
0c258c644eba5476,false
1c20fafc2100d3f0,false
2b47648e5caa9314,false
195fcda961f7eb49,false
02452977d7b13938,false
12a5909cb67376b3,false
14f5b4c0dd89b080,false
146924e3032b89a9,false
103e03245670ddc9,false
251878a963b31fcb,true
31ae7a82856d3db3,true
0903468552498b2c,false
049981319791e1d0,false
06afa7d22ff6771c,false
08271cd8340f6d89,false
045645e029ca53c6,false
12f360faee63ea36,false
21f5bfc9564edf67,false
109c48b5173accd0,false
098d3458f2c1be84,false
140eb0f1ed825efd,false
0aff5ff6f879fb43,false
20570479334a1d8e,true
31bd2201341a5666,true
0825103c8f8a2800,false
10908075dc810636,false
2a22427e332ceee4,false
1febba04922f18a1,false
00bbc2112ddcfa4c,false
12a2824edf74911d,false
1da45b79159a00ce,false
2f84f4a28881470e,false
095459766aef5bbe,false
2bb9a62b8dd64922,false
091eff7b3256b997,false
05d07724309151c8,false
23c5c20c5efa49b5,false
006793b5bfdbae2b,false
1667d5f83c6ddfce,false
23af9676a5275dde,false
0f1b7630c58e87c5,false
03ff02d1d0cd9135,false
2e0ad8e50e5415ad,false
123b48bd0c48d5c9,false
2d00838155d3d2c1,false
0c3b526bc84beb95,false
190479dda48ad1e6,false
121a427fe51c8583,false
25668197c1ac1c3c,false
0fc292661e587779,true
190557f4048656de,true
182c7d3151073000,true
31816d4e23ac507d,true
08678f48cf7901da,false
32869b1c78fb1ccd,false
208b2c1d58b87781,false
2cb8d03414576439,false
28382d05ab7c4f44,false
1783b4da6e9aef92,true
0f64379086c8e4ea,true
2544ffe7fb383cb6,false
309a5efa7e8ec6d2,false
0bf69f5b509971b2,false
31239c3cf0fe91fc,false
1e26d7dbffbfd331,true
29b1509b3ea91b46,true
301a877ae965b560,false
0df3b141672b1e93,false
1028f79c70dd55ab,false
2ba2826e064128fc,false
0fbf7b17305ee7c0,false
2258a48c2a492922,false
1507d89df289ea4d,false
0aedf43e787cfcb2,false
22f269b924cef058,false
18e775385a32dd08,false
0daefc6ae84be7e5,false
22b316fa6afb123f,false
20bb3993c5019955,false
1b23c6c16d0ab1c4,false
1b1e9cfe15e76c8f,true
013285a3a0804870,false
2dc9133aa1176671,false
1b1f19ac6faf8118,false
1ed0810567025d89,false
28e7821ee11d1eae,false
1e4deea2d8ef8a04,false
2d3018efa05d1efc,false
1c2aaea4af106deb,false
0539aa840e29e2e3,true
2dc50d4d010b5d52,false
07c16609ba572308,false
3121de207f28a424,false
2112aeda06c7c815,false
18333756e083b60c,false
06088d6fff8e3c47,false
05eb34194c6810dd,true
165b3ac18accce5c,false
0a3ac508cdc2455b,false
087d9cf09d5d54c3,false
0dc0d23682ad3bdf,false
1eaddcb725166ad0,false
1aa6dafa769ab084,false
05aa6c71b10fb670,false
1db33fe26716e1d3,false
12b12638c6059aef,false
1ad9156c34def88c,false
09bf6dbc318a1c82,false
2d7b1b7efdf72d0b,false
2d0dae9764658b36,false
1737d564fb250051,false
1a6894859aaa49b2,true
18f28ea0cf41899b,false
0025ee81a970ae5c,false
04ea08f87d7ab558,false
26b0cde099333ba4,false
050c8aa20bf625f6,false
2e566469b5ac174a,false
22799dca6cdc2dea,false
1b5ef5932de04dcd,false
0c812e1cc1cfd22a,false
29d5d5569d729e6d,false
13d7a4c44e5c36f2,false
030d794e48619191,true
0904c4cca1b1625c,false
0dae0a18a05d78a3,false
11831a1cbe63a56d,false
2e9c5b778bda1cd0,false
20879b4ebdc32681,false
1f22111fbe37fe6f,false
0ea227d6fd1c9e6f,false
122c0ef1f08651db,false
0971a7c330ddb3f3,false
1c7876ac2b1d6b8f,false
31925242e23e914f,false
128e78a432c54d86,false
1aae33fc94e6e893,false
1214e56b28a9a375,false
18b752a714caa842,false
04103c82a1102772,false
04a5227b6b061799,false
29f1258ed17f5095,false
1c733f80acec8522,false
2c733f88d8b9fd35,false
022251353a880e3f,false
0d397e3fcf72c4bc,false
1d881b0413aa1e1a,false
2f9edb37e48ebfa9,false
25bcd4efb6360c3f,false
25a41c611aff3318,true
07260d517c042f04,false
013aa04beeb2dcfb,false
12bff84ebc8a4ba5,false
2de32c12f162da10,false
012e76ab986283af,false
0e47fc44b6d57d37,true
2a36878651f192c8,false
14a790fb2a6423aa,false
1e8d4934f162049c,true
3035f4ee7577790b,false
13fcd3eeee7db292,false
296914ebec2856c9,false
2106d881cccb8606,false
22fe766b6eed3c6d,true
330331f200529e5c,false
26f3bd84ce433937,false
00dbd731f2c4fc30,false
2b2d2285732dea04,false
0a4903b263128547,false
27139ce0e3083118,false
1e90218f64eaca1a,false
098af3c38d8d910d,false
22a57024f69fcc4b,false
23ef15fede63360f,false
11909b106558977c,false
09c0f6324aa5f820,false
12bd1951ef7b5c3b,false
0f4ba66a1623a1f1,false
0113feeb613cc57f,false
245e2073dc19df3d,false
10284f40e414b30b,false
0440efba6ecf2a3e,false
073049a45e5e5d7c,false
1725ee0baad870ca,false
15a0e71088e66917,false
1ac3339e5bb85982,true
2675b5a0217d8915,false
23a277f6068e550e,false
1ef8aa2ad5cb360b,false
32698c6390d195ca,false
095b0572fe4ccbf9,true
222e8d5142c4de7f,false
189642c315ad0a51,false
0f4e20e573b78ac2,false
29ec1f4abf55a65f,false
0b4055a63f6d03b7,false
2fda1e7bb533f44a,true
18fe3925fcdb0906,false
0cb7dc6dfec09220,false
295a561a9199bfaa,false
0d44e17cc39260de,false
1306485b1d94f479,false
00c80ad7e0174ef0,false
0d24504552d76963,false
145594778a61ee8d,false
29efbcb4add1a6b5,false
1e1700996ab27ad7,false
21eb546a4201d53c,false
1301efd108d751db,false
04ed5903ebff59dd,false
1c9f650709a95376,false
2d13819e1c271dec,false
11742cf306a55848,true
2c11edcea1777ec0,false
07093802e8560902,false
00e3e03135c3723b,false
0b7aa0e66a0aba52,false
2c0252a9cfd1b032,false
262c57f4bb5b7d4c,false
127f9443c7f73db1,false
09f0b35e64cf96a9,false
0c47ed13f44b70db,false
2459c3a93824ffc8,false
1477ba3a06e59ff9,false
1c4d346e100d5e39,false
20f8608425ddaef7,false
0883a247d66c66bb,false
272bacd31b3e9c35,false
1f807bcba8363f95,false
2f89dfc91a714f6a,false
0091360d38d72b7f,false
098e6b02349fa19e,true
0c4505b8961a2065,false
0fe26472dd2a1dfc,true
0807c3f1b431c41b,false
24f8b2bbcfcb0921,false
01c1231444e3c009,false
2db075406bb1427c,false
051e185d495af6bd,false
1f863a358d0097d3,true
00bdd3e8ad68c465,false
323c835227082dd9,false
25c73ddc9d78919c,false
1fb919ff225e70fe,false
0035fe65d572457f,false
026399de944dfc6b,false
01bfc09a5e9b2eeb,false
0b3016ff51d45967,false
0abf69be926c1c12,false
04a0d648c7b7b808,false
075c3df7af0adb24,false
2610913a8eaf1870,false
0918be559e37fd54,true
1237fad809c92bec,false
14d540f88e5e695d,false
2b1cb4ce17163ec7,false
09bbabc1516aebe9,false
32c62bd694177192,false
159a1b3084831c62,false
2b043c813929ae8a,false
00c8b2c2a0665fe2,false
120818774f8b252c,false
191cef1577cfd1ba,false
2fbb8078e67d3a54,false
232a65d745a0d11a,false
09b6c9de4c31fe8d,false
0197c30d91bd6de6,false
006fffc7fa8416d4,false
206bd216f2084fe5,false
0d20b8b7c7502610,false
0bebb5a3c5d1eddb,false
18b6881c6aca687c,false
12a67694c4680083,false
0cdfac27641ff146,true
1f142ef386721770,true
0b9397eb9d701c21,false
129b48a6ceea9437,false
24944cad9425b16f,false
215c5cdf21e02b49,false
0b44f7eba563fe06,false
1b16ee17094f6e85,false
13215bf9aca80779,false
0fef5e1387512f91,true
0ed0d57b194bf4a4,false
2f6a009a20a9a0b7,false
07e3e6ceab758ff9,false
045bc8238ab1e450,false
1de86e819da28e03,false
320065f473962f9a,true
168c1695c6d591f8,false
0df9a30190d3c4d6,false
1b82b47c47a74a3d,false
1915023f75c0a3db,false
07e44c42703b5f91,false
2c0a7bf8557e1280,false
241dd00634d02c70,false
0a404d1c5f3f0ffc,false
0959b4729261a5f6,false
0ca372702c5f25c8,false
072837c52a75d153,false
2b48536ff1fe37a9,false
0421c8152cda3c5d,false
05d1e1fce9efc02f,false
2fb943a44d1688c8,false
0f1ebf7c350bad6e,false
1ed74de761f9088c,false
3295c8ce103aba58,false
1d8163dfc5afb3bf,false
32073f53067797dc,false
2c829f03c04babe4,false
0041b1bd38459d33,false
045c5af7843a1bbc,false
0261cbc006bf64b9,false
2ab7914690d2519e,false
1d68cc1f7791d1ca,false
3270082819aa3355,true
083f7462b4267f67,false
0ef5eccffabc9168,false
27c46ab90f3b8567,false
10cf819642766e5a,false
172dd75c9e060527,false
0233bdd1235c9510,false
30bf4199b07ea313,false
105edc97694ec8eb,false
23ae746117f072a6,false
2ca1d2434cee492c,false
1efae88435ad5b00,false
04d38027e536c228,false
2bce7a86c2321243,false
2185692594ebd5b2,false
17ba873d596ea990,false
05b87980b22e7245,false
252caa4df7b09292,false
07dc565858d8c394,false
0f63114dfa9f7668,false
0b4a050390b34a80,false
2a5ebf101b3caff5,false
17a4fceecd927ef6,false
21bf471173e45b1c,true
11a000496699c925,false
17cd61ca2c5caa82,false
27abc68c411656fb,false
19bee009b82aae85,false
1233b30e9959858e,false
1658b85bfc7c017a,false
07e9595256664813,false
03f84b42eb8bbf14,false
2ad4f215fa38eac2,false
2b087dc023d9ea2e,false
21b9cc9fecc57b53,false
2ffb017b6835953a,true
24a35c81c97a3185,false
1828e06d4b78a080,false
037c2718388c9735,false
20fe9fe584340d18,false
0f8a2ae7af7783de,false
2bf4babfd4b85577,false
2b62b54a8c43111e,false
2909d0d4f52829b8,false
1309d0a95db20a23,false
2cbab4afa63e0138,false
0333a92d54664a6e,false
2b2e3ac9c91d23d9,false
158117067938cad5,false
0bb6743a94af180e,false
09ba552c4424b27a,false
2287c49e86b4d3a7,false
1f479628180e55b4,true
133608eb96902721,false
057e9a489e7162b8,false
2531ea01e318fb37,false
1b375af8ec9eac83,false
1fd26919be8ed1cd,false
1ff97fa31c10999d,false
178bc773dd670ee4,false
237b116bee96e247,false
0fb7b918ccdd2e77,false
200d5d4594f56e16,false
155fcfacbf83840e,false
26933424329a5bb7,false
226104cdc59b206d,false
259c24bd5a20fad6,false
291a8139488d4124,false
31409fb2b6ff36be,false
2e59140b90d31791,false
069dcd1a1ca94388,false
0f50e945ce89e8e4,false
05a5123e2440b11c,false
0ebc7905a126098d,false
20483c0a4de534fb,false
2618f09c4da9a8b9,true
1178b024b5a5652a,false
0a49f2987997c80e,false
05d672caa15a4730,false
2c77554a5bd6d270,false
1991dcc58145e09f,false
1f32efb979d74ee1,true
30d087b89d9f6eb1,false
2658e3dce9e2c364,false
2418080fcca7ca5e,false
0ed2a2d5b3b246a2,false
16f73e5a9ef176e0,false
18aa31ba199d0a7a,false
13cae70cf8ac001e,false
06bc224f9d7382b8,false
20cf0701ac891b86,false
263ccf85d39a8f69,false
29889d89711885c2,false
009a889e8d13b009,false
32a54e7c08c2afc1,false
1f46eb47fbed505d,false
0e0694b7aee8de4e,false
1d71716480e8ab04,true
32b0aacafbfdcc5b,false
06b1d48105120ddc,false
0976e3ac1abea90a,false
023e2b9adcc2c2ca,false
3116abd7e753e2d4,false
0b908d31f0e60d8c,false
0b373ede8cd96821,false
0f2ec9b8514a635f,false
01e99f0d561afe58,true
304c4fc67a95d175,false
229a8581f4b74528,false
0b984a939d303272,false
21d23e08a9e70f90,false
0f4ee0bddfaedf27,false
31f68f118caf71b4,false
1fa0b3018cc8a6c7,false
1636b8ac8381e9b2,false
23c038ce9f4882c7,false
03189b53d4f0aa3d,false
12c46c6830931f7c,true
07ec0b6d9673596a,false
16ab4820a777cb9c,false
18a24fa1f64a506a,false
0f8653516a499abf,true
2af8e89c6e90c288,false
1f8a29fc27776b65,false
318d5a59b7e9c322,false
121a6333e9d03d3c,false
11951e7be42e3312,false
2666088c4f0592c9,false
07104e337787521e,false
1441d8e38d2431b1,false
1b3e22cff9569fc6,false
2b8855569312099c,false
07aeaf6bf4a119ea,true
1792fedde4735698,false
31eadabe0890f768,false
0699acd829955333,false
1da8bbfb5b448c07,false
2c7824b53557699c,false
12b3fc5fca24f683,false
24e5dcf95ac141a2,false
32c5a29f8877bbef,false
0b89db747bf54af0,false
29519a67b0349976,false
04b16a5b367e05c6,true
266be1bce2e9dbef,false
162a0a13e6da4913,false
125e40ca96524d82,false
32808c35c8305f58,false
2f7563e25c05f443,true
30c44abe3a2f6ec2,false
052e94aa42723d72,false
1a3e1469b8e7f68b,false
26d884e0e37920e8,false
1cd5661052d2e04a,false
18e20c87694085ff,false
05fa4d9f5302dc28,false
1cac3008fade7883,false
15f4d59fab45821a,false
30206426c7dfe945,false
1f40334e1eacda97,false
25fa3ab42965334c,false
2c22ffa51430fe47,false
2f2e1ec07ba5596a,false
210fd9262c923ff6,false
1e38ef16bae70ff0,false
11b6d7aab3c142e7,false
2fe1988e8af4b535,true
1d2f20e13be7175f,false
06b5a7ed85771d83,false
1a193cc923adc0bf,false
32e6fdea5a02aa3c,true
27078fdb61bffcee,false
0bc1e29cfd9703b2,false
2fc29a001b97c243,false
23afa14a3d17c14f,false
15e63650bbc7023e,false
0ed1a8352d597cec,false
16a824cbca83f1be,false
2ad48c237b1f1263,false
203c65eb5bdbc42a,false
2765e2161d87c27c,false
02d11f821491b188,false
151def4f148650f8,false
0d083a1defb031ff,true
28ec9b21a1a0c452,false
0fe08b7bb2416784,false
02f22640b2f1caca,false
2381b29dcd96b4b1,false
10ea9e0a2c708deb,false
2f7889dd84743b57,true
137e4a46bae57fb9,false
2cba609abdfe8af7,false
192ecb9483732034,false
29f972473ebe9019,true
0e79d3588a7d4ac3,false
323bfdce06834f07,false
1d38849f1b8338ed,false
2eb3af217ef8a5d9,false
05371fa657580deb,true
28b989ef4a255ee6,true
0d0f4810392495dc,false
1b0cc298d24fbd53,false
1bce72d67151d0bc,false
0c86e76d65d41ff8,false
067a0661d06d0e85,false
0363030e57e1aef8,false
1615f5581d9f99c4,false
1fd37f630b16d0f0,true
179d19f23b3daa6e,false
2be16bfc26f2eb67,false
059a27a76c328f55,false
28604a1e77f2dc56,false
191ed349b3601655,false
1508f14062c1edca,false
240bdb756ac609f5,false
2b5074f15de79c2a,false
2e43e977764e7a60,false
1820799d95930d40,false
0d86c638195f2552,false
27d97659cbc40421,false
1183626ede8dc873,true
298c81f2abea6f83,false
036ae8465bae2c0a,false
2bfaacf2937c7d5c,false
1c4432e2ccfccd58,false
10764526ff581790,false
2a784ad62b5b4092,false
04fee33f624452fb,false
0b1a462fe32a7b9d,false
05843727e39ef325,false
0bf47cbe5eee0243,true
05283f262e626d05,false
1901e3f074174ed0,false
0f5e78d3311d89da,false
06a1ce50401ef34e,true
17b2ee2bc1baa80c,false
05071e062d0586f7,false
13b70382fda29efd,false
0b737b224f7cf944,true
211d513d6e16ad3c,false
2519f0354ac6ace0,false
1c470a125566653a,false
31961ef8dbf0aaba,true
2340978ce7d56885,false
044846ed6ad77b45,false
246ca6777ed5f618,false
0f6c56dfcd5bfb39,false
29d89ddc2d37446c,false
12b57d13bf1f93d1,false
0b7efccd6cc15de8,false
1388649044e84a82,false
0443ac5c2e7eb7a8,false
22496a820389c1c4,false
1943dd4387a04474,false
2a251d1351922dbc,false
1a1c25640b7ec9c8,false
12b3a7d5b42fe1e0,false
034631b5fabcff7d,false
2d9642ad4d129848,false
2a1577a325a6163b,false
1d23f31502b8a1ab,false
081232addb50f55d,false
2e34eeaf5f0c40d2,false
1cde9143ae72a4f6,true
1aa9a91d22c90e3e,true
1015715def2e7cc0,false
2c4725798e7979f9,false
02ede7da6b5d7705,false
27aa8424a3d04335,false
328bd741b14ca61d,false
244f99b3dc81a59a,false
08840c990b24403c,false
0f157b5c43c4960c,false
1fcbae9246a846f0,false
10709eb0f233cf92,false
1ff7efa913792b14,false
24ccc541bc1e1529,false
2a7527a171a04e7e,false
1b657f22e044e92a,false
2c18a05ab768c813,false
0a1cf63b75a0136a,false
07a7982513655b25,false
1448ddce236e5713,false
1310ef39f896ca00,false
30113c5e9ac90a33,false
0517f11800e8c665,false
1200564a0cc57dc8,false
33020b3b546ccbdd,false
213854a126c51300,false
32671a3c3c1c4d23,false
14a3d8a0e0eaf22f,false
1b0b51e75ffc64c4,false
1278db97a09f6101,false
1123040e689d839e,false
056edd395366f92e,false
314d148fe557ea14,false
21e6a038cac884da,false
1f792bf86aef0f23,false
29ea2c7ce2c44551,false
06ddd09125b96d95,false
1fd30af66450934a,false
32b4123164a4e763,false
1d1d1ceeba6b55ff,false
18b671676cd6c4bc,false
1a23cbc5a48bddfc,false
007478230f6987fd,false
29a47a48c00f97b3,true
2f288d943262f6ac,false
02852339970c8a5d,false
01b1aacbd027f9a0,false
032cb376614c143d,false
05ba21085aea9588,true
05a81818838d72b9,false
157a18d3d58ca787,false
25d9dc96d4e82202,false
061504e894efac29,false
15fb80ff23ca7ece,false
1a9a72bf610aa21d,false
2474a27a1ec5f617,false
30bc7de9d250c1f6,false
059838c137f251a8,false
2cf2ef173f2f0f3c,false
1606b88c9bbe8c97,true
0c1671ecc027b49b,false
145d6d8173094de7,false
27d00a35027c3724,false
1ab411cb19b322dd,false
0511ad95d9e2479f,false
1d45fce5fb25e35d,true
08b824cfbe174fbb,false
1cfb3dbd2ccb9a52,true
00c4426f7ad85671,false
24ac62890dc508da,false
007e242932919f02,false
1ed333b303b31611,false
21b6143a1b3b52cc,false
03b30e9e2acade1f,false
081bbe861764f166,false
0ed90849e530c5ed,false
170e89feb206e301,true
1955d88a0b9fb1e7,false
0ea8d5d4766d4539,false
278bee14b695f0d5,false
07d97494fb88e3dc,false
22aed002dfdeb37d,false
0393af56127628e8,false
2562a92155113307,false
1b52c65c107d7733,false
1c533422420986cb,false
3273862c5070f228,false
0fad7ef9826e935d,false
2788e4c72a25cd06,false
073068972d350078,false
2743382b2391d477,false
32be67780c219ddd,false
28093cb1c9ae0cb5,false
09fc4db1d705f7cf,false
05e7b4f24bfee8dd,true
1503dd1bdeac2183,false
15f3009eb16c2f10,false
1f979ecd2255a2d3,false
1c6bcc5d8554e290,false
255302bdeeec3750,false
143fe111239c0104,false
0ca592d31bebd553,false
2db1bec4b33ba710,false
0181c37f942ea209,false
17877ed65fa52df1,false
223ecb98cf1d2252,true
08ec56adae5ae4dc,false
26e0e939c9029f9a,false
1eb360d76c6308c7,false
1f5b1efadaaecfa2,false
1e7c43f61eed6182,false
1f996792b0375dc8,false
082f24e23fd33c63,true
23c9f0528bc4427b,false
14f22785b8ced367,false
1285029c0b4f6e26,false
1fa542df2aebba2e,false
23c274338c78299f,false
30b2fc4961c4216c,false
2ee5a6e1050a9a64,false
2bd876aea4ae6781,false
25976c89363bba8b,false
1e18d74acc9ca438,false
24f307f2aa35fd94,false
0d9406cc3b253b47,false
31dea457ebd839c2,false
080a6f6658ecc66a,false
26b39f95f8a26d99,false
140bed83a92549ce,false
2c12ad9aacdc7ae6,false
1993483c623e3408,false
0d4c5403151a8f9d,true
16db7eb9e2c17f64,true
04d1b7e380f89daf,false
193db53fcd11a95e,false
12c44ee81e21f458,true
15b37f0798178208,false
1bc0c720b7f9e063,false
224fe9dab6a74341,false
17cc1576852f0277,false
1b69bd44a175852b,false
30fa35a28ba5e091,false
2d32baffbd055ac5,false
270ad9e2e93a9744,false
2d72f07821e7e230,false
2a7b4578907293b3,false
2bf12bc309649fba,false
282cffc42332b6d5,false
0b9dabf09ff32fc8,false
2cf4ce5ba05d7dc1,false
1a98c51f9ec446f4,false
29ee6683209e4e91,true
0d458e3af263acfd,false
2d6a75395a222158,false
198a25c0275d194e,false
23bce2fc2e1411f8,false
0dcc772c40b247b0,false
1b61998c1295aea8,false
009a664267ac353f,false
0f9a772afc3910b3,false
2c7b7c2a713bde21,false
1535f6fadcb0d5f3,false
2519678c4f3797a9,false
17d124463b787fe7,false
2ebffc380a50e336,false
13777310a79e7b43,true
1b1f4d6df06d8e98,false
01dc8802e9678ede,false
0b840b1f4e92b893,false
18131dc7c8ea9cf2,false
1a981f6c544b7902,false
1adb5b61efaf32f5,false
3102d6b089015746,false
05f6023dcd27b01d,false
12b6916b9e968446,false
2c74572da83f593e,false
21289c6305a82498,false
157b6ccab65314b6,false
2e5f1c2c159f7630,true
15f42599fd458a2e,false
22fcf4a245ff2bd9,false
2559f827e2edad2b,false
01c171385e0d2125,false
2f77d65ea2511587,false
1561576227840c52,false
048457662f7a0aea,false
1a234178dcf15621,false
17bc512bc8315142,false
28510f5a937c878b,false
09dd699b8e5b7e0d,false
1518827f555df8f5,false
02451d37bc8970bd,false
21cdd23122191e30,false
1e66affcaf9d7683,true
1d107a9f421c8b0f,false
32f6828bd4101278,false
0add4f98d6cb75b5,false
1f381352cd1d47cd,false
2a1533fde9bf5b13,true
074d6c4990d9ab0a,false
2b7572cd3f9297f6,false
2c20d108bab8a657,false
05191ddf9c74fa9d,false
147d4ac94fed011a,false
32e6521139a8658d,false
1b26dd5c071708f3,false
075a05fd2060aa67,false
29f88c5449dfd2b1,false
1932a628923e036c,false
16092f2dba7f7d41,false
28bb4542f8a60e9a,false
146071a1cee7ba40,false
2033d116907d6764,false
0b6185ea8314af6e,false
1b8930291b9139de,false
1f690c2f4e9c1ffb,false
160518fc3acdf1fd,false
009489ffebd357c6,false
30ac01673890db3d,false
13d92b356c8a94f8,false
1b8198e8a122b741,true
180b1574f76adcfa,false
04071c8d0b49fbd1,true
3158136dfed47843,false
136875f5b6b434df,true
1ef51e62a1a37e4e,false
311f075216e5841b,false
138bb18fe0ec2ea2,false
1e39d8969f938bcc,false
14a95537be361cfa,false
2321a2cf706be458,false
0f254945989414ae,false
141374afeaa741ae,false
08f006e0b47561d8,false
206b91e828019c65,false
19ad04f7190f7914,false
065eb6b62a76e881,false
31fbcee6c4014e1d,false
15804d2f9907bbec,false
1bb6a0a80211b3b5,false
270128bf9715834f,false
1ad68d8d136b0cca,false
2e372696331d0951,false
0b260f881bc5575f,false
1c0e06c1adfa0b03,false
2558b437a3315567,true
2ef9c7777f658a38,false
2e565c9cdd6a6489,false
0cb7d2f0b36c7f68,false
133e5fe4e49260f1,false
0a431ce180cf85da,false
2860a5fb118e9d15,false
110083edd1c4bbea,false
090da747f9fae58c,true
0ec4060fa4573dbd,false
03bca797764c3f40,false
1b7e89aa534cf5ee,false
327deef8f61d21d7,false
097454c7b9494aa7,false
2a3d47d3ea9e8e64,false
279777f234f53c2d,false
02836c2dcf487f97,false
2d0f264bc5173cfe,false
1303ba9eb8953cbd,false
2a5987078e88154e,false
0b9c4efdbcd4b82a,false
21889e53aa9fb813,false
2a3893a7e052b614,false
0f40794d0f4bdaab,false
017b2f24be5ce08e,false
2bede386d0fdcb4f,false
2b04862f5d1076d4,false
110442d0b0a3c22c,false
044f46e1ab81475f,false
09fb68677b035333,false
17791b9404cba6d4,false
0e4165381c5d6f03,false
2f24532ee6de5a4f,false
16dcedfeb17cc3d3,true
09db32a7b0053bd1,false
30fca9dd421bc204,false
11a1e8de6c46d3d9,true
0d0e1e7c065d882d,false
1732cb7eefaeabb6,false
30ea486d2cb1a6b5,true
0537c5a95cf6e16a,false
14787e5a560de5a3,true
13608b94abbcad40,false
1eaca116d14511b0,true
26431b6096476ce0,false
14e52d8406cf9feb,false
10f23fffc2d1ad52,false
30d040aa6f9ffa63,false
021b027a879da248,false
317f47edd75d3d1b,false
06ed399dc804658f,false
16fe296c82a2fde4,false
33006079e7c7d15c,true
0ce286cfec852ad3,false
22aa4d48ae02bddf,false
0cfdaef4955a497d,true
0e51ce33bb90eab5,false
0f220902418a1e2d,false
1bcfe3aa6777e413,true
0ff9240c18ecdf2d,false
2c18d01a904ef093,false
2a356eb61de789f5,false
1dbd2b88f8f9f5d3,false
162b681520f5f355,false
23767ae914fcd5d3,false
23f1ce99ce4241a6,false
0d97269cfe4f30d0,false
1ed9dedb9e188fe2,false
2cb54cba8427a8c7,false
289f38d63de982fc,false
149f09ff3804ae42,false
12f262b13ee93339,false
2f74e22580923297,false
03ebd11f5e685f55,false
3069d179b2b042ba,false
0e9343314823885e,true
048ace3da43b04b8,false
020ae7dd44208c7c,false
01377fa847f80ab8,false
18dacc4b51a61e0a,false
235cf00aa6ffd2c9,false
326b1aabe07ddc05,false
19781daa71c88318,false
279443c67d9952f0,false
0278ff93bf61efa5,false
19091854ac4bdf43,false
06a0bb564c133586,false
15299e86bbc41f98,false
04193d9c6e3e1687,false
0121ebd0fe783ae9,false
291a922449cafbb1,true
13bfc6baa84de7a1,false
19d1090aa3caf524,false
0a11de97526377e8,false
0da16976559126fc,false
1f1682a2968ce964,false
1edd1c34fbf3fdef,false
29b21f6546cd24ec,false
049d67633f3c8381,true
15a26bf5109ca013,false
11ddd7332b7fa223,false
2e9aa483a8457766,false
0cd46e4af799f74f,false
185fb8dfd0008912,false
319554ca3fdbbb3e,false
07e128890c9d77d4,false
291d36b1bda90dad,true
2a8e683d649ea91f,false
03c2cb06ca805c90,false
24dfe8e66315499c,false
292d28e2c4bceb24,false
2df1f6fd320c7f11,false
2b9299e58a2411c9,false
2f44e16f928a8682,false
30d9bbb4ab9dd71a,false
174e1207a7852068,true
0ad73ff1d9f36c1c,false
055c15f6a1974e50,false
272f23f2b4329fde,false
2ded1d669f5ab8c6,false
135ad30d9ad733c7,false
30a079427fd17cc3,true
136236ddbf2e4e32,false
15641f21bfe3c926,false
151eb1ba90d8d101,false
2304d447f53da2a5,false
270e23c1e4713b9a,false
30a1476bd34b7be9,false
21ef5f7bf1817bdc,false
28dcda6cc24709e2,false
08f18c647d70c148,true
21a4eba3512cc8e6,true
1f302869ee9f85d5,false
0fe62564eb344d25,false
2f29fad059fff6f8,false
1731506f172f9d88,false
1173693fdeee2923,false
070d82cc84919e6e,false
28c221f23a8370bd,false
09296d0b3da447a4,false
27b44f3879df3928,false
2595c08f461a4ec0,false
256b96995705bb05,false
1f6f086ab9d9be11,false
18b2d4265c4fbd96,false
2e331cbc9c808c8b,false
134cb917780034ba,false
2f2a13e9e74282a1,false
158544eac1c2d8b6,false
1dbb5f8d98f3432e,false
2909fff2573bdd8e,true
13a6d69615cdfcf7,false
2c74fa7b0818e346,false
27582d9c358b66b8,false
15188ac5822b4ff0,false
2cc42eb1c579d276,false
0a7012b73b9241fa,false
0a7775bb48779739,false
23b5aa9187b55d2b,false
0b43f9fcfc998bb5,false
331ff21213ab264a,false
02bd68e34deab8fb,false
324900031d46cb89,false
1ac41a071063b77e,true
08717eccb7a8b4a2,false
1074b830f2d5822a,false
226351aa0827657b,false
2c4093f5749e050e,false
0546ae4d22b5d236,false
2a80963089e83799,false
312f4dc0c95f6df0,false
18f0e49020c4d883,false
2871ef1079aaa9cb,true
24e0b3fd0ca90921,false
0b45e9cbb126fb76,false
24752154a3444fc4,false
274fc4f395e1074f,false
15b1129b89369482,false
24e927dd38eadb45,true
1ca74333a51998b3,false
225c2b7d6d420286,true
194fc68054ad0674,false
144ea4224f380042,false
23db2ad022ba9579,false
22dbc7a0da0b51c4,false
02f2beeec9db6809,false
271f25a94312ec00,false
01ec3db8a0209c2b,false
18f8be1ed3767fbd,false
0588802dd00c6ba1,false
173e66854aa1958e,false
012ed9bf025e6cca,false
285e8e1ddeece6d2,false
2ad47c3902feeea1,false
11d437a423fc2773,false
0061e24f6e15f870,false
0b2c027b80fab9bc,false
0057912e3f453c1a,false
23b4645291012302,false
234639e6b2a8703b,false
0fa2124fa54e9129,false
26afd2fb182529fe,false
13d206b57afe641c,false
033b02c944594de5,false
1a3ecf5e24b032e1,false
2c76fede8a44531f,false
330614909ca93659,true
0775848abb489fdd,false
1a8076d4e030515a,false
02d4a4027cd59823,true
2b86e2ac8bcf4529,false
081af93e83928efc,false
270365ab78aef691,false
07e80e0e66c3b399,false
1224d00ef6a054e4,false
02bf58c03642434c,false
24eec0b2f34ee7ec,true
207816197c615c68,false
2dbf16a0cec58bb4,false
109ee14892f3d8cf,false
23bc89da8c6e8448,false
2ae0b59b67de7b74,false
05e5f4811c53fab7,false
1ff4f46c2b014246,false
038bb12731cace79,false
18ba4c6217279c27,false
0d75831b4138975c,false
20ed16fb10034686,false
0faa28c1c1c0ccb5,true
104c5f0efc2d7cc3,false
088503746c6d5cb3,false
24c319715db8256a,false
0bbbc18c6543b20a,false
328017f2977144be,false
24144f4457f2b099,false
23cab365c3efe2f3,true
23b6501eac3b6af0,false
0093c63b48526302,false
171a1b312ba30bce,false
2bb48da96788e41b,false
01b2e49852e0a9a6,false
132b78f18d6eb87b,false
15a4f4ff418886a8,false
02bec13b47f721de,false
2b15005b42f5f8ce,false
1323a91e4a187de2,false
0df80164cb66e772,false
0667611c8d18c191,true
15414da7f7f05d20,false
0dbc75ebe093833f,false
19770e4296b19cfd,false
26ffd8aabb915768,false
1c983b019a0bdc02,true
2b7a83b60900cba9,false
2d2f31699a5ed59d,false
310a9461473bca67,false
201bad83003cd1a8,false
0e7725accc71ad31,false
1a48068eb0e5b544,false
2edb0600e574a73e,false
023a2965b7130b8f,false
15954818e85c5703,false
1dc9d1ee7469df62,false
055404c2eb7a45b7,false
24fbcb3d2d930597,true
0c7b40cddd16e005,false
28de9512cac43c34,false
1af1b21acab7f369,false
2bc22fb9f65b08c0,false
14662e697186ff4c,false
3243c5ebe646162d,false
2f9f6c724e163075,false
2ef7b1a5d8d2b260,false
1b59375755032a15,false
18107e3bd1fb284f,false
31d26087411cfc99,false
32c8b4a63936d13d,true
2d5ed70f635378fd,false
0f510d40b5cc38f3,false
2c18e85c4001603e,false
2e99c927cb12f126,false
1d21ee357aeace7c,false
00a7a842dce436d0,false
0147770d057068b3,false
160c98f1a1fcc804,false
0deb7fc6cd1ae212,false
2445834944b3a443,false
016d44428e3540fd,false
042548856de29ae2,false
03a54cb1df4f574f,false
13b14273cd3cea8b,false
1fb6f1e99c9e4b92,false
2f1f6d1e21744dab,false
0a11f00b571790bf,true
1feda0cd7bbfb52c,true
23300fe07bc59bbb,false
07fe3002361cd550,false
091753a2c8ad8f65,false
0aaacb3487a3a643,false
1e7f958042aa0650,false
2068571631a36bab,false
12ad3afb8f5650d0,false
2b0104032c28e4ba,false
0e054254528a03a1,false
1e77212f0c0a176d,false
01240f7ef80ad0c6,false
1cd61b16d08e468d,false
0c9d1a24b1abcbbb,false
31c6fd11780f5e7f,false
09a7761ec62ca721,false
30cea5c46082b7a3,false
3302ed5b809b46c3,false
1fae697fa1c60f7e,false
2cc53de5616fb446,false
266c99a6e214a58f,false
31146594e80a8a7a,true
041246f75c678e25,false
114fe696d2aa3059,false
2ac051ee4a1d673d,false
11cc6ea1c3333cdf,false
1a02d64243731bd6,false
0c7eb05eb37372d5,false
2ddbbfd4a6454633,false
2bbd12737efd2983,false
1561c75fcb6f2a12,false
21939bd207178b3d,false
20bafa1cf6ea60ca,false
1b07734e2279e246,false
267749f319ee29ce,true
1c658b9d945645b8,false
2f039df8e91acbe5,false
0ce079dc4301ceb3,false
0a72d4e0cc9c1f21,false
0e577f8a1088a3fa,false
32ad2943b93f7adc,false
11c29020843c2510,false
0c3620e79abd07ab,false
2ff04883f58e348d,false
25ddd4956df35c8d,false
2664df0e122f4f54,false
0fd1a63043b73a28,false
29dd3093043b1469,true
2fde567b4a841b84,false
02e954640d4441be,false
1f25855caac77aa8,false
11430fffc9e15481,false
2bdb94be73b55cf4,false
047a92743fcb518b,false
2f7e1186ec9ac827,false
3073e1367fc5ddd1,false
0f9141e1a2fffa30,false
3041d8ab87a4cb36,true
0faaea3370020f0c,false
287fe1fc809bd48a,false
1288d9244ab4286b,false
2d6c8aff49a2d792,false
1b47f2d8409efdd2,false
15214588c7f8b032,false
27c13c917c3099de,false
03c8a72f8088c6c9,false
110fac6d91bcabb6,false
1c6605088c8f7b35,false
0fab526c14b0a518,false
162831b39d279f4e,false
109c0a08ea563ae6,false
305a313f5d6f2a78,false
1c43bae63469b8a3,false
3031db825f4d24e3,true
1fbef66696850cf0,false
0129a22395d34a13,false
0773826fbc0da50f,false
25898b347a7781f8,false
1973e4690389c378,false
293be0de3a643668,true
0b34a51f07289838,false
1c30dbabef420b02,false
27750cbb8006d5b4,false
1a6cdbc8bc4826bc,false
2f02c80b0fcdc546,false
1c737a4ec4ece149,false
1693083ea13841db,false
317f95111f20cfdb,false
2662f00e6a16b0f6,false
1a6dfc7d404b14e1,false
30649d57755220de,false
188dfaeecadac991,false
2e3eb44bd3235a24,false
2dc9d1f2fe86701d,false
102cd6323393efb0,false
02d6c18f460b33b1,false
0afcba1ba4634d08,false
0a4666d76fcc752f,false
20bce852dd2574c9,false
2a658f79ea78197d,false
08b560507efb1e1f,false
17389d8282f30864,false
01b04f62e1866288,false
1e082a75625432e3,false
21b36fbf4c566623,false
1a515a11dde32153,false
2024892dad0de684,false
021e281274ffbf63,false
2d9560749159db2c,false
15063ef0589cbf7e,false
05ee8918def1293f,false
282a3c511a7361da,false
1f77fb32e7461506,true
29fd76791a7021c1,false
2358f2f1e215b21a,true
2ffef28624fc94a3,false
199abff1dee7afa7,false
1f22856ee998f9aa,false
0d2d2902e69c9639,false
0ced580f1e01012a,false
063b99593a67ab6d,false
30711afaac030075,false
1c5e81214b0a2510,false
1dc0a93a17c93db3,false
0e8960fcaa88f6c6,false
0b652bb0f2127bfd,true
0ddcf97325ff5633,false
0b17011c0272ee95,false
1f8d321978f229bd,true
2e4c026c238bfc8c,true
01dbcd0dfa0f53d6,false
286fd633ce76e2ef,false
210c33255d6d3c9a,false
21125aa33d8d85d4,false
1471fe984caa9d17,false
31df79ca010ae784,false
2a5e68dddaf3fed1,false
211131ff6dd20851,true
13dce352c097fd26,false
0a149071c3ab4e76,false
0792b06323815e8b,false
1ff9cadcdeb51be2,false
2d60d3a02d178cf5,false
1219f89a0b0ab6c3,false
2f453025b1ddd59b,false
1980ae3c63b16326,false
3182ff18c84a1ba2,false
29d81f30718da9ca,false
00811b27776fd94e,false
13816fb6fbc77ade,false
0bee66dc73844a3c,false
1e5761c84236b1db,false
08d9c90ac69b0fb6,false
0a6e271b691b4552,false
1f1cfbe5f0ce81c7,false
0d7ddc93283a8c83,false
07ee4bd993b6107c,false
286e80209cc2b789,false
0910aa92d6cf6feb,false
25caa14169d84d86,false
07172bd87d4e66c2,true
2c9c6f8bca2a2708,false
2a15a8298e5418c2,false
184a6b6a039cb99f,false
22ef74fbfbb4549a,false
184b7d6fb5796624,false
04410bc0f2c9f533,false
18e21c6616406b72,false
2724eb9aa8cb3b08,false
0c116a176c61d5fc,false
2f8c1f11b301cb9e,true
2b5f835dfb113b7e,false
19c7693111c88888,false
079795646f79933e,false
2545c021a0597f7f,false
0127136fdc96600a,false
08df8a7c59c73202,false
1f9ce43ffa015feb,false
1ccb25d2f73190fd,false
28d6ca179e927bce,false
24f3d5b3b8eacef8,false
17848a05551faa42,false
019baf585427ac46,true
01ea29c0703b88c7,false
1091d89927bcf6d8,false
0550bdd1d4b5fb3f,false
18932499a7c59646,true
2304ec03949be279,false
235e6ece8435573d,false
0e1badb887184206,false
1bdcaafb45278229,false
0fe66201cdfcbc1c,false
2913bdce20ead39d,false
238c2713c0de02eb,false
32c81c3f5f2f779f,false
17ce6a696884d132,false
3235a8d8dca699f9,false
2caee0ab0e507753,false
16ab73a265206e1d,false
2f2405f71b0060d9,true
19695f375c64c774,false
2160fe4e39154bb9,false
2d7bef25099f9ee5,false
2922a7c4f1e7d397,false
0586fe2a6fd0872b,false
2a18478c20d51af8,false
32ddcc0dbbaa38dd,false
171dc5528016860a,false
05bc41de6ca73f1e,false
1070c86a947526f9,false
182cacb2e07a3019,false
005fabff398b690a,false
0ff2664ebb762545,false
0130fee00e881f74,false
2c5ad4c5d3a8a7b1,false
0666ac7c723e5587,false
2d290f90ec3186f0,false
248302fecea2bc8a,false
0b6ea43bd7d7d343,false
086bbd02b00da94e,false
0f1340bcd5dbafe8,false
011a6d9c9b3b6ee1,false
1d9dd948eee9c4bb,true
1fafd396ca9936b8,false
1ab879855c6fe23d,false
0b47cf49defb17f7,false
13b4f59461af8914,false
33184c8741c7dd09,false
0e4c488f0ea7bbc9,false
257aa0a87fc9fe6b,false
28e328d447d7813e,false
1a8995e70b9154b0,false
2fa469502d33c072,false
2710e7f3362826b2,false
1a23f80d1e290a73,false
23259622ec10f520,false
1791f322c0a4e6d5,false
1b642d97b61a9afc,false
005c0be674c410dd,true
245608d3c9e6c440,false
2cb1320be87da2ae,false
26b0a1cdb7fd4013,false
0b61cd3e35aeda25,false
0481cbf368a24f26,true
0255c16db3821857,false
04af1f83e4279de4,false
014a0e810f93e793,false
169b30c584d52677,false
13580bda6ab66ba6,true
1a2afe6f0ed6a11f,false
041130819fc7a105,false
285fb203d2ca08e8,false
27fa9cc1283cdf75,true
0c8bf99b03ca2bda,false
31129eeff6c9ece9,false
1c719de20dcb2373,false
106a2337885e095b,false
076854087d77d392,false
1f2c76b715ab9821,false
247ee54a395a036a,false
0fc0fd81a2c94efc,false
2250077a2f2d2992,false
0f1768bd26385794,false
170b35abaec36d34,false
290244c8d4530f43,false
282db1ba85ff49c1,false
04616fc5d61868b0,false
19b9e12023240450,false
1ff9e03f75e5c983,false
20e1bad9cdf61bee,false
029b8e9240a16215,false
134aea7375d8ed93,false
29e651a79e2d12cb,false
0d5a23c2c4566839,true
320e83a1f47176a1,false
1d12ea2c3acbdb82,false
084d0b31b4dd825d,false
0629eb2495ad24c9,true
107415a71651e340,false
21ca80e80c3f7c9c,false
249e8760092059a4,false
170615f5106744d1,true
072c84a61428b29a,false
23755ccff765a400,false
241f692ae8211182,false
0c1df11bf2166fb4,false
083e471be2ab2e4d,false
0b3d4cac0121353c,false
10c042bd80c39b52,false
057ee05d4350ce77,false
031a8a3ec9425409,false
28e7108b1e95f5fb,false
14a2ec1884b24da0,false
1de388f8fdc068d5,false
20dfb0d289a38c94,false
0d686e7565d7fd4f,false
230bf8c3128ce96f,false
2b8c6e4280ff760f,false
22c07a22bb06d87e,true
20ca15e943eb82e7,false
1644abd3708b8697,false
2b4df10a9cca0900,false
24e393f2c791a0b4,false
1d84669c7fb9f3e7,false
1871bd0763bbfdcd,false
0510cfaa9296e29d,false
1ddfd0363d567e29,false
2aba782c62767efc,false
02c5d0a18c048a2b,false
23818fa0b61d00b7,false
2ea40d4c20bb157d,false
30a2bab694525a36,false
27c949795d243679,false
14b4d337fbed8063,false
2975fa3b1a710c45,false
21fcd12f2532bbbb,false
02f1dc440d7f0c65,false
1d05201236c0a80d,false
2c1bea497de6abe5,false
015a1f0037e17640,false
0de20def745b732a,false
2d98194af4560424,false
2402b442e144c252,true
2fff206826de3868,false
16a0949bd3933114,false
1c362552712828e2,false
2c38b22c24036658,false
31d912789f502dc3,false
074231b888ae436f,true
1c6d75dc72c7a59d,false
2a95094a22b1e5de,false
13992820a462bfa7,false
0a38aaa754541586,false
0ac49cc0c7c88d2e,false
08a0f07a94101673,false
2d5b7adb9651fadf,true
0a022cd300845dc2,false
17abec7d0c50edaa,false
1bc138dac6908ae8,false
1778f98f6e9b2605,false
19629575733775f7,false
05baeb853a7bdf51,false
25d3972a79e45404,false
0b9bddcba8011423,false
0827be40047c558f,false
0e2bfd339a4fd851,false
2462fe803be7f2e0,false
3043cc02fe90ea19,true
243b997505d761b8,false
20af9bf222dbe676,false
015c8ca5465c6184,false
208b48c2e285ce95,false
14dc8023f11ec925,false
08cb9e4488189329,false
0355aeb1a5b5aebd,false
0735b27fff803983,false
2ce0d2e318acc912,true
1ba5a9392d38ab6c,false
23173df0cae06a0b,false
2bc68ee7ff4cc781,false
0777b3e9199f0497,false
23dfb4b2c504fbc9,false
305e6f1ca06a16b9,true
0d9a54b044421aa1,false
1a6a2fb320cde563,false
2f097016312d7d13,false
32b53dd2292bd46c,false
2889d357faed2fc7,false
2bae19381f970252,false
0892a694199078c2,false
2dc8f4c4d224c9a0,false
2196618be3779d2a,false
2bec29bbe12b662a,false
09641dc5a148cee4,false
1b33f9f7c0f2e441,false
08fd738ed2014bcc,false
175be95332ec2547,false
200e51ada2d45582,false
264f744db16f80f8,false
0c8834b38f612684,false
006b51c7c9967f2d,false
2fb5ab73d690b6ee,true
1a246910028e2a9e,true
0636d011d556349b,false
1e410c25e952e439,false
1e0ccb772f972266,false
03eece9e395f097d,false
22ab5020efc51430,false
1c76f511c19adfbb,false
13cfb96e40f8354b,false
2c5cda8e04c468bb,false
131d249859faa84f,false
0ebd80f778294ddb,false
320ebb3a1e199072,false
31deb42a458803ce,false
088cec000e0d0789,false
10cece2ad2688435,false
2e495b05e68a5d5d,false
19dd1e043aa59fd0,false
2821f53c149efe56,false
147f5986563df7fe,false
14cbc77825fa6957,false
169d7c3cc138c0c0,false
0172bead92f3c37c,false
062a5e5644d4e8ca,true
186195fb3f4d9421,false
19e39573b46ac9bd,false
007be36f02d155dd,false
1592573a63ca1133,false
07139ec07dcc7c37,false
213eb3a57f87099a,false
1c7b370bb9d5e4d0,false
2559f04821369fc0,false
1130343c774bef62,false
0c5e75419e60bbe0,false
1a7f8d1da98e1974,false
1313b353d7e6b20e,false
1f0f1091a0e5e4d0,false
0c5a9d4ff3b45199,false
1f1e4429a95c5f86,true
16313f377f9d9bbe,false
2b4159176c2b9574,false
0803469cad25fb97,false
06487d9a41139374,false
0ba384999c7fc5f9,false
0448082ebda2b80c,false
2aaa88bf47d77f0c,true
17d84dcc7ec2e84a,false
31fbef8879750db1,false
0832b0e4a08fb8b1,false
24f4974566ea9a65,false
0775a3b33af5a80f,false
223375c43843df11,false
077e42410b2d693c,false
31a262227067addb,false
281416f349219a49,false
2787caf40cb3717a,false
1e259dcfbf79838b,true
0004ca969462c867,false
07347aa586f323cd,false
01c245678bd24f4f,false
25d6db4578765f16,false
132c260806dea64e,false
2cb61869bc27eb19,false
23fd0da3d1fed6c1,false
1e0fc7a720e7f023,false
2782963c38e537c9,false
03c1727324350e8d,false
16d67323c6bce64c,false
32730dbbb66f3146,false
16ae43a2f0f221b1,false
20bd1ec7d8c2d1d4,false
03634cc7575f7e66,false
31b5c60c6adc10d4,false
0fe1fd4437db42f9,false
12c9d0ffe4824a7a,false
02d3971950457d0f,false
310614370f08e4dd,false
223cb6525d25d4af,false
221dd58432fc9895,false
0bc62163c9c99fbe,false
21e5f3b5045c04c3,true
3232dbabf955e32a,false
1f31b970675313f9,false
0a943fc67afa0466,false
046381987ba1901e,true
0f33294be7e3257f,false
190f877fe29723e7,false
050a739fad8ae607,false
19294d1ebd2cc096,false
1413aa8fcab1d585,false
03707c2e86ac795a,false
0c9afdbb48d3a50c,false
1f4d847d30545e8c,false
1df2a011f68b8be2,true
2a64554561ee0ba9,false
15a794558f478d6b,false
2155a7ffae71e777,false
22b4d97f39f10fcf,false
10a3431c7326eebc,false
09358912f41301d4,false
25da18ce0e43f48b,false
272f88cf0ebb4d23,false
2b9a2eb5d0b8b742,false
16800999e41f0f25,true
0f31c9b4f2bc4821,false
0ec45482f58fc34f,true
0a7071e5723851df,false
2c432dd41928d107,false
09d8c3adee787ef4,false
22a9bee1c8b9837e,false
0bdd61e4bb1ba8e7,false
00f9223191e1f198,false
0dd787f4dc5e2396,false
06c1d3ec9933a4bd,false
173598504a4a80db,false
235a6c444e15502c,false
038658cc0f5f3660,false
1dd90dc826b2abf5,false
2163868113ab7d2c,false
0142f8ae39ac170f,false
01c67dc5411ad970,false
2533db802d9890d7,false
0e6bf2e403537265,false
287e8c7182cf201f,false
04a91b6747d51989,false
0ea2233c37319315,false
0a1140e71117a84b,false
05d94f55d7ae372c,false
0967dc0e9ca3e1ce,false
2911480315f90ca9,false
212efdb64e48c0e2,false
0b23368e35ebe8f0,false
316183d61965d186,false
07b364c981713f74,false
2eb20bce003bafa6,false
32c1370bf7e5e909,false
17c13d9b4c426dcc,false
2ee47e83b112c7b3,false
2ba93d5983cc471a,true
0c28a5c5605c13af,false
180c6516c17268af,true
32e22cfa32a62e34,false
1213f5998a7c6b48,false
19fffb58695bbfb7,false
1f4e9a2a0f11591d,false
1754ffbf98b6c272,false
3053ff8fa3da637b,false
225092a4b162cb79,false
189f4a984325b672,false
11ac65f850b7b78e,false
0ccb57650d1c73ca,false
2860fd0409cc1f7d,false
1c7a5929c5ca5899,false
0c52be5eb21412b1,false
07e3c379b65e71bd,false
0758c7998a8495ab,false
18a577799310dd31,false
1d205e4354804795,true
12f82402200907d9,false
1d94a8b1da6c0c63,false
1208ae3371e114e7,false
1ee42d614640ecef,false
0a3f7cec2f687fe0,false
33043defde3b2023,false
2d188783352377ac,false
176c33442c8a7ec3,true
12311f9d9b16c105,false
324bf2af6ed1d078,false
03b8453b3768fe62,false
1b8aa3a5ae6d5745,false
0f105f36d1f5c403,false
32d80cc74d11a596,false
1fd07b95af4b3685,false
0241cb5caf46d911,false
112c113849670117,false
3100efaba8e12cd7,false
23499f9d38e10660,false
2015fe30b24e2a16,false
0fd90584319e7ff3,false
29484a02adf12911,false
0fba517fbeb37f76,false
1d4575316ef9885a,false
232973e4e9d69e27,false
120b41fd38d29505,false
067665d92f89a769,false
079dbe3b463a5291,false
09bfd2e64ee684cc,true
1c188b8f420553ec,false
2268f6ecdd2f4b42,false
261e6af3eb1578e9,false
289dbaf381875c21,false
10f2a10d9d1cbfe2,false
1a1d74b7c1b1ad97,false
25776fd1d42c68e8,false
09c235bda1fcffe7,false
1a3eed4bb71f1a1b,true
05c4a8c0223c0ea0,true
2a2500f3aa8b29b8,false
2bb5f865be428149,false
05cbd43bfb1f8599,false
078c2ff8e6d71402,false
0722a55a9f4981ba,true
182a9a1c54d70377,true
2f7f6f4c63a522dd,false
1466c3bd38a63392,false
15e825952c1b612f,false
174fd6b020cbdfac,false
2031ebeb3d435853,false
25bc292e13081363,false
06590653412a9851,true
2b55572554cd3061,false
04e702d6ba1bae76,false
0c40a3fe2d0fb529,false
18441ac0cbe027b5,false
2b8b1da06bb3bf51,false
0ff5e3aaaa7b8b4b,false
15c6da6615c92e1b,false
0cc1414f9c7d2387,false
0313969d40fde3b7,false
2569d3b19aeb5a27,false
1017b6444e5cc284,false
0667c81724246185,false
13debb84c9263ed6,false
214f09d8edc28dca,false
024b23f8c9f2881a,false
06c30f05aa1a644a,false
073f59b5f2cf788d,false
18ec644a45a9067b,false
19d753cfa9eab950,true
270bf69bb1aca8e9,false
32c0705ea257a08f,false
0fcf0b4cefb3abec,false
0110874035cb124f,false
232ef5e42c88f5ab,false
1baea382c4067c17,false
1a9a22aae376941a,false
252f1d3c6a3598ea,false
159ead83faf90ac0,false
1fd342a680b1ec7d,false
16dc05d004e41145,false
2e4c324afcc2699b,false
0b5da421b8a89453,false
0bb9bf6e5e67f385,true
13b0f525847d3107,false
0ceec9bf8a5693f2,false
00ee829710ace516,false
1110c4ca7c0cd9c8,false
1600ddec3d75e954,false
202809b42adce3e0,false
3292092e4c25e7ee,false
1f27f2d2d6b3c2e0,false
1d8bf9dfb85e8b81,false
14cd49de5e7f809f,false
29f816de0ad7052e,true
2e7dfe7414499fdf,true
03e072259b4cedcc,false
0c20dad73dced0cd,false
1783c28857a7eb58,false
27bf9a2b5a083a67,false
105107356188043b,false
1bfc15f7f5217618,false
0d99d302161d915e,false
06b3168ecce6474d,false
27fb74e25045e36b,false
2534ff0c665ceb33,false
2614a118992c507d,false
10c4d32f1d5af073,false
03ca9478de75fcaa,true
0e22628f7df2fa1c,false
1d415cd50264a274,false
301ede16c5dd1f5c,true
04dcafcb0bc90edc,false
0ea8eab32ab825b2,false
2d6bcf0131aa9e35,false
1ec744e3bf7bccc7,false
0fa0511cce219ae2,false
135bd35e7bda3a3b,false
2ef972df6104de5b,false
261f0aefe292750f,false
0a2af9e6dd9615f0,false
08cb201550998b51,false
1a1065ffca232a87,false
1734d3dc2f8341a0,false
050978df53d166b9,false
1ffd3d5354bdf69a,false
2602cbcd49fe206f,false
22c4b16a9f32b38c,false
2ce0af8b5a0dd8b3,false
284b24d42e4b38c8,false
11fde8842db06208,false
1c642438ab117a27,false
28b6d656a81658ae,false
28aa3eeabcca1c1f,false
1be9c85912effbc1,false
176962521e460e2f,false
0dccc2de3f13456e,false
0d08590427ea8dd8,false
2ebbcee2bc17da9e,false
0c6e2688871ab55a,false
2cf71501bc9331b7,false
1a4945a388ce0b27,false
230848fed31f344b,false
2d9986244adc5c4d,false
22ed2a0c2fded938,false
214400af583a303f,false
0281cb0e9b98f270,true
1802a2e86875083a,false
0ad5c6c1c07ebb33,false
1d0cd9fd02da8783,false
2bd991279a3ce9dd,false
12eeb7688c40be6a,false
32131641366db1f4,false
2ae905277b5ac0d0,false
01ce2a1c37817997,false
313c03e43e33fcba,false
14603cf7aa09e789,false
21cfbffacb52913d,false
2c4c7666b8589a01,false
29fc5d53bd5cd32b,true
2466db433aa3a58f,false
1c39695fb61e0705,true
0e0194b3a19ec4b8,false
281cf37a7e916e26,false
10af7fcfbc238ec0,false
2a8e8f872ed56a08,false
208e2b1187bb4e7c,false
2b2fa42f94680aad,false
123783f8cfe67a31,false
1c03bedb08869fd9,false
233437aba34e2074,false
1101fc317845a8d3,false
15f3e78983826a90,false
22efc4fe76b49f7b,false
038d1276157775a1,true
2c70879fdcaa95b7,false
10e95529db451aac,false
038d1b1d8abf0a5e,false
1873e626315653d5,false
03488866e1f9f2d5,false
20aa627e95072aa3,false
0321b64505e15cf8,false
0963a6b75fabdc0d,false
02d459e4c48d728f,false
30751f1a46fae01d,false
02ae25fe1633b6b1,false
0c7a66eab44fec2e,false
20ce91db832c5218,false
20ae198669cff6cd,false
284d1bba8d79126c,false
288df9fec6fdb057,false
2f169248dc94934c,false
32bf80fa91b0d557,false
188bf47c230aa558,false
1f20614a5bfca749,false
0d6b312e7ccf2838,false
193ef5813b8ac263,false
023850e48d0c4565,false
0afdb6b701083766,false
2c92059bd221bda4,false
0ed3914d671f489e,false
3034c2864771fca5,false
14daf63d7973ad11,false
21905da93344ce50,false
2eced37ac9190ec2,false
0fa94df6be7ddc93,false
16c54e80b5591c9b,false
16120fa84d2aea07,false
02b531b48f295995,false
1703e6463071627b,false
20acda96f73750b1,false
2640fb11678940cf,false
2229e4225f656147,false
150e4f70e338e74c,false
0723c53c8b552150,false
206498c658584a42,false
0b4db7ca888e5fb9,false
0400a4b76b75f7a2,false
1a08ccbb429c6c39,false
1aa1e1c231cb8d94,true
03241ac8aa868146,false
2c4c052041d0f596,false
03eb91b0429c4f5f,false
1ddc67e6c860b29c,false
273e8c44e33636d7,true
0b6b8b2547d59861,true
2910d2946cc9827b,false
0d1c581b5ac8f01b,false
0056bbe85e2f7f31,true
2daf3bbacde8c598,false
2a44f36081b8d768,false
2c022674fb089a70,false
0a03594d97976b8a,false
1795e196f21f97cb,false
23818d435ad198da,false
2b75fb30befc50dc,false
250d6916d8962c68,false
29a3c9983efa5a5a,false
1eddb7dfa42dbd18,false
31a1950432ee4b5f,false
1e8a880445d8fe9f,false
1552119f0af922c4,true
10c3ef562cf1ebe4,false
0b3de59531d5d108,false
2de078f144547738,false
220af64b7b413a74,false
12397ec5b833299d,false
02e699e164e88ddb,false
2354727e9556e956,false
1f3892b836dd9ac3,false
2fb6015d6cec8d1b,false
040fa57b409ba317,false
26dedf7980949aae,false
100e4d1f12c42c6d,false
11a18451621f3f1d,false
2222a686c7a9573b,false
24814d40b6e33636,false
300f3fb43a13a4a1,false
172b96cd2b0af2d1,true
0fbeba62a1379715,false
1320ceb45043f64c,false
1ec467805df1432c,false
08b4da9f4b4ec561,false
172b713042466211,false
1de04ce30019dde4,false
0fc5aa3cb4890e36,false
1404364fbfd20efe,false
32bc289cd99db608,false
2e00110b5c0276e7,false
2cbfd284b2b89a40,false
2d1bf80455833fc3,false
06078d79d8591c8c,false
04353759355ebc3f,false
0dfe607ab32b6afe,true
138d281bdac4f30b,false
0e3fa823e5e0f225,false
2b5b38494e8cc71d,false
270b8167281aea1a,false
23ec96020d47a022,false
21f6e73144db7cdd,false
14c08827ecd87b0a,false
0631652a8f5bbace,false
144bde811fbe9fa5,false
2dacd72101665448,false
1415ac0accd97751,false
1fd66902bfc1c5a6,true
29b0a73936090258,false
0e8e8ef9e4ee2b98,false
28a80c7ffd4785f9,false
0acd89f4082b4ed0,false
2aa1b727c4be6fab,true
17c64f622b75b611,false
198c7fa49340cc9b,false
1e887fe97847ef04,false
1770142490e8ed3b,false
03265e5ccecb86a7,false
1101a1a1f5dd1181,true
0eace2d6baee518a,true
22475b43edf4a927,false
2302703d3fd8f5c3,false
04074988ab4cf1d2,false
0c7ec5586b99a4bf,false
11f243bba7098cf9,false
29569e88f7c57ca8,false
284f41c7ff75d047,false
2bf745e2e315cd1d,false
21ef0cb52711b986,false
115fbd0f0b014b73,false
19d6a48de700ebbb,false
1593aa4f0a852647,false
0d5820055fb43ee6,false
2581aad1614d4376,false
2b13f1c03855ecac,false
0c224646654f008f,false
1661bf8c452e40fe,false
0e7dc8047345faf5,false
03461399e1275292,false
04b76598b067dd60,false
04f8a67c46170cbc,false
0f464f1d0ec4ea60,false
2066fdbdb3d12330,false
1f9af2b99fa26566,false
311ab6a03b5711f5,false
1edfe21f24febd5e,true
1c48415a62983767,false
20c7cd757d276d45,false
0a8c5b039321b18e,false
0f40cf78b2dcbe2f,false
31b0f6b1d6f87fd8,true
2097ea16a101ab43,false
266b3ea127add430,false
0544be3d26fae7ae,true
1945e72818cce19a,false
2e3f596b77f8ff2d,false
180ea0f9d17ea377,false
21ddd13d8e7e6953,false
1d62354c3cfee872,false
0afda07c09340b5c,false
173c69986bcb2025,false
10739e6b21ffde41,false
1aaa7cb443620f5f,true
086c41431b47af73,true
2a24d5608e3faad7,true
1b1edf73aafcac7f,false
0a39778bb7cdb4f2,false
2677a3c433714784,false
0957b89645778ded,false
1e2836c1b8705d82,true
2df117014b5e7abf,true
27cc3031911fe3de,true
1c8ee5ca59168795,false
21a7405e99ce167f,false
32bb3caae48f8f19,false
08ad2b646d804a3f,false
1a1a9a0888271567,true
0675c27875959803,false
059ad377b23ab213,false
1cb9523f5c277f94,false
2bf8537c9c812703,false
2547c954d63690f0,false
043dd2b0df82f74f,false
265120680daee224,false
2c5d52547a9449ca,false
2205877a92a68b6f,false
0f2e47e36c91b3a8,false
0e89bf11441a9836,false
0fb5fd011f41aa78,false
280763629904d3ce,false
3171ed441b57a35b,true
2bbfa885ef0b1cab,false
24dd0d115e0b7074,false
143408e222946198,false
075bae32aab3a1e1,false
19c5ad246cac3ac8,false
32da5b1f54c3f26e,false
1824edb614364bb5,false
0eb5990b9fe9c584,true
1559c5aeb7207029,false
1dfa765915ceb130,false
3156d5095239d684,false
03a9e931c7bfea49,false
03e85ed57b3288d5,false
2c5a1228cd178280,false
19a2b5fd95a7f301,true
1b5fdc7a1ca38059,false
22caa6b8bdee9a42,true
07ad8d0ce4b44abb,false
11ae5ed6c40df746,false
12d7eac5551764b3,false
0ec073f0c368699e,false
21cf0c8e6cf55f4f,false
08541167074eb725,false
21ffcde582b7f766,true
10fca9e31f6ad588,false
271b4806ca0e8249,false
04e42eb37fb87794,false
319af5fa7fe3a5fb,false
30e9c94bba76e0f9,false
2c0ee1e8d9627f1c,false
2fe52b4bf40e2c29,false
0d91b482a4f2b906,false
15450073112ebb36,false
295c557bacd91255,false
30fcc3d4f41ca2a3,false
1a414e52a5f9007e,false
162fb2396e2cc53b,false
282fb008ae1af315,false
025bc8d581bb0923,false
2fa6411ed753c946,true
16cb06a14ad0dc77,false
01f158e79a8f732c,false
3162bb6eac428b08,false
188f66ed7b3bf946,false
029a497938869f27,false
01c512886cce4d43,false
214c3a5f3c4583f9,false
2b981833ea70b04e,false
1490495b6498ddd4,false
028ef39058c1caf5,false
248ab101a95ac62d,false
0b3bfec4a2341b37,false
29677d1ce6f6b8a1,false
1a8847afd87c7a50,false
271627c2b8fdd72f,true
2710f075b5306e9b,false
02ef7bdad581b556,false
20a3eed7f4e493e0,true
0ccc882d320c7cad,false
0573049eaf20c116,false
15b40092c0f78a82,false
294f3a44adcbd1ab,true
108fc90c1c08eb5c,false
0b29d3d2f3dd2d68,false
00d644ae9b050338,false
261249bf722b8c53,false
214d9106d2d928b0,false
0d14b29b3632d283,false
2180e51e78f5661a,false
3070af9bbc732725,false
0d20443e8e7d2f58,false
1f3f8c50cfd43f2e,false
22383627722835e6,false
00031ac4a2c67f96,false
01e214528c42d992,false
19800521512e4051,false
12cfa98a3b173018,false
0e5ab4429a0c095d,false
2b26dd6c4f56a8ca,true
0ef97312aa891372,false
206ab0991ebb3d49,true
1b28eb44d667850c,false
0dfc0ca1948ae8f4,false
0f76b22bd9586386,false
1f4f94609e11f216,true
06dfee39899d4473,true
2e9ba95cee890893,true
2c23c91099928a70,false
0948a364d046f631,false
1cbeb08a1ce72431,false
0842d925c2856307,false
05bd15d0a53a83f8,false
12d46db52f91a882,false
1f7c1b905c6bba8c,false
1ea88c4a3c01a75b,false
2d0c0d2414112f07,true
138b37694d3ed694,false
08da13222398b4d4,false
2111d6f41d93c4e9,false
215f12779cbfd398,false
27f948176920de81,false
1352a7f44aac225f,false
2ebe7014681fd927,false
00829ed6ca9aa87e,false
19bc831b902cd233,false
26e8702d424262ed,false
2997b35f55511a46,false
0be9380c51628d09,false
2217d8201c803f29,false
09af608767d2de22,false
0ba829d003815f2f,false
119276e8d02a0e82,false
26e313cf99e16b8d,false
237e8a66d54a6faa,false
16d47a5ca8ff8cc2,false
19885b724f31e900,false
1e4ce685c6d42c5b,false
2a140abda394999f,false
0a69260d1f00b88f,false
213c0669cafde985,false
2bce75632cc8c673,false
11d42492956bda2f,false
1fa659d8fdb26909,true
319ff9d66d509f95,false
17a2c85a6657fb39,false
0f80ecfff5e01dcd,false
1554981af8d09349,false
31d6960b4b476120,false
0545d990f0c189a3,false
1921cab6bc6b61c5,false
1b6075e7dbbe2001,false
05db4259ebd786a3,false
18aa89ed44e44a7d,true
00e7b56c3c2b3043,false
28e10b60e6f624b5,false
1f9a6ec667fce41d,false
0f77178d5f3bc80a,false
05b50702c4f46f57,false
1a16a0e5357f7c9f,false
17b3fd29d5be8759,false
1b70e3d9ab67b100,false
097c2c24d9a920aa,false
2da3beff91d887d0,false
2d5e96f20e87a730,false
1fabbcd0f7088b85,true
29983db23be3ac2a,false
1538b9904f055d7e,false
0e77faff556ed149,false
07d3fbd747dd4fda,false
1c36724c7e25f6b5,false
18119933658b0deb,false
2cc44ba1b40f4413,false
2b0012ac724f7798,false
2fadd53038e9d5a1,false
1a476483661278ca,false
2e19c7830b8f3017,false
0cf4f511c7002e71,false
10cb18b082ac7e65,false
246b449daffd2039,false
186b365cd522ff46,false
0513c5b892884c66,false
084ce95aedd39de7,true
24a83fcdf49391ef,false
1afdc0c33d5943d6,false
279fda986244e954,false
2b67c07ae34bd93d,false
0f38beae40360f51,false
1fbd3043340fca69,false
202f9a8ca00c87f5,false
0461a4e9216a95c4,true
1a6e83b841108a81,false
1d03d5fda3c55fd1,false
007f7e626e208dfb,false
10d528d226398eb6,false
2ab420d551ada788,false
2d0712c33d76f34e,false
05098672d5066ad6,true
1d6776c74af6cf8e,false
09eb923e3dd73a83,false
08fb9a6d29727873,false
253bd664e02fd2c8,false
28d4111fb24029c6,false
1e4e7ca9f7d7381f,false
1e12461eec7bd6a8,false
02ef4b84131a89b0,false
3321b8fafc9c1aa6,false
2442becf32755c90,false
04d89e5b0e5391b8,false
2814b04f3c94e0c1,false
3292297f465248b3,false
0fe6ed1817ec4aa2,false
15c0df44ffba7c43,false
23d22ec8df86e1db,false
2d6c75ea0d6f5186,true
011e28b32f4610be,false
08bf9d24c9909479,false
1e5bd93bd44c7179,false
2891a4e69b1af9b1,false
1428f0131617da47,false
221093bf3e00f19e,false
32a381832248cb3b,false
2cca4aa52b061334,false
0c5b32d1b403b7a3,false
30181ddb1ce5de90,false
0da432e589c315bb,false
0bc91d7a3dc8bec7,false
23bff7caf9ddf051,false
1d4f79639467a67e,false
2d7f2c223634d33f,true
0f4da0d531a64f85,false
28b8799d3b145877,false
03b026fe3ea1bd57,false
00158af5e3a73854,false
1736ec7d0a830271,false
253824b205d5b46f,false
0187fcee0fb8ec3e,false
119642c3995720a4,false
0463b274dffb9cf5,false
23ac18a491aff5c3,false
2214c97c5cce48cd,false
0ae89a71e92c7c6e,false
22fae7c97c409aef,false
2c16960bb7c584b6,false
090ef80bc43c6b20,false
0838259e50332e66,false
268a18a77e1af8e4,false
126c3e856695c6c7,false
22e7d08a93bdb2e4,false
08f2b54646e92e6c,false
26fac58aba9c9afd,false
19121469152fb7bd,false
0ddb28b07b15beaf,false
274e02f6115976c8,false
2f75cb2304501203,false
31cb04847f26fd2a,false
30b1c26b6b2161ce,false
0d096ec7064cecf6,false
1756b9e8ab916f79,false
1c3d38bbacfc628b,false
329a0a3e0ac6353a,false
2859b022733227d0,false
1e30556b3c3d4a01,false
006bbab52b049b3b,false
142efb9fe168ab23,false
056437beb7e3dcb5,false
02df673749a32941,false
0f2dfeacd1e10cd1,false
28ebe81691ed0367,false
28640918cc194127,true
1e3049006be142fa,true
2c3b9c97caf8eb1b,false
1d16b927dd9eb42a,false
1d6dcf7d26ea5330,false
2226e8cadd5f416e,false
00e70a542361f6db,false
0c70f7a52bb92818,false
2603f845772fc0ec,false
2b16f1e3657d75d4,false
03674ebde02d195e,false
052ac78942a25a94,false
0cf89f528cf6dfd3,false
0b01afc272a721c1,false
1d46f6f7deef11b5,false
212219507e5a6fe0,false
02c7280ff6176f3c,false
1b0df3e9f2c77686,false
19d61966492dca0e,false
086f2672a51e49f1,false
22c44ca04732f2fc,false
1d2b55fdd506927d,false
1e52c4e60604f99b,false
32b7742eb9ff697e,false
0c2ebe111f1077ef,false
14b371975dff7533,false
120397bc00afa3b2,false
0200dfc65f0c476a,false
1ed0f1f78b3952c8,false
1c7c5808eb73bd2f,false
088d591afe613935,false
2d2c519d555882f8,false
0b5dee664da74a82,true
2535b022c31ae4d8,false
1fc4485dd441b0b3,false
22293df390603975,false
1346fda1547fe652,false
2bb5c345dc3b9134,false
1704996e70e6c37e,false
1601d19b5a042e5d,true
2add66a42f907352,false
25a8ec9cb13b3965,true
22fb60b807040e76,false
26dd207a5aaead83,false
14672d702be13ca4,false
14fee583c7d75aaa,false
08fe65fd39fa23a6,false
15c3917eaaec769c,false
1afbe15d2466733f,false
308be5f2e3714671,false
03d9f595491a19ba,false
0936b601940721b7,false
091b414b56383a85,false
0cbf18345b13897f,false
20251da2b2b5adc0,false
2052a0ae863225e5,false
152244cf323ea96d,true
1ef770c9126d11e1,true
020104ddb3f19607,false
18e113968e86e412,false
25f5b985c5cb33f1,false
28b309a2a72b65cb,false
2dce159693d81ab0,false
321d2934cce2feb3,false
292b295757ee3a79,false
122b7838ed86dd00,false
06b3c2b050728d59,false
006c7aa4de3709c4,false
010128c988c3c5c5,false
1dd18472af49f064,false
08a834cd95b2c83c,false
1c4f009583dd7de6,false
087e9fd4b8117889,false
293e66cf7c2a00f3,false
1cc6c43b115950c4,false
29014e9037bb0812,false
1eda9f67f2bfedc7,false
30324cc3a28212e5,false
049699f9fd22d4c7,false
1e881c9cdb783bf6,false
0fbe8147cf8c00ea,false
03b6eb4b6c09462e,false
2d9bf58ddd59349d,false
2d371402ef194537,false
0b3ed577873cd39b,true
29a2cbbac40792f7,false
2861302250aeba65,false
16c12160778f6734,false
2aab1ddfa9a724e1,false
056d1e29b1380b48,true
0588436a758445fb,false
242c68fa6178f556,true
27a755db7cc5282a,false
03a505cdf3476fd8,false
1fa87b13b4c7dc1e,false
032d0bfab408ef08,false
2af73e485ff50b02,false
13678be517372b6f,false
0fe8171264765e74,false
052382a3d62b4bf9,false
2f20e73d9f1ea07e,false
2ad463ae609d49f6,false
0ab4ce48fa984915,false
21110aca06318b46,false
0d1f0da6de5450fa,false
252616de68867407,false
0614b06586defad1,false
311805d05ea7b26d,false
27ea5691fb8551b0,false
082240b8b8f62aec,false
08204e6de4815d12,false
1dd8ff451e4fb147,false
0d8bade077e4b439,false
08da47eac2cbb76d,false
299e13f5f903c1fe,false
1798d3d3e192dc79,false
13a885247a7d7fc1,false
05fcfe3b48bd0601,false
1716d74d0c8e51f5,false
1afe4d837a06c20e,false
0fdcf7080252b7cb,true
232e1f5206a421af,false
0d3106908917edb3,true
2cf0e385761acaa6,false
1dc2e26a29476878,false
213da7e4988d37db,true
0f418c6905143d42,false
06e34aad0d5197fc,false
22ddbd0c7b05585c,false
0c44a1aa02cfb8e7,false
19509143465760a4,true
17e6b34129429be1,false
0b6eab9e10590b76,false
187c47a64dde11d5,false
1c4e8d7f950db33a,false
0d799ec1f92f6de8,false
1a1bad42eb9357c6,false
222f0bcd02236c16,false
0e4684e809e0b839,false
1b323305382765fa,false
16483c2d707a8e3a,true
2c82c05252a1e398,false
1321bf01c3cca709,false
102e92cac1b75945,false
0f5803a8d7ab6a3b,true
23040d3bc4f96b6d,false
011b51e32b55a4c6,false
308259d4a9b52ecd,true
2947261d5b7a73e4,false
01fa0e75d6cf5e46,false
09b9bba090ea42e8,false
12673be59b3889a2,true
18ac89012b18833e,false
29b304473564e529,false
0cbfad0716861cfe,false
16be0e977203561e,false
121862471a50ecc1,true
170d344bcaa52c75,false
20d73e51316471a1,true
20020d8d3bfd3f55,false
198e72518888ec1c,false
171d6cd63d8c708c,false
20fb2ef8c72adb5a,false
20ec55125cd78864,false
0f2dd94cd96c8e45,false
0cbe154d6d057b8e,false
25e609263552b495,false
2b440d75a70dc71f,false
1c18416e78bf53eb,false
099427e1b4fd8deb,false
0651eb8a85a3c39f,false
1e79c88ede13438f,false
08449c1775aacea0,false
2ebed5dc9f40d415,false
2abc38bf0cc5d3be,false
2df51ef76a1ff3a8,false
26cb866439cf542f,false
2603b49f31ab17d1,false
03338d815c329141,false
1bc738ed80d64aae,false
0c823508e9f0a38f,false
2a07bea50bbb74fc,false
23bba55d6087b4a1,false
103bf8f74bccded4,false
2b8152f934c6efaf,false
0428490379d8d23f,false
003da37cdadd1f27,false
1179d7013b602914,false
32259dedc3e0b3f5,false
21a40a76982332c9,false
274f9b1065428323,false
0af3bab24d053d32,false
21f732dcbe03cfdf,false
159dbbde6644b98e,false
30b2543dafbd97c5,false
01dc86cccd9f8b97,false
2f4a4d969d29f468,false
1917895c850be6c9,false
0c5f214ca230d3b3,false
288d3c2024060eea,false
0721b96b99d422c4,false
066675cdf6bc907c,false
082955f8e1f4f77d,true
086d340e6ef72ec0,false
1d2e4a1dee36e95c,false
1a86a22ab8d804cf,false
241c6bd80949e7fe,false
2d97a6a37fb53beb,false
002d395e78577af2,false
0163b8642f6d25bc,false
1b86f628d0fbdc6d,false
036737be525c0d09,false
32093368e5d927d9,false
27059ef6cf6da0f2,false
235540069106d285,false
3267ba3ac7de2e83,false
04d5f3a837c2f9fc,false
079f89e8c01c0367,false
0a78cd30b9ed9187,false
3085e9b2170da93c,false
2fee66627b89720b,false
1c16ab216e9f922d,false
09a9335bd821fa1f,false
1b3c969fe74fdc85,false
3077ac55c9bbf164,false
2f0970a09427ff04,false
100adbc4b837a582,false
2ae21e3f785bd19f,false
30141829f721fa37,true
254753bd045ab862,false
08e472c47e1b806c,false
094725bdf3424f41,false
1361b91643b4e2c5,false
317c5a005126e0df,false
189b9c5f1222354e,false
25712cd9f136f308,false
1fe339e8a34e2a9c,false
144d5a107f78a1e5,false
126efc9682ab8ec8,false
0d8aa5e1da1982ca,false
2c3b8de53140aff9,false
13fe9cec96b5d8fa,false
07c9fa7327682261,false
01121f80a4c84631,false
149759c51e262e4f,false
20d6f5d20ed6399c,false
32e049165ffac327,false
177010d29f1973c2,false
11199cc23bc39235,false
2e8777e0dbaba30a,false
02d17a2afaadab0a,false
275fd570f1a24366,true
0654de4c5206d30b,false
09ff5791b6bdbbc7,false
12f3893c83726e84,false
18bd2da9da30bd34,false
2a3a2d52261791ec,true
098377078181e3e2,false
00cf0c9983c5af3b,false
0bcf8cc4d38a8709,false
0a91e0118fdfc385,false
0c7f3d96b1d2073b,false
07c3c44a4156bf1c,false
29918576887a5fcb,false
09e2510f3c159f33,false
227e04da0a17480a,false
0f40f8584b5ef3a4,false
2177a32c1168557e,false
07a4996d99eff742,false
27a933e9b18ea9c5,false
1b105bd83eefd2c9,false
1e4ecc8d70a4fd7d,false
003eaff8d8c9e2d4,false
029b65afd7706571,false
2c24b9f7bc1453e8,false
069a469ea2bf6b5e,false
1c726bcac27dac8e,false
1a5cd14bd41bf292,false
1c062909622967ff,true
2d9127240b760a13,false
26d25331c8af6c72,true
1e29e1411ab33ccd,false
1e22dd4723bdbad9,false
03edcd2dbbdadae9,false
270ce05e8693d2bc,false
16ec618e048c0d77,false
1baf16bfb41bdb2c,false
2a720a1f3535474a,false
314c886826274ab1,true
11d67397b9ed4dd5,false
1839b2d27ab08642,false
0088a440c1837bf7,false
2b1c35161349b538,false
1b527c35f3682ab1,false
2194245bbcc70856,false
23ea4164c7abc445,false
168f84c95a7b7185,true
1fada08e9bb8d390,false
1e6e362fa2dc008b,false
136161582c37c59c,false
06cbfb31bbb623d2,false
19beaec892899938,false
1e34a9808675abe3,false
0a2e8de9fe3987cf,false
258d42f67be62cee,false
02ea961f7911ffb2,false
1e04b26da51bb4ec,false
2421fa1bfd482b75,false
31446c4279ba9924,false
2fafe389e239e0d5,false
2e2b15053a79491a,true
26415bc69e82a893,false
0d9b5257c59e37e8,false
021c570100504a7e,false
230d869959290fd4,true
0380d83a31090afb,false
13615bebad26da85,false
1e224ccce0686148,false
2a03c086ad910c83,false
223cac33aefa96e5,false
1456ab987462a698,false
2d9efd2fe354f3fe,false
0c744f583aa4b47f,false
11a2bc1c68f96c99,false
0b2650a77bb156a7,false
31ce08111ba4ca28,false
2e0011604c8ea59f,false
0a50415a1ef50aa1,false
2503e87085b00546,false
127b1ed9f33e3a28,false
2ea80c7eef483eb6,false
2d3984c83a320faf,true
0c3e91745a9ad0de,false
2c6e4492a2da0120,false
07b5111d2cb0957a,false
13cbc70839f9242a,true
0c0131a84cff1ec7,true
1b5cfd52864cdcdb,false
21fc09c7ff52adda,false
10e54884b965d0d8,false
2b5b8893ec29161c,false
217914a0d16a0f2f,false
1b5878e599ea64ed,false
32c911526e69cc5a,false
0efc894277caf209,false
245dccea61732bbb,false
2298749cff5933bb,false
1c47a1f8f9ffdad2,false
1057d197d3355a25,false
1c351eb67470170c,false
0b1cf71274c4288a,false
0e7ba9dc25bdf6e7,false
1e29030b8cf38def,false
19801014ce62c119,false
074c3122169d14cb,false
2a2c4c340d135f6f,false
32b6dd7fb27542eb,false
0fc90dea41ca61d6,false
0e2668ce641104be,false
0c218983a6798868,false
13229b099ecb5fb5,false
289d71839a250849,true
04b37f8dc4a05482,false
1546a4438e7dc863,false
08b477b5071509ac,false
08bffaeb71e57bf1,false
005cc77f80e486e0,false
0425ef7acbca9625,false
233a8fe17869cde2,true
1ec278ff362ca88c,false
0b87a4de0d8c2dc4,false
31cea9296b8f7cb3,false
30e2dc7ea43f9212,false
05632c035a28ad72,false
0197242d33230b74,false
1154ed93fbffc359,false
3211ef18b7fc0e42,false
23b56b98f1547df6,false
2e55b6d3b7c1d4fb,false
12d16d41954dee2f,false
23f17186434c7a06,false
203c181f46330d5b,false
264d5bd5535b600a,false
08b5a9d4193010f1,false
18e12597cd66bb1a,false
30b0033f211361cc,false
0caac094be3727f0,false
06636837f8db727d,false
1cdf62bd4b7a5ca7,false
19567d57cf9f5c41,false
12ddbff6777f2094,true
0492ed1190fe2458,false
29e023f938810be7,false
120199ef74d307eb,false
269c45b436149df9,false
1d3e52f58377eaf1,false
2bcd9a02f39d4550,false
2b9f648d6d33c797,false
088c1f4f4fcc1419,false
05d6a71a8a2786a2,false
2187baab71d5763c,false
03a770dec085f5bd,false
00a20cbc4724588c,false
184b0be8f6323c4e,false
1399f59be31303d4,false
2a3fd33cd51faa6f,false
1fd9c9255dfbc8fa,false
145376820859d9b2,false
19865f7728a12d08,false
2db17f4e63266784,false
0fc4fe5595a33456,false
26c24d8c279647d1,false
2ea816af345274f4,false
271d6b81ba5b4b43,true
1930aaf309c599c5,false
07ec7bc2ed30a983,false
17c5fcbcad0bbb72,false
1c4579842b0d92ae,false
095c3aa7690bf8b2,false
130c970c82b19911,false
00bbce92d420398c,false
19ce646c417331c2,false
32f5b4a461077309,false
196df7ca3545c80c,false
135d16291c5662f0,false
0f208c07cfcbb237,false
18447496d776544a,false
061569aa42a149b0,false
2aef46f33896d043,false
07a90e9280a59c68,false
1002413121f9c861,false
1bd4ae2bdcfea45a,false
0b01b9c10c70fb72,false
04e6ea707e1d5a10,false
20dd12b1dc6603a3,false
1ecb169ec1e9db9c,false
232829d1e7916d82,false
1f5f5536d6063ff3,false
2d34aa1500399da0,false
24c618eb98562451,false
11b97ab2f013d6fe,false
007df46ccfb61b37,false
23485b2fd486b7f8,false
0d778b2e710c4717,false
1f789ad951f0a206,false
020895cadb92b9cb,false
30a0bfcd0a255751,true
016018eb042b4068,false
292b869cfb182a1b,false
19d5a4211fdc567f,false
0e37bd73ec358b1d,false
07db4ba1082e66c5,false
0ad656723f3c4389,false
03e290aa64ec3860,false
2326462db76724ca,false
2c03bada2ee5c2a5,false
32e37d086650e3e2,true
163e54a46d1dffc9,false
07210dcde216b0a2,false
15f37d76a63fe95a,false
174f0540286f04af,false
21a36c1b588dade4,false
0136e9837bacd1b6,false
32fc04f0da0bc90a,false
2ba14c4ef39a7805,false
2822383e8e641e76,false
246a2812456b6c9d,false
20df005c4f286a81,false
2716819dd7890c3a,false
11089bd2f81bcd06,false
2fbcfd4a957ffced,true
110e7468e0ddeb39,false
19cd269c23fbebb6,false
195b18a52dfb4b85,false
0a9c95f3ad2005f8,false
28ebb9dfc2b49d35,false
1c6a735070fa8cec,false
06fb7cfa07aaccea,false
1788ad9d05e3ecb2,false
1b9b4a778cb6f8b5,false
3112770a2dc0ad3b,false
2cdcac52a504cdd7,false
04cdd381545c3fb6,false
2bafe8e8ff77693a,false
2b21ce21a92eff9a,false
0d8573c34cee543e,false
0b9af328efddd97f,false
0a559c6337286194,false
2d2d77dd03086d6d,false
04e69b3d6aea64ff,false
0d62095a892ae02f,false
04123e99b491be3e,true
29d24c545c53ac35,false
2008bdd794ae2312,false
15f781d3af554422,false
0a1a161cf956e290,true
2dfd6d76267c60ce,false
221d5c38d2124391,false
1c5419370fdde15c,false
303fcb17a6f1b9b6,false
27df8d3479458fdf,false
1e65de1387a0f509,true
109388d62b71d548,false
0037de12ae4c167f,false
1df0772e68de3bf3,false
2447518d1f73ae51,false
31c54f1ab8d4385b,false
313d74eb7a9eeedc,false
1209e7203509c542,false
163256aef6dcbb9a,false
11deee7999f5dc0e,false
21f771ff01b4910a,false
0f83faba2c55f871,false
130e004c27be6be1,false
141fd6c9671dc9d1,false
021f6c77f897a4c5,false
1a8367ab4a004e61,false
07274c299e617334,false
0ed5f3246f32b303,false
20359ea9d8b247f0,true
12bc0924069818d2,false
05c5a10f36dff33a,false
24c24f5acd625e5e,true
107d42fe69da3ee5,false
25272378a4e0c90e,false
1489442ae73b8aeb,false
0a7051b98ed7d66f,false
15452b51e955aad2,false
170af17c0d00e688,false
1cf35c824373b127,false
1966d0705a4bf4f3,false
20e00d070786dc10,false
1ac650849e673242,false
06a5dcb387138e44,false
106cd54695172201,false
0717d7388bad4753,false
1225dd4a4db5c8fc,false
0cea483018af44f5,false
2ae738dd92636605,false
047b0cf73ff6a242,false
0def6cf4de8ba05c,false
2b9c3598af904016,false
2844175b53ea520c,true
2c5989505c3a27a6,false
0566f6ee1ee5b3df,false
1853380f50602261,false
2b1773e085363dee,false
2342580ef050e4e1,false
100271278f3e47bb,false
0c090f298b003527,false
19b07277ad830f47,false
1a633a8150b0ebdb,false
00c71de0c4f67300,false
04adfa4d7c753595,false
10d0ba1c16e6a77c,false
27de8bd4f38d5df3,false
12482ed4b9931892,false
085f45f4a17cfa78,false
2a8deb6425167d15,false
07d3e3fa6ce3bb9a,true
1a0875548d3ff2ab,false
2e2c9c6d210ac57d,false
16e2bd68bca4bdb6,false
31cbddcbdb7d5f09,false
08cd2db3748523f8,false
03ed1418ba4ea900,false
0e72f1ac988fa952,false
0f83bc5eab6e6660,false
2743b673a317ca79,false
311192283ccb043b,false
264fc12879a42083,false
213308e24e2b8507,false
27f65659b4690fae,false
16f6b709e85d1354,false
26d9e804667a49cb,false
00b6aff5c0157289,false
24f320ef0c58bca9,false
1f186de79de86938,false
25b3eef1bdbb2237,false
21a12923324d9930,false
2af543904f031994,false
17881151db4467f9,false
2f1e85bebf81ed2e,false
24dad49279a5dec4,false
0e4272f3c0815c51,false
2f3bd79aa9da9df5,false
01aae1788fe718ec,false
2649e22a80032454,false
09018043b0ebc39d,false
2be63a4ed093bc3a,false
32d86e0432d99108,false
2cba672e48f2724b,false
2a9a96ff345ac1f5,true
201dd33959115625,false
24921e2fdc39b7ae,false
19c9f5e4bf22ac67,false
0765a417bb512cb6,false
25f08809ea63b510,true
1570217637865376,false
12ae995f42141186,false
1ce0c3ce946d7092,false
2be6d80912fee894,false
318927c314b8d75d,false
05c5216a27a2df23,false
32700a37010bcccd,false
185a08368e281fa0,false
108f194cb7d19dc6,false
27b5b8d5d6e3c154,false
2a019cd43b9964f8,false
1441b5306333ea73,false
102861e581930529,true
237e54b0e194a263,false
13bce6fc5a2655d2,false
18b983d1adf06d28,false
204e224ccabb60aa,false
00c4e71cb4bb158b,false
1ebe9986aced9d83,false
03216e96f5243188,false
01ed42bece464208,false
197e13fcbde54c12,false
2e1a901dca183287,false
0e1772624b32c7ba,false
2f2bc167db48ae3e,false
29cfcf9df798ecc2,false
0be451b158c94e2a,false
1dcc6be51e689f10,false
0d3fcbada3f14247,false
2caa347eb143c27b,false
15b8d312bc37c3bb,false
128f491712ee9ff1,false
2028e9d418aafa9a,false
087dd25fe47dd8b9,false
17920bae94e48954,false
0f96ffa56eb34978,false
1c368d5bbf89323b,false
1a4d649ecb968520,false
20cb0a8ca31f62f4,false
1474bc0dd50b3f8f,false
003b18bc8cf6309a,false
1874634d8074dcb9,false
0d2520fe79a7eb54,true
0a69d14baaaddd88,false
0069a2bfe01bbd58,false
2a0e73321e9c787c,false
079ef20121527f54,false
0e78e349d0647f88,false
21dd6c0ea56b8451,true
0f3ad73fa7e9646b,false
1143d01b976bb5f2,false
0eed30db236ba826,false
0ad5302e452d65c7,false
2de649b637e39271,false
2683bd22906215dd,false
2dd97805631662c0,false
09fb0cff0e00980e,false
0277dd48e82effb1,false
13574f4c09cb5c0a,false
094272641ce407fc,true
0cc0f04383581d0a,false
1ade5bbfab6dd729,false
0a8ca71f3aa8965a,false
2c2aefba6000d8a3,false
078d1e45048686f3,false
2d0167a727e6c474,true
2542ccb37d86afec,false
1e3b0aaa47ab1ef8,false
0d6c2fc5a3e7262e,false
29884223f0d4cb7f,false
177b8ca0c4e8e668,false
09d201cfff66ef69,false
0dc2be1e2b3f1fb6,false
2027bd990f2fe18c,false
10a2789c12d24c0e,true
063df2304d4d7021,false
13b3a3ec83f05c63,true
14ca8abb973e2306,false
17f21a7b9ac68856,false
2eb128505a2a3dc6,false
18dc645a530f9296,false
0eeb3ed72f467a56,false
0e44eb45bcbfdb52,false
2c3d0ae0702cd04b,false
1139a5ed3a700e74,false
1b53a0a8d50207b3,false
2a1f99a19a0b9ab1,true
08d4e91e5beb1a41,false
1177c41bc1680c16,false
31b8860149404761,true
190bc961b0e61ec4,false
0775fa59b779e269,false
0d0f3cc7e69bf119,true
1912227d066bf838,false
25fec39f54ae3148,true
1f061e70e815c1fa,true
17a08ed03fde19c1,false
31025ac64813cdfb,false
206f9c65d7e1c84b,false
23cef900bcffd9db,false
30dd6ff49c9b20e0,false
2a47c30cb063141a,false
2108002e3a29e32f,false
05415ae2d4aa35a9,false
00c9ff7768da821f,false
1983984543551585,false
2d2f9bb86210242e,false
08043b66d3150ae8,false
1f3abbb1580fd96a,false
142457b70aea5bbb,false
1630179c38e20c24,false
19d6f57daa523a98,false
2c29be317586a9f5,false
26ac9184eed6319f,false
2d4a72a2b82f0c0a,false
2a89b490920c10fd,false
2ce14e25750396d7,false
2880cbcf68e30886,false
20caf1a7b93110f4,false
2577abf9c1dfd31e,false
278fd591e93b34e8,false
1ed1a63a4d3be371,true
18f215234d1df4e6,false
2061e0b467b1cdf2,false
2905586dce62a308,false
16b2b986f7211f0a,false
1cc9c5694c723224,false
076c1182df037c40,false
1fe5acf0678f9c43,false
1f82d4fcd5c6ab3d,false
0477fb23850087c1,false
1427d8a657d27e87,false
20bc362dd74f449c,false
1f366a19f676fe26,false
0fe3549d55314e39,false
231fca95d13f9903,false
033013c707a598d5,false
03eb0a94de866bf0,false
0ab8c0fbafbc6b31,false
0607ec06b9fb0501,false
1cee191f52a509d4,false
268c92b4ef086fac,true
14815ac64f2a5f7f,false
3317848d282e974d,false
314477739bcd7a28,false
29cd31f2ca954e38,false
15fa919415ce7285,false
232c0f14642d91eb,false
30c8e5ebca9af758,false
1284fc36ec582437,false
0374f61f42a4f1e0,false
05b41e191ef83606,false
2692456f94b1bc9e,false
28cfac6f8e0d0593,false
1b18ac1122cb184a,false
0bd1649fbd52766c,false
08d7fc5f9f8d7cfc,false
27292fc153907466,false
0f9fadfc87b14a6f,false
01a0005d1b70215c,true
2ead2d2017fe533c,false
1e817e602ac0775b,false
134a29ff52fe0233,false
1e22ebc916b85e45,false
291d2dbfc009b5be,false
2ed7a1b255edd31b,false
0c0dd4fe2f7e5a24,false
295db8e551e37ab1,false
18d94e3a58d709c7,true
0d5129fab7c177ee,false
2405fa3c05010418,true
08fa6c60e2646160,false
123119b2d04333e4,false
2156b08598acc9b9,false
2ca39f2e3efb5d7b,false
1b0469d15ed48447,false
1b741ca8b0246221,true
0eff77e375fe449f,false
105eff959c9c8bd7,false
2936c669cd704800,false
32bc4e042b37b62a,false
2c1a43d3f6b61356,false
120831e001876532,false
0adeff0f3c45e26b,false
30206584365b87e0,true
130288fc9f6e0c81,false
06b6f3815534092f,false
15c8aa08fcfd8ed5,false
0f77976550491745,false
20f63414c8569eda,false
1b0fd7376a583779,false
0b7932d9bf70797b,false
0cc0a8536135de78,false
183837d54de76fe7,false
270ff87081c83a10,false
1f758866ff0680ab,false
0a5946925379e6f5,false
14a07b73a1efd586,false
16d16f578299b9f6,false
1f5ec94161cb4f9f,false
0d257952b1c5b271,false
0a56b9e5cfbb587f,false
1f077666d3ab9937,false
2012c29cafc8edcd,false
20186be58e7f1efc,false
1bf782b1a875aa27,false
272d02e36aa60ce9,false
2ef90d46eb78bfca,false
0e3f2858abcb6076,true
245dcdc5921a2ae0,false
05028ba070b8f2e5,false
2aac468d32835592,false
0880736e724ad2f9,false
2b3543efd6168540,false
290dfe68d6549b9f,false
1c6bafa47ac7f844,false
0403309d6a915133,false
0f007880c846f7de,true
055fd7feac89b131,false
2edc9906bd33d965,false
1cdeffe80fd61d67,false
09a074caeea950e5,false
28b5f4de5815d021,false
23ee9dc375f34caf,false
15a78bd06a38cd35,false
1ebfd62ec1ea9da5,false
1bb94e7fdbdb7704,false
18b5f507b560d682,false
14bcfc47d8630b97,false
2bb38fd0a1f04674,false
169fcb23352e5fa6,false
1d8c89eb5965cce0,false
02aaa18e204e5178,false
2bfd76eebcbd6bf1,false
009d55fd53eb7d13,false
03c3a72e5ee81d14,false
224d06b78a0836a1,false
100c7d7a9c2a040f,false
0aecc1852abd9541,false
0f5085a5f5f90a5a,false
252696f18a1ec1a8,false
254161942f061cac,false
0980ff96db89fa8b,false
026afe36246a2406,false
1d6148f223d91203,false
2d9cb94522c487bf,true
0bf8a77c5dff7894,true
12fa4fb219eb894e,false
1ee19cee86467a1f,true
293a07f3fd7dc209,false
2cbe3611e1190f47,false
031e1702ffe614ac,false
0b0285196b014e9d,false
2fe83f935c74fd93,false
07f04c23669351a5,false
02e4c1b8c33a3398,false
180df11d09687530,true
11c8b68440df36bc,false
00cfc47fd80fc9bc,true
1c3368ee4961748c,false
26ca0c0043a95091,false
04c4ea8abaf551a5,true
0cdfa1deda998d1a,false
03108417ff792309,false
079c51c042c3ee04,false
2fa22aaa27e9353f,false
263c8f2272f13cfd,false
158dee5746679ac2,false
2a57e4695edb7b89,false
22de8b2529ea946b,false
03708c23d70aef06,false
2229b6e29099c54f,false
2c00e74578807287,false
03129a126e07310f,false
290c2f675ecd4be1,false
1d4c3a2ca857388c,false
26eb9c2dffd327ee,false
17b9efd9ffc7ba6f,false
256100c46ed5e1d8,false
188f3b5745583924,true
1f7fd0ab6824aed2,true
267ab14f06c39b8b,false
056723837d40c8d4,false
15df43be224d828a,false
278d0a1b300749af,false
0acccf62013919ce,true
11fed40f1ad85e79,false
0916a683bbc31c59,false
099a372fb977d711,false
207458fa9b50dcec,false
2314151d87929525,false
0db80bd73d2d06a9,false
0c72cf49672cb8e9,false
1840990058de9b95,false
087a99d1618d43da,false
287e66e574ccf9f0,false
11491f3e4dbb844b,true
114597e15bcc712a,false
0beae00c3533d353,false
28e786a76f95032f,false
0c6c54636db15fc9,false
102ea5edcc69559b,false
2fe4b2f4a2c2d3f6,false
2c400a4168a78b16,false
329150afab7dbe02,false
27eb4c3b8c648dc0,false
0375d96f7ed1f5ea,false
0f2686b5e8a6ca20,true
10e0cbc29934e92d,false
0c31e298930327bc,false
0a74184c4fc3906f,false
262d060d4b32e910,false
14d813ef87fd9ae2,false
09719c934c955845,false
161b2019de9e2af3,true
0b1d03d9f624a100,false
3027fbf8891a038e,false
3047209691bba42b,false
063821a118b63a17,false
257ec9f40d5589a9,false
149743be0293a27e,false
14c721f1bcb77cf1,false
0857f040e8db043f,false
324a48f333ba2331,false
30fc5ef559bbcbfe,true
0fd999e92933f28d,false
225d8ae9beed5fdd,false
1f34a430836f77e4,false
1c6bdc962dc270ec,false
15aa1c7a766775b6,false
147023c30ad7d496,false
329514fe1b5da691,false
2368f83499cb5100,false
1105af9bd47ecdbb,false
32e43def51774bf0,false
1cf33e6c4c9fd03d,false
0785cd4a71c369d5,false
0d89ffb946dfcca3,false
074868f038524c7e,false
22e567fed83bcae2,false
1cda175e80e3f7f7,true
0e66c03bf8b0c2d6,false
013c9665643d349f,false
187732f1333cc50e,false
1259a50518a2ed37,false
2a035f6c4a7e44c3,false
1191dbbf581dea01,false
15c3c407cca626cb,false
31ccfc7e590cc229,false
2a0a93f70ac69e43,false
0519ca4471f2501f,false
05d3d0cf69fa372f,false
021295d5bf01822a,false
136d522ad04afab7,false
2ae17c3bb0379725,false
1d7d18f627a66605,false
261323cb457a82fb,false
2e4607afe9c7487f,false
24e2c75e9967f26a,true
30efe435db1818bf,false
16e1d32e9131d227,false
228fb3c2b05e2cf5,false
2333f41cf8f41639,false
10c4de888f128bf6,false
0e42ed9c92835702,false
262b4e417c67896c,false
2e265f0691567380,false
060328b81c93138b,false
0f44968e8ceb5e88,false
206d97f6847fb7a6,false
1bc7af8c82520ef2,true
13bc3c7e81a8eb7f,true
019bb8756ad2b326,false
17a390c9c265fd85,false
300a1ae3cb5ffd59,false
147ae7f5b0a9342a,false
05b14491da167392,false
00c4af9adc9deec0,false
318da20fda6615a5,false
061e5dddd1a884be,false
1276981b07efca0a,false
2e5158ad567e39db,false
117d11455817f8d2,false
12d02d7ae9b12a12,false
2ba1b2fd875bacc6,false
0933c0c1b350667c,false
20aa7f7f99016baa,false
12ac17bbdacc32df,false
2cc7a4d3713737c2,false
1a7d4faf9f99cd66,false
0bd9c4cf7c408f29,false
2cba630f64b83e68,false
27a658bf0f9ff08f,false
0671e0d55edc5953,false
144d933d30bace20,false
2447c327001b5029,false
309dfbde77c31659,false
1dd228dbf746e234,false
086b60a3b43e5076,false
0bb42b0afc4da8ac,false
0c79f90551841d0a,false
1df0235f3798de2b,false
154325e49ba60c48,false
1a5ac8ab82002531,false
0af62fbecd137b53,false
0439548af68a9539,false
3320f744d605d9c4,false
1a044394323e8bca,false
29f5b1abc0cb57a7,false
28128f12a29e0c5a,false
1e44901f0b88349e,false
2246b5f260734a57,false
019110036f4062c9,true
2aa098e39c444890,false
2a5bcbf1fb24696d,false
1fc5749b809eae49,false
00720bc231b51203,false
0b57c7add7019aff,false
08916d7764973843,false
304562fb2a6d2c7b,false
26b54b52e3bec195,false
2a052fc7507917be,false
0f9e460e59f76a54,false
1c959310d331c915,false
2261ac4f3db2a985,false
22db5cc3439da319,false
1e2386ffe3baca7b,false
0e98e57bd2f9f8ef,false
1a8f4bc85e3cdfc1,false
27073c9baf20a146,false
2209e26508c6e0bd,true
0c0b545c8fbd9256,false
0b29e8f45e69d02c,false
2119f3ab48140b63,true
1553729e19b9021b,false
2b5115774a04080b,false
2bced2281a645ad6,false
29a633e11b206540,false
013222af23602958,false
04ccba5dbfb5b16a,false
28ffa401141e8bc5,false
0e82505e9cf39291,false
13ca83fa3c102085,false
094f22df22c80e56,false
00bdd84a9c85db46,false
185186dcfc68c2df,false
1a8a5c32719263e2,false
0c7a8b55465184fa,false
1c53b6032c01064c,false
2dca7277b14d70d4,false
264e226708854672,false
2523b4a7c00ae33e,false
038aca382d3e8513,false
31d9c10e4409ba84,false
2f7ed539fc473586,false
180a3d81d108ce19,false
145c525a49769f27,true
1f81b1ea6194d3c6,false
0fe8b9f55524c863,false
31735a99299c8e16,false
06829b536c2f6fdf,false
113ba42aa8fbf85b,false
3015d375c456aac3,false
0ffaee66e0fe8eba,false
29f35a98e2234719,false
162cdb1b85f40342,false
0944fe68fe2ff0a6,false
2ac4ac9986ffb7af,false
316aa5581c7da0ff,false
1017ae3be9b75b9d,false
30c0e5b5e36fcb0e,false
2efe4e085b27bdc3,false
1e7c04eebd2a4310,false
291115a26321485e,false
1cca0afaa5589d39,false
0e79f14d2a1125bc,false
14641c8e584a9ad5,false
28ec24eb380b4111,false
001d82661d38836a,false
0b04dde32d8bfe67,true
0497480d173e3ab0,true
0baa5a3472d496e2,false
003d11a38bc8f4d9,false
05fd4f7759251ad0,false
2873461e3c4cbba9,false
12f18fdd64372644,false
309e8da8ef287d0e,false
17df346926948d76,false
1da19d287a1f4828,false
1b411519de0f6231,true
15242b9233d6132c,false
17e92f6753b9a137,false
0d5edc624dc9ddec,false
002c4e9834244ff1,true
1ccad9538ab63293,false
10ccd0c40f8d8e0a,false
0c971cb92d84630d,true
2e6c764165891bad,false
125fb37176276986,false
2c46812b74119883,false
217764a1a621953c,false
24114d103fee8921,false
1566a91a84654fb9,true
0587ab99bd10adfb,false
14a64f3f773ffd7c,true
2049fcdb60648313,true
24a5515092bb2339,false
2e36f13a2a2ebd14,false
24e1f5aef689b5dc,true
2677af4a3725bb9d,false
32580d512b008e8f,false
2c5a496af525ffd0,false
239417c437400c4a,false
2fdcd4c173dccfb9,false
0d19fef68d7483c9,false
000915c472824774,false
13453a362e3c241d,false
223aa756f4f7f138,false
2f9f5ffff0041176,true
264ae8fb425e1472,false
2dfb101d28e03d96,false
0fe6c8648cea554c,false
0b21f016483af219,false
24a55de9d6ba8eaf,false
0b0dab6a6780c383,false
12c91e90c4cdb0bd,false
05d77e708a13f91c,false
2e8d961baea978f9,false
332e4beea271065a,false
2bd5044e86334de2,false
1d4f527758968c72,false
1c64bf1e61036df4,false
254c1775831e4028,false
05317798d85857ba,false
2f5052e03e1014c6,false
0d5139af9c84c91a,false
1e63b32204f43595,false
2df1d5038b9176f6,false
122f5d36f24c58c7,false
18643e221a8d4f98,false
062e11272545e454,false
2d166235317171f6,false
2f8a4b99bc0c1d0d,false
0ec77b5ba955bb9f,true
1d2dea5b75670a10,false
26f33c024a266bbf,false
0869c834e9b0861a,false
10b532c282976607,false
0d5b52e60e0bf30d,false
05408d0fb0d5368d,false
17b4feb9f89ed7a6,false
28d5bf825f836958,false
047e53a9f3679307,false
13dc9b00474bacee,false
1d167888c06df5f7,false
0ecef577810dccdc,false
293fb2593e509fa5,true
238d5ae83355877c,false
0515a85acbc470b3,false
11565456c820c6f3,false
13a19359a402e62c,false
1f22afcb393ca856,false
2a9364d5dc8f6d44,false
2349499a87ed46a0,false
0b5a7a4ce4f2b684,false
1abe696c291e61d2,false
21f37a5cee9dfe1b,false
116836e68e5a5674,false
1b3d5bea748e4fb9,true
3037edd69a2a4c64,false
041c3b2839068f16,false
2f621b58ef716bd4,false
19f17ce2cadfebd6,false
30d4faf98f68327e,false
1f384b6d036e394f,false
29284bbeb7bf6f03,false
0dd190f1982d591e,false
30ee3d5ad63de5d7,false
11bff676b338699d,false
126e9f36716a8ddf,false
184b05e8a15352bc,false
2432419207afebdc,false
17b9a4fb48e39a1c,false
25c2db8a506580ac,false
2cd526241f866e9b,false
17ee696a8b095ea5,false
28f853ad332e7556,false
0119315eb48800e0,false
2a203d4e72be6f34,false
1fc37b86608c1c6c,false
32f15fdab482120a,false
2acdadc4d74c9355,false
1befa090a0a2d7f5,false
283114e73c2eeb6a,false
23ecdf22b6c0b197,false
0b2bba6adafb895e,true
20c2448ba167ef1a,false
2a1ff0a698c55d6d,false
17aa136ddf7cf2fb,false
11ae61e90f84ce55,false
11fa8a01ae9282ad,true
254b8e5622b442c9,false
1e541d319c6e4df5,false
208e600da0628488,false
2860009b09acdc57,false
1b8322a327a04d89,false
2f0681709eb74479,false
1c2410e4ac693c3f,true
1a26d6c5ed209624,false
2b93582d53daadf1,false
25fc8ea8da7a8a76,false
10e8e8f9cee79324,false
1039457ae14786f0,true
10bf908cd273280e,false
0b350f4d339b7516,false
05791d43c3c99b6b,true
1f67d3c074b4e625,false
21bf5eb65d79ef3d,false
06300edb4b3ecd76,false
16c90458b90617ff,true
17b15e33f64f1be9,false
163e4bf5adf74543,true
29222b47a1735888,false
07bf10d62b0802c4,false
132e4fb65d76c31a,false
0c40398ea76f97a7,true
0616ee0ae01e6abd,false
272d8ca7a77475a4,false
278d0ad7c439cc40,false
1006252787e71876,false
1a9319f69e4a70fe,false
17330e999af4ec41,false
2572ccc110d8446f,false
0bfafb7e067158fd,false
170d71702535c358,true
266f50edd62a4b3f,false
1346f7247da58ee0,false
330508bbf3e712b5,false
2fc1f0e0cf648fdb,false
054239603ef967dc,false
01aae1b532e9434e,true
26e0f7168f5f3c17,false
139ea2ae4285494f,false
181a7e9824426b58,false
2b4775a37186dac1,false
0c8456419505b8d4,false
06599cf6e548f5bc,false
23c1972e5e31c7af,true
078ef2a956298ded,false
09730998af0d2b38,false
000b152e068ba776,true
18045c0ac4cdb3ac,false
19f989dc3039bb03,true
0488ce1052efa864,false
1c51e6602286b507,false
318fbff29c20d4eb,true
221431aabc77e3ba,false
098ff279277f7ded,false
014eaf7c173c3644,false
0a1c32ff8498c6e3,false
23c8a1945caaf7fb,false
105053ebfd501e5a,true
1fd59163c763ab73,false
2f9a2e6d31f750ca,true
1329a1cc87a9247f,false
14d1158d30244ef0,false
078d0d393bd29767,false
163ac488ddaaa998,false
1d3e590d7a73aab3,false
04430527147d5ea7,false
2c834e8a6b8e515e,false
2ff273ea37323a78,false
03b3219c5d08241c,false
03cecdc798642083,false
2c4b19127a70d819,false
1d275bc3a2cf5f5b,false
0f5a64d68f70bd1d,false
2f3c3d9f3449f916,false
03cda22b37c2d6c7,false
0cf4f5ed6192160c,false
05114d12b2328e02,true
0ceb91875cb2801d,false
1fb2ec7ef2856684,false
0ecb0793f8d12772,false
13edb6416fdb1f59,false
32ddefc796eab466,false
2766bfdcc09a6804,false
2e16b096a555d8dc,false
1b146580b88a9d93,true
048d110381393e8c,false
0984de1aec5bd5b7,false
2c5f9b671473abfa,false
200062c798ba0619,false
22a083554888cac8,false
059ed24920c8a878,false
0528c669fb39a85f,false
223e48b6b4201990,false
298481167fad454d,true
148adce44d3e05c7,false
046c658837cffd5f,false
2d4cbd1e1a4c7e4f,false
2b9e57d3c43038cc,false
272b550cf1c7147f,true
24bc6954b637f97b,false
22343ba4cb111e6d,true
1dc98f3cd9be7822,false
076b675779779cad,true
25074dc15d493213,false
288842cbda294d16,false
11dfea97962db0be,false
0ad60fb7807286d7,false
070407fe9f419aa3,false
0a008e9ae7fb1262,false
1108fa0d59360eca,false
2bf3291cc298bc5d,false
2721479d9a1932f3,false
0ae211be3800100d,false
0ce684c8c41a21d6,false
258add90fa02cb21,false
287ff226e8f24c90,false
1ca7a4d20eff931a,false
05cfe16b2d325304,false
1290b81d1fc36f70,true
171a171bdb77e133,true
217c894666877bc6,false
19359d54031972c8,false
004dd317b1a2f2f5,false
03d990d49e4d0888,false
313dab57df2d5a92,false
17947991e69c496e,false
1686aba109459215,false
22a2fcc8c4fb89d7,true
2ef30937ac161d55,false
2d96df4ab2e10b0d,false
176531519ac69605,false
19baee641bc3c4b5,true
18368e5ee8e763b5,true
157c572330e5ffd6,false
0ea4b9afe7fd1240,false
280106a88ea0a331,false
22a0c355af278e18,false
1d3f14f4b0994449,false
085a12e61d49f5f6,false
21184dc873c60f5e,false
0d2b4b69bc4ad898,false
149761eaa1fc6859,false
13bed1ea675c50c3,false
1e9a84ae603b8181,false
1b3d4961f142175b,false
03a75fc32eb78e50,false
08f31d460734cdd5,false
075d15b8ff571239,false
1f6e21a52278393a,false
0cbb7f1476c3832b,false
120a40255a4cccf6,false
221520f548292e0e,false
16afaf04d44ce1f8,false
0194893016203534,false
302ccba3861f5618,false
1106724600eac2c8,false
00c6d26c30f77d3d,true
03593b136fa2a2b2,false
2f5e1d9c692d9797,false
135d8bdfd36afb52,false
15e8a7c2bcda6d16,false
2c356f3e9ee4034d,false
10e42112350b326e,true
30a0bf4128c85811,false
1596381a551a72aa,false
2d55f5666e93b593,false
2fc0d5b8ffd87274,false
16fdc2031919a29a,false
28cda9de37f0588e,false
251f526b24c26b6e,false
0d6e38fc6aab6765,false
172042794c81ed5b,false
11bd0207a7857732,false
29c124246aa5d722,false
1c3fc4b709bd2208,false
0ef16756f35df1bb,false
02ea9797036551dd,false
3058b96f5f540735,true
09c5b091d76eb6d5,false
1cbc17dc6bda7dc2,false
0b0f086ce17f7041,false
2191bef15cfbc30f,true
2552e3b4e6005fd0,false
1889c9b4db1154d5,false
0249e9b09fc405b0,true
19fb6139956e75b8,false
0381d1c870d7495f,false
28e43438cbda03d1,true
045d0b44246d4e06,false
299aab4a16238a8f,false
2da1c082383f9676,false
1d28d395e40a9173,false
1343cf0ef2d28654,false
20e8591fb0a706ca,false
2a85010026e21291,false
2ae959cb1458dc3e,false
05552b61ef3ffcee,false
310fb393d7661428,false
10630273408498ac,false
0e73782ebdb61008,false
14ff4aeddd1a7f69,false
25b45f2fed773b16,false
21dfa45185c3238f,true
20824ada3dcfc76c,true
26947056693beaf5,false
13e21d2e7490a358,false
011fc4b2879abd39,false
1e10a804d3592136,false
2f18115728875271,false
2a4f3d704f03c7c4,false
12ee1f94cf086be0,false
087de555061db3b3,false
1672948f514200fb,false
0e1ce2abd907be5b,true
14ffb75e64e964eb,false
2ee3c104ca192153,false
1271d5a7768b2e4e,true
21eb8bf94e48dfdf,true
0b115b7e4bb133ca,false
002aee83fa4f614f,true
20761726083f3564,false
0a749f21ec8d2699,false
1f78cc8a572b5324,false
0d45729c99d6bb51,false
2ae01c5d00a46b4e,false
152af5af137b148a,false
03c03ed343bca675,false
123203844482edd3,false
14cf7bbf31a4964c,false
23d364a4d8285415,false
1178ff07a241c84c,false
292db37851de27a8,false
27f56291d3a13474,false
21b51a7e58bd0fdb,false
04ede0d98a2d1b4f,true
27bfee667f2b94ad,false
2d39e3f75496239b,false
026826fca5b041bb,false
21b499b5748c894b,false
167c9911e0555615,false
1b6b99e4039d1b01,false
202a3abe14df4eda,true
016a828e6c73b6f0,false
271a8ff8d6640ee3,true
24fbe8088570eefb,false
08aafca67061f72a,false
00a1ade2a5fb3deb,false
056a1719e27e24b1,false
32d481d05f23aacd,false
03ee43248096001f,true
1689461b4700cb94,true
1d8c9fc2d9763e40,false
273002a029784f1f,false
221c9b1bcc7a39f7,true
1fd548aba4f549ba,false
07d0cea86b0eb42b,false
18003a4acfb9192a,false
041bce2306104099,false
178403d63a2d5fe4,false
2adcc8916332f463,false
31f397cf0f96e812,false
0271d6662b89c896,true
0b5ec9de20efeb1a,false
0eb796537b58e618,false
1d819f80d56aa894,false
18db03e2fc8684b4,false
18cc1927dfb7f98f,false
2752cc743aa5b23c,false
16a4729b4b50bbe3,false
19e79ad6ddd85976,false
1f8818ccc28c55e4,false
11b0e93f98f1694c,false
2b6f3b3c518a76aa,false
107597be12e2ef03,false
2830e587b9937867,false
167235c1c54d2380,false
03733949a633552e,false
27c0b5d2c48f6a56,false
0e46e3d907367ed5,false
330f65ccbf76f326,true
0fa98c4af408fd8e,false
2e64f9a1a76171fd,true
1a648d0f07abd05d,false
1dccbee872bdce2f,false
22e20bce3be44061,false
0cfc0ec3fa5d7673,false
3053796a7c41031b,true
166ca10f6d9cd835,false
2d36fb39d94236a1,false
108b5e29523e4da8,false
00d3f46a66a9f9d3,false
0207569670bb8d87,false
0a7eb5b78eef805b,true
1844d4795f42f2d4,false
2d7df4da137359b9,false
0eacb248f47569f9,false
2fee166878af847f,false
0f89dedc5d925376,false
1ae673cd2677ad6f,false
30eb5152003896e5,false
0579b68f7e8387ab,false
1a6324240265e2f7,false
0cd66ce16a3ec94e,false
1c6b0674f29b63b8,false
11652a80de46aee9,false
2d595a0997a232df,false
0b19476093a75aca,false
22a1f23b37627507,false
233ee9c04eda418a,false
242feeff1f40cb46,false
2fbe4638072850fd,false
1b82527291a4aecc,false
32bacd94dff17c31,false
0173b28ef3a3f765,false
28602c72d55f276f,false
0ee74877fb999978,false
1568284c4630e287,false
01f1ebd0e3b106b9,false
07221f37da4e1589,false
1610d6c4144364e4,false
16daecd7f635c939,false
1ea95279fab37281,false
1c940d00dea3e833,false
1c61f8c5da9c528e,false
27461dd474aec57e,false
31a179bd05448a9b,false
128c30d1c704a872,false
27141b3bd3e7e725,false
31b4fe0951c49dd4,false
2bdf35a680f73f4b,false
2763fd3a18db27e1,false
2661a237271e4685,false
1de0dd91b33952a3,false
045c7fc86ad91ee7,false
2196424ba57dcece,false
00e778f7a74df841,false
18cf9b7b5a856cb4,false
24ba0dfcc3c392a4,false
1b693cef704d3799,false
096f9de9d4af3445,false
0d91bb9e0fa43126,true
0abc8e314cff511c,false
2dd6ef7ce8e008aa,false
298c21b020a57acd,false
01f61112363d2808,true
09ea9da9a5db7258,false
2f9cf2ddd832ed67,true
277e77d4d6d4c576,false
23987892892ef315,false
2ba50290e78b95e5,false
0a221d1ed5166fb6,false
1c29ce15c2a8d29e,false
0c6894b2220dc9b2,false
260937b76a38569d,false
1d30ca349348576b,false
030ee57f5c441fa2,false
1f641a19608f052f,false
211d1903069dd2a0,false
125d08391532cdaa,true
27d19afe553eb98c,false
14ca97139154665a,false
0f0790c30016a07c,false
3148b68687865a87,false
06631601895cdbf8,false
0e030233a22be896,false
2fde9d5841582f8a,false
15266f52f110b6db,false
0ccb79086592e2b4,false
02cd9d788246cfb3,true
191e7c001cb76d28,false
03a0eaf31725286a,false
02d98858fc9bf224,false
03b5daf5e4ceb676,false
1b45ac5c7a6d6e5d,true
03da27c949bbdc44,false
2682774574474a15,false
01ce6b822478ceb0,false
2e669f3c3ce5da32,false
1cec564f85ee5375,false
1f2035e105127768,true
01e4435c01591f58,false
15cfd4264bf52bb6,false
0bbef701ea32e2bd,false
2f03b161985bbdff,false
225bbd3051894cdb,false
1a80c253aedbcc6d,false
02530ee210cc4d24,false
06ebfb482c9302ae,false
2196ef6496c92c91,false
2e38b62d7ca85cf5,false
2d4cd6db84c856a8,false
051ec80f6569c843,false
12c411ba8b74b13e,false
0faa7a3a0440a174,false
0d010d59382f24cd,false
04225bf3f498e559,false
1a65f38981ec6e0b,false
2a9c10bdc19c9ec3,false
29eacae5b0305fb9,false
3138455f8f76fc41,false
0f1cae8ca0b6bb39,false
10a06f539b67ca18,false
014cc3a19c0d96e3,true
0167468bf6b1ddf6,false
1aca9fe55f88cc2e,false
16afce9bffe42c4a,false
1a14cd06641889b7,true
0c0b8fdcad544c2b,false
177f4bbc57d7f6d0,false
0b836a547413c271,false
142b8c6d1b8b61ea,false
110a18fcd53c66d0,false
270f87292d223635,false
2c056cefef556737,false
1578d49638b08758,false
316d2cde33f46663,false
1664c5295ac0a08a,false
22393eb0c93adbb7,false
1c6a0617e0a04624,false
0581622625f4cd71,false
0123eb05b051281f,false
14d0daaf65c2605b,false
11e304ba03c647cb,false
2d319082cbcfe656,false
15e5804eef4a4daa,false
32d6f839736bd46e,false
1f096574db6e5893,true
1bff299502f6579a,true
07bdc8e888d3eb7c,true
020470b6cd26b5b7,false
0fd72269b434ba96,false
219564d40af90377,false
2cc33c9e5f387083,false
17896be56e7c6b29,false
1048d5572dde240c,true
2e9f6fbe5af3475f,false
2a9fd44473132e19,true
0942a077bccfdb58,false
104d1eece4cfefaa,false
30f927544092ddfb,false
19f23496d241b293,false
08ddc895dbbdb465,false
31f3ea5800ab88a6,false
1c78316c6621051a,false
04bd90a9932b5462,false
31d87142b982e5af,false
09ec0d232ed472e3,false
0ac42dae4968ff75,false
281ccd8a802e637b,false
179b2f9e3a33afb7,false
0bc88ef4fc01b90d,false
0c88aa658f2e56e6,false
0cfc48ba3ce889d8,false
318b08ed8c8030fe,false
289eef852e76c760,false
1afb0e2c181714da,false
3074896fd5bf62af,false
133cb15994d272db,false
134d30177bed6e3a,false
16dd7ebf5ca1d121,false
1dc0f0458e39c002,false
22dcf9f748d2e00f,false
079854f2344fd97a,false
2d7bee9521568d5b,false
1978d8d44f1ce66d,false
0f0dd86cb87357dd,false
202a49041d4b77a8,false
237638cee014bf0c,false
05d3d4536be11c9e,false
12c8761223ff1cfa,false
15e3513602b8b3a9,false
12865b92faa1aae5,false
1a54b2505f51e1bd,false
0403ee98bd825511,false
03753756269170f5,false
0471d7c9dcbbff65,false
05fdb882ff53204b,false
18513fb91ed4a7ca,false
18916d953b1557d4,false
18808e6f2c4985b1,false
21187cfdf7c000d5,false
24ffae63bf453491,false
2995088858a40b18,false
2d95dd456411bb9f,false
21a54390b2f56b9d,true
134d4ab9c0f7e7a0,false
169aa4d5bd5afd6c,false
313b52154cdf84fa,false
2d3c5ede620dcd8b,false
1afa75addf42cb8a,false
246255ea7fd69dd3,false
09a134639f8918a2,false
24abbdd99d9af7d5,false
06203f3ea8067974,false
06bda43252959ac3,true
1e07e8529754262f,false
1682b453c1cc2006,false
14ea11973884a0c1,false
0df0eb507445de2a,false
2bd339144e7bcf63,false
0faa49d619d02a80,false
13dfb410f1b2bee0,false
1c54b9f64ab5fc31,false
0f1dcc6f736c1e78,false
0b02ed7794762392,true
083f275b77614f02,true
0be602996523658e,true
18867cb524a11331,false
0600559f04a928d6,false
2720657c7c58a251,false
221965b904e2aff7,false
22067196e80bf7c0,false
1b5641e6e8d4ebe8,false
23fc5dd01e0e3feb,false
02ea5de69f9e4c25,false
293cb94ec3399576,false
258745992634980c,true
247d941fce781151,false
2ec4877c33190dd3,false
20cb0fa3bae1a7d9,false
0337f119a4afddf2,false
25df217b36d394f4,false
05123d8933523291,false
002507ff89df14ac,false
05e975e967685acc,false
00032dc775234265,false
3097860cfeb64e6f,false
2c4b20eb6ca19c3d,true
228d635a8818bcec,false
26303d6e88b394a7,false
27cf6669d945a4ea,true
2181c368033a82e8,true
27f92eb3e5e968ce,false
2587ecb08dd36383,false
141b150a49d6833f,true
0cc71d0537efac98,false
012976bb1f7d53a4,false
25e0f682e4efcebf,true
202fd95d12689304,false
21fe80a2969108b5,false
071eafc03a6be6d9,false
0458d078cdabba00,false
1e26910abba6280e,false
24adf34e43a5d7f8,false
0dfb93288289f298,false
02e80a8e51642dc7,false
0b50fc2f2fa91a47,false
302b93330bf43cfe,false
072c29cff99f2a33,false
3190b10575a45cd5,false
306112f010333bbb,false
160c360c9e8814cf,false
2de14872e871adc8,false
081a632fcbb0bcc9,false
0ad35de13c8caba9,false
1e326f8a6dabaab0,false
0dff0e13e970da4d,false
26b362d20ed6ebf9,true
0fd357617e262bd2,false
26a4a4b3e62c21a7,false
264e367756bd794e,false
26d2491e7f25230f,true
00d8d1895cf9d89f,false
16b6730fbf9d78f3,false
18a2b8dcd53f5da5,false
10dd40be9224648f,false
17977c1b55d609ab,false
0a6fb0698fedbf39,false
1d8c63fa3d9c75d3,false
22cbb7e873ff44ff,true
30ad5274fdd4313a,true
2b3e0dad4d754e1d,false
24171fa57ac085de,true
20ffbb9d40448ccf,false
245cae9ef902d1a0,false
1434b3af33e48b24,false
237345ddc7b71b33,false
13a9119d86cfd26f,false
1bf0c1b26545c4d9,false
274ad13e5cf84606,false
2f72fd6d95d6e847,false
16190c95ea66e810,false
1492ada610ff7497,false
014b76a11e49abae,false
1e9ab8b4ea10c385,false
04c14f386ed7d36b,false
088e0e4ea43e40bc,false
19164599cab6ca4a,false
0ea055b0504d51e8,false
324de7903fa8f677,false
2b3225590d54dcdf,false
32daa8afa17439da,false
2a3266cb5629bc50,false
0c6b7f7ead1aebb6,false
32086e086b59667c,false
2f3dc3e2c4b16a20,false
007b263f081c6cd9,false
2aeea046202625ee,false
1337c12162fc8e72,false
1de6129f95e34992,false
1ca13cbc235840af,true
1085292373a596ed,false
13713e84401707b4,false
07067e76ba712581,false
03dd53863a7ccd46,false
290d6175d3e90879,false
1b6f203ecd28e857,true
2ed0ec611bbd1585,false
2aa623d32ec3173c,false
0e2ccf547a1e0bdc,false
00cceb096df38626,false
0f115a05d99d3aaf,false
0fac314235837de2,false
33279bd5b8d6e58b,false
06afe90e53cdeb07,false
16586e47ab1b5288,false
0ad487aef5f65500,false
1bc0a9c3556ec87d,false
08e8378b708a8691,false
1f5d68c04cbf12ef,false
1afc0a8c65038848,false
1d6db28b81e1dc01,false
2c0520cf76719229,true
0136e16df0c939b9,false
01561d2d83283cac,false
1efe307a0dac6f16,false
2c66b9ae5c707b8f,false
1d88f9a6fc6f0b62,true
048239a5df9c8f05,false
20d3d376a484b632,false
05f4daba9d786c9f,false
2da269e5ace87a44,false
2a5c44009a6baf11,false
20c06acb0c6a2acc,true
148ccfa401060dca,false
286a65b1722f6fae,false
2460d69b4080ecce,true
0fc60f3d3885abb0,false
18f7f3d633f00218,false
2475c58d5159d7ae,false
2901e400c2229f08,false
175c9eccc35c90a5,false
1ea74d12ac9ada2c,false
1918e82e833fff00,false
2c69c3839d9f59c2,false
265fe1ca2487197f,false
2471b2845184aa21,false
2436f83ca08f0160,false
03b9a88f250aee71,false
031f0edf72607b1f,false
14a62bba3569abcb,true
2ae40b8ac6168a35,false
223ca9bacfb2c2e1,false
1d34f5e75a6b040d,false
186157ed39bb0e7f,true
12fdbc063bb369ac,false
04112d769e649a7e,false
2d4ccfa657ee635a,false
2aaa409d6cad7a30,false
08f99d3c0c063513,true
2296f93cd6f531bb,false
02e0665dc4955855,false
2bc1b2b006bc80f5,false
319b8aaee3cecf5a,false
0799b42bb7c9c9c6,false
1e0b2b4f64431607,false
0eb75c8c0ec08a2a,false
2a25fb784747fa39,false
042252a7b880f175,true
295e0db560718bc1,false
27632eea3407ec80,false
1392f74c4001863a,false
208a2423388563c1,false
1323e62eb74e048e,false
0941a122082bdfd8,false
24fb4b4a2eac66c7,false
149dafca170faefb,false
12e0c17b684275bb,false
20fd2de7b44736d4,false
2f978e6fd931f826,false
08bcb84f63e2d469,false
1b891b11a1e80f2b,false
142132be27f50970,false
3235dbe537ac5555,false
2c2df8dd4d95b4c2,false
1f30b116547010e0,false
151a48b347da5742,false
2fb0c2d0c08435c0,false
060f58e2119c7d3a,false
248c799a8280ea52,false
308b979dbba8e2af,true
21b3462a672bb7c3,false
22891a730ae93c47,false
1f351c4ff2288fce,true
1383cae006f4d2c1,false
184910fe77ef5608,false
0e5b40efe60664cf,false
2ef973daef892c6d,false
28605058ccff3ef3,false
2bf2ea18efb736f8,false
007f45227c36ee50,false
29b73e05c81cbe8d,false
11ac97d5ca854033,false
2f61e9c7efc91415,false
050e0385057ce239,false
1c9199b61fdc4cfe,false
0412f5a9af204d18,false
2539e8309f045e96,false
0cdfcf5f095cfbb0,false
1561e4287b3015a1,false
1869819bce45ba52,false
1810abef1fe056fe,false
04920be7ff0b2ff2,false
1af3fc19182eb144,false
3266ea4a861377ec,false
014ea3528a896822,false
1ce8f52f0c9980cc,false
04c4f0beeea323ce,false
24b673826a119ae3,false
28fa387559ddaa56,false
066f98e6563d06c3,true
0b7ccaa64b79d6bc,false
23b8347884e1cbd2,false
19ff168f3d519905,false
157739ca59c19fdf,false
233ee15fb1a00b52,false
047e808794d80981,false
1d665a5652a4e8c8,false
311478a75324e549,false
188805ea62451680,false
165229a6e477cfb9,true
0208d253d9d04ca6,false
29d72b71583cc14a,false
22fe94ef49cffb2a,false
1b5415d72e067716,false
15287a98a2442066,false
0609d9a6ec92b576,false
0e7bba562fa8c586,false
22ff03a65e9228c0,false
215184618da39ed7,false
0056537564c81bd6,false
2a9ceec2c8c9e9e3,false
28d285c5221db797,false
05e8f0736f066922,false
0073add7f93f3116,false
0d609a2e0a8bfa0b,false
12d0b4bf9d370933,false
316e05667d0a9975,false
2ce7476e177aa47c,false
24cbddb763db4eb4,false
0467c28c2db2b5e0,false
0846e2b76597a674,false
0f910957c70ab950,false
26c947b8621ac038,false
1eb54638cb7539ae,false
1712ea30b094653e,false
14f0a891d178982e,false
2f97187c805c893c,false
061f793848887d76,false
1df2a5f6c7effdd9,false
037f105720fe6539,false
1cadc212b4acfce6,false
02130b6c51fd765b,false
2fba406c825887aa,false
32f481f355072d93,false
17d620a1aecffb22,true
2b05aaeacbed2d56,false
044638a1b72e0ae6,false
0fd9cd81bccf6332,false
05b68c7bef262d67,false
329a605f11f18a00,true
24c3362864175e8d,false
1a710d13ec20b61f,false
1521201b5e24ef12,false
2dfdbed389a706d0,false
105223ec24718992,true
2d93f7f77059659d,false
2e008c9ebe1e2408,false
19c1a139d6d1375d,false
314ed63281ae4a67,false
14d2961bf5a0f7f9,false
1f2533ea79c931b7,false
0352a5567ae46f48,false
2bd57d3a25e87d91,false
042bf56722ded4a5,false
20582c6d88fd8e27,true
2096f10527913b12,false
313539fedd06328e,false
2bb07788f8556680,true
18464ea06f1f148a,false
1efd74fdd38087b0,true
0ddd50ae523c54c4,false
05f0f05eaf4bdc51,false
2c0e3cc5812163bb,false
0353ef44f6662364,false
28598dba468c5c4e,true
0c2f9c6f16557b57,true
1712b359c0220c0c,false
2e70f016a472882d,false
1a563edd70d58e80,false
03dad82191675971,false
23ac9cdf4f84d150,false
28af8f7c0d52f2c6,false
001b706ffa2ef7f8,false
17b234d8cc8c3082,false
32e22eadc3fdfb44,true
1ce003fde147fbd8,false
2f6f7ebdd724ea15,true
10f9adc3cb324ace,false
068b941c4ee2af86,true
2bfee6a4283f75d4,false
1174b9e692745031,false
0350570e122052aa,true
2470837332aad55d,true
119f4a6716fedc54,false
0196c4d02b87c8f5,false
0220e2d8465f7a88,true
2e3e2de49cc22cc5,false
0ae9ca3af7114bec,false
2a1beb877b8fb604,false
2b8b06eebf2502e1,false
1b2a6f1305c2cb11,false
1a9b27c90c68a560,false
12500e471b30f0e0,false
293e9375717f3af8,false
2e6561ae72d49a82,false
00bcc3ceb0cfa890,false
2a3b1599d549475f,false
2ba46c8c7aad516b,false
11d7dc3096c77945,true
13446b77890f1eed,false
26bccff38511b0f6,false
2cf3d0cef99674a5,false
12b4e06e85248996,false
0a25b06c30ebafd0,false
123c5cd9dec68982,true
07ecfd5c4abd5a71,false
25cabdad3ae647a6,false
0283c62e4d10a568,false
158ebaf26a223365,false
293cd9c66c67a0aa,false
070080f57a17d65e,false
329b2b6a6d9a66d8,false
220cf314ef5daa61,false
1c677905be7f54e8,false
2b7530af5e699275,false
060721b372468c05,false
19faee14390d36a1,false
0c4a6500e151ce05,false
25332917a8277a21,false
2cc0d1dbdb772344,false
16379b9c27e4346e,true
12608384ecc8d2bc,false
09de006a85ffbb63,false
0af43848b9455e6b,false
0a84badfacd10d64,false
2cb75c99d5681bd2,false
2e3cf2b8e85e6db9,false
0fa74b214f216a3c,false
094d06b31f283731,false
2d8556de44c6a03f,true
1c446a9e7cfcc80f,false
2ad03388739598a6,false
2bb798f621ea8c7b,false
04a50e1a50589dd4,false
29754de5ff15f92b,false
298ad3b7e27dcad8,false
25b6aec7b952697d,true
20d2fdfb96c1eaaa,false
1eab2d68d951ccf4,false
1a30cdeb2029d0fe,false
109edf041e68de19,false
1c5504e3ae6bd15f,false
24bec05d9bf7fb59,false
0fa72033045cce16,false
181b9dfba890c874,false
16d31e38ed99b9cb,false
0bd7a49a717c2184,false
0d388350aae5cf55,false
14738364632512aa,false
1a4914e22eb8d3ce,false
102a8e90331ea42e,false
2bdf019ccfbe916c,false
072b91e5eea9aea3,true
2978a5f33646916a,false
291197aa7a7930ac,false
08ca64ec37fe95db,true
1951d5af08b662da,false
3112c6883b40b999,false
01124f8821e12c89,true
07ede8fda29815e6,false
270dc9c1db3ae29a,false
12def1f4e8526638,false
1a2ec5a3dd992ecc,false
1d0278244fd76e2c,false
2e4e55b22538fbef,false
1d2a651e8a8c2291,false
02696e38fa139f82,false
16ec96a9a7b6e44d,false
04452c39033766df,false
166bd6a0fa11bb63,false
0d3bd36673bdac64,false
0249926e6fa6774f,false
1c69faf024895582,false
0cc7059366262bb5,false
0bedf0c6ae7e26d8,false
1931bae7e7e62181,true
1e442a30b927c281,false
234a0ffc3b29756f,false
1da6c9f88d377437,false
12559d007fe557b1,false
2989e087d0cae0c7,false
282b6a6d827990f7,false
180fbb202f17d775,false
2c39417c70e3d298,true
244dffee9b76af3c,false
0b93ccf5b8023582,true
1d316c8230ec7215,false
146bc93dbb4fba49,false
0b7f5adfc0efed24,false
008c18eb78683d36,false
2226166632a17a6c,false
1733c86ac5d0befa,true
0c0ae95a08340247,false
18c41e462a46c821,false
102b0d8978b8b8c6,false
210ccc8c3768d748,false
2c7c98165ee3a937,false
19dfa969cd91f5e9,false
003a82a591be6a8b,false
0b7c99c1529e0ce5,false
2713a47013a425ae,false
2370779a48045e5c,false
048164ea33f4e61a,true
04388794d3c36135,false
2358aa8f8db7903d,true
0a1223a6455728a9,false
18f4d84e65601979,false
248c06b1313125cb,false
057b9c4dd7463f4b,false
0ebe2c7991daf675,false
21da57c1db4e9d22,false
0084d75899e2e5e3,false
278eef7e184b89e6,false
27e201fbe5c3a194,true
26b96a67635a862f,false
278edf61d08b5b98,false
194f28a8a4785db2,false
0335dac0014acb05,false
06420e3573674e7a,false
1981cdc524c9a2a2,false
220fa16a38ce2a38,false
3278dcd55b0b3a6f,false
1c5c32d16e4e7e6d,false
2f3182a790d1a0b4,false
124e7bca3e56a90d,false
023151430eb61d27,true
265184b7c9d438f5,false
1af7b480bd60ef31,false
19fec02c8f96d21c,false
04bfa90dcda174d3,true
0fa9266a25891880,false
2d3f2734f1e72670,false
1965086d295e2e5b,false
1d513017044e6e71,false
00c84ecc6a19ca65,false
04d5d92265ba0b29,true
2881fc677eb2801c,false
1d3c7dd87cd81b11,false
222217fae9e350fb,false
23a5875e49adf112,false
09670653f3bc2fa7,false
13928a15ef2dd608,true
2ea8082273bd0cb1,false
108e9415227fb45d,false
0c7d4221b7fe3590,false
096d05b01c43153f,false
16b3cabea6a9f4de,false
0dba44b1698be9c6,false
2c83e689aa05916f,false
14d530ef58680a08,false
2b41ecffb6ac1c9e,true
01131ae1c06eb1ee,false
0a1970c6e7396aa3,false
10ef9b9956dea316,false
2cdf71abafe48b8e,false
2778129086e1077f,false
28d6bee0c235a2ac,true
29bc157b3e5e6fc8,false
3322508cd53576b5,false
29c897ffde55a69e,false
2b9c76f5722b63b9,false
1d08656afaa7fb47,false
26ade04f3bac0d9f,false
13215ce0574409bf,false
30fa8045ee271224,true
0290ae4ef7c53e8d,false
0f4e11e2d4c40100,false
196313bf0f609d7d,false
0abcba6e766cad6a,false
312caf29a99cf3a8,false
14d4245580a10f91,false
1b354f693280a803,false
1bc609198b162c16,false
28fec0ddcc233ac1,false
23006e5fdb449282,false
1c0f2affc9bc565f,false
29591db54d66220a,false
11e21e65d11e616a,false
31ac936ff1b589c8,false
079998ab42112d6c,false
1090a7e3427eeae6,false
2c6359774396b212,false
026d7541a997bae7,false
2232e32e3758187a,false
182a44acc46c50b5,false
248642532d0b3b73,false
27119267071e48cd,false
26f116d59bb3549e,false
0daebfd2196abb5e,false
27ebbf03a17523a0,false
081db25e81d5f953,false
03b3cea3652d183b,false
199ec8714f33de28,false
2e04fb9c78b8f3e9,false
25322c44e7e487f2,false
1fd32e56a251fb8c,false
0e3cb3af8393a4f8,false
1f752c66b710cd68,false
1ab3dcd195b748df,false
26b734dde0e61b87,false
1d8b0b6ca28acb86,false
1049ea31f7d7e066,false
26f2ca11c79e0e98,false
2919ee9978045844,false
238ba528ac68d5e7,false
2af46c553adfea8f,false
18d8edeaa0502de6,false
140aa3a844a82eda,false
0c2e3ff5b34dfdf8,false
1fd8780e2ae5a398,false
2d419051d5591555,false
2cfe840abe91f6ad,false
250d4a1dfff99089,false
0afaa29399beeae4,true
1ee83881d0a728c9,false
096821945af47a0c,false
04777fb22fe4b98a,false
13f1b631d5886141,true
124f6aca7b2d221a,true
062bc180c114a024,true
2f62d9d67e9ab700,false
1fd23207b94de57a,false
18071d9edbf77511,false
2d2077116aaa3ad8,false
2e7708cb335529a3,false
0782a7246f93f8a2,false
0d6370066eaba2bf,false
210d9d1d01040ff8,false
25a2b365b4e72f96,false
2ade0a7cb14c6bf9,false
11d9cfcd9b5060db,false
21bc8ede3f26483e,false
1215737a3158c354,false
2718200a83dd8ed8,false
30af86d0496b43f1,true
1ac8869c73cafe82,false
116fead11b8ae040,false
2b80e75fc668bca6,false
1bbc4bac3766897f,false
2b1724329f14b8b4,true
216764ab7fefd645,false
203c132adde646d9,false
25aba24a2e7031d1,false
223c346bbf22f081,false
2b09772ef33d9c50,false
07b8d5694344c57d,false
1d90d8b5427f051f,true
2c4696ca86af450e,false
2a75996e8c8cb261,false
283933c8fb7347bd,false
1bc10357eb449ddf,false
1ea1e12ee0c6319a,false
0dae22d973debb85,true
0f60991f2582af68,false
2a56d40cee92d2f6,false
17d12fcde63eceef,false
067830abf0ade3d7,false
0919dd0ddcbb1caa,false
2b0908141faf6e92,false
2db7f29a78c39c3e,false
246299bdf3c1abe5,true
30f15a59970ce687,false
0e727ee257a86de1,false
220ddc5ff600a787,false
1820209a0b179199,false
0344e16c0647502a,false
1b55ed95c18b3498,true
1ee250750e629fbf,false
1ad57c70ce7e3a73,true
31c95b2caace60ab,false
041393e745f08b5b,false
24a3ff4ab4595747,true
2b10ae46581dab92,false
0fc51b15250557a2,false
0cfa2da7b4add761,false
23a49e758fb25f80,false
05ba0ab9a6b0d1c1,false
217d61a649e3ae70,false
2ac94f704b631960,true
00ecdad05bb24c84,true
0a0f36f4c34ab8f5,false
1ddec47248c4c4a7,false
264ece42714b1a1a,false
317c99505ac1e3af,false
1d721604b50b136d,false
1f64bcbf61c7ba65,false
12f82d7f1bae8c42,false
0b778161539d409d,false
1dba0335c66f3fdd,false
17e6b75d65d49664,false
2df8e977055c2720,false
28eecce31f9bffa7,false
0f452d767e603811,false
3192d0e65701afe9,true
31daafdbb852af12,false
0fd15235e588ca6b,false
1407e45ff4687ddd,false
03fd0ac87238b613,false
02ceb9d7b81a4bf4,false
22978265884deada,false
03b2317b7c6ae937,false
1addca7616683720,false
15dedb00edc031eb,false
2e79b43f0ec32283,false
15919fc98970de3f,false
0719143a9ebf6c5c,false
24785280091e6213,false
19783878ee0822f5,false
1f0eb127050759d3,false
1b08a14b2eece00d,false
21163ba40f69de25,false
1e9265260401216d,false
06113284e37550f7,false
2f6e8b7a38b3173b,false
246f6b8d4eecbacb,true
1c7d97d66682943e,false
1d5c4f87d0f18ead,false
111a1ca561940f6b,true
25de2bb736330d89,false
0e74fff681c23549,false
0cb9bc5a7c8976ea,false
19c7095412dc28b7,false
269f0784ff59c179,false
2279b22941bed6b8,false
2097404d9c8bc325,false
184859ac4180ea86,false
1402054ef21b2067,false
16fc7819a91d186a,false
08862f3cc5d0b9f9,false
2549890757ebf8a3,false
29138eecc1a58c05,false
16fa88876142af03,false
199ef1a58c2f14c7,true
2497858e2493d02c,true
005f5d82054f6d4d,false
0b161da08ee1f8a2,false
083b36ba1c00c6be,false
1c1e06a68c94df4f,true
2acea28f92ce4e96,false
0a488e31f5dba143,false
0478bf281bb5e65f,false
2f61173bc169960d,false
2c5e33b5a743e6d2,false
219afe0bb1f8e9ae,true
1d2981e3b5aa2dd9,false
10d98b6ea4706d63,false
22b8e71d3f225efe,false
048a0de2dc3ac32a,false
1393eeed3b96d72c,false
04704c85752e1672,false
010263ed3626401b,false
2bbf518a18ec9189,true
0a255c6a4db2ac7c,false
22b359b74df0a725,false
2c860a6505e4f57a,false
2c595a929af11900,false
0a800c5aba3767f8,false
0fbe072b9230bf14,false
00b5ccb9e8a1177a,false
17d2c503d2de9582,false
01c2068e3c2754a0,false
08f3ce0d90c1abd0,false
090b009095c7c2c0,true
2ab97dce026e748b,false
2e42761576bd12f1,false
2511b6e052621aae,false
2b9c9aa68bdac7e9,false
06b92a578ef5cd61,false
1f6a77a8564257c2,false
1c1cf2ac10686848,false
0c8b8bf8305b0b99,false
2f28bb53280401b2,false
2452c3349ca2b83e,false
2677cfccbf2dc769,false
1a5b35e6069e26a7,false
2c95303d2f2d6271,false
12441f0b4d285bf0,false
2e67d3ddbd7c21d7,false
129a4f72bea946d9,false
2d683608872ca19b,false
209ea09ab44398ad,false
0144b2563abfe70c,false
0c09803e9f55f491,false
0ca052231f278139,false
1bb4f55b64da7406,true
3266635feb75d773,false
0034e6ee924c377e,false
0fac0726f45a9c37,false
25fac4bf5e398105,false
3121a7d765c3ed09,true
0924ce767f5b9a72,false
259aed4fb630ea8c,false
06f63ba26d5d9570,false
02b0744292b7ad5d,false
06b85dd8a95aa9e9,false
1e2cdf167151e749,false
1680135174040a7b,false
1d0f7bad68bdd4f7,false
31e9682756c0f2a4,false
1822a1578f0a296e,false
19557ca6b3b939d5,false
133b9efde7bcce6f,true
0534da5139134963,false
05123d0a50ae4d24,false
0bb9d79c5e8ab7bc,false
050564466ac673a1,false
251a4020127f9787,false
01bc3b0a06dff972,false
2ced177a2bd42c26,false
1de04675d7332d32,false
09af2b0ba8bcc3bb,false
1fe8fc90d4f1ac4b,false
2f9507b857ae7f5d,false
2e55a8d372eb151f,false
0926111ddb7b8fa1,true
0f680600fbd82c82,false
2299aa5513be2236,true
02020bace84de048,false
1c8b62505a9a70a3,false
0a20c75c917aa263,false
3061a62403b663e7,false
128ece1f427c5397,false
0b1f7de3cef7a25a,false
0a15a2cf06e62d33,false
2fa0f0efc5f403f4,false
006875e661aace40,true
13a84b24ecba517c,false
1238e9e65ddb0fd3,false
298ae32c4cac36ac,false
1bad6f39bbbaadad,false
08d0a303fdade0f2,false
2375b8552c55bca4,false
04f219bf708f1911,true
095ac590eabe814e,false
08a52809702fab4e,true
24dce1378cd07729,false
1c23bb04a2d08052,false
1d87d6c7b45829b5,false
297731291460b00d,false
15368fcadf5a3a68,true
1587a3acd04d9e3a,false
08dc3f8369ce0535,false
2334d1c58555b52d,false
177dd5f1ec071088,false
294a638c39288926,false
0a022387b587df13,false
2e598b5ada68045e,false
125d0dab3693d263,false
326cf4f1e469a834,false
0985645e94956705,false
1d6f0d712d114ad2,false
2c21714ef4430f52,false
06db566edeadb9ba,false
2245d46ea70abed2,false
1ee4525d544f20b8,false
1c5c73990c38f6a8,false
2691af6d5beca0ee,false
1d5a8555bb3193fc,false
25892b5919c9c39c,false
1bd1072005c0aae3,false
0b4ea9b35cba33b8,false
147678ef31a9b1cd,true
27cfb0ed8bb1dbbb,false
21cec72464be5b83,false
2093c6ddf202da5a,false
19023cc62cd8c065,false
2931271908d3e7b8,false
206e364222b6bf41,false
193da285ac5bf7f1,false
0cf45147d791e665,false
2a1c936070518232,false
2a307e40d4791760,false
129cb9889a4b194d,false
0a7c9572e6d21f43,false
3101371d05771171,false
2857a45542ba029e,false
15bfc47b1c14250f,false
11b50aa1b811d124,false
12ba0181b65730fc,false
22820633abc2c700,false
2f7b4211244d7ba8,false
22f767805d46c780,false
2aa3e68270a56ed4,false
15393774890e7fe8,false
1f158d04f68b647d,false
0788fe3cee06dfb5,true
14fa3b1b5dfe9862,false
192e6b8f9a3bfd4d,false
26d616811833f662,false
1aae47df7203d9cd,false
0f7a1366b11f18b5,false
17d03502e1ae8078,false
33144988083bc982,true
01a3ca3bffe938b7,false
2af13a3aa85639f9,false
097a2841a838dd1e,false
0b5ca3e8765848c3,false
14459f194ecf67b8,false
034f41aeada7b4cc,false
07df77db5011bdcc,true
024bfec487e76e85,false
2e5095a0ec0e3ad9,false
2b2092c2b738b53c,false
055da9905be11efe,false
1c037911d8ad307a,false
0bb600ca23f84d46,false
0186ae5d94b463ae,false
32098173fe014573,false
220499d6c19ebe5f,false
29a9d9bec168ff84,false
06b6cd91706fe3d2,false
1669a3ecb186b7bd,true
129d5337f71f4b80,false
0cf9d3d4177b8292,true
0de1546590a991e8,false
1c6903a992a593d7,false
0e352885bc118136,false
02fbc750711e9c23,false
195cee3b47bf357f,false
0d9cf7e33f46fca7,false
1cf8a0340484ea66,false
171c2508b4adf367,false
0357262093e0aceb,true
1ebbe27c2e09748c,false
2841a5f3cf37aec2,true
015c11bb00546394,true
24a35afe83851e26,false
094cd37a2ea997dc,false
12f50334ad01abc2,false
11ef1b6540c7afe5,false
04a9ba5d8a7b1d87,false
102cb20a1b84e45e,false
04c425891e5dcdcb,false
27b906a288e5325f,true
26cd62af9d3fd285,false
15c1b08b1323a7e8,false
218aae6d1289652b,false
1c5f63293ae81c17,false
0472073dd15fedec,false
212ebecb9e6abb4a,false
27361bacafcef79f,false
00aa0028891a34d7,false
14170345b850c2da,false
0310ef9303776be6,false
2d5edebdcc567b20,false
1cb1b3199a3ecc8b,false
1b02230e43011a27,false
0179b2254043ec8f,false
1d9d37ce08c8dd2f,false
2ca77acc20f36d60,false
023c625efb678c0f,false
013ec65b76625f84,false
16192573edd3ca69,false
2d1e5ea21a7f4084,false
2d7b090fb1df7555,false
1dbb0f98ea84b58d,false
12954b505863d739,false
209feb112b77acad,false
0472c396a267c518,false
2692158e6054fef2,false
2f614be2fbef2e68,false
1f6453e3c16ece59,false
29c994a5f8eb38b2,false
0d3e51da3896b539,false
2708d10232540787,false
2e850de8f6a3dfb1,false
18bf2124cef9c0df,false
3202cc079f24a0b3,false
27a75896c558330f,false
0ecb5df3f25dee96,false
0e19ccfc087da884,false
275cc4d009caa00d,false
1591e83de83f5bb9,false
296d2e20e6e413e1,false
06cdcd6526c26036,false
10837bc6cadc566c,false
2f13a3a041e4efea,false
2ec54517bcf1decd,false
075f038942c78833,false
1c4a3d10e9740699,false
0589559777868ce1,false
0daac9479229585d,false
2aa736152c96457f,false
0d1ffa480cdaacf7,false
1e4f152c060d3ac2,false
01eae501a2397bc7,false
2b6e8e3ad3578841,false
13cfe9622af52664,false
2b30019a9a6f12e4,false
245f78523cf00b3f,false
24d0fc44ae0c5c3a,false
0da6351ce09be59a,false
017ded09c2e4f633,false
02ef20919fdbdf08,false
155d7a56ae2e44c6,false
28395e025f9e6873,false
270ae408c72d398f,false
26124c1024467f28,false
32b03f72c558f5a6,false
0d607fd4944a610c,false
1e3ecc54912d2bad,false
06b7188342d9931c,false
0af416f85ed40673,false
23e8d891dd354891,false
09676c83b1bb7734,false
1d2dfbb185a3d439,false
1d4ae3662a6eeb11,false
2f16f70412c3e487,false
2e62edd3121d45f7,false
0d5cd2f07a1136e9,false
2e6ca7f9ec616a10,false
166436c8ab180a5d,false
0a44429a15a91b60,false
2820912420c77f37,false
2e2eb6ffa274e352,false
0f9a09ddcaa3b314,true
2482c7a9c928ee24,false
311365aaac3d8199,false
1241b6f20ccab211,false
0e17f963aa7a8770,false
21c3e5e9658186c6,true
040d8d120c6a950a,false
0e968124fb54d2c5,false
0a85b625518ad401,false
27311e72280178f7,false
1010fee323be89b6,false
1325e7678d39fcc4,false
063720e401f8f667,false
252da65a1b85a956,false
2b0da5635b9a3711,false
0a916dbe9147effc,false
19b3386f7f1ef8ac,false
312bb518f71e09a7,false
27496006b9c1f73d,false
0e188f01c918ab47,false
0021ed1b2909a009,false
2c7ffef78c5388df,false
00f46490ad62a8ca,false
2403434209f19d5e,false
1e93c6cf0af722ca,false
033f03f6bb31a023,false
31433ba17669f1d1,false
02d9cf2a764aa5ba,false
214154f355f99fda,false
320b176386e13154,false
2c7d1393dbf2cc62,true
32f88426c4c146f2,false
23316c395b6d1964,true
0da408981202e349,true
17f48dbe1da4f3a9,false
1dbf6012634fd7e0,true
0e4d6efbb6873b16,false
1f17cf527512b9e9,false
31c7aac82116b29e,false
13da1cc08e32254c,false
2198acceb45501a3,false
2e5d8ce703dce4f4,false
1c941f127077569d,false
0f3dae427d11a98b,false
026237ee7d9ffea9,true
1957abcb3f60c6f6,false
28c1b0645edd2159,false
114b864d01af7afe,false
1e632c0f7d03f50b,false
0671a2eda86c45c6,false
2de0f9b347cc08b7,true
18a7d807dae81bd9,false
076f9d3c4be1bff8,false
1435e5477a3743ab,false
0e0365e8b9444afc,false
0248ec148329bbdc,false
2ba22b09fbd32e3b,false
19b96dd00ccc7d07,false
1f839e69fed6302a,false
2051940dd95955e9,false
0e4511e8a373cd1d,false
2693103e0db3d5fb,false
2a2209f71c4d89df,false
2ceec51a77424b7d,false
30d71dfab3e2f8a3,false
12a07cb6a24f13fd,false
3044cd05c3d5566d,false
09288f2c37991f85,false
1567317f95540838,false
221b7fd74ee60e82,false
3179ff1e1653bcc8,false
1c1ffc64ec648dac,false
23ab14d081cdaa8c,false
17aede0c60a6b0a8,false
332503b1f324720d,false
0fac584941bb0443,false
09018c307da9e177,false
09b149fda171829f,false
0c5f065f9e45c563,false
1892f0b4f8e6556d,true
09d1e6b8eace61f6,false
065fd865014f38e3,false
1f1496d5c050375e,false
134d9ff229c95019,false
078af80c9a89446f,false
1fa99ed69d7a6ef5,false
0bd5a73c8338aba4,false
2653991a24fcd9c7,false
1844d76cc89c9bda,false
225a853f447d87ca,false
17f113c853877870,false
272eb6d8e5472e2c,false
165c151ed9a2f610,false
002979479c2bfbb9,false
308aca9e9b1203f2,false
1d016ffa06685ecd,false
3290dd068c9e1410,false
194e84dd8677a18e,false
24bfd20b953c4865,false
2a17b11b64542329,false
06acdc646c07a76c,false
05f9160af089be49,false
0c0e428f8cbd1c9b,false
26404d7fc5fb16c1,false
192d1ce76c354af1,true
2698957d4f94083e,false
13d37e67d4763e10,false
1cd2466d0804b2ce,false
17afdbf18447b81f,false
20fecf35a932b9e5,false
0e0988f534196216,false
1bd19abf9f7026db,false
071ac2496f820f05,false
304e8b5512ce6844,false
1f955467a97dc6b4,true
1fabf2e9097f7da2,false
151dff4f408ca762,false
1c4b60192ab177b2,false
31eaf91210c9ab92,false
06c201b19adbd328,false
2283eaaa37048e51,false
12de012a3e18831b,false
281d3ab5e1cc2441,false
1d5ca13462989393,false
007f54c22a7fb6b7,false
279b9d152eaed92c,false
0e1190d8ec2cbef0,true
0613d12a8bca9ac4,false
1d1273acadc9f056,false
31eef5cd374ba7c4,true
047fb9e6f6926dda,false
32a7b2b3edd652db,false
135a46d65639cd4d,false
1ca379895978d9af,false
2ff845b2d2371a8a,false
31f8523f894e2228,false
230b0d60a08b2822,true
03a22f01f5747435,false
26c912ab19538ebe,false
2a72f9c8c0029e3e,false
27f1b9d3430b3d60,false
0ec58960f033df11,false
0410992b9352d866,true
13d4c73107fd3225,false
1975209a6c97053a,true
11bcfa539d351014,false
2fd07bf42ac3b00a,false
29345e706748ae38,false
219f69b54db47598,false
027d662fc056ef7f,false
1e33a7dd7e1934eb,true
002f021ad9c6ef26,false
0031961017ee026e,false
28bd3bfbc45eaaf4,true
1f555e94d36dfd21,false
14087ed695a1cbac,false
21906fd161792f7c,false
180f4fc6ae726b20,false
2b2cf70cbd3a1091,false
177f323b56897807,false
1b034f30cea1cb21,false
2c5f1fff92f0bad4,false
0bb9b6605656c4a4,false
2fc7e084e3c2ea8f,false
2282d7a6fc49a1c7,false
0226e22eea3ad3b9,false
0f778cdc36421793,false
24a249766aa93680,false
25a040e7eeedd1cf,false
177c9e6e8f6fd356,false
1e7d2664ef9e4fc9,false
160e0e4b446f4baf,false
1b0826b764b32de7,false
1278ce66c08e954d,false
17d51fa60fde5c23,false
231f6365447cb4f7,false
02b4dc7a5ebfc210,false
1da91d30e56dc062,false
197bdc955a067b40,false
159501d3b4031ee4,false
21833bda0fe47222,false
283fc055b58f7360,false
236d58225f2eb742,false
0b707b9ed19c5560,false
219dc364ccc97ee4,false
30475683952ba78b,false
2130ae1df90ce346,false
29bf941aad244832,false
070677799ea27372,false
2633b65a75dacef6,false
1e25be87da358c97,false
117b0dd4a2dd909f,false
1fd9a8582836b33d,false
0d0061e39855c36e,false
0969a05c07f8a45f,false
255e1d0517c207d9,false
03128371ff9d6a88,false
0412b2c3adaa46ef,false
0828f6782661cde4,false
28b9f4c414815d2a,false
1ffa99a4dd690942,false
003058e95defcc48,false
20c66fc59085421d,false
2da6b317f4edd317,true
29034b7e3ccdfc22,false
06eee9b417ae8d3a,false
32ce453e78ad3797,false
2f80e678af635fd5,false
00f3795164e02ab9,false
0a0973d310c90162,false
0ba206f9833d07de,false
2f23dbccee45091b,false
1a22b0283dab31aa,false
18af5b72dacf609a,false
26cd91acbb5c0d14,false
19e139c84a5be4fb,false
0f56a697ec020a49,false
1e0f0431d0bf7335,false
19fdb2c7adc271c1,false
2370e39d6624aa09,false
3265b73c7885b374,false
15d7d7fa07b14abf,false
2e34ad0a015dc881,false
077051bda316b6df,false
16ab85dbb0f7b837,false
12a9063f12f290b0,false
306d6e5c62e05aae,false
2270456899100d87,false
1a07d6a528ea8ac4,false
218d332f4bf20078,false
315609d1b6ac8001,false
02ebbbe2c9280e27,true
2710f74291e1e71d,false
115f027978e0b66e,false
0537859e6f9372f9,false
02fdb02d889d990a,false
2fdb59e234ef0422,false
0e2c38bf213297b0,false
1fd07897c7f70603,false
2e5972ef732408f2,false
31d2113f8ff0e81d,false
22e302a91ad2453b,false
05152537149a3835,false
172f92f8327ae0cd,true
1027eefcaa6ecbe0,false
02d5b7af31d66f06,false
22b1a8e074317edd,false
0962bd3685f470db,false
12df439dbffc53c3,true
191796756565b8a7,false
1d254a2b5d2c4852,false
23a92a645e5fcb55,false
1f7dcf2589b52217,false
26479e6073521ad1,false
1735d4c8c5333310,false
32bd94d86679a624,false
2766cef5eb2aefd0,false
1195761d244c00fc,false
01fcb7794af589a6,false
03d0671cbbc8bf67,false
05b582be32b07c7c,false
2e3a037f283372fe,false
1fbf90c767339ace,false
144220f82d4b53a0,false
028aa1eca45f36b0,false
0d9cb8fac34ce4b5,false
328f0a9a83665047,false
0ba4733a923bb7d7,false
327b47bd8076af40,false
30ba341da052d11e,true
29319cd89777a3b8,true
2efaf0d2744078e1,false
1d2299039c4f417a,false
034ef2501739f3e0,false
0a22a40ffd5a3ceb,false
1cef26372ba74485,true
210be3726897a03a,false
0df25075a84728da,false
2efc6a6f9474b11f,false
17753a87ce5a3f6f,false
2f9970d6206f3fb5,false
2f650de95a112e62,false
1458b4c4fb52f6cd,false
2cd95678fd3f376b,false
00cf10de302a0b7d,false
147c59ee1348959e,false
00fa9c88a6edeb1d,false
1742d0af6afe84f1,false
1adae5856f81e1cd,false
30df0aca4d8d81d2,false
268fe4e72c9379de,false
2b83fec163527b61,false
25c690537d757dec,false
20918de4efc8217e,false
0ae955ab43db1a8a,false
3223cf5574e14c96,false
1e0a6c19f51e47f5,false
1e9162a75c8ec760,true
1894a30420c8cae1,false
23c3c3eb3292501c,false
0946ba7d1ee108a5,false
193c803a785fd9e1,false
1f803577701a3091,false
097741c8cff69bc4,false
1c4ae2a4292be7a3,false
1fe859572e4a2495,false
2ffeed0b1b86f524,false
2e6f1cc6f49cf923,false
1b6f1b65d1d6cc22,false
18dc76b53cc6d0d0,false
2fd9ee42cb533334,false
0d5fd43cfa6a8b7b,false
215312f13b77a457,false
1ea112db3d4e10c8,false
02a0969100c2ad5a,false
1dd31874ead72187,false
07af95283d7b03c9,false
1ec4f8eab22c1d6b,false
2dc5618a879f2afb,false
0847aaba2cb09104,false
2b7e211745708952,false
1fcf5c0f035e92c8,false
2416700f34485eb4,false
1ec86fb1a5e96e76,false
044cae4d9c1239b7,true
0baedda88176cdb1,false
078782e03b6ba6f5,false
1fa71ed5f818dd8a,false
2bc28856c29247a6,false
0c32e658e704aa46,false
04ca5a77fea66c00,false
1529978bf43d4011,true
2ee9b9374c8007a7,false
1c915eb81554aeba,false
01a74091c44fb151,true
28b95098d89fa1aa,false
30af0c7da127f84e,false
10034fa4caa8b4dd,false
2065965772f410ad,true
2ff96997edd656d2,false
2c59f48714097b76,false
1df8a538f5c41389,false
29342f51a7567c8d,false
0552a86e40f84ce9,false
0d600027ddcd32ec,false
135ff67672fdbd52,false
17f906832d11145d,false
25ee70c1b41d43a2,false
01dcbdefc520c8a3,false
2bf41e7045514853,false
1d27a20f89526365,false
30768fbf691ec166,false
172d6f677e9c6385,false
1bd23209e6584c41,false
1727257469026cca,false
01c043924113fda0,false
0688eaf3f64d11f9,false
2ee5f7762e47bf74,false
1c5b453a5b0d275b,false
19ad8fbbd5d5f043,false
06d9d29118af1319,true
1f80d387731dd195,false
16b8e5627206d0da,false
29d4ad0741cf29ef,false
139d0f3a7e5feef3,false
262a14d594f610f7,false
21dae0079c59059f,false
24c4376ce0fd3cd4,false
2178f0bb6291b8c3,false
195229dff3a75272,false
2a4f631402812f47,true
25211b91b954fe3f,false
031df540420ef16e,false
08cdda683faf77bf,false
1c5299b6fe8ee011,false
1121ae2e84167e2e,false
28f6c3e95c154cf8,false
2535936e195f4e7d,false
2f61d49664e9b470,false
2781bd3191f9860a,false
1f31966e25e07332,false
240f48397f27d395,false
16137ef4043dddb0,false
229a3133092e3b5c,false
21e12bd7f45f7e71,false
1353c9e17b8b7454,false
0b68da4fa11f80da,false
24dc1649e5693e4b,false
2443bfff1806b997,true
1bbad3a41e2ab737,false
2783f320a91c6f35,true
2cf1f66ba8304c36,false
2c0acc3ba5485825,true
277b55f6ca652ed9,false
31ed6bf8b43f1d87,true
1c1ef725659ccc98,false
14ff063dc1593892,false
1ce4958fc765a157,true
06aa70df3c6ab7f7,false
15bdb9483a87ba48,false
1d16f85029c768b7,false
125389c0ecdd0b4e,false
25ef309467991ca0,false
273988dea961a9dd,false
318cd844170561b1,false
1a761523583c772f,false
072e7bc61923a463,false
1db41d4efa101d8e,false
12a4be40c3dca07a,false
1f0a4273b391d408,false
27565982c30b64c7,false
0b295d5f61fb9e16,false
20dd36635d88c49b,true
14a7a42b5d2f052e,true
00c366ed99952f09,false
2891df808d391442,false
30ed35bdf28f77e0,false
0ccf86b0a136c69c,false
31dbdc1c0babded3,false
3225b29c4eea12ee,false
32b8da06bff6e2ee,false
0dab9fedcb528799,false
1a5ece214bd6a82e,false
2dda972c48c7bfaf,false
053af780c5955400,false
11c8133494226ad2,false
1d717b77dae3d14c,false
010b37d62106c099,false
281f1c5f007f3324,false
06c0d87edace5276,false
04702651d04720ad,false
272c9f5e7447d78e,false
1db8705934766742,false
22c4d997cae3b505,false
2b67c98925b0f197,false
0224ce745146c6ed,false
2eebc48e5b5d1a2d,false
0744fa325681c84f,false
09b3d6632fe98086,false
0861c1069f861b02,true
03009830b153885c,false
02c63496c4636c27,false
0bce3f9769405eba,false
20d3abc0a592953d,false
043bdfd0afb1c901,false
06e6c12409d57b6f,false
206860f6cdc66d98,false
07f2d67f86106bba,false
215e87bd44976911,false
177b00f6260145f6,false
011f5702bf974d23,false
326fb96ab05c7058,false
2a9e282d44f9a541,false
17d965e4f6fd757b,false
0ce319d99ee7d5ea,false
12948a70b9b13ad6,false
0d4241b8019a4e80,false
1a26b4d66948436e,true
0368caae721bc86b,true
315029c2cf7329dc,true
252ff0d5070c70f7,false
29097750277c92ba,false
301c036fd9438e5b,false
263b8bf44bec270d,false
2b2b8f1274fbe934,false
1308c08be1281c96,false
32976bebe6aec7b9,false
1e641a2ff92d1665,false
21a70fe7cc40e57e,false
239b7ffb51c99b67,false
1d6a528933fb825e,false
3267745e7c8f8c83,false
2a40267762c0895d,true
02daa8ddf668bc4c,false
32b4f80826de5077,false
16354b36260fab1d,false
0a66894cc03ea509,false
1183278aeb62d1d2,true
01a187cbe2ecb361,true
2d76e1696edec5a5,false
2963f08d427aa440,false
2591986462a3b3fa,false
20d8294f5a2084c5,true
01e77b2c57765d97,false
01da9b9a3eebb186,false
29f620685287c705,false
27534fa43cd01146,false
1e488727e39aef78,false
1a4c005b495d18b9,false
2d82b886e1030cb5,false
0be6a62cdb40108f,false
17f823345c363b11,false
0e8faa1d575e6582,false
16a9d61ee9d5e090,false
0d1f8935ac72a6da,false
12e267d35c146804,false
068e5035699b3fda,false
03b3f3d567876e8f,false
2cba0af4ce6f43f6,false
211e4b0674ffda53,false
0075e5f2514b946f,false
02c24817cbb53e0c,false
3110b3cfe120e2de,true
2ed10e9880376498,false
1063d6ff645d59ad,false
1c63025175c025d6,false
23f165cd19fbe2d8,false
2870e890f5d7d8fb,false
32c389c762bf7860,false
30c00b405239a2d1,false
176102e6a0fa5fdf,false
119a80f15c5d4ccf,false
2ff43cb9212b1eb2,false
1414634489ee07d3,false
319680671741d2fb,false
30633cd9a635e88d,true
1d8e57d30e5191df,true
0f23a04b2ff089e2,false
2a524221a62b7bc2,false
12a48d3565ba9b69,false
1c85f503a4f34e46,false
1b0d8680f847f82c,false
2786f5c96d027ad7,false
26a7f896a79152de,false
29e0fdcf11c74bb2,false
1773e75ff513a8d1,false
06d056a6fd60ec59,false
02d9638756361ae1,false
07717acaf84e1136,false
0806c7ecda0b6614,true
2bf04d9114ee1efa,false
1d0451cd76485d57,true
28af961f4e146468,false
095cad2771468ba7,false
1edf78e8e8fe016b,false
1c7d91f5b48ada43,true
0fc26876db9b8ec1,false
29c130a2e9b3e53d,false
23eec9bbee7e666b,false
1448750a3f64234a,false
30bf4956a7828f2e,false
0ed2658ee38107b3,false
2dfe70570ec45081,false
17616f0f8a9f9a75,false
287aea2f13b383f0,false
108118e7350e5150,false
2ceba0d7cc983408,false
0cce6019a7003b01,false
20bc5cac2bf2debe,false
1d09fcba18d10973,false
11605ba206dd3738,false
14c5d4e97a6161fc,false
038e1b274e375d18,false
21537315dc289300,false
074db7bd4116046b,false
19910b712c9ff16f,false
06e5795d89167586,false
2a14b3f37696bffc,false
1324b6f11a71a762,false
0ee7572b5e6137c7,false
1a3f5d969279b3b3,false
24520ccbeffa49fa,false
05a6b76da53cbc5d,false
093f3230770deddb,false
0468924ac2a3fcfb,false
14895d085a95d686,false
0885933d1f0b9eae,false
1314a6d20f8cfa55,false
06fa954f0afc00e5,false
3084a67a88987fb0,false
1f3e7e140a05d5ad,false
144692f985d219f6,false
0bf8fdd2c81e8be0,false
04517845ed10a5b5,false
01bf93efb5f87eeb,false
25d734a6a34d813d,false
20b4e77e6a04fee1,false
26dc2c72418ffab9,false
1413201d317e3705,false
1f7ca8e4faa46e7b,false
13cdcbf0a20a2e44,false
113c8c8edb63bb4a,false
142d4f036dc7c624,false
24f6d5173e701e06,true
2c3dfd593ab0ffbf,false
285849114b1fd944,false
05fd4910f7773f67,false
19e8fa37183950fd,false
14e22ddadfc70b0b,false
120681d2170eaa2d,false
278b9c8261bc0691,false
284d73fbc2afe8b9,false
13ec485056f8c185,false
2b62c1658bb43f88,false
33160b726c643fea,false
234216926670e238,false
1ff459a91e9f7ae8,false
2148ba9b5e57a2e3,false
21c190c5b817ccc9,false
2daf035e5ff2668c,false
1ce47d4585b58450,false
2a8865fdffc25cdf,false
00aec3c45e3aa461,false
230a85074a82d2b7,false
0e82d6d4c226e9f1,false
10244efc9fa8e005,false
1bb95f558d448382,false
32c2df43160cc291,false
0530da2bb0b513cc,true
01639d910ddb8c27,false
03eed4edecacbba6,false
045230d88afed98b,false
126de95abd59cd37,false
13e3dc1a65f2ec6f,false
005998da2ee6440f,false
1fc9b16a816c9be6,false
18071260d3117a56,false
0c4c22f23023bdc3,true
035c59ba2b72c32f,false
2d8f1c64784dc935,false
1c3ff61a8a916a6f,false
2e193823bf8b2b31,false
01e9a68bdbbecd1c,false
2b180a880cd9312a,false
28010bbe4e273190,false
28f3936e84194d14,false
2a83815efdeee23d,false
29098bbd0bd59e8c,false
0cd18703672fceaa,false
0e647213ecd4bff0,false
2b603b9ae4253c40,false
1a756886b4fb6495,false
3003ead7c8d28c62,false
24d3d46d74ab745f,false
2d8b3f937b58d498,false
298d8b19d533b0f5,false
1c22409cd94b05f9,false
164aef2e63d1c47e,false
1f84d354c6bf8255,false
06b79d9fe1943b05,false
27f089d317e651f9,false
0d2188f0d47dc774,true
09375b027fe7d77a,false
191c9c1d154b6cde,false
24082cccc8346a1d,false
14263be995ae9622,false
18db14c0f8c21661,false
2f167aed334d44df,false
2e1174c675084228,false
166ed7505e02e158,false
04b1094e10198cf1,false
1742ace3e65044b4,false
21181480dbabb794,false
2861916e4a10ba8e,false
30f42ba1fba797e6,false
2f506169c6ad2d57,false
160ab89060ef1e6c,false
061742c4d47a2661,false
00c31738e94cf121,false
2b58550448fb225b,false
1f5b0acdfddd2742,false
2eaa82892a7bc64d,false
08c83a703ffdaf7c,false
224ac9e9b5ff07b2,false
046e5aeb61fcc830,false
2fffc573db641365,false
1a3fc7922d3585fe,false
232708ac8faa2c35,false
12646af6467c5117,false
269cfc8dc59599c9,false
1440d8fe6a7d3abf,false
07dfc761ecc4404c,false
07a02085d33545f3,false
113a4f23b5602076,false
0b1a785fb4245a75,false
22b0d82a2f5425c0,false
2cc72311582e74ce,false
1b7c6cec71d24d57,false
234437171f1e5232,false
08785388cd5612d6,false
2f9d0ff239fc1819,false
2691068c6aa479fd,false
2927d745f03438fb,false
185e4e214e5fe401,false
03a93d5c518de8ab,false
02920ba8fa10c3ba,false
1f61aa5eab5a26b4,false
0dcba186565951cd,false
1a9c5ede6f7a9d40,false
135083ad2164d762,false
13a96a795c462ca1,false
198860df45035648,false
18f82c3cf0f4935c,false
30fcc5adfe7ac7f8,false
09fce14748da960f,false
0915a7da58a37d45,false
0a1eacde0bf52bc5,false
0d7ac6e4c0bb1ce1,false
11aebc77ae7a1ecd,false
2f3439bc86419a98,false
19bf058b74a915b8,false
210c8e905670078e,false
132396cc18aedb43,false
08342768fc7fcce1,false
24c551b2abfae6f6,false
216e7b6b946e22f1,true
11e4d2f7c1b7722b,false
013100555ce9c54f,false
0069a955c3958b99,false
1827c533d3ec45f3,false
2c290b7488707fac,false
100658758cb1e62b,false
0bb24f1f219635bd,false
2ceec27cfcbfffc9,true
05bb3fb58b22d213,true
2acb8cef88a7013f,false
2a3037b0fb9c985e,false
1c20b9c35bad8a53,false
0b661b6c17af3547,false
2c80b797d85b3258,false
2668c2feed9efd11,false
29e24b64ba398613,false
27c3de45b59b78ef,false
2beffc98c161b182,true
320569d34463c61a,false
0745377548c74307,false
047472f05f1fdf1b,false
1b719b89b855a059,false
2f43b25e62dd6d2a,false
2c542123cff05a34,false
2529e47ef0f23ac6,false
315b64fa139f7100,false
3227fd3ee8b72062,false
1e93902a2ea45e93,false
227a69f3bd9b9f78,false
28479c7254e528c2,false
080892497aa680b3,false
2ba47998b34be81c,false
00d5bdd5d9cbc600,false
1a3763b9093c1abe,true
22b38ae487a06e07,false
0fe4577a2ce62370,false
26503300e8af093a,false
19b1a8623041d01a,false
26fafc4598b7dac7,false
1c4fa0455dffbbeb,false
297e96aad57339e7,false
1c87a48c14d2009b,false
03e562c32ab45043,false
1b3297a385282d43,true
1fddf23deb65b1f1,false
1738b81adc6bf171,false
01b2e5fce0cdb93e,false
0ab4c2bc7f3c43e9,false
13eda7ee8a1d8201,true
0bcfd70d03ab2e77,true
0483ad2d5e88063e,false
2937ba4a0ee65b4f,false
2ce22f59e01ddbc5,false
3287289ee93a98aa,false
25957fa9312faabf,false
091ca1aaaf1d767e,false
0f8174d8b4d87e76,false
32a2dd103e620368,false
02209b6903ac5bb7,false
20f4b77ad0cd2412,false
2d57f16870bab5b5,false
0d87adfa1e3aa782,false
180759cc0cc1beac,false
0e8697698edd6ab3,true
238353f260a43da8,false
19b1ec7e293d16b3,false
0fd841575b492b73,false
27528f05228fb5fa,false
19cadeca573b808c,true
03025fae49056a96,false
144547fbaa387c25,false
27c7188ec0c2e632,false
2b51e8d515fd6eaf,false
032450a3a66e3402,false
02025bff1783b64e,false
23bc0a051b9d7718,false
1726ae1d7c102e54,false
1d33e1f5d1294d4b,false
2f3a77bb1ddd3ef8,false
1112e69127cedd9f,false
113c781968062958,false
2076649b6ec93f47,false
11cdb3fabd391270,false
05a654a23d1ac9a9,false
2008c639e3b2a015,true
002ae79b90e6085f,false
0f0322fb0c3ddec8,false
2d455bccc81d3bad,false
1bf153c8dae39d79,false
035ab10cc21cc0aa,false
0916244c21055d32,false
24cba1ff9c5e2299,false
1e68dae39cde7a4a,false
0f401b4932240516,false
20b178933f1db387,true
151d85864bc3a605,false
0fa37bb56ab9fee8,false
1653b0a77b2fc230,false
0c125243f9b5ea2d,false
03374a3c35fa7b2a,false
131f92475827d771,false
1b5577d95db3c1a3,true
28e763f531ea60e3,false
0fe01d298222933c,true
0a3e6cb2977f2551,true
23e525e607daa09e,false
1565d632e5f58596,false
05a76ec1ebd28af2,false
14a7048401534c75,false
03c2259f2a721b1b,false
0043292393a08ffb,false
013c8ba5544b74d6,false
221db41cc18daad7,false
2b52ad87b28ac44f,false
2b73ef9e63dd7621,false
0f93e04c3d9f2aae,false
1839a8e4c96e60c9,false
148bcfa76d73b7fc,false
18ab35d24b83be60,false
2f638bb6fff22160,true
13a097d37e44f3d4,false
304a42f12a83208b,false
255e5b0214e1a7de,true
2660d6a69b1475c4,false
1f90bdacd796065c,false
19da765ad6822657,false
0b0b757ac83e4039,false
01be83d7c13cf3cf,false
17fd38ae6f685f69,false
250766d70ce7cb26,false
18c61138f2379296,false
2bfec1dd094b13ad,false
15fe8e3b4afbd10b,false
2a016944f4fa52aa,false
0ccacfce057762ca,false
05baaa05347a4f00,false
1eb5fe98d1cc0341,false
249e70561d32c0f2,false
2caedeec68f4bb36,false
2f795babab843132,false
02a171e8d57d51f4,false
253270ef78458503,false
08f69b82fd9ce195,false
1cbb3b53c6865df7,false
2a49e325aeee11e3,false
19b91a21162f1feb,false
1fa31b301f9aaf58,false
0fbd875fc6570820,false
2cb5cbce51d69316,false
22449bcceba5a829,false
2dd05bff79cbf236,false
124d4b447c227eb8,false
02f283bfffeace14,false
0aa64e3ede3942b4,false
1d900cea59f346b4,false
217c96b677c6071c,false
2819cc2969d963d4,false
230b104dfabbb529,false
3110e4b1c72e008c,false
221a1b108810df47,false
0f834c54b6e6fbd8,false
2e104ff48e4ef767,false
18b64e1b6110da9d,false
09d32f3059a3d124,true
23fdbc23ab86a34a,false
0a961659940f5cf2,false
02aff564ac4e66dd,false
1c69704ab6e7d795,false
2c85a26ac10e5918,false
02f58eac4ee24c65,false
26c9f2ae6bcf3086,false
1f45b8529a14f1bd,false
2e9713a040120248,false
319b072e6264a005,false
1a8ce23433c55805,false
1c8fe68f73cd7e0a,false
2748bb41abeba68c,false
1d989c17cbefd4e9,false
266339c05471728a,false
0fb63ce9df20f0ba,false
2f7e8f231070000d,false
0a85d76a5cc7b3cb,false
26a60d1270e90350,false
08d84dfc394087c1,false
242cc40f94c4c261,false
31489561f3f58c07,false
27360656b2879976,false
1f1d71f265b38eb0,false
1df5b67238097b8f,false
1d5e00bdd39adc0d,false
1aabd4f5197cf584,false
0476d5919c487984,false
23a671fec93416bc,false
26c3c1790d966db0,false
06e5498afa91c2c4,false
01e4033ef9b1ca6a,false
11b7205662461abb,false
0807004582b88940,false
3245d9235de3bc5a,false
29c906b32e97f2ad,false
2bba106892506ec1,false
269e23b10b9865b8,true
22f5ee7360722f4c,false
25be99766f1ad4c4,false
0033c98ac7fcecea,true
30c18aea13f63e10,false
1375d6a0de2fbf34,false
238a099f26254d24,false
07314b8ccc7d4a3d,false
2601746d3986eaf8,false
0d156b39cbfa49b4,false
3273c408d638f363,false
03c4ed3c29b70988,false
0c7ff59d85167775,false
23f7ec6d2c9938f1,false
10d6d2cfa645e15d,false
125ddb3f0cb55e7f,false
1d6378aec65a701f,false
21e560fe0b4b2e8e,false
14d40616acfd3a33,true
15613257eaa100c8,true
2333769f40c3795a,false
02884d9131f379b7,false
119c604fd994d47d,false
2df6aed3c0915db8,false
1ee36b3566800e8b,false
31a80f4d0df21643,false
0ed4ee2aceb3e36e,false
222ffcd8f84a2f8e,false
15fe1ab1b68d8a3a,false
0c5fe9470e786d49,false
30d8a4cc5abeedc8,true
1c8947bd08d77d67,false
04c58e187d62c1e6,false
1989637f0e3af518,false
2a9137721dade6c4,false
0776b86095d7c8cb,false
0dd7c8d0266187c0,true
1503e6d5262a9927,true
03689b012043dc14,false
1d78067af6a4b8ba,true
0e3b5082aa23f6de,false
301a4cc5b4a68e78,false
27bf07db29848953,true
19e2259c5808a283,false
150f65a8a2c3ec8a,true
2dc9f802be4d418b,true
19551c7859bc32bb,false
05d501151c5e0e81,false
331dbb24a698520a,false
2d5ef1ddc98f5a5c,true
1460fbedd3217bf5,false
27aecebe5f7bb625,false
1a35cabf542a2226,false
01d9e9a6c59bba21,false
320dc8734d3b1f99,false
27437e3cd7487057,false
0fa1728316e9061f,false
1b865f2e7fd57ae8,true
23bf4b677f68d2f9,false
0df00095591a3465,false
05f3c7c5aa359a34,false
2f11e68e0ecfb18e,false
217730f7aeee8781,false
21aa91d5f4e72c31,false
22e473b2cae03664,false
32c163e41e200142,true
0afd1344a4a20505,false
075571a2db177ba6,false
026f82a87b0bc1f6,false
2b6ea8fdb0e93d3c,false
1625990e00be1fc5,true
0d0f714199f14f27,true
162a889a1f110a88,false
2d39128fced33d57,false
2f97d162fe2530ca,false
01c1dab26b4d5e87,false
3123d47e10597457,false
17b056271308d539,false
0a0f8a9bbd870b63,true
165313b3f6f2b736,true
29353ec23a354995,false
03b5682d1f0161bb,false
114c66e252a34ade,false
15c53d5d8238557f,false
2ab141166efe32e1,false
1f5f5ff0deb4baac,false
2e97825163b24b58,false
0fb29a9f3f6cbd1a,true
0f704db0ad688102,false
0a89fcfc1d5de27f,false
0811f88386b857b7,false
10640877ee8d9544,false
14212ac7049b34a6,false
10fca6b3ee6ac2f4,false
11a688a57b9e6bd3,false
2608313ccfb24d18,false
1f182e843d39c3a8,false
232e6b8bcbba0ff0,false
29e49ed8ffd1b45a,true
1c266c28e5d610c7,false
0c4d532fa7e9e933,false
0b168336be4cd6c4,false
0c380ef8e94259f2,false
31de7684a09a28ff,false
2f9a107ed4a44902,false
05ea41a805182cef,false
1db5e6dcc9caf4f9,false
1e2f308f01fdbaa3,false
2a1603df50a70f23,true
06293ca7974ab719,false
14b6472d82a51035,true
1789483abb50139e,false
08a4ff71e616bae5,false
197f2228104be91c,false
117833230a318fa7,false
0ec6313f9b6df74a,false
19d24aee57a23de6,false
16abe141853d9a73,false
1e1af2e16f8ef995,false
0985e99572416e24,false
2fc2c2200ed66753,false
0440999f040a39a6,false
182e7ff6ae81d4b5,false
02978980fb017c43,false
0a10c671ab8808c1,false
0b47898189654795,false
0b26d494a3b59c50,false
3037617ad26094ac,false
23a928f5d05e183c,false
06dc4dbc9dd9bb36,false
3215b709485110c1,false
0f6db07574a2d68c,false
2ed2d1959af6023f,false
1fe91ab16b323a00,true
2a3309ba2d69bdb2,false
1aee1ca37f9f31e4,false
329eca15b7ab4aa0,false
2353ce1fca95c868,false
09cff639419de38d,false
281009dc195cd4e7,false
245022042e660e36,false
305bae576be6cf93,false
143951ccc85c75d8,false
2c816ea224cb676a,false
2b44ab0c92a1fd98,false
0e5be48fcfef5f5b,false
2ff755635d450b4b,false
291ecec363ca79f8,false
119f3b9aafe4c0cc,false
2cc75dec195aeed3,false
0fd75c47800ec832,false
2ab45844ee236475,false
102b012b21597ba4,false
2136563e64d3168f,false
28e0db30527da917,false
2fd002d6a9086d98,false
24dcc7aabb4631bd,false
019e80c6f5ba14d2,false
0ead9e1e7ccb3db9,false
188862de67f77a25,false
31db4babee7d2123,false
1fadbaea6f7e50f7,false
15aff5dfa5a38e68,false
20c10a26039facfa,false
04f3e7b6727df594,false
1f2586dde63f1670,false
020192d8fe83eb38,false
26dda9ef5fc6bb25,false
22770adf89336385,false
26554a94b5cea59a,false
0a5718abf1610f4a,false
1e14f5685507b46b,false
12a75efdb6106754,false
123c78846e2d609c,false
0fdf0f1a89d2c471,false
12f13d5259be88f6,false
18550228bd86f9e6,false
0fcf18e43fcd8d67,false
300bd9544c343f8a,false
0ccbd6cdb9aec2f7,false
18f4da0aec4f8966,false
0941961592066a2c,false
0cfc424c4a64ce6b,false
2fc265694a477bdf,true
0fd5f1d3a0768fb1,true
22ccd0082b94c61b,false
1d78c0d12bc3dc16,false
2cb20fcd730460da,false
21b1c57069bbfd7b,false
018713669f94ae88,false
16fdb9632aa27866,true
078b97dbea7238a1,false
2ce8e406fdca67d8,true
2695467efe032a38,false
12fad793d0001340,false
0a5ee111a3ff1aa6,false
0417911df36a5b13,false
2f96e608243465c5,false
302bcec935b3e8f6,false
25fcae08c64afef3,false
04664a4c6b8d7fe5,false
075de79736e124af,true
2cafd3eb820091a1,false
24ff617274619131,false
226ca1e881d233e8,false
16ed6a74345181b7,false
224dfec806b0acdd,false
1a5336eaeec3c278,false
1d67cc50f29d84a0,false
29f020e2d24e1502,false
08a02b8d2517bc97,false
043192d7771f6507,false
1b188e267fdf3c49,false
233535deeee49635,false
109f5096322eabca,false
06be051a65735f2e,false
025e888ffdfc56aa,false
0e73b09733c5e5f8,false
12db3c7f9941346b,false
11fce988d2777d1c,false
2966b8f3f9dc0873,false
32ceb2b0be05213f,false
05dd9c4b46f06461,false
25f36fbd0cf4314a,false
0c6ce667fab49b75,false
1895e2eba1aeedd9,false
07a71c7198cd5f2c,false
23d1e5b5768b2401,false
2ddb472384ab098c,false
15863f92a19d965b,false
024fd47c7a1fca1a,false
28b57ae3356fcb08,false
0314c58d5a3d93d0,false
136789a3d2045588,false
04f8a7e73d088f6b,false
14b3077a3ef23a3e,false
14ae1ff1885f0e66,false
0c735365406b4a18,true
1d403e9815f2c834,true
203fc76381389ba0,false
02420f2cf2ea6cd9,false
30f3d66ff50e5f45,false
0717db1051073197,false
2bb49ec75fea191c,false
2d1faf67a41a5666,false
050fd9ce59b93c77,false
0dfe9fa6704869e6,true
0e17f1eaf640ef83,false
27834cdddef65ec4,false
05a65ca0a343e063,true
2b3dfb36bd932aa1,false
32b968479b9d135b,true
13532641ee12ae33,false
0203995e11871a14,false
01223c92ec231cbe,false
0759e7a26dbecc4b,false
0ec4ace851d2a460,false
2030a3dfeff22b31,false
1a84eb69a67676bf,false
229cba46cab53b89,false
0cdf890257e7136b,true
2035d93dcdf4480e,false
1f8e1759fa8cddb4,false
19aaa17bdda15e83,false
11c70053fc4bd1e6,false
124473a34e4bec6f,false
162b55c635475521,false
20b35ad8bd14d353,true
2149ab9f7d28bc52,false
2666d6855d8d2566,false
2d7ed718e76e34cd,false
09a80de1d3300b1e,false
28ddb53194e1121f,true
0b6ef39feaa8d8e1,false
07332a3c81cc193c,false
289949c24a94a715,false
32822a2d5e217767,false
1c71b2c72b5de6bc,false
12e153496a960f7d,true
2528af03735c4038,false
18d9e73d48188f23,false
0e120f226d49d85f,true
22507443a69f828d,false
0a2670deb09a0a1b,false
000267eed751ec46,true
24cae2171b018b9d,false
2c6faa702d4e6873,true
15576ebd2c8c112f,false
1209a891580fb1e2,false
001e60111a7d6d2a,false
2628d8e12f07f7db,false
032a9b19536305df,false
1ef0971f6d9acb07,false
0b68239b186ad623,false
2a2e3a28aa01ce78,false
103ba31e8adaad51,false
2350dab445298664,false
0497de759919f2d4,true
0809b84e23cf2800,true
14e2194049d16117,false
0a90266b71f0b760,false
125727bf917c377f,false
165a4635651cda02,true
32513e7354c9265d,false
0cb8231f2879c824,false
2ce7f73ebd98f1fc,false
0142d0681f33009f,false
2c262cb0d76460ef,false
2596f58a5687f4e8,false
0aa46c7302e57a91,false
20a8a4ae0aa7e127,true
28d576d33ea813ee,true
2073382987e66e71,false
1e36ab60a82c3b39,false
1dcf882b8a640012,false
2a4988fdd7c415ed,false
19255d6be15183d1,false
03fd7145c3fe1be2,true
18389318e4f93112,false
09be203e46c36e67,false
0c925bf084398459,false
239574984169d822,false
0fc562342a3a66dd,false
0bd5320f9f939792,true
1571ecc6c160308f,true
32a97dd424463c8a,false
2967fa361cfb762f,false
2167f4232bcd0f3c,false
07a93290c6fd4889,false
3119d4679f5b2467,false
03beb9c6487ac919,false
1f7ddc971ec04abe,false
1a2c1ab2080ef453,false
2299488e97d09cc8,false
0b4d41e07745395a,false
19ae8502cce74619,false
1a7774c86e9ca4b2,false
2e8e4e138dcc669d,false
27e7cdf4162738e1,true
06232f9ed4eb2cf1,false
18556ddae0a0b7f6,false
1a8c3eee4e929464,false
3032ba36dbbaa140,false
04fe574e517aab6d,false
323cd962c1819225,false
03eb67d2cbbb0ed9,false
1769a0ab58efe3c1,false
0d26d258bae8eccd,false
1640073c489e1b39,false
1760a55a6318f8fc,false
0728dd9aeb6e8cf3,false
0df728bd0bae4454,false
30dee08debcd98d4,false
16f8804bb36b40cd,false
03f563e243cdf6c9,false
30ff6c1dd68fa4a9,false
32305d003fbcc32d,false
0c911dd146580343,false
0e03f9f69384e579,false
1eccc1e2b115d3a6,false
0917bb5076e18503,false
2aba4e9f6192cefa,false
175aa3e0301246d0,false
1bfa2cf430bf8aa5,false
19151cc85adda490,false
090f18c0f5a3f33a,true
1a5749f68a18ff59,false
0fbb4bd160747351,false
313c6ea54e362d55,false
036dc60acab772d9,false
070aa88cc0beab25,false
24fad98a9d708613,false
220d9bb3483108f6,false
0ca037bd2ac85ef4,true
23248782b8e4ae4e,false
2184ce7e5cb9fb7a,false
2b811b02d3812d27,false
295f28fd4c3ed0ee,false
0168f20bd3eb7a35,false
320f347ba0b0c93c,false
2c4cf687d6e9d4fc,false
19d99c964ad4dde2,false
0074895989873a20,false
098efb3682b746af,false
247986763ea4cd30,false
2736869460694365,false
00f0633e21f8f8c5,false
0ccd7c127d43918a,false
2ffd7db6b273308c,false
194690cc3bbf69b9,false
29d03961c6b09336,true
043a20a98d4cacb4,false
079f29c42124a625,false
071618a06f75c0e3,true
2596feeb01640d83,false
2e810c55c51e8528,false
270a443d134eb891,false
1af38d9d3d27deb8,false
27da058ad0517e1b,false
02ba3f15edcbafdb,false
071790e0812909aa,false
2de5b4e1d087f908,false
0850a72273bada83,false
13722bbd9df7b984,false
2210de38b200d8e3,false
270bdecf6ba26a7e,false
2b38b7067743b288,false
1219c7f26c48414a,false
0422a4055c83109d,false
1bfa014237781529,false
056338cb1d54c4af,false
15d6550eb21f9168,false
0b0a11ffe62ebc46,false
29412be1c7529a6d,false
06fc98ff4479f43d,false
1d6df09f9444d3c8,false
059f1c03fb56dffc,false
20ad1214dd5e8e75,false
257f1c2baa9e8e7b,false
1fdd81c5d1b32b05,false
19ed6b8d4cb519aa,true
27d27afc37c2240f,false
309169c6772046cc,false
25c1a6236aac710b,true
13f97eb15fe087bb,false
201d5145d43ccd27,true
1b3d916ccb1fc92b,true
0df9e4a10b642576,false
0c4a7c6e6075484e,false
01c6b4e8ff0bcfbe,false
0974d2e39fd0f466,true
0f1e6374dab57d80,false
269aa28881c48b9e,false
2c10eed065eeb63f,false
2619e9e563e9eb72,false
19bcd9f3b8a77dcb,false
0745e6512f247964,false
284df9dd6a057a74,false
002e0d9e531241d8,false
2eb29010277dc54d,false
1e4bd8f3d725d58f,false
32dc9d10704cca43,true
32f43a98eec81a2a,false
30de107575a31a4e,false
26b38556d81a071e,false
17013a5c945c7579,false
1d3505a2270aedf7,false
3292d00025f0b9c3,false
288d08aacaef41c5,false
01724d09870afb50,false
1f19b86994b25dc7,false
20d1edb72b1604f8,false
018b05486529117e,false
2b49c393716fd3df,false
00d81e5b5f7fa76a,false
0925298a38a3cdee,false
127af27af1f5651f,false
0fe8c4e9065c8af4,false
28b682763235ca36,true
105dcb00ec243b9c,false
1c943f617423451f,false
2370cfd6c53b9ea5,false
24be4dbdba5da443,false
07db2bf34c2c7e9d,false
1c3b29f619bbbe27,true
1a7a3ba5a70a35a2,false
0a7f6a68a75fc51c,false
01b3822edaea6930,false
1b005a5b5c229412,false
08eed231f2bef16d,false
20f86ef0655ba388,false
12b9ccffd400ccb4,false
1de698ce0e127835,false
0410b4620aab5c97,false
1df5f3cc1b3458ad,false
09a667bfbe5b42f7,false
0f5c406d817985c1,false
2d4b0407a43fbfc5,false
328989a69875094b,false
282b8fb4ef5587a9,true
217a1614cd2dcbdd,false
001ff46d4d23e416,false
2057eae332906024,false
14b0c7a68e5ef1aa,false
2821ab9029b1b1e5,false
29f953afd384b7b1,false
302e202335bca3a4,false
302a98a681cfa147,false
0a4e852746c45789,false
184801342d09d434,false
245acb26e48039e4,false
029451eb51a12ef5,false
06efb063d342cdd1,false
28487d29011b6a9c,false
01b892a34e2aedfa,false
210544ebfc070485,false
0b3979f91f66ceb5,false
18f6325786fb5d1d,false
1c0d8df80d66541f,false
20e2f87c1d6d2938,false
2aa7de0e3b0c8388,false
0388e51e47d5b0d2,false
168e10170ea7bcb9,false
0d37c1133067dca1,false
092eceaf683bdb5c,true
1e66e7586634ca44,false
23b730286f40b1b9,false
0822046888488e49,false
3040fc9cbc2e4f35,false
1bb77fa42c8cac7e,false
28f6ea238b2cdddd,false
0e7dc8c4051df536,false
0d14db8797622719,false
140fa0b669308fc9,false
163a13fe1ee5a676,false
1f4e74c587927ba5,false
066bf6a9774d10f3,false
1c792f6b8b31e087,false
0eb5dff1ad170f49,false
0f49000f201e0839,false
2fa336ce1d2f097e,false
217336802a1fff66,false
0afba7f48b8dd89e,false
0915e7ce7c682357,false
18414e9cfad8deb6,false
1ed1921491f71184,false
1411c234904d3c9a,false
0dddd11129c718bf,false
12c6b100d5b596dc,false
2ad678f7b977a2bf,false
2918740a7e4c0ce5,false
26774c6f6a71136a,false
21d9bd6e003aba04,false
12bb0279cf485a9e,false
08b07ba3e45744da,false
215309e4c2a02094,false
0d98dab4c9cad636,false
08d4687c4b166da6,false
31bbfa1788d64856,false
05a033b043b460aa,true
0b644144e180978c,false
2947a8399e782a24,false
1e5d19afbaed195e,false
09bb828757292840,true
0e9392a6a31b6c2a,false
29bbbe1d5c252f24,false
2976dd4acc3b6111,false
310849524ba2bbbf,false
2139214a55ad4d7d,false
21b6f20f14c8120c,false
0adb78aa7179067b,false
32ae33237b2cb3cd,false
083760ba763f94f8,false
25ef8b6af6ff0854,false
0aea5c08b6cf226b,true
09339127f4beed6c,false
2922ff07d664ace1,false
1cdf92ccd4bbddb4,false
285f102cd7f86b33,false
0d98a1117d3a2de3,false
0fd73a123bf53931,false
0222adbc5cf5323a,false
0f5869326ca4d9a4,true
320f7c2f1c1d74e9,false
102e87be384cd7be,false
0af9e07e92bd73d0,false
2a071309c381b9bb,false
29e6e399399d0c6d,false
3191f680cb2a87df,false
1b90b5304d8e20ce,false
1cef35f8c0aafcf4,false
273900b828302005,true
0db0c3d112689ba0,false
2ad36f65eb1bb3de,false
28fd0f4e7c05ccc3,false
0c7d2043444484b8,false
226909de9f1cfaa6,false
15c8a660e29418f6,false
16d3a06096e2234b,true
0a14eb389e5daf50,false
15f01e4cc27b976e,false
0a3e5e48dfa11643,false
08812f543ab5d7a9,false
0601804a90034c5c,true
04e85bcf72e45d2c,false
263ced2fdedf597f,false
0997e6c73244f4b1,false
203671eaf66c42d2,false
017e47aa321224f7,false
1e621ffe927ed9c4,false
243780bc37b90f46,false
18e71e7f3dd09555,false
26c2147fa61be56f,false
237ef63208f07325,false
19941b8e12f2825c,false
0cdbec4f98f9585b,false
01afc7ab266827cb,false
07762e709ffff74b,true
322b96ff99465fb6,false
02a3cb7d9122f0cc,false
1eb525cd2568d82f,false
2489336674f93366,false
239df89c19432976,false
2a41dce622476f2d,false
0e8eef77247271ff,false
25eb5b75a43f3e23,false
176b069697033708,false
3116a150538f2009,false
30a3dc6ffb3077bd,false
17629794b2647c76,false
11f50612d621b974,false
2a8d08ee09cc7413,true
2b48ed3a9e09eeea,false
31107a2384ab1477,false
13fd0ac651fa77b8,false
2afc3184db9949e9,false
28ea06adda7fa903,false
29b6dfa37435d886,false
0544d3272150a455,false
2287a17fa6e5a294,false
29f795c4740a78f5,false
26d561113e9d175c,true
26d43351e53e4ab2,false
25d4727c1eb7683e,false
054989b6f8f25731,false
23923c19c64dfc2d,false
301e570709bc5cd5,false
101edfe39f948c9b,false
0692b717ad0e66c4,false
0a186aa388dd570b,false
104546f4deccf2e3,false
2d1d140cb9560957,false
166a7389eb029add,false
142284f8de62352e,false
15c5d3d82229d0ec,false
20e6f3bfcc184a5e,false
19dc2ed79ebd4b66,false
01815d6b41737ab1,false
015ce85ac6ca18e0,false
0a5c25c973bc51d2,false
01777ff295b7499a,false
2a15598cec55627d,false
2d0a6e5607b4de38,false
008ce5141cee40c1,false
180475d9f515b8a9,false
0f7a0fa7d94f6518,false
28d1d08d6b5efc49,true
294b4bf4a48a687f,false
144a6cbd9e6193d7,false
0ad1c7f430a01eaf,false
2eebacd973160ee1,false
19b17be5f3e7d6df,false
14e73f3e50e59a3f,false
1de2e4806699d03d,false
225cf3999d507f73,false
136a725e4ec57b4f,false
1f2bad665cd44559,false
2d2d78831d9eff6e,false
1eaf9b9f31c78b53,false
10b989ec7a2ed38f,false
076884bc1ca0f406,false
0faf3b7336eeb31c,false
1efd59bbde6f5a67,true
320cfe7e16bbfbab,false
2f65aad9679e3b92,false
1e250aff87fdeb62,false
1f5a021efcb6af5a,false
021251051ecd5eed,false
2e8b1ce8f439495d,false
2df5110a20d626bf,false
291ad38a1e3d16f9,true
0a42941177f08084,false
0a726e87583eb195,false
2c9611e4bb63b3a3,false
238363444f8df7df,false
0a188b0c32879f5e,false
14b4b81adc537736,false
12d444c05e20c59f,false
24d4aff90ab1cf9d,false
28a292ddd88d6d6a,false
077b7b8b83719276,true
02c7c6b86fdc5552,false
1f0a83a95957d3dc,false
0bb7938ed012372d,false
32c7e67fbdb48f42,false
06e2c2ee2bddf44f,true
070b942d9e441365,false
26205a310fe9a840,false
31dae11100759773,false
1e1f13d778a40752,true
2a619954bdd8daff,false
1758f72729ab96ad,false
1a4da8c7386f0e38,false
0018d06e1ef55515,false
23a47b1aefbc4200,false
07888fdac06d4343,false
27f018b222034570,false
01c5ea2ad5558dc6,false
08913fc4f9f86beb,false
0835396aa21b514b,false
0dcfe7fe644292ec,false
169b154c145abc98,false
015b091bb2718838,false
0f8a0643f839f60d,false
0ba2d7e31b1e29c3,false
3157e4f1d19174fa,false
294e9ee707ea2eca,false
29026be665f0bdd6,false
0460db3a98480592,false
1a5f88ab040aa7df,false
24f5295eab790afb,false
0774fcbed48a70e4,false
03d4d6bd53f6351e,true
06ffaa8e43ec7bd1,false
02519ac48d26114f,false
1b8b1169cc0647f5,false
118138fb7aea6651,false
1fa168b81447766f,false
20ec281c241ec13f,false
0987bbe418c45ea0,false
087d44187927828a,false
0239c1c36e480409,false
0a81e8780e99036b,false
1c8880a17508cd29,false
325b3b1a969f8755,false
31c6d7cecf856981,false
21b2b90250e954b1,false
153844639e65b52a,false
207efc12b63ac9f5,false
1c79af8348eed72f,false
02883cbef34c7c5b,false
130ad69fcaf15b31,true
271004cecc157d9c,false
290a446e631c4463,false
16f6e956c2515fdc,false
29588c002e4a7269,false
072d5e798358fa70,false
0216c8a31307ccac,false
0d63dd43b7e20005,false
0a9472cbc84f08aa,false
079965dc300c3a6f,false
16fe9ae86505ab75,false
3094021bfee57d25,false
18a8edb501642134,false
14cb06099379a56c,false
18790f166e159be6,false
223bade2936a4b89,false
071cffbf510ef72a,false
063a6466f9a7864e,false
0fa7f31778aa4923,false
0c18fc1de85acc78,false
100a36bfd2dce981,true
3058011a543117f8,false
00bafc94e5ce5981,false
218a81909a4fa8ae,false
3028ea07fb2e300d,false
03de08e1c3825a8e,false
20081deda6ea44ac,false
1ffb6c3fa8d1fe39,false
14ceaddae8645479,false
033a291ea21b0926,true
02bee276bacacf4c,false
1112b3d827ba27ad,false
2ea41bdc00ffbb30,false
0cc47722c0922b1a,false
039005dfac4d3f5b,false
0b85edb449c48ea0,false
038d435813c74fb8,false
0f65b0e3de0cfe06,true
101090e1670619bc,true
1386755d79a465d7,true
194d6d7b474e6b50,false
2a23de5663ecc47a,false
2ce7e5a96020c251,false
19b688f1bd4c8d35,false
16565cea4e2e21c9,false
0466a88306383bc3,false
140f05295ec711b9,false
0ebf53ab51b9f2e9,false
231f380f3d0becb5,false
25c5607290556642,true
006340aa396365ec,false
21bf8c67413d70d9,false
14def59eb13e39e5,false
203e5623f4994db3,false
1ec791b792c56948,false
00eda29ca47cce8b,true
23f54fb6f3518967,false
10ced78b6405e3dd,false
064363294f548da7,false
24a9e589187967e4,true
1ad07b9711ae3e90,false
1570338b7d39512c,false
1af3e555b7674573,false
226109b76d7c563c,false
069f07189688951e,false
1b193c479372cf7a,false
0d83fef3c84a9c0d,false
232d106a0fd30434,false
1f45225b0db9ad89,true
012812d688f7a159,false
183a177ceea84f8f,false
0125d33dfe1f11f3,false
0b716a328ed096be,false
2b613001ac1c7cef,false
231ba22554433a7e,false
1748a0d2f3e7a511,false
098f015abfdac3e1,false
093b66bb200bfad1,false
257e34219a8c2d9e,false
1629281e89f86651,false
0e1daed64798e8f9,false
27ae6faca00b128e,true
058af2efff249530,false
2237fa11755c4821,true
24612909ac0e0679,false
2d4b9f9cfa321a8d,false
2f62bc1ed49c5e3f,false
04c91007e3f4963d,true
0f62655338bad033,false
2fc38fc3a6d64a78,false
19ecb48479b9a39e,false
2a53d9fd32bb18b2,false
1806e37133288138,false
0d0560be1d16d6b5,false
2ab94cbf047d6b1f,false
028f69abe2dd13b2,false
1bfffb1126f69596,false
09e66ce3768674df,false
29f99f79739531f0,false
0af8618d3ed36898,false
1e682f075c9470c2,false
0ed7029abc567513,false
0271adfed17828d3,true
15c041296f747e35,false
06084932bb446770,false
01c9ffecce71f5ba,false
249985c4b698543c,false
20a91f0b58f13d34,false
2ceaad847343abb1,false
27fc6de27785b4ea,false
14c579b0d17b42d2,false
1b7e94d0e6f0eb5c,true
1bcb30538478ac02,false
2a91cfac8208278f,false
27036119c02aa4a0,false
2f5f52c8e82c4a74,false
2dc05bb18a09c0b5,false
1e2324912540857c,false
0c39c44788f73b23,false
14af916ed2756f67,false
191352fad7e7d8ea,false
313b32b048f6b0f4,false
22859c0e6280b45c,true
2d8a9c6c1200c611,false
0082982a04f6f0f5,false
009d124f6aa59c24,false
19f0432d4f21ba23,false
1d17e6bc62057570,false
0905f7fa14372e2d,false
0dd4b92be002fecb,false
04ade3eb7ef2d1b7,false
0643598c1b51f809,false
0465caf2916a3dc9,false
135a62844772c84d,false
03a3dfb3135c9d68,false
2bce6b11b0437713,false
18e94137623ea1fd,false
30dd4b49e58e4e60,false
002afc366cfa1743,true
0eca2792dd287a25,false
21c60d5d6c4c4bf7,false
1128be53ec8317d8,false
1d3698dce585db71,false
28a6aa6d33397bd2,false
028978be73285c3f,false
03488a1c7c9d2e1c,false
247f156f7019cfe6,false
1529426ac277c103,true
0615eb8b371d5eae,false
138165a037d0ff84,false
14bad0bc19c57fe7,false
26e98277604e1fdd,false
16fbb44e81b18d6c,false
331a01bf5669e383,false
1f4750a9bc0683ff,false
0a1e9f2467cfe03d,false
295b9e7a19608e3c,false
1cb60047226575cc,false
282473c840cd09ff,false
31fb83d27f7d8c40,false
1bb653eaf62fa403,false
0e9aa6ca7e3d96f1,true
029eaa45001d6fb5,false
0d2a5b3d47b8e009,false
2071ec959bfeb11a,false
0f6d9dc5e8b5de9b,false
185ee8dbecfc67d7,false
0c537499e38481cb,false
25f4c646927e029a,false
0416d9c84ba497f6,false
2c87e64b75d217e0,true
2a365f5c14fdea02,false
22f573e23d6206f4,true
1d769bf2379d488e,false
1f0c472831e50d3d,false
2f1db2f3cf5b01ff,false
061ce8b78e728d64,false
2bb5be582e503c81,true
3266ff2cc6646b37,false
2801d0ae2b513f11,false
1b3247cd0eb0fbae,false
243d1c45369c08ae,true
299b2e0f495cad2e,false
2d753114e2469409,false
1d5c4d59fc18c10d,false
13c131b5a7ac96ac,false
21d8fe3cef8407f7,false
234bdb2e0b1615b8,false
1e3744889bbdfea8,false
31d42ad50c844787,false
331fa6da4e4ec4b0,false
09ce24481b38f64a,false
0e6956a2ec753520,false
075aebd1722f6bae,false
2eb4bc0d3a8370a5,false
074a5b6791cfb431,false
18059c2d91198f02,false
225f9182ada3c3f4,true
1276ce611b5f4b49,false
279c34b7d9fcffca,false
228256d7328a5c37,false
21f844763cc7caea,false
29cee31dc9561165,false
04a8c8358b743791,true
06655e6c3c7470ad,false
31ff684b0de3b748,false
287ff1f5861adcdc,false
2e0944fe53cd3a81,false
057350e16a1c0187,false
0e716a2da9573f4c,false
2032d6950f391e8d,false
0d98ee4c91d38807,false
2922dac32c40c44f,true
0eb176b3fec47806,false
006ff77b301027e3,true
16d8d2994ea854c0,false
1b72f8528221661b,false
2f9c6366f7f8c324,false
00af09976836a730,true
2192a4c1f35fc83e,false
296f12b4f11c6338,false
0c76916968eddf30,false
2db865f97dd0d261,false
1d8df81385a96e53,false
19b3d0a157b8e5a9,false
148e9ddfbc68627a,true
05677994ff5666c9,false
03d9cd46d35867b5,false
14bdc50a8186ba76,false
231d78082b5ef870,false
20164d3f77610649,false
12377739d0eabe75,false
26ade7aab60fd0df,false
26344ed033d8d34d,false
2dd59d628c3c32e8,false
15af15d7848ce278,false
046a7fb60bd42cca,false
2c4e5550143fdb7e,false
1d31fa911eb4b346,false
106aea9ddf29d07e,false
0a80d512707d29a2,false
01c08c01320f7a4d,false
0892f59e7da0b254,false
325f73d93357c838,false
315a6cac4a7f5e7d,false
137db61fe2578709,false
24298f8383858a71,false
2f272339ef43e899,false
17a433ce2be0bf56,false
1dc83a1885e71efb,true
2417fed0d753c8dd,false
26b5c7da7f441695,false
30e6e3cea27e6cb9,false
0f9614b92b20e65d,false
1dc001b278f35944,false
25aee0c804f16a9f,false
07f09393bdbece2d,false
32aaacedd2b0783e,false
06f64048aee25685,false
26f6ff1a7c5120b7,true
16a4a1c78aac1345,false
167fbab3bbd33cde,false
257358b5d0dfad10,false
0db194cbff4abf7a,false
2bc943e6867fd6e2,false
0260a6e1f2298376,false
21f7c8eb63f562ae,true
117bac88d7cbfccc,false
2583f6bfa3c0e256,false
25c6b3ab60a7fd5d,false
12a1f4061ae32905,false
1ccb4265911ea954,false
11c48bed16f47e03,false
202abe95f37c68a2,false
15bde1960eb6ecdb,false
11d04672d0babbd0,false
2fe0bfdd746db94a,true
1e444543d38bcda8,true
131d852eccbdc44e,false
0fc7a56c0bf950d3,false
1b5a7b6ab5eb7177,false
1953d1863bff5f88,false
01f697a05da60aac,false
0b7cdf491148b3c1,false
10de78f442c902c6,false
2a561f471f7c233e,false
00aaf9ddbe57e7ad,false
02b4b4f2d257ee9d,false
02bb3bda51784173,false
006d83293f70ecd4,false
1a7339727df63a90,false
2d7cfc66ede9c4ad,false
07ff4e76aa555d0f,false
2a1ba01e03daf94a,false
0f065b7a00497c00,false
111e5ddb3553268f,false
137430713e00b319,false
0ff62f23a5b9dd10,false
1484c4281f5eb0e3,false
108e60730fa8e429,false
25fdf08ab2778e3e,false
2dde86d82081caf7,false
2f0f311df0e4c345,false
2e80b134cfabc313,false
1c3c1262e19398ff,true
2b16c5dd7a924ee6,false
2da356b9b9b18419,false
06f060f6047d4465,true
2b58dd133ea83ad3,true
21362c2940561307,false
0a21b5789edf0f39,false
3140b50acafba6ea,false
08656300958cdb2d,false
08cca79538ed5737,true
07c9609e35cc5aa1,false
06d5e384e8c4c0da,false
32552b9224a71e45,false
158de7845f846a20,false
28c88eb09f1ee06a,false
1c6a3da4006a4da2,false
2b82ccd03148a704,false
1ab04ec9f9f93d63,false
07d7c8af97549488,false
20ec0aa449179fa3,false
2e053780b1ffd3fc,false
330befb8a22acab3,false
323df92621d0eaf1,false
06cfe33dbcfeb031,false
0b4a113cf4c63d55,false
2d03416e68babacb,false
30a4f720c76879c4,true
25b4974249592191,false
221635857d146edc,false
10b93b74e0ea19e0,false
0df4489111ea7fd9,true
2cbd12e4faf4205c,false
0681b5669fb787a1,false
2d730e392a6b1d1b,false
1d37681fcd87dd64,false
190ae0caa4ed64ce,false
1331af4854402cc4,false
00180246e44f4c5c,false
011c966c30efbc30,false
0371e1e8bedde168,false
028149372f7f745b,false
31806f61c5d8760c,true
2bfefe9bc3a705e5,false
09abe38890703a46,false
2777b0752be01237,false
124e6828808ab96e,false
20ea9048fcde721e,false
192fe3e5dc091b26,false
00250ca40ed68575,false
0f92fd43a548f8c7,false
02a97b1de7c28ed9,false
2009cffc2d4b36f6,false
282654be71191430,false
1dd40922a7136476,false
14985794e0a6da96,false
1b5c7620155173b9,false
1a37375b19c436e7,true
0b9c1051c416f672,false
1839c086542a63d4,false
085f9344812eefa0,false
31e075c36af40536,false
15d6b159cdc97e9a,false
2a82af04445ce561,false
11a1cace78e65453,true
092a7b854cb1dcca,false
12f16d1bd553fec7,false
0821ef7b86365248,false
06bb2bd32cdd7006,false
133ef1f23eceac2c,false
10bb9e91de5502d1,false
2e1e6dfaba714637,true
25ef84ac26552904,false
1fb82c2501356093,false
2288ad947384f07f,true
179004dde2c76841,true
02b29c8f6cd64ba3,false
2eae690ad80eed28,false
1bdee57ed0d4fdcb,false
27c85cc18d39791c,false
0bc726d066fae224,false
25b56af28918233d,false
0b69fd6e1a4ad1b3,false
3145ed2090727d20,true
28d1327db152a913,false
29df0fb7c083d913,false
22569806d13ccd99,false
2686519a9c40876f,false
18399b1bc98a8a52,false
300027b45b7dc430,false
217cd9fa4da718c7,false
2f220402b2e36d44,false
1ad4da5208700ec4,false
214c380aaec68130,false
12a5ae742faeb10d,false
15b4d642b45c5940,false
044e59b725859821,false
2649365d396eb9ec,false
14f05bf288b05a13,false
1223ac72453914f4,false
01455c184e060a8f,false
240dae1e1fe6a323,false
16a682ddb69d267b,false
2dd27764651475bb,false
29a6aaece05fe32f,false
1b82876813beb01c,false
0942cf348531ddd8,false
108760bbbc519eb5,false
24dabde4eec686d0,false
0d1c7fd6131f802c,true
27048ca2e92dcb93,false
26a35cd4f38e6a5e,false
15662c9c78e08b48,false
013a1db17e7a451c,false
252687743da259a5,false
0c6e4de69653f748,false
1f95dac9217e23e8,false
20c0f60ef19ae8e9,false
04b354be1da12a70,false
0ac5525ece7a925b,false
2bdae206c55119b6,false
24dced58897edefc,false
1659c8625dc8b2d8,false
31b60e1aa5c0fda7,false
02ca07b10f0d92e8,false
27d5c87a45f7d960,false
23fa4bc5bafed010,false
292ff57a6183401e,false
239ce1779f02eada,false
00c47d886cc46ffb,false
1091cf49fdd4a471,false
165e7fbf99f53bd2,false
19333d125ffff146,false
2f1f686da6a8871a,true
15f9c6c22797fa15,false
10ef0081bb524a5a,false
13c2aecdeac03031,false
172c9edbd11c8a3d,false
11d2f83e073251cc,false
2bca3b3e618afb30,false
05102a369ddf9adb,false
226c96c8aae57197,false
0907cdf2b975f18b,false
19577457d680059b,false
0b7dca9c4b78bda9,false
0a5d42a8cf87e6cd,false
116b0e5938ccc27b,false
0ceb98f9386d2c56,true
12f91953d9e23c11,false
19bca08da1f8f69a,false
17e9bde23f327f16,false
319ac124da53c1a9,false
181914a215a176d1,false
27d25a42d57efd41,false
1c543e930dc4db7b,false
0adfc5104a697131,false
2cc30717db2da668,false
1c6d4d1daa43f9f9,false
11d18a0b36d32a44,false
23658996cbdc6bb3,false
1687eb9701914305,false
01db8a1b8a7ee70c,false
0fd8e01d97ce58ce,false
0c437163eb1bc5df,false
0682c635f8a82d85,false
175ca6a34eefc24c,false
04d571262aff3c55,false
1bab49da4dfc7715,false
1ec6e6fc8ae021b8,false
1d1e8d99341f1849,true
049c362beed780cc,false
2d843dbb6b85c22c,false
3012e06fa400cb14,false
184ef1896f2e6de5,false
038596be30944d0e,false
215d98876e4c9954,false
15075e1c4bda8b24,true
15d91066d60b1999,false
255fe742c04e34e5,false
0d5d08b3eecfadf1,false
0953bc48a3130221,false
1f8c9961dd09e496,true
235b2e4a138d68b3,false
27ba0ba08b5eeef9,false
197ae7da11e7ec47,false
1c7d575cde3ee0a2,false
1f3fb00df2538661,false
0549a9d1086bd050,false
06adcec7b7f0bb78,false
246206b3592aeb97,false
29a6047dc13b6d8c,false
02c58f9fa6e08962,false
230787b097379e34,false
123089ef6363bdb4,false
17f77633f3978842,true
199d07fad1b25631,false
1efbeefe6e7d0a32,false
15bc2267ae08d4b8,false
040e5674eebd4291,false
24a52adb28343c74,false
0fb40ac6b8832a71,true
0f96511a912d8b54,false
23228c6b490a2533,false
055f8b7f43862dc5,false
0de870227af63077,false
20fdc65c4ffdd321,true
323e46622b966153,false
1759efeee43dde53,false
0b16c4763d52021f,false
10973c5784cb5370,false
3098dd46037ae400,false
0dc47614ed68fe97,false
23cec2717a05f71e,false
28315da9702467ca,false
16b5b39181d9acc9,false
271d24b4f4744ff9,false
22344a60f8584ecc,false
22a4e8e8f2c1ed0c,false
32b6ca5455435710,false
1da40992655488c7,false
0e5bbd05a62ed553,false
1625cb858a5994d9,false
10cc75b46207debe,false
2de18b4282d5c491,false
1d1c4fda8e093da9,false
0dce3a815a12497d,false
1075c12dc28d37d7,false
040902597f33962b,false
19790a97d1616e04,false
0619603b8177a7a2,false
2e0e4dfddc9f51ef,false
13051acf2e972c01,false
2b8ffe82bc4c980a,false
06a561bab9458e7d,false
171aec72b718dc89,false
1c41927458b08bd1,false
02ec428b6d323708,false
0b42ccee86b898f7,false
316392c9fb512ebb,false
2302dd882e5723ed,false
1d79e69e1521ff3e,false
173901bedc16c47e,false
1e99384d24bfa4ab,false
073413f9a0029fa5,false
32ee7f9b64fa0764,false
0890e1af1750e77f,false
30a206d26c017eb4,true
28efa687d84b36f4,false
2784b1961da94ff1,false
2f9c97751f5d2f92,false
03142be7d9bc03c5,false
29185422368a81b1,true
26f61fe879a2b979,false
245a054da8d3fa4b,false
05816ea3b3850642,false
26de02dcbf67b39c,false
135491de2e08cbe0,false
2c8ccdd914984720,true
2ca83a997b139ab2,false
23f693ce68c8f15e,false
11157f64b5bc7e48,false
1c96852273dea2da,false
1dffd02b8071fe19,false
2a78a47580e764e4,false
124dbc51221e3535,false
235a414a31ad9d8e,false
30f404622289db52,false
26b2bb78a1a7da8c,false
2b57abee5da5f3a2,false
25991cb7653564f3,false
069abc6284cf878c,false
20b641e9e44256b1,false
31739ccbd4bcb329,false
05d7e6bea68f0e6f,false
3015c59d8ca43918,false
29c892fba698c829,false
2b516f2aae0d8ac4,false
0dfaa913fb40ed02,false
319a3d70beaf7076,false
2cd66b25ab5a432b,false
1bbad536f25944f4,false
2e3cf0762f8ecb6f,false
32ba1ef9dfa5a670,true
0d146f3889d81c2f,false
2acda4147658a73c,false
2050fac3aa5dad36,false
126e8d77adb54ada,false
24251ee0d7be5702,false
2a5a0bf5008795c5,false
29af80c9270ea195,false
0d4bf97e9225e598,false
04a9c11e9181ac35,false
28e2da01142ff559,false
2ad609550f9c4d8c,false
205ab1f1f6783802,false
249affaf0a0bb4cc,false
025370c2c96820e3,false
0915f1caa2ac0066,false
1c38abea06ff0cb7,false
02270afa765d8289,false
02fee8a08f275136,false
27554b18df1bf9a6,false
11a8a37c2035a5c4,true
23b2c36185530485,false
037b28b1951bfb1d,false
27b7186a9973a43f,false
086748114b09b096,false
0642d1c77026dd83,false
2c836171449aceff,false
1dc227c86ab57c8b,false
2a967a87a43874cc,false
33324dc4c09326a2,false
2165884ce57cb6f5,false
15fdf7ab5131c7c9,false
23ea60a66b2efbb8,false
24166f6e2169af61,false
0b253a49619f77c0,false
0d2d5aee544264a4,false
1040d1f255df0335,false
25ab72c49433fccc,false
1fce7d1212e67eda,false
2b57e3a4ff9c1ede,true
300948e19c4799d5,false
2a97f6ba7967ed4c,false
0090129430370005,false
238dfaf14e821358,false
0475853a0c2a1e03,false
2ab5cd493938b7b8,false
1f52ba8aeb55c476,true
209ac46b3e5d7a73,false
0c38479f566cfb99,false
05e5d889b5ee5f36,false
22d2ec0c5b11b0e5,false
2b0eb2f5b8c66be7,false
29a3e459c16a29bd,false
105df980a452498a,false
0b0ebc9d60afcf26,false
181fe29d7b9c273f,false
1b09ab4b1db67f50,false
24eff697b29dc153,false
02a530bb9848bec6,false
24808853c90eeb33,false
0520d7ac3a62febe,false
2f204389e1b7f55c,false
26192b63ce219400,false
300fd1ee1353b83a,false
0a4f21413fb02fed,true
1880e3cf175430ba,false
1654c7283c314228,false
276eddd4b3e4ec37,false
102de3f7496c6832,false
1e7ee91bf7cb5207,true
2050e1115ded8809,false
25150814d67c88c2,false
14b31ffdae6cbe01,false
2231b3b18b94a68b,false
26a7f4e19a68b229,false
27452b2c26d36ef9,false
112aeeb29abd8ea2,false
19addec1195c8859,false
0e122a115993939c,false
0ba907e2b202a866,false
0475b72f770a4669,false
23677591dce789b7,false
080e63018f7ef235,false
06234f1a68590e89,false
0412050eacf0263b,false
30ff6cebaad89472,false
31f1f9399bde527a,false
0687e5b8af78ab7e,true
1bccf9c4444bcda5,false
26b6d016a975c9d6,false
2dd199f56beab9f8,false
0ad66ff8d326fbf9,false
05fe595057688cfb,false
080ed3fde4c3d79c,false
11a78803f7f5b27b,false
2800886e9a1d4007,false
2be0dae9b004292a,false
2431441d9c492a8f,true
1aaa060a78b26522,false
310fd3bf2e4d4e4d,false
26b7488a1760d2d5,false
32274a8252ca3980,false
2ae38ba68904233a,false
159285cde903fb5f,false
1d26429429f5db16,false
0f747743adac438e,false
313c1cfae00639ee,false
07665d222b809aa0,false
1654675ecf33ae06,false
0252cd0cb323796e,false
1e5b2cc4a870be86,false
1f4fa70e5f3aa855,false
04a41c52baac60ee,false
01ed318e9087ca0a,false
13c027f24002973f,false
090098c832bdc6c2,false
305d3d153e2c410f,false
24d7c0233bfd289c,false
324206488615c186,false
1bbccf77d5807d44,false
2cd2dfcd7e7420fd,false
28274dfd21926bab,false
07e8f732763bee25,true
116c30e53ad0cfdf,false
20b60cdf1bde7a0f,false
1f269eef0ae158a2,false
1eeec4d0585b2907,false
19327cccc75b8b3a,false
24ac0deebad1f21e,false
0cd3601df8c3fe9f,false
07435be0a6809ff6,true
32b51872ea91e62b,true
30c94e6480013b71,false
26902c98512c410b,false
241bdaafb46eda74,false
0f272adb64ab3ab5,false
15f6cd3e8807d082,true
21ab1ff13f720bd9,true
15e346634a7303de,false
3213e7b6b9a44e39,false
03767fc8cb4da350,false
0d9b48ce8c82e594,false
1d73b39468df5d18,false
03e0a3ba2b173835,false
1ac90f2bf39f51ca,false
27b882095b702b1b,false
17ced9ed7b4daac6,false
29bf39732af4bfb7,false
2352a1c71baf0460,false
109d7f01ffee9989,false
01354752b96e3d6f,false
10c9bea7985779ea,false
29d0f4b24f10ae30,false
1dade13015fa20cd,false
06873a8d149d36ac,false
305e923ba08b4e31,false
2708eefeaaa81f47,false
2c0ee1e851d02d7b,false
0a97dfcbe9f8a547,false
192d1101f14cb636,false
2754c7ab42d3ad10,false
16dab77651a9480f,false
18551eb30aaa6edb,false
2cc4a1b730e6afcb,false
073a844f4d2e40b6,false
0204a865cb141457,false
1ca4b001824d5fb1,true
0d7d8502cb1a8354,false
1ff628404a697246,false
2e21b7536ef5b6a8,false
13f3056c8aa28084,false
0292206e299f428c,true
1d64969171d9023c,false
139242cddf72a8de,false
316c89b01c3df8b8,false
26577a44d8a6dbfb,false
08c67dfebd49a6eb,true
0e292c8ba1f361ca,false
21dc09a5f51c66c5,false
10e607a73f5d64f1,false
0aefb9b2230e2ea1,true
23f5beadcc827cc0,false
290e03ab0a4433e6,false
14836156c2c4fd13,false
205238679d8d3142,true
32850cc072119963,false
2d9a53da7d6c8bc9,false
078c494de76bcb2e,false
18d8c8433fa7a9bc,false
005e3f1de69dce5e,false
1a7c4d044481e638,false
0f95567068bcf779,false
15be025f77065edf,false
1592f9a4d613ad05,false
2c3c4ae9aeb957d9,true
1d2bd39cb051d705,false
0fd32b95b4036807,false
00dc69addf0a7b81,false
11cb3c8e3c5cb393,false
1f50410804dd5743,false
327f784195516975,false
22c9c686179d759c,true
0bea59800d928493,false
029abd838b3f224a,true
0ecc7357b9a7ffe7,false
1a4f161c384605bc,false
1ffaedfe11272427,false
21e9341db92b5b21,false
1cc41c81464d22cf,false
0804ab0a3f2fec46,false
06c2e6d35c29091e,false
1b5c8ee61d39b72d,false
0de03f0cfa873973,true
27098569e7a1fbf0,false
241c7271005a6c40,false
2981cd9a795b418d,false
19549b9c64a9b0a2,false
0f5c5184226dfdc8,false
29a0d7180c0ce595,false
0c7bd6d0ccf2d543,true
33321b3bff859db6,false
2322ba94b9e5fd0a,false
16080fe43e66c89d,false
048797d6f694c7c6,false
263434f21082f912,false
13b31935a1444bce,false
081965e88b61c08d,false
2ed2a88363656dcb,false
15c5cbc24f73bea7,false
0c99a8c43b4c1136,true
0be62eb792381be3,false
3316e6d344814c5b,false
1d454dcebaca3d1c,false
09bd01c6d17d10a1,false
0874ba4eed502852,false
0b5e352b9bc6f0de,false
0cb362c42d4ef5be,false
164c6b1dd4919e8d,false
0270bbbaa8f4db52,false
23c3bf596dff7e82,false
0c324dd8beb27180,false
03090b9c4b7ab582,false
176b9d39ffe3ad53,false
1762efd7c4a99c6e,false
12fb4d797c48d115,true
0b27f996cafdc3db,false
0911067b6dc40da1,false
09f31fc7ab12725f,false
22ee8337708c1d6e,false
072c74423a970f95,false
0c6c0a6bc53b9d95,false
29d1e3897964530b,false
1ae88b3b30e992d1,false
2640a8add69b5f90,false
2cba805e4fed11aa,false
22a59dafb8d11f44,false
08708aa1c1b00394,false
2e042a2b9d0b2b1b,false
2ebf1779b8134ec4,false
0f1018d0d7b88b2a,true
00153dead2911a6c,false
30b5266c172fb567,false
27b340539c62f953,false
072c0ec24d662120,true
0490b2b0115dfb7b,false
0025a9f72a82d0e2,false
057db4065b11a3b1,false
21765e2d3d482ddc,false
24c36961bc1806e3,false
023b2976df9b380b,false
3061cecb3ea5433a,true
1701582e92c13448,false
007d5844412c4b55,false
04d482f2d8077c41,false
000e5d68a4b7ffdf,false
2b053835c7178312,false
2f47354fb8f4bb40,false
2b167abc5b28408a,false
0a00f8ddbab5c732,false
193cc5ba5a97e22a,false
104a5dc365c8c50e,false
0f55ad127d6769a2,false
1dcb3622d9643fe7,true
141c568e39fdcb74,true
3227b6b1db2998cc,false
207ca476be8fdcf9,false
1a4831fc81cf63b2,false
17c03a5960c8d612,false
0b64eeaca71d56d3,false
2ab109e523121a83,false
248b25d31b882b48,false
0b2b2a056677533c,false
1e4c1d9f27df3d00,false
269a08fc3098ec29,false
328c42e8c666924d,false
327d7b40c1607260,false
1aade24a8058e102,false
1d74a2ce4ea37f63,true
11fc0f2cab9b6415,false
029dd9fbac1092f0,false
091b93aa4995012d,false
1e9ffe74bbbc8a85,false
2b97742fbf0d986b,false
2891a92eabd0a7dc,false
06250f9aaa62f178,false
169e7f4efb9f6b6e,false
1fc74f5730e04bec,false
1ad3e66fc68b17c8,false
0c301fb2d31bef13,false
28b6898a4a80cdb2,false
09b0c634811aadc3,false
20fb3619f8fc0f0c,false
160ef5ad8ea54582,false
179e4042de08162c,false
06a2fcb98151bb00,false
06a3de55d106d381,false
327c4fac4f733a37,false
227e8ae8e08f66b8,false
0042a00cd499dede,false
014ab4a95edea216,false
0907a1d6024988b3,false
1e2953bd735a8aee,false
0835bccc4be5bdc6,false
01dea3799bb322d4,false
1f42fcf936d7dfd2,false
13bb7b1536680b1d,false
281fabf4f32f7036,false
0c21454ef4952974,false
0a624e6e9541ec35,false
1fe1f658dcde4cda,false
0e8c0e6094ddc4c9,false
32ad253c2c19047e,false
1983f595422063d1,false
0a9a1677db77f51f,false
2b2326e84829586e,false
08cc982a92289486,false
1cbd245ef16b2bab,false
2d2cc4cd6f6b30fc,false
0f65b78984d1f6d5,false
0870013e92b0abd4,false
1e86c8ea2ca8f499,false
0d263dc60a301855,false
284ff8859648d88d,false
060c002b3ceb45e4,false
1d061b91f5923579,true
0db917af1cc373ee,false
215febb2eae08e85,false
229cf7d89d63a030,false
2560fcd29c7ddddc,false
30d9037d577df237,false
0a79613ff06919e7,false
04289da02ca593c2,false
06abcd5896b6cc81,false
23349eb4cf456222,false
0dfdc21ed422df7c,false
19ec00b12d3672d0,false
159023386601ee15,false
23c6f78f9c7a4474,false
06ad069bbcc0e884,true
0689a1b1dec81ae3,false
2dabab49f4289204,false
2b65bab20384569e,false
1b7646157b7f3d7f,false
31d2928baee023b7,false
2eeab8111d697f45,false
0970b1c4d09f4297,false
2117b028eb55fc01,false
279c9aaa4ff5658a,false
1b36d989ea2fdae0,false
11d8f5d239e4f36a,false
30f779cedc2c0898,false
0d904ea4777b28ec,false
13a4fe017a3ca6d9,false
23680fc43cbd35da,true
022cd6fde457b8d9,false
0864b5279e47e2c6,false
2f9abe767a7a074b,false
276c26bfd15b76af,false
169997b855c4f808,false
028bcad08be06891,true
2e5dedb70aaf09c5,false
0ed898648f83d3db,false
1126794f7c517e14,false
32892e93bc74e970,false
31332cb0687861c4,false
05789a459d0aada7,false
1e9147e340645344,false
0972cfba3399ed98,false
0cdf63963b4b7812,false
1922998c518e9f8a,false
23d82904057253eb,false
2b90e03262118f24,false
145063d38ef113e6,true
05089a18eb0dd19f,false
126cd4fe4094dfe3,false
13a5a250a21d1fac,false
2f827eab2978cfd1,false
2c74d9e5a21c44bf,false
01fce5090faf257f,false
2f20440994e285fd,false
2059161cdbfb89ce,false
1e45f234adbc428a,false
139dcd6be3cd5f7b,false
2dade8dff29df784,false
0041139720c5c14b,false
06bef611c4db9c57,false
0d4f6e007aed5b08,false
02bc7e43ad43435d,false
11b80fa8c49ce16a,false
2002a6bbd82d6cb5,false
11a87e45335373bf,false
0604dc9a93babf39,true
108b64ada98c162c,false
00013ca0adf42f23,false
30466b0ef905db17,false
2813e03d8714932d,false
2a54b8281ea833a1,false
214d32585d43e746,false
32d24da2f28f4ea3,false
243c7f702ef60ba1,false
1afb6742f62ff65c,false
11ae73841e6d8d18,false
28b8dd9bbfaeaa11,false
278cbda2f9515895,false
26b14e8672ff5ae8,false
09ddb2740b513725,false
113c281fb54bcc5d,false
2d6e7d6eec937f38,true
009affcc92d2f5a3,false
25466a8a4dc98450,false
0c90e891c10b1853,false
2b41b208efbba16c,false
0fb91739a65afb9a,false
2931a6d18c480ef3,false
2781b3fb2a696fee,false
1f23bf759b1cdaf0,false
1f2f3fa9ac4cd391,false
05743ae4aec3f0dd,false
1c9b8d76588f9ebf,false
13fa79023f481f39,false
0d7b83c2bc2b3b8e,false
1373b0eda2622840,false
2fd7deabbff41ee0,false
18258651b0853af3,false
232b1253a77ba676,false
31dccbcb4f2d9a92,false
1e3dc2f5378fc2ff,false
2594eb3ef3484f02,false
140f9e3046d31725,false
116af1f1b2fe8393,false
220944c403f0c99e,false
0b35b2885e805aaa,false
076ec1e86f7b1c91,false
069269cdc7756cff,false
0b1f9dd8858a2d68,false
0a3d00505dfd2130,false
17ac46cc79ca83ad,false
01eaea588ad95471,false
2d8a96bc54a26413,false
32a2cdbb8916abab,false
1478841f1aa132ff,false
10060bada2a5b443,false
213040130c1d1f5e,false
13cceace15ce6e12,false
1d78c859e27405b0,false
1e30b6f4b0105f9b,false
26c39e725bed4312,false
0b2060cc7e5cd007,false
2b6b87790b838836,false
25d756f25b626b9e,false
329ae9a057b9fd36,false
2ca042d56a1e2ddf,false
08bf0be4cdcd2630,true
299be93781526dca,false
1322bcb9a914e49e,false
0e0110b0d144fe88,false
11b2501ebea780c0,false
10499fe02365e881,false
2569efc2043e9ed0,false
1dfb9def46011dc1,false
222e6071f4585352,false
05a3c5168cb0e58c,false
12474d36826fe738,false
0f82c26562953976,false
092f7827ac427566,false
327c97cfe377e44e,false
244717cbd8536e4f,false
250d3f1e98dec897,false
2c355c6e9ac14773,false
2e6b3f4c575dc589,false
14e9a5994bd1ae20,false
24a309987e446a9f,false
0079a1e1b7303daf,false
21d15fa1f8450bff,false
2b586a1fbdbbeec6,false
0409eff64261fc33,false
2091dc448babc413,false
2265365db3789be7,false
30e648cd06224866,false
0cf31641128516e6,false
2054a11e6aaf7933,false
1543d2b3b73cd3b5,true
02f86b8be39beb26,false
07ab9201f40d7d6a,false
28d743a79f079e80,false
2fffd6b918f71a78,true
108cd1173fed840e,false
28e80cc6cd9d5cb7,false
1e5ea9fbc2ede084,false
04b3bcf17ff9ea5e,false
2f5b55d903f4c9b7,false
271bd093430dca66,false
1e2624d1bb53d3da,true
04b66149071b3652,false
25529221550e9e7e,false
2d7a27b2663de6fe,false
1066552c9142ed1d,false
0e7e83cffeda6da4,false
2339e631d20002a5,false
13d4a3b2819464bf,false
05a314d8ed8e3aac,false
109a8373b79cc1a4,false
14308ef149436236,false
325722c7e2cd6697,false
0985a606ab4685ac,false
0f3a96704f9d05ab,false
0bf5c598d7cf9af3,false
041e9146e599979f,false
308a6e73b86bb11d,false
13dbfae28448ec3f,false
282025cb53ab9cbd,false
2aad74b7d5e87e31,true
2e780130e57d9e11,false
0b953af352676792,false
29dfe089d03ac401,false
07d0a37a50c444d8,false
0cab18da27742be0,false
111ecd1e3d8c774c,false
294bd687141ca92d,false
189b1fc33764a0e2,true
1337f3aabdccf127,false
14af098d339b4e21,false
3237a5ebcec02a9a,false
0ebab30ca0d87606,false
00548a3274890652,false
13142846b56e0825,false
240016ef89dfb9c6,false
14bc72c438953e16,false
2a7b8a025cd93c65,false
0bc45457b82408d8,false
0a48a52d9a679220,false
024f43ad5391c711,true
139d8a109bab224f,false
1ef3e8e60917ac1f,false
2a370d172a5848a7,false
2d24177b657b6927,false
32ceec0ae7396054,false
239116663d2f9905,false
172fbbbb5d2a6c3d,false
1085b566d8d0fdd2,false
312617cf3406eb1c,false
00a25af90f3074a5,false
228faafb6150d38a,false
27a7562d0700d338,false
1fc68dec5b9ce15f,false
0d98b4082b437756,false
12de7598b86191b6,false
2c13c99723a384ad,false
0f96c77c741a1c99,false
29ae6655bd66c405,false
2d2721776392b8e5,true
09d3580024bb5411,true
1e3a803513850134,false
0614ebf58ca66dea,false
2914c04d98b00c30,false
20edc2c62410cee9,false
11a592ba78d60264,false
2b8aff3ed51acc04,false
1c9c872f979ebe76,false
131d71c2b49e2a81,false
2dfcde8227d1ecc6,true
220de2a98f5dbc5a,false
0998d5b1ffa91878,false
1c82a6e5e5623d80,false
231cdff2ccb93148,false
2046601556569060,false
1b8954cc866ed756,false
2e5ba23423d52bfb,false
198a7c43f020f81f,false
0ae0cc8ec2702987,false
1af2b2e487e7ef3d,false
32e025ca9d2086ff,false
21d896cdcb133923,false
1f6db2cd1b669a9e,false
141e3fc0b2a22615,false
22deedb0c7304de4,false
00ba91fdf564fd26,false
0065177118f4132b,false
1d309d92e321095f,false
12edad5069de266d,false
00fcda71842e1813,false
118d1a1dab61a198,false
146135d9f6ea8b4c,false
04c79a1f7e059850,false
0650b897e65c5597,false
1d22be5151f91e1c,false
1a194857603f7ca5,false
0988b84d5f0348c5,false
037511b7acdf80c9,false
08c83913b19d9c4b,false
30fc806339249430,false
19d4edeceb7b41b1,false
248594e9517aadfc,false
2febb16e2d5ea60c,false
1322ec3ff268674a,false
3150cb0e1faffe86,false
22ebcabfb9a48cf1,false
0839ea2aa05d2382,false
117a7df9412ee6a6,false
29ab9750c624102f,false
1e85c92ab1ffe692,false
169953e112c63e26,false
27ff4725491cf957,false
0938eda08d9d7aad,false
0001d50e70ab172c,false
214e4f8efac9d4e4,false
23af36070a9f9d41,false
1cd4fe2b1c07ba18,false
2b696993757afc69,false
2c06b5b61ed88c1f,false
0393f6307a847100,false
0d394403bb921812,false
183ffe9639a1ddd3,false
2e02ede4cc042137,false
306a794c40fb5739,false
1e42ae9a940a5e73,false
116bd2caf90320c6,false
2bdb902373870ac4,false
0a9927fb525b2403,false
1b38dd3b10d02c88,false
1b69eb5f2d25476a,false
04e23b48892a8682,true
133c51ef0b620587,false
122f146167e57de7,false
0dcee2eaaceac7ce,false
0ab057388cb5eaeb,false
12df86e3220a7429,false
1c8c5e0cd0bb1d43,false
0714ead9ffb55d73,false
2566c90ebb94a218,false
1214facf1ee2a221,false
05d4455a7af24678,false
2f1d80743b4be64d,false
311bd636b88458d9,false
27cd5030cea014bb,false
2647dd9a05ffb195,false
0493507b3934f4ca,false
0c80c24d54337aee,false
2d3263226a165857,false
245663c14f0ea11c,false
0dad149f7999702c,false
175264b17b9355bb,false
27d8d6ca70bcdbc5,true
1489af0e72c5c941,false
1a8c33b2befcbc8d,false
0b5f180073650cb2,false
0b38e4a3636086cd,false
05d6578e744e46b6,true
0247e1cef150ac7c,false
128f45db954cfc5d,false
25419b3b51606e39,false
2045ba9f22d0f01f,false
02cd542e7a9f19a1,false
1f8017c426f72743,false
1faa26dd33294adf,false
2708927d3e70ceda,false
17d3fbaf828cf287,false
2e610d4d71329b64,false
089b1216877a31e6,false
30c18b47db71ebb1,false
114733d25e594807,false
2cbcd34a013e40aa,false
17441496e1a2fdd0,false
0a3e5d7d14682ad0,false
0f4af7fd3c01f741,false
2d324efc504ed697,false
0ba42ad81698aca7,false
0d732dcacb2cf70d,false
1e0d9032f8f492df,true
010495fc05c14c45,false
30e321a1175fe1d7,false
1fd75c73a3889283,true
0878f8ea75f3904f,false
163b5c8b2a09133c,false
1d841193485a96da,false
0c24eab2485c76d9,false
2fea220bbf5a736b,false
159d4630e8856e0e,false
1f0bbd5041ac04d2,false
0fe1eb9701d0f9f8,true
01a543a5cff6c886,false
1ec5e508b9217c9e,false
21510c4188fb0845,false
01e939323a0e8651,false
08336b784163892e,false
0c19370abc233320,true
265f398e12fba4d9,false
27e924b795380d03,false
11a99bb507ed51c1,false
0a64e72be6c29b86,false
0c38ef711ab0d0b0,false
0fec50e35f1616f0,false
27a5fa519d883dcb,false
00da123a74e1f267,true
1ef23c276dbb7ac6,false
21d19f5f39b84152,false
03c82d4b50f154ba,false
0b4e94b48047b767,false
1b1f838e830df806,false
278efd1fe07aced3,true
31214eb06d80e14e,false
1298f95221a995da,false
241aca552d08f09c,false
1e574ee58e7021db,false
0c639978bdd588a9,false
1dd0687988f23d4d,false
05f89ffc15afbfd2,true
2544ed66125d2b62,false
1d3c3fcae45750bd,false
0e071f10da0e25fb,false
14f6b4d5cea5237a,false
0e7970d938d9ea11,false
102997caf80068c5,false
0df7ea34328980c1,false
14394ad7dd69472f,false
19563b3e1275f7d2,false
0d68fa0b15372b4b,true
317194d8ef66a4ea,false
1654376328315c45,false
22fc01dc570c4853,false
00512ffaa3eeef6d,false
298c0938aef9ccc0,false
02f681de2a5457a9,false
0d15aea418577b3f,false
0f843fe0649c3df7,false
1848ea754df48f65,false
1b83d2996b41295b,false
014b64c738d5ea11,false
2fb28561365e6361,false
23b122ed2a8ff722,false
20ea3da34bd06d65,false
16c2642001c760f2,false
02ad4c73ef060076,false
10a37ed6f0722f43,false
280faa6de9a1f089,false
23ed116e5e7009a2,false
2d8591e8e6ee70d6,false
19d2e9ff390c264f,false
1e5ab92bd90167cf,false
11073379a0b189fb,false
2a8394850c915d20,false
0108370337be42c6,false
2c0c97677781e231,false
208668b62834cc8c,false
29f85e819b569f34,false
0bce405161b3418e,false
09bdd761ae3602f3,false
10f66b7ca996a387,false
1fdef62d7bb249ab,false
170d3fc5f40e2495,true
293a347b0896d366,false
1a1c4ed230229028,false
2ea44e092171cdf8,false
2a33bc6b59e1d6c5,false
12d5f573fb5b3d4a,false
27bb054d9322491e,false
0dcbd2f900201525,false
27138533de4e6e14,false
15b0683f49123672,false
24797f9b5a337184,false
1155334635b85813,false
1198f06ce4e7acfc,false
1c43b069a8f2633a,false
0809c8a821961a9d,false
1dc447f383ca0ab4,false
174af3573317017e,true
2ac564981316b84b,false
088a0cb9815e8fd3,false
1cf7b553ff5b5c49,false
203208ba39ebcfa7,false
08f3316927d8afc9,true
11df1d522b3be6f3,false
067acea50b44cd50,false
19da9cc9e521b78a,false
2f8454a256578a18,false
228d1bd9396ebe7d,false
2802c6f922de7358,false
044a476d411e3932,false
12ef42e296013f27,false
0faa81ae205f0397,false
01e5c2398ef8cd9e,false
0b08f1c29e2df840,false
0e37b61528807759,false
0944bc3adad1346f,false
0983625b4aaa9fcb,false
1a08a4476c362919,true
0e530ad3f691ed19,false
1d321217ddf60579,false
1b0bb2ef86d5fd08,false
0481eaf1fd50394d,false
0b02ef84f1172c1b,false
2b3fba22552ebbe3,false
09a5e67c439155a8,false
068a358132f7bc58,false
0020583beba175c9,false
30e8399e85d77cba,false
060c9720ea616513,false
255658405b90a75d,false
0100a68ad17dbe7e,false
1e158bad7c08ed83,false
067f52de324da807,false
0221171c5ed685b2,false
27c023cb697d809b,false
027369923f757b04,false
0616462e74b517ed,true
119de8315979b616,false
2026b7145e9191d2,false
321384457ba92d5b,false
1b815f172759de40,false
31037ff7827f66a0,true
00d56ef45df6b654,false
09666eb154b8ff54,false
1672c962a7c10693,false
31c5cecf4922b72b,false
01cc69d501aae280,false
22d98bac4d5dbd39,false
1b5461450819bf30,false
0c917d7435545738,false
18b6ac0752f56921,false
22116af2e52b9e80,false
0eedd070bc50b0b4,false
32d768fc7f94d5ed,false
2a84b453c3e9c0ff,false
24e1fb55f766dbab,false
10bf861d38102c59,false
29033ddaf7b2edd3,false
06634fa4c5a070f4,false
0c129e4897787bf1,false
2d2634026800099a,false
317c8a6807035bdb,true
148ac79862af5b49,false
127cf24a57d06d3f,false
108aa60383db2c81,false
1231f7681e410764,false
14624987cb2471f7,false
2f05cf20897a502c,false
225a71e0b8c69213,false
2b4cf110056f5236,false
1cbc933ba50422db,false
2ff2dd95ee809afe,false
05657cdb81c78a84,false
133cff983592f052,false
1ab01601d87a217e,false
1692966adc278919,false
09af57a1f51d5659,false
038b7f869c4eae30,true
1d59327502928345,false
170bcbffcce9cd61,false
02c47516edb70b87,false
2f55715a36ea070d,false
080651359c91dee1,false
20376d115a013697,false
115c1a0f05dca471,false
1c866e2c3a5fe236,false
17d1626eabc6b4e5,false
159b84cd708782a1,false
143ad490024ec0eb,false
0f224299733f8013,false
2b69ae7ace32fa19,false
12ff4b64d8395895,false
2dbb070a672c2ed3,false
2fb1ae05c1cece06,false
2e8fad2eedb9f3a0,false
212d632fc59f395b,false
2f86f68c3a500a3b,false
02e9a88ecc6c5ca0,false
099670c0be81bd61,false
02b13adf7890d920,false
23cfb432f25591e6,false
1ee581e6f9a00067,true
2923fa1a15e263be,false
2318acccd4a3759a,false
0555a3a5309d138f,false
0b9f09787cd9101d,false
108913fcaa768fae,false
0a0fdaf66ad8ffb4,false
1db676872531c9ce,true
1e82d3d77c20bf30,false
240fff3373eea102,false
2132fa61cc1c6773,false
0511adc05ee0e974,true
1f7701f74852a2fd,false
075ca10d8066a30e,false
1fec5007515deeaf,false
194836cb7c19417e,true
11e1c93d8db1e38c,false
27cbb8541cc9159a,false
08cc8fd7df1ff2ae,false
04471300da972ecb,false
0780ee687aac263e,false
1d8b2e9a81ad99e9,false
07c7f424da7b327e,false
041362af2c31cb94,false
2c4451ea0e858c4d,false
1f87f24664759e5f,false
0980676b69f0f5b1,false
026549676700b607,false
0f972e08c089dfde,false
01d00a87c1c4b8e8,false
070a75966f1eeaaa,false
091f5f7deaab4b52,true
3027b5483471656c,false
19a44281cdaa686d,false
133641e63326d13c,false
186fb3188b7fa8bb,false
32e04bf6499e02fd,false
2d332b2123fbdb61,false
0e5709a6d87bbd73,false
0ff2bd2994c7b699,false
16d103198e5057bd,false
2fe1d7277ccb6344,true
2608ff67fcd82f8e,false
287f32bc2861c9d5,false
013472062a59678f,false
10f5c0f121c3c9a9,false
2b33c5474c7faeb0,false
15b9dc0ff84794f5,false
203cc440aea9cdde,false
266b26711e09e9d6,false
10ea1a87fab58cdb,false
3164d6b4acc6ab24,false
1490842979257396,false
1ff5da3b82d91e92,false
28e089d99cffe131,false
0de7b958fbcee09e,false
31582353d16c2951,false
230a999cf98f791c,false
24d73c2b01f95bbf,false
31986a96457cdea0,false
178ba86030e26978,false
0bb5b6849d569d27,true
18005b474e786bf6,false
01d17a77475dfc0c,false
16eeeb8f4a30d990,false
2601bbf67ee6a183,false
0b6e11e12ba1c200,false
15144310b813a731,false
2dca3e2da9e6cc12,false
040f631b557f55da,false
1d157c797c256e25,false
1af5e5a8a7f33878,false
30c65a9c1209cff4,false
0559ea3bf297fbe9,false
20f172406756fab1,true
1cdc9a204a2ced78,false
1882d3d275a784d7,false
1bba42d3af0bde52,false
28dda34dc12ccd3b,false
2cd7106ae504ce15,false
162ee79273c3e80f,false
0718d251245f2269,false
004afd7e1f4578cb,false
16dfdccf37ea2342,false
3314d53712f8087c,false
1c64f52ccf8ac2fd,false
0754de60e1bbfcd1,false
0f1f5f230e9192ad,false
2971978cc58b77e9,false
072ba142c18596ea,false
1e56e89075c2b0a9,false
222db8032b103c0f,false
038c6a6c0274dbfe,false
0fec5731ba26405f,false
24d7d4105ca0cadb,false
25b4fe8c8be2b67f,false
1b7f799a351c10cc,false
0c0df86426dfc560,false
26826c7ae30947ec,false
073f425d5c7ce88a,false
04b3ac7aa33ddeb5,false
1a1bbfc2855e8b35,true
018e65face88c5fd,false
26e127842338dcda,false
123456b960bf924c,false
2b715c455e101201,false
0063ef920a15c47b,false
121a10bcfacb4f19,false
2d4e6c699ea87665,false
1c25c1e69a01453a,true
0bc6e4f5810e2c05,false
2198fee70775b1ee,false
0c139f07a1452148,false
04b7ab159ce8b1bc,false
2b7a9aaec68e7bf3,false
0c646c0e314e7018,false
025eab63fe8426dd,false
323151cce203cd2c,false
2a67b6d483c38dda,false
1076eca8c2cdc819,false
2cebf27f4f670eda,false
22ae08d8bccc1748,false
03316a2af1c71ab9,false
136dac410b0a41bd,false
1a4f61a7238db9a2,false
22d846a383dea658,false
13f77ecb0f54f4fd,false
07a787d72741a44b,false
1221d8c727383bb1,false
24c9f5f2576530d8,false
02b4a7cdc3a0d393,true
2827522f10f0b149,false
1e2949b867635661,false
27605aef1f80cfc3,false
1abda9a4198fc32f,false
08123324fb50121a,true
1adf741957007b42,false
0113bf15373300b8,false
295b15f78afc37c7,false
1ee85c176ff4126a,false
2381c971fd161a89,false
00648af42f9abce1,false
23f49a175628e221,false
2a8e41ee96ab40a1,false
0985b14b1e3c4d04,false
12984db09e31e877,false
1b7640c31ad73363,false
30f681c866c7fcfd,false
281087e1a9a93663,false
1076e0e15e81b311,false
2c2e283ee2530f91,true
2dc417a3d601bd48,false
1d6b1109c129d95a,false
10265c9095f12d21,false
139a7f103e4ea1e7,false
1448e2540a1fcbe5,false
2f6cc7dcc1a44bef,false
0819ccb90eac38af,false
2b50ae018715ab95,false
1b1d1756498dfa2f,false
258c7514af4e607b,true
14efd34230191f82,false
18c799dce60a328b,false
199b1497e1a27385,false
20bff221ea5acada,false
0c09b5a44d517fcd,false
14f896c7b93c68e0,false
2631abaf82a68734,false
2b4839fe4737fdf7,false
2ba41201284b22e9,false
29ae9aa4bef406cd,false
10cea30f0ad5992c,false
259fee509ac98553,false
0d8b04fd57285f19,false
0426258b3f9d09f3,false
0c9f65a98323355c,false
03947f9b0dc0142d,false
32ee4ebd600e0d98,false
1b71eceb7071f75a,false
30f9158934fdc9ad,false
0c971708a628555e,false
284a0b03a4361515,false
0d96a726941f4cc5,false
3115f95f24df08cf,false
2cd855e69ad82f4f,false
2e3517628482a785,false
08271ab36e814ab8,false
0f26a4c68125935d,false
1c8b39d7efb4a5c1,false
2456c1e05133a949,false
311864d979d3acf9,false
32d2ee107b1e82d2,false
179724c709baf147,false
07f8f53e5739d6b9,false
167f97c18b14d09e,false
2fe70eb6c19b8e3f,false
052acf53167ba392,true
3055c8ea6e4a7e20,false
097e2ac9dc4bf872,false
074c86db3dabc7a7,false
2849dc9b6828099f,false
053fddda91855d66,false
19940551c50335d9,false
10302ca53f9b1154,true
214ac0d2dedd9401,false
1053c2b19deb5353,true
2201d58304c5a14e,false
32628dd1bc618181,true
0c0bfdeea8cb2690,false
211ac43f5fb334a7,false
249c9e6692073fb6,true
2115f657281e1906,false
14aa29b362629a6e,false
2ed6c3777b557d0d,true
29f68fa6dfb7f80b,false
1fe930972a3f2c2f,false
1201999997242b0a,false
2b0ded98eefc851e,false
0a1794fd26d76835,false
0220d977804413c3,false
1074ed20fd85df2b,false
19eedb22676aacba,false
0373a161a0f5e9f4,true
23594725511e488d,false
190638ac7c8ceb10,false
2c58a5bb6364e010,false
2e7bafa1cb437807,false
0bdca6febddc6a97,false
158e3b3f351a760a,false
1f8633b02709c372,false
1214cb2ea7e5988f,false
06cbe480c4684949,false
14de94afbeeed5ec,false
2d3fd11b549ae865,false
1f1094cb25d5f0ad,false
045b0b96bfa77193,false
0becc3e3e24064c6,false
141fb6d1bb3614fb,false
10284636d9addcf7,false
20ca09ab3af8e1c2,false
17e4b651068f8295,false
0085510ba30f591e,false
05386dbaad31adc5,false
3108264055038e69,false
28a39c8d6fdbdbbf,false
1b73051a03bbac77,false
12eacd10f3eb6129,false
1ed4ec27c2b8ed8a,false
24c2cde0f1aab6c4,false
0d813201261b1c82,false
125b30a48ad59238,false
108cc58e6bc32d0f,false
32756c41d569b174,false
26f773b39d6edd58,false
2126f799631c9fc9,false
150534af1353c815,false
28e2aa43877405ae,false
262b1f9a9b47474c,false
05e2ea538787c7cf,false
0bd2d88de142cb3d,false
0efeb1346affd897,false
0326a0e8aa827ce4,false
211f49eee9530d02,false
2b1ef35f75b8b3ca,false
303cb6160775035c,false
16e87aa1c0a12229,false
1820a891fe592d1a,false
2e7e6c44d1fbaf7e,false
0b54ccaf1e3c60a1,false
29df33523e6d093c,false
3022b18d9a6422ee,false
143fd8c456fe20dc,false
016bc56b11d4b359,false
15ae731dd5a7db3e,false
29ca406069527475,false
2f1d31a990aa618e,false
2a00263c02f28922,false
28def225e994860e,false
2ec3a6a36c91eb8d,false
1143aeafc3de2b77,true
0e90f1e9941d07df,false
21825e3eec46a674,false
1aac6294a925385f,false
019bb89e5d17d24e,false
0c1b0334fbdafaa4,false
00f1b4ca080843cb,false
180b72c5b9dd1b28,false
23bcd50ca240bbab,false
0b1f72cef95cb3f4,false
246be70cbf7f111c,false
09f9fc0e852b3f78,false
13cf38652809801d,false
27e8113a63e711d1,false
069f1e2c7de81949,false
12dd067e1b3088e4,false
303c40b6dd86d144,false
15a9a58941d831f6,false
10c0ce3afedd28c1,false
0d095a841ae9172d,false
23e7ca00a162794b,true
2d6f630f34ce0a4e,false
31f1c33fc0271e2b,false
08fa9dd59388d598,false
12d6ae17685470ba,false
2ca4475ebed2a91e,false
0fd869bae892d21a,false
2725395540397491,false
1c7900e6c07d6c0a,false
20e75cb74ac2876a,false
1074258d69282745,false
2fd9685a2f27cc87,true
198cd3f460d91053,false
29317fc20d831009,false
32fb3f858d551918,false
1414c8d832df1b8f,false
0c22a5ad8de008ef,false
2c3830eb65f03ad7,false
0c0c4bccb5a77848,false
06b90ea019622dcc,false
29bdd4904478e1bb,false
0b9fb10485144328,false
08a8d55f587ed352,false
3146f8d2c5af4c16,false
0c0617e3594d07fc,false
1d0ec27a0f4374d1,false
1289f7acc3adf7e8,false
21b45cc6c4e40e95,false
0d4a17ce622aa949,false
1b6e563870e98b71,false
1728138c96a5b0f6,false
294b45651bb0a801,false
05c814d6eda4e7fb,false
28d47c5b8067b20e,false
104340b9f65f7357,false
0e45e35b7801807f,false
1068bc4a8d127b34,false
091107dba6f26515,false
106d6182adf46776,false
02d11963e7cda1ac,false
252b19c2273b4d6f,false
168e7c9ce292ea82,false
2533f64727b07256,false
2dcb5343c09b27ff,false
1ec4db1ff6438442,false
2ab2e665331baa77,false
0dc77b3f17b30b48,false
312facf354e984fd,false
2eeaef978f40a272,false
3254f378f729899b,false
13c5e09779777e6e,false
04388ef651a0e3c7,false
29e70fd42ee9ddf3,false
0a8a6abfee468bcb,false
15b1c79608142915,false
259de9399d3c4a34,false
2789aec64513f8b1,false
2b0f5f23b4a240dc,true
04c10cfd244965e7,false
1554b50041e77011,true
06d427c34095f954,true
0a47a3ab0be5d8a8,false
15b861fc2613ae34,false
2fce2f19a3c0ca97,false
0037641ed0aeaa91,false
01cc0b1e0354edfe,false
08c956ded0f13f58,false
15ee5ad967903c37,true
1f2e1da435209123,false
26a05f0f45bd5698,false
2db71a2c92df4717,false
18492f694c1f4b52,true
01213940f0687733,false
01a69ab310f1dfe5,false
3317ad848e6a1f31,false
0301350dc565f5e2,false
21d25b3e92854885,true
093f1cc339b1b917,false
057be87b891132b6,false
05093d11099d8c18,false
26ae1dc9548c03e4,false
10d04e010e5a676c,false
0e35c1bbe2346e8a,false
1cc85ffaaf40bce3,false
0b83cc534f8eb537,false
27a08e82c1f75d8a,false
12016fd9c6013cf4,false
2b7c536c43e9d27a,true
230fde5e882c1416,false
0f64c720ae2bd855,false
11ee20089db3498d,false
2c1f77b8415b97f3,false
176ff2ec4af9e081,false
2655731a6f9ebc2c,false
26840bee3869092d,true
265941b68239d3b7,false
09394e6798aa8fd2,false
148fb054f9941336,false
11081f176b09e078,false
31b2a43a43dfd762,false
2f9d9e4147ebdbf4,false
0641822ae1bdfcab,false
2c10d6bcd35c9c56,false
00d8fa8deca69595,false
13122e61eda581a1,true
20e9095cf7df0d04,false
1891b4af3a8606cf,false
327cdf6ce16c8a58,false
2882bbf34aadb138,true
2efef6da0e60e86b,false
03bbcaf2ed180266,false
2e156fae56921ae3,true
1f08b5e5c8b5f01b,false
0accc06159fb5ced,false
1864b622c5bd9640,false
24202c24a420b7b4,false
147a34f4a0f00cd7,false
1b6ad3fb6c159e0e,false
1f90ca1ca0ec3659,false
22a30f8d46db5fe6,false
1bc2853f78b832ad,false
28849b4140eea948,false
2d51b8a0a6c1c8d2,false
082da033a59cce88,false
2023d93dfc97aa35,false
06bd723259140038,false
09524ddaed3c739b,false
0dc2c25bb63038c4,false
21d0512a978d96ef,true
286f579e2703323e,true
23de50f5e8dfea00,false
053c8dfce37c6160,false
1a4bc6f7a8b02a39,false
08a5c4f373b8d495,false
0246c0d42c80b07c,false
26f8c8befa4fdb8c,false
19c1645f2e7ba69c,false
088597a0721bbbd3,false
23b9858c4ee6b38d,false
14405e5b05496dff,false
03cc974f5e9bf27c,false
0c76142badde76d9,false
047f69af47d34151,false
1803d5ef0dbd3914,false
188100f2a2b1b525,false
09adb49d3ce82d17,false
06a3b9a40c86ad2d,false
1f899221348d8058,false
00a1baf4edc507c2,false
1745447d7ab71e71,false
1fc4f66202b0242b,false
22fa853dddcd7286,false
193c525d23992cf3,false
21a4baf07ce65adb,false
27792c175da44971,false
145dc0cf7b69ade0,false
132d23ec4a732c8f,false
2a98895d9c6c181c,false
1d6a92e7ccf6c8b9,false
0308aa1008774aea,false
000e80101930a12d,true
1d5de38a8dbf707f,false
0e69468ec0742aa8,false
05b3463048104576,false
14b5865f857ad287,false
21d2c81b1c6ad434,false
0181c8a6236b8337,false
0a6ae737db28976c,false
17343d70d863f15e,false
24d21ea4b9916838,false
2c30d3bcf5a46cf6,false
047895bc5f3f2b35,false
10d631f1f817d0ec,false
095c97b80f900eb0,false
009f407f02a2a4e8,true
28c00f055c9b95db,true
051931004c02483b,true
1ae131f5dd47075a,false
1b91d82424c3fdbe,false
2e786d198ef0f573,false
07c85bf9b25b7be5,false
294a13a99453d9d0,false
1aec38fdd9ed611a,false
227bcbc6787e5519,false
1f08ac0066d2fa10,false
329af5b12f9e0f5f,false
15b7ed61d44546cc,false
15558b8e7698b17f,false
15355828d60c4042,false
051bd76229c6ef13,true
2e13d7cd69962a86,true
0d6299f3f378d33b,true
01ad6e8aed042695,false
16ad078d953340e1,false
31248e51a6e8459f,true
29fd5b0dbf0c38e3,false
11eb6bf2ef750124,false
26ca218b91ea93fc,false
217d4e44d865a1ea,false
019747f4f9ba1f31,false
2ae1857d1103142d,false
1bf0ac4ceb13220b,false
2157c6bbce0a5bed,false
054f99c7e52e83c8,false
152a8cb47639ca1e,false
287fda841d0dfc1c,false
0918495c8f9f73cd,false
1f670532660271c6,false
13744098e982d536,true
32796eb57da16b60,true
217fe4341191d0ca,false
11c5e3e6e9d3ab51,false
0d11afd83d24419c,false
221da12f5f543be3,false
27d7d1087ff1f1cf,false
079026d6b5c7a971,true
0afdb56f638f4768,true
078469d6dbc31b67,false
24de7ad62f468ea6,false
1dc0bba207418097,false
22e3093593a09b3b,false
2c6b99e2a2c6b586,false
14b7bf91ba996b3f,false
232f038cb4fe0305,true
0dd3d0f4707bf6f1,false
30540be8e8525b17,false
2354cb1da6b5ef50,false
324afc614a1be715,false
29f23a54f007fa6d,false
1cc7f7a584daf149,false
03ee01a23fba3d9e,false
26de49b8069edc82,false
33100f0c2e860907,false
12f0c410bd5b3b94,false
0ab1657947f28943,false
19d84755fa3fac26,false
0726d3ffa01aeb50,false
08d73695683536db,false
2379e26708e6f9af,false
0707ad7ffb4e95b4,false
0a706e6d8976626f,false
0208addbf364a8d6,false
23cd0fe4fbd47945,true
20b6be7e3964d733,false
1560764ac18e0bee,false
260a1be1bf85a8a6,false
01decde15a28617f,false
320521afa951c094,false
25b33c8397244754,true
028a606eb1130722,false
1dbb2815fddda8ad,false
157d93b766331254,false
2cfb39c9e9f2dfb7,false
070f15d41d0fb37f,false
0b6ebf4170e5f9d9,true
280d132f997f4f61,false
2b8ba0f2d59db184,true
0ca754a8dd55116a,false
1a46c9b886435900,true
1ec5e987736aff37,false
299b9e9bc5086bfb,false
08a82ddaa4f6a60e,false
1a89a29c581ca22a,false
29f4432c1a49151f,false
2c368dd5c44e2925,false
0de5cc4e5f9c44d7,false
03222e1e254b1763,false
315be2e64b90c15e,false
01ddd996c77bce6a,false
0a5591d06134dc06,false
18fca77673d9a26b,true
305f7eef4e8198b2,false
12211698fa465c5f,false
142cdefb50ee2394,false
32da707ca9795554,false
1ea49147c7f9e433,false
0981466c788a37d5,false
1bc59347970f3a42,false
24f27d35ad230c76,false
075d4006519d86b7,false
2f0accd7ff78cb8f,false
28b72c3bd2e76176,false
26c76b9b7c7f4e4a,false
05c8cdf5d390b966,false
11dd0b202afb9838,true
0c25ee4475e11816,false
310e8b491552a708,false
29d203497b22ad71,false
0ebcf8d742e97437,false
32c1ce63ed82d09e,false
31894ae9a9b946ab,false
1b359a378cfb621f,false
262c12b9ff75e7d7,false
132963fc209abef5,false
159df71c66221efb,false
1fdf277222eb504d,false
2a718fba153ac579,false
06b415a4fd6bbd46,false
12aa1f08df5113d7,false
03eb339ac965c233,false
0c79f2dc2dc05a02,false
1521f70e4378f17b,false
114a4829f3cf6feb,false
03aa7211b81d76f4,true
141efdcab5eeb2ca,false
2ea9d4e8a09059c5,false
1088296f37445fa4,false
2bf689b3e1b69537,false
00649e695f3dc0c3,false
1f8173a788a3dd6f,false
0c06524ac5e0f702,false
17a0c551d4ef01ce,false
312c7cd0936c8738,false
150ac85ba0b17355,true
1affff5da1afdefb,false
3124f1fb350932be,false
28d38d95883ccf7c,false
1c78cad60e7d3e73,false
2acb487128b4c86d,false
30de2ba3c6c7d90f,true
2ba04b570849c691,false
07688953138e616e,true
1669350e439d43fd,false
089a722b38293870,false
12b33642e376278e,false
3158dfc72740455f,false
28e57f39ed0af1b0,false
006c6f0fa2380387,false
2f10e9f690f2ce94,false
180027d7849f51f9,false
003ba0e613475801,true
2c3b08f556f693d0,false
1e0ff05052247b97,false
1c399a46f9aab902,false
1bb5f123463c9bc4,false
2939289332993ef3,false
241955bc4e71e55d,true
040ef4f3c2477b8c,false
2d96f8043107fd77,false
093a090280cd8559,false
0d682090bba11dc5,false
014d80d6d4f48fe0,false
2a3fae4ae7f03930,true
0977603895a704f4,false
1abc7efb73c95dcc,false
0d8e457c0a33eff3,false
10b9ea469820174a,false
16c8d0f72361cdd0,false
002b9654873fe065,true
09686c3d54a993b7,false
303b2fa7499b3168,true
2278c969e782cfc8,false
163d3cd3cafbc765,false
0f30d596727326a0,false
2e37ae94d7026a89,true
01497bd84c008566,false
2f5bd58f2824db34,false
0e7abb7f30ff7429,false
1ff0c1f8b1cf6e9b,false
3145c0e6bb11399d,false
1e6584852fc1f087,true
27b395c54a715a94,false
235e69d640a59a4a,false
0a179ab310d38c28,false
2bc43df82a01c8db,false
235a393ee822c554,false
18cff7f4b1060eee,false
0eba0885f166ad3c,false
1da76fb7e6b0b87f,false
0b6bc13ee1dd21c5,false
195e1c61a41b5575,false
021cd4d260125668,false
2bff0735b9a14d03,false
2bff70c30d1a68c7,false
22f42d0bdafddf66,false
10934c7d85b1acbb,false
0bc22a8ddfb15625,true
23654c385a3a959e,false
01bf7c2f5c3ce4d1,true
14d74a80d6bd3f78,false
2b075f17b9b9c78c,false
2fb2abb248f1d2ce,false
29d6a4891f93505a,false
0e1e2fca178c1d12,false
0059679feff36d82,false
33091c9d1c8a9d67,false
30dad67dbef85d40,false
2ed317e5dbf13c03,false
31db90f8ff38df47,false
2c98927d7c59c940,false
03e20757f479ba0e,false
28f733aed12c0f2e,false
2bf04dcac867d9b5,false
0be0b7e2bdcd8159,false
1443309ebb4d7c42,false
16d622ccab65cb18,false
1471e017189c6521,true
06e588148bb69a6a,false
0b9cc877127f6619,false
2b5de0da0cb0d539,false
0fccfc9f10449e98,false
02738b4a1d6727da,false
1d74eee85df3db6d,false
1f2391b4b018f666,false
13a1330844964ea8,false
092e87cb7ba5db78,false
0f1968c04dec0710,false
18c280d2dd71192f,false
03a7d53d7a0103a1,false
312f06439e25e297,false
1984cfe03c35dae4,false
04357cc21889f182,false
15b1735164a07603,false
12c7524225000e05,false
23e72949d767b119,false
14aaa9b44cf8c757,false
20bdb6c17e449df4,false
226b163c9fa8ba24,false
0d0a1a3beb345358,false
0d46ef193fe011b5,false
100875098e7842bb,false
0a6c84d05b85b749,false
20df08b9bc0c846c,false
166eabf1cf9576bc,false
04d7e00bcab80bb1,false
25ed445e7484c720,false
31904a92db79d4bd,false
190f1e77947953e7,false
1cc6ef0a0cdea100,false
168fb2b2dcb4e787,false
2f09c5adf7accad9,false
13fa5008bf7525a5,false
24536a9088214a03,false
318c366dd142cb38,false
19f6b4bcbe8f91be,false
033ea50c3a4f26b6,false
2e805acbf1f7d308,false
01c7f18bd96fd07c,false
3103674ea9465253,false
050731d0ffbb0ed4,false
1c6a30412bdfab5b,false
2902505fcd5f6ae8,false
0e396aa1250615fc,false
063559b666754bb1,false
055c59b2b19d6c19,false
225a0537d7d1b7c5,false
0f7149b7549ed5c3,false
2a7cd75859bca7d2,false
00e42a36ffb43ca1,false
052218fc15d0b9e0,true
0cd0a2b3e78b6e9b,true
2bd02b5267085be2,false
08e3b69196fd11b9,false
05d9f593f1e7a913,false
04c2b11e32352ae8,false
0f3f44ab81f955a7,false
22b5820dbbfd021b,false
2694c6070349c9d2,false
306472ea95609fdd,false
25091f4c502961bd,false
29af32e53f03a7d0,false
27f8852c0e47c1a4,true
07b2bc9b441c9c2a,false
1e388777e58344aa,false
1aa78461e44940ac,false
1856df28e92f9b12,false
0f8164e5d19e279c,false
294af0c76070873d,true
0490c79171e47fb9,false
2810d657c969bc8b,false
1f9634eef9b8753c,false
2e40f92423ee3b9f,false
198d4c8fe89b6d5e,false
17db17e5b013a98e,false
1ca45de034b79a26,false
156ff9bbc5aeb319,false
2a95e4c944f3e53b,false
05aca94d4ba5f252,false
07ace3abb8a035ff,false
03e42896d693f967,false
1d14b6af7be35802,false
043389813244840a,false
2f69f47b36467751,false
0cc38745706daca8,false
3226980a1e647033,false
167a2c88e645fd09,false
07973a96ca3f11f5,false
14c9f1b484593328,true
25727170f5c58b84,false
03d1097891353394,false
22f3da70eed5825d,false
2678eaad546fe19a,false
26ea4e67b15071a8,false
3255ed2519000f7c,false
165184e62cbdea4e,false
2f9ffe30fd062a05,false
0bb93c095074cf6e,false
2ddfcff2e296c24a,false
0cbe6ca38e6398b1,false
0afa282f46c8a1ff,false
2c0a3c17193401bd,false
2d0663c4ab97f3e3,false
2510e671cd2a63fb,false
2d63da5c2b2d8e4f,false
2004343ab6a3c3ca,false
04207df4ecb6418c,false
0c443789eac462c8,false
0239855751eb2606,false
15017c7c02a7728c,true
1ddeb6d883374936,false
2e60b4ae9577e891,false
09120ad86df58f57,false
12d704e12b2e208b,false
079b1eac68d5aa7c,false
31be8c136a571f95,false
0823a14411634d75,false
1865b05984b8072f,false
03ff3f4dd100abda,false
17ee4bb51d56df56,false
2fa76017f649127c,false
1308aed56685113d,true
0e45f2a8bd9083e8,false
1a41df5eb9927708,false
08d8e90599cb958f,true
219a2a37a54b3c8c,false
1beb4f364bda55f9,false
287cf2d13349b5ad,false
195ba853164b409d,false
0374a8ba229032b0,true
115cfaaa4394860d,false
31c15a8934afec6b,false
2a7bcca183038702,false
21d3dac6482a050f,false
1a3a987ec8adaedf,false
15708cfb751c5bfa,false
1d097ffb33be1ad1,true
16714d4cf6eb4860,false
097be48a455c30bb,true
2e8a47b72a23c639,false
0122c3bfc1aad640,false
2acfe15eb7496905,true
01472676e259fc3e,false
326b315cddf18e00,false
1c0d37304a761e60,false
26e24debb6f4e964,false
30ee05c754580c45,false
00613e40381375bf,false
109d59b892042989,false
04e7fcf8b624eed4,false
1548b98decd39492,false
32188d848ffe33bd,true
33305238bd04e5d6,false
1d163e44934722bf,false
11bb12ea61450136,false
0d39375746930d82,false
106752b96b53b148,false
0ee1b8ecfd036db4,false
0c3d326c7e6312bf,true
19fbb7f99e062e68,false
267cff28e1cc219e,false
13dd2fbccfa4d5fb,false
28c6e803960bb828,false
330026143d836d9e,false
0938114e6f04a7b1,false
0d6a182baced437e,false
00146d1400aab4f0,false
1ef7db5127b849a4,false
0628d3fe16dc8163,true
22bd6a7cfda2b65c,false
112e55222917274d,false
12b554cf4b7c3605,false
00512f2537f7b810,false
13d2205e20329aa5,false
25a69e99ec60b07d,false
0d7d7c4e6108644b,false
28883c46def1f7c0,false
1a6e8b96b68d8584,false
089a3a391001ee94,true
190f969b0ba81af9,false
233263ccf7444f34,false
24ddace90c0f2dd9,true
19f7446c8282bbc3,false
24b557ff76db6edf,false
070a8f5da31c7a21,false
0341a5e864571276,false
2d9c9bd97db24bea,false
04626851277f39f4,false
1aa8ec11da6f16fc,false
29ea35a694f8fbaf,false
2a651024f9859c0a,false
01bcece4679551eb,false
15f70594ebf36e13,false
2d3688bc1a64950a,false
257b9a6e57b77c02,false
05aecc8f9c6b8f5f,false
22f53aa4ef957268,false
209089644861d9fc,false
0296f0691bd5890b,false
0c060c6c20f69a57,false
26d46cc017062495,false
050f09f44a29caa6,false
13ebbd8d7f977ea3,false
24d4afe0802f2ce0,false
31c73dc2401e9d7f,false
19107b9808b53900,false
06677701759278c6,false
168aa4f1037a10f6,false
101d115c73539ec9,false
2a03e0f5cee189f8,false
0f0762d1a69aaab3,false
2333b492a4cf2349,false
19af1f1550e9b275,true
26e8cbfac9f78b57,false
04fc9eb0f985d268,false
2eb6fdeef4816062,false
1409756119f223e0,false
17df13a1a1f8e9c1,false
10505bc87f259188,false
0618ec39830eabc0,false
18f54046128b118a,false
22b8849c1463cbb8,false
2b6c17c38083e83d,false
288e3a3fe3552bf2,false
0e5ce4b6b3e60e2f,false
2494566566e4c424,true
0ff6ee6625f78897,false
1dda3654df980d90,false
325f81b706a0b921,false
1e93d4b52e8fe5e6,false
12892449e3df3157,false
0596a36dc20792a3,false
068f446741f74357,true
0d32ec091b0dc3a9,false
0f977aa647fa8a31,false
226c3605bd106750,false
0c24682288573ce9,false
150cf538ee2e4be3,false
1f65ede2ee6b759f,false
0639cf6c93e0c392,false
248aa439cd47964b,false
1546e1497a23ee25,false
14f3d94a573b8d62,false
258e3c1ffbb5478c,false
3167f4bfe6f115a6,false
055f6732e6b8a217,false
04b881fa3a2eb6cd,false
2823b10edfde3a03,false
23d6e5ac8d0a09d4,true
158b7c4f8fd8e76e,false
0eb9d1ad99485c1b,false
2a330431e295f520,true
03f176b1c9692963,false
19248b74366f6ba4,false
0872331a43d4143c,false
167bb1b3460f5a62,false
02b01c3cd4bc9733,true
2c89f815fd920e63,false
2e9a668af35c58a2,false
13041215c67fbed3,false
307022e0b6f8c047,true
0458760347ab5ec2,false
07718dd8fc1cfb59,false
2323381d6372ac19,false
1521d2a736e5cda3,true
0f4013c4fda56a3f,false
0d7019a156f48e92,false
22af2f1001c3cb2b,true
05b57ae0d6e558be,false
0bf6e9d6302be009,false
09f71350692ed9b9,false
08df7e3ba7bd02b6,false
2cb5fa53e4b1e503,false
233d5ef59f565721,false
18539da477a34a94,false
2f3a1e851e9215a6,false
1d0ae07e3508db63,false
13bb45d2008ae4a6,false
2152b7ab51874bc3,false
050fac68ba2f155b,false
11374c315c2dafa2,false
3174fc954646f585,false
0d2ab8d159e9a0f8,false
0a8b098085f7d81d,false
13abb7a0518f232f,false
05fc8b2a8149e458,false
1b3d33c9179f0807,true
09841c86e0cea10f,false
244dbd2c7744dc57,false
1fd3b79fb72670a9,false
119865f48cef1b65,false
1cd50042baea45f5,false
2bda713a54c8229e,false
2729e03c0824d1bb,false
2530fcbfeb316261,false
24355f486812df87,false
1c672bf987f5961d,false
0e24b0d6287daeb0,false
099b1d854aa03527,false
106c94c0210d356e,true
27a8317abab7196d,false
129fc5e4090aa143,false
27bb0843a87ee970,false
0aeb025cffdf87f3,false
2deb074a66d004c1,false
090969ae7a6220a3,false
0ae3b735ab279754,false
0e8a793b4269b097,false
23599fcd2f720966,false
0036646e111f58d0,false
1ff6ab7d0cd6cbc5,false
1bd5b78c035cd7b8,false
1cec7b293a32ce36,true
0018e043d0b2b310,false
01eea1fd91864817,false
29b9a733ac519557,false
123414be93dc3bb7,false
1449e691b8ec11d3,false
18b203cfec684cc2,false
0481f25f94743613,false
2c77336248a2099c,false
2124a04f65722aa5,false
21db44fe69295d69,false
32532e574bceb191,false
2918acc2cfcc89f4,false
31a873f6f9df1037,false
2452427e88f9c102,false
064deb4be4fbfb37,false
2d3164b4bfdb16c7,false
00740927482abab1,false
28e1d270720ce112,false
300c2e315506e383,false
18f3e2f65b2d6421,false
1b941d12adead3b8,false
2b9f9ace91282dab,false
3083d5d99db428c7,false
22a8440fc4f41b4c,false
0f9f959f36310748,true
2e83425451bad912,false
324cdbeac0204f68,false
126ef64166bc4f57,false
22925e6450020b9a,false
1b36860a864f3787,false
0f49c70a923b1163,false
30d40981d2883b70,false
049ef14c1b5da01e,true
21e89255bc09248b,false
25b0537a1dd80944,false
15cfdaece3d568b7,true
11a5111fec524499,false
0f96c7c669c36cdc,false
009b8f45395e067b,false
289e0e595b45ae46,false
252105bd2a618f98,false
3225762398177fe5,false
20615a1cc94c87bf,false
018a9c95ea4963fc,false
158ab72a6ba4c665,false
12bd1b17a9c2e7cc,false
198f61d0ff5e3f66,false
07eb55bf1ba0233d,true
20111339bd32fa17,false
180d8e985e5870bd,false
2279807154961f4c,false
267e49e816e62194,false
2607141105f40ab8,false
2cb8c0529334f7f2,false
19327ac48bd7a80c,false
1324983be90c3cd7,false
018fc92328795b62,false
070ceb0364dd71a7,false
2d251c422fa8d5e6,false
323ffa729a6eda6d,false
29648c6c2baf05b7,true
091d3fd10ab9bb31,false
120da66296d6dc66,false
1bce040c3097dc62,false
01439da4f1ef82c2,false
26a4654600fd319b,false
1bfc44dbbd4bbcef,false
1dd942f43461f407,false
234fff119165702b,false
32ba9e7fc8f10173,false
102152d5377fcbaf,false
20c764368de07edb,false
1bfbb8d654958852,false
1576f9d744352b31,true
1a26ef38d477a5ab,false
2463b423888dec4c,false
05c97d330b544264,false
2fc99a0fc212d149,false
087215bf07768dc7,true
2488c62cda176cbe,false
0212f3da60f0efb3,false
1d26b604dea8de45,false
2ddd009effc3b22c,false
0b8923c8641957cf,false
02d22aeef2fc87e3,false
1c57e574095bcc88,false
1eda6d3749a43d1f,false
059d7019fe329fb2,true
0a5821b8a4260015,false
246243ba5d1a33fb,false
31ab4966523c2e19,false
222900a21dc3a1b6,false
25a6d6c78fb6f0bf,false
1874f533d7dff161,false
16cd2a1fc1c4088d,true
2776c5de416ee8af,true
1c415bb1d10d0bb6,false
221efd0037f1d510,false
091b2ca27d8bc362,false
14a376aa2040f935,false
2cc03c098577e704,false
301cf17538efed7e,false
25a793b52d02af75,false
1fceadf7230d0de8,false
06c76a4409ee908e,false
1be88b571bbbea4e,true
162b1eaf914eb8bd,false
1b4c72229040eef4,false
2f0d67c7e3ebf7dd,false
2a18233a3339ce88,false
179b56fac83a6449,false
147a3d2c64a3f8de,false
0a202192a99e525c,false
1f2c4e1c6a9fd268,false
00b5ee6d2f7e08ea,false
24a745d50a06b6c5,false
1179c7dbe1a4523e,false
20627e9ecfaeb9c7,true
0d62a59e45d0ed87,false
0978b10a31ff6d19,true
176f836da9d4e431,false
29c4bc48e80f8106,true
2b7bdc25cb364e91,false
31d41a5da573b5ed,false
1fe4b6100711df3e,false
009962e040ac523a,false
32b9f5ee306688f5,false
13c1a93e66f1b021,false
2008534d9b1a2cfd,false
2916762c77f5f167,false
11e3eb5f37b9bb2a,false
17b9128d7353217a,false
2513cd90954d0303,true
093dafe588eea1d2,false
1fe9982038fb5d6a,false
06c716e269709484,false
1b8b2ebde37fae63,false
2cf1c280557dc453,false
1482ae8c5bc6138d,false
085c79a62fb56f89,false
0cb9d22dad3affd3,false
26c802a025981ed4,false
1c5d2dffcec2c893,false
0445e421c0c38970,false
2360c6828416fff1,false
139753d2bdb9dbaf,false
1d8c2b363d250ca1,false
2548f510c85b8a07,false
0ad29a1098a43fa5,false
1046eed22707c06f,false
0aca82a199384f22,false
283f03d061471109,false
15199a86721cca9c,false
181dcd67b3aac9b1,false
087ab455577af663,false
16af0b1882214b71,false
20ff3d4e5bdc31fe,false
017920e460a327a9,true
19e4f356b9ab5c36,false
02d575357d71df8a,false
299667166a1e0fc9,false
1b26a78cd4014d43,false
0894fc04e4fc72c7,false
2a87ba1e0681d580,false
177738cad509d38e,false
13d5dc4f2f0d965c,false
03c1883a1d435a76,false
1e16d16a0a447289,false
20d6ba58e26c8767,false
049a0fabe93c80da,false
0869bbea5fb5ca7c,false
26be75e5dbff2581,false
27bad64a2a2d7657,false
310b2b2647b120d2,false
27330235129e4104,false
2df2e025a957daad,false
133d3e26710e0790,false
31c1e6a9594e1380,false
2dc8f7eec308a5ae,false
02782df759d4c639,false
018a2f5c0401175a,false
120659c0b525837a,false
1300b3b0718eb78b,false
1cb35edaad2e2065,false
31f8b5f7225723a3,false
17ec02178ec92d29,false
016f9c6fd5690448,false
3066b14e3681946d,false
23696f704aea4527,false
191303c52c50ad8c,false
248f807e190b1806,false
1fb6d895f75519f8,false
17e431888ad6a79a,false
020d422a0c0d0ad2,false
331533de012322bd,false
01582334e42e1dfb,false
04056f62d3d5d2e5,false
291577892fbce86c,false
16b4a2903c746bf7,false
1ac336780717f3a7,false
0aa23ba066c2d9c7,false
109c5c5ffd8ba97d,false
2deb8d6df9a754e3,false
0ae254d194119658,false
0df07cbe89a77285,false
291fe2a60c1d7d65,false
17cc854dd6a7092b,false
0664069ce05b3b9e,false
138630e1a2e88f05,false
14fa6e4f853b2c67,false
00c11e06d3ed1d7d,false
0647aef7f0a366bb,true
1badfbc199704a49,false
1089b3386704825c,false
1dc1e9b3e52782ce,false
2c6c6b8858b65c1c,false
155d10ab880f65c8,false
197a4fed520fcce9,true
088d0204f8687806,true
291a5e780839b2cc,false
2d7c0a3ec9439fa2,false
2d70fbc811c4383c,false
19038a49eb51ae5e,false
051b3724ce4d05aa,false
016e80ac467a434d,false
2e6daa00f7b28219,false
2e0ed12ab050153d,false
17da269505f70553,false
07db3cb834c74b12,false
1c7f03190893fa4a,false
312078f80b31722a,false
281d0b5b7dbd03b1,false
29e0454761ae9482,false
19c0b6afec5dc6fc,false
159ef968573b0c6a,false
0ff5e90f2258db3e,false
2e4b8ebb709d8428,false
2820922f3dc6e7ac,false
2d99e37fb9a31460,false
11f85eb409bc10ea,false
0e371d91a3ccff9d,false
0d6d9a36bb9a9c87,false
0fecf6fcb9d2f74c,true
236a6eb198289e59,false
31f79549155ba89a,false
29fc9ac81f276245,false
0e692c3074fd0792,false
26b475c302618a61,false
122c4a578ada0e10,false
294ce7c264dde2c0,false
07b2b1db601c104e,false
0390dd942079a967,false
21e97439a630bba8,false
2c34109a8ae531f6,false
0236da8def3e3e5e,false
0480541cd98d620a,false
181c8910be094ab0,false
1d43a4db58463d9b,false
11b875cfac09ec73,false
2a01bb191f7b07a0,true
09672502c52cfdd0,false
27e1fd3eee0d32fa,false
0d15a7bd0a382802,false
2f1dc732e1c7d89d,true
2df97e1f88f31016,false
1995f7da45904fdd,false
19aa2192bf058dfd,false
062939f89b2eb9fe,false
2ddd96d865379e02,false
16930e1940438001,false
17534fb08d2524b6,false
1fc7e00b69e9b161,false
04ca5b60408c0d47,false
12535396dc10bb83,true
07c9d09a98f00b6f,false
3053c1fc560424d5,false
00c97141cf87a0e1,false
01f1cd38ee47f34d,false
07a750e438727c48,true
2521c4374123ede7,false
176325ae154dde87,false
1bc57205c04766ee,false
13947589f49f7a97,false
15b92452a8082931,false
0b6a28a817e538e5,false
300c8e4e354ce110,false
12adae8aba93a13e,false
296600340a86d9aa,false
145fc60fc12d16fa,true
318070c47078d60a,false
317bd5f0c44e1020,false
19b2a43aa0c6f525,false
1059c00e99b5bf41,false
250f8cd3e9891ac6,false
19e83476d1fd7197,false
1a4d923026717214,false
32b240c8ce008119,false
006ea1439ae2b8c5,false
2680b87b78a9c18a,false
0aef59d9453847fa,false
2a493f35c1f2cd71,false
1c26e65eccf65031,false
25344f2f6a75c7e4,false
1fedbb209dd7818d,false
1633253785ef5a12,false
1953edbef364be8b,true
15a5aab563a3267c,false
30d8f9b31c558179,false
2fe4619d4636e261,false
0445062b6d017ba0,false
029df68f4eaade5f,false
07b2d16d7b46e1f7,false
1bd1add79c39360b,false
0223bc5397ddc25e,false
1aa9bb5b14eb8bb0,false
20756aee2ea53638,true
2cd6ad75af408dba,false
259f053849368b95,false
2f37fe20748fd150,false
00f4e8638e108c15,true
09fd3a59a1dd92a6,true
2f6a6b4008872508,false
12982a9f13fc0e7c,false
1d4d9bb5a2bc9588,false
2f14fe7080e525a4,false
269ccc8af2ac9681,false
1c8e49933731ee3e,false
17dadd42eba26c62,true
1253c056ff5262e0,false
32f241d98c1c0416,false
203c9e5084e6ab94,false
244865ee4a9dad3b,false
2d315e2be47e972d,false
02535e7e59ff1b3e,false
1f425f07002657c9,false
23213e8bd1c4a603,false
23c83889589cd909,false
12075f298cb9c86c,false
1bfea81436d854fd,false
1fa5c54f1785c30c,false
15a442ccbbb54d0f,false
13ea2d5b40057293,false
0f74261f95b4c36a,false
2b201a56099dca92,false
14b79ecae79aa197,false
0b447300574720f5,false
1710ad07b781b62f,false
0153c515fca9b063,false
050ab3776d2f08d4,false
10cd358468e8e62a,false
0c59593ada616971,false
163396129775144c,false
28f937c49c841c90,false
0a656bf4f474d616,false
1fa3d19c191d9f92,false
253bca3f166b6553,false
212eac091d9c3116,false
13ca69cf986e71d9,false
0c90774bdead6d42,false
17c37605f2006d47,false
0737311146d5e8b7,false
25ebf1546fc6e15b,false
2e155887bb7d6f81,false
125d5451ab950039,false
0fa11fca6ece7d7c,false
0e25c1003ed2dcae,false
287157fc8c9f5932,false
220b4b6059176fc5,false
1fa34271416170aa,false
04d925cb994605c0,false
251ff8e81cd31478,false
11c58b8f2f82fef8,false
18988701893eaa87,false
0d9c97962c3c9a93,false
06fe04d6b0a77d37,false
300e1a431fefc8ba,false
0f9a4f3495262c6b,false
22ce65dec87a9550,false
195f00a2f66a726a,false
02521afe3576ef3a,false
19c9a74eb051c1c3,false
1600a81505b2ce18,false
0b7eb5d01c4ed707,false
13e755229a818232,false
0103b999856b6276,true
0f5a3995179471a6,false
11307ba4a824fe23,false
26c5c768a940c3b8,false
0f287b8e5fd5a221,false
022f11275cee0717,false
06cff73e7b65bc61,false
0ce610e054aa42b1,false
27269996a1a12cef,true
2d3288f3305f6856,false
039b5f0a2424adf2,false
1c2fa71e197079d8,false
04fbb38cccec6fe1,false
239585dddc77bd72,false
246410f6e88417f1,false
307dc75278915ace,false
1803d534cd000021,true
2bafda7b99dde412,false
2f51d7434c304b00,false
105230f419c3421d,false
0190520c33331d75,false
0d9ff1f60195e71d,false
2e1ebb9623447428,false
294075185f4ff5ff,false
21095da16d5f5df6,false
05337e71dd49aa5b,false
305c4bceabe9b89d,false
2e060718eee0e7d2,false
0e10eaa61907d200,false
1a47da3c37f7f70d,false
0c7f786bea372b74,false
17766b35bfbb6fd9,false
0f222232ebc96ece,false
161df95b2dba5fe7,false
1951a9963bb8d0a3,false
10718f5e11246f5a,true
0f005daffd68c62b,false
13c05df90949255c,false
07ccc20bff863249,false
0d532a49a0c79166,false
09072814fbe6092f,false
13951787bb70e638,true
0e1573d34020fb9b,false
114df1c3c6fbfa70,false
0e78015022686aba,false
2da9dba3755e707b,false
05ab66fde89be905,false
08d93d93c9b325cf,false
12d309d853be84bc,false
127ebce7eaeb50b3,false
3304c8d028a7e6c4,false
20497bb198a5c25a,false
17b9f4af9a6ab6e9,false
25abbd23d5ea129b,false
21f521bb6bef2509,false
328128e11e756047,false
2b4ac82e087a6dfb,false
1b3e51903a5266eb,false
249377bf039b0d64,false
307ffa3d7202feb1,false
326ca511d417f014,false
3253f1690401513b,false
03a38a85ce9e5138,false
08e2e388f0f4ae49,false
040f2fb09451ad8e,false
12cc598125dcd932,false
0b6b82ef64dea521,false
24fcaba972a36264,false
2e106c9d63396af0,false
16fd084c28f776fa,false
05c47877c1711891,false
0cda09ae3e49501c,false
08a96cd4adfa1c85,true
03249e925e576adf,false
003d1e4564547970,false
3228b1e15fc9ba26,false
2e1001a029f72de0,false
00a68e81e63dafb6,true
151a29a5f89818e2,false
1c684fcd0d2b878d,false
0574ee2b27fc7f5e,false
264f863b0b1e541a,false
1a177f59bcdbd945,false
246a76922fe9f0bb,false
2f9f8df06cedca16,false
027aa4282104474f,false
2b33bec3b9956fa5,false
07d4589fd30f189c,false
244a1f8f79481d26,false
03bfecfbe4d2a716,false
07d89c471cc46328,false
2d1b2a9a66c23888,false
075d8f8308594c36,false
005f2cf7de19f114,false
2b8e60b2804e4872,false
145ab21c671cde08,false
1d7b855e8b09a323,false
205c88d2d341fb9d,false
158428a5f29224e7,false
07cf91eb4db74ed8,false
22cb8a2506f2a3ef,false
254942081b285330,false
0890382ea3fab3a9,false
0abbf303aa392ae4,false
1cb73ea9fe20edad,false
194dd40852325400,false
2089559c4080302e,false
11db604f51e4fea7,false
2e3263633a2fb017,false
1320ac303ea8b72f,false
215af45bfb9a1161,false
2db31860efa4713f,false
21f94bdd8f3304de,false
0ea392365eeb847c,false
232920f07b8b1736,true
0b3b33ff35e1fb07,false
1feac990001e0ea2,false
00e05fafb9f61a49,false
1a8f0e6f03bc1d5f,false
15345b232f0e7126,false
2f9abfef92a5b90a,false
06baeda65fb405bd,false
1848c5d23f41bcaa,false
18354f5117daf98c,false
148c34299f646cf5,false
1a90939a19e74ae9,false
17fd4b12e6a498d9,false
2b931470a441ecf3,false
16963949ed5247d0,false
0cda1dd14f192dcf,false
3164076b0ca175d2,false
2b48c0560ff149c7,false
095fcf1bc9119324,false
00fdb5e7ceac5460,false
05e8a33c4f6af574,true
3303585e61c56940,false
26e2ea13111736ee,false
28c7720a326b54c0,false
308c79ad98fe8459,false
149ff2fe8f6dd627,false
233c92723bba7d44,false
2d16d88f8437c416,false
14eebbca12ea1286,false
0963f72b2279573a,false
19219771d4e3245d,false
088952c887400a21,false
1bd9a724cf5698b5,false
1b45bcd265a6ffcb,false
0ba9a23aa25f0f25,false
2cb06bc56192f404,true
088958c6dd367d9d,false
1679d390ff0711de,false
0d2b81f64b35da43,false
0b0a96d41bb47dc0,true
30dc92e35cd6e44e,false
273e2b281fb66e85,false
025b1d65b6ac727a,false
1d9236ae2e638361,false
0b317787640bfbde,false
10c0844e4a8979c0,false
1d02546b85570617,false
21efbe310adbd018,false
26ed413a1f2623a9,true
2f107d541cdbb56b,false
148046d19847875a,false
22202265ecc8dcf8,false
2657743c55f51432,false
21ab5ebc0fe9d751,false
2f52abed553980c6,false
1f94ff33c78b138b,false
1272ff651c7abc8b,false
16955689d434c7ea,false
153b82a3c773f35a,false
198952336eb4454f,false
2fdad4561629a778,false
295359d057d32439,false
05fa80b82f6a199c,false
1bdba66cdbda392c,false
29dcf5e7d67b035e,false
20f16fcb324cf526,false
19e7639e1f4820be,false
02b694e4900a25b3,false
001083d645875255,false
2dbc38f6e7fe8c2c,false
110339a169171418,false
2a2f4c9b4f82b2a8,false
1143c2f005bc1203,true
02324f6a078c66cb,false
00672f78e8ebcce0,true
1b70aee05b5d9d05,true
11e351cbee3d93bc,false
2c4cc13d0b5ea15e,false
2a44fcc4640f66f3,false
17a2a17fb90402ad,false
2295f46edf468510,false
00a477346627925e,false
235c75679d3ce3bf,false
0306d25afa980c74,false
3155913f3a0de375,false
1a5cbbc25549cf61,true
0d7bcb2a07b1fc75,true
030bcfed26ba2a92,false
0b2e8faf266dd3bf,true
3227aae2dc321c38,false
28d937477129904b,false
0bf8a9f6376b78c1,false
16ddd7213c863c9c,false
085c77369a121163,false
2fa9515b65b92780,false
2ca2a50408275a44,false
1cf48543704af616,false
166ed44d2620aa15,false
2298ea5bb57349bb,false
048d639df0560f3d,false
16b2334685ca35f8,false
1909abb1e4135ae3,false
0210cd5acbe0932a,true
011c2e3c0b90c578,false
026243fe4b662820,false
1c923798a307f3ba,false
2abdd60112efe40d,false
1a3a2878f163b8ad,false
1fe7239aed483b16,false
017f624dfeab75bb,false
302c1730930f5140,false
2aad090c632d4a73,true
05f54d92650a070f,false
17eb67a104aad424,false
2f97defb40c1effa,false
2888041d1a977d7e,false
2d18d8fc4c2ef1a6,false
227f90ab2b2b896f,true
03708a6cc5653b02,false
1ec63433c8c90257,true
1b0bb77ed4cf6149,true
13abaf244a066288,false
1c242e944dc115c5,false
068fb6e6513a6652,false
1a87e5024bda8d19,false
288ef4f7ff73e0fc,false
067510145dbccf9c,false
1c00d515636bc116,false
05254a92a939a985,false
31b74e0cdf5f8536,false
177844f89d53663c,false
21daedebb38a3627,false
21cd79ad87f650e0,false
30bde8719dc7aad1,false
01d571a5e238681c,false
1ebaf89b18a681ea,false
0c5adc40f97f1d46,false
03b1f5f902cb11a1,false
1865c1736fc33aef,false
2290734440084c32,false
126e721e686f0db5,true
1e9929914e2b0e69,false
30346e1d6ac5a296,false
15ce585b5b1e95eb,false
0011aaafc542368c,false
09e403a6a01f8379,true
0d53eb713dd719f3,false
0c3f2d4310235d17,false
04fe8b3434949441,false
077bb098145a8519,false
1e0ee8ec9f1962a4,false
03e9c813508a253d,false
214c327735dbba7c,false
1d30f0c6087f72b5,false
035bd2e47e05828a,false
2d71a9262e4eda91,false
0fa8c51f5fb83bec,false
0d0e87e2a4ab66b2,false
0578333a37a1c966,false
242b41a35d91f9e4,false
2f52eec8ede109b8,true
020b3395a5d93b00,false
1211110b15c7e213,false
29fb4207b5bf1220,false
26b304e7ba25f606,false
03682b2f7a184c96,false
14d8e8b1eb39c104,false
0769a03cb2289a83,false
07bec8479d6b7f4e,false
2fa420c094bd7dd3,false
2efc3b010d35270d,false
2844f0f67505c3a5,false
23fc95c66a64792b,false
308e524b51d4b63a,false
233bb193fa6f74ae,false
1caa995113caa46d,false
0a628cdea5510ca1,false
23501319b56aba30,false
22510986a3c3b248,false
27302c4b2642becc,false
1d6859533f44cec5,false
11a54fd970b427de,false
0e3af1aa28b7720c,false
2e377baf667dc781,false
1d8a62b4018971be,false
2110640407ed486b,false
06581a76417262f5,false
123cb71c46b0a359,false
0f721c5035d6b3a0,false
09cb402892147fce,false
20f59ac11c12f7d8,false
1fba8ba694481a57,false
17154d5599eb4931,false
31b8ca133552fce3,false
05adfe5b8ede1f14,false
26d5f4803b2ea48f,false
12cbb1f684008e29,false
01a5be96ae2d5541,false
0bc50eb26668d25c,false
1b10d86f690272d2,true
13cae4d536312b99,false
04ac99a259ca1f16,false
0425a015724e3498,false
1890e9a7d75d0ceb,false
2c9abcf25809087d,false
1744fa8e0b6d6fc7,true
2fa9c1057447b2ae,false
18eaaf89fe42ef8d,false
322c58640d42d88d,false
1308203523a7421d,false
28a8e478bf25d8e5,false
0d39b9f7f0be58f5,false
0019861f0fc112b1,false
1381220a2e241bc4,false
29779e1aebe5bdb4,false
27b3a183b2e2dcfc,false
0c0415bea53b9021,false
17793e6c69ea91d0,false
0a1c5b7665f341ff,false
3016e457cf62ff86,false
210e38046176b4c9,false
070a8a2566182d26,false
140d6571814df739,false
28a3ba28a5efbe41,false
2ccaea8536b271b5,false
0c15923f309d5252,false
0907d437f38cffe8,false
25649f2a4fabd7c0,false
20c4177c2a71057c,false
3092da0ce6803ba4,false
13a8f118d7ad7cab,false
1fa701a620c418b5,false
116f13ae299ef9cb,false
2f996c44fbf923a8,false
1c9d4d844e7ef182,false
2bb444f716fbd7e7,false
1653032bf6256a30,false
2b330dce7698cbcf,false
2527bd76674dc4d8,false
297af3676fa5cd2d,false
1d3bce45cbdddfc7,false
15bc055135d56a0b,false
2ad224226a84904b,false
2edb7de69a0792fd,false
2b8632ce2d2923c4,false
1772cc05c9a18811,false
2c8617ebfbd2cf30,false
168799f3195304f3,false
1fbc19bde6196b7e,false
2d37b99b5a90fe92,false
0ad4f4cd58298a49,false
32e881cf78028f99,false
2af401b8e43a0807,false
03b78dbb3e942bb5,false
00e8dc080ded7956,false
2337087504d6b787,false
1be7736097f1f8ec,false
18b1aa1d43968ad0,false
251c2cdc56f91d70,false
16d3e1e13a5dbdcc,false
28642132b84daa78,false
318e0d7532245dbc,true
124024575d1a5efa,false
023236c1aa6aa211,false
0c70c4f467e9bd06,false
0f7de2e475f4c97c,false
0a273ca24916f6dc,false
3157e40a89591a06,false
0a46a58d0490fdff,false
1312b15954f8b32f,false
13d5f53181f6a174,false
104f23cc781f15bc,false
1001f1c0a4230b70,false
0ee0aa51a67e4823,true
094bcbe8939401de,true
17f990890d6a49f5,false
12969ea7a07b9acf,false
2ae436f376266af7,false
1d7265ebff9985bd,false
29a616e35592805a,false
027566e08bcf7552,false
2ba26bae85e0de6c,false
1e6061e308a69349,false
01e0556fd49c57de,false
08d4d21a4cb2d371,false
269e38d276090834,false
26dcf6e6c246345b,false
30f7f73c54a6082c,false
18e1f9f7814630ba,false
10708c564ef7eba5,false
114492b6205acb95,true
2d17a90097f75f6b,false
0428b87242338727,false
10541458821e0954,false
19febddfad40d069,true
085fbcd886a70a39,true
135719af19847374,false
2c76b73a82c1bb2d,false
03aff6be9bba7d97,false
28d5b2f928d4ac11,false
2c1c508cac504782,false
21eb8717c56ce26b,false
2dc79449696292eb,false
0d5ef0a68aa01f0e,false
01390b9a0332507c,false
12dc5b41f0701ba2,false
15f06a61ace5e3bd,false
331326ee8d373c7d,false
1f69a2ebcf4a3cc9,false
0f3c19b834531534,false
27034710cc153ca1,false
1e06a4414f063c73,false
096b5c633775aec9,false
2f473a6eaf605f36,false
00da74b200b82da8,false
19334b7fa6be3169,false
0de0edde7286b0f5,true
1941fd7f0797400d,false
1497ac4086da39e3,false
0949e6daa583d57b,false
31d45e66267b7c53,false
2792b15ad84b5aaf,false
02cf8dd1887f9908,true
0d30f848bdfc51a7,false
0cfb739aec42d3d7,false
23b50fef543cc623,false
0884fee795bf9ad6,true
19a15d7f3059952a,false
24084f02bf6bec1f,true
10f1e923e2f70bae,false
2aaca86fa8e4e3cf,false
2ea36f08ceac240e,false
1be3cfefce232f24,false
14c53a8e1f39fa87,false
0e4de3c2ea2978f8,false
2100363248e195c6,false
00debaf4758896a5,true
19b164e71c5ca0ff,false
2632ee5325429dfc,false
048886cf7c916292,false
2cf9f2a6c9a0c3be,false
0c27e92747eccaf0,false
0c00b0abee657778,true
31d3bc5da6258e8b,false
11543bb3ab9a377a,false
051b32d82fc8ceb8,false
2034d96f5c09f59f,false
204fd59ecc54687d,false
03cf4eb27ae14a07,false
25639f3fa19753dc,false
205e6a3a24030b39,false
325c8a1412d4bd8e,false
0fcd7a240a47b7f2,false
1a0909469b3e7a42,false
1a309388d55a57d6,false
03a6f760159901c4,false
214e96e9d282a199,false
0fc003d580c520a3,false
2f95dad8fa9b8779,false
0fc400d6da405404,false
21dfc5ad235e8952,false
27156d8eb960ef41,false
2d74f6a68e4d85e7,false
30f4e59a54f76063,false
10f4f8000b940a94,false
2eeaa96772655138,false
1a8b012598d3c2f0,false
26c940b5d45541af,false
177002f70e95cebe,false
1cc2a1ed4eeb1b6f,false
2c76cce819c8940f,false
28050d74a55bddcd,false
169fe25656e1d273,false
06003978fd1171a3,false
15aa26aa272cd52f,false
05d363651f65384d,false
2386b75ca0c54f2e,false
004fdf88863e5eee,false
2873b1b67192e124,false
15cdff6c044dc8d4,true
14b2a3d5a705a97b,false
14924f17080e0b78,false
1400f49866d1fd7e,false
00e87b65c3fa975b,true
179fb3164221c684,false
0ae65aaf0b48d09c,false
07b97fa4e673a891,true
228589d473cabea3,true
027bdcd9ffb0be89,false
281d26a111ebf5f9,false
04bcc8b1b3d4c2cf,false
099a92030fed9693,false
1b87fae64a6ada09,false
02b68770d502db34,false
164474271a1a03ae,false
1b8272628e95031e,false
2796a7dce1af841c,false
0c40c8dd33a2c95f,false
2b2ddef311c11819,false
32fc0e5256091303,false
1ce095f3a3a97b52,false
163d07aa2f56b4d9,true
0f4ae37e9ea05d80,false
2435efadc092a42c,false
28294a9073fc0d81,false
31f62b3a08c8b969,false
037d3dc0e8553f1d,false
1db6971fb7f3d01f,false
0f81e1d6b03a95fa,false
2b8f2791bd4a42aa,false
171814c3f5e7a230,false
2564a2fc30428b4f,true
2fe548edf2faf39a,false
1c9ea41bbafe6358,false
2671bbf1ca167a02,true
1b8bc2965ecce64e,false
1f3b18f84a5a3af5,false
173fb088bfcd05d7,true
0498d7cef4e1fbfc,false
227df3f9ea537ac2,false
2a88aba00a6fde4b,false
1d45249670cefc3e,false
24022c1bbe532892,false
10ec812aa6a8d65c,false
2f6e3335155966ef,false
07f3a5a62ec1ad0c,false
16d304591a1c01c4,false
27cbb62ff615b3c9,false
12834254194ba201,false
18bf0e696d839efd,false
2158aabd5c12787d,false
0fd631a63b8ed13a,false
0c5fc17b48a856b3,false
20e60d78c5a7374e,false
1698f7f828f9b8ab,false
1b378670090130d1,false
0e78fb98fcb644d3,false
15f678896136c40f,false
1de7bb9e197d0eb8,false
2a19447089b59cb3,false
2dc60e32bec96eba,false
16ba82c7344a894d,false
01d769343464c9ce,false
1553dc3a54482c56,true
31e30eb73eda58ca,true
014bbe7629864df8,false
223632c6a4ba1ab1,false
1a509022b44d2f53,false
0a863b4b37b2693a,false
00ed2cae0b5f54cc,false
236e2256920d1eba,true
11c32cea77edb7ee,false
2c75c63c27cd4fa2,false
1d66408b587a7e52,false
0af5a1ea7d02918e,false
00cc6d5b087bf783,false
1b8792f2523a4f08,false
1173b52567c5f89e,false
1c2e8476446e987d,false
13a1610e9924fb48,false
0935f276e04b165d,false
1f6bfa9e963c5708,false
171adad6fb6257ec,false
1af639c71d4e2564,false
0d10622de41651f8,false
26e21310733c0202,false
238781a120e0baee,false
0b63d239f9b2ba2e,false
0a09c1a98e1eb6ec,true
1ee2f4f70ff745c2,false
0c9b8dec38d0548f,false
0519cb010abc5529,false
253bd13fd5d9524b,true
0e22ffde471ceb9c,false
0325b2456c24d8e8,true
2b77be878e9ed0e5,false
182d5467f9e46eae,false
1ceebeb9b8a2ba7f,false
26b4146f5352da3a,false
1299ebb353fd15c0,false
09f37753fed2ae0e,false
06b3463cbcc0c083,false
2222d92f1c8349a4,false
14edf3524ccf0646,false
21fd09237098e149,false
191892d5d3ef323b,false
2832bf447df479d2,false
31de987bf3de158c,false
2de1a9c4b44cb2bc,false
16bcad1683a427be,false
284fcc6b6c42428d,false
14638e9b1e4e4a70,true
167c845a54a59719,false
23464d0978622054,false
12a09807d9982326,false
25ff3585c3763db0,false
20592cf1601032ab,false
0c3f89cbca56e79e,false
15e055fed88d1213,false
17dfa947b24ad4fb,false
1458c5cdad52c77a,false
1b1352bc93060f1c,true
270900ab6044f5ef,false
2c193d1b3e82e941,false
046cfd4bb8b3e3d9,false
10bde83b59ef7aac,false
31f2078857d4b5b4,false
2e3a69e84b51fafb,false
324d6d1763ba4e4b,true
2a773978f3a044e7,false
0a40f2647473cc1c,false
019a0ce821797afe,false
14dc5c8e686d4adf,false
20aab843ab03bcd8,false
160bbbd6bff62442,false
132ddda06eb896ab,false
23f5506b3a841a4d,false
26bb1cb8381579b3,false
09faacd5e8ce6907,true
040bf2cc6cf99a50,false
1f7ae0d1b18f0b41,false
1c626f2257ee93c4,false
1682641d0c033d3e,false
22989ba09c8728d2,false
03cacd6543f15bec,false
236de534a8c9f791,false
0bc0bb0b50856e1c,false
2e315c8041678a96,false
0a3e0d47c6ddfb9c,false
31abc4356e734760,false
17b31ca7ef7ad53b,true
176ede012bc2b2b2,false
0838ca0e122422d9,false
32cbc946c67b5912,false
1927976d00006371,false
0d4d019ee9aa30e9,false
32121b44ab4be0b8,false
3012ffff2d988033,false
3091c0787c061824,false
33030a7633c81d0e,false
1eb0dd0c2a354986,false
320b7793146c9873,false
0f41beeddda05fc8,false
13ff7a9e9cef119f,true
2065f7a9725e9920,false
1bb25d174d92ad8f,false
20b211ba376639f0,false
28f5c77db8ab99e2,false
20b8b36d818fc0b2,false
134184a96238721d,false
2cc9d882e1cf4c27,false
06266245f796abcd,false
02ac7e18a76419e8,false
183b9d23019c7d37,false
17b9aa0f3a8d4202,false
21e9cbba86d535e3,false
00d209b71dfe76d9,false
092c9f80d6aee294,false
293a13526a629e88,false
107aa169208026a3,false
027e8bc24ec93978,false
0a730885edd51cec,true
1eac142ba8bbf13d,false
1f13405a3cfc60ba,false
30a9e44d8e6cb22e,false
2dceb1c2e6612efd,false
0d4edb96c55c43ff,false
14a8085113628268,false
1b0dd2414e3eccff,false
039486d661bea29e,false
1ef7fc095458e80c,false
2a9b583f4a66250b,false
30ea33b6f0a6b283,false
1ba1253641684d43,false
1af76b26ff4471c9,false
1a4e822d84ecf27d,false
26986111fa5b897d,false
0d98144c0148b940,false
0cf74a726b4fec80,false
060438ebce53f521,false
0c3069d772023ba4,false
2633ae6d01e70669,false
0feabfb073b5af2f,false
2b737802ce5d26e2,false
1a7ebd1a8d67eece,false
16d3c2d59b9ae90b,false
2520d2d263999129,false
2ca88a9a5692ec13,false
2a7d75e2abd5e8a1,false
0bec8d926729ea00,false
00762678faf972d4,false
11bf19754ced7076,false
32cf1c169ca47ca7,false
119f13e76cdb7dec,false
32f2be205513bf52,true
0f34bfd20aa83fdc,false
2caace666b8ff87f,false
09ef1be02970d1bd,false
3279e1d066027bb4,false
18d8517c86a2df7f,false
0cec1b4caa5934a4,false
1354501d82e609a1,false
29f83bd184d040fc,false
14560d2585e4b094,false
31a7862ca007209c,false
10d39ec0e37692c3,false
2a1ac5ddc3e7c78c,false
21abf93dbabe18e1,false
2ae3a8471b7fc6a8,true
1aba052905c3b2f4,false
0889be83fd08248e,false
1d2724f010542be1,false
0edfc0dad2cd23e3,false
0bec3adc5813f037,false
10d19f59aab4bbd9,false
31710163acbe5955,false
1b9d3adb88aa5647,false
0c3d3abdfbe38568,true
01e75707e76a230f,false
1d4aeafaf0f4b718,false
1ab567f5d5bac725,false
0a5d3f7adffcb53a,false
09c5e655a5593e39,false
16d63b9ef8ea984c,false
100477ca69380dd5,false
0a9b0beb9fe2dc2f,false
2f2f75ee8cc89d8d,false
0e7c38174939ef71,false
07651f733b483412,false
0b100b60a4829530,false
269be60e9757b1d3,false
0806649fab58cac4,false
1ad8521bdd596263,true
1f16c214e03e66c7,false
3098d84cdd1468bc,false
1fe00c35555cbe4a,false
0d56812f051abdcc,false
071fdcd22ab43d44,true
290a094d907871d2,false
13fc1fafa3dbed92,false
00762e468bbd50ae,false
284020d36e7e5247,false
1631a2f2dd02b643,false
25a95ad827bc1123,false
19e5628620fa6e27,false
3284c8135e5eb99c,false
025693d67cda0aa2,false
27c4e39e718dd6a9,false
061764ba3e494561,false
1a1c7bc6d33e915f,false
200be97e9834ad07,false
0c3bfe4dd69454ae,false
2c7e0d0bb457ac66,true
0abc824b59a5c77a,false
203d5ef05332b6b2,false
21e1a8d38eb34d37,true
2d5c1174a541efba,false
048edceaf7a0925f,false
16bf10de6856c321,false
2f85fb8d55d7d486,false
0a589dd4617238da,false
083e044e0f884b3f,false
025413862838f061,false
03693975bbe41c43,false
264d46403911878a,false
02bb01dd339d0e75,false
08c417a6f327e195,false
099a9d74419fd519,false
0257d11b002be2d0,false
0051355728738c24,true
2503d792eb5d7253,false
132eb0772f8bf4e0,false
2c0c3b3312105531,false
13361a4c14187ae0,false
2db6da4fc63d2736,false
168996c2d0e35a82,false
0ce486667999d702,false
20bc06395aa89971,true
14ee762cad96285c,false
300c1e593ec8e2fd,true
276b8220892fdc42,false
1406b643caa2f392,false
2b020b52eeeb1069,false
20d79cc9ea44c65a,false
2e4b7622e7499429,false
283331eb9de067ca,false
04a33916d9f18622,false
0153844e98231a1e,false
0be6b27bd54a92ac,false
13744ffd732b16b8,false
21bdb7f4176d3467,false
20d60f09d714ff3f,false
070e12164ef4a2e1,false
03dd0a3f7b96583f,false
31a1fc16feb8077e,false
2a5be5738cefc920,false
2198d265d394330f,false
05c03b572216b2ee,false
2a9734220f1ca6b9,false
3070ebb6fa54843e,false
1a9805e2ef96ad03,false
065921f103420869,false
1df88ffbfbac6fea,false
27575f30fba202b8,false
2d7c72d075b7654a,false
02f5aa3b6e97e45a,false
07e4573d0d65c0c7,false
31a6e2514dc3eea7,false
2da67f7bf0e7ae61,false
321ddb84870ec685,false
1f4d8fbdf1744414,false
091a0e29d9d192f3,false
05ee251e4fa81a74,false
162211528bbc55c2,false
0cb2dc64ee740080,true
0a19a46dbd856b4f,false
162988bed4e21cfc,false
064d95bd87467761,false
048fa71f12642ae6,false
188d5e7ba1d77369,false
1302f8e20cfc29c8,false
0f733712c65a8fb4,false
08ad28c92b9a53f5,false
32e54b751bd65e5b,false
1f7fb17fc5ed3f38,false
1ff38dfad0d6ccb5,false
0f7a655109bcc5ac,false
0f30dcfd6f46dd2f,false
30384591b005847e,false
202c8ea0e3f936a5,false
08cdc3eae7022899,false
237d2bff6a1fd2e1,false
077bb5f455760d57,false
2077313dd8777cbb,false
31039ca3e165f3fc,false
05cd5c5424dbf4f7,false
2a0eda6a0a6b3c89,false
32c3006815dc04d5,false
087784661a746c68,false
023f2441e9079e09,false
05f7435f6301af92,false
2e97e7f065286342,false
2f77238b3f931a35,false
1248f97baba2af76,false
30eb9078c5245d84,true
02784749c1fabf15,false
32f7913c0fe15743,true
055e5dc3ce5df7e5,false
1260ba4860b8f7fb,true
092728f561c6d867,false
1ab14501cb521c31,false
1c1525c98844c514,false
08952c5e6d788619,false
31c255f8d08b2ed6,true
18e14dae19585db7,false
13d8216219d26f95,true
0f5416819a68efac,false
259e939007c3d912,false
2b058e078a52bd80,false
16257fa7bb24d4bd,false
1edb7f131aad58fd,false
22ee1e7b60905169,false
1f3f515787b3ed4a,false
259ae25a183d9270,false
1d634dd7a9cac174,false
3156c08868f428e8,false
1f2613afb78f7d21,false
263d796e31d3cf66,false
2b2aba2d1f9301e8,false
1c59a8d35f60365c,false
31101676b2e3214a,false
03a9662212f9d134,true
17d444afebda01ed,false
00b5cc1cc39ac388,false
183f30112ed1f294,false
1bcbe370d79afcf4,false
280f44400824daa5,false
304c1eaa585c877d,false
2eb26d2137dd7331,false
152e305699672259,false
021c28b833787cbe,false
2ed7f11fefdfa4f7,false
20a8b7bf982e86ba,false
1cafdefe2d7c7d38,false
30663d3698eef9e4,false
1df7c0e5f7d36d03,false
253c1c683f5cab05,false
15e01f2bc01c7de5,false
2ae4ecc0f2860cb5,false
04c339d15207753a,false
19294017e57edff6,false
2b3f9258792b502d,false
275033cb72a0750b,false
08f5d84d96b4fc40,false
09fb96fc0158fc7c,false
1dff90c93ab44361,false
1a9416f14db015ad,false
0d5d7605746844b2,false
29909cb06b8f0c26,false
2a3376d0bf6471d7,false
1bce62c9260340be,false
039605441cbdba2c,false
27984e24bd51a2ed,false
0da1db5bac3b425e,false
2160b52cb9101a8c,false
068a35f84b873a2d,false
091325033d9045c8,false
00615e7be29fa8f7,false
106edbc2b8478c84,false
25437fc241e7dedc,false
0be3046c168c9e72,false
182f6f62ba822191,true
08001c7b84214552,false
0c2541e06a43392a,false
2133ba41e212d78f,false
0ec64f53c02b2b15,false
27675309ab0e3f6a,false
19d7f3dd20580bc8,false
0cbec19172606d12,false
04cb0f983ba8bb7f,false
2a094f5d769bca24,false
0d535e20290c43bc,false
1353d6e36f012f30,false
214c486ff5ba9e3d,false
0576bf4cec350345,false
05ddf4d58071cd6d,false
05d0bff79fd1392e,false
1e21adf1de950beb,false
268ce6f5c884ff3b,false
0de0b0c0dece31a8,false
2cad40dc050c267f,false
040ab1426757b599,false
019f141321d7c0f3,false
12c4aa5c45b97674,false
0ed919eb2252992e,true
236aea7ba98436b4,false
2d395c54c9ac94b4,false
095d6c23185a9956,false
15c5f063c9e563c9,false
1e0d0be4a4beb1fb,false
1a2eaa4c463e7c2d,false
13c62af31edc7687,false
03fc09084af7c134,false
25949acbf7844fa7,false
15474fffcbfffc0e,false
322ef1cb6b534cac,false
19b30d5656da56e4,false
21392e23efe0019e,false
0d34d1f9a078e2e9,true
17cdc6a5ef73b779,true
1f84e996cc2d56b7,false
319e962dfd65982a,false
2af282140c99c2b1,false
310064e7029e3561,false
0e30ee566aafa630,false
0b2fcccea4e5fabb,false
29f49271a7ca52c3,true
09042601fbd6187e,false
0fdf9cb2d2d7856b,false
1fdfa77efc82f244,false
12c9e40d7b31bcbc,false
1680ef5dc9ee7cac,false
0cd4b4428fa604ae,false
0c8484155d2a3132,false
233e396610237c33,false
0e8c5dc09e0d680f,false
190e74ff55932e72,false
02fe34fd6db474ab,false
1fff2cd29da07b5e,false
2c4f26862cf04b33,true
211e1f7ce5218a00,false
1d1527a1e88c7eb9,false
2b1a08956dd55178,true
0ffedb837a4fa5ae,false
113eef9fa711cdf1,false
0327982139dd668e,false
160ef1deec2cc971,false
2e5d2920fe9c18fe,false
2dcad98daf1e45ef,false
1ad71d81dcb6e5e5,false
156b852c53f4da5d,false
1e9ed1ab7be85658,false
0079db6f80ebae2c,false
1558041be9ac6ddc,false
17966e2ea1d5aa80,false
284a176ef0c0a394,false
312ba96b8542be89,false
0d1cdaeaef5df835,false
086bfcba110cddae,false
2bcc3366aacb098e,false
195f203ab3889f13,false
0a0399caa16ea559,false
0355324a0eecbb47,false
29a50cecb5bc5864,false
0e2a8f0a50a5f036,false
03916cfc783bea51,true
2c7350dc8365024d,false
01dfae02f10d6b3c,false
077e79c4c65a8109,false
03b7b84b52506b00,false
25ae83da35461f00,false
2098941984e42192,false
331c840087f1142a,false
30105b61c6ae7802,true
207582d4bfc67b8b,false
21ed2e32458cffcd,false
0e65b75f5a0210d3,false
31cd62e5b8b41ec5,true
27564bcbc8325c73,false
2bc5ce52c1a52ed9,false
1dd22bbdfe672e31,false
0087577b6f0ec524,false
0d99d6eab1f88bce,false
286d128edefbc513,false
0efec1ec85642e15,false
28648d09f554553e,false
25bf8ed6ff385ebc,false
200c246eeb06c70f,false
25ad8dae8c5cdd41,false
09ac726dc21c58eb,false
30cb1d13d99d9410,false
2aa4cf042f3d918d,false
22afdc677e922d3d,false
12c5d1f8b04afc12,false
223e90a284a82555,false
1534a05e3382e731,false
2bb98902a028105e,false
06a384806b7dd3c5,false
0cb2fc0203611af8,false
2d482a4fb2b88e41,false
0a4c919fdbf38ae3,false
21fc7a384b32386f,true
028184546d880182,false
1c22b4d445cccb81,false
002e687fdcfe69b2,false
2e4891135d06c8d7,false
1593800409d017b9,false
1b78988bbf88ede1,false
0ca7de574e9ed3f1,false
262d5e6d48f9751a,false
27e727b7d8945d3b,false
23bb005249ec51d9,false
218dcdef5f70aaf6,false
006d5c5f317b4f0c,false
256e04fa1cf69686,false
28df0d04f0bf03bf,false
292495b22d33e76a,false
2780a7cd0b004a3c,false
22491e033b5b7647,false
201232780ec596f5,false
31b381c5f1f08f52,false
0361720f10b2f0a0,false
1028628a28f4c9b6,false
1044deebe4ad46eb,false
0a5f464be2c0cebc,false
12c132ec2b41153a,false
281361d15e6234b3,false
0c26ded27317af03,false
07f9601910c6ac31,false
315f85ab002353b8,false
19984fcdcc7a411d,false
11ce6609c83201a6,true
2aefd1f75619add1,false
1ea1d7d9259557e4,false
121b6a3cd0a8e6c2,false
0fdcfc0e71265f49,false
1623869b18c474eb,false
1ca40547456d0cf0,false
022d22792a6a44a3,false
09c9b8b5e9010c7b,false
25ef1da862b96274,false
0819c3fed4765c27,true
2f0e5b0ddb4416a4,false
1da2f4e00d30aa37,false
1c402ff0714d6d82,false
016c8862388187fc,false
270352aa3f7272df,false
231f4718f5eaf3db,false
305f2b03d244299a,false
181775785e54c2c7,true
2fba06a06b7f1594,false
316b4db08519b4a1,false
2c5e394919590c94,false
0de3484fbb48c75b,false
21b806f2347090d0,true
0e6160bd4302d575,false
143c0c2bdd872274,false
0c9d15e173e5dd2f,true
13785a7c231e8247,true
122e19281de52101,true
242e20143853ce50,false
1890ac275f5434af,false
089b5029a8022b50,false
0523c4ca2e0f4d58,false
021853021170be30,false
1c5e0dca4d8fb115,false
04fce3d81ddf8050,false
2172e63869feb639,false
281d16247fe3084a,false
213f1fdc3ef2f5ca,false
1dacc51c05f8403a,false
05f3fe19a782f5c4,false
1fa6d716fd9b3fe3,false
102ac7b1e2cbfcb5,false
1887fc4ffeffff11,false
1735cd52545f9405,false
1ebc230a8291a54b,true
196a57f7186f8c76,true
21b64b503133206d,false
30d6853b81c87a75,false
0b4565b06979ba08,false
0a1d405b602bc318,false
31953d2e5fa9beed,false
07c6f524fd406175,false
082bbc1b47b01a4e,false
2187a2397461b61a,false
07a1682204e94015,false
31c0018204440028,false
00473207dc345a7f,false
244ac769a4153755,false
1be9d4b90f1c3ff0,false
0268b1e9c557a2ba,false
04e2761d62f917ef,false
26c9731df8987fad,false
0d3921b8af329c33,false
13c206012bf02fc4,false
2a5d25bea101b7d1,false
261cdbe19791e8f8,false
0c7f646d3876dc29,false
20a5d9f32610e5dd,false
31db4018f107594a,true
0b8b98f9f79ea596,false
0163e37640d98081,false
224125b0c0c6f442,false
2b020aaf32db5f24,false
2bcff70ea321ec6e,false
2d9753b85a7b1cea,false
30f36721b90a2220,false
1d02ca0dc3596d2c,false
1e07f332f845fa2a,false
0fccc90fbd8076ae,false
1ff905fa49e2a9ef,false
086ee65cbe79665a,false
32844f05a4a7fd16,false
12b41c4300f0200b,false
294d5562400fbd14,false
1b1e78c1f47900f0,false
07aa588f7ab5e24b,false
2d8114e7fe2a2ca2,false
21587ded84d74935,false
29191c5140f3930a,true
1cc69920183114ad,false
2323dbe159843495,false
01b4bc68373e7cab,false
2af54c36cdb25f8e,false
1e6b1a9b469772fc,false
082a847e6e9b9854,false
01901bb084788477,false
03092b7dc1418117,false
16dd3137c753f388,true
0cfe09e9d637901e,false
1cef328dd2e63769,false
277d491f4ca8cc6d,false
0e4e5ee6cd415410,false
168cedfde55c4ca3,false
161b1eb2db3721f1,false
022e7604d6299cd8,false
2d72c2ad829f1c5b,false
24eafe25406ed7f7,true
1ea71e598e330a26,false
1f64b0974b86a424,false
0716de230b2e1d63,false
038fb7dd15bee1e2,false
2e7104a29c737035,false
2179bdf559324f90,false
24fc600302721238,false
0e1ece330de0248c,false
0f5d82c28207fb43,false
05c5395c361b9072,false
1abb27c039088798,false
0d2d88505cd20e8f,false
127a92c252ecaec2,false
16121c207346fb9e,false
0bac84817515e623,false
2d12016234680fcd,false
197ae4cb932b2550,false
1f52a519c7c611ac,false
17960aeb98404987,false
12a9a35e276ec4c0,false
096d23b5372432e1,false
230a804c212db603,false
08f68f680ff74282,false
2e71c5f36820b73f,false
0915fc3542d5ab74,true
0c634a9de0d48b29,false
1c300f78cc030446,false
0ca6a9c782476b83,false
088991116dae516b,false
1785459b96a2ae8b,false
1cbb2b1349492067,false
174410368567590d,false
0bf7e0de77debb3d,false
06c14506eea11c13,false
25bb3a7c4e9d4641,false
1d5aed95705a546e,false
2d171609449bac9c,true
0aa54636f3c7ab25,false
125af1b5bc168375,true
2988aa3fb1c77eab,false
0a76b90091f4ea69,false
1a310bcc4c44ee20,false
05cce2c6362cb302,false
096e0be75e1eeb24,false
139db50f6055c0db,false
0aab8c802bda25e9,false
205a594ce5253df6,false
1301fb9d189ed7ca,false
167cd3a34b7c2f47,false
263d367affa3fac9,false
2c7dd44101cb8efd,false
26c310184831df34,false
0fee89c40743db57,false
304974fa152ed350,true
21bca5d99f6cf3e3,false
27aece4d1221ce23,false
309cbb283eca7831,false
11712b04ea65a60a,false
1c2529e715de7aef,true
262d62fd96254929,false
13fb3e948973e412,false
203d0662d60e5f57,false
32eecdc55d5b9fd1,true
276cb697ede499ff,false
225227f97f755a01,false
089b7a30803ceca4,false
2ca9c5776c9634fc,false
23ebd6903daafd88,false
20e21b75ef76e55d,false
13ed2defefd3596c,false
096e9b7caa588039,false
2dda81114cb8eb79,false
24080a6b08ec4c3c,false
0fd25b34cfb4ba0b,false
194638113ebd76cf,false
09a48a164af85d94,false
2c343f673720d0dc,false
2182f5762937ef17,true
2d6999dc52c4d095,false
2524d8fb6844bcbb,false
0de729938b868267,false
1e6a100d791777f1,false
0be2b4f84d25a876,true
11fa266778d50b76,false
2813a99824344d23,false
2fb4b01c5f47186b,false
22bd960f2ddfab1d,true
1bd7cf065c2005d3,false
1e79c828cc472d1c,false
0e58040aaf694524,false
06483caed2c04ba4,false
29978a2ebc97dc42,false
2564aa73cd8316bf,false
2c88aaa4b4c236f8,false
009937a7ba351eb7,true
279de209aa1ecaab,false
262dbdda4e3adcc2,false
278ad934445f18e6,false
0bc2f08b3412b812,false
049f0577af7717e3,false
094888844fbd4a54,false
2a164e629b783bf1,false
04eb925a87b15db6,false
3279bcb6708104a1,false
155716f668912664,false
1c02890845e4be4b,true
15ba935102d11ac9,true
06f60a6562b32bf0,false
1d7e1be8fe3f1b3a,false
01e474b21c71d70b,false
2d4cbc031ce55bc8,false
2e8f84d794bf1a4b,false
1626a55df91ee6ca,false
30863385340eb577,false
20afc078b0b47dfd,false
0a276fd71836f5e1,false
0462225429c523e5,false
1a06f1f9b033e20b,false
1d6d654b7c7f5a7e,false
117f41b802211889,true
05dae5d79a9b128b,false
04d22f77373eb961,false
212bd7c62c843fc6,false
09daa1b48b3eca94,false
16516f087ac83ec7,false
2a6f777e4c8b4fd6,false
17052bd97697d9fa,false
315129c068573de2,false
128794301409f453,false
2ffe887fcce5a6b6,false
0074253c35fc97b8,false
095f63250b9eb21e,false
20707db0563a35d1,false
0facaa7f7fa05ffc,false
25ef601ab545a73c,false
2fc7f05157facca8,false
0bc74eacafae94a8,false
0c451b7b2e8ecff2,false
1395c5887b7b4f78,false
1715938cca45bf18,false
0d73910c1017bafa,false
1d4b542b735dbc29,false
087c5392c5190536,false
13b41788b7193652,false
10c73cd537c4e131,false
00feaf52950a66ca,false
264f4f81ec0c82a1,false
03d58b767399f397,false
23e12954238272e8,true
2ecb01cc84cd2873,false
321a7eabc7556819,false
1447e79673a6d386,false
1e6435c1a66c522c,false
1bb5061c1c280391,false
0f4ad336db23241d,false
069856e5bb689820,false
2dbcfdc9e50c5ff2,true
1d5ba60e73e4c2d4,false
26a342fd6aeb00d8,false
192f09fc560b312b,false
30a12c464a5d73d9,false
171e7dde0a5c3ceb,false
01ba0dce534c0acc,false
0f1548a3af1d8ef0,false
1cc66da95051efcb,false
26063f95a5da299a,false
1ca7594eb0df528e,false
08c229437a1abc50,false
1a578ff724166c67,false
28ee8e3670d5f30d,false
15c1e1666b55dbb0,false
33059d7def5c2544,false
1a4041351f5da0cd,false
0e5a6d57cd2aac96,false
1ef6e5ca1844ec8d,false
2042f6268811da69,false
24a1119d8e5b6c58,false
21427f3846ea1773,false
20b1016bd125190d,false
1fe71308f4603550,true
1206b5a5c05e0294,false
16b37d8be11a850a,false
1475f90bc7cd1981,false
1defe3dd454487cf,false
1d675e23d5efe88b,false
1fb6478d8fd47772,false
2b8d1a101a333576,false
21f9e6c7db4e9cab,false
138521418ed08e0e,false
0b832e66470bfbc4,false
0b627703fce09470,false
0ac62f0911e055be,false
0ab551c0a1710627,false
173a72952490c8c9,false
19817fd273ba0b04,false
12a1a01581ef6606,false
2e6773863bf58eb6,false
1f63020960684e6c,false
15b95470f7af3ba6,true
1aeafcd405913cbb,false
09e7a208a16d94dc,false
328f63a6809b7877,true
1eec73692b862c8f,false
1f1c9396d0420e7f,false
2c97cc52ecf29ba4,false
300dcf6f9200ab06,false
18b036a9cea7dc42,false
202fcf5de73e208c,true
295b63af2fdf71b9,false
1c2a3b7841759a34,false
110bc74c9f4c6744,false
089c6b96efb24bc4,false
311b72283746fc29,false
0baee48f25942bd6,false
0bb7d642867a9a03,false
2454f9e43c665216,false
006174e3252661f2,false
1b6d2327bd62e663,false
295b86578b0fbad1,false
023d251aca68d6aa,false
074c3a609d5df39d,false
32c3b10b9b9d3421,false
0a8b4fd7dc3bf03a,false
26b514fccbbc5057,false
26df01226d297d3a,false
0d931d17523e990b,false
30a59c478204ab95,false
2d344ab82b9f4ae6,true
0d847a1a7a594018,false
025179d0b2e24f28,false
170887760e46a316,false
1a2a2e367f10abe7,false
12dc1b5f65092df5,true
10350e65bd34c72e,false
27512e50bd3f6dc6,false
09aa3b0cd89edcbd,false
24560e9758d08ba5,false
28f99bfe563d7691,false
2a4709d1ce6067e5,false
1bcb88358635c080,true
054dbea61365c94e,false
31e3d289b2ba6e4f,false
2ca29952f2760202,false
16e10eb65f0895ab,false
021f3295c2e366f7,false
06baabd9f0ab0072,false
2a1f06cc38bc1ee3,false
10185e3d174a1315,false
0cb4fb3438c2709e,false
1112e99c0f7bd625,false
2652eb6b8a5eb1fe,false
1e93db403329f667,false
0ff5e594986008b1,false
0113b6e6783969fe,false
0abe995463c5d6c2,false
1c8eb5d1315f6f95,false
1071f7845b2469c9,false
13f34ac234229109,false
0a25711574d10344,false
18d390bdf0df8b02,false
03bc2000d5ff3522,false
2e29be61532fcd71,false
1a2150dd34c3ab3b,false
0818f13a12c5f197,false
1e9dde81ebe48d5b,true
01e11eef0cbf4883,false
079e854872d37899,false
0516cb776e4f5a6a,false
1b7c842f56a03364,false
109a10a64b803cee,false
26f466e20372fccf,false
143a1cb62e60fe66,false
17b25bf5d8a37a32,false
18f86051954829bd,true
04d925f16c8bc652,false
0f7f4f0beac57b3b,false
231f398efd3f1c52,false
0037bde0780f7962,false
29890b8aab617c53,false
1bf2643cabd43467,false
09805847095ded54,false
2e59b69f2e09e275,false
276df672a2421e1a,true
30eeb3f271ee4aa5,false
263a14dfd92d001c,false
0777dbc324d4f1a1,false
23363c3698bd6741,false
2be1477086536f8e,false
277f864796437cb6,false
256ce284da8f52d5,false
1d6583c0c569084a,false
05c8237e604128b1,false
00103605146412dd,false
241dfeaa2e26ef86,false
0f4f51c920aac71c,false
2a0a560e98bd0c24,false
24d23e339153f07d,false
2f456117cbc5c4f9,false
160384662b6604c1,false
2c35e771eaa42b4f,false
2a216031dd44f375,true
2fc7d36157ca29a1,false
2f0c0ed289e2e27a,false
19d3d9cb8ed0306b,false
310b8337e9ad5ce3,false
279607c687138776,false
28aaa343627377c0,false
1021294f23b996d9,false
1ed8058b3de02e75,false
3269bd8bd7028f76,false
0d7d8ea25890474a,false
331caea3cc79c1ae,false
05537c413abf9581,false
21fa1823f8f2b0ad,false
1074edcf19ca3a8a,true
23583ee9e5572555,false
0faa203cf1390f30,false
0015fd59508acd64,false
0fbc11356627054d,false
1aa416a7049b5da3,false
05a887949358b3f4,false
024495333216cba7,false
1c3e653af98eb69e,false
0221526ce424c8e9,false
1d01d3594d40d320,false
106296c745f0effb,false
28a76586aa2ccdb7,false
293664a1ad2d2476,false
14e0f8404bf1f79d,false
0a540d780fa03b45,false
2a51673496823c41,false
22ae44a527a18591,false
20d4551b2cc065d6,false
251b59e2756bccc9,false
21b939921976319e,false
11bb894b96518f00,false
02adcace0ad75f8f,false
2004a786615195d6,false
2b9e9121d58b8a0a,false
0f6204ea1a8e58dc,true
32ed992ff53fe7af,false
0f8cfb330102433f,false
05e8288a2bba8819,false
2707e18d8f440060,false
000661d1be9a4f0e,false
27105d85f56c2ad8,false
040f6ccf17d5f378,false
2de51d2243fe91c0,false
1b526fbe3a4c6b7e,false
25d35d2cf5a3d027,false
0bcb4c4b4d344bcb,false
1f70ffbfe20d7423,true
2d70c3fdc36d5bd2,false
090b0343d4222324,true
2314c67634d66903,false
094d1fc93596e27a,false
244ae622c1a33475,false
24d78cd66edf3a55,false
116f918ec84adff4,false
1f1cf6e8e7433899,false
30a95e75463d132b,false
0c6743aeaf3d9ebb,false
23fc6500cbc41447,false
26419584a04c4f6e,false
0beecd9bd150f9cd,false
2216ed9fd3644a9c,false
243e5e265326f30d,false
11bad8633ea58788,false
0c8775a03b537f5a,false
232c1d127ae4d81d,false
27c2c41d34fc6f22,false
0c32319b9590dc53,false
0d0563d18652cbe1,false
28fd215ec335b432,false
01b35360ceac5a11,false
17bd31d9cb167706,false
2c95fd0af7f5ea2a,false
06763b28f7fe89f2,false
2ba2818298f18b59,false
268fb93bdb3a1f9f,true
3036dc8b5ef59d32,false
1bfbe50bfa17461d,false
16050ff9020b9452,false
2ad2d9d938accc72,false
0e06d33605cbd8ee,true
28c280401b9f8483,false
0f03981d0a3256c2,false
233dc25318d842a3,false
035804423d833de2,false
000519f46dd288b8,false
1b187c8bdbd38c29,false
223fc17580023261,false
02e4b9ccc1c91541,false
13b1a878dfab831e,false
3178e25b85198e75,false
2279a7ff9e102717,false
1722022593d6671c,false
082114a7bd8ffd79,false
0d17d4d5e684617a,false
25cae223971a5150,false
0441a7885ee49d21,false
1ab96e8a1440cf9d,false
2a35b16b8753ff61,true
2b0055a64ad99398,false
0366a77c951b0a9d,true
22d11e7c8a3dcc7e,false
1ce892a4d3df96a7,false
2949b8d7228f8191,false
2bce534335ad0709,false
11d1c3167aa370cb,false
2cca5b402cd6927a,false
3185b84391eef96b,true
17ae44c04af2b714,false
30e0ad32f37a0a59,false
0d53a8a956f6bc4c,false
218ae213e6ee450c,true
330039644fbedd45,false
060d7dc184e6ed57,false
2c56d597a9d71f7f,true
241d797ded47ae03,false
07cf4555d091c63b,false
134aaa73b74bf301,false
31beda33ff7474e6,false
170a861ab718d858,false
21b095106cede0d2,false
1464d5d9cb864e81,false
177184098b6775c6,false
2572e017c885ca12,false
142bebac888a5401,false
0c2a9fa5c5b0d726,false
043922ceacc9b367,false
10a25e94e448def3,false
160dab1e0af34e89,true
2ec9fdda27fad9d3,false
2cbe176eca328657,false
1786b3c6a7a4d816,false
076cf3c8ff11213e,false
0c83813b4b1ea047,false
0890ed7352aafebb,false
0121b5ecc447d1b5,false
11d90e78b5a4e6b4,false
109659184ee56a90,false
2d5c09dd022787b6,false
2ac0ae27a8ae2359,true
16f61fe527b7ae2b,false
2abf6478a8e9e643,false
0af385ddc6fc37e8,false
2fdc4ee31562660a,true
25d084001c556cc0,false
089d2e01c114b588,false
2c23fd7cd82d2718,false
1b5f71b3bc87c72d,false
324c06c3692e3d5b,false
0ba7225fba68716b,false
0312bfd83993ffe1,false
15ead25091d46234,false
0307b6030f7be710,false
255253e4138bcb04,false
245f695abb0a61ce,false
25147599713939d2,false
1a9b926ed7e5a650,false
10156d2b3aba021d,false
10d1c7f5b3aabb30,false
1f0fc51afedd6e12,true
16d7355c0247186f,false
21321c501b5446b5,true
1d8da4cc1fb77815,false
10835fbb63ac56f6,true
27f88bea803be041,false
2e9c607996908ef6,true
1ee439f2d6ea78f3,false
3090cd1d18c0bf34,false
1a384ada4e20f31f,false
2367d67b688815ec,false
03b4d8e9a6c95f39,true
1b2040cd3e4d49fd,false
226c818e35e53c30,false
17740db9ae558a07,false
130df07f2282ccfb,false
13a57ca16da9d9bd,false
2c55f6f11e9fa7c0,false
2b1de07770c1f34f,false
00f3bc49c12645a3,false
07da9d087f5f5e11,false
09ddb10945b67bc0,false
0608099337899934,true
1e1fabc7537d3620,false
0b8f2412024ace8b,false
02cd932b7e28c7d7,false
28bff39314a45d06,true
08eae18565faa980,false
0593771f415077e2,false
025bc2799697b8f1,false
1e52283002b19e03,false
193bcb88eed8df8f,false
2dd7ea822e724ee2,false
0950a8c07dc044ec,false
3119ad472da5ff87,false
26fdfbf91e1ce29c,false
2d42e2aed8aae4f7,false
290f917a90f7cd18,false
1d5e8f9185ab3d26,false
0548b347f61dd471,false
2ca6b1dba8e29e5b,true
2fdefbbda3f26023,false
15e309c19bf328d0,false
0f96bf0f33cf4cb4,true
322aed5bf562b5b0,false
05e06e6881846ba1,false
03b1d4fca30adf80,false
13cdcc718b2c8693,false
24129a75d4e9f7a9,false
1e2584ba84422d01,true
267a8a62591f76e5,false
2d0601b3e2ac60b4,false
2a768220b9f130b5,false
2b92c15486afbfc1,false
241689419e3de13d,false
2678fa135f1ef09d,false
0590bcd83a675ebf,false
16c2bf3c5c83d5cb,false
2ff5860a2045c2ab,false
12242b665542c71e,false
12045b1b4ca43b3a,false
2f87d44e26732127,false
2fcfc1f637057826,false
1f08b2cc17834c3b,false
2a1f4f59b8577ffe,false
205f8eb69c32977d,false
05d30b37d3272a9e,false
2a6714c4391840ae,false
27f14f8c64330e18,false
1386957da0278da5,false
103471f9282c1539,false
08ac3fc2e786c15d,false
0ff68ed9325252cd,false
2e8a28b1e9140288,false
30aa73300c197ace,false
232be35f88aca0ed,false
00ce4e644d5813f6,false
091605d1d6001be5,false
17afdc97bc3d4f19,false
0179aad9aed8eeed,false
00a086168a82d6aa,false
17a53121753bc51f,false
0df529f406c912b0,false
20ca777bb6787f89,false
0e485dd93e506d64,false
2987d22c8920f493,false
2bba792d13c78a93,false
063e55f4506657ad,false
03683db7a584c7c5,false
2186323c8b2ce853,false
1dd7a68bce5f5450,true
2916f8f6df848816,false
2e5e4591e32fb36a,false
078dc133dbcd2f70,false
16d9f75ac1953b3b,false
1326c72a264b05d9,false
23c90488d61051d2,false
13be75d6ebb57123,true
2e6991e9d3bdf809,false
0040a2c1d7ed2db3,false
070f9536d41cebee,false
32e5f91cc6021ec9,false
0ff002199972bad8,false
2b8d0b99774e7702,false
03c64bf5e3dddc21,false
1dd6dd445704f3be,false
145e333267059bb5,false
09e18c03aaa3bfdd,false
244ec02e93025fb2,false
0f3200244b394d22,false
296e92d8e7532844,false
28f7d63109762e97,false
3015e5e392447acb,false
0fd57d1de548d3fe,false
306fe7500a98efc1,true
10e200c23b1f5b85,false
2d907b066a656453,false
2f6754d61ef2c273,false
051a42fe13fb01df,false
1673c74dee923f41,false
2a53dede5302c18f,false
263a7c6c8055063b,true
2aa4096c29e86128,false
1d1743d171166f10,false
2abed479e959fd9b,false
0a47167f32f51f94,false
238eb948065a2fe9,false
200bd6977e3bcaa9,false
2c7ab1bf8d3cd537,false
20163705a690beae,false
09eff41012eebfd4,false
16ba9132a792afc0,false
2c21261f28b775d9,false
2989b2c92f67e4ec,false
2c1399cf3c252ef2,true
114b1c873917bf23,false
281ccf01fb781e34,false
2b3896b6b43a44df,false
1844f6a3b7acb052,false
1cb6066a7aa24c51,false
04c1bf12152cb893,false
32864fbf8ddc168a,false
0167f8a56eab9b33,false
156f081029e62a14,false
05b6377d214619fe,false
18ab7b863813f1b7,false
0644446968becf33,false
0abe6d07551d7c89,false
11eb118ffd94fa2b,false
3252e48025fb5287,false
2f4e19963d32679d,false
2fa6987078e89695,false
26982cf0686b741f,false
2db0f847c4f747b7,false
20e3307833826330,false
2f888b9ec2b69bb3,false
1b36f743a79a1160,false
10aac9f6b8bd96de,false
24467edd86bb20bd,false
1e459346872adbc7,false
15aabe19d1573b33,false
0f35225199918ec3,false
27c4a8942d759c3f,false
002abcf41d0aa627,false
12746eefb7854e89,false
1caad87d1ca73669,false
11dd5551bd91aadc,false
2745d524e3095b2a,false
0ccbb750d6af1524,false
0fe8b5af946c4244,false
1223a22eb9e67978,false
11becddecb60e420,true
1f3ebb93acc19417,false
2b9e78817af1c5da,false
1949057d4fff64b6,false
0c9d90f5f6c10c6e,false
014ca485589683d4,false
1f394222d0b79688,false
0d40b40ecd41533d,false
1843dc18780cb2f7,false
0dc57d5d913d7b1f,false
136971e16db6abef,false
21d3fcb5bea2fc1d,false
188464ed31331814,false
201e75c2f76207be,false
1550e870ea799f63,false
0f67cef891826a08,false
25e7ee300b8634d7,false
1a9b744dfbdaab36,false
14aca9791077098a,false
2439e07125e98fcc,false
22492272cc09bad3,false
171316d3ff408b8c,false
06c77ae5e2c5444a,false
1e310bccb991209b,false
1bcbb5887a0f41b7,false
196458d5ccc58cf6,false
24e6311f4d2a64d7,false
1e8f957b477e2a27,false
0fd33d3deaa6c414,false
1a1b63a30050e430,false
068bb3ffe8180712,false
054375c58980162b,false
0600e3dde83c80e1,false
1bda06b5967fdf10,false
017fd8d71c7457ff,false
024576c3a0048158,false
2e3af4766b810944,false
0faf73a0cf56eb9d,false
08217c607f6c1664,false
0169ffbb52359018,true
314e501412ccb70b,false
0c227b785c1b6091,true
247e026df4e23283,false
251659d9e9243fcc,false
1ffd324782060020,false
225de32e5a92d793,false
2960c4d037966ca7,false
1d923b2434c7230c,false
02854ecd18c8f8d0,false
00076ba33078afb4,true
24422e8d2116b55e,false
1d082c4969a7924f,false
1bd10fa6c59cdfa3,false
09fe5f7277871de1,false
2a64156deb62c1dc,false
282777ec76b1ead2,false
2b81b8944dfc02a4,false
252514379409a1fb,false
154370252aea775d,false
03e70200087ff84e,false
1b2da872760b2477,false
27d66a1f85f43113,false
1681254872b7630a,false
2387d6552d29a0e0,false
0e762dcba2f713fc,false
06d218144e1a68a7,false
0b3904235f773329,true
09d3552841c569e0,true
0b5336d4a8578ad4,false
1a04a36cd779bde0,false
1a15ffac4b1cfd72,false
029dea3993530feb,false
07a0a3ef63f7d858,false
17d2f88172ab700d,false
27d29545e7ec866e,false
27d45f6d2ee38f75,false
279f7e122223e253,false
32239cd099013d0c,false
2bce57ceaf3be7ac,false
1bc93fbe75450037,false
2cb46ef62d776631,false
2a6ee696faff80a7,true
1e51083e874d841a,false
0676a9028cdad7f6,false
2c5264647755098b,true
1473d587cf1a1b3e,true
20a7c6085955e451,false
08d3529b41f76ae8,false
01e43bf72f9a2c5f,false
17c9c6a70ac322a6,false
093efd8deae2b26b,false
0ba7f49cb7febd32,false
040cb6b76a22f476,false
16c8086c9248b19b,false
221964dc04229945,true
0bd7d8730dd854b8,true
2ccc7a62587db39e,true
332df19251b65b51,false
1a50cba12de60d88,false
0b796bb3c1dbc333,false
116d9985d1e2f2ba,false
08a67ddc1c4a48e8,false
09b480bd3862c07f,false
1fcdef23366a78e8,true
16a18232a2593fb8,false
124914dfcba5abfb,false
169cac91cc55322c,false
2ec827b4b74ceb6e,false
11f749cfd42a406c,false
0bec4c7a55652bd9,false
27f822cdc7863d5e,false
2382f0d82ffb5413,false
170656d17e25c864,false
27af4fe7de5e2733,false
15d2c10b86a96f8a,false
1730cc51d34c180b,false
25db4bd940648827,false
0504f64a78f677db,false
090fd2f815ea43bb,false
045680d7bdee3503,false
1d2b15a1851a70c6,false
105bf479ac6f182e,false
28b81c71649cae94,false
2f82afa2b86bf3a2,false
25386f9090ac98b2,false
291b5f05edadfeeb,false
1a1b8e0e10de2317,false
22a1ba545c6f452d,true
29b88876c591b731,false
1b8d4ebe2366065e,false
0d8d7be19f640479,true
177e8e6ac8810b89,false
0e53b0867c932216,false
285ff4d9c268de7a,false
1f88a23fb5040fa1,false
0c1633ff87eae8a8,false
027834a9a2d3a0cb,false
0438bb008508e6cd,false
27b403ca8883ffee,false
2ad0c7b3c576eca9,false
2cd76d6483829184,false
044863c31e0d8839,false
086595983b73dcf5,false
3085ab503ecc15c2,false
12e2d795bff3b690,false
2a896d1348278f2e,false
2cee4eb7f20a6363,false
1d767fdcf1beee73,false
30bc22e3723b715d,false
03f922f4bc1770e0,false
13b900fb19bf91e0,false
021a531b13e347c4,true
175bdc7a7ede3e6f,false
131fd737d7ca2274,true
30bfa423c8664ce2,false
1fa264a5d4300dbd,true
11d4ee62cbc4a849,false
1ad5f2b731c0dce9,false
078144f60decc382,false
18cae8f8153b0959,false
16b70afc1860b33b,false
1acb35e1da8a64d2,false
0242a90158320e07,false
218fc88858b3e14a,true
0c672bc99013a4c3,false
2edb7e5acf79ed3c,false
28930402db98a7f3,false
23bff9a1faabc24f,false
0c758e08c96e97f0,false
2fc92d6b183783f1,false
092804411890a736,false
2845aed16cb7571f,false
058b758376d18dae,false
087cfc65d7c61743,true
0f1fe45feaeb1fdb,true
1772cc187db70355,false
08375972167f6533,false
20d77fe00cbb3272,false
082769ed938d1d01,false
260a89032e436750,true
19739622f4a3e76a,false
1525621cf2769e5b,false
271e52d403488a5d,false
07be82f4227fe3bf,true
0912ab7353a080d9,false
0c0c59624fe40a8a,false
11bf170458313d2a,false
23269624926c8b98,false
1ff97891c7538782,true
23d9dc72b264a7b0,false
0022d1133feca313,false
2ee2270356c137e5,false
1415e13a5f4c1004,true
147011bcb8ab302e,false
239ac0c2cfb13c9c,false
1919b59a0147a774,false
15035a1cb351aa42,false
0c941c80334ce936,false
2d0a4901d5cb98bd,false
1aa18e48e7cbd887,false
0adc5fc6c0955392,true
165e140c39408ecd,false
20f24e4f16ba27b8,false
25f692c677a8d4dd,false
151ee9713ff80211,false
128cc35a9b13ee06,false
126a7e71e9b842dc,false
1b403defb45bf231,false
0434a8f6ca85fe0c,false
1a8ec2fd723527e9,false
1354718803c2deaf,false
07f04b7d336586cb,false
25f874bb0ed73f6d,false
25da38e8656d8b06,false
0e983cca533017a5,false
16f0c981e148dd25,false
20249d0dc649c29e,false
236ea7e37ea2f8cf,false
0242a7693aa05ce0,true
29748e48cdc57a1f,false
13c27cf4ef953c44,false
29b4202e2970f710,false
23fe7a5fa6b04388,false
20033b2dd2dae52c,false
10475739d5de8d10,false
1fe2e7faa7aadd1b,false
0f77228441e8910d,false
0d5080ffbe84095a,false
150ad0c47847d2e7,false
24890e3fdcb30c06,true
12ad43068496cc0b,false
289cae8b1bb9dc7e,true
2da1c374f4775db7,true
09ebbc7fc22b306f,true
0efcc8bdea6adaa3,false
269c1347c99b096c,false
202345ff98ac7c34,false
1cb772307f611671,false
122bcdb3ce5ecb91,false
0b55e7732c71dd08,false
115769b935d7ac07,false
1b9e1d2c5d308495,false
2020e410bd98275b,false
30cc474f52ab1307,false
2549791da886e880,true
1e42ee55c3bc435c,false
00ad6786874d77f6,false
27c9b823c1838975,false
206fb785a31fa9d3,false
15d3b0f1a59a2751,false
211a79ea79a3b7a1,false
318f7be9845e19bd,false
0dcba4793fab2853,false
14aae72a40eb1f46,false
311fa7d7ab9edf14,false
0d0a91614e818e77,false
04ebe2c65ae569b1,false
1deb4e6d28435482,false
110b091ae01bae67,false
01e4891bd459b1fe,true
07a65bda20406518,false
30f4c727bfa40f8e,false
1281e63465611728,false
2c5a82713207a15f,false
233d4b650c01a871,false
0393a93ca33a2069,false
1572a9f5e9ccb9c2,false
0e7df4f0051c8226,false
1316d3a44b0defce,false
14fcf88cade1c901,false
2f167f8fc9b28816,false
29f5c704092dd683,false
1970fa4feb7d2de2,false
141350073648cf00,false
08448178fbd72c94,false
0545b5eedd138443,false
164f48179a5255df,false
23dd4a9c83fbc935,true
103bbaba92af05e7,true
05fe390cef2d3bfd,false
2ab0ea4bfd76bef7,false
04f4dac9d21c2cf1,false
03c4e7f6b94e20cb,false
182797d0608d8c76,false
108e984dc076faa1,false
24848c5536c6944d,false
2a6180aa0d507bd4,false
01222dff8cd4d444,true
2a895e13b9880c6f,false
00126fbd6bf7bfa3,false
1f279f82b4cb59cc,true
21c0093ff017af3e,false
273595cb62b57e20,false
08cbed8ca4bcb950,false
122b6d874f95276c,false
0087736c822a8deb,false
0a1b47158c2afb7e,false
083f085475392f2c,false
1b520ad9f06ea980,false
199c84f94fcc457b,false
132d5c8cbaa199b3,false
1481e492b696ff91,true
07f70979e0496285,false
31c7699b1a701d26,false
0f920b8aeec95c80,false
2a4e3b3479a2ab8b,false
0478799a3c9c7d60,false
06aaf30f45c50351,false
30dd110bed884ce7,false
1a7e0e5729cd73da,false
112a67cdc1bf1a22,false
20424f5b8416a7ff,false
000f154a2ead4e25,false
1a5cbc617fb2da41,false
2f7d551f9f470e0f,false
1e9fc27f237802d2,false
006b14241beb4e2e,false
1aae1981876bd84a,false
0a04a462f30f9ac3,false
16715340d7b45766,false
1ab9f5eb07ae10fd,false
31b258be3ec418a7,false
0e39904cb794772a,false
10879884704c2010,false
2fa7aecda50d78a2,false
047345349338e5f5,false
0cd67636e8340c38,false
2939c140c2a62c45,false
2cfa1bb0af3a75ca,false
1e2e51041943eeaf,false
0c1752d505c6a671,true
2209d2b315edf96e,true
2943755e49706929,false
1cf03b19e72a7dde,true
319fb005c3510772,false
19fead21c3989e6b,false
1af991cec1aa6f5b,false
04a842377c690bd2,false
2a8b5c011d68bd13,false
2ed2d70df61041f7,false
0220a2e5f15477ff,false
1d65037e890f0894,false
0bf45f07f6e5af1f,true
044fd9315c50f3a4,true
0553e5c0729a8511,false
112271ed7746fc98,false
246f032dbae5ae1b,false
1842518eadb97f1a,true
0247039ba8a67088,false
28709c2d476668e5,false
22159f5054f1b9c4,false
19d9f7c2ae7a7ad5,false
1c3bdc9d8e437bc9,false
0a6a9196b797e522,false
17bf2145dad8968a,false
12db8bd7ecf38446,false
247c8b330ad87306,false
177270c5220aa0ed,false
23b528a213e00241,false
10e2c6b75771954b,false
0fec29adbceac829,false
0972cb5f9558ac42,false
0ea0016de6f60950,false
1bf5f56e9ea84bdb,false
14281474b021e249,false
2c851b62757904af,false
30141e64a57dc216,false
323c9100d3e5fc2f,false
0f9340b2c52fe224,false
1265dde951c5a115,false
21afbe850a72f99d,false
171acf141e7a944a,true
31e6d3fd77277cd1,false
27eb6cd1dff3c2fc,false
28bea556ee91c722,false
256ce1eb630448c9,false
0516b88847a03c10,false
016bd123492fb7ec,false
1230774072928432,true
014d9865ffd226c4,true
2eb4c9eae4047fe7,false
2409caa5dfc09a33,false
20cee3fbe3708390,false
118e0d23eff17850,false
0cfc8190db8cc165,false
0ddbc140ce4933bc,false
17ae8063e55f3a49,false
0d34cff521b72f01,false
223e8475c318014c,false
0cbb6e31635c5691,false
17142e0783391ddd,false
1276dad0ca54fef4,false
3076998c85e660cd,false
07adacdbbce22d2c,false
25ce3f47124a7898,false
2c236f6ac51675d0,false
06cc591343da7b90,true
05e4cbb0c3e476f4,false
09da53306fd7333b,false
2e9056298549ceed,false
01a55cbcfc77d243,false
1a1e196e47eb792e,true
22910bcd54f74623,false
206cb00838afd6a5,false
1970d71602e96d81,true
219b9bee8f0f05a7,false
2d8985317a22b0c5,false
162df7cc11f096f2,false
2c7639c7f20f94af,false
052aace70c03497d,false
19e806c5e0c49180,false
274cd1883eaba630,false
00d40880ea0a1a44,false
190acbb5d3f185ad,false
1e158456677e053d,false
1643c6378a825752,false
1d8fd04d619d6fc7,false
088be661cf205755,false
142361b63d5f18d0,false
054860ef6f8e7074,false
0e0e6769cf38a749,false
31178d4b72c91714,false
20d799f46b7e548f,false
2055dfb9080d190e,false
289703cb73357931,false
24a4fba54be58d96,true
290b63acfbd9812f,false
1daed96090620482,false
2dced4b022aa0cf9,true
056997b3e188be38,false
162ed3e7748314bc,true
25940508c6fd0928,false
01e1b0da7c15afe4,false
320b66301abb2faf,false
2979cfd837bd8ee2,true
052032d55fceca68,false
0d5a8eb0e7f16da3,false
2a5a615591b0b697,false
1947534f53a4f648,false
2282457f8a6564d6,false
16066e2d590f96f6,true
267c03dd46101724,false
1b4f725cebf62272,false
2f1f839fd783c56d,false
1bb3851caba4fe0b,false
0819a061cfb4b6e1,false
15fdbb735309f762,true
3226c647d6fc4ced,false
133c51b2c72effe3,false
3096667013f69f7d,false
0874afde1fad282a,false
054be419c857672c,false
1c77f89766ce0562,false
2860ad01ddab36f2,false
111389d07b8c5d9a,false
2244c5f9c48d2ece,false
2eaf9f29533c7de1,false
160bfeedbe1a9fa7,false
01341d38d73a4d9e,false
2c7bd4e3e2fc1bf6,false
0d0e90a99987613d,false
24bf87c02498c6e6,false
1d3e1ec1c9352df3,false
141475e2fc40c342,false
0845c1410bbdfb46,false
001c84b9c7677a19,false
03ca6210697bf69d,false
2d782a1d894cbb56,false
2247f95352c9d5a6,false
26f5de3ee353770d,false
099b9ec746f59a53,true
0e71eb16e1ac9057,false
1d9fef8053ff8210,true
2e59c981d3f60ecb,false
0be736f9b9de67c6,false
25b224cd9c73f011,false
1eed84d3b8b1a27c,false
1363dfab5b6e3fab,false
2c71c564f59b3b92,false
2d5070e1fa455019,false
0566aa105931abf1,false
23c2eb83f99ea4b8,true
253461ab48fb2630,false
2d00d31166b59b79,false
1518c3bbbe0f4d50,false
23f2a308afdf5207,false
060288a79ecbd47d,false
048c6f8d5cba611d,false
1445bdae8b56642a,false
1fcf547de6144867,false
1613c773cd4b623e,false
19dad9ba45c38280,false
1ca2fcc8eea88ed1,false
1a6991587ca17398,false
05ba01ea8a0a0b7e,false
2d4da6c7270567b7,false
2e78040db5ae9740,true
03555da33bdc80b3,false
27fe88e35e615942,false
0f8e0d2b8b468cf3,false
032aeb084814d84c,false
1e27623f1e544c91,false
2485a6b5c88c51c3,false
1dd0a995f3ec61a8,false
1ca8dcdf37987d5a,false
2b206df251db40b2,false
1b3b1f20cf996dd4,false
12e0abed78254652,false
2343a5986afc7ae6,false
2fa3a6243b0cdcbb,false
2c31bbf27774dd36,false
1c2bdacb92fb204b,false
2a42807465f108aa,true
303482eb8cf518e0,false
249e01189a7393f5,false
1c8c708c55a7a9e6,false
2f12972392e4852b,false
0058ff1b3282cea4,false
14d78ae41de1a5bb,false
205b7f422250bc59,false
0223ad87a39d1074,false
173524e772f2149f,false
20c148f5b9f37d18,false
1f82b40b6cf86ba1,false
253938b0fa3ef137,false
2fc46a4365e3838c,false
0fe1343c18dcdde4,false
01afc4c2f42fd76d,false
04f543e2975e13b3,false
0279ec7db8139b3a,false
0cb36a51cdc298fe,false
0723e3e096df7b4b,false
3259f0e225c6da5e,false
2ee8d94c7411f04b,false
28c2f7a998dadc10,false
279505c653d0d449,false
1ee44c9f9372482f,false
20046235fe9768af,false
159cba7e6d037da0,false
0e0090f4f1ad2961,false
16490e624bcad658,false
2bdbf12d6f26a6cd,false
2550ffb5829c6b68,true
3236518102412d02,false
2370ec226a7d9fef,false
1aa4314bb2ce9934,false
0e43dc74895faebb,false
12896c2dd939af7e,false
1c4ae0ed7364880e,false
21398011155a9709,false
30f14d4b5fbc61f1,false
215a9c4e83fc48d8,false
2e98b8d910a74992,false
0dea60dd9b93566a,false
16220f13a5ad0cf7,false
04451c3f3392cc1b,false
00c6f7bd26d6e29a,false
107f70860b1aac8a,false
03d3eae25f6cf1bb,false
2ad961fb2a3546b1,false
164977859bae09f0,true
0fd68d03aa0b3a0b,false
2fb13fd09680a9b5,false
242d1f9b1616c160,false
2c01e97dc5bcb6e5,false
0f5f5fcbee441f0c,false
226c1bf13a977ac8,true
160ba8fbd5b9896b,false
2e0e9178acdedd22,false
0de86001c68d96f0,false
0bacab0779f1693c,false
2adbdd81b3f6aa3a,false
2fd1fc974bbe8e3b,false
29a7f20958090c41,false
0d5c02f0f21f56fc,false
0a9ab41d443c911f,false
0797245980b090a3,false
3218271a7ae9fbf1,false
0abfb8ac1a77cb2b,false
270509fd0859b78c,false
00d8a42304be2e8a,false
31b30aa5bbaeda61,false
09110a6df3320b8a,false
195be289d6409bcc,false
1e575527f32bbc6b,false
2426084fb7fd7cb6,true
255b8021581a257b,false
27ffb967d065de97,false
2090310b32f85ee9,false
195817ac206453ee,false
176a6c856919d810,false
00a968498e33f7d5,false
214de63a6e02d8fa,false
2c16e31db109d018,false
29fe9c1920513313,false
2996ca2c74cdb5fe,false
1ab578ae0301a407,false
0f551cad38daba00,true
17923c7daf87344a,false
2ac5381b40048c23,false
0dee679fcba4f05a,false
2400ac236575a519,false
2ae96236115ade6f,false
20db20045e4fc380,false
29ae16bf967c351e,false
19ed7927d0ca4fad,false
2020efa72d5fbecb,true
117f9603d1afe488,false
1fe8904fd883e876,false
116f54c0bd711c6f,false
11a2af6e64b1a8ba,false
11cb36fc5b8bc4bb,false
226026de1070d75d,true
0dece2f912720c89,false
0d092a970b5f5c0d,false
2df9d5554f14e453,false
0ecac19305263b80,false
1f14010d0f9af41c,false
1b6cc1d2577fea1b,false
0c19f2bcd6c6e68c,false
0a4ac8345d3d68ec,false
2f32d1f35aafd35a,false
1f78876a7b70985e,false
1923e828771396c8,false
0fcdddd6bf32871c,false
0fff396f5da5c003,false
224993b540f11489,false
1e85f4ad630c9e94,false
28fd8578f562037e,true
177c09e6ab27d1cf,false
2db1e5c823115387,false
2304021a9f8bea95,false
1dc363b8d1982c87,false
1a30d45669ce40a8,false
19347cbc2a128353,false
246db56bac8e495a,true
20ae878b89c515d6,false
219a7cecd275cd90,false
332edb0e6aff9075,false
119882c6bc364d4e,false
0d468037053b2dd2,false
29d9bae5b6543961,false
0775cdb253441ea3,false
19127067633661fc,false
0e0a00c65e0cfbea,false
228e48cd6c4d917a,false
0a03e30905af5211,false
2bcfaa0d05e846e1,false
0e0626fcf78ac729,false
1f3ee72d41ae43f3,false
0159e0f9758e5d16,false
1317e3a69ad5076a,false
0f4382cdb800d600,false
24ba1344a4949961,false
0098aa2a8d950e72,false
025cd4a711f482ac,false
029064160ad172b7,false
062158bee6278a60,false
0a8f25d3f6f3f7a4,false
1db36b2d29b100d8,false
142b4e6b69184d40,false
11f6a39c8632dfd5,false
25ee25a231664545,false
27132939d77b5993,false
24d362b6681ec8cc,false
1b91398f095784b9,true
2aacd05e227b644c,false
0cace083904f5657,false
067dcc6f253c94e9,false
1f4a3def5700e357,false
30f2c5485a8d919c,false
235bd3ce00f9caa4,false
0a721aac8f3d3ee8,false
2d83294c94988d3b,true
1c4ebc62c5290afd,false
262dd3cf26968611,false
29d8c4ccd9f4483e,false
0151319cea0c3780,false
18a8efb6120b7267,true
254a76c905217c73,false
1422631f9a3a9878,false
08b82df739edc1cc,false
05574c195aa0d067,false
17c59cd969e2406d,false
15a64bf7f7a60d94,false
19f53090e0deb12c,false
091f677c2d8ce37b,false
2bb3552a57864235,false
1312fabe51b83a2a,false
17da645423001792,true
31d970cb7c130f02,false
24c38fb18610d54e,true
289dbc9190725fef,false
0fb6413aa1a39697,false
1fe72e800eee32dc,true
0df0121639e8f2e7,true
2de62e5052663c81,false
026a8f15c477316a,false
10a03599996e9557,false
2a75974a611e04cd,false
03e75e6ed56b5b3e,false
1cb26ea61cc5ffce,false
19983e42413b401f,false
237744c073231ec4,false
0a910fa03f3ccced,false
1575cce0ba0c6dd3,true
1fe6a7fa56a355fe,false
192887112a4cc43e,false
1c986a11a24140a1,false
08cacd28c16398cd,false
3085d3321aa9d3ba,false
104a5e5b35c95987,true
32f927b779351ef8,false
1f885583cb1955c9,false
14e2d144c902e2f5,false
0acf37adf70ec152,false
295581221f68d80e,false
2accaa6a34a34ce8,true
21b15059fb48dff8,false
26f3db011241012f,false
298c32a40e3ade5e,false
1ac1a4202a5705be,false
1ca2fa1c52659545,false
1bdc8b47f177b6e8,false
11ace47c7aea02e1,false
157724c91a1c27c4,false
0557479373605d0a,false
2b8d9f7f9aaea733,false
0d7343b09ea7918e,false
28becd8925320496,false
04314e678979bde4,false
08c88de592e6d6a1,false
20db22603ba6c4b1,false
1b7867d9b7008d9c,false
0c47b18c49f93c70,false
08bb548dc06b3d06,false
2ccc3e6868a95912,false
06c9d8f0f6e02cca,false
29dc7e26db44c430,false
20abd43e5b5733a6,false
1b64e40feba02b35,true
06eb6e2c80700246,false
1d91198c96d11883,false
08cf2d6d56669984,false
1d25caf223873553,false
04dad431631c6f52,false
186ba87b96e85ab4,false
1738af114ffee6c8,false
1515980c18626daf,false
1c03acf7cb802a28,false
12894ef066b6c25a,false
1ae7ce8ccbd67f41,false
2d349eb5192f206a,false
25dad2beb90c4679,false
0b65b47d103e9c82,false
2701dd65d60162d9,true
16be6224d0c6dbbc,false
2249057cd99a845e,false
1094c110cef39d8c,true
287645e7a9948be4,false
08d7d8460b0cd4b3,false
0924ff984a02cbf6,false
279b60dfe308a2d5,false
16a17012f82c2f8f,false
1d3d2a041e74e660,false
16c392071962d41e,false
09bcfc68dbef43f4,false
0bdbce28bfeec810,false
1a336bb7a51117c6,false
0559fea9e49c9f67,false
1cba07112942a126,true
2659f32933406254,false
0758f9865b766163,false
0927a23fb16df7d4,false
1e5117248db05583,false
2ee66fbadbcbf7e6,false
10b184cdebacec48,false
0978abd5fcd02cf0,false
329d6e6b50638722,false
1be7e490aeb91810,false
2d78786769779b14,false
2b743a569e00555a,false
25f693b4b823dd74,false
1267033a458666f6,false
0c36ba90efbc68b3,false
1a169a64709dd46b,true
1418fe1a2f749d66,false
1450d6ded88c9a13,false
139fad9a31eff7a2,false
212437183ab82ecf,false
017d7cea6c1ed7cb,false
2773b8389ee2eec2,true
2fd3cb5422953d1e,false
15d04dd936c858aa,false
0e801e911c35645a,true
23af98cabcfb7bdd,false
2ec558b895893744,false
2b4440a458110322,false
30aaa1ba50e622fa,false
2406bb4692badb8f,false
1931689324232f64,false
24e094bf7eda4bb9,false
287412e3f9e766cc,false
1deab009bbd177cf,true
30828b0b8a0678f3,false
1b87b76e43bca22f,false
08c99c97b84c6a63,true
2368a1fb9701a23b,false
3123e0b304cb32e5,false
0caa5b960d2663d7,false
1fd67d4545051938,false
12dea190fb131742,true
0742a4febb871595,false
1dcfd1286a77ff81,false
2d186f71ff7bb8fe,false
1d99aa1e2967e2b9,false
04470558e35fb108,false
0a9a59017f569110,false
23f59f3b8b0a3981,true
3296158568f270a4,false
25f7d94087bc242e,false
0a78465f12f73324,false
221db033dcae1906,false
119e87f8be704c24,false
30253d970ea7c618,false
1894aae880ce4b72,false
1f048c4835074f43,false
02ded1330b89fe92,false
0e93de93d1c0a9d0,false
2d03924abbb1307b,false
1bcc190f433447c9,false
201f278af0d806fa,false
0966724b606619a5,false
3167b13b918ceeb1,false
01150fe572f840fa,false
1c287f1d9e4bf285,false
1355c90e3c2cdfad,false
1a2ef4d5e36e3908,false
16158681fcb7e63d,false
1f98ddcfc2a655bf,false
03f214be8e9ff004,true
12be8837b5d240b2,true
0c44e9dc4e7e94df,false
149bb1e90ff066dd,false
00d8162910407293,false
082bb0368a4751c4,false
031a89b9b2794df3,false
33089af4537dd1ab,false
1d3567a23a5ea165,true
1e80fb25cec78fc3,false
194420682ce39058,false
24ec3117e2b0182f,false
2060ff92bca88edd,false
1c999400969b1d26,false
223ae5033d1c1493,false
0ff41c9d4372b4d1,false
2778188bbea73343,false
1e9e5a2d5f4d5c9a,false
2b5c3f205b6cdd42,false
0ebcbc732fd29b49,false
191cee10d1e311f8,false
0ff580a19b283202,false
2ca7ec9ae4fe8fb3,false
0a212c881a7df468,false
0584e3872ad87448,true
28b35320a0bcc197,false
0beeee8854ba93a3,false
2893f3c8bed9d31d,false
30a1735be86464be,false
0bd3b9c49dc5837a,false
0030788e0a1e298c,false
25eb5339c283421c,false
31755f323d3ea483,false
161c1f962a61d3a5,true
2d0279bd2163b532,false
141169ea11c99467,false
06e21ad328d68a0e,false
32ba716bda239b30,false
2e8571f553c48657,true
3159444112ae88fb,false
2f0d05a281354c70,true
050a670be0870ea8,false
2f433a93621f5bd0,false
17aea0a2ad791a69,false
2347f4c60693dc88,false
1c0b61e036e0b8e8,false
0089028f2e85f251,false
2ba3ce7e25840446,false
100b72d4d96f25a3,false
31414e15d45cbcb6,false
08e59df9d0d03b21,false
2ae0292c96184f4b,false
02fd6d158e142f0e,false
31166483ff9415bc,false
1e75795455e7c04d,false
2d468b0bbe1080f1,false
16e0acf92138b381,false
219f06edb19c95f2,false
10807fab71c343d2,false
149d6c4d9d30b7b7,false
0392f8b03e5a839f,false
14842cef2142d5b1,false
0a8e818e15802885,false
01c26519dcec1bae,true
038a7ef4f86cafa0,false
26c1ab28c5620dee,false
11098cb408c0cb66,false
29240620205d4b43,false
225c9b200f48ed35,false
23a023a2b7dcda7c,false
212ac55837b04bf7,false
17da2b970c5ee38f,false
1436377bf31a1a1b,false
0180f2afd301b99e,false
0b2bbceff961be58,false
23241a204e7a4422,false
06a9e4249d2f3641,false
12a1613e032e63e5,false
1c38c3c1494f30e5,false
15e09ef29b6974f7,false
29275d654566cdf5,false
1b5838edba0acba3,false
1db6532a7ffa0acf,false
15274669277981b7,false
146de4ba2106a03c,false
1136e91264ba2b86,false
0a8478e5d8c0a283,true
235e37adaad2edd9,false
30b8fd29b31f2283,false
075dc0383d5b9366,false
1b861a2a2843d1ec,false
19a0d100df386cca,false
146de126b821e3c0,false
2f25189f72d641ef,false
109f357d4c0d4cd7,false
00a45ab94869141b,false
178cae62c53b5ec9,false
14512a1af9188d32,false
0f37535bf3520ab2,false
0dfcfb191f0baaea,false
27bf7fdb9b387a05,false
2bd8610d17a9cfa0,false
1d4df883b21892fd,false
326a07530a069b73,false
2007684044fd8596,false
141d93fd2529469f,false
097db5804a8eaa2e,false
072471e655e4a076,false
0c61db328c8038ba,false
2c5de177b4647bde,false
1b5a22a9bd1cf5d6,false
0f4638d474770078,false
1ea7999610fdf0aa,false
21ad822c2d71e555,false
16baa31e077f4dd6,false
141404849f2fdc4f,false
178d1c9c721b06f6,false
14340dbc5f47ab58,false
234963b2caf018c5,false
00e38f7ce4b4f689,false
15ce1374cc2e0062,false
25af7508f4223d59,false
1cc41c642154e754,false
0e96148610fec689,false
24be3db6b4f136b4,false
1cae9c45fbc55b92,false
0fdba3cddef49235,false
274ccc9c4c4b8697,false
32c1c76ee4ca6ffc,true
16050f1ab27f305f,false
123e515f39ece86b,false
2221c0788fbee474,false
08d03531a7a65961,false
315b6b6e6de5ca9f,false
0158fa615cb19352,false
1318b631423aa280,false
2d42d1d6ef4b1083,false
14f9d06655677351,false
1362f4a6a12cf6e2,false
2419b65ef01f3f79,false
0906b8cfd2fd0bbd,false
0167c31d3697e0bb,false
03760fd648c1322f,false
30de04a6a59aa7ec,false
1ae9ae60953ca22f,false
0609156cdb35c51d,false
1b9ad9d2492ae7a2,false
130504c91cedcc6b,false
02a2e3174d641ed6,false
1a2e513649220826,false
2b1a2f132496d24d,false
21c54e5bc91cb734,false
1509b21c6d98a91d,false
0de886f4f5360a7c,false
13bb01f566f6cb1e,false
2a1c0c19be88cdeb,false
14af169094bbb544,false
1f3acb1a42162fd5,true
0f1552a5d2ee87ef,true
0595053ff145aedb,false
2451dfbce903128e,false
1712cfd9fd9de966,false
1a49dfa9ba05e4a8,false
1c73cfea3282b5cd,false
3253c75b725d10e8,false
2d0280e9b6e8cfc5,false
13b9c0ae383c7ac0,false
2c3234d4b2234cb3,false
0084e2155b58eabd,false
2f807bd1ea7e1d5b,false
29d9793360368f5c,false
2bfcd2aa074d699c,false
06a61cabf53c8aa3,false
249624bff9652a16,false
224cbe2b5aeffeb1,false
17bd7a59e72c676e,false
202d6044b4880c02,false
200291f45da6f81a,false
2ee2426cbb51ed84,false
2de926e01b7bae1f,false
088ff2713f4b4a88,false
14a0279d94cad1f1,true
1977c1a374c5a688,false
2628f29361b6a7ea,false
2d4c36fea12e1b8a,true
198822080d50fcb0,false
3017e5624c450474,false
114224856fe94d80,false
16bd632cfdff1717,false
08a26028c6633243,false
2d9f20f7ffcb858d,false
29f9ca61f4c9f454,true
00123df9f195197e,false
31fc08ab5d16d216,false
03c794471ec37ef8,false
18298cead18ee1e4,false
2a328e0ccce65e3f,false
2957173b9bbaf835,false
0aff9abb993d76ec,false
085ca5162545cdd7,false
18bc68c18fda51d7,true
1cc1e686d7187097,false
2721a67c813a5be7,false
252738e66a0e20ad,false
315e99ac276a291a,false
29e920274484f95a,true
0ba9732f3b1523ca,false
07117dd4fd98c25f,false
1a377b2806a21885,false
15c30d038608066b,false
0173405d4c56fdea,true
01a15f0f8fda75db,false
13139164f074e43d,false
16a2d47ec56563b7,false
004534e16f5d0eaa,false
01a74fa78f787107,false
0667b15644d17791,false
294485c94a649833,false
0e05ecd8b56ace33,false
16c39a99aeaf2864,false
1bd89fe7f76daa40,false
2115f55fe1b28794,false
32ad84703b9a455a,false
14c3bfb3a5ee4b01,true
2c65f8f4f529b05e,false
09285fe03028b021,false
1fe927160c591e28,false
2dc9469ac5000479,false
1b0c6e79abf14ac1,false
12f2a713f1134d30,true
0d9750648fcd1c9b,false
279647a89b96c75e,false
1f17767d938ffcca,false
14c8f26ddd55f4f2,true
0af0dc5475a9058c,false
27e0d5e701219f4f,false
27d7ff303f454f99,false
29ab79fb6a2a39ab,false
1e77587306882ab5,false
101940e7332d2336,false
32e6235d73f6e70b,false
2be9c3651261810c,false
1f3ace7a5e20bd48,false
0b3d8606a9ef6f87,false
099b665346e7679f,false
2a9e6e230245671d,false
0ade60cec72670e5,false
32165ee0be4442c9,false
1749f5f8687b5a4e,false
31afca9a3003967a,false
20842d7aa7b0b25e,true
0047d15c8df24e6b,false
1eb8377694c6a9dd,false
01aa816c6dbfc7ea,false
0d46be0fdb72bb63,false
1d6b5793cbc1d41f,false
19a4f6c4c20c0521,false
3111774bf6602d56,false
139f4465ebec6d70,false
11faf4df9514eb72,false
22ba12fdac8a2bca,false
172bf014ae4108bb,false
081710666c41e65c,false
142dfa8dd18ec2b4,false
02706508f2eac1d1,false
21ba2a4649e120bf,true
2d6b66173130ec24,false
2452a93a12b363bc,false
09a9e3f24312d19c,false
251279db5dbc68ef,false
1e2e51c176cc6141,true
180f83f6b4783165,false
01a79ac28fb2df13,false
06cf38fe43202c42,false
2caa75a8cad12c27,false
054a7859d80b08bc,false
0242ed9e8da52d24,false
25e28c273f9784f6,false
183004a904c699c7,false
3014fef444760a16,false
2967eaa6e247eed8,false
2a6096f9fa61f936,false
17cf3d93a995ae5d,false
1db579dc2379465c,false
2ca73a5a8a3e5abe,false
1c21a9a38447c84e,true
0347a54fab4b808d,false
163a924fbd9def59,true
07ebb247e1369d8c,false
039a9b08c8a74715,false
1de2388e396d61ea,false
298c2bc7e5a7bc4d,false
25730c03af388f76,false
0211cbb05caa76ae,false
0efd734f2cbb0524,false
01f7b26c2b1ff4e1,false
26f025a7cc3b15ff,false
123d0d97eff28922,false
3145ed05e8a20360,false
022f51c0d425e805,false
2e7c7bc8cc8c3533,false
21296a221bc8f75b,false
1634cc9adfa56b53,false
0ec19a484f4b2455,false
0d39841e763b79a4,false
2662296af8f5d41b,false
1ec3a8358716c7a0,false
0e564b0ab17fe525,false
2292fcc69100c1d8,false
323fb415f2eb4e25,false
1c046e4f2ead1406,false
3115a18805d93e8b,false
2d8abda011588d32,false
1fd978bd7a26381c,false
0360d4389f79af14,false
0bde1d9baac7f560,false
2256db24b52c388c,false
304b7fd18fbe11b9,false
173d6e21a02a8bd2,false
06bdba1b180f6523,true
1588e2a885b31d7b,false
0f3ab99354f6f162,true
287d3891710c7b44,false
21460f76c302f361,false
15ce7e1235b1c91a,false
30ee593f3c5d4515,false
1b0aff4d68e644fc,false
065b7a7c774b2539,false
29f5bdbdb8cb40ef,true
169fa1a67d21db9f,false
233fabca138a68a0,false
227c23d724a918ac,false
24409b5d9fabeb89,false
0eaf1c89b04c3fe4,false
0bb10d3223b32288,false
33033952927f0165,false
12bae6bac710c7c4,false
151088b3e3cca1d1,false
050cc4af518047df,false
0ae17c46443bf110,false
2d973335b13ae2a1,false
1e11cb6425dde4c1,false
2af3668f075cba0b,false
069794fb96179e0b,false
13c4552e531c228f,false
2f85f59acafec7c7,true
2166270c26b195c4,false
0b1b5e02b7241de2,false
2f755f2d5a9327da,false
0d81fa3381937c5d,false
02f8bf28e414a9a0,false
1b3de2b5a4819b6d,false
22792ff4d9969212,false
16ffa653e186177a,false
19f5b7b9f48a60d6,false
14f023f010d8afa1,true
0f2b100e6ff1ee9f,false
1b60e5f93f5b2c9a,false
12b131d10d87eae1,false
2194aead8c1fb6ea,false
2144e52d9db73fe2,true
21a079e01a0b34cc,true
109359a24f173cf3,false
22fd8a917112571e,false
200601c0353b98eb,false
29cf66ce63277432,false
1011df3edc5ca56e,false
25b2bebde964ede3,false
03dbb94ad1646eb4,false
11006093f55ceb78,true
302c85ea84f93640,false
2648ecc8c74fc47f,false
0df5bc340b463dd1,false
1bdfcba0c7316bb5,false
0eb116a68c7b62b7,false
22fc038a6ab86aba,false
2253d4d7d6afb6da,false
03716c2cdaa22c46,false
0e60458b8fd02a9f,false
11328a823183ba21,false
295acf0545071569,false
32f209f5d69a3662,false
2a7980bbdcd4db81,false
1b6495da3ce5d3d3,false
07db553f1b6bb6f6,false
14735ccdb63d9868,false
3082319676064251,false
2ede20af42ee2535,false
10638a6a006591f2,false
1f3287ba3e149530,false
2ed7a4c7361c4635,false
006012fcc6ef0c9f,false
28f82509b191de36,false
0868ea9beaa844fc,false
010b85c7a0414a63,false
1da2a52ce8c9d294,false
1d8424786e3cec34,true
1d787d1489bb28a7,false
0a3738e755252b40,false
25a69639a5457ea8,false
0a2bb77b09e0054c,false
26d01fddca003cfd,false
234573fa9b6a911b,false
027d909db33722ee,false
15cb57849be0f8d8,false
1cdb4ff7b7f01c0b,false
0649fae484079b5b,false
15b22fbda7ba5a53,false
01a69b47f5a6cd6d,false
0f04b5024852770a,false
14700c55dd523ad9,false
19eaaf56ba81ff89,false
31918180c4a66a99,false
0fd9f8f94b0805ec,false
1a6bd5809e9be898,false
2850fa2a0bd5c1e3,false
03135be0fbf31870,false
30a68d6e75cdbf11,false
16f2e98cde4fea29,false
321c8baf087ef663,false
0dc51d62eb4eb4fd,false
3183c7614c11885b,false
1053f671bde657cf,true
2ae1537404db7654,false
1a4464360c0213af,false
2ed339dc58dff67a,false
308ce9c861d346ca,true
273d053e35d1e627,false
2ae770fd829f116a,false
176d6ada3c753f72,false
3122e9c70db1b649,false
1dd689480c65047e,false
13390250cd4cc8d3,false
29e1122030590e8f,false
223fc583c1ad5cdd,false
1bb84b79bff7dd7d,false
1ca0f816ef2e9a04,false
23a677fbb9f738e9,false
179df771b6df9e4f,false
0b53bfaf55dd4632,false
05f19d10651ec5be,false
13e762be365623d2,false
1c5ac6a31e95a9f0,false
1103e053740ecaa9,false
0d48f18a4510e913,false
229b6f98c5cda6db,false
13561bd7a9f2db7f,false
16f486abe2f4021f,true
077fd29de44f934b,false
0d052aa7586c62e3,false
0428808c6c28fd2f,false
1537886f48570bf2,false
31afcdbfdbfbdd46,true
1671d209f1b41ea7,false
117e0df3071d09c6,false
1b5688f5e61cb84f,false
2152acd1e9fe7767,false
04619c450804f585,false
0bd900306938294e,false
09dcb6607c204d67,false
1ae99719865ad018,false
155b5c147ba639ec,false
192cd4173f1e4d9c,false
21d14cc26e0d805f,true
2a8e1eba072d6e02,false
0eb4936f13d703a2,true
098bd10c3932d98c,false
1b6e1bf718c8d6c3,false
25c11b5608562a11,false
2d849b903375214a,true
29d26051d1648aea,true
30f170198b9ea75b,false
295e4bdcd30ac935,false
2882c0f539a050d2,false
0a1b457855177937,true
06905eb656cdc50c,false
2f22f1c2fa08fe66,false
110e94e0e55a6e09,true
2b2c3355bb0b32b7,false
298f4cc64fa719eb,false
2eccbd81b869a0f6,false
26c507822ce93630,false
31ec0988758408ef,false
2ad8dcc8683bfa4e,false
02a042cfa4bf9395,false
266391cdbfafe377,false
148ab9b87a37a934,false
26307795aa8466f2,true
1e4463fb70f2c56f,false
23d5a920358c3601,false
31f60d33ef583a20,true
32830da9eb972feb,false
0d4a3c52ef34e6da,false
127eb2761eb650b9,false
0a36f3cef6fd3265,false
089197522b25768d,false
0be86b42edff1ee3,false
16d5fecb1fe2cd84,false
20ff09e7ee4aa5ab,false
291384a00ee2c548,false
2dc92964c823fc0a,false
14cfe4b548453965,false
1ee4a75f17f5eb90,false
13d100e2708e807d,false
0fa530de43927720,false
27127af71bfbe878,true
287a68501b130666,false
1ef4be1fb24fc5f6,false
139f4509ee6ac386,false
18e95b001287f7dc,false
1b4fa38fe5fdff4c,false
285324eb65217830,false
1f35ad90a2862485,false
2ac95bcf6ee8c92d,false
2c41390b5f70420e,false
31027c0b5306caee,false
31913259fa8284a5,false
266cad031060cbc9,false
0bed417dc84d7f1e,false
1067f453f1c9ff4c,false
2e068e14f3d34884,true
27bd6738694ee6f3,false
13747fdfc92b9ef7,false
15d7489e2d668019,false
1fc03a03a7aea97b,false
0cf16a58c07cf81a,false
1c82155f626a0996,false
0f21e165d6a19599,false
0d0ea29c8853ee15,false
25f8046dece4ab93,true
14cd5b6ae38ce4d9,false
1f5a98e99502c121,false
136aec1c39728b8a,false
0071c34a9ca793ec,false
0cabafe3ad52111e,true
1eeffec7e80d1cfb,false
0203ecd764b133a5,false
23c3ffa074ec9f65,false
07a771f5e4769330,false
27c4e3318b1a817d,false
143f35d1237889e7,false
0ab23e405e5bc745,true
0cbe3b737605b033,false
209d0fbb9d6a6689,false
0e469e08b8d8c208,true
2886bf05ee912fa1,true
13e1d44680fa8b5e,false
2477c6d275a22288,false
089941367599110f,false
1c58e7dd55dccaa7,false
2a021482bf82a1b3,false
2a548cac3a813773,false
11a396f9b4f65e31,false
25c48d0dfdf0f2b8,false
31d063d609091f83,false
00a2904bc3362e4e,false
0a32e9c8ecafec02,false
2b69912557dc31d7,false
10e1d33eea3e0bff,false
1ce9e02ec6882ab2,false
0c88e907e5ccc94f,false
2e56a42c36ff3165,false
23d1829b4181c135,false
11b65bd3404cd5b7,false
1079eedc1cc63c84,false
0634304096ea8e5b,false
1033b4e4dbd0fc8d,false
226d28220ec745ab,false
273acbf6b5dca220,true
068feb7f3092e0f9,false
2af8d78e5806e8a3,false
3077c119e4066626,false
0ed1a54fdcc54466,false
07585d030edb6f59,false
1ff1d3855161afe3,true
2bc4c5f3268ecd2b,true
0cc0d4306e99d342,false
3303de6b8e526282,false
15890fc0d2dd3842,true
2c6f0d1153fa5363,false
101f5335a45b8e93,false
235652c92b12db11,false
170c0d1711eabfaa,false
21f4c62169045bcc,false
3303e4654cbb65aa,false
2437c2301a514777,false
1ddccb0f87e4d59c,false
05496f36c24b9cef,false
2038fca7394b65f3,false
1321ca11565ce3d8,false
329cdaaef3283f36,false
04807a8b937bd9f8,false
1c7c3bc7d09c9f20,false
252d26f0f07afed1,false
04ec69889b4939d1,false
3175a0c3da7c5829,false
0af35044f1655bdf,false
254334d8d6fa54ef,false
076a16d22871d345,false
2068261dbf7f48a2,false
1d8274ba05693a18,false
03f69da498f952a0,false
04c191397d831159,false
11c53f63a4561325,false
1ec1716fac570e26,false
298a6467d9c42f84,false
29a00aba84976f8e,false
1fc1e79b31e7942a,false
2f2494928baf11bb,false
324b01d6d3309dfb,false
0eb557b0b3a0d7e6,false
0ef7cf912b86fbac,false
151d1831c1eee0d8,false
311fdd4020cc848e,false
05e0e3c0324c5251,false
22d667724fc72cca,true
1212525aa13e9a7c,false
2e63b7d1922a867c,false
106c8ad80bc8e398,false
03266b693889150b,false
2ae063a08661c757,false
0e517c8caa532e93,false
29277692ed2beafc,false
212648d4dac6bc8f,false
24f23ec891a4c0a1,false
064e24dd6422a708,false
23fbd5631f3de1b3,false
1c7b37b95e000559,false
327a72707dde24d3,false
26188968b7cb7f91,false
28cdfc8f7d9bbff5,true
06112b8f219f0b5c,false
1c9a7fb6bca0eadd,true
2d5e6021e45ca3e9,false
26c405ea1c91da39,false
2ce6d32e02f28947,false
2273ec4826f368fc,true
2ae6587526256538,false
22f03c8fe24383e2,false
019daa7333bddb32,false
09cf59664ff8210b,false
1e246a2827ffd9a7,false
0549baacc5a12693,false
2708f91bc64a8edf,false
1ca3fa1cffe9a5fc,false
0e789482ad330e2b,false
1ed578838c201fb4,false
2b07cc8f3a9537a3,false
1664fdbb8e8eb321,false
14c3fc9163b9039d,false
1b4fa6be0584b110,false
2a3bcddcfc54f0d7,false
19c84b2d7ac1a695,false
1d0672131304fd24,true
29f18e569629e791,false
1ac2930350758408,false
08ee52d2e437a0e9,false
1811f5c4ce5883c3,false
19687155128628dc,false
17c8ed48f010d531,false
2a14954088b42fb3,false
23b9c0987ee04060,false
0a6203efcaaa87d0,false
00230c9033b5ae99,false
21abb7ec9104a2e3,false
10a65245cc300025,false
26448636452ab08c,true
203f5a6b01fa95f9,false
14da959713e56ef9,false
1c10c983e3d39e9c,false
12d2708e28ecca0a,false
04ca4d8cdec01351,true
12f8e04f10e0ddcb,false
2059a17071cb7061,false
174a1f05090bd759,true
2c62c8a3be78321f,false
1802d6c8e19b8ca9,false
07a5d0fe6d8fc5b5,false
112739800488c7d5,false
1092b6cd09fe5809,false
07fd6229a890c0f5,false
0de6393656d93438,true
25d0c2ccff793d36,false
0f1792fb545d5ca0,false
2d98008a7471b3fa,true
2bda16c74fc339a0,false
0cae3b7070ca04c3,false
2622b57f5967412e,false
229ea9da756d9a75,false
178d51768e421382,false
0857234e0b7397f5,false
02f0908f97429ffe,true
1553e568f8c34fa8,false
24138fdb98b1d395,false
1a17069cb271db9b,false
185c12acec832d14,false
160af5282eb28658,false
2bd7371039a21ccb,false
11b886c71960385a,false
2d4b4db88887f5c7,false
24f1a444b75d3120,false
2213f2c3fe6ba190,false
03320c16a580faba,false
0f897b6d6fb8515c,false
242528048bf7be78,false
216e12df8183140f,true
1ca37f057eb8cc1c,false
0fec92745e987d87,true
05c94b4f52eef263,true
15b006ed27e75b9d,false
0f7fe0534c734d81,false
13f5931fe947f5cd,false
0143aa9cf7eb7ce4,false
05e2f70a4b6ae1ac,false
1006b2bc628c2fd5,true
26fa757e8272082d,false
071f6e81e3ecdc36,false
25c8e339c3762554,false
1c9a45de7b38f672,false
0b42c5fcda71a1fb,false
23e7c940757c6c5d,false
21c1597376c4f88f,false
284d396568793636,false
287215758403a73b,true
2854be6e8fc405c1,false
2d0c4bf307c7d5bc,false
171c41a373d3e260,false
023cca678152d62c,false
212866634a3215d5,false
0f15965aba11fc14,false
09752dc369adcb82,false
1fef606befcb07ea,false
2677706d04957b5c,true
1d8c6687250a3ca9,false
179ec74d33649bbc,false
2c0a892478c12c09,false
2edf70431feb3e75,false
084e5c0ad370ee04,false
1a67b593dc2cbdf5,false
059169f968227cc0,false
077cf031ed4e4d60,false
10bc499af88aee84,false
0e00534aaada31c1,false
102866e877baa172,false
0fb5a5cdee3421f9,false
0338bbb2fae52ca4,false
20c5544e13b2e370,false
1a388c670cd6763a,true
2add722f9184407f,false
1da0a102d927bac3,false
28685acae64e6e33,false
3090d27042a314bb,false
30c24e98ff8618bb,false
183ca138deecfba4,false
1ec8885029e97704,false
035b64b30aeb8fcb,false
0229986bd9befc63,false
252a881585f5aa7c,false
2df1c251e0e6ea4e,false
006fa6d7e897e1b1,false
21513cc4c338912f,false
2bed0c3e9f77d8da,false
2d19f1715004a834,false
29c79cd23c644db3,false
0e39234c431c3905,true
252f98f2d9a40fe1,false
2bff6745b433fb10,false
23797338b6489fd1,false
1cf476966bc48345,false
20d6bebdad22a72d,false
1229b61759272f1a,false
0421e24038c35954,false
0d8090b2433c0d36,false
249868ea8d96c719,false
09c4ab40cc8503b4,false
03d7d91644c32f2b,false
2533c9f2f39f84ac,false
26ce54378b4de7fa,false
18434d43ef1e16d9,false
02aa22900fd79542,false
0db621c658bc2d68,false
091f4c5327ba03a9,false
0d73fe532679d520,false
275d4caf575f5fa7,false
0946073b5765cf21,false
2e446ea1cbc12d46,false
2be06ca5c001b177,false
219caf3fec67040e,false
317669f5c6bbe96c,false
22175e9878d2c9d8,false
2ca3df69ef43352f,false
14ff0ead3ef4e860,false
1478af88ba3ca1a1,false
106f78b2dcab6b70,false
1fbeaa5a4dca358b,false
1ecf4c7d555fff8b,false
16bd1abc69c611fd,false
2e0eb1cd67bc0ae1,false
15988913870a42a4,false
306197f855550b27,false
0d9dc65f4536bdb3,false
1fba067294633e26,false
15aa1f6a95b3fc7e,false
15a5e752261bb25a,false
30f206ca2e4cbc96,false
062177b428c63d5e,true
284fc07dc0b4526e,false
0c44ddd16e306e35,false
0b7a708a86d0a52e,false
0559ceba12ec97c6,false
1c8bfac7d343d94d,false
19ad6c131c2fe7fa,false
1a5f678d0da110db,false
06282fb69817d4d5,false
0805fc5698787540,false
09ba999e98068dec,false
17bac702ca7fff89,false
19b5ab4543e1e16a,false
0b296e76f11bc585,false
17209eeee035bbdb,false
12427d1f1eee9adc,true
2c5141c71b99f3cf,true
0dcb9a658ef8fc37,false
2e674a3d338caf9f,false
2554dd74fb53691e,false
0c616ef6c06ea4d4,false
23e301ffe2de15fd,false
0f3b37dded43dda7,false
3031152410057b78,true
0c573aed650861d1,true
18325e2db0cc179b,false
145250c45a7fe531,false
1b9d7bb3636a412d,false
271986ff041682ca,false
02b3c4c119743d27,false
1211c4950f41169b,true
02ef0f3de38ac7a2,false
11bf7797b91a121c,false
2ee241050729c7e3,false
07d98b684c1266fb,false
06586e13585653bb,true
0db4fa4e237372be,false
2cda81cc90cf17cc,false
20298e8e8eafc7c3,false
3261677c633606c7,false
2c238520514111c0,false
2b1500b043b536fa,false
1b9a14ba522b89b9,true
0461073e1e4003e5,false
05b9d413a4a7667d,false
28135853e05aa3ad,false
22e9f10496ce2605,false
24578efdbca6512d,false
003276126a4fbe21,false
2b298b363e9926ab,false
2d2a8d47df725b59,false
14aa4cd50aa7264f,false
1acb2bbfa5190716,false
2efdbba99ec693fe,false
32d07e4ec7c899b2,false
012185d13e478bb8,true
2f14df9f6fe84c30,false
26280216d03c008e,false
0b1b8822a4effa9f,true
2858d95afb807200,false
3194273ac4bdd71d,false
181fceef4d3003b7,false
332343a7606b74bd,true
30826e362c802551,false
2a3fe9de7b345a3d,false
239b7d25dfabc7dc,true
30315e9061ce8c90,false
043371f9fb7e99a8,false
28b552299ccf5ba2,false
06633df99004e6fd,false
0d00b6a705ec7898,false
192fbf1b1e80a286,false
05c5088b59ac5b3d,false
1a762819e6020e2c,false
1b8049b9ae0d771f,false
17c6fea644da2b91,false
25ea69408e9c68eb,false
0ffb8d90da3aa7d0,false
2bbde182d6a9056f,false
1daef10ecfe501fd,false
27ff06ce35cd34fc,false
2bf2663c8ad206b6,false
1d7e022bf5b10aa2,false
0a8069a533e46a18,false
07ef703aaef25837,false
2a3f8f1ed1616733,true
2eb75eca45847fdd,false
0e84dc97bba89f78,false
2777af68d5cbd12c,false
0b412ad7372c9a35,false
030d6e25be89e055,false
07aa171ab280b86e,false
1bc7413fbf08cbaf,false
005b45594da18d67,false
252a59899d5aff62,false
0e893befc63335ab,false
0ea6ef7e26a15549,false
30567ab04896050b,true
2b5c47b493d49b14,false
001430d92cd7577f,false
086e0ad1503d3fda,false
1f55878eb6dc784e,true
171e021fc14a0103,false
1af1e44a3b2d65fa,false
17cc340be85c58ee,false
2c92829c84306840,false
13a3a1d98b48c7af,false
0c8548f6c599ed9d,false
229997ec745e4836,false
06730baf5c5ce1f7,false
1ecf471eb842ef56,false
240ff0069154da2c,false
29f66b4d7549282f,true
0362aaaa4fa23974,false
1f0e677ff798a865,false
2f7624775c5797be,false
2b40459416b36e1d,false
033beb900069a918,true
1eccaf132ba48cd4,false
01d33acb66e61f39,false
0d54bd6e7080c410,false
2a6a816deb707a0a,false
0df163de60f4fce6,false
1de5d6f7af331a63,false
06a430bd18603535,true
31756ef8049e3eaa,false
21c70a3de39524d8,false
0bc949531d1e49c5,true
20ba0b4c67a0e9cf,false
09f61c13a861136d,false
1cbea741be54f3ce,false
01751d2f75de0b3d,false
2dfe19282a2357c5,false
26d943d413d9d551,false
0bebf4c98d4bb2ef,false
1649a2a96352a545,false
31d71ee65e964a7c,false
075d0bc174020b98,false
0f7b9ab5b1a26bb0,false
0d6a34320d4ac1e8,true
0aee61a217bad258,false
00b3c51e0e207bc2,false
142db0c8b41df8b2,false
1c9909956c225638,false
27ffc17b1464d200,false
0e53303ffdc04844,false
17771193fb12dcce,false
053276eabbe0e174,false
2d6093978d20b2db,true
044db33accafe77b,true
1dcf834087dc127b,false
2473f60695904bb0,false
05722f33091cff9a,true
1423ee15b4bbaf81,false
0708313ffcf09e60,false
057cc9e2aae71ae8,false
0747540eeb39c7c3,false
18a430d3d42fdbc6,false
130eff6c687ee97c,false
1675221367bd4f34,false
1e343b852a2eefdd,false
0743e9e83c41b6de,false
11710aab7bf0dad5,true
0b6159768bea4d94,false
23e0d89ff110122f,false
17de5f7c767edfe2,false
3115cfb6effa82de,false
292d099661e993e2,false
1cd075f7c8976ffe,false
2bd99a14fabe266c,false
0fe12a86d25dcf8e,false
00675dd31527445b,false
26b97ce922ba90b9,false
16baec38fd00ced5,false
2e73de4ee98bcd78,false
054bb57bc19acdf0,false
30d08c384b147b29,false
10302dd9d3fe518a,false
1feada6a6205a4d7,true
0303c6767642d034,false
034bc604afccf7e5,false
27e0cec71e5ac13d,false
0fd5d6f36c1b2fef,false
10b2d9f62ccdf6a6,false
120c093d5d503730,false
32ff0361e14f07a4,false
28a5fab60eb34ee1,false
2b9b2db6d7c8f51e,false
2405af912aebc3a8,false
080c92ccd4acb5af,false
2edc9297f95f9dab,false
1965d0fc81c23fa3,false
25e1a0621418cabd,false
046836aa19f57bc9,false
24394cec9395af58,false
26ac2079f6091169,false
1db4512162751545,false
06051876f31d9f5f,true
1e056c7dfd86b803,true
1b1930e7dd0239e5,false
25d789f46f522374,false
1d1041cef2a22958,false
2fbe15c9f9bbc83b,false
30c0e3908fe14d5e,false
0d13b5e09cf45a7a,false
332af408d71136aa,false
024399bbbf985e3a,true
2315da1c5dda214a,false
163cc4ef44753eb4,false
0456f7bdccea5ae7,false
2dbf0d79323eb1f9,false
0492d7a51561ad2c,false
1f219b3fb59ee457,false
2d28a20c9a5def67,false
1da2eb6254556c39,false
28b21207510559cc,false
24a6c8e84b9ad18b,true
12adc0b513aea191,true
32fbaf7d8757c851,true
1a6d4630960ef98e,false
21725f946a188ae2,false
264e9f5ae6c9d500,false
0625a210b0008e7b,true
071c0e5131040e98,false
11665694a2907c59,false
1a54e2fc110bb830,false
153ed3f9965dee56,false
14d01e91e3496aa8,false
1891f6b3e41c52b6,false
2477b517dd01ae85,false
2e895ccd8d20cb08,false
0617e5af77a6a53f,true
01a4e3d4653af443,false
31f132152b3d8fc0,false
22be95a44a270a1d,false
2a45c1f3ad743395,true
077d23fa7c6de30f,false
2ea5ad11bb4b949c,false
26531a710dd4f3c7,false
1076d33a0427611d,false
3004454fd9868d06,false
28d58b06e75cd38f,false
009d7d60446ce23e,false
21883aa83ad84987,false
1cc480ab7b4cf4ce,false
144ca0aaf21c3fcf,true
1d227d3fed8c72fb,false
2b3d98bf996aa4b7,false
0e186c433f365b6c,false
30ff6faf78023075,false
1617ec0daef0278d,false
19d334f8070e3ffc,false
2e9d9676c676de64,false
0d9581fabb323c73,false
168a1d60496b41eb,false
0bce88e22c0a0076,false
027e0ddb1d93b8e3,false
12fd22edd5d1d3ca,false
04df45b31fcfab12,false
0d8b51cce410a1a2,false
1c3aaa1791213c68,false
2c4f406af198aabf,false
2f419d52ae0a264c,false
01fbd0c7da97c004,false
165185fd5a975a9b,false
0e9667db5b5f3b8f,false
2e11400df06ca48c,false
138d5f4110ccdac6,false
10aa3b07d4158b81,false
1d8cd7fb906132b6,false
03106bd7da03b36b,false
258450f1b03010e8,false
2c48e0a79aebab1c,false
0388c081e44543a9,true
1988cbd7394a547e,false
2b1ebec4b037bbee,false
1507bf01e51f4454,false
2411548293aebdc1,false
1bdbb2157491f141,false
093cc6810e6655f7,false
0ef376447872d8f4,false
1774c5f278928e2b,false
01fc14d3ff387392,false
14a86d83436f6277,false
1cc7fb3536d7da38,false
1fd285979fb24864,false
1b59ce50f8b7aadf,true
0d9aba210ce6b680,false
1d798524572f76cf,false
1c881de4b7ddbbaf,true
0f04f40799a374e4,false
113d5c7a0ccbce2b,false
22f453328b87b39f,false
163215703f8f8d08,false
328349647ee94338,false
2235ebf0995a232c,false
2a0f4267d7eeae96,false
2365b1e156341378,false
0d2af55770342a78,true
08e3538d9f4a5557,true
23372fa8e1ed6104,false
3160b63402acea27,true
2bd4d5d04183ee7e,false
06a9353ecec75fff,false
320e2cc05bd64c37,false
0adf22d3f3e18b35,false
1ca9f77055c25621,false
288873f584668816,false
1f69e01a91f4f58b,false
07b8ff066d40d3e2,false
20662db2e20e4ce3,false
1e28b714655756ae,true
0be104bf2f757b3a,false
0813391de2098358,false
285208734630182d,false
30a0fcf77812c376,false
325b92aea10c9141,false
275756c262cec694,false
1ac3ab87d1ee902d,false
2f68a2cb4f57eb76,false
0eaf26f1b9ed6c4b,true
0708a7ff49a22823,true
2066dec438e392bb,false
043f44f112ded218,false
1e247935e4ada454,false
1546586dd1b0bed1,false
113f8d108055c5ab,false
0141ff6aaae29521,false
1c049fe708c073e0,false
143b7bfd29290422,false
27a8f5013b811fe1,false
27511b9cd9b55161,false
2e2ceecc53334b5e,false
06a17fb963b1c9f6,false
3222a0c212c7375e,false
0eb662ab781689bb,false
31d946242540865d,false
12e7a68e778a2953,true
307b7abe71e71ce5,false
08f722f39bf883d2,false
26b40db52a94bf6f,false
0d110258960180c8,false
135b5ad95a72f7cb,false
29c13a81e258ec96,false
01f3605513ba18bd,false
12c00b53b9aaabb8,false
1d7ba8b9e87e1a4d,false
0323e4fa78ac6df0,false
0b20cbbaa5ee11fd,false
2562282836625d96,false
011afe1559df15cd,false
0bcebae2f4dd9ba9,false
086f5af7233ca43b,false
1312fe35f90f96ba,false
272611971f7f1fa4,false
32c16f8029919e75,false
2f94e0a73df80ec2,false
0261d7d3f2de376d,false
09e9f7289f8c6d88,false
26c569b690f0018c,true
019313ebb4958c69,false
0b3f665dc85a6914,false
0c78b0891365312f,false
16b91c7e464cc29c,false
104eca4d98216383,false
0627d6e32e3f6bdf,false
2e2d0707caa614d0,false
0f8fa227d8b94d6c,false
2b61e0c74afbc5a7,false
1d80a53a0fd21f61,false
2868ebce29093aec,true
11bb73fbfdccb982,false
25fb468f13804479,false
23e2fcc3b719f2f4,false
075ccbd68c6fd738,false
2ba9f58d19f60dfb,true
105d561ae3670040,false
20901422b641357a,false
0dcbe551900bd137,false
04342bceb02feb73,false
1bbc25ef73cdb533,false
1920296ed081ca45,false
1e2395d05be28757,false
109caf3bf619cf57,false
304be93dfe74c37e,false
2aa19428979d11da,true
22fe64395b35135d,true
323e41872ed09c72,false
1d64cc5eaa521ea2,false
1392b5fda14d0c4f,false
107aff7ffc8093a8,false
2aa7daccf57c80ad,false
1672f8d2cdb6623b,true
1aa0d413c1173daf,false
2d35c528b648a69f,false
13bf54694b20f401,false
0d31871cc7438d15,false
1115d54e6837f98f,false
10a180c06bdcb501,false
31527408e2e086f3,false
0e7668b432025012,false
135cca4b6b8e195b,false
12d4bb30a7bb3117,true
1ded1ef8bdc477e1,false
17b7c5c340243817,false
12bb0e8482eb7754,false
00344e59cf1f75a9,false
20380f8eadd1875e,false
1940d42ab8b791a0,false
04ee6dce5677d44b,false
13494219e54735ec,false
2f3c6d5bcd9f67d0,true
2b43a62abc379cf6,false
0c9f1e802dd1cde3,false
03ebcb2fe5a01c7b,false
1505efcfbedef54b,false
2e43e8a58396d94c,false
0d36b5dfd3be14fd,false
024e29aca7a71135,false
06fdffb2c7c540a4,false
1d558e1a3f8a348d,false
0e3eb21a643be5f4,false
03286415c6f6320f,false
2203e64bdd895362,true
1a19e5843762cfa1,false
17a58faf2024dfce,false
232fa1e54ec1c417,false
1735706b636020fd,false
2ba0386c74aefcee,false
31f8e088b689d910,false
2f725f98feb183fb,false
00775c0ded8edd2e,false
0d0491dc7f847410,false
2ba5708a677e0d97,false
316c5f7ed4c8cdb7,false
2f110fd0e06e75f4,false
147f1bcc530bfe76,false
0bc538e65127cc46,false
23ec99d3efb29cf4,false
0f2a1cd02c97efcb,false
0a58b4c692caaff1,false
0c55f6497018d840,false
0f140d35aea083a4,false
0d8dcd264ba2733a,false
059a8a539feb40da,false
16f3b23c929cb6e2,false
0523e3d9c30ac49a,false
064b9696b352807d,false
136ab1328d550a07,false
321c2de2adf02492,false
0c469d6d5fe68af3,false
0ea17e50812ec3c9,false
23cd73e2168b83ec,false
2cc55a632c42ab7d,false
030e8b113b53a5b3,false
11c2e4b27cbf390d,false
20542c4dabcb70a5,false
1b203996b264fcee,false
09b8927985f3fa07,false
2bacb77c1766a9f7,false
1a8e1c9666b9efad,true
1d0fd1427ab93885,false
3225d48d9bc1f998,false
0ce6e923632ce8ec,false
093175921e124ec3,false
215494b8b9879f78,false
2ba613301ce6554a,false
00d69cb8dea817fc,false
2aac3b70395e7a93,false
319e13df6831da04,false
1e6c9c081ad54c52,false
085e481ff82adffb,false
13d45a9faeaaa470,false
2cc6f974ce914aee,false
0d00026f91028666,false
1cb8f88600d1272f,false
2554498180df6639,false
1e61707b01b940db,false
31c43e8fe4bffad8,false
251cb88e215cb1cf,false
26050234a8e69f51,false
0da99696509f95e2,false
0d06551716edf207,false
31f04604b867cae2,false
323014a03f13719f,false
00c86992f248ecc4,false
081162e78b9bceb9,false
15a47b79a749de1f,false
191293dcc9641319,false
26547f3911c70251,false
0d4d12fda31294c8,false
2faf07006d082b96,false
1841d7fdc126373e,false
32f9f658f83e2f76,false
17884f7ba924fb50,false
22eaa915ae7e3778,false
0b654ba82defa1f1,false
08a6f3eea8649a65,false
32156081eeb36d0c,true
2943a7ce2d2aa163,false
16838ab0dfa34dcd,false
000ccafc372d7036,false
307a1928e000a837,false
1b3e8265ddc34f41,false
2e3e2b2a0aa376bc,false
0a150b9aba9d9426,false
057fbafb134ca040,true
0bc1c1f5e5d264a9,false
11e5c42876fdd603,false
0d29c93262b7e47e,false
266e6b08130081c9,false
09273c488204155f,false
32013b2a4acdbb3a,false
18c3bba08c1d4046,false
0c6e956b358e9379,false
0f6f9df283b15327,false
2a426cf1a00fd311,false
1f5db3162f0b773e,false
266ec1a1b8ca5df6,false
068a349689a9c6b8,false
27847338faec9881,false
2b1ba88cad1a38aa,false
213d7b93b059c332,false
04ba4b72af7785e8,false
04ae6d6e113c3894,false
23e0fcc300d7cddc,false
1822343c431b93ff,false
0d7c960ed905397d,false
0b064405e70175ac,false
3254c3e9f80e3b52,false
2a4d7284846e2d67,false
0d159cd586c1f7a9,false
12738b1371ee7459,false
08d3c162568a24ec,false
145072fd8a6299c7,false
1e1be3258d749dbf,false
180effdb947638b7,true
0472513c8d4841d2,false
05dc4969009f661c,false
029be3489aceb60d,true
187bdeff9b18838a,false
0eb2b5865da509fa,false
2af9ad8406467ba5,false
1aee58e16f02a1cc,false
1da48ff6468a04b1,false
243a6d4656f5b1b2,false
22ca0175dbca9817,false
3216c7d585ac05e6,false
206ef7fde2847879,true
17d45006b2c0bbd1,false
1e421bd823153872,true
1720c90590455a9e,false
104e0fe25c05b5f5,false
324b0b190087911b,false
0077e707f1d357a3,false
19070afd5fa35273,false
1ba5aa47a062e71d,true
2c9ea796d2a45c81,false
1058ee7fc6d98307,true
200fe2cdcd6324dc,false
11441d7c0406c926,false
30990654564c9ad1,false
210528e3d13f7493,false
1c69e777ae1b7d5b,false
307f449295bc47e7,false
275e123b2fc3d9bb,false
1665791915599c0f,false
23da90f0be321364,false
25e1bf295bcb3a91,false
2d01401f7609cd24,false
278fd4e49f428e0a,false
26d381b548448c28,true
26dbd7ed5b70e32a,false
196008e0cbcdbe3a,false
2498c6859aabe6bf,false
125f851a3968d400,false
1dc6ba718c5e047d,false
0edd3ab2aaa16238,false
1b0654e1960d7166,false
137663d863c7f92d,false
0f3de29791204360,false
23e3f2b76bf34c52,false
02899e10173c2d22,false
0bb62ab5b12be990,false
1d606c4e57fbd2d6,false
1bc86bf3664507db,false
1da2767be48f997e,true
31234a25b408f7a2,false
24a1109d9b9041e8,false
24a902e1c91e5629,false
1f8177292923b216,false
25845ccd40878194,false
081f7a578b1d4065,true
2f11e0b05f35e445,false
0664eccfc0ce4d1c,false
30c8e1b5f4b099b9,false
036ef66b9a050cce,false
147b38c059581d82,false
2af9b730a0d46cc2,false
31464b2505bf19cf,true
3090e3d44f1d7d40,false
2e5c6077a43510d3,false
03b090394172bd66,false
10b484ae0476311e,false
2ca97f47e01ed9a2,false
32a0df543e81c6c2,false
0d5c6e20b7d03e3b,true
0c66e25eb95254b0,false
2fe4fcf6065f5d06,true
2192e7b3dd698700,false
0e3a06dad43d3b13,false
02be5bd8736beb5e,false
23144b2e4a312922,true
10adc1c1466bbbe0,true
0baabd8d8ec0be99,false
2c3419103177ff79,false
0be6f6fe553d4ec6,false
1e1ded89724231d3,false
162b7066705e0527,false
1ac6a513452d7e4b,false
10acd98acb1a2971,false
0e34110041e5dedc,false
2a4cd31f100975e5,true
1e4c476f8d3f262a,false
1cf547b54e3aea78,false
0be03e19c3e4ae10,true
32e391ec7249005a,false
251c2ea92e6f4fd8,false
0a7b2315e467599a,false
04e8e42018c1c79d,true
09609c3ceb02a106,false
2ff98118231673f7,true
0b3908767c8501c8,false
19c101d5a45ef092,true
1501f84da150a9db,false
195ec1f917192200,false
257dd12b9d66f92c,false
2552ae1318d29497,false
32c6145e3c861c3d,false
1c775d72ea76b978,false
10a6348259bc6a74,false
1a4bdb51075ee602,false
2aa103c74dbdec54,true
063d1db2eb67fb65,false
0484890293b4911a,false
322361c6c960c7f3,false
31b8bb40f2f453af,false
281a5cc698be3743,false
0fe8e5d1bab97af5,false
0e4047c0000f2fbb,false
1ab2ca4d58b698a0,false
1fdc11c0a65d3ac7,false
277d4323717108d8,false
1eba270c91fb5fa9,false
21f3a58f5feec914,false
30161fc0a72fc4f9,false
0b8bf42154e2eecf,false
0c1cd204804f8d64,false
2de3b69f2b5e70ac,false
2f1ad7bbf667e06a,false
0ff3e6ffb53543c5,true
000190b57646da92,false
179550799d8ba80a,false
11260f7fd88ccb4b,false
0425023ae0af1106,false
0f24e7ab8e2532c5,false
2f733503d6bbe2c1,false
06c3827c0c361c21,false
28f98f905892cbeb,true
06f720de05f8cf91,false
014c5d1add81ffa6,false
1508b604da4b58cb,false
0a6e40c865a54b02,false
2ce5268b3978c340,false
158ae4fc1fae49ba,false
1353f5e19cfd54e4,false
292cd2c9c67ba3af,false
07bc789dce8024f6,false
1498855944936858,false
0e738180f8b0e469,false
24e2ea5169cda4c9,false
0a43161b54922eaf,true
2c52621cbccbb057,false
2747c5f86fdc97bf,false
1db076b39b916b7d,false
272d20be31b5c6f9,false
2ebef7051eaceada,false
0f8ecf0da60c5edc,false
23a75427a41af395,false
22de12b0fb9a7677,false
196c5cbd94d1eaca,false
24a3e6e6aa409e30,false
1605ba60d6e04796,false
0680c772166102f1,false
135d37e5242c74ee,false
07f0767f3fca8100,false
185ebc97f3a27488,false
2193229a3ef8d861,false
299f31ff96707ab9,false
0eb23fce12c39207,false
1cc2e97bf43a86d6,false
2eb5bc25bc3f7a4a,false
242bbd67e3cd1dcf,false
16da4cdc1166e5bd,false
0d66dc40cbd482cf,false
03116f59751e8f03,false
26ea4f81958f17de,false
1731e6584940820a,true
02a13331848c191e,false
18086aa793119c6c,false
180ae8469532346c,false
214e29c54bb0c9ed,true
18aa16c180508801,false
30a1eb9cecbc775b,false
11e4bc2e000ddde4,false
1afb70be868edda9,false
0286774676e06f3e,false
2baca737011683e5,false
089eca464292e4e7,false
00e3f2b077e0d356,false
21e4b50e246b0473,false
1c964c32ef2b2863,false
1ae5e8738410dbd6,false
1e1f9102bc7f7b46,false
22caf13f0ff14a48,false
0fa645ce1b5b8060,false
0861a8f395fbab5d,false
16bd9e92bf7685ea,false
0c84e6f0524a2265,false
2cc1644e9485a85e,true
04697eb8111b5978,false
186424c86e90e277,false
2b37408f32db0f85,false
09211af017685d01,false
0d6409614e7c4b53,false
174625a8af2e9fba,true
1d57521f68d6959d,false
29d96be60f2a1292,false
20be9a853206e9be,false
22c1e36b910af9db,false
26aadd55bcc53270,false
2866d9f495545eb4,false
317800d4bf642128,false
0eff6396728a1495,true
321c5fa2ee5ed547,true
325408badd1b1bbb,false
0f7aa5e2fd5f8c10,false
0c62a4122131c854,false
2b2a9322b86e5382,false
00979dfe78f7e56b,false
308f562e58664fa4,false
15a8167da30e9997,false
1197b50acc915425,false
12edb7ca60260990,false
1240b648878a6052,false
10342b624a615ec4,false
1abcde4497299010,false
3056f0ef1a849588,false
12180c7839d3daca,false
1750b39cb3418b22,false
3299780bb41ba6bd,false
0bae53064f56b5f7,false
2490d0d002156384,false
275c0a68d48e2c6d,false
08f56cab9b0be7e3,false
04cd285be6ad57a4,false
0e2e646b792cea3d,true
2cd962d1652b2248,false
135f880c56ce22f8,true
234d11a0b8687d99,false
28a9c856e9821410,false
00f759811cda34d1,false
10a3f2c597ac738e,false
2b15e6a0983c6759,false
2e897a8ee12317dd,false
1bfbc4691f0646d5,false
09460f3537df762b,false
1903892ebe0ed72d,false
2a7336a451d84b79,false
3227bdc38e3937be,false
090f5787bfe666a2,false
242bda2a7f36307c,false
1366dcac3f3c7273,false
2521fbb363e5952c,false
2361b810633baf4e,false
30785bc5e5c5014f,false
152658e17dbd8481,true
2c6308d3b87eaef4,false
0f952029b9f066b4,false
322b3bf796b82483,false
2faa0864ca5b25b1,false
14f9f76f828883ea,false
0d95140bfdf20bcc,false
125572d40fb22971,false
11a24161b49dff50,false
1b3574cd87ef7a29,false
0741b11368d69ca8,false
18c5dd789eb76aca,false
25eb31d2e96ce57c,false
241568c39cad2d8a,false
105ff1ef342460ee,false
29daf5607fd503c2,false
2332435c99fe284c,false
01e272bd9913b833,false
124dcc2e145df9ec,false
32a0a481fae97e6e,false
097c94af829465a8,false
08a931290d5b5cc5,false
0adb0a0fee6ad15f,false
301c135dd33616ed,true
032fc28f5d4dbee3,false
11111530c499150f,false
149dd51777341702,false
1509b3b217c1ee3d,false
259048897af0477f,false
289a0d28e8c6247a,false
0ae60be15d27e505,false
257712b34b8ed07c,false
0749647dab2bcd77,false
15b83a1764b0fc49,false
2be7017226bc4740,false
2555696f26ff2172,false
08772115674a2ebd,false
117a938f94539a8d,false
1898c2435ec63c55,true
0252623bdfd1063f,false
21492dd4b53a5363,false
010050031fa57f29,true
0aed4941f685a7e1,false
070cb9b05e0a494a,false
1edb3769c7fdc841,false
27bd5a14d2f39cc4,false
3208aa5c07c1962a,false
1c33beba712619ca,false
1169fd8eca2b7220,true
0d89a59eb8beece4,false
2cdd0e9b44135262,false
07b0df7d4c806da7,false
0b4874e94eebacc2,false
248603aee6c96fac,false
127ccf516c6a2fb5,true
08d3a210fbbb620d,false
322d25f1014d9f9b,false
303b53988d9306df,false
0cf2f8c6c47f5582,false
1982edb0a5fc754e,false
3281040a84e4aa9e,false
2e0633bba9b3785b,false
1f6e4f8d948f6c44,false
0f2fca25a3293461,false
2e841491840b7d64,false
088f89a11a2a079c,false
21ec0bbca3e81b0d,false
1250c52a324eb85c,false
32e1bc7946d1cf40,false
1f65e24bbb9e9b24,false
23e2223f855f3b22,false
26c8d6832102cdd4,false
13715ab1e6e77090,false
206d74b857bdb62b,false
2a59af120e9b96c6,false
2e834441f5681b66,false
1f750be3d2086e56,false
29050af74bac0ede,false
21b3a5b457cfcb51,false
070a04a1316a7457,false
0bdf0928c98caaff,false
2249ac3b7bd14210,false
2b34f7130e242fb9,true
0f00afca05748b78,false
2fb2a99469a35cd8,false
2f93498dbaea2c6c,false
310cb9d97bfe2395,false
1d940b749835b113,true
0bac0d37b3500375,false
1120785acfd721ec,false
15e41d951e155ffa,false
1d96486c55584d12,false
0f3befe80e849b22,false
2fb273fad38144f7,false
178b613d2191649c,true
0937d3a3b5c72193,false
2a5736720e22336e,false
09cd865929d01dc5,false
20bd18bed42ee830,false
1fad7690bb2013eb,false
2f610d18c2be019b,false
1213632bf40af87b,false
316c4f34c255d1f7,false
2d023020bba82ce7,false
03b8de180c4b6e63,false
1f9e34aa2fd23083,false
0bb363a63bfa5f59,false
2957f87bc6ef2442,true
1131f42647256a24,false
2d8884be652acdeb,false
1174b7de0011d320,false
036a54a835d3cc05,false
304955d8f3607ad4,false
0b1c1bafe0141067,false
15ab2b310be2737a,true
0b800176aca16b03,false
3265c286e6121ed8,false
1b62a6554315ece2,false
0f827d9b0a5d13ba,false
1cdb284d5fe3ec39,false
2c3734041f1a5d47,false
11fc775be662ed79,false
2edf3155fcecb454,false
0f9e626d127160ee,false
2bebd0517df1d6b4,false
06c818ab12d304c0,false
0cc8730750bf4911,false
0a04a25c2b5e97a0,false
00346990581cd017,false
2088a5af671afc12,false
289fbe9230aa7a5a,true
2506de31c4f7a499,false
028ebde2676fcc83,false
0dea5e4f362a396a,false
2b72dc85d6fe71c5,false
2c900f3151d88084,false
15a9d56c85a05b58,false
0a08286697b56dea,false
106c7c9bfde93598,true
2fbd66ce83f609ea,false
063dac7c89553d1b,false
26f5d32e2dfc204c,false
1b17e3120ed99727,false
1007b13a18f31454,false
30c97549fd488c92,false
0fd023d9cbe60e73,false
1e298e0c4f03ab7e,false
1e946e1828c61712,true
224775724e99846f,false
2fc59b8cdc7c1e87,false
271598175130fc69,false
05f4c7540cfee230,false
09455394012ab9bb,false
18d5afbe79cc34b4,false
114d7789a74cc942,false
2e83224fa1ebac11,false
31a7a0054ecf6101,false
20a77b1bc405f5e9,false
1e7efebec3696e80,false
2375c787ba4a2d16,false
0de79c0a902ed6cd,false
1c4e33d6c760bac2,false
11cdb2ab32a85618,false
1003fb96ccad4ee9,false
137c3fa01b43f742,false
2dfc9933050d4714,false
011e15ecf7a0af7b,false
3150715a794f158c,false
1e3450e0f37e7acc,true
1a19b7260a0b615f,false
19eeac320573982e,false
047ab5df7311dd1a,false
29046f4e0e6e772e,false
235604210fce768d,false
13147ec1ed5930fb,false
185c852f632f1b38,false
20b826c3e1400631,false
0dabb23daed4584b,false
18c6c5d6e37932e2,false
07a7de2d85fa7a6f,false
27268c5eeba6b96b,false
0ff83c609a32f366,false
3299e5897b167c53,false
22ce3ee0d8a3d5ac,false
216e38ce590f87dd,false
179985702e8930f5,false
0008f5eff74b86c2,false
32cd60daac872b3b,false
0654cfdc73c7bc66,false
02f26b8e08022ae4,false
2bd312495e64232c,false
1cfb5bba99fde1f3,true
25c1be5841b988bf,false
0f48281e1b9d4698,false
1aa24ddbc0551ec5,false
14791c1df59b2423,false
1f03695e86256d3f,false
15c2101b273f4fb2,false
024e737dbc8c064c,false
0195c0b8a0f5672b,false
23146ca52cd7de20,false
30b7495c79e1c28a,false
2f8bc5067bdc6bb4,true
2c7f8d720a1912a0,false
33176f8befa13b56,false
314401bd5d52c3a9,false
2513861b3353b8bb,false
2310852caafcb2ba,false
2460c6cba3ab302e,false
0317388026035cf3,true
049262b5a5c3fa26,false
0a50432f99c8dc67,false
0e69860a0b2a2a1d,false
153a4ac71d3701ab,false
1e5f9d9edb9b8347,false
15cd0554a076f390,false
30df72a8732149e9,false
0f9b659dfa5a8815,true
2b25bb69225a727e,false
17d8d648c6252617,false
12184ed1fcc67aba,false
27c630b10c0e9192,false
167239a2d0939a3c,false
0dbe19b3dc5d963a,false
2f5e627bc338a7c2,true
214c11dc982bd4ac,true
0aac4e1afbc17a24,false
30fb56bab790a89f,false
21f128c734681564,false
1f48794c71db8ac2,false
108fa7a20f6b7ced,true
058245d01fbe639b,false
0ccbc420d65247c5,false
0f935f49a9f8ddc8,false
09c00408f7f86cc8,false
0aa408cf6d09d91e,false
2643b5f3f72401a4,false
2a0338d3f99b96fc,false
09b27f962ed27cd7,false
04abeff6ef1ded74,false
1caddf8d0673eb5a,false
269db861980c7668,false
205d3c8d3626e4e6,false
002910678fcb61ee,false
126fb6163de742b8,true
2500e9ae83baa49c,false
019e5a5b18271ff5,false
17db73d5d9d66633,false
25b1ae455f071ae4,true
13b680f375b4340e,false
1bff1460be8c1829,false
25a0af119b2f2338,false
2b30d2d8db3d7a54,false
1b3d5a0be7988a93,false
0ce3355c1f1cb61a,false
0ea64db91a07b9c0,true
09075ca00ac334cc,false
0dbb5ab466bddd48,false
050813b71ef3f0a1,false
09b665e51573e2a0,false
23d8483959348ac3,false
2e80f7918aee7818,false
136e89d60d075b83,false
22d3595fa0a1e780,false
1e3abc7ef793dee2,false
0722ee161708cc4d,false
17fbf73997b7ac99,false
16294619076a95b0,false
0ad44a37473debc8,false
14a79bd99651ee64,false
092bb9e83689385c,true
08faa99867922611,false
27f1fd9a74ac3c2a,false
0e5762f853159509,false
2ca1eddd7adf0a7b,false
0d558578479b2036,false
2f9ffc6a38af6d9e,false
32c8b954744f89a3,false
315d376a060864c9,false
2cf885836d99cf89,false
047aa958e5f3ffd2,false
245a09ac81d31f6f,false
2a53644f713c764c,false
2e38087530307ff3,false
2eca6eb80b16098f,false
196ff9b68fe44f36,false
215487c516c64ec7,false
2bb5d9c912aff63d,false
1ce625112324a89f,true
19ee63e31bab9620,true
210acd693069a401,false
23a737dc9b871999,false
10e1ba450f6663a1,false
1f0428d51e594ed4,false
1fca9f6eea236688,false
0ae5eb7db0b205d6,false
2a826b8a2df2624d,false
0ef99c9f9be3daf5,false
1fbcd8222dcef20b,false
27dc90c9435646b3,false
02bab388a24fc98f,false
1f37a5d753b054f8,false
1a5a0dd62932c2e1,false
27bfcaba1de0aa24,false
12c2b61a30b2545f,false
2913431fc9d4608b,false
0f0d215a7461eada,false
2a048c2aa94baa1e,false
2915dd432403ceb6,false
02144959d7684eb3,false
28dc4f7c23fc7917,false
015fd9bb9bebd8f3,false
178ce1ed382f42e3,false
022660ef6c8d5ee0,false
06247a7733cc04ed,false
0a2975ce506faf9e,true
3065d8fe717869c3,false
106c9f599c9cb95e,false
17c39f70e23c42a0,false
0a58840695197c04,false
2fcc758c1b232e15,false
0b3d08ceba23c4c4,false
2619342985f7c0c3,false
2c3141ee5fc0cc54,false
245baf36397aa5a9,false
09e7529cf851c554,false
2f4998a4b5be7be5,false
0d3ad8fc05045bfb,false
0002f57fc10545f1,false
1066aef819e5a452,false
28c3dd010f9edd37,false
2ee6701aa2dc4add,false
22bd34bb51db1458,false
15c36bd66b399166,false
02754eb49a03d8d1,false
18f0e17bc7cb8047,false
1cb56146be257215,false
2440bdcec716b416,false
01978953125fafc7,false
0de94a8cfaaddb43,false
1b7e63fb5bf34c70,false
167ef4bdc1f0c22d,false
20a339edceb08a7f,false
24d3320dd5022488,false
16320141f56a52bc,false
2551367bb3786718,false
2b160f0bc97d272b,false
1d4ad204f7b3d282,false
01ab314e3771ad91,true
07c60a907691ff92,false
101765fa5a77dd89,false
139308306c25031e,false
0a995e1a692dc0dd,false
2708f589467bb7bb,false
201f409c91b08ed9,false
133933d306aa223f,false
17719d954488960c,false
1e94e355b5bdc9ac,false
02623f46591aaa80,false
1f215a67b9a75d33,false
2caa9c50d2c40811,false
020c7dc56d8f23cb,false
02b506a8728a3b86,false
0becce89daba14a9,false
30286c6354f5584c,false
24a2004c5c8752e3,false
136cd093ff528c3d,false
30eacd242dd74afb,false
1daabca85e61177b,false
1e9deb3fcf18a531,false
000f2f653e12feed,false
1ee45503f848ad13,false
055e6768213e7f9c,false
0bec0760e680cf5b,false
15c009d5fd418ea8,false
2d52eeef8063f151,true
21c5b4f835460d81,true
1c02fe30db3b8508,false
2af71f4699ee49b5,false
119682c8184e7102,false
307c68854f81db54,false
0f51a786ed762271,false
20de702d4b66676c,false
05d5939412316769,false
00e3f83b8d7455ce,false
09d52c83038e1a2a,false
01356b199f7a1333,false
24c2531c7ab8e49b,false
245627890815b884,true
15c305e08790f55f,false
20696bf2be49bef3,false
15d7a97c8f1a54cc,false
072f60db65c0df15,false
098353cf4e595ee8,false
134a41d3386a043f,false
0fcd395070338827,false
0eb708f0ca55c4c6,false
179140593a2c80a4,false
29e6289e913b7279,true
1941c62959d2c39b,false
25e9e67d30ea9011,false
32ead7adea7779bd,false
2ae46f13b3a72162,false
040116a84d492ee8,false
28903ec3816543e9,false
2e7baa5dcc2e9a5e,false
0add3ae9b9f7ac92,false
02c0b5978732c7f4,false
14de9f765310317c,false
2b472c92ba556707,false
30d04e1db98c2f6f,false
16758bba34e7a0c3,false
123ab3a1eb162836,false
0c2598c9662799c6,false
15da1c2d3d37288c,false
245e72fab860d64c,false
0345577bc7888be3,false
2cd194dfabcd2b8d,false
2c5df96d9a775898,false
0ecbd298e0da231d,false
31d31d6ad7aaae41,false
2652c034d5581c53,false
317c63698bbe91c6,false
097bd86c2586a997,false
1d5567dd2f737174,true
066b1481efb2107a,false
242bfa330590a2c9,false
14547eb3c87abb8e,false
0f3ffae3dfae03f9,false
2fa023499860ebee,false
255470fcbe078ea5,false
1ef4c64033fcd589,false
32c88dc47916ae98,false
2a1861f71f1c607f,false
19cc08d5bc39ea24,true
238dd5dd409f1222,false
0fdf50b5159cae27,false
15803d8c235f3ca3,false
1e18e0733038425f,false
1e2834e84973e3c4,false
164d7d007dc85879,false
27747a0ca26de844,false
008342279754e24e,false
013b45caa5ef584a,false
2019a63316c5b7c6,false
29aaab9cbbad31df,false
03d16b192f95a150,false
1ba49313b48c4989,true
238fbcf8ec191468,false
0e3ea44bca7720ed,false
2b3aef27bb8cb8ff,true
1a4c02e6adc661c8,false
0942b81d0e6c068a,false
1aa9c5951e1a2ce1,false
2d399cad00f2aeac,false
04c1c8c6b95439f0,false
272ba8e3e1dd5e9e,false
0162f1a552651081,false
1d779d7ce3724273,false
234a23a023792626,false
100473237ac5b2e8,false
13a5dca017d24c7a,false
1ba85b4e72de692b,false
1752c72de4ac98f8,false
23f23194a925c913,false
18d06f24f2d7e21e,false
1174f70fc712b4f4,false
013a6fcdb2740aaa,false
16fc57b3a0f41a62,false
1064c87a22c02aa0,false
297e6104fe98f3f3,false
0046452fb89335c5,false
1269cf2ff588a834,true
0333d8cc3ed1bfe3,true
1ac920c5e2fd711f,false
2f8909b8a5b41628,false
1d20c265a1ba498a,false
07ae7b9e41280478,false
2534674c8be51499,false
32f01ccafaa8cd90,false
18776e7d8a3cae4a,false
10acf6ddc40cf330,false
2ffe90cd559e8fe1,false
132bf8fc7c3dcd39,false
23781c8c26c67136,true
0e5e3ac7c99115f1,false
1fa12ce04633b7f7,true
188934642b7f13b9,false
0f0f28d159da3a13,false
1779cbe6ee141a9f,false
2e6fba0a89bab6d1,false
0448745aa29b42cb,false
24f613fa808cee25,false
2063dc26b5215775,true
165e9cb28a209c39,true
018891c6fdfad89a,false
2db633957ced6b46,false
0a6ec4c330f2ede6,false
16629b7c5a551f75,false
0e37da613f734004,true
16b86905315e6c97,false
2c27866ee89fa6ce,false
0e64831bbf4e4e68,false
0aa4d67e89161c3c,false
0275b8ab0d0f112d,false
086972880d205dd9,false
0bb81d523b4c4c57,false
13d319e6fe3d842a,true
03289f16c6789fa7,false
28c275764417ba36,false
2d01a11daea8d1e4,false
08ced1c20ec5e967,false
0ea38af1b9e6bdb3,false
05561990f4f7580d,true
1009c81557aad563,false
26507be36ae3db88,false
06845855f3cefdf4,false
0a54f05efc338cd5,false
21b88d3976a98677,false
139612b22394fd21,false
1a2a1eebedebe794,false
1237182b310136a5,false
11ff724bfa1dedd2,false
13710cfa39215507,false
318572092eb90fc1,false
2384e5310013e25a,false
099f41bf6a2c5972,false
10f6cd8433f98a58,false
29e95166f8a194f6,false
0c5e93cfbc10a40e,true
22235a4d789e9041,false
1a65817018b7fe9c,false
27e2409a0484cbed,false
028738db74db03b2,true
1c866e2dea69c371,false
20d526634611ddf2,false
010ce0978aa92232,false
1a82e01b4861498b,false
12180d2002bd2225,false
2abe9737536576bd,false
28ddcf1c26fd578a,false
27056ef729eb9bb2,true
2e44fe6bfe82c0b0,false
0869941bfeda851d,false
2d2d351a931ffb23,false
222a943c11bba19d,false
31a59a5d03f0d95e,false
0ad1416528be21c2,false
299127ffed2a65c4,false
24385460010ed8b5,false
028b973d8ffa93cd,false
0e94eed56c8f6b32,false
246351cc68f7c7a6,false
2b30259fd7722448,true
07cf8f0a70aabc51,true
0304b6b832233e89,false
0186171e6b5fe4f6,false
2f8ffb5ef687c443,true
0f0afc9c22bfff27,false
2b88f5531369cf53,false
1fd833be6909d15f,false
28cf19f5408bc131,false
32ed8a562737a4d3,false
2647182be126da62,false
02e9135047df9b4e,false
2494db5792939fbb,false
13300f08bcc85a4d,false
0989b5a5bad316b5,false
098b3fab5465d924,false
2174d0bfedb6bd7d,false
11ca7a86c7b8bf65,false
0939600daba4f415,false
236ff0da20b04ae8,false
005ed0b1f2172438,false
228ef5792e91eb35,false
309f589962007d98,false
22b964aae45bce3f,false
047f3f0b5f608a9a,false
0707cf8d4ef48b9e,false
187cbb07526f4127,false
18ac177494527f06,false
2b38838425a6d5ed,false
144a0671e5b8fc41,false
12cdcf00c7ac0268,false
2d268e8e9b7480bc,false
16000b95d1d9b911,false
0c53506983310d2e,false
276694eb3314510a,false
1b9048d6388d769b,false
059f63ed839deb3d,false
0869d2aaec84491d,false
2b2d0aab22e559e4,false
09858fbed5092152,false
1788475fd547c810,false
28fa9bc70b9b1b2a,false
08cea4e3437b8d0e,false
07aba190505ff77f,false
20bd8087d2c4d656,false
1d2731e029065c54,false
25de8913dce124a4,false
2532aa7db5443480,false
021efd595736d3e6,true
10d2fc80239cd6a5,false
16ce818671636f1f,false
29120916fc16c74e,false
2987656d2a9d88b6,false
09311abdab1a403c,false
1323fc2d73346453,false
300d2b2cd3787c43,false
2334647dc0a6fdf8,false
01478b6c6542d8b6,false
15372dc6f80828ab,false
21a6be05ae19d9f1,false
2c10f0749dfa9598,false
0fecf336bf080ef7,false
06095dd7fe621463,false
331ce12ad7be55ed,false
15b79a4500cc5587,false
04c96b59ff0d410d,false
220fca8afc47fab0,false
17ce72269aa6cf7f,false
155b1ffa74f1417c,false
0460e2e0b1943b92,false
23eb95c0eb2d4877,false
016fae018f55438f,false
0a32eeaca99b6aa5,false
077572e173d9586b,false
2c39875f57641b6a,false
05b202c727f81275,false
1c550cbfa26120d2,false
2b0417f10b41e484,false
1e79abe6794edb1a,false
237394542719e5df,false
0411e34fa525252a,false
16b0e98b735bf6f2,false
0088831fe0c3a49a,false
2957b58fcb69a11f,false
1e1b557512cde563,false
0903ecf5b812d376,false
253ffb937a3d8256,false
2194ac4e82d52fdc,false
1dd1ff2fb9001dc2,false
12c9c46540a955c5,false
1a3ee1a9b8ad0ced,true
1e6ebffa948f522f,false
0e9288049da14681,false
26a51af2c4b445e2,false
1ff28bbf3784763e,false
0249edcf597a20ab,false
26d73cb486479ea5,false
040f0746c498dc3c,false
2fdf98bccff2643c,false
1f34808c3f728241,false
19cdd6155c6914d8,false
24b9c91cae207024,false
2c2c318813e5aaac,false
118652435d3f2658,false
16098d6367af2e65,false
2229ae6e743ca656,false
02ad451e9f8cbfab,false
1e7b3c4c8a4812a6,false
0aad914493631229,false
0124e895b3658eaf,false
0487085b28e124b3,false
110133198bff687a,true
250244d2f2e2d639,false
28b11ce0745d1db5,false
0b37884f029d1dbc,true
257812cf7a615441,false
32e3fb03a5972723,false
2ccc628ad100b18e,false
0ff54aa4791b8966,false
0f11e84ce0685016,false
2614df746d38c0ee,false
0c430746d4611ae8,false
2bb6517f87978942,false
0b14d796612bea24,false
2e175b6be269114d,false
2f4c2814c98e9460,false
24ce233cddda06b1,true
1264a5d2e4a63c52,false
19eaa74b9108ded9,false
23fc4bea37fa3d5d,false
243f783c88b5cfec,true
241b84a0ba587c19,false
19c738e167a8a801,false
0291e964e97223aa,false
20aaffe3fa8efd6a,false
122cbb0fab7f7809,false
01fbf67ee2894627,true
20bfae2200856dc7,false
047ab9cc69c56406,false
3214a8405eb17bed,false
286bb4ebf278a6fc,false
052a4d8a67002b18,false
1fae3a9cd06a0f25,false
02a68ef7cef75943,false
111ef600094e524b,false
31f8e56dad591cf9,false
0970e6081d95a835,false
2235d7c900d22776,false
15e379ad580a2476,false
1f570cc981dbc0d1,true
16abafcbef4e0eef,false
04aeb7da8e038e6f,false
05099a9696537b81,false
1dd943c28412e6a3,false
2bfdde33e4d39757,false
0884c7b98acf7f96,false
11e4d5e1e76841f2,false
03f7b6c3d67f97ca,true
08b40d403e3fe2c8,false
23d150ba88a9b9ca,true
2e4abdaea2954857,false
1dbc38c1f8a62a12,false
233a92c66adafb97,false
1c35cfbc508ee5eb,false
17af21697895b3cc,false
0e4dd144cda838e1,false
2affa00768db69d2,false
25bc550051d30f99,false
110f6fa347c7301f,false
050547b51b0d8406,true
1d1b86c736506d01,false
23aa8a11a443a552,false
0283a73db5bb0530,false
019a269df6986222,false
29232f17f55c0cdf,false
2fa2936f8ef15e84,false
19405c73083d07fc,false
0854559a5a0fb2fe,false
0a1326a332e9d8e3,true
1784f60df4d9e10d,false
04b0249921f4978b,false
1b9c79ba9a4fa75f,false
2cc86e2f73f6b962,false
1c4a12340d5c4fdd,false
298c92d378bf527f,false
2835dc0e3c13e426,false
00b8eb1fdd4e4de9,false
09a1bafadfebfe5d,false
1d5068cc9396e058,false
1b3b8b6771e786e4,false
1577cf1d11862c45,false
31279c991a4b4a03,true
252be8bab4a97b91,false
16cc514ce42ab92a,true
3128388784f92946,false
1c9081f68ad9ce59,false
148666b2f1da1540,false
0f3a474fc97fa83d,false
2e4e8e0502de9bff,false
1afac637a8f0a554,false
0d501a2c136a753c,false
0a344598de483ade,false
04dd12f596f725bd,false
0c4646ca9e04cd97,true
1483c88887ead4f4,false
307f0139667d583e,false
07eca2b42f087ce2,false
2e46697aa556d263,false
2cc802dd47a3c968,false
1c981218c7925512,true
021a398237f8c5ce,false
25c04a61f3ae3bec,false
28a393f856d9b7c4,false
009c120d974c85cc,false
2c83abe2bcb710bf,false
1e7cb3c1cbba070b,false
11254168ac0fefce,false
148ceef8fe1c4fb6,false
28ffae6c48bc08c8,false
0e7fb49398cee337,false
017bddbe1685fc1e,false
13cb33eb35e5536a,false
1d75d001816e59e1,false
1f5c26330caa2ebe,false
12c67a7f1d78320c,true
1eecded56cf8e11b,false
2adfaa8968eb42f4,false
1b288e553ce49ba7,false
1bdddf6ac88bf6c9,false
2c73c5a3bc62772c,false
2246a982942acfde,false
294276446ac9f851,false
255230b59fc38a5c,false
01c49321ea3728ca,false
29242060f75544de,false
24b35d74cda807a1,true
2a3e7e7cfa8ab6af,false
094ca712a60eaa25,false
086c78da999704b1,false
0b16121168d4176e,false
1d6fefacf78f6dd4,false
25502630e8680b7f,false
0b5dfc26acdaa2d3,false
1606212b3a4d88ae,false
12680dacb27c2004,false
0162023586c9887a,false
0258d26bce261dbe,false
30b2ff6d2bc370a4,false
2c32fe9b356a7c47,false
195c8cb84810736e,false
14f7bc6adcdbaa6f,false
00678062f419ef20,false
143ea13f139d3273,false
32687656a2dbd25d,false
24c27f85f3d1d3a7,true
1b794a987398a1b4,false
26c8c09ff6750651,false
2020fbeb23c113fa,false
2affb95b306677ca,false
317ff57da32c2ea3,false
1c27b36d5bf780f7,false
3317f46da93d0f3d,false
194911acd96bf7a6,true
0e57247242e94a25,false
18a497cfea6825a1,false
0e8a7d91e8ca1cd4,false
13aaf5694c7ebb7f,false
05c765d3bbb04bef,false
1b17b580d0354b7f,false
0a3a95db0c38e731,false
05c7edc9c1093ef7,false
2e08df4476870cbd,false
14bb695f4106d638,false
2ea60a85fed1cdcb,false
29b8b9027dfc26cd,false
071aa60112531b55,false
05544e0ab6342057,false
05c6149787420d24,false
3123f688e7ba8856,false
1ae7015848beffdb,false
01f1db000d67d418,false
16918503fbc96cbd,false
31db018e0ace1d82,false
0449fc6fc89928a0,false
2b91f61758ca8e6e,false
15da65490cd1b698,false
1c95685efb90637c,false
1849597f43234a8d,false
07be4ab1a949b86d,false
048f1f4cf942eee5,false
0dbb3e736355dbcc,false
06260f82b2e393a3,true
1c5d27d9818cef73,false
09652d4e5a33af09,false
01042d6af81ad640,false
2faedeef00d32278,false
2e8e9768f0ac1c2a,false
07e5c6c015608bf2,false
2779ff60f692d6e9,false
259f129f8d28363a,false
16a40185c0312958,false
0258cfdf52735032,true
08645fc527166681,false
1bf6f21def33f3ee,true
0e2473e1c4f462d5,false
177cbf114294bf4d,false
184677b57571cbe0,false
1dd2d1da5c6e8c69,false
303f77b5aef765c8,false
1615bce3dfc266c5,false
23cfa6cb00bfd0b3,false
08cd4060329d43b5,false
106608f5fd5136ce,false
0020ef9722e92e95,false
2b7139c9c421d4be,false
0749600eb3852273,false
16944cec65876a3b,false
1dc6d9699fccc023,false
044dc9014f51a550,false
2049805272e153bc,false
0ef71c9c9b6d8aae,false
0b96e7b7391dc6e5,false
32786a0c2cf12ada,false
31b0644881585b9e,false
0c55aab93c2247fb,false
1e97e88c213c50a2,false
13b37c0db1b42f71,false
02e6a9fa63b120fb,false
1c3dadecd19e6948,false
171eadea404a8936,false
04c5674604ed80de,false
301d0afe9cba2a07,false
30ecaf51cc4993ad,false
327795f20618136b,false
00bebcc40aafcf54,false
0ef67200ee3080b3,false
294dda76416916b2,false
2c8252e032def1aa,false
2548bdb2a84130f5,false
1e1d105a958ae46c,false
058e0c6840fe9824,false
03e0e293714e4315,false
20e22f280171acad,false
177f783bb67478b2,true
1bc5a853b3e6d766,false
329f2127adb19eea,false
32413a627817525e,false
219714b9fd183284,false
0f9987a242ec2db0,false
227618ad2a8d5fc3,false
27310e3fce6d5a41,false
04019ac4d0b5f1b1,false
0b65be6361c62eff,false
0fdb26e500bc7ef8,false
2e1f22bf03c385c2,false
108c6f5e5c1cc68d,false
02aa1b1ecd528f1d,false
24e1da7893e7d822,false
1aa86128bb73df0a,false
07ecbb432cd2ac4f,false
31580d74717a126a,false
0368bb9b29aa326a,false
096be4457c2432fe,false
001fa4a816cc6dc9,false
0ab72f5b5bab55d5,false
104a1046e5fcd9d3,false
12fb4279d4f7f92b,false
15cb1a907966e39e,false
046e5485fef90c66,false
19692cc7def233de,false
083be3d2ad02c560,false
0bfe8571e3671bc9,false
099c876203a1c340,false
1172d6941182a509,false
152e305a96bc117c,false
2a38855f79eed35f,false
082ab09770111b7d,false
1e8e4fff8786a61a,false
1f692568fd7f4c2b,false
25d96f7613c4912b,false
0bb6e2c173c381ff,false
1b1e3280aee4cb99,false
128f9f0755180c1c,false
1ceaff8461d85484,false
148fb2ed54d20ef8,false
277c27c66bbc30fe,false
31e0362b0dbe916f,false
021b6f92e7a83b5d,false
32b0ca2838107611,false
0d878370b3a2f5ae,false
02a8eba283af7225,false
0669d8cd0ff8346a,false
05c8088da6838777,false
1dd13c13400b5e0c,false
282a525721f89607,false
0f6ca315c089c0b5,false
0116d53c655c88a4,false
0a94582813b9c184,false
10354c5d0f566b62,false
2d9843bd78a7213a,false
16361a4bc50097c1,false
060ce30f16aaa1f3,false
1c2a928db8bd5b3e,false
297c4d2196b89df3,true
14ff55530c3315ee,false
2577c3be68765cd5,false
2f10dcd859f43fe9,false
07b8349cf6667881,false
22f0ed0f596362e5,true
0a27803a1100e919,false
1b5928844064e719,false
321344113c8f763a,false
1d0c62626c9d1061,false
1c59946406484fd7,false
238476a1f14ddc3e,false
03e6d3a73402fbbb,false
0043d6e83840f847,false
2ae7fef7e4c27774,false
119ce89137ff9e7d,false
0fcb2de094af68b4,false
02f4a40662d5af70,false
0bf8a119e6f44cc3,false
2892c6c426193ac3,false
23d2b5df7b671bb3,false
0eed0c3e85ee6099,false
17d6ff9be46dd631,false
25beb654325cd26a,false
251a40b6f3712e6b,false
0e16a1c1fb71cb57,false
2ac09d016461c348,false
1e3f190cb847c998,false
274bb223979c71fd,false
1a0de57acb208e53,false
2bae9341356e1908,false
22b17de6ca09f67e,false
11afe3c40af2d83e,false
276507986a85fa87,false
31e2726ad2e3d48a,false
029133e5fcc05846,false
12464575358e148a,false
2d6d7cbb8b14a75b,false
09e5ba42e6bdecf3,false
1750b8679d8e9612,false
041d58824326758d,false
26c269467c3390da,true
08a0394a4926aeeb,false
1b9f9d042b164ee1,false
182a693492d15e98,true
038630481c9071d5,false
262a6c0d6b51f585,false
33160e6915b923a4,false
0da7bc1a09d41fa2,false
31adf10576cb68d0,false
1ca1bca74123d7de,false
2132d725a44609a5,false
261f03e1502f9e83,false
07bd100924b7a84d,false
26af0725d629d662,false
141e2d542848ed5d,true
10917fd2a0394122,false
2be26104116939e2,false
21fde8296eb69d87,false
24922f14e99a04b2,false
0b5be555857d290f,false
31f59e5eaaca2327,false
2ae63aeff60784fd,false
046f04217806a08d,true
25696153bec083ff,false
2229289fae12e40e,true
19d23b16fac8ef92,false
2815c9306b91b00d,false
23c0208dbbb570f4,false
105daebff328ebc1,false
0a7da2ed8cd88144,true
27c60a3011a8b760,false
03f82ed1518f2794,false
2cc7a1a32d317f6b,false
19adedec90c45daa,false
2fe0c8e50c0a901b,false
0a484dcd1a418131,false
18fb59ae564c9942,true
331ab1483bba94ec,false
082cdb6f386b41fd,false
331243929f1e0f88,false
1776c7f04e708970,false
24d1d38942837f6b,false
30e82b18f2efabe0,false
2772813e94cd915a,false
28c0d861943ba055,false
051f16fe27a96223,false
2eab7a7e3a23b0e1,true
0c41032f09debe5d,true
01fa2c3316270fb3,false
1108699c3009e52b,false
2e298fc7e8f675ea,false
0251d51354b8ab68,false
016bd4eb1288731b,false
0a375dfec70145a3,false
2e903d8c59cdead0,false
2589808d3a5ce800,false
00c9349c2f7ae59d,false
170182d967bb6b0c,false
2ee4f784269074ba,false
17284b8c5a1986a3,false
206baab4cf6ca8c5,false
1ca984604d6a7ea8,false
0e10980669b2cd9f,false
1aa55f129c8ed8c5,false
01458cc7bce1c67a,false
192eae7c84742cc9,false
15fc67318cb14120,false
2412fb92e0d23e77,false
2b268a8999b05e95,false
04c9521639a64e19,false
2fdb9d7cc490d2e6,false
2bed719f4b2f6108,false
120d8be1b034b904,false
2917f3b9758cb30c,false
12f3a1a1c01ac95b,false
22ebfb859c194d4e,false
29ce09cef7243bd3,false
129b1949cd6172c6,false
277ef6d92800ca45,true
201ec6f843a86577,true
276ef58e4555b747,false
2e08091a3481c1a2,false
081fc022615b91ae,false
07283a6531fcc2b2,false
21535849743f7a3c,false
2d8a42e91a7e6af2,false
22f43eeca647c409,false
06d35b54aabb604a,true
0ab52a802dbf1adc,false
17e540e52e9a3d46,false
1ed8e21cc82f8692,false
2a5882addb2a243b,false
0c044a04893659c4,false
29b6eebc351a7b73,true
120df7dc937358e3,false
18f05565b4fcdafd,false
059a1d2bce552a21,false
262f15f3feafd361,false
0f0a4398be177302,false
0381047e42d8c4aa,false
2a766418ad31ff44,false
201d0a5f13887998,false
23ed75b124a416b0,false
25fd078fdc810f59,false
017b620d30cb418f,false
2f118e925813fb87,true
1952a21264d36252,false
164275d47d2e401c,false
1e2972652055ddaa,false
0f1e86ec944f1b5e,true
0bae659ebbaef35c,false
098f344ea1e38b78,false
0f071346989b08a9,false
1cbb1cc46b2b3bcf,false
26eee1100784e133,false
2ab5914c848b5820,true
22d86d81ea578360,false
2c2c761798c2e67f,false
06d34ae71954a83d,false
21cc278e8be24216,false
13de3eb7be6d1494,false
1ff3382ce3747827,false
12d4b4acd2494de0,false
209a65e4f356e9e5,false
329ae2a918fecf8e,false
3171d6dfa64ba18e,false
2e9e6c80f2ff14dd,false
0c3956b845358418,false
077cb487a02e86df,false
1ad6cac0af0c8f54,false
0fa129aa9947917e,false
266130f5d5dae797,false
167ca332756faddb,false
22d187a747ff98ac,false
19a0aa829d4da1e4,false
0b00ecd630c227ad,false
26b2eebad1e06b1d,false
0a91a4c44566d5b5,false
04eb781afa668eac,true
2de3e3473ad7f6a6,false
15b5f0fb88e937cf,false
24e21a0ec51e428e,false
0efb60a918b3c758,false
20675d0d5e67a25f,false
1dc183307668a310,false
28a8aa1a4ec758b7,false
1f317916d63f4035,false
1c63fa385d43f9cf,false
2c532ed56e59bc82,false
2d70e268c09d3de4,false
2d5aa50cbea765c3,false
1b186b156df34cfc,false
207749dace14f11c,false
29e56c285e3652c2,false
214bb4bd26372453,false
0d1f2e1efb96231d,false
1a535ec98389571e,false
2eb8b7956914fd66,false
11c9b288949dfc35,false
0c8704a451d2d47f,false
14b6673d55013e69,false
189fd8cbed3f1376,false
135dd8e41769b330,false
213f5bb98131c5b6,false
2b90f7883f2a669b,false
1db685965352124e,false
11cc609f3b25b134,false
11256e97f8326d38,false
01e726cfb5da04f6,false
2953e4054d3928ff,false
02253b89baf8a639,false
31e23d9df1096aaa,false
1f30bfd4ba553537,false
1f4ef4448ddcd82a,false
1e5945993ebab9c4,false
077ba414c2e417f1,false
09be3b9f70b5373e,true
2dd2dc448f324434,false
2ad8798c70bc607a,true
18e3acdb559f5e5c,false
1e66ee8ca3e6a223,false
10b6f0bef1ac85fe,false
31b8efd5c1b51b00,false
0bf2021915dff204,false
09f41b4ae1da8646,false
0a89747c1c5468eb,false
18a379ff46f47ad9,false
2e4df90897d53709,false
2488dc85d813f74c,false
101aa5c32ca92caa,false
1a9358849a5952a4,true
20427bc7599ab2b0,false
0bba39e0b3991b29,false
17abc86eb8e52197,false
2adf582d0831244c,false
21ed2e43fe0e4205,false
2273b7294b826978,false
2906b8703cb7906d,false
32ea1763d43ece66,false
0ba34ff274e9ad88,true
2ad0f32dce5c0eda,false
19abf6508ce6d550,false
159b42f4135057bb,false
006ff807a161b6e6,false
312dc9acfe1fd752,true
22ffcd5358c594fe,true
32cce1309e368133,false
11e773eb868dea52,false
314e040ceec5d845,false
120ee639f2093b06,true
269bf567ed1c687f,false
01f9dfbbaed13ec2,false
09430e0f820ff94d,false
0dc928adafdbeb15,false
2fedb8dad99dadd6,true
03b06a7f97df6e03,true
21b6775b9b93d39c,false
3172687a71df71d9,false
2f4c42bdfd5df2ff,false
29cfffa60f99246a,false
0ad799a3af9635e5,false
18bdb5ff10f35393,false
296cc3239cff93f2,false
28b970348d09cc9b,false
202c0260adc733f3,false
19831cb09668053c,false
07dde96bdedda960,false
23d702f00adb5ab9,false
1c233a88edbb01a6,true
23bf30d34ec61964,false
1a4c947609ca945c,false
25beda2abab3d1a2,false
206c84253026e91b,false
27ed732707c34a2d,false
2bb17e1b21e17ef5,false
24fa33c1334f0988,false
0a9d403fbc6ba5ad,false
03efeb4148561c38,false
321132bd1d972c41,false
10c04acaa6bd2fe0,false
1478f10af3323650,false
0865f2e7ff80d90b,false
0b0ab119d0c1e8ae,true
126194b5a0f6bca4,false
330f9f05dfd2cf77,true
23f3979975a9952d,false
013796722636ec44,true
1cf7ce7840871145,false
027d56d75645add2,false
021e802879967bb0,false
0011b6935b046220,false
2d618e995860650a,false
065eb73e83d366d2,false
21b05e3fe4897f55,false
054e04f0320fb136,false
22abd58ddfcf7dcc,false
07c4f941d9ba2dc3,true
1f22b0053f2577dd,false
0755585aa3e0d83a,false
2eb079b340d78f7f,false
12215eaf7dd218ff,false
1d2b9a19da69f54a,false
1cbb49dac1fa1213,false
19a8bc39cb455aca,false
26c92b01c5bbd839,true
1d1ead395c3af816,false
3006ec29ff51a56b,false
315f7cfcd6ac741a,false
023120a4909b2cec,false
2449bdaa4040e05e,false
2efbe6166c2b7e79,false
2770fd6d0259055a,false
19dfaa55c0136fb8,false
09ceb073eb38f78e,false
25d21f279709ef66,false
109a525a8ea2e19e,false
06544b00012e3ad8,false
0be7c132373ccda4,false
3251869df075dcf8,false
20062af02058a219,false
32a5ee66fd771ba8,false
23e91a0d9e4aab73,false
0c3f82fe19435ff8,false
273d1cfd1d89e772,false
18916b4fed3a31d1,true
29d5893989a37b71,false
13f49ffdcf55bc2d,false
1b1f086c428e1dd1,false
073501ddae746840,false
18000a3b7111ee55,false
19fbd74d12f02e35,true
2d70b8ee292b3ba2,false
32595a70613fa276,false
15a289a528456fac,false
1202f19ad40be126,false
0f1fe910cdf26234,false
21cb8feaab15e96c,false
202d4c6ccf564f81,false
22e1bcdda963e067,false
016d0408e2cbd4fe,false
0d1b23052b75380a,false
0cea90978b9177d5,false
16a2012f0190d4a1,true
2459f99c4f43c0c5,false
2d6f90ad9d4bd3ea,false
1582ce95b9158f69,false
24e297617e19c84e,false
27745bc6f55ea5f9,false
0c85e4571838bc0d,false
2eb1146a749ebce7,true
0b595959eda96da7,false
1ac76ce4f2a24798,true
0291bcf75a8065f6,false
0cc8b2f2e843ea68,false
2f9b8931e9d52920,false
178fa36851bee0c6,false
10338494954b8039,false
2c1268ff2c6f982a,false
008ca10f0cf24a9b,true
08c1c23da971cbf0,false
068cba41f021983f,true
0f082a8b5fa43d63,false
0dc005015c90a3dd,false
2051a23a58e94e08,true
2258266e84d1f97a,false
1a5a2127ab120db2,false
1c9befbd30f35e59,false
1d1b61b492204318,false
296890bcd0510a83,false
13834dcc2f509e9f,false
027de1487f02cd62,true
009218a88fe88eed,false
070078dc89097d94,false
1cb59e0b4151bd7a,false
1b648c6c127fea01,false
22fea2549fa580a2,true
26702d3708b9f7f3,false
0b55225ae6a71846,false
201a2219b7f6b9d2,false
01cf258753223108,false
2521f57445886a59,false
2b96975856c89eba,false
2d6a447db893c4b0,false
1f35564f64fa3f9d,false
30b35c42fbfc3218,false
22d6238ccb144ae2,false
081d0c5d639031ff,false
1c74611b3f2f536b,false
234229da0a9af989,false
08497a2c77780fa7,false
30631e073d682f58,false
095f3a704a703c91,true
25deed9f1268ae1a,false
0a646b22a872ead4,false
29a1ec558b00904a,false
2447e6972b98fa75,false
2302ee39d833dd69,false
043eb86ac7332b20,false
0bd5343ac2fdf2d2,false
283b8ac81ee86fa8,false
0de6e73ea66a8e30,false
2f3a4de3d153a31d,true
101d6bf76cd7f71f,false
2e53950ad30a9224,false
0cf705df08f89b1b,false
10d61d34ce9e6698,false
13373f21508d72ed,false
2345128b8da02347,false
2a906bb0ca941d3f,false
2b8fbc972bf8fffa,false
150d26a8d13f75d5,false
12f84dc60482392e,true
2ef859ef6ae1c9e2,false
107d12ee6700527a,false
01b2ea7a2dc841a3,false
06c2dcd09d9f3d2c,false
16e7dba222d76630,false
1a9f3f4eed3eef9a,false
1e38d6561e9fa579,false
1d036c9e6051bd73,false
116fbb1151ea14f4,false
03dc3986b813a766,false
045a8411349a6710,true
32a5c9b4ae0eacdb,true
1bd8b8fc50c82c09,false
223b4ad85b234c5c,true
1f5c5bd88cac3093,false
2aeb93606b6bc582,false
02908ae8438a065c,false
00246c6c33bf1c3a,false
194b71912bfcc65d,false
2dbbb2035c2f52d3,true
0aa91f2d64978381,false
2544b283368ac770,false
0260e6434060354c,false
2d2fcf7dff00ddc9,false
138fc79782028a0c,false
0f9700b33d39a924,true
0e96b263d3614a79,false
251b6385696eb8e8,false
30d76eb69c13865e,false
1cae6c9347b008bf,false
0dc9aa2f8bc14602,false
1412920032e440c3,false
2fd2028ad405e370,false
15a21431700f7b4e,false
0d19bb2fbfb3a06b,false
0c6729358a3ce9ed,false
00cd5cf755622ed3,false
2a6da51165fe6758,false
1efd841b5357a261,false
16030d55a964dbb0,false
1a36f94677f04ebe,false
33199af100d159f3,false
115532da72cd98bc,false
07b1f864b9fd34dc,false
0bc61f8560e5492b,false
07f01968497161f0,false
1a5e3c24b9e61198,false
3253a653d7df9297,false
048f28d0235d2b1a,false
283bf36c50e0d18c,true
06fc20837ab68537,false
2f445d13afa4a8fe,false
28a2b4c9129b71ad,false
0b59474eb5054c90,false
0373fbb4e631f294,false
0304613e0c6228f7,false
25f69c5526a5644c,false
2802d0da19117b04,false
1bac65921dd3882f,false
067ffc0810337538,false
23c858bf3a2503a6,false
04ba08e4fb624319,false
1d828742a17fcd88,false
23ba725159121b2e,false
0eab033930e0f6d2,false
1fb9c02fe252d732,false
11ba1423adbec499,false
09b73e70d5487d2b,false
280e1c7e55178847,false
119a9d4eafd4ab6e,false
0400e3804880d13c,true
0c76e4eabc7cffbb,false
1b8d5d1afaf5fbbc,false
1e9b735289175823,false
06a694962cf6a44b,false
1d1ba77ebaa3ab8b,false
0a7a9505d473af00,false
1af97b2367b017cc,false
063897ddefe0e5c1,false
0f1b3280ee06e7dc,false
2b42fd0023b770be,false
1cb6779f82012822,false
3206c5d3839fc6f0,false
17003ae021096f88,false
1ed671d3d8c5fbf2,false
16f0a71fa2a65c19,false
30de5c5faa124801,false
1acce7d85a9a00db,false
31354c3f6bd04807,false
172de4627f4db0a8,false
06dd67965f53e18e,false
2f7f4a521de4c830,false
033136e1a4e9eb06,true
21abb9bf2d96502a,false
2465e54da5270435,false
27b7571fb7f23437,false
14f02421cf0f4e4f,false
26124f9f71244785,false
0c75c2989dd7f1e0,false
17fa1a56e06d822f,false
13a226db402143f0,false
1466ec3fc8c1846c,false
174754b5d723ae3e,false
2cf2a636c2bfcab6,false
20ba10586f819790,false
10bcefd145b5bfbd,false
0336ee8434a2f27c,false
27d9ff32d46fc3d5,false
14dbc173dd572db9,false
06fbfc8c814858b3,false
1fbfbbbf5feae9a2,false
32c652be05cda289,true
258bdb673f236ae8,false
10e322ebb8c3bf00,false
15a2dc5699a46f7f,false
1b6f3d3b09f33a4d,false
2f06fd62758db2da,false
0a8f63c1ca45a53a,false
29078c0da85a5413,false
04e3074eb95edf91,false
1a4f87d6f85371f5,true
28a34fe7bf38ada7,false
2f65462671fa577a,false
2687252d4ce2ff3f,false
0a0dd381b5d802cb,false
306f4c6a79b2b76f,false
30f7a3e0d454b288,false
1c3fe27e153d90f1,false
09c23f277f7aaf18,true
0efb91f0b8b2a166,false
14cd9a8c3f17a7f2,false
1cb3e993a1b4396e,false
15a2f4dc99302458,true
0264a9263e4d1016,false
0c2d448a68e937ae,false
04e6de9a288d363d,false
2c6c1070486714af,false
19ed8635ea2ecd55,false
22683c62d951b3ae,false
1e09b4d4aff97f97,false
2dac278617381bea,false
29ad370951295230,false
23c99b0b03206396,true
23ab309aeb7bcb12,false
273817d70eda28b0,false
21922cd230e04434,false
0ccb8315ec5ed5e2,false
1d7bc80414202ec9,false
1938cea2be22ae16,false
1bea86c90487dcaf,false
09dea6af5bbe06ac,false
0bcf8d2a1d9a21a2,false
2ae337bebb5d3b49,false
0df5a6f10f005673,false
1c1b8e9d0d6e163b,false
1d28b30aa97138b9,false
009bc69cbdaaaedd,false
3231290984d36fdc,false
0d9cf62052b03d8f,false
219baeb2d11b3dd7,false
01d03e40dbfb0dde,false
23e8a5dbcc37be60,false
2ed69011a018b697,false
15edabc197c6109e,false
0d690af34c93c429,true
2843589c6a9a14a8,false
089bfe1b946528c1,false
31497df1fb76deb5,false
29ec2f7ab93648a3,false
02dfc0d112ec0c9a,false
135bc14ecf84c5cb,false
1925646a4cc83bec,false
248ac8faad6829fd,true
0ab447acefe57496,false
0e56e9fdc0bec714,true
30b1a4b7f0b362a0,false
0258e709450bd31c,false
0f27a973f0986458,false
21053b9954209aa7,false
1af0d13ed870893e,false
0e5ec069a6d2de56,false
3312fb510f58f4f8,false
19994c6fdef03ad4,true
15cde28ea0bb855f,false
18e3d7f88bc514d7,false
05df92d8237c7370,false
1ed93b1ca79eaac7,false
10e72e9c713912e2,true
1a75041d963137fa,false
293870d73882413c,false
02685fbec9f77fa5,false
23f4f7818c0d4839,false
0ed5d4abb2c2b175,false
065b8b4e9a1f30b4,false
0e5c9873fef051e6,false
1c0554cffa8afdf2,false
1768acd13bf5445d,false
1673c5a9bafaa35d,true
15b5120a97fd5d8e,false
09285e19a825c185,false
2644203b89bd3177,false
14f6c6df33cfbdb9,true
24eca95df71fdd2a,true
19ce05e62f665dec,false
1854d248fcd6811f,true
28c59a85c0358acc,false
0c06956d89e9936c,false
1dffbace8bb813f4,false
0be67ee0485d3de1,false
0131b61821858563,false
0fbcb5b9a50ae8d3,false
2d7d58a6079921f2,false
1cfe72fd3b95c621,false
0f615bc6a0c50f6d,false
100a443c54e52cea,false
1ff13c265150ff06,false
0bac6fbcaa680e94,false
08b31ac3a191f38f,false
2a6ca1d79e30bef0,false
2f70973115650849,false
1838f2e2ef666d3c,false
0a3933caa83833fd,false
1c6953d698624571,false
176675bfa6f2dcc1,false
14ab33c44444d3b2,false
0f9f4904900dc43a,false
245200af0fe4e3eb,false
27f046bb92848a72,false
11b4fc2d0d95dd79,false
1ae54346711a22e1,false
2e6248bdb433210e,false
1839cd7611e6a7a8,false
0381a14cbe0d0904,false
25ed8ad0e14cb47c,false
00d1c5b4eb6642ce,false
1e3e09fa5a07426f,false
2268de3561757928,false
2bb7054a90efc87c,false
17c1fe33aceb2be5,false
282732b9c71aafb1,false
17910af3acd8564d,false
0a27fd9920645d8a,false
20e412d7a6e00483,false
265d4501a8ced7af,true
02899087994174bd,false
1ed1076781504277,true
16acab1ab4a66243,false
1ba80e7fc1c8b734,false
1a6ad5da0021c9a1,true
2b48d04ae32b528f,false
079c98edd69034b8,true
1ed8f28b60809ea8,false
2b1ad1b2a498da19,false
2d1ec32d7cc402f8,false
2274652e92097604,false
0d67819f8b84ce17,true
2119f75cabf0ea0f,false
150424e5c9642db9,false
282e7bfe26a4e15a,false
1374882ae89699bb,false
2b12a6f440d3ec91,false
2fe01724d4e25d5e,false
20607fc7442e9bad,false
037bea25956d5ac4,true
1acc2fa89b3f680f,false
2bed1721d32d73a4,false
22211e40af2d96f1,false
19fb81e0b06c79da,false
2d6592a55a1c440e,false
110dc65fb2c7cda4,false
0b416a94e468b3f1,false
20bf90c9d8c391da,false
1a3fb0ab0919238f,false
17e1a7678e941973,false
1c99b07295f854dd,false
283736e874df423d,false
32550130831a29af,true
09bacd7a5ad32503,true
1e6c4916fdb80b2e,true
28cc50dd74d27750,false
1902acff66ab6662,false
14dab8c82d2631ff,true
1a34c8d5a21198d0,false
07ac1a068522c021,false
0a9f0aaaadf9aa1f,true
069120d775564e79,false
0d042d27ddd54a1d,true
1c81e65844636736,false
22aefbc56ba0449d,false
268340e98dd9b851,false
1a1bffcadc9538d7,false
0402bdccc912cde4,false
2792688272442f2a,false
19f1bd6f207b9bd1,false
18c4183ef3de361a,true
08829e0d6dd72194,false
02dca94a56a3b3d1,false
10f526cdd3a5f77e,false
1b45d54e26a385e7,false
0d0f504f83a9f050,false
08a6febc56d518a3,false
2d6d7e0614148e0d,false
0d7b3f669b635d4c,false
32ce3f6de28e4b08,false
0181a12c4984ffb9,false
2883c9e6519493a2,false
11fff2e1e48ce963,true
0675fe3ef18e67d1,false
0e9c9dc8bbca1b66,true
2c072cc951703deb,false
0b7055a4fada4cec,true
0cb482aa08560066,false
0b0e8a8dc0d348f8,false
155c5ccdc13d9451,false
1a44a2b0a4594173,false
19b131d0bd86565e,false
235e0c1fc1545830,false
20388baf1126f090,false
318633f5ffffffa5,false
0dee9877fbe1ce6c,false
13606d7de888218a,false
25e94eb1a9a2985d,false
1598e3bbba3f565c,false
3153fb48eaa11629,false
0c7614f84e93d4b1,false
033914ff36d9ff4b,false
312b811c7be83c83,false
1df2955930824fc5,false
21203726c38e55de,false
1e8932e17cceb6a9,false
284de1128437fb32,false
080ef2ef06fc8d94,false
13b065c0b14c33f5,false
19a9acc6b69d99c7,true
0462ba13ba357c61,false
27dabaea12f78369,false
2cfe3ad97a9c2bc2,false
0db15a70c0a3b132,false
1ba3510759c12e28,false
096c296678076de8,false
3292e681e9c0fc2b,false
07ba103f949789d3,false
26becd059bd94706,false
323a444335cc6090,false
0007d32121bfdfe7,true
0301f3d63a7824f7,true
05c2326b5ed34125,false
07b8f4d56497e420,false
3116cd738636bcc1,false
098e90a949c15b79,false
2809965f79f23532,false
16c67adac98748bc,false
01ba9a703cd911c6,false
3231a62e150d1d7a,false
0026c6bdc10b5358,false
011cbd455fe10744,false
155489084060fc41,false
06e8a14cab31096e,false
0ed9777817377211,false
0977063f80936ed2,true
2728be5561fbe221,true
09cbbc9d7c7aa631,false
0d5746ea0326f0da,false
14a444a26189eef3,false
2ae45b3cc51b8396,false
27555a978c5d3768,false
269c1602e5535ef3,false
208dcbf3f716a7df,false
0b5a28afafb321eb,false
2716ef7ce5111b0b,false
09fe4f5ccd6e7eb2,false
0be128394e80803a,false
011f077292aa9371,false
0e88c98881eef2de,false
28daa80dcb6d020d,false
0cdd54f4322e5727,false
2dcbd99e8e487e69,true
0f2dfa1291aa8b6c,false
0775232dd12924bc,false
08c1cd99eea48dbb,false
0c10e592e41f8e83,false
28d5d8ae822ed59f,false
2950da6a48ebea1c,false
297a6041e4ce092e,false
1ddf0ee1803e3d92,false
138ff32ddf9f6437,true
19c61d28addb9d8b,false
11b5bff8c5950f34,false
238f90ff7c971ae4,false
09244866af9a4b72,false
02f23ca8eed5e9cb,true
1ef597375aa6ee25,false
16f29cf482750798,false
06bb665e0c8e11a2,false
1b2893dc706a786c,true
2560590d4a5409b8,false
22262fc8143b02ec,false
2e41fcff0260059b,false
172a7a7b7beb8236,true
323a8ebeca9936a9,true
119d19d40ca81048,false
190aa8bb063dc5b8,false
1edc983caf95dd23,false
0d9a87de2f5fa901,false
0cf4c834850646ee,false
2fa7cc83350aefa2,false
19a5312eed5ffa7a,false
2e73743a016d5184,false
299e0b756635ad7f,false
06b9431979957fee,false
1032380361f577c0,false
0326a7b172065a17,false
307c322190ed8656,true
29c44b8f48d29faa,false
326d8b9a0836f685,false
058af656da790193,false
14ea447488798437,false
2036da10bf04158f,true
31862f8e3821ec4b,false
09decf1653311274,false
25d8c4e0b40ba253,false
0a514669ecc3b955,false
088219fa455e2b5b,false
24e7f5742bd68b82,false
0a44ed75daab4098,false
0baf87d08a87b344,false
0b446b5edb6c6666,true
2dcd861e7a5fd198,true
19b156b13c553b05,false
06ea535b8bbe9bb6,false
08cfd1b9957ce65f,false
0d575b8af020f10c,false
077a69d811f20df6,false
1afe7c1b63826e19,false
24e912a9f61905d0,false
279e9df9f31d1da0,false
2a10da180ecdcd1c,true
03ada06b8737fa5b,false
1b166e2366588f81,false
318d85021b1bfc22,false
043c1f96f19d8dd1,true
268d15de02ac0601,false
20a8f6a150becdc2,false
23395e800c29eae3,false
0d884fca44c419ca,false
2ced3828bd6da15d,false
247425fabe70fb5e,false
03cc7fe5f1118baa,false
168413fe0eda249c,false
22ce9b7af8cde904,false
107fa25d69304a94,false
2e9dfe0f28f0422e,false
237228bcabd7c497,false
0eff9344123ddd9c,false
1cb15b335096c2ae,false
1ebcc0a762f5497b,false
03f76485570a8f74,true
2cab2f1a04b9795c,false
00b53aac53044b06,true
15ecc8b7df571f9b,false
185a0857aa526701,false
0f68e8ad6a43e4b1,false
213ce7ca4b7fa7af,false
267492a9e5dd630d,true
1dda53b09d238812,false
0f3d4ddc925ec273,false
2a2e281abaf5ee64,false
0891876f80cb8f5c,false
1c1e8192fcd6480a,false
2dee9ee0bedaf57a,false
0e276f57e32094be,false
0c0b4c04a3ea774a,false
1a62f4c924fdf09e,false
11dfcb3a6ecbd538,false
0e60fafe44640f49,false
07accce206e1766e,false
30af3a917ac4cbf4,false
279bf5e459d30ed1,false
1d51ca51fac1d18d,false
1adb85e2b767e94b,true
039433ebe87629f1,false
1dcf8b7804f62c1e,false
085243661f2f6f4c,false
277cda1c0fba4dab,false
1654049ffba804d7,false
1a0e471b8d4f9db2,false
147d55af49c89916,false
172d330393784d82,false
0aea5a04a6a7b565,false
090ebd35c37d4c2c,false
285ebc1e1cdf0864,true
0c50afcac0d1e1df,false
08246a1b2458aa7d,true
1ddbcfb8637c673b,false
1054d130a18698cd,false
23e7670d35cb6239,false
227079545f29c443,false
2c3a414758757dd1,false
171c2e0b76b4d1ed,false
31f08ca8e7cdef7d,false
284a31684bb09e6a,false
2a5f42954dd0c498,false
28dab2938020ac24,false
196c5856942946d3,false
1fcc75544c751c64,false
11470eefc048339f,false
32181d0dc4fb9fb2,false
2609852ccf83693e,false
3057b655ddaf27c9,false
05c21aa9a15ab730,false
2e4fa7418c1c839d,false
25079a3c27e7d282,false
13600d5f81fcf344,true
2c6ba56d534289fa,true
239f1c7572f138d0,false
31bd16f924a9a6c2,false
134894e018dcfdbf,false
034b41292a39070f,false
187673d8a48863bc,false
2a155dd15ef6e422,false
1f277c71b42e819a,false
09344276904c16de,false
1fa970b60d39563c,false
2302ae2d7355caf1,false
22656bc6a7a760d7,false
08d18fe4a1b49c30,false
04f92123225c36c2,false
17b61c79c31f3c2a,false
1ea4fbd498c75eca,true
0c89054b61b204f7,false
2b555c257a567100,false
15a3c03731cb9e0c,true
2c60de151afd1b17,false
28c54b3de1c26c49,false
1ef4ddfaa1ff7fa4,false
2310ff0c2aa1e53a,false
156d9817cac83a7c,false
1346626eeedb2ebc,false
0327c824de619502,false
24953224b3a51ff9,true
2fc2eee4b868a1af,false
2234a956a200bbe9,false
21962dc361f275aa,false
20eeb31e76035794,false
2ad0552848248446,false
3135186cd9785b80,true
230e150717942e2d,true
129e47fc6087f095,false
0fc7351dba480f79,false
04f0c00819617d2b,false
0d9f30297b77ee94,false
0bc1fc644a277612,false
0cdcb95a11e81348,false
323bca83594e9572,false
1ae10dfd997a96c6,false
1e48f78825137220,false
111e43f09f16d94d,false
0f6b6166e9dd0c14,true
12baa382572f6a1f,false
28f7639eaed1037f,false
1b0da9a631b12788,true
18c550d3df3cb21c,false
021c923d32609580,false
25920c062095092d,false
19907cc0e9990803,false
12cf4b9a3f3e2fa0,true
128fac12be46a5fd,false
1685f7bb633824c2,false
0fb532692261725d,false
1f6b37e6a2e23587,false
10eda8596fe61771,false
020951098cb298aa,false
25373257d444d8ff,false
15f1122f1cdd41ed,false
201bc67ccf34ddb4,false
25e3504bc338598c,false
0491ecb8f4b56c92,false
05b792e44e2705c0,false
2c4c16c5543f90d5,false
062bad45d52454f3,false
331d3058def79320,false
31ec5b008e92f61f,false
1ed62bd0fd29293b,false
0eeadf3a7c7d705f,false
0c058be3741cfc8c,false
06246fb448af3a7c,false
0da1e77e32399cea,false
1c07a344c3a06db1,true
2011b3f8469feed3,false
16cdc64443ce91a8,false
0038db8674515436,false
20c626b1b6b0336e,false
0a68f7a8970c8fb9,false
18e10e27cbb39b87,false
2be4daac0baa5eb3,false
2661396b5df2171d,false
0d940e12099933f7,false
25129d3eae98c196,false
331d259a984f35eb,false
0c288ab5d0a240c0,false
01d92afce6f6434e,false
2d88ef0fb29f4e4b,true
1a801b362baa32f8,false
32301b4edb60ed7a,false
2e80bcf328f459cb,false
230b671f73a9b077,false
07b8b7f614ee78b1,false
2581a7cefc21d32f,false
20e1c1b084a98285,false
301cae079b4cd54d,false
0eae3199c535f58d,false
26a180ff970bf0ab,false
24ec7c73bf444717,false
15269118ba3c81d1,false
30bedf8b69bb40d2,false
129115a46e2fd59b,false
295518897d778feb,false
10a502e17a797f87,false
06007e3f181dffe3,false
27132952cd1723ce,false
00627528747942b4,true
16cadfd92c92a1d3,false
1f12b1472d9fb975,false
2733b9765f3d0389,false
23fc188638b70795,false
111b23409b144c89,false
2f6b78eddb873132,false
3196c98d643c5fb4,false
2909afa045e45319,false
04c8a33a2da610e5,false
1afd397a3f86142b,false
2c277e0d8628b568,false
1cd853cf38091292,false
052ca32ed3e008af,false
067ce93d10565d3c,false
15bc78c70a19f282,false
0bd8bad696694191,false
1f7436db78c9f51a,false
25991851b4870d64,false
1f3e8db505e4097a,false
1749738f5a3ee8f7,false
2a326a2493ecce16,false
19ae32eeb9df14aa,false
22638ba58520401e,false
0a0168b0ad95f76d,false
127d6a10016ecd5e,false
3193cced4e8e9c7b,false
2bddc49dfb2b893f,false
083d90f3cccab3bd,false
09303faf1f3f0d8f,false
14c15417982b04a0,false
10ffe32191f104ce,false
01f59ad42cf8ef4c,false
1265cd7d4c61217a,false
24ddd980cd213591,false
21116e856c5e722a,false
23a84e34ab1b8a3f,false
02a330e734d0706f,false
2a830e564971a9cd,false
1a4e67dd20206921,false
2aadfc482ed38ce9,false
25e301d082129655,false
02f3433577e84e39,false
2851a5d55c6a0469,false
248c5c45823abd55,false
33081a59636b2424,false
328b2c501697aace,false
2f8dd7f05c0b550c,false
2295c9e64f51dbd8,true
1f09a49ea41f3bfe,false
15b6ac334ec9a9f0,false
1be1201d31e76ea1,false
17da1438155ed1fc,false
03dd120f1fccf923,false
12ad4f4de2c19768,false
0becefd9e8ffae46,false
179dcb006e814195,false
053617189f7cde04,false
0a55b14a51fca0d5,false
090b58650d43c0a8,false
27bc3da558cbf66d,false
2aa896fd3161dee3,false
2dd705fadbcded05,false
15f92d520fab9ba1,false
3204478958cd0c5e,false
1d6fca64788bc0fb,false
04128342134705c1,false
25314d1bb00fae23,false
1f3458040aee90c6,false
09ee4cbb0a8d2d33,false
1e8fe232ac22a99a,false
106ee6614e542324,false
06f3eb0168d90719,false
0ae37a75707e04c3,false
23b283dc87bf9d2b,false
1565815aea10da16,false
286be1451f37510c,false
03859d51b61f9c5c,false
005f5175180be4f4,false
2092b74c821e7d7d,false
19fa17a434cc22ef,false
0d322066e4a57b9f,false
24fd264b1aa1e1d1,false
1a5fe7db5d11bf71,false
315e1aaed1088a15,false
10d55a1fb390511f,false
104e05f33b2ae789,false
04ce4e1880d1788f,false
2917ad4abd005625,false
05bde9de545ad7d3,false
1e93c866c95c4c18,false
27e7c3def0823b65,false
266815fb33ab588e,true
0ebf85b71c412ee6,false
0020989121bedfe8,false
184848e2c6dfe498,false
31f45bd761c329d1,false
1c4db0e17d75391e,false
19007654c52f8cd1,false
1975a9ff153c61f5,false
29fa20a853a1a850,false
0d44cf8615d68561,false
2e72f27b12915bc5,false
17ddd4c0bf26cdf4,false
0089545652e4feb8,false
2e3be2d1810f6324,false
19964837454ddc4b,false
1ab49177f9f9d5e8,false
02c500145efb6d22,false
0a08fcbec9a6b066,false
1a4a5dfa505b5864,false
32d33269ed59b1c0,false
28356b70febedeab,false
1e1b7d4d57f75be6,false
19eee562ce6c3b89,false
1d020dece5cd5937,false
23c16b39e845f29c,false
139c2bffaf253b2b,false
18b6594fb7f8c53d,false
1d2afce258d4f551,false
0d0ad0f18c83f485,true
158bf3171bb5692c,false
2a8d477f403026ee,false
22bd970f01bcd4d9,false
1aa867fafc6d5992,false
2534546855ed9575,false
0f193508c3eb2c59,false
1d091bf79bbf5775,false
117173a651ce59d1,true
21cf8cc6069aa388,false
229b604a5276abff,false
26c9052be5a07c91,false
0f51b74a54b61dfa,false
0c8c9b7f35ba55f1,false
1a4f31165f3ba65d,false
1a7233381b817f07,false
10172633f557c660,false
30ed261578ffa4a2,false
03c65703a24c053c,false
29686b0ee8f28805,false
0d649f14c651a0d6,false
121aa653d1392aea,false
25ff3203cef8050f,false
0a74a34a2b81c63f,false
10fb9a8fd40a9488,false
14dcb60af5c6fd34,false
2ad235360af4e024,false
07b5e6e38baaa174,false
2632ab93b1f731f8,false
146a04cdf200598b,false
1ed4995b324db194,false
03f65584f03b69c5,false
0791d220b9ffcef2,false
0b8024626d123fc2,false
198853a865f4eb8c,false
3249f2811cc203ce,false
20eda59dc50b37ce,false
25e5424af352b9a1,false
2aabb67fb59ee368,false
1459be74afa3ad86,false
11d835ff2f2b2c87,false
0d56feb3158e08e1,false
04a2526c07c76e8f,false
2cda5cc1f13d851a,false
0e6792bc307f27ca,false
1d24a49c7c5b1aaa,false
0f9b5b65cfec5e29,false
07ce7418aa29bcf5,false
2ec3ede59e0b6298,true
18b08ca7129bd135,false
0f11e5fe41bd3be6,false
1e7acce52ec641b1,false
27263a37eab9f1bb,false
0e68d58825cfee11,false
1d084f258e4bdb77,false
21444861cfeabf83,false
139ea5733fa8b2f2,false
04ff925c2a93f4d3,false
105b5972c7c1d962,false
233538f30d5abf20,false
05e77edcf09afa3e,true
1a667a6419bad0e9,false
1b9b761cbfcc31b8,false
2efd758c269a4496,false
23b0fd24bd9992c8,false
197cd14d09fee455,true
1dd92119c429743e,false
02f94634ce0d95d2,false
1b08293b9b2ccde0,false
03c24ed28d822554,true
0dfe4b77400dcc01,false
004495c14502e102,false
0d45902d5287a6a6,false
081c0bbc66820346,false
1c922cb77b13e382,false
2c81920fd2bce1fd,false
1d80d85f17e45dc5,false
3029e6ff5bbbca26,false
26f62a83f863e9cc,false
117556eed078d748,false
2dd5d2db4c950a32,false
1df080795f80ca22,false
32bdfa462c431f73,false
018b11f928b711aa,false
103952fac3b31292,false
05aba066c6c7e182,false
0cd849afdc24f612,false
26eb9c3775e38822,false
25811d4e1b39a805,false
04386920f1a223b7,false
18fdfc538d146e0b,false
2661cb0c22c261fb,false
3215f81f2a0a32e3,false
192ce4d265936f90,false
13c25c72e59f5a8e,false
0435cb44039e3d91,false
27495089445884f1,false
1e1e1a60dbe9f9c4,false
1bd5f6d8788ecc89,false
261e97858dc42e40,false
03d8b934c795c329,false
04926be28046c8d9,false
1240ff39a76698d0,false
0401781cde5903b0,false
0be7958369b540b9,false
0859a057ececec95,false
03c34b348dc97923,false
11c168c13cbd9d63,false
24622bfc0d87ac9c,false
075cb2379101239c,false
1c19d1841f3717bb,false
0c04ed83e2886c2c,false
2a00eca27da9617a,true
00ba257d23da07b6,false
1c447ad5b17c47cc,false
17b860a288d31621,false
1c10943742f2f678,true
2b1913cf491c0493,false
32e717fdb2b67b72,false
207cc4068dfffdb8,false
284cb8f50a6a9764,false
1ffe53a24be5c011,false
0c58e34150b3b3bc,true
13e8294f18113f24,false
1ef06e97c66af1ef,true
2c02b59c5f9df82c,false
23956af87bfebd57,false
05d1516f3ccd6548,false
19e1d505a1cbb7de,false
2213d9ad27bb0a2a,false
015b69107e34d040,false
2fc90260d555c254,false
00980f386095c8d4,false
04f58d56e6bb20e3,false
30fdc899d8ddc1f9,true
0265b06d86e93a8e,false
2bae32ebc55f66a7,false
2a5da782d832cccc,false
179d62ab01f476b6,false
2066f4e45eede537,false
15dea3b24035d06d,false
12196877e761c03e,false
321022d0477e9f70,false
2a19e0ad6bf0c97b,false
1aba7f399fc1350f,true
0aba17818c4fd602,false
20810e439944b058,false
1caf40043e451229,false
10b792e5c4cd01a7,false
11cf88cda5f03ecc,false
1c3ae9057faa1efb,true
11923cd0c00623b0,false
1f7ef89baa2e77ed,false
199851692358e1a3,false
2b9f4808dda982b1,false
204cd0d379e28b7f,true
14eeb0fd85635f08,false
14e5f84fd391994c,false
0ca775de108c9bd2,true
24b9e21f157eca15,false
2b9449c50d5122e9,false
07acea9c006ae236,false
3329068c0de38a55,false
2a581cf15735941a,false
0b41376dee9e00e8,false
0a2a009aee7a6209,false
321b186ff27be8f0,false
2953cf04fdf5a3b0,true
178c16447a6e27ba,false
24a5b037f6a11f5f,false
1fb18907795e4a05,false
0c5f95bdc34fba48,false
32e91689cea5594a,false
21b9a7b4899f91ce,false
1ee98688c87ea17a,false
0fa6d3127cbce8bd,false
1a95fc71536529ff,false
0d2a871592fc1249,false
20552a6ee216bc52,false
1e03b6bb518ed461,false
20fd36aeba0603dc,false
12f1f99cd237b587,false
1b2da801d67a1ede,false
1785da43d89b8004,true
1b6372d6615a3ab0,true
133d2480dbf852e9,false
208ad5ba95872b76,false
16199b9c428549f2,false
014a67537de50649,false
1fe4f44d2ee21806,false
2aad0ab454f8db5d,false
2ffa48e306575e4b,false
24096f673f9be99e,false
2a652d63a882db6a,false
2d968e416d56627f,true
1685f6e16b3b726f,false
0003e2b96be1ca89,false
1830f022555115de,false
0a02327be955ce6c,false
0401b944e05334fd,false
21f91963bd43a337,false
2ca0080cc4abd6c5,false
0121e397962dd039,false
0831bb4e27c70cfd,false
274d8c135727c392,false
080fd8bd32665186,false
19061aa50fe46886,false
310207f8d78f5631,false
1761aa288aed58e3,false
30d81400731a5ec0,false
268488efcb2d8f54,false
24f5268e6f2a52f7,false
0111e6e0fddaf975,true
10bdb3269e83e5ab,false
0b2a2ba539ee1ee1,false
1d1e6a8672379acd,false
09db604daa6063bc,false
270ba4b6765aed6a,false
0cfeb4a6f5703e6e,false
28e460b22e0c2f0e,false
0be684e9e01d9d40,false
12d4b9ac67fdad6b,true
15a8e3936633c781,true
040ca05059d22a11,false
12c4e06bc6a1b2e3,false
06d7f1b5c88d1ec0,false
20e73610769bc216,true
0df991fccc5231b1,false
2504b9f4a965783f,false
05fe9042fd3202ff,false
1bcdc68cde78db7f,false
1eeaeb4a3748bf42,false
192341b3ca8be41f,false
0be3c3368dd816c3,false
0fee2b9ddd66950a,false
19afb22bd52140e5,false
02b6f9ab65f90275,false
17dc88842bb31a94,false
1d9c95a39a74e1e5,false
0a3643b27ce05ed2,false
0473550da721b969,false
23bd1087b7a17552,false
186488df4ea778c9,false
09528ddb0077244c,false
15296610f4f56489,false
29d73397b4e229f9,false
16b1822d6af1d833,false
2488db8ec84ebf1d,false
0cae96890954f226,false
206eabb4b3e37540,false
21a8a8c0444d509e,true
27ce20051fbed8ca,false
05acc9219e484256,true
0b5c2228f960df5e,true
12840bba34de8adf,false
076647142776f2a3,false
22c87cc0ca2d599c,false
32a7442eddc6b3fc,false
2b87c8b97adf114e,false
327c8de63dd4d186,false
2b46997f74eeb509,true
25c872531b475245,false
1683860ef256cabe,false
0831df84ecdc5701,false
1f40932c3d27125d,false
1f5d7cec4ec32265,false
148633eb294d8290,false
0e2ec2ee920fedb5,false
19b4e6b26857b158,false
2d55d67a5a35e30b,false
0ce6659d9951998b,true
0ae3481668f6277c,false
2469d274b7efe4b3,false
27ca76dd6fba7ed0,false
0071a67c138c0aa2,false
1269c8d4e57012de,false
01fd5550ab50093c,false
11a36154202f1550,false
0d0f05a7ea13b439,false
06996255bc312cfb,false
267f1c19dce66b3b,false
2cda189d9dae0e75,false
16f764ab507261ad,false
18dc6be7126213ad,false
18da0a1dc43a153f,false
184af24105dd95b8,false
02d6a2d7951c3ed2,false
0eae225d28c64881,false
20611c2b75fc8662,false
0ff350eca6bed153,false
24f84d4e2bab2c7f,false
130e7fd21b3ea2c1,false
2610d624de1a9c14,false
019276bd5aad25d8,false
03501b8b13373d66,true
01ad4313da8c7f00,false
0a7b79aa1c29947b,true
1929d57c123bed61,false
07f42d4962edfb13,false
13b1be0713b4e34b,false
2293539680f0eb2f,false
20b7f0f33da02f52,false
0014cebdcd2e88ba,false
27ee222104b1a7da,true
0c82a03a81d32cb5,false
08636563dbfe0e58,false
048fc44b585eafff,false
1639db0d0b3f5601,false
24f660e35599c6d2,false
2a13e67aa4dc30b4,false
2cb047d8a9fe6442,true
270422a32af48de3,false
1e412c9b7b604cc4,true
2f1db6e8663a3367,false
0999eddc663d691a,false
07beece83029d32a,false
15750287f35b9c56,false
1084ea3876c458e8,false
200cd1fc875f9f9a,false
2e998475d65bdaeb,true
0fb87726ff2c5266,false
18dcade276ddc4ea,false
03fa63bd059cc8d0,false
0dde7c47f9cd9236,false
0a13f8d6597c02ad,false
2097d20a2f245135,false
28992a1053ef5d97,false
2d902eef08da253b,true
1a6fb22d774c2440,false
1efc8dc57475a0f1,false
3321b1d38e2b9b3b,false
224e52e0be04b520,false
106eb377b3c2018b,false
289dfdc64e6981bb,false
2ab39cd5dd0f12a6,false
1c1cd08d2dfe130f,false
0b7bd80f6d4b7a15,false
316d60ad36e51113,false
14ab3f23fb803950,false
13cb3b72b6562c34,false
0ce6b7d82ff8425f,false
2e0dcd1d764d65fb,true
0038d878daf11878,false
2dfc27676f24bbba,false
