traceId,decision
56a42aa4a8cc8dea,false
2d396009fb863de8,false
2b2063bf3cedea0c,false
1490f43e90b3e66f,true
079c29a7b4854903,false
790af9b1d6371ba7,false
1af8456990728727,false
16df35f7fcb2f92e,false
5d13a9706ee48488,false
531e5a8fd94c1108,false
8cc383caf8ae877c,false
ca7175e99067ef48,false
3ffe31d54d5a3e7e,false
49921592180ffea3,false
4b3749e6a4a9ccea,false
b8356b261f5327f3,true
6d76b6cecb041c05,false
1b9834f25d20fb59,false
c6efdeddaf3c88aa,false
3bb630af89f1a931,false
5aa7f7ca20375fe6,false
0ff7310e600f7afd,false
77f1489fb0ce525d,false
5d9b7e9d7a09ec50,false
4262923678c472c5,false
171b8b997aaab34f,false
0ad37b66006ed3ac,false
3cfe3a21fb6ac3a6,false
2c2ce40e421607ac,false
23932866f8ca04e1,false
56cffe57fd57d932,false
eb697000e1ee5cd6,true
4a4105a8f33c30ef,false
38df7fe9aafc91ec,false
1c0c1ac13ce3f779,false
acd55a6d04495ab8,true
12aebaf35483905b,false
095bc3573f3c9ec5,false
698098dcf1839c34,false
01d0ad0fc1f51ed2,false
135c615aa1a08184,false
319625e2e36448bb,false
50660c3e60fb5776,false
7124d33213c1ed3e,false
adeb7cf38778bf04,true
b1f609f17086e85a,false
f9b7de7278840892,false
6be5b3ec3e4b3457,false
96625ed9983c822e,false
094945b5f752a51f,false
737c4ebe55b574c6,false
34254f4777429f31,false
49493108e4a25ac0,false
7591c46573023b14,true
302e23e940eca2a9,false
3fe6633c8ff38dcd,false
3e20a175f04b74d2,false
7316c238909f4b67,false
da424ed90a6cb97c,false
2479cea4860ff85f,false
8c759d8d67bdaa71,false
7647c1b5198a2e43,false
23dce51230d7d627,false
e971269553f7ebb3,false
5df463235282e500,false
638a518ca06e864c,false
303dcb7a72a70cb4,false
9654c8d779d34e33,false
3a611b33e5d1236f,true
5ddd9a88cc00c45a,false
388824e6436b0028,false
059e63dadbb1a422,false
be5b358de8baa176,false
7d736358fea792cd,false
0723ab23f74cc134,false
51bd7305f6db2667,true
6971e4333e6f6524,false
093be86ac64291c5,false
35f23f40cad06ea5,false
c75098b7acb132d0,false
0e9254e1e2e03b68,false
b7652908211f7890,false
3fd69924bf9554de,false
6805475cdee12c9e,false
29d840cf7506dad1,false
3e24f6f5044ae03d,false
1beacae5b41edb1c,false
c2407026a9df7cb0,true
cf484a7b48d560d7,false
347c4df0a69d59de,false
084861a00a5e9929,false
5052780a3d1d6cff,false
1ff08f87b226b935,false
e0ade4c71281dcfb,false
0a4d054c8a1d1462,false
49642a8f9c8bc38a,false
30223b92a71fbd5d,false
6e8eed81bcaefb55,false
686565f6d72eb718,false
03d90db56ef3a065,false
157e427807559c29,false
0ac617aa08f6c18a,false
6474b9f092ab4c0c,false
6b7435319d831324,true
043851139dc60c3a,false
6c051bbd621d3e05,false
355ef7778d8efd93,false
60ddd42a999c10c8,true
6a4754c3d7375d58,false
1f154e689d4b84fe,false
b1ede3872ab8a643,false
160042802b4f7f3a,false
3194dd0d687edcea,false
987434ffe02da960,false
b8c2468a7266f92a,false
1ed61f03a942cd2d,false
58fa68917cd8d998,false
3a42eeba38518062,false
b3598f3fa3868f0e,false
b58541c35592514f,false
1deb8d63a390d320,false
63de6d0b66a11799,false
13fe69f362881258,false
a1c939bf78962a76,true
23f2b27051f0248b,false
4a60a8378bb0357c,false
ea2bbfebf09092c7,true
afe4de6073c1ba28,false
3d02667bb9125935,false
18e4e780197424b9,false
6852b235b95c4fca,false
9c6e375645801b96,false
3a5e78fdc2c08f33,false
8871952c3cb4b649,true
46ed5ee614362199,false
4197e3b38c1e398f,false
752869a73563855f,false
4d683ba41dcf254e,false
7e86f1d8131ea66f,false
0820cc4837d83914,false
2b655ec0e7a7240e,false
13be3c40eaaf4716,true
753ff59a2a12eeb1,true
7130cbf23e198865,false
5d23e694444c724b,false
7f35f68ef88bd493,false
8cfbcc00fdbde672,false
113b068f0805437f,false
763dfa9b5d22bc35,false
8f1ad30ea7a83b75,false
5024f71c3ad91215,false
2378cbb3e8602c01,false
0b3946bdab2c9312,true
312a8fd0a52facb6,false
7aeb568b1425c8b7,true
4d47297ecefdbca2,false
58e1036ee70c24b1,false
56add04598a13932,false
0291d6e9482d1685,false
0955da7898b5d428,false
70e02ac2a4904249,false
6aaf90314a4d526f,false
2fc8ed50825be251,false
7f5b188d4ae857ce,false
33180f2906793161,false
1b55b600339a2214,false
19a4845ff3a58bd6,false
2ce57fa8582ea2f5,false
02fef23a8b455831,false
18ecb079349528ef,false
4afbac1f10ee7a42,false
80b7420ab0cf5901,false
59b8e366bd96e58d,false
a26834ebbdae4403,false
0738bad9e6a2a373,false
2630e3c94702de02,false
626972935b79dce3,false
10a1782b222fc140,false
254ada84767453f7,false
5075010183e0c273,false
80ca0c1c4a99af4d,false
f750f843c4cde206,false
045f09e9be7d3861,false
55921e8812b87cfb,false
053824be15439f34,false
5eaa149f90ce672f,false
3ab00293e79fd11d,false
68633f09790a7a64,false
3b42d1ef81a5fcc7,false
72ae8b70db3d9cee,false
43b5112aa27a04b0,false
7815a4bf79311599,false
7ea0035ef15caab4,false
3beab0243daf1192,false
1100bf6a20cf4a1c,false
478d5b4eb3de8c0f,false
6d84447495237543,false
7c6561c0597ff0ba,false
388c92ed1c18e832,false
21371e82d630f5a9,false
786adb319cbc55af,false
73dd004f760efb1e,false
722105fcaa746021,false
9bf95bbfbf391bd1,false
d732af772f3e1456,false
19e73a5c5c5354df,false
38900b2d78ee64a3,false
057b712872b20c1b,false
5093d632fe60c241,false
2e164cc157cb2fe7,false
005682743fe9ca03,false
8da2f9526c9fceb0,false
69f4c9df96ad2d7d,false
203104e31364bd22,false
8e52af8f3220d2bc,false
91a62411e62dbf56,false
b38d0fe5fd0279b5,false
81e499be29f8c6f3,false
20ed5f17d16651a9,false
54ac1483361938cc,false
8dbff4d0ca91d581,false
45c8c935b36100b9,false
76ad2491b088be8a,false
be860edc239e2da4,false
5e2e8362b3886bd6,true
0742657030a8062a,false
5ea792541cfd5f9f,false
65491fa348edcd4e,false
79d4184225ae1d43,false
906a7e31afa2f068,false
e147037a54f39391,true
093e9ec5de1a7109,false
2e43b6ec2503a2e7,false
0d797517d8da1d7d,false
7a7d9473e050e38d,false
7f86eb8ef5b3dafd,false
2bce4155ba7752f5,false
314c6a019a437b92,false
419f08ca697ee2a5,false
0f4398407ddcde99,false
6a2ef90145b405c5,false
28103bdbae19a995,true
07384d212f269ec4,true
09c04833b7c2ec24,false
6b4736e1641fcf4f,false
16f1dbec7cf412cb,false
7ea59b71fcede9df,false
3e6bb605384d1cc8,false
0daa67dff74f4d35,true
40556659dd4c589d,false
b89cd3ca23eff1ed,false
2f8b69c4db3b3ecd,false
0b9bbd26a6be9aba,false
344b320c79c99788,false
2cd90a39d7c9dba6,true
429873a18b104494,false
37f524a8c41b4d30,false
637c733c94dd3eea,false
2b5b46619cf584f2,false
c3be9793f5225820,true
0fb7489b92b372f1,false
8398654b362c5b06,false
1eaf0715a1a12ecd,false
7d7d6e2295f4c05a,false
6cd4bc3cc66e4a12,false
487faa70946426de,false
444c84a78f64bbd5,false
960befd30ab32b36,false
66f50f1ff52d1424,true
0d6b93dd6256726f,false
5b7f085e8429f209,false
6016c826a2f8479e,false
313eea9635e6bcc3,false
5f2f059dd0c1a80b,false
a638eeb21eefbdab,false
375c7388a8c437b7,false
f3ba34a3baee84fe,false
51495ab1d0f6d2ca,false
2a7fce6d8aea4628,false
d69bdeabbc22a33b,false
95e115826b4352f6,false
2b50c6d852f51cc8,false
2b04dc9a23386fed,false
3f88296166cf91a5,false
9c2219244b117468,false
d2223e2c3d44138c,true
0f561ec0b8267937,false
05dd414f9a2e68ae,true
30bcd258775a763f,false
7db3d6b327a9f98e,true
3800f34c35f3985b,false
6528ad0bbb95fcc1,false
1b34a725c5d54ed7,false
79c07a2ba42c480e,false
733c5af626e2251c,false
19f9ba261282af0c,false
2169480dfc203f37,false
4b29efa8e4c88162,false
1cfc94439377fcd2,false
7f9c664309556c06,false
2f390a1c32389b28,false
2dcbeaa0b3dd8939,false
01d67de779396119,false
388d135e8faea7cd,false
723a802a9d3922db,false
5c492c8ee50b809a,false
34ffea7b2b14c025,false
3f42a3db8a2bd4a8,false
12d0816e55d4a229,false
2d8e90a5399a31d3,false
69606374d86553f5,false
5c33310655b070e0,false
da3c714da90a159f,true
8f188ed7c05f435b,false
575ccc3cfb32a9b6,false
a1b16dba8d482b55,false
4eb4822671a3d74c,false
9bef817b26613a35,true
049e2d436c1a2bdc,false
f0673c25774f3d06,false
31e0e3ed655dfbdb,false
73c7efb2a6cf1eb8,false
32719a25a3ba69bb,false
213597f25fb3ae7a,false
6571a3ae9c451811,false
bd380b6a1db25f5e,true
5f51388abd3ccd9c,false
ac72cc574e0682c0,true
b37cb70862e45787,true
019b5c0476326b7c,false
529e4b9e59927f99,true
7039f41e6772ebf3,false
15d66634313389b0,false
23a71d2111126daf,false
40e8771722422ed2,false
5741597562a3f3e0,false
370c02fc44ea2d72,false
57ba97eb12b634d9,false
cf64e30a77740d7f,false
7a14fea2cbb434d6,false
53306c98dca3b061,false
297eb8dee18574c3,false
208c889e74a2e878,false
525e65c88273545b,false
e4ebf2e8c2842350,true
34a8ae5eddb54553,false
6df1ef73c904232a,false
31fd48f86b779980,false
c2390af913a345e6,false
43ad441c9b2921e3,false
5c0f241c0e7d707a,false
5ed136907f84d99a,false
7d5a7e127e1a5747,false
4a7e352bf9d2ac92,false
e11a8da93401543e,false
2c6205cd55b559cc,false
3866099140281fe8,false
7d8d7c2d2e508f1b,false
0531bec22cb3e3ca,false
d5ed70cdf794c671,true
0a3fadd031a77790,false
e5e06c51251468c6,true
7ddf1e4ca9f189dc,false
4f583c20465c79c6,false
29b2f3ed522183b7,false
04553f16d7f19190,false
9635abc481a381fb,false
24d31b4f5cc48fbd,false
569bdde0038cd82d,false
09fd192e1636c6e7,false
49b7488c90edfbc1,false
4568f43f7664e2f0,false
8998d31264cf7e45,false
0500babe23d175a5,false
c31b7d505d4b8268,false
2cb6677340bf22fd,false
55efac856f91272d,false
1aca673eab18d34f,false
705c7329604864bd,false
a1ba2b13a79ce17b,false
67663c9dc1ba085f,false
6b2fdd27379abae2,false
00b081522169139b,false
3160e399fb43a9e9,false
7f097c7ca8f220d8,false
b4032ab1871ebb5d,false
9eccb00ac581a655,true
5ddfb86e9205e02a,false
4f45001c01cf82b2,false
0588a40da6f6c82f,false
50f3b8009b254d8d,false
ef57f5642bad0004,false
2d548a72e611c3bb,false
0b437e9208288ec2,false
511a40a78e96ffe2,false
6d74f66fa0fec88f,false
19d740911908e133,false
1cb6635094e01a9c,false
6aa4079ab31daa29,false
50876821e9856dd5,false
45daca7096fda7b0,false
07f48baef196e643,false
21476f86d3137983,false
4abc280a254b0b4f,false
464fe06508bd15ba,false
26789252e56a1184,false
5e31ecdb72c3fbd8,false
d34e2027eeca5d2d,false
1d7af3bf53a5564c,false
98675ceb5f3dde5a,true
4692ee1a73038f01,false
7bcca13ae999e7ad,false
7e84ce2310decce0,false
0fd859d7441a1ad2,false
7122a7aa76562f82,false
2021b494d84e9768,false
0a78a7cef884d6ab,false
06048aedb46ee304,false
ca81b9c46ee4551e,false
7b0c8ca790caeb49,false
ebd609da8d63bcc6,false
b3eb26784cb6e8a3,false
da3485ec50c0ffa7,false
1f4045b4abc58173,false
1ea7b226106895ef,false
5f24ff6f7d600033,false
a85032cd5cb36642,false
0d278c55685c6fdb,false
1ef34a71884e9a4c,false
67d8af3af5048be3,false
39acdffd15a496a7,false
7b8858ffc057970b,false
5ee867acf1b5fa81,false
405824923ad8733e,false
392b6f712b927f7b,false
04e092a25c557963,false
4bdd819161532ffe,false
7493a4285fcdc8a2,false
55626fbca5aea9de,false
4087232e6a2cb973,false
5b39c5e831731545,false
38821cecf0a3b5ea,false
656399f2d030e50f,false
16d072b69a7aa2c8,false
57c09ab5dc7bed6f,false
39239c119fe84dfa,false
10538a0b3f154455,false
53f59e4f6ee7e5b1,true
3d32a2421649b7fd,false
9564bc624ce4ef5e,true
50ec07d3cd8a8201,false
700b769e5dd89fb6,false
52e6d7969dfe31cf,false
7b179d2dbe6b0d3e,false
626defafd7782abf,false
075ecf6fe4a2ea98,false
19de35a0a9a26ff1,false
3729ac79b6a1443b,false
159a3731fc452d78,false
4b30e2994c72f11e,false
67780f75b1397a37,false
791e1f37388b602f,false
5117887e2fe32d27,false
0c95b0b4a90e4283,false
5e5741e2f06f66d8,false
1148bc1efe09a2a5,false
db4ee577defbc54a,true
422490d5a0cf6b48,false
429009206a0fc393,false
3a58b885928e25f4,false
7b2b8ebbdb1ff874,false
58381c5c562469ac,false
a915ddc76061fbdb,false
5082267804582f16,false
58970b5293cd6903,false
b86f586b614d3744,true
2a9bbf6cd533b05c,false
14f260e4814265ad,false
5c17912b0aad5971,false
4a83201e26e54cc0,false
550936e3ec506168,false
17b82722dd9ef537,false
7b21615740a1851d,false
1140343094401500,false
11e6cea1baa0afb5,false
602eab383e9ce26f,false
d3cc2f87ff263a3e,true
540afd3982d7cad6,false
02a2738a0d183639,false
3e8dfabd84b6678e,false
2ed61d63ef926fae,false
106efd976ce02fd4,false
efc4a65f29ef6465,true
b94ab04f2c9cfb44,false
009e4fbead914f49,false
61d1b7a56aee2c58,false
bbcc36849567413c,false
d807c69622d89767,false
b4be47a1035f49f0,false
5b91d59d479356dd,false
3b9fd92fe37ffe02,false
9ba2ab89126885d8,true
23ba06b7225dc302,false
71d0be07bbf45d84,false
985a2549a2b1cb29,false
227527d7a1bafc02,false
7652f856cbd081f7,false
38c5cec39ec39916,true
0c2d282cbe154b98,false
0fb78a51d95144e0,false
fab8935a1e63a5f2,false
b6e37a812a2173ed,false
4fdda3e8ffb2c316,false
38dfd000b3d49873,false
50c7f43df18e8407,false
501bb7390fbab731,true
45d22cb43332a48d,false
29216ed83b93d916,false
ccee6539c13b0353,false
047f0cc1c4cd9b00,false
0091d687db792c50,false
28b7468d2f94e7af,false
62f19dafe055a320,false
73161deb76de4a6a,false
c7e6d1c550250df7,false
7de8ba28fad3477c,false
28cdc28db7d05abd,false
6293d440c83541e3,false
3c70408fcdfd8727,true
54e634e00470de19,false
566d096023b5aad4,false
0d12021cad92838b,false
32cc714f62101af8,false
2326b5c0a0426ea2,false
4e676862059a0c9e,false
4c3a8d893f949860,false
612b3d2f8a93bce5,false
61ee97c9a53e7fa6,false
2908226c2dbca406,false
747ef30660d8eb39,false
c0b892e442cd8b53,false
3d4674db062c27c7,false
5d5d494a88dfe585,false
e9f9a50fea809d19,false
29b21cb03f508d0e,false
e9e8a75532a17512,false
639d75b8b7b6e02c,true
748532801e117b95,false
cf079c81969ab355,true
3089e49140739d83,false
76f87eaa15d13e45,false
3a77c9657df51e11,false
2efe4a68a7b39e11,false
44a89e001c82dee2,false
35f6345782b252ae,false
180e154e91b5ddef,false
019532ee1feccea7,false
d167051e0f6cd1a8,true
22f7ef6399fb7f9f,false
d82e21771c33b360,false
1a30b7e019130046,false
261d3f52fd905a73,false
c75031d0d300f522,false
6a7b1094f05e186a,false
2efbd9e6c03502d6,false
f9b2f4acef149e42,true
724befffde288682,false
e843450e53f28f8a,false
72303e5fa58d91e4,false
cefa78427ac5166f,true
3e9914a5352dfc04,false
1d81df9ed4f41bc1,false
76c615b31406c9f7,false
ebc79590aca38096,false
7e13780098783e17,false
1f84e994d878134c,false
3889fc88d9a6ceff,false
2b0a642dd09c318d,false
65db3f241cf6349b,false
24ac5e8d47ebd207,false
2820371646394807,false
1399a46bb7566d45,false
59a990bdcaefa8b5,false
3b0dfaf56db4fc8b,false
67a8acb262c9b06e,false
28c6dc78c2eec375,false
5e0d0f771c6e547a,false
00b9861feeddbba3,false
803567c5febed7f8,false
3a58fd9cd1efaac9,false
36de55205d67eb2d,false
38142ba309905086,false
5e850c5158356fa0,false
2d23abb15d1b8c69,true
2240242186213026,false
32e3a603d943b054,false
5d9b6e1f98e3ecea,false
2f44fe4c388e7dfa,false
7011515533f11690,true
5e2a621955d519e7,true
7efddf07fc506aeb,true
150a0234c4ebfcbc,false
14b9caa7b6e07043,false
4bf619e46cc99f19,false
c15b618d4a6955e4,true
d6e4e99775e2068a,true
0a0c62cbb23b8469,false
4eba7aa7b271baa9,false
0d648fd80162c648,false
2095e7e9588f02d7,false
52e549dca9be4b2d,false
33bc77c1c8d8b9a3,false
0372416fb162a675,false
3ba80787bcf7b52f,false
6ee733cbeae2c2dc,false
a3d67ea071beb6d7,false
3a059316cce09c1b,false
3178df202da48ca9,true
da094d7b19d4d464,true
19685cb946fd38d7,false
5e1e0ee31af4e9fa,true
7a27ea02a6fe2ff4,false
4c10c4d10b32bb90,false
b70eae1062818221,false
50da6a0f9537edee,false
4bade1d76dec1755,false
5d64b8524f8a43bc,false
0768aa0c75632678,false
6666a5bc53f90e8a,false
1a9a16cdbc2eed5a,false
43f9e8527a65afbc,false
85ece02c6dcc7255,true
73ff449ada1e89e6,false
2d149a60900b0307,false
aa2a0cb490292fd5,true
5a355674d0da973d,false
0324015d7f2ec0b6,true
19999676c28e8a82,false
12e8938b49787548,false
72a9ed930bcc29a5,true
9e3d11c44fe5d476,false
dc7b48a8e06c2914,false
2a8653e015a21931,false
3a3f8ef4eb27f5dd,false
0e6966f70464069a,false
0f08bc9c992ff37b,false
7f9c2a50f14b4ab8,false
6ee4db24259b9d02,false
3a0f1de62402f6c6,false
78778315ab24c1a2,false
415d61126128af06,false
7a7a56edc75d0ef4,false
d1bd7baf33014650,false
354a256d7371cf3b,false
5517eae6568d5093,false
dfaaeaff93bc5551,false
2d3fa01e0705d49b,false
21a6414d3122d317,false
518663389ef23d66,false
04cb9aee01fd8adc,false
02787f5c56f91946,false
0578be4babc7f418,false
561e7895ed49efbd,false
6a0eed0dc55c6bdb,false
2ce977aa5e50b2cc,true
46d8924f3384025b,false
7205a048b6266899,false
630e4f1b43d4bca1,false
63c6ff8021812db3,false
53153176a87bc5cd,false
a341063b9ebb6f7d,false
38da447ebd0318b7,false
f030a76276b8bbf3,false
52e89afa7d0620ac,false
6f1cab9837ecbd81,false
01902eb4aeb082dc,false
0c2b2288e02e96b2,false
9d9b1f33060fd504,false
47340194c20dba40,false
02e5c24558ed77fe,false
515dc27a889abe43,false
12d337157f2718bb,true
64bb5ec0930a66a5,false
114ccc37bfae3c17,false
1c5d813c397b0f49,false
6761f4e88418c6f8,false
0c319c7194139b8d,false
3b47546527febf50,false
6850f13332199af5,false
3dbb596d5479f18b,false
02bdbe88b8f68bdf,false
505b391c34db1ff1,false
75985a45b16c9089,false
55e3efd618007489,false
2e5f93ab1e7b64be,false
04d1084b3fe88eee,false
d19cf74f59ea41d1,false
6c5b0491a101eda7,false
fa60273d934cc704,false
04a56002197219ed,false
0e88c73170003fc9,false
426f24b30e7f67cd,false
d069d5ce3fd932bd,false
806d226e2721c207,false
55dec07524ab1c53,true
3ea1816fbcb5f986,false
4a840a3b8bc54cce,false
431c0a911260f25c,false
08d80991524fc48a,false
4dcfdb3ee9b6941a,false
09ed9619e0916167,false
5a5298d79d6962a5,false
9698dde34b989a8b,false
51f36778a0f41075,false
73ce95023bb57594,false
06ea125efcb7bd9b,false
378371a3a4744924,false
0d763e7b64f2e0a3,false
db5e3cbfa2fc66ea,false
5917654c460b4311,false
29680c64e77096fa,false
150b8f6282a8904e,false
0944084e1ea19a11,false
561d074bc492c5d0,false
00028f40a5464a52,false
6cf3599d5dcf9a8d,false
721f374c5c940763,false
948735d79ba200bd,false
3423ef21b38bfe4b,false
4d720bfd737d549d,false
aeb622d444e6a7a0,false
43ed1f1d1bac8cd3,false
da669ada63a8d1a1,false
283279fb2bb878e2,false
460bd007e5167168,false
17fa0fbadfd9d1fc,false
753ddbc4b2837f85,false
745850e0e6a5f74d,true
aab98ceed9bc95ba,false
478e081000a41c82,false
5faa60f694d49bc1,false
268c6acc2cf0c01c,false
086390c50960f256,false
00b7b40e81b13e71,false
6bdab3a2f1b39932,false
32bef10e93a75b24,false
72131ee66eefe7e9,false
7fb75f7d0e01500c,false
2f5678b6aa50c229,false
91860dc47b307950,false
278ee4394b1c4a0b,false
2942af5e49699319,false
527d6bb316bfc9a6,false
6454d4f5e53e5b9e,false
57dbbd3a27a2fbb8,false
0f79f08b4e8ed9fa,false
0d619a553a77a730,false
75d4f034a794a9da,false
75aa4b4137cb1f0a,true
609e5b9a6ad1e9bf,false
46d655efae1fa205,false
2e2ddc544aeaa6d1,false
21aef1225d14d2e0,false
c1f438784d0e3665,false
3b481bec3dde32b1,false
d1701d4b1c6ef010,true
7a561aedbdc02e96,false
8dbe1b056f4ef408,false
496bfd2aedbb15c4,false
23f07e1b0e52d31c,false
db297c65a5438304,true
372bf432148f42d9,false
fc18ec5f10cc88e3,true
70a6bac1d0ef517e,false
289ce6f40fcd9e11,false
be6132ccd4571821,false
735b3b7c5711c107,false
349fdf6bdf05d3e7,false
0248d59326010d1a,false
a0ad121ea7af9e0c,false
2985191eb001bfd8,false
12dd07dbe0b283b3,false
77e96ca44156c6e8,false
13fde711c0e0d49d,false
7947bafd79a24e59,false
2012b7e3a9ec545d,false
4581fbd6d952d57a,false
695a9596f19fcf3a,false
40e766fa89068ce2,false
e0654c1767003354,true
67b2f299b3a244d2,false
cf750415cbb0881c,true
47e606b633f6ffe5,false
333982de5c33b374,false
3508da85ecc39108,false
7d18eb31dcda2d31,false
fa84fbe81cb72cf3,false
10de8898b9d441e4,false
201517bc5c97b847,false
d0d709eca02ff0c1,true
1e108ab8f7b28d89,true
7868575124de2117,false
5f538523b07b3521,false
583753a4dd5150d3,false
16b51e07e873fffe,false
52d8b1bd5df9a0e4,false
47aceda2fc6f2531,false
69c8bf6b2d4f27c9,false
90176efe8134500c,false
5c88dc045545c818,false
3f2f4f04397b0292,false
16556e5ff507edbe,false
c1b361d1be1849d2,false
e233c5432fbe9148,false
77a689a8560c7859,false
5745939f48231a90,false
08a06b3f00925519,false
75c16a6a9d70b0f6,false
530facb6118639e2,false
2cb3d185758db5ad,false
3642a7e0f2832565,false
fdb3209c3cfd43c3,true
0b6977fefef19966,false
e4801de8a7c0d55c,false
42739342ac9fabfa,false
937c64b605df1ef6,true
4812aa6015d6d1c4,false
34a208dc682b30c3,false
d889d510c3278a92,true
565702029530ab0b,false
2b99cb51db3cf459,false
825c88f483cbf3d6,true
d30ceb4eeb3b9c27,false
25b92aa49b2f87a0,false
1b04413eed7e22ea,false
4b088925970b6156,false
0ce23bb3d95253cd,false
7ce9a1c6d29ce648,false
4e5a89e40cbb4316,false
10bb094ff02fdc5c,true
d1627394fcd6ab36,true
0bc4487f87a62230,true
2312a3134110162b,false
5273800b505f986c,false
6a2197102fd37809,false
739e93c4c153fe5f,false
636193ed6dba2cbd,false
75102f74383fca01,false
51b0f03da571bd87,false
0ed794dc1f038c0a,false
4d8c1c91d7919128,false
25d55ae02d459f8b,false
34a0864f87664ef5,false
31cd294fc14ae3b7,false
70206ca26deaf105,false
86fb2e4418da4dd9,false
2da184f0900822db,false
7502229d23e98a2a,false
45e970dcf6ae6df6,true
0bf6a3554d514279,false
9065f2445cd28e46,false
bbb8f38a75506401,false
696854ef4d47e4a9,true
056986b459049546,false
68628d8f9d7ad583,false
36c053bd850c6a56,false
695601847c1a273c,false
27ce8725303f3b95,true
3d36082bd6d5a12c,false
573266dff3c18e23,false
c28e8800e4e406c7,true
1c0a71b719d6f064,false
65b2f45569a88b03,false
f430d05cb4633793,false
b908923cf62f5596,false
4e0f3f032a365d0d,false
3d1294a9655ffa3a,true
46cf5708e3b5c97b,false
677b827b2776444e,false
3d4a487906919fbd,false
b1cc89de28959f89,false
1426113924a904cf,false
e7e095031cf5b1db,false
029cd27e3fc94d73,false
49e00a97070c31ba,false
38da34e08a4e6399,false
806e2029e870631a,false
48884f377293dac1,false
2ffe270b5e0b7691,false
64f15e7d8fb8cb4d,false
06c4e00fe039eff5,false
48c1b56d463ea569,false
096185a41c486e3a,false
81910c74fde4bc9b,false
2ccc6e3b27b5ef92,false
745a3177c3d6e920,false
f5d6bf70ac7e21bf,false
c8e3828657139ea2,false
2e651167e3783cc4,true
00e8d36ec40d26c5,false
22625f48d31ce903,false
57217b5c440bcf03,false
070cbbc484d8fca6,false
3556ef4364cbc81e,true
271775d43008975d,false
0fc7165cfcdb72f5,false
5f871cfc475d2166,false
b89a4c7d32db36c1,false
4676ddb50240bae5,false
53985173eafea528,false
f5aaab98b596cb94,true
89aa76f2486259d6,false
61f51fb19545cef1,true
b18d289dbf83d44d,false
792e603c9a51c0d5,false
75775c3b96d60d04,false
7147ac17a11385bc,false
9dc5eab1a098376c,false
a6c759a45653c752,false
2f1676a8d9398f75,false
019982594a7d9589,false
7c86008404268bd6,true
443bf833b6c8e48d,false
974319b1bee77bea,false
1b66d66816b4b06d,false
3cb908277d688828,false
11aee5388729e22e,false
bc64e2bdebb937a1,false
077421cb12e563cd,false
0218d54d3b2b58b9,false
1f77b3f2eba6f094,false
34a7adf0db9b772d,false
0463d826d30603d0,true
3acfe92597eba669,false
d6c01e4f0267f318,false
515e575d08ad10bd,false
ebcd7711b6a5515c,false
68a68e997cecf1e3,false
029baad5f66a2548,false
2a3b1566d2b9dba9,false
259f49471b7674ec,false
36b345bfe2aa1c60,false
024042f95e8b05cd,true
04189a1d860be3f7,true
cbd6188e0242bcbd,false
76263920d1b80fae,false
29b644d7c272702c,false
4ec59c7e1ad14e84,false
0523bda6327c1ff6,false
7b8cacea2d2d4b77,false
1fb1b9b2b5f897f7,false
6cbfbf855f836d8a,false
19efe266351c4e8e,false
8516ff5de662d5c2,false
3d1fb59211c87ca1,false
e985b3d78d9d98ff,false
9d1db7a5b2995183,false
6504ef94b0d92597,false
18b0ff88a7508c31,false
b5cec03eef8f708c,false
316abd198ce78b9c,false
69aeb84272110799,false
604cb01502965008,false
2745e13e3854a64c,false
0e975bc4d16ac78c,false
0c167c3563e76533,false
2a5c2688cce30874,false
14ac74f00932c538,false
5325d58959a6b11f,false
a1e2962898800b03,false
5e667f8375b0bb16,false
941ebe6d81f52348,false
45a8e74dacb2130c,false
6429fa6fe3bc2a9f,false
db90a0e4f15c1efd,false
762814fa29dc07df,true
d3e95a409a821e04,true
6d5d02d0f36dd8d8,false
2db7d406a29c09ca,false
0ee20b918098631c,false
61c2570febb36de7,false
0b083e77ef6e72af,false
0745151d5caaf7d1,false
bbc3e2b8a09b2dd3,true
11e42c88f0ad52ea,false
3a43961894437620,false
9373708d168480f3,false
4ca4e46be6ebb82b,true
dc814e1be2c0a574,false
046897749b553eb1,true
513b6a248464deb6,false
53ef77085628279c,false
31e08fad033f6b0f,false
05087c3e9bdab498,false
7817ad183e359060,false
c2f67230e7dcbdf6,false
7b3d96600ff58864,false
3899f0296de357e9,false
38033410696bb0de,false
3de48603c1336a90,false
f8455f8a2de2877d,false
9401168c695d07d3,false
f1747ce5f4136cb2,true
0f4601ffc59bee67,false
8f6dbfd6823fe41d,false
291b94c179286660,true
3575e8119ab2b07d,false
886dd3a5f2542261,false
c4b10d3421dd6d29,false
b731c1195a188fbf,false
2eee950bea62d941,false
24de5684380b3543,false
69709b585f4546be,false
32ec147ebfca57fe,false
449be6dc9ebd0ddc,false
654618f82d0dc1a2,true
5bfb286d8b957301,false
0b0228a746f43608,false
30a20c47846385bd,false
79aa03e8f227f54c,false
c50798461797f7c1,false
bdb3f114465988f3,false
c6362d62082fd402,false
08323de010767679,false
6538539f42d94bc4,false
5ea95ef888a059f2,false
59c5417ca3f6eec1,false
d007063829c631a9,true
62ed9237306f41fc,false
5857ab01ca9d5077,false
4734a8903346c11b,false
5dbb9eb9f25b479d,false
4fe5f5c1ce13eb4d,false
800847460e12110b,true
d9528f6ab1c49072,false
a6ecd7ee280b14d3,false
2a1bdd00b6f73218,false
54e0564f5efca2c3,false
1b1e66bd7b461f65,false
d3b280617ea82c80,false
11e521a04ee4c78e,false
347088d1af8f6a37,false
1d0ec36ae6542c6b,false
100e258c4f34b37c,true
611e6d7bd2955563,false
3fd928930a2d370d,false
3ee8b825365e1828,false
42763eaec6355290,false
2e9148d349648055,true
d4da9301ac5bca95,false
df2e281eda2b1704,false
7cd376c91a78f716,false
63c1357062121f3a,false
6dd151fdb9b3e4cd,false
742851018796aa0a,false
1a5799489c7dec90,true
f2e7d2a322e54c0c,true
4040eaaf2f51524a,true
14d485672461b5a5,false
16d141928de098d5,false
2e165fefc1871f0f,false
3f445ffc6f2e83f7,false
35369e5d23436f15,false
6dfeb4257deeff19,false
375cd06ac30a5ae0,false
693a58d20a060934,false
1b7bfcf243d0d011,false
2fd99b7a152d6ec0,false
062d9355e030419f,false
774fb9da41abfed4,false
5969d175bf8d9723,false
789c0e8c83b352b3,false
32005dfc3c60738d,false
09e9ef22d28d7129,true
4e6c7100780d2a2d,false
8e06e29fbfd7f2f2,false
48a4fbd5739bb409,false
077b951547a60eb6,false
37c3e91dd6ec1509,false
65c94bd379c44ab1,false
6ab787b165caa304,false
57f74762fec81fe4,false
38dab05f352ca172,true
54e4ca36c43ea2ce,false
e739d7a0add771be,false
2962dd04625351c4,false
3b2fa0771b1be742,false
7d4d8e50240bc89d,false
76f9a69e1456a9a2,false
6a783dd5988c7d61,false
916f6d2a03b839ef,false
d75bed1e47c31630,true
28634d336b8e8cf0,true
1b6e76ddbd769b10,false
14f959b51ec33052,false
49fd42cf1a2373db,false
7762b7746d533386,false
7eda9b32034833a4,false
dec99f808b8aa9e2,false
5981f27907877e51,false
502212170f4ff834,false
3c3f09ca592c4d8a,false
2f6f3616a6faf3a7,true
3c48e6096dc77b6a,false
b925a4c2f09123df,false
6ec89570ba8ef913,false
100be5a5944bcf11,false
66b1c869ae88ee07,false
58f6a7f098d4e751,true
547a5d2d17818e03,false
4bc53085ba9ee0fe,false
478156fceeee65d5,false
19657b81abea2b61,false
62ac77ee6b0c817e,false
113a8ed416a835b9,false
66b9f3398d2ceacc,false
260183d4a90dd2f2,false
0f3adb14575cd67f,false
0f846fbc384c881e,false
65acc1e193d1f771,false
2e470c0488f0e489,false
2cfa389259323780,false
056aae31ffaf623f,false
9af7cdb33f099702,false
73bbc0a1d01584ce,false
538bc1d4abcbbc35,true
b6fd0001903aca1b,false
6963631c87926432,false
0bfd181795ed7251,false
47aa94675efedc57,false
4affe8ae361bffcb,false
4bc61944b0d0c40f,false
ac427b7d98ec68ee,false
09abe37446f6415c,false
07e6591b77ff7ad3,false
945286431fd48cff,false
242a602306603176,false
1cf0d4cc10091edb,false
c62861416bd1e936,false
66dd3eb5cd3339a3,false
1a05eda2fae1600a,false
438bee586b126077,false
006e6e8c6c5003dd,false
5559c043a92c313a,true
0962329959f07732,false
2c1097f1cc332672,false
1b84165319723536,false
6dfc2854f4276c43,false
093b72b6a32909cf,false
1e35ceff3fe8678f,false
0b566b2450e7a233,false
dad45d9a6a50509a,false
b8abe8139a1b3ad5,true
5f5005c12c7c2d3c,false
66a07d3cfcd9fec6,false
0cc9af167e08cebb,false
45293cc49514090c,false
2d9d07aad774bd4f,false
4b9b235cb1f0cab6,false
04e55a30a4e72744,false
3550bd5079bf5aee,true
2b6edb2e6caed4ad,false
bd21144114514024,false
1aa5679fe4b8e803,false
1efbdc54db7e7869,false
68b1c77b04297e3b,false
99f65ea360c1041b,true
6db014ad843fd6bf,false
1140a902770ec211,false
66f9d2643c9ec0f7,true
5f61894897f21322,false
bc31076b66e3f6bc,false
d6cfd06ac43b6e94,false
2dbf0d2a74754d20,false
6d61a45f36ab93d3,false
09b8c7b5eb8e8c59,false
499c7d1a7df86670,false
cac05b6adb1a0208,false
204e79949dc09bb2,false
547309fbc123b62f,false
a5a9ffb5ced890bf,false
15023d7d2fa0ed34,false
d371b0fab5fefa4f,false
1ffac69ff9a57935,false
5ea224be7c6ffcb8,false
6530030bb7c062e5,false
61bc160371e72464,false
39719cc861a666a5,false
50612ee9a7129605,true
4b8c1d1f393756c6,false
7bb2111ee219f2ae,false
2a1f3cee4406cf7b,false
4b85ad1af29d4cc2,false
04006377637d1054,false
65d074f9a9d2cb82,false
9cc85ae38f10abe4,true
39d416446bb25856,false
e5bcaa321afdcdbe,true
62d6919060c5dc54,false
32e6f00be65875d3,false
6c52e0e89c9b0e0f,false
a2161c41d52dc2b9,false
eabd6e49baf7a782,true
63620a71c7f2afbb,false
1d7a7b218000bcf6,true
18d8dbc288c47051,false
4ffb6e0813176c20,false
5dfdb7cb52499cb9,false
6d8a6a4536311f93,false
7eab2e4d5233639a,false
db33c1489d6f96c2,false
984646a5237bc97d,false
03962c4b687a1b8f,false
c91e6feb39919c24,false
03c383fa4ecff721,false
59970ae769e922da,false
16254ab60d7afe82,false
11f32e1239ddbfd7,false
56c1ecf19263d21c,false
4169cf4f3877074f,false
889e31e87b96f042,false
7e104cf0a15b78af,false
62320a8af1315ee0,false
4f76a511c7f52c29,false
38c88140a700ffe0,true
1926d975721cef4a,false
678cf92e374d42e3,false
4fd3869cc1709b5f,false
0e75d8c0f7aacd79,false
257a6e35241aed70,false
047bcf266239339a,false
381045ac5f755e0d,false
32a1f9406a2cce11,false
479cab755ba4da52,false
7287a5d37b0efbff,false
e6d7fcf4ef0ea9bf,false
2af1f91d9f9047d2,false
c480590cfbfcda60,false
5ab05d30592668a7,true
acb466f33a3f89a7,true
56d25a1215b1a2a6,false
5e107b8523e7dfc2,false
01f7f63e2fe9f92d,false
6aa30b39b67f6a14,false
42de875d75bd4cb9,false
6abb9f344ecae3f9,false
0d7749988993b1e3,false
a4685f515d80d3aa,false
7c1834cd32a481e7,false
36ee3a12728ee22c,false
759dd658b30e949f,false
32bcd87d931c5bbc,false
039e88c08f83c915,false
453eaf19ded4c941,false
2546ec42ad397852,false
706c1f1e183b567e,false
8ddbdb58e4276d84,false
6a7e38c592af220c,false
fbc84f21b97fb00d,false
0cdef93beeb4e2bf,false
35eb78f246d3563a,false
0895b4ccb8904bc6,false
451cf17dabf0ccac,false
7018e6225c18bde2,false
677d588a83832316,false
316b5e4fdcb0c17e,false
1d09c86b6464b994,false
84d9bf7a79354c2c,false
7a66ab95eeb16142,false
061764314492dd70,false
6071308d009be2fa,false
02519749af673e52,false
7faa7b7e4d79a609,false
600d3d3a09e29aaf,false
42958b474a1b4b2c,false
6933c5393bd161d9,false
1a082af9885b2289,false
1ac686ac643ce543,false
7b7bf78f0b64cd3e,false
6a6d9cd492dd0896,false
164fe0cba8ab5ffb,false
d0812a7077f669ba,true
00563869200f73f6,false
091f8078932275a5,false
2b05c3ca4866c0b9,false
63a5db0339b0ed17,false
05e99526c946465e,false
3f9865f4bd946533,false
835c41108c0ebd6d,true
65bcde924740d67c,false
419e56a34671289a,false
5c9c5c9f02dbb4db,false
3a2473e40e332083,true
70deb208c69d79d2,false
23d78a691d9e7ef6,false
4529ec4317e38460,true
2c0064d23cfe3e7d,false
192f0ce65e8d15b4,false
89c6f35f8b281faa,false
0e73efc2bafbad9e,false
f79d2c1e3bba5597,false
44ede1448647747a,false
22449652b44ffa6f,false
540a156df67b3793,false
c0822eadfd394b70,false
4cee8d57e2f81f6b,false
0d6e9e2cb51b73f1,false
6b2d23992c7e22c3,false
7c1212d1b36784b3,false
2fb5ef4cfcd8be2f,false
64126dff860fb226,false
30e47ee4944c6926,false
63094f4be5c54fcf,false
42d539044a88661d,false
f4fee44e5e932f35,false
1263767e190f81d0,false
6e83bd37b67f0653,false
41fcff172c25db62,false
14ba672cb9b89305,false
425129d8d7d87a03,false
551dceb757cf2c47,false
519e2142c6be0567,false
e2bf77ac25489d5f,false
bad6cf0f8bf3ee99,false
068bd67436b07e73,true
f1445469f6112be2,false
1af01392fa58bdd8,false
37fd21dc56d09043,false
6b190f2a5f6f9102,false
2e606836d290bbc5,false
62e27dba0e2c343d,false
3dccb9aa047cc38a,false
3e5fbb05ccf5e688,false
a67ca4c373aa9319,false
70e9750d95867060,false
0ded45a036edbf72,false
3bd4814fb68e4926,false
687550b0169e21a8,false
74fb6ddad673ee35,false
5038b1ece08a3a0f,false
33ebd596ac5118b6,false
e39789198677eb06,false
3d03cfa03e8095ad,false
472ac6f8fa454d30,false
19965d290fe38608,false
70c18453e36f63a3,false
2c1f4268894c53ca,false
18c0209e48283007,false
33cdd6bf66bca196,false
d3135b62b3a940a2,false
7ef106d6cc589d77,false
24b3659f721a1570,false
aea6188f6375d6a3,false
6c4a3dd58f477e2d,false
3a79007824a76652,false
cb7b3ef2e79509da,false
0c4656c2aa99d6ca,false
677f78f9b13d5773,false
5d08b6f7e56c61af,false
0c9bab9decd7b1ab,false
27efe7a435206fe5,false
744014531aaf7cc4,false
fa4f14c4a60ddbf9,false
1ea4d8aa57cf6a9a,false
15982baddd6c0810,false
44ee0c8ad81e00e4,false
93dab36cfc6f3440,false
bebcb53cafc84e7f,true
04cf76b659477a48,false
0175cefb137d924a,false
2607520e31e5b7e8,true
5a5650f610bef9aa,false
30afaec93ef2ebab,false
048af0046b028a9b,false
30f79176e065d33d,false
182e7cf1dce128be,true
1adb819f1d78e25c,false
fe3bb966508dcf76,false
7d3e828635833661,false
53b9e75ae883394c,false
75f875aece1821f1,false
20f759655157295d,false
038b5e93931e4169,false
46328929f363d95e,true
264b59ff7db9f798,false
177c2ebca5436b15,false
6cd2e179c470c08c,false
0d6b214c45dc90ff,false
7a2f5b6d92d86b67,false
17cddccca9c5b321,false
789b21f5053e05b0,false
4aaac2bfa2773a01,false
44e299c451cb0d4a,false
112b4f15673b23aa,false
4b96c2c5721564f3,false
5d21ebc156969163,false
12565c8be68e1ce4,false
04c18da505227f83,false
526180e6b2e7fabe,false
618a5cde8a94b03d,true
3843078d815446fb,false
324046a0e50493d3,false
0c66ed0558fc660f,false
42c0c573cda636a4,false
88045dae894ab9c4,false
74fb0968a69571a2,false
15e7fe6a74caf797,false
acc61dd723343137,false
b3decf574da551cb,false
6fc4e862c84305c3,false
f15050fe6c9a30fb,false
31535ffa5294a79a,false
039700da69d7cec0,false
fbf88d4046fa9be3,false
42d5ae8d1d70d7bb,false
4fe6afdf1becb17c,false
5482ee195c3e6471,false
d1b5a6d6bfad0e36,false
47ee66b8edcd41b7,false
52964c91e23653ec,false
0e3aae38567cc2a1,false
0078ddf07ffce180,false
02d2e74876182821,false
7ed239677692fb35,false
11844caaee442835,false
b29fbbc5e0e1513d,false
7c9e264f09c0a5e6,false
79cd3bb19ef32e82,false
2ae594cd4e4e797a,false
6a28d65b32c77843,false
0de3b0ec4a78f42d,false
708117a911fe263b,true
08cee855c13026f9,false
54ca50d81a47a7fa,false
bc4734d23c845033,false
4ef95db5a9f63fb4,false
551771fcd83d25b3,true
5457aa72ed2c8dd3,false
03974fe3161fc28b,false
00b6fe894f30ea70,true
7647dd3cd8fa3754,false
2353626917d20f36,false
554027a1709aa975,false
70d2d032ae145e8c,false
3cd8c08f1c099964,false
e28734bfa6ebfa3f,false
664213cbd4ad94f0,false
c4de2b48c170cf9c,false
4c9c257de1cec627,false
c0c311577c21ed9f,false
9824e23a39f44b53,false
222e3a587b37e3e6,false
96aa16877fded976,false
4c5ec5d5a6dc18fa,false
63df6e41dc199a4c,false
0e4d9310655def33,true
27b0b3a93c40340b,false
645b1c1f89d27b78,false
53313dcb9cc7e312,false
40b5db01a74f6b48,false
21fa9aa36fe60d50,false
56d63752a323638a,false
5cee327d924d078e,false
8e3db6d6e1b3409d,false
7231f10c4bc6877a,true
f859353957e38d6e,false
74a7946b2b89dad3,false
5907dcecd8fe7e88,false
f4725601dfa79f47,false
732e3706e12cf7c1,false
3a1b4f26e8c92840,false
667453d37e445300,false
212784dd959e6bb3,false
93903da04c183a7b,false
3ecbb1dedeeb1eac,false
fab2340280977bb7,false
ec49c52269d444bc,true
5be6c3c61be5e7f2,false
7f2ac14e29e3d218,false
f22cdb9a5a8e782f,false
1b26dda5b298b115,false
9a665c2c273c0bbc,false
0f61bad695d586c5,false
5111612796a395e7,false
4e84bc1047866ad8,false
6b4324700b066388,false
1c35cd893087dc30,false
6c20a44ca2c5959f,false
3145f0fc3b7a1bf4,false
c3bbda3962c253ab,true
147ea97d38bbdd4c,false
eb270682aa5ffcf8,false
8c966cf347a0c469,false
4e4368c6c395fb35,false
63d821bba17a9c77,false
366e572d30a8a114,false
45ac5d5fd9e872fd,true
325d3716cd03a0ff,false
153be0a59a36bc63,false
2d68141089465569,false
347c10051bea0f88,false
15564df69fb2b4e3,false
ff3dc7772af59d76,true
7ffaefc11b448dd7,false
678857a0635c68ee,false
1edc60fc6f5ac044,false
38ef849be6d5d913,true
16f28b6b0e4d0e04,false
81b69b5088164868,false
702debe5f5e5d987,false
e2b4acf09f96ed61,false
3061d8623e76c7d1,false
0e09488ba9487ca3,false
375060c337fe7591,false
f751986755490a4b,false
36f2f07616de4908,true
6d81b4b207b0ff47,true
5c34354a320ae86d,false
1d0be29fb41529af,false
3b3b9fa9383f9493,false
1ce7a82089760e4e,false
ec0cc3463bdfb474,false
20f3961b71a54600,false
69b500fc292a3909,true
7c49c5352dcf3161,false
980d13e048a334dd,false
3f33814c167f32ff,false
6dc918e1e60dd047,false
ccc00c0b2cf0064f,false
08fc543d7faca8e3,false
29a485f04ff2db02,false
2c5c69454d679912,false
6fc54b3d210d79a6,false
ce6af6b9306ccd39,true
e624b2be92cafb2c,false
ae3fddc0758f3cf8,false
68bbe2dc1f8a0046,false
21961d3262c65e14,false
3fc2e8a076607cda,false
018192ecaa2dfd17,false
32ac6ff2754d6573,false
5dbba9cba744f536,false
65da706be4ed52a8,false
53f0c637690b511c,true
52efdd6710150f0f,true
374731399c871b0b,false
4c005fe3be8d065c,false
fdeb0242c9e1ad74,true
5ce2faba226c3655,false
2dfe7eba2df64d1a,false
f89cf62a63f7a6f0,false
13d3f38d6bdcb04b,false
6a26d8446df75964,false
91ab68e11f02a9d7,false
6d9d646bddbed012,false
24b5253a701b047b,false
3a5ba39b9b8c6257,false
ee286396dc01e824,false
49f3d00336739f0a,true
4a406d4d9917635d,false
28902a8c021ff6a4,false
7a445b0137f93438,false
b754426faa3292fc,false
49f46954b0fdeebe,false
9c74185f4f3c2c8c,false
479ccc9ef1cbfde3,false
28e23702facf1298,false
736dc1114c8849a5,false
38478f25f9142706,false
6d063aa8edafd069,false
d9984585972a55df,false
7316e51fd6d0bdde,false
f71b4911e4e5ac49,false
23cfea7328a480fd,false
46329053d81b3d71,false
076f36e4b654d7a9,false
4d6a783be7172d91,false
21ed33f1f21e1c98,false
c1caaa504f808859,false
46c9d8a21fc04751,false
29b5026e510e85c8,false
690ac4f7788d134b,false
cf300eea0a979a86,true
052bf7f6c6a5e3c2,false
53136846e7e4b268,false
f49fa6641024a2ae,false
4f254dcbfef05ac7,false
2a64c50f851f24a6,false
4dfef60ae13c5c22,false
f46864ecb778841a,true
51ab8a7a963bc8a3,false
1442c564c2e3daa2,false
42c355648a71799e,false
65068620b5f83b23,false
13dad60c088e1257,false
3b81f2e97cd907cb,false
72c10c35bd703301,false
2b9f87fa32ef482a,false
a16cbe08ac49f72a,true
33eb095c1b5c79c0,false
2d32602ec80285a8,false
3b69e79fd5ac0912,false
2a260a38fceed597,false
7fd5d89f60c3b5dc,false
0efd420c46205e67,false
b14cbd0721adce9d,false
e8f059654e77383b,false
2fd16591ec5be517,false
60466b473de27b1d,false
354292456249ebd4,false
a9b05628f4b00490,false
4183e970d1478f4c,true
c54ba530e8995d21,false
88d75fe4a63f26fb,false
1744d9e7604fc1ac,false
0d4970f2c685f917,false
77b4191fa5a96098,false
ff056bb71c7cfaf3,false
52f15adaa1bad0fe,false
6a66d8ecc861795f,false
96d0befbf73f09f0,false
502427755a0d17c1,false
dda8ce4ec4dfd3c1,false
4bb14de447fc127c,false
77f2af44b25ab090,false
4dab1426153e34ee,false
7999b754f703e9ed,false
805fa141cf024d03,false
00d87b3d4f9f9028,false
4ad18ebff7de3220,false
2199ab69eff85669,false
531b843b48d1e135,false
570e567d2165b6dd,false
7284e7c812a9e65d,false
1cbad2518652c0d8,false
26af973e2e56a5c5,false
27ce2bf99a135f1a,false
0776d3e0b35ee2ba,false
6151e56710eb9c32,false
fd4e1634c385c6b1,false
9ba40b06e2f95749,true
03f082775de413f3,false
7bfae7ad0f752447,false
671df0fc44e24666,false
5e6c959f8a410129,false
3e8698b9e7d59bc1,false
4391c19e7de1ef38,false
5b930d52def5905e,false
67ece11be80eabb7,false
283cb960bbaed31a,false
345cb605bddc42a2,false
0004a23d32ef6eb2,false
42dd5259ba8660c7,false
cc8a8511b368578c,true
1030120b45dd64ef,false
5650a747abdc50d2,false
3dfee2d49f910795,false
0f0653a953e1a2fa,false
bc62678ac8d854c1,false
397c4aa77cdf79be,false
78692a5ec57d8b77,false
ab86798889040dfa,false
1c10c6a1b3aa3cef,false
58293ca910e25a2a,false
07403c5e82e4c531,false
f7305e3bcfc3bde0,false
2ac78371166c99c0,false
0cf8b93d4cd3a56b,false
78ddfc912c791b0f,false
575c5a4b9ef0c70b,false
035abb311e771db8,false
0e69ffb98692bf07,false
2527d357a076446a,false
5b349822abd94faa,false
0ca1b9b7d7930b1a,false
e9565372e9ffc7ba,false
390297b0a49927b4,false
1fd82fc6061350b5,false
9e9eddf071c124cf,true
78095baff6b8e397,true
6133fc9c66bd6cd6,false
36114db5e20d3d15,false
5bbc3c0ca9e256d4,false
bb962f41df51cea8,true
10b3b1147bca47dc,false
5678420e0dd7d321,false
404ba0168ab36d96,false
794a490601368142,false
32f9384952aac788,false
dd7c4c5be6fd3acd,true
d341df06b50fced8,false
ff21962642b1aca0,false
a847d2a728686751,true
05299d3c7e1e1fb9,false
4a173626b7f12f91,false
9c0e6783d2aae46d,false
df9e27e5bf0db92b,false
16e3732d289e7fc4,false
53f5d5b52b3aa871,true
4a686e4b9d3bd77b,false
f4b8466849861988,false
7339d7c756bf7d2b,false
4e2c676ab26104a0,false
a75108860720fdd6,true
1a06483a52c416b0,false
28c106987842b8fd,false
3989a06fe20d383c,false
3ee047b159e68ee4,false
a1a46de4ee06250f,false
3e9af4ac3e7296a3,false
40ad1b426f384c21,false
2833034d698976b3,false
991b3a6c089c66d8,false
7418404caceaf7d2,false
39c2ad34157adc35,false
2bdf75885dc65cfc,false
09d323a90e6e0806,false
320a2c6b44f89fd3,false
1b1a4d413ddf3930,false
d18872ed0c7dd722,false
30af14f80848e9e0,false
a0036f28655c42cd,false
3c16814ed30994ad,false
cf0a785345b4e087,false
17228e77dcad379c,false
6d2c8b540e0b2fb8,false
0356809fb310ccc5,false
6d9094b2a5d46f85,false
0ad2afcf5ce12395,false
75ce095cf1cd7c46,false
0359f76748ba9287,false
fecd74959b0ced65,false
477f405aa2a76796,false
201ecfc97fea0da4,false
075e2ec4a35d5e12,false
6deac6c8a02970bc,false
6da4dd91b4e5df9e,false
43bd32407b6625ac,false
a5aa70ece6be78e1,false
2812acb037afef25,false
670f912a043f8a6c,false
7c0e77864b49ab45,false
3fb31d6516d842d5,false
316fb14a600b5c61,false
14a87fb3d4c613cd,false
42fc6f62a4065b12,false
2ae748821dd0016f,false
45843b86ae190576,false
36fa9ba439a3bf2a,false
6301f5e7f9c563e7,false
72c6c257fa3b8e34,false
19234ea5ffdadd2f,false
431e6cbb84b927f6,false
10edf87dc031e59e,false
709d474bc3a44ced,false
bb196b33820b97aa,true
07951c071fb8c6cd,true
29f2a94f307c5419,false
23b1530faa5e1113,false
2d411cc43406c5b4,false
3216a627721bb69e,false
794f935ccb3fa4f8,false
2011f15d954b7a32,false
2eb5ce09f8a4a576,false
e272185084ad660c,false
fa8a9cae02ad10ca,false
18d84465d6bbcca1,true
1c8daa2f8cb41e99,false
25098dae6af68e5d,false
2ad5d74d85467a7f,false
7795cae861ee262f,false
1f4534d3bba34d2b,false
500e7047a2cba06a,false
3a6611cb1d6f193f,false
5a588fc6e2a0aaa3,false
739f776124ae3792,false
246b5c3a35f72e47,false
70de4c17d7878057,false
8f574bad4e401e46,true
4e1f975727905637,false
4a01436cd3e23477,false
38879409dc92ad23,false
b421882be379c697,false
5f69e784230d2f96,false
1b3fb2f9e2291371,false
66eaaaaa6a8c4ed0,false
557ba6c0ab50bbfe,false
486b3b6eff7ceba0,false
0e7e41dc12a72701,false
6defee31d4d5368f,false
369a0e122b8b0df1,false
24a5e609f1aa1949,true
41b4eeaf448df057,false
92f7c1b28e812a57,true
54e4cea48eff257b,false
077b6f5df98c5d93,false
358837e088ad0eea,true
71d581c9a7ba3615,false
04e957c937d44764,false
42a01122faf2ae6e,false
6a284f650c0012da,false
b01e53c96a3d5815,false
5294f4b343d17dc2,false
80e138d3b14b58cd,false
0f8d2ad21a7551db,false
4d46b64b2d750a80,false
23833cfae981829a,false
6253097d40e12469,false
b102415e428732df,false
5725118fc45e3645,false
42585b6d3072e6c3,false
535eb57fb7e83bec,false
1cd70214f1e379e9,false
f0b633158247c371,false
14a7028defbf78ec,false
20f9fe73f83cd173,false
ea4a25b0eecbcb1a,false
412688ee9c2cf13c,false
67bc39a485b19fab,false
5ba9a97eede03489,false
5a5c582819d102ed,false
38658eb1f08c1d04,false
68968ec5b0a3e4be,false
663fc6616c5e3c8a,false
42e93a00aede523d,false
602efa7210464b08,false
56b109cf9c415ed1,false
5339bc5c154004ed,false
23443792339bd85c,false
79d3174b45d82d14,false
d164fa5942f43bc0,false
7f1778dbd650962d,false
1e485ed405038c67,false
3bf66e8b608af359,false
6bb9b95d891e6bba,false
be8855d99238d679,true
46c3154e0d9b7a3e,false
f4fbae72a65d07e7,true
1159e267e7a68138,false
3a6803f9a8d1f45c,false
6010a51e47372c4a,false
4a8b131440ab7957,false
362f7dfb9565b8e7,false
0ae3c81d4b75e9c3,false
6dcfe55a39efc333,false
46a87f331d19cda7,false
4182e6d96ceb61f1,true
5bef3f125af727bf,false
b24e0e2499bd140a,true
0bcdc5383aade913,false
709b487b590ce648,false
66a363dadb584dab,false
b57090c9ed16b91c,false
1f0cef7e4a925e66,false
6690c9928b568d17,true
5918295f230a0eca,false
3334c0e21f3fcdc3,false
e1f39bfd627254ec,false
505fb412bf87d915,false
f59268dbb9954aae,false
24f867a545c2f5b2,true
6f1a827b798546aa,false
e0acddf217c2e3da,false
105bfe8ba866204b,false
f05c4f4911bf3085,true
577d7d13aba8e153,false
6fc9bb83be34868b,false
5cd7e1bdfadbc0fd,false
7fb0268de6b852a3,true
4f8519e0003c6ebc,false
4992e5de12fafa37,false
73ff7c5af54272b1,false
679b8f8747292a78,false
0a7a04a7833abcf5,false
07d9563debda66dc,false
0d6c601009fee592,false
00521f753c264fd6,false
19ca13790dd8dab5,false
99dc2c13ecb15f8c,false
096f3a01d1362976,false
bcbdaaaf7d23b4d8,false
bb70ebab391155f3,false
0f7e4f4a8c70e380,false
dba0177939487034,false
3e293dac9715ac4b,false
15657680ab0449f6,false
38e6722a53df6494,false
402d4aa2af9cc04f,false
6145b066cbe93331,false
1e45c4118e5db1af,false
5249c8a58e6e8d87,false
293c0164d8646ae7,false
5e61afcdee6c87e8,false
c7105cdec124d42c,false
7d539d0e9f558743,false
12fdda4932fd9ab2,true
626a9e1105e47b12,false
75565181689934fa,false
787720ac58c498aa,false
3bd0976418b0fed1,false
ec68c987f9d4e4c4,false
0c1b07d471f007c8,false
573549844699c145,false
77091f8816fa3648,false
21ec3fc687d31ea0,false
dd18f4eb3ccb7d4e,true
1538ddeaf03b43b7,false
a0d30c373ed69984,false
4da43dec80d7c1ab,false
1095e6571018de9d,false
7ba8c3b7df261363,false
95f107e2ee909f91,false
d5fbf1a678653e9f,true
49562594df980b88,false
e1dc5f5e6d26588b,false
80002e036dab406e,false
5dc4950bbe8d8717,false
4180217bd9e0a3d6,false
607fa5868263bc7f,false
016e6c837f3a3d8d,false
0b0bf6dca2caf1bb,false
3d3639a548962e73,false
1e365fef4357572b,false
4b0c6b56b8f2ad48,false
9d1cd1cdf13de2cd,false
22c1b0f539853e14,true
84c06e7282ac0753,true
6fe073528c3abfa8,false
f027c52a4c862a69,false
0aec3e20b75fa0c9,false
2e7918935b40633f,false
767b199da6799ed5,false
acb165a151ca80c9,true
6472006c92b39aae,false
4b6246b6215297bb,false
8bfd5ae4edb81c09,false
17e74fd7694acae2,false
3f73f57d189df790,false
1ed46064cdc5a66d,false
d9fa81b0c4f1a7f6,false
11d1dcb081ed1d5e,true
4c94e417ade292fd,false
2e5fc0d917ab42d9,false
798741c85a09d0a4,false
2d2a8526030634bc,false
9861dc23d8b535f9,false
26535c9e5f88e929,false
873b3154e5082c65,false
678d2c1d8e9bdecc,false
5a7dda277cf70165,false
7cb8d17bd2fd9346,false
d92424e559d4bbfd,false
5ef5221ac79196ed,false
13ba75ab541d4ab5,false
38c3b25b6a9df987,false
fd57503910f4b69f,false
18f7b0d85b8c8e41,false
0916c142714cb591,true
575ba573d4679f1a,false
263e5ae80ae131f3,false
6e6bd4860b71627e,false
2f042fb0913b2fa5,false
1c93c388992261c2,false
62fa19b45572fa42,true
6b71a03343cabeef,false
76c2a87157b4b66f,false
73a734824c894fae,false
88330fc49c40c1cf,false
0e2bf3e090a17f7d,false
28454056daa955ca,false
737fc354e639b723,false
692ac7a08b153532,false
762876a6e79dc42c,false
6963d6b7b2ce762d,false
581a482e6b5a8211,false
400414903590ad4d,false
78e469e4a1f23057,false
4503c426c62c786d,true
1c28f2e61bdd421f,false
5d19919fcb87e80d,false
0d5a6250c400e155,false
3fa3f0826de06547,false
9fed5a227cb0f0e4,false
3c62b4e2d4598f2d,true
534ad1bac373f44f,false
0dffc12ffa92ac17,false
4093d5064729864c,false
57a5180286996b25,false
3ab889dc17c7ed1b,true
4f537a26f18b49d6,false
4567d2f73ea7f221,true
701ba439ffce6ab7,false
1518f4fe87ec720c,true
1b47ccae1cbcfae6,false
a1f1ca09a7a2bb7b,false
fb3d0fb771ebd3b8,false
3be3dd594e639d6b,false
5218427c0e1ed92e,false
0ca9f3606b0213fc,false
7c8a8dc90ca749af,false
f2e790736332fc15,false
35fd18861cda5a18,true
2c5d69b1cb5b14d3,false
e60a06b64a1b1050,false
01635f013d313543,false
06180a02a191631e,false
3b78d57926ce2c61,false
48fe4b91761b361d,false
2b7fab6baf952685,false
18e1d2ee58cff36c,false
68a490cc8c3bc1ff,true
a6549d896c0be886,false
2c412e3376d75949,false
1a8ccf97d7f5e129,false
60dd16132182d0f0,false
78a17fcc516ff4fd,false
657482915182d3bc,false
1930cd42c8a56bf1,false
6fbac4d50831ddea,false
16bffd7b2378f7ef,true
7f81853898585d73,false
69dfa25786fd4f83,false
6dba2c4befa136fd,false
0844e1dd069304f3,false
63d59bc775ae98f6,false
e0c2aa4a22628c27,false
15dde366342f94fe,false
1f5540aa00d01ac7,false
dc33bd30966b5d95,false
60aae8654fdc8b82,false
55ea6501845607fb,false
3ed8b04397dcd6d9,false
2e0a93bb5be94589,true
4fbba461c5be54af,false
07d9c3daa3cd377c,false
6e445516e349f018,false
67023b4a80dec157,false
2894f675dddf7aa1,false
73e365e597a2f0c3,false
05563c68cd28e662,false
53a5e093051aaed2,false
198492314878caea,false
533b98281136966d,false
f91580547869287e,false
7ad2c0a8903fd472,false
1f57d07e70c2d848,false
65c69b671f54ccda,true
a10c81de478e9510,false
5e85058fe38aecb9,false
d36d20420c2c9566,false
39079923a855e193,false
b59b09b6b73e8d90,false
37409da894928856,false
87467987bf329b60,false
520f5c700fb9539a,false
54711c481f9202dc,false
9eae981c7f7e587e,false
6254f521fdcd8f8b,false
02e9c7e543851022,false
4ac1e02465179190,false
4c3059dc6717aa50,false
407290e3a383da7e,false
89a0bb90c82578da,false
9935c4b4a6a128d2,true
1b748f4047a72175,false
9713a05d039d8b48,false
8e38022adf5bedda,true
758cf34f4350f166,false
a924930fd14d40c7,false
7961c4f8d8e00d64,false
2629fd42707f4801,false
56fc91462c3d2237,false
f880dd4602d727c5,true
666d2fba059e1694,false
7a4cfabe3ca4f0df,false
3d4c4032cb9b85d7,false
d9c6c70f9c5d01c1,false
f009f22db5452e02,true
332b3f9cfb7b3956,false
687001b19f6011cd,false
549c9dae33b8302f,false
2478579116ecefb7,false
4a6a01d1de0f568b,false
276e917c141894ac,false
4143161556c5e74b,false
901a779b298306f2,false
99bfb8d49ad551c4,false
68d62a43a2f2297e,false
155f62bb70461ab2,false
cddcd0273837d0b5,false
2362682c13ce8fc7,false
0f7e57ab368c813c,false
4f8dfc330b98a680,false
395a7bb9c2a450b4,false
e588f0f37a2f169c,false
760a252ee74e5cac,false
dc4b821caa2592dc,true
659602fbe32fc465,false
cd33d2298b4fbcd4,false
a5eeb729cc097835,false
7fe762580f74f2d7,false
10a5cc827388d9b7,false
9a93222da3971a59,true
d8b7b515c7c477cf,true
5d7c0eee9fe1bcfa,false
751b91ef97729f28,false
0a61904e018b7436,false
0ad1aa7a56db1305,false
2367bc6ceaf12465,false
5f8608f1de9872b0,false
5b8aa6f6e89059b3,false
639c281409845abe,false
22000ea5119039ef,false
218d5180b66d6a59,false
632e9de3516bb03b,false
58c106d75eacf1e6,false
56e64db5da1f75d9,false
1cdd66ff41b85c29,false
1812665e4100d91e,false
fd484dd7f939dea8,false
3cc2af566fb59e5f,false
e17f30333422d462,true
18151ffd5b50f84c,false
7d168f8131dd782f,false
94ba6e2a92552d5b,false
40c4810b02b2df06,false
08811e611de96e36,false
542a9d2075ecf7bc,false
ea6d02a510fab57f,false
553ce9d7a84d3df5,false
4bb0403f5a659648,true
817f6e8694534be8,true
bab801e4604ed270,false
6a22af6f8360e00a,false
3a96516878beb460,false
189706fda3e3cb42,false
c4ca8b4b533698e0,false
6f575f483c5448dd,false
1b4b7e66b1d56ece,false
5dc69b189bc8295a,false
65abc053e4c3a9ed,false
6350f99025833176,false
7bb1f91cd590e058,false
317a3e76c876f8ad,false
29b58eb065c57102,true
f76cf85cdae9fd8f,false
276f8b6581dd0381,false
1b527e2a20257c64,false
3e558410eddfb22c,false
35245bb09a15e735,false
550b696e2d2f98ad,false
1afc6bb557d158df,false
4c303d6b967ebb82,false
599e09db75d5a372,false
f3360d310976f1ee,false
4fa7f66c4d988c40,false
699e905005c7bd41,false
c7b6832e1c968748,true
34a7cd3c5f4c3c6b,false
04c95be00cd9ff41,false
10bb1a1599397c13,false
6fee32ee7b5ac595,false
1663ddc680c08ce8,false
5e0dbcdef60a8350,false
6b4aee6ae0d42e4a,false
51dedb84fc1788dc,false
45956c0ba3382a0e,false
74cfb878e8113c61,false
4d8ffb8bd43228ed,false
b97dbace46e96d36,false
69b7d5669fd15b56,false
706c227cf96466ed,false
5858e95a30737174,true
5e10abf74e565576,false
28d17886c9d0763c,false
4276e84c09323ed4,false
3f13148761690a91,false
485c4b9e2a146c58,false
b23191bde1e5d861,false
a94054b0d3731b74,false
2beb857c2790f1e5,false
3430e1a5b3ad106d,false
3ee08d52d1a97f2e,false
1ab35c260f977495,false
71505e583e5b7a46,false
755c3c464a3dad12,false
4e0390bd511db4ac,false
215f66076a4404eb,false
7f16974271add778,false
731bc1c03d5bd52f,false
2f20ba968209b42a,false
ea29874b9b58b9e1,false
7030c87d3bfe965c,false
01a5afe7cd064e6f,false
5eac609c947c4e9f,false
58ca9d5b0c788b30,false
80157a04b59e8337,false
d2e6ee04f089768c,false
11e31f4293843d0d,false
0fca7304f9374a62,false
32bf9cb5836f5aa4,false
38397f6780e33d25,false
05a526cfe2a47c77,false
26793b50c1e66b51,false
7fc79b88bde0f265,false
412eeb9fdd2a1075,false
00327e95dda11c53,false
641f29976445a683,false
368d89b76a58b300,false
e8d8f36ee9c15509,true
6092ddef93587d29,false
58488ae4b5d56067,false
2648be32e16cbb9e,false
87ecf45d6f1dfb42,false
16f2d59500391f5b,false
492dbb5662057f1e,false
37fa203fdad3b6ed,false
0d8681f188c70839,false
81e99c90c0b14031,false
5d438c85279727fc,false
39e61b1668768aa5,false
460194290597b4e9,false
7a34cd7bf4ba4103,true
6938d8cdfe092361,false
6d4b1af17eab0159,false
682c7a91a023b0bc,false
2adc6b0f7e36b34f,true
0f6074d7ebce4d42,false
1fd3e9bc2a1cf6f1,true
644811a440c3a7b8,false
7ca0ab602607ddc1,false
736f624f25051d85,false
5dd6f50d69a3be7b,false
7e3c2b130702aab1,false
60d24a62b395eae2,false
9c112aa8cd385bbf,false
52de040bbc1e9914,false
cc4c0caf8d2e0851,false
0c377a732d883365,true
63843b3252de2551,false
743e72ef332c0960,false
812f2b61eec8d97f,false
6155802bebb55963,false
05f618ab6d56785b,false
007cee1a3d3f6156,false
3c66a3030a15eda0,false
1675f71c07b1c7b4,false
730b58ef2939a101,false
35f749b662956637,false
00432f94e395063e,false
48ce76342dd3c54a,false
3a8f5daf252abb5a,false
11e84c016522c0ef,false
0396780b3a5b0eb8,false
765ceaecbe496bf8,false
cec6ed78588dc59b,false
15624c4dab1f62b7,false
1b2f8d0fb671b374,false
8e731fd068691236,false
37115916dc385c5d,false
41c0762d28b97c13,false
4110e9cbe995b7c8,false
083a8ad254eb45f8,true
0d49add9ed6cb005,true
5b5cff87b4f2b438,true
0018990127f14472,false
3efa03d59671386a,false
15c002715cda38b9,false
6d145e744e331ed7,false
8dff47f352696249,true
a5ad03f78bc77e0e,false
1324e5a3010508da,true
00a322e8e5227f2f,false
001bca814de13da8,false
07d560ab071cd281,false
fe5a01f2f9ba4be5,true
6bde27645e0a94b3,false
63c1a2b02addfeec,false
73551cbd957308ff,false
1660d02ef0e3a045,true
6ddb60ac82765c15,false
6df3a7985f8d50d7,false
18e46b3d4ed577d2,false
4f9c604f7c02f120,false
42bc9cff0164dd2f,false
b639b44b41d03150,false
38e67f8d77d8d11b,false
229f14bcf0d52c96,false
00eacd5197ccfdef,true
10f1875500ed6d5e,false
11ba16b8505c3426,false
264eba3566ab5766,false
29154b2504fb228c,false
3fdd0fdae0bca647,false
f4434cd41b0af4f2,false
77085ba71c286292,false
cc3b4d1cc5f32646,false
451986e859636bf9,false
4446bab19950aab2,false
57f9acadbe7a670f,false
5adb6dd7e59414f2,false
0400fc549153116d,false
7838ee56b0744146,false
28f6657db7019051,false
74e71ac93f7b3c15,false
3827e61c615326a0,false
16eb0f1d8684e83f,false
513e9ae1bf164caa,false
5c890195018d00fb,false
2e8678a8d04d9d88,false
41a676b8ec22e1a1,false
5d8a118888543f24,true
4a2ae80dbc8622f8,false
22450443a4658440,false
2a5da7e33ec9b17e,false
49660bcbefc21ed5,false
8fa2571c4913be76,false
f75e7243242ed7cb,false
f4a8f66487f8de4b,false
077edb3077b09f09,false
31b1955fbcc805f5,false
5aafd9e0340d70b1,false
cb64a81a1f58eae3,false
60a78541a03b952a,false
2f0f280a29a2fb32,false
0c8dbec61ddcbde0,false
5d688666ec28a4c5,false
df362960c1d75faf,false
5ae5a353f780bd83,false
6fc22a2f500452a9,false
38adfcdb52a26671,false
dcc86fe419175cdd,false
0d1948e32256c8a2,false
2e28af1040ee9d66,false
5fdc52cf3931601f,false
0b6bfea70df86648,false
71a368f5a49c4ed7,true
75eaec32cd0ead00,false
1b30514f7326572a,false
473bbd3bb041470b,false
2b3b823f71e9339e,false
1b3e7d4fc21cc554,false
2874966394647b52,false
27170a219bcf81c6,false
537782981fdbd728,false
7f78aa4a87041748,false
73ace7079594f316,false
a7bd49cf21348c87,false
20c7074183a15d4d,true
5ef671b26a37160f,true
007864c1b1b55650,false
05724232ec878419,false
2290e48142530466,false
4df9acfefd9599da,false
574b4766335e524b,false
799831427053e09f,true
87568b0fd70430b7,true
767029220d1562a1,false
bd77b16cc9275e72,false
2c03c6affd7f5565,false
6ecf590e3d6c4219,false
47ffa9c9d9f53d60,false
5e019283e8843d49,false
4aeb9120893f805f,false
2aebf703077fb6f6,false
158bc1756a0b51b6,false
dcc9a2a8be80ab13,false
374aa22541828b47,false
30340a5ef8c2b8d1,false
ab97ad62da5035ff,false
37b65b8738b862e2,false
60273e00ff5f971c,false
83393badd574c362,false
cbadfce5bde8f5bc,false
4f22fdebaa96b78b,false
45639bc5a5453422,false
4bc6418c1df892d8,false
445c83feb855f632,false
6751b7fee123264a,false
75c4dd8177c2d47e,false
2571ef1a14b1a38e,false
c1534aabc980d992,false
3589a44086bc1e28,false
ad4b61556e5e81ea,false
3ecc6140fd5cfae2,false
2226da99dd561493,true
d907d9385248f070,false
79a21a63de3b136b,false
55ce7c550b69fe03,false
1efcd075f0bc6a6f,false
13e882c995c4489a,false
68bfcbaf1fff8c27,false
401729c5aa89a2be,false
184873c0fd0fa1dd,false
c9336d47ce22b2ca,true
368812eb5017a886,false
675c78c32a0501ed,false
0a5013be98aa603a,false
225608158b2b3760,false
4a1589141c62664d,false
ed213ef6c31232bc,false
28e3b4bea75fb05f,false
604de072e83a0fc4,false
7c50bb62d9fb96b2,false
b528470a15b5fef6,false
098b028e912f9efa,false
1e15ef711519297f,false
841b5a9e4a4315e0,false
a0f2ae5c2c16edc9,false
7c15db9df59f9bab,false
451837caed30a3cd,false
390ed0cdd9de4a2e,false
6ab7b6e20f2263a5,false
0b00ca88703688e8,false
267bfc1e5dd1fc0c,false
5749c6c7a6fc217f,false
2ee64dfe34897f8c,false
659bfb5d96b499cd,false
2ce1ca0c513e991e,false
68580324d1999494,false
5efe8849a7504918,true
155ac60b5834135e,false
5e9cd1832d663194,false
e9f92c01b9ded702,false
da99d8cd202a0a38,false
2bdb4af649c109cc,false
04fa159c7ab994b5,false
03c2b2d7d95e758d,false
79a1fceae21c7301,false
fca40506fa863f99,false
64246b54fb7fcc04,false
7e27b93e58456d02,false
54a638888df64bd8,false
24c42a9e3c7b0e48,false
789ebeb1f0c2c918,false
bbd83019ea4d6548,false
29959cc178f7f546,false
00536a8a5b92a653,false
1befbafb292fe770,false
5ae884405adff13a,false
5359f6f301e5dcba,false
076519f2e09cc0b1,false
57820080f66bffcc,false
313f39de7dbe988d,false
732fa3d9b0423c45,false
f4c5e2f1938284f1,false
3f6dc9e529958d2c,false
26988ce52347bf54,false
3473d51b03ed3c7d,false
037b7f6c08b1ccc1,false
7a3ada46aa950ab3,false
209b723f52934876,false
4a1c951c4f0c05bf,true
2e25e4698672dbd0,false
070344132f6ef66a,false
40754c4169eafbea,false
64d1af88f1bd128a,false
1bad2976452e22c3,false
402e7001cb697ace,false
9ed5cfc259e2819d,false
145c1ed66121782d,false
1adc31ff8a904bfc,false
39b0d7d150ab85c0,false
b2b0f9821e3e3562,false
2bae3c2257de2b82,false
b24f0ce78d776424,false
4b2bb551388a9999,true
5c1e6fe174e1f761,false
1199787d0402afe6,false
567b885077479327,false
61699dec9948790e,false
d0680fd7cddb09ed,false
0099e71710a00fbb,false
4d06f8f08413e760,false
58fd813a35600266,false
57918420d6760eca,false
5295dd4bd4993a77,false
e576647f547f66d6,true
4e450139dec2a794,true
69a88098b7c402a1,true
0bf503a5bcb33100,false
5e638773c0b2d962,false
5528d2ec33dacf78,false
e25d12074fb97bec,true
485a3e3b07da8300,false
4d29eac944f5ca29,false
7b556a963cb03821,false
18c924d25b2ddaee,false
53795632277f15ca,true
35279cf99b57f1bc,false
17642c4242f2cf41,false
840cb9610f7e21a1,false
08075a0e0c8b7c03,false
6ab816554dad75bd,false
04aa730b76c43a8b,false
775f3c39e93cc6fb,false
375696d5b50d66cf,false
d1c5013c50b66aa7,false
29b61c7d873fc0f4,false
4efabc2d0bad0cfb,false
7e14cc76e9a364d7,false
2ba55680e25ea85d,false
ba9d2440697639cf,false
5b509284979a9596,false
8732c7a37707cf98,false
88efe7a87dcc4894,false
01ba91c53ef6268c,false
6bd2833a00a41786,false
5ddd46e23b2ec7f1,false
4b2c9dcbec4296b2,false
333043056e329305,false
445bf6a7f95981c2,false
2364a908862edae8,false
68c3511c34b5b240,false
14693fb9083aac08,false
c7558050efcf9375,true
45473d7635b714dc,false
70dfe70e26198a99,false
2d2d20ee350997a9,false
41bc869b5afeb27a,false
5a32e2fb14e89333,false
4c85e5916fb6c0f4,false
386ea31e578b8c15,false
b83668f04957f1a1,false
785369c29a49c10a,false
3e55a5c253d02335,false
bd79c1bd5f884821,false
726e0cbce35e6140,false
19efdb2edd57c781,false
6853f069b82ded82,false
658484ff65a9c7dd,true
6cc06c78f5c2cc03,false
32cac0a61e414b80,false
f80806da813ac90a,false
c5a5152ce22d9dad,false
7bd1c297afa56fe7,false
75a8ac8db7909335,false
4aeb6c52e7f78cf9,false
4fd57192b26d6d5f,false
575e60dfbbcee8cc,false
6863a249786fb09e,false
7a650cc1a257e1ac,false
2d41838a5cd16411,false
584acce27d6c3d4c,false
5fd18d6a5caa8107,false
00c8e7d4f24cb616,false
7dd45b4e8e617b2f,false
015fc118ef9bbb8b,false
2af2b9d4e42bffd3,false
32a1c689c9d441f8,false
0c564c7e9fd696e5,false
5249843cfedb9a4f,false
ee45dbeb9f9f4b9b,true
7305b7eac0ae2d04,false
62dc03bb8ef80fca,false
343254e0ea5a1995,false
654d2ff909af68a2,false
07bc724f7c4351ca,false
2f2173e5afc85494,false
4dfbec2bb53f4f5f,false
14c9d74b942348ae,false
6cfe167e1a1546db,true
34340e4c74d5ab7d,false
b89e1c3335662051,false
a8f07b07348e2905,true
63d6f9ded3c63750,true
5d61eefb046cff82,false
4ddfdb4ecfc386bf,true
4f899ba1b8b58830,false
127dc55b218a5248,false
8b353864331aa5d8,false
46b770a8c25d5618,false
a6986b0d556319b9,false
0638f64790cf2634,false
18da7859264882e5,false
22878f49dd564b11,false
2d1eb85096bdf2b9,false
08e17ed13469361f,false
2d0fee97e3b186c4,false
f13f889f267449be,false
5691ee4735256fcc,false
71d3a6f186cacc13,false
9c2d0423cf1db0e9,false
2d19b3a50ff8a030,false
248f9d9c60991d22,false
7d26d30669353024,false
528612768fc24da9,false
2bea447fd54ce3f5,true
0d1fd5c58f9a4db9,false
50b5cdf664a98e44,false
7748a9892420c0e2,false
37c63badc89cf475,false
df373416a6d72a5a,false
962b96c7ab2085b0,false
978824884b485ced,false
1457f559a1ad5172,false
53d8b30c630c5051,false
a745105c327288f0,false
07535acda19e58bd,false
6d286bbaa0cca95e,false
b25018c36c846055,false
3a0e8f59ba6f9a09,false
d4899e544af4552e,false
86380f0ab7360d6d,false
407988f10badce2e,false
426b408f24e2b305,false
dc3b2044f271b97c,false
fa0171ee6ee1309e,true
61a84d441c548288,false
845c692c1f9d59a7,false
435f9721aa124dbc,false
5d0175426feac1c7,false
4f7b3f9849b33fc8,false
5ccf42e94de06544,false
aa2e0bcbf46b6f33,false
662a9da9d866fd80,false
045147204c13fe29,false
033737d5bf07a783,false
40e69067060fba64,false
29a476febe9d2f87,false
60a3965c2eacd4e9,false
e6ad644f0f5d7f56,false
8923bf1b39938928,false
2ad18f9df56db3df,false
518c6480a9f5ba56,false
987e83189951ff9f,false
1666807f96c17fc5,false
6b1a3a348f8a53a5,false
11d91dcb50e73d1f,false
71f965d086375d00,false
1bd54f6ce7c47621,false
4aea0e3aad15072e,false
43348e43baeaa1d0,false
e2d634a4b70247e8,false
3648a45af0b4b27c,false
09ffe217919903df,false
3c573d5706d0cbb1,false
dcaaf6e10addd290,true
6e5d3bdd20f006ed,false
425cde5b63599cff,false
22fc8512f03f8f7f,true
ee6b899dd498baec,true
556ccdb3c35581b3,false
7290893b7db6a627,false
bb39185c5f031e70,false
222252105c79c6f5,true
476d040ed1908ba5,false
ea3b160e7589ce9a,false
64d41cdbbf32e6aa,false
071e3b555f7ded72,false
1e6d18dfa5e99dff,false
36d63fbea6c5ba3a,true
0b60a68483104bca,false
1ec06da62bfb2a83,false
02cc0d171283cb6a,false
53d4c1d3bafda3c3,false
bcb2e3651d25e073,false
63703656e9dedf6c,false
2d7152d56d7bdd5b,false
0b6c12b4ec5813bd,false
461a63749e4d1a8d,false
44358b39bc2e4c3a,false
462cccde9fa7e30a,false
203ad6e731bb7e17,false
4e4c1e839905f03c,false
4238dec8b32b4d58,false
6e3e02ddebc3c239,false
14d98713d821e85a,false
59b6b474fa1c7df3,false
5d07d32c0ff939eb,false
04a8c2956410ad1d,false
15f438caca235cd1,false
efd9bafb50a241ed,true
6f30b9d3bc913b99,false
51915980e085fe4f,false
3475b2de7577e3a3,false
1770dbe40222d18c,false
9ad73669ca7b1f42,true
cf82bde5fec29ec8,true
b3d9d55302e02337,true
6bb427ab64ba8aa3,false
735144c634163c7a,false
69ba800f9732af8b,false
0dc5520b90206905,false
447a5e2d74d8f4bb,false
0455074ab60a1f94,false
3384c9e2a016d68e,false
74a67b15267f1fc5,false
536556f48b7918e3,false
0dcc80959fb3a4be,false
4f630b735a9a3f98,false
7262a8008d760664,false
e39e31a0c246e14a,false
3fd6fec6c834ee47,true
1062bf6feefd299e,false
64ae17eace064b66,false
37e47d6aca56119d,false
47cbfe86e125251b,false
0ba076a312a5cbf0,false
5244c6b38b40636c,false
bc15d95c185c5767,true
1fea17361bb1bf4f,false
8f1f7bfd89bf9662,false
230823fd7fdcb3ae,false
33b3892dfa151631,false
b5a294420902e778,false
7c3162d41a5fc08c,false
6c99047d71877204,false
29c28bf16354255e,false
0746e1558d785272,true
1aa4db71d4050e9c,false
66e360f7c08ab1d7,false
11b62a093e5a890b,false
451e19cffd4f8a54,false
ae87216c436bebf4,false
63287c3fb9bb2025,false
40f76224e9b44441,false
6b66b08e5bf14537,false
2c90274e78ad5ecd,false
4fbde41625d94b06,false
7d56528a434b3668,true
72ff1539ecd28cf8,false
2e498a378c9beee4,false
5bdf3f1e52723c38,false
6723bb27b0fc95ab,false
43fa8bfe5a66e21b,false
5cf56f17c0f00ebc,false
19160888b83b62e7,false
6a03b1cbf99e0115,false
0330e4bfbd68d201,false
36d07e231bd3ab80,false
8b627dfe01676825,false
087ab9e8ec34ae68,false
2d0f4f279ffb2a7b,false
953ce44fb4f5ffd1,true
8216f2bddd52e809,false
45fdc57b0ff76495,false
72b5dabc7e6a9ec8,false
b32b014010000fac,false
510ca3f5981e6257,false
7ba83d6d775cb300,false
06a7316dbd1fbcd5,false
1645117c714a15a5,false
6d67f54f1d002058,false
c46b749ae874e65e,true
ccded256fd574ab8,false
66bfce73f37cc6eb,false
0d172b33c1b80974,false
b2b8f8e78fa8e3d2,false
14f69df283ecee14,false
5be1139a958ef784,true
6b2c34b6f3b81698,false
ac4604d5c7afdd2a,true
8ecc26c9d1e51104,true
034719be18cc000d,false
1699febe70a63980,false
7ff9782badfd1b56,false
70ba27cf365891b6,false
0097299d376ffc77,false
01a18c199ee8305f,false
524e074c9de9b0dd,true
25d19399478ad715,false
6c22ceb06d0caff9,false
3d959a01db3cf05f,false
1632231a431326e1,false
770a903d86f48422,false
237407ddd8152b30,false
d8798f7370d9a229,false
36e0f8aea95bcbc5,false
75f7bcdcb4977b30,false
0bb1f593cd05d4d0,false
19128b2481ae04f9,false
19a28e9da9f22212,true
561201048df935b8,false
20270d01b1e10d93,false
ef09018d6b683db1,false
2c72d58cdcd5ad30,false
b6d9414836895b3e,false
52a494360b645b37,false
c1a5dfb4bcdab3a7,true
c4bffc4152fc253a,false
669a138df21ef7cb,false
66b88c186cbfe73d,true
3f288cd00e4379fd,false
2d8173e3d38ccf96,false
60df6b4bfe357978,false
faf5fccf0d1bf1ce,false
554692e767c7e180,false
68ef92217aab9e8f,false
c12aec11bbd5de7c,false
50fee0f71129ac51,false
6940895b9dc41d98,false
531f19aff2d56b0f,false
47971522266e77b5,false
52ba2d69e5f68ba1,false
4b3d1a709c0b4d28,false
6c2d1befa51f5638,false
18221d1d279ace90,false
6060b579ab88f975,false
3ffe5247b9d6ad5e,false
df85494527b7106e,false
94885b5b89799dee,false
3034952cd73282aa,false
4091d3f468f4899a,false
6ea56be72503d2b6,false
b024da36a959b1e2,true
51a9faa62d74625b,false
086d33c4713e8b7f,true
393d6bbb6c7030fa,false
149699b703f414b3,false
22320129cb345b6b,false
01ce128c8ae8e382,false
5863af27c398e4e4,false
9903142a292935a1,false
192c88e414ea887a,false
c2f3dc1f3c73c602,false
22185dfb3a7f3f02,false
49236aea7f7d0372,false
240610fdcc19576e,false
42228f0d8b8a4e32,false
3571a5098c53f75f,false
3d395a565beae2d7,false
48adf99713eddb29,false
016d9f7ff616e1b2,true
52a04866f12b6ff2,true
59279f6a354aaa55,false
2b21b7754550bb93,false
18c510b6310c2ebd,false
0931090c6e082b18,false
65eeeaeec4c73649,false
16aa5f2b14b3fb3c,false
38fbf6578a2e6971,false
7aad18b57a930ddd,false
7aaeb19d8a760654,false
0b625598ba95c0cd,false
18f2b4378f163ec9,false
27d1c8edb69b33f1,false
980cd33f883d7dea,false
6af343b5b32e8e77,false
153ace1648c79658,false
00709dc611373104,true
1e568f7b68005559,false
017609e2df604449,false
bf050a79f703b410,false
201d8e53fcfddc23,false
08ac69463a9761ba,false
893db961088d401b,false
3e0243dd85a62921,false
6a9df84b6663070f,false
1484a01c8f26ad28,false
5712a765542b0166,false
679e5992cfb7e146,false
690313e45f303543,false
0b1b69355766a5f3,false
65488ed1b2bf007c,false
3888e1a718ec0722,false
4c5b996045036441,false
d586a1254e8d52c1,false
957e0146675ab512,true
6270fb0c966615d1,false
275a44b533f3ab65,false
b33a9ef4db9407c1,true
02c084a8ba5dfa2d,false
3e97161b99909ff9,false
4c2a0580e148633f,false
7053638bf3c0cbcf,false
7b3f8d2b86e811a3,false
ae3093c5a3317a96,false
535c8f0108ba859a,false
22703dd18dfe2ec4,false
61cfc830bf781404,true
64cf56bfe7b8da6c,false
e664e8a0144ddb79,true
5b4dcaa5194bac81,false
6edfd41dec5c002e,false
78e96020d15962d3,false
93301191cb7ce2da,true
7bae966cbf627fc4,false
0bd867a31cc87170,true
1ca3e97cd2095d67,false
5ff83c99c85c5d60,false
41b3e480d023150b,true
a55db53829b1e225,false
4a576828878f85cc,false
20ed6a60bc2855c9,false
3709c5322f54f387,true
465e15484416f7fa,false
22bcbfe719ca61fc,false
507c7e73b6365d26,false
19021921db022f1f,true
753ad89be32ea59a,false
0a76fc090d48c839,false
74a8a314df97bf3e,false
6cbd7209363674bf,true
53144aaefeb2bc50,false
3ceb30f7d10e3b80,true
34433aaac300e3c1,false
1d8b4c978d0bcb81,false
2840f9ec8315067e,false
6533605b68ba847d,false
04db434115d849ec,false
de89d734f51fb754,false
6fd5941e0e151360,false
3032fef67806cec1,false
902f0330f4134d4e,false
44e97f27afe19345,false
2f3f344cae7047cc,false
33f3a33768ed1d01,false
0ccbda6587477f8c,true
54cdfec21ed745de,false
05494c025ea24b1a,false
4f6bffdbf36edcff,false
4f09eec584703179,false
6699d2aad7b6be4c,true
125be3b17cf431ec,false
1bf08b85d5c64d0c,false
4d74d2d353df61fb,false
77dc6aaff7c80504,false
a650ff753031d24e,false
13a5cfd3d2925802,false
b189f777ab526ab2,false
1c16547ae0554f5e,false
b8726c9c76fddf7b,true
216b89ac96f7e044,false
dab2274044c1bf5e,false
11fbd21793d813f8,false
2fe59f7ed580f318,false
35dcf4f8afe4de10,false
2e8816f5251e5022,false
6c9f37b77217fe70,false
3e0f7746c434101d,false
31301bc4ebad1f26,false
46030003118d2d7f,false
224756d09956b807,false
66dc1c5a6a231023,false
7d2cbfe876cf106c,false
3ab4aa6eed2d0c96,false
30df139249ff9f22,false
79162281b9ac1676,false
b2feb35b47f86e12,false
4129c103df204efb,false
8fde81c43ec810c9,false
5581e9d26509a072,false
79df1d3af5a35197,false
229354943f22ddc9,true
7821cb4f8f5ce134,false
0f331cb1b6cd1cba,false
200d2ee25c533953,false
f4c532b5cff936b9,false
2cbd7208aad5fd52,false
8ecce23e2db2a16d,true
30f8c41f9828fdb4,false
3809cc0dd7399a59,false
3d94d83406bc7c28,false
2b397c3ec3c637d1,false
1ed57bb2a3f604c0,false
037624b42df5e190,false
2d8a5e74a103e871,false
333b283368aa8679,false
401df9f07c0f4690,false
56e1312e134d522b,true
161a89cf363c205f,true
51840774cf973ec9,false
7865548d9f16b59c,false
6918cb1036710e79,false
6c3620f92a4384b9,false
3842e84c0fa18766,false
332d93234d388dbf,false
f0c419df0545928b,false
770bd0f81b7ad845,false
1dd217c69e4277d2,false
5a87c581ceaf613a,false
703b2c68c11f5f6b,false
5ce96bd683a922b3,false
87998082e4a33974,false
5c6baeda192d391d,false
3dc0c285b0a845e5,false
10711a1c45be1dad,false
75f16aebd32859e8,false
276385ed3989cd26,false
137f9f81de7c8ac9,false
38592741a976737e,false
8bebd80d86fb2198,false
4ae190438628404a,false
b03ca19573a23e23,false
7508e2b482a4d2d4,false
136a2db9ab1a6a3c,true
040f04df73a0f8ca,false
00d28c134e945eea,false
576b5490a883cb20,false
e25fb31c953108be,false
70f9effe1b839b2d,false
ba3bc10253bc9380,true
2050fcf76b3764cd,false
3cf31502ac1e1d4d,false
1939389c6b4311bf,false
3b65cb2fcb820a44,false
7d28cd858f9de551,false
0d1514296b6c51e7,false
451c05536b9ee1aa,false
692ee578af223a6e,true
2aedbedc6d86379b,false
10f653ee37bf6cf6,false
df6966fd1bc3626b,false
60d7db70b3ca4606,false
158d2ffeacece39c,false
35e46940e5e7b4b0,false
4e5cf0a7228eaa7f,false
565fa755fdd66785,false
b16f8b48ae278e31,false
756c7063e1d46bc3,false
2ae6e0a9d6e718e2,false
574dd1d00ee5804e,false
e9cfb8bf46360215,false
540ad4e02d266a91,false
1a453f7206fcdd7a,false
fe5b1f230d58e397,false
2be4cd167293a478,false
2d7b0230f5427ebb,false
68a566d0c7adbaf7,false
0b0931ef34616a35,false
34114bf9086678ba,false
9d86aa106213b422,false
e27f5025d7c01592,false
39bc7cdb2b2bdf3a,false
7e81b14327bcbf00,true
7923437e35b70ccd,false
531f61398091a7d9,false
38c976ce81dedabf,false
395cef39aeac745a,false
66a148a97bd6dcc9,false
e5cde47922fcd1f8,true
542ca6cb6a9cf4c0,false
fb9b86a06f6ddfd7,false
395a4dc1e3aca201,false
fe92d757786593a2,false
5891dd0eb07dff66,false
37dd2dcf854d6418,false
9f5610ee0ec3025a,false
2a106a614b0916af,true
59361bf2cc6d78b3,false
3801cc036448c296,false
10381c4a6128cb73,false
50984b9ee425617f,false
5307e3d200f34a05,false
61236d14b10f5baa,false
50838713360dfb17,false
4984c2e2fa32283f,false
7fde897472bf4d6c,false
9294d69c1f0c3244,false
472d447f8cada178,true
2f0ddf5cdc0a4f90,false
4c9059ae47a9e3b8,false
074a63f52b04e36c,false
4062b9f62b973ebc,false
a14beb70c99d1502,false
417c56354ec5a50c,false
23169ebda5fd65ba,false
83cf945da8933edb,false
b30ecfcef91fe097,false
258843be23c81a4a,false
30bb41ee60d4d0a6,true
33ced6186b4ffe67,false
6dddcad2b5fcc9df,false
2cae4bfde2e12479,false
179da0cb29e22f4a,false
3d15bde7cf605cdf,false
2031662f8096ed57,false
03a4b8916d580712,false
7e604b71a52e27d7,false
8563cd8e4ef750d4,false
781e482bd53fb9c3,false
ba7d53781ebeb971,false
27dbb653b6d82d81,false
58d066ef60acac5f,false
25f7e76ba89bea22,false
5b5f77c6c99d1439,false
217f698ee4f21936,false
41f349a5a9b2afbe,false
6239120b3b4545ec,false
5f302197c51c1276,true
24f37c711a284126,false
ee8083fd66d2b6cb,false
36ace0bca5f29461,false
02e197d5c3129786,false
1f1074d76efcf2af,false
d08a0192e63140ee,true
682ad272c3e7f94e,false
0c640f92a0c7d8ee,false
372d4fcdf17a01c3,false
32e1e30d5b0fcb33,false
509331215f332836,false
e4be9a40c8ea43c0,true
7aecd37526bf4ba6,false
474c68c95d09dd21,false
3dc56f92b6e45de5,false
1cca51fa65e07e33,false
b6b6362207e8955c,true
300bef50a7f1ea42,false
044a16d0f7fd1c9d,false
bd92a385aa58d754,false
28a47468e8d3e84e,false
445434bb22c12c9b,false
3e8111012dcb47fd,false
0296d10541a6075d,false
906d1e2342fd1136,false
22ada2867f44d856,false
2a76689f73c52a40,false
73463990775d6cbb,false
2bf93ea6b117bf4a,false
738c46edf1e16dc7,false
f20e9686fe0647a6,false
6792b797a06ca69f,false
316d8b86f232f275,false
c6388d20be65032f,false
6bb586247f33fb16,false
506e42f82a0d2daf,false
1733b91f1f54ea1e,false
7ff4c43c4e2543d0,false
7999c85da11d53a6,false
d0c2dff09e70292b,true
679cc28a3b736e52,false
c0bebc54091db586,false
209bac40ddb21db9,false
0a60f1e38746b4cd,false
3cbf25762784189c,false
581cfdeeb59f7461,false
210ec4d6e4c00cc5,false
73438b65f45f0225,false
1e5de7594ffd5a31,false
669322f786de6450,false
076d939935a9e5ad,false
0dc6e1bad1c8c6b4,false
0ca00c2e5c9ff0f4,false
96f0f58f48ac8cbb,false
3d69551ea1bde086,false
0c2c8e02622e9ed3,false
3335b7694827b47c,false
d2c5b83c55aef152,false
692ae56e58f80ae7,false
7380ad9259eb8270,false
27eed58dbac4a672,false
4dd38c44480773d5,false
1ccb15ad3e5d82fa,false
09c27a1edea1c7bd,false
6c24ccb375dc2373,false
2588c459bc1bccf1,false
5f5028a178c5e8cf,false
322bc550db7043f0,false
50fc52e284ae1edc,true
03f60d68508eddca,false
36909e4a0ec1ac6b,false
b2dcdca61b351d8f,false
1127b98c767951ed,false
7dd02bfc602f79e6,false
055b818cf594de4a,false
4525c4d664fe612d,false
6eacbac0472978e6,false
81018a05f1f7e324,false
50cf4f9613d60147,false
32f7b28131ecb599,false
6610a8db114f4567,false
7eccb0a4523f8f20,false
04f35429e0bb408c,false
3e91d8c5df24b67b,false
4ad9aba298368195,false
658a5e44be0cad1c,false
7c744229528d599c,false
36855b85d427c9e7,false
08421f185d691f60,false
229a1e79b5bac235,true
46621400e477f928,false
7a633a182a541494,false
5f0e6b47e5bf82ea,false
95927fbd81afea10,false
57964c5596402d47,false
5251ff57ddefe45b,false
20f6d882025d3440,false
13b1708b9560413e,false
19ca6884b9715140,false
69e3a3faad8e6086,false
1a89d37a6c789589,false
2a14b0b1b11b52ee,false
0dc5e7583bd09402,false
6a709df8059ca063,false
3af9809841e4f00a,false
6da360f45a92ec36,false
a496246f30eff984,false
6c0f33ecca27e18f,false
d78505a986a165c8,false
7af9e4b001bfcd34,true
0288d83a7bfaf37e,false
743d2d207d458df7,false
91313a77d35d8721,false
ce1459ac0329a3a3,true
d96470ae890cfea4,false
4787d03a573ebfed,false
6e276a3cf316d285,false
ccbe133cb3d1159b,false
2a2b215aaf1402d5,false
2c5cdbcf0ced7a2c,true
7139c98a4165290d,false
3604f5ccf28a56df,false
4a3781bdff52d16a,false
36a60738cf0b3dbe,false
64c2ac0ba4a37b86,false
1e34a6bfb74d8032,false
5c37fb94574a83b0,false
32098d86a45fa663,false
529baef7e53d703f,false
e33e21a89107e7a8,false
d176889bb6c05d54,true
bb190b11397ad4fa,false
ffc49066e050fa10,false
55856ab4d38ca35b,false
a97b06ec09a9bc19,false
7573cf95dbf3cd8b,true
0cfe4401568e8786,false
183085123ce55748,false
3d039dfe2dc41e03,true
e0493a427a3a59e0,false
73106ab665168fc4,false
72e08c79156d32da,false
273fb086b11449a2,false
641edd744a590a08,false
cce29bf9572fa1ed,false
7719fec0a42649fd,false
6ca87c758101561b,false
1f8ea680310205a3,false
6a791ddee0004871,false
7c3174befdc0ff72,false
72e66d2088b82095,false
4c61535c3924d311,false
2e4849b47228d994,false
3b33ebc078a22f6b,false
1f186fe078bb5f2e,false
55155a0ca5e83257,false
c1801d7a8b9d8835,false
085e57a2612805e3,false
08418d53430beb11,false
13ea5b151deaec05,false
6e5b7412f2f36f1e,false
4861748f6cf439bf,false
6dd00a75fe749c52,false
425c977c68ee80d4,false
273050290ebfa43e,false
639c0a167f1f865b,false
33b98bb4af311785,false
4ef92383559c87a6,false
3ab77f58a6fa3685,false
3033f5e6bb285baa,false
488be4c0f220a816,false
7c7e22154e1d6e63,false
3bb39a96ade3bb9d,false
45e373de804a0f99,false
60e7f604a035dbc7,false
7bffac04811948c4,false
09024317d572875b,false
7b6f41e9aab765d7,true
0e9ae88d48a7e103,false
0e1d18f322c5b8b3,false
597daae2a9a9a1cd,false
f9294fd72d0cad95,false
457f15e8294d707b,false
17f4a197e8c98c7f,false
c05ae180d39d6f7c,false
c260bc864be3b599,false
0aabb18ae34b3f43,false
0a2aed32e48290de,false
ba3f2ca3cd3fd392,true
6ae808bfe795afc9,false
1b0cb0083c9cda60,false
5f898135b08898d0,false
7c3047b320e4303a,false
38f921a7b3e19c86,false
5dba4a35ec391192,true
5a248408a76778ab,false
50328c8865b2b91e,false
6f64edb67827f1db,false
4fc25f6ad9ba31a4,false
43d96bb5f64b9af6,true
25c974604f419faf,false
a6f3562af59ffe3c,false
58f0aef88fd637b2,false
2295290fb96fc165,false
f72e83ca9a4374f9,false
9d6e946b454b563e,false
7eea8e091cafa899,false
b4c509bcf54e9881,true
530e9f8ad7f85c50,false
59700961e4e43740,false
2ddb75cbf43c292b,false
387713f9988c1189,false
857838a6638e5edb,false
015008d0b640d68f,false
3a60c54917cd55a5,false
36929ece2d7e1cda,false
5582c275749c2512,false
105062e4b3cb143f,false
4ab71d19fc4873b5,false
0691e8c032c383a4,false
362e8aa0ecb522df,false
e64d6bf2559a4099,false
7c4e73146eb6592c,false
5ba5e158e1daadc2,false
272c846a4333fc2f,false
16564eb2af73eb31,true
72140ed4b4458d43,false
002e5156deda7863,false
3aa4988e4ad5ac96,false
8f1f358a874cebc4,false
210a7e0b71037304,true
42bf13c1a6610422,false
63ed1e8675464d1f,false
8725fe878f22bfa6,false
3b5d66e3396244e0,false
cfd103bd319d4192,true
05beb190fba0dbf5,false
24221c5193c4f386,false
00c1e0cb966be256,false
1a482c19c49ade63,false
392ef5aca24d94c2,true
2c2b439226f8e561,false
f79d904ef283d35c,false
7bfc4536e5cf60ef,true
180d6ab26b5a30b8,false
5d9c8d8c33aeac38,false
3349768bd245c23c,false
0225cb604c3aa50d,false
c92ffdad4cf54df6,false
f5ee5bce21ba6494,false
6a244b68dabbb0e1,false
521de2a8584556ee,false
6ed24f3fae2f1de2,false
4771c6c8cad4f4fd,false
219412785bd0152d,false
15f4c3074860e186,false
76fa15b7916e9452,false
260375d4d7791a03,false
4afc986f3d1bd4bf,false
727173c827b19ec6,false
16214acc92c8e6d7,false
bf61d5abddf572fb,false
273932b3a4cd1a27,false
0993d59a10c8baf1,false
0a3525ad81a3509a,false
7cc55295bcc872cb,false
02c4d472adf2d42e,false
db871c0d5f0a1308,false
417340be98092831,true
32b77fcc3f0a4803,false
dbf3cbda5854f46a,false
13b7efc0f68aa074,false
0500b857aa00069d,false
56fc24103e7213a1,false
139e4d5b1e3d09dd,false
43f12c697eac2a23,false
957218a15560ed83,false
adf88bce34951490,false
7a1e380361edbce9,false
5602423635f7a679,false
784b2566fed87885,false
268680193ef12b9a,false
49f51faa5c999831,false
5c53efe2fde66885,false
44d11fde38684aed,false
7c46c6ba5710f3c7,false
64aa0ec7babffcc3,false
d6ce5b4b0ed0f2e2,false
7fa460dd708df347,false
1b75cf7dbc8016a6,true
78b2da0db31774ee,false
67177a4eb71847ec,false
416833c1312991f8,false
1bad728892109306,false
3078c64385f01419,false
28a644fe79ddd940,false
85f741105387e5e6,false
71ea3cd3f14dc469,false
cb8ec6f9347bceea,false
7159f61375e41ac4,true
778df0027f04befa,false
52dbf75f8313cfcc,false
72b35aaa3375337b,true
5a389ef4731286aa,false
3eee0c23258de7e5,false
24be17acbd59a997,false
4b6837f8baba8640,false
3cac77dc598c1172,false
0d1f784bb4428d6c,false
00e2103bd3d0f43e,false
1138c67e6139a5e4,false
5611d6fd00f3d980,false
d8e6e27e820a8406,false
721fd0aec4af3c45,false
10113f253bdc4b53,false
7c3c578581ad38e7,false
33a74eb3bba38990,false
d3803fc9c90325f3,false
c43370519d0f2808,false
1867fe9c7bc3e4da,false
64f901d984a6f5c0,false
731aae6e8ea8d2fa,false
4f4ece1bc209a572,true
69a771bb71745d78,false
9b8623cc8e0a775b,false
1a5c5649ff0eb654,false
6f5c87c65c700e15,false
7f74f45629da107e,false
5aff2d8fd5c4058a,false
7883f8bf40ee77ab,false
998d8cc054ed2147,false
58929dc198fa9ee5,false
3dac054d05dfe7f0,false
6acdbec2c5686612,false
177f2ba668aadb53,false
2e681e738c4e528f,false
22318dbe535c24d6,false
7b7855debeaa85e7,false
7852c4b5e7b674a5,false
1123cc72f8b24ac7,false
d62331f7050c040f,false
251264450218e130,false
da410006b70700a9,false
5ebf52a0fea00ef9,false
59ebcf8ea5793f65,false
54aadd7a3d64a6bd,false
c335f908b41a96db,false
e5fe4d76dd19d647,false
1726bc34f696adac,false
0cb335c32ba9b425,false
294e5471a75fc9f7,false
a47adaeea63fc2b5,false
417f0feb6020c3ce,false
f211950b7e9ead8d,true
94601a253dd0a235,true
4077a2e01146884f,true
71bc853797eb11e7,false
4ecd3bf9edc72a0a,false
85cebc4ee94b4b66,false
2a61ff89eae14e88,true
45e3ef81dc696cfd,false
8cd20b87b3a27e2d,false
7405130a40fc884c,false
59d41d02e57d4ae2,false
7cfda77ad2c973da,false
319f3cffd0e7b7ed,false
634cb924d8555678,false
47ea0ccdcb7d12a7,false
734c5031d9c930eb,false
ed9e1ef05817017f,true
074be95a5a1f36cc,false
fdf2724f330ae6d3,false
37cc14aa11962ae8,false
3fd03f81bd858954,false
0b28398f3ad079bc,false
6b9f61e95284ee0c,false
2813064722273c06,false
5c9ce90bbc97147c,false
c083e355fd3eb1b8,false
4d8edefd48fc8548,false
62c3c170538c29b6,false
b223532806e89694,false
49b0ac0f882bc944,false
7a33b1356cdfd46d,false
e54748cee1295989,true
27903f6f6011b372,true
1ff1c6b3daa79f99,false
3a9f34a404bb244e,false
1017177e81c15762,false
2555c6f4ead9674e,false
56b79b44eac98815,false
75ab9aca8d384d07,false
6d4b9df08e40fade,false
243360856ceeb116,true
44ba4bf870afd827,false
3a933767b66e650a,false
3e5c97ea535c4b78,true
ba12ac02628e6177,true
c3d6e014342d24c9,true
140b08d2001dae42,false
291eb35868b3d0e8,false
6657b548b341e360,false
1735f493844927fb,false
74a9d4e97505919a,false
d6aa1ccf29229d8d,false
5db948b3e6e7ac24,false
59313502860c7fcd,false
450019a1861d7770,true
1a0b84c9b045f3c7,false
6dd1d7a97b639620,false
580f237e755b59a3,false
20051c8d6160e8af,false
52dd77fec808fdd4,true
5e31d88fe0451eb2,false
3324d7cc02226e6b,false
adebfe68fd623578,false
09ce1eadb59eaa7a,false
3f89e77cf18bdc7a,false
d20e1366a5425275,false
a9cec9c2c5d48163,true
71327039e2f14a02,false
5d17b63dea38e0b4,false
7a6a13243030ef25,false
aa5360d9bc18ff43,false
6e8d097a08a1960b,false
21293bbab324e0ff,false
b9a9bffeadd88a7c,false
39d3aabe74272cd9,false
b1b19e34e93912e6,false
4073a003451c7a60,true
5a63b5e020cc7872,false
169ba95425d8b7fc,false
35fa86105abb2fb0,false
22ac60e6c3cc55ba,false
28ae7f21548f2e0f,false
0fcdc093d40bb693,false
1c39700b114fec9e,false
34c864a6021a2825,false
6b1c4e6c4f70f906,false
1b952697cfeb420a,false
648f6430dd0e8710,false
12e28aa2fb0e9615,false
402b1ca9f4d9d783,false
4e4d1b79361e5f63,false
4e448e40f636fe45,false
1d7b3b1024c54a5b,false
34ed0eb9c9555ceb,false
6a5083d083a5102d,false
05d7a15d444af988,false
4b9cfd98ded668dd,false
2d6bfa2223eb8475,false
286b86408ac3798f,false
51b41fc292c9b974,false
f6283ce2cf228291,true
f52f6534d1afdcba,false
50e28f88e57b434e,false
5fdf1ac9a9f05222,false
1f8038bc48d12d85,true
65d5e6063bfd2bd9,false
7eee7077ccd07eed,false
774ec4f98bf752e4,false
fe13d1071a9599a7,false
3099039a667089b9,false
71ebfaab609a89ac,false
7e59ab59a375ade9,false
87ab00156c4221ca,false
30ca77b05fbb64af,false
7d5e8496cca8f25c,false
05fb347a6256f710,false
2aed5f94cb66da9e,false
4223100acd470da6,false
e1b58c47cc94970b,true
36c9092452920ac3,false
71bc0ad67810ecc0,false
3ed871c608374d93,true
c8b0a6902fab2cc9,false
2502ca7504da389f,false
1b09ed77aa4fa769,false
0d5112ef627b4b58,false
9d97e7a09722e130,true
674e3c739b7610e5,false
d4e4cd3671671e63,true
13b2bf16f648396d,false
3b50ff97294d4ca0,false
0c1ec7d14c6ab3c7,false
2e6891068ffb4f6c,false
5f0c69a70cd2c8b1,false
3dd8ee1b9caad062,false
cd5c6ad45cede621,false
386234ce4c486c5b,false
43dd213901f62722,false
d71dc6b7c24d9a67,false
b484e90d15227e3f,false
3149949a57b1be6c,false
22f71fb1433c3e48,false
18b66162cfd2b828,false
5f648e2aaddbaace,false
2179fe59526c9241,false
0cd6b4b85dfdbb8e,true
78818b14ff342a56,true
1cd2fd688abd18e2,false
7a8082018aeabcbb,false
6dcaf1d1d7f2ec1e,false
139cfa33c3832870,false
d4214dde8b15d2d0,false
7a1924102a869f2b,false
395c48bd615a9d99,false
45837114024350d0,false
72516ec2ede52fef,false
52cfe50b071dc24b,true
02cd44986f1be553,false
41484c0e955a372e,false
36e6daa29212fe65,false
7a86d8541fe8f90c,false
5504dded2aab02a7,false
41fe9659e833adf7,false
057390251c22343d,false
d1803763c953520a,false
1ad8ff1f0d6afe37,false
7e6fb9234994ae8a,false
2be87b725691db29,false
3116a1b6ef306c9d,false
4dc384279156509f,false
72ea5ac81f197724,true
ad8ee9ef6e488435,true
5b4933680943ad3a,false
45c80949ac54edc7,false
39499d099bf4d4f7,false
71770c8ba00b15c9,false
035ef8b900a29023,false
052e14ded6f70689,false
cac27f028014f2a4,false
306602c6dc3a964c,false
f45851e91596782f,true
8c8f343e881d7ddf,false
228d866449705a55,false
960092baa0c2833a,false
3e1fb6765d21d344,false
777286a84f5f48be,false
3cb4d8e9d89e2b46,false
b9cc97c1618ff2b3,false
194d2202662f8fea,false
72a56dd6d912b9cc,false
3bb6572ab00c5613,false
9b6ba49d2a4e8ac6,false
05e278b83b60d0f9,false
4c80bbe9201f0d62,false
64dd9a007a024006,false
6a4614d2ec26ec86,false
3c1fa10bbb662d03,false
4177c9b1eda0e520,false
5e5588c2f2a55e4d,false
19ddc4e767f05d4f,false
3c9752dbe65fe78f,false
3e9c7d58da73d30f,false
06f1cd98675f18e5,false
59c03a0e84409032,false
3f444f932c0d6edb,false
3475e2e97b1b06fa,true
4023521e6e5ac7f9,false
57ac68dc6648d9e5,false
57649dbf8f794be2,false
01942e70bf948c75,false
5a208110a9e07f14,false
7e4f0f83dda67fb8,false
626f52ba1df897ab,false
6bbc28059472b9b5,false
b1e2fc476b0d9365,false
70d25d604065fbeb,false
013b7fe1a04cbd8f,false
7df49e71c71800b8,false
381194e33a8227b3,false
68be0a4f951a667c,false
851d62999a9c696b,false
eb52731128a19586,false
2257d482e0712622,false
7398866fe1ec4b2d,false
f9a649ff6ee3a7e9,false
64d6782376471b49,false
7214ec1d8c2be21e,false
2c9462b56676d0f5,false
04d678ee2c4bf860,false
94132163bbd8d6b4,false
0b1dac05110d9cfb,false
3346e0aa3efb2f31,false
4cb9029c3ad71cd5,false
6140d930b3f642ac,false
3411c5cd84974b0d,false
87eaaa895ab8e59a,false
7bf7b027908a0d41,false
19310f386923509a,false
5af47ab2101f2c43,true
5a740b388ea031f0,false
16b0512a05dac304,false
5eaaa3095025d5c0,false
78ca12d56721188b,false
4329dd31aa7641e2,false
4f56b32a0e0bec76,false
bf166eadbf13b561,true
232b18ef752c1a8a,false
c61e587b9f62e8cc,false
4cbab1c2aaf703ae,false
8f283ceeaad9234f,false
f6e7595ebac19702,false
5330b920b4433982,false
30ed779fa2fd305d,false
1961e0a42498dcab,false
3e47e2443a796703,false
10d8fed9a8ccd521,false
16e6e8235772b148,false
3b948bae25afb50f,false
7f3f70248743287c,false
0616292552146619,false
b532e09143f289cc,true
559d63bd7c490198,false
618b4af197f59412,false
0ca5fe1abbc11c85,false
0c82556ad087995d,false
614b288b1f6530e8,false
dc878307682970e5,false
a2e9b6b1b9067385,false
34fc7d9e256b90bf,false
6cf2ded30bffb4dc,false
6669956ec44f11a8,false
6380d4c9a975f60d,false
ea669187ad9c9aa7,true
67d079ec63e02f07,false
411c72902fb7abb1,false
2e8886e71568d709,false
d1cc83ebce09e422,false
ad3a336c9b5d2417,false
c3ddd43a74ab937c,false
67e6e255f6853b4e,false
e88d68146ca2ea85,false
9620ff15228c034c,false
7997ed6ede00d906,false
c89db2c74a00eefb,false
61b76cc774f9b25e,false
2201d097c792aee3,false
40386834139ae697,false
1918fd5efe8795ab,false
03761d7113e654b9,false
667674e26c2cc000,false
2260947568bc03dd,false
338ce03cf993843d,false
eae8faebe66863ef,false
29a283c4c788f383,false
37f37624c4fabbee,false
66b5ceb230fca351,false
2f13be07862f2e2f,false
ba57fa85935b0842,true
655aca76de7389f4,false
2b20e4db9983016b,false
7d60ef1718119ece,false
8c1dc6b432a77051,false
730a8debef7f9c4d,false
9121345b030a9a66,false
638f2b7aa9252b5c,false
2ecb12b44db1fa0b,false
318ca0d47853da2b,false
3f82b34bcd86a189,false
94dd36cfcb9ab4ba,false
cc63c3bc4456d5b9,false
f58f93352bf628b1,false
55b6eebd361d8ea8,false
664defaf9fb6fd2c,true
6dcd7fd88f74efa2,false
4b84b9af535eb516,false
6a51693e1d60342b,false
3c3937f9a3807d5c,false
5d7c0f875e299d10,false
4b6ee2a1e00e379e,false
bb58680b19edcec6,false
57d524a3210eee27,false
5b09b07cef45288d,false
b442313888d285c2,false
58624f80fd4ee9be,false
3cad039955726bd9,false
af33439e94ccf401,true
435bf836b63586b9,false
3120c4ce474a181a,false
5b595224cc30bd83,false
cb007063a0adcc1a,false
44ec73db284ffb14,false
4bf4c076d7adc66e,false
8c0555ac6ef35eca,false
c999255d96f9e901,false
79989de9d9be506b,false
529d58df17e09b4f,false
259409e12a515d93,false
1d302672382b2825,false
4d3a3ae352f53a4f,false
7d610de8e86acb22,false
ae8531bc8d1e4991,false
1e3032796b6e7887,true
157deda9ae64f362,false
4e00665b016bc46c,false
52a892be4a6562d4,false
1e37214a6fac974a,false
4db90909303613e1,false
531b57ab5440df56,false
5e76040994d522da,false
b3beb67b5ca3368f,false
2c1c80d82c554383,false
4f502531125892ea,false
52b7aa2b93c5a07f,false
631429bd9268c963,false
d94e599f6e17eb42,false
8b6f5a15b7894cb3,false
4f0522a620b6b10c,false
2673d879dce5b1f9,false
202811aef2afd2be,false
cd947c51b5679c1e,true
03870281f77ef101,false
d0a4eccf49b3aa21,false
0167843ca2990f96,false
3b89510af8c60126,false
1d55032f5ffa76ed,true
728312f8eb5a532e,true
6a43724e25f60a0e,true
1ef0f4092d2411ca,false
598d611ff02a28cc,false
7957f3c73d0aeb66,false
d21e001c533a43c0,false
57c6a0d6d7a2de84,false
036726afe37d786e,false
69376a8a446006ef,false
752832c980851e89,false
0c322c8cd8c0ad2f,false
3781384b59d91ac8,false
1de4ce04461b7234,false
7f6bc3720c2f81a5,false
40901bfb28706cae,false
7509ead9cbddf896,false
21d72dda7538bd4f,false
610db8df67639e24,false
783ec62f9fffd05b,false
3b3544b86484b697,false
3dfa54b7784d7690,false
e8cb19e1bd1fcb3d,false
4ff57c914e7b844e,false
daef7665975436bf,false
198eb8c1938e905b,false
2c7bb53d87abdd9b,true
549c706d2b3684fd,false
216a181e83d279e7,false
430865f7a2e64058,false
84ddba68c692e9aa,false
57ebce3ef0117a49,false
1ff3c8f5cb528a5b,false
7b4f7687c212700b,false
8f0168862dd3f2ff,false
8e7df3177c1cdbac,false
6f35aa1d971f2a70,false
0bb9cec438ec94dc,true
3053407d155defbc,false
6b3fce03068c4f64,false
62f315f7f6b475cd,false
0f3d6acf0e503ae7,false
cb7bb355d3a82ac0,false
2eeff1d1ddab3582,false
19961d52249693d0,false
2987fe0ad4d62baf,false
45a64e38779140c3,false
6fec504e8f591a4b,false
82d83e8211895cc2,true
6b0bbfb507458cf4,false
9891b77387208e0d,true
0e0ead3a614dec11,false
22e717c54e1da76d,false
7df82772c91e808b,false
24e8229469b129c8,false
fde73d1f40e41b04,false
6853414d795e7e7c,false
3aaf7b31d1f5bd79,false
0467dbc61d9552ec,false
6547def95dfcbf8b,false
28165eab8ea3c78b,false
3e4d696880250cf4,false
ce122ca7daaf2987,false
354cd353021bcfcb,false
70638eb348c3f203,false
1e1404d6ae1e6e14,false
89cdece897db9bbf,false
5ab06dadab0f9ccf,false
3788d3e438ac5bfd,false
e38de9cc8390006b,false
42a85e3d75c49403,false
2df2b90a329a7e47,false
263dce689014242a,false
0747fa33015d06c4,false
edc947aa611163c4,false
5ac2111a9fc055aa,false
637c4390185cf128,false
1e8c413688fab831,false
71463116d2296bc9,false
1a66dc78378c3a28,false
1267e2eb701796d2,false
364e3dc2beec410d,false
25897862e913c6e3,false
0e1972411d0e4cf0,false
753f929bba79179f,false
215cce065a842c5a,false
18201db8192d8836,false
92823349a104542f,true
491c689eb56ea246,true
6a0725a8e95ca3b5,false
27408fae4fd3d15f,true
121647a91748a481,false
6ce9f795b5380c4b,false
19e9cf86f3c80f1d,false
4b9107a3b328a592,false
5f4218a3c7538da0,false
04f5512434d9ee6a,false
0656041d76fc713a,false
3b801003a2286752,true
bfffcadcf89cd211,false
5443f44a7d902c67,false
a1e761ce47b0166a,false
021b18f432e4f04e,false
dfc2940044a6d0ce,false
17b7878761de3dbd,false
354f891086d6f20b,false
e28a5aff341f061c,false
40868d18d9d34a5e,false
65f6a7766a711ffb,false
15daf5e7680863b5,false
4191787a0c0c680f,false
0f9e5e078ac77434,false
424ae112844b21ce,false
037d0ebbf44a7e04,false
eb29439900485893,false
41732029e91b9cce,false
2de31e0460239734,false
3d9b306cc655962d,false
23abfed4c314b77e,false
02e283b44f57ed84,false
6f150e792eae53a9,false
68fe24c356547779,false
312d5cbe561db4f5,false
3e2fdf9ba50948ec,false
28261b96688f6a2f,false
4e57abe8bd2606cb,false
346e56dd69564a8b,false
0084db2f409bf7f8,false
08ca9b843a837a40,false
7a026359d084b21d,false
716227aa54465a81,false
d19732e4f9c8bbf8,false
13f4bb908185fe22,false
3b1b729253d09add,false
4f351cd2de44e9f7,false
1c53ab2dab7dcbdc,false
5059afdad9b42ea7,false
210f57effc839442,false
33cc7e1b3ed95e67,false
57a1d7ae64221d0b,false
66d02eb590c837b2,true
066183af5b9b9dfe,false
50b73f964484919c,false
d7c32025b8efeed7,false
2e231fc42b42e886,false
2c2ca1576924cb3e,false
50a85369bf70344b,false
2dd7bfb47410959f,false
75a086a99ce0e5e2,false
2ba01b94f5e9185d,true
7642620f37ef4c97,false
3047de8c706d3fe5,false
4e8e6433bb57151f,true
6d51104864edfffe,false
4c94567ad961f92f,false
e549bc22a065b4d1,false
1bd964de3685c771,false
516688bdb91cb8db,false
ace51c2214c671be,false
6adf52c01a5247a5,false
dc0d0dd944d10a06,true
6fcce5631e629af4,false
2bdb570de23c2a5d,false
13cd6528a296bb33,false
6674c43c1a443a80,true
2ef7df22f04cadcf,false
15f8be2d15480929,false
1b8b48d41aeb99a4,false
0254573f31dcb9af,false
5dcca055f55be178,false
23049ee6a31f51f4,false
37fdade0d50951fd,true
1a109cc676123e9b,false
2192f28af6550655,false
33369a14c794f7bf,false
f24000507acd9f27,false
cfcaa1db8f3adb98,true
32dd3001f3727bf7,true
7917bbef46d5cfb8,false
055e70012137b949,false
1e8d411eea00d305,true
079d25dd0f03ee8c,false
0f8e98c31aaca31d,false
dca782c63e9ef5d5,false
fdb2eefe83b62e9e,false
54882bee39e85b0b,false
29d5c3b78563adbc,false
6a0df02865c793a5,false
f14a6318e4e4f56f,true
f83d0f2dd723dc7c,false
4772ba95e481149b,false
191d30c93d9aea51,false
00bfb8204d67d6fa,false
1b63868403937321,false
63dd13ce2265d50c,false
8a73604b48379da6,false
e7de5cafc7bd9902,false
65358dfa148feaf0,false
5bae9248e34dab23,false
4a4391bd544b254b,false
4ca1c3d8e5486ce7,false
eb4ba5b946015956,false
0f7021046c34714f,false
783ed8772771938c,false
4e55791beeb2819d,false
4e68a4a21600d97a,false
2e6b2ed357d0d600,false
613cf4cbf34c62d2,false
6d4e6c9c2f69085e,true
3e8b8541e7b6930f,false
170e4b77a1f15747,false
545d40e9a4939731,false
eadb79c42799e9d4,false
185e92eaed76ef3e,false
793de639c0876d1c,false
1ff399ca7ab6e876,false
0dc5b344fad276e0,false
72cbf834cbc7ead2,false
72092fb3b1b12f02,false
53f12f49fea80409,false
4ed42e605dea6b22,false
ae73b9c5f4690847,false
f791372bbfb79b0a,false
e5b83d97933dc9c5,false
5bc74ca459c86662,false
339a934b300f7e5e,true
77e1de57223a4ae2,false
47d3b9036df52d95,false
461da5994a0c58cc,false
135d574edeca508e,false
1377841a6015e78e,false
5d7704b6bced6dde,false
ff4d0b96f0252b3d,false
7e4814727ecf9d81,false
6d28f7e02415cb03,false
719bcb25295f7547,false
ce507e001e14b67a,false
0c931ed18f6cbf60,false
6f6fad2b542513b8,false
06ae84000310c569,true
3bb5365f24959718,false
13582efbb0456622,false
02fe6885ff699339,false
e30916ef92991334,false
65358a3bbfc3c959,false
76b2adbf860d2b4e,false
0df93f485b31688f,false
2c61cb9ebea73c83,false
1715cfead65b0c1d,false
685a49a87a280f95,false
6245da5ad25548ad,false
3c60c6e37841e81e,false
01f0e423359f0241,false
04ac4e75e0f86435,false
2767b3841ccec716,false
4a369b017defb2c6,true
6b96e58ca41c848b,true
15d8571050e96fba,false
2399ff90ccf1d0f6,false
7f269f7db66b0c3f,false
771e3dfffe05fd16,false
1fcf8a5e90d01a08,false
2f9251dd991c6eb8,false
95f02ff331fcfb52,false
2ef5204f1756ea27,false
059944ca2617bf36,false
0537e84a80670306,true
13db67191c11324b,false
265bc2ea92092b25,false
0cdfbab2846f653f,false
1a849e5010e0b951,false
1eaf406cf6b23b62,false
5452d51e749eaa1b,false
6875748602dae905,false
092deded9e34d345,false
2643a49faba96d4a,false
89c0293b0fc47c75,false
3c48408fad2cbad3,false
567b86f725b03e18,false
2795ec75049ce460,false
391888d307fbed11,false
23b73acc15a0c8dd,false
586f949c43bf3cca,false
72bfec594bdc4acd,true
62267509ff5c0426,false
4243a4a0e5d62575,false
6c60bc9a7e20d302,true
71df38b6410d44b6,false
2efca4a0d5248c52,false
27945bda3829e5b3,false
56af116c36a346ea,false
4ccdd105a0c47f1f,true
67723638e611d562,false
50cbe2a70b50582f,false
1127365513719efd,false
55559fee9eb37934,false
0e94d35d42e9ae7f,false
6f38dbeeaa1f628c,false
7fd5b0b0e8a6dee0,false
3ff1ea9e85d78e2f,true
1bfe8a0e62294924,false
5b93a99e3a8e3596,false
ed0b203fe61965fc,false
79b23a89575557fd,false
8fa566529e8a67d4,false
7c0e11ffaf0c2b35,false
a085f6ce26c8438f,false
c3fa0aaaba695cac,false
78331772a6ed0bfa,false
23e38b0b8a1e3541,false
5c15d75f8d0144ec,false
178ed3f4f0510ba1,false
05302a6717d46851,false
44b239083bb84aef,false
7596cc39e1de421f,false
c9e5399c763e6bf1,false
612a772105135252,false
9ab0e36cf82bcdae,false
4b69d6d5f72e443b,false
388b06639efd2f62,false
6ce5412c00be3b87,false
48e1f7608e4e9fe3,false
093dbabd7f5d1e67,false
0ec7cc1c4402f4d7,false
329736c917a89cc0,false
31d481b012fa0c75,false
fb7a4fbb9367af00,false
05e95ae20e7b3888,true
1569931933d190d1,true
61cb24fc3f74bc86,false
18571a92ff656071,false
1de1c63a484b4324,false
139af154295e4ab1,false
3e161aaf6e930bfe,false
18c73d9aa48a3760,false
62e544512fdcbcab,false
ab924a70c1855e36,false
01a1ede1ec4cb288,false
70cb8d55a8502fca,false
216b571b41bac787,false
32a3cba9a12f850b,true
7b4ff101f2a0426e,false
9a87ce0b22416a2f,false
080d1b1f4da54c67,false
7d4f2f9ab24f1e6b,false
79598d43cd31a722,false
2c71cb9f55f26710,false
1d678530dc5e5162,false
17ce4fc58301891f,false
0d2658edc837e993,false
53af842bd1acaf1e,false
19871f92bd3fb529,false
0065b1669087d5fc,false
176722b54c70a8ee,false
78ee4d7e4cd3d6bc,false
6034536ef21a4d8a,true
5fb562f3c0ce7b72,false
3f119433b609e4b8,false
60a574549fecb47d,false
789155b44fe89c61,false
6818a14e87cd6b22,false
042c73099a44c740,true
d245f77803675704,false
0897523eaf752c62,false
331f77a492336148,false
6acadce4a66b3ef2,false
3261054d2bb78b58,false
3af495c1adfa182f,false
4ad9589423f8e860,false
80174b56e0cd0804,false
6ccf2293f6a24ba5,false
41d615eec30704e9,false
577af22b487af428,false
05e12ff5edf98f2a,false
e7b42229655410e9,false
9603c20eff1d3c3a,false
492bacc987134d9e,false
b330913d578770ae,true
be8e387b32111df7,false
3ccbf302704db849,false
5e74708b8c778109,false
18f960c6fc8ec0a7,false
7f7f658d77940cd5,true
448eb480a92e5699,false
1a04375ccc764fd0,false
0051a591c062fcb1,false
554ab5c3cd024fdc,false
617a8cbf94356020,false
4820d18a95923de4,false
1e9caeb057927046,false
f85cae826fd5c307,false
671d382746d2ac01,false
37b50dff2ec0a090,false
24ff3adc7457812c,false
42bdf6be2d5a5f26,false
4a22a4c753d3ceb6,false
138df093e765f47e,false
1063cdb360606abf,false
0bcc8e8a60f995c5,false
38f7688af2b876a0,false
3ab8501ec88e6fe2,true
bc52678ba482624d,true
7e2cfc058601c99c,false
6d010a78cc30a107,false
dfc31e416169c4b8,false
ff2276c923b76724,false
24b4deec946860d7,false
5806cfab1ad85b3c,false
45e96f394142030e,true
2fbd5b1cb3c5920d,false
5b1e2d6ebce1d7c7,false
33dd9aa8b9629afc,false
4e9d4dc52b27f2c9,false
764095338e96bf15,false
697193825fa11ddb,false
57a6713f8f6ceb7a,false
43866b59e570fade,false
41e694fb189f5552,false
1dd847ff2ce70cf2,false
681f2d5dae784a1f,false
57a16fd1278bb867,false
04fdfee2dd8e9d80,false
cd312c1709282756,true
39c1fd0131416c49,false
99afcdad04b7b547,true
c07b07be3f291980,false
49bc3b24dac9badc,false
84ba461a9c095352,true
4a6c6022e4146125,false
6b1bd73f774c4007,false
778c19a511afb182,false
67efad62b50456d6,false
707a776a3261bb49,false
4ca0f985499bae12,false
84050c1e84d88dc5,false
0175df6dfed69332,false
150eac708890cb50,false
0cfc9304fbe05adb,false
6563c9a901a27186,false
91a7637f10b2ac4a,false
05eadac0a95263f9,true
cccf50db9332153b,false
1c2af0708f4c9d36,false
277ffb4de2c23495,false
0a530485a1bce99c,false
24f2e43f581468be,false
9ec77e2b889fa27e,true
647c297b73df4c88,false
7a4cfb563dd43ae2,true
079164b745281dd8,false
175289c7e4b1f758,true
e5698ab108968724,false
05b9b4bcd2a33ac7,false
322b740f8be84b9f,false
4ccb9f5e7f1c8ee4,false
34c53e323cfa18bf,true
f137dec403564af6,true
46fc3c4ea45835be,false
1e309d8f1a73a4d1,false
a3d323ce4a643359,true
3a8ced290374ab75,false
67d90a17d75f3a9a,false
66f598d58465fd2b,false
b030f2b6b6036ceb,false
59493a4055bf0de5,false
046009f1b9a3ec11,false
19d6c5d8d9558df4,false
f96750d624886d69,true
1a7311596b4df937,false
9668690eb844c15f,true
274a73b0abae06b9,false
1bb7fd09a886a7a8,false
2d48451997f24d31,false
27194beabd8fd81f,false
688728f81bcb5331,true
6811a349472a6cdb,false
aa1fa4f6e72f5c93,false
3410f871f7dc4b89,false
4d3cb5e99b898b2f,false
f4a3f238989212fa,false
5fde2b61c8a58367,false
698a892ebcbeaf04,false
191df50c7060931b,false
dc8906a6a1bd6488,false
8b8a87a7fe346136,true
399d03cc91b78dd2,false
40db4dbe269668d0,false
731593be8911958c,false
245fac8da008c568,false
583f0ba7007f9ccc,false
15d581644c966fac,false
4653ca09135c243b,false
d4983109766dd825,false
46f61b9b86263984,false
ffdcc9264c261bc4,false
4ec70f273a2c53ff,false
1b930a6ab624849c,false
e08992cb743f0612,true
7e73b0d976a15823,false
68316f3d3d2845c6,false
c025bb64a2294405,false
55cedf59c6796261,false
b31b7f6ab2ad45e0,false
685331df898d54fb,false
6cef6c7c7b9eee24,false
484a1b4c0f765e03,false
08c4248ada00417c,false
763ca78cc7353338,false
6d786854cb42a846,false
5fe5a9ca731ea69a,false
cc107828b392b6eb,false
e6bc4d422069075c,false
a66c00021c912a3e,false
35ab3b3f6358e00e,false
77f53bf77e52fc47,false
16857e3292bba363,false
8c27c20ea42e4e3c,true
6b2524e0ecdc2987,false
17d6324eeeac8a6f,false
4fb5b93fc31093b2,false
6f71dafed7b73fa2,false
7c3c207daae76c7d,false
d572c448bd1191bc,false
1243e2350873e004,false
60f19bd58c232447,false
5e1c57a48eabac37,false
0341b8604b889990,false
0017b78ef4fc54d8,false
1a6d24120a7e81c0,false
0abbc6739eb2fffb,false
3b6c47a58e888ad8,false
135bd866a996e612,false
5099b05db63d8f40,false
370a9b40113338d2,false
857f1ac5d7132720,false
641d7198a947b9ac,true
a65e48dd3ad8b902,false
80ce7b15faa3962c,false
5833a3788231322d,false
2b20c0bde3a304cf,false
62cde559ea33f4d3,false
204aa999f9fc7b1c,false
1b33bfb2766305c8,false
7554966c6f3e62e9,true
b8c3d6337ed724d6,false
531fe5e59099edeb,false
6fc291377c88036b,false
0993f1b74989ac66,false
1ceb7e9fb3ac2baa,false
6fa9d4dc0297ed9c,false
5be2a7a847f7ae04,false
19b68f8fcf9cbb8e,false
b39845ec800cda2b,false
3ceabe83060b4bb7,false
b5a5babb616d95e6,false
7ea85d0c7f87e56d,false
5fdeb289eb48b766,false
01616815f580fcdc,false
571843f9a3406c98,false
48cd78379f80cb30,false
22f148d9f759d968,false
1a1ef8bcb54896c9,false
cf0e43a31f1e52de,false
36805e4392288afc,false
252dbc47bc1163ee,false
1fdce61fa10d45e3,false
836be5b50650bc44,false
6d47e1aab8fdc92a,false
2b7bcf4afa47a86e,false
11256430537f1f42,false
b5fed9cd024b468b,false
19a5678067177866,false
bf2924c342a6cb29,false
7380a40b2bdcef2d,false
7c9304341d9b275f,false
2a6556f28d5c6ac3,true
151528afaba49926,false
6abef8d397779832,false
6318b6c61701728b,false
7d260817a89dfd0f,false
cc2e7804878043a5,true
e3c195bbc907e399,false
6325e42098066ee0,false
4a0c1f4722078540,false
471a92e04575b3b6,false
07b01e7f190243a4,false
f65d4674c56e4794,false
6c3bcb07421cab74,false
11a1900cd12912c2,false
25c187c319a261f2,false
197abf1e2879336c,false
46ad38701ab4c069,false
c90aff1a7189d0a6,false
6305fb25944ec730,false
4f5543b6fc1914a5,false
585336c03b8a18bd,false
67d3f4665bb9e343,false
545eb77773a4f539,false
361d62b59cfe0c8c,false
bbcb0e80b03e8c36,false
f7814db0076df7ec,false
908e132012e238d3,true
21e062d90d7dac80,false
05c68198b4ebfec7,false
5db6f8660a9a7a4b,false
499f1f01b591711a,false
3fc17afaae7f36a3,false
3dd2507e78304acf,false
61d91d56f4a19514,false
221b90e552c916c6,true
0363b16656db72c9,false
3b77066baee75338,false
f0b8e4fe825e4800,false
16124d0673f8708d,false
fd41513323e89d9f,false
03290ea97e3c5cd5,false
dab15d7774f52e13,false
ac72e69088121796,false
74961f1e90752499,false
6c296e6c50e301f8,false
6fe2d47da651c5ad,false
1251724f1475b99e,false
3e13fd3eceb84b4c,false
6c783b85f50619cd,true
6536449e6cd99ae9,false
6ae4ea973ce1cb45,false
3979e46565ffaff7,false
43a4350fd4206897,false
542924e073231128,false
48cc25fa6b6b82be,false
5e56c31387ceff71,false
3c8f156a4451f8df,false
57eafd4a5f7eccc8,false
66a7bb466626deb2,false
4355abd0f2706634,false
65c4663f58d6572e,false
2c96a6e1e3908605,false
537778449a7b1ff6,false
63f32ac32b8f9793,false
787cfb19c7007de7,false
2b4ad37382e1a7a6,false
5643dbd7ba45d225,false
9389adedc8444041,false
6accf2348964279f,true
35d6507600946aa3,false
4819f551196c403f,false
2502754c70630338,false
316a75e536ae8794,false
5d2005b883e6969d,false
28b38c0ddb809025,false
2596052b15ae6d30,false
723997188b8c2f62,false
1b6d0d8460a68f0e,false
3505bb757ae2814a,false
03bbfe8b5f10e243,false
0e05f3286b1bbb77,false
2a9f133ffd7792fb,false
185c5039cf257be3,false
558187d49c354fca,false
04c0d4a5f4f8ad35,false
42ca8951c95545ca,false
9bdc1ea735104f58,false
57b76dbfb894734a,false
b810b76623b5ea8e,false
6e64b507e85188ca,false
dfbacf95ae684f6a,false
9dd6bcd32c6ef18d,false
20bb0a48c14c776c,false
13348cb80a28e5dc,false
b085ed12a9b7e5dd,false
71d41ff47684558e,false
619ed8e98d6ec00d,false
31a5e83611d6c1bb,false
518b98e1fff35d02,false
70913684f3b61c97,false
23f82dfdb40c3afb,false
24c4e897b8652a61,false
384c25ad0ba68e7e,false
8481b12f2a4d3511,true
7b645776ce898f9b,false
32d5bd3420f1bd95,false
412f8277b1933dc0,true
3895502ee68ae404,false
987c119542f6630d,false
0219bea9cbbd13a9,false
6ce9917c99e745b2,false
71f26478f2244b26,false
7f03c5fcbdf86c7f,false
5f960fa9166efabc,false
70bb7d814fdab01f,false
1df9d1d6dd526acc,false
099769eadbddad07,true
c98c38e363713c9f,false
57d559786a07bf56,true
1e2dbff29ee0c0bc,false
1402519060ce77bd,false
c05e0033f8c3d4f9,false
64c07b27ad1f7a46,false
71e073bf8028582e,false
8f18fdf3567f94a3,true
1f43c6b2ee14fa33,false
6be8c87af8744ff6,false
2445130738705f0a,false
29422c72f6c84d53,false
2f318e35a3e38121,false
6184b6cb3a2e4ff6,false
037da4cdd306190c,false
3c9bec6444a2d267,false
778d7dba058da885,false
64c688397742bc8e,false
44fad9f44ac2519c,false
16c3c657716eda86,false
eccb3c2966a685e1,false
f8d575b292ee3f5b,true
389b3e3fdd4d9d31,false
ba3fa7c30ac5c3b1,true
b6a4f27896e57426,true
6a33b8c1059151ec,false
519951e6a2e4565c,false
16c3d6de82b07e11,false
40946a67c6e169f7,false
6ef55e21088f7173,false
22efb586b70e7a26,false
5c4866b72a988521,false
3332f6504ddb3e7b,false
24be977b4d3be555,false
f4ef66a7884421f4,false
20fb1a2aa941f654,false
7159ea69f48a88a0,false
1b93af732bb3611e,false
0a1cd42490e9f85a,false
eb89673baf59e9df,false
6bdc1786a4024467,false
5b684ef4e33a3a12,false
0bad22dff1572957,false
0bae77e0d8fed9a8,true
ad50d8f8a2d419f1,true
1b3830dba11bcd05,false
7a404d81b420ddc3,false
5ed2c42f700cb4b9,false
732f8b6925b82a22,false
11db34ddb63d0cfa,false
34af267d8e627120,false
4dbf091d13839181,false
2d7aa25ad7867096,false
11a6b7b20a77385a,true
4e51006040cede98,false
090d385b08948380,false
e84ebf095ff26f1a,false
4f4d222a38f8e340,true
4bc312b80fd14cfd,false
0915c235a8612923,false
71f66b4d6f2c534b,false
5c59eae93683e151,false
7de92dd4c0974418,false
4ca75f0e805b663f,false
24569fda9f115152,false
6b85293fae926e81,false
d95c030c7a333757,false
58d60841dbccfa1a,false
c60063afb956bbf5,false
2987328f075e9415,false
340e5cc45c1b0887,false
d86b4e2b1986ed03,false
4b1c06f9a3c632f2,false
c78b18f98216f0d3,false
a0fd83b30c7519da,true
277fca07d790a0c5,false
ea6619f293af0742,false
df9d8cafc36da144,false
182a657d20c06501,false
177ebf0aefb38891,false
1ddbb86944bcb1c0,false
05414d9158f6aa63,false
07ab4af1c6a4fd97,false
6cb0aa3f0502e388,false
598cdf12fd3d606e,false
76e949c7c257191e,false
0277e73d884eeedb,false
06a937942e27e55a,false
1946bb2f58082291,true
7fc61d94ebabfd20,false
13e8d8c7b1b8e93b,false
6c66017058830bcc,false
7457628345399223,false
081248e9f3bb2484,false
d949c7889176b469,false
863d6fa560781cfd,false
dade3d9d95db3b33,false
1aae5cff3c845457,false
2a4c340a7224816b,false
6016e1048a894f38,true
09b39776edc89de6,false
59c8258f29025cbc,false
6aff48bda027a0e7,false
67097858c7361a2d,false
fb1c4359491919ec,false
3c1f3f1c0ced7c0d,false
2f1f36e60208d604,false
4797e7f7c3789423,false
5bf2c6dcfc97e7ad,false
7b6acaa9bfba3507,false
5fe45667e13ae3d8,true
3a2b5db91b08a058,false
21c7ba2452e2c08d,false
72a6780b4bc231da,false
42a156268398981d,false
a42194af4d1ab909,false
41ba613e52bbaffa,false
33559292ff3d1863,false
75f2a45da72e08f0,true
78c2bc63dc516436,false
f22cb16ecc26b0ab,false
291d369e69504dfc,false
9aa939f2b56b0435,false
0a0e2b6eea682453,false
5f27518a136f6f71,false
43e0b57b1f98c866,false
a7088eaa77cc7075,false
260f94e69efbc587,false
4c9ab9499ce2dde2,false
05d3405e15a490ca,false
240d478b050b12e4,false
6fd2a10236c8e3e4,false
53a894f5ca0b5ed7,false
7c2f76210d25574d,false
19d2a6bb4d87cf98,false
2c301ffac8fb4614,true
6c36d054756ae1ac,false
6983467f95749437,false
69d2f870d3352591,false
e9baec81c8519fd2,false
158ffb0b7004893d,false
0179b9ff2403a3fd,false
24378ff3a41343f4,false
709f6bc6f969ab17,false
d2ae478d06577f86,false
3999b724c3c1e773,false
b81083e1143aaaba,false
4c669a8efe5632aa,false
63b5c80cdbd98257,false
724a99d073bb3e0e,false
2274a0a32cb82980,false
3cff465b79164814,false
48bb17993a7602d9,false
7f5199d0a1b4e8d3,false
b5649bf01f482988,true
699a9d8d3ab679ca,false
22db6c386a4976dd,false
6e1448e385e844ac,false
5efde55695087262,false
2e2a0ba590fb3fb3,false
7101cc307594547c,false
5d81eda22311e9be,false
f9f13bd7595607ec,false
1eaec22f235d79fd,false
ad61dcc446e3cf2f,false
38a6cba880f32d81,false
60baa14edd388ad0,false
59d2f905b622d8eb,false
761181a93da53358,false
13095a3f0fdf9ad2,true
79510d64d91a1692,false
0a69b0b5bcee5ede,true
8b03e56131786886,true
648df915802dd449,false
70ac29d6b20eaa59,false
0ad761038eddb645,false
abcbacaff9cb9823,false
7f5e8d3994f81152,false
02b0182bab0fb298,false
043ebf5cb47783b1,false
3ce89b7dbdbf32e2,false
65af78871b461f4a,false
54bd2d2167a2608a,false
6b0a8c7a13aba3da,true
32d4c3a51608afcc,false
68b35f206187bb18,false
074deddec0a3442c,false
3dcfa83c9e3e2c94,false
06a7c3b371d9a372,false
0dae74a3c5fb3723,false
51ce0305c39b8bb4,false
a5001adf5395607d,true
361c78b7bb4f3611,false
636573db7027b0a5,false
4d2a15265b93003b,false
5066f030ebfe8601,false
40cadf4a2facd7d5,false
0ebd751c12f91fa8,false
46c3d5b91abeb914,false
0f5b739c3e6398d9,false
10e656a29660f653,true
670aad17a0713285,false
5ef7670e9ce7bb25,false
0f6b8b3ace287987,false
1b07d31137588868,false
7eb63c5bc39a3d02,false
2c03f0bd50156f10,false
9b2c03bc31a0abc4,false
36650c5b104c4ecd,false
a59650e6c42bb1c0,false
0f9cd3246d67d5f2,true
6375b7770dda443a,false
77ccfa68e6ededaa,false
2139500a27006ee9,false
7f5eb90e8cfef875,false
580021a953a74807,true
204e911b1cda27f9,false
d2af82ec1748d303,false
238231d6869e9ec0,false
02bafcfbd2648195,false
5e6523c02bb3ff4a,false
2302e04926fac8dc,false
001af73e1354ceb4,false
aeeae963aa254373,true
7c0bca547b0bde38,false
3e437dace1b9b95c,false
21cc88ea6537421e,false
4ed1b6c42ae8c5e2,false
3f956c20ebabbede,false
18cad1cbbc7ca321,false
356dbdf4b133667e,false
1145dee7aa9bcd5f,false
5566bed415866d9e,false
0dbcc294942c79f0,false
092018ccff5bef83,false
540508d3dc638a76,true
746f8f4fb1452bca,false
17157bbe58e30261,false
7cdbbbbede13ebd5,true
0ebbb8b88721fe06,true
028e6d3a55c2531c,false
b25a99edc68efa4d,false
0266044c12af0382,true
15c4c3597c9da7d3,false
245d3100268e20f9,false
20c076933cc124a4,false
3093bb4c645db660,false
a14c9378a5944466,false
6f32858ee21f8865,false
29b4325051b9a203,false
639ba6eeb9a19f4e,false
2aeaa686eb180086,false
08ef646fc04b231f,false
27aaa805547c6360,false
652b8b68d5cc2ea8,false
9c98e194d83cfdad,false
19559025cbc5df4c,false
eca938a08f050c17,false
bec6596da05f3143,false
7f07dca1bc1fe6c5,false
4d1396641d359544,false
2e3c4e588b8d2c89,false
7e8a144ea7f1aa0f,false
d0ba0a2f2434458a,true
678c7fa0d873909b,false
7e7218daaefc892f,true
0f0ffc85b758bcec,false
305f0322b96ab971,false
7541914a95f8da52,false
330802acf3d6cab7,false
e67b46ec1241350f,false
707e8bbcdeaad5ea,false
ba9b94d8ce076838,false
f05430c252982468,false
680b386d597af8a3,true
2f3e6605ad30b78c,false
55b9ac03509d98ad,false
d3cf49a0974b0ba0,false
3c42fcae25008716,false
5482c93500dbfbc5,false
61a1d34697ba468a,false
0b3a03d2450b6265,false
2e7c79530dbce8c4,false
09a38545a2cb6261,false
679a1cd90886e5f8,false
77c037aacdfa5d19,false
1fe7dea0a891f837,false
2dbfbeb71f8cdb70,false
3fb197e557322933,false
40d160375164c5b3,false
ac861ceff2d8c051,false
39adb3653e3475e8,false
7f55588516aa5a73,false
3b3a3660b123f469,false
71ae720997cec75f,false
760dabd6a18bcbf2,false
75f9b9ab479cd5df,false
e3b7670200ea0b30,false
93ae82a4e59ce91a,false
77c0883d26bd0912,false
020488f176f31d1c,false
66cc992e5ab9f68d,true
27af8cbfec5f9fc6,false
2dde6882609257be,false
a2a7da10a2ac806f,false
1ef269d8824581bf,false
a039d86dc3c54ea1,true
2d7ba1a82a054690,false
18241413482eb172,false
48616687358d11b0,false
270d6d22428c551a,false
5d4439e04da76596,false
b94aba3361ed515f,false
3854ddc0af3b67d1,false
333aae6099087103,false
bfa3a4c6008d4170,false
4065f94ca07b8627,false
6320ed2e51da5064,false
028d7b6a98c60580,false
471439739b165024,false
5e885e3f1673df6c,false
f62d2b1ff50da074,true
325414e71c5610cf,false
020c17e75c82e89d,false
287b6dc5e3aeaa19,false
6e5824b850a0cd92,false
059eeb9cb00b0464,false
79abe528f3e6e697,false
1680982779c93c0d,false
60e2962d41a3f881,false
3efaf9031cece3f0,false
2475d00eaa4eb7a9,false
3a02f1616018f07f,false
225f82ec19681f7e,false
1ab9d7cc31367b63,false
dcb3e9631bf4029b,false
71c28e825abf99b5,false
606a30ded57541e0,false
0a218ad7d4bc23f5,false
115ebbd57791fde8,false
7b30153532802902,false
af5cb4b49d22710a,false
3a533691d8072d36,false
05a48c952c96d2ba,false
a8fc99091110f086,false
569d3181c11b6903,false
02e33efe65119130,true
e90554e15670fc9e,true
2c2467179d1e8a90,false
36009bc0db77eb37,false
1d96364f9fc24df0,false
2e2a69cf47ac9bd9,false
0b372c4ead71d8b5,false
7c49296ba4712e46,false
9cabf735218f0192,true
45c5c91fc7bc9d4b,false
348a27548a67a823,false
2337b76b174ecac1,false
d0334f77e095d3b5,false
4fc91e91db429bb5,false
15a8948ec8061f4e,false
74790ce76938508f,false
39226ba47d214b27,false
bbf0fe11e345b2e2,false
12e0b9e5f8df2466,false
720b185c9107953f,false
545147dbb2299ba3,true
df6e8a9114eb50df,false
d38b71ec89928c60,false
16fde83a259d4054,true
4411649844d9ff66,false
7cf682f187938517,false
7b054d675ecaaef7,false
11a99c9368dcc709,false
f5f8ec06db581671,false
5911e1817192232c,false
f9c2748fe5330781,false
674161777bad369a,false
5ddde7ceb52eecee,false
3610e1a75be14a0b,false
42eee36adeb65e39,false
74e3c06f205243bb,false
2c0816357711c211,false
66c67d822e217030,false
284459e12ce84cde,false
c3f7e0c451419393,false
10b056b3ddad4c11,false
f50a249de31025e0,false
3833ad38c6548b83,false
7b2a4b622015a6ec,false
cf1c25943401ea31,false
124739e12f4b60a5,false
fae77cb4c76e1ad1,true
0ca1c4c07511f574,false
71262c6d096dd0d4,false
47937f9a015db9e4,false
0e412a4ff246bc88,false
bdd4a31580408685,false
30b81742fa96f45f,false
762a2a38a9c0f5ce,false
6f8960fb93579681,true
30a2b90e27a02056,false
4846c98d675aca58,false
09c5b3c243b3c686,false
ab71ed8f7758e26a,false
7b11bb24e0f0507d,false
6806074333130f0b,false
1dcd328fc5a0c82a,false
ead0c31cefc83ae6,false
6d91fcdba85caf65,false
0766a3af50b15063,false
63f7184a4314df98,false
4e12a7b7677fdc65,false
3b9f98adc0355696,false
4de1cb5e4d8f864f,false
4289b5965ed7d8c7,false
44958c7752861e95,false
5b6aa140d13cd5b9,false
3821d99377ffa9a6,false
25acfea782296405,false
019cd39b1c257b81,false
54fc4bde6d8bf775,false
7410d1362dc172cf,true
30c9775d555aa865,false
aa8a4f68c451441f,true
73555f5a288065af,true
77a4fd629b692ace,false
7f10fce8077dbb1b,true
70830047abb8f7b5,false
74dbef3f4e98163b,false
49c7c891c33cd419,false
4a3d3d087e7d5451,false
6b3eb7855405c083,false
4287992fb35d0dd3,false
4950de3d81692e59,false
66321cc5437b5119,false
acd0195d188657e0,true
0943b7be08e05fa7,false
2ea76de47d72924f,false
840dc4c918f67cea,false
1ad7b32bdda57b70,false
03118ea307995977,false
7398fbe0e1e96d64,false
6091d50ee0b2a9e4,false
4c6e2da0d447db3f,false
57379c9eca88ea80,true
0ce1341ba3d5599c,false
18c9da921ade71bf,false
3193f09c6ad80d4e,false
1104c578ae0bdb13,false
031012a679717ccf,false
46faabcba8bcda7c,false
37e044e9d8574114,false
0e40a606560e0980,false
b873da41653bb7f9,false
b6b5ca82b235c9c4,false
6e0ca77bfe306285,false
48bf7d9bbc6c80f8,false
04dd0850399556c4,false
078c2e4cab6639f3,false
57a26e98a617d7ba,false
ee19caa7117e9bc2,false
3c00c9f304a356c2,false
312193c8594c247f,false
0faada1f5df32e25,false
59bdc5d0b788e141,false
47fc9f2762da7866,false
72cf9c168cdfc18a,false
49710b0f83a5048b,true
e133a291923b4614,false
18001fc68e6d1ccf,false
211852aa31cdebbe,false
85f429de7b226b23,false
7b57e353a2da5c4e,false
4d5028670f7a4e6f,true
59017cdefb96012a,false
abdaa32491fe86e1,true
6f8c50dfca17e8fc,false
2fb122aa7280b5c0,false
df2e110bce8bb719,false
0be055ac7aa84588,false
a44a64c1b422ca01,false
f862b2860d8958ef,false
7bf978a595a8bbc5,false
b6db002ca395b8cf,false
391986046083d30d,false
66babee47947ce6b,false
427e8c488e66be21,false
1075a6fbda6d0e02,true
120427df4771e9d4,false
7bf7b1c26e164165,false
48e84706ea51b0fc,false
8351c0c09b11758c,false
4dd0a965c8fb5df9,false
5104e7cb9adc311c,false
093a34a72a228fcb,false
553de052b6501c79,false
960e9f8943edd10e,false
15dd84c30bab5448,false
4c359e66d4732b7b,false
47663588b64bf173,false
0cc1f7833804d45f,false
4ee5fa00c6c82e9a,false
be651c1399b594ed,false
07740ad2904b6e11,false
60a6b270904ff025,false
40842cd69816c8fa,false
13535c8eb24c0182,true
5fb0febac3ac6966,false
62f57bfaf140dac1,false
1b41549f65f15d8e,false
5f9301449542d8bd,false
d262a2c77274b9c5,false
70eb16bf361cdcf1,false
6dd982822041526f,false
8346b3357177377b,false
11fc530874239a20,false
7d1400954ebc4376,false
4185fa01c51f8f58,false
29c49d97e3f8e98c,false
319b6d0d8ec4507a,false
5ec19bd16c5a6f48,false
5e62b1e677e8282c,true
47f92a791eab5d05,false
071767c10625f1f9,false
5b86d607231ef168,false
7443e0635d92ee1e,false
37e808e8b0bcb00e,false
5cde0057d10ec6ae,false
7511defdbf3d5755,false
0499a40709fe9224,false
4d7d8adecd343ce2,false
3df05271b533e62d,false
0cc8f06e6bd860a6,false
09da4bfd11b413a5,false
d99e01d0794fc2fa,false
4c821d0a15c5c7b3,true
7f80d2324f85d958,false
cab21290d150cea1,true
4343f0367659084f,false
5b21f07b8bfebc7b,false
302cd9956940801c,true
483b9b6e231baadb,false
6700e790433d81d6,false
0cdfff4896a56105,false
2a919bcaefaaa0ea,false
7e3cba9697f786aa,true
3cff6f4fbd1beb9e,false
278d6a391808580e,false
1dc06d9f7fb5ed9e,false
659770c7c28229b1,false
397444e9c560aed3,false
7e8c195226c53380,false
60ef7fad80df7dbd,false
5674c1e63eaf762d,false
eea033e7b8e151c5,false
495eaf9c234655fe,false
9627b31c3da5112d,true
4d5be249ca098211,false
a7ad178e7b541f6d,true
7ea2982afa4a6cde,false
4f1fba401f80607b,false
666426591c84503f,false
6fc0b0f3b2e6061f,false
3922f68384a42e0a,false
4844de52024f2fed,false
232d15623bf867ae,false
00e41498286e91f5,false
20a713f1a499cd05,false
14da76ec4f1ebbdc,false
07d03e052d2790af,false
0beecf32f9c78e07,false
a600070a97193d6f,false
ae60edb02c907dac,false
7250187186d16924,false
7ced1295e10c044a,false
5aab18a5088ecec9,false
2f8028fb9c1ce957,false
411bc641df6de80d,false
7e9ff1f7d9bce661,true
3d5bda613a332073,false
11c8b69adddfb214,false
3b7a52a6215a584f,false
13c1031b8c123d48,false
122fd01d4b2d703b,false
1bb4d0646e30d857,true
58650232bb44a77a,false
239daff7298df4b4,false
6fbe1d95b392b208,false
3bf7f49e9ee3dbdf,false
835e60ee4bfd4aa8,false
9db111a368f8d56f,false
6890b47f9fd434af,false
5c31dae5cb28bc55,false
d2ce254abb6ae8ef,false
635b7af0ee269814,false
7a415d92b079f827,false
5a808b6c553f9c03,false
7ac62fd4341760e0,true
08de4a541817fd74,false
463f638ec382565d,true
6033a312d085065e,false
6546be3408f4fbf7,false
a9eeeb1f3653b778,false
2c1b46ea56e253e9,false
6aae24312bced56d,false
490ed4281804f96c,false
f26b4b93b8bef1c7,false
2aefbc3022cb0c7b,false
086404ab50ce426e,false
1dfca888a6c1d5c2,false
3dde941a7ddf360a,false
5e76cace1f665f41,false
4bb9999908a69d59,false
25e2f5e60283e79e,false
5cbf4bae6cb22864,false
730ccec06e14c75d,false
01f4e546a575aa89,false
69985dd9d2f32842,false
71235452d37a1e89,false
e5d78f4f7466de05,false
718f2cef3c119221,false
ab77ae7b2cb2355a,false
2738d59cfb189ad7,false
91372aa3556f9e13,false
7f4259662fbc070a,false
1242de1c25ce0883,false
0ec4627667c2d2f2,false
45d34b7b4dc4068b,false
5664e3200c0b0903,false
ea6d635387db516b,false
f00f5adc71000741,false
704ef25ee2dc5a5d,false
0f51516c32db4d6f,false
55c3dfcb75fbc44d,false
64f907c6d08edad4,false
397911cfb32a8ade,false
1c3361a9f5333b29,false
78407f6d20b8c737,false
8bf9d866992f35c2,true
750b549fa0e865fc,false
5edc5565469097a9,false
12a2d18e3548d4e5,false
11af7d8d8ce483cf,false
57fa49f751a22cbb,false
14a8df9be5b1ed7e,true
45c3c1444f9d649a,false
21784f603dc0979f,false
d6051b9e60cd29bc,false
3487815b9b2c7e60,false
5664da3480f04a4e,false
b583eff0a8a1dea0,false
2d800c01fbec4667,false
5033821e86f8efd2,false
bda37add5f420dd4,true
785b3ae0a2e7b409,false
54175246a79d696a,false
2c1cc201607f0176,false
7fbee900234e51b4,false
5c32bd9a1ac7f04c,false
36cd0fe97b1b862c,false
509965c3f7f948ec,false
17e02f90fa78e758,false
625c960de6253d35,false
4460161749eb5033,false
5282b162ec65e5f8,false
423fff52694f78b6,false
59c01449a4990880,false
d787ef98a61f99a0,false
798d206ab626e0b1,false
6187553b67e6df3c,false
2665157d8bf8390a,false
3376e0e0e092537e,false
3271cd7ff0f15b5d,false
4eb4ce9eb94ddee8,false
5f83efee3c759f26,false
2885eb3ad720c464,false
50e8838bcceb336e,false
1bb02d5844b29700,true
248f9fdc12d4c7aa,false
3c2169e9cb2923eb,false
41c25fe877c889c8,false
17d13e137ba9b54d,false
3fb2279b88b77bac,false
bb4dc4bca432ba43,true
1ff430298cccd075,true
e8f4691d603fe7db,false
6522546f9bd4fa9a,false
03fb2a8bd88b3dc5,false
4a3a7aa26e5993a9,false
46fa1c87f4a43512,false
033965119b8aca34,false
290d545f8a58c982,false
5be7e0481e080160,true
4de33a4aabfaa6fe,false
9594d64a90c54213,false
011cbdb3f7e2f054,false
69220ee50b136706,false
19b3b0409321cbb7,false
5a6718b867ef60bd,false
75d6ee91ba4118a7,false
7c66c62cd80ab93e,false
ac221e99b98f86b8,false
5a231f75bd13d87d,false
2795d39c54e1c19c,false
f9bc028a0703c2dc,false
235fc18a0018d15a,false
7d422b7dce027fbb,false
1697438b19748e5a,false
7baf74bef5f0885c,false
2c823cb73446e0cf,false
537e4cecdacbdbdf,false
651f9d138761c192,false
03c1aad110ba83ba,false
2c628ad346421714,false
1eebd26d433c5105,false
7fb33d29e5134ebb,false
473c0a4f7379bdc9,false
438965de94a215a8,false
99fd48cade81418c,false
bd4115712864084c,true
53469de9724fe02e,false
546a1b5c2ca541fd,false
728d9d6a236134f0,false
095d3d95ad3b1d58,false
67cd5703c34a87f2,false
4bd1d537a1a1c5ae,false
63d30a282abc11ed,false
bfd5d55cd3c82100,true
5cdc7dcb4abf0596,false
0c23f9d2d457be1a,false
5277cb519634ce48,false
7367cf99ff416312,false
22c07b51b02385bb,false
759438c9d0b939d0,false
461ce4573b0e741f,false
4a0ab00c848ca3d6,false
f49c238ae3d6b360,false
16cfeb88ed8c1452,false
65918934dce0a691,false
6c63b7e9f4483aa9,false
0962538c994c1be4,false
e6f7eaf5416e015f,true
2312d87a6aed65ab,false
ff5477286f65ab22,true
240e3a112bb09ca3,false
4a1c3ca33a972861,false
4eb9d7c53e20bd28,false
fab8bcf8596fa2d6,false
220eeb907115d765,false
c96426d65e45eb2e,true
6a9bf21f6493cd76,false
4fb552135965ec65,false
4c6c5b4f77d81f64,false
2611d83bf4a63e72,false
292c841243b3ce44,false
f53a0256cc7b8919,false
da336b38f372d07d,false
01fda7ad80a1a304,false
12c187e8c921224b,false
4cb50ca440898a31,false
6febceda92342541,false
14df60a8e33affff,true
7262d98aba9e7f74,true
6ebc9d0d4a2cbe73,false
7ee859eda79dc9c8,false
3d0979826751bf86,false
1b6ab355f646a72a,true
694acca5a95ef77f,false
cc61723d11cfec6b,true
6c18ec960d4df526,false
7e156f4f663d4a7f,false
6379933313fc5c72,true
7fdbe303650d292e,false
4bc28d8ef5418b2f,false
1b5153827ae5f0d2,false
739449334c2ca1af,false
05586ee7c6cd76d0,false
4772bf00d42150ca,false
88b68bdf6aa15f91,false
230a4bc8b2714501,false
28fd06e6f453642e,false
8f1a1f13bb24f691,false
128c474eb4a774c2,false
0b0a1622f0680f10,false
20dcba9f5ae1a1e0,false
0975ad715ddec7ae,false
79dce7972d3e8e50,false
02f50d70dd8b983b,false
07aeac05070bccab,false
e9944dc2c2736a80,false
52e57df0041051b3,false
3627de1a2d1465d4,false
579c83ad02a8ccaa,false
245f52fb0ae85cb8,false
2b9f0e2eb372835a,false
8ae024f1d94c269b,false
0650a8998019f8a5,false
6e73654ca7fd75af,false
7390ea0de40322ab,false
492ead86150bf955,false
51a1d90ba15d532a,false
33cca76039e5f3e2,false
3ce1a169bcfa47c4,false
9ba45bc7f22e53e9,false
12b416be612136d1,false
33cc440c67297d90,false
7a9e217aa0f4e201,false
55ec3741b671fa7f,false
753b7c929465fbbb,false
69348dc2a271da82,false
9bf82e238a81aa25,false
b8a3fec385ae9f0d,false
4cf10fedca43b7cf,false
4d842357eb3768fc,false
79999fa76dc3a910,false
6ae5fdd557e6ff5e,false
0fea208ddf9f1425,false
2f008028f8ad9a5e,false
3cf6a7bff963cd09,false
2cf67b5aa44bf939,true
84319b1fed1ad3bb,false
6ab8cba87adcebd2,false
d1c1669fbf253771,false
39cef93b3d82fcb0,false
8e6a4de42e8e8de2,false
2573fd0ddfddc898,false
6651d68e187b1a89,false
26da6dde205c4f79,false
6259912213ed2eaa,false
7e813dc9d029d5a5,false
f36ade27beeafd52,false
69a2271489e8f95a,false
c3fb74bfa7542327,true
749ac20e1ce63ad6,false
9403bb0494529597,false
4017150245d43423,false
d90fb4042a6a7272,false
2400e15ec2b6ee22,false
101f82f0330bdff9,false
017879559283e7c7,false
3cd13de302b787fe,false
609e2b60c2d70b49,false
73c3f8e2dc9ca942,false
d64ef417a7688a20,false
54742b683193f8f2,true
7377a01d1c6fe4ae,false
aa69a23f27df3b8a,false
1833173dc825c4d2,false
7b1d803f3b3bb100,false
237e4b500bddc62b,false
12e76bf8834aa06d,true
037d0ef082800a0a,false
6cc034915c9be327,false
32defc26ba941e66,false
99ea6bf1afb8df5e,false
230d2301aafc741e,false
71a27b4ac3ceed09,false
3a95f84cf92e7488,false
72f5380f3e0c1d9f,false
46261c61297f4817,false
6f8879a64d25b194,false
be38d4e6f37ad82d,false
3aecf5e4e97fed96,false
5f123bd179d3acc5,false
c5e14ff16b0f3725,false
3981c217f375c97a,false
18c5d88408d30a3c,false
30975fdd87527936,false
42afdd562603f493,false
cadb64c65f2d4e5a,false
4040eecbf3d32baf,false
1b2797b028beac59,false
038ea6541ed232eb,false
6723a1997ae6dd69,false
b341b2f845231dea,false
58cc5178aad280eb,false
4b19cf46873ee32d,false
25eda1397d3f0cb3,false
5e1131d9358d797a,false
72df2a00c310c8e5,false
415def7914abdcc0,false
7b5e0f37f44365ad,false
3b8a6ec58dd4a375,false
53179a2540804c12,false
966105e30599a9b0,false
77201613d548ade9,false
7c486f250aa6126a,false
6c39439045948c0c,false
170d518823da542b,false
fcbc59e99b331214,false
57acb11f9a4a4823,false
8e53b8e4a979865a,false
7fc1045717e30b69,true
21ec3fdfe39c9070,false
2524b75830930964,false
69927f4cd7abc44c,false
21d81a7b63959986,false
466fc2d5dda0fe95,false
6143747069a91162,false
fa8e2aff2ddf3de8,false
4bf188667cdda82a,false
5803c3ceb4f36e70,false
b48688c65ce85af1,false
41facbf8dbb1d71c,false
529deb47a1b647dd,false
90d911aaafdcb09c,false
07b0815ebcea17b2,true
5f4c8a3950ed172b,true
4e8dda7f8903d3f0,false
29f17857d5bbe5f1,false
1576bce44abfdcbe,false
fe68fdd16f98958d,false
06f6a5ed229db086,false
005b0e94e30ca1d8,false
08751c35e23c4aa6,false
52f77061a41f1937,false
67b9ff64406bef9b,false
161196579a5e09da,true
0d96a37e9d359833,false
4767c9e713e711ee,false
78419eac11494c44,false
62cf49c66744603f,false
528533337a607b95,false
276100a8cab6a789,false
06fed20aeaf96aa7,false
ddfe958608c206d7,true
2ed76b9b745980a1,false
39cf1c0d29965fc1,false
5cff91f8d98e02da,false
06b299687ae399fd,false
4d7c7f451201a2e3,false
b3e9ce46b53f6dc7,false
d0189f2108c4e70d,false
1ef9951cb9bc6680,false
b3a33e956b20a82c,true
11a18240fb4497ea,false
7018a8ef231b0bf4,true
f9f9f3efde097712,false
516597e596b9a991,false
3874830d5db71308,false
592e5d5216f8d8ed,false
390ee77f4b0790ce,false
09e607a7e358fed8,false
7e477c1cb83cb7fc,false
df439d4c0115ec15,false
57c84f07a550cc5b,false
359dcf9f2c9bb99c,true
64ff2274cf065d4a,false
54a3eb66c4443e2b,false
b44bebf2a99c6098,false
01b312e9cea6a965,false
4f195c0379fc5b7f,false
5185dc92031ba4fb,false
4694c92525c1f54d,false
afab0ff98d371913,false
20003f845c22c3fd,false
34262838fd7db090,false
0f219daf4d1c8ef7,false
da763730a9bd7dd6,false
2e171e6148df8b37,false
08110cc34d528ce1,false
028ee45daef3bd3b,false
63d5b03b4c53cbb3,false
f7679bca9dd8f09d,false
b45a846bef2e2a7b,false
a3423dfb78e9eb88,false
204a4bbc754a510b,false
5e520ba896550344,false
7926c3fa4f02f683,false
2d58ed0dee8abf30,false
5b7888bd9d454c3e,false
63f528e368b1eaff,false
49012edde17383b6,false
35dba0dd889a1f3c,false
4c3c5a0be38b135c,false
20ace72eecb17e62,true
23f3bf96f0eb458f,false
5b0e31309e42bcc6,true
2539731bdbdd95bf,false
1994e6159954546f,false
dc9adc3cf49792d9,false
5771362cefeb8bd2,true
5054f54092e94fdf,false
cd61ca9ff663e07e,false
26f088b9b81b835f,false
9c0f119565c7baae,false
1cd1c768b5392337,false
f5d5e10652e9e4a4,false
dfbd9e124ad8ac84,true
73c6544a67a2d6b3,false
0301762cad2838e1,false
aaecc047b7b61a8b,false
73631df532546e8a,false
52a2ad49d9c738dc,false
7216540d832854d1,false
1f93c0083d2f73bd,false
4db7e4c7b8c39855,false
2d551010181a17a0,false
2dcc7bbd5d3e60b1,false
4038404a88bf8fc0,false
52b0e1cd3a2c576c,false
1a6460245d4b756e,false
0719fea3c0a142ad,false
2b932af88ee036f9,false
5fec0c194ad0b8c8,false
5560575688bc6292,false
4698f3783f277d23,false
43711001ff633014,false
ebeabfbf968c6e5f,false
e133cbf0b02643c9,false
17b6c601d3d49e7d,false
ca9031168f040e8e,false
4e11cf30b24635b7,false
1d74749b2a43c29f,false
5f41b622e7acbbf8,false
5261ae086fbe7f16,false
21f7175809a3ba90,false
7fb39451548177bc,false
39d6088d2ced8cf6,false
4136a5031e3bbc76,false
2cb8b1d7ab06b77f,false
f305a08aab3c7a99,false
11308fc29bd371c8,false
0eefa9207b73ecc7,false
66339aeea742bd3e,false
35bc85781ca5999c,false
c45d928ac7655fb7,false
3d41bd505a4957d2,false
7a48754d15d79d9d,false
f4c3607841675cb5,false
ea2af2df91bd7740,false
0dfb46cb4bf3a427,false
80b09ff32abe19a9,false
2d0dd59ab53e8e90,false
0c752b332caa4095,false
3b0aa137621a772f,false
57805122f85a3e75,false
abbb72eee2f38d88,false
6156222e28222e8c,false
6c1ef60ec915cfac,false
6493a6aa25e42f1b,false
5f29664b7d8cd07a,false
0a55b9d51d6cb4da,false
0cf9eac60134ef44,false
5615485da9d46408,false
3a2b2891c5fdd680,false
16bf5c58dd1b64d9,false
60dde3f199707817,false
20e9756e842a278a,false
0d0a2f3fd2ba5c89,false
09dc52f48431e359,false
788f80a1421a920c,false
29631f8b3430d914,false
3f3672ebdc950452,false
a554295c392acc3b,false
75235d0a6b0d505e,false
7bf9c1e361c13a41,false
0a29cee615028f3e,false
13f4fbdd601e4843,false
35252836201461e4,false
3e65de78f87eeb8d,false
246788bc3786a890,false
3e391dfbcb3a0db8,false
6e42c31456b6b791,false
0b5b3b0098744d2d,false
fdae2a11dbac752f,false
2b7c398d5bda54c1,false
888efb0f87693fc4,true
8625b25b7cd0850c,false
490e78d965161d5a,false
1a184d8f22945da6,true
150bdc17bdd9113c,false
fd6ea67b657a13ce,false
b5ef3f45537872ca,false
5d40e2e62dc10db1,false
73f85ea57ddb3087,false
3e77a4fcea857cc1,false
e189fb9e8185eb99,false
927d899c394ee9d6,false
4d5e0154266c68df,false
638fff5e2b0fbdd5,false
cd3203915d321ae7,false
234e5b6792b325a4,false
ae126d101091f5c7,false
0a39d7335042e2ef,false
6514f610e628431c,false
4ffb0f0a2fd7bfaf,false
e5e45b9cb3f3ae26,false
575d0977dc9c558c,false
280779fd9290d812,false
cc9b0f1697351054,false
230c68ac0824e038,false
44e2494059fb5bee,false
43dee829c57220b8,false
5fc9a9303683d227,false
3b11478ade280b40,false
55cef965d2d85db4,false
6d45dd25f037c354,false
24a6430ca3d29d71,false
5046a67a7949fb70,false
3857b5fdfe87ffb0,false
98f21c284aadae8b,false
7b7bf7beb1ff0db6,false
65e1a73a9e3bf62e,false
c8743a06d97a759c,false
45a64f28d9ff05bd,false
466765731214e39a,false
5e7c97155fed10b6,false
6d90f93df98e6ad6,false
8a6f7125a23e19c2,false
0e317ff1d3029ca8,false
277f99b38aa71f22,false
4c9f392282eab318,false
97c71c70e82ac7d8,false
2097ee0032235b4c,false
65e291cbd82e809a,false
ea203354a75ba262,false
6715221c13beeb9e,false
003bc635df3887fb,false
62e8d66bde0c1f94,false
4285ab0fa7fc7b1f,false
494b3acb7eac43f9,false
07a466e6802ce9b5,false
05372739490fe684,false
0b7af42676fbaa89,false
1236896199032d8f,false
0d800b2674947cbb,false
cc813711806bc2ea,false
3c2868f7e34467fe,false
2553ac208f8730ec,true
36bc444ba953502a,false
150771f9e33bd687,false
2062baa066b01747,false
434ad00020d578bd,false
26f7c1e7288de466,false
15c74145d68afe7c,false
04147b0ec6bc3f13,false
3ab8ad5c19ef55da,false
2317927bf2f36a25,false
1fbbabfebc98c92e,false
766d82d59372dcee,false
725231dca5e5a5d2,false
46204c587985e714,false
59e2ea274889a1bd,false
ff66c32f126b34c2,false
227eee55041a5e04,true
55bf17f89406c68e,false
22192940c92df498,true
e7b1ecd584afe73c,true
7acc47be7827aafd,false
75cc3364dbc4faa5,false
4ad5bc77c0421400,false
403130bc91a6e277,false
0fbf86c86697b5d5,false
1792f3bb405cd242,false
0d068b9bec56b6bc,false
01eb36c3cbf40420,false
61cc6f1d734c9ff1,false
4bd13d7fee52d738,false
a47da3c9968691de,false
46110a024b1eef4e,false
7b9a6f3b2511ad48,false
dfb13b41d7155feb,false
625d1f19b5de43e4,false
03b695338f16d964,false
5d14d83ff6890887,false
6599050182cea915,false
27f5884cffbe0a13,false
50f29b0b94e4867c,false
08625697b5922cfb,false
12100e81f3cd354d,false
680669b525bd83d3,true
808777156fdac29f,true
75809b3110d88f05,false
467d58d2710d0789,false
9b3fb9480bf3d820,false
30de8b51e9a6c43f,false
3f157a62427eb85b,false
13520cc457bbff27,false
647cdd2e638f44a0,false
65e8b9dbe4aeac4a,false
85f4bb52e7603a6a,false
7e35521c2b7eca86,false
1dbb51aa2b8ea462,false
57efd89b9721b559,false
e28216484e481786,false
7e57eb407337aeb4,false
3078d309b0c920c7,false
578f7d200762f367,false
fb91696fb1043d2b,false
a01f897e353ccfb3,false
3b6201b58ac11c10,false
6fad17055ce68db5,true
6d036e673aa805d6,false
535f507ede22264d,false
6a3083ccd573aea6,false
e28781fcdd2b8443,false
111e112b6b360130,true
79b7464c0a81ecba,false
28f5677863edaafd,false
559c16484bc9bae2,false
8506fe933effd105,false
2acb8a9cb887cf9e,false
33e640f78269df67,false
50c64140e3426e63,false
55d467f88c601a1c,false
f4a9cbcfa1203087,false
23d7f6cd7d810976,false
3bf32677bbfe1300,false
5fb31d4795c8864f,false
0008067b69a4579d,false
2a4f6c91cc5ed4d0,false
7b9c57442403a2f1,false
d7c6df90d0b3c30b,false
25d4ff18adc6d771,false
034e903cc1d04f9e,false
c6cbfab85e323a2b,false
1c88ae63dc1e75bc,false
07995f77006cb0e5,false
02c3beab81e2151b,false
54ebd85071e918b2,false
022110c509d8afbe,false
6978ead0646da3c2,false
0e30a993a9cad1f1,false
040e5ea96a5c4488,false
68b532612d8143dc,false
5daf486dcc051766,false
750ac26e0324a3b3,false
71c71dfb34b60a03,false
4aa71f7942db763a,false
65bfbd39bf9ed4a0,false
02f916d44e9b93d4,false
11198056f90d88ae,true
7cc4162ecdd28903,false
0827e2b297a56a2e,false
061821d6aab85410,false
6f518f60af9d598c,false
6e828497540f97cd,false
16135263d717804e,false
b9a3463d6d2914c0,false
77207abf77149717,false
7a1698698c2aa288,false
7aa68e1642a47788,true
2c17d96a1840934f,false
1a9b2150092b7883,false
164043046d5d7cce,false
10889d8dc4e567e5,false
4350fb77273ca7a1,false
0943ed7187170b6e,true
2869b87ad984103b,false
1339da64cce73e0e,false
3c2fde38a0184cee,false
4814530625cbf6b9,false
24621a0ddead209a,false
56aeb4bdbac88dd9,false
3e7f9af21cd5ad63,true
6754e0c0de14f384,false
0d1f8c048199adaa,false
90dd47357991e70b,true
4c276764900d868f,false
18c4af21277dcb56,false
599f1b2d4bb9ced0,false
42879564f7a5463a,false
160764e03eb987fd,true
51c3286db46b526a,false
186cb77ef8ca80c4,true
1136d98ede9d9f68,false
2ad9ac995c8112a5,false
2d2232469739660f,false
05b43b05a06cbe76,false
4bb4347ca7377eea,false
2df0a1dcc787de46,false
11979c223b84c0b2,false
0d27e6c66245e256,false
6f58c8eb6f7f749b,false
49a503cfc7f06d12,false
664e5ad0fccddef6,false
11ccb1da55213c75,true
48d15987a40714b8,false
8c40edfa7ab0523d,false
fd07ecd7b646c7f8,false
318b79ff847de5b1,false
7f7f773275c08649,false
8d006ec98642f4aa,false
621a5ae4a5d0dcfa,false
32cec24caf628e73,false
4709b621a9a68695,false
6e3ca366eb032a97,false
7bbe0016f5838f85,false
320ce7b42fda15d0,false
37c6cd7902f0683c,false
740d60180501a700,false
7cc87b7a40e5e29a,false
a3cee965046c9070,true
416396864fd9439e,false
1632d375b37a570f,false
3443fb8705e6d754,false
641850465448995a,false
1c7f26c97e220326,false
3cfb5852cbdcb46e,false
52ff39f925302007,true
04f4ee7925e88db1,false
73a7f8a9ab42814d,false
ff8d07fd9809d5aa,false
48653ccdd421175e,false
c66bb05859b86bce,false
9da09fc7d590d90c,false
4a058c93d2ff1c35,false
0e464d4334305dfb,false
1e3f9ae7933a7fa4,false
075d5a19523d222f,true
179a252f54bfac95,false
36b22a5ac36ae80e,false
50a796a64802e53b,false
f089ea975bf135b1,false
3910376a08bc1771,false
e148e8c2e8d1a99b,false
1abebc28f9fc260b,false
12516a447682bd52,false
6445a6fb69d3ca49,false
5b326d8302e38de2,false
4e83a4fd3821e395,false
1e24f06a93edb33a,false
560204bb9dfb674e,false
15d7cade097ab199,false
2e1d3e14f5925426,false
45e50fa0a3c2a1c8,true
56fc76643f9b3420,true
4005575c74fdf2a0,false
229a4b008fc5392b,false
3a4362bfad02f22c,false
60d74697b65c9456,false
6b24f174e55e6d20,false
11b8dcf46b160239,false
e6a81e99f9cc4956,true
57c3ee17ec24ff19,false
7c154e674a7cd33f,false
315a6b64fe59d7b5,false
1300fdaced6d7cb9,false
4fe73798010f680d,false
22c16d17822b48c0,false
72cb645de16ea81d,false
005da067f862ade8,false
29a2556ae8bfcc74,false
0018d0e4a51f320a,true
33721124921d56e9,false
554a274e4e4240e4,false
1ad139c9968715ca,false
14636fd9b5257bdf,false
7b9fba5b0718b367,false
39615173d64ec0a8,false
5938bd47b3b6a2dc,false
e1baad20f3e95f05,false
22b88b16c65c3b83,false
7ba2335df1d9109c,false
29a9dc0827235d77,false
b783660164e32ed5,false
301a1e394b716d1b,false
c65c5eb0b6e84841,false
3209f41bfa0fd88b,false
22ce113f8455deb6,false
7c71352357bc13b7,true
3872e9cb57e5524d,false
54f3284b0142b2a6,false
4edc7c6c0050a9fd,false
58641409ca537909,false
3cd8c037dc31ab39,false
3c50ba52f1ec8271,false
6e22f6eadf97099f,false
0b0712a953b3c8f2,false
2e634225f13c967b,false
0fe707541e33c22c,false
0b079086a68a55a0,false
e1edb24fd1348471,false
b11fce0ff2b25677,true
fc7d4e2604784e30,false
cb62bfd020b3d58e,false
18746fdf698d60e9,false
57eb3035b40d8ae4,false
2ab59cba49f017b5,false
1ad35e6b78520f7d,false
3ca44181aa86baa1,true
65a4b2755586300c,true
756ef831717a201a,false
8af0896d9c365820,false
483637883784a315,false
3df24e02cad0d897,false
ae208ba7b6fa48bd,false
63b92312b77359dd,false
64e91e9178242ad7,true
4e075f1629f409f5,false
3fca5de0cc28a75a,false
011f67bea4d2bc3b,false
689b80132ba33e63,false
24fe85b855cba4f2,false
73c676740584d929,false
11c567a7b11e7068,false
39dfe38f20cc50b6,true
8d5e786ab4cb5d0f,false
175aa10014c99801,false
ca307077303ce1c9,false
4fd648ceebc7606c,false
24df2cb889f61568,false
15d45d8e39103212,false
78a535eedaaf5999,false
47a6b52f3486527e,false
1ec726eed1f35c2d,false
653a1988013011c6,false
0a5f1a0fbefcad07,false
282d5a8f801e3580,false
55976bee9087c261,false
05bf00599ee617ea,false
7cb129745c7c1a5a,false
315e527be0281de0,false
8ec41a5cc78dd6f9,false
e03a8002d0f19d6c,false
70e31bad33b296e0,false
7c98fbefcad6c0e6,false
88318923bbf83b88,true
214be33d7514390e,false
6f06a403c4f62afa,false
33c6a75fdb028392,false
6eed21c17c368b29,false
6f6e4d478cbdebdc,true
052208aa06ae58a2,false
45e6bf708b430f93,false
26f908dfc0c711b1,false
6cbb2e18b1e06b11,false
6bc7936d71de40a8,false
72e0d517fb9eb036,false
699970ceb9cc6684,false
a969a4efd9f72b8c,true
00f9ca5bf66f5761,true
5e5ec92e309e8fe9,true
514644adef29ecb5,false
7acbc471c559324d,false
ada4a0ab47fb3647,false
0a445234bafbefb1,false
1477830842f94a11,false
4cc1a926efc031c8,false
314381ed93bbbf8a,false
62d2e0367c5f3052,false
4eac0dd0939d9d3f,false
796c7cbc756b7c08,false
7a8e62c69b714c60,false
4d59419ce8335f20,false
38e31885cea87fe0,false
18e22357b591bf62,false
486e893a91d7b08c,false
570b937b4e09693c,false
12c2528c5347472c,false
73c48bcf2daa12dc,false
4ce4a3c03eb84ecb,false
52a223324ecdc380,false
c0b5a601ff4a3550,false
5f7dfb97732da297,false
31afbde617b1b72e,false
52775f802d41dfcc,false
0a3a58f07cd81e33,false
c0097a0ba3fc9963,false
845a011b0679a7b5,false
73c4aa872e0284f2,false
2e537d8ef35dd6c2,false
2fc2d4cb49b2580e,false
902a7bcd59605604,false
e4b5dc3ca4c41470,false
22516b3d4fbac992,true
5475081c89fe373f,false
e401f39615c1890a,false
73197b9ed96bfbe7,false
0c0c5524bc869f4c,false
100e2b5117785197,false
65bfc3de931e00ff,true
5d07610be0435faa,false
730d28f74e2f7a4e,false
22b1da09cd6d0f8c,true
7422fed775ded1a1,false
11501e0baa9ff279,false
d0a3fa385f97248c,false
f49452d25d3451dd,false
5c90bbb688534a4a,false
7c5c85a35d4929d3,false
1ca0caf71952f86b,false
19d539f1b46f1b5e,false
95ade58fa0a74f2e,false
71a75d1f226eb61c,false
26d5d5d1aaef873d,false
a065f6fd6bd323a1,true
b6a0a3dfadb4ce26,false
4be344a650668366,false
70e1609c9e203803,false
4257e00fae1b606d,false
716b54835414b5bc,false
19f24df35234970a,false
e36b9a30f306c84a,false
6cff174401af4fe5,false
38bd7040d60161f6,true
bdceb5945042850a,false
49517cef4a9f7cd3,false
4c0aff33a8944854,false
0224c3e59fbfb494,false
1aedb2e5e10611db,false
69e6591c1e59d0af,false
51e334ee073baae5,false
22be56a62d33fd39,false
71fc428ff5fdfb2a,false
4347646347c52d90,false
2f84669fbfc5615f,false
40780edfc0c091c2,false
bea6c9abf423caf1,false
1cb04f7c8768c2a1,false
36a1ede6d9d9e0ac,false
2ce4fe288be162e1,false
103811f2b2dd6820,false
0f281ab4e8043e4f,false
0a27f87fff47f859,false
cd75c1c2c0b3e6b7,false
75a793ebc39fde07,false
521d93a98acb89e2,false
b7f93fcba32d8029,true
59549ba1af71fa6f,false
1284f0be227da2a5,false
4e08aabd3ce3f32c,false
a5eeae3e255d9374,false
5285870d6c9d76f1,false
4fe756090060dbd4,false
131097593b7e218c,false
3e8b670865d37167,false
0eff221cb9626894,false
062ce85f041d343f,true
d855ade032bf5464,false
063c3eef144bcba8,true
51b36ae7d2b452e4,false
bb7aa7246a1514da,false
064cd5c3b704d1b1,false
555dda27bcf4304c,false
4e27a5b8cd12a93c,false
65eb53f14ee759aa,false
59f926201d1be3aa,false
7946d1d0215c2ff1,false
3025d00f70b19829,false
41694015457b5ebe,false
05ca9ebf1bdba9b6,false
11ea9f89ba009ec6,false
6a040e4aaff16453,false
5c2e8f479dfdecd8,false
44e744a07036d5c8,false
124a8dafc0c2c9a8,true
66a47998b9d59ab2,false
25eeee4b9006bf6e,false
7ae2e4ce690bbe07,false
5cf3c9f572da75df,false
fe12b2328fdf939a,false
4136b05757684ddb,true
3065647b84eac464,true
4e246925fbc3ed3e,false
49f86c7b47dbd4d2,false
0b7dedbf4e213c6e,false
1afa573636563cf5,false
1af0f17851a9c4c0,false
2cf9c287ca92e16f,true
1664554d1d056d2b,false
32bfb1b4c777cfc3,false
57c5a654eb4fc414,false
532aae80758b4029,false
4fb8832875a7306b,true
5189f8e852789846,false
663df16341726126,false
64dfc12c80623f81,false
11441088e8a9b33f,false
623700549cf44581,false
25fbd0575cf305d8,false
2b3211103cbb8868,false
300a18c2e0da3ee7,false
77f279293f40fe9f,false
3ccb81a99a018e52,false
385cdcbbad84cbea,false
19e197fb2f7cb28c,false
2d25b6b3170df41c,false
5d3155c568049bda,false
11aeda50ec23263b,false
59c3c224549515c4,false
575e644b6699d72c,false
6ff06cce70ba2a87,false
4bb65afd782aaaeb,false
2677b80c256b498f,false
75754920f9a35395,false
16c893f51e2fd4bc,false
63aece9ec5922238,false
08d500e7df3e2061,false
2ef24ab679726971,false
a1df17f5205c42e9,false
3be375154ed6e516,false
567b97003d1eb623,false
a4c6339e1653728c,false
73e4a48d8e41c261,false
1dfac4c25cf336d0,false
428602063591ac6e,false
35a24f42e785d5ae,false
5c14e58accf09954,false
59f9fafd2ec57603,false
16383bff716135b1,false
d86091bedffb917a,false
8716a52e459e3c05,false
22a74e4230ac67dc,false
1fe0d9731f667fbb,false
4f521965c6121f63,false
5fe6f48db943dfb1,false
d2c6f3c22e292d27,false
11a22e678a49a7a8,false
4146a8f680afa5bc,false
20dcd7a851f2ac85,false
8f3bcc08ac2b0798,false
51b36147fe2b018e,false
62d97efb158de29a,false
348cbb57d29c6017,false
69e144d99450ed7f,false
71e83e85713ef127,false
24d2b8f14d3e2c8a,false
55020caa03539f7e,false
efa7da4ac16de325,false
eef45f4bbae548fc,false
9349fe39f8884a48,true
41a1046a1da32702,false
6a4b76e48b75192c,false
5f488fe54c2536b4,false
fa80b52f5b6d2726,false
6d63cfcc0b7e7f7f,false
31d49470e73d4c88,false
d08bba937fdbd626,false
ff1edddbe6e37b2e,true
6cbaed0c59da3578,false
9656a40c93186248,true
0cfe008f5ff1765b,true
461930fcc28b62ad,false
17a4eb252fc5dd6c,false
120fc3c8807ae47b,false
7e387da88ba2fb38,false
7ea560e509caeb65,false
982b7a9686bd92d8,false
4854fe481d79a150,false
1126983210ca163c,false
7b9ebe7d8037de51,false
aa0de35bc14e9b5d,false
0d82046ee1661a31,false
f528b899c5a6e84a,false
51a5288844991568,false
7008611dbd6dd424,false
33ede35fbbfe4a53,false
39f97b4ddfa78b93,false
31f21749b674cb81,true
732788e7399a03ca,false
694d582c91a4b075,false
1fb76cd0099e10e8,false
42f2bd9193a52d55,false
d5d85163c1f772ec,false
4089d60270aff9e1,false
7b778067121aca5e,false
1afd8539966bf413,false
02e1f23c9ba3c54c,false
4974b5a0d4175cc9,false
46dd3d00e0f1ff9b,false
2580c8ac2de9ca94,false
1375044518c3fb82,false
254a5e505914512b,false
21b8ff01cf4edc91,false
25594800dcaee1f2,false
2609d698d12dd57a,false
73b93f1bc2b5b5d3,false
2b406d2e6f77dbc7,false
1d2f240815cb968e,false
23b62178614f1805,true
47675ea14b594f7a,false
70074855d3956c6c,false
2ba74d7bf5d1787b,false
7e21f34a51533426,false
5517b34fa756660c,false
0e8c85e44e6c0fe7,false
315b3da78ce948e5,true
4ef3f14b9feef9a4,false
c113305d528ddb89,false
69d70f4ee18bb496,false
4e6d5a6ef24430b3,false
4e75df1b1f495d83,false
89a66721a54a795f,true
641afb54e250cf4e,false
143416897ca218cd,false
91510ef28fd73511,false
3b35c59f1370ad0f,false
15312271414750cc,false
56cf1ef738f4cccc,false
b1d994b076dab07b,true
6a2fce51db0786b0,false
76e70b4cc78acc79,false
2ff44762b408bb80,false
22f59a9fd345e9f9,false
5c3ccba292adf2d6,false
77f0d1e781937282,false
e48371b17c3639b5,false
35a290c5abbbedcd,false
1887e95585b2a905,false
3e0acf4fe28a71b1,false
07cd2153b3094b9e,false
17f4702087bc5e77,false
374f569480e75943,true
387a7b7bafc6753d,false
23f0cd5dd7fde93e,false
3efb5ea784ab05c3,false
1de718b68fc81719,false
a3f274ef0f63c1f7,false
23f45bdf4e085545,false
3fa2a7db5144bf31,false
8f60fba732716abb,false
3fe8dc30142b9090,false
04c6f33e59d01610,false
29d8a22cfdc929ab,false
10459ee256c16bf0,false
688acd945ebb6754,false
ab2728b836e61708,false
45a6822b2dd4a58c,false
6bee79259a42467a,false
ef8fbd784db3a362,false
149e4642810b2f5b,false
4d847b78a8b20507,false
32671a9875b63233,false
25d0e456dde7be68,false
749a6f57ed9325ce,false
91cd0c2de1f60c3c,false
63961648775e5275,false
080c38031472887f,false
2ada88d21efdc32a,false
51abac2edbc1904b,false
b5130f94a979f4b6,false
7bf302283673498c,false
292654a9dc9d028a,true
96e4172c4c1852ca,false
1801f2e489a1fd1d,false
00aae8afaf3c5f53,false
4746fc29b422ad1d,true
01d9afd33aeda3fc,false
9eb32ac3973db463,false
3bd0ef9d20dfcb8c,false
3e81b3fc69a53a73,false
1a728db2c775bf72,false
767efc3416f60a31,false
4c2a162db1b1a204,false
c8c8789cbe1d102c,false
4a005dd03852ac74,false
2f93c7278589fe48,false
01b62e8da1df6244,false
5444d36fa2c76dc9,false
b11ebd023a6852e9,true
5b6783a9b8290769,false
505702045739c120,false
6a61b7dad95dabf2,false
18126b6a9e1d89e7,false
693215950defd454,false
13f6136a105d1ad1,false
9214fc607b765787,true
4f3a792ea819ba64,false
365a2c1c152dc841,false
4cc59f5189205854,false
b986918df42e8690,true
1df4e0997e1065c8,false
0c2f1a846ff60106,false
42c5f00f35ee3f0a,false
78c8146ff86296d6,false
ba87756293a80eaa,false
fbba2dedd29d4cda,false
fe3e753c603bf24a,false
6b9cace5e7b51beb,false
3ef4dee1b2569322,false
409f9fa0178b233c,false
4fded2c384a1f7d5,false
55d037b1c7a18371,false
927919740838758e,false
1c78e0df537799f5,false
dc623eee9cab33f0,false
104ef949d708a5fe,false
2d7218c38b233496,false
10652fc179a118eb,false
6d775d76d4ee4116,false
7b1f772bda77e5bf,false
975ebd0336d8a992,false
db92128cbbcb03d8,false
45eefe7cc8d0a791,false
e21473d3b84960cd,true
62f18f9708ed482b,false
4a7bdd60a8448eab,false
185b861b2ac8296e,false
9a8cdc6f2ce3d0c1,false
32a9ba531e103494,true
471a846765e9bbb3,false
344a74255aba0c18,false
5cded9bcb7164eac,false
7bd8a001772b0970,false
6a9110fdc6c159d9,true
0721c5d6b12620be,false
54c7741756724da8,true
b6b2ec11fe511df5,false
34615ab195b51067,false
79203f4cbbe5537b,false
5ac9c851e7352cd7,false
46a9e9bb3f7ecc4a,false
21b3a7fdfddf4a6a,false
abd5eeab3de0923b,false
47c3ca26e2df1cb9,false
528f484708bea890,false
d601e2a186a1454e,false
40a52345957b0d98,true
483a3341420cecf7,false
5c4e59f8a9272c67,false
e90f0037401c46eb,false
78269e57b84f94f0,false
362c8983984521af,false
20e0fbf3a688a97f,true
62efe1f0037f65ea,false
89d5b030164c9e80,false
50ab8d6df71a1a0b,true
fe4fe76ec28cd272,false
4069e237a64db4fc,false
6ad18789b0e56719,false
df3cf263ff8a7bc9,true
9642f2ccf6154caa,false
47ff6a833e1525a1,false
2c6146d141eb97a0,false
1fa2ebbfed4bca54,false
275ce9d371c74e21,false
23edc23905c59f82,false
9bbc11df33f4cdd7,true
4667dc54aa90c4cb,false
25d03fb12e688fc8,false
099669a8986decf3,true
2c06c8e62dd41502,false
706394e5292f7ca8,false
4589e648bca9971b,false
1228cf8277f34305,false
40ca5bc4e26a6559,true
34df36656ba177cd,false
45fa8449a729a7d5,false
c7e8e4b6e761fb8f,false
31ccc05b2756bb0c,false
7409fe7f292c894b,false
0a809035391d42d8,false
3e81893c6a0d2dfd,false
47fc1bd978b38ffa,false
6bd08766c5b3037a,false
1eb13c49a1ac21ce,false
4824e3dcc969487f,false
7f971188ffcbdca8,false
93fe5c4b46208c77,false
37e713ace6354fa9,false
6450cb0fd103d2cb,true
3e6f16fc72bcd96e,false
2ea89ac508e355fc,false
608f95e20945aa4b,false
55c610fea986e049,true
d44019c7050ac069,false
51e9215c1ec197db,false
0a6628d5b61418d6,false
8c18177ea44df41a,true
c42e030c4a74e19a,false
268ff42a6e9ca7fd,false
7ba29e434e79a14d,false
000d2087ae518218,false
4d6ec350235af46a,false
6e9ff1da97209b3a,false
2e5c47593f4c669e,false
1c057049667698ac,false
8ed2dbe89a6bf3fb,false
c4f9d54e1a185a21,false
7552977c6768f1b8,false
63a78f1da59d65c2,false
488c9ec66036e75c,false
b1aa936cc7bab36c,false
59a757ffefccd5ab,false
276350bc4eb7a11f,false
3a73881b7993456e,false
2f2b08a7433810f5,false
08e679b1e0e0fb6e,false
ebd715272c772975,false
111bee618420a452,true
5f796968cb92ec42,false
b96ed7ca177977ce,false
7508de1e76c4f486,false
55e0e61c9e7c9f85,false
033bad3294b65f58,true
499bb511113723fc,false
4997f8aef5b51c2c,false
5ccae57a7bc6ec05,false
3b47b92dd5dc4ed6,false
57c5723541fb0700,false
7afb9c4551d27bd7,false
6c938a4e6ab58a23,false
37ad944b759b35b0,false
567ab26a7ac54ba3,false
47b5b452b278433e,false
81f4a43e66071f1d,false
dabebdef578a5e6b,false
6c14435516401021,false
437c358cc1a01961,false
334d4a27cab77e8d,false
63248497862f4b53,false
50c7087d9d56fd39,true
80c41e3ca8dfb6be,false
3e75865a29823b3d,false
1f73f225a7d20f60,false
00f1e3c8583df180,false
27a03d7b2af3550c,false
3023e17b9bc195c6,false
3cb2e268ae1d41f3,false
c6412528189833f2,false
5aa42faa6beef365,true
c2c1fe3ce7e8b03f,false
172bb4cdf5fc82ad,false
fdd2746c72fc6f24,false
53a914cb01731468,false
6bbe3b5c1ef15399,false
37b7a65afc06796b,false
2a5866e96a37587f,false
2bd55f4907dc801e,false
1fbfab175764371b,false
42b4eb1b3c7dfa51,false
b0b42b85b2a12792,false
4d43c2429f6f782f,false
80bfbea3d84de947,false
014bad465282ce1e,false
023200ee2e5c2714,false
208a187fd360bfbf,false
1c068a513750c9aa,false
ce2da40e484189d8,false
65a36ddc74e5831e,false
e2d56f718aa435bf,false
20254a5dc2d5213b,false
5f3a92a6bbd4bd75,false
46b98040f53cecbc,false
0398241025e4c906,false
5d8d7b1ba9e2ce30,false
6822e582457c6ca3,false
cfa211ab472f4471,false
2c19c4fe5dc7c92a,false
06970514d4803d2a,false
75e70f6707398e5b,false
103b7a6b909dcb3d,false
c5de63c67e3061c4,false
a7eeb133390f581e,false
553fa20c512a93bd,false
472ee2b8e47a4ec3,false
326674d3b0003a38,false
3469d747bd624662,true
1900873fdbf3d1dd,false
b23561beebed6dd8,false
daaf03345b547a3a,true
473e985f07cf68cf,false
4222715dc92b7a17,false
39c2395629a3921d,false
363e820c477356c3,false
ace717bf0f9f59ce,false
929fcdf67a961859,false
7fc6204d9b8cb410,false
6001387d74c68d13,false
788a5b798cc22b9a,false
4b2590cc37fbd793,false
34a2800571159fca,false
17bd49d81b8817c0,false
11a8a7cc05e8d579,false
02e8b755fc5d48e8,false
f7f5cec80402b979,false
dbb92d2f0208c33f,false
cdd68327d08a7870,false
29dbdf641c3cfd5c,false
7107d73bd002bc5a,false
e1b2e236f172d7d0,false
3acb019f9008a3b1,false
1ef1d208544282d9,false
767483c5c944f97a,false
a98a86c88bf94546,false
cce27db4d9b67f11,false
00435b30738d307f,false
5522e62373b51f21,false
19c4374b57cd4f77,false
d805bc5a9dd3e3fa,false
02b03c5e039c623e,false
276d63b29684d232,false
17ffd270e900c70a,false
6ba8a67e0f8a6982,false
65cefda0962b73aa,false
d03ced37c1334303,false
5fcb12f8baa17001,false
362b81d70226929b,true
2a3267a496187277,false
55178db8868ed3ee,false
50cd8fbc1aea5d8d,false
46f001e11c949892,false
68a50e550ece1605,false
fe2c4edf3b5f8fc4,false
6f18ac6d290ba6ed,false
18e0fa546fb9a669,false
11d6b734cde970ec,false
315289b60194a66d,true
681da41be8c7d374,false
336ce0f5e01686f1,true
6d3904ae4b9c2e99,false
7e1f881cc46c1d17,false
85a5cf19606bfdef,false
751be6d6ae5993cd,false
7c3ca8679105eb1b,false
44395d4057d3d2a3,false
7fb6d02ec41f9823,false
5e9d54ed4d192230,false
b90b90605759957f,false
0cdbd306bd5f95ac,false
b7d5924b3b1078ab,false
244aace88cbeb01e,false
5664ff12042e1002,false
12b0894e583ddf9e,false
040938d6c87c76bf,false
57bac59166077758,false
785727ebeebe9160,false
0e79decb9705303a,false
724a0fc67fefdb75,false
75106c28e5a159ac,false
47c6df38cef2e355,false
778ba45ff53c705c,false
aeae9675503fb3cf,false
2fe7f60d748defef,false
d909e69d11e308ae,false
3082395f7e133c15,false
230eccf7420b8f5a,true
7bdb5180b66a318d,false
3eee8e6bc9eb1d5b,false
373aeb66309fc31c,false
68b3e2d9b473b2b6,false
ec839b3cbcbe8c95,false
568e1771d8ed7cac,false
3cd5bada0e72eae3,false
253475410e8fec1a,false
0e0449679b15ea73,false
0526ba8d5d85555a,false
655e835f566f6b09,false
3b14614d9f064bdb,false
5be0a1e977d98094,false
7c1fe56de499475a,false
f8bec58b2f7bb2f7,false
a4c34cb5eb4a39dd,true
76c627324d8a13ce,false
3f7b1b124f11cab4,false
603b74feb7854187,false
34850a6ed31045b9,false
6e3288e90d597995,false
3d0d08a511b6e642,false
2a48d6b0a8516a08,false
f607f84da1a1f732,false
1a3f0e2489f7107d,false
d7faec50086d6022,false
cbf4fc609ae7e450,false
58b9ef12b50cb7cb,false
993a4f7be2d5c5bc,false
663dbd5475c0ac12,false
22d99916417e7abf,false
69e4f44e3c4d3e0b,false
4880632fc5da04ee,false
4c26b63f554d7969,false
06a3ea1e5f747747,false
8a3c52432ab67fa6,false
3f1afb733feb5a3e,false
5f26a385344b63a1,false
087206f117b36dbc,false
1584f05cd173fd47,false
29a10a06617856f3,false
96c2dfa7938d7096,false
3ccce7ce8524392e,false
7c40e6eba7a2aa05,false
753da3bc41f983fd,false
b3533faaf7effbbf,false
05b7a69b4435c235,false
c39e74d8d642c4a9,false
79168f2d48eeeb57,false
1e75f85c3f4754de,false
26e98dccb098a435,false
3a93d4d42c0bdda3,false
6c0323c055f4d23a,false
075d462968af23ed,false
9487b8dcc7b15f82,false
c03b3912ad035125,false
68e6a14c06bbbdce,false
8978d1894cf308ce,false
54ecd314d88dd5cf,false
7685cde9431902ad,false
7fddd6d0dc091d2a,false
324e28ef57461bce,true
3a0e7b11a5f962cb,false
1a8204be2a4475c6,false
5560e4c2bf735469,false
05ef0dec33ed98a7,false
da87083b6e292165,false
45f773bf980dc426,false
6cd8848dfe1e4ef7,false
17a7cf6c1516e0ae,false
4f15e23fa83f7a8e,false
6e5ccc04a32abc53,false
f5178315e70d86f9,false
4898bb6316fbf6d9,false
38079a7498815d51,false
313e9c302c590b5d,false
0bfd9afdf77b221f,false
5a454389403f0671,false
cc1e6a67e0bfe453,false
05ba870371b54c0a,true
35d311a5689f336e,false
b19779c808293967,false
03ca463eabc40cb7,false
0fe0358abcd3493d,false
74d2a11a716c8869,false
41dd66c204f23c43,false
09a49002173de02d,false
508f1b32574b23d7,false
79c8c0067a0af46a,false
29df753a3d43f308,false
37013c249a8d320f,true
179f5184b56c4840,true
57b2eab57e7879f5,false
c930fa709b545afe,false
49b171921dada536,false
3009c3260fa55e01,false
7e2b3c9fa511af7f,true
1b563b5f53c8131b,false
3c96d1ce4118539b,false
e48a4b179db903b1,false
7f9bfa9cfa6c4c16,false
937c2239d0fb2776,false
240155754c768c24,false
7bc8fa07506ae43a,false
f406954b80ffc4bb,false
28d9e76f60d51e90,false
624ae5556d6a9b91,false
809c9c902a50eeaa,true
75e23e70180e7642,false
fcf600fa37ea7b75,false
9f0d45885b5653ff,true
6231c89c211c8f94,false
55cdd6c52d4d5a33,false
525b7f4b28bdee77,false
447f06f6a7333ad6,false
000596ffe2f028b1,false
23346b4dbc912117,false
36737f725c256678,false
49b27b1fb32edd33,false
0120b2104b6475ca,false
1964eb4825c66c84,false
2b6d4d4081da581a,false
40c53a9ec648e6d2,false
be502b333ae5ed11,false
b3e600ae4cf6f416,false
8d6d41b169a04a10,true
00414f9d469b52ec,false
01a5258f760983c5,false
51194f64d2e965f4,false
ae246b59037c9176,true
8228f5461494191a,false
d20bbea8ea4ec06b,false
2941e8a7c50163eb,false
5016da1c577011d0,false
f73bfe42615e0e93,false
71243d377c1b7e5d,false
c77967a79cd02663,false
3b14f041a2446a1c,false
d764ffcd51f77e31,false
112770b79f0b6c12,true
9c9f19aff9eab7c9,true
d257acdd039af6a4,false
34c136744b1a67f8,false
371540ce25ae61cd,false
92f80fff9d571a50,false
929f83c997d95c82,true
4d38755a1af2c275,false
ea8a5a691195cc4a,false
466363c95d27334d,true
9102e694e9d9f0e5,true
ba5a17683a1d860b,false
3218567004ebaecc,false
74c894cb7ddc0da3,false
1eb50d16a3cb508a,false
0c714d39004fc057,false
50d67903781b3460,false
500444d7c42e6f21,false
723aef842fda85d5,false
71e3dcf9827d09d0,false
3349df5ba503dbec,false
2e2d61e96548d50d,false
15d84b778f06dbe0,false
4d7d3640d7f414e8,false
e9f1babf535c1875,false
73f4d610a9da7f00,false
2b66f8acca5f0940,false
b1de181403931ece,false
ab8a4af64b9ab6fa,false
100499a3c56d6b8e,false
01554ed98be224ff,false
0daec3bc35a7390e,false
4196c97474a875a2,false
ec97bb87e3acb699,false
20dac14f668364b8,true
7b901e069118a1f8,false
c0ef3c43bcd7730d,false
4e964c55889093cf,false
5f9030c0f272aae0,false
cfa510722fb73e94,false
f51db604cbf86588,false
03106b92be3ef215,false
06ada9db00d5224d,false
2e0e0a352f1ed052,false
34ee8429c13e8157,false
635f522e81916a9b,false
75576d2ffe8bcc2e,false
1a32dac4da1a14fd,false
5ddc8945c8e6dbb2,false
1030c373bd1f6de6,false
7314dac5255af800,false
534fc91978ebfb12,false
04bf2ff71277831c,false
39516cd1f0fd5ddd,false
028f970e8909a88d,false
39d8e68767d9812f,false
f4ef4ce3f40e6da6,false
b9402cfaae52c85b,false
1c705e1899a88c5c,false
12746bd233a67d7f,false
2fb4e69f88bc60c9,false
1a72f5293bc3e1b9,true
047e3df5e6934753,false
7b1c78cb747e2506,true
fef67f5f467a1d10,false
7bc704940a2278af,false
7220bf5977aeb8dc,true
c6e54348cfe96025,true
99a1f5eea90c1f85,false
6d18a4caed8fda80,false
2a2726c998dab858,false
1cb3593a3944eed5,false
7b6a7e7521235f2f,true
019165b0f4c1e1e7,false
3bf15b265646eac4,false
5dee17e5dc4968e9,false
11c6abbf435b1222,false
3459118cb21be253,true
aaa15a2785380709,false
5b5a56f9943f39ed,false
1ae132ba5c1102e0,false
d5b46b927d6d4290,true
2561275429c5805f,true
09a9cd1cc11a4988,false
c5c25a51f79e1239,true
0f3c88f64fc700d6,false
71da69c2028a5be7,false
2e352175dbadb043,true
2f627781ffa65ce2,false
76eaab3bcb02ddb6,false
3ab20142de0f976f,false
f08ec914ce72a7d3,false
59a49f339dab40bf,false
1f722f07fa92f1e4,false
01a33b9679c3278c,false
62769404a974af00,true
515eec9620eb66df,false
473ab4835c1ae41b,false
f70da176aff846e2,true
7c2720f292f77729,false
54fbab13401c6d41,false
2d60800f41006f83,false
75d4770be65e1934,false
b9e75c27b89c0e84,false
68a1d13ef97b325d,false
351547132b718338,false
566443c455322e34,false
7a4186748d5a742e,false
085a8f273890deba,false
e2a80ba66569d4b5,false
3b85b881b4235af5,false
254edd1d89a2447c,false
103982097cfb86fb,false
2337981de1936e90,true
16ead3e46a7a531d,false
1d9c1641c9beb13b,false
0993c4dccfff4c84,false
5218e3a47188e327,false
092238c6f442d331,false
21633a10e76fa843,false
2ed092d8ac9cb58c,false
7a65d2e3e7e76ba0,false
000338c7837a272b,false
442102d2f01f8f7e,false
1baa1f747e45fb53,false
6f574a672b24d22a,false
5f1acb861971d369,false
b02e80722b30a095,false
e30a0c0652f6655e,false
01e34942c5fd9aeb,false
954169e09106ed55,false
5821b1df4c47d99a,false
7ef95a2bca7cb27a,false
98f0fb68d2d6c7f3,true
56c4b0e58bc3ea3f,false
628fbb8c4ac6fe30,false
1d14da99b7f6bc98,false
7f06d5f05e3aa9e5,false
5727e8e32db10360,false
3e8ffb0d952e985d,false
4339aaf3f83c5f17,true
066d0a7616a59787,true
3af2c1e44f73e646,false
e90e280af1e8b081,false
0ea2d9a23956046a,false
cd841cc919e891b4,false
082fcbbc5548208a,false
59ee4822faf15659,false
32363092cc5e3571,false
7e626c10ceed2f74,false
2a37c1d3b3068505,false
37d606f62e9fbf27,false
501f1af937174705,false
a7d0a769ece71bba,false
1e59dc6d71453166,false
fae36058870b6ce4,true
cdc104fac7adb987,true
34bbfebc8799e64e,false
610aef54d1f7938d,false
0ab8619323e473d7,false
4ea2ee90b56ba762,true
681ec8fc59e16876,true
4db424ca28a37226,false
3cde098f47953ebf,false
0c4f2fdb2f042596,false
2d38f1a6fe9b891e,false
2bbff185ce10585f,false
3f1cb73d47b61280,false
b99757987604f3dc,false
5561d2035459fb77,true
696f30f7bc6e8798,false
ab66dee6ea1548f2,false
41e3ee82850464f3,false
8ab51f60a79899d4,false
5450538c980ed2c9,false
4c96647953dd21f5,false
5aa90f50f901b619,true
0323f351ec0e5a0d,false
34aa505d7a0e1966,false
d86a8cfe2a1e59c5,false
4c4a3b4420d27455,false
197f773d5da42678,true
098eecb31f582436,false
34dd4dc33cb4987a,true
670a23b9c24cf21e,false
197613054c0adca5,false
c6771887ba990054,false
6abc73ae5c958042,false
556ab27c7c689bad,false
ce8d5073507635ef,false
24d3745069cd852e,true
a8183f99280a246f,false
a05a1f1b55eb7f2e,false
22b6b7977643d683,false
833d2cacf6b2fd46,false
30acfa2de232d43f,false
1923d9c72b6277a2,false
34168880962e4179,false
59a0541a29e9aaa7,false
471140eb845efb2a,false
3d6d9cff7c76b807,false
63b534e24cd90257,false
368711ea213375e3,false
6c926455a47b153f,false
7f72997ff428412a,false
5195fc04afb3da1b,false
51b8d7a077427e25,false
48f8d9446a1b4569,false
29f1690f4d2cbd6d,false
6fadb07c3d4a335e,false
1092ad0fe45fed58,false
78a4f8e896d65892,false
13eacee392b32b89,false
01aaee7081e434ac,false
156b99a56e8e1514,false
3db8643e8c8d7e94,false
032aa184eb26869b,false
3379911c52492700,true
2a49675d74a4a49b,false
a5c5a8fdd99a39ab,false
6d94ad18a5c54abe,false
b617c2f8fb412c0e,false
7400fb36dc12fa9e,false
a66edb2d4609aa60,false
570985fc02720421,false
6d8b2d1bc192f76e,false
2a001c7ba8df4b4a,false
919ee31323617fbc,false
29fde223469935cc,false
4daf15f7febbdea9,false
24ae1692d8038a58,false
2ad18f200c7da55e,false
c18998b5e7de6671,false
0536f59735a5eff9,false
7b85d7da84681d85,false
392e720a7c8c0978,false
1c7fd0f94e593196,false
f2fc28a7154f5a4b,false
4433da31789cd23e,false
73057533fca3af64,false
979ad814b017a4a2,false
72aafd5e97bb8264,false
5f34a7a331500dab,false
2a7df91c9cbc443b,false
500994459a47895f,false
abfa3c6ceeb116a1,true
53d7818481f0acde,false
00918a6f7d707cfc,false
3a5a8ef1e69de804,true
73cb5d99e2be616c,false
62f5ab9cead01a73,false
010d3187bf05b0de,false
6e5d9922fdde8641,false
5be18072784f5291,false
e4fa827d315a84b1,false
fd931c0ca71ca5e6,false
24d91444591f4d54,false
31d70e28f4b994fa,false
2a8eff1d30e28453,false
26029687587e97ba,false
64ce88fd29441256,false
403e407dbdcc7260,false
20ea2d9a81378d49,false
03d037e041744130,false
daabc0661865cd23,false
2f68c037cc4a396c,false
17bdb725be5a0fc0,false
ffb465572fd6673e,false
900b7839a0e8a2e1,true
6c19e50b00f03ee7,false
3f06153549a39ac2,true
13743f9c1b881d6e,false
323c2a2a7e80305a,false
187dc9eb4db9ab9b,false
1a5489e0cfe06dbe,false
2cbc999a36787b65,false
39274ce4c07eae7c,false
26bbd6297a018902,false
69b5b2fb797e2f24,false
1a4d32db9c609095,false
c6193dc3097624fd,false
0ebf4abd5cc586e5,false
7989ec5f7328d48c,false
b2b3cf5883f9b851,false
4bbd3419ee7313f5,false
151bcd4019f467a0,false
2eac4186e19cf028,false
adb36ecbe14d553b,false
47dd16de4d4e48d3,false
06a4570db2485605,false
184f02e48f537911,false
4df5184529a8b213,false
0edf96a37d8667a4,false
62ed7073961736f9,false
08293267e43029db,true
0402579e21d85478,false
f297b4ef63739b1a,true
5b1c471ad977dc7f,true
0b695f78118dc63c,false
03a7ac48c4e482ce,false
782bebc2fe09b3b1,false
5d5842841a5ef1ac,false
872c0e5cdf3ececb,false
6514dbe2b4d62253,false
054907271a41fc06,false
cf4a6408ba13ac15,false
3b5b0be4265ff332,false
ca89d5d79e911efa,false
57b5e0ae28efe67a,false
7c36f1a9c7ffe2e1,false
6323fbc02588a566,false
d471f203727d3afe,false
2fc5c532a0893000,false
6e5d9efffd82c6a4,true
97a80f92ed5e3389,false
2bddb58a820a6eb3,false
6da8c0d47d37dc40,false
54e60d0a09c7d9a1,false
51b941469ee5bca8,false
59f4f1a3cda1119c,false
55a1959836c57056,false
060c9d7f9e1e97c3,false
43f65bf6d2b0f333,false
28a24f63c527fd8a,false
1c6c51f926d44d09,false
fcb11c4a88453744,true
2467e13c291aa894,false
2ab335545c368b71,false
4ae349508dc856b0,false
319c926ab4927b2d,false
169ae16fb6c0b4ce,false
1091e991f0d8be6c,false
19aa2e58c7889904,false
27a9128817f1cdee,false
39655e604bf75434,false
1a1f49593beea623,false
4368adc05b4712be,false
2e4b7a44767a97bd,false
066feea8bc950deb,true
79abecd427ab8322,false
02a310c7af38a4a0,false
7a58e8ece442961d,false
ed5b7af8035eb377,false
d11cac2dd3e2a4c9,false
7ee6db9fbcf345ba,false
19f85e6235aab3f8,false
1a2bf8c3a024658c,false
83de7a7506a18cee,true
34c18e58e53607b8,true
08406413e57b9104,false
19f9b01d4a75a24f,false
55395a08cd0119e1,false
b03ef0490ff50dd9,false
3064418e034236ce,false
fd5e41a009c5aefb,true
8b16e1996a933ef7,false
32e67c93c1788fa9,false
5a6c32351774c7c2,false
5bf70eed4792b283,true
849b6223070da2f9,false
23220d331c8ec385,false
fdb394b946c540b9,true
13154a43912c646b,false
7114d2e7279c046f,false
09ac239324a62472,false
2f0dd17027754599,false
7ea19bbfc85e19b1,false
3041e376f36ad13a,false
099a8d74d3c19c1a,false
3e84e59682f7c3b4,false
0b4a13292735e986,false
5afa7da665fc658f,false
236bf82aef28e3fc,false
714ec6f05d57112b,false
fc2f515d5f5697db,false
f2a47a216e17175a,false
a8ebf23640b26bf7,false
46e942323493c888,false
81a21734a966bc33,false
39c4105e4b6fdb4c,false
246f917015ff8ce0,false
2b5ff60dbd47f323,false
4b5e126a2539c4ff,false
0f92bea0d844183d,false
fe2e722a8ac2d008,false
14a1b8aa7b396534,false
096d15a59ea49771,false
3477dfa00c084fb8,false
7761cdf5da08343e,false
018f4aa438ab5fb9,false
ab15f8c27222adc9,true
2b0b4eeb280d3add,false
713469df913d2dde,false
4f7aac85aa51d603,false
6c6e631b89265fe3,false
76d3b732c5fa4dd9,false
289480f33fb831da,false
c977ffeb17227b86,false
6a3384423f24c18f,false
1b6db14870ca15cb,false
87503ee98d0b0c4e,true
38fc2196d682fab2,false
5d222345e5775c1f,false
5e90da5772a2d47f,false
02af7f51670943d7,false
4a492120739b11f6,false
41d6357b0121e830,false
7f8516d752db40bf,false
32a897b084ec1bda,false
2447f8a095b9b28c,false
12c2c5d18e58b435,false
77b946144c9e2841,false
5cbdfd70ae0adec5,false
65841b054bd62cdf,false
02418dc75448b423,false
5f8477ff3b6c9763,false
7c745f0df07edd33,false
7152c0c6231a94f5,false
d2cb6412e780e3e1,true
8ea20ab0610e6e3f,true
d5e2add2367a5ce3,false
2b9f31782bcaefa3,false
37e2684d1d5df84b,true
4b82b5a1618b59de,false
285c2763053f2787,false
0eca04abcca865fd,false
c9887297c8cad18d,true
4d4c2ed0e97a27f3,false
1b4ac7c5d13b0e59,false
df16a47e9a99e4bb,false
54215ffc4b5c5b35,false
e9a947b963bb514c,false
2ec6e075abceaa68,false
40c6a1b6de304abd,false
b6eef97c6592de08,false
19f8bd5f727f1da0,false
5e21e9371dfee7e3,false
6c351cd75d6e246b,false
727242f57a6c39b2,false
fa5db884c551a3c0,false
2b476f831da97692,false
03035b78543457a7,false
ec2695c55d15c321,false
ef780044e47a0b9f,false
5e586dea5ad6d2bf,false
4e25eb2891a79030,false
e5abb14e91d5bbda,false
5b5ae97061039df5,false
6cb20aa9f0867bf2,false
19dc87a2edd58ad7,false
eca99727e64acabf,false
e6cb3a8a94196e12,false
4829b1afc1734d78,true
4f15bc737003181d,false
24984c0ec49055a0,false
790792215b5ed379,false
58620121994b6b23,false
ca16f7932420d00a,false
188b559d5c7ad8e7,true
10ba2404d9bb2929,false
6907509dbc6c69ac,false
1a34dbdceeff3236,false
0fe61fc287ace05a,false
629fe629d44ea1fd,false
e596e355a12e2e4b,true
861b6c387f5c0ad1,true
66f2cb0d43ae9894,false
2a0b0d202b10392a,false
49f65c65fa382289,false
3be2ecc607c52f79,false
92999873187d32e3,true
29d57ea2e9339d48,false
164612e630272365,false
2dc6485ace98524a,false
76e217f2a535eba6,false
59f7b2f6918b2cdb,false
2e53fcae4e196ed1,false
4b028aea2d2b24c5,true
335eb0b8e61bf4de,true
4dfd9b64ed0aa041,false
5f4af7ad07836a5f,true
507e5ec7f9a85d32,false
428cb0f439007e2c,false
2cc4865516ad4670,false
1e17c3fc57ac2f3a,false
7532ffcf1d247061,false
194b81d0a98bb396,false
c1050336ef0c30c6,false
2616353c72953115,false
788669945acc9fd2,false
a5b063cda53af13c,false
4f7e9b8900066b9f,false
dfd358338452dabf,true
47a817facaa673de,false
2f7f13079f2ed80c,false
36f6315eb3c0f43e,false
5a50ffef0204eab5,false
7fe207d10c3c1db9,false
18071f1bb11d2321,false
53c72eac03394e1c,false
5601b187dd3e7bf2,true
3ef799241c21e099,true
67382c4ac086a6f2,false
1ccb84b07e9a985b,false
6679aea5cb5670a0,false
7d8de2457dd54700,false
59b68a1201a41cd2,false
726adb0ac953cb05,false
59f141e045cf27d6,false
393267f67a97dabe,true
2fbdc8ca5954b8eb,false
3830b89bb71add4b,false
2c39ad93eef1fcbe,false
82cc6d908f8e6a71,false
2e7d31089ecf5123,false
0aed03a29e66d4b1,false
37fb9d1b2ad86008,false
69cd1d1e4c5abc6c,false
0264ca5cf2d16039,false
966014a6b96a7813,false
622ee9a8df072ee9,false
5dba782737b09adf,false
4b20b99a10f619e4,false
d1f4bc9c4da6e077,true
453aee358efed108,false
774a456523a8e3ff,false
0d9b6edd15674034,false
a541395c66b85f79,false
3b1bae6523832082,false
2f8f236fc6444298,false
2c5c2a48e19f3286,true
2d4527d487054c7a,false
5ae7a270627bbdb0,false
a96a8c3d0f6f413a,false
8538497f84b4b6bd,false
db017a6633daf8e6,true
37446abbac934d51,false
48c15d9c1eeb2049,false
f0d00c7c205c6a14,true
021e589b70ae52a7,false
21d31bee8367e2ef,false
15ff6d047cf9e3a3,false
3a23f91cdd8b3c71,false
b0ac7605fb353217,false
131e6b829521f850,false
1d3a5b2203f46b09,true
32d08d53252edb00,false
7dae71b56d9ac317,true
79835723bd71721d,false
19624dd061afa42e,true
032df0140dea2413,false
738ea3e3b6f5cbc5,false
3acf6eed9d785ad4,false
1dc01ea75223792b,false
7927875a672d4d0e,true
1931ffbbb3d06fc2,false
42d8780ecf8b8f48,false
aa29bb758f57bd2d,false
1d199d73d9aace8b,false
0283df33545ed605,false
251c0ff14adc1109,false
68765d206f6fdbd2,false
385d2479876005e7,false
7dc2def48d39e51c,false
06717843f7734f2d,false
89537ae0037f3b72,false
b88c9daa22999d3c,false
0088491d9cd20cc3,true
6053af421ea0fadb,false
6e8aede77d14cf70,false
3838257703f594ba,false
bc3059c3646427cb,true
605b00e8af58b347,false
4f4dfbd3333c2015,false
1a6a88cb5b252442,false
27458576696f5e10,false
6b406d6dbb491b31,false
1275d0bf972e401f,false
20d070d55174f3e8,false
4ed9cc098ad02e2c,false
0fb08c6398c826c5,false
17f4ea53769eb460,false
e860b4cfab7b5039,false
203534c717923f22,false
7eb9cde0dd384cc4,false
0ef31c658345990f,false
69cb911b266f3742,false
4057abc9ed5d4f6f,false
1ec554c8dca042a1,false
4e699ca74488aeca,false
f88014dcd6933b74,false
9552c8023dcfba4d,false
43c55eb85652dde9,true
e33ea6e767347b96,false
068a0349c6e4972a,false
b7728a54937eb729,false
35cf61243e1f9c3f,false
3a839a38cb5fa504,false
756f2eb391a2f640,false
0f23e76e81164a80,false
25b60d8e7abd8a8c,true
42729d1e11d771ce,false
66ec884b8e9ad1ce,false
3683ab7de0f3f0c6,false
4229bc3454c56458,false
15606aaf65daa827,false
05ed3f2122aa67ab,false
58e35d83972b3929,false
56a698b259071be0,false
d68360b569ee8ef4,true
155f3675e7ab412a,true
7d59b38a56aa6576,false
6d65ca1deef96621,false
1034efd21d79405a,false
48e11d3894a0334b,false
09ea6056b01da025,false
7aa4966937bd0a77,false
4a46f4c09538afa0,false
7a8851f61e3e4931,false
6dc4c49671ee398d,false
c347dccb4ab08c79,false
5a611ae9f7c15a8e,false
3657bdba80740f30,false
93c5ab1658a61f7a,false
3cefbd2bdc7c77fb,false
6ce6a446b4c81e60,false
78f8cd05ea643581,false
604acc8b38fe7847,false
4b509acddbcf8415,true
a8b457ac81b6f831,false
4ac57c4d84fbb280,false
0a0c5f40704c5fbb,false
d0ffedf1e76410d9,false
3ab049be3a3cb51b,true
d7241e7a16def56b,false
6c89d937cda7b818,false
5a91ef15a8731c74,false
6d2c0803dc55c58c,true
5877533ad7b5789e,false
0cf1c03e32738af8,false
42eb49c1f8c61bfd,false
45136cfbbd4d8fda,false
978707a356ca1fa3,false
a214ac3fb2e4e77f,true
6bc83b0601b4846c,false
14996a1f57b9a6e1,false
5f10133b39815113,false
0cdc45ed622e23d9,false
ed521b71bd81d93a,false
22d3185c10e8a79e,false
b820c3f0af5b7fad,false
442e6e79ddf00875,false
4b75679d2e85ac1e,false
5f65dadcddf8215a,false
4e398e7bf0af3db1,false
7e3c242a370d151a,false
e12288e18d0a37f3,false
1b9d827e3d55d777,false
78bc2847eaa73aa5,false
678125ecd771c134,false
81ea5a09ca4d9f3e,true
935059384d173d70,false
2dc62448d62b6523,true
0625295878f685ad,false
8903c5ba71f2ff03,false
54f8e4ce71ea2262,false
576f819b8419cae9,false
c679f408b934123a,true
7ef8feb1a767dc24,false
73db4e421a75cb0b,false
ec8736d655e62081,true
7c34e2ea96b64d99,false
1d761dd4fa4e5f94,false
76f53fda16d1a403,false
599cc1909b6e1549,false
17224ce1b3e601c6,false
0489236e3dd06c69,false
d44d67dc79e648ea,true
140170b2094dabd8,false
8a56f7e698ae723e,false
a9ece76231e1f51b,true
0e85ac4e9a2de991,false
5f52e6cc74b45bb2,false
7b2e6a55d9f533f6,false
6d4873760fa8cdc1,false
580002a3dd1b2cc5,false
61a709f406becc9d,false
9bf54994d13496a9,false
42369709141c1dbe,false
158cbd79f3f07e11,false
2229f22778f56984,false
5303c796aed3d6ca,false
51e0c4068a4f0aec,true
41e751a96cf398d5,false
1c5e07fe1b444d80,false
0c1e67c4d30d0e76,false
6ce0835b1ce61117,false
04ff2dce409cf285,false
11427c3e78b915c2,false
1c8e104c8ce19c01,false
7eadb0260dc1199d,false
3d71fd5d1a3a2258,false
b1fe0613a13bd6c5,false
7b7bf012c51e7a92,false
67f4019f3b191270,false
27f5822251ee84b8,false
baf3ab8ecc541d79,true
b42cb86c15f7fe5e,false
792e4b1047d97e41,true
58d4bc2762574bff,false
3d5ac6d7c97c5fff,false
16af9879b888b351,false
628ae7a1857c0759,false
31f08f3e82904f06,true
3a2e787aec8e7707,false
116f29a26b1b50d1,false
2a5e7a1b4522d813,false
1d9e2a36445848bd,true
0c23ab0d1d543ba6,false
2aab2357a8f18d09,false
7249e260a5dd0d33,true
52df6c076417578e,false
3a938ad840d809b7,false
5082e5428e091ed7,false
4da5caaa815c2665,true
57fdeaaaafd65713,true
7d8fb189d69d0895,false
6f043cb0d86a276b,false
ce7c0e61efc54463,false
ef256cff2fd61836,true
25e76560e82fc7cd,false
44b7eeea31e6fd23,false
60981f35cc1d5621,false
865de80e20c63c0c,false
1f5cd9932b9af9d4,false
29bd7d64ddbffec6,false
6556bc3452865640,false
42e87a5a9023d3b2,false
5a62df073c493ad6,false
0f50cb66612cf0ff,false
41f6d4d548c8da87,false
063409cf07eb9937,false
71d3f1bcef88ac03,false
0d600285cc6f1d19,false
3580844147266e4d,false
2b0c9caa22761219,true
60037ecb236116c7,false
1f7741f22a3510c0,false
3d0ed900818d98c5,false
7f829247667ebbfa,false
3e8c3b3af22877ef,false
2a2d6038f129bd73,false
0aa17e7fd3949858,false
65d536109031820f,false
e34a6e7d49af8256,false
d221b06d6fb19aec,false
6dabc6b021ccbe6a,false
a9c931318f03088e,false
4335d0bf71910686,false
e9bf1c8257484aac,false
732c7ba406289e72,false
15d4b93c37710e41,false
3d4477ee485f1ce2,false
66e2898868421acb,false
237986041cbda5b7,false
15b1ac209e7d20b3,true
22b29841f844c622,false
401ef77582d73b4c,false
323b893c51cf3ab5,false
7ae29d162c5d05f6,false
196866ad54083007,false
782ec92b21b63c53,false
56db3fa240cfec02,false
1f8e5a27e9836cda,false
633185cb01a3fabc,false
741188c54852f471,false
d52af8aafca3b26d,false
3d9c105543119799,false
1671b8fee463409f,true
1053457d014d77c7,false
f8d0f2dcb654116c,false
44c62fa1d002ec89,false
a48898a4648aca1b,true
141fa7e98d6ccedf,false
0097f2374d95a705,false
4fcde28eeb16d34b,false
d54503a500a30390,false
3fb9a1d1fd4e595c,false
29e79dd94742d63c,false
2da619b141fd8cf4,false
328a36c2a45b9720,false
6d45747cdbb4da32,false
7714595decb0c5de,false
759eeacb7b9bbd2a,false
0eebd1df650a0f98,false
12dcda2063404a0f,false
47db199d3c76f16e,false
12902dc37e436681,false
42118b4ec6cb7085,false
59d0a8d565901921,false
95e9f7935484b948,false
b356da9c54c38a9d,false
44ea2ce70e1d3867,false
6d2d58a83372dd66,false
17f6cac0bcf2f2be,false
19d8e15cee62d47c,false
384cf7b5370f1b6f,false
4465c19f08f5a735,false
0b4900406f2c4081,false
6c39eebe1dc5eb9a,false
d9d499ade505020c,false
4ba6f7c7a87924f1,false
42e6d0fde1119cb1,false
1149dd457f2e5472,false
510bc503a40c8892,false
132c809f61c764b4,false
11602cbc2be1616b,false
697f1ed3ce8eb912,false
42e74cdaa912db5d,true
2e01017a9b29dfe2,false
5c7355b0ce756773,false
28a540c6f758dc90,false
7ec9d2eeee5081ee,false
e3daa33420cd5d53,false
69fd7d5714b6607c,false
0b16dc4f61907f1a,false
5c0bcbe3fe5713d8,false
198bef4a9a211e2c,false
5b50f7f0ca253fda,false
28733143af2944a6,false
53bdc2efaa800866,false
58ef7d9b703e7978,false
2c3c7588871c15fe,false
92fb9343094a4f79,false
00b6d4284a9572b2,true
3cba2274abba374d,true
53c72520c60889a0,false
bf287f2d9aaf3ca3,false
05fd2c953f135929,false
05a6483ddce5ae2f,false
855e628fe8f2bd5c,true
48a72b4ae0df3c66,true
4559107ea01ad0ba,false
65a83d0499754ccb,false
d0d0587dc1e77781,false
4a0371246bf5b6b2,false
ba025036d59f4ef9,false
21fa6735ff31a143,false
b5b10a542013e255,false
ef7887052a5ec100,false
49b06cdd7bfca806,false
4dc9c2adae074817,false
9987e3afbb86802d,false
531e97882df8cd33,false
2c741c6a7bfc28f7,false
71e40472bf64eb14,false
5885dabd48342d02,false
a5fd5d0c6d0b972c,false
caf46406addda256,true
778a1aa6fa9a3f54,false
14f1ce47b7154d3e,false
a42a37e06b07f7ea,false
9012b77fe603b4cc,false
295ae32e2273bff7,false
4a3ac72793e062a2,false
1d129868dc91e418,false
de41c69b0d0d12d6,true
7617528eae9e550e,true
147e7a25aff7cd1d,false
737f53a695849af3,false
02ce20881123030b,false
225afe41a36a92c9,false
6a3ceb1ba14037f3,false
49c7ecdd45ebdbba,false
2c55df3f5dfd85d7,false
0613ddc0197e8343,false
2c54c880ba368c1c,false
dd89604d2c5c903b,false
573b800f765e07a2,false
7f2bdc2c5b0c7095,false
4cd600f3274f87f2,false
184e0277e5681b43,false
fca7cd95c0e4a8cf,false
8cf76c0352adca27,false
2c68d3416ff040d4,false
17674e06bb2ea4be,false
5242fc3576d5825d,false
5228f9decb38a7bf,true
b90343420a678799,false
1dfddba5a73dced5,false
53b4c834225b39ba,false
3290dd9d89f032a5,false
25c6ba9e99e603cf,false
382bdf03598ad4f8,false
17741ca784a8743f,false
c61665da41817282,false
374b4406b49052e9,false
7d490cbe18a56a41,false
80773b2bbd9328a9,false
0e097deed363e9df,false
143cc38f31f67dc9,false
11e181a90c4aeac6,false
64f049989541da75,false
09f2ec3fc8ed699d,false
70efa173c13da222,false
c786b54329a6a541,true
395010af228cd77f,false
b01aef4540d3cdf4,false
4a53d0b22bff732f,false
e380a9b5afb44a43,true
5cc5672b0dc96698,false
8a3a8d434622cc66,true
d211614da1d2dd5d,true
15cff233065dc781,false
4cd4caeda066f4b6,false
2a449b0a9d6d52f0,false
12139935ab4b4d4e,false
e83ed6b983ec91db,false
5af31f62b3158bcd,false
3003982cad76b514,false
305615f8464c3636,false
0633ac796278e025,false
32ce3dfa650925ee,false
e41e4c31ad3abbe1,false
265d0d75a07dda24,false
4392821294883a51,false
29e595fb962a6f22,false
3137edbb8848c881,false
1b09d0a7131bcefa,false
b9d854e992397bb0,false
3af502fb02f6439a,true
2652729f2e708c2f,false
274f8c7e67a923f4,false
68b07a1c5258f48a,false
6b02ef14b581bd20,false
f6f31c2959ae72df,false
1a76d25f216e3e26,false
b9480bce3a8518bd,false
108bec3a82610301,true
6ba71560277bb1bd,false
6b7cabf1b513e0ad,true
0251a6211d2f4c0a,false
574b522096fee1bf,false
20c73803fdc5aad6,false
0194066b17931378,false
3396bbc424e467ec,true
652caad77326ab25,true
d9f0539070bb0c29,true
4b30bf4e78b0161d,false
35c9ff42151fb72b,false
2efcb63605f6b61e,false
03a4884e27e65c83,true
2685a6ea1a7d50d8,false
3be6910b6e1164fa,false
7773d4260ef24ddf,false
071d4d8375fb529f,false
9e4c1a8dacf82200,true
3617849ab3e2cfa3,false
1bfe93e5335a6b0e,false
6eb1ad0ab7a18154,false
9ad0509c595b9115,false
46c4c92a18f3bd09,false
19cc32dc98fd37a4,false
63a9be00924eb8f6,false
3cb429869d93c88d,false
b25db2d611a72876,true
0ceb0254635966ac,false
449132b0a7381005,false
f40454637c28541a,false
b3e198b06be4c679,true
3166006f8b80795f,false
329daeca224c5b79,false
5a2ec6dc9ed5c8de,false
4150a9d4fc3adb3a,false
3aa1ff2d57c723ce,false
7e000fc3c15e60a8,false
18e26a21995f2814,false
25a000eced1b9dda,false
58c9e9b49427e762,false
72060ad21c956cc4,false
6ae9248d76ca0c35,false
614a784216476d0d,false
0e6dadaa0e7d535a,false
716cd6ba6627717c,false
4a5e01b4810aaca1,false
4a1731e380b7a494,false
86964561d346a261,false
30f5cc03fd56e801,false
10fed086a8d9564d,false
0a5f875c982059f8,false
0e55b689d23fbf86,false
0d8d2ffbbba30faf,false
75750d20dfb5a3da,true
04578ca0c759d39a,false
c76fb951d5a09a0b,false
578cabafa8e8cd8b,false
61210bdf44f106f5,false
0586c1ac231a9c50,false
5fe03ed8bd21b1a7,false
c437949dc1b228b2,false
a13a2ce5ce8bdc90,false
edc7f6f3eb348616,false
076aad7f900cb429,true
42bbafbda3e1b879,false
3a1879bedcf4f5e5,false
1a0255f457aa0d79,false
1a6544ffd0c926ec,false
3e20c79d8d352dfc,false
1b6bedf2d4d4438f,false
f6eba558d2861b6a,false
1c6b5dfafe1e1f39,false
1225140ebec26bff,false
692411a7694aea6f,false
43bca8a71d76f4bd,false
ab86326db22aace1,false
cc1a0b5ca2880a18,false
078f389dd5a4bbf8,false
5d2dbf6027b1554a,false
cee194ac00aa8fe8,true
29c5885bf9a9c4ea,false
7ae19ec59040d8e8,false
1cea38cb9a141b70,false
2107160e6ddf0cff,false
49211c21e77b055c,true
58f8782fb3f400fd,false
786d075ef5f191af,false
3c010be7ac3a53fa,false
0c27b43798b5c9ee,false
008eb08c90950862,false
412b2b263359b938,true
31956a897ed6aac4,false
3e1e90b9673d170a,false
79834bf74e2c1e20,false
c0f01802ec67deed,false
5d5c340fddd0af86,false
5e709075e5085806,false
753b03579cc01df5,false
7288e1c4372a5d43,false
570c51bbe67dfab9,false
944c531fe5375c77,false
03ca772de85140e1,false
5b0ae8e3307d0ae4,false
10815f58922ddf85,false
16c5ad395e46fd12,true
71a2704ca8284d0f,false
4a3356d5290c28ea,false
6c3f068fb72725ff,false
5dffcc6a2efc03bd,false
f958b648fd5035e7,false
7e3caddcfb424848,false
63e424ee56dbf2d6,false
6e8a04c6696d04dc,false
4db2b609bdb9cfff,false
17ade0d2ddb7842f,false
2c634de3699dea32,false
44135a980bd9d202,false
07470514e532799b,false
cffed7c54c603257,false
1b1cda7d72f1ff2a,false
59fe13cf22c6cea1,false
1d4e746c28e72fc9,false
303950076696157c,false
e280d328c93e7971,false
ab96f757f7bd864f,true
b6f973afd27c431e,true
1231d6060ee0a175,false
36b3ad0f5b59f870,false
3d4c6e0e6984ee50,false
1abbccefd7c87357,false
05f3a260ff712ad8,false
6ed6e000ccbe18d0,false
2882ee82a9536a3a,false
1ac9e888d281a3ad,false
4a9a7409d3bcd570,false
b6e8dd22c387bef8,true
47610019c07115ea,false
c53d4095073bf73f,false
4b779f606cd95c95,false
1b8c9bde892a7f9f,false
319024f4a4d85293,false
4ac919ad4e601101,false
7364be8d690b2bb4,false
5cc8ef779135bafd,false
195e337a98bf6542,false
4f6e9a0c89e2527c,false
79035535bd2dbfec,false
08e93b8f2d5d4842,false
5b8a7bf88cbb557f,false
289bd0e031275cd1,false
7c75807ed9324a41,false
44314b91a9b79089,false
31e40a5c62f785b2,false
168966b94aa87642,false
f1f6cc22443b70f4,false
8e52708e3eb4ab4e,false
602cf575ce507fdc,false
8574110498a4ab5a,true
7b668458415f805c,false
768cfd6814832813,false
1f94abb809c87f20,true
4ea5f402d0803790,false
50287b6d94e0fe33,true
f8a47d1af370e324,false
122483d9463b2076,false
7ad2c7077bcf344b,false
74f0ea07093c7023,false
ca85cf031bfaea42,false
2d3811eb2f8d4d24,false
db67f93fae785e88,false
474a5b8e7a3a14c1,false
17fcffe15bbdef38,true
5e7454621446db1c,false
a26ff54ee9d6010a,false
526505f302a39fe3,false
7b07a234fa241a46,true
6e9f7609f9114d3f,false
30f9a0f5b044884b,false
285378cc00905293,false
a4e110b0482f5641,false
0bd31282567a598b,false
13b0c5ee55e64bfc,true
d2fe7ed61fbd3171,true
5c263f6a690c3540,false
4c9d18c9726d3ff2,false
63ca944f29d10e3a,false
77a9b8487534491e,false
2279f92d88cd2029,false
d11837b2a908a0cc,false
8945361585586df2,false
be2d3d269c5e66e9,true
dcec961a9f690bdb,true
21034b60b89c9008,false
7e0cc273eb993a61,false
6ca59752ee5822d1,false
36483db47db91913,false
22c85a45694960bc,false
d742c76b9176f52b,false
0f52545425c4bc15,true
271bf14caffd9d67,false
5a4053730342ddf0,false
6257e06880d2e2d4,false
504895e39ed7e130,true
445cc6017c3544fd,false
79d5cb23be89595a,false
161e33d0e2d8a048,false
5da18785c3df2512,false
80444271daafc8b0,true
4dd73867e5394dfe,false
6b452e196b69c3fe,false
411ee746b030cd32,false
6ca67af8f593f080,false
2a1883c46115a24f,false
67f87a27e04bb0d1,false
6f549bda1a3347e4,false
01f847cf4f85d48e,false
1231fa434ca6e15f,false
200a548d4d228b93,false
6890bd5528b6d9f5,true
4cba9ebc32c654df,false
260b82bc784ffac3,false
fcd6ce924620a0ff,false
2c38f135bf707cd2,false
42b09bbf95c0892c,false
396af768b5513076,false
0e42a86b125106de,false
f5f0a22c189c6806,false
5c8e9d9a9d49bf61,false
15266c901967f6a2,true
1f266d944866cff7,false
95a45173ed8897a5,false
1e9010b0b2c2908c,false
2359ea6f5cccaf80,false
af72aa9038019a89,false
41399b2cdb48b4f3,false
4f0d83d3806188ee,false
4022ab88ce6d5560,false
26af1f1f09deecc4,false
183540428c2d91d0,false
5e9a15142ae6308f,false
083ff3ac50a2456f,false
3477a1fc9feab946,false
38e09a17b77bec32,false
73f771c3f8cce1b1,false
009f6402a7641a5e,false
471b234deb9fa1de,false
4176e29041a1614f,false
10d1f759497993ef,false
33884192997dcc9e,false
5960cbec0191d1b0,false
45ccf6c4c7d0a969,false
6ad8a24d187975c7,false
5dc33ca81c31b942,true
1747cb65ad8f7518,false
654dfcbac23f9b10,false
6f4ed45893fd160c,false
2331e606c25f7d22,false
4b527bf2fb9c6487,true
44c7e61b0bdcd8fa,false
3d26ff05c8ce7eb1,false
b77ed4837752affb,false
1920e78162892ec7,false
6b4854d32a5c67a1,false
211d21e31929ee89,false
240ac10750503bba,false
08fc5d2ec8efd8a3,false
1e1f9d238d5f24d9,false
1e577eea52d8ef8d,false
59fe1d900bd6b562,false
b190b152cab52ede,false
282ee06194432780,false
47767877475042e7,false
a5bcc8485756c2bc,false
7640fda3880797d6,false
1ce3e06044123442,false
021b087f8ef7ca5a,false
284ea24a16fec1f5,false
7b4ebe621e910154,false
c9647dd2c6d17414,true
4f9dcd5af3467756,false
02973b8e6cc1d089,false
3afd90dbe2fcc727,false
6203bf1bb7fb72ba,false
599aa91c8ee1c415,false
22975a528b418d26,false
643ee1263ac28328,true
645948e31fdf43c6,false
be26427edb2551ef,false
340b64fbea08b237,false
c1ee5354791c01eb,false
89d170e249c28b27,false
216e677779d4c31b,false
42c8367389983935,false
787799cc09b9d99b,false
49e70f5a8806767b,false
735e4642f2d461a8,false
633ccb6051976ffa,false
fcb3a68b046820aa,false
97013f5fd6f004be,true
7dac0caeb5450efd,false
08b95cc6b9f25e72,false
091ab707ac9bf753,false
795e2a310ca35be9,false
80affe37e06c7cd1,true
2a473f39dab00ec2,false
320b213abbfe1308,false
e65a2a7afe84b472,false
0839e5321c68ab98,false
223d6522b58fc72f,false
5c1c010ca9947e51,false
755fe41b28233f56,false
1d75ecbe6a6d8dd1,false
0299798c2f753945,false
4d3e04f81855fbef,true
f4f8f1373d312675,false
d2380cca3231dc2b,false
2505afe3831078c4,false
f872cacfbdce3ca6,false
dd8b1c8dc9ad49c2,true
8ea2f1c4e1137748,false
29f69662f64bf36a,false
6fc82e94788e0010,false
7d8d4f3b6ac5f040,false
284a1e5425cbd916,false
797247d25aa3b222,false
290deb9a17a86e57,false
0ac994400c4c7da4,false
2543da8cbdad0ed4,false
64a7e2880e31a66a,true
3757fa70b1f95ac4,false
174971250c7ad212,false
25bf07e79c09b76e,false
b60d6dd5cf44fc04,false
cd033cc41405b6ea,false
3686cf2b2c8d2062,false
2e0abc2ed336cbe3,false
13a179a6e41c7ce5,false
af9b7fd64c334020,false
1ac247895bd902ce,false
53b538b576c5bb68,false
07d6e378b16d24ca,false
a08c314382aed1cc,false
4381e7d872ddca1a,false
bf63dc71014f85a7,false
7530993cefac5372,false
13167ee2a62ef53b,false
78546baf54f75baa,false
569569393d11feab,false
77d9255dc3ab96a5,false
bf9056784cb4669a,false
25cee52ef0dab7b6,false
01ed072309ad2143,false
010aa8043aedc791,false
352186ad446c64ee,false
541d8c02d348c818,false
1560b76a396b3a33,false
696e4716952f500c,false
7992a11206cd8aac,false
698de29c75e3d325,false
0265c8d50bc89a8a,false
6ba8315a5d599fd4,false
233103ecde732123,false
0eefc32061639aab,false
178fd6d5f1f3f3ca,false
dc8557f1781bd08d,false
2eca94f864f579fc,false
7487e6e547bd9bbf,false
d88c080df9cfe8a6,false
c118cc6520ed2c7e,false
735f35bd6b0d2017,false
245caf20a231deb9,false
1bd4e7c53b0b2eed,false
8a5c49d30d94381f,false
1a3bf77eb362f349,false
039f7ea1c13973e4,true
dc4c0668fa845b28,false
08a693e6a868b27d,false
5eb33ef7218d6518,false
21b3cc9ad6956ad7,false
84a7650f4e5a6396,false
c4ed4a8fc4d02bfe,false
0312b641ebddfba0,false
eade10fa2baeefae,false
ab2bf54f72edcc71,false
bef4cd9977ebea04,false
24931a5786dd8f4f,false
7b8511b53a536498,false
e7289f65f4612430,false
805335c18133ed46,false
5dafe6e18bd4ad21,false
732004d0e9834b0a,true
443dff73c157c2cd,false
74756d3f3da9a732,false
2801ff27448a729c,false
74bb269f9d0e300a,false
e05899ecfba7c78f,false
436e6fad950d0929,false
d9ca70669870b412,false
1374fa1fc5a84c1b,false
83be037cdd8393f1,false
14f2c48154c29326,false
09f821e165c1db53,false
c9841f0d73a1c94b,true
7fc3712758ebfaa6,false
677c648818c39628,false
50a5d84f4ee6bd8b,false
8df4c1b89df0eb4c,false
390914b41a0c1de9,true
8b676cd56a8efb84,true
647e80ddff327df2,false
2c876b5374c5847b,false
45f66d3c02ff3988,false
7a79c5daff40ffd3,false
1b1bb3659466f9db,false
7e1cc9c2016f255e,false
35ea994a538afa3e,false
3ebf60ff9217a4ae,false
5096898f3f911701,false
6ab02d6e91634b23,false
e953cca6fe3b05a3,false
328a3d0c5a045fbb,true
2d7d6497f64e7b1d,false
169633bf1859f3c2,false
6f6b595dcd83784d,false
77c2673dacc5b6bd,false
1b98325585eff4f5,false
bdf88069d1471dbe,false
16f0add32ec02a0a,false
733bef73c662c8a0,false
5e230017ee4caa3e,true
174cb4ab7986dbdc,false
15962837d7a3d995,false
c0aef526ab0c5ffd,false
0c3394b4c4f5a29f,false
2d0af468ac0e7c93,false
3dfce1a885aaf47e,false
75144cc6b9f2b930,false
55c20b5ba32c0d1f,false
2be2c4dd70631b10,false
1115523cb408b1b8,false
525269442503d642,false
22d6672fe27c1dd4,false
01b20ae3ff5aba8d,false
33b19edd0cfb086b,true
074bbc6b2c589cdc,false
1e7a185802f79d65,false
d65e6fd15bce772f,true
11b18df5429453ab,false
5e72aaaa109dcee7,false
392fd802b433d8f0,false
280ab834d3aa7d7c,false
e117eb517a8160ea,false
068a648eba325fae,false
2dadd89a0238b6e5,false
8dfa316eb32e04cc,true
302118cb1bb85e9e,false
3d57f48f21359f21,false
1a0a9ab4d3d86d57,false
48c30050f84bfe6e,false
5413a23456ff1cad,false
28725e5ab6d615b2,true
2257b9c0a7147400,false
5c9174bc2a250deb,false
14d12e52197207e1,false
2a278dd9ef921828,false
5f43bd344a4c9417,false
6342fe6456174a8a,false
422f7b649c7dec10,false
dd712b895e87bfd3,false
4093253640f8b794,false
7bc23e179575dec1,false
26476c8b7f20818c,false
2737889506a6928a,false
6525b3e4dd01bd8d,false
b708f776d0b38900,false
246771af224bb3e3,true
57f837e3861ab7ff,false
325f80d7c48c51ca,false
c80ea2fa9697225d,false
52475b67202b8373,false
0f799c1d348188c1,false
137e5d2a515cfe28,false
320c0657a1521196,false
76dd3c4d3442165c,false
74ac0ddf274d174a,false
24bd99dd3a2af57c,false
224e1ef0f57ff177,false
74374f7d8fad0cb9,false
f6448110676e884d,false
528fc2d26b45ecb7,false
60483db9f713c005,false
c4faa559d041a73d,true
afff5075b8e2abc1,false
5d16b76de4b2eb85,false
78349dfb2f05cf64,false
06c2b4b54c30ffde,false
aac7b4ee725c6bb0,false
5ecdc1df7285d8c4,false
0ad80b3770855108,false
207239db1ac3e325,false
7ce49acf676f6afc,false
0eee30e432535596,false
64e2cb4dc5f65211,false
6f3c983aaecdc153,false
6c2f5dd4017d1144,false
1b4590dc2f96a653,false
9c529ad382aa79b6,false
272ee9da55e5f473,false
67fdfa63a291ffa5,false
23b874bae392d13c,false
8968a8168106601b,true
0919b416ba0d7f8e,false
1778427d1cd3e087,false
afcee4b90d38d221,false
446a618cd84e271e,false
bbc2cdd1bf695d68,false
2f547eec981862bd,false
7d543036d00bf3af,false
556014bb2ee89214,false
5cc2bc52c2340f5f,false
6cd2936d59987643,false
7bb893247229468d,false
26f2f5e312b44f40,false
4dddd10c7dd638a9,false
ff78a74e07d71f36,false
141e77d3f9573bc7,false
138fbe8ad30b7831,false
4d57d2a2b6542c9e,false
76152872f6da7d07,true
6b486d5c3e19e332,false
2fbe9234f2de4a7a,false
bb56d6c882e6abdb,false
2c84e313137cf7b9,false
c5fc90a377399da5,false
135971ba09e4d8b2,false
53f3aabee940a0f3,false
10289f976e2477b4,false
3292ee879cbcb13a,false
591442d6b2d6949c,false
314b01c9e70f02e2,false
ef3a090a44b99216,false
18656be402f49686,false
6e9d206998185e62,false
04a9da62b94b3659,false
e37051c65f0477c2,false
4d035d1fe83b0931,true
13a8869ac46b13af,false
b1f1ea3fa04ab4e8,false
5b0ac7b529c241c3,false
e7e8cd066cdf0fa9,true
0eca153c49a245af,false
5b9fab1e0025af44,false
756f738fa41b365f,false
56292ed72d9280dc,false
26530eac7ddfe895,false
7ad7f077baff6bd6,false
4f9bf4e0195e8fd6,false
01f33d78467cf57b,false
71c72065b3efa91b,false
5eaec01b332599c5,false
bc7065b6d0d33670,false
00d031e4db8d52ba,false
6bee1b7c12a21ef7,true
d0148c0209c86dd3,false
07cfb4d94f329cf9,false
4e715f4dd0b4fa22,false
2118754fb771da7e,false
7d011117454a5e4d,false
592e9d978b210790,false
4b93b990fa575443,false
028598d3aca03231,false
49fffbcaf895bcf9,false
fdf96715057ee124,false
c8eaf18c66c81e85,false
379b1d044644503d,false
2e58b7c495d6032c,false
6f5314338cea7c99,false
5deeb188f69db1e3,false
61f8263ae9a34975,false
0ecb9fa3854e8db3,false
44bad85103c560bc,false
68dff76e7155f78a,false
1f4d8caca207be8d,false
207d83d963236cf8,false
45f5e025e77d224f,false
2ffeea8a4dd49131,false
8bd1befc6e966eb9,false
1a64ec1258aade04,false
1bb0b5e817463c82,false
e5af2bad0ff43b7a,false
21ae9f6b88fabcdd,false
2a2bc8ba98960a99,false
02147a33da502cf9,false
627c176d9c7be3c7,false
0facc66354c91da2,false
5fb31a1006fb880f,false
3cc9ef78a03e3fab,true
6a45d78288a36247,false
6398270c55e9eb4c,false
5b1e870a56c03006,false
4e8ce3e04d194178,false
2267f04f9f7d4c58,false
42305d24f4d68c49,false
3232572b596fcf40,false
444b5990df3d7f6d,false
523550fc6a270974,false
349ed3f26df3b18c,false
339e8d4b973781f9,false
1003d33c497c1dab,false
58717d2a77d221eb,false
02fb8d87a4289af7,false
832419f8da6af04e,false
501d132da71eadae,false
12544f51b305fefb,false
740a0f29f24753fb,false
c4be429393e09412,false
5632550a2af55e97,false
3c3c022f0f78a575,false
1f7435e4fbdc7328,false
59e94c382b13edf9,false
b60433813d71e713,false
1fbb9070c8500b05,false
32efd053cf0fcfa9,false
43148a5284abed12,true
70107dca081dca09,false
2a20f8c1c84e9fe3,false
04f283f7e9855bbd,false
389f3331b5ad03a9,false
93399dae3b9d0647,false
66e6d84e0ceef145,false
25873a6b276f86bb,false
231611f6f021d28f,true
448f3855bff09171,false
0d139059e1023cc0,false
10e428d2220ade3d,false
17b83f6b5cd57428,false
7bcbd2e7ac916632,false
30e4a2a64c03596f,false
580697b3fc8e22da,false
7dab8e0b966ce1c0,false
0733bb9cdb66699b,false
18723cdf8f0a9c39,false
d4b71dda9c895824,false
63e6ed8b10aaf1d0,false
9e389a27213f598a,false
49efe00f19f9a262,false
63845380ca435007,false
49ebf0b753941155,false
0215a41d50c00012,false
3b5bc8dafff77898,false
7bc3edbb0a297f53,false
3008116884f46f1f,false
dfdfd7d063605763,false
ce7c07e89049ed9d,true
3c6c3bd752eb9b7b,false
7850d9cdc3998676,false
73ed47648f439251,false
fea33115a4cc0e9a,false
725d384d13f766e1,false
10b46c164aaa4b71,false
6275ebdf924847f5,false
53b7b05decc2c7eb,false
20265e8bdce96674,false
0a1ca1e9eeeaf824,false
55c263d02c92f0b3,false
061faa18e9d7c82c,false
12cda89ecc327c90,false
2c1fb9ac9633d858,false
27d81d5f26e84f9f,false
4a1241e0f6354d39,false
22e005d2bf9f6c24,false
3b4955a88eedd1c7,false
39d51f91d030f9f3,false
534704fdf5756f32,false
6a42d75be8ec5ab2,false
6b767766dab8e899,false
612191532ec4b8ed,false
3d1dc42f8c68f72c,false
2dbb3c4b7d85b10d,false
79aad208f9c4425b,false
8c74de49b2866f85,false
ff1884700b7da320,false
6607aca51ed408b8,false
0b809a51961cc5a5,false
58f25a149315bdf8,false
2356f28c8facbb10,false
3d46b774c599e492,false
38985bf81c2f21fe,false
4f078deada7ba286,false
2ac9543eb2c8f866,false
4f9b9f9b1667938a,false
6d0559c8a7e42936,false
5e572229aa7f1288,false
4a7db936f93fb119,true
54f0288a0237693c,false
746ff5a44b5dedcb,false
116b6a8f4bff65c6,false
286628870f03bc7c,false
5380922ebd3bbcb2,false
44c140176c692f4d,false
288f327184362dd2,false
997ab2a0094ba048,false
2f21a1e1da4fb16a,false
f0e495b77245aa82,false
4242b9f2621a989f,false
19a93b7153f68c23,false
3cdaa57eb8368004,false
739692fc1a1967d9,false
0a0c917471ad4433,true
258e169e2072c76b,false
5f14a34f296d6781,false
defe6808dc032e93,false
5b589fbc1698f4b2,false
b99191d1171ea116,false
6929c523edb69fa5,false
7245606252a96a26,false
469eb5befd643d75,false
341a377959f58229,false
23684cb0b87b4a3f,false
6dee42e4a7f558f2,false
1e0af060bd1eb483,false
a4f5ffe5e793efad,false
60b8ecb3a2372cfa,false
f5a2a559380a75ac,false
45233eda8995e1e2,false
3328389b32816ca4,false
6f40ea1664561c5f,false
72b4d13c39141024,true
fa1efb4b93630f4c,false
8d216fdd80620e95,false
552e3d0fb3946491,false
09a43bfa1e874c8e,false
6bb2c75a00477676,false
9d614d00e2a92dad,true
5df286332595d369,false
31e97688cc3cd9ab,false
43ceed9b3e801383,true
0296d72123979da2,false
4ddfcfe9063d1bcf,false
64031e41bfc68f5d,false
501d6d3f730767a6,false
0e634c862502940d,true
adcd30b62b1401a0,false
42f1beeb4e77b8c9,false
bb1b8c940b21b3ca,true
32941c5d231c820f,false
4171e825140c5a6d,false
67b47c4dc4426164,false
46457ffa991be062,false
7621a23d42bb3c4f,false
31eae7486f68d4c7,false
bfeba909b277d29f,true
ae42963b313573bb,false
31cb4abb4414765c,false
16e30420374802a6,false
dd8ec0ffb4064880,false
5c24b4b322f110e7,false
07997dfb8d9b4cee,false
1fbbdb2b990aa1f0,false
6dbe1f17ca6551a4,false
274d71bb88f82980,false
5c9514f42c0ec3f3,false
69d19ed534ebb54c,false
e0b0f6911335b1e4,false
4e8ea10b0815f752,false
227402967e221276,false
2bcb598e7dd1fc35,true
39f2175ddf5bdead,false
2f004e30d0a9c911,false
4cb52dd37d1308a8,false
2e78ef015c7f36c1,false
64e17a8857fe84c6,false
9ee7e572ae5a6b6a,false
a2d8917d8a5b3bb6,false
1deae8441c2fbe92,false
d649b0fe267e8297,true
f7a4eb591651a384,true
017731693c1758ce,false
321dc4e7582d746b,true
ece86fa5d3d3a1b6,true
7a2c8b145285308a,false
1b6d99207450c933,false
19400a48ba5681f8,false
2fa189efe9527d67,false
6fe63d0a38137527,false
41abb9424dc93b77,false
38d7586f6876095d,false
0884233a9811bcad,false
4632a5f0176c2b31,false
f40d9c3472abac0e,false
d971ecfc2b474c85,false
259d745f738b17b4,false
660f38b4321f4c57,true
147a3a01466c236f,false
5907463fcb64db61,false
0db17f292689b45e,false
6a7ac53609b6eed5,false
562f4636d08ebc96,false
02457d6496ab78d2,false
878b13f367b20cf8,false
65c253b886e26957,false
755d19fea7f59c29,true
199794cdb36eca22,false
7e3c556c9cd24a2f,false
7802a73fa175af05,false
75f70493d978b8e4,false
65add61615b17f2e,true
5953dd22696620d4,false
de0c21d1b5105fbe,false
4a737ec2ff0044ef,false
d1fa39a29a1014dc,true
26c2e4d085f2749a,false
8ec0153910fef482,false
2a356a507bd628ae,false
31eff486b2ff3a30,false
2838bdb4203a9997,true
0a56486ed6e58f1e,true
2424eb6bf1dab341,false
7ccb3563444feec5,false
6fb2bb4a8e85beb0,false
0e3faf736d4d225b,false
31430acd55087890,false
563636daddba4ecc,false
5e0836d92d8b7fe8,false
586168c3f0e4c1e9,false
230579bbef69e45d,false
6e6b63543e2b1802,true
e16fa44c692f1a15,false
02d5c9557321c239,false
6d5e2de0344ee687,false
3730e995dde0196c,false
fe5226c864a765d8,false
27ea94e61f705d18,false
aa1d8fe474499cc6,false
b84913acacc9d511,false
c7eaa9e330d5b8f6,false
8975e4951b02f88d,false
12e5b1e2f24f94af,true
482a2319ea90ba64,false
744cc2d342fb5ed8,false
632e6923f3af1b08,false
39a558621617b624,false
335174bf36d0aea6,false
360fb0a914eb6103,false
1074cdd0c58cf7a3,true
3f9d4011fccb464d,false
0fdab241ae706c33,false
414f287524f79bf0,false
a6e6f422b4e9cfc1,true
560769c50f6b91f0,false
efca4d74d55146e4,false
a5b5cbb2b90531a3,false
3b700bf63d39799d,false
37ab8d3d20e5b2fd,true
5ec1e59523ebe1dd,false
369f5f9212e4d544,false
7e6bf7312f284154,false
35c0fc66e055792a,false
44be13f399a56136,false
3814f2892cfb178d,false
3331a3ebcff90060,false
013b1e3231700202,false
f87e06ab85f082f9,false
17d7cf224d127df2,false
aff5af553c2bedea,false
4afda55373e0b86b,false
74412c2e1f7362c3,true
24cc408f49bb8f32,true
76de7f7f7a72e464,false
546263877ac34346,false
d617b18ae41e9928,false
1c3d8202d993de0e,false
6cd9cfdf6c52d598,false
2a484f281c64d007,false
545f5c44467b194c,false
fb809746f87a194e,false
ae174084316d7e89,true
25b5ba47d3ee0d09,false
205173f1cb211206,false
f1fafc586008ab2a,false
2a702c93820ffef1,false
b34dbfcb934a3815,false
c20388872a567d00,false
4856188c6ecc8058,false
1f2dd95162db8627,false
2a49e59cb0a20487,false
5c197ad8fbeeff4f,false
584639c918c5fb19,false
8da20c6c23119ceb,false
98a2e13e80cda332,false
6a9f9ab32bc5db27,false
225cf666ee88d183,true
c5d0092104b41274,false
40b33ae01a933d3d,false
7436ba83676f4f2a,false
2ce3b26e7e60e07a,false
5c68c2494cc006f5,false
74b9aea2bf406c08,false
ce3656c040dea894,false
5ec89277d55003f4,false
4c2d688c2a22dd61,false
4b2f19c5416c33a4,false
1b7bf7656d6c3d92,false
4bb1d82e1781b9bc,false
18880d0b1108886e,false
3f4320e76f1e3f9c,false
be53ee3bb655f73b,true
6ce7db7d3a305ca7,true
c755090baac59a3d,true
34e0a83b37d9377a,false
0c258c0b3918239d,false
e022b560ca0df4ed,true
cd478a36d4f4826f,false
13797fa8bfa9d75e,false
9a4f2189ed3b8cdd,false
29e2f7796b0f1a03,false
00c686baaaf103a7,false
30eb0796319b4b06,false
9e8b1459f6ffc90c,false
412c5e5652f63f3f,false
54d0552bc0c09b52,false
4e5eb9fd3e0692bc,false
7e1a6ad3a2345c0b,false
27491096913f8a24,false
32a3f3d3877684e5,false
63821d5a4fec9f69,false
4f0e582945c1c6ca,false
91e234199cb29781,false
1b60988b4b8d36b3,false
0735c17e34430f2a,false
76e94eb8b8bb856c,false
1560b94067245981,false
67be6488152ed394,false
7aca13f7f5c53cef,false
3c4456ca5bbc896c,false
375d4f1faf95e55a,false
4692fe6976ec7a11,false
7fa8e649acde73a4,false
70194e1663e7a1a7,false
e2fe2467898838ae,false
d2a38b172677dcdb,false
139fff84131ed477,false
661ab6e0c92f80cf,false
52cdf19997d81b4b,false
46496c6a60de9311,false
5f5cbdccd23fe484,false
1be4c4236972f83c,false
49307af7569ddb98,false
6c13d8f4c367ee2e,false
00ffbb27ddf6249f,false
1366fdbe801b0e30,false
5cb6767960c4f44d,false
4d18a4ef82eebfd3,false
3b63d0db93bfd78d,false
57536290bba1f827,false
55f673be3f0bccdb,false
d05c102e9f7416fe,false
b139803f6af77841,false
36bb51d314017b85,false
bcfa1df6aaf3a8ae,false
12826221cab7c4a5,false
4f522b176ed8ba8f,false
b07e65c79a128752,false
0a2d73f9dfe202d0,false
8ddb88e95069f168,false
abfb20622001fb63,true
1a6326f1fc0886ac,false
62e0511ba938bbbe,false
2a1bcc39d6a3524c,false
f0edfa1fed71dfc8,false
cef0e40245b2abeb,false
df4a3afae237d07b,false
9e6672fc70b2c660,false
1f85b6f7bb0a2cd1,false
1f6bb6f3009fc34f,false
255902c6b7c68826,false
5f234f09aaa96fc8,false
2d0815a8859ffad9,false
50dcf0f1bc96e7e9,false
483ddd73cee26885,false
51b5f76bd3775679,false
56468a9c3c039964,false
1392fbfd011d59b7,false
73857548007f5ad4,false
f8862a141d7b97bc,false
2c5d2b40184b5b31,false
7d167b51ef806358,false
0ce764b229fe2feb,false
53578794c0134275,false
035d523de1b752a2,false
78108137e1778211,false
a31d72a2d91b7b9d,false
62b2be10b32113c2,false
1146e33cfd5d4150,false
581d89704051ca31,false
5a37526c13a1b3f3,false
1a2396d99e640cb6,false
0474f14b4a3a7ef8,false
0304f859e01e6613,false
ce088171600c5e32,false
021cb5d2ad97d1f5,false
270f4d0742e3a0ab,false
3785810d79d5a5ae,false
72ac35509d5d4aa0,false
ee3442d4d342ef4c,false
2e1aa0204d1d9cd4,false
1c78476852cd9eb7,false
3e097bafedaeb133,false
262d381327adff0c,false
2f77ccb66c890053,false
75e70878b5054a80,false
42c3c3feef7f7569,false
761ebeb11db44d3d,false
1b33f245d3edf445,false
0f23ade5e093dcc5,false
5466cc1157bc1ad9,false
3a9c6a281b6995b9,false
3514c3a21304648e,false
fd79d38b1d7c3950,false
2760a64f90136d0b,false
5d9409615f7ebb4e,false
1312fa34852118b4,true
570f10e563dd6293,false
2a5da180c14e3df6,false
6b435c20d995e2c7,false
753c6dc45390fdf6,false
678ddba7f07fafc6,false
678dbd28510feacc,false
dcdd745bb1857c4b,true
0dd4558f39a9a98a,false
e4583bfe547307e0,true
74a9058320150a3c,false
54b74744b91c4052,false
314b4e3be13b1ac7,false
a0ebff09d0dba3e9,false
66e2946948d91e67,false
674e61089e517254,false
c972c40b78bd485c,false
32b6485a10630b22,false
07c1c9e7bb0a3430,false
53089cbd8df79857,false
299ed179b78e162c,false
ef36d49027f5548a,true
74bd724b5cb2fe81,false
45b3c4efac29434b,false
1a8a6778fd140cb9,true
340d07b7b9605434,false
08e661066f295b9d,false
f181c1ddd2ce3573,false
19ceff5a3ab0b417,false
1f4189f8e5842f0a,false
d786e5d4b990cf2e,false
37584d145b56a8c3,false
5bf343e84f5e16e9,false
6d8d6dd25db7b8ee,false
148748453bf1bbbc,false
50b18c25e6877450,false
734047ee956fd9a8,false
40e555bff90b3d0c,false
5dd1755b19dbf0d7,false
4adb0bc3a864f2b9,false
396e464eafd6e858,false
165c8b532f59a885,false
c56b3538991c32f5,false
2891db4e7fddc0fb,false
05c394d199af3bca,false
2bd8b8112f59847c,false
339f4a545bf285f2,true
143b32222d461754,false
fc6b7f3025cf0616,false
5c5199024ab701a0,false
47fdf7dc0234d11c,false
05c3425dfebe9bec,false
74b4be7cde27772a,false
682f6c52b9a15372,false
62cace23dc104a85,false
219d04f4a2930135,false
34ee3837c927bba2,false
8d2249948a9fdaff,false
a5c1d7228b812f79,false
084da775a5ea452f,false
5fd9e3ae614a624e,false
40404de8fa4e328a,false
337b4d68789328fd,false
16dd399be2202857,false
5a682288af4868e7,false
6a67a90671d1c5a9,false
5a830f973bdf90d6,false
37c97b0f474bec60,false
30597e15eb8f161a,false
00efa02131950cb3,false
5fa35da056ec72b2,false
4aa1da7ca0c1d946,false
572f52252adcee1e,false
02dd19a9f2f9af54,false
2a1025e0eedc0a38,false
1ab8366821969c9d,false
7c88e071b148546c,true
8347906681d2b955,true
509d9de4567e79e8,false
1ccd85c32b373013,false
4f8be6c8b923f038,false
210f20972681273b,false
46973e091e7b6bfa,false
63e65fd757a1dfcf,false
69bc6f0946b01b4c,false
5de4d47870fdd028,false
80bec91eae60de62,false
5763ffbddcdfaa7a,false
021465e66d182549,false
776a8e463ba9fe19,false
d6f64fbbc33f3d1e,false
5e22eaf61d2a5786,false
29036eaff740ea9a,false
3cc78fd6637a10e7,false
5b97db48670f12e5,false
0caec028818586a5,false
0b396b4e49f9d3cf,false
0c1aba9574e01cca,false
77b0511fbd2a8dc1,false
e6f52405b18337d4,false
7f81236e4e0945ed,false
31758d9f3be847e8,false
a87235fc27e4f86c,false
0cfc883e741e5670,false
678f4d4b6a54000c,false
3736c27b51526db8,false
671c246c2f0efdc6,false
3920ebfa72552daf,false
614c3ce603e0fd18,false
bc5481759ce7bd14,false
39662a60c5385f2c,false
7c605c757c384b76,false
60cc064edcaf0fc1,false
ec71d8135ee9fa0a,true
4c3371d106af593a,true
01a51902955fcc75,false
4b8e33745e1d6206,false
2513a1179f8e689e,false
3ac6b4a7bff11b9b,false
50e17a5fca894a9e,false
5f078d7845f03bf0,false
4beb0b3585dd5d59,false
20127f443ec0f37a,false
46abc3e065612b3b,false
5a8f1f61fe24b578,false
3ec359b1e77032d2,false
522bd687fbabce37,false
69a165635d82ade2,false
3f31e6489016aa36,true
09e69d613514d3d8,false
d0382661cb396e7f,true
7302892b8ca442fa,false
187d6f30ba308a06,false
8b0556fc6d6c6660,true
75c054398cc34b7c,false
55d437b7a71e38f4,false
674a9b4bea1c26ed,false
3f974bc742c92a93,false
00fc9f44082bf40d,false
064cb48f12e202ac,false
d863a2afbdc5d2e3,false
48d15ebad157bf6e,false
95d54451be00dca3,false
5f8082b9dd2b59c7,false
5dad0a3d2329fa20,false
27666384f22b2335,false
4737c673811e2380,false
15381188ce20329b,false
786aac04ffcc947a,false
55b74916dde7fba1,false
c2c9429143ff5bc0,false
6c3728332d9a3ca3,false
6dbef50dbb1bc31b,false
bcf468a8e55b9ae5,false
4a2313d90694b819,false
0015d154771c5561,false
111e82ea6665bdca,false
374fc470b544592e,false
0f63eba66c5a94c4,false
71b4f1d34f08008c,false
84d07bb587bf6b52,false
635a8f2675a4bf03,false
594c5d39026496ba,false
17208a3b8615b678,false
60de61679574bbe3,false
3326e1f2c59bf01b,false
4d02d642f3b68ea2,false
36a67178e9860c02,false
07530ae0cda507c3,false
326fa3a4dff9c42d,false
5a4f5f1714430aa3,true
2addf616c3bb8f0b,false
aa67d98da4c6f9f0,false
a4ab02c3a66afeb8,false
59330d822e858c78,false
bc8d43b77932b3ed,false
61899f9201c75d1b,false
be839c7140b4779f,true
c6b8a514d0c20147,false
44dbae5278adc074,false
1f18add6ee2754b0,false
7362a7ae6da7c198,false
7cf021c928952abd,false
71a3ac0b7503ef0c,false
4eae6a30833232d6,false
32d6f2ffaf769173,true
297f1492b3548094,false
2589611a0982fed8,false
d2199bc45921076a,false
132e01224df84bbf,false
555ae3090b9cedf5,false
ade2dd28d73928cd,true
38e62c4e9c8481d5,false
d6c7de7b4daebdf2,false
53f634b450c75c69,false
40f2bd5f08803c3c,false
65801e7796e49862,false
f2d7f8dfac65d18e,false
2de1bcf389b7d934,false
a8dc2b538dbf5629,false
0daae92deb033430,false
020081e3cb70fd3a,false
0e1b5daa5c9ae90b,false
9734a91251d02f8b,true
25ca207ef34b7460,false
216c1b294313416d,false
32ba7edf59cc718b,false
08ebc8ece386a80e,false
24d59cb28495768f,false
1dc988877cb32db8,false
07963eb7333a0b01,false
3397b1172bfab818,false
6ddf9d39f66fba54,false
bec9ac80e67e8016,true
4eac606e41c7e9cf,false
2f036f92a37f390b,false
7ed4a832b094b9a4,false
56157c90daa89edf,false
5b073b6033bfa53c,false
108a16d300771447,false
15c6381932a051de,false
5901bf8cd460ed95,false
0b1ee955ba5b3d02,true
77b40f8b809bc6b9,false
65e96b33239144b5,false
0c3644d3d939bc8e,false
157b3ce8fcca2a20,false
33c555b02fbbb1eb,false
76241289c776f566,false
5b4f2f2143dea589,true
f542c708c9db1c92,false
51dbc89597b34d00,true
5b0719897b85d807,false
28e564289b7807e2,false
71192fb570bb4604,false
48d794acbfd20392,false
6a1117155923f51f,false
36b49b54a67de714,false
239992066e12e841,false
38469d063b4dc364,false
3cd604e567b2b033,false
76806498b09baa20,false
257f74eacb27a8ce,false
6b0ebbc6775425be,false
80c495ee3347631f,false
3d8cae135a047888,false
7afc7de643b807fd,false
41ebc35a7d9a12d5,false
222574743ff28441,false
725e4415b6c23091,false
733bf3d9780de70e,false
74ad636c80286e40,true
6ac32f31d07aeee5,false
184c7a22d639307e,false
73021fb8dcd37d0b,true
53f67a3d50a2a96d,false
71d10b144182baaa,false
2afd057b2fb4b43e,false
23872695489f4bb4,false
de745b3cde9c3eb2,false
61069ec92f7e4c1c,false
9086156f0562255e,false
7c9f5eb309d92cd3,false
1370cbcf9ac55c7c,false
606d07f55b671e48,false
5eee25b6e7977b94,false
26aa4303cd41664c,false
67e0b8d055221a2a,true
15c5ef5e7ff6ca3d,false
71cb80500bf1cd02,false
7daa7245b983a362,false
726982f4fdccc4c6,true
a09000c48ad52e1c,false
421cac8ddcb0611a,false
151487567ded38cb,false
4a048ca51b1e71e0,false
22a565da5e4e1ddd,false
7e0f734b4686064f,false
2ebb3b55879fa147,false
139921b9b505b423,false
002b953c32fc4adb,false
498a3ea776cff5ab,false
0dfd8633911f1105,false
213b3ebf2f7297cd,false
18514a5dcd3073cd,false
b3db9fcc2d64673e,false
3128b02b27eb58f6,false
4e778d8a2e5b226b,false
d45e9c6b23249e73,true
11f9b3eba22ec08f,false
2874e5a4560b3b3d,false
7426423f454cfe26,false
78f46250f7ae20a0,true
35fadfd0d05948ba,false
23c1998f1ab7b021,false
5fcaf2afb82b9bb5,false
b3ad2db69a4be3b8,true
8bc41b68a1d66c23,false
4273cb367f623175,false
43f5234a143c39e7,false
5ac32543cf43069f,false
2ee87b39765476d8,false
4d23500b4f99d2d3,false
a9ec355108376ed6,false
5c662ea3f9f16102,false
370dbcd84bfd81b9,false
520a04c0f49c34f2,false
7b9a8fd70d3e7849,false
a72538faa2c6d7c8,false
f6a6b3911beea85b,false
3bafd77eb008f8cc,false
8d63c02965cd5c9b,false
1753c7916dedc441,false
06fec502948995d5,false
bfc7a7b5d7100c4a,false
09156eb91f6190d6,true
652ef5c4e96a0f7b,false
4b704ac28e117180,false
4eb6f7fb69352ab2,false
49464bc8d96032c4,false
5820ad4b644a13d1,false
3352c199179f6b06,false
0934d5078396f774,false
ac08d19bb50c55a2,false
ac46dd7a25343697,false
4ddfecba810f93b4,false
3073baad9c2e7f4f,false
682769374ff79afb,false
2b1b789ca6ce065a,false
4563feacc552a6f0,false
2f9faed5092deb03,false
53783200ee0d1781,false
1df97221acafb95a,false
3928015942fea50b,false
08ed0cd5748090bd,false
19b96ed809f0db8a,false
1d254aa0621fabad,false
73001523d98a8ef4,false
36966dc7f81852ad,false
195e935979221a46,false
e5d4446683bb372f,false
7292ff9f7b1388cb,false
3e4fd1415ee50ca2,false
3358751dc5019b89,true
09923144b9e71264,false
0202cd1234322f3f,false
51ef224a70b1f30f,false
29779a6d834404ed,false
7d42df3cd9b6b04e,false
75da43c822c2db55,false
76b8922d487d4d0f,false
7a84dddb238b7ba9,false
6e46665bad78d11b,false
332f828bfd7a2dcc,false
7e98462f639db3bd,false
267b26d4f52728e5,false
4ab6c5fe70240156,false
3c1b8764ffb9eb87,false
f76bb17c9ed93b59,false
a5b8f7a40e4aa958,false
270686ad50a46824,false
446458cbd17d1092,false
0d62f3568096fd6f,true
72e20a366c0d8b08,false
300147d55366e6a6,false
6141ce911dcef2d2,false
1bd246f9db3312b1,true
18dd3c7466ab66f8,false
031cb61a716f1470,false
78c19ffd5ee14d02,false
5931d04ccfe7df36,false
5c07f7ab19d81759,false
4df61eef3d824c36,false
4c22aead4646c61c,false
2563bf880dedd021,true
0048b7a17e2ac185,false
3b3b25dd7a6f15de,false
96da76131d31f73b,false
3f91502597bb0daf,false
7bac716a09c0781e,false
9d4f4587ee2f59b1,true
59f77e634eb694a6,false
48f651943a17d228,false
1ea72cc183e7939f,false
7267572ee698fc0b,false
14d056584c438a34,false
0ad67835425203b4,false
b15e4a036b49f6bd,true
fa2c03bef27d3d31,false
09b60ee4b970632e,false
4b5a154295574a49,false
502992b4299b8798,false
8b6712a559074289,false
6ecec4134e541507,false
09d6ae7c06faed55,false
797c43a45be0b758,false
1e64915926874b1b,false
61fcb92d789820a9,true
78e427c48210dc63,false
6c82180a7f2a0304,false
188ab05dfc5b9cf2,false
2ced071989818422,true
2a7645b5d1b68811,false
36539a35c71d76fa,false
2df259a55a2c7a0a,false
7aa37fc3e49ba66a,false
0ccb9d3e24e92969,false
2da006859ef3d6d8,false
320f169c1d354725,false
43e57ecaba2a7480,false
1187d4eab677acd8,false
9def4e479fc7ca4e,true
26fdb15bf8258368,false
39669cff1a49fed3,false
375cc107711cc845,false
436e6493b740263e,false
8aaa74852f816949,false
5867c600cafd99fa,false
21ccc2e503cb7883,true
2b14d353019a239e,false
2003abf10cf4314f,false
262e95ea1bdfde1a,false
09ef6842dc3e1e50,false
0b72fea977b24bc4,true
23187a0db8ab0ad5,false
0359ccfe3ccb5bf4,false
3e49e06541600b3a,false
55c0823d9b39017e,false
58d3d561f5113808,true
f40ff439255c97aa,false
3a9bbc8b452a85e5,false
fde6ddf8e2b25218,true
7b6501f311cad81b,false
58f68c754b545dd9,false
04c3b61eac23d3db,true
6873cb1fbff8fba7,false
1efe83d10e05dccd,false
3c031b6082d9ca42,false
91e531e7378fbef1,false
289a43dfc9e16d88,false
752588640d564831,false
681c9249add96156,false
059ff456c5045554,false
44088326d42025e8,false
5fae4002cc910812,false
2b57cc3537f5301f,false
30b13e252c06268b,true
1dff9eaad00191d0,false
440970e07b85a5f2,false
3433a6fad0244f36,false
65af1cb06cdce2d4,false
1108bbb38c97bc41,false
3a7a4e11f5d5d285,false
3a04a7308b1841c5,false
b1fd49ca99d8251d,false
0073e329ea1c9453,false
4fa9fb545076afb7,false
b26199c7a8bc7d80,false
375a7af295308e44,false
6be49fe09abc6250,false
5a301da23dc23eb1,false
6e49f4e55d5cc740,false
30f5ad3b881ffe6a,false
0f83667ba60f0e60,false
eee1dbbfee22fabf,false
2801118daf88396c,false
05cc11e2d4ee6c46,false
0f0a7ca156a7c40c,false
092ef3c4a836fc0d,false
b6f4684ea861cab4,false
6846a46a12377400,false
58cbd185e085c83d,false
2b375feef3b4af69,false
7a040308708c90fd,false
8accd228c1db6497,false
0206d96478766d6a,false
ededfa9ed8717192,false
71a9b8111da2b902,false
60de96e52c5489db,false
4dd67050f221562c,false
08beed0bb6791ea8,false
6c952f2cc9624a36,false
5ea9715b50e1a6ac,false
6f13a2c55f172b38,false
19a107e6c148e0fd,false
508833a27c9e6bbd,false
9dd841197d113309,false
54ec3a4031462c94,false
7ea55934b99645c2,false
3ed5a6c916e18215,false
2050ff91d7724446,false
7e2da78b9b8df09b,false
6a66a36dba549bf7,true
6acc5cc46b406aa7,false
fa5adba17e9183db,false
95a28abfc2ef7986,false
70f5080b2c3ad396,false
47f0212bf402e233,false
f8d9bd5d5fc7dcae,false
68bef1b4cb6a8ff2,false
586958c665767c04,false
5c291c8749310f50,false
33b7181ee4fa595c,false
8d627b7cccd09e57,false
2c998a495de2d90b,false
667edcb08cda7791,false
31ef8d72378d52f6,false
4d0d43cb606a5705,true
2a73519321132fac,false
96fa0485ae2ac3f5,true
19538b3d2b1d8d72,false
4f0ac22e65ce3826,false
298841ae8135c956,false
ca42bc44bad3cb0d,false
0e5cb04292ffdfa0,false
33a5b7a9cf41a2ba,false
2906fce074c58712,false
5f8a9efe80da2fdb,false
59dab8b9eaab297f,false
3b81d627e2a7db9f,false
2e609445950ae6f6,false
7e21504e30a42cc8,false
2178f9b46356d3be,false
54206d09e03712fb,false
153eddb57f1cd052,false
215a6a467423db00,false
262ebb342dea61d5,false
6f1ace76f9c48ee0,false
680082b42ac510cf,false
e29d8975b6f4adae,false
322516786763f5f6,false
6aea72243af4f2a6,false
3295c485ec0cbb66,false
3e03670f7184ead3,true
5c9c56776d53a134,false
69e49f66a59144f4,false
13c1dc3db06cd2f8,false
441ff992dbcce228,false
cf33ef4ddecc3eba,false
3e967f3b6f79ad1f,false
5c8e64514162ea8b,false
20112dcd42ec097c,false
0f89696bb782f33a,false
c17bc5798318cd61,false
27a86b1a8798d046,false
797d876b762b5c4b,false
54317b142b68e9ab,false
d5312ce336ef9ff9,true
54b9ed96b41c3df0,false
39ea1481f57df826,false
17f541f880fcf1d6,false
1575fa57776eb435,false
265fb98cb1ba3429,false
5c2b70931c47e4f7,false
6e3c57e7e3da8722,true
20b6e935d94c96b7,false
0041c66a500c7b82,false
62e3344f8ebcc9ca,false
32e9e5801429879a,false
57f86e3be804a914,false
5bc1634c1b1ede89,false
1490f4e047649947,false
755daef586dfcd78,false
6bfa28beb6579397,false
600a316eaa165b50,false
b6feb7ee9c39ecc1,false
6fa1aebabd103fc6,false
4f1adda0ec67a22b,false
c2d4d25d18574c3f,false
4b3f6f8ec661871a,false
2eaad6f0f2751c74,false
4295fd793d40b134,false
b7f2df247453ee81,false
2b63485a1b8cb125,false
0f21e53a5ef78ad5,false
190e3e98b930b32b,false
269eb2e0811eb8c7,false
0b3ac6aee8d6c2d1,false
4e3cf276ff2a3407,false
5785b22ec67104be,false
2eb15cb61f7f6377,true
c3193f7df74f8ce4,true
2acd309406fc5ab4,false
2f551fa232175303,false
7fdd1663618699e8,false
78b0838a4a6d6806,false
113dd4b6369b47ec,false
0337518498107e96,false
ed221d8638ea1033,false
ac322504dd0fd5c0,false
1f6585ad30697ce7,false
76407e63e65a6e57,true
fa98cee1f0631d2e,false
12ad5173c72abfcd,false
654bbc02aeaceac7,false
0df32a0d729ddb1c,false
4fe365e357c2c4f3,false
406aa884b1e6e36f,false
66edabab2d514573,false
7f24171db2d31e4f,false
33f3d6f6cde9ef5e,false
6e3d282feec9e6c0,false
e11c118aaa2f9d95,false
522c546e482a2fa3,false
67e379a184bc2ac5,false
d02126162632133d,false
4b4a1b0eac4fa229,false
1bd2a4fec88c7e1b,false
008822a14bb22ce5,false
1df2b592f0e9874c,false
79eff681436a451f,false
2d27f30d5b1b8ce2,false
5f8e8e97dd592f53,false
395c9bbf153321d1,false
f419004deb4697ff,false
95d4907231fb81e0,false
50512491b398275f,false
52fa122f66487d34,false
1c227a832b2a589b,false
51ddb72f81f06d8f,false
155174fec7655d2c,false
e05d09a2757c3574,false
63af1f68830cf9d5,true
b828ec2df7bab3f0,false
d1bedacebc115080,false
2eb59c6bd6fc53f7,false
4588dcd70dd544bd,false
51167b46ca9197b1,false
16f90dbbbdff6b42,false
a91612cc7185b8bc,false
b793765597b15c90,false
132cd1dc5e862d3d,false
1382858627b33de4,false
0bbcadb6a409fba8,false
105e64a5427406e7,false
268e0c95a5f4829b,false
32f9f0e8ba31d5b9,false
366e10298b61cda0,false
3b90a108cfb12a54,false
2f4bc023017968de,false
0809489b80a55223,false
81d6e48bcd4adc0f,false
1599877c37eac262,false
3e0bfe450578a9ce,false
79a2f9adf6d736bf,false
379a6d7d85b179cf,false
138398512d4f6892,false
36020a7f65858de5,false
8c3ef69d07bb4704,false
7d577f6cfd2e01a3,false
492528898d9e5633,false
6a9f6e897d003dd0,false
b5e8ffe30cef38e6,false
6d57e74b361957d7,false
2ad1dd2544bcaa85,false
7671e6800c76fbfc,true
653dc1463c6fa48c,false
5d08496561407068,false
056441bf59aa19e4,false
5cb1bf6a14c3b626,false
27e630228fc18bcb,false
684b8d9b66042c09,false
9d5d3cb3b2be14d6,false
6d729662699349dc,true
0bc8e35118810c1b,false
264fbc1493aa43a9,false
41653b1b761f5728,false
3de329aecaf25cb0,false
36e945b4a8cd0256,false
57dc9dd5a8e1e0c9,false
d6e9cd022641e172,false
1f590de1b199df67,false
6a5fe0552208f068,false
92d50bf947cf399a,false
958ab25b6d84eba0,false
2c8046862f98064b,false
5e4c85b28ba5c81b,false
5c5a39a0c75d0477,false
3b96a0d360ab3169,false
79ace4cc52e54006,false
1676d5b3b683fd24,true
dbb66419c810246a,false
d2343692eb67f79c,true
51f4e33bb639afd1,false
b6853164620aab1d,false
24e9603a2b3e60f3,true
04444bd90c94cacc,false
370a03a1ecb97103,false
1a9457956c0bba7f,true
5c8a0af32741b30d,false
1fc08b7ec5e053bd,false
2d199177d75c9c1b,false
51dd14bea6097f20,false
de43497dde2cfd21,false
5cc1d5bec7e74109,false
2332555bc8a0e7a8,false
27355541812587f3,false
76a8f8525891330f,false
3ad7df93f5fdb816,false
2db7603d0c075a4e,false
d3dee2a50e844bf1,false
0c05d81a4644889c,false
49c1e8ae97164c74,false
2a1717c13b4d3040,false
68ab9a7c6c31621b,false
b776cc7f8b4c098a,true
9059bb423037825f,true
7ad43b1fafbf1deb,false
38edab24e861bd5d,false
3f4bf8d732055371,false
cd20b72aa415609e,false
57f0d9eb7bb9bd70,false
ca0c1eedffd98002,false
687bffb82b1bf0bd,false
8f29b9586a76ad04,false
5e67e99c0b7f7107,false
49c3db9a6e482232,false
949c2ff530f6bda4,true
326a5af670a96f44,false
5223965bbe0d2b7a,false
44d483ba1f300160,false
56ebbd9f7b52d5d2,false
0f649ad47aa60099,false
2f8b6cea6685168e,false
6f84e8a8b9efd99f,false
08b01ea91e0ddb03,false
b7d86f45cc44e0d3,false
06a7ba282f7a3eec,false
38e79990991c6e26,false
9e9c732b28ee8ec6,false
35ccabc1d0118d3c,false
1596e08d40b029cd,false
7c6550b47167af24,false
5dfb87740b78ae9d,false
75b8e8e0c71b08a8,false
6b3a718eb297e827,false
31d62b9fc56b35a2,false
432936e1b6c07d25,false
312a0bd531aab244,false
4ec37310ec5b79a5,false
5316c2e881c915d3,false
eea088c27a093a73,false
bf6d6aeef08431fb,false
40d6743773dbd88e,false
0e3cb1231df8283a,false
21bc161e5d08a525,false
4269360f2d791685,false
17d872bb67e888c5,false
569e658c7c93ed24,false
086b5f6381ad4bd8,false
4138c0e88c434a17,false
62b811100a2224b4,false
5a73d3bffb98d953,false
c073a0535674ec88,false
1ee9fb2337d08d1c,false
7241978fe6aa396d,false
fe29f74331bb4a69,true
218404b7cf31b923,false
f131731f63b1dece,false
9517da792ba112e8,false
5566b434b4529757,false
2362a63bf895d29c,false
63c77eaa417be2e4,true
6248ee4350dedf6f,false
1e83816f655dc4b9,false
0aa840dd9d3c7afc,false
6f080a6416bfa7e7,false
af13b41bad7a0a9c,false
76166d7c08ec5afd,false
c1ce697851141698,false
d8f85cd663a62bfa,false
403acacc8ee7df70,false
6805c741dc60d173,false
b881ff7f27f04fb7,true
d4ecdb41996b068a,true
242af4eea4278ecd,false
43f9068de165819c,false
40265ee005159910,false
7653bbdc1d070364,false
324a011362ae9132,false
a9d57eca9aeecdf2,true
fc03951b12f10eb6,false
48a9dfb5ba75041d,false
f2b363abeb5c8b23,false
0222db60d709992e,true
5f2337281dcfeff0,false
180ff1bd879dded1,false
62fd7bab6c1c574b,false
21d0ec0482d431cf,false
1056898bd7ba53b6,false
213b51e8a1d25a46,false
5cbf5fc51b2f3d8e,false
712b568f316d9d05,false
4314093af0b5820b,false
dbf6ddb62340afae,false
5c57b19627bfe6f3,false
35e872853c7cee20,false
060a817cc659527d,false
38df196a46821b1d,false
422f28c75b40a29f,true
48e9217f61b649c6,false
767cc1c4dcff9961,false
29cb06ff84a4bc19,false
4acfa2c81749cd2b,false
4969c0f5ee8053dc,false
65ec40834b68c584,false
45988d4dde397721,false
73b35f90315f840c,false
55ad163a5a0ac7f7,false
1a815a0e6a2a5793,false
d2745f1c92164dfb,true
c4511d7243e38ba1,true
0d146cac4e86b475,false
6f627ab9ed992c27,false
351f5bbb8f0b6b13,false
29f63ef876a2d5d5,false
b429a3d8a3f3607f,true
22fb0e1afdefd2c6,false
4eaa530ca4a3a388,false
0aca386feb09d37d,false
71686f0bf8b3e868,false
38fd0a33263d5efa,false
52347a9001469122,false
2b109e2cf94f6a5a,false
38af116d30d1b3b7,false
cc34bba71f07966e,true
bd2b4f4abe0cc58f,false
286f0de7543ed5ef,false
258d4920cfee9949,false
aedb99501defe2b2,false
058c2186f90375b8,false
145ce00282fa0bbb,false
5d5eb531f5f7fcc7,false
20a75db133a1853d,false
5ee4f4191cef543a,false
267e3bec7e90bb0b,false
2525b9e95a5ed7fc,false
0224770d06782ecd,false
233cd1e58cf13a53,false
0ed842e9e83cb65f,false
3ac7fd959153e04a,false
78c9a6989ab7bfd7,false
88a408464969ff24,false
2fbe2734e311751b,false
6acbf3d7a9a3e9b4,true
2f00361fe33b1224,false
13edf035b083add9,false
3a363ed51318e397,false
7474d1a18a9f66c0,false
5e5d9142c85c7ce8,false
03dc9b25df0dfab2,false
beb56cb87412fd9f,false
05c4b5778a860eec,false
a46498d07e80fcad,false
bc40d5947b09549a,false
7029e743fbda88e9,false
69a7cd81cdefb1d0,false
3946232d527a4f89,false
4e00d4286d997ef4,false
42d65aaf47e8aeee,false
7c3474de753e7be3,false
ac58c49af435e863,true
1c465cadbd98167b,false
8b0d08092f26cb28,false
3f14506199e261fa,false
36f9662ca1685a6f,false
646db2b63bfde74c,false
bcd6a28e33189fab,false
6821eca728370bf1,false
0cf5223676553425,false
ee3f505a32fb48ff,false
9c49f6d9b6f572e6,false
14b8140cbf0f5fc5,true
5c7cf638a4604bee,false
357384b5d6f50372,false
50f70934ac5a222c,false
62b21ce873105745,false
1fa58701cf32f7d0,false
414314bea4fe1c2c,false
b7a9f5c10eec463c,false
34972dbc986ba5a5,false
231b356cb521d63d,false
12440516a798c170,false
172127a629a9d181,false
39b1543ef1e68504,false
7010bfe4edb67d88,false
54dcbef91f8fbfbf,false
4c496f572ab89d97,false
050aaf884d75c332,false
7bab647d169d4de3,false
5a47ee280659943b,false
454738ce6b499542,false
2908fe5079457607,false
31c63ef47281afc2,false
ff7204756c4ad7e3,false
2488c0afe4fa5f56,false
fa23d422bc6cbac7,false
1955b5ca871b80ed,false
d0b7b8c8a9b7de58,false
3459f4aa48497039,false
3737496faff0b397,false
4d9da7caa9e8e435,false
5cf4e3f21399932c,false
f56cad247899a6fe,false
06663ca94aa50818,true
0da4a334bca286e8,false
1fd601a62b4b01f0,false
6ceacc995edede0d,false
55b592a0526a1389,false
de9b279c6f327c84,false
8c5cc21e57f4bbdd,false
dadef202f43dc3fe,false
5947e052aabd9b83,false
2336f464d776f804,false
703fd93448d5cc3d,false
3b941e513b1eaa63,false
39f5f560a4d961b2,false
60bbc6d65fb4d612,false
353d78b1c71720dc,false
829c332671f5e751,false
4d4942953760120c,false
5f2f3a230b43dab8,false
2b46917892d39f9b,false
2dda3a3e15618094,false
73046543c03f77f6,true
445b655bab732805,false
1382abc63d16caf6,false
313bda7683993b36,false
297d618221ff0fc9,false
345ddf64a3a06e9b,false
06cb10a323243229,false
75fd02b916a73e72,false
f00ce94b1fce3511,false
75bf7ef20d0170a3,false
377ecadf3d7ee4b8,false
3642029d544a74a2,false
5db47d82956edb13,false
37f3f9cb5ff1aeb8,false
40455ae6d95c6bc2,false
6eef7ca09ae34d95,false
7b51736513d6a247,false
294b798ecda7aa19,false
46776969276b0671,false
297e4e1abef713bc,false
c97655cc1aa8a09e,false
59eadb841465370e,false
49a7f87e9a8c29c7,false
5164e2a99750b7d1,false
3afc11c0dc45a583,false
3b009a7fe4ada733,false
20336b98e244b98f,false
47db183deb9d0372,false
38146fcfab44080e,false
bdc3507677a6e38e,false
62dc25a9319dafee,false
1495f20ade3ee404,false
ec9b4183f508f6c5,true
32d1b25f658d6578,false
104ae70a2d88d79f,false
1adea92013cb5b37,false
19cb77fad263cb9b,false
2b45ec8c41a7e529,false
7f118a93367d8774,false
77548c4a1d07a912,false
7cc7fd8f736878bd,false
6c57f49521b2d959,false
9b0e76fc948453c2,false
157013b4dd761d4b,false
654c6225d060defc,false
517bcfa1e9d44f29,false
64fe7f63b54ef96d,false
269695282ae681f8,false
71d61324cf72112b,false
191f0b35d99da94c,false
4f49025d17905033,false
830b942103f3af81,false
c49ce7a5dc29a070,false
4326456bc1f1acb3,false
594468d4b07c7ead,false
7cadf91f8e4e4f6f,false
4fb4ba36c0465e44,true
4480983f0bf600c5,true
8ecb3fd771a83a86,false
87bbb418b4c60e97,true
7878ba414275decf,false
3936fbf99de5beae,false
32fbfea5ecd44d3c,false
2badccced23e00f0,false
311051581d99ba0b,false
dab3e54cc9d2cf0c,false
6e6d2e2b1949ca7f,true
4d554a158f555cc7,false
7b70a6609ec8555f,false
297a5f82587bb136,false
0d04c17262d87d33,false
1c620337ccf81e67,false
76a44e2f92286460,false
4077d03bfba80307,false
17197cdc1a7f2f61,true
87cb269d97214632,false
e5ccd4a447f9abd9,false
258410ec43f177af,false
53883934663627d0,false
7cd539c49a376b90,false
d6534f0492b02dc6,false
de492b5e89cd079e,false
17da4317d825a5f1,false
20a4828d85956d78,false
68c3c80151405aea,false
22d9daee3cb6a2d4,false
f7ca3cf4bb369288,false
353fd015cfda96e6,false
2aad20f7f81b67eb,false
74989b96b6968a16,false
3f384b1154b122c6,false
cbfefef178232b96,false
101054b05b1543fb,true
4f81698f075dfaed,false
51be5631bb1e9fa8,true
e735af46e978a612,true
535eaecd9a8e8db0,false
1192050c300657a2,false
2c28518bb91f585a,false
7a096d3d3ed1cee4,true
c8890c492813fe75,false
ba3d135d7a3e03cd,false
1a7852c4e93a7f80,false
3c614d14ec1d82bf,false
17bef593edb94df8,false
f62f1bce12e6bcd5,true
09998d98d8f68242,false
635b5ceb2ca8a6be,true
570402bdcd6d1adf,false
2ff78eb5aa646b6f,false
0fb1f08cf87b226f,false
5f4e4ade8afc48ca,false
7d94a8c05bc44976,false
072d640533bc69f9,false
3ad2185b30d1e3ad,false
daf677dea47032a7,false
8d180af842f3a8c5,false
03ca4d60dfad0356,false
32e46909dddf24c4,false
e504fb02b5e62d0c,false
70ae527f6bdd469f,false
1b84d93f24cc6a51,false
3f9eb78d96c7fc24,false
47b43ac43025e643,false
0083c288cda3eae7,false
3c7fb3ea32023f37,false
ffdba5263d38f9f3,false
6912a32200478186,false
0d043339a249f4e9,false
318f09c7ce78027d,false
36f04118ed5803ec,false
326898ec6112aec5,false
5bed1b54312aa3fc,false
55208e14fa1c0842,false
334577a895a7db74,false
09ffec058d17f9c7,false
21f16c24e3669d99,false
37229c585a54491a,false
033e04a89218e0ab,false
1667952c3b324e64,false
27fc779847ca487d,false
8e53f382330eb469,false
95b007399a3d3228,false
32ca7d65e5a5fa47,false
0ccb4b2d8d4f8487,false
6aa5b226144b73dd,false
7e5af313c44279d8,false
79adf46e5f5bb524,false
3b15a3953652f2d0,false
2d52bbbf458d4ead,true
4ee73a12715dd5fe,false
4c2cc422be5e7f8e,false
1889218c3f6ce5ea,false
32627c2d1ffccdd5,false
5b735536aeb7c71a,false
2f795ad77c864731,false
c2341e35fce428b7,false
b025c86de74c34b5,false
23cda49c0117dcca,false
1ee72f05c8f42d54,false
5fb1384982de8558,false
8e996bb90b3d23c3,false
4acde874d34e060d,false
fdd690d2deaec560,false
777ebd77cb4b6f5b,false
09a52e90729a233d,false
ee4a95b41b6b2be1,false
03db96371e0f4a35,false
2f376b895ddf48ba,false
0e1bc128c00788cc,false
f2032c2183f1e212,true
2668014650f0bc4f,false
228219ac06f3449c,false
795f3bc9ac1241d8,false
0427bc77cf3bd8bc,false
1fb5b8cac99fd4f8,false
93ca7ffbbb5a3654,true
672e0eec0222e6d7,false
515ebe9fe47a466f,false
7f135a40f0292dbc,false
fc86da2bb8d9ee33,false
bdb24d787708a87a,false
4f025e68861ecaf4,false
3cf639b60db2a997,false
58b21d476c0694b4,false
d9a37c1d8d70f78e,false
67a92a13981890a4,false
7f98e9f0905943e9,false
0dbad28449204286,false
3ea47fa29c2f3ea5,true
ef3db27454475732,false
2ba98843087a7d9b,false
2368cfae2f967d75,false
b0ac8223731edf95,false
77b46a9541e30fa0,false
39a119d1155d8174,false
07c1934492921889,false
98c853c458c56949,false
342c23c7587aff30,false
519d173d03ce5c49,false
3e8a6760880ef3c3,false
7f35020bc50d04f8,false
ae666c4ea54c21a1,false
7231503b80f36ca6,false
319b59effd0d5aeb,false
ae834b14b59f04ac,false
b292c9a45cf49652,false
e7aeda6cb7b3ac47,false
6b67ab44d76f78b4,false
5f0a11fba71e1fa0,false
7f9e1d91a697adc3,false
77453566f837ed5e,true
781c795baed70638,false
12d973aacf0d64bd,false
ba68f9d92b657620,false
c179d5a862c7e28a,false
0973ecc53e02bb95,false
3e124c9e277354de,false
33ba6f3759b443aa,true
741b640adca8dd68,false
420e5413b339ed52,false
326fc267f99359b3,false
730155e3628a03ad,false
261014167b9402d8,true
b9d3923e658c1669,false
5d71a9173c2725d5,false
61d5bc0c13150160,false
3aed4404cf137a5a,false
e151a3baf6cc4b49,false
4c4b34f525289624,false
a2fa7c0dcd3c3ec5,false
965818f604b7fb4a,false
0b00c1c8e6ae5bb1,true
596a7ce971424a29,false
62be6abd86236887,false
ac60900a8fdb5e06,false
13d5e6f10607656c,false
56e182c129d45ad1,false
701fb205ffa4f718,false
3733bf5a954246f8,false
065839c74d7582a8,false
f588c489bfadf53d,false
77c73ab079176159,false
378d8bd0fb567ead,false
6838b12c002dc9ff,false
47541c9f9a73939b,false
48081a8bb4b666f4,false
b3d6416ec0666ea4,false
4b4769d61e8c1aea,false
09fbcedc2c00c7af,false
43b6c500ee4f5e31,true
67b930937cf28c30,true
7376f98450508833,false
137a24fb23b9a2bb,false
4c19d0bbfdeb4686,false
6b2a2c27381bd934,false
534653ca01004a51,false
1d514289fde10a72,false
2f0b0688a85a9b89,false
ac4be584da700810,false
d9bad6eb6c2f1a92,false
7b2cc8494ef31aca,true
3b7518e5c503bcfa,false
657f97524ea31220,false
00671fde6a98d723,false
d8930ca495bc6f34,false
10d7594b7e1af3a6,false
42d664a7d967b1fc,false
653709db25600f46,false
6ea930d0e9965cb5,true
5ac83638fc28571c,false
9d4ed0066bc45dda,false
34e91a1f664ee9d8,false
101aef25a294809c,false
768d87c629d64149,false
72033b1419b83152,false
468b372bc144b49d,false
02380649d7ba417a,false
5383929e117346f3,false
7160e19d54f05edc,false
b2d5ccd970f5acc2,false
c25e744eb9f8c12f,false
2713e607302fe7b4,false
3ed0e45f1981fc77,false
8f9148d3ed44f8b1,true
58c63190a7fa0eb3,false
32185d10742bd2e8,false
499c461a07ee61d5,true
5ecb22f1658749a6,false
67c9aa47190a94b6,false
2a7b729aab5da0a8,false
af308fc7604cf99e,false
32f2f1bc9e6f28a1,false
6859d613c6da6477,false
5689a6e33670f790,false
3fda3078c0db0753,false
2c13b8981e2b7a74,false
6d09ec1224a32f65,false
22ef7ece401d2595,false
292586a514d5c102,false
56f5cdf09f43fef1,false
e8a12b3400268332,false
73a809d88f89d310,false
698d94d410f6ed54,false
bc5bf4a5b9bebd5f,false
3101408c39ac2e4d,false
63d122140221b1b3,false
d071a635beaf436d,false
20ae58e2aca03506,false
973559ad66b113dd,false
1f84401fe733aa61,false
4e52dde27356d7fa,false
3889ddf1dd7b95c4,true
baaf8ae55b58f940,true
2b15555a8b1c0b58,false
57ff7d76ef9c2b62,false
b15539c01537e7cd,true
212b57dea1e13d4b,false
175ed60199d07a1c,false
511be8a8443f1276,false
3955cdfa06bd454e,false
d0f23c006623d691,false
00a73c56962d6670,false
2494a2aad78f0835,true
71976fd0f112f5e5,false
013ab1db64cb32a1,true
539ef367765e73e2,false
ff32aa0d1444b12c,false
60325a82de1069ae,false
fc03fa5cad112f26,false
ba9525a85968e6e2,false
245049dd0c2e9306,false
e9300574ed02eb34,false
4da8613b9a79a6a3,false
3fd40a53eebea4be,false
50456ea3c126ea83,false
30ccb8c72b65f7db,false
b70613d2f1148f33,true
adb44b7470b0bfdd,false
6cbda9aee943cb4e,false
0d452fcea2ffcddb,false
71ed0292373ce824,false
4bb90a80a891c33a,false
175a3ca2095574b7,false
187fddc5b0c6e696,false
33dc025b7c051b75,false
6b02ae06b299ddc7,false
01a790334c42b0e5,false
c902558c994095f0,false
1725311d718c87fe,false
2bfe4b97cb65d01f,false
7b00b4f1d25949b7,false
29b784292b5ad781,true
2dfdbd3a9e470457,false
65f5b28c4bc8106e,false
bd1f1a5bb01e979c,false
7faf206ed86295b0,false
2dd93c560db6ac9c,false
12d397f27e6df459,false
2673dad8113ac446,false
1ae0c622120da0d2,false
0d04fa4713bda404,false
43c3a154cd0fadf1,false
4452e94ff59e8fa7,false
d82a4ca42bc0e3a2,false
1bf965caa87c23fc,false
43f2599e5f135f7c,false
35eed2e5971541f7,false
8083cacf25d7ffd4,true
295ff468c27668c5,false
2f0c003d8f607db3,false
38fde5ba4563276d,true
310ed306d236cc6f,false
6f12f468444871ea,false
b21f71c152bafdda,false
f090557d61a192c4,true
737fb584f0871e93,false
ae112adb2827893f,false
3772fea3d7ffc753,false
72f28434df1d41f6,false
1f55d1e18dca1208,false
573d944a97302cd5,false
48c16582699e24c8,true
6538874eab116bac,false
3fef4b1eb5944e45,true
2c49d5a8d3489b1e,false
5f7f54c099041999,false
2c132999241b0d34,false
5fd17c1e696186e0,false
438697f9fa7bd04c,false
31397626bbc5a753,false
5237591ab30960fc,false
6a63e7c7fc117307,false
4bbd5dccfe79dcce,false
608f8c003c44f4f9,false
7b78f1e171ce82b8,false
44178f68a0fe7251,false
2cdb3b1c963b2357,false
07da89980a7c3481,false
e5ad717868c393a9,false
4dfd18e141ad4834,false
197cd6432cf9e04c,true
323bb099a321ba95,false
3a5fbf126a2078b7,false
6fcf10ea4f9cff6d,false
34493313f3c5af52,false
599e1196147b54a7,false
5b95bd103879098d,false
2c9874222bfbf593,false
cc665923404fa132,false
50c383b9500b6eff,false
afd44d6b673c34b5,true
59491532d8e4a626,true
d9312b7cea2cb745,false
4cb3f89063fc734f,false
ac736bc0f42f4d9c,false
b7660723a812bea5,false
03b169224068f430,false
65e8a41faaeb263c,true
3c54486b67ab56ca,false
21930d5fb2b51853,false
1c72416d7e8d659d,false
10f0f5420da3a374,false
2e6870292d13cf83,false
626777ee70cb2242,false
5a2b749f0fe38eb0,false
78da838e0660397c,false
0652c33d8cf532b0,true
601426b9cb2697e4,false
2da2474d05753bf3,false
55ead1490b4621ea,false
da604f91e4406013,true
5b2daa41188e238c,false
77e2a9ea3a09da48,false
22c76db26630a6c9,false
5bafdc1819633d92,false
114e35d40d8c554f,false
75f51947670cbb48,false
3f84df1d5ea20590,false
5243bf9b7ea4a01a,false
6547bb807f360d40,false
9740ccdf48629724,false
fadf5f2de595924d,false
35b028d439776a72,false
5695ace697256749,false
e2f8d1f55426d521,false
af57f8d0503877c7,false
679357fa19a20a51,false
36c80c15a5c7fb29,false
6ef87887770ac522,false
c7d140bdacc03bda,false
048157ab6b2140e9,false
0efa9cb34ef3e2df,false
c18312f28d8979b7,false
4d0af4ae87d57f63,false
7ebc638fd94a4d57,false
32474263a5cec8a8,false
3028986a00016b66,false
b7288c9f20657796,true
4fc107f84951d8fd,false
5f238057e891d539,false
7a35b7e037d23378,false
69624c0733722e4f,false
3dba5a1f7566f69c,false
43dc784b73503dfb,false
5fc8b10e09086848,false
610e200b14ffacc4,false
2bd703b5d7f9c7ab,false
1675aa5ad7e2ec0e,false
551fc3da431dc453,false
80f5d14692ffe070,true
1cf1c4533b59ef74,false
485527b62540d04c,false
3743878245b4ef23,false
46038b7a0d41c7ee,false
004c3210908b17e2,false
3429ccfad3e2c1f9,false
1f79d53f8d9dadd2,false
76ce8f32e61f69b1,false
bed144acf7231337,false
67a3a6a4a50d7c77,false
5958ebb211b0e8ad,true
a6fe2574c575960f,false
a4d8f10e43e5344c,false
7179c53c5ba760f1,false
7d8c04f36a84e3e6,false
4ce5bf6c03d52c8c,false
745199e7ff30e268,false
0f38618e5b6f5ca3,false
54ea722769daf1d9,false
7235689c6eb394b6,false
701fed858416bf5d,false
15fe161db1a6127a,false
0ebca74d5242dfe8,true
99e99d88b2be6bbb,false
4238af09bd2c0899,false
02db15d9ffa0ad21,false
85742ca51a8bd0e7,false
1662283e59004916,false
69f8c5818e0c1ab4,false
63e9616bbc40f3a1,true
1e002a717bfcf8f0,false
5aca403c146dffd7,false
c64ac4dd69c94d68,false
9317d6c6b3f27054,false
0e900d2a58646b67,false
0e3feb64c9678434,false
42353b5d24b193d5,false
5bb854b12fde2276,false
63025095719b5e11,false
71156bdbc389251a,false
fb47b4af7b1f2499,false
5c47ccb88536ebe3,false
ab9b4d52ea79ee5a,false
7297c52ca020af6c,false
5b37ff4c068b9286,false
68e4faf51cfc57db,false
4564047d1220ba94,false
a026d9e4893dcc39,false
29f42717a8325bd0,false
59875c4d59ad3662,false
146d4ccce66764e5,false
69aa0a1e40f1a65a,false
5d16532019822e37,false
1c0276bce75ce90b,false
51488a5740aaa3bb,false
3262b94638016f90,false
3926747b21138ee6,false
2a2c69be73f3c969,false
66a0a301e5f11eea,false
6a2f2cf751adc5f7,false
752f55b91e4f0334,false
7a0528a6a6955785,false
74ddb3e7d7b0d6c8,false
78ecd33812dc0a8b,false
4e72c8cdf9a16892,false
2be68eca9da6576c,false
568dcf5355a92b6d,false
9d435b7c1c53dcf2,false
3d6ced5586bb50cd,false
8a748e3af555f9ae,false
0727ed1b8dec1626,false
6af1604d964a99c8,false
191f841b68ed9f59,false
5c8719cc05f90301,true
7fc49caa1020bd3d,false
41db4e98ee812649,false
dadfc8c6aa94a9bf,false
1fa17b91e8756fb0,false
6752565cf5c12af3,true
7e3be24edbe8bfc8,false
5b1650e6692fcf30,false
744a2e891c7a2cd0,false
6c93ccd37544a1db,false
013d5f00a4acad51,false
12e56398c702b37e,false
cd97b551727b1dab,false
4a25ce874a7abc2a,false
9917cf524ffdbd84,false
c9c331cae6eb1050,true
362752aff3ad16cc,false
3ef29f2f31e9ac5d,false
58a522ff7b6603b8,false
1b7e021452de85d6,false
0ce70463e110a25d,false
9d8b348d93456fef,true
2ba591c33c0d189f,false
3945eb5b3f5632a9,false
f1289024b31d6025,true
6f51b2e8c6629c3c,false
373b22eacb5f40d9,false
1483204c88b69be5,false
16f91c43dd0c9200,true
782618fb4a3ff913,false
13937dccc690dd44,false
3dce88934ce03376,true
934ac10d6093892f,false
26ddcc56c6e8a9d2,false
22827247b6ee5a98,false
0bbe95076896bc83,false
05ae7fffe81b0d33,false
2f891c20c3a9fd44,false
c735b309ad0ff0c0,true
311a6b19af71b0a0,false
11093fcaa5d86345,false
37c89ffe8b8df7c5,false
4dc983023daa9223,false
db9b68692b5cb88b,false
7bbc7d24df46b04e,false
51745b5208c1212f,false
1d0a807a766a1505,false
4eaaa569d963cb6f,false
120142d06587405b,false
625a5be602581951,false
1006afc68f0d831f,false
07e1385c75874e35,false
ec858f9cb46f0bdc,false
66a6dd200f3c9324,false
b00d2d3c1c8e4d17,false
6dad8f6fc0574ef6,false
687e6c6b95138bce,true
0533ebd9b565b05f,false
111750f3d953ce5d,false
252e5e4ee6078a6d,false
836537ffdde33d86,true
4c1c95345465e876,false
749659478dee47cd,false
edf875ff359f1ec4,false
3fc97c391ca42d5d,false
cccf805be3a7f1ca,false
4b8318da4cbbddb4,false
6b263b5e665dfeed,false
4d9b3ca01a473540,false
d4f3f7baef9ac85a,false
ffda2b0855b1220c,false
5b6c5041f89fe885,false
7c5ba0c604f5535b,false
5ba98047cf7deb65,false
6737488c05ed5144,false
bc6fba68d9bf8feb,false
79b3fbddb3dcb63c,false
65f06acb1bca1966,false
336b567aa2755075,false
9906af107b78975b,true
a2e38d6a15ca8062,true
09fe3776531c2ad6,false
728558a5d094aad4,false
51b4a03fd3d2c875,false
6377268b6a2c08d8,false
cba99ea26edefd11,false
14712b3346de82e0,false
98848ea9bf152c2b,false
577413e17c06e872,false
26fbc4dd236b7fee,true
b217fcda9cde0288,false
14a5d99e4e6cbe5c,false
3b1526fd9fe356ad,false
3916127c3b1ac69d,false
4eb77b6229b5bb07,false
540ff6430356d076,true
7d4b26ddb956e48f,false
754cd803417ca90b,false
3cf76c0c0ea8c284,false
efc8bf36dc5446d1,false
181806c9e16ed6a8,true
7f2f404afa09b1be,false
6afbccaad00b130e,false
216167dbb76eacad,false
6d48aa963243c3ab,false
650df4a59843e6d4,false
2a5042d469994bc9,false
209d2ddd6049ef81,false
372f472a5a79f916,false
37a251d7c37ee80b,false
463789c204a3d1f6,false
8f63b47c6ef4322a,true
73cc7814b1d826cd,true
5f1073618fda2c1f,false
2ae87200f3735f66,false
185b6ff626ae1dbf,false
8b4f914b147b8976,false
038be69b67a4a458,true
ad4319730fa95101,true
b77c8e666ada0da4,true
50e0220559b47aa3,false
577c0a87bc9856f3,false
1e99ba6a3b0ea38d,true
4fa5818070bb7ec6,false
75f4d6eecf7af331,false
d820bcdae477926c,false
22a6f779bf37ac80,false
e0b292ae308305da,false
42e723cd290769d2,false
5579b52d75904464,false
972a8d9731d7e92b,false
5acc80c4e05dd08b,false
684c1584b597673f,false
2c1f76b427fcb6ce,false
422b3b5d82ae0189,false
06987706557009b5,false
08ca3c7135e9c1ab,false
a64c0590930926ed,false
7ca1613065e7578d,false
e65c2080056b17c7,true
a69b7755a66f8df9,false
62329aa7970866f9,false
1ea73d3206067fb6,false
24a1cb82244f7869,false
11bc347c27b512e6,false
3d8d495dfa9d3231,false
5c983e5540c23b0c,false
330e87fc1691a916,false
3c10c09525bd4e51,false
61511539fd41417e,false
50d4c8b59b696a33,false
600a1823f10dbd0d,false
aae911236001e627,false
77a05970adb9081a,false
00594fdc75bec813,false
893a8b6f684a858d,false
23cdb71dc3acc7a5,false
1b58863b9c6360b4,false
c7481c9e39979619,false
e19803de41610f9a,false
528a5b5cf65625f9,false
24673025db9da84d,false
70a10f43d9b82156,false
1816bc00f0adc4c0,false
3b45c2696ace2970,false
74b3b59b1653d500,false
3ef335527242ba39,false
29171876002bbae0,false
3ce790c240f1f5bf,false
e89da21f1859d3a5,false
dca493c3cb699c86,true
0bbe6e2e4dbacd0a,false
6b1f7f1a7ec74efd,false
75f6bcca46c38b72,false
045bff835b79d94b,false
6fa001b0f3ce828e,false
07a643b4edd43d32,false
7e69daa99014c4ce,false
2558695689d06299,false
57e0de295b26c698,false
08339fe7413f6155,false
93e4fa377cc3b132,false
11a13785e3b7bc91,false
52676e6932d6aa9a,false
013a2ae9a1a6e338,false
2da852d133f7d940,false
279f094df11c6b5c,false
1f8bca44fda9588f,false
318193dfea326f90,false
710b42ea8f53b1f9,false
1335caa5eb033bc6,false
4aa0da4f1db8b1ed,false
4e49e8f9f49e75dc,false
5d371fc34a2098d0,false
3009e8aad994900f,false
59c30417ec426b56,false
888baa09fef41856,true
1d5665faf3ce85ea,false
3f819cf0e83b3558,false
0e3cebdca4a2a7fa,true
5b8253bd42f1eb4e,false
77e5641e2a630f74,false
b2d16edc9489b2d2,false
720e11f9694f2ead,false
6a18bb94ccc7ec94,false
4a688bfa550b98c8,false
6705159d44966ff8,true
3a53c8f8de13e93e,false
7f88a505a6219c38,false
bb4b23a13f7bd22c,false
636b07010af0dc73,false
675c0bb13288c101,false
5a1ddd37723ad5c6,true
3d1a579a0f4cfa38,false
776e23a16709efe8,false
20339691956bebf8,false
0748fc47694ade0d,false
6378cc4834c35120,false
70f10c4ff9ed14fc,false
f8a7bbeee0abc7f4,true
4016fda4b154eaa2,false
d5c8caf983edbe54,false
1b2e9efeb3551c7b,false
0971226b5c98390a,false
0baa547e15df8cbd,false
1d21f3cdd9ecad7d,false
76ad5bed37e6e402,false
0b853cc6eabfb345,false
1cfdcedaa3672a08,false
506df927afe82c39,false
db2bc1486eeb3d2a,false
20c3df6ccef650f5,false
666ddd8da4727d80,false
d655149ab580f211,false
34d86512d10152c4,false
6e432bbe2b66bc99,false
12e8998b9e7d7bfd,false
79b565ddaf18b431,false
042dc9602b0f6860,true
7bb709a747f9d25f,false
d3414fc7438a597a,false
0b78818f11298d22,false
1a41f63a64a43f4e,false
61b2db344cbb442d,false
439c0badf0b9c643,true
182a2852165aa02c,false
c6974c04b45eb40c,false
4c80173819d93dc0,false
110ea2f3c4d0a18a,false
58ede363ba468eb4,false
4f2b994814738b42,false
674a605a97808b27,false
1d47fd89e8940e94,false
7f78a8af5a3d94f3,false
5c0b0d822b4ef290,false
982885934fa20beb,false
35545955482dac16,false
cdc5c8e6875c24c5,false
6843af4e5ad4800d,false
5432ad3bd26d9849,false
6c188e2f33df0173,false
1543f80c8603e09f,false
527865809cdf3df1,false
dd7ff4ff590e15e5,false
5f4a966ea0e9b7e1,false
3a9c5b209e6b33f7,false
1cfb00dc00170eed,false
746bf998a8cb4f1f,false
1671bafc99682247,false
38dd1af733176f59,false
d2595fd9f446fd08,false
535fa23b3bc336b7,false
dcfcf5f4ced9cf9a,false
126a0fb5a36710d7,false
29bbc6652f1625cd,false
7a69610ddc17a0d7,false
6ef01263e3002316,false
3cadd1a73e1857cf,false
fe2c471f6b4d1e73,false
38bba3584eddb9bd,false
74fab6891010757a,false
55d1554069650f56,false
21925ae95bc6f7f6,false
839ff4f662744541,false
627de0fa3bd599e2,false
0e05911cc1198839,false
fc045a280b16625c,false
943ff7ef0b2b1974,true
0dc64a377c888dd6,false
46f98679bcd0a9e2,false
89f38859747ee0ae,false
890f6f8b5e3fd71a,true
365856c756dcde74,false
63c7b5860d6f55ca,false
f17901d0d353a62c,false
043a26b20631e894,false
6ea1ff9ea35d5019,false
500a3aa1ba725117,false
aecafc0a45cca891,false
0beea0d513d36e82,false
a908fa5c5dde517b,false
4f7c09efee7f12da,false
f5fbb6a90aa25005,false
9af34e9b4b163dbf,false
c0a73e594bb19cfd,false
01e84a063622f50b,false
7e94810b7761befb,false
11baaef23606fe7e,false
6b502de9495f843e,false
6d647f4b881e4314,false
433ba170e3aa3dac,false
6a6bc1012af74922,false
7d6b01dd3b94aa3d,false
c51907fed7aa1d1a,false
68bc4d8120e8995b,true
3fe6de6ba8572557,false
3a7595c2e526becc,false
98548d213baea07e,false
5de317094d03cc6e,false
5076513e5fc18862,false
3c9dfdd6a3f3affa,false
28becb129ca75fe1,false
55253c95e268809a,false
28814179da294e40,false
5ec388fb20dcdefd,false
5a06261650567d84,false
05192e72edff7b93,false
3d565e0388ecf63b,false
3ff2df11595ca736,false
1f2e4be22d99b535,false
3e59ca9bf2aad170,false
d9fd0366b70c7b02,false
e116d41d75e048bd,false
65bdff4accd52ea9,false
70d7bdd30207ae43,true
7253ce5848d1b3f1,false
dd0ef0c0003c2687,false
06261dcd355fad6e,false
0614c22a3b4c0925,false
7c6fe9534167c77e,false
f2cb6cec49ea397f,true
5e00af6d7ac13c7e,false
65d77fe57cc5f5e2,false
04ee5bb97591bdf5,false
ee618953d16969bb,false
6e89a2058a98cff8,false
090b135ae9e0c831,false
7fb33181c9159377,false
2e5e79ba0748edd3,false
3b745d834f3e1667,false
3b9a18d8f6dfd7a3,false
2fea44e946d48e74,false
129a543f9199c0e1,false
1e26a0ee106afc3c,false
414193b2f472266d,false
65fc48652f9dc6b7,false
3733217b5f1db6f4,true
0fc7cb1c43eb7cd1,false
1d2a69583aa09007,false
37b10ee828652883,false
6623ca291fc4aeaa,false
03cf14109b31797f,false
66b0ee432f3430f0,false
4640967c1207d6af,true
0507aa6cebfcbb3e,false
2f37dae93dc64f1f,false
ce1ee05856dbfeec,false
2fe550f05c8196af,false
8ede594a31ae5a3e,false
899bee24fc6feead,true
3dcfd8ca22aed0d3,false
4896cc0c23b26ddc,false
268c52d87fe1e6f9,false
071bfaebd064d9e2,false
3fa74a1755e01eea,false
049685f93b12a6cb,true
94a809b12af82b13,false
3da73cfb494166d1,false
44499c54de978067,false
59c0764d3641a73a,false
3ca81b1d45195f22,false
0d34f4b87d9657c9,false
d34c18f64a4a9426,false
96ef309f54fc1758,false
01a2b90acd0a98bf,false
71f03fbeadc8f321,false
5ae466e0f13491af,false
20fbe39065104989,false
3aa738258bd3f2ac,true
0599894c0beafab8,false
0c2c385ce66c6819,false
6d7515571880b3bd,false
16ab4f72f2e0ba07,false
5f82118d0c94161c,false
8eb9e84940d67435,true
04e10354165a621b,false
0231872c82d33a4c,true
ec868328db2cd3e0,false
50f9129e00890f5c,false
c6efe31a1be163ff,false
7e217a60edb938e8,false
6423a42bf97c40c5,false
83f3fa579796ec58,false
73de71e0170ad8a6,false
17039efdcec95af3,false
4ccb706731584eba,false
5bb94f20ca0163d2,false
6cf0ee687f84f4a2,false
acb2e9ce97ee9ca5,false
106709a15146664a,false
e28fc54718f1f406,true
984b0afbf0f1c854,false
6cb430225818f130,true
234a7a2e470a5bb4,false
56782a786fc33c87,false
5ccce191051905be,false
2470b0ee904a25dc,false
7b84bf814c3ad895,false
67e0fa541b1fe9d9,false
380307c9af642e4b,false
040e33bef70c96ba,false
482cb5d6f3082207,false
6f65b740350ec5a2,false
8053e118f32aeb35,false
390ca5ad72739163,false
523f1a56b70e64a6,false
da902eb0a7e37d6f,false
94285e7a5f9b885b,true
34758482369f615f,false
45f0db2f9f03d7e0,false
4fea9d13c4e5f706,false
1bc2a915fd45aa1a,false
667e8442b9a12548,false
5a478fcfb27974eb,false
ec0e29d31179982f,false
365e5259d63864de,false
a505e68e8e0ca131,false
2dda1b1db4133478,false
1d37c0e54138ec6b,false
74ff363987916c6f,false
5f5c8086fb738a12,false
47510a53ca317599,false
d5bcbc79c771929a,false
3217df4edc24ac45,false
3bdfb5cd00b57f59,false
6c2347d09dc79602,false
09e0fecb02bdd77c,false
0101de1043846c91,false
594ce57b7e6814a3,false
e7478e50805755ac,false
376cffcc6c9aa033,false
2a8768e261e4c046,true
b572a52d7bec6b43,false
930c8a1803bc54b3,true
403cbdbc7786b0cb,false
ff42287ac52d692c,false
e13e7fe80f670586,false
3eedddf6ab06dade,false
1c66a3f5881067fd,false
75284fa807d83651,false
27ae4154982cc216,false
1754a3549a4db125,false
424fdf823cfc0924,false
3a73ec781c99de70,false
43719ca5d1279cf0,false
400f1c33940075b1,false
282480ea19e05d9c,false
3246877031d6b360,false
1fd9b3c67b44925f,false
0d3ac9701a106c04,false
23deed2b94158a44,false
5e72a2346d4d50e1,false
402d703c7e908854,false
2a70396521446cdf,false
4f8f01b185dbe335,false
08143d1c2df97b69,false
d40938ab37df6bf2,true
3edaefed4d16ded6,false
031c32350694033a,false
0e86a6e7f88d0b29,false
c9993921c4ee84f4,false
08687f97e12d5a98,false
438d9d49b19b2907,false
2488d84ecf687de3,false
7eef149bcc098860,false
26afbaeaf939f154,false
93ce68746553dc90,false
3244349b5d552783,false
65f70c35ad42784f,false
d00b78e5732e15b2,true
010f12338830140e,false
4636611eaad390be,true
252da9e8a328f049,true
3782321cb25b2019,false
a1efdc8871d18e19,false
437a96f43ad2b015,false
09cfc9d7925caad2,false
e48e390b4623bac7,false
161fd99f8e65690b,false
02d351d1931af272,false
6007318c75a4ebef,false
6e2ec595ecf7fad0,false
442447c6498aa049,false
762ebe6bfb12ff22,false
219fa2ce466c8154,false
97e82c16842b1344,false
544b9d16cf5b98f4,false
4ee5101f70bd81e6,false
6a21eed699d3a2c4,false
7205606465eb5d59,false
2d95089d9d8ba181,false
01c4083bccd3f2eb,true
ed3c7327a093ca6f,false
33a18e94badf5105,false
553779e126f2caf6,false
e8a4723eed7ab68a,true
c5c96234f471d598,false
0468d4137f07ee22,false
50760bffb06cdff2,false
5251018301a0427a,false
0ff7dd55f869d522,false
426162c9b3bfe1eb,false
f7b3841fdadbb49a,true
7a7f6179f4a736a2,true
d0bb97d2047983ab,false
33017fa34cf5715d,true
21933dcc75cd6348,true
0e30b71fbae8089f,false
56bc3c5788f0dee9,false
4f026f662d285daa,false
1a7383f985e52182,false
4d303352cd07fbeb,false
6389afe5e79ff5de,false
28fd63a3d336e785,false
321dce2c6b6c5b9d,false
0b96f5c3f90d72db,false
0deaafeccc0cf041,false
2fa8c84000f82170,false
4f600a4a0b5976c3,false
5852679232a4c297,false
7ae48946327ffd46,false
4f4d6ad9175f6c83,false
2bcf0a814556ff37,false
4aaf61868d5bdeca,false
621b587947fd4fa1,false
dc47daeb5b2f9118,false
fbf6eb8b22dc7ec1,false
2595b13a195b6cc7,false
070bd962d3020880,false
8f184be24ad88b11,false
6db48ba6086d8dba,false
d1380501a635004c,false
32689a9c6b44dbae,false
ec28f61c85a4d6dc,true
ffa1c45ea2f4641c,false
f4d9aae75768cf71,true
1b0539cf3651c398,false
7e9ba3280de21bdd,false
48e92ab7311d1623,false
690a2b3235a8c1f6,false
4850ebc8988f2d78,false
129c96e4e3ad9e48,false
229e071dba22b05b,false
531f66fc22d742eb,false
647678e6e0909d39,false
416a0bfb68cf8601,false
3358f427de4cea4a,false
74772162a20781ef,false
6d5c60158658a96f,false
5a89f38599b4bbfd,false
17139970819b1da3,false
a1cac1c7f09648f7,false
9ac45c8267804c6c,false
145554207ecc8c2e,false
6c8b4af07110f23b,false
70d27045f6fc166f,false
74a18928908a9dfb,false
89ab68e4fd529183,false
3a92057dd84f0e4b,false
73d9d84191b0b3a3,false
3d9d75be48ad88b6,false
200f2d593b1ce826,false
5e3cd6f1b52fbd26,false
78655a8abd193cc2,true
0642debdb7a5311f,false
1084ac92e9613342,false
792122635ce8c8d2,false
569556ef24441408,false
6bdb742a85f47ba8,false
6e4a4d29a9126884,false
b20407c11b6f2edf,false
4572d1bfb12f021e,false
ca49ddfa95b24794,false
0b45f174c4d2ee57,false
6169fa17ca302609,false
69b7f3eee45a2e7c,false
6bb50fb1980442d4,false
72dc18309dd9fded,false
58f07197fac9d235,false
3e8bbe457d17c715,true
1a8f4a948d2198d3,false
f148b864c877bae7,false
2abafd89d382d5d4,false
4e31bd061e3fbbab,false
63b493ee1ecfd60e,false
1496c283a6ba68f4,false
5daa8fbea36040c9,false
957a9127e7e4d881,false
490a816e82fd52e2,true
2fe07b52a8304339,false
2cd5cbc982a9abeb,false
11168fcb9bd2b4d2,false
2f3cf048e90fdb56,true
123d9af1453b8423,false
94849db5fa4d8b20,false
5dde821d2e251730,true
47e8abc6b8680efe,true
4201ebe6f6ad99f7,false
65119efb8984dcea,false
0d172f9083b9f77b,false
5ac2b3e716860bab,false
107644ff4062f16f,false
40068a30337cffef,false
7219f5ace3375017,false
276f6bd2b928bea1,false
fbfb32d6f30dfe48,true
43b1ded9f576b175,false
303102b3ead8c1e4,false
60f01151c008a725,false
ed7fd633c831097b,false
b7f7c090fc9f5098,false
69bbcc8d776aa928,false
1dd86c8a209c391b,true
1708f40a8998ad81,false
9d65ce3c97386612,false
3385a14822968172,false
6233c15d92bfd3ac,false
95fb1a5addaeb2b4,false
8870ba7718acc16b,true
77c76723c2633cc8,false
32bbbe162fed0cec,false
c6543061d7119bc5,false
235850746eb284e7,false
8036d95fe319c5fd,false
f2e577b188db8a66,true
56d52b8dbcb29ef6,false
f38ac6bc868cbbaf,false
3c11f9a637fe26ba,true
75197fbc0b87c3d5,false
84ee4136646cd1d2,false
09e17feae01ba53a,false
26ec224442e606de,false
a1d43a91e46edeef,false
3d0e55f529530adc,false
1dac1d7392b6c3a6,false
b7e2f616ce96ca08,false
5c3d3039fafcc5da,false
dd25bf36a309c70b,true
44b291dd65d1f3b9,false
a424f44a39f80be1,false
b6cb03242a40b5a8,false
2850b45d6d4e033d,false
076ca220ba68d964,false
6e6e580f8f4c62be,true
14c809c147e781bc,false
515bd73ee8766c5b,false
2631fbe2f285731b,false
245ea1436ccad497,false
3f56d34c53b08b82,false
f48311b28ed5eda2,false
7d59e9dd83d7685d,false
e7f22c114e83c7a6,false
2e07efa4fa51c843,false
6e5a6e524f61cca1,false
4735e4e592da3164,false
098d1eafc4254919,true
7a219fff62f599c7,false
0ca59436d64faa14,false
38e1ea118512d5c7,false
50e755237754e6e3,false
68b6fe2dff4b63d5,true
4e9c86e3ecb9ca70,false
36830ea71382fa63,false
71fa384202faea90,false
6a202c2672d5f868,false
69afe58ffef1f5f3,true
6d915d2de129513b,false
199aa24ec63dada3,false
053e05cb3d7ee91e,false
286f201b264e39e4,false
d9d7f6db929215a1,false
687fcdf1a782fdca,false
14dc27b7dc85ec94,false
43c7d0cd1b69af2b,false
5c7ff771f6462beb,false
401ed2fef5225000,false
7effb927950a7c5b,true
57726c2d6ccde0f3,false
2bb6d46d9f7f12ab,false
19239df5a7c8db14,false
1bdc30d48b01a8f6,false
5d137fc44d2649ad,false
e824b7be041fb975,false
359b7062892f0f2d,false
758c418bac9e47a7,false
5f8a21bdc68d41ac,false
799f754659cb7cea,false
5a7021597c88ef09,false
2bb09d6c523bb468,false
093ecb07ac346047,false
5096ef8dd634dcae,false
21282dd69e05e7ef,false
1732ccf72d7809b3,false
4f0225f75e95fe8f,false
0fff2700a7862b51,false
152e091cfc55bcf3,false
30600d4d33046c1a,false
4be1ce1336485ada,false
645e9b821187e583,false
61bb4e58822eac49,false
7fca55cc41bef709,true
731510a509f0f036,false
2686ec04e1e3b6f2,false
4fb6744e8d4b4097,false
39821e7ec98b066c,false
24af1c2bb078d3f4,false
03f01178b925495c,false
7e13849c4fd94b47,false
0a08e08425708b5d,false
02c35f258f5fe1c4,true
6c7c3c87ff627f9d,false
59f6868df5e2bf17,false
068f9a50f365ccea,false
001c04c28cb89b4a,false
a88ff2f1c0f78472,false
394a72599ca4fe0b,false
73ee4216e6b1cf58,true
14b999ab06c89510,false
40472c06472e6cfa,true
b9f73152ed8527a3,false
4fcb6c35d3de5297,false
045bb0d4cbb2d9b3,false
7a8e302f702ceeb9,false
b5dad95847b974cf,false
188543085cb53b50,false
7cee44ce77d891af,false
467637f5fa3f779a,false
efee55efd74aca22,false
21cd95a3c1a10493,false
4932a99f0085dd03,false
67b1942ed500bb0f,false
0d2ecbf13ca0657a,false
cadbcdb19e2289f1,false
113113f64c09a946,false
6cae401f029d8501,false
50f8ffce468215d7,false
45dee919947c1e39,false
1b2f50e390a58e40,true
75a3d093959275e2,false
16443ebe8896afbe,false
39472819da05ad64,true
6477c445bf37003f,false
09b967e43038dabd,false
2039e92e94c0e54d,false
41c36e0f34777d81,false
128209124a683180,false
6702ab553cc460e3,false
7bd5c7ce9120ac28,false
1812e3287ebe189e,false
5833b9976edbd6ad,false
18d9b66fecc489cd,false
348472c21aec4bc4,false
23528b78e591c0ea,false
9c48d762e300ffed,false
07dd27ac78d3a103,false
1b7107a8709da9a0,false
e664ca449a88d5ab,true
395861e92d2aa83c,false
319fa2b5e71509d4,false
2e6b28de08041ff0,false
be012c31474a9e53,false
8d3e357d7d872c22,false
28ad142660ead4b1,false
0075230b76f05892,true
69dd4a6288beb019,false
5035438a5f48f960,false
4b39a774102f0f26,false
2340aa508c3ebcfe,false
4b8a410a23ed4b2a,false
52c9bf4ee101962e,false
5ae0e2ce06819539,false
3b90393bc1f32260,false
36cc44d410b36e9e,false
637479dc64324a7a,false
8506420b621567ca,false
29cdde07abe339ab,false
c5e5faddf13b67eb,true
1d281ecbef64cc0a,false
585a8734fcf4cd95,false
61f218fbcfa15dd1,false
3e72336aeb47cbd0,false
b1e968696047283e,false
0790907554646c9c,false
0eb03b934932f1ae,false
41004ca2dcb22824,false
3381792235b30625,false
5d3642f4cce9f6cd,false
34854ed77a37cbe3,false
6b6f3cdf96e1fc18,false
f106cb4db07ea8ce,false
57725dee31ceab79,false
630fca4e8228b7ef,false
37c7b4a3917c4c96,false
20ea42694ae8bfeb,false
459dcf01c2e61f23,false
c7130c7ac8678ca0,false
b64f2d80d0ed1cd2,false
808bd28a7a0c57ad,false
2f38d5fa26389fd8,false
fb9a6c5120d0e123,false
193dae68c804ddbc,false
4a5ceffe1489c1ea,false
296a007bcef633e1,false
4735be7623ea03c5,false
afe408e802573fd8,false
f18146db88c8a01a,false
a8c4df94df29cfed,false
25b0e9910481d662,false
09d935fd8a23b3ba,false
570490bee1f9aa00,false
8605ae1244896982,true
09bb3a620374ad79,false
2add3d89b1f03412,false
4884d6b59be30285,false
3b68b4915b444f1c,false
0c49e428a2748f59,false
ecf6346d37f15ae5,false
14c424bf56a71da7,false
0d910fef99e2f0f7,false
72c88a4bbc0c4e7a,false
116a93230453184c,false
7f1cdd26fccd97bd,false
1688a30279c183fe,false
4cfefaa7e03a7633,false
04d74d137d20fd9d,false
228be3232a6ed3d4,false
511e87e508284adc,false
29538bc73615a58d,false
a4d0d21f5fe09406,false
68e8f63f1f84dfdc,false
694705e803e09460,false
2c7dab0778fe2dca,false
ce16fdb2f577ff39,false
4a04029507249a09,false
0cbd260e00fe0675,false
0c2382dd39d3aa9d,false
7d96d0a50c7d4344,false
342c8fb74fb09d4b,false
3e2488875673a67e,false
60b579cf8f31a13d,true
10c40c2abee83440,false
a9b33e53df50c39d,false
519e72edb0bcf342,false
015a5985af763077,false
380dc0aaad8b9729,false
67fb8af11c957336,false
69c4edc83b86dc23,false
cbd4c41bb1b351c5,true
5e01fb5f86d90e59,true
477e030183b63130,false
af76b77855e8a380,false
10716ffbf2641485,false
decc5b0abe4dbd7d,false
01a7a00836baec3d,false
75264585cf99b136,false
35dbdb8e5c188d27,false
318cc8e0c9881be5,false
191a0a168dce4d8f,false
a27311771cd1972c,false
6a7a2f582a72fc4f,false
1019c504981c7249,false
23cadc57b8edeb8a,false
85d04451228646ae,true
169f929d3f474ec0,false
b6e94ba70862eeb6,false
2a74899d547f3afb,false
7b776978a30cb4f9,true
063101a1152f9d9f,false
7276deaa399f89d1,false
ec4a213536f32efd,false
1236c24f2c2ebda7,false
9b95e9677f9724b4,false
21a77b090da08c29,false
69a80ec2a3182314,false
0de8de0bb2e7f0e0,true
5e1bb4f7006b8c11,false
09f7ea31067536d2,false
17313e873aaeac0a,false
a6d39b85c9055e18,false
26bd82b8dc6dd42d,false
c413006194e0a215,false
100694873a974e31,false
757203902186fc71,false
8783684a8d8c57bf,true
0b60dcf7e085105d,true
29282ef7058b1625,false
6842a4e8ccd82f6c,true
fdb9ed4fa9731ba0,true
6f29a7c8ff0b966c,false
537e35c208cabd8d,false
0fb251b5e6767d08,false
4fc5bc7eddf4b83d,false
43826eeff77b83ad,false
52ca73ee6ed1f564,false
0ee3bec04d0b3583,false
232246ac12512373,false
4a02041ef7d88553,false
5cf74666a46186dc,false
dd0883d3bc202b05,false
06a2cb3d82dc77a0,false
7a7ae60483a16036,true
bf1d9bf4de640766,false
1e5e1d35ff4a6ce3,false
4f09f1d3bc7758df,false
572437f67b8b3b8f,false
5aa63e54718fe85d,false
6ad249d8a74c449b,false
450705ae6335893f,false
0e47b5348567fd2c,false
deb1ab6400bdcf0a,false
5b63a4eb99d32280,false
0beacc3bb47d0b8d,false
361bfb2cc95c6fd9,false
b7260da43cf418a3,false
221df82e26ff7077,false
63aaaa41b16ef4b9,false
6efbde728d17f7b0,false
7e0ada8b360f7f51,false
55c7f46c0a5aea47,false
53c235799d85155e,false
6af51bcdd9ff22c2,false
c36374423e230466,true
1c14d6ca4b0677da,false
6a4d80f50f20f598,false
0791b33eedce93ee,false
683048303b38f162,false
0af73c8372c02564,false
b818a67313e3ce74,false
64a3f2d24a95ea76,false
3c24a22d431cf1b0,false
2e34824bab8fa9f9,false
47346e67b20c7c8c,false
29a3599781e68ca8,false
71b5796069bd2528,false
6ca2102d26b667d2,false
320364534e6ddec1,false
29ba28cb083bf7b6,true
1e24ca90ae4669c5,false
09a8ba4017b55e1e,false
424803826bab5143,true
6dc3df8f9ab02f47,false
cb88b070af3d8f61,false
b0e4f34cf50a327f,false
3f39bcffe38dda52,false
5349d41b17f4d53a,false
618ad766b4153f6b,false
040d94a66d4d8b70,false
43b2ad2e88f1f28c,true
1f15f800b2a2303f,false
231478bdba41ca56,false
3c3bf414c8702709,false
056e9fbd019dae09,false
01f83d68be2a2134,false
085a2e8743829148,false
6e351c7da5aee0f7,true
778d12e5897d82ce,false
740a34c0f63a9181,true
204358f0baeebe02,false
9b9bf00c4830289e,false
0f96969f7aa60ee3,false
c57083e995105d05,false
4038ef651ed58322,false
7d3a2df5557a045b,false
454eaaa4b5b21f74,false
2d9529cbbd88ee0f,false
cdd2962ada11b37c,false
0d669cb6944d8c1b,false
c7538a241aae3d6e,true
17f4145e501f180d,false
79564db77a3907f6,false
443bf21d699d4208,false
20460387a0f70f6f,true
5000f4d96c1a4a23,true
309f64e48d80316f,false
486cc90d18846245,false
ff9f303321e3152c,false
34677fb79b89ca2e,false
95f45cb337e03e80,true
4a1fd036821bed3f,false
1eb2e11ca3d75cc2,false
66c4dbc4901b4478,false
5d4fc0762e9bf56c,false
2401c15a5e32c374,false
279dd17b82838e92,false
629c0b1133127c84,false
0fabdd2839ef0e9b,false
b6eb89e4d7199a33,false
d9f3f6fd223aa9e2,false
5a5bac08172280d3,false
8d544b7e96a17875,true
52340981abf0af61,false
47b47d83bac0616e,false
bd3925246eabe222,false
75af0d0cff4cb7f1,false
69f98dadf6a759a0,false
35ee69274ccf75bb,false
677b577917aedcc5,false
312c4e77ec7e2190,false
3b2a00c3e030e7b5,false
216b55bf276e12e2,false
1e003c16525f4073,false
606d6e5a68e2e93b,false
0754e5d882398149,false
243367c507fb520b,false
73a56be462b7badc,false
747191db79d8eb4b,false
1bfbcd7c58a4ebf9,true
365e1b47810c11c1,false
3da6321cb3977279,false
01937703302c96e8,false
4968871337900f54,false
7d0d164525d8b377,false
369f633cd2c987b2,false
696df7c651f896ce,false
36db59737773d3ea,false
46c32531c412af91,false
61fe3e7f9fbb4bf8,false
7ec235638636de22,false
4cf12174a3dcccea,false
63be8beaef1c4abb,false
3a9a8e3ca0e0f8f7,false
5ef18886b4b3b929,false
0549ac2acab5dd9f,false
4b94bc480d62ebf5,false
7ac6c7e218bbcce0,false
2e45d89847e149b1,false
0a962b0318e45b18,false
9d239e0dc4b14adf,false
34d2cebb120a9069,false
4e159d7cb70bba7c,false
4b80ff48c774c2d8,false
19c991bbac4ac0b0,false
832c5093148f7b77,false
c045c127739add39,false
3252483645ce9802,false
2b7392bb9ac0992a,true
30240776872d87db,false
152f1c5ecebee6e9,false
e98bd14c6fae9d8b,false
2f67b3eaa59482f3,false
5387ab18fe099108,false
050687279b75c017,false
55422df0fea03948,false
295e34282be61ef8,false
8e096e84859bca1c,false
75b810fd200bbeca,false
5666e1f9a4dc0063,false
56dd810faeaf6477,false
6cb9e847a3289a09,true
2170c9a9641e1e19,false
1c7f18832bfd1898,false
30a2a9916f602fbf,false
767b825e824cce81,false
4ff9fe4f623b2126,false
59064a0acdc7e157,false
d21ff628192c760e,false
75e2adba0aa04707,false
16f9f80ab573c207,false
2a7cab38ed409719,true
3c678a981d59be7a,false
6cc9e06304d37b38,false
36ff34cd451bade5,false
012354560b3efd79,false
4a5e51c85e704156,false
6d30534417be06fe,false
32fbb72ba8a1819e,true
d7dac61f14c29326,false
5b6b2ed5f4b0dceb,false
5609e921ee9b2331,false
fcf3fde128a84f56,false
6cf7e76d3dd8d1f8,false
71023dabd0a3b139,false
8cd03b4962796d50,false
43a0094af2388fec,false
5d3e749fe7d22dbc,false
2aed4c10a91f53c5,false
335f1ae8af5e1430,false
4a89319e5fb5f6c9,true
861c8a2734bc6740,true
256b87edcc78df65,false
6da4add2b5232cc5,false
5bddcf19fe822ebd,false
54bf69be5e8f881a,false
020d492577ef4edb,false
15178f2395e9a741,false
ce3884458bbd0d50,false
181bbfb626d036f2,false
0aab4fdebfd16b9a,false
8f6c4aa6633a434c,true
221e00fb4692d4a3,false
40784742334bb862,false
05efd13ed5570027,false
fcd6bbe852bf789d,false
2674af99cfde4e1d,false
644e71addbfaaa0c,false
07fb94abc2a94871,false
1bafeb383579d6a3,false
1ee4a3642e5e8be3,false
5656b4041c158d91,false
31bfa78ef19ec361,true
76976b856c0fb580,false
13d9de79e747ee2b,false
2066e817a93f126a,false
38528a4e13f07b76,false
2fcd90f0633521e2,false
a2da05fbbc3a4efa,false
6f612eef7e659d6e,true
3e633f409ef764ae,false
40ae5579592cdd37,false
5dea0e7dff9cbf5c,false
7b9aae58ebe5854b,false
342b4644c739cc29,false
5db31c4307b9a861,false
66b0619ec49a44e8,true
9474ab6433e8f2fb,false
e118964671f6ab3e,true
42ccb58d25058637,false
21f8d7956f5e2013,false
b56288ab8d5a6b8d,false
1bc037660650aaf6,false
3727ed2d9e5ccc77,false
6a424e8600e1563d,false
1affe1bb8921b984,false
2faa1b0ef6dd5c8a,false
750e8cc3052d7f9d,false
2e6af0083561bb28,false
74037bbe5d56e769,false
55f9fe87c56f5bf2,false
5cef8081560ebb80,false
3ea09d475703f52d,false
10f57fdf502ee2e7,false
1631c2354d7fd68c,false
53918f05f151f46e,false
56ead38e50f37095,false
9b4a47f9d89ecd6f,false
06c64bb0faf4ac1d,false
0706a789f94d859b,false
dd2565d452ed236f,false
3f06ec6011cbbb56,false
086c4f020de1185e,false
36073249d0a9f3f2,false
3ed5f3c38fc2faf1,false
05ab0d74a145b503,false
721ca48a0db75693,true
6a9226929cd316ff,false
313e2c5e9b1201f6,false
27477d35c5178686,false
bfaa8e45f4f1736f,false
5382de2199f84c38,false
9c0813fadeb8aa42,true
0695856f790bd182,false
298508b3381c6948,false
3c6d956b2b2c7063,false
e62c4d3430d78e03,false
8957504a30d8081a,false
7cc518fcfc243937,false
3fe7e0fad9fe2955,false
541773471ba24044,false
42c4bb431ad92b95,false
4f34ffa9061bdf3a,false
cb08599b6e2a3a16,true
c618948a7e7c1ffb,false
0a76f7bda2b65e6a,false
1ec4adff8f67dfb5,false
6b58b839016e9251,false
abdb24a33d564ec2,false
41d7f9aaf2a172b5,false
622caa884b0eecd4,false
eb55e82c96a5e3d0,false
12b82b5ae0afb794,false
78a897a15b1b23c3,false
0f7f996329358573,false
18c4327a1f056698,false
2d7c6524e7b430ea,false
06db5e5dbc44a3ac,false
15129915ed3c9ae5,false
fd28084dcb4b27de,false
3670b8a0e21e8bcf,false
43f146b4d7fedb70,false
1668eb6de40ed075,true
6e8856acc0f8fbca,false
730f6aab6b49a12b,false
081b62b7871c1e79,false
17c365e563df7188,false
4d854df9cde14770,false
ac2f5f5e7ec10ebe,false
16435f091aa825db,false
7a8ac6100a3b1afa,false
3205c7f15a59ea24,false
5d140cbc189f774a,false
634d403627685af6,true
30363e7d23d46bc1,false
bcf63917f5cd133f,false
5717e3b6ca6be307,false
14e0393231ed098c,false
a8d0ab70df17fe9a,true
363ceba8afa7ce3d,false
4e0068c8735c6a05,false
6764655ff0a1d28d,false
7ff85d20e0389297,false
2cd631c3bd76a232,false
0606e937327944ba,false
fbdd0a7dd8532457,true
5233fa57023d6c14,false
3f7afb86f1a32c46,false
5e9b1d9b1f77c986,false
71934215e91bc6c7,false
de17ddf769dc68b4,false
f70216abde7b66f3,false
47f18f999682ba0f,false
0dc875e690d89ebf,false
653e517ae7d58e71,false
ba1d25f93ed69cc6,false
4756e1e42b640fe3,false
471fb686d20a8ffe,false
29afe9105588a963,false
215cda4d7e18b5f3,false
084c983a893b5549,false
04c168bd003db023,false
46bf05bac82306a3,true
3ceda627f9b43864,false
5b4f98f2dc22237c,false
3372e58f599c9e29,false
d782ea56f2ebaaee,false
01a436f90f0444ac,false
6609ddc729323c13,false
6991391e27b4266f,false
73eb09cf26ede675,false
05746ff087da5823,false
330aafb09f21d417,false
03cb2c2a9dfedc93,true
0d50b18f42e40fb7,false
718f405ce330b80c,true
48b556f36a8c1645,false
8955d446a61da23d,false
7e74bde8342b7b1e,false
e5ac72213c3ee04c,false
7845db0d3f5fb71d,false
44a785bc4cc67514,true
6a0613624d87550a,false
0eb271fad9598533,false
177fbafca6081e6a,false
57d7107bd16b47a4,false
2d0defdbaacec504,true
93abe35cda13d8b7,false
d94b3b5f4a467906,false
4ec529ce9ecaab49,false
5a8b3a2f40ea32f3,false
1ac2d881d29a310f,false
7799b61d3554d309,false
274f114167058ea3,false
06cc9791f754c46e,false
4a4e78da707ff845,false
5ca4d2f4f2794528,false
0b3505dd6fb59362,false
3dc42d292e6a6c91,false
351744cb9190a637,false
532e01ac80fc4082,false
65fcd9c9f9146878,false
23869b40de99e316,false
24e9baf98c378ce6,false
294f1709c1c953ac,false
1e863032c15e6038,false
4653d22edbb9f6be,false
3e1ac83e1fd19476,false
b0edc05b0251395a,false
c9597ffb87ff8547,false
723c751deefb6834,true
e3134e6baf0dea41,false
6ec64e4de2ed44df,false
b1eb6abf038e5563,false
7c5496fd246722ad,false
1bb324a375dc0b45,false
9511dc3b672ee71a,false
0c14b21c53e42170,false
22871bade709372c,false
cb50f85a69297b9d,true
d9fc17a5cb4d7837,false
4f24f0d4c1ea9d66,false
304c65edda2b2b3c,false
e1934b7e76d283cc,false
43fdbac7c0842898,false
3f6349d92969831e,false
5015d03a5e8a9c8a,false
ef02b8a8688e1387,false
2d5575b61c7041e8,false
1c55d8361b0ace03,false
3e6b5f8cc03176ab,false
04ada3f6bf1e13c4,false
79ec4f0b368bd5d1,false
45268c9f65686b68,false
eee22f974a387f83,false
1f174cc402b610aa,false
2a349676b025443f,false
9bb4773f9894fe28,false
5f2f3abb11214614,false
1d7fb24b6d9622ab,false
907e1561c9e7c838,false
5e13ecdad7c6d763,false
87cd18ecf881300b,false
0e9b36e0b4ddde96,false
233730be34ec7b28,false
72e9db77c5ccff51,false
1d1934e25480d667,false
15fa9c13f78bdc31,false
48f96b5feab5bc9d,false
7e9026ad6c4a4a25,false
1f2c91d492a1539f,false
334dc8f50a04f796,false
777ddc0834e78369,false
e604cd8c95baaf7c,true
272f4f1ae5a17a6c,false
a1e4bc56319ca0ab,false
4b71132ab7484ec1,false
3e7f4cdb96cfc1d4,false
64395da6716eb8f0,false
f2077806d893267c,false
1fe551e0db419af2,false
d0e2550df60084fa,true
6afe50b91c0af879,false
3b47c49fa7ad30c2,false
d658c6ffb5624c66,false
b5b43e10f790f6a4,true
02e49d9ea6edb6ba,false
2be100f64431e0a5,false
174ed5cc496ef74f,false
30f51ec20d8b732f,false
5489e25c3ac5f581,false
3268296eb8c15018,false
366efac30311b3da,false
0026fad2b5f7cacd,false
368df10bdd396d92,false
41193ff7d6904329,false
2cd41177a302bd12,false
56fceb4d063c15f7,true
abbd512a2b42ea45,false
0310d625a3a2ac46,false
2602e94f47e2dba4,false
4dadedc1ece40ce2,false
536c919871116b99,true
20cf3a18a03d363a,false
b8093744edeef9a9,false
0049bda7212b1845,false
a8e82e27886a5076,false
3b9311e39977181a,false
61a7271bb66d8643,false
1fc5bf15995ab52d,false
f7e93b892375f394,false
42ccfb0d126b48ed,false
654117b7cd2e2e7b,false
17e3ab4c091b8e80,false
035ffac468da4647,false
3a60512489a78f80,false
361f2521c0670051,false
4c62e2dcddf91784,false
298af2d1b64db489,false
ed19656ad61770e0,false
6a6d6ee786fadb01,false
5b1392d7e1bcee5c,false
5198b9c6574acce9,false
0cd104d16c8a8a0c,false
23596b56df759245,false
a43de09581e26dfe,false
4d6b30f5680066f0,true
6f2b052fd7ee6b18,false
6c4283e919e7eeda,false
7d1f8162ff9d1c45,false
44d1b2ff190a8100,false
0c0eab8294dcc219,false
5f518251ed9a55e9,false
71c95c42c621228b,false
516a1466e142d1cd,false
263fd3bebf4f1e66,false
bf31f88197492aed,true
146ced721855d3de,false
2890919e6326830b,false
07a0bab207bf3d21,false
46131521e1521ec4,false
f2f38f5ac5f53fc5,false
a3414bc25ad023d5,false
329e0e0e6c551d64,false
b305710b6a7cd31e,true
02753fe8daa1b95d,false
04bc59cd16fc75aa,false
6d6d908c6c3afec7,false
f8f146c73df5ebd3,true
53040d88f41b9ebb,false
1e5a9c079ffa65c2,false
7af60a95aef7f222,true
4bc3b588ea94a0b0,false
4412d7aef26829aa,false
2442b07db4a76670,false
d5a2af86dc82e33a,false
6b3da050e963cfbe,false
755433abdc047617,false
28f259c722ecd99c,false
687ad3ce7e1dbe35,false
cae61c9c3005fe43,true
60b61d6fdea3f68d,false
3e381397c3b59ab0,false
116be822f6fed673,false
32425fc5ccb18ac4,false
34604e5059d234a1,false
8cee04b3436750b7,false
5192cb6652c56f93,false
4773e5dd2851b9ce,false
7cc4dd77ad81e090,false
29d327d225a84ab9,false
888e61b477c732c3,false
710e65d61c8f695b,false
0ad41ba6636c485e,false
cc97b3e146a7a60f,false
71aebea87dbeb8af,false
79c88d162128d7b1,false
744350c44df3c447,false
5d47ea7f32b539e8,false
63c57df60232c1ba,false
4008ccd6efd284cd,false
2e47c3ddf4af2878,false
ede7d3c76734777d,false
5f819130e82da6a8,false
05b0898e0815bdc9,false
0d82c3938f9f8bb1,false
6aaaa15cb16b6669,false
b805d7821f9f3481,false
348c62e58a971d65,false
12cfe2be32316ce9,false
8cd8111371928045,false
2ee6a70607dfa452,false
1fd3ae0d5ce1313f,false
23a4a233cf9d0032,false
24052a3ccfcd4b1c,false
47ce83856d979981,false
6f5b7fe45a6227c2,false
16d4bf68fd555301,true
8121ca1ee238fa4d,true
7e4802a3cf2dd027,false
070523aa62ee9ed3,false
f77e33246c00f2c4,false
24f12937631da44b,false
44afa85686388cf7,false
bfa1769995877c7f,false
0fb5b192d9eb6ed0,false
67ffd2dd3872e72f,false
0bf7a9ede8001677,false
7e151aaadbe33254,false
167614312eed6fd3,false
03d1e70dcaa39af9,false
0c031fc58909c454,false
5bdf1a9e696c32e3,false
1a4333e0bb331cbc,false
5b487ede47d0d27a,false
11f60b50f833949d,false
72894b96ca741c55,false
5c0fb5e62caef7d4,false
2b802b73a26bd579,false
15050e11c5c42f9d,false
2227930c8ed48cd8,false
25124fb6bb99c21c,false
6f09b50d0522fb86,false
481f7cf01400f521,false
682fb211b2cc749f,false
6400039e25a40951,false
36d0dc96a1234685,false
12497171d2700486,false
346100d1d04438a4,false
46d19c587c0d7f9a,false
7a4e599bd878a06f,false
7cb6af2f2812828d,false
4605d86619f42633,false
aa947f39dc012725,false
52e03f618e563347,false
16fc744fae6e0b03,false
bcfee9cae6f2f082,false
0d18471d114a7669,false
131476e20a846290,true
4e217f10bb318e78,false
7e121242563220cb,false
5f29428afcb6a38a,false
0b346396d3ed39a7,false
34ec6fb9966d9b84,false
07d4d4fbe1def518,false
0e0625214d9921ce,false
5bba06726b7a7dee,false
708b81e9ea95f355,false
32ff9a3ba5024d72,false
2883cfaef07c019b,false
1b75b876c2d6dfa1,false
1f3e6219046bc7a2,false
3ecdeb3c0faf23d3,false
3034f8db71c950a5,false
dc4322897848911f,false
0ef22e9b74f99897,false
e91d25b6ffd33c66,false
ac0d066255bdc2f4,false
237d0d76cbf1ce3a,false
22769b696fafc5be,false
7b10d147185e178b,true
01a087882d438455,false
46dca2131c77edf5,false
1c4653414d2ea6e4,false
11a6068dc20b19a0,false
6db35b3648a949f6,false
2807f3586af1949b,false
100ed069435fbe7a,true
a67bd93c0c9717b3,false
5a6161c9724c6b03,false
870739307914f262,false
6c5803141ceec43d,false
461d9a7ff4607814,false
5274ab88fb7168a9,false
5034bfb60ce06ef6,false
01ef0b27bf65bab9,false
2de95c9eca9a6fe7,true
fbcda7d5b4dfbea9,false
3c1aa2c99dd2ac13,false
17ea1e3810546658,false
64ef743238ae6312,false
8e5c794759ae6454,false
284f0cd103ed3492,true
6ebf09116be31a05,false
ea8a4b2c61c8f58f,true
7b21e96c96200c01,false
fdfba2bce890cd90,false
33a02ee91d24e198,false
fe7a99144e6fdd58,false
45cbbea3fe1c0d8e,false
3a4624163e20feea,false
4ec9aaae9bd31dc8,false
648bdf9e87b1ab40,true
4da05325e699a42e,false
078f01d2b07f4686,false
18746210803fcbc1,false
322a0c23c260bc8f,false
2c35a05e69ae9693,false
6b4a860dece729ec,false
1993e049106d79a7,false
f764f1a6d1378b47,false
18582cd5491dc7d2,false
5e87cd09d0993c6d,false
8f0ea6f097cfddb9,false
27664ef15d479ee2,false
0877f56e29bd647b,false
0572d9f02b74feb2,false
7fc329c387a62518,false
419e472a963dbff5,false
979a7d15b9b32616,false
dca4bfac6037d990,false
4af16eea622e727d,false
69a09bb88bf51687,false
0a9e8da7704ee6dc,false
478fb68cdb599352,true
08f655851617fefd,false
74d4355c873b0197,false
63269219ed535953,false
5e1ef053c5071822,false
e7ee00ac748bbbc2,true
11137444192f5d8d,false
68bc0ab7536e0c56,false
07b653ea87017d85,false
1ac6d690701ec5f3,false
037b89ca7b32f411,false
a9bd4c68911f5378,false
bf425fa47ccf95ee,false
57ee089b659af5b3,false
7724d98ee559a9f1,false
a3c1f42ae10ca5c9,false
00c3e5ecbae1e790,false
233576f0d4487b42,false
a568be36ac148784,false
35179f13d50ecaae,false
619832d5232167ec,false
9d3cd1800cde232a,false
76f5469cf154e87e,false
af7b2fe3a2979120,true
13ff7e0598ea414a,false
031cbe9e19a0b544,false
385daa39c2be420c,false
2f5eb0855b7f4a8a,false
8b4ca2f37fe47909,false
5bfc0d3fcb1fbaf8,false
189017b989066930,false
64a0bd6331be8387,false
49460641095783a7,false
8b59cb80471e7e45,false
751c7231bef6510b,false
54f25e6e43e6519d,false
3f3f184f363eca5a,false
656d184a70b21449,false
69754f7ee76cc13a,false
d70dadee1f54cad8,false
41495ee96213dd15,false
4cba59f0dec181ce,false
8b2f411882f4fd11,false
393e8452a364a54a,false
7322213dce342356,false
413200419d30c832,false
375f11edd7eed369,false
239767a1396e12a0,false
c5a8a10ac582a560,false
e6aa96db30e37af7,false
2a39bf4213a14cec,false
5cb6b7b0231534e4,false
b566453e794716b7,false
94f26c29e6baffcd,false
3cce33aaf070f012,false
2700ac56a99b99c1,false
7df5c21fe4f38b81,false
f4f75db2c638d056,false
13910eac0f204e0b,false
640dcca9380051e0,false
3ce880da52b07386,false
43a6d78e76df72e6,false
256fdc1c6e875639,false
6aaf0537a98b3e34,false
cbd44b216f59e112,false
65fdf9ad148e5137,false
4bf431680e3f0166,true
0faf78e0303320ea,false
97aec00d727e9ae3,false
c0464719b35975f9,false
18285935892796ea,false
4f58fd8a7650aa2c,true
15253632f55b2447,false
52e9f1643c86ba79,false
344e974e958135cf,false
6ff31a6c47146a4f,false
e18468dcdf4a28a1,true
80830bf5f4bf8e66,false
69500d8abfdb7335,false
5a09342a10300f9d,false
3c7339696d769010,false
0539ac4bb821cdf5,false
f5d65eddb8007baf,false
27f13922d24d6169,false
927258451f9c352d,false
2c06bdaa99737e4e,false
5834d0c2f4aceca7,false
ac740d3898c34a6e,false
120ef6ca339275e6,false
439820f99c8d85b8,false
64cea62ea9dafbcd,false
23f04f74d93413b6,false
0295dc2273104459,false
2c7867cc2daf04a1,false
6a463bade001b79e,false
2f6bb8ede1d78357,false
84e6bfaf6795aca7,false
0502e364e623a9af,false
58382e6dca0ab771,false
3fd31fb8888d989d,false
0ce41e67a5623840,false
3c3eb44c2e31e6c2,false
5cb6ad03532444b0,false
5f4ab547aecb5a6f,false
6b5c8e7a73a25d7e,false
07f880cff16bf796,false
1b129d163e62e341,false
6778775be4daddda,false
9b416334e385dfd4,true
6f9abbefbd93390d,false
74a08d822e9c7ae8,false
51b90828e31b1c0e,false
31f8279468951a42,false
5d1e87b2dfd9b803,false
1aa797e08be441bc,false
1a3a033ba8c2e94c,true
7ea1eda317f747c8,false
4ed4eed4b323b288,false
9a6874da8c36ba50,false
6d92ff90ec85ea09,false
3b23398c33f4adc5,false
7bd0017f823369e6,false
02f68b0f8eecccd7,false
4653e69967f73803,false
02048ed817afe045,true
77d3742c9d22f1a5,false
734253f7c33d8a45,true
4dc050c2bec37766,false
a963f895da3759da,false
4a8b0e9263220457,false
174a517ce122f7ba,false
1e7a2d2937771f3c,false
19b21d784fcc0fa9,false
7f6edf8cbd139ea0,false
0e22f3cb20b7632a,false
505df5cd0d5b99ab,false
26832fa73b076e91,true
1431eb036acc8566,false
7d7f95b29f86f200,false
2f51e6e01bca566f,false
42e8b3bfdf4aeac6,false
cef40ff265dbd424,false
0e6d69b15b5d5e60,false
801e0c0540515769,false
378d1dd5074ed6df,false
ff44c551589a188f,true
1cae0ffb46f57e92,false
3a3d92f2f0013228,false
6c3d5536f72fe4a2,false
c7f7ae51ae9c42ec,false
6f13b806a7a0a280,false
34c26ae528bea1a9,false
220647d22261569a,false
555b32f543dc8784,false
246cfc6fe57f3889,false
1ab1a4a35ea1e16d,false
30df8f4c26a2a4c5,false
6c6243575438fcaa,false
604a51aa0357c6ce,false
0b4a3d43eaedb362,false
78c6e320ac2e8242,false
21c97fb7f1c5a368,false
3f9930b2723ee17b,true
172bbca7eca36cff,false
06bc7ac9ef45225f,false
d2d747f61d5ece66,false
93363e362bd1f7e0,false
71cd476e88ed1842,false
417f13b4730705a8,false
6b8e7559fac3c1b8,false
5fac7ac8d9cf2c8a,false
b6824c6ecc3db18a,false
0aa3d9732ea4061d,false
bded82655458ab94,false
81ccd51c82337594,false
7f1244418557bded,false
638657b2a99c0ad1,false
71e926d40c95b88b,false
05d17ab8e61673b0,false
573d37988299686b,false
4717c79ff76de064,false
002d772364592a52,false
9f6c5e7285bc0bba,false
3dc6a3efba6d0f2f,false
9412af3c2b66ed89,false
5f326af4f282f2ff,false
08277afb9ba1142d,false
54411379d6fc965a,false
29fc4d6cecc0c95d,false
2e25b57d2cfac8ff,false
4131584956a6dc03,false
30944cbaf81dbbdd,false
6823630782f33510,false
d4ed8d905d642e93,false
78d8add9ad4ea8ea,false
2c0fdc1c4c80a2ca,false
9e621bbbe9051b9c,false
4748ce9a246be16d,false
0926f56cacd7b536,false
5a4fe0abd4d2df58,false
73e2fe8c9f61086f,false
1ac76d11a318738b,false
17c10f5a2809fbe5,false
3caa3988741f5857,false
17e0cf721d411b60,false
8ce042bf62f16ea1,true
85aed2db306f25af,false
0bb53a80676e39ab,false
67c1d3cddd0fc953,false
62742d77068dfddc,false
2aa82a826547f661,false
1735a3f9006d145f,false
f3a57e40891376b6,false
54b09365cf8172d7,false
3f0af5f7896789c5,false
bfe992a5e93395c1,true
2f63a8be8328a12c,false
17535c3743bfba05,false
fb2c6ce88a886503,false
49a06486bf4d6d86,false
4217312c2a7b7c63,false
585f81ec3b6f1ad3,false
75c3ae57c39b833f,false
064c4034f681eaf0,false
1ccbb0b34e42bb33,false
4f6cf0671d47dd54,false
6c5a99b2e36a9fea,false
13ef6667e85cf782,false
6a3ea965c9afcce1,false
09342285d65f2907,false
22de8c14d5745da0,false
ed651f28179a734e,false
febbcb54762b1060,true
1326164b6703771b,false
fb2816d4c8ab3804,false
2662b6f09ac00ff0,false
746ea491d2ffdfe4,false
65dad3266788d912,false
057142e7a2eff0fb,false
1aa2dd8a4db17683,false
1b964d0b6394ec13,false
29ed0087c2e418e7,false
5ee72d811bd7d32d,false
acfc2a0a37829500,false
c770d25d66e0b570,false
93422344d4243e3b,false
6a61bfa4c70615c3,false
ddbc8b2498684222,false
268a8176fa347a9b,false
6d61c1d34bb057c3,false
05a537228ba95fdf,false
372c7256ca0143c6,true
63c76167145d2d5b,false
1e3f3a7c62a0c480,false
33e3454b7733b622,false
7dc2132b60a3212e,false
1ec7f5dd97850fc3,false
104225f8e21a6d4d,false
1ec85af29b256bb3,false
42a9cf2a696ee265,false
b3275e7bcf8e5fea,false
03bd6c50f0208586,false
9dbe422dc21cf7c9,false
5d0fbe22c7afe148,false
36d8abacc421c8de,false
324c3a161ddb70f0,false
54534e25995dc7cd,false
541d2e91033d1188,false
d83a63f3ff01459b,false
622462a889623c1d,false
16e858884399dbab,false
5aa11af77b167df6,false
4a188ca5a2c18cfa,false
a1db7137edea3c27,false
78259a53921ab748,false
3dfd02e56901cd2d,false
5abe88700ab39fc3,false
38d9ac93183b7415,false
57d0c872b56659c7,false
3177430850f587db,false
64660577737fd12c,true
7a5692d58c9ec58f,false
2817771dbf4a3a7e,false
6c997d1501c24abf,false
1416addec72c0f99,false
489bed72f69763e9,true
4909e4e82afe6f19,false
78602c94c0e27897,false
5f078a42a4a8914b,false
19f0cc9a84b1a2ef,false
6daa642b5ed35662,false
0feb3bc6b0500e63,false
39a32b9713fede37,false
0fe0dc43ba42b25c,false
3fd18712d178b5f9,false
2edeadcdc713c724,false
61a48526d6f7caa4,false
da28c5e113779588,false
66efbd57a3388135,false
96049982a583c8e9,false
1001c9b82a313680,false
5609d1645af6852b,false
5f0e4bbde9b15875,false
a613bad924e1f9d2,false
1ea16608df3af30b,false
52b14a568adf943a,false
197836ece97a52e1,false
71a5968b78bde456,true
6632198777e6f28a,false
3131094c927468b4,false
39f352e9f4df822c,false
221ea5d297dfaf01,false
186f7c31a5c6e2ba,false
6494cd6767e59853,false
4dcae8cb7449965f,false
f9330a2c3e31578d,false
0e0f95280e5e25dc,false
2cee1448dca78d80,true
f75c3eb1a60833b2,false
69e1817ca1e40433,false
30dbf8193e573021,false
5ac48e925cf6d8c0,false
0779428900f59d34,false
9a127f8060af39e7,false
1b4ab44cb66e1c19,false
b9180f17c3d025d1,false
054d1ea9edf1bda9,true
e073e5ae87bc96f9,false
48f4873aefc9f3c4,false
73a5c7858672145f,false
0940365799b420b4,false
08afde92681e192e,false
793cf21bf274e241,true
6f132ac5c4018dd1,false
3d89edf5551b6707,false
1aed1c59e7394742,false
786b0f1cd20f316d,false
3d656d424ea141cd,false
63b78d5538670dc7,false
1e9c3d7d2939088d,false
757c4f47f3fc32c8,false
359330e626fd2a77,false
3d9328197d509d7c,false
c2006b96887e7f77,false
6963c38851d63f3d,false
f58508263dbb3e8d,false
50552e2f04741355,false
3ac1912b31d5816b,false
25bb670eaeeb483d,false
5c91edd9ae2e0183,false
7da4e79ac78e6bd9,false
5db56a0519de449a,false
3164fd9b9f56475c,true
97af71463fb57776,false
34e6cc1d3f305da6,false
f12a1762efc75b04,false
68a05277a2d1a3a4,false
7144b5b420e938c5,false
06bb5183be314200,false
2efeef5b6a95f677,false
335422d86d037264,false
3fbe3ee8cd5d59f5,false
96f9997b0087b97c,false
3d3671fa465e8d34,true
039296c49b406364,false
f58c2af22fc288ac,false
04b57ce9f92a6e50,false
68da244d74895306,false
77d86f48c553cde2,false
c377645865a75168,false
346bb2433a14a543,false
3c3588a5befcabf8,false
62319025b1fcea9c,false
9990c75ff024276c,false
5adb0561a807263a,false
4d594183663f9096,false
9a623176244ed70a,false
029a4cba3c0bc54e,false
4feb1e3116e43dc5,false
1f56191354059b84,true
0d487f30f8a4ec40,false
7c071aca82b150c4,false
9197260efa1e5771,false
6bfcfa2c69474a3c,false
4d6d894c64f2dfbc,false
53331c84abfbbcc2,false
405784481a000378,false
95525908578c3259,true
7c5ee0802305b8eb,false
19e284e78d3a0be1,true
22c163f68232f35e,false
400236cd30fb1bdb,true
59498d96099a8842,true
96d1c4345c35d5f2,false
a72c79c0b56217ad,true
4b83187c74039859,false
4e86fabac293d89f,false
62f724f8d6b1da98,false
12c96ee42a2ba097,false
0089e807577f4875,false
46e7f98b68203032,false
18a01150ed161b33,false
737fd9a1f9d8bb46,true
e6285945a15bf0ca,false
51a5f5135e424a99,false
5d95ff255d3a07eb,false
5f43142d8a5c52b2,false
7c674632fafdb499,false
56330cbfa78ea3ba,false
0825d23b38713d85,true
d8c150b6423f12a8,false
33f037f80229b063,false
900e03f5ea703815,false
382a93ce9535ed2b,false
718cb3c94563cff8,true
5c648567f3533736,false
213f1bda2bdbafed,false
04552e0167d35a20,false
19f5c5b9ab532857,false
df09f35f4a4e21dc,false
80bdc314beb276a8,true
25729f1017650d02,false
517b0b94a3a345f9,false
568c14e87c198e35,false
2ca1dc0bfd4e16fe,false
55e45fba21f37a29,false
143c2c32789f64c0,false
7a8453860209bab0,false
5c7e779a6607785e,true
030d727f0b066627,false
5d58d4ac15921c57,false
badbf8605ecd3d9b,true
aeea28ffae7ea01c,false
536b19616dd93330,false
0641757a08c4a24f,false
6d16b99e65c980bb,true
7b6c6efee4c4d264,false
05a6a800e05297cb,false
287d1c5267947a96,false
69482ee4eee8356d,false
1aedd42e20384f77,false
c5dc3edb27016e14,false
14e937881666d57c,false
1185978e5e1553a7,false
0c0a8c1ae27896f0,false
5ab49c62a78fdb3f,false
46d71ad032a81779,false
6521b6fc7405a03e,false
37e7af372547ff1f,true
6730aab1ff587edf,false
515f689543e5a899,true
27c2894c35e4ce00,false
72189e525fccfc74,false
4a4ae6c063e4aa51,false
0547b0681d848fdb,false
54dc4ea5631f3af5,false
0432a37b311f143f,false
2e650ba08cdaa411,false
2fd1157d64e56e35,false
2f2fd3060cdaa5af,false
6935d61059db8032,false
3e2980c6887d7292,false
24385913414f0828,false
6edda7117d3d24da,false
3a1fa0d2901a55c3,true
2f3e23c2df98ae34,false
209a04a6023e477b,false
92248c4e3eb536d2,false
443df8bd0b8f9955,false
1017db5f820f40a1,false
facc77690afd1819,true
3e8d4caa85667763,false
5faaf63467453e6c,false
4337251f250823c9,false
519bfce9c4e0733a,false
465f7916076477b3,false
d8e010912b92de30,false
0aa675c634416165,true
70673cb72c82ee53,false
0654267d5c10d691,false
1b37b1c24a2fc9ee,false
3a180909184c4879,false
7a055888063f1f4a,false
6eebef4689bde93d,false
0f2ff1c23c4a7fe5,true
5c24fbfbb5abc9b6,false
dcc037ed53bcfdd3,true
515f938a6c736c95,false
0cc9cd0e361184e1,false
6443e167c80536f2,false
77b272c9d3ab2567,false
7db45eb8d5bfb178,false
54be46ea413fdd80,true
d7577f71b79f16ff,false
ca08c489d448d06d,false
4dcea35a0a9a0d65,false
f52fa81bb1b2475a,false
234a890626404e0b,false
27268e2a87205354,false
044eb4a35fa80dc4,false
7447b7745c934538,false
1bcc2baa6a331e30,false
7b9590f7adf69b80,false
b45e17001ebf699b,true
cc48a4ea1c2729e7,true
f08244932e66bb2a,false
72369768d1dba59b,false
0939aae13083e272,false
64ea7f57b2f210ab,false
0f94f6b7e933b459,false
720c82342a003a37,false
7a4ec4398368d272,false
667f61dad95a621f,false
2a266d03a0b4844d,false
67e1aeb05d388ca2,false
221902519e45db42,false
81f24c35e26eeef3,true
aea571e0cedcc084,false
5ecd130d568ee2c4,false
2e5aebf4548ec860,false
60f27f717a204c10,false
e027042ea5c62c59,false
2cc1eda60af171c1,false
3533d9dd3b49d3b0,false
5b53db7d5bab6780,false
1d70b8a1320f8abd,false
1dc84a950c8d969b,false
5cb23f3015a077a8,false
0749ee4b4b913bca,false
abe0ce892b55b5ef,true
66d538f6d15bbb29,false
f3b71b195c1cf69d,false
815f365b4445bab0,true
69df27ffadfcbc4d,false
d267ad31e504c642,false
51a93a196221e8cd,false
6adb29fd0049c606,false
321f886f02e48485,false
d74b62fccaf1dba1,false
293e72038680080a,false
533ff194801c67f4,true
1fe71d4a0fc6e217,false
4f06c4f29b3f8bc0,false
7f7ffaea20c58b48,false
6caa37cc2eb26281,false
b45cfcde2a003d02,false
62feb982b336f45a,false
6f30b8d4a86511f9,false
4d5d09bec9e02b84,false
c6ce9d93bf9cbc7c,true
3ea97e8d4d989ac8,true
8bdc1bde8f6d5caf,false
646395efb676e8d2,false
65f9a4d49e97673f,false
4bf5ca09fd7db534,false
2e99e38959bf0c0c,false
792c67d0916a50c7,false
2570125fa0d9fdb4,false
2905beb7e430b27d,false
71056bee4c086fe2,false
4bacd2b247ff8970,false
0c9b1c62a58d4c0b,false
f11aea4cefd5de25,true
b6301341a3fe08a2,false
30ffa8f0d4c09b5e,false
0101ae92b41c093b,false
d87e2435288e6d9b,false
51fbced5a310e029,false
369341bda3e32d4f,true
518a9a1380c05629,false
49c7fbf8247a5c5c,true
1976729ec783ca5d,false
7d48e8444cf6f680,false
a30db66d525f7051,false
5adbf34c01faea43,false
a2863fc541063176,false
26686fd2b21c067e,false
be1bab0d5bf8374f,false
285bd81902a7f1cc,false
39a5dc94a9974b67,false
ddcd5435dc4c1c4d,false
57e4128d374b5783,false
16e71474d2accb17,true
1853490591a3b7b7,false
1cc16606bf764942,false
36a6028a6834329a,false
03791be9a8d8e6f7,false
b96b94ef56c7f02d,false
2d506c9b81ebf209,false
660556ba2714dd4d,false
7a178b3f785284c2,false
29d2ddb7b2757947,false
ac3ab6f13e0fc872,false
5057dd095c8cfbc9,false
38dfc081f7f0c2eb,false
703289af89e4b372,true
1b697f6ddf779041,false
35aa955937a7e9d7,false
132a30737e9f5219,false
187891719c363a77,false
0177493761f321cd,false
0016e9052003aa01,false
4823f1ad78011c9b,false
6c5595089dfe3f91,false
536e6c70dd63e362,true
5b449e581883697f,false
61c0e0085f8e6c81,false
5b9910ac4d1cfd26,false
a96362c35ce0ba03,false
3d77f508978e7070,false
0f99b9c7ef212aea,false
bb4f07d3e52ed18a,false
7f232535fd5f302f,false
5e5b9973f8914a89,false
42c265237987c78b,false
758446be0f0da2fe,false
161c996ce68dff93,false
0d901ac9050c4d80,false
4d5866d8f0118099,false
5392caa8036c5eb4,false
7bd5ccb3d9bb0f3a,false
206e17cc60f01a24,false
cb96e2fe44c5f71b,false
0251d89c7ad0f8f6,false
2a06af7d91ecbf81,false
8d7d147d2a89e0d4,false
4d7d22e10b22d8ac,false
618f01ac70671b27,false
288bcf297fd803ae,false
6eba2e08002a73e1,false
1b8a7df243a4c5a0,false
353e2e9bdc6f53b8,false
0aa92bec8edcbee8,false
3afb86da665b318d,false
30a504bf93321b20,false
147fb525afaa3451,false
df34067cc1f43976,false
b4ee8b651128027a,false
114d0ba6767e7fa1,false
cedbf5dff6096b08,false
d039456287a8ccc1,true
fab8e0d8dedd04d1,false
081e0e07a2615a79,false
2cd435d7132d925e,false
d7ebbb18b616ad94,true
0de60f8f7b092ae2,false
77e698d75b6329eb,false
0f94729dbf928053,false
51da2911ab217a82,false
a088db7000e9db70,false
e4337faa6aafd5c4,false
538dd5f81ad92335,false
436357034c898b30,false
6470f8abddf37d1b,false
2a0d6ac87d5d65bc,false
21a7a19ae8d26ae2,false
50471838465d6ecc,true
3a3a3be0280c3957,false
3a8cf3fe59591be2,false
5891057e2ed1fc5d,false
7381dac4df84cae0,false
572822aef578c266,false
08c352a7ae99dae8,false
64e3cc06cd912c4b,false
7900150fe3e10670,false
aa33949d1f1a0961,false
a342ad0ffd98670c,false
b598be4898527734,false
479d2843b06c460c,false
461b3da8ca44a48a,false
1d1606d134a6d2b3,false
95fddf35bf80272f,false
1568d243ae822e59,false
161889729421e157,false
56a459bf29cf21ac,false
105d6ab2766c7a71,false
4a194d0b5bbcaad6,false
7b5efd6cb6c56f48,false
75c1b8c9071778e0,false
688168761d40d54f,false
2885ef858c6efb62,false
110c81ea994420c0,false
58bdcad0a022b42b,false
1f68a9c947dbb2be,false
d59676ea0008d246,false
6610f391e982214d,false
c33058f2c03adb3b,false
1fa606ef19022181,false
e322e4d2e0a467fa,false
4d607a9b120aa5ca,false
1f3fad8a3c95515c,false
34cd0da2d6e14acd,false
0ed2435225b456b4,true
62ea32aa226fea5c,false
3f56664cb4df19d2,false
72c894a72817b568,false
0a516e170181bff3,false
663c5429bb23a0f2,false
2ee3a4adeeaa4c1a,false
673afe479326f834,false
167ad367dad38cb6,false
7c1981c2bb13856e,false
6ac07507e067a9fe,false
655f0ec7c99fa618,false
48c0a6239b35abc4,false
47ce9b1e45367e32,false
04fdf30b794ebbee,false
89fe77f990bf54bf,false
b24e72f9490c0137,false
230b77cfc4174c01,false
01230aa5a8958791,false
12d4f5b285313bec,false
1d6a6b70cb057dc5,false
45844d4486f8065d,false
3769d09472baad23,false
f1da58062e5c91ad,false
4f7b2354c60bc7d4,false
61ff14a46689d2b6,false
72d6a64b6acefe04,false
3a014b07c94baf0c,false
5099dd505a5e6b95,false
4125b051e0c4cd0d,false
ed4a5a3c59b37bb0,false
052571a98b7a87f0,false
03b1cf864b91570f,false
34b633334d909b2c,false
1d2a1b61462a540e,false
1ac64088b9693b57,false
53c07169c67baf70,false
fa8df462fef1fcdb,false
17ea342cc132e8bf,false
00a315fe0f07c0f7,false
b31d0ae2c6e18e5a,true
4eef47668841422b,true
7e06162f631200a6,false
2ec36cb77a3a9daa,false
1f66892cae8c5780,false
fea1b0d09dec5946,true
adc23f04c2071fe9,false
5f73042a72c36554,false
0b34f4e8f30af7da,false
fe81db331e8b5a37,false
25fae50379a33c1f,false
395c846e063eb633,false
038e9005b885c2a3,false
643bb156099a066d,false
68f57dc57251fcff,false
272eeefab5786612,false
287d34d11cabfdad,false
43e874e06e7d91a6,false
47fb01cb44e71d43,false
145be549b0f4db19,false
3e001c589e06dd30,false
a505b4c9678e6e5b,true
59bfc9b0785ecc9b,true
ca15eca86ed0b0a2,false
d07cfe90c8dd7792,false
1614cc1effe06eac,false
89a052cc0ccbd499,false
3b5ffe5165254e02,false
5bd8f58e16d220cd,false
43eeb7ac23e4a2d2,false
6582ba71f5e3fd41,false
52953ee5234764ab,false
4668e899cd55b084,false
b5eb516f888b0d89,false
077c89729d96c1b3,false
2092db5585894f91,false
5578b25cb6e0e000,false
571af9ee7f9143f8,false
17ae2760ae6a8e47,false
323abd4a3c3c6902,true
22002da690fe6c09,false
6f4ff7bb3982aa21,false
3bdd41c2c2e29904,false
85945196b4c3aba3,true
697c6d67d1f56533,false
3f335fff9e25ca0a,false
00d91af038416577,false
f2c4e2daf833286d,false
938cdb97f4c7e993,false
cb56d8b19088a2fb,true
6518dcc00b4ac93a,false
4047659759fba162,false
236f066af34005c2,false
4530e285435a8fd1,false
64a8cbab8a0381cd,false
4b551b7b87b78f2d,true
7df0e092d81df262,false
7b022ebb06c9719f,false
6aacfcffe4454745,false
fe69dac29251fe6d,true
4a6f288ce970a382,false
102013e53ba797a3,false
300595eb36d363fe,false
13d38bdcad591cf7,false
5ba8b998f7a8855b,false
597d6803375397c6,false
a48dad7c0157e994,true
61d2ab0799c6b0cc,false
15142bf77dcc813a,true
5fabeff0d143be70,false
6ea1d1fccb6bfb0b,false
0538fa0204fc8a13,false
e48f727f7b32162d,true
5598c272201afe25,false
6b97e2e9eae088e7,false
0d1ef9a54770a848,false
6ccbded5f230b652,false
35f654ab06b9f320,false
00c2db5802ead978,false
9bb9b8ab916c1519,false
07f1d7971d2ebe2e,false
a0a82fabc6b0c74b,false
b511eb866de3b300,false
08514a46bed9c6bd,false
27f2b1c317d692e0,false
739dcc402d62d205,false
20302ce57e02801f,false
651a910a5656dd81,false
3f4a5603eb5ff2d0,false
52389d9efacb8e36,false
3b755f0e7433d916,true
12c855ce684e1747,false
142fc4c05c5a5cb6,false
d89d0d0e622c7393,false
4715eea4ada33a62,false
5b1a2d36940c3726,false
a77a7fcb7e569242,true
f070e24077d8bff5,false
26e1575c72866941,false
1d998cb44af0dc72,false
71f35612dc154e29,false
20f02be7a294e2e3,false
8aad7894f23d59a2,true
03769702984351ac,false
4c899f51cb7685fd,false
ea72222adca6b786,false
67fd00e24736510f,false
4c4161c820af5dd7,false
1e02c889dbeaf267,false
727ef66f6a56130a,false
8f04f6beb50aeeb5,false
46d30560579a4849,false
fd2197d2b5c381e8,false
7a59a113ae213b0b,true
73e7acb1602bbeac,false
65df993a4d6d1e2b,false
46ac3af0acf0134c,false
3eb4e3d6f4917f80,false
3ab05fc6e9a1dce9,false
849a7b4bf62deceb,false
7c2c4ab615ae26b9,false
2d2396d0e790bf23,false
75d093d33b74b159,false
6e376b26272cdd4c,false
5abd3a1d5c1eca86,false
13384a4ddeef6330,false
3348e7a50c0a5ae8,false
229708ffa28cc403,false
150217bf53d83a38,false
7358ef5c02648267,false
258db5318035280f,true
4ff3f2840152d839,false
11d9718de6acfd21,false
2caa748d18af802f,false
5eefa648abd9a133,false
288a91dd358a91a8,false
2b1aa73a41cc9e22,false
243ae7f317821283,true
7f9b167ba3cffefd,false
170215fb5ab50fa9,false
940ee8886aac3efa,false
1f4b53ff7693bbc6,false
ce596f823c0d0504,true
f2780773e245134e,false
3fafcce6cf617906,false
0e071437e88458c6,false
32b491ccce0992d1,false
05168fa01a784c74,false
e8a6ebb214983b69,false
84782bf376afd0b7,false
0e40b044a830b640,false
519e09192453cada,false
34bd6991e0450c47,false
2148bea4e775fc79,false
5be8ec72ed004487,false
1f48e51ef174c053,false
97b8438aca78b379,true
553df0e55eebe2d1,false
0fc5e43f66fd90c8,false
c37fe67738c96d19,false
75b70db7e0ec8c46,false
b23b990099a665fc,false
0f6bcf510643801c,false
a1d3a92ca5ed2d9a,true
0af2e5bf3649d415,false
abf1932fabd0d8c1,false
1ef2622bf4263bad,false
1ad54e2f015b68f8,false
12a036467077b528,false
264e9add2132877a,false
6fadda0b8ffd1d3b,false
445b0cd038653519,false
ce64e41e7f8fa31d,true
4f9dd18ffb5b26bd,false
22d6ef7eba1b8be4,false
3206c580eb5c1054,false
3d278dd526331325,false
6f9c5307652260d7,false
a748ecae12401f4f,false
55569187e3b10ec5,false
1702f3687990f03d,false
08a4fd52880e38bf,false
4605aa6364a33479,false
1068330eb1f704d7,false
5528df3305655dc2,false
6969d72adb560b86,false
0196a3c8984da352,false
9a5136ad527e9c5a,false
88bb8af48455fd75,false
0df7dc70e1a463ab,true
a412c081602d9018,true
ed58099825de4dfc,false
5b600eb6a779f905,false
30fb6ff95ab8281f,false
4b19623e5944d91e,false
6a9bc4b45141f1f5,false
303611e8ed619221,false
f529ed23909fbd52,false
8fa64e5bd03e71cb,false
94dd890428b8860f,false
741a579c2f28fb7a,false
6bb798193a0f23bc,false
48bd416612bab855,false
4895329fd3510f7d,false
7e5b174f4964789e,false
3108577e8f626427,false
2391afcfee51a5b9,true
cc9578070142b8f0,false
4b3b8aee7329f8b9,false
154949753aa7c2d6,false
4c908c7ba93c442a,false
26ec7e44b0da2e5b,false
062f249615ea5001,true
3aa6893c21f371b5,false
766fcbacea0cc443,false
c72c1d488a8bc8e8,true
53d323182218f9e2,false
3185ee12b25af907,false
58ea3d9f6333072c,false
63162481a82b9267,false
72c3f53df48e4fb7,false
10995af97f19da59,false
0dadd2d99fbd16e1,false
70171d6b76b48ab2,false
fb4958875f5a4f1a,true
5824d8fc197729e3,true
799701b4efab3e68,false
375d48d902bad7aa,false
104f7ba59c1633b2,true
93ab1a9ff137d6d0,false
97efa18283a8f0f9,false
5b5d670209032a4c,false
c767583f99914c20,false
056de156e1670164,true
bd7725ec333c7d0f,true
35e63ea82c0a0920,false
0e421066429f9dc5,false
201ecbd871617a57,false
29394a42cb90dbd5,false
e20236cfebfdad40,false
053058d308e76078,false
86194416b15db9a9,true
7bfbaa832ea28939,false
8e964e4dd3ed85f2,false
399e18079b806590,false
4c42d7e2d25bf13d,false
ad9433636e5c17d6,false
6f6e50b8d2b99f64,false
5bfd0fe203a1dd9b,false
608c9d737f7a5b54,false
2dce8b925e7f4480,false
7c9e45138c7f0318,false
742dd826fd865e48,false
d817eda3a4e87c02,true
37e73a5ab023c803,false
081dc1f778326ab7,false
72cb3cb124583e71,false
125e6c90bced1b6b,false
33230daff2044d2d,false
7703ae1d38ef70c6,false
054dcd4504d07033,true
0ccbf228482a058d,false
2af26ed5538898e6,true
1c3e462d1625fbfe,false
8ac24212c29c45c1,false
6ae90b873eb53f37,false
0016d2d7a5c8abce,false
58cf734336d0233d,false
c630eba351b8b3b2,false
211525cced49f3da,false
4cb54eb4ebfeaed2,false
7894ac0b5641f5a0,false
5f1c57668be1bbdd,false
cc73dfe31fecaf77,false
28659b06810b402c,false
714a2d41d08e8b9a,false
127e7f41d9291f1b,false
3572f00014a6432a,false
711e4a6368551e08,true
4b0c9fa47b45671e,false
70e1c3442c9b3c70,false
73547052958ad389,false
6ddf3435d6994f62,false
7d15ca102eef2e1e,false
017943f79386e45a,false
72d2bcf2e1da6dfb,false
4fff0b5d8fd69033,false
66f314dfa307ae20,false
626f089b39b1cd8f,true
36b6d45c49335353,false
2042a2887413fadf,false
5e9ac046cb6d5041,false
719c64b845e1ad87,false
50e22b1fe1d2b117,false
02159254a7105478,false
4c089c205a46beac,true
50559be5e420508d,false
51bf33aca0bad38e,false
3c1f5a8489c9bad5,false
2f07d3c1e4080196,false
969b5aef5497e7d7,false
6da9f77e294b8526,false
5adb508095dab957,false
1d4817ee905918c6,true
d03e369a5184e735,false
14cd738187eaf5da,false
7a9da275a5481ae8,false
7f0524137b2b8dc7,false
2fa40ba5a748ef6d,false
5ffb8e6e352be612,false
787694de0b20038e,false
72b423ded4bb1a0f,false
50e08541dd4d8c69,false
79b9495a8fb0a4c6,false
98d1f55ca2d3c915,false
762f0899488c90a3,false
66bf80aaf6942966,false
0c73d9797786dfa2,false
1d1dfd09b468b4f9,false
560f252b6a48686b,false
b0fcd0dfd3e9ef7b,false
2e28a1f025f861e1,false
55ea3e3f7e00879c,false
650c10296f57383d,false
7b389e3ac77842e0,true
0c23d3963abb3a48,false
292c772705e3b830,false
588e5daa5c46c604,false
7ca34fb14dd56e66,false
0270b38ccb40f794,false
90f0d9dddc7d6d93,true
5ad61e045a5595b6,false
7a3e911a813dbd15,false
51198ce787fde36e,false
5a36389f438d2a87,true
365d293b6607d8f9,false
4566856b4821d5de,false
116060d3d80ad9d1,true
70dc893bd0d75f72,false
b499a15f41544461,false
ab7eb0e0908cd7b3,false
0d258c09ae1f0492,false
3237c9d4b6704900,false
2b1ffe6674e302b8,true
51689f68d2a3d2b6,false
2710cb6eddadecb5,false
96fde251d934b038,false
620cc1a9550e663a,true
7164da8229f1ac23,false
37ff3090bcf42b4a,false
c3fa92a1b915a873,false
66b65989c697a559,false
82c0b8bea4027032,true
519dfc5e3916c7e1,false
b4c66273f1695cb4,false
db594ceb74c12da0,false
b3911490da3220d8,false
53387935ab31ea7c,false
0ec419e0bae3d851,false
0019ea97c0b26377,false
29d24d35214e1f17,false
515de0b283c623ba,false
7ed8c5eabd86a147,false
4fa5c63494835e06,true
3d70ddcd5ff969c6,false
3eb889264004c663,false
353f597375c2a665,false
f5a7ce0e9249f3cf,true
1686c70d6e4169d3,false
12511e36c4d3a3c0,false
315967ce3f76efe5,false
1438ef48f871021d,false
3d7e5f9b2569495a,false
3a5f80f27019f9ef,false
25fdea6510761bb6,false
7cc0924b07ac0599,false
62d088eced7a4caa,false
48313cdeb83c2dd1,false
826317efe05487a0,false
74c81f1b9d1d1763,false
92fdaf96c2ff5c63,false
4805d69831e654f8,true
652d35b089837c31,false
7b3d6b7700ebd37b,false
7ff4e251fd851e37,false
2921723730aef723,false
328490138969b6e6,false
31e815ae3cf0f93b,false
54f7ef4e7da8d996,false
3ef809423f156e6c,false
6846562073191e50,false
575fa3b72ce22ec0,false
13be09fedbed912e,false
2238a731b1e18e80,false
4d7b0c543cb007b9,false
7738aa56795d5acc,false
3716029f070a5620,false
e15357d20b85f0ec,false
958ab98b681a0ac3,false
702f6f6ef1cca4c6,false
27304da2a69adc13,false
5e0f4feaa6db3abf,false
4b11bcbd3899ebf2,true
f558886befdbb65e,false
c1b576657b10ad7f,false
395f648233626f7c,false
16c01f11c0181cda,false
523b1f56338786fc,true
68cd007ffc76a394,false
971aa016b3c93bb3,false
0861f3da8dc32b39,false
440372c692ce53e7,true
c773e48971abcd8d,false
6a0cd22278dde454,false
398f042f1af0c7f3,true
40199aa8141192a0,false
35c8b320ab5f5d6c,false
28d2152d11fd40a8,false
9dc571121c7ccdf0,false
4d79dea74f105186,false
7168cde0f643b6f9,false
2610ee8ad0671690,false
41b71af16e007cc5,false
73f1447eb5f9857a,false
06fd7c4806d1cc37,false
3107f04a03c13783,false
36efa534c8300d18,true
3ba98fd9b3489a5a,false
57054002e00f8393,false
030bd443168c4452,false
a0a89eea4c705ff0,false
21f9bf51c830f841,true
4f67e77d1770daf4,false
d292425be8620098,false
00a33eec8560992a,false
40287da13c319ed7,false
10e0fd192a818429,false
4a0058c6e71141df,false
f1fccc3f630e3704,false
6bd35644729be3c8,false
29c27315437994a4,false
16a7ab3ec8cc12b3,false
52e9212a2d41d4d6,false
34d90702d7093a28,false
28e8548523c398f1,false
315fd80d27724840,false
486c4f383b60c150,false
7d6bab139c508fe9,false
63eacba8d25ada97,false
3757dcaaf75b313f,false
36c643f28e1f894a,false
b0239b78b9e71d3c,false
f055972b7979975a,true
1e7891297ebc64a9,false
78adeae01a89452e,false
0b61c864d459d92f,false
e3c076291d848dba,false
649809cef77db239,false
5edc9694dcfb9783,false
40bc765a67581fe7,false
6a3b862363d7e45e,false
34fcf87efbf4f4a4,false
f106d9abd5875f1e,false
0bf5178eba4b2b92,false
05894e35447beb62,false
52283523e33009a3,true
4bb18d1b81cbc814,false
36cf51fbb369cbba,false
0b6e57c7de198a8c,false
702d2fcbb72ec08b,false
597da992d7ce4da2,false
66fc9701a65b15dc,false
104db2e0d7b1a4a1,false
1d1777f01f01b1a0,false
40a026256de921cb,false
6f28b6b57e8d6a08,false
225f551b398454e1,false
160befa8a4d58e02,false
10f6462f0dd367dd,false
ab0310f610fb5925,false
596c0ff18724ebee,false
4b27f3a5707fa702,false
219cad49b1f68fd5,false
20bc6cf988e58698,false
0409a4d277c6ba90,false
6825acad1d67f9d4,false
a929407527696234,false
54f85e507572e92c,false
11c3ef9f0ee4f690,false
0eea395103412f31,false
887de94bd48099fa,true
0c29473d285657f1,false
1d9578090ab694a4,false
502b371eacf98e9a,false
0c4571e413ff6f95,false
4ab877c34eb3636a,false
67581bc2886ba963,false
58fe4f088ea05df8,false
0dd7b64f2965fefe,false
662cc7cee98d7450,false
be7ac3119815c60a,false
9de83490167f9550,false
50f78519aabae4e0,false
35c70b8eb7090b95,false
72f262eed1ab8020,false
295e8284fa07e0de,false
c24ad7851707582d,false
4287658521855a02,false
3c0964a01be6f4a6,false
2a161a1bbfda939e,false
4db295cf2518f1b6,false
13164a686eafe823,false
7b55a7c7f9416ad9,false
c2288d4a7fdd2020,true
c47e615f8c70e9af,false
228267bbae208697,false
607e98f60f2cd447,false
555368a67c85de12,false
505185ef97c54cde,false
f0f9f541630cf18e,false
5a1de089423f787e,false
21cf344e4e3f1955,false
3130a7e561fef4f1,false
1e610871826d1a54,false
6d55496346126f06,false
20a78b00b0ebc8f0,false
2264c2c9c51dc690,false
70ee7a24eb6f7dd0,false
884ff767159fa7f1,false
3e0f1cde47767014,false
f36226b79dfbf3bd,false
4a91f8d540bd6133,false
4fb02194a40c1907,false
31501d4f5f5b31e7,false
3c0ce906518eb819,false
0c227b0ae70f0b0e,false
09a8e04456c5962f,false
60be1b19c3d7d9be,false
70376b49a0ee1c59,false
2d39d0093a50345a,false
447d5641290f6eeb,false
2f9f5e754c3267a3,false
6e13f27c9a552fd3,false
6cbd72c11d608555,false
278c1cb90f6a5a4a,false
0fa7782b9568a174,false
09f38aca5c0f291c,false
e77399c46996fa06,false
170af6514ac76c49,false
43f82551a63ef164,false
2332d2b4d7591da2,true
5098f420051e29d4,false
686aa8c3adcb7b2f,false
174c831bd1ef3e1b,false
05908d0842d85659,false
c571a39bdbea95b8,true
d26a2a01a733db50,true
54064ed4857d1494,false
0bf5ff3214719119,false
62684bee308c9988,false
5aa56def62784f5f,false
51deeb278fecb7be,false
7270b0a734e0567d,false
5c8efe6ccc1e8005,false
347b86aa3e8f8960,false
dcda29c7755eb1ba,false
7c836715de3b6275,false
60e86eaa50690c2f,false
78d5e5a7f546963e,false
70f07e791878aa81,false
06fde142b55a99be,false
50fd4fd04220fdd6,false
218640ea90087f07,false
28eb14a595be00a6,false
40b049f158e4197d,true
687a10fca74ed9f4,false
17e95748e39b78bd,false
5a0f4d660f2b3baf,false
32e9cbb32cce20a7,false
72b4299ef0a2380b,false
00fdaa8d7e77d817,false
1f63443ed7a092f7,false
628ab27a2838696b,false
0b7e6692527c9c34,false
1a81835a338ba674,false
1b5ad352dc73f93e,false
1e4e5d2eb93cda85,false
8a8b059e8e487c1d,false
042b4b90263e4af2,false
32d6a00ecd45404d,false
f91b8abf4829ec47,false
2c7479d384875c79,false
771516e4ac140a19,false
50a20680ba06831e,true
8c59a6fcb5bc9c3c,false
7ebb7bad7fdd3eba,false
21844aa22740d951,true
2c68c47a4e421559,false
60692703643b237e,false
073b11ac1fc7e630,false
a3fb4052058066cf,false
62698134abd4999e,true
30d0e6aee4918639,false
8335298165a0abc4,false
7791b2029b69114c,false
386cbb1987a04512,false
06ea2a09a53d38c2,false
eb4eab6d735dd55e,false
6954fb3d1e020558,false
6c3e08fb25ea197e,false
f3cd91339a4ac698,false
490a07bd0bbc240a,false
97b24ac9287bd1fd,true
52ba2eacba014ea7,false
a8ca31d6c97e5c78,false
68fcdfa796612ddb,false
1ba7a74fa6bbc21e,false
48b10ffb239e83f7,false
0be53f1853620275,false
5ca9b7bfa8133c71,false
f2c520f0e260ef0d,true
c68b37dbdf5ddac7,false
ea20f3f3b737bc5f,false
04090e9dc3d65ffd,false
560bed6c4894aad1,false
090f16067d242198,false
39346f14715d9d5a,false
18ff2b4c098e251b,false
42661147a7c1c0c0,false
7a8c45b701c43174,false
0a7291b6552966c2,false
11c2cb66e1a0153a,false
5d49c75da5960c3f,false
250fc6cf230dd0ed,true
42e6ad4e67a5b533,false
71a62061888dd6bd,false
5e55f9a825f1918c,false
7856fa2b43ed72d7,false
2e14775f9bed8319,false
d8addf19d714b7e9,false
3eff793ec62a8401,false
2899405b7d3629aa,false
5c54b982d2b5f2a4,false
a806be21d37527e5,false
2d995cededd56f6c,false
4987060758615b43,false
32b70f2447a18a64,false
417801b833a9ab59,false
bdb72e6dfd726689,true
f8710271c32149ca,false
5a9227888693c370,false
5bb751f7f8a3b216,false
7796f5a1dd6754db,true
330d70e0c4c92dab,false
5a0a4ec090c92773,false
46221788d5f348f6,false
157183fbdee9834e,false
689e2eef447f51b5,false
2b75d77cc5dcee18,true
32224b959cdf9051,false
011abca8cb99c7c6,false
5afbfe262b068d52,false
764afa6cac35080c,false
146fb934fb3f81a0,false
0796cf3beaf16aac,false
274634cea9431fa3,false
8f532194c45d0008,true
24ca7beacd8133fb,false
6e63fca3ed78e784,false
21190b3473906085,false
71ab8a1ecaf17ccb,false
3db31381e5338fd9,true
4cc2962d2a5fa454,false
70eafd55244158d2,false
2d47cb9ccdb763af,false
36fb65ff597cf2be,false
01c73f0165fc14c6,false
1c89c1026f4239a2,false
4071a76936cccca2,false
66538f67cc0fdc05,false
33130e721ad95494,true
68f78c5704986068,false
6298ffeab8ae3e62,false
fb1408f887f9a858,false
992184aefe0ccd40,true
6e087ec14ab3e1ae,false
7994712ed0cf319e,false
3e4e1ceebab1a541,false
e47adc313f688419,false
5599e102f80ac052,false
52208fd6e2d2f30d,false
25b43f7d11b98109,false
48cb1c873c7076a1,false
32d9ea82a6704a31,false
62a6f7f5d835d2d4,false
6de9621582a7084f,false
421caf67922a5af3,false
6c35b948930108f3,false
91094a5bc27ba5bc,false
2beb400091945274,false
fc3b235d078f2d16,false
2c6bc36aa782977b,false
311c5dfde808b282,false
0965d28dcd3df178,false
699f5aae1800c261,false
93156530f551d355,false
403d46b9dfe6170a,false
14026df2b6169842,false
5e39bbcd198a5bed,false
195607aa21e9b85f,true
2ae2f30e404c648f,false
325b29584a4eeec0,false
f0476e815ed278c4,false
79990a4e95a98cc9,false
5e4b99677e4afe54,false
1068e0afc71cc115,false
46a12dba8f80ef8f,false
845928a79dd912e0,false
32e04e9ce377453e,false
1b25bbdd77e33c3f,false
614bf65ebf87d535,false
6408ad416e14d2ed,false
03107e4199aa7201,false
5b2cba492dcde629,false
3eeb2718744de33f,false
2e25e8bb76a1d9f2,false
0d93e35ca0932510,false
4daa873e219d8d01,false
587ca980539ff51e,false
34c4b33a64e8dd4c,false
7e0cedbbe8ca29f0,false
33391e7fae37a873,false
66180a28782bd124,false
5ee2f938381b7f30,false
715adcfbe91f51cc,false
11aa0e4a39b48962,false
3f7922ea8b077eeb,false
09df039fee774145,false
e3a61d2ae143a768,false
bb5e1d9a7e88fa6b,false
d14d0ad487b7e561,true
95ce614cc15cbad8,false
776409afe78f980d,false
34b598f2b252b010,false
2d16795f77f207bf,false
a237fb24782d2c36,false
509f040f66690b67,false
77dc5dde3278a4fd,false
809832c7a5afd869,false
716416a31202f183,false
0cbff1f9ebc2de9d,false
df79fa9817ce62bf,false
423d6b52cea23506,false
3387d5592443ade9,false
0522e511b4d7332c,false
1b559f01dd5eec5d,false
e436186b797ecbdc,true
544685063632c2ae,true
29a7364f7a411ff5,false
3130cad877b593f2,false
337de8454e924bad,false
18471e45ce667258,false
e2c2f395a1ecc7b4,true
ab4decf29d1caa10,false
77042b3f889ad277,false
3a823ac9c08f55c6,false
1e714ea6fc441192,false
f17e615e2381eed0,false
d3bbf500f3b6cbaf,true
67b6e21b501400ea,false
3989302ebdf8f655,false
0a39f8bbf061b7af,false
6b1cbff6c149ce1f,true
1c02b6d98a8cd640,false
1e661e7f2ef88fc4,false
200e8344ec6ca5f6,false
04bf32c6099ca565,false
5cddcd3bcf8b4e2f,false
5cd4149fb2c660fa,false
f179e2b27a7f972a,false
5a84c5af4f491ecc,false
462324d8604eb32a,false
0ebfb5debedbbabe,false
18109dafee467d18,false
159f510f539d8739,false
1ddf27b8ed5d3e6b,false
7346bcda1fd63bf5,false
73ce72f40fbdd8ef,false
b9cd1de3290ccd14,false
5baeeb7b7a714548,false
7bd7b766c8676c34,false
01131a8084416e49,true
8765a31d65083550,false
5fada49bb9001796,false
45861ba420d8c22c,false
f61ae50a0fdea36d,false
3aca6b97dbcd7b32,false
3164dbbf72cdb03b,false
6af2606768965495,false
e87b543f0bae75b6,false
28fc278054211818,false
7f9c7816c79a76fa,false
7f39cadc4482839d,false
368d04cc2e049db0,false
034e0ee14282e7e0,false
09b24e1b37baaaf4,false
688e393048d0134b,false
489e86dddb1d9889,false
0f1e39a4a7bd434f,false
134ae8fcba7e1d0a,false
94f40a0bb5b274ad,false
1c4883e3d24f50f4,false
c87ff208567f281b,false
5bf1710a3c3f4c07,false
1c76bbd702fe904a,false
50f54cbe836b43d6,false
486f4c4e0226097c,false
caaca544f3d16549,false
a8ed5c65ad8bbf6c,false
108f895e71c716ba,false
336cf28da35e8f96,false
4826af2a99265082,false
49e59f04928d8460,false
de821cbcaa351ff9,false
60b77c1b459b0e02,false
058b097c5cd3510b,false
7f1025ad23af5186,false
236a1f2301744ada,false
132b5a160f6db1c7,false
60d0f5fa30211a68,false
74abf7abdee95dcd,false
4b476cc2a1edfa01,false
ccb38bd28a771990,false
56a5ae99885a8189,false
7e98bba9d88a89f2,false
4ca4ba622d395d36,false
2680df887cdcc0ed,false
3e96298027f5c34b,false
11bff7565109c2d5,false
0c20a16ad4da381b,true
27a0b181cbfce263,false
0efe6fc893f58f5a,false
79330c29fb402139,false
715a8c3dd3f6fd2d,false
abac011401c716ad,false
14c18bf8ba17bb6c,false
74c5df73d4b8ff5a,false
e420ffe0f2294112,false
5718f9a6c712f54a,false
6f4344e31abe034c,false
6aeeb7a1ef044e95,false
35fef4dd9b49b351,false
de609347f85bf5ae,false
64eb9ae2cb7f09ee,false
4ab2268cd096ac15,false
332dc5dd568e0203,false
5ff6e929573f77cd,false
530f1b2a95f177cd,false
d2b852c241ed0820,false
2ddbfe3a16ccdfeb,true
2d7ffcfe0050d084,false
06e90c115cc140a6,false
097cb4c61d82c161,false
260ebdd32470f0db,false
4311a3817e89359a,false
627380ae4b5e3e17,false
462852455c764baa,false
6ee855499e4f5e8d,false
a855be2a6779376b,false
16f14c3ba937d1a8,false
5d8971f6f4f3908b,false
6980d25dc2512f95,false
40ad069bd58f8efa,false
2def4fa8131b666c,false
39ab62d3c19c93a0,false
50458712e9eb2fdf,false
0b2f21c7d30a1c90,false
91d07c5335786ffe,true
3a814c06d0deb4b8,false
42126d537ce4a4a6,false
746b68f34400a582,false
7963e22ffee18249,false
600331f5da08ef6d,false
4e3124669af45af3,true
3156b64fcb902ffb,false
aa0a041a1c2f06a6,false
04951c28eb9f2ab1,true
7bdc163a54857383,false
1c66a674b1eb8b0a,false
26f25a998c9931e4,false
28e250153cd871b9,true
228886f8456df2d3,false
90c93b4b3260abbb,true
08a6945c3b671aab,false
480471817beb23a8,false
453c24295a0cea9c,false
6f7fe00e3e406ab5,false
253d866613c66792,false
788982f11451c494,false
67d202b4448ae479,false
36697fe8a3583d18,false
102033959342d492,false
1aa7d04119e2bb25,false
41d25b6793920b12,false
a218332187149cc5,false
961a5d035821edd4,true
ee52d8050f3d8ccd,false
1625c8a06dd7e6fc,true
970edf7a22468c62,false
1767b6f889104a68,false
5ff3fe771d30d9f9,false
505ac9e1a2efdf4f,false
93d7d407316844e2,false
f73ed13d550369fe,false
1c57ec06cd35937b,false
2a3ce32708bd5fd5,false
cd2dbd3d7f08df84,false
52b25d9d9e18564b,false
aaa6e2e4e5a7327d,false
95622130d90a984d,false
f0b7f7ad5edea0c2,false
44216956ab6fd888,false
2ca6fa2d7ab94153,false
71845cc6ac2bd035,true
fccd023b019e56ca,false
23bf26f8313a55f8,true
1a217105200d52a0,false
141c5ec0d3392401,false
baa1822bd70ea4cc,false
ae409fb9f1e37611,false
a2dcc55b4160bd78,false
ada529c4aa68ddba,false
0fb041096cff2e0b,false
43834b8b4f397477,false
5d8d03dc875bf5d8,false
63ca00ead203653e,false
65a4859ae21e8001,false
2a26632a84af3046,false
4a2d0eaec556be5e,false
50d1d9041f03efdf,false
80aa5d38de624898,false
1e8f778fc688d0b2,false
59d022376b7a491d,false
397506bf71af8bc7,false
652bf42c5eb88ffe,true
068d2a7b81dbef39,false
2deba892110d885f,false
30ac06b3b4d5b92f,false
155e5d878884c0e4,false
6aa94c2bfb232857,false
0f640bd4b5d96222,false
384af7ccb37ece56,false
7260438fab508518,false
0af78473675b7373,false
3294d9742ad5309f,false
3e4b52bb41cab36a,false
7c928043f0d8bb75,false
4d4b0a1e8de75b48,false
00b1dc77bc0b6436,false
5f2aa79ec807c23c,false
6d44ef259ab1c3e6,false
3f92dd473c691430,false
648f96caf6a2235a,false
0c7f902b57250962,false
bf18ea9f6dffe1f2,false
2b16457efa9ecd03,false
00978c526626ce5d,false
25499425fedbf46a,true
64b8705c25e94bd2,false
2bc88564ce23d33d,false
400ccbedac2255f7,false
4bd5b8dbb1363607,false
5673fe493b64dcd9,true
18329970ac760f32,false
20ead1a6a77481f9,false
5640d5422e68e53c,false
703191b10af66070,false
158c656c82236fc1,false
746ae6ce6389af37,false
51bdca45f755ad18,false
82692120e99d0bfe,false
38132f1041a4228a,false
82ee9c67cdd2d57a,true
4132b1a84cb95cd6,false
6a6d96d04ff778e1,false
1cf099509732cc46,true
43973fe259f0bfb2,false
4ef73ad00b57be86,false
1c083f0ca1cb3de9,false
31baf791980a13ff,false
147b3ac1e5cef6c7,false
30473ccf3e966b7f,false
187af10bb29f6463,false
288934d2d44b1bb8,false
5641a763176c83b1,false
17d75ecab6ee4600,false
7ec486097e8eef6e,false
e5424315d0270762,false
a7ef9141b0e16bdf,false
98d4f8f9cb036af7,false
381bd3253b1b932b,false
4b7d977c7fa9c99d,false
2c76fe3ef788af26,false
0ceb133209d27aca,false
6838b2ac404b8d41,false
0b3d19a36ea84a59,false
3731189ebaed0c2e,false
6c4b0e109f4bb4e3,true
67aa8eb50a969c2b,false
6c01bd3cc3ac17d7,false
74d4f9d99c2bf93c,false
676ea1834a9f4e8b,false
1715949d2368b797,false
595baf645cc351bb,false
6bb4625dfe86534c,false
5051b29a058c8b51,false
833991c06c31492c,true
0604c643a089acca,false
2e5e41ff1a167d79,false
700a50dba78e9240,false
282ba6c2415e36c3,false
a9099784e7625d5a,false
03c0ba8b18fc6f09,false
7195e33fa8e5d82a,false
4d2fd367340247fe,false
1c22be4485f4f2bb,false
d02e7c697f4c0b83,false
0422772603835ccc,false
280bc83c68797dcc,false
3b32c50f043146f1,false
6f87b05e3b52f496,false
2e72bd38e17f82d6,false
0e6b7d6b9133209b,false
2fb34c86588e3a95,false
79758a7cdb5153a1,false
2798a73ef3ab4e1e,false
5c8f6017fba56cff,false
6dc02b066e47468f,false
3fb7513f3e637e16,true
cfc53b35783e3672,false
3258727bde4497e4,false
186a3066334152d7,true
2b334e48512de071,false
1b263a873745e2e2,false
5ed79145a596483c,false
4712f8c6ee52cd00,false
2f08c2c5d4dde200,false
1ab349888e16ddb4,false
5aee1504e3491a92,false
385dde7fb6e9cb3b,false
5c01ecc466fd69ed,false
098a49be30c04391,false
54c9a46ab0c18295,false
32bf57675673c94b,false
7f71e4438b8e3486,false
46910e5b8ce7345e,false
0d4978bd730b9295,true
b3ec1f9105070da1,true
24afb0c60af34d3b,false
53bc2dbef9010f94,false
37c25bedf4a3bf79,false
1062ac68491ec3bb,false
08deadec6ec2cf98,false
31abdd29a2598e42,false
316189970ca02b78,false
13090f8282803788,false
1aebb5cca0cc04ea,false
296517278a3067cc,false
071fceac9a553cac,true
2593d1bb62af473f,false
68eb42ed1f365d92,false
300339c0bbec1a9b,false
6d50b1dc64179c4a,false
3933ee0a5d2f3023,false
c147de35e50eaa37,false
51acebc5d3159795,false
81f68f11fbd94ede,true
4e453c430e457a55,false
53699e45ed2836e1,false
1bdf674323ece8a8,false
1f61ec9652213005,false
6ef11d623373ec7f,false
5eae5a91689c9cfc,false
bdc7facee6f9b681,false
cd597a49158afb44,true
0c84a2d7267c50ce,false
647144b87c4cd7b8,false
29e2371ae01c6d65,false
89fd93073141d673,false
75875d54a89c7b5b,true
2d625f135231139e,false
1dfe5ef15eb75fd2,false
320e26f307560a15,false
32552fc9a8e22b48,false
d3ea149de5702df8,false
119be28c6a957ca9,false
4ddb54f382eb26d6,false
6c2c7d89dd15bc7d,false
6dfc65020d5f0e7b,false
556bd082bf8adbee,false
76953648fccd57a4,false
52af94280c7e7275,false
2118ac6bc4f32572,false
7fda44a4a83c6330,false
51e878863da849a3,false
66b268fa62b1b523,false
12185d700f17af68,false
6213fe7af87f6e33,false
1f8067e5764ec585,false
077892031369f56e,true
08dfcb1edbaafe25,false
1d61ec9fd513df10,false
64552739fc449125,false
c4187916e2727da8,false
eeccf19c1b7b9ef6,false
17182f4b6314b644,false
576bf56df3fd939a,false
092103adb02ef2f9,true
eb40e761ac2e69b4,false
30d479e8ac8298fb,false
669efadf782ad563,false
279b1ff3241e20c0,false
323748b1aef84fd0,false
df55368a310fdef2,false
22e623c9ea49ce5c,false
73773a337231959f,false
51e7906901fd30a4,false
513bd1387590c87c,false
d0ab80ff50afaa2e,true
dfe247ec28867f3d,false
cac8437bf95b1327,false
7aee7b9891301bb5,false
440ed8a57ff81d44,false
73a7816fba1e2c73,false
e26793290e30faea,false
7d3b0212ff72e688,true
2a3b4f5ea1698694,false
0c0b8df38788ad1a,true
48050e5b4199af4f,false
dd8aaa5abf1b68bb,true
641d1dd4b5e2c21b,false
4169711ff302cd5b,false
9ca4bf1699358ef3,false
159363574a4a238f,false
aee3c121cbca2a61,false
41795c8ca36bab29,false
2ca9a49066f2ff2e,false
36d981f893d27b7d,false
5dc9f32af27e5e5c,false
4cd3ba6a0745b87f,false
79744a4f44a6791f,false
55f12b1e9ef88506,false
2f13cb6b79b18fc1,false
b8d03c2e2b5edfda,true
21aa763d91b724b3,false
971e50f36adffcde,false
b4074458f456f93f,false
f25b2dd97b9904bc,false
5631b2a22ae84e76,false
31b6e55f952396f8,false
6fd84259f665304e,false
2fee6fb1ed777e53,false
0e8e9e303cc112af,false
eff94e9895c895e0,false
1ebf43ab143c3514,false
565a5840cb8460ec,false
08871ab806c1da6e,false
ae2759a154fe7ffc,false
74e3cf8ebd8aea40,false
7ba6b431e97c7164,false
0d3d11aefe90e331,false
521cd27bdf236afc,false
85729379cd7d58cb,false
50f47fb3eebd5eae,true
8537104b4447486d,true
ff9b68b7a8a11bfa,false
066e436c6017a6d4,false
12f1d5fc98254889,false
95deb43494891ce8,false
5c95df72494a9430,false
8b9299719ea2b598,false
6bdb4f6fbb4fc938,false
2df40f3125c2af34,false
0be95da4dcef2b80,false
47e7b525ebe2418b,true
5c701eafc69e390b,false
07d91120e559320c,false
6774acfac191a5b7,false
6af77a42612b3e7b,false
22df37ab3ff43048,false
15493dfd5a65c197,false
0c33b78bc3bbfa28,false
534e3badb36201d8,false
cafd60ce0a0aeec0,false
0825b1e383bed5f9,false
fb9a2afe9914654f,false
d8b2ef69239b6ab6,true
67005f4165960e9a,false
5bacff15461c1113,false
6a8a7f523f2b4176,false
015d9f4daee08bbb,false
4dacd33f79d32e99,false
41914022bbb0fd76,false
07673438d6be3bf6,false
26ffd165d12a1610,false
0103fac7541feaac,false
77f58b542078a427,false
05a3c23b501c754f,false
534804530d89c7b1,false
44b9dddbd6d4c7bb,false
b249448df4808a7d,true
10a652b86642d5bf,false
3a67634b6725c548,false
774b8be319865ec0,false
257cb45521e681cf,false
52bd7b22e06d69d8,false
62445660bd005bb8,false
1e65e613046cd3d4,false
20f5206fdb559d65,false
655a2d1fc7885413,false
307c9d34300f9dfb,true
dcea937de5f2bda2,true
7c4c65384c2c91c4,false
f1f1b6e0c490e898,true
5bc8396ce9101404,false
03ed8ad91190e86c,false
32e7e7ff42320f6b,false
785dafd63103d8ee,false
b4ee092f5c6eb178,true
64e7a71c23be7894,false
3072aa4346c3fba6,true
541c8aef62a189a1,false
6f29998e208ffa8f,false
35ed89b99c484f50,false
154a381da3220715,false
15a422a806ec1b49,false
45e1642fb23eb370,false
6a1f062145e1f56a,false
503dab479c64c2b9,false
2e57487e727cb11c,false
3c12d4b7741e827a,false
4aa36f080e417f8d,false
7eebb8f9f7ce2c9a,false
88259376b7c100da,false
5d10e446890c27e0,false
55e27d21eb50c5a5,false
6d6520b09ced26dd,false
292b0d2296fbc916,false
343ff9417915c4bc,true
54d000c021ff0c4f,false
563d005b57169138,false
c90e6a0fa77f042a,false
89e365e5678550ff,false
1c8ebfd95032baf7,false
1e91e6d7c471874a,false
23da3a36e9263cfb,false
08822b1973fdb8b6,false
3ad1468d7f450988,true
774c92e07d340f01,false
2c11dd03c2a54e0b,false
4d82fd05a49ebcf7,false
5449d79288c531ed,false
e99dc27e41dcc053,false
8ccdc1e3ea536621,false
15856396263ade41,false
13179ecb016f4d0b,false
20585443c3350a1b,false
3822abb932d3f8ab,false
3ea54807e60c0698,false
662bc3cdb58f4b0b,false
57b052fd72b9520b,false
af261b4176219b0e,false
057b8ba5cf79f463,false
6deb4135881fed1e,false
6e5626c97ecad0f1,false
45a4c7318fc9bd95,false
53e502bde1dc58bd,false
7c2cbca5c9b2d3c9,false
533d0095b9bead63,false
048dc989321365d2,false
50b77150243814d4,false
d956648340d06018,false
6b259019778c380f,false
7d6cfd0d32f40433,true
67e150c8c306a2f1,false
3ae0ab328331f4cb,false
421ee65344bb974a,true
212611352974dc9e,true
1cfc3e5e76f9a2ba,false
114583c14ad461d0,false
0b712bbe7fba80f6,false
056b9f2564584847,false
6feae4ccb884d749,false
aeaac614cd758eee,true
fd850e346853cc21,false
35bab7d15ab6d2df,false
46012345753941d7,false
0e1b694551069549,false
7fa58ca1a1195a1d,false
11fd52073b0bfe1f,false
7f33c20743b596d4,false
3547fb63f8de594e,false
1bd1e3660a892c08,false
396ab5b53c27f074,false
2fa7f6d875549194,false
05719f9ad222667e,false
f4275b6e8991cd22,false
96c015cf36db095b,false
ba1da5b56d0a4c31,false
019eb0102ae24e6b,false
8f25f78962f0ee4d,false
4eff04a1dbf930ce,false
30ebc704ef8066a5,false
2024659a1836dc5a,false
ffac6ef394e11708,false
2dc2067cf71b509b,false
7c699eb71fbf2ce4,false
10ea2af1370d15b2,true
5b866cb13dd238d4,false
29d9db7d7562f455,false
3e06b99accb452f8,false
2dcd2ecd3d89fffa,false
48f090466d235854,false
496e739fe67d7426,false
0b9ad6de35d680ce,false
2e78a1c0491db5ef,true
45fdc87281a9a110,false
1a4492bf71419f2c,false
db8d58d081552148,false
21bdbf2b52d07d97,true
0c82ca942aa02a56,false
240e1418f55dd31f,true
7c939d897c1a8262,false
e26b41d3c0780591,false
393e36740aa4f43e,false
78d3541bc6961ad9,false
d30eb5a93ed24e97,true
5321d5de78696a69,false
9ba1641197a63785,false
ab8c342542023c84,true
39e22c831b7fb4fc,false
dcee9a5592071fb0,false
97cab1d78bcd1ff6,true
64f162f28f4642bc,false
1557d55841a5f2ad,false
784b40440963e5fb,true
2bd6b9ff5ce99d76,false
42edeefa554e1ad9,true
25e5bacfa25cc908,false
7cb068fb9c89b29a,false
4137d832aa955cc4,false
3620a3bdb03fdfe1,false
47d499b06b749f67,false
747642170d090db0,false
7c6d3a7d6c44cded,false
488bf84575c4b55f,false
9713a3a81b245197,false
54c68a28449f074a,false
6d403579a7d986ec,false
5407eb46fd3c9206,false
ae7eba235ddcd59f,false
48c0dce355ab562c,false
b41be7dee636b017,false
4109ca1456e1e3ea,false
4994539b30dc8574,false
6fc7519ff549d483,false
b4ee41bcc7e9556b,true
617acb3b87d2fa51,false
55a8b7a212a5ce92,false
bd7f17df664dc54a,false
979a6835074d7154,false
40e9e3ef604f011d,false
3310acd0ea2f90bd,false
367842127af3d4af,false
3dbf16e74b7978bc,false
62861b717213bfb3,false
cd66b3b9c9c14989,false
3cbaa52e23dfc14f,true
2459fd99fb375373,false
879283d6cd0f4d3b,true
30b44b25cdc2a1bd,false
363d04797f94fb14,false
7be2d134261cb83f,false
03340244f81867d1,false
d4e79df6af2d6acc,false
f1386b8a2b8bfe30,false
60b7ca1ca2d66b25,false
ad84150f3c8de872,false
2ebf63b338285c65,false
5e479f5b48784bf0,true
4d01059f1fa5e9fe,true
613a1a4bc57c284b,false
2187cbb366f0c293,false
2ba6d97dde350c6c,false
413367e12efe0828,false
0b1626c2cec136a4,false
34b80cfdf5d4c473,false
c86ea07aa87f6472,true
4d859036275e05db,true
dbbdc06e4302d4f3,false
72e97c776b1e34f7,false
3af34ce7d2d87c3b,false
27cde4960d95fba0,false
bc11f987b99fbce7,false
c068e2e257699f1c,false
113c3e8e50ab8ba5,false
2b2ceb68ce32de15,true
1faaf690e452d355,false
599c52bb387a7d7e,false
638844a6aa63c6ef,false
5dce5f3c519b746b,true
19f5329f6a799563,false
b3e55bd8a6f92e5b,false
1639a27d692d48ec,false
76a161d1a6a46a27,false
7e4d5f32fd1b6ca7,false
64e6a5e0c25ef1c6,false
65a6f763423982e8,false
7f25c672f589c7d0,false
f9e5ce476a21404e,false
62bc832f7b76480f,false
3ff34c693b8b4c7d,false
4244b58a6049ab24,false
78e7ea19bf14e03a,true
13d780c05152c90b,false
48115ce507e8a53e,false
9138a8145f2d24ed,false
2bcc3279ddc4679b,false
5af2ffcf28c9e18b,false
32b383ce94586bef,false
459dc1231d129c69,false
6640f4337a28ba3e,false
58ddeb15e13363ff,false
3852adb24a69cef5,false
0e51aa88264faefc,false
5acfd066179638ff,false
490c23509dbb9bf7,false
7a5a26b5d479e2e7,false
187b593fd009a788,false
55cbc7a80e98155a,false
25ed5964721159f9,false
0723efa97393cb3b,false
7f6b968476911208,false
7fdc01a82e4b3d17,false
b0821114c3500574,false
71b8f1beb095e13e,false
47561e277a1da6a5,false
1ed662b890ffa7bf,true
9a59cf6616375a14,false
ffc81ec76705a011,false
4ee4126fc336460a,false
b5fcad9162b4cc02,false
0d27eef9d8b09821,false
35d74b37c171717e,true
7f7a372070371c16,true
7725ec00c555081b,false
b646f35eb05f0a2a,true
351a1dfde680ed94,false
169acacc002aeb42,false
7465d999bd1d4a46,false
00d201671b5641ad,true
0b0104def02df29d,false
9e45e56a99a7a807,false
14e6244ac1da800b,false
014b6c8ed35c08c8,false
2b6a0a8e413ac8ad,false
5d9b51d84a36fd9c,false
e335c8ae02f00674,false
4fc5aaf7ae48df39,false
15219d11438dbd07,false
3c6d7b4e5f2f5674,false
68f88f9853c502e1,false
22cdd8a0317d86fa,false
4a9898ce3800f804,false
6063605ede68d36e,false
7ae1565f10e57f6e,false
477123b91282ab39,false
5542034c8c444785,false
03dba7db0e997cd8,false
6e072f8c5f552db3,false
07a82cdfe20b7506,false
763a395d3319d7de,false
de73e5906a2364b2,false
2617f35778a83c53,true
72e3bedaae9b0b12,false
27d25f769b37f878,true
2721390ac357c0f8,false
4d1c2fa116078ac3,false
6b02ef828ec3d2b6,false
8d9230d50c548bd0,false
40d74bcbf0f67650,false
fdca5395da3473eb,false
463fdae4c0fdd01c,false
068e7fe369bb46b3,false
89f980d66ec04f13,false
7f9317cf391b302e,false
1b7e58beeeb08631,false
14292822ee3a9fca,true
31fe2cb58d6255fd,false
49b57bfb26651867,false
046313d363cf3b34,false
6ee05d6f1f83104d,false
3da6307236c86191,false
54dccde2170b1074,false
049599b608ee9083,false
fb02280cb82d45bf,false
b32e5199b14d5486,false
185e3611050c0e8f,false
9504adf6edd0536f,false
4c4fd7aba1060725,true
2d0d28d5d448dadc,false
3e6f3f6532e4a4e4,false
3486f0b4917b0a62,false
288f7488a47ed49a,false
bc8b880dc0cea212,false
6aef41bf7dc8b34b,false
b578cc608dad18a4,false
2591b008c6185e71,false
f6bca37382805149,true
378177fe84255a8f,false
0bbae21aa01aaac6,false
50c2f48c011b385e,false
3feb8566dfb65b12,false
6e913a3da0563591,false
ceebf5bb1e1ee940,false
2b1009718fdf44d0,false
575962c01b8f1665,false
060a1b120cdf8fd6,false
5b52dba3bcedf137,false
2e29ca3f3879f037,false
22321c79ca6fab09,false
1fe88992c4060266,false
6ffbd3ec63ddd647,false
3c32ff83d1ffb8f0,false
a95c941b39750664,true
d76b02ec54ca8f06,true
8c7d55d7475dd304,false
ec34fbca1ac21739,false
16fbf69368d731b5,false
6c86723e0d0e230f,false
0fd4dc16f8a04224,false
5421c4572d395a08,false
6602b6954ac67cf8,false
66015eb8a9af1de2,false
c4820904ea161472,false
89ebfed3d660e1f6,false
096a802ccb66366c,false
73817c87382a2855,false
400ae46b94e064fd,false
36d68db5d7d391b5,false
4540d77c474517a2,false
193f53009b98149a,false
450d44dfe30d9bcb,false
6a8818d8608c3c8f,false
2fd4ee8225c3523e,false
4a471c4bb7805c9a,false
365d08f3c2a39806,false
caabc4cc60fa6b1b,false
61db366b1c49ff7f,true
7ee18ab055a15363,false
383a06a9d442ebbf,false
756eee9e1664e924,false
17453bb77e5d4c05,true
1bba1b883bdfd4ae,false
1afdec45dd6d7276,false
cf15ce144c31f12f,true
77f6fb2a6d80a453,false
492d712d94eea9cb,false
498153b9da20774f,false
dc19382782abf7a8,false
5e19e49ba71a6df6,false
1f9028f2ba75a7c9,false
042ae45ac058fb26,false
3070b5361e419174,false
525c4842009f2d94,false
112fcb6b5401ec2d,false
b158386525acbfa7,false
58442310b8135910,false
745b43f6a50dd1fa,false
0d3768003440ea91,false
ba51bc0cb75aef00,false
b015724fcecda62c,true
52b11f57bcd457f5,false
41000d763c36fac1,false
019d0e9f64f790a2,false
09d801a0d920d588,false
7b01ba08a07ea64b,false
5234348b20448f42,false
0a77354b43d875bc,false
aa6a8b1e43378f00,true
1a39ef2501c7f148,false
9ab43462e29874f6,false
1498601d0860ca86,false
cad4bca56d08aa32,false
cb792c8f23199c96,false
515359a1a5eb8a87,false
40a2ad5c267fa399,false
78b186c5ff1d25c9,false
285c0c2a626d21e5,false
ad0adc0d96e5fa73,true
ede8ca0bdfffdc28,false
767ab3d0ae3dc437,false
c71a6606ec30ffe5,false
302ac64df2cf14cb,false
8cc0dcfbf1e1d276,false
27c0172dcbb2a523,false
13a0f6a1cea6d60f,false
17d2038732ad5e82,false
4cdc416b61d2b074,false
5a734db8eddae019,false
75f7dcbc6d1a4ad5,false
22bdea92e5a1a0c7,false
659029e1ee6ff959,false
1af2a7f94a6c72cc,false
a5386f9d2be63984,true
2e2f8ee0bfa45b86,false
70fa47c41ece6a21,false
12a6a38a7b7079fb,false
3724657c5509d285,false
127194c2844dbdff,false
d62ba09afcd32b1c,true
2035a03e196502e1,false
a9559106944e40a2,false
c5024707be8009fd,false
5c4fd10e1b205758,false
f0d8c82df4499dea,false
5db82204dd4f682b,false
2dc7fc82722ceee8,false
0801d16cdc4e9125,false
aca8c5295e9d7bbe,true
554d29277ca72320,false
860dab699444c609,false
86e3abf905d4ae4c,false
60b27fe44c38f20f,false
5140e523ce4124d7,false
728d5c4d2134e0ce,false
4bde3a2c6b14ff7f,false
1e8697f25e6e7704,false
a950f09110e5aa37,true
5a4483e672063691,false
dd3b59e0566e094b,true
60f2446aff052c78,false
5d2fbc88ccb8821d,false
8e2ab6773f94e830,false
13c491c7f9fc0df7,false
49ce2cb1570c4137,false
136173304fef14da,false
b6950321bda4fab3,true
62acdc08b8609ec0,false
690ad7d375b2c848,false
456f5af219b616ba,false
2546cb2dff7e5802,false
03647cd03f411b7d,false
f64e424976ea35d3,true
5bdf7f736790d0cd,false
698ac5bea6d09035,false
02c151d891ffcb52,false
487186dfd8813d0e,false
548d12dca084b2f3,false
c1ce0385e6397655,true
372a4f536683e974,false
a4b6f6238d225004,false
ea73d68040578caa,false
5429cb3451d0deea,false
fc24ec23c19a35dc,false
83402096c9a1a9d6,true
5de66ca44e10b7b8,false
39d5c24990636638,false
3b1c26cc2639d1c7,true
9ac8a0193ad133ca,false
42dddcb704b7f936,false
1925d7cdb6805317,false
aa82370a7cdc6a15,false
8dda6d58cb6c901d,false
28deb2ea506021ca,true
421d12752dc1f6d4,false
28ce60368533ee97,false
30781b3cf7ec4b59,false
c4819e9c11af69f1,false
307bd0b08913b7a2,false
7c1329013dc03677,false
c54bdb2f2d3d1afb,false
380ab658c4750119,false
1faf9ec82ffca3ed,false
4aae2329ad067dc6,false
66bb367cea094f27,false
79a9ba2337a442d8,false
78ad7379976b29f4,false
5c0f440fbe31088f,false
31aa41d3d3eab7d1,false
feeba23c6b66e687,false
08009c931185b9d7,false
143fc9459aaef9eb,false
db1c152c673c7afb,false
0dc3cc230fe3c098,false
dd00fd4426f3c8e2,false
7f13a51fae0627d4,false
366a0178803115dd,false
2ff456fc8e948dc7,true
06a5dd8720610262,false
1a6c90c40d01ee20,false
772bc6201f59e906,false
4a84a38f51f6f076,false
6d74e6d90aab18ce,false
457c8b27a2efca0e,false
42d69c2f0f39c275,false
5573b4b2966831fc,false
1fd4dc4af88932b4,false
73937c71c25eb21d,false
728af5860c836b60,false
0f86d8fc67de62c4,false
323d6da45c06f419,false
2278853a10d2e5ee,false
65ade45a2f7541c9,false
3432415d368dd7a9,false
3e18cc5dc7b8a789,false
02125249c5cc6774,false
614aac933d8ffcad,false
07c329c1994679c8,false
830cdbc17aa48363,false
40cedd65499533b9,false
12920f7dda6c0e9c,false
663f1c58c9c1c290,false
3304a76f7822ba46,false
da2dd45bf8b0f607,false
13e7e05d50d0494e,false
a88b78f2abac316b,false
257e339ca5df202f,false
f3afa884516e33e4,false
c246b48e529406c9,false
42b05fc79c2dc64a,false
4f76fb773b8ab854,false
702b0336e8ef1c0b,false
54dc562c69bc7ee7,false
1162de38063f6344,false
79dd8bfcf535e02a,false
50979567dcbdd503,false
79fe00e1007ddba7,false
64bfbdcd08fa3301,false
429ff059b8d44337,false
33c8d2c7bc9ad737,false
00500b46a00b1fc0,false
1f6756bfecc5d96a,false
2be332b6c24e113b,false
73e92bfedff5d3e4,false
6e61c844d18fb03b,false
4147af9a4ba046a8,false
aa3e2e19a136641f,false
8d688b49d35b17fb,true
1d5e8c60c5b7d8c5,false
5ab4221b39c921ac,false
02164b3440e44aef,false
3f7b5d987e12dd72,false
2addadef1400ed08,true
671f4fa8691a5860,false
3a414e3e190f41ea,true
01fb6ec82511fb52,false
1f7ab3950492bd8f,false
2cd7a18b86005e3b,false
756684308412e298,false
d0cb29285b8d85c5,true
0f672cff37bafebf,false
521028af37e86d7f,true
697212fd15213424,false
071ec1081d22d13f,false
2a51f068069f09f4,false
3f8254267a91360a,false
1c69615c0e3e2ae2,false
0623df6ae61aa93a,false
6323533a242688d9,false
1c79189ad7ac2bd8,false
e2dc69e587dbf1e7,true
17303a8d2be481cb,false
4adc675edd9540cb,false
5871de3e69f4daf1,false
1a8263c174f37c01,false
fab6ae6024f07d38,false
10ce9ce198f8beae,false
1632a99c39e9310e,false
422ffee90061a345,false
3ae0e826f3160e7c,false
8dd30bea5ef173be,false
5e02f1adc8aede0e,false
69a38e569f58f2ec,false
3440d18e3cac7943,false
10f688da53951fec,false
39c028e9f48f9db3,false
4f6c05c0dc6f32ac,false
786640a7a950f7c8,false
7c058efc474ecf36,false
2525a69134d871a9,false
531731a66349b5d2,false
21d88736af6f4be6,true
360c5b41a34468a2,false
8dcf17388c1e2331,false
aa8a312a4da714f3,false
24cc8f0db14973f8,false
3308fd3ab98fe174,true
1eed95e336d6bdbb,false
8b955fda9d12ebc7,false
0bf5c6c3900e1666,false
7d4ad16d58929dbf,true
6a0bc5b499f60d68,false
01af188415e4bdb8,false
02a80eb674ad79e9,false
229dc80f10bdcc6b,true
6ea2f69e0b9be251,false
7812f1cd1b441911,true
2a66c73a53c0336f,false
ef7757cb4f98087b,false
2f62767bf902ce68,false
44cbbbc6f2642e9a,false
186deb9004cebdf4,false
34fe92a7c79d3819,true
646c3a67812b4946,false
0c3de932856bcf14,false
29bac51730f389f8,false
0e4ef818dbffb4be,false
181d7f141f8b1635,false
52d9e17069d96b40,false
39d6b12964d73fed,false
2222d1e4b2b23be9,false
4cf1b596f9268e0f,true
78b5c8ddb31ea720,false
2a9800b100920d3c,true
6debf7c3e2359da3,false
17b07f3bd35c8eb5,false
0fa0388b41601ad1,false
11bbb34939bd5092,false
277b2f71cd4c0303,false
a52df147797702c6,true
39766bc65b0ad3cd,false
30cfbb827c4656fc,false
57ae22c0cf33f329,false
d6dfca928c239394,false
502b52c571c06df4,false
0ad50ed396e5f955,false
741fc8b66f4a3cf5,false
c391592912d6fb28,false
377ee33986f985ab,false
1f237a7f2d520275,false
3515e07439c497c6,false
4bc9527063b3d644,false
9efae029cc41dd37,false
f22408d0bb0fb833,false
40d32639657d630a,false
356600c9c673dac2,false
09fcd16ff4cd171b,false
edfceefdaf4a9c1a,false
8c80a09df0583640,false
160de8e9ed38c16d,false
51c19589bd5423e4,false
53bf2737911ddb3a,false
2fcd505ec817a3f4,false
16aa2987027515b8,false
64d3e81293c2c72c,false
2db2b1f133e0d884,false
6c2a80a926cfc90d,false
7bcca4c259136f3c,false
9ddecde6399c01a1,false
438f83ebaafa47e2,false
7ef26f37435b97c8,false
703c808da2abe27c,false
53ebbd114443da00,false
748b03e18dbac993,false
a2c02d777b4fd2c4,false
0b4a18fe0e59f1d2,false
e9836ad9d0af2318,false
78bd8bc1b1f7b087,false
3406777cd3e65fae,false
06efaf9a5b0fd39e,false
5e7dce999f9d6caf,false
75ef462f4680fab0,false
389cf38c11b28a0c,false
66e6c7fa4d0d9c62,false
160a73e6814481ca,false
00ed852507bea765,false
27b31fc5b4419691,false
7127e3d652b12bb6,false
2e6afeb26eac70bb,false
4c09958cfb851711,false
290748b6e45d008b,false
004fc1359bb85044,false
573ee5fc3f325a4d,false
865adff81b25328d,false
00ab01e9324ed514,false
21d914f92a08e60a,false
535b944902e5b753,false
02a71849a9aac5d4,false
14837c3d792a85b9,false
7a16ff9731a32aec,false
8f5c80496bf183c0,false
32988da1d0e3d217,false
f920b879acb1b5c9,false
685e452ffd4ac7c6,false
3cb52c418789080f,false
e58df9d250662421,true
1316e95c5e9fa87d,true
875600246b0060b7,false
3e7e084af76c634c,false
5fe9ba66cb3fbfdd,false
1c69a6d90fb74cc3,false
66efc7c89f189373,false
b46e1ca9f266cbf4,false
199a02a3a93c4bb1,false
ab8ab15781115cca,true
066212fd4894f6f0,false
4c3eeed9e2675f34,false
5fbb888ec3881396,false
7b25176dee644dcb,false
0714089a7b20b15b,false
7cf88561541741a0,false
6351c9390bbadded,false
0aba03ea9cad1aff,false
97101e876375d8c3,false
6fd3a29c7add155d,true
41d6a3a3ff55359c,false
2fa43fd1e3d45dba,false
38bbe75e5180e8f5,false
5cfe7bd3b0de349f,false
696a50c4be20f037,false
8e9632d8828fa841,false
28015b81a7fb8058,false
5bcb1434a729f9aa,false
20dccb229cf09ec9,false
2776787facb32174,false
6c39076ce8e78f02,false
12f57832138e5799,false
590ba5d6df8fa7bb,false
77852eb14ac3cc05,false
22bfa82bc979cea3,false
fa22c1ea1edec847,true
fefef5a85d2e2eb2,true
4d199dc49ce4d4c5,false
655918ad55da66a4,false
2e98a74e656d71bc,false
7a8e363313f239a4,false
49a6bee96eeb6901,false
20f7f0852070b5aa,false
d0201b74b7bbe275,false
388098ea76af8afc,false
6b9522012bc00b0c,false
ee8b445b585b208d,false
c332ecc1ee340f22,false
7c8c935e81c576fc,false
6b477f9dea14b097,false
79a636bff30a1feb,false
0594fa43286d7582,false
1524187a16100011,false
0fad84bae9ca4f51,false
64237eba851c2794,true
15d4e088f89b26ec,false
073dc57cd59a1f95,false
7afae90bb8a2dd46,true
44933dbdb67c5021,false
81a7e24216744212,false
e49c7f20cd5a856e,false
93b6cf0f5cc19714,true
73994dea066b2734,false
324ef32e5cab507b,false
6f9921f021b2f32c,false
4f4b674ce5b06064,false
798da6fc505a447d,true
8c8f8d186cfbd3d7,true
aa79ee22ee2f3f71,true
45d3c33eb9fcd66a,false
9e3dc484a3e578b2,false
2927a2d78306c7a2,false
54bca1253c013b92,false
1e89f6800de61272,false
132e0d56b180c213,false
5c87995b4b278065,false
0491fc866f17c0e8,false
7155b1a4a65fb075,false
66bb8c4c5d51388b,false
4d979a55cb77e7ef,false
171be100bd4f49a9,false
01e2b482e87b07d8,false
94c52438bf04e968,false
2ff463ec7b64d1f3,false
ddbed059193f7eeb,true
798c95e19fe0f944,false
7c95ef987d452f0b,false
696a3eba21dfce0f,false
6e32592c0b27ca38,false
54dbfcf6193b01cc,false
0388c70861cca991,false
626b6061d380e93e,false
bd3416620d7d7541,false
16182a9f6509bf1d,false
f8212ff6a1f2f1be,false
23fee813005d2dbd,false
5f02f18f1d0cfcac,false
4fc8d9853d2e11ff,false
725542fd9f4ef28f,false
589e0d685af433be,false
99ae85077f39b8cc,true
34e705eeb4877c80,false
d93236a1179437dc,false
72cf1662210ea351,false
562861a72675be74,false
6e2ca02f84d877fc,false
041f18943df26cd2,false
2d5e0f6586efe4b9,false
39b2a80afe647ac1,false
19b218db8be03fd6,false
5cd72d5003b30db1,false
5e0f49ea78c415ac,false
427ebbafbc2abf8c,false
1ae7336a3b32702d,false
34b7f8fcf1a4c570,false
69c69fcf97367cf4,false
05869e927457a513,false
6b31b07c8d08e499,true
42609e83502a08c4,false
ae48b2f5f885ac06,false
0ba3c6eac3922696,false
7c5dd6f15987aca9,false
d6d4d69b0639c9a7,false
5b3a41094a32a467,false
4957c447e92df33e,false
404b67fb4cf497a8,false
40b6e6cea500da23,false
840457586a8d0604,false
15b0c68977f8cb25,true
d8d4c24c8a65637d,false
59c26be161dfb1f5,false
cb63143bf404c420,false
00a079234c66ee68,false
613a829e9b848b78,false
e33b2b9d08645a8c,false
5a3cf55027460849,false
7bd73cc5ef6fba18,false
24ff49faf2c99ed9,false
b16b0de83e7e0bf6,false
511f2a5089178cdd,false
75e7b3c179ac3bc3,false
691cee1c67a344ef,false
7f5a32f6ea7392bd,false
66d2bd2cc86ef9e7,false
26d68d74e7b9013e,false
4f58807e5465d4ca,false
e99229bc30470cfd,true
33d20667ab455b8f,false
f3bedcdfc25ab884,false
4c8462f0d17628bc,false
aa3b9332c9c08b1b,false
3b31e26a8461f41b,false
12ed6c50f086f5c7,false
42a0d3859e5916d1,false
1287b1671a9251ac,false
51f9006d462600ea,false
d898121e58089dc1,false
46717ac374100def,false
7e215d9816ab0423,false
1abdf407160c5fef,true
49a42b3bb0c36213,false
29ad53dcea345191,false
dfaf7e7b7d5feebe,false
3b0a7eca261f5c7d,false
2154939fe5fc8086,false
77e639fbc7a18749,false
2e9824dd81e5c452,false
a7f400e8348ab00b,false
08e729bb52606356,false
59d18be75c66bac5,false
c6e450f6c1fa5c4e,false
9517b69b3d6c411a,false
283de825fbf0b546,false
f794007ce4a89580,true
8dfaca392d9e951e,false
3a7e2f0b1b48ff8f,false
e5ed0262350a087b,false
8783ac4ec3920dba,false
68a084a3196e24e9,false
090e9c8ea0cb33e2,false
7f51c83eae0960cb,false
3281b0b4aa680e5b,false
9c7d5ac251a1ca81,false
23e022c28a57f52f,false
548a1bf52d9917d7,false
7b087e883b1e46cc,false
d55977df61943ceb,false
2cbdb3088f1739d4,false
1cff5a8cf28a6381,false
3412e2348831fa00,false
382184b83f44f7de,true
609e23f8f3b7edea,false
14a2769a7783f866,false
08ec45ed3e5eb6e4,false
3f9397a5626457e5,false
72eb2af5eec43c1d,false
4bd8758856340388,false
560fefbfb78531bb,false
06fbe6bcb1d9a2bb,false
23cb408d6b8a284d,false
4cd635631b0483b2,true
26c9e7b5ddcb06ee,false
5569f75ee260326f,false
48176e36eb229180,false
e949a70c6844fe75,false
55748420f28417e5,false
955daf4f8961e18f,false
4ed34f2502b65cc8,false
59ae241cd67e5333,false
793aea703cfbbca8,false
63ee178b41cf6296,false
1f9da332c1e2359a,false
0813a7a443b5d1dd,false
3111a8f5fbdcd22f,false
555d58039aa3827f,false
60f020e25875070c,false
3dd4ea3ea5384895,false
3968ff0191d2a439,false
3e98b56f61f67bea,false
5becb1676885674e,false
475b64307818159e,false
35da2113e785d3fd,false
3f59003c65b286fe,false
8009b6101e1376f4,false
2d92b7bfcd013d0b,false
c8d6c2c5abe3c340,false
7ca5cc0a1daffcc4,false
446fdc2f83d35696,false
1e41ba5e98049cb4,false
6d9e1232c34f63c1,false
5b98bf28f2b9a427,false
5666a5bd59e593ff,false
840d5a5a5eae43c4,true
2748ba53a0dca78c,false
49b002c933484233,false
105a6e64556b9f56,false
775d8535d09fce16,false
6ae01b762c5adc31,false
17f0c75f24e4ce13,false
e17da2c71ce64d30,true
641ca58d6121fdf2,false
de6f86bf5fc18acd,false
1cd8bcf7e2b86dc7,false
53546484696e0312,false
5f575788a1af5fe2,false
70e946a59d0e7f06,false
3a721b7c4f8936ed,false
1ec5d6dd2ec2242f,false
5f03a0dab4ff41a2,false
45a9e8f447d9b8eb,false
0cedf0843d32c8f7,false
07d2b6da12a1715f,true
4873de17aefacb45,false
4512b986955b6a7b,false
14ed8f0c8ba8dfa1,false
229fafd6d2a4cfff,false
05211572c2ddaf21,true
226e2c28323f84db,false
1daeebb3775f0eb8,false
59c2ab5026ae20e4,false
7401b8674a09500b,false
2d79e2cc48d6b2e6,true
3f128818d1810a15,false
14135edf170ba634,false
091a406334ef32d9,false
3a5b96e9f378f722,false
097cde59c36e040e,false
263c04f92109f279,false
79a5aa1d2e875f0d,false
7d409e748fd3c5e1,false
754072113722d8f6,false
654806c1a26aa6e6,false
7a7fb8ccc2c8fa9b,false
50b835630620d2cf,false
710a2f7d9e886fb1,false
e5436c0aac7e8b4f,false
18fca191bdeb23b9,false
1c00f56a228b3c7a,true
2d897b336b8e2792,true
e38ecc1f0fb0eaed,false
67a66ee170579654,false
ebbcce7583ef0cd0,false
4986724f294a053c,false
5336ffee2c941971,false
51e47fab5ba81423,false
412e12c0c80494a6,false
3f1bafc35d57bc8b,false
48c936acd348c44a,false
4a17303c7feb309e,false
d98425ab7223a7d8,false
0f1224d3a713c2e9,false
04dfbcc0180781f9,false
6c57653ffb0be81b,false
1e28d965b53d12a8,false
b3f16cd612ea2810,false
00e8d45ed1bae5f8,false
08d3f5954e7b0428,false
4e2125e8101fd8d1,false
1f154bd9d56c4659,false
b89aecc8bd1b2ab8,false
012d88f652459c97,false
55ea86ff4dfaf80c,false
6041368a82f566a2,false
52bbf1448d05383c,false
496185dae6a805ba,false
003cd51e9d74c805,true
53dda7975712ad0f,false
318b2d5c9eb9124b,false
4d0109272c7a70ae,true
66241eb8dc5475f8,false
45acd7a1cb0016dd,false
eb50caeebe18fe58,false
66219ca91b8b6bd6,false
55c25a156ce9fb93,false
3e5647ac37fc521c,true
f0416a47ab29a14a,false
0848103862296d4c,false
323e31b42f3c333a,false
7293ed599700f77e,false
2c90349043bdaec7,false
03c952702787a2af,false
3a91a154b084c81e,false
222c64a6543e8a77,false
752f3e0949ad7564,false
53128d7d57c8a119,false
7ebb11ba72000578,true
32686f40ac20bf85,false
d5b1bb7e170a3770,false
77c80e653f6c6c4f,false
89ba906e129f7f31,true
ed305f8b6a2a013f,false
13e1b464de7d8cb6,false
beb5943cfb565d1b,false
21df308134238a9f,false
e1bddb6825a2663a,false
082180ad2c1f49c2,false
079e050be6213995,false
9c5af2b773b5e995,false
1281b73077b41d64,false
7892af7b34e211c6,false
d71803b85fba0991,true
3dd426df9003cf34,false
d895b761eb9fb81f,false
586def5c7cc92f0b,false
5670c330703b28b9,false
e6dd482dd2c9149e,false
17112ebffaa0fb55,true
05fd4533c546a63c,false
734f5be00885cab7,false
576a2b73f4b5a614,false
2531241d58c1dc39,true
1a7dc89fb6d00201,true
23007eef00d070e5,false
36891f8a8face68e,false
3dc2614faddc7831,false
2cd5a2a26da60b75,false
2d9a78f8c14d2d8c,false
6c6291f151e2c623,false
6e9105fe7d2c2f34,false
37e238a84591b4ba,false
411985c5d2179fd8,false
8fa7f56f1e0cd8a8,false
e270bc438bd612d9,false
6a0c849f68b30d23,false
60efc8834fa77f18,false
e0e58e7809234238,false
1da8adf1372286f2,true
581bd1ac010cac3a,false
036dfafa86856b95,false
359015dff7170c3f,false
77e6561cd4b5222f,false
3d7ee09e07adeb79,false
5385cafb6298439b,false
7d0d775a9c427522,false
025eb6a4b0521773,false
f59188937f7bca1b,false
7bfd1820e2c3e75c,false
9fec39b0c94a25ce,false
14f05aa653da441d,false
346a3fbec4e7ad54,false
67085ea9cd9cbaa4,false
023267ae27328db7,false
3fac22a3df9314c2,false
c7bf795ef26899d6,false
5990836b28e4d0aa,false
2e27aba2e008ec28,false
8f98d5fe42588da9,false
2c66196f5915e31d,false
279db2405d4deb0e,false
745049743e6e4f45,false
6078cd9e8ee20807,false
2aeec6a95ee46fb9,false
0c20790f69653b43,false
5bccd6736cb480d6,false
340fd0f50a433eac,false
39dc5ae58580f968,false
ffaacc7f5a832b32,false
7bfa5e9f02ac50b3,false
78594a15721c1a58,false
db7b5234fd25395a,false
73ccb89eb280ce46,false
10c881cece152324,false
712b3d9e43770050,false
18e06300e0ac0688,false
46ce4463cbe1e0d6,false
71e402f283c17e07,false
21a2ef44997add29,false
3e66994d32b9a213,false
548e40209963ed7a,false
2533811c90057497,false
53283dd4362a03b9,false
a8219b2d281fb433,false
51e2d9ddb31153ee,false
32da6d1bf196ca2a,false
8922db1516452266,false
6127963deb36b592,false
694500fc41411dec,false
1562524757a27075,true
73faba82ab38a366,false
709c5a691803d939,false
620ab6a9c6e1dc37,false
788d9ed053ddb714,true
c4c612c8591edfec,true
46044cdacdf61822,false
2632e594e36cc6ac,false
79a2392fee5595bf,true
330e6e2065003e4b,false
0d3f7496a1b129a1,false
55d0994fcfa6b7cb,false
16b94d0d840c6b92,false
7830bdd5b59aa5ff,false
64cf8ec1a9457af5,false
69822a17c4012b8f,false
5004c2df1d4cc5cf,false
647c40fcd3e9112c,false
0eec285c271bd797,false
2d0bea0aa14f2c65,false
170f4d2a7f83e1f8,false
47f6b33b378420b2,false
83d6cf064ba9a76e,false
6fbe58b643e0b393,false
1a244af8a5386505,false
2b2bc9682163ce16,false
00fd9f363e2289e7,false
15e1316bf1f2bdc8,false
704918467de03009,false
6d11aa6377120495,false
79884b09847a2428,false
7fe87263e0809560,false
73b4bbf7ca520321,false
0065488f4c2e840e,false
5954f04b4c60e517,false
2cc8f07c0c172938,true
3cd85a91a377b27c,false
74a641af9f126a3f,false
da4fede1e7215da2,false
7eaaa80a7936ee37,false
724d3c8f156e3a81,true
41e199fc6b5cdc6d,false
291599d2e4d9c037,false
05b46268a23bfcb8,false
155207110e2dc040,false
2cca52ed2406bc16,false
24a5d596ec564a44,false
507be103d997a96f,false
388702cb522b8718,false
31dd23ca4345905f,true
f6f372538c6ea85c,false
1d3a55a137e49a3a,false
71c1760d5dbe5bab,false
6195e1b6898c6c06,false
7bce17567c1b259a,false
38bb6565d8f6b566,false
1527a9526446b2ff,false
1f06cf40ef810424,false
096cc324aee299e6,false
bd801b9f4060c7d4,true
edd6dcfbb7d52a3c,false
48309fffed3a2888,false
5efc417c9022a93d,false
602b08fa25c25f4c,true
a76cf3fefc2fbecc,false
1c297df38cce9818,false
2c462b4698924eaa,false
657fc18fe66878c0,false
8c3b59c5fd8030ab,false
02ae3e0f232a3e51,false
44626e65e4629eed,false
233e73000b8fe052,false
069082c825abab5f,true
28d490e808af69f4,false
3eac6b6ff1fdbdf8,false
dcf9f1c1bd93cf6c,false
678111e242fb7097,false
05c3c3f44541df89,false
743451dee7fef1ae,false
52371edc82619e2d,false
02211aa9dab0599b,false
fc337b0999f104d8,false
5d6bb861149f3fde,false
0011e9885e00f819,false
9fb52d9397dd0515,false
642976529416087b,false
613b47dacfcab093,false
5ecb485eed712e80,false
7d3620886d12d977,false
4f81f15c8825a07c,false
55f6f56863873367,false
144b4dac8a765cf5,false
1df1f8e3e73c8ee4,false
ff2c867f7a1f2c11,false
79faf648ae61f9e3,false
023de1964caa7a25,false
b338928350504d8d,false
2187cc067b754eb1,false
235719f8d75b5cf4,false
4d0f2deac520ec8e,false
29c9aed616d389a0,false
426157a8ddf8dac9,false
0034cee6fda30d2c,false
5228744a0a381e0c,true
6c29e1acbcd81847,false
7aae93ea05b7391f,false
46577ce071cd4ae1,false
69b0e5aba6357f6f,false
770ddc80b7813e95,false
4d33da79be909aa3,false
6edd77e26e90ce3b,false
dd8349ef14c935e0,false
2298093447efd345,false
6efef3c15edd6d4a,false
75ce4c5a89faba80,false
2aeaa3b009a2ba74,false
2f052eddba37ffe0,false
3fc7ea73730d2b9d,false
1dabf0a7df2008aa,false
2012fd4bb4b2467a,false
1f2cfe20800e10a4,true
9d880360d3017964,false
3b9817bd0afa30b8,false
fe7ba16311d56c05,false
5810e83e2a01660b,false
6f32fb2ab7aebaf6,false
0951fa5290702c09,false
1530b4e83613f244,false
ead67475cd6f1f30,false
695a586b0dc36806,false
3702e7f2aa10b6d4,false
496120ade234752f,false
050bf70d9e8e9099,false
716750442eee8b09,false
19330e5dbf6a0243,false
75fe96dec54fae93,true
2e401bfe16238c87,false
620484d63a41995d,false
163720e40a495d91,false
5c648534030a7d67,false
0993d9f21908e391,false
263cdb7f6f4d2d76,false
b5e10de300cfe3df,true
3ff207d90a6ce6e4,false
431e8eb6ba7577f9,false
30d380ee80235eb9,false
ff236232b2219dff,false
8acfa8a0ecd8f786,true
a9f805df8b7a555d,false
094dbf2894bbc190,false
3d04597d0d438e2c,false
02e94c359fd20777,false
0e90a801db064b31,false
6db51a8eb2c1a4f3,false
109e2260bdafb6e0,false
608b131abbdc710b,false
e6d498a7a59d1ba9,false
034cc6467483215c,true
875808819f7802b3,false
020b6339bf4f52ff,false
301ea85caa06f10e,false
24d6752da016a981,false
6169cf05edd2a77d,false
7b5f7d640f8cb008,false
213d2048379c93c2,false
35a738a467b17b32,false
49681447ccd5a77b,false
6f2f139eea4d414f,false
06fbafad7b94e1dd,true
65a5c9ce04a95af0,false
f9afc44d0a0374ab,true
582e4efbb95bd38f,false
1f6856699a87a807,false
a71f4303cb70d21e,false
7756387092cf7bf0,false
6bd6eb29e5a54048,false
104e2ae212bf83d0,false
6704b8125b328a9d,false
016f05e3bb55f090,false
4a76635554dee652,false
32630ad7f3dec20d,false
64ad9bd13363cd5e,false
5c44d7ed6b0cd51a,false
3a4572e4b73b7798,false
3e3c75c51b08a4fc,false
2c9f7a30a0847a09,false
35a3543545737991,false
60a968fb1d1da281,false
e4ff7b6a79c37b26,false
252389f765aad085,false
f0495263ef325267,false
580c3693a5f39a2d,false
76fb7fabdaa2b3d5,false
5e6d6cdb380e5a8a,false
360069ce81ec9817,false
4f60b8786904da4c,false
2f9faceaf4e8bdec,false
526de1f395650f22,false
501f59ea2e9b03d4,false
53ba2159c8084b9a,true
b6a339bca9008455,false
1a7a72f903d52624,false
65b9781c245c1726,false
1b69109dab3845d3,false
619237e816994c05,false
fa714044bc118214,false
02b48ced2372cfe7,false
6f30bc4045e5ba02,false
29077c8320de3b6b,false
0ebb78c38105c415,false
cc5fd0ee18a5b923,true
68e51e2f173de5be,false
2815f86678c559f7,false
6a54b4b4977a0006,false
0d8dababb4985e8f,false
306540f6b0eed7f8,false
25cd63ac5f267052,false
1dd85b0794a058a8,false
1c97272e4bdca6c9,false
6a56232bfa958c0e,false
217fb059e73dd547,false
5dd3041071c08efa,false
a3bb8ce14da82bc6,false
5db6dd9a86090cc2,false
69c545c7ebdb9df9,false
5612cd64c76b6ded,false
40a1afd781f44b52,false
050b914d0e103ac3,false
0795b53effcd173f,false
5ec91bc5e3ce8f65,false
6aff97f457cd1d5d,false
0d729cc873f28a81,false
f6f6fcc0df9132cb,false
6acb7226a4c38758,false
7e44579f063f9349,false
3776ebe37a934eae,false
71ff6a79a70b2214,false
6af33dbfe31e9e1d,false
437c0c6335e6ee25,false
095cc288eb5a769e,false
3461721919249f76,false
6f58336c67030d3c,false
079f85584d28e082,false
d0250885a8038aed,false
5783a03417ea45b3,true
14cedd5a2b7d8675,true
3710d576a760e9c5,false
7f0f252ecf76826a,false
6b5581e1876c3528,false
0848e711f20667ba,false
83065fa1526c3551,false
58b116640ea66ce5,false
a7206c0c6c493cad,false
82c47814851e620d,false
df5b232d5af09335,false
32b2e0eafa3add8d,false
0a3b54473ed2538a,false
56ceb0d07a917233,false
65daadb7b495f464,false
dfa1c4cd8e064a48,false
6158ca81f5435593,false
c3c4a3970e4b2009,false
36a9c5f624c65456,false
96453fc2ee5f28e0,false
2e0089b8006f97b8,false
36e88a5301b3eb39,false
573571c6e30816a4,false
2dc52bc9b1858c6a,false
0ddb304692119950,false
730f5464f9ecae0a,false
0c982055886ab109,false
3bb0e6038979b06f,false
0b2e39731f2cb893,false
189cf4be2e510b2b,false
49df2d83f4e20181,false
400ea9e9f48ba98f,false
daeff166e17183a8,true
d8901ea07c2552ba,false
6442795751dbdc34,true
99adf5c5e559c17b,false
064dd02928e85ac9,false
6b80fcb5b4345ab1,false
0dfd2198ccc26237,false
1d0803399985189f,false
0f5363c64a5fb29f,false
a3541656de2dd818,true
14e39cb5fabf14eb,false
186ea4f85404686e,false
3044379424b7b414,false
5ba9f605565e397b,false
6359c14261b9a26a,false
c67692c92fd5477b,false
6252a1cd4d0809c0,false
3f2f2aa2e82cc848,false
4990a31661a01623,true
7694e9d56e05048e,false
51c8cff9a9dcb652,false
fad4cbc3b7acb02b,false
e64e47e4b1f303d4,false
2aa662c3cfead5a5,false
9ed1f428df175fe9,false
44146fe43d2c9129,false
710af52e00337170,false
99019d77a0b13e9a,true
6625ae8243dbfaba,false
e7fc4b8c215a97fd,false
560747bcce0979e2,false
7834eb86c6b3d66f,false
60cb93d28b069cb7,false
6257fb72023489bb,false
6ed4bd6188be993e,false
4eb1885ed0fb83cc,false
7986b4d6af8486c5,false
7339179cc3e030fe,false
50d58865b8b013aa,false
583988c67a1cfdad,false
4a52bfbbd3d86e0a,false
5147a1b653277856,false
59c65eb653232172,false
891a7f9d871cdca3,false
1906e8b2e04ffaba,false
576bc0036b37b3c7,false
51fa040c77071540,false
1c927caea1daea7e,false
28729695de35fd9e,false
73f990a8368d93bc,false
02c1aa99452518ea,false
a4f51c14a63972b8,false
559b6f76953faba5,false
f2bf4612e1848a5b,true
5c6d0a4a2195f2e1,false
ce3715384d44c5ea,false
376c845f1521aead,false
71e71cb400b5f35f,false
7ef7d40438dbd56f,false
0a20af1b5a2714fb,false
77c9ab4db66ec0d1,false
365dcbae825e5f16,false
1894b993c5450f2c,false
8f07e7f080c51fca,true
b8f5aa2d3ec70c0d,false
489c2307153015fc,false
85b354e4e4aacf01,false
3b74dad936a6dbca,false
2d894aa6875645cf,false
0ac9bcaebda04cdb,false
c973a89163beea6b,false
3689b9a107895958,false
382cb4fdd947c5ff,false
3e3eed1c36c97da1,false
4784890a664ee5ac,false
54e9e51277d58238,false
a9cf69708476c7dd,true
3e44841711f09c8d,false
cf43d4e73c030dfb,false
0b811348ae69931c,false
5f030cb2007273ef,false
db5b9f66ffba36fd,false
52d98e9d4494e8f1,false
1fd8104f50471c9c,false
a53df3210c3e050e,true
43e0c952d529b707,false
d8efba241296b9a1,false
3ccba26cf3b03c97,true
66e80c4d143371d9,false
505097dc15ec231b,false
459c75f2718b24e0,false
2851e346d0144c56,false
2cba0c0c8cf8f753,false
239dc1e7940d105e,false
6b8cf37b4c7a34db,false
3dca14606a36f65f,false
5fd29de766884865,false
71b3d127fa49b96f,false
12f9613146cc1e52,false
578afa523dc3a41d,false
1ebe2c023d6c8672,false
5774b863a1b8fbff,false
a25d6d000b954f07,false
7387338d98ed29b7,false
38464ff914fc5e95,true
6e9be887fb74e9b0,false
96f79d6ce1e559c4,false
081845d5104c7960,false
52716b448e15654a,true
403ee0a3f5b2b10d,true
c6905ce605cc7d87,false
83e1c57122b7b117,false
e19106ff9b6d0696,false
1929645e83d4a804,false
125f825ae361c6ae,false
26719886c04dd204,false
a22e7fcf7aee6b9c,false
a8b2949d8f17defd,true
1f769f47fcffdbb1,false
3588b9835988982c,false
6e4477b10b7b3da1,false
bac5600d630af5c0,false
450a49418fb64672,false
378f7a99ff096639,false
017bce70f43ff2f5,false
441c1f9900b21b2a,false
0db8441f44c7b18e,false
6e2f004c758a2764,false
68eda22d798cf943,false
303f788e425977ad,false
3bdd3f811a38aab8,false
28ee4aeede51d7bc,false
6a706ea58ed0c326,false
b9e990f46c16a33c,false
86d4f2f88f70ab5b,true
6628f8b07db75271,false
121b0a915613c00e,false
3359d5abe786296a,false
348507525cf6722c,false
06e27d1b09ab5403,false
6c06eaa2fc031ff4,false
254f236b34889e6d,false
bbf2233860014323,true
4ef5a83e34a4c905,false
8b0d448ba995ffff,false
2040ebef7dbcfcce,false
a66fd091cd43c31e,false
bcaf4e4dbebbba3b,false
cdc8a76bb6053732,false
b85512ad924fcbbd,false
af25489de18ac6ed,false
58b16554ac0f46d0,false
afb9c144146d5642,true
5dfada3b8f6af44c,false
719662f1a9aee27a,false
51279def5194f392,false
263a3097e8108fa9,false
e58a72b827406bca,false
73e18f46c05db75a,false
eff94b21b37d1853,true
31bef2fedf66c874,false
43a44671b80ae0c7,false
1cfb2d5b855953cf,false
187d06c15bfd842f,false
5fab2613f21c49d6,false
691c572a1bb96ad0,false
03bba99787fbb1a0,false
4772c8b9ac1d4f72,false
63f59d36e6d8509d,false
5cd399dd4fc94565,false
652e5df19380be27,false
e3030a295c2697cc,false
f9588c407a1e84db,false
a9bcc6c755104d05,false
6d66bcfc4a89ecc5,false
4587cf3e0827ce9f,false
63f2c41a6369c6ab,false
797d7db05e55add7,false
40ad15461ae270c0,false
6380cfdc6c9af738,false
363601b1053f7603,false
288767c7ffbf6b68,false
eb605b4837c55290,false
3c818a47ffc5fa53,false
31b9ec94ab572f7b,false
b008e2acb9a9c3f8,false
7209c93913b2e7fd,false
6a05d290fb375ded,false
2334c3bf7bc6e121,false
675f1af56782c0f8,false
517955893876a9dd,false
274648a7a55aae57,false
063aedccd459acdb,false
4b74ef964baa108c,false
393c1206d0258395,false
f740d3469895e0b1,true
9a2c3ac95bd0ac3f,false
009d65f0753f4e0a,false
21a96c5241569cd2,false
f5681237fb06bbd7,false
740eefbd5e0d8243,false
09b86002b6291e2f,false
32ad8d0363f28522,false
1e134f8d44f3d97a,false
35e1170b023e9f29,false
1f148f8206d40ebf,false
25a990cfd92c3241,false
e18ed4f409e09104,false
7b076adf283814f1,false
28243829217f6228,false
7659de794e0d5a42,false
630c5562b87024d7,false
2e897440df26b0de,false
5fd848000f60b9e3,false
36ea950c60b326df,false
44d7fe0e3d9c70b9,false
6413f7b3e47da21a,false
2847217175d4aa61,false
5343bdf785240f2b,false
13b81f07546c9997,false
bf565d638058c7e2,false
ee909d50fe742d28,false
49516cdca2dbbf56,false
35ff2c7b483e5920,false
fb245340d4331665,false
2526131a7ff2340a,false
3b5f69578ad33d4e,false
6bef51eb362e005c,false
1c2221a219eef2fb,false
7b4d6d6800c04dd2,false
1f98abab20a3286f,false
bfc7fc8cc04e1821,false
3d4317dd6059a0f6,false
638b213fc9c8ebba,false
b923c1e8ae244cc2,true
0aa7391a16a24491,false
160b270e8cea99e7,false
1ddf14c3200b0108,false
445daaeabfb5b09d,false
52aa6c25df0cb3bd,false
351e23bfa157884f,false
885cc54f48e3a907,false
12874db5ceda4f09,false
050c95b82aa4c171,false
5ce63d8fef6904bb,false
0723097cc1fb39d6,false
219cd85755086a5c,false
ec9397a6a8a70830,false
3c291f531a073f1a,false
29558d8db967226f,false
145dd0a4df6f886d,false
637fb3c6a0600745,true
55b20d647d499ce4,false
632fa22dc6395a2a,false
be56c778b1f885f8,true
3e1973b5db939110,false
5f81fec318b1a838,false
2bd51e1dd3dc5256,false
0166d216e07cebe6,false
d990e534a5e13df6,false
ad66f99f76ca3f94,false
a2f75484fe96cd86,false
5b558f71c9c44552,false
6f4cf6ea7ede33ca,false
06194a0ac55e42e6,true
a56e8783bc47584c,false
fd73f5effae1de99,false
f7787663304d5c06,false
150bcd583b599d67,false
2eb5d60ae211595d,false
2fb959e76518ef16,false
3848fd4374512a86,false
144e0d33ef4bd5d3,false
f87956b94994065f,false
0315587f5dd0f2a3,false
666b68ffc6996eff,false
21e735d030d2a35a,false
0bf4db37e50e7c30,false
3b018e7fde2f6751,false
423e0bf60ece62fa,false
3550f34045d8ef22,false
6282f86e8e3d6c53,false
44dc6af906be271e,false
06d9df5a02c605d8,false
40ac1b093e38fbda,false
5667155ae4f0ea97,false
14b2eb5404a5f206,true
33136cbdb7e6dfaf,false
fb29a7b2e26bb085,false
5e296631cba3d5d9,false
0818be7a9346073e,false
2804cd4661b37380,true
722a9698a0641990,false
5fc510ddec30d09e,false
57754f8540ba24f7,false
4a973827fa8bc3e1,false
73279b30225fb072,false
57b6f7def340f055,false
eb2837243e859396,false
76dd0dead5e90c72,false
a28107dbe5fe78dd,false
399a52ef37d300b6,true
c64c8c628fee602b,true
62c6e89faed06d33,false
2bc75e9a15087530,false
f0636f62d7c63713,false
3081998f4a213dbf,false
e930bd5287b4cd93,false
4f75a95a5cb4033f,false
3c834c56e7fd253a,false
cdc518d3b1eb295d,false
a5a83264e1ef527c,false
4e4fcb9ea6db9da9,false
33ede77a0a6b223b,false
43bf8f73576e813f,false
6c410f72e2f4d3da,false
56b2d34813927c9e,false
2165727ecb0d5883,false
015ddae66df3f281,false
2f4499f1ab473be8,false
037edd9d19163e38,false
65a01d0ba151e727,false
4a5bdb3b47028ee3,false
30fe6e513e2baa3e,false
259eb7dbecbed8df,false
6fb6fb3f7b8b4c5f,false
a6dc8bd60aea030c,false
4b19813bb8b7d738,false
d6631443b26dc2f9,true
5902f6c43c544d00,false
ea44f32bb81fc983,false
55d7caa7131fdb6d,false
3bfc8663beddc5ed,false
296ce5938badfb6e,false
1e4293eb3fd7ae4d,false
aff74073a561eff4,false
5b467e4ca4e1cbae,false
3661304717d867c0,false
5c10f45849315408,false
67f261c93092c747,false
2e16192d1ff61b73,false
3cf8e135546f9655,true
a6e2076a588efdfa,false
4da86bfe2b5ceabb,false
a1bfeba6c57d432c,false
3fd181b1b291a7fe,false
346faf05dc8aaa45,false
23a59d57b6716b70,false
6e4f2ca1fa3de44c,false
3f1bc595749d1f14,false
5f8965ff1b830774,false
357d312ac71a3c88,false
1e1389a366560147,false
6855083da815e432,false
77f9df6fa1dd7e1c,false
7bfb1e662fe76a63,false
1297cab3a2d44886,false
50160684a1460a14,false
32113625a57be2f9,false
4dad57be5fb6f3f1,false
68f522420556e3c5,false
ee86d7f7041fd4fa,false
fcdcb8e624d596d2,false
d809a5b912f27636,false
44372c82f3d63a45,false
55bf9e9b9cbee8ec,false
7100bf06dc8fb6fd,false
10eefbdc4d87e4d4,false
e2de9df187d1b106,false
231d61cbd3339388,false
1ee7985766a52a5d,false
45b7c17d57adbaba,false
7ccd9e9afdb28428,false
4b0a316dedab6fd0,false
366db67298fcc8d5,false
f7349fe165c8d244,true
18bbab44f5fa807e,false
26f555c02846dabb,false
f07570fc6e32885c,false
73b783a68d35c5b8,false
0415a5cc2e395d45,false
6db32c393c606dc4,false
a7bd26e06033c8d3,true
71fb35356b986887,false
1acf782d333cd146,false
66a20a18ca4e2589,false
4e1cb7cc90c89862,true
5f01341343e0774f,false
a4c7a0efce9d6400,false
5fa556886aad97c5,false
634383275934cac7,false
09a158aa35b9a1d3,false
43930bc1012a9913,false
880372389166fabf,false
49e5aba8cb491a8f,false
980881ac217f1cbc,false
b02d085189c3c5db,false
42b17e7459ffc246,false
6fa5ee1792f864a3,false
6e54b8a2623c8a68,false
38878be1bd620d53,false
9540d8dca778e66b,false
93d02291f94fb2f7,true
60020738824a4660,false
54f609c683b8bf1e,false
57ce6028a8ef88c1,false
ee57b08c85f5bf6a,false
c34d05e5bee26448,true
31ed2025e96379c4,false
9c4f0e65ff3b1e49,false
3d96e8e6e086cc37,false
09b1960e5a0525ab,false
2853d1ab3878f3a9,false
39385d802d5638ac,true
30ec084468c67efd,false
29477b315648a98c,false
2357d03e8c017182,false
751c96ae0d6eff55,false
337166456c3782a8,false
02069293991dc53a,false
8d1d7566436b007a,false
59b269d66d22293c,false
f0f2e903c61dd572,false
dc2cb0f600d01b47,false
575e2fc2d95b9bbd,false
78eb4348ecbefbc7,false
4b9ef04863f7f28e,false
07a7ef5b3b0b437e,false
6b5724e4b205e104,false
3515986c4bf7771a,false
68cb7bbbfdb23fe6,false
5330005f1f15c591,false
4bd2076604fc4f87,false
ad16c941cac60ace,true
5fdb2dc8a7e09ab6,false
31a4d9592392c494,false
74636897a2390633,false
89bb9c857dbf39e2,true
3b0c85f06aed00a9,false
32e96d2539faae82,false
8e3a8472baf67a9f,false
2f573e2de739b92d,true
6913560e08666a3c,false
1fb6cd9ce20ce961,false
16face32c710e2e9,false
983b99ec037da4b0,false
1b9ffc6b334ff91e,true
4a34990f9af6ae47,false
d895fa7d59ee8806,false
5eeea53534bd522e,false
9ae76fa7a1cadc3a,true
05b0c57108d00ac9,false
02eb388eb16f7bbf,false
5d8eb428e21ef40e,false
2c3a62278b96eff2,true
eb6bb57c794df5e2,true
0835bfd495b7da08,false
51424f6c6aa63102,false
63cf6c5b7bf316fa,false
6dc608716fbb306e,false
77b7a1d40f0654f9,false
577ec2ff694d97c7,true
3596176f8ac50c78,false
d3945d5e178854e3,false
65a2a97b98fdabb8,false
4c8d0d693928c7e5,false
bcca6e625aae48e4,false
35a84854d265e6d7,false
775da4469b92734b,false
6faac64724ab63dd,false
a97557660b4e8a5c,false
3f5d476188768582,false
349c82b80b0d49d3,false
0fc4baeb7d8883bb,false
7f17787fdbff5da2,false
b3eb6422e9b94672,false
4c85f77a31d53a29,false
2c0db2295dc804c9,false
1b9805d6134f3dea,false
52e9aeb78677e782,true
07903335463fe97c,true
a0336e041688e35d,false
1c41b2a87872b3dd,false
42f5fdbad00f1d9d,false
313c169402cb93d7,false
966c97156eb541bb,false
709df6fb12445cf4,false
301701b0c412bf1f,false
45bc1e00b862bdfc,false
287afc1916e3f64c,false
1824bb7fd0c026d3,false
10b78230484a1b91,false
70e880fd7d54f387,false
5508145e8e418791,false
2019af8a753ec723,false
345d6dc164e36d46,false
ea7150613c3c4d3b,false
7ebf93a1e108eb95,false
74b90cbacafc40d8,false
259853dfa5a716e5,true
205ff9f7defb143d,false
36226fb1fde1a2f7,false
7739a10db4ebd877,false
6dbef4b207d12967,false
62a1f9a3c3416757,false
2eac3f5e06ad981d,false
a467e1bd09348882,false
6b9b1086581f7e5b,false
4a76eb4671b650be,false
64a28c84c10e8396,false
2450dea330c3538b,false
199a3311e2c18b09,false
565d7d07704eadbb,false
76857242c767e783,false
294641b08eb14324,true
34d3f79ac7c2efd8,false
c26efb0033879a5d,false
414eac51f8fa8fad,false
6ae0c989996500d4,false
6219debad4413f48,false
3b44a65107b45ddc,false
33c68e72bb2c3c53,false
4ac5c5ee50beb131,false
5abdbd6a2b22edfa,false
6d2f1d2dfd3bd7b9,false
3e5047dac8834afc,false
6da0f449c199f646,false
3a0266a0ac7cfd0f,false
405d60c33e64b6c3,false
c5447449facc45b3,true
5cb8bbf3b7508dd9,false
5c95253e328af27b,false
62698ab67dc61dbb,false
7624c1fadfbed5f1,false
fbd52a2fb42f5c38,true
18f9921d26944703,false
347673abb7036b32,false
da70bb8e4c8f1266,false
ce8d7d6b1a6fbe74,false
3abaccf736f1ec4c,false
911951daf8f23a99,true
472ffc5a2971b325,false
3ea258e371eefcf8,false
5e37046392f12c9d,true
f95e069284c7cf40,false
bd2c584eb8a90056,false
5dcde4b2cc18b219,false
64795b68f812a165,false
08650ee9cbd88d38,false
309b2dc8ddb5c8bb,false
7d2be4aba14ad5ab,false
2e7032d9d1d6dbf5,true
17040d1bae0c0d2d,false
692aa63c6343bac5,false
032d1053223633a4,true
031a63839bf7248f,false
36f8d515c0edc55c,false
0a07d46291fb2fc5,false
224f570d87916434,false
6cf0f3e630554793,false
3462fb035f16a3d2,false
510c0b6fa725080a,false
2a2515fa969636a2,false
6964685d1c187f25,false
1576d0324bcd91c0,false
136fbd2185747ee6,false
4dceca5d4fcec2bb,false
4b369983a0d7f14b,false
41bf91ad2294b18c,false
54215149a119c7f1,true
e24054d0ae4231d1,false
526ba337acfc43d8,false
5ab61325a6ac2de5,false
65f88a4c7e125474,false
240c0a32b2a69533,false
2dbc6debc69039a4,false
0a55c45f83200271,true
108ca233c34a193e,false
2f4249ae4218cbcc,false
ada7c973c34aa348,false
3058156792c1642a,false
25e8650529469327,false
335cd73bf9a456af,false
50c08a63c661d255,false
62a3269231c37969,false
3eca4083d0e18cbc,false
46e246ea98b0e7c0,false
3f56fa4cf3f8e30a,false
b3b0d42c619d919c,false
54a0c01d8eba929d,false
02a7dd6942efc799,false
2700890c4685b247,false
4df5815e8d8b371c,false
53a15c852f3e88e9,false
7d8b47b986ce5405,false
b994e6c269ca34b1,false
5fcde5544cbd97b3,true
185fae5b7f2f4b94,false
5f02d516b0296690,false
013196aeac72b204,false
44bdbe89fc52fb12,false
7aad8cb1d7743391,false
10a5657b5523d802,false
165566018ff17cb6,false
138801f2bfd0ad0e,false
66abc9dd949f0db1,false
7b1de8e229170a5b,false
372638327119822b,false
7e8a3acdb926ba8a,false
18116b822bcf60ef,false
6f1519082d24c003,false
cf05dd87b9ec21e7,false
70fc6c4ed9775ea5,false
3076430d94121e9d,false
7a7966cd3db8ceaf,true
1906d1aeb4b4925d,false
d2d657a6d9709ed4,false
a8b261c7acf4b1c2,true
2123afe44bf0a6d7,true
26d3c5cf3d9f7738,false
1772d6e6889f595a,false
18cbafff24e04094,false
065ea3ae89337ea8,false
3fdbb9bb1672c21a,false
73f83604aeea2a38,false
4b4280182a715c06,false
41931d6e0f9305d4,false
9e4751bfdce47ab8,false
0abc482b445ded5a,false
2d9cb66f9d60c516,false
7116f097a9c2e857,false
104f3b760e87da23,false
3e1afa65221c7698,true
2e2765041936caf2,false
4aa001e64ffd45e8,false
6500609fe5c91da8,false
2496743773147688,false
57fa736c32c4c20d,false
5ce2804d6ef5c9e3,false
663ed65e3caab5a4,false
76354bff79a5a57e,true
3d1c692ea1fa14f6,false
4dbaeea4622cf067,false
13394733e2c038df,false
45285756b4a87397,false
15fa2b53da18bcb4,false
420b43847819dc3f,false
57f81c595c610c42,false
1a7e48b7485828ef,false
4ab779e6ab6ab4fc,false
7d848bb283b23a27,false
a4aee1912fbb2ff4,false
222de99dbac521b3,false
30ea5d30abddf6d8,false
0305e2965a473c42,false
0635545d34be9577,false
61ffa138a913d0a1,false
5bb24a339d96eec3,false
0168b835f5e1e1d1,false
ca554a751f259d21,false
bfe9ecfa65727b22,true
1fda8eedb4bd1a13,false
7f04e3aa04c82478,false
4175eb6b31ac540b,false
64644eb6a04d2459,true
0c0e3a2c8ba2c8ed,false
0e922ea645b98767,false
02137935827391f7,false
55dd607e0144dd24,false
18f1200d5d551db4,false
bbb59f8e168150fc,false
78d0a87a8bc101dc,false
44731b3abc03bbda,false
4bdcee6a02ea86b6,false
8ce8583fb4981c96,false
c6635e4b0c87bd18,false
60dd1401b6f47251,false
14c07f45f103deb1,false
765579b36eded9de,false
6728b3dfe91730a2,false
b929f5d1ba3d9de9,false
7f3d0dbe82ebba9a,false
4d377fdf469b36e1,false
65eb2db8caf0d215,false
08b26d50e7428493,false
02a87fe8727ba4e5,false
c60745f18e7ac991,false
74d77fcc895aad34,false
5a5b8ec34f0fbb82,false
3f21ad9eff7ad9e7,false
652ed0f6271b1388,false
0615737ebe6c3693,false
c5240acf7f9de76c,false
bcd49df9fa63e980,false
4bcf8498f41339b8,false
1a55d802779008f7,false
26286f2d7d2ecceb,true
44fa6a31dffaaac4,false
4b1aa4e282c5cce0,false
55b25aaed0f070b7,false
52f48f92f1054e7e,false
2b0531691287de0f,false
4d7208beb8fcd2dc,false
51bfdea4102ebe24,false
4c57682d3bae5808,false
57940410b911f339,true
50c1b0deb0324cae,false
55567546c3ada6d6,false
06f240a91b79b4f8,false
1a33300bb86e31ef,false
b5327b60be1721cc,false
3b6761fddf166e7b,false
82782ebc05ef0360,false
7fe06babb123c2ce,false
66f6d6188de80125,false
06335306946e5d63,false
07e4f68c28fa1f35,false
e1a30ec000db8dca,false
64182475b50f0fca,false
d386a17037be82fd,true
704a6bff4fb0ccaf,false
5600fbfb69d3af10,false
5bb4e1fd1f8b404c,false
b4bd8c5477b55a32,false
8ff303efc003c152,false
244a8a4e2a9b65e6,false
4b68ed02645ac946,true
4fae9aee9184b11d,false
ac160447abe1ea11,false
1e511e62077db2bf,false
836dcc6f4227b22f,true
f0a818ecd288b8ed,false
1f0f681bb01293eb,false
6319f2e88a460337,true
2b230b326b82645c,false
1148d08a72485536,false
826641a0d4b367c6,false
d380827d6abd9149,false
165e395e42b275b2,true
5b10c8fbe387fd7f,false
b853d4f7c7b4ea91,true
1496364beb202da4,false
5673a13e89ebbe98,false
27ee92ee9a99e099,true
0cc2ea52a8e7b3a3,false
77c2cbe66cb27908,false
9cffc3a309f76559,true
578e021c110c151f,false
3da9bd84257cb9b6,false
711bf3a2926d4c36,false
2f5473684139abca,false
ddd67a50ff52c8bf,false
02cd5b4f921567fe,false
119416e3c9b7e170,false
8f235a9097ecfc84,false
c5f7465750964dcc,false
32f680ef2e348ef9,false
30d1e36b148216c7,false
07edb37c7aeef69f,false
43e3ba11a7910456,false
f74cb6e55ba084db,false
0ac6c3d880cd62b6,false
5683c9b62e008894,false
a8e95ea6c871d537,true
d7ab8010c4d44e20,false
3a18ccf5a19685df,false
30629a03671c7f23,false
646a16db218351b0,false
c8a70dcacebda943,true
66818805aa209c0f,false
1a7012b7e291bb8d,false
116bba0d3dc24266,true
35fc224dc0eed954,false
168f691813479c81,false
1105fb1cee9f6bf8,false
761ca575f94a3098,false
397242fb6b1c2f59,false
2ce53b3d062c3d38,false
9fda4a7127e045ff,false
08abc7415ec4813b,false
551008beed5b5437,false
2638550118535b4e,false
2dcbb0ef12c0c1d8,false
1a41ee40173718ca,false
1524d1bb49e357cc,false
efacd62f657e9330,false
0bbf2c6870273604,false
26b719970d6a415c,false
0764c28b72c82f9e,false
3859e39bca43cd88,false
7da52f9fc6b1c627,false
814cb3df1a7060da,false
6213d83dbf474f33,false
3872a3cfb531c24e,false
ec402dca269799ff,false
29d56a44e42ab500,false
7dd5a47c79249b19,false
c45865e2e388c1cd,false
76a94b9cec8a8579,false
5244c8fee3d435f4,false
a584c97b36163206,true
7282e6da64367a1e,true
1f89e4bbc215d2a8,false
67ff3d01083c6715,false
48b7d20d628eee3f,false
3c82fdc9b56f5272,false
85f73f3b92b82236,false
5b240daf6ab8cc7f,false
8d41a1b63448b4dc,true
199d25382e24e85e,false
040acbc2eeb32cf7,false
737fb0e0a1c4e94c,true
1dc8ab92ef3614c9,false
a96f1b7443922ca6,false
16a8cefb22c504cb,false
19bca706e8748299,false
f412c711d9b6559d,false
53eac5a9b92fe29a,false
a911c5f73601ea7d,false
8e5882a344109950,true
73bb85dc1be725fd,false
35281084872f602b,false
76815cb43bfe2296,false
67274a7495fe4ade,false
fa2e4b388f48a7e9,false
40653d19f7401c3b,false
56d388a5b35dc436,false
1391de14408188cd,false
4892eea7c8c960e2,false
0addd6a2d6e02e93,false
a3ac7e3ffeea497f,false
05a6f5eda7478802,false
6c50744467466bed,false
35df4a923477f45b,false
330cfbcf4d39398a,true
478a85e2de4262f4,false
40169491a7a60538,false
1e75a36d13fd4c41,false
4aef529a60635eb0,false
0d3f4c6fd6abd7c1,false
370df8577fe8d0c3,false
28a99922976df976,false
3cc4286d282590d6,false
8e763e631df92315,true
056876f51b08a7e1,false
4aefe91be4841b4c,false
5b1be6b5cb901029,false
7aa86bdb7e3f0c95,false
043b26591dcef3be,false
75232c652916a930,false
52ee9cde069ce16d,false
5091506f18975afd,false
2f5834f836a8be37,false
685a2508d15b5aa9,false
3a779b5c7e4ee0d4,false
225edb991ae0e3a0,false
9e6c3cc0a1b60219,false
740898bc809d7adc,false
20873471b3a62117,false
b9962d94bb4094e1,false
4e2a842ca8265703,false
a12295e98d6a6d51,false
c4cbb6805276fd97,false
1f008de81062b19f,false
040d902e7ac60095,false
5a46e153bca1a882,false
6f0d21d586a85f59,false
1b21722b88e16627,false
0fb3cbff301cb466,false
04f12f8cd322c992,false
37b775da97b00958,false
7ef920f49b4511da,false
258a41404e432818,false
722809dd58433df7,false
72ee23840e443217,false
66b6e89098bba32e,false
7f4c0ac2217c6001,false
4dc31d97e0b7baa1,false
79f70f235baa7b0c,false
7643581a1456d22f,true
19dcfea4d7c3f293,true
32a5e696a43e4795,false
9d23a4b94a4634b0,true
7c61fcb216fa56b8,false
6709cf3eba7036fd,false
762ecb4c0f7be347,false
60f0159dd2e1407e,false
27602378d62b0031,false
24fc060dd89d4ec6,false
d9537abd1e4d1d5b,true
40b56861100bacd5,false
43420731b9d7d96f,false
22dd99373578ef71,false
283143fb418bd9a1,false
0aed6a27a43c165d,false
322214191cf85d96,false
6ad1ae9c9337b93d,false
654a713045ac9551,false
14427bc16bfdab6e,false
38ae761a824a14bf,false
33eb17e49d298916,true
1a742facb92c7935,false
71d81e8be1329b1d,false
141ae96de5c8d28a,false
0349bf5773a5616b,false
5eeeeaf46365e2a6,false
68d0d5011516bd30,false
21f30270c5c4d225,false
2b3e773216466db6,true
00567f9b947f7afe,false
4bf3bacf0bd29ca8,false
1818a69306e9f12c,false
12e70442d140e2e0,false
449b445397c68267,false
0bd132220b26352f,true
fe68126cb750ac61,false
51e7780fd77504c0,false
a7f847824396888c,true
336f6fdf691dcfcc,true
4e71786da453bb34,false
36c435b28247bc83,false
11a73635913636e4,false
01c5982d24bce38a,false
4d07b4527d9daa6f,false
6a43b8c81f262a6f,false
6fa04b0d44434591,false
6e96919182bfcf38,false
053a5149cad03b77,false
5f5ff7c636522b10,false
3535372020e07331,false
705fe7da9d2b2788,false
e2fd6bfc148fae2c,false
1a0314da7035d6d6,false
174aa3d682c105bc,true
2e1a9cb866646c9e,false
8ec6eba14e14452a,false
ca6232f8f4effb94,false
a6d04b584e0d4a8e,true
6c24e9e81dae541a,false
526fb4b1cf460b84,false
4634ebee3ce6df17,false
e09d280fabcc199b,false
96feb9e712610a84,false
1ceee999e8ef47ce,false
57b0d21f576d2854,false
3aa98f94470e086f,false
7ef2f45994f8cc51,false
6f3ac6517d158d32,false
59ae0b07a0561707,false
6346df7a34e050ae,false
492ebc63572e4c07,false
1a66c5434e4beeca,false
3370d4c45f71607a,false
88f201603cf13e08,false
221a8964dcb22c5c,false
40d6955c900f2593,false
2fef6038844b15d1,false
9046cb334d161ad7,false
021575037c3f0e00,false
4d4cb60434188780,false
6e3aad26dbce7805,false
fe4e3f701313dd7d,false
1db5954e7748b512,false
5791eb2fa43ef443,false
b4b7f7d42a552893,false
131cc458ec1aa87c,true
6426f269dab925eb,false
34e360af354d1da6,false
d547086353f7fa58,false
66b33646e8bcfa08,false
3f395f2698e64cd5,false
c6e7ec5e0b57b68b,false
24bfd8ca76ef791a,true
5b861c04377290c1,false
b1cd1d994658fc26,true
2c83634d229d0e78,false
50abc52a2e76ee6e,false
52ffa68b38e12ec3,false
18f8a4f2c78187f9,false
4c775e1de0825e83,false
716c429409729e39,false
c1ec59951d15200e,false
248af98d82022631,false
c695d849b6ee234e,true
629a4a5720635123,false
170d4b3f483836f4,false
5d44c3e1d8923129,false
8b749f8e01f30f53,false
95ee1cbdf6589265,false
7cba3bded995449d,false
7caa775e14d05c84,false
a582c782b0a4c88f,false
5056377c1fd5e0a1,false
30aadd58370789e4,false
71e1e8960313d466,false
4b26d785346d4051,false
216139b8bcca3db7,false
1d34bd509f5319de,false
7c1aa227dd880f0b,false
4640764054f40b52,false
0fa13eb1c2583c88,false
73667d079dd27d49,false
024d74facff37833,false
7d64e2ee0932be5c,false
2fd32c4c6a923c28,false
ba6e1e0e0004dac1,false
0a26b379d04c0eb4,false
1617135e15aacbf5,false
4bd550b4911492e8,false
98c42f2b8b63e461,false
f566aa3ab67a8cf0,false
d3197c67014e678d,false
88abbe25ff565555,false
2a83708a6e2d90ec,false
72d12fc124fb01fe,false
fb11406d11468d7a,false
75522964b139c323,false
7b607e882591487e,false
47fde65a353bfa66,false
6b7d8f089489eb4e,false
672325e5218c7f0e,false
1188bde636e557a3,false
43b196f220c0e8e5,false
bc2fac5c02b77dad,false
0e132e034b5c584e,false
a4bd3be8606e859b,true
a12f970c9364902e,false
0d9b577fdba63a9f,false
062f2167d330883d,false
373aabb26b0c4970,false
5b19d00ef988c1ff,false
4d12bb5d98120b9b,false
79f6d756a962a0d8,true
6bad56646211e966,false
53b3f13571bcb013,false
782c0b9fd7e413fe,false
66ac04b37155a289,true
f942f3e441733790,false
5bb3c5f01724013a,false
9f819b82e6ecf1d9,true
45ed524fb4695ccb,false
5cea6461da31be5b,false
70fbd4deaa62d97f,false
2d5976907afdbb62,false
19f87c92c1597aa8,false
15cb5804881d874f,false
69642a894192ad59,false
ab6ff7d235df41d1,false
76e88a72875e570e,false
1655047577b2f8f9,false
150db9ee537295e8,false
f2d056afa46eadfb,false
6db95ec5ef41173e,false
3cbacf99e903e894,false
4e83d56675fa6d48,false
4ee195797732dfc6,false
599bd217e45e6aad,true
9434a4bc64b41df0,true
47c616fbaf74cd5d,true
7c392f262a83be21,false
1592fffb4246bc5e,false
1fc6267a33ab5d8c,false
4811cd192f9e1cb6,false
b8ad8ba1abba6438,false
039e247761171f16,false
2668c6ddcfa4e6d5,false
4841978f9ecf4ea9,false
5cae1d74b92adbf7,false
69d760ea673557b5,false
df8a3273337a8a25,false
301412fd1a8b0afb,false
b1be0b0dc9be2bfe,true
242652b7ee1cc8b0,false
30631d879f4dfe18,false
53c6d87e9f250f2d,false
54c0607bba3e4816,false
f3b8bf17358c9c3c,false
06c52668441c238a,false
76e7fc42b3cda76c,false
681ffbf0b738c0b7,false
32e4545ead3c2552,false
8c0e73363cd9d8ea,true
5e149f00abe7db44,false
d6d94c581a530b1f,false
5f310977e1e40d36,false
c5e632b13da6f0cd,true
52347affa45a4f82,false
029f35efa389fa6b,false
2453ef5cac9109a0,false
687540543457ef79,false
1f66ac00c5f29194,true
2dd54604990f7ac9,false
3403614e76fa7df4,false
47780ec6fc9cf380,false
d807079d1a8eb3bd,true
6a4ef4169632dc4b,false
6c60381cccfa1baa,false
0a8a816bc6f9499c,false
201574f696402713,false
cf2507d35ced2beb,false
25e2eaf99167488b,false
0428d659a40df548,false
0664d08df58bd6cb,false
ed2ccb520d7f5767,false
1df0086f2616b5eb,false
e32cf8e0f195f5bb,false
70fe2c8ba602f9fd,false
778a59bf22ffb82e,false
0020a9dab5fee38a,false
163df383fbdb6e11,false
4318fc4c30210d59,false
1267803aa82e51da,false
65bdd3f19a4bbb0d,false
cd0573139f950b60,false
2ef41fca4dce5f82,false
10893dd37d1ec612,false
26cb6631de6b6332,false
397ae9f0fd7d0084,false
a3449a553a04f473,false
bed9c21c7b58714c,false
c1ed5abe484c85b7,false
38f33e4123e8b027,false
5aa9ec7d90a3e0bf,false
2587ad654f561d99,false
876226fd430a1019,true
1387e977c082a128,false
25e84210133f0afa,false
35d2f282061f5acb,true
809175858218a49c,false
d7cc458ac6602ad3,false
2e48b3e2524b26b3,false
4cfc484e6a47c40e,false
364702c92e88a5d1,false
09893926f173def2,false
c47825b3fb236d4f,false
5dd7f72cb2f289ae,false
7ab651a0198e43cd,false
56f46373df356c04,false
30788f0a9bd4981e,false
31409d986aa31008,false
9152ccb81cf2db55,true
b0fb25156d71c336,false
34c58c39eb24d97a,false
8265890cb6ff254e,false
024940a2c9cc9523,false
7ac2b74f90c978cb,false
4954bcaa3c6f029c,false
061b4237ad8c0518,false
0faec1347161d46b,false
44d9ae599edf442c,false
69ee290f47257d18,true
bb1c4e095b0bbddd,false
3e3b3c6363444896,false
7965816c7b0be0ee,false
648d892227cea1d9,false
3b3158cda2f32c64,false
13ec0d844d72a2b4,false
593475c893935b39,false
03e47ad997aeb7eb,false
d0786933c0543b0c,false
cadc4c4fbf1ba978,false
77eda923548614a4,false
37547453463cc92c,false
9decc83ceac098e6,false
4849e9b3ba7fce7f,false
3456ba5a03397f14,false
5cb681fc0c59d0be,false
76044980b46f6737,false
b74504ff1649b868,false
1dbe511904c9b3a4,false
0aedccccc89b4392,false
60ab5918f7167daa,false
9e9c80fd83aa7534,true
a09305f142453237,true
6262a5f19cbc5de0,false
b82d3bc24498bddb,false
74f562af6fbb3393,false
329304dd0b9f4bbb,false
6cff7b948bb4ba58,false
137418a705f56131,false
05c2d4685ca08ddb,false
76432fcfcd792f46,false
4063808af0b16f43,false
1847837e70bf665e,false
6aee0349c1f0785b,false
4acb7b6fbafd865d,false
6235323e09bd23ee,false
08e2361d45968b6a,false
cac14c8020205733,false
672d97046f167cd7,false
e31065fc842a4fc1,false
c93677fca8f9044b,false
3bc08771892aca02,false
e578ac8ac6bec2e8,true
7d480c0be267cccb,true
154a948cc2493ada,false
75babef2eedbd402,false
04163b473e3e8cbc,false
6f2a3b790f34f915,false
4d193e44d6216425,false
2a67153d679296df,false
7b8f00055ae2c125,false
a9c1deb1711aae17,false
73a1aa1bb279515d,false
581a89e7c0886cca,false
272dbf4ce9625202,true
af2505eb809655a3,false
f5907a5be68069b9,false
823cb5a1865f51fa,false
08fa7b7f305a4b1f,false
c3f1368311772fd5,false
6f4290263e5ae4a0,false
2f0774d5f0a6d2c2,false
2585e27ac2c495ee,false
5fd62c44ca169f9f,false
aa22be9f09d4936a,false
3cb66d1f5a73292c,false
3d4e4923c5149967,false
f697fe77ba595c4e,false
09bb9b8bed7701aa,false
1095b889e80213f8,false
6065d2f8b9cced4e,true
46d36f1c9ac626ce,false
420978104feddb8a,false
d2ba2d54f2fd666e,false
e1a8a30bf643fbf6,false
183976f7b4a24d18,false
0f7e69a243902b48,false
6240fe9e195b689c,false
1a00e29344673246,false
3d7b476b6d4b6bfb,false
70edf8be0a526aec,true
0a99f588ecf7f927,false
4fa20ade8629fb46,false
c3b12fca31e98a97,true
c1cf2953ab7c8bcf,false
884a6441414b96de,false
34ee042a8b30ef15,false
60ac46002e29f1af,false
5f876ecb2071cc7b,false
66a0b1ceef837c7f,false
0aa906560c3f08e4,false
79c27e5ea6c8cd8b,false
06315170a50ab829,false
5fe55610e15e8763,false
3e447fbd5e9b5dce,false
24c75ed2ccaedc55,false
608c5bd01dcae4b9,true
8c9fb459ba39b17a,false
05a261685f2f799a,false
36db2c1924be36e9,false
0ab022e535d35425,false
1711452342c809b6,false
03ec40c412b2e710,false
ca54c96309de6b25,true
c579dc90510b18b4,false
47698302a8f77a21,false
5ca6ca2896f1ebd8,false
56810f741a4e1ab3,false
94826c740d0fc195,true
07ccf93cc0000e86,false
7cef035bc7a6c47a,false
a05a2d39819e9967,false
76a5d79130bf6920,false
6be8293431ffdb7c,false
496708ac9963bc0b,false
556e239e36c47ab3,true
571f13fd7a2d33f6,false
45f8742832f027e0,false
3eefe393b7c9da87,false
916bdce7b76ad84e,false
35a80f934dc514ea,false
2916ba521453e554,false
472df0891465115b,false
718fa94547fd3d90,false
c042cae4e30afce2,false
380bfa0b3dc295a7,false
f1adf3b6216f2c5d,false
6e5e940da0a701fd,false
451cea35e089c910,false
68b7b86b737e5b7f,false
3f3f96e07ffb85be,false
7d4a941ba5ac1a0c,false
6151c024536d0be2,true
45f2f862053e1ae3,true
74cf91a0153f7969,false
0febf81b7949d700,false
4c1841a04c526a2c,false
dad5247d311675c4,false
23e75863e230260a,false
50fa2696a02d84b4,false
2bc65bdfac989495,false
691a6db116959f2d,false
580535c3465427f0,false
7c1af3502b2fdae6,false
47044a94f95282f0,false
5bf4708a4287eaac,false
a9f9504c5cdae46e,false
2a9216ce75739a77,false
54edfc8019dd9c90,false
0ec7a88341425700,true
d083f709e2c4ed8d,false
5ac1cd7e0b12366d,true
21270fe9a066731d,false
4bd633b5b6c9b5df,false
1290851ae51594e1,false
2c7a3e2cd3b4a240,false
54feac6f36390f03,false
18c7713c1882e4a9,false
029a897a61bf6d42,true
fdfc3675aa735e08,false
f248f62b35154b47,false
d5cfc932c4ec18c3,false
3fb6fee8ce2f3cf1,false
08aacc1a9ad3a3de,false
6a350ab89bdee38c,false
4a3fec3f8735ef7a,false
4446a36f3adef3d7,false
55f05d4fffa66499,false
2234c04508efcb4b,false
0fdb4136a7f70660,false
013842795b45fffd,false
22375fb08a778733,false
4c589e40cc72ed8d,false
5a67691b1f5532c5,false
5b19d2ebec217ba6,false
73231b7519bd6444,false
6948e10c4f99fbf6,false
70b5427f2f447d12,false
7344489295573553,false
1b0c91a073d6c3b3,false
5383d4c0f43cf31e,false
fba13691745d7276,false
259084cd9dbbc3ac,false
6ef23487db2d568e,false
3633298f2f4977fe,false
5ca33ff5b72889b9,false
7893e9c1b9a7e5c1,false
00b9da798df0066b,false
4c974da956869cb3,false
6115b0344da26457,false
999428269e2327f5,false
0f6a8e0239bcf7cd,false
2692c4a70c21bb2e,false
6bc066861b1f8d35,false
68962789639c2774,false
7fda1eec5e0b5f2c,false
76af69f90f1d1447,false
4e6e607c0cff184d,false
7952a418767af88a,true
945bbb09750986ee,false
4c4e1c36335b835d,false
59fc7f208b87efa8,false
07fe0233b7b26b25,false
252658b1d72b57ad,false
a04295f36bd2a8a2,true
3f03088c976ed09e,true
052d84f7c20d7d64,false
19005041a1fd69fd,false
56650d1d1d8e21e4,false
288bc62fe9b3b31a,false
1932e26b9df57760,false
18a2cc5aeda1d18d,false
2a0abab5253c970a,false
75b46e48bce67b3b,false
0a11c9edbc69bb37,false
5247db2fa539005a,false
bbe61ebf664f135e,false
6ad62e1bc0029bcd,true
ff74bef6b1062347,false
40f0dfb246e90bb6,false
4c0f95c197180659,false
e8059c59782b3eb0,false
2059a1d1365f066b,false
63f2f456dee4297d,false
a393ec7c03000e0d,false
027c2e51b6b1a2dd,false
58b5aad6c813c49b,false
0c8354cac7e2cf64,false
59990f575ce5764e,false
3aa9be17d62bc8c1,false
6f67eb909120b749,false
e6bf38c3e544e7dc,false
32d4532c716e7499,false
3a757f91ea035877,false
b9ec3ffe2f7f23a6,true
3769cc9c63ac4386,false
323de22b85c43e37,false
5190ef820d0d45ec,false
58a9616f9fabb6c1,false
110f612dd0d524bf,false
0da1284fb328f244,true
3fb1e3fc15feeb1e,false
2ef8290e95069ee5,false
a56fe7fba3dc29a7,false
86a70a74dce9cbae,false
269fee09d50be7be,false
544ced0d2cae95d0,false
64096e5339eef859,false
3dc785bf0f1240dc,false
37e543b997efc499,false
ed67b54e9998e01e,false
7b8589b29430f29f,false
2b064fad4d056dfe,false
e877be532f8bc907,false
2360ae529ab4f22e,false
4f337c6607e5b37b,false
1f8c754460dc60a1,false
0c7f2808bc23e559,false
3f794d05db821975,false
8be1cc78b32c87cc,false
e9dadba538de8b58,false
8a0db61216fc874d,false
3560d2bd566f9447,false
3e6df0e661d177e9,true
0cbccbdc9d10e63b,false
4b771f2d1318076a,false
ea6dd8028aea24c5,false
dcf926266cd4f613,false
425bd9e4007eb284,false
f09801d067773a5e,false
2b06419245e2440a,false
5a85b844b689b1ee,true
1c70ff48dacec51b,false
22825966a34a5d00,false
fc8d5b2570c9a583,false
866d28d88f781426,true
0f62d8f7ae6e70e6,false
4ac4f435558ff97e,false
3db58372fc41d7ae,false
62b7a22ea2bc5976,false
41f5fb69a40c9ce5,false
f9e09e90bb4f2ee0,false
5055f29825a2b8cb,false
3e86d73a442c8fd4,false
44d400333d5b3304,false
a51fb12c57dd2402,false
35522525a0aae57b,false
28984bdc87cfaa6c,false
270e914c164191f5,false
0b70e07a5ca59f05,false
25df1ab2505cdeda,false
aa29f7ac4f140eeb,false
77c62ae85e7069e0,false
7a6f294ecf2f3820,false
36ebd977053f2f83,false
0059e85546c5fc11,true
7e1f22c369f9fd8d,false
2cc88ec6efab70cf,false
5d5a7e4c013fae68,false
01479147d636560d,false
559f905a77b03d37,false
5435248dd306bc19,false
13f6afaeb7fdea5c,false
831f5238ef53e451,false
0c1bbd41e8f9dc18,false
571cab1dad6f4ec1,false
71158c38c0dadd20,false
ec751a21e67a99e5,false
66bd9965cf8ca0ad,false
77f72cd7940b8816,true
4450c21ce3f99282,false
555d5751a7d86cd8,false
1f54e20e78670f56,false
3cffc26338072015,false
c0f8da012aa09533,false
31f62188bcded6dd,false
9678c627b0c1be44,false
7e8c7fb21d1105f0,false
079b8ae07b1db095,false
5cdd47ecf4a5dd72,false
3ac0f08192eef588,false
5e4a1f9b857759f0,false
66329daaa57fd12c,false
34a8dc4a08c86bf4,false
29b5eb8aeb355b68,false
f2eeff887fc824fe,true
004480a2f55628d1,false
c0ad6d0ce52aad4d,false
47790208970a03a8,false
6361768b41b08fd5,false
f245a1af652b233c,false
1bceef7251ed1c44,false
5b7488714794ad45,false
6c0bf63b2e2ffb14,false
5d1db4a347c474cf,false
11313597922ce017,true
225cda3c32e08a97,false
0f6eef6f83b2efc9,false
2bd001a8e50a5676,false
036db2f6492947bf,false
075294ff35835e70,false
8da6bd746b731888,false
3a5386ad8ad5415d,false
1cb7dea3af7cc1e1,true
17364be2463c567b,false
cab175b31e19f6dd,false
19abc98b72013c8b,false
1feb8042b70bc22a,false
c4f211889b0055de,true
7f7aa53348cb3903,true
6fa1e63dd2fc3adc,false
2c21763841301455,false
42e57459096f81ef,false
a2bc3f0871aec03c,false
11acfb9cce987798,false
3b9403547ec843e3,true
f01d584ec440d806,false
13b83825ad941f25,false
7bc4bf130f57d5c8,false
2f3502714446973b,false
f77be9f162a5240c,true
04a4e9d26f2b94b0,true
7266538d19e9f6ec,false
a3a13a71669e7ca7,true
3c97e91212042506,false
2b20d3bef94d1da0,false
c17a5e01623be5cf,false
1629a0ba0b924522,true
33470f40b81115f1,false
4449dc2b28c455a6,false
7e494654ceb4d5e5,false
450086d202535c63,false
cae5297dfaddc438,false
07b4fa0ff152a4ce,false
36a3378593c261c3,false
3a8c176b00ee6991,false
00e915df7e3e8635,false
05cdfd66c706fa0a,true
246454a731782313,false
0327e6050b1ee7c1,false
59a7a7c82bae1788,false
1dc4509c0a2bc2cb,false
02b7e2c34ca4a2bb,false
243faf2f6b37a493,false
eb09308f20b7e57f,false
27aef824bfb0405a,false
2803f72331707408,false
08aa5fb8b5247aa7,false
79236d50bdf5b395,false
cf5050ace5524945,false
3514189318c5b9af,false
34294e9a707ed47e,false
2bdd2c2bd8f3212b,false
5877bcf53032822d,false
419fea5272f56473,false
0fa87046b8bc242e,false
3f321c078780ea23,false
567ea48cba04fba7,false
4a9249ba28e08a51,false
2d04986d67e4b9d9,false
0b59de786e8c24ba,false
afad77d2197c3b93,false
62c297d124d65522,false
5edf12d428f900b0,false
4f2ba8bca1090e50,false
40e354221b7c1322,true
081863b6e3b77f05,false
0c828b8b8ca38900,false
4154842b9b5fbca7,false
ec6de2862304a3c7,false
5bf088ab2913d864,false
63badfcde3dce19d,false
5db606e920345845,false
566c91aed843b905,false
e056cad4e57fea3c,false
29b0c9281cbb6f88,false
3f631a1c7fe8786a,false
40d6f130505d8d6e,false
981fba16ff588e51,true
4e7912b40fe9220d,true
4551650c8d459ba4,false
793e0b4d82c3cb71,false
e0a9268602aa45e5,false
3c71e531b5fa0348,false
80464b033ced9afa,false
6d99377c98fd1ffb,false
c0254f45f5e49ba9,false
051f8303bc48292f,false
394184d2a7ccf51e,false
a3ce209232bcfb3e,true
52e9c53eee0a2562,false
01b4d75cdbfda062,true
25ec274fffd80c03,false
51e51e1cd19720ab,false
112301fd909e0224,false
1be66fa36a672941,false
5c655cdc05a1e80a,false
89c03d613ef67644,false
0dbd057f2ff3d842,false
06ef5d23e2ba6d99,false
5d66f1a9e6ea0956,false
7070358c26568220,false
1a01c2b6db33c384,false
5d92e7d03b4ff9d6,false
6b84b6ba8a91f8a5,false
456a0df33aee24ec,false
cb546d9774cde263,true
22db39c97b297f47,false
613be2eac2423c8d,false
f7144cc7648c8095,false
b116b68dcf1ef345,true
6b0ea036decbcf89,false
40851575611e6296,false
d5a2981edc494479,false
4e823011c1d9d3d8,false
2ff3187b60983d3d,false
3b861107a731c17b,false
e5d05b155f220ab5,false
61ff7d4ca0a21327,false
17d0e1453f748750,false
c3261254297e9c8e,false
2c8fc770256d31a2,false
a8bd2a92e243f21b,false
4c465db80bdec22a,false
4d68f5d5b028ed4c,false
dbc4899d8f53ca12,false
c90d9441581812c0,false
18d115aa928b47bf,false
5c49718494be788c,false
1be1a792e2244048,false
527de1daeba5b017,false
222643bb41404cf8,false
4a6078e6681a9fa6,false
37e8002d50a20b5d,false
333756c41c0d2490,false
474e65da24f0222e,false
02239d65828a15ef,false
6009abe0c955b16d,false
09cd820cda02bc81,false
79bae24b611e1f00,false
badf9a8d9d8e2e82,false
0868dd14a41a9ab4,false
432c2ffda406458c,false
1d982f026adafae8,false
02d1de9b7b323cf6,false
fe59a49024bac74e,false
2eb7ef4407fa40df,false
6a1be1136be72c80,false
d72144c85ece259f,false
6ff6dc639daf6936,false
0f2ca7b70e2adec5,false
322d00af61bc7202,false
eac84831757e5ede,false
01935315e0290dd5,false
5ffe0f73eaf16067,false
2ab13d4eb27a5a61,false
2d593deadc768a1c,false
0c41a9d4c1d08d75,false
df6f995a2bc6be1e,false
2075c1edbca27ea5,false
cb2016433d6ee48c,true
3270ed96673e1f07,false
2c384fc4d731595c,false
236ceaadcda21499,false
012a805aac860cff,false
2d8a599f933b4a7e,false
1b24735f01f8c7ca,false
59cbdc62a0ed3819,false
18960142b26311f3,false
c2f0704299db3a07,false
3282661bba0a00cb,false
4aa4d6f3e9c5c62f,false
16fa18dbcfcefea1,false
5d332b916c3b512a,false
5d50a1617a96449c,false
0f95dfe6d01040e9,false
359413a4087187e3,false
540380d533b40836,false
5cd2e470ce82a0f4,false
b9f0ffa74ad2d5ea,false
43dcce8710e9ac57,false
06f8071288fe8ef8,false
71d36932b9bddc5e,false
2f3c7e196b478f49,false
19d8c638340e39f5,false
794e42be1a6604e3,false
56aa8de5710e5cec,false
65630e5721200e93,false
503ee872a861775d,false
34d7c4f9848cee8c,true
423092c5dac257b5,false
310b89c47cd508b8,false
020b13cae809cdb9,false
de25d7721cc7fb17,true
82e204257596ffea,true
063d536689cfcf12,false
64c4cb66cb4a4562,false
51f642c15b1e404c,false
48302c7a9bd0e527,false
41f13d8efae50caa,false
18e38e769da84d85,false
05535a9ce3500549,true
1fa2455892a5e9d1,false
1b5b70dcb1497f67,false
56950d1212f65385,true
4ca6c7ee93de7231,false
0fa3cac0a7daad6e,false
281dafdd5892444e,false
746b54ca1e2653f4,true
281d76b53a009819,false
50531c800751152f,false
3254110aac5fbf79,false
7a917c441df36dc7,false
370e377193612a61,false
7a1f6c1c797311f0,false
2c16de113dd1ea42,false
0bd4505448adc92e,false
2642d4444055f196,false
589ac9566b528f54,false
6f8dffa642d0ae08,false
4ab7ca289a90b64f,false
a25bf674f7686879,false
782b0a4854a74860,false
434542438b73134e,false
1f9e94b88dc53377,false
28e5ea4a1f8236dc,false
28dbda11a8161341,false
14d76aea0edc16bc,false
4782af6181e79694,false
34b342bc3f5fce53,false
5b440c505f092961,true
369a8f78304ccdeb,false
cc4508e0fe6dee05,false
aa62393615272f05,false
00ab005eab423911,false
52c6aa435b9119cb,false
062cdd45d90802cf,false
7f76c048bbd4ce7a,false
6be8202ba398fdb1,false
4db0c5dc941043c3,false
68a0b4455c6c8ea3,false
52d60fd80b26d3e8,false
4f3834203e7e44a0,false
71f38f765317eecb,false
0ba5e31aaae89ec2,false
b0561873224caab1,false
4cb9f864c9388ba1,false
16698c3ec0c73dc0,false
159141b434d9c03f,false
1dbdbf5e7f252ccb,false
1c01bf8b38e92876,false
119e63a27bfbe15a,false
3cf9233604a68ebb,false
add452d584e11359,false
03f45db8bf9462cc,false
6f280cc0aadf3f35,false
7f134b374b4d7961,true
7b55fcdba4d3b7d6,true
41991ccaa5ffd6a3,false
455fc72e3a0b44cd,false
647b0f0866143c11,false
1f9368b053b78cb4,false
583ec2c92f187cc3,false
3ef4fc76e52ce687,true
5a349a80e64a3d2c,false
74ca9465fdb41345,false
650ba5bcc5f0d3d5,false
d3a2c65aa5bd0ef8,true
c56be22f863d7ecc,true
713d2cb84c3a49e5,false
2484068b7f7bcd12,false
4dc092b11e6cffc8,false
6f34fa269a94b071,false
7189370119da5a82,false
8eb6b846c3ac5826,false
743894c6ca7c4609,false
197691198698d836,true
5a38aa14af058af2,false
1351f1a41fd1bf48,false
3519eedfa9755152,false
0cfd520e40b72259,false
0741114d3877860b,false
7b6a242e74d0055c,false
0fb5fbb3f25ae7fb,false
6f93ac0bdaadf5f2,false
2afd2be68e6ad021,false
275e4a453136c6a6,false
151199448b7ec060,false
1e26f0487b5bc771,false
2ca6edfa4b5b4d5c,false
2631ec7cae63dd62,false
2928a4309c8b221c,false
5939da62acd1a309,false
d453127cda621227,true
32a96448457a3efa,false
12575d9c9a67bf3b,false
6f822f12760e88c7,false
7135698aa259f4cf,false
3d2471c83b68391b,true
14503d6ae19f301b,true
c2e2afa4c3191045,true
d205aa83909e2c59,false
64415bfd9c23c846,false
fc3813ce4527569d,false
442c8db8291b8442,true
057dd9c7c9b4ec42,false
88851553b488cb79,true
110020682da37b2f,true
7c9956475eaddadf,false
5b1665c1e35fe809,false
a18adfe40eb7d5de,false
6ad77bbb884421e7,false
9618839cbb9b58de,false
54f6be7dafe67343,false
3fe744d787da8bc9,false
2577b33677ec6ae5,false
6d9b732a27a651cc,false
15ab3191f1d56752,false
334ff43ab063627b,false
6a47d34a4f19cb42,false
a8ce1370898f3484,false
7dda716814d760e0,false
0159b7ebe7115f6a,false
2aefb33af41c8ab5,false
4d44e1e53c5fad87,false
a48fcc76cac4d0c2,false
2e5a74b026dfc2ef,false
4ed9dc2ef0f53e84,false
71df5891e8585079,false
9b6df769e96284ad,true
2b3f155054f74932,true
169ae89a5f86bf5c,false
ee8c0011abd72920,false
2593e58d8edbdaa8,true
081be38a4c891451,false
63cfd9523f008754,false
2fdf160b8ea61537,false
1cc148bb7011e940,false
7e453ccbb0c28119,false
abbef540520f0884,false
134f6fcac94b2839,false
97f70f5a8e6dabab,false
89e471405038747b,false
74fd2c233fc3d674,false
1e7c0e542c7362a8,false
60325b7d549a714e,false
6202520d682c4cad,false
df0bf897ca05ee4e,false
f3001323e633c006,false
763efaacfd3376cf,false
525a8f70c31bfbd1,false
1d047767eb18c8a6,false
5422a8cd07183810,false
4916bcaef26cc20b,false
31a81db0891a8db9,false
5193c888c5ef3990,false
62dc8c2f244d17d2,false
4e628d201eebc354,false
3d5ccab57398a884,false
09e5474dca5f0fcb,false
33637a6a7c97c9ba,false
0912811e0dfec4dc,false
5cf04c9f4120be2f,false
5d4047198a5d60ce,false
acfa3b163c3a71d3,false
533269205ad0553f,false
50d09aba101fb588,true
f17bd10ce4ff83a6,false
404e965ff648d54b,false
745465a92aa63c40,false
1890aff0cf7bd3d7,false
bc538b2e12838b54,false
20b76b149e9a907e,false
1986a90033835947,false
65a5539f6465cb0e,false
a3c0fe0736ba28ae,false
3fcb631ffeef1ee4,false
cf82b07718ee4f25,true
b1cb40d460ddd1cd,true
7c694ae970f65cbb,false
14f047769f3b9184,false
3ca176a673c301a9,false
51815e82942ec75d,false
53db8102bd9aa4e1,false
1bbe0c1c39f8dd45,false
285ec135b48bb356,false
3dbc54a26e2e4f22,true
d819fd1336f025bb,false
7a0aaf5c400e784e,false
25423f064e233eb7,false
b448b62c4a922212,false
4878b68040eca1bc,false
0af85ace73447f2b,false
304a12b5671455d6,false
4dc4614a2cdcaf02,false
08af6ba204b7fcc6,false
cc61a1fac9536ae1,false
61e9ee253e8a3bb5,false
3c544305fc96e44c,false
4046c29f255fdb48,false
6d9e23ae71b18c11,false
37e4aa16f376a4c1,false
45fb0769fe0b1f56,false
2628aa23ee9a4345,false
7a697d33fc344480,false
70a5aac990286329,true
779bfd9d4e5b4027,true
fb094cbd6152b6d4,false
10319ce0ac217f6d,false
4614a4a45165ce22,false
317941f44af23b07,false
4f9e6b65c1ce11f2,true
2c070c4d31c2028c,false
709ed016bed675c0,false
3748b947413fc174,true
2b36ea1ad73d1078,true
dc374285f8586724,false
700bf0965f60f03a,false
17062e076f4ed1e6,true
4e163a2bc0e17772,false
828fa27c87bb90fc,false
53183daa51060b0a,false
5f940932c10b6063,false
37c54b82c2f3d774,false
00c7921beaa0e531,false
27e5c2007e64b54d,false
18a443fdc38cf659,false
2d1a0f7e3e7c293e,false
1c03d7aaf3654c2b,false
3f08c18b0de17baa,false
c706556aeb7311f1,false
b702b7277a2c40cc,false
644d473fb8d8350b,false
3052deba8dfa9825,false
2bc06212cac7c66d,false
a8b55e8367903d21,false
52a7fd766ea98eca,false
05fc9df91b354b2d,true
20573c9191fe2ef2,false
451401565eb43cf1,false
438a04a41a3935a8,true
c864ae4d350415a8,true
3647a5445ed9fca6,false
0b1d4edfc93795b0,false
19feed25870943dd,false
6c23a14df11e3ec1,false
5e9ad2b9e59426b1,false
3420f78d20bd64bc,false
2d08c1fb210d21a2,false
4224627cbf127958,false
56729f79905372de,false
6d1d1cc36eef130d,false
349a99dc5fa0a080,false
49dee541bcec7a0c,false
57736892acd884ee,false
70dee222d844f286,false
975efe7176d5eb6b,false
45c4e61cd7095499,false
2320104acbb4ebc7,false
2399e966abc1bd76,false
73b050ccf9679690,false
3d6ebe4e3c40adbd,false
55826225866e0cab,false
246a6f73edbba22d,false
77dbf008b67acc18,false
ee8a2612eea7a726,false
52dfff68053396fc,false
3a9edc7d5f44b205,false
209c3589b4df0d16,false
4b3e99caa7f73da5,false
0469db03f3e6dabe,false
388c738c1ccd2960,false
375048bdf253b04f,false
07c8c30437334772,false
75df411f9682393f,false
013f29e59fcae9ff,false
664e1750b5342e62,false
9bac5b49f0f7d99b,true
a27b848cd8f2365c,false
7bf7a81efce9dd85,false
5bd4b9d56e9727eb,false
01d0ca958739e1c4,false
7b26903d3c0d14a6,false
5df5be6b4821c7b7,false
50b6278047035503,false
1482504ec843a809,false
87d3a320b8c6e43c,false
626883fe496eb041,false
3798217969e78a01,false
714785deccbfb53d,false
545edb3862240d36,true
7a1eba369b5b1184,false
1a403ae84f412dbe,false
44da59c1bc2fb4ad,false
6eb29d3faf6354ec,false
2dfcc760ea04a5ec,false
300d52ca76cb1883,false
72574dfa3724ccaa,false
7d807e11f87ad4c5,false
6a5adeff37e399b8,false
4497150b4b77e4cb,false
47402777aa663051,false
e85edf18d7cd7889,false
4e6bf8a0b61c2554,false
45e92c2ea1b29978,false
3b5cfe7b3d646305,false
44e389a433b41e66,false
d999451c10e1f581,false
c12fbea08d66d066,false
77d272f42ebadaab,false
5259c4a982f68e7c,false
cdb279a3e3aa6928,true
48454e785bbe2322,false
7c0686d1c2afe4b7,false
5eb8748858a8de41,false
2138391709ebe401,false
6a650bee25f1550d,false
64a0fc272f565298,false
87b66cc9e3fbc778,true
841023356d80fb8b,false
e35392bbba35fb8d,true
8b89054c4f94d327,false
a15ea36d68aad890,false
6509248dd6ce0cd0,true
b6a60ca4e4c261ce,false
36290514e5afce04,false
656f4899e839b24c,false
67a549b2bd63d234,false
d9ff81324135bce7,false
490df5f49a88efd2,false
8f5f0357284f8c9d,false
c9ce74c1f11cec86,true
111f9e795038993b,true
25e31f29787b5063,true
a551d02588755dca,false
409189b8b806c163,false
5c9d1b49558dccfa,false
2e65768b88da172b,false
086a3f73f917e781,false
1a9dc0210caffaf3,false
32036c5f2eab7aab,false
045cef2a9cb707ad,false
23a7207eeade6f44,false
32e28c25356f2544,false
8823f74f6eba1c10,false
37bbedc1f6b66a10,false
c86f55f3a8451858,true
5372d075afe6523d,true
412c5d3f8e572d5e,false
0fd975e44c5625dc,false
764e0f380aabb293,false
439beed908d39d93,false
539a82ef773ecc21,false
16042b6bbd764d43,false
7e798ecbf90c925d,false
7198274fa078af66,false
5b36a7994239c773,false
798d5d7e69f50fff,false
59cd0eae5c34df3f,false
5c4b400cb7777ca1,false
7c228dc8d8140831,false
7e050a01ef453222,false
7f9e6b02b49271cc,false
01997212bc6b6397,false
339c5c00df40289f,false
326e9ad959c8116e,false
71c157ec3a838f5c,false
178385271d75d067,false
4ad7b43f035c5128,false
4dd05a60ce51c65c,false
7508e1611dabdca2,false
5c206f90447daee0,false
679c8812338d09e9,false
31e7493ab7fa96f0,false
5741b4f72a8bf84e,false
4fa7a4286581c005,false
7df59bc1aeb0e7c6,false
4b2ff74c862d9754,false
4c376b36bc392602,false
0990054bc533e446,false
c02439d86365a62f,true
64181a3922eb8e65,false
0f7f4d712be039cc,false
5f88ecd5e5643b32,false
ec3251da6ae0a4d0,false
82149933efe6aeab,false
3cf21f0bab29a5c1,true
0e9e749210750cb0,false
6c2947b764e93b28,false
50e1c905ed7d184f,false
631d5b10a3357ae6,false
57722f2eaae92c0d,false
391875eb65c89f31,false
b2a84c8728ca0530,false
1722bb667be39c34,false
1683547421c4da6d,false
4183f4f25634d1fd,false
643d2095501201f3,false
f99d43864192744d,false
5daa2b1c133dd6ba,false
07c7015b57ad8f9b,false
675f65db08293ad1,false
0b5414e89994edf1,false
4630e93b50dc171a,false
298992a83a3726e3,false
3404b045d2301e64,false
39717128ab3606d2,false
c5114c7f7479b8f6,false
23ddcd8e0f19b574,false
21382f548ff13060,false
298625036771c21a,false
ae8b7acaed9dc2ce,false
1029a19690d501e7,false
68e6367f26a3ed37,false
3e6cbf58e6abd794,true
3d8c6ac6e5adf82a,false
6d3936910b96778b,false
19d85c900cbc5f91,false
7b41bccecd44a22d,true
73493e6784f743c6,false
2d89eb0da026a2a7,false
70c1613c0a2c68c1,false
65527541b5c31abb,false
ca1da7333ff804be,true
e184422edf996aed,false
43b3fd4812fb4173,false
7796f4b56b1bcc97,false
1a7ef6608779630f,false
c7a8b44f443b9f12,true
7864c07e08487fe1,false
286dc38869cb0289,false
526749cb583a5102,false
55584c97ea724ab8,false
2a3328cb4ebf8377,false
55185486c9de2c41,false
005bdf0800232754,false
55c37a440de8b7ad,false
4a1d349c31edec01,false
12619c89cfbd6b01,false
fa21cb79604cdbdd,false
701ba6b4b8834c47,false
5b95ac08dc0b94df,false
64029ed7b06a6110,false
7ba5afa3fba508fa,false
163f485bfa35b099,false
16147bd4d3e8c016,false
0fede937da46761b,false
2a71abc33da8331b,false
9d3d331bae04462d,false
0ef46ce9c40fde9c,false
878e800b6e6a2b90,false
8d3d3ba6f446ea22,false
0401fee065bf26b1,false
40c2d64721081802,false
c344a55c3687f703,false
a876c234dd2b07c5,false
97bd8a0270936f3f,false
a4430dd5ffccb37a,false
1c3b2903bfcce395,false
fae2ebe4d5724653,false
682f822a65cca001,false
4be6d446e6140b85,false
cfcec5be7c3a32f3,true
637556161107c55d,true
7b1aac54c05d1e59,true
891b471191f3ef0e,false
0538d4c40342b67b,false
6eb2ab25ee9bd059,false
70cf14803e95990c,false
0253f6cd51032a5a,false
f783f46e61851869,true
0a849624ec6e9dfc,false
50a086ed37978170,false
6a7ccd03985ae3ca,false
64de82c1963c2a2a,false
2beab7bcf9aa315f,false
7af280a4e3ccef70,false
005cca79509be902,false
c99e4072d39037d5,false
54b74eb0eaf27d8e,true
55cf81f8be3a72cb,false
4662665ea132f923,false
bfe0033779c86c4a,false
cdf18941a2ca6a63,false
69c98a7d9308e7a6,false
c8d525ce5575ebf6,false
3a4c6df248a40980,false
49b5f315737135e2,false
14c54b4649529b74,false
4c1376a119858464,false
89cb2e3f3173781a,false
bdb41284364956ec,false
5adbbf196d819f49,false
130dab14cd930df8,false
7d9ab9742037bd07,false
cf0128b767d59441,true
faf36cf29e568728,true
1efced2b4528631a,false
4b5d48f382d3fbc7,false
33e1958410027f0e,false
fa2468a748609aee,false
ab6d2a2600aa01d4,true
69666805e720524b,false
2529eaae34c81dd7,false
0dcebd034f0d0692,false
55e99ca39b97c182,false
6baedee706cec47b,false
53cc5338d6a9b96d,false
8206f1f77019ab31,true
07528355d17ff6ac,false
329bc0c5e054ac29,false
1a2b63cdaa60147a,false
5fd19da90308b425,false
237721f06f68fb96,false
ee5349f16052c8c3,false
d9bb435ed5c923b8,false
40b09c0e463be3cd,false
7714475c60685dc5,false
0f46e478c420ea2c,false
67275e23c8e69607,false
5f9a1bf5e8826204,false
704c83895756640d,true
4061efb9247855f9,false
838119a58cb3efd5,false
68f4d9a74090fc7f,false
60936428c0c35c04,false
145047d586389f9d,false
46012ab7236e1fe2,false
008fbd106427daa6,false
e17ff29bc77e7550,false
a420760735317c27,true
3c155a77eed5766e,false
37fab3f4a73192c1,false
ffde110b8b7ca620,true
1a17a8707e25f572,false
f1ee9ab471934b35,false
06c79e12134d52e2,true
6bf7030676ce1224,false
2a1cab44427438e4,false
3ea8cae94347fb7c,false
4fc751e9f5690545,false
54ad57a0262d0de4,false
220504507a9c049c,false
f07b965feea34e20,true
710280959603b3dc,false
016a3af6e9034faa,false
9deb3694eb4885ff,true
654edf113093d0f0,false
1a86e6d7bcb03f73,false
1b7c4ede5086dd4c,false
35b49c7d424468fd,false
7133491cbb880fec,false
3b8ab3e14ae7f945,false
763430f227394974,false
45dc7539ae7d7cf6,false
2135d19984d2ef46,false
5bc46f48968ba58f,false
18b684f388a2dd93,false
60067d9ec8415b04,true
c5bef2d7615c0b11,true
34025455d78aef11,false
7e421899c13a6b31,false
502db8723538d06f,false
483fb0a8095aa5c3,false
1af6f18ada5d8b74,false
4f8ed573a53cda02,false
197a08eddbb2d583,false
17b20c2dfad33fc5,false
f06f82607cb10a74,false
474fb1e698277487,false
249298b9c4bd9fca,false
74f22fa2556b623c,false
e9792642f921320c,true
b72e7869d21cf3ca,false
4fd50775f75556a0,false
69fdd3c265871dcb,true
76b4c05b2b3bad2f,false
3739f9f23f5a946c,false
2b25060eb10fdb72,false
29f9e750461c6044,false
2150634b3d171d53,false
28d83799e87b01f9,false
366d78260372ca55,false
ac3203904cbc50c0,true
26ed253fd161f3af,false
fb9a2d6a3e3a0b7d,false
17238f007c8fd0fc,false
789c2a5d2e5609d4,false
691ae741e459ad89,false
5f36d400875fb027,false
ddb185df1868a099,true
03eed8a3961ba68b,false
0414d1b2b52feaec,false
6451ddf3638983f9,false
6b23c3d6b2b107f9,false
6aa202cf267fe085,false
76a6681805627e4d,false
1025266c08aa435c,false
13d9aacf40914e1d,false
a93692af3468e5f1,true
3137991d6700d420,false
b59ff994305ab2af,false
f201c036672d5c75,false
71c58caa7fe14198,false
59da6a21a8ad5a81,false
6baa585848997ae7,false
34ba67b7c2385587,false
2d8e208a1bd94f0f,false
e05e9e4b5a4371bc,true
2b3447b2b6cb066d,false
2fd70b67eea24019,false
15b21f19ed2f9a12,false
32deca2a24e0c6ea,false
7ac932e92684fab6,false
1b9b7d5f3f78c00c,false
08888fd8ab4aa0cb,false
0de1bf0aee42e9cf,false
73fdbd972cf81cfb,false
232a6e01d3da8d1f,false
6a493025e37b10ab,false
a83dc35659c605e7,false
042abff94bf3cdc5,false
35e59ee81cfb939a,false
83de9567f5667f19,false
a1694c523b14a1ed,false
8dba11ecbb780547,false
221219c12cdc72ab,false
9fe2a15abbbe9694,false
13d3d492d5452ce9,false
25039352c25e2af4,false
3e9c8369ad17f4d0,false
13d4253bc0d596e0,false
3a5d2b95b0bbeca9,false
8a92e1f9c53d49b6,false
1cf7c70118a766b0,false
1056a8eafdc1cb0c,false
62da6d258f7225b1,false
16d1b25cbbae5c11,false
13b1ff27e338b37f,false
9f9946a1a571e52f,true
1ef565b1f10d2797,false
31d657779b521397,false
461c1df11a0b594d,false
10ce9af651b87bf7,false
42cadb2d9cd614ce,false
1580b5ff3e610d48,false
1e4ca48e38395a66,false
44ce58c58e149760,false
3898e5215b1492a8,false
5d98d5ce20f8b68f,false
63cfb1704e604464,false
ea9526322bec5553,false
29e4f207ca692c1c,false
1857c29542bdcdaa,false
70271bb63044e1a8,false
c48005f126b5b749,true
e7364a3bae0ee866,false
6c2b8493dee87656,false
32cfc49ed615bdfe,false
3dfb6b53208696ce,false
b7dab5afdb48ebee,false
22ad6e50b81be9d9,false
5558f90f87b33fab,false
0986caeb1afdac32,false
09ca72e46df13643,false
72bab2764b7db973,false
41c69f8f4ce70e0f,false
3a7ac41b3f8e1f68,false
56b619d02a3d6f13,false
1f352cc1e539a578,false
50b126a8b3228e26,false
17ac12ae04e4eefa,true
3e8f623cbd182725,false
054b663dbbfee172,false
3ce89a359c367112,false
d94a4f412dcbb04f,false
a7406243c22a87fa,false
2088ccf940b361d4,false
22f552879bd6efa0,false
e05662f8c5f16aa1,false
0406838afbae072c,false
18acd0f1e520946c,false
10d4ac1cd01db1b0,false
42cc3e17d89b8673,false
431ae3fa0b4fef72,false
751ff59e6c38b4d2,false
218abe937e57dc79,false
6d8fd051b6b046b2,false
9667481f41685c76,false
62ed0b2cc332bd5a,false
5025b4e6f099a364,false
6592480c88382beb,false
0fd71da0289b04b6,false
62d56dcfed91fb64,false
50416f0f79bf352d,false
7b8267dd121a3321,false
16ed9a4db0c8e670,false
5e3f0ea265dd7552,false
00bbc7d654a89c0e,false
333e33d469ef7b70,false
20bb8c493f2a1b30,false
5ac24a6fcbd91238,false
10c1a0b3cdc244c6,false
7c511b3cb70599e6,false
189a0108e9b20c90,false
2fb97d46eb9c46a8,false
bf868b2ae4bb0057,false
1962e6d58163f938,false
0f1617e80857f21c,true
11978c04e735e347,false
a37bcb04ddf646cd,false
2224c55d657002f1,false
09eabd3d4a2c7f8d,false
dc36ab55b214afc1,false
16e00e98a8d4d96f,false
1ea902f94792ccdd,false
421c4085333b358b,false
2404161ed5b0e1db,false
75d44ac8905750e1,false
1ee93750ef4d9001,false
54e35facfa2a6eaa,false
2625f8e44d14d249,false
48b76959524252a7,false
2d8fdd0d098c7c1c,false
4b98bbfcd776cbac,false
1a9d012254d63e3f,false
477e16748b4c02ec,false
0b24694ee90e1c7b,false
3d76519ad9b8f8c5,false
3da7d6ef9ffce05b,false
64b0da90c083888e,false
f1deb4d4dae08dae,false
2dc29b438881c764,false
bd7cbd36dd98e590,false
031599e03541e586,false
0e3614d4a092fc2a,false
28c22ce81ca596b9,false
03c11ba2a7b34de9,true
73c1efd1f4aae90f,false
abb30d474792809d,false
0ee51e52a35735d3,false
9d0bff6830a20a91,true
2dd05e97ce9cf866,false
8656d59835778c01,false
2290a2d32f33e2a6,false
4ed20f210bcdcd29,false
7511a47e261808d1,false
6b1d5e93d2bc53df,false
b55874d79786d825,true
5563b07abbc7d608,false
222279ca94a7e299,false
0fead8dac1886ee9,false
078a2f9310410e9d,false
5e35bf1096b18bef,true
bdc309ba7f9744ef,true
15a74288cb9d7e93,false
5e44b85c1717b601,false
0c3521aae197c9ce,false
741dcf91ae48261b,false
dd56e574628ffd68,true
27426e335082c0b8,false
0fd857cb9aeba0a2,false
171e8629f932b2fb,false
492dbc92d069e08b,false
64a551ebec33407b,false
af55b4f21d5ff746,false
665b469f3647bed0,false
6627b7d50760cefc,false
4677278aead30695,false
d9449d2b208a0300,false
25a3cb1d2495dc0e,false
50897e69a7916be1,false
6590b927a43bcb64,false
566228cfd3b9df38,false
2d3a9a228324f3f2,false
54952401a156dd9b,false
0dcb7270cec65636,false
cd335da17de3c4df,false
4a87381b49076dae,false
6abf6edcd1e5f7a2,false
4a6e65cdebdfe306,false
356d2c0773711633,false
2c943b00e4aa5152,false
164314866bd854db,false
21d58bc31b9d71dc,false
b9c407c6ecd51c45,true
57fbb7cfab5e8b6b,false
33601b14818c5fe1,false
011823b4a3eee25c,false
34e0082684a6bf43,true
42455e8221855390,false
863794b3ae691967,false
9863921c5b619e40,true
4e3221bc51cdf8fa,false
bb239e780250f5bf,false
5ce115a99f99bdbb,false
2970f4e6230feb92,false
5dc9816e6e16d6d4,false
3bf1301ae5d69188,false
708df0d5d3667bf8,false
546abe5bc7327b64,false
5e2cda0997b7ae3d,false
f1a8d2c092d586a9,false
b4c1ca1dcba787d3,false
df47d2a8ea048da4,false
3664c975cdec4967,false
8ac00e1f8b4b42dc,false
5a468a4e2ef7c138,false
4c58df018c238731,false
24f29e50d9be3583,false
0e5733952762325c,false
1d359d2580c64cf7,false
6fbef4a3ec2140ca,false
48e8a157e9882283,true
3f06d3c0ce074905,false
065ffb35a798545f,false
b68cc3800b5ffd9f,true
4dc2d1c60de78cad,false
beed251d88bd2285,true
c93ec5142b6fd62f,true
46c4b61c75356e78,false
0e0cb784f57a9c25,false
4e5c2d16d848474f,false
16f8f4feee2c1ea7,false
78581157e12198ea,false
5ee01c5e5c62eee1,false
3e117fb1cae75fd6,false
7af7b1d56c8b4d5e,false
14b4bc304f9b5925,false
1f946ca6b6e4b7d6,false
212829794448c9d8,false
0b52db84fcced20a,false
87c836dbd2992a3c,false
6a255e01cdc7b290,false
23568132937aab50,false
732130c75455b221,false
2509b9609aa02d38,false
aa51c5c9a09ab482,true
49cd8bb952aa9e98,true
0befc86264f134bf,true
14606e623104e979,false
0da0e93c03544b9a,false
2bddd3c44b5f3d4e,false
6356dfdb67204755,false
372959602cd35109,false
35ad612a9817797b,false
ce68af3c4eb6321e,false
4aa11fdc3f11f29d,false
20163117525ca585,false
df84dc971aff16a0,false
3d5731716f9af772,false
4e84d37b3382b75d,false
44db192de845845e,false
e2b5e2e5f64cecb4,false
43f0324d88e2ddb0,false
2987960ab87757e7,false
623676e77b93bbc0,false
6453d9629f2eb1ee,true
cf66e41ef7a5d353,false
336712483571a62e,false
17153ca90c5151dd,false
4f4e4462b8d54503,false
62e0f21acaf76195,false
5802c77b7cf736a1,false
0dc6df3201f2621a,false
07863a0207979e05,false
64cc4c8011d1fab4,false
d3f8cd419e643d65,false
16568dacdd6d0ec7,false
d632b8971f5de8de,false
cb1645a0b08482f5,false
665efbd212a51b99,false
0f3e5200423c2ae7,false
09d6fe988bbb045e,false
4ffa52bcb5cd17bd,false
2243513ef3e05041,false
781ad63c131bf502,false
418cade656164a48,false
04d82d51eb40c3e7,false
603e7acb49131f93,false
0344bd412c127d6c,false
a9ea4b1d7ce342d5,false
02e87a0416c59128,false
3ab158347dea3eb1,true
2130477f461ea685,false
cf8345a6961c856c,true
1c093450682773af,true
e4113fcf6632b761,false
7b79c2d589d11ff5,false
609f0c7a3be4e354,false
8304a1996f9f551c,true
08cbc05f144a7113,false
7aee6be95b8d4a87,false
5742c87ab88c08a2,false
b26d837376f179a5,false
8225b93136d6bbb4,false
183a33d0aefd159b,false
c11ca0a1e46d4513,false
5a686535e45a424a,false
151746bf3d984469,false
6744d147a962d305,false
39277215bcc22a91,false
40d3481f58b73964,false
437e3cd750650799,false
1928cb29dc10c641,false
e1a1308c827a4afd,false
3483ab9de293dc77,false
184cc61f60e66200,false
6e82ecd1441c10dc,false
2e19e03159cebf25,false
9e90e6858d83a706,false
31d13b062ce33b81,false
1efe5173065e1d00,false
8574fdf5247152d3,false
5929f15c05bf8b97,false
6d59537794afdb56,false
66cf84751adcd627,false
4d0bd427210c2eac,false
8cbcb82531211a11,true
9c7899889ef59c29,true
0cabd33c5c53e8ed,false
68358f7798467d23,false
50315f52acd72637,false
56037cfe1af39b8c,false
386d767508d9a876,false
b3cc42ed17bd6399,false
46d25e59171813de,false
348173b852837742,false
6e3364f563214080,false
fcffc3daaa87ae11,true
717dffbe515d6626,true
d574645a00fa9943,true
79e0b5f732a5c9a7,false
5633a3b99cf3b2fa,false
7fde28d5fb4b667f,false
7fc6627d1e88e7b8,false
d3c4dd883515d000,false
af567580d0c99803,false
31107b0554fbbb11,false
030564730c6758f0,false
44b0adeaf38b1763,true
eb3775a83cf7932e,false
e86ec4a4777f1545,false
034003590f97f674,false
780282916f841a61,false
4c0ec46f4b6f991b,false
cdbab327d932a1ad,false
e0629a6d7575c8d9,false
3cd49ad1bd6405a2,false
c30bb9ff7175fecf,false
79dbc4ed2257f9f2,false
61c66de9ad2e123b,false
034ac84633db4155,false
70711edae4b947eb,false
2cb31d98fddd95d5,false
426decb2656e0e61,false
730131156e0699a2,false
6e21313ef37fbc40,false
a0c12076824dcbcc,false
685f46035f7aa66d,false
37599f2078137851,false
38e078a938310dfa,false
151d2d1bde72b28e,false
5b2428a0c42149af,false
bf0b3af54f9fa760,false
0d0795be06e91a77,false
a6d42883bbb29a5e,false
1c535b0841906501,false
00728abb4a881476,false
054beef33872d7e5,false
7ac08eada58cc140,false
4a7f70334cf04c2e,false
0ec538767ecdbf69,false
73bf9db49a931e48,false
ae3ad8b1e57b5675,false
1202c79fc3b070eb,false
02830a1abe1162f6,false
4f6b9905410e79dd,false
03fe98bf1d21bf5d,false
87f8b2b5f96685e4,false
78870b40e75d1fab,false
449be4cd01fc59d9,false
7d26ad409f3f8926,false
60e203ad60c4be98,true
3416784857c7f828,false
3a885dd76d2475cb,false
2b3a6719b05bb220,false
59e489c72df53294,false
1551b2979aba8367,false
c5d9d05146503a36,true
6f8909c8ad392eb5,false
3e3fb54b22e6cc62,false
58a295b26d579204,false
d483ad919ed06aed,false
508a8f03897fa314,false
185f9d553b0deb27,false
21e943ce99b1f968,false
18821988b24a928d,false
7fb8e0045bfeaf5e,false
5fa358ebd4f4ade7,false
ffe490c3e697588b,false
dd17687c7b7b1083,false
7879b75f5d8c28f4,true
38e33c4500b529e1,false
4a5e2b6f5e54a647,false
cae834fc293fe542,false
38b0a75d6ba5d6d9,false
3e59b3a1a6327806,false
a9478d1f452bb811,false
baac3e2dd402b6db,false
b94dc6c3ebf1bd39,false
1f1a4059e66f286e,false
0b5692b9fa487d58,false
e68cc0fc4ebd05f9,false
3e93791eb0966017,false
0c75c0bf13c3c817,false
8468208b0d29d284,true
05ce86bf40503675,false
65af5e90b70ea73f,false
6f274c892b202b1a,false
8285a1aaac77cfc0,true
22eb4116a98629d0,false
992b9d2f45b5bfee,false
75c7c3ace3de578e,false
efcecf9c957f5596,false
6df442e6c2ab683d,false
f1fbaf8a795bf15e,true
384b953ba2383bf6,false
3f4867e360d2cadf,false
d3aff07775ecaff7,false
917c4b0e83937890,false
03420e919f1b9d26,false
28ae5a1e37bc2ae2,false
5d810872b384f123,false
4d9c4ddc21c90023,false
74fb9af66d56a3da,false
41ffce6ae3291f7f,false
783648f070500e19,false
bd6bf636a472c197,false
4deeacb6551ca76a,false
71d3eed629bd057b,false
beb92a7df1ebfa67,true
01f433674ebaa770,false
60b3c2c7f5c8b754,false
09f6e1847671ad05,false
a686f98f8dbf44ab,false
51ae5c2e133dfd4b,false
3e3334fcb0fd5452,false
736db58a2c5c389a,false
368181ba5a680b6f,false
4e4f9026f6acb7de,false
7f44423e5ed3f6bc,false
7b35cc4f2e481fa0,false
ed1b7ce0f50407a0,false
fd20598fab5bb208,false
54c005c2a4becf07,true
2d0c02ed3f3d4752,false
2c1f9dd1bd3f9f5a,false
c6fd0d425083e90f,false
479a086f071c0497,false
5e2313571950e041,false
4074a8db626446a1,false
ebee3f6c6ce7358f,true
52d64e709ca3e94f,false
be57f89e55fcc884,false
13a7263e59cb5016,false
6b921f865cf244a1,false
9c329b3aad44a451,false
525283d43e219857,false
2fb394d64a205ff8,false
1f0dd22cfc96a2d6,false
205a72c42230b606,false
137b7b495f7441bb,false
3f3c21ba4e707d8f,false
3c61a6c5d56faf98,true
3e3348d6e635b494,false
777420f8441673cb,false
26eb6751ce10a9ac,false
6863006b5597803b,false
2ff5b726237b06db,true
33e59b4583d727b7,true
780224265e94f93a,false
4788897dca64eff8,false
fd61eebdbd653c89,false
7b2f3431b3e1ba23,false
ff2159d2ac93c010,true
03dc260ec5a4b635,false
9b625244e635aa1a,false
5b06a22e84415438,false
15037264ca4339ca,false
51395faeaa1d4dde,false
6c68cde4139953a3,false
42b1cd91d07a2a56,false
74ac24b54ba1d972,false
5a122d22c7c62080,false
65ed26a5cc38f11c,false
fdea57571ad28f6f,false
5762a7630da6dfdc,false
69448b5b591e9246,false
01ed344d433bb607,false
a66456f0d8dbd5a9,false
bf5be7e362356b20,true
05def779f6435899,false
4641c666bc2e618b,false
34f0c2828cf790e5,false
2deb4a8aa27115d6,false
71d429a8d8e4965d,false
5f1061068529c3f9,true
b47aa4133c744e1b,false
3aad84fd8546b059,false
17919ef78864be6b,false
479febfc0458e189,true
c28956b42f26913c,false
19c9e662969c852c,false
95eb2a57125bd631,false
c42860e8a2eb21c6,false
290d976f59872ad7,false
43a332004e9d5171,false
0f79ca27eefb60f7,false
20e055a9b2ae3b77,false
a85e98f3e0b264aa,false
20e004789f1aee3b,true
05ec11d9bc11df41,false
4671113ddaa085ba,false
5e3c283f770392ce,false
4b03a8e1afa89a03,false
62cc39430f802bda,false
2fb6d0676d131edf,false
46135bbb08f61747,false
0930399f2ee142e2,false
89e2ce98bb83816d,false
69d5fe75ffa5f4e3,false
1ed422c7c40a4aee,false
22e258ce6403b292,false
7209da17f3b7ce1c,false
79b7af576f3d75e6,false
75c10449834ead87,false
63f8153deecee76b,false
2a6115a7bc8941b1,true
69348da96a0efe48,false
4a358aca722a69ab,true
5affc6730b54e03a,false
02efc0579ab0161d,false
4f23bcfce8355016,false
e5602ed1744e746d,false
a61071875fb0f178,false
5a0c6f8d5c8724ad,false
d93dd56a7b0b31c4,false
36360f7285a9bfda,false
60d022ce5d18ae09,true
5044660e86c9b907,false
b8d0f675b72d4f9d,true
763d3846bd43fa91,false
77ebe395e9f5a115,true
e7edef7e51b1355b,false
6a48ce2123c60dd7,false
000c511c90ee2156,false
94206aba8c7be9a1,false
6eb617a179cefa00,false
3e28e6d7274aa8e3,true
3dc2297df27cb39e,false
5903a3a109a2e099,true
516ad56caa967185,false
663fa5af5a854bb1,false
4e9ea06eb318e24c,false
bb1b95e2e7d514ee,false
4e4bd287b0ad92e6,false
77ad92f80abe36e2,true
b5bd4dfb14fb8239,false
117409f6d2f853cd,false
343b1500ef500c3e,false
6b66bb2d03f89914,false
fee40dd1242e158d,true
41602460afa54da7,false
4a4909bcd2e684be,false
7f10c802c0cd21aa,false
1444d6889a9bcc0c,true
2e6c5b4e0e221ccb,false
427ca8581b39d780,false
4ca092b33d239883,true
87a8ce28c8817bd0,false
7685a762b3e3e212,false
53dac2b6173bcab7,false
36c503fc8b776302,false
f4114b309335129a,false
299f916178c37b60,false
429a9ad1b7829c49,false
371c5e0345a312cd,false
7f4eb2058d4bd080,false
b42554ff8e842be6,false
0fbecb0bc6b7081a,false
1420e9220740d042,true
0807aad9fe389707,false
024b64c7e4f5f448,false
cb550cd26a08b179,false
00dd5662d993bc03,false
3336ca321e1a8d4e,false
674ecacf10033589,false
7de57163077b0359,false
54d857be5cea4385,false
01095a685172740c,false
5d490c2394718f97,true
9b45b877d7849043,false
93924ac4493423d9,false
0e061266d3d4c652,false
6f7a8827f9ee28ff,false
2106d4afa570ecf8,false
4d576814d6ef6eb7,false
60220638269855ae,false
a2372ef35351b182,false
297867c445a76c77,false
34b1acaa18194183,false
22af67942d6cdf63,false
e2a43a62061c7690,true
dedf20699b0f4059,false
038adebb233f1234,false
1e22e6361ba40e4b,false
3625b3128f8e3a38,false
36a6cd88ebc1844d,false
871347ed9f5e4f9e,false
497d71c6bed5e23f,false
18e91bea18fc6d05,false
5594bafa40f0c305,false
5989161750688434,false
148003d91071cb7c,false
c8caf03a0e821271,false
22fe1d690e96cdb0,false
126c5144b725c7ff,false
9701dc72ba0786ee,false
3321ad0471169206,false
0e7479400303bb39,false
53479113d211fbe3,false
7e88f84d2f6cb089,false
8221dc03a8e8803d,false
2081afb603712fe2,false
4ea5cb48bed52713,false
29c13aad2e6c982a,false
362a7d0908a3eafa,false
03a5f30ddd460385,false
528b9859d337a6b1,false
1ac88d55f29c6d10,false
14cd084723cb2880,false
09fd0435001bb57a,false
0100ea9bf9663ff5,false
0167fc017a973799,false
03b7fcd048f9ca75,false
534132b8dfb6e8f8,false
46fbc90d9c695755,true
ffa5e968782087ed,false
efcaa6e1ae66dd8c,false
2673a0efa5e9f197,false
67040a66d3a81cb2,false
29f194d5e87215ae,false
20fab3f0464230ed,false
67b820f26ed46377,false
4176b5c6c36b16bb,false
13a7b3d6c21093a5,false
f190c1f5225cc264,false
73c4e5a355203fec,false
355f5e7abab49ffc,true
55f763fc51400353,false
3d7f10096ff0c665,false
171464d52ab2c905,false
5fe1dd0868c96a8b,false
253d33af8fa1db8f,false
66f6c96c1ac37496,false
640323c15fec2922,false
2f6fefe10e181d96,false
5ce985aa3e293fea,false
7bad63c7174e50b2,false
926417de63189dc3,false
28ce7783497bdb45,false
1b4f2ba549919c5c,true
9e502227b3a6252a,true
7622c947f39761c0,false
6e80813bb0ca3cae,false
b33da155f4b172d2,false
842941c3c2351f6c,false
6de3ef36702a35a5,false
09534a9d4cde09d9,false
611d711403c4a565,false
0fe978911e206414,true
640cb732a7ace51f,false
d9c5a48cb09e0c54,false
285d49de8e267ea4,false
67e55778dd13fe0f,false
707e566cfe8c0cfb,false
152c6e31414feb71,false
516fae98a05818b6,false
4fc10f89bc25c759,false
6bc81bc775ebb711,false
32571d75f0e1a586,false
4f7d4a0b3094e05c,false
7ba118be8ed4611f,false
f998b124e917cb12,false
83a3247ab25f42ce,true
69a6a62445f7e08e,false
ac8afdfd1bd265fe,true
524e94ad817f649a,false
fcddc9214976d979,false
6970f9cc92824b77,false
45faa62498815e86,false
69511573a47f141a,false
5a8cadea785c6db4,false
97e78d430aef985d,false
2426c2a6f943fe09,false
80c0f0b1cc35e4e1,false
91f3221a19d9aacf,true
366283b6cdcf9ff8,false
95e29d56aa2fe262,false
1dde9a7f00d72341,true
3431edf133eb0d3d,false
0374a70ec2ca9e53,false
3d279ae3cf9c0637,false
2281abf633c96dbf,true
ecffe49400a08a02,false
6944c4597e993bb4,false
68eb48115b584574,false
297bf4330d04b5d9,false
4c7fee4686341d08,false
05e9b97d709ba557,false
73666ee5a1525f30,false
2851726ad094c6f5,false
09c368b0bf10c8ad,false
423b697eb8a02adc,false
4e331a5ea7f85d14,false
5060b9122ac2474b,false
5602e8f895f7b8fd,false
645931242974d965,false
e35508b9af2cd41a,true
16a37d857ea399a7,false
7595355e9469daf7,false
7436df26c1e3f531,false
623bab53e979b1de,false
2b64846f83519722,false
54f0d17224cb947d,false
196607cc19e71002,false
6791b4194406aca3,false
833f9bd4bc944828,false
10cd20bee18a4619,false
100588a6f95ce065,false
c637a9837dddf0c5,false
5eccb1558fdb5ff6,false
658e08de68d7298b,false
3b56ff3372aa4f25,false
13d1b95218a7e306,false
118508410dc3867c,false
45e4ec5d91e1c2ce,false
541ad4003676c47c,false
5cd65cd61ba0212d,false
89609953895456d4,false
06e4b4b2463f70c9,true
666d88a598eed30f,false
1afd4ceb5bd4b1fc,false
73c8036cdf06ad8f,true
1c14bcfb03059b4a,false
7b9d7f97ce0008e1,true
57c7eb66c33d06ad,false
7fb544d4abb91949,false
7bb625af4acb71c9,false
12bb202cda727509,false
02d6cff466f97ff2,false
23099fb54220b32d,false
642cebcd8b50ecca,false
7977036ba3f39167,false
781c7c49f101b1a2,false
4d91f7d156cb3836,false
710cb5568beaf706,false
41df46f11792e4a6,false
5f813fba35f8ce15,false
32330d5cb735f1bd,false
ce019e3fc100d56e,false
5ae7559917df4c3d,true
496e88ebcce298a1,false
0ccdad8bb6993ce1,false
464d8391eaccda9a,false
6ed951c7c4a149f9,false
5daa64987375a7f1,false
19f132d948140b62,false
0c299fb1836f9d1b,false
77d1af049155c6ae,false
69cc4f983a075a7c,false
f629068f224edb94,false
4d157ddc335dfc2d,true
f32b128b1bce5d8f,false
2d7ef08f8c973fe0,false
3b036d86d0395ab9,true
c87609f12272e9c5,false
9f50ea1de4c16036,true
8dac91c29d3387fe,false
3918ef938cb37ee3,false
39254749ceeaecb2,false
6141906e49bdcad8,false
e0dfb0d624ca7212,false
5f093e6c26269077,false
59c73b74d309eba2,true
03dbdd7e4b3299c5,false
3d53563bacb44528,false
6295443aac241f57,false
b7676c9d08c56b5d,false
6ef81987f8ef1e9a,false
003530fa2f1950bf,false
00958eb65a9a8d4b,false
7670f7793f588b8d,false
b99df8caa9e27c8e,false
3c840b8a0f99ab09,false
e66d2857ab0d4e9f,false
76f0f1be35473c38,false
64acf3220001bade,false
55869e4fe33bd134,false
3844d07a3978ebe9,false
530d6eda1040bb98,false
29f3ad62e323cd40,false
59be480bebe9f39b,false
2b9f05c9bb6ea102,false
4b55348c56e611ab,false
3642bc9a25d31068,false
2921ecb2b7536977,false
764cc530db9c68e2,false
447360a570235a02,false
24756cf91d24faed,false
0b0866e2963ed1e5,false
47732ca1efd05cc3,false
1ad8f31dba3bf10e,false
4e303d6cd3a8f99f,false
3d58abdc68dd63dc,false
4bb84a8f14c4bd47,false
d525272163e0826e,false
0dbe0679f6c30f16,false
6f8365a09ca44590,false
2c3e69f81ea3857b,false
d76c299ad3f608c9,true
401301d5f0eb2af0,false
27d9e6909712d7b4,false
4b8fc8a1f2b0fb83,false
2a062e66bcc86c55,false
2377b179c580730f,true
41d9fa88341ab3de,false
17db69dcdb4a614a,false
2e0889c1e2e2d819,false
6d48a7cac0c01712,false
36d1efe2dee18d7b,false
3343ecca3061e902,false
52094b4e5bf144b1,false
45a448030ddb1b8e,true
16a092de3da15c81,false
499ff29d17af2248,false
88967b1aedbd7d08,false
7ea43f2fcf3f6801,false
fc38fc7622d9afac,false
2f0d005e54b2d83b,false
8f3a9bdc1f0a1dde,true
8eee7a93c9363f0d,false
4c86f8d789113736,true
98f8f6f7ee581bbb,false
325e008ca2ce0d4f,false
7705a272f1e518e8,false
64da9006c8eb4c78,false
45f720561c21295b,false
40f5f6cc3f594ea5,false
8c9293df72df7614,false
516dd24671debf38,false
956b5dfba368af33,false
c3f8508e16a53e4d,false
c41b16ae53a7e622,false
54fdfaaf1a63458c,false
4373f2c618a6f21c,false
0ac0096e696aa263,true
63d191b57876b824,false
5b2fcb39fdd8e008,false
380bf88f325bbb50,false
7f7bde951560355f,false
79b099a4cd21a375,false
337edd32777e2b51,false
5978cc99454f794d,false
57e6abafe884368a,false
efc96b6a793dc14d,false
fd2e0e05d3d69015,false
5e711f20e8974cb1,false
3669a393ac5a43b7,false
4e651be62594340a,false
019fb85ddd1b1dd2,false
cf65faa2bb002a84,false
589c1d8111223e67,false
6697dd09a58d6fe7,false
49d17debf5ca02a2,false
2c85f7df35245e53,false
00140d1325d4bcad,false
719e5a61a8b0485e,false
5cdbdc57d8e8e345,false
8bebf8123b3fc7fe,false
3145eca903fba104,false
b0f285d89723d5dc,true
7d5a63dc619c9f0e,false
88a12a8924bc9ac3,false
182e730a38bfee0c,false
318fddf8e9c37ead,false
08f585e343f4a6d4,false
0f3155696cfd302c,false
46c911e7e48f37e6,false
5cdf812ce1dcfb4d,true
5c634ae7545c2f08,false
139d7baa71e73c9d,false
6363296da4203bc6,false
2a75c19c3ce3dd11,false
4089660aaa91fd29,false
222cc732b2af2242,false
1962230759876fca,false
2030b2833abc5302,false
e60bb1196fa3759d,false
2377d544cd8fa538,false
0f5d76fe087f0f7f,false
6de2978b7d4794f8,false
26d4287805d31d7f,false
244027effbdd8858,false
6606ba6e136124e7,false
aa4fe4eb805b6939,false
2a1d5678bd0f7a99,true
70ea057ba0f8964e,false
3d769847c272bf12,false
70e4ffea4a841789,false
1f6652ac5695ccf5,false
47c96cb8e724d16e,true
1b2b735009ce6f95,true
64e52f717da16c3a,false
4a347bbfcf8f1c08,false
5658011bd93d2e38,false
664492fcf4db7d29,false
ec3647937cc184d7,false
453a65238044b9be,false
1c489bdedfa5b67b,true
1edf2a4b672e33ea,false
5dfd15e4d58bebf9,false
3c04fdf96546cbe3,false
7a42df2a98235d7c,false
67c92946f648135d,true
409693272531a05f,false
4a0eb01bd9e3ea70,false
37fb12412ae72087,false
2a54dbd4998a7965,false
4012d174881d102c,false
3f98249344335a83,false
381c5cc6b47c1d87,false
08527135ec3091e4,false
037afedc10c1e0f1,false
238306f6c1528389,false
171d51c094a83484,false
601ce69fd384cd87,false
102500159e76e40a,false
06c2edb777e80ad2,false
0683ed6ef8215f76,false
0d889ce54b982494,false
1e8e14cdf6f3c774,false
0dde6b7384e35922,false
be19fa84798480ed,false
70d734646167faef,false
64b864349a15183b,false
7790a5de5cf4cca8,false
56658cac626d0526,false
134d21f404c8f155,false
170a0c185eb0d966,false
65351b747bab892f,false
3f2fd2dcc0a053f0,false
0063d2d9aa4427e2,false
51aeb4c2a8f5a5b8,false
7a4cf76f703fad8c,false
a31818baab53775b,false
2d181c6c3692f31c,false
a52c1c35edc2fa49,false
4baa6ac551b7df69,false
183b772500ce1e73,false
24c98144e28f7b7b,false
382992a5018683c0,false
96cac672a4ac5f03,false
0ce66ae7d07644e4,true
c58cff22f60c9e69,false
b79471dc33bfdf97,false
d54bc950addb4269,true
a2874c4162c59819,true
259789a27fd75ee4,false
e0ce242c426c6a86,false
2800b7a30fcfd16d,false
624e5e45c6a294ae,false
54372a099aa8fa0d,false
7d0d749b6de86884,false
060c9861cc37f2ac,true
4458fd6d0ccd4619,false
40659dc22562004b,false
d40c932a49f9544a,false
5be476aeff703ee6,false
b7d89976407d6544,false
6dca2e16a4b45016,false
4307f3413143b1d9,true
3040c62e98a5d250,false
19aa6cbd45c26b2a,true
02bae31fa114f482,false
c99e7379274f6441,false
7f7d16eece4e97f6,false
f6b038a56fa9c3f9,false
cc99a3cff45c1bc8,true
759b6d3489254aeb,false
7be30ce497f27f0a,false
0673358189e86f7b,false
5461bf7ddd77800d,false
493b2a07c6c7922b,false
b72756a2f84d5b93,false
7a291fea946b47ee,false
47b7e3f5f27efd19,false
dd0536ff20bf5a72,true
39f4430daa4bcf68,false
1544aa63a43258bb,false
52c9d6fac5144a4b,false
3563c277eaa5d6f7,false
5a78d5e84cb85967,false
737e2cd70de7d71d,false
1ada56c5ab55e7c9,false
617ae7fd39f090f3,false
0c3ee08d0cbdb4c0,false
33e1f759f5f3cfde,false
7c1aba07b72fb461,true
24d98a743d4ae56b,false
63d14b6894a4c7c5,false
aa21365f323849b9,false
125d8a264bbfc528,false
319f056f5a5747c5,false
6b9f8eef5b37616a,false
d9491fdff4d55b65,false
5227032692184e41,false
5e5d156fe28f3061,false
6269cf5f0bfd197f,true
17e303da0469ed48,false
dabf6de0e6984b69,false
74841d2d8b862450,false
31f3f09a9ac0fb08,false
33a4efdd67d6bf01,false
c413fe37df939f94,false
2b45691b1b37c224,false
c03370dcdca4590e,false
333ef46d66adbfe3,false
5edae4bd3b319cc2,false
44748f4ab1a4fbf9,false
69fdb93229c98771,false
72bfca0b9f58abad,false
0391ad75b12ea539,true
28e79211abeb1194,false
1caf8dbdb528dd88,false
1ea378feccf9ae34,false
e53bbe36189f172b,false
46f3b24c83c2a98e,false
9d4d3950ddb61ed9,false
8604576a857ca9f5,false
21fb6968b3a344a1,false
bdd2f222adfd7096,false
7e9047169ffb36c7,false
04cce9f13e9c827f,true
4c4fb60b98142cf3,true
01ea74243861174c,false
644e64a6ee604a74,false
436a545c8f718388,false
6ca515c9beec72b5,false
00198e46ea00a25d,false
e47ecf892e28e729,false
24a83067bf815782,true
710dd211932ac964,false
1304ea240bd29895,false
4b3adabedf7016e7,false
223de0007274a41e,false
7dca8224fc2e559a,false
6189330f836ca4ee,false
d1a9a5ff355bc93d,false
fdab78bc124b40fa,false
4115e88f691473e7,true
4268f791fc02a8e0,false
60f0bfe462980d3e,false
568b73cd289b8d5e,false
d54d5f06cf5c8eab,false
259b7c9e6a2f4368,false
9eda6c4187a9e265,false
60363d05de010f2d,false
72248540e692070c,false
74ef17b224e082f3,false
59da8768466815f9,false
40b6e54f4c26f7ad,false
2c6c8f80bcdf806c,false
4495bd242227a625,false
79cd182a039031fb,false
402a933d9968f786,false
3be573b333f98bbd,false
865a303a04422622,false
3112b654f679b47a,false
80e864651f64753a,false
4ceaa170610f6ae1,false
acee1d00a314373e,false
6109aee527256472,false
2eafb17a5413e886,false
0307adb022528b1a,false
3b60ad4a1e395113,false
573005f4963920b5,false
3d91b4565b54fb3a,false
4b010f24a17f362e,false
24bc737d608ba84e,false
b0ebc61436d420f7,false
29457b729073619c,false
3e1ce02bdde54dda,true
069e132abfd89641,false
0bc06eba293d3b49,true
1f8b36b0113a14dd,false
6e233658b5939020,false
d9aa55fc0a7b8839,false
770668a3e2e74e6c,false
755a4f8c3ab82c3f,false
574a08b575364f1f,false
757f1c289fa2e3bc,false
7a91a59299d92b46,false
7c607eb7dd6bd1f6,false
4f047467bb1008f4,false
10e1e1fa69f18fb9,false
3834fbf1166a5705,false
3420687609bf06a6,false
49587b76568468a8,false
3c4e7e513c3c249c,true
36c6141fa6affbc9,false
a7eb0f23159f2c0a,false
5e33d14f1b9e5e5d,false
78b31c2451efa9b6,false
4524a0fa0659f98d,false
2276fd35e801d19e,false
632b7a20d18bbd5c,false
31430a1b81c38eef,false
e225de44ea1026d8,false
1991d127470743f1,false
22ed666d42d1d491,false
6f110a75d0714b1c,false
30ae64f58797c1e1,false
28236e1a0b93d6d6,false
1a1ec4a5ff94704a,false
3366d5b2dd3449c4,false
c2a2084c8ea368e9,false
afb8dba1bbad1082,false
7102cb63cb93b571,false
531c989719b7980e,false
60130bee34b0f163,false
1fe9f66f2d6f74d3,false
6b34d118f3615281,false
8d352b188f9c5987,false
5e5cdee2c0ef604e,false
ffab23581dc5bc1c,false
56288136de53aa8e,false
5837fa00b55ca3d5,false
2e0ac556273442a9,false
0ecf128022c12eee,false
604d11c1757c9979,false
790553ca9f62ab15,false
7c9f7b6f886e7fb2,false
212d8e2262a964b5,false
5663ca4e96b549cd,false
80f29bd85879697a,true
650dabba1e47e984,false
591e322e881bd8fb,false
776ab5940d619359,false
6c36e77aa95159c0,false
6ef5da2f3609c84b,false
ece8b635b157a6ac,false
00733699ea9b3742,false
3eee09671e44c133,true
ca1f04ec00eabb87,false
6f0f01cb26798305,false
838e71b530343adb,false
46ce9cb717636cf6,false
2cb075b19c8145af,false
4898a206b1511a72,false
12381ff7f83640c4,false
7d35b32971e3089b,false
45f9d476e8430279,false
9cff869e85a1d27d,false
16cab329dd11885e,false
1d712db00259ea8e,false
0ea5a8e9815b0270,false
528a040c97967617,false
2397dbdf74080799,false
c67a9310db041ec4,true
14287a93001a1c05,false
52d748b59ae4419e,false
49774373eb44cd59,false
7ea0136c98969e37,false
1a348e6908a7ebfe,false
12db44f61face223,false
1d520aa3038b39b2,false
7d1f9b653c1bd27f,false
d87bf753789dca52,false
4e9f957118d0a890,false
0675559bea089179,false
d45ed6abb3eacee1,false
5576ac044a972a9e,false
211c68b7f6ffc693,false
53c4ec20c0624977,false
ccaee2494d2b20d1,true
38c95a5ec6241934,false
0a34ba23788c3385,false
6d9b75c7d1e1f5ed,false
2cc06e25c84a2417,false
3a8a48eaf50ec2c6,true
010cfcdceff53261,false
4e1e3cfa48235469,false
549fae44bab408eb,false
7bd892154d9581e7,false
b6cecd6b349f7702,false
9a8a7073337a3844,false
1c930e06d4901359,false
7da893b25252ee01,false
5da91e9d2eaba008,true
950982a95e4f09d2,true
70617aa5fc4a867e,true
fe1e964e3258c4fc,false
2508cb16abef3dab,false
e0c3ff622695dfae,false
655d75acbac97879,false
9d948164f7ebb7b6,true
4841427e5ad51171,false
ceb576c13ab9b0a1,false
09ca3c5326d6b9ec,false
b9129a1adb14e4a5,false
d0aa8849bff2c390,false
36067d23309638d1,false
1c400d4409a193f6,false
6e066bbb40fc31c9,false
2a3eb04655e9cb1f,false
404330a9e881438d,false
3776d68eb334ca34,false
83d193aa06aec9ec,false
2aa99552fe647617,false
b4f3f6f764040b9d,false
47177bfa127d479f,false
543e5f6a0ad9c98e,false
c071cd203691a431,true
30d5be6084b7d155,false
49a66a6af7f0abef,false
66b5f0c6c9e4138e,false
55c820d4f14760fa,false
096dd67badd87331,false
df4b98ecf8317386,false
34aac3654063700c,false
29ef57daa80ed771,false
91062c9b708f9394,false
98f05aa9e6b3b218,true
e68bb14dc2d18fe7,false
2f2c26e3641f57d3,false
fb1a4c9f483046eb,false
12f691bed8de9fcb,false
4b7f471d7c8f2033,false
075eeebb61c8f34e,false
59dd723d95ec87a0,false
283b71705258af9f,false
7fe90db2ddd6949c,false
498d1a6634045d75,false
a854988c9ad1344e,false
2701d4f0c79f753f,false
207323332d063eb0,false
60e0d4c208130420,false
75320637233100bf,false
41f17543f15c685b,true
649ae8198c880c68,true
7b9f05833616a9a0,true
3172f779f5854fb4,false
f27d83be93bfe7fd,false
277d5864901d5a14,false
3fe8b224aedeb6dc,false
67dee8f43101c3c7,false
136406ce55034f3d,false
3a1e794418396b30,false
04676317d2b525bc,false
1d9ed34416b2b752,false
e5e6af42ccf05a15,false
1667a9dc83a0dcff,false
5dd7ca101eabdda2,false
1611a0d48bad8c14,false
5454894fb97a7789,false
757de81cc82df806,false
44a6dbf586fe67a9,false
7b890ce5bd40f4e3,false
3ce0b14c5e71173c,false
44573387558e8a1a,false
05803782f3bf68bd,false
2f6e5f0bf6effe6f,false
0043514463af8fe7,false
75280d4a9757a056,true
a53ec34d9228fd8d,false
7b67aef5166e4b5a,false
ab3da3f56c680660,false
fdb162a749475ea3,false
29a42c7bd4f5a4f4,false
5a0ac8c8d6813486,false
cba8ef2c017687f0,true
126314d05d82764e,false
743587e212e8653e,false
1151749ad59ad11c,false
74c6ccdae3b75ce5,false
98173acfe6ed686e,true
49ac1ddb6f8937e5,false
5aa9b02612407623,false
c9619ab4827dfd90,false
68b6e7b3a9e124fc,false
1fc2654fa76fe0d0,false
27b9ede1baf6a06d,false
617806503da1ab26,false
05947cba855e4c26,false
5ae5724b1ca5bf0a,false
2b541be473c95210,false
9e538946305481e2,false
4bbbf11309583700,false
67f205e07bdf1acf,false
77a7e34c2971d25b,false
44234eba152ee981,false
5f62d1b3110fd9d6,true
2364c415dc92e05e,false
7698cd9c1973f663,false
39d6b7706f90107d,false
13c05efbd0892dbb,false
ceec12de45ed41ee,true
a9db7b35b856d2e9,false
097cbfcd374a2f5b,false
65974bf9d53a226d,false
cde0cf1f3eaf3db3,false
e537683bdc5bf4e2,false
f2158f8687f61d4f,false
539f2b799d100f42,false
67abd2e036f4fc03,true
105e0f961362af94,false
6481fde5d6f57ef3,false
0cc7d3aa5d3cd82b,false
34124e54837657de,false
121c70d7bde89290,true
8efb80c867cd4a22,true
255e574c610998c8,false
3d4c34b9c66c5f1c,false
32fd30ef3443f582,false
1bb96a7f67bb63cf,false
b6e2c24e0bdd9288,false
c2c7b854bf5ac06d,false
9fc0b37a9dc6adcc,false
418a6a843a2d8f12,false
10ede6397b48e1c1,false
65497532121b052f,false
03206e31f03826b6,false
a214e767afa30441,false
6056a56c3626cc54,true
ae1050dbf7eecb75,false
0f90ffc556646d31,false
dff41703ec9bb834,false
5ecc9ccf98e3c263,false
da9ab7d9c37928fb,false
533c677a3b2abb5e,false
2018c9be41340189,true
75eceb9905ab0a94,false
180f569b0e462197,false
48096d39891b9c8b,false
21f28f77e7732100,false
263c0dab679f36bc,false
2cead70e937346eb,false
6b263b4e0617e7a2,false
1b33a64b1104dd0e,false
504b477ae05e2028,false
0649526ad9f4bc44,false
6d7c777584266dad,false
195bda363757e787,false
773ef26abc914f71,false
0d97c60bc0648b5e,false
7d5393089b631a70,false
0b6f78704e9cba39,true
02cc42a9ff4d0cb7,false
3477dd056c02360a,false
42a16b45a7010e54,false
f71e91d8a88f5d65,false
476053c71c89a95a,false
1e12ac44bef471a4,false
7bca682d7f135ad0,false
2fcbeec60cc8bfb4,false
1a33c8d9f5a52c2d,false
c8b9c3e0a31502b0,false
4775e92075e5adfe,false
69aab934ec796c01,false
2a00e0dd4e8f3175,false
3bea8cf147123b28,false
4459775e5e1f463c,false
18ba1cfee3c7e2c0,true
028c60fc215b5fa3,false
af571a7ffed87d7c,false
415c8e70e1842a16,false
2a293d5864db8975,false
d3a74c15bbfc7670,true
1e8e43f8387613e0,false
0822cb6758095769,false
966c3e3f387d94e0,false
3425368043ade2fa,true
21b46dcb4bbdbad1,false
1aad20b06b3ef7d7,false
3444b86d12519dfc,false
23a6a8366addb01b,false
73f08ae27bf6de25,false
47ca464d363d458c,false
4b044ac77b92a529,false
13ba5ebca719798e,false
7e4aa1e030adc03b,false
46d7731179235811,false
fa421159cb212f36,false
16a43a000b9c06a8,false
053efaff43f8f491,true
6c1b31f9fb79cf34,false
5707585b6ef37660,false
531fd5edc9f5d45f,false
15e51ed41cc38a31,false
106364310b2fd4b2,false
d0f8bcc515f62881,false
0e752e20187eba12,false
4879bdd163de6f0f,false
ab3bcb30ce7578b4,false
3bf432a192a69581,false
359a3c7e007e4ac7,false
2fcd3438c257b280,false
61e4723ecfe0752e,false
847e0853f2fdf4c1,false
61eaf148181044b1,false
1a242794e4e52e54,false
283135cb30a78017,false
bdafda4e4b7cc0d0,false
a8031cead971a245,true
7da451ce9b29ba9d,false
a8028088791c2171,false
76903a261ad640f2,false
8e5938efa5d05341,false
06aecbe9674bae97,false
163f829a9bd4d84c,false
1c7718b668334b23,false
28fb52a1c8ab56f8,false
5175316effb80b60,false
3b9e9c229a43923a,false
03c07a36badd18b7,false
6bb9de8c72f19dbc,true
f4b4cb749ff09e04,false
2e3e0c1800c16b61,false
5bb742d2462395ef,false
229327c58a72e20a,false
39274fab0a3d181a,false
4c27bc3e68192b2d,false
6580c513cff7c019,false
07d20cf0e0219b5d,true
4145a2db4d6556c3,false
714d13375401c93e,false
a492cc78f9a51a03,false
4be6fdca05ffdd39,false
6c8a68a728dafeb4,false
6357ca8cd3ff8b1d,false
a71ba83b99d59cd3,false
4f33c94296248330,false
2df7762f6873ce1f,true
62b37e29234d316d,false
7ad43beec3e0024e,false
7edb90fd7cda49ef,false
a9c6742df0557e86,false
56edd30c4b2d43f2,false
45467528fb912168,false
9681eb7a79a337d1,false
4db0aee403267739,false
319ffe04352afe4c,false
88334d3b96370e06,false
f9343dbfec2b8e95,false
4871ded7c4b34195,false
38c9444403732f48,false
4f141c33f1322b3f,false
4f31bbc053244105,false
334dd724a0455208,false
0fa1eb3b9d0edcea,false
68ef1d4278372cb7,false
1999f1b06155ea90,false
18522257375904ce,false
c0c7c34a44c161e5,false
4565d52e3a9b4244,false
4faff90001c9d5d8,false
7842287f69fb314b,false
611092bd79735f8b,false
6594cac327471b10,false
206417ee6483fb63,false
392e5a781248b98a,false
3cbd2a6d82628132,false
6a4ecb9dc37ab138,false
59f2a6665028a8af,false
701abc97746763aa,false
33283ab229f46ca1,false
2054bcb230597ad1,false
a937ef8bcf5d18d3,false
798da7c06bb14974,false
7384c9a64b9f4600,false
7d5ba55f6140417f,false
4e353ad94c5be446,false
6c5a0a0f3e741725,false
20082c5090f3bdc4,false
61e39e0ff957fbfb,false
6b61ac27df7aaaac,false
7f5c5beb377fb8ef,false
2ddb3c353784fb71,false
672bbea480230a83,false
3eda40eb7fa66a85,false
30e99ab89c83f5e3,false
16fc7d7478c227a0,false
1dc5781737a2e3fa,false
35d0d9c91aaebd85,false
0e4ebcb6b1923204,false
216196b5c0cefd37,false
7879b65400566f05,false
3dacb4c7c891121e,false
6f932ce806c18aae,false
0f58bd178b1db035,false
575f960a805beacf,true
f7fa31865efa2892,true
78c1cf0005eddd47,false
881fc15f0f321c03,false
e5291031819f29b8,false
3346af19c221c728,false
a97130139553efd0,true
0c7b95bd1309a13f,false
1e12485636a22468,false
6ddb533d1cf27708,false
71c4ce5a7842f0e6,false
4c906a6b163d1805,false
1840063aa8499fee,false
6ce84fb7c6dde569,true
4bf59741447be352,false
68e5759ec8fdebce,false
e0973e2cce68ca93,false
6326eaf126018b11,false
1bec19fadcf643c0,false
8e1cd219cfb21337,false
70efa83c6b8d46de,false
0fd5d1694870bced,false
7a5d925177d6db67,false
6ba8b1fd1a910f49,false
6f57fdb459d6a010,false
e04a6e25e72d1592,true
0e9a6c4e3270a41f,false
4486af9ef7cbcaa6,false
72717ce019681101,false
1119db4863caeeb4,false
3c210dd5902f209f,false
368772bca015e08c,false
1555c5ac12887809,false
7a468f70b2ab16bf,false
050b40ab06fe2556,false
37595f1c010b56c0,false
63939b680ff6212c,false
378a87a0c8248766,false
01716baeb793d05d,false
0d9e9d1e1b094d07,false
18a8a3c28ff8443a,false
4ef693ae9b91bf91,false
23dd7c06027dd102,false
bfb211d14b1cc544,false
73a90fab74a426fb,false
53da879e4eccf316,false
67a21951a3d20941,false
290ef85b15f79447,false
04df7e7fba91ee93,false
25b4748646286b0f,false
d1b15644ce6f99b5,false
1f3a5b8fb5b08eae,false
4fe9322be3b0b4a8,false
6f191d0dc29d5080,false
60f5893b3b9f9300,false
00a5ef35be56efdc,false
4c70eb340d27d45f,false
386d2fc67d529b31,false
7eca16150b82615d,false
b32be1745941cdf4,false
13ca0f5f3debbd2d,false
173c12b06a61dec5,false
4d2d504169bc2a60,false
e03fbe0da1c0b289,false
51a2cea6cda2c39d,false
27a762cb250dc989,false
543f5175f0631669,false
7c1fd868ad0128bc,false
61c3cc258b912dc3,false
45d792a83cd7d7af,false
626a3557a845ed49,false
1596aa3c55e2ead6,false
751caf5823d032a7,false
58dc158ce7deda1f,false
245e709704be2b6e,false
1c848d47cadf10c9,false
5ff2ab7b19fe43bb,false
63f713e715eb47cd,false
990d9dc088c490c4,false
1212031ce97e0422,false
0aae471b4ccb71ac,false
11ff7c9851dc82b1,false
7981e34c55d97f52,false
1290784ec639ed48,false
f38ae1380973c320,false
1a2f7a012a736076,false
694dce39ae74ddbf,false
0f86d0e3fd12369a,false
7fc53397d7d66af0,false
68e66882bd5bd9b2,false
48c24b8912881ea1,false
7682811e8328f734,false
36e2dac43aad4f1f,false
4b7575cef891fadb,false
0398e05ee9c77a85,false
774592ba27e8f4c9,false
0e73b27451699a67,false
a1c3bee9e6edfb9d,false
5473f2cdeaac4ae9,false
37b18232ce6a5a2f,false
9274289e6f2aef86,false
6ce7834ccaeaa43c,true
188c3e918ed5cff0,false
54bfa096773c4a44,false
26dfdf946c5cf8de,false
1e466368b35997c5,false
30d9d1ec4d1e43c5,false
89100c9f62b3f693,false
de7b9b135d1fb8b8,false
7d7081af76f25e76,false
62401480477f2c31,true
52e97af139edcd4c,false
34e14b0fdf9c3241,false
798f280bd9f1a673,false
64a08cbe26d7d85c,true
6cdc0b424376549e,false
1e25f7f5a6ea2432,false
58052f75eca6787b,false
674072f8f15844d7,false
4fd84f151a1f5c46,false
65af63a4efe76c0e,false
638edbda441f6c73,false
3e497fcd74536c4b,false
20e60117dfbb3f42,false
e2d74586f40e9608,false
cbcdafa0972c6b61,false
4d5e4642c10c0df6,false
3e9c12f1e7429db2,false
0d40fba65a85d808,false
bc37560aa8530922,false
8cd969db0d051af1,false
6742eb457fce6382,false
341a866639a71877,true
6d55d43115a3cd18,false
9d96543503431e97,false
180e05cc084be5ca,false
e7479579a1e17f0b,true
383067589d6c411e,false
0fdc7505d3cb5e2c,false
1c14fe979b64b44d,false
41088b0933e4ed90,false
42e417205d19cff0,false
756d4d5f61f56497,false
47c7394d1b773298,false
25dcc92003854ba8,false
68abb49e78b0cdcd,false
badf95e8fcba0cda,false
d54f8e823589cda7,false
2ee41a61a2d449a5,false
2bb752f8ba8db402,false
6da98310d6e29d35,false
170ea150d4df5e54,false
ca3feff0fad23f06,false
17add2c47868d9b5,false
eff6d61a679f969d,false
1483c9edc7e2fcad,true
012e1d8b2e4ea53f,false
7070e219ca40e6be,false
d72327c59f853dbf,false
38049caf32e8b107,false
2b0e66a5a3e51e5e,false
99b15dc12bf0333e,false
7ef643111b711b87,false
d5e48087e230227b,false
4794a32b4185a14a,false
28a3701eafacdb49,false
1e8526095af28c59,false
51e92dbee99e825a,false
67a7ceeb7aba7c1b,false
cf635da9b9b4f7c5,true
3583fc84fd7f502e,false
5815e5913076869d,false
64e0ef06e8b20bdd,false
31369b44a46ce5da,false
3c08fd423cdf663f,false
3693b2464a1e3b22,false
8486e9ec317f3b34,false
67e2266f8d94ef0b,false
5ecf012dacf6ee7b,false
d4ac073d29a28d19,false
51ff561c0fb656e0,false
32879f6a9dfc1640,false
15283d4be19acea2,false
589cf05a179cbcfa,false
707a95b55438a907,false
24f5972468a677e0,false
8db6aa6d626b5f6d,false
08d0d1a945f9e189,false
186a8638ddb8ab7f,false
3b539d68c7a0c5d5,true
7fe2a72c03fbe3d9,false
6cfc476ac857a245,false
5d294027a3d4dcca,false
b36f08430c3a4907,false
c72773047a03af2d,false
0329753519585072,false
665ec97a2e5db6d8,false
52ff4023253c57da,false
760aa4e2d3ea0d92,false
49947cea923c7c1c,false
3f52d2176f69b1f1,false
7fc4272b31d4b597,false
45dc19b82d1b4d1c,false
0ac6562a8d28bf5d,false
5f2887ae9b96a5aa,false
58a43a05e6a09c27,false
211b603bf9754e15,false
38b2e7beea37359a,false
2f6ed696d4eeaf99,false
8328af3f185525db,true
af64801367ddf5f7,true
c80d1950b2155293,false
8ee88821a7d0057c,false
481b7e32526c70b4,false
64cf06d5a4b89038,true
2d9e6e183454e65e,false
a030d75a50ecb07a,false
752bd89e6c3fd85a,false
789f06fbabdfa953,false
17f22ca99eb69c3c,false
3801f6c326ac4c22,true
50b1dc33444cf144,false
205ef8a0a69a7e9b,false
2b356f6288d945ec,false
53302e68f88e79c6,false
72f0e70188108dc1,false
08c744312b43833e,false
15016c55b6dfa044,false
165b662f531ebdbf,false
71c09a9b38591646,false
6c9fce187b32a334,false
3d9b54f67cd17822,false
3c2cca1d18ba6f87,false
de66be5d628aa90f,false
0ce02af9c6c53c6e,false
62e9895604d1c5de,false
422429df586279fa,false
bff30b0ea4240756,false
2e9bacf35c244653,false
de222426d1bea75d,false
1617ee5011dfdfaf,false
5ecd6052d7266019,false
3ceb6d1035199fab,false
0d4a3b8ad9559687,false
a0bdb13afd0ff39f,false
47408952a58ffdaa,false
2aa5fefff4855d39,false
48a0e80725585074,false
2f1a1aa421d83b5f,false
27e783e32b5f80ed,false
f7385f5328d72039,false
6d5b58ad12deb08b,false
5348d3f3a5f8048d,false
7f0fe3f139e429aa,false
eb17264f89bf868a,false
59ae4d860d5654b3,false
2babd6d2440253e1,true
a4a8faa2d70856ea,true
e1d6a6091cee7e49,true
672c51cd419cf4f0,true
00f8e36bb219ec56,false
331487b135e2dd2c,false
0edf574a20e603f0,true
3eff5398d8417278,false
203b13c0f4d79bd7,false
2283560e7276d548,false
4b770481ccd5b281,false
0d917cb09a3546da,false
747ea3a9cd6c3993,false
5f927783439478c2,false
24895d7ed1406aaf,false
c22413b2a074377a,false
b0960c1188579514,false
6b2e4bac743eccea,false
65b29c669dbf7e71,false
7aa8c780d11119c8,false
69e9318f0a933015,false
59026eb1587bb338,false
5b03cba4ff7bb66c,false
cbab3852de80d558,true
e80ebbad17b1e742,true
28df9b723a8919a3,false
73218e91d5f8fee5,false
749d49298944a298,false
214c8fbbc45c0e7c,true
cdbe86739ebf90a5,false
3da1acbae999f087,false
5f10a07f216088d8,false
5df197bd494f3960,false
2537603f3164e209,false
25c2d2c97cf30ac6,true
dc07e06744d2930e,false
5576f0373c98b0c4,false
1db91b2f035a79c5,false
5f736d05bfcb8e2f,false
33f68ea9e636bf06,true
465859f9e628e138,false
26981de1bf02c2ad,false
0cdbcc4db902edcb,false
3ba1d818981e3416,false
08b06988884212cb,false
613bd2b5b6d8b5f6,false
179cd665bb13f1e3,false
19f5b9b9cbf4a112,false
096b95375c356de2,false
53defdcf8051375a,false
5f73f88f7d614786,false
60a5d4b030af8344,true
19f690b5a4ea57a0,false
40e6f3e0548f5c3c,false
604b8546d1ba073b,false
44d843539af49e0f,false
c729d39e461762e4,false
4de7d3774f9cf008,true
257d4dad0dc982c3,false
6d61a4f1fe83061c,false
3bc48dee984a0c7a,false
651d9f8a3ea9acef,false
55cb0bbb3de9b604,false
27f86f987319161c,false
32b5ef3c59608ca7,false
40714e23fd574775,false
3aced07d3d1369cc,false
a24b421fab13e882,false
ace68699cfbc9e02,false
344268ac6ca48814,true
4db37a91c059ed14,false
308d2db43bb2e812,false
19f768ee9e19b347,false
64f505e0c97a22a6,true
3d0105a4922f79e5,false
fa2976075e507b71,false
d1f7ec982efebaf3,false
676af09a6aae79fb,false
24ed11d8d8508f88,false
1e8ae1ba797fb1ba,false
540249ab7a59f184,false
592f09e75ce08f5b,false
5f247d7e244ac465,false
8b215d7e3ca38b00,false
d649e34a558e5c57,false
48b6d3dcfa298db8,false
6a8b38739b8539af,false
5d730c01a4adfa1a,false
af87e9b9a892667e,false
36244b939ac51366,false
6f0835275a4b7150,false
66f5ddbe88f2b855,false
4319ae797e63f737,false
76266f4ebe9da058,false
5834e2da5a26edf5,false
10c23996a57df373,false
59443c8bcd31e28f,false
43017e4ea222c697,false
2b6e07a4cd43e8dd,false
7ef3875ace91264b,false
1d70714321601a8f,false
43e91c42f73cb59b,false
676c8fb1b01f0468,false
54389e97a1933b9e,false
449a806a5bae8dcf,false
299e5c1e76cb8779,false
1aadc2f045eeb2f0,false
86b6f507b6cb3795,false
37ab154036baf9eb,false
7ca83477d7bb1e51,false
29d145469fe37c87,true
2559570dbf31ebc1,false
163cfe7779978fdc,false
e99fa4a9950b2f15,true
4e5fb7461bc80369,false
268f6ef282433afa,false
2ea085556c2e8e5c,false
22f1994574efc8cf,false
76ed3e0e30024f2f,false
58472768e0db327b,false
2496fd75d65b2eed,false
3b91c4844529bcb6,false
784c553e868ca493,false
72caeba7aac0dde8,false
35d5e54ddb66da7e,false
2ed15c5bd564faaa,false
34777ddaa77d69bb,false
3b9748142cc0ad83,false
0c3f84b62d950fc4,false
3e943049b1b9b262,false
64adcfe592613830,false
3fc3039555f8bfcd,false
580fd7f3ec6fab79,false
cc836bcb139e7d96,true
d3f050291d63e22f,false
263fb82a582794d7,false
727a71a449e6fef2,false
6764598bd11cd593,false
5d75162b25a6f43f,false
2e523c8caed0fad0,false
9aa42328ea46c48e,false
0d6732738158dab5,false
27d97d5eb17b4a95,false
381d95e655bc92e0,false
1ef7f3110adbc9d8,false
83fff98150ddff27,false
1542976d9aaf965c,false
93daa18ba5a94c42,true
530a6914b1de271e,false
d7d2c10c44c240a6,false
41995c3e8386400c,false
1d79ca92881f2204,false
102bd1e3ada180c2,false
fda1c89f42cf8e79,false
289e1d21cf106f48,false
26e864ab40017e17,false
238c98cdd0e9b8b7,false
069bdef3bcfef97b,false
0a9047d39764394c,false
0f92864def385edb,false
d3cb8852085abb55,false
08ccd11449e0db6a,false
6bfda53993ef5805,false
4a54e8dd7bd13ec4,false
71c7546e1f7a794d,false
77525aa41880117c,false
4af73f04b5542c3f,true
65b6f0d0f0cbed97,false
7080c5910508e3d0,false
44126efc00fd6703,false
2bad7a0de4cba665,false
00496da43edabb2f,true
560da2d5335ccee1,true
f6238b12d6b0c35d,false
c0514ecbe6687284,false
4179d358492b3d8d,false
7ca8e508c4f1f16d,false
5275b7fb0937552f,false
73a72f846a941970,false
299c50e7920b283a,false
2795a461f6da22b9,false
3f4bf5b65da94ae5,true
1d4aaf72d180965b,false
39f60cb0973cb95f,false
73444bc59ce03f12,false
38f46286161b6b94,false
c3d3243e5f40d324,false
62c18392534a697c,false
694b5ca6f58811c4,false
78fb76f47f568270,false
79e509a74f7c59e9,false
7617b3f6cdad75fc,false
138fd3efae49aa88,false
a5d5c63319dc5fd7,true
b2ef067c299a0f51,false
3fd13dde3d641037,true
0c5fd094a1de334a,false
e20088fc29bce505,true
4d05d4e1e227a3b3,false
447330ee5216fba3,false
fc2bf4e3cbdadded,false
44df42d80d0fb88e,false
11f6266abdcbd5b1,false
791d113f2b409a03,false
493ce8697b83bad7,true
2ae425f3ad55681e,false
62ad055ea2820185,false
636387ecf49b2249,false
02197d97cd27c8c2,false
094bc4796af53359,false
2f57c9f7fc3b1d84,false
e4993f22f0553ac8,false
67ed9355fa0658f1,false
060ffb5d0404f0a2,false
0df06d74f6003a59,false
7987966630e7330a,false
5b738220efd36b09,false
4801a5c1f5592876,false
2cd5bd9a7ae47594,true
52900c9b6191fb5e,false
41f0314ef65cc8b5,false
3a4fc38287b62444,false
2fc894b6e77e2e1a,true
76e5ce511f0813bd,false
6edcf0ecea60cc4c,false
a3f9d9a726977dfc,false
4e6edfbfc2585a33,false
68812fe8b6742394,false
cd76193fea7c4541,true
047b2a263e34a867,false
72850571a06bd58b,false
313c92f52983a9cc,false
25af121840dece85,false
2522300300ae3075,false
6621abf3bf72ff01,false
6e23254433f6ed40,false
9e6d384cfa0363a0,false
84e5138c264c9c26,false
fb0e8570eea77a74,false
ae9899edb6fcb542,false
3caf173ef44f67c6,false
7b5c00543ff31e9c,false
29aa52b393de1d36,false
2f0b5ec0589a00a0,false
70f130c65b9fe6c5,false
350e10344a547223,false
20d2682960a06ad0,false
611cdb29b9c5fa79,false
efc4ab7e98e2c9e6,false
5b842e25d49d8c46,false
01ed29e96c4a0ef9,false
34b98eb565c70908,false
2849f81d9a1a1df4,false
83f5c243ae3b77ff,false
6e436e7906482116,false
a0fd3ef894fa1b24,false
70235489bc1fc7d5,false
062711e6951bdca1,false
4a685fda3a2b8b19,true
191c494f75c38752,false
6b035e6e976e245f,true
4b9beb3da0c1fbee,false
c1bd53bc0f5b4190,false
65cd8a18fe844b80,false
79a3dae7d48e84a5,false
73f9ccb0ba94cf01,true
73526ac34a487807,false
69ce9d5a11d5483c,false
4941592e3912d92b,false
59b15067c6cf6e59,false
6ff0a1a41a2e7806,false
2497788cdffbc722,false
7b5e195571d8f6cc,false
de125700e4737d3f,false
68295ca0ca8a9049,false
1c2945bcd4146a14,false
08203f10fe0cf7bd,false
01b59b256029b7b7,false
77b011730978e3a4,false
3b5dad379f3b6737,true
0846813c6750ed9b,false
5072f5bcb9bbcae8,false
53568177d43ed31e,false
60e8a73ada07973e,false
5c1c9f083b7bc12b,false
39cdb77c19ad22c7,false
76a54ea97c5258a8,false
442f09c1e23c1d3d,false
59bd6cd0f9e7f6cb,false
353c56ea2d92d570,false
649415cd307e2bec,false
38e9e13c8549dbee,false
133fb2bbf791e77e,false
21a023d891231f28,false
7e1c83b50ce0b45e,false
2eced0969ef4bbc9,false
4ab52d30311f05fa,false
17ff8869d72f8a5c,false
b061e81718ddfbf0,false
a83884db718dd5f7,false
b4084c2cbdf3f5b6,false
b5b6ed3ce75f8a01,false
74abafb213a80247,false
313dd2966679d8e7,false
bdc9b72f8b58f323,false
65b4d98b9223f041,false
0d7a6650156b98ea,false
58971eef124bf649,false
1e2aa7774f7a35bb,false
194639011d646ed3,false
be0e2a99878569a7,false
429ccd74a2c8bab7,false
4b5ab04f380c4363,false
1f1b0cac4dbc437c,false
576764810ee30f27,false
41f7314ea5914ed7,false
5c19f831cd7bd77a,true
eff82e1fbd27cb03,false
2bdc47a9817c5679,false
f3f8d5bb1743cfaf,false
5ef4ea84618767a0,false
c3762a40bf2b40c7,false
05745ad725c57bac,false
2fcf30fc45dc9128,false
4046614efad9864b,false
40336cfcd98db264,false
60cee7fdbf62da0c,false
643378e692e257b7,false
7b77c000227a6eb6,false
35c770ab97ed0c4f,false
8bc17f7e0c0e6cbf,true
bead56c80454eeac,false
08f085540b26ae9d,false
4b318e55737e803a,false
0fa1168a2a1ceb50,false
e76d7003af095aea,false
3f06836424338332,false
269d49876c07f867,false
218c6c36688dc63f,false
5bcae911928fe6da,false
2250a7cd24d56690,false
392e5de23548b0fa,false
4482fab6e0ebaa20,false
1d95966f486833c1,false
51541e6939d9950c,false
e4885af1be295685,false
46eb078831d8bf67,false
5d0f42254066ca47,false
3c5454fc9578308f,false
b8d19046a1442209,false
be0ab92c4c74c4e3,false
39793ad7cd1aef91,false
3c7c312884d89116,false
6df4048b24c6012e,false
0798e115269dc3f1,false
751b98d6ecd3219f,false
db759354e055ed2f,false
70b62db6fe29bcc4,true
f9d2d68e3f96578f,false
7c0d32756246c1f4,false
860427f84db94399,false
3bf8ceb3a9a0cbfc,false
7480646b0e965365,false
22f0524b18d8f466,false
4ca6361b256f918d,false
1a5e1ecec0c62f83,false
163c0d1ae5a1368c,false
b48c340aa668ae2a,false
560df09fb8dec744,true
24efc95a0974a477,false
3e5829fdcc0715bd,false
a39b6e59099f1304,false
11ae045e0837579a,false
6370c126873cfba5,false
36e1a3385dd61fcf,false
012c3b8ccafcd8d5,false
0616b7ebaa1304d8,false
40d7ebb28536f480,false
7611eb402343976c,false
0b4f4ecda9838375,false
344bf4e64815ae56,false
41042a455b297a6a,false
300f3a7da0518641,false
39ed4bc4b1bdcf51,false
5e07cafbf7d68206,false
bba9ac61025043dd,false
4c5d437f3b15cdbf,false
706372e3e85489b1,false
54f7d4a2bdd38a3f,false
3a5032a5be4c8467,false
1944195e87e07114,false
4aa0379eaa5db813,false
322b189f064435f9,false
6e867b0a94e6067b,false
1a6f0b884241f33c,true
6e80f57cfa4ffb94,true
d1f7ca9d548f0a20,false
14934cabe1579365,false
71718755dac9b277,false
31cacd348f6e1080,false
673e3214c8105907,false
f1913f09f44726f7,false
481c758d850ae5e6,false
6cf511e033573978,false
478f29b3d0a20b6b,false
6018b11f4087997d,false
1fc40f93895d01d0,false
fd749078c4d6e7e4,false
32a0f3cb16ca03b2,false
6332e9cb093d22d3,false
1e695edb1f1b0822,false
487e1c102fdf8d0f,false
1f0dc72312b4b2aa,false
3134d87af8234687,false
a17bd9c4eb1af8cf,false
0bbb464b00067588,false
1a8010675fac6a99,false
a2768c4ecae64d1a,false
77221ea31dfd42d4,false
557943dd52a5e27e,false
32c8522d27ba06b6,false
02e8d2bd54ce1d2b,false
f0a70b125718a912,false
2cd0a9370b42b040,false
b8d4e804282477e0,false
8a45c359d9f67815,false
1c87c57267284839,false
5fa56ea2997e0249,false
cc5e8c5d32d39ac0,true
0817ca9ce4da497c,false
03eef69f05d089b8,false
56d3b79857112243,false
08a7c3131cf5531d,false
41b40f461f20e2dc,false
501eb7568439726d,false
9489404adbafe401,false
3540c07a3dc5997b,false
41d4bf539e1c031c,false
79c5d6977514f71e,false
2c889bb1be51645a,true
0b0c8a07a6a8b289,false
6ff0f9e6ed1f9b19,false
9e570feab9bd0c68,false
116f1e185a542605,false
7886a5dcb65758c5,false
0e485aaccd194637,false
35e1dc15a75b7122,false
1f0723f252dd48d1,false
bee086f9d47ec257,false
3d2c82adbb630640,false
7401aaba0b2ee808,false
a968ebf9b670c94d,false
31a8b73042502e73,true
0c3186f2b97a3490,false
410915f22e6c5a19,false
2cd87ea4282c4994,false
4a33147ec8be6d27,false
71e58f1390c7e7c5,false
37295c861bbfb36f,true
036b2a095baf03af,true
46d28524cdb87933,true
31b401c447b436bf,false
042b83d08fef175f,false
1c4f7a6eb4ae955b,false
9e7c41226db92f3c,false
2fd44a6940fd556f,false
ebaf0544fabe4433,false
8bf3a07f0b14dd58,true
095539d01bf301af,false
d618dc97007d05db,false
42e8698c7b6b753e,false
831e75ab20a4be6e,false
3847caff14e6cbcc,false
4313bf0de41ba010,false
7181d6c0d2918b85,false
9851cf6cbe32264e,false
6b0205e4359338d1,false
1eeb0d6c008695f9,false
9cd596352d12a45f,false
113d65965e27c18f,false
38c8a4df48dd8ab2,false
47cf99a90350d5b6,false
30fe1040a06b165e,false
00db17d3c0664cbb,false
f9e087af15620d8c,false
630bbcac57bfd6ce,false
3e902cf24d79d44e,false
76300be8e5d3385b,false
54bd8d18982603b5,false
309e59f7257fccb1,false
51be580fe0824703,false
b5ccf73508ba4da9,false
10b88e365f596372,false
27dcbe2f86f5c044,true
3434ad56cd94761e,false
0c84ba2ec8fe562e,false
5dba0fb174bbfab9,false
6268906acaaeaba1,false
2d2dc21f5090a5db,false
76171d0e0ecd3efa,false
bc9758a6a7ae02bf,false
230e4c96ac9a2697,false
7f7cc6dfa7a110c1,false
7ae8e7727a2aa583,false
48e6fbcea12654be,false
4d7d9da385ee8c2b,false
4040ea6aebe10e13,false
0c550c9dcbc990ef,false
fec7e8d621cf9474,false
3b2230dc50dc8b5d,false
74db9cc87712639a,false
fa2f0c688dfe401d,false
765149a765abc589,false
7a73b1283ec67cde,false
36c6cbab97645f44,false
6ef170253dc6928c,false
08a90c70ceafd899,false
67ffdebd81b521a4,false
498efd6934a38a4d,false
63ec7c34aa023d7c,false
d6c2468a790c4c1f,true
77ba1418d15543d1,false
38ef757df1eed216,false
67b520a706e76aba,false
b3b5460663342698,false
02f0c264d2825303,false
562aefc813626505,false
78f27c02afce5dd0,false
41bfc184418283db,false
8cd8ceb0899d783a,false
410bb5ab35ea3c2c,true
05164b7c1efab94e,false
7acf426a2a986b91,false
430a08b0a12111df,false
09b4445b3de34f2a,false
1a51f326cecab459,false
ebf908a7519a4ebd,false
f8fe68fb5283673d,false
79c5b537329f32e5,false
5b172bd4c0641fb6,false
80a199fb4d59643f,false
ee7979bfa32fc40c,false
6571bf7516df7374,false
24be21e227b74f34,false
582e1002985425b9,true
9dc1f56c007cd5d8,false
4ebb50cd686c8cc9,false
29d1576f98e6c383,false
3b18ff28d9071098,false
582084bac7abd393,false
5e250beecd42deb5,false
df2396874241e272,false
cf1ceb82879c6553,false
20015d7ff1972cbc,false
44bb39b99ac0c8aa,false
0aea960a52d6b021,false
47786af9207fa8ab,false
616145454ff6be5d,false
0cbf38de023ad0fa,false
e579d011ed941304,true
191b04f113ca6e0f,false
79a9cbab2d2e84ab,false
76f816977e18d392,false
adea3689e48f13bc,false
c88d8664b23e8168,false
8959e1d7485f79c0,false
3e638cf066643acb,false
650ea5f33974081d,false
2ea89c5b07848f82,false
d0ecfef90063e49d,false
7ac68e9161efd2b9,false
33cc223f60270dbc,false
7740f21205f005cc,false
16340fb93f0e78fb,true
49a5a4b1b423385a,false
06b63ff3d816f315,false
52bed9d05a4f2414,false
6a26a95d0c8cd45f,false
831c1e57f10cf49e,false
547367c503983ffa,false
73cefcab3f72843c,false
3dcfee31fd445f97,false
2e491621cc926e54,false
7b8071bb54f50238,false
3ca5bf2cf202038a,false
a80d92e9ad3a44c5,false
be6893444cace3c9,false
195b9a8471ec83c1,false
7196391899e67f59,false
0318d8075e3805fd,false
ad08fc0db2870461,false
249a657c6fea9543,false
20cc1b0eb9aa58a0,false
0d22569c71daad35,false
a9fe28ac9356fb11,false
254701c1b31380ff,false
6417cf6d27acf810,false
dba4bfb97755d9df,true
0c08b1f992020e44,true
5310b662d2511e76,false
61c08f5f708efdb2,false
a1d38fe7d0d30675,false
3b645c24767f90f1,false
30e8ff2326be9580,false
002d28a33c856ec7,false
7dd8ee2e9646ed3b,false
7c9afeb3f9208e88,false
297d9f0b04d77190,false
52137574ab0b2342,false
12e955c63811a6ff,false
00c1671ca749aa6e,false
ddfac17351999bcc,false
15a7d5acd3ff8042,true
5cc1c4b2cbad97db,false
652cc1713c5af478,false
798d2fdaefda2a35,false
a33a0876db15b1cf,false
4dd9d7940b9f7fed,false
78f504b0182afc5b,true
2d78b8bd137c1579,false
f757664c7281e3bb,true
42a1ad9fe5f858fd,false
07c44d4e95a13c17,false
748002420b8d1be0,false
b81597a3ab8acd9f,false
4eaa62bc2fdb2b7e,false
280c0b9708550cef,false
028501511a4b1f65,false
0118f99d2d0e5712,false
639e2ea1be5ead7e,false
1f5039306c4d8617,false
7042648a222f3d69,true
2b201f42e561dc5c,false
29c873e14013a9a8,false
31d876f1c9a9688a,false
dd84ee8f11374096,false
2621ff84be7ebbdc,false
43d0dbba93640496,false
221a11e1f7701f08,false
12a273f051a33e9b,false
36bdf4fb3b03162e,false
8584ebe5c13172ee,true
09bb3a956d8e2cde,false
5d34f9fee19ab668,false
7539831793362985,false
4208503741ce26b8,true
01116488bd9564a5,false
20a61c6dffcfbe54,false
4ece5b3dbe616e28,false
7e63d3d4d1047dfe,false
247d3ccf011e667e,true
5da44832c890e7a9,false
90303a0a821653ef,false
222fb4bb941a4dbe,false
028a578c45f5dddb,false
548b1058dc3162e6,false
598e931645ed686d,false
b9b91d5009e84c1b,false
565c26217db5c673,false
4b1a9a066ae60b4d,false
a845962a25396693,false
e69af99455384370,false
49bbace2c499c905,false
3f42ec5d3c098adf,false
a7f2b8e43a055061,false
787491fec482fd0b,false
203a35be250687c6,false
0857a1fc63758bb0,false
42fd5b995f6668e0,false
52ff542ebb55b8fe,false
329cac45f68f69dc,false
2bd18ec319092619,false
2fc3adc28ed9087b,false
07d5616e473929c3,false
b495308847753558,false
4a8b7498e1d30154,false
2438efdab2cc99fe,false
32a7154894f91553,false
36f83aaea3e91907,false
04bea9e61c5efaff,false
e03e1e285d8506b6,false
6e267dbaaa5e8b21,false
11b3c8ca7a849e74,false
1a4b7e80474857e4,false
0a65e43720720c13,false
bfcd25dbd77f1861,false
041bc1e24bf9541e,false
32947e90ee5291cd,false
2b9a003e7b7a3f07,false
2e425426462b4ac9,false
ecb32c963b571f36,false
7debe0346cfc6572,false
e2e877a8e82262dd,true
5d2bc7e81bbcf3a3,false
5d6612660345dd8b,false
633add6ddef12cd5,false
4ed36265e2c7ea73,false
3a796dc2dee2dbad,false
e64231e030faad58,false
258972b4049539be,false
e27689c922c6b1a2,true
72af1efa521c3ed5,false
75df4226bb8b410b,false
e7b3c804135ebce5,false
1c1b33ada94d81ba,true
f25d043580468e48,false
7caedd5502cb2904,true
14d0ea081e8c1587,false
10ef6fdbc0759c6d,false
0fc32d12758cdc4e,false
4da5d35c933853b6,false
0690604e1aca6900,false
3ffdcb08d9ea2373,false
822e6f7aeea97364,false
39d8b6808ebbec61,true
3eac4e35c02248d2,false
76d4681fe8ebdc54,false
5d144eab3b7fa7da,false
1b9e7b3babf1a1e0,false
1929e7db5ceee12a,false
4716113a1f02fdf2,false
ecd77ce8d48b686d,false
ca30349ae4b3fa2f,false
29c9ccc4dabb0506,false
777cd28bbb1777a4,true
5f9b4ef0a9263cd0,false
316e480f1e0780e7,false
57227dd901a991fc,false
6b4e3edecb4614b7,false
87f18c8f0933985e,false
228e869d569ae29b,false
6831eb6caaff9a4e,false
41cc0df724b60191,false
346987a358c4780a,false
97351d80ba310237,true
6c9fcecc36336a20,false
0df1a9138c3a69f5,false
2b0f7b98f66a23b4,false
6d5cdd62ded7628d,false
1923dd07b6ffb783,false
7cfffe880f2d517c,false
130e49c4df7025ae,true
46717a90fdfcafbb,false
273fa6cf8a6af038,false
27ab5da534b4ae46,false
4ec4b45bb9a88c44,false
071829674fda77a9,false
3e5a876acb2fef33,false
5b227c91a06f0553,false
3e9d956beb534246,false
5c43d779e7edd330,false
343c23c86b45af86,false
042715bd418c1147,false
41875a263fc0d401,false
1936ca0cf8253c8e,false
7a09f4a4bb38cfd6,false
518a2d48b898008b,false
087e7f9b79fe9def,false
6b18e2203c7cb95e,false
7503853a323f19da,false
8cf80b90d08f14f4,false
3c3a18f525ab381d,false
688820ef3bf56932,false
65ca45c399f5ce17,false
25780d86692f3b17,false
15da7bc2b9c4a376,false
f19c12bddc835b39,false
5738c7eb13a5cd25,false
5373abd2acf4ce5e,false
4ce5e3b5482449a1,false
75b744a793a75e6e,false
2e11c643917fbb66,false
379c17adb205a039,false
5aa3d7b1abdca899,false
2ffa8d3e57886560,false
54468ec82fdf94b3,false
dc1144e304bc0a71,false
5ec17ed0171aac6f,false
144fe02aeb5d9212,true
5a97ccafc9e3a765,false
92078239f9b01f27,false
2adfb3b246a7e3f8,true
6ade391dd7f76d39,false
c09375a539385b4e,false
41c5e6fec158081c,false
7fcdc49940631446,false
3bb748d2451d3245,false
0d1386b4162fe7db,false
0f4cd6c1a1c6920e,false
34d58808ab153dc5,false
442ce0f12344f33a,false
3d7c57fd4bd94697,false
e42283efd3028e17,true
45955411065eaa9b,false
7f1a244779bf7769,false
49baa699182186a6,false
85d45170f5d15866,false
15b7ace319d81a36,false
23da6adc85d6e098,false
24961239ce5163b5,false
21949d76386c7661,false
4b9fdd8b29953eee,false
149e9fef06d79d2f,false
729e9ae685883b0e,false
6b368eb630e159f6,false
5fa401564dcf37ef,false
346459147529e228,false
0cc06bfffbc51d47,false
135f04f4320ddc5f,false
1142de22a695f4bb,false
2431ac6190f1cd50,false
8ca5832fc9fa8368,false
90f5a346aa9b39b1,false
21545498f4e09825,false
6dc84390215d8262,false
6040cc7dd8a4b4f7,false
2ad93d03c91fabab,false
42c83f31ebb1a928,false
1e6a7bac66a13672,false
38d124c6e3644f9a,true
7417506df28cb2cd,false
347948ae1ae3419a,false
7d13b5332a1dc194,false
2a246d925b4054e8,false
64102ed6a6eb8c22,false
3fb78d9c8aec42e9,false
7e67902e31006524,false
b4a26c4b25d2435b,true
7b06eb99705853c4,false
7fbeeaebd4ab6af6,true
30fe84b48170954a,false
18636cf25e9c3fc6,false
13a6715dc0e2cb87,false
2b26879188eda82a,false
0eb6da0affa64989,false
c81f56812138ac45,false
0d5d2dc44c028fe4,false
1e2f88eae3d3df0a,false
bd8f57da68712f89,false
4ec6ceff1ca98ee7,false
c16edd726d75e97e,false
51f77ece6998eaf3,false
d61d30edd1ca9d2f,false
239069774a8d74e8,false
347af5747bd5cbcc,false
26c8e1c7fcc0295c,false
34129ce1debc3ff9,false
ae1297d1fafb1b7f,false
2f4c60a1aa29f279,false
4a4870221c1a20d8,false
37fb5db2373ee229,false
14bf5366fcc37835,false
5f2c90600a1b3a3b,false
36d7c66c51cb9f6b,false
19002a6d13f01f8f,false
543dd3493786c379,false
6354135f934c4109,false
05682a644e2bbce3,false
747d00d4173f7cdf,true
0b48d9fa63a5dd50,false
abadc8e0c171603c,false
214f93d19f4a286e,false
18ce04fee12780bb,false
469712ae1e0ba2cb,false
c6d17309cc444e27,true
719aa056c66d7085,true
465147f6d4c3aaf4,false
42bde25714e1527c,false
2ee976281c2c9a97,false
5272fbcf6c473421,false
78da06c2346fecec,true
66bac98f1cc57c42,false
29e4591c3a39a067,false
c496361949b19db4,false
547fa0c556730e22,false
568320ffea68e959,true
41e9bae9e3d88e6f,false
e918f2a62a01be9a,false
eaa117307e94f802,false
5492b24789171722,false
2b770cd8791c21e7,false
6e5e76e293a7ec2d,false
4dfd4428403c9ab4,false
7ff504af53fca844,true
44562d6f2b210800,false
629ea690a19caa9e,false
f5b00771011c6979,false
9557522120b88ff4,false
3f6f28d9827bbb97,false
8955e7fd5dac2690,false
6e9630f78923702f,false
652bf6cb254eadc3,false
5c11e69e1a6c011f,false
2e1d07409111f60a,false
3622d649fca951b0,false
571237be7e523ab2,false
e9294971596d8905,false
08eec5ae61765a1b,false
285dbb155a721b88,false
1ec4026121caa9c9,false
7278c10bea4cbd7d,false
50f38a13d6e63f2d,false
0a6db670955e3afe,false
116e8d56bd58d1dd,false
1189ee4a302e0cb2,false
b75e5b6e2178c313,false
74a21081f8dc81e0,false
2e76f25bb8a9f3d0,true
387f48063530288c,false
74eb54b606834caf,false
bd100f04c108534c,false
b69b70a5868a8310,false
75bec2837ef543f4,false
9e99467fc0f00223,false
0fd82b3010a4ab92,false
5e215963c309b582,false
60074ca7810d6c9b,false
215fdcf69e037f1e,false
0ac62629d47fe4c4,false
b8757841f9bd45d5,false
7a9914e79af56531,false
634f0a5e18e9f8ff,false
545048cced319f21,false
43360a41ae11c3b6,false
5121ea5d03a4e42a,false
536a389aeca132eb,true
48386e31d71a1328,false
0dab6a43a163baf0,false
2d1b11ab4e301035,false
67e5fbbc1b4415a7,false
04e5cdff6fa23d3b,false
12b0e9dc751dfade,true
48c51b6ce2d181da,false
6780fbdb8c779cb2,false
5aa5e14208c2e132,false
196b8ab8f0890f93,false
3cba775a36933a0d,false
6f5bd54d8f74ee87,false
4fbe7fc3b7e65b3e,false
5a263d6761cfcfcb,false
60fc7a02cd58618c,false
659b4aba7fc0b806,false
07785e90b3b460ca,false
b1a86413ef893216,false
06ab24a2debda072,false
442a9e84c0264cf3,false
98597fd24c41d0f3,false
6891a23e64a945bc,false
0ff3d86e9fde8ea4,false
62b708f6b0f7ef31,false
91bfa658de2d6df9,false
78f8600aa5960b10,false
13e3a52a4bf738d5,false
38fb5beff9137746,false
316f539a0b16e032,false
19544a7ae47199c1,false
731447c52f7cff39,false
c2bd516dd8a32ce3,false
6e4f338365a19c76,false
588aa92addb80adb,false
0a006914163ace16,false
42aa1b54726848d1,false
1fcc0a6c10414a71,false
7fd00139865f4ba5,false
263223e988104782,true
e0de97a7d0a35baf,false
0bd80c08f613df0c,false
194591614e6832c0,false
ae3c5a5b088d4e22,false
9246e641245335c0,false
26054c202bd8fac2,false
7de16f85c6d1421d,false
4305f6321a940932,false
6f3e9d4271f40606,false
f3735ceb6eeb210a,false
f4388fd98078cf40,true
5fe23967edc90ea8,false
1fa73b7abfa6716a,false
326af95955863614,false
c83f82fc74e518ee,false
79fa431c5905c05d,false
2eae80a5e90291be,false
4a7f5a4dde04b1f6,false
6fdb877c5b934163,false
4fa2136d91c00f58,false
22c5dd48436b14fe,false
39e77f282cf64d97,false
4e3054d9bebbad91,false
5510f92de5879c98,true
1eb6158d9a5435f1,true
5218ae36ff913fb9,false
86e732b2ef019582,false
3b05c52a97c6ac98,false
56f8847cc6231fd5,false
0d5eed5185517b08,false
1ffb92e404c6e9e7,false
373252e5fdfdd913,false
24e14a984cea9818,false
8e90864d8bb789b0,false
753123879336e2e3,false
9f5bd05bab366236,true
1dbd4afea914de18,false
90b5e3b1b1ed87f1,false
0ce65be9b1ccd968,false
7b2a014a2310907a,false
a3bc6a0fe32dffc9,true
1bb237825d535807,false
07c7997d69d986b6,false
da9a8f9c0d796a7c,true
07d9002bda732873,false
719b2283f9ec4462,false
4ed885bd4d43d10a,false
2e16d7c32dc8c20f,false
6c6d62746e0fdf10,false
7032e5b23a2e9700,false
2cb17feced61ec32,false
44de40bd452bd519,true
555e3fafd9d48632,false
374ec5c9f222489a,false
c0b27ab94858cd99,false
e1425ed5ffab153f,false
2b24f3945aa4290c,false
3d5173093e4e264f,false
833a8bde6897bc7c,false
18fe98cc71d4b9dd,true
41c019d818af4254,false
5c3f023026230c3a,false
1edbad7730d3308d,false
654713df7ab0060a,false
118f93db371c637c,true
4613aff8fd51017f,false
dcae777e09009300,true
3574b2e64649b50f,false
53852e217f58c05a,false
9ea132fb0cead4ba,false
9216e9e171d8e147,false
7bb24e8024f56ec5,false
65bc273544683065,false
4cd2d44a4ab1613d,false
f6d4278fe1bce264,true
53a7b33d34c63529,false
341650484785545e,false
55b344a2c129bbfb,false
15c5a78a528fa3a2,true
4396927126c9613e,false
616813e6631e2028,false
5c141308ad56b6c8,false
8cee8564e0637888,true
0b70220994b6bd47,false
1112e681d0de31c4,false
da216f2d65eb1cb6,false
86c49b0a44bce485,false
734ee64c41b5a722,false
342964a76649fa66,false
290f81cb34cd6a06,false
3d7fb94cb6cebbd1,false
7de33c31c50d92ac,false
d0013dbafbee988f,false
21f14d196de1179f,false
d2daa256a5c34e3e,false
7c548cd58020d79d,true
62bbf802363de882,false
02fc590ddebc61d7,false
5811fe1a3cce5407,false
5e3077744fa30def,false
06f000753a0c3a36,false
5e4c1f83730914d3,false
56e890339e493ff7,false
74f16d1a1f38478d,false
27c994baab59fa15,false
7cbce1ded5d708d2,false
46c4007c1ecf27c4,false
2837a4e436ee007f,false
6a93db172fb50a32,false
24f2c4e16670d3e6,true
e10f6c87b8313fb4,false
3f73e0930fee83f8,false
14cd066438fc5045,false
9ca1d6bb6b7d5fdd,false
5e70e7ba5d75f868,false
d108cda40426c396,false
8d03d3cdd93f6038,false
40c2493333ea4ce6,false
39c9918cacc49220,false
5cf9820e9240cc85,false
5fac6437510e81f8,false
55ca844038326747,false
0983b66d13c13607,false
5c6712823d048164,false
6528d76188591a23,false
302fbeb536b0cc94,false
7ea122b464a5de4f,true
6ec8884925b08947,false
7a41588b89e832d0,false
6672f5cb0c520858,false
4c3a1379795af4cf,false
4368d2d68a664db8,false
7109ffda7d7ee6bd,false
2f8b041348e99ac0,false
342a0cc22b92a338,false
4531ef2122fdfb4f,false
11b2c65a5c4e9cd3,false
62c6edbba81ad488,false
01a2d51fb311624f,false
9da8cf966e86e56f,false
4c4bbc3e9b0cd5c1,false
99758602f51f6894,false
bb00294b6ffddb39,false
97235c5baa21065c,false
77eeaedd281d1cd8,true
09d4d3fc1f6d7efa,false
4d1e80429df44a5a,false
47bdd4dcef1d4c0d,false
056175c4dd965fc2,false
278d1c7cf0f0c988,false
740320e4dd86a870,false
0e883fe2f453635d,false
7bef8bde5fd99bc2,false
0c6373efc2f09282,false
29d726db073f19a9,false
18dc6d3c7be61262,false
1d7ed715b8028396,false
f294acda20092c99,false
1e12237795fd951b,true
0173d8ab77030bad,false
f520134190195e76,false
39957726a30a0d9e,false
0b1626d6b0b4e5e9,false
71c830df249a15bf,false
bf5cdc8369678acb,false
6f5c638adf8a1573,true
65de9fccf7f87993,true
6445587ff2843faf,false
20a3462d7e820e2c,true
51b32b2c761f692b,false
12afbd2d2cdfce60,false
e9dca3a3945f56c2,false
1c5537bf336df9c5,false
eef87453c38b8cf7,false
313a36256b96549f,false
5b4f2b49e80c9745,false
24c1ffd7b412ad24,false
052cc05e392aa9c3,false
36f2ece35f204194,false
61bb87f7ae1930ed,false
e4e56e4f93e1c890,false
46de79482fe88bb2,false
cef3cf2d73946cee,false
d4db1f7e2aaa651f,false
237c16ef2a547247,false
1f3dde2a70102fcc,false
26b0832e4cf8135e,false
509110c84e3ead7e,true
33a574d02256a864,false
3d742923012f9d07,false
2e604c19d7463084,false
575f19482feafefa,false
79c79417612e7abb,false
249a452097169bd5,false
b51c5e9bc653006f,false
639187b7fdc08fb4,false
03dc8dfe784963e1,false
3c22539ee985e1ea,false
3140f8b30156dbdc,false
00304e0bb4c70349,false
db203b4198c37454,true
91ec46a26f32b508,false
67be86e429f34123,false
6bed206fc7418635,false
2e6f1c25b853881f,false
4cd51db7a378983d,false
6ebb4aed80e1e976,false
0a6726fa783adcaa,true
53cd57c660a1a9bb,false
1f9fa149fb38fa8a,false
42f9cf9eda0ed303,false
e5e70d3ca96d75ed,true
73e809d1e01471d2,false
115cfb656611fd63,false
5685c61f41a13152,false
2961282a43a957d7,false
2b6ce98dbece3f85,false
5f28669d85967472,false
d52ec7cf81990246,true
0eaa3d5c8bacc0c9,false
46175d295e54df33,false
5f5927a2de9d7ad5,false
96c388c243479525,false
527cbf8a43d9b9b2,false
b861b01f06ccfd1c,false
5a0d4d520934923e,false
34024fd509c36208,false
36aa5c5be08a6995,true
796edd039c29c3f8,false
f6ae24e3c9e184ea,false
1714461a42fd4fb4,false
222d20ac7037ae09,false
be111526db436685,false
796f9ab6a758c66c,false
639223e2a375e78f,false
2402e9bd651ddf79,true
59824628641fb814,false
2209a8536e5b962f,false
74c95bf5113b7817,false
194dc3091bf220b3,false
671dbd52fc50d50f,false
98b89b12a5479504,false
02e4784e9ba96488,false
715f44047e0b7d66,false
1bd8acafecff8c90,false
423232c5a8bec6d3,false
fc52a03eda640286,false
4298a7ff0a7b9836,false
473630760e8898f1,false
74e8ee61664ed055,false
18e38f091af4b803,false
5706ae77d16a2355,false
e69da898dde07228,false
2d34f1c72b5058ce,false
47d33469e43b6f7b,false
515c50416f479f6d,false
4d25ea6868bd6f27,false
5403f047bc7194f1,false
5eea45deae6731c0,false
3627fe7b70c903c6,false
66df51fc617fd01e,false
0f056c6e5fc44176,false
728632278c0ab646,true
0857798383c929a8,false
4febd8d5e8a4308b,false
bd0aaad2c3220d36,false
2e5df27f8f5485f2,false
356deb24e5f6c345,false
20258b22637c1529,false
8901f9e4612f3876,false
d9fa6fd559e50ce9,false
799121c050da484b,true
445d32306c43fd58,true
36d02ea873973801,false
0192daf7505afc39,false
0b5b0cb1e03a94c2,false
3a88f0e4a0b7d4e8,false
5ac1d7d53ef24d1e,false
d8dfbfd059415432,false
629654d0fd2e13d9,false
959853a2ecf775fd,false
d8432a94c98b055a,true
17dd47f09d579666,false
15ddda2d6214ff04,false
484edef507c24bd2,false
2717d44f6f41d2c3,false
2f4418c79f6a2966,false
d849c0e31f18c54c,false
b5b7a843b6489ad0,false
03f9258d29473421,false
3f23bf30eeae7f69,false
028f18ff3e067b1c,true
78359993a344c6be,false
6fa2d3a3ebaaab10,false
7220f9c3652a5f56,false
28ff30a4b1627d4f,false
3a3b958eb546fa0f,false
6039e1c3ca03bba7,false
3bdc13b948ace29c,false
03b139605dea9355,false
644d7a838f5564ff,false
1f50514ef8e0faf3,false
69f4b51dbbe8768c,true
b3711bcdd4b96e52,true
0ca2bf34e7b0cc36,false
70649eb97350f413,false
509196f1747f0954,false
026be492e5e474db,false
5d85a9cb93a2d0d2,true
6446713a434afe01,false
61608612cececd7e,false
051a183e6fc7a6fc,false
7a50bff1a3682a1a,false
84318229f8804e2c,false
0ca386ac58badc55,false
63e60e1f9bdca872,false
e40590f32e37a94c,false
1307cd8d6388bdd8,false
d51c1fce6b6729a0,false
3ae947490d7733a8,false
0acd0d67b17d3d04,false
47b38d1719508e45,false
cee66746506b4f0e,false
37342590065e40a7,false
0652b77d27bc0bc7,false
0cdbb18abf063fae,false
6592c9ed11b5ff8c,false
377a26dc9835559b,false
5a30761f30535443,false
358941a037459e1d,false
3282252074cef35f,false
0329d54df780e0e3,false
6eb73cc864e027de,false
7adcf51910d5cb47,false
1868c3850785bba0,false
0ced36e94d59dbeb,false
7d13f258fa4e974e,false
458c82f910a5e780,false
d8bc6bd747ef704b,false
3393cf24c9db93cf,false
7f3e2ea47f4715bc,false
4c59b2fdefbd8a4b,false
5df49eb163aec420,false
5a2b852bf8fe3a5e,false
68a1700c4af3f89e,false
ac2280fe8ff0bd9f,false
3ba8e8830c2d5ce9,true
4e0fef3f77a83e86,false
6fadd184977f6703,false
f41e9934622014dc,false
245568b5581c1dcd,true
7292b94f906a0a03,false
cfd9f4970254e41e,true
7f305bdd1bcbe449,false
2abc1efac401c20d,false
eed262514c2d1bde,false
03e8d64d68f98aed,false
62ba74ccd9f1a964,false
539cd2fa4c3f0cea,false
2116d4629b785a37,false
3c6cabe89d239417,false
3c64558fa3691b60,false
60fc9dd4750efa12,false
cf261d462df5d55c,false
73a5f274085d0d92,false
f2a25eec3c40b7e0,false
19f86a4f1277fd5d,false
36a278b7de72d1c4,true
69fd2416366b6e90,true
1286140711443eb5,false
e05e58cd9dc4a5dd,false
59fc44412a47a359,false
35fe039713d72f58,false
1657c136d845834f,false
49a7b2b480f26c25,false
54211fea12b823ac,false
127dc833f3436427,true
2990f7b4dfa8affb,false
3fcf8ff7ab9894ad,false
05e861ec5e06a58c,false
286c4b117bea0919,true
2bad0db89616d3e6,false
792552ab3cb6dfeb,false
5621363d4b493ba0,true
2a4707b350bdf6f6,false
20ff41868cd7f22b,false
58b58c705b6ba8e0,false
66b788a758ec6898,false
94625de6ade0f65c,false
2305bedcea49b831,false
48bda58df07b053f,false
110fa18dc74c5b29,false
9f95eb8179d677d7,false
cb1bba5ca8de1b8b,false
1d1af6fa187f91a4,true
5695e2a821da965a,false
6b295d550442e64f,false
2ff27fd1c41215fb,false
00e78aa4c2a58241,false
4eac98eff9e2dc72,false
0115e49607afb43a,false
5965ead05172fc53,false
11193bcb582fe5a4,false
714bf1b8e9372efc,false
0f4aa176c323d534,false
947523faa4102489,false
dc995f26c5812a9a,false
1c19d12c2694b092,false
67ddb8a80a9ea290,false
5957c043eec1b989,false
42c17330268c40d2,false
79a17c04f75f21fd,false
6b1b8aa820436304,false
19461d57e34b5379,false
413416ba242113f9,false
47ef551b888b2bdf,true
2c7d0607e9984459,false
7f6931c9e5db7ed7,false
62eabb0ce5c318cf,false
0d632a8e959fbe87,true
0ac05d7b3e44d35a,true
f48acf9a63a8045b,false
b58ff6de6440717d,false
35d19f32d938b1af,false
34683d8db1ffac70,false
6380925c70bd8d90,false
594342b82ba1eae0,false
0082760416d79ca8,false
1b990d4df551dd38,false
03b057dbfad4e40c,false
6b598047c740298e,false
001891cfbcd00456,false
6265f5b5e09eaa10,false
6dc763761ebb87fa,false
11e553ef9b136a0d,false
3caaf4dd481311a7,false
b5b50039dbc342f0,false
3dcdf4d6cb6d659e,false
687edf9c71209406,false
052e2dc732245de7,false
4a378b5972c8e79b,false
6164a0f09dd6a486,false
2f92eb4014031f2c,false
085d5baee29c1d18,true
14594847c2bc44b9,false
747a4c7b33345498,false
60b8f8829152959b,false
7f6401f680b9aab5,false
75f2188631b1f00b,false
00add2a67b3406d4,false
448775bf70a302d9,false
9543c825bb1a5735,false
2ede7402a7121605,true
ca87eb0442a02354,false
7898648cb3c90070,false
0e27c9773e0a830d,false
0c7e3e28960ce877,false
1874b7559044cbea,false
063fc2e767044a4a,false
5d408da74f04ada7,false
246f15e3080954a9,false
70e30d34179936e2,true
1775d303bf97946f,false
f6e5beaa81d413fa,true
6f60039fe72d7e88,false
48ae3b32f0644a44,false
185f9c9d12ca6a9e,false
0067cceeb6178594,false
6b5608c82e3bfda8,true
50e7e87b6957c967,false
09a18182c1695e1d,false
0d4a7b5d69cb1593,false
fe754e7efe9197bd,false
4fbb7140e577cf7a,false
a9a36e72cdc2158a,false
5f5e6cdf3b4a94c4,true
76c1538da765cde2,false
9a2e10ca869dc337,false
0b8a750782eafcc0,false
1cb3f70c812dc949,false
83b1f6b4cf5852c0,false
0e4b881446a18271,false
266406508b85bb4c,false
6703fc893bb04027,false
7689d798a56e6e21,false
24babedf142ac430,false
b767a8296a91b1e3,true
056ca3906a2d7609,false
235a884dc473fdf3,false
6a22d08757a03949,false
0159d317b9046048,false
ff18c386eb064b58,false
6eeec008207c5392,true
2626ac7cbbede07d,false
31ef1d927b9a4168,false
061befa2efd86cde,false
d01b7cdfc6f8be76,false
4a6f2467b8739625,false
c3635d4ae958e4d8,false
10debf19303cd516,false
2af29c6ad7e43f8b,false
2d892b3dc57d2283,false
2f9364d031b783f4,false
447d429c55f49697,false
79441915c8d9c5ee,false
5c89f14603dfba07,false
0d60b1993e7d2608,false
76d4ba44df9e0dc7,false
a5df301b0c771750,false
327fcef40d892ecb,false
2e854547e37b8abc,false
54c6df074e2c4163,false
1b55a7a756736749,false
28a86a7f3a176c4f,false
617e0e6ef666c3ce,false
15167f13cb0a9b09,false
46ecc68b69b4f43f,false
6079ef63921c65a5,true
79bb8c61701dc466,false
26ea06bfeb926dcf,false
20b69ae2dd723d32,false
e16facaf40a9991b,false
5503e737f667c17c,false
53f02cf44771d07b,false
106b30303b0ffece,false
bd3a6cbf5ade3593,true
e6f02e0ad3c718cf,true
08c2f6f05e002ba7,false
59f2fec1f86f6c54,false
e161eccac5a0373d,true
03af8f238c230b19,true
1ddc38705dd033ea,false
22b3890b224e7837,true
78d9bdc8f29b1fff,false
d23b5e328610e7fc,false
103dfe9ee3eae31c,false
24f14a601215e533,false
644639fe55550cfe,false
056c5876566a1f72,false
d7ed5d1704323096,false
acfb5e657068f095,false
5bcf28efdb15b6b6,false
3d7e6d7e3a6ccb0f,false
5b71532251a00fe5,false
8256d681f9bba5ed,false
b090a9562e4397cc,false
93092d98a24233bd,true
8f5c3da5ac7f1a86,false
4d818ecf54b8d4e4,false
b22b919f51f4f9d2,false
610f7be46a2cb41b,false
3c3e905d1c9c78e1,false
48952a9d065e1ecd,false
f013a5c5fb600a56,false
0c57d3c42d302a1b,false
3a154b0379c66465,false
597d9504cae07f75,false
baf0aaecaf1f28d8,false
635f982c1af105bc,false
fd98d28b65405e49,false
35159be78a282fa2,true
d843f9e5c2f647fb,false
389853a8801114ed,false
537685c7cdcf4401,false
05b218c6bfe3c237,false
402a53d91a06ca1a,false
1430716368235c8f,true
20c12ce435096076,false
c40f0c3929ea489d,false
27f90c95756d9172,false
45bf9317677a01e3,false
72d09f733dc3e502,true
671fc93e7344877e,false
766b9c77abff5a9b,false
5b715d31d10c096d,false
57bb9da20e0208cf,true
d14efb86d3d413b7,true
52a73bf47eaa6b45,false
8d52c0d76b4a8b2c,false
300f914a4afdad8d,false
79931f8b826cb769,false
7b01f0f577d691e0,false
4727867802595cd5,false
9330769e5806997c,false
9417b913853fbca4,false
51a8b28f874e50bf,false
02429b07d98b1cf4,false
24878f551eb07c6b,false
11a9c50e8689800c,false
39d87384b4791507,true
66917993bcd3cc09,false
35e57ada289419ef,false
86c24eb29575ca1e,false
28f42851bbed7f58,false
6f886fdd2305ad8b,true
34b66f0aeb5b1fb6,false
30990523360f2368,true
294604f63c757add,false
08374daa863e7d28,false
5416b39606fcd596,false
16a861b7288897a4,false
19813940638372df,false
5d51e98fd1c05e9a,false
5038f26653caa97d,false
7e54219173c7fda4,false
3d5dfb3a9a6dd733,false
6275d8a25d92b9ce,false
fb06e9cc1d7c0a44,true
06a75391699c41ff,false
1cd893ce9ce782bd,false
5afdd4cb16401a27,false
f46621fd0218d002,true
4f1da24e44758b5c,false
1720eb312bf097a2,false
3ba5204e7df63e48,false
98a5929d9a9574f3,false
27b936f3d5cfe52a,false
4473d1f7524e5f52,false
7af8761d2813d187,false
3244bd7616c96ce2,false
9e26cd4220259909,false
00056b931f588b7e,false
43b4100aa10895ff,false
53ab94f84782017a,true
da8c5e248c2f4963,false
003d3534cd63c1d8,false
ccaff8349e3a6044,false
15a174adbff99a54,false
7415c586f5bac06d,false
eb90170b1ac51458,false
017e73f3fc880dd4,false
50e3c3feba4b968e,false
a7b139ee49da2ed4,false
c6837708d5cb19f0,false
33c6b30df8a15ba1,false
59c0e70b98bd220f,false
774b94680a051cee,false
763beef09267e506,false
6c6ece7fab728160,false
4c33164397d6090b,false
3b84141957d8db19,false
453cd5db0dae23cb,false
fa5b4123810e6716,false
ff433733d0218e95,false
0d6e243ef0120634,false
321496b4b63ef1be,false
08a06058607218e9,false
b7bc1c1308c641eb,false
8260ffb52d3877d3,false
2124abcd8cb44c19,false
562d48bccc87634d,false
1364ee5f4ce058a8,false
429536c19e5f6e13,false
66f1882c58c069b3,false
0a7bc299a896f89e,false
3eed8a2c8e35d190,false
07bc5d575c6ed374,false
7dbf2908eac638e6,true
6c29c4167ac32fb1,false
be4a5f580c4fde47,false
62b890ed70af4fd0,false
ef1e539d1840a87c,false
6d81081b62bb4923,false
5edd3ac199d6db8f,false
5ab2d68907daf90f,false
3e3c53562bbee8e8,false
3637774dc3e0d9c5,false
5afa43cc369b48eb,false
5abf8daaf8df35a6,true
6bec14d891391a84,false
b8e2b61f358a8e51,false
f53fcce34b16fa14,false
a2fdbbad2a17e068,false
a14e6df9423ddc02,false
577b49b72fd52faa,false
46a32c177ec4bfae,false
39f659c468e66d82,false
bbcb7bf4b3d8c2a6,false
3a05f451866a506d,false
2be964bd60605b86,false
bd9bc66abb308757,false
1cd5169c7348106c,false
4a2f54b22070f2c8,false
2c25ae344c6bbc6c,true
92d40a476cd042b3,false
7c3c3e6f1aa26085,false
82c27a1648e8ac79,false
07db2fac965aa11d,false
03e0cb8e811a373e,false
539c3134acad93b9,false
3e7b4f4435b0e1bd,false
aea3572ea3c87249,false
6ef0f2ff7b1bab52,false
65adf0a67f6699c1,false
11cbc30d6845e8f5,false
ab2ca9338d9cbce7,false
bb659159bddfec12,false
8a2b9a88d3b3a87e,false
354dd817f2fbcbcc,false
e118515a346cc92b,false
1d0a6f08e9692f6e,false
542a8d7317f4b761,false
72cb1cbf5a2d1940,false
293ba19ec0f6ba3a,false
3a2266781324b002,false
12c50dcb0fdb9703,false
2a57e657240ea432,true
a7be0c53127ccbcd,false
42dc786f79c7fe6c,false
071d6ea4b58c42af,true
585d373dfe3e7c55,false
717d95529823e4f9,false
dc3929883159ae66,false
c33c1c50c44531d7,false
2508c09bc17c1839,true
217c412b70874a89,false
32d01dfee107d973,false
a0a48c5147699e4a,false
64cbcbbb610447f2,false
32f5a53cb790a361,true
256324770f7c4c56,false
b26ceefb58ff3648,false
01faf7efd3a847e6,false
5a335112adb51530,false
27a0c056e7bb5cf8,false
991bbaf91c4818c5,false
4c7db03e6ec6bbe8,false
c28ba16a1e4d655c,false
50252921650efc54,false
114f0ded58d4cd1d,false
87a4ab13ee03ae70,true
b6261cdc6e0d95fb,false
6c14a4695f711831,false
23db1a41bc32a005,false
707499505d5aadc1,false
781b6d0f09d3e1dc,false
14860c3b962444b4,false
1bf94c1e1edbaa5b,false
558c55ab3da3880b,false
3b082357904be5c6,false
ffafd690acb06a8d,false
9b0ce1d381d8a132,false
1303314fcb115b51,false
50b22636ea44808a,false
0214775ac99db77c,false
102e78a1db877475,false
3facfbf761d17bab,false
0d00340bc8018619,false
2ecda888ca5a582d,false
de0a829b00c2e30d,false
1e655a227b646984,false
414379fbf71aa85e,false
602135c6fe27e745,true
71fa788c59cc8749,false
5d259c790ee84e40,false
ffe24262e623af78,false
706be6661be8f7a1,false
da74838ca0a5b865,false
c5f77160f6bb3369,false
68541941a0455aa9,false
e77c6069073f5b58,true
04ff0e8ca67ad17f,false
594996709420e2c6,false
1bebbeb219f7c473,true
66cc503123b794f1,false
4c4595f32d944471,false
38576ab9a9f9db60,false
58b2a834f45e6196,false
4d6b0518a5d43f5a,false
088a60331f6ca5ec,false
0309890d48afecbf,false
cc29e4f660b917d9,false
73c99655320699ad,true
729ee300e56e85ff,false
15793c422f6143da,false
68e48f4849a85e24,false
1c4f25cf0515e74b,false
6fd775f9cfbc9b70,false
2eb6e5480fe2699b,false
7075c352f2ded6e9,false
72eb27f225f9fce6,false
0b39a0c78bfd1033,false
0294c7deef317e9d,false
54a04ec7f21dedc9,false
72c706bdfeeca154,false
7cfc9f962a451a54,false
00f303afdfbe7fc9,false
0493836421fc7096,true
183e56a40bf1e646,false
7cbfe7144ccf7702,false
79d2d431c54809c8,false
0b3ee7e0582c1e3c,false
15f333b1df959497,false
02ddecd23eb1f82a,false
2867177832f2230a,false
22c45cdd0d099a85,true
1be68592ba150fb7,false
0dc5e1d969babae8,false
9cf4fff731e30c32,false
6aa37853148d6ec1,false
316a4cec535ee60f,false
48d03093a1d8b6e0,false
675c854ec5448fea,true
5a16e8e929b02e50,false
ce6f5cb585e6f794,false
6ff5cb28971f5253,false
b52b42fa2c91a365,true
71af87dc74423e0f,false
0c162e9d86b22995,false
755c544db2d36c59,false
e63c69b4e360ba7d,true
15e6af74c39e8e55,true
52e7b4a19fc8c8a0,false
ed5243b03e0d7438,false
09e36730574310b5,false
25cf954245c1ee5d,false
3da15dd3e0eb8afa,false
97aea817bf86e3c9,true
6f0435a3bfc6c82a,false
1fc5f32cbb492808,false
4b0d71403950006d,false
cc225f836bb5e898,true
64dfccdfa77a724c,false
26492d527df37fa0,false
20b985fde54ef85e,false
00f37914d6ac733b,false
1ac40bbade31fb04,false
55d79ae666cc1c7e,false
32a80b90818267b0,false
619092e142b01627,true
73b4fad5daebbea2,false
46c17ed2c37365cc,false
e91a6972ceca324b,true
8047c55fab9ba1de,false
64a5bba0cfe4ee9a,false
244f08dd719075f5,false
391d5bbd8f35eb35,true
27e34ec01eed6f04,false
1d3e1533cf178b33,false
49924b9a455458b1,false
4f75b4c1e3cd6ca5,false
047747ea9e0dca1a,false
2b24f0cb0befe62e,false
2d432c5580a7115c,false
3a33a2be4b788ecf,false
177206bb61d66a49,false
1c7ceda6b7b2695b,true
dc6e46a8e7f0c05a,true
20aa7f3fe430d17f,false
32ba8969b226c415,false
40fc59739ed492f3,false
03641092d24a13d1,false
100a97473611fa29,false
0a287de025e49737,false
ea649122153b195b,false
5c6651cb2ed0c983,false
dc7b1383011c8a3e,true
9f0f0483bc5ab965,false
27574c96c99d280c,false
edeba78c2fef1ac5,false
61e52083a4721a4f,false
7784a7cca6807352,false
4f01efc523b5b54c,false
80c0478913b053e1,false
bbdc55a719dfd8d4,false
0b00f926c094e782,false
16b036d52dd78895,false
010bdfd09c15735b,false
0e3ff2dcfc59f7d6,true
19d3bea9de2a8e79,false
47b05dadb2d99b5b,true
1edf8fd13d3414b2,true
db2c2a1d08d0a645,false
53f626519dacbe71,false
274258cb9f4ec6cd,true
24353a6dd35788e8,false
24a15c2290d81685,false
6130f97ad8c4e2d9,false
f274da21b692b151,false
9b0902138daa3cc8,false
5e6827d005fbe29a,false
1a8dd2e1f7350157,false
2dfcef3faae3ddc8,false
7f352d1395e18788,false
362ad63a1aff84f0,false
528a3ef28237d335,true
9341c4c59936dc35,false
1ae7ff58f7a343e9,false
15cc3aab6bdb0c4e,true
4137a1965605efa1,false
33f77d1336c63a7d,false
41fd4ae390bc54bd,false
0e5801124cbd19b0,false
ef38d5a17e468676,false
1f26f036f3b63fa2,false
4ee7c24585d2ec5c,false
36e5216c881e8835,false
b021b27196b48133,false
345656e7be210eef,false
29084d93e1c2f671,false
ab05997116b684b4,false
63ec498ab9aaf8a8,false
0f8bfae8211e5cdf,true
14ea7eb75252aeeb,false
a25c0956223e318b,true
394d925a4ba44aa8,false
4e7a55ab44921d7f,false
7e89138b25aaefa8,false
5c17e0ed1b8a5ac0,false
58958bac002e2928,false
7ede230cee3793e3,false
5f9dfba7407d3477,true
236e98276a14537f,true
c98eaf92ce08986b,false
a39e5b9e70f8b68f,false
23035ccaa898b552,false
5af8a42abf75739a,false
3b9ea5f5625dfa17,false
1d8726e2aab312b8,false
08a06234ea1ed4e9,false
3e1494e8c08e76eb,true
3101b806cce73b7d,true
123379bd07b92fc3,false
7e2f4dd3d2fb15b0,false
5ff490323053f104,false
28dadf18d1aa03c5,false
776a7711f8f09de4,false
367de60a25905118,false
0b83a2a31a8cbbda,false
4d473e9568c6bdc6,false
a566c309d077238e,false
0b31a97198f07598,false
363ff1ef48973727,false
55513f47a64aacf4,false
5e3880909bb55872,false
5134e24653a3a69b,false
7b0d1a2e3fd710d7,false
076b62d5a86b03b2,false
0971d0933b5ed7e5,false
0678b5e1d2ff9764,false
4e3f8405080b222b,false
62deb1867ca0472b,false
7620bc18c81bfa8c,false
3c0b00845ca350d7,false
b6691c0cc49de749,false
2057217cdb48bd57,false
0c4e76402dfb0f72,false
305c546463b46e55,false
0118b358a2cc4113,false
3e2899a66f119ae2,false
cf0e96ea692507ec,false
461f5bdcc4eca278,false
0c820229a51b4c9d,false
11ac7de391d92bbb,false
0b3f5600917c7bf1,false
e282e539e8da18d9,false
6cf026c033e26a06,false
386ec7f0607a4f28,true
e18edbeb77e2bf29,false
34a3fa001c03ff78,false
6ea1cd15fccdd1a0,false
2a7596622c415049,false
2cde279df01be3b9,false
737897937d90dadd,false
1cdd253f2b0d2aed,true
1041ea59860cb5f8,false
5ed1fc7eb9de928f,false
261c6e541a38c13f,false
547f8f21de58a11a,false
1dba767d80bc2c1f,false
154965e9d4d95f4f,true
40b66fe0c7e769de,false
5927f5873c15f8e9,false
2407309fc949de65,false
4afc67a3ec632637,false
078db7e308b71586,false
cbbfec90c309b5bd,false
20e4542c53c69b33,true
4e0ff73e7e90b808,false
9e46d2669f3ffba9,true
20987a5b312470c1,false
00b1dd7a95386cb3,false
6567ce9fc4fd1c98,false
6d762453e0793f38,false
8a5cf5d4e76eb72b,false
5c073dfcd6ca1658,false
72ce56297c795fe4,false
50acaade987e7c7a,false
5509fd75659a1eca,false
74200e6a4cbf6d8a,false
0d90c839175410e7,false
59b3e923e2c9afed,false
1a6406f7cd0366bc,false
4b43640c6765bd62,false
00a36767e30b337d,false
45857ca556490394,false
3d7f6c903faa713c,false
2d31f476e8c8b240,false
ac88164622e18bc8,false
12de6eb4851da5eb,false
eca95921c384e963,true
71315bdb5edb60d7,false
3f75a69b975b9e80,false
ee8f27e420968c9a,false
0bf35cdbe6395ec4,false
774167780ca88a0b,true
13f5d3d798c8e7f5,false
5ca86ad4aaec2c0a,false
4606bdaa7df2590b,false
1116094a3f509547,false
2aff0cf282e14924,false
6a3a556013652dd5,false
2dbc38f382bb0f02,false
0f08c3ebd51c5cbf,false
ac84e5799d780ab3,true
5b6c3f06f8a02250,false
794fbfd376d260b8,true
8dba154663130459,true
26eeb20670eeb82d,false
68c537aeacc48eef,false
3ee4fbbc44d1407e,true
4147c302e4ea265f,false
6c0915a8576389b6,false
c5a9e3831e65c1b1,false
024abc6d573253d6,false
cdd61858267ccb8f,false
45d18ba81348f6d2,false
33dfe2673f97ead6,false
7707ffb9e536cf9f,false
0aa0aa2c014daf4e,false
5f1ddc87147158ce,false
2e46c2e6e2d9ca1d,false
e2df5535238138ab,false
c8adc99d6fb5300c,false
f1fd70889af62394,false
91cd8292f8af6fe3,false
00e9ecd07a5414d6,false
679252ddbabf1449,false
96a7de04a94eaf06,false
d3ed16a1700b699c,false
7bb44cc53a0c0b83,false
2c350c30d246a5c7,false
3033fdbf07bdcd87,false
5ce50e38466bb1a8,false
68e13d10638f1e44,false
3da5aa376ade4f45,false
12bf954ed83037cc,false
361ab36657463e27,false
0538b0c5bd75c805,false
79768cdc7ee204e7,false
3f5af9b3b236820a,false
2a7348623a9bdc44,false
67a23aa325edea40,false
013a1297f67f339a,false
08b08de5e6bd0583,false
8530977608cbc553,false
4f6512fdcdd031df,true
64867b9206ba3ebb,false
5030ea58ebaf6382,false
15c476576e551ebb,false
226172fc6148444f,false
04acfab5e0cd818f,false
1503fa8351e27259,false
7d70e6bec26c1660,false
673dca33ce9f2a9b,false
700bd8c956795db3,true
20a36a7fb911d78d,false
a7fbb78bd97e61c9,false
7fb5783aea4b7a00,false
6ad9588a5e46598a,false
b44c1f9e58636171,false
29c08375eecfab59,false
2aada7e3fb2eae81,true
4702cff40d0798dc,false
d0bf7527c366d653,false
23c64f95347ee9a4,true
047ce4ebe520ab3b,false
69b6064a8ce3a593,false
68da77247f6d1285,true
fbacd49e6d3c8816,false
6c9691e7170d3f13,false
2da7c9140f61dce9,false
4038f91318b7fe17,false
5b4ce2d66ce93e80,false
03d0b241b2cc2b87,false
eaa48a3a94120908,true
6b3a147924fbf25b,false
b3a7c086b12ebaa1,false
ba02e4def6a8890c,false
6bbede333874ef8d,false
edc143f3c6b36630,false
357f7771a078c929,false
3387ee4ef41142e4,false
0fd2d1ca56516378,false
2d1dea773e760ba1,false
b3e20ada6d4b73cc,false
3fa423acf29cc47f,false
66bf6b1658b807f8,false
7f2085b2177bce51,true
155e822cd950392b,false
57e5006715712356,false
00d4243dc420b992,false
54c60ce425c0ab13,false
f35c034d665aaa10,true
7e29a3e068d151db,false
5a778d436d7a5a1b,false
296c3632497fff49,false
31e6b12be88b45bd,false
745e0d4b10ffef05,false
247da67ac35eef54,false
31671db2dcdd7a2e,false
655fddc39b30ea5f,false
2855534cb6eaba11,false
4ae39120c82bce33,false
14ef177e9927637d,false
1f3e41bca84631f7,false
acc722959726b9f5,false
2a6b134293b4b9be,false
067b5e19b5068162,false
759c0d2ccfb666c5,false
4989bd6258e3b0f1,false
719fca699187e575,false
2989da87d1727b5a,false
67c3301a1d44a112,false
3d3113825165d100,false
ff7ebb0d9650bfeb,false
2f13b199cd4137ec,false
817d1778a560fff9,false
66bbac9f2127cd53,false
8b586e46753ba55c,false
7a81fd343c22efa9,false
5cd0b00ef4ed6620,false
4ae49c1cd6b06964,false
64b60b61bf4651c1,false
ce0fab351e393f55,false
4d0f382a0be1dde5,false
0c0f45ceef0a8441,false
376921c7df055588,false
470db29243329e68,false
73be9b9ac66cc33f,false
5ffb70b6c5b3d29b,false
5bd0151da0d5ceb5,false
6a1725901d3e976a,false
61cc89a364354eaa,false
ec82ccc2fac59248,true
80aad30478e77082,false
2b0ef053cb15edf8,false
0ac1d0626169975b,false
ebed1f0e24e7d8cd,false
0e28f4724b6d13e6,false
10681cf6f749103b,false
3c63661b44003fbc,true
026c711c6d4f6616,false
2d5fafae86de8537,false
2e283d4c3a53af8e,false
1c18c2bd64aff180,false
20af7c5ab47b64d2,false
53a67aae63fdb7bf,false
788f0df9440996b6,false
3dd181d0b11729ec,false
4a0072a170a4d80c,false
688edcece991afb7,false
79788e76623cbff6,true
607965d40374cb93,false
4e53a1cae2cb09c0,false
12e040449603d53a,false
5449e96bb7548fe2,false
13fc571b65cf3d6d,false
36248e61481f076e,false
6affdff54eae22c9,false
20f1360eba302dcf,false
55cb3d822cbff71c,false
76d6ac4184e27aaf,false
3f696872c509a95f,false
4b6d9ed6467629b5,false
d36a0e273f7c6c85,true
516e1595e2374b12,true
1fc449c7edf7a835,false
7ce79b52c919d3bc,false
3ea98cbb47d02f3d,false
27819f907ce6c700,false
5611cbd5ad700d32,false
113332e25c82fc13,false
2476882040650f77,false
2347c7f14e8f193f,false
036d33058a608cea,false
4f2d74e34d4a6d51,false
40534eb40edebf9c,false
699b8abef6294bd6,false
3ddbc814d0da8fee,false
0247386cc64504e3,false
40fbfa458d1a34bb,false
4efa2b02ccf6dbc7,false
0613b5b4e2d67f13,false
9c5dbb417f8c7b4a,false
6b2492ae692348d3,false
397acab59ff7fdf3,false
9e0df96fb4ade274,false
3dbb19c86dcd2fb7,false
31fadabfeab07688,false
4cd9bbfaa2bb22f2,false
2622e5ff11c712a9,false
008731693c0426db,false
8503a22e4688f110,false
1c55be65935b0357,false
1163bbd82df3b43c,false
6fbb439733c7151c,false
7cf1ed4d08e6fae5,false
6e789e78c3af09b3,false
71cc0434110992a6,false
5a8ed0ede64041cf,false
28ba5e20c23dbbf9,false
28c98b83879b1421,false
6e01f74374478d9e,false
27716563ad5949a2,false
112007408b122d03,false
1acb3777a3a5338e,false
31d7798dac321ab0,true
1484adc6ed8026ef,false
22e894570a221291,false
7610cac440c95556,false
236709eaf1bdfa41,false
1d8aaa3cfbc466bc,false
00a89d1c6a5ca83e,false
59a04270a39782b8,false
4999853cffbe7e6e,false
84ad48340bb07a63,false
beda4c41f5f4e7f8,false
eedfa9f77557277a,false
c1ab8cd532b3446d,false
4d93d1057dfb0be2,false
6a82c5e544de507f,false
098d9c1890ef3999,false
24ca3bc3e5c50061,false
c0a2463a81967e2c,false
5e7a87f3fdb00193,false
aaef5535a82ddbed,false
13726968bf29cb79,false
298fc5001f89b727,false
18101774f15d1aa5,true
0ab03b6d0a542ccf,false
770198fab9334264,false
bb4b0bf0f908ad16,false
5189d21bed57a210,true
6c18f430d479fd90,false
66f668d6a3fb93db,false
f3d2c76c90015477,true
f296bc8bf478046d,false
7ddfdd8312d4a8b3,true
0987f3b65f417ea5,false
20c45824d4e42c3c,false
06e6d7a2079e1ddf,false
239549b4f4d80780,false
9fcc8c46ee0d5c65,false
7a0ec50ee1a8ed34,true
49d3f6a22f565583,false
e66f023dda0cc131,false
58fc4370338257df,false
df8771795e3a7e79,false
6ed55ba8f148b5a2,false
f5b8209effa0dfc5,false
4d23a0dd6f839f12,false
5fed1df51c571cbc,false
28fd6f095d000b1f,false
22c8e24d63590172,true
392bf8d6e5864b47,false
e34c1b67f32e3604,false
33033db882112c40,false
3f25bf7a92226ef7,false
4617c5968ce61423,false
4b0721614d4af8e9,false
438bf37630551c1d,true
0c3d49c3be2745e7,false
24fa0e2b334655b2,false
1da7ec0575ba7f54,false
65f408775ef7d213,false
2c26f6b9192d4779,false
2b6b465252126468,false
31befdb366f63551,false
61ed1628bb1e704a,false
7d45434d364dc1ae,false
0e8bf0aacdddebdf,false
3998993e6783a730,false
487d22d59af66225,false
49948b20aa8606b5,false
bb2ebed18ac72404,false
5b1a306f2a7d3e5b,false
096e5f8844415e87,false
4a5d222c29bf1d64,false
3238fc7aaa13871f,true
2cdb29fb25603d08,false
67d935b2dadfb3ac,false
77dde2a81e9354d5,false
4923c94dad410d37,false
356ddc69daa5d1a9,false
29265cb2e0c35db5,false
0adf3873456c053d,false
df9ef9d52913fd8d,false
3699360935e03087,false
3e5ff77d3025a27f,false
bc1afe18632072ce,false
67051e441ca29058,false
ab7871f90a1b9656,false
02ce7d3f8e5f892d,false
3f4d68d33b0feb68,false
61bae9e249594ff2,false
79d44e11e9fba286,false
1d6e4fff5ae6aef5,false
fd120a24ead85e62,true
e68022e7f8922e99,false
4b9fa933c929e54e,false
74ac83e4a1322888,true
3246de7c89011de9,true
11f83a6509143d55,false
59067c29fe0da67e,false
612c5e3fe4322d62,false
0b3135c563be7d09,false
45a97ebbb6fa8a76,false
0c1fc158a5110d95,false
76c522a090b43928,false
0f337c8128d90259,false
18d307313b8ff18e,false
766e9c16690d6ea1,false
4e2f12aa06a9572e,false
2cc09c7b4c29167c,false
5b1298ba479a1096,false
2cedb681a4475d0c,false
02c80ba5bb62a97a,false
d0fdf5cec9747074,false
f8ffbe4132a03bbf,false
53fc78268acf96dc,true
d92a8ec2df3a8201,true
253e552c3d4a2d8b,false
bab9f184aa8f43da,false
16f1a18e947685b2,false
44450bce59cd9812,false
62c2a57e99bea8ff,false
382eaa958bfdd90f,false
19450fc31cbc6dd1,false
25e84aaf9fbbcfa0,true
762699f5f146f1a5,false
47ee99fffafeabe2,false
b7929043806afaf1,true
30fa47cd107b4c9f,false
0e31b6c71af06398,false
c554e189bd1e5f3c,false
5ae9a9c0983f0b17,false
1d8c1459b0aca7c0,false
6a2feb6245548404,false
921eaa25ccf2ad31,true
b3c465e738461893,false
1768b4500d1a5fbd,false
5c69a966b30d73b8,false
2b988c6825210888,false
976fb46f20c4d797,false
0d1863cb1bb159eb,false
9ca95a86f4a8ccae,false
9d1a3aeb352850e7,false
57693f45ef39dfdb,false
01f156a09c99bb8d,false
a6589682885c370e,true
09afa401ffdd5998,false
7caacf1472042de0,false
12b730d8e1ca9006,false
5be44098e9839394,false
6d97c66b8ba8af5f,true
0643d22b1e249032,true
5a6d71d18c1cd3c0,false
4fc1a969e60bd201,false
27de04b259c56305,false
61e4f0410a887943,false
e371143d2f3be0ca,false
3497d21ae79d0861,false
61b836cca1d7878b,false
2f88c091fb0a4d3f,false
042be70e5e077b8e,false
4d40a9e7cf14a6b4,false
6c032338f3bc929a,false
65017e2e9da46b17,false
4cf37050a322f477,false
bf375242ae0ae823,false
6fd4744c3ecae9b8,true
14574525bb2ae5aa,false
795232ba20d78e20,false
d60a476427c86889,false
3ef483bbd5305a34,true
f61d62a70da7bcc2,false
04e57f12c8179b0f,false
08c93d3838ec194d,false
90b43a6783703e3b,false
06ad6382688f0188,false
61a16cf2a14efb57,false
184ac74fbb826957,false
761a08ba02984206,false
243676fc45cae6c2,false
5574fb1442ec71f8,false
3c0145206f8c7519,false
7f7819ca273d78c8,false
028330559b86a3af,false
0ff69066220dc97b,false
537a0154226e4493,false
e28696361ef4d444,false
26c570788c590f71,false
3f4797e7131158ee,false
0b74ff25eae1c0e0,false
ef75d498eccf22cc,false
76f8ba28572eed8e,false
d75c6bb2a6898114,false
5de618ac8555dd96,false
1bd966675711de5f,false
2d7a5e7ac19c0cdb,false
7823fcbcb1f5e833,false
2f7698603788939b,false
125ebf35877fd42e,false
e1d94d17b4b65245,true
3e77d5a271541458,false
300f393fa4931466,false
1562fd111623fd30,false
f4e5fb6fd6c8831c,false
f5585e35c4f81999,false
23a3782a4194e508,false
32932b3bd37e787b,false
1167db2163f460a8,false
1f1d42cc8d238625,false
25bcffbbd0b3411b,false
7371cc0f45f528eb,false
52f3b6c958b7611e,false
ced2a9dda8d3e279,false
0ab449931246c369,false
2bb35cdcb3105485,false
17b5cb68b1c6d860,false
0c9b5bd87ca6432f,false
64e759878cd88177,false
4f9794c4a76d865b,false
284486a37d859247,true
4fbb4b45c616688a,false
6b2141a71a8660e8,false
529c4ef53448791f,false
81c47b3b4b515a78,false
bddfac86c6dcc595,true
4a691763b59e4120,true
b804a1ac6651a298,false
25f3895443942198,false
2f558c769cb1d486,false
4eac27d09a619a0c,false
255bf615b3719b48,false
408c28a788e598d4,false
462372aebf41e6f7,false
2a181fd758481c98,false
8668829258450591,false
d7b2f17326494f74,true
77972fb51d5c4d53,false
190fdf52d28ee719,false
4c06caa31da2457e,false
5a93cf1cae2e316e,false
2de62492e3e1519c,false
330f026f8756f4d0,true
025f80f3bbf3e8f0,true
39c76093e7e8286c,false
42a92945049d7597,false
42b22ed802d32b73,false
7ff1c5f72e4ce8a5,false
71bd82adf0433693,false
a9c9b6695fe6f032,false
c1e1a5b9e87f46b1,true
fb0168b13d5225f5,true
2fd8b4cde1f689f5,false
3b196b2e04c79885,false
0bbcc003cf6bc7f1,true
f25ab4474a222ebf,false
a98afb32ee0052e9,false
2ff779b5396ffef7,false
4c76da929c8d7cd5,false
ee6b0f004c471e0f,false
640727b6f2785b60,false
9bb2e525b6c76c3e,false
543f28cb3ecf04fa,false
292c9adc12a366d8,false
53e7e44ebfc62103,false
d2dcecd17bd397c7,false
7370058cebeec049,false
3400cdc01cb54d59,false
5a600b628d5f2857,false
1aedb3aadd658867,true
64674958b6798248,false
37bb047d23c7f614,false
04917b437b9bb6d2,false
44e4e75592698ff0,false
2c62a050c34a1452,false
0cf6efe540edf3ad,true
1a3fa4831f6b11e2,false
d487e420a07379c9,true
34d2c25f924d08d9,false
b0570de54604b9db,false
72f366194c5a182f,false
256d807779d0ff4d,false
1ddc8d2965d9fbcf,true
162f61a9ec9a858d,true
c1201c0a2d6366c2,false
59388f538c5431dd,false
3812c334352cd8b0,false
56387ab6ce9fe319,false
2bee124b1b04eebc,false
a9ac2c5820e5d5bb,false
0832c30f3387eee9,false
4ed1025d312df2ae,false
59b9698f7e70b061,false
38bd9a5d6c35059d,false
1e039cdcd0a6aebb,true
053a15da69d1b753,false
456bb27a62ddf91a,false
1c8ad3c364ac3e69,false
070f510b76e4982c,false
0cb1460fdbfaf1c2,false
b3d6c58388226a17,true
d7e3d15adbe7da1d,false
35f82c89977b9458,true
7c94a37c30ed39e2,false
6c3823e1dcedf4ad,true
270cb8dea5bab9f9,false
684408bb9b2eae9d,true
48d284342d9a12f8,false
43696bf3feaac785,false
3e0eba5b3d141937,false
99f7c37ab73dc333,false
24ef360b2c74d7e9,false
38e4f3218037d4ef,false
71602636101f5029,false
80ba712677bef0e1,false
5f0bc485776a8003,false
7cacccd7dbe9e7ed,false
9412d301367eefe9,false
0345a2712878b7ce,false
8d541ecb1d2173a3,false
73b8dce07dfacba3,false
669d993a6e3bcb53,false
79aa6083deb89488,false
538fbf5f1740f39c,false
7871f1bbfd301537,false
ac3e4a55d338fa62,false
4256f81132110e5a,false
4fa44996612e4b2c,false
1beba5b0d6bdbd05,true
0ac6a7a609bb619a,false
f6ef11e9d67b64a6,false
191b0d3dca1c78f1,false
7f305349604c9e07,false
87bb1fa3add7f994,false
f6a87ea2d5d8c8d0,true
44454cfb69c13f9b,false
07aede7e43b19a8c,false
7f79f7e74e935bed,false
b3da98b4be5093fd,false
48e326e790cd94ce,false
63528c2079dfc58d,false
3193fff8a9231888,false
5ff19eed431f8b42,false
2843273686230f36,false
0e8473efc274a725,false
1375235d5392f6d7,false
512348c580709c8f,false
07ddbe03d3879df0,false
783284104c33534d,false
6df6c2f9e3dabb80,false
6c4a5ed661d06b81,false
3143e6b2117e8ad8,false
cc57e9543e58c7ad,false
b8a763d129921cef,true
727f237e80e9ed13,false
33b3587e1cfc18fa,false
0507013c74c4b8e9,false
7e81893ba238e7df,false
47dd0df9f063541c,false
f247b5d287f5787d,false
0a04f584bb360e24,false
0c1a0ced3b494235,false
0593002c84c7d617,false
0c532aa66c3a0cd2,false
0f8bb2294bc37ae9,false
35dd091a0d2089e2,false
151835ca9ae49d6d,false
6dd73b4ab68e981a,false
40b307e49fc39143,false
b9158b2639e75aac,false
2a86934acf5cdb72,false
bd5b8a4ba70308ba,false
ebf8ca321c63e235,false
549847710393b667,false
5b7d9dd6053a9897,false
090d8b081e9a57cf,false
e4ffd771c880304f,false
7c3faa843da1507d,false
335aa5dccfcdc0b4,false
ac53a7377c7b143e,false
5c8466a8e68d153e,false
0b22b4339164d143,false
3bf346d0919d43e4,false
d90cdc748c795a52,true
07e27e2c797cec4f,false
ff18be4ea2a2dd58,false
6658f7d85a0ba7be,false
713a1e653a741e86,false
1c4c9f933b3bd75a,false
08d6767464219678,false
68bef1776acf3398,false
7a7d1dc469c21f0c,false
4f9f58f5ead6d833,false
4059e62145440190,false
18c2e114aa8ec011,false
c126190d6e2555bf,true
447b3e8f068b6521,false
1cbf04564bafd535,false
88e9602723cb2635,false
28fcb2716f22ac30,false
3afc5be883c108e3,false
2bfb9ba53ec1614f,false
73f852d393ba8ee9,false
1cc26a26a646e452,false
384cba17c44e5b91,false
67eced9b2b092725,false
21bfa53d64a69fbb,false
2be6ba97ef9a0581,false
36ea436fdda224ca,false
d56b95b27339a142,false
1f7d1921e62b3b60,false
255e26753fd969b9,false
0e64d2ef26b3d588,false
766a38bab67baf3f,false
fb74d62ed63f5a06,true
1d5d69be87ba2e2c,false
66f75d044dc4d821,false
2760b932571bc980,false
1f04a87b157b6aa7,false
545946bb91795b50,false
061fc784f5e6ca37,false
26dbbbdd27896262,false
130040c24e31ba82,false
68ae3709fed104a0,false
04ff2a1df944e221,false
7660ef612b90ba8d,false
2fa3d6393fa9f349,false
1fdb835e87031fa6,false
d50edf4e7c8a155e,false
190c87b52352ebe8,false
5769b64c772d8991,false
073bdf343afa7551,false
853e5abb62f61d0f,false
6bd0bffc82681574,false
7d4ee40a620fbeed,false
7800455f4a0c5cb5,false
d52a389f117585ff,false
9f4decf26c286346,false
135a93affe699f1b,false
7b26de3a930256b3,false
1edfcdd002e43f9a,false
4b77fe18e3aa2251,false
eceebe8f00b1b8d1,false
242699aed1141a3f,false
22aa3d7ab83713d2,false
368b3befd956895d,false
763a2769b6f54f69,false
f0f3330a5b9ea60d,false
36de2b602c1ad92f,true
22f83b563cbf2a03,false
157937972d6dff89,false
e60fa96a37c747fb,false
2ccb0fe93796977e,false
32cb475b28a4b9ff,false
604f4cb110c2de9a,true
61654386e3f02fba,false
eb4126269a084fea,false
144fe450dcf9498c,false
ea0fb55438b15f00,true
d17ab1a42bcd514f,true
338b07890dd4a749,false
28abba7a1db580de,false
78ab48d28a5a3f83,false
3947aeef438d58fa,true
3d47eb2daffe19b5,true
0598a3423e0057a8,false
127fc78011b44ffa,false
08d808708e617849,false
60cff2702a8593f3,false
7f65237be9260a6b,false
51d87c39990148a8,false
dc1b331d5c750119,false
5b204c18577f3435,false
5f69a578c0e13e7a,false
31f7f01c782cb7e7,false
9fd9849634c7e40c,true
6663b577a742290d,false
15f0663a49b042b4,false
0f7280237509ce34,false
0d00455f18ee5318,false
10ba09b6a78ca6de,true
57d3326c5bb64ab5,false
27b6a4da288ca0a6,false
5a249d50eadcfa28,false
5020041127727380,false
8c1984cf58741661,false
1eae1314004598c8,false
55c7c901c6328719,false
0cb54c3b1318fdae,true
452ec90236015a97,false
685c20743bd2d4b8,true
1b241c7448558623,false
224d94bf31cbda7e,false
a6d6324763da12c9,false
1cdb5c14c7fe1bb2,false
4a29f7fa97e9bf3f,false
465dbd37bcd8859c,false
f210a047611e2ad4,false
9ce78137ce63cdbe,true
106466d2d6d184c3,false
7abe7cd5060eabd1,false
4820c3a1af139cea,false
57dc194e4e33c8e9,false
10b91d9b8388bb0d,false
10870677a80f5281,false
409db386fdfd3c79,false
0adddcc1a55f4852,false
11bb4103ee6e1f58,false
0c3b6132a735be55,false
363284cc33e92935,false
3f3847e723cadaf7,false
5faa0a6a0515512b,false
7113358a81a63a36,false
7652128fbe12508a,false
1bf70300e8167b74,false
2d40a6c42b399be8,false
7503fff805b3c46e,false
e44391dc6c21b02e,false
1b6e02b9fff2e151,false
631a369045199ed1,false
9cd4c25835a1a124,false
55536bfbd917ab37,false
119d67d61eeb9647,false
109ee799966a964c,false
43d6e11b68faf914,false
38815c2037c4b0cf,false
48bc3d09d7732e28,true
449225cac5b17684,false
b4145590f240c5b1,false
6198015b8cc6f207,false
075ec0b95ea2a3a4,false
56954df207c1c9cf,false
e9bd3bad11ac5779,false
37a6e096ef3e06d3,false
ec7169fe06854907,false
5d1f23952d87f816,false
3ad101b48cf10bf3,false
6f4a2b87f83e83db,false
47a6936e832ad2df,false
3617ba498ac2dc1b,false
c08d69af59250368,false
3317fb2df7fff75b,false
4bdbc79bbbe5f453,false
4ce5dc796813021e,false
4ee7f6aaa8afb8b6,false
50084b711d9d3388,false
f263c80c9293b4ef,false
3fc193358ba7bd0b,false
6a1aa364edd76410,false
45f53be37954cd0e,true
c4bc869a76cf35b3,false
0203e9b7b525d47b,false
335fc05712a236ed,false
095cb9035d4878c1,false
6920f6270d2b6297,false
0a85fda03afccf5e,false
36a00f0d3543540e,false
11cf55433ce31367,false
1fac865bf7a4f7c5,false
28fdf7dad742abcd,false
596bc42d4ffaf0fa,true
44862c9c201e6943,false
29e87994d54f5979,false
533d213f4f2e267f,false
877a7ee684507254,false
55036aceb119c197,false
efb66f065f4ef51c,false
326d81444296f761,false
5d71072d330c7ba6,true
57b1433f0e179dca,false
50d6b8b22b7f594d,false
03de1a577f25d80d,false
77abf0c24c2e5c2e,true
175e510250c0d1fd,false
3db92ceffc8a3b19,false
9407121f2e490bb6,false
0a54dd7fda0fad95,false
0f7ee14af733c113,false
68183e6fd6f792d5,false
07779b6485e12c10,false
7e254738be7ef057,false
3e24921449167f88,false
205a354860f79ce5,false
4f671ec5336abdac,false
53befd22b4c2fecc,false
b2d835e4824e137f,true
3abb4af9d0aeecf2,false
0feddafd40eb410f,false
ed5b6ad61e0ec19b,false
3907eda318f86bfc,false
1e272d7614c33715,false
150e95d97e46720c,false
341fa6ae4c2855c8,false
75e15ccdb5c1af53,false
7210b15e249cb56e,false
6d50f186863c899c,false
2ee5f6a6765ddd74,false
6ae3d0b0665c1069,false
384436dabdba3113,false
700b64e2fb2be90c,false
6a2669eb3285bf46,false
17677fe0c26bbd24,false
f3cecde932bfbeb0,true
3aea54272b3809d4,true
12a988bc10e0a185,false
4f27c172a465b9dd,false
7c11e56a284ad802,false
114c96ab45e05ac6,false
0d6fbe5bc9a240ea,false
7086d0701152e1d0,false
2c1d0d3b47a24b4b,false
6515bb9a77f9297b,false
6b2ebf245cbc2a3a,false
614f2bd5dacdce8d,true
1976a08e81365c9a,false
3c38c4dccfb385cd,false
4f4eccb5cc05100d,false
63c813aa3a002d0d,false
09f544ab41bb9004,false
3fbcd50e539119f5,false
0b1f9bdbb02b85d5,false
6ed2d7ce152ccc73,false
1a5153e8fda9969b,false
1e475b565d5c23cb,false
7314a1896233dbc1,false
5604b1510f14312f,false
18213f9c43919813,false
10b5633d98cbdb53,false
0ac654f7b0e4f376,false
3204eca05277da37,false
48bae7aa540fb958,false
6ea0e74fb8599dec,false
0019c3604bd32016,false
21e1cb335b4b452c,false
9cabb1272e3a44ae,false
66209080654b9bba,false
effd5892633f007a,true
dfeb9b97e9d28f40,false
4c5e5db5bbbaf0d0,false
2af7081ef29639f9,false
32af8c39d5759266,false
1cf3ccc4596386dd,false
03a3b400761f103b,false
5922b5a5ec59a9da,false
d4116e4e852bedb0,false
f27a344b528a6b8e,false
7cee6dabd5b22794,false
f629c27641a93261,false
d39c9fcbf19fd87d,false
16db6827c25ed3eb,false
49db98ec1bb2bd3e,false
7a1e8e0410a04d39,false
0f99d500d0b3f214,true
0d21c839025f76f7,false
6894d10626c6be2f,false
557081f9c6b6c168,true
6639de994bbd9b0f,false
28bfbaa27dbbd99f,false
3831a3ab91b7d0cf,false
7d57dab5e359ad6e,false
1ed2aaf311ad3165,false
125334d43740ae27,false
6eaf2baca99223f8,false
8ba72490a9856a15,true
02d8efc07a9e2098,false
f130fcdbbbeb27df,false
04e0743a88553f6b,true
577e0d6f82e08f6f,false
05800cd606485023,false
9bdbd04994fc606e,false
a8b084f2ce5eab60,true
75a667e998a9f77f,false
6b987352aec66678,false
5a0677d4cb9480b3,false
5e9886e9a0683193,false
23f7e23076ffe755,false
43edd0774eb5a665,false
13a63934d638b659,false
4e771d731399df25,false
2447dbbebd292909,false
3173d1f4fd8cf977,false
15d7d4603807804c,false
102e55b21ae01c94,true
74d7d48a41c00f92,false
118bc2d81005c54d,false
f4564fad2ac12334,false
c553af5afa7dd754,false
7bdd40cbc5cfc300,false
22f74a88b3256986,false
1611c9550eae9965,false
052f8a0232eadc52,false
3fadf2fbe963fa97,false
552a5aa7c1c5c05f,false
4f47f30e0a8950fd,false
17ba17a4d9dca4db,false
1d5b2407f9529d59,false
004facac6e586450,false
74baaa3eb41664db,false
7d3e0b167a6499e1,false
7c672f14bbbdba8c,false
83663c034df391c8,false
6d5fbeffac4d452a,false
6f8f0924af87e37d,false
dbbadc53bfe365d9,false
4aee6c54fa618588,false
787451eb58b0b0e5,false
1ce1ab3cf51f87f5,false
1641b833668209e2,false
7e83fa5ddcedf30f,false
6372dc2a0ad5b6aa,false
27dd333d618236d5,false
777553f6e3060c50,false
c474284ff28e098b,false
09382ac79dcadf49,false
46862d6c81f53ec0,true
fd0250e5db4234c8,false
0008215a5f323d43,false
6edc5f7dfeaeb910,false
5b71a7aa3c841207,false
49650616bb8b6196,false
711e53e2aa688ccf,false
7f60d608b7ed819e,true
23f670f34b8c9ad8,false
72a72bf6fd719063,false
76ce735d3af3dfd2,false
26da4ea13d7e2b33,false
24117d5d5ed6fd76,false
2c9d7386b216bf12,true
9ff571798b0799d3,true
0b54377a00995867,false
4ca24878ef2aacc6,false
2ce3c22dd023146b,false
2cd552e608253db3,true
21dacca076dfc302,false
45a75e9c7a0db0e5,false
a969b55bf2a4449b,false
2ba409a7de735ac7,false
3275c075d55b9653,true
3783bc747768b596,false
1dba78675764be5b,false
98d68a9c9ab6a4ce,false
473ed57f79c8ca20,false
08d667c1bbecfac8,false
3108cae9ee52925d,false
70c234ff43b173a2,false
15b9a52607b1c600,false
451266a5d2d0a5c5,false
6a5837e1700c3266,false
a9beb27a2c556cdc,false
5119b299819e4b3c,false
75fe4f6d354f7f5c,false
522e21ce2aca855a,false
16deffe3388568ac,false
7e075c4c70d6fd3f,false
0a79fdfd7135ab25,false
3ebe80d4970abc3e,false
835c7dec705075a8,false
0608539eafb531b0,false
23c789dd8499ae8d,false
67f8b41fcf82d1f6,false
737991301f422694,false
6fc994f31e7e7792,false
4448c4c59a27f14a,false
63ee0a8c72228206,false
da22ff399875a03b,true
92123187c9eda243,false
40cf89f2489a92b3,false
ed7b8f6d164f2ddd,false
5176ae9e69274de4,false
5ea61e0bfe3c6c71,false
0f4b76cdba463b94,false
490da0ec9b159552,false
7b75138aef8ace76,false
118f6fe62baa687c,false
1541d2851b8465cc,false
6a007ec8b9ecb724,false
56cfb59bdafde94f,false
5d76114b38838e6b,false
bfc7c0c55bccf256,false
0507a17b771f2eaa,true
53a9cb49cf3364a9,false
c1d47f081ef4c071,false
0bf0ae3652108a0f,false
96bfb857d6a0d129,false
24c7bc468d3c8436,true
237c6cbe6b9b3ab8,false
749f4f9cd772fdf6,false
57ca32ead8312751,false
5e7d002d29cc5ec1,false
5c7799baf89f7766,false
31a2ae7de3a6674c,false
223dc2ae44a9ad46,false
3fa1f073d21e2077,false
1f44cec97d3af68f,false
4efc2e6bc1e4e291,false
e6a12991b3453460,true
cb9c04bc4879937e,false
24a46e06ef6acfc5,false
4a59832791f5beb6,false
73a5e88598cd09b8,false
5143a75884a59511,false
6e8f1d83a827aed5,false
14ee41732f39367b,false
f7e59ea62f897158,false
78528414e92de2e0,false
b3f2ff7630ad9cd4,false
0bc860b7a4a8630c,false
00fdb592656011c8,false
2fc4db548d90f2af,false
04649b681ab52c47,false
0668c750378940a7,false
2ec5dfd85dc2035b,false
0736966a873f5013,false
60213b137483c14d,false
61854085151f8b59,false
1444115d6de7cfd9,true
3532c16d32732c58,false
3cc0f8820ab2d793,false
db14e40151589753,false
0c5479669521e29e,false
2581547a2cf50536,false
ea0700b63d598bba,false
652bc04b76938b25,false
4d279db13051ae50,false
e89e2d426118e7c3,false
24db276da895c163,false
0f0fbe9b590fc0d3,false
2ca0ae32c6102ce5,false
bee2b72303923290,false
03770aab291b529b,false
d9146913e6cf59f5,true
2cbae6b362232d5e,false
13abed173b6a1084,false
792bc7a4bb339416,false
68e54600d9c00a66,false
4c35b2f1f35ae993,false
30cafbdaba6057a9,true
513bb5988a175948,false
5c1bcacfbbf353b4,false
52a9d9e33ca3193b,false
a0b1128a9ad3345f,false
528ebf914239c8d9,false
31282def9d2ddd94,false
ce5c099d4d868f11,false
2054a762fa27efb5,false
29512ed0cf2a158f,false
090454489d4a72ea,false
41d98533b5c420b9,false
68b45f40d8a9ce75,false
03798abdf4923ad0,false
e4b7c7b150339ec2,true
203c2ec20a13e444,false
76e47b376c990512,false
97d4356ae16b1f13,false
671cf767b632cac9,false
cb8a852eae76af9d,false
5e3ca8c069067038,false
603eb5cc9f1b683c,false
acc10eb425d184bb,false
7449a0f37409945f,false
44e6b70d7d2f2992,true
9515e7e626f7b60e,false
4f6f22b7d5d868b8,false
725b0896d8c4d575,true
3c4e5844e6ec64b5,false
0f3ccf20f746b35d,false
1c84ddfec30f3d6f,false
dadaea139fd5eee6,false
c38bdb6f11d3afc9,false
6899de08beca6ef9,false
5df5a28209f0c7ef,false
3b980dbb82ccabb2,false
b425f7db6101b7a7,false
76ee22a0eb3d9c59,true
d1bd7b1aff4dbcc4,true
1bc52e3fdf78f87c,true
bf0040039364cc7a,false
4b437adf30645f84,false
a6f0e19f3927f01f,false
94459deaa2fcb3ea,false
7bbdf9b11edf9799,false
62381d5fc45219b2,false
5194eb453c53824a,false
45d723182501a3ea,false
a0ada6d342916d6f,false
25ed80a7125a84be,false
67c95c5e6a1694ae,false
4f430ce064d3e5b7,false
7884f29aece58b59,false
481070af17d18cd4,true
3f571c4dba6c2301,false
560f116f63ec5e8b,false
50ca5b40b7b3fce4,false
88bed0b47a769f18,false
500675cacbcad045,false
5c14c25357c6a811,false
03f4ecdf4d152f3a,false
33843504e39130fc,false
5ba6ef5b35640938,false
3e656b8e1ea76548,false
127039bcbab41162,false
1dcdb59b74d6ec9b,false
931d8d0e86f2dc26,false
2d50123320b0637b,false
21d50d6a05a3ac8d,false
4e11e971133276e7,false
4237eb2002391ade,false
3f74724d70020bd3,false
c747f4ec6890a192,false
62abf759d0e48dc4,false
5898a2898525ff3a,false
6d872fd017519f6d,false
26256c647d479901,false
61dfa8aba641ffed,false
460cafe2830790d0,false
3a4e62e7d3ec8d49,false
3c27220c1dbbaf81,false
35360447e878f14d,false
85290fad3d57f04e,false
4e3b10850c334589,false
ed13ab65be67b959,false
74c0f27a8a3a2cd7,false
3584c3345c86953b,false
602a0c779f66de0f,false
0cca06ceba40f3a3,true
75f808b627af4c6d,false
55aaf1852b5b2e75,false
df7fb06e2342a446,false
209bad81f79b1c87,false
479ae8402baca84b,false
d17db0c68a3e7287,false
7114c153d742b87f,false
27fda26f3be502a6,false
6878a023f713f66d,false
619bfc777c70ba3d,false
99909ccdf001c324,false
23feb4209d497802,false
7b7865b217e35464,false
0b544c76bb44cb78,false
0d488ac58f408ffc,false
bbe1a9aecac1304b,false
28fc46fedac94cb4,false
2348cb125f4f4ab7,false
8b16ed0aa69b4150,true
442e39f9dd8c02bb,false
7198b5ff9f288be8,false
122a6a7b413d3c02,false
557dee3335908540,false
41768b8d603cadac,false
6b996332d5e994b0,false
38125103d99b8c72,false
bc92aa8d25b5056d,false
6b8380a19ad19e73,false
662ffb2ef43f994e,false
5cf3dd362ce0009e,false
435ffa64549cc8c5,true
bc5488d50cdb6f4f,false
2727e6489b661c68,false
78f4c11586ecb42a,true
24aef1435014db1f,false
1fcb5274e3794b73,false
30ab3934de260238,false
d8fa1de1501774af,false
6f7847ccf1e4c26a,false
7882d43fdaa25e57,false
12f6d49a5cd3ca03,false
5aaa1bb78ccc55d7,false
5fa5ee5355de26a8,true
0e08425cce79bf7f,false
3b47b1ff0f6fe422,false
c7e74032adaef831,true
afb704e42bf7cee4,false
7cdb3264c4cf830b,false
a14d8dd865742d15,false
2e4e67e83825f69d,false
53e7042c0cc762c0,false
e92fafb285e35c29,true
079823a3ae9eb026,false
6302531dcb2510ff,false
5fa9380820abe63a,false
35c327de3bc35023,false
00dcb6f0e2013275,false
36e2a5aecb0a0879,false
697881a5da5b9b3d,false
89a8fa7345360163,true
408259c0635e5135,false
462c0de56dd79b90,false
d7f304cee914884d,false
4e39b9ea7a573f42,true
084cb89d38ae1514,false
0e10bceebf110672,false
009600278d5d2cfb,false
3e52ff6ee6f4886a,false
7ed3e04ec9aeabe6,false
c9b54c56ef6f5a46,false
a9e054209baac87b,false
aa1eb0931bcbf0ae,true
ecfbfbb598b2aa72,false
1188b98869148312,false
0fc6b923ce9164d4,false
1f571e3660966278,false
0df7b0103ad9e7c2,false
5394f6eec24406c2,false
327e7b3075a46488,false
15b4fa70dfebc6c8,false
286ed07d067ed916,true
53b65b9941ddef99,false
154bed6fb107ca5c,false
7af4971ea8495f01,false
4d5e1e0235532289,false
2a6ee21b87af2e2e,false
739cd00fc52d1686,false
2a0de9901e041dbe,false
bdfd6df993a08b3b,false
3524c9806377dde3,false
5c70647a479b86c4,false
1127075dd46d3310,false
aa8b4bd4e755a2a9,false
619098c0e0e90989,false
435206e51ea2a0b5,false
2636e75f6637d15f,false
50b981ee80d1cc2b,false
7a1cb8ac08826acb,false
280a9dfe09c7ce78,false
5e45bfd6d79fc46d,false
4d3ab57d3f40a8c4,false
4cc0ed7d63ffb0c9,true
91433678f571dfb7,false
76d9ecd15811e8d7,true
189593375ab42386,false
60e2957f5353f34c,false
2991efbe1d73f1de,true
7610d8b3171b18b4,false
34f961dc0c98e1ee,false
bcf061d0a4b1d384,false
c71f20ebdf2ec0d8,false
3123690ec655672c,false
24e07a3e92eec327,false
2253337023425bfd,true
46e16d63508f4593,false
12daf80cffca2e57,false
4f58f9e399789505,false
6034a751ffa5349d,false
547f389ccad7f46b,false
2a20c59c9ec7e890,false
211bdee92331eb3c,false
3011b0382ec26c7f,false
b32722406f5da9d0,false
64eca09f216ab3f9,false
3616434df62b14f2,false
54f6660177c02bc8,false
01df139883c3056b,false
2aa1adbc66ff7c88,false
57d03e7bd9d2dc7c,false
5e0a9d42201727e5,false
0d724829804575f4,false
30f004e919747479,false
06a60dab06981f93,false
376cbb87d888a710,true
f0bd103b17f1f0f9,false
7079d9c30de4b689,false
8bff00aa91ba11af,false
af0a1ea0a6e87501,false
7f96f735c8cd18b8,false
bca47926af9ff795,false
188ca77146fe7065,true
57c59a9b2660ec94,false
35254e1668de2119,false
21e27befb5f374a3,false
b5a5b773883c24f2,false
4d1f56109ec79367,false
5e75c09458a73989,false
4cbbd5aa30a9b329,false
c9393943f1ebf20d,false
0e1f8fb38a6a878c,false
59bd3e965095a150,false
57554fa7332d8ead,false
273bda6a6976f200,false
e29d0a7a828e3329,false
02e906bd6cd74b14,false
5762e658a9bc7d41,false
c81c0d1ee7a937e8,false
136f7231adf54c7e,true
45c6bbb3e4d82381,false
134edde576a442a9,false
2c576ca5f5f37e0c,false
cb4e53635f9ad4b0,false
1e917e97e7aa1959,false
2720af2c72bdb3cb,false
8f109ec0e64255b9,false
6c0c9313ca85cb4e,false
7176dc7e59e95834,false
2f6bd2c404240f9d,false
7d8a29e7ecad3ba4,false
b4d225c1e6ccdbdf,false
18da22a2308c9423,false
516f217830c9f442,false
b04c46107e0eae7e,true
b6ea104d71e9d6c3,false
43f6be2313c26a40,false
6b37ab727adb60e8,false
79abb701c24aae93,false
0224b17a182ff451,false
3c35e89b9183d210,false
6eef1c7c6389c1e0,false
62cf30d2e9504058,false
29711cecad3e58ca,false
05156da565ab0457,false
25a2510531a7f7d7,false
3e36b1b466075f9b,false
05223bf7baa72de5,false
fe01f38e6531992d,false
73f860ad9663185c,false
162ca1fec5421660,true
0cd943066b8f5241,false
0752e2dc39e015ca,false
9466f9a83296b8a4,false
7faf9993d8ad9bc7,true
45ca6f87aea540ef,false
10bdfb4fca33725f,false
774e45696e8dcf8b,true
52493b8ea8c0bd9f,false
4ff611b8422873c4,false
410dc92d2caabab7,false
549b944434206906,true
0bbe12fda7b823e2,false
ffafcf2e3e0aa110,true
43e918e270d6acd6,true
22ea8cae6a9776c7,false
721c76e0fb1686f6,false
e5a641f089274bc3,false
36db855d44bad003,false
1cd9633b4ff53435,false
5b163736c3f0d98f,false
44c7eecd5671a308,false
597ba605ca74890b,false
205e365bd6ae4528,false
f136cfbdd862b007,false
7e6d8d6f7afaf1c6,false
4674a5fd0dd60e69,false
926f9a76f55ed379,true
bcd2cf4a51a91422,false
4beb52a7896755c5,true
48cea57d34a1d91a,false
939d6f6604bb4e16,true
689a9bae64d8bbd7,false
33c8dbae038d6041,false
6cc865f965ec9800,false
865b1368c66cae7c,true
26a4c8cbd6a814ea,false
563cde4b9a5f852a,false
4c3a704467d17ebc,false
6240abd92303b74d,false
479a0a131ac0d57e,false
449744254c5d9ebf,false
249ca6d93555f271,false
d1d41be997551991,false
60ae1dc3205476ae,false
32b1f73707d1a112,false
7d5876f7d2306be6,false
eb8a73305f8cc42c,false
31392461caba3bd9,false
6bc80b623b6f2242,false
2c1b37d419032810,true
1b0be98433faa489,false
62a1686bd435a7a3,true
31bb795992938f9b,false
4371204bdbfb1054,false
368b71da87caea86,false
77b497ec9fd865ef,false
30726919f3cef6b7,false
4166381c97a7764b,false
247a09168d5656e0,false
1ec55bceb1455f07,false
0a46c50086d27c56,false
47495a09269f9a92,false
ccae34bdb374d3f9,false
198f3bfc9b8ce685,false
37367826d7127d44,false
b8a86e947defc3df,false
c9e7aafb77f44a30,false
684d2f7ee552e220,false
0116e7fc066d1a32,false
0f8bb75913c61bd3,false
2ba0e5ce23ce5806,false
00e7323da9a6e4ea,false
930a39c2f5cb1b11,false
3931471b9594406b,false
5e0c162df8d5461b,false
328703a93f55d866,false
09f3a8357c862363,false
04d4fe94d314344a,false
f8294f73e5d8960a,true
2fc22a9cb0227c5c,false
20eef97b657bb450,false
be98a823e2560f66,false
471581415176a8fd,false
6e7a3373e2946cc4,false
3f3beff13f47413a,false
4e584c3af1f42a3b,false
7acfcaa289e3b217,false
2440112e2c5f451d,false
5eb7f87bec65729c,false
33d703370c4ec203,false
2f4d78508d5a909e,false
98c9ad470f1fcdf3,false
df40d98c8009de8c,true
7551b36d79c91e65,true
e3c6a14e59e81060,false
4c9888f89d63ee95,false
74fa9baa1021fc5c,false
03c3dbd14f32a061,false
3ec5a92ee300e2e7,false
9f69250bb7e0d938,false
2de571764c33e509,false
7943f425f1564747,false
5e44684fd3a2e214,false
d1b2790b4c5827e4,false
3c1329e73b9967f1,true
2fdbec6a95d7136c,false
48ff641324f510ec,false
0a4584472aeeb464,false
280ff2622993f347,false
1677e6011f3db7c5,false
8453477494ae975f,true
414b920bb0bdf367,false
ed25bc02198898a5,true
733d8a7135e719fd,false
5c3776d4fe3ec930,false
981f49e0d56cc4d1,false
68a0ff261670de46,false
64bf4522b66ba555,false
62383cd41b261c16,true
56b5ea974351d1f9,false
006107e8855a2796,false
6a2a59342e8c0bb3,false
279451f793ca02dd,false
55966cf69a1a8c45,false
6f8dd4613d235978,false
fde7f6141eccd685,false
3383a9aa2ffd6e9f,true
2aeeea484de43899,true
ee88d28582d0096e,false
05d7c3e196349266,false
2f86ebf5aa4f3044,false
07c260aec108bc6d,false
19b0992664fc33d8,false
21fe551b308f69f4,false
422123f69ca69cad,false
482cd39161136e4d,false
6045c0cc54b25be1,false
fb1872a986e323d2,true
04602cc70793b850,false
67cb1e06d285164c,false
8bc5aebf565ff341,true
1a23ea3a41ca1654,false
262387c7a63ebff6,true
8f0d7c0ec4068c43,false
190db949a8759cae,false
0ae74b4ca80b0858,false
579b3c86168fd343,true
7a7f51388126fa01,true
2f2b847c58729868,false
886b55f4f86f8b16,false
70834b951762d14f,false
58915eb07c5f347c,false
7459896872154b79,false
1bc990dc00afaca6,false
0bc96e23e5cb54ac,false
51114900afc25800,false
1eec48b32da5f843,false
20979f254cd86127,false
3368c0452a68f4ef,false
84ebc401380883ab,false
3b1f5f2ff756215b,true
e23ca57985205a5f,false
7c45033ad1cd9acb,false
32c06d892a87924d,false
270afb512b1c8c30,false
74a4dfe6cdf06579,false
698618ca2aec0bf5,false
3de4d49a8ceb9a1b,false
bb42d8f7112e0a95,false
4c77add4ffc8d983,false
32e13070e62fe34d,false
48102e2e69f1b97d,false
695dd5d7b20eb870,false
5f113ba3cd0da2ba,false
e1db84c5dc43091d,true
399ed8e1726beb17,false
21ef160715e7e192,false
c432741ad10ffa1d,false
66ae9b3154ea73d4,false
443bbda9913394f6,false
27191f1233a9f8b6,false
66b2de3fdaae2a87,false
11932ddbb655cc56,false
5d0d9f0a80a76096,false
0a68a797dbc5e127,false
43a65c8bea2ec7ed,false
e397dfa1dc03275f,false
5709bc999161479c,false
6fa059e0dcedb934,false
2fd9b9e56ef8dc5c,false
782ed714da2f9ba6,false
727fe7e3136f19d2,false
6a3e0500eb543724,false
144db85614d50bdc,true
5a67bd3cdfa409c1,true
3bbbe23868ea2e30,false
603a9613a92599b0,false
1040dbaaac726f5b,false
bce84111bae341b4,false
337d2c831f7fdd58,false
56a5f14fdb2c4a0c,false
49a154127e214211,false
ed18c70caecead48,false
f69f69a3ee9a54d6,true
60e8584b2b70fe36,false
407aa84a5ed6480c,false
59b557786b0244fb,false
4edcc8796b564770,true
c1e10e6f06c7d000,false
6060baa1edb05eec,false
57560d844c030cdf,false
072943f93d2aa479,false
19097c4ecfcc5904,false
b16fefe0e9a0796d,true
757a4323574e021e,false
86a50f78dc9240ca,false
1234465e1f01a77c,false
2bd9aa030cb36215,false
71c482bda5ff28a5,false
b738c94a0eaed053,false
5c9d70c5268c58ae,false
040d4e06c9b96f44,false
8a6071d47e1a2215,false
ed41b952fd0585f1,false
59de066fdae8acd7,false
09611709fc92e58a,true
3e8ac8003645635f,false
10fc92335ab4c0dc,false
0b9512c1e3d3128d,false
3f90631fa77570d3,false
15a1af11a5a715a7,false
453d87c8d68a7a58,false
dd770ed84abfff8c,false
5a15c87e339798b1,false
78f7aedfe287b9cd,false
3e9d82cb1d5ed2d1,false
30c2b62964c781a9,false
4eb0e64d950d9fa1,false
4f4d3b3748371f4d,false
79312c8285a88abc,false
2770a84601ff52d8,false
2e3b2a86af7d9eb1,false
861e140cd05ddba9,false
0c548ecdac23a3aa,false
f636cb7d2973a399,false
15bddc0efb6d8d84,false
0eab5e2489f0945c,false
c5de9d25a73a6ee3,false
4e9a153af855b613,false
7787444d8b538e0c,false
6d40a9085d488971,false
7ab062fc448a0c33,false
6d27681bf17f21ef,true
6260e269a4d54958,false
1edef943c9c9efcc,false
4ca39df845645bdc,true
261ac3048321ed9f,false
fa4a6dc9b3326047,false
2051467f22463ce5,false
3815d4183fb94259,false
3f984b2be2072f0e,false
5e10ad50d3132acc,false
1126a7f20275c95b,false
5a89270b165c3ff1,false
30ca555d5e9d5d26,false
52ed4844e157f34b,false
e8abf1ad645c4689,false
5a5cb38d9444cb7b,false
f3fc8a615c78f284,false
c849582d473a7773,true
beafd91717dc0e4b,false
44969f4dd1e933df,false
660912f9b9bba064,false
4433fca3db67f1fe,false
313facb6fe1de70f,false
612ad519b0ba54d3,false
65e2ba94f468439e,false
6ca28dff1fa1cdf6,false
970810deed612307,true
dd4cfe546128a27f,false
7f2f9b6e0a6fcdff,false
269dbff5e27b7c9b,false
264ac592e95cd3aa,false
d2ab505e5bf196b8,true
847ca744f003750b,false
24f423f1b1d5aa3a,false
23ee7d73fa1e2661,false
5ba2b9521a6e4288,false
488206c740823ddf,false
367cad61f232851e,false
55e26a327b691446,false
598244abe4054be7,false
667726e7712c0e40,true
6ebea21a41169ee6,false
43eb7d4c48d6f2b4,false
d3f5bcc17ff245de,false
8ae5e9a8fb7737ad,false
221a0cb20711d0f8,false
e696465706b7f06b,false
0466fe00019e5c89,false
6d19475301a6aabb,false
592f7492674e8fae,false
5dbc7416234f7fbd,false
3379b76172be0b25,false
5086b169d11386db,false
268fe2339016ad72,false
707fe3a295ffcbb1,false
084daa01fbb3ba8e,false
49bb305c4d6b08b5,false
3387ea7681ccf9f9,false
ae96a620542745ce,false
f641a88731162358,false
4c2a27cfeed9ef87,false
c2123a291a746891,false
69b37a44389a9ebb,false
1870082da632115f,false
1c2cdbed4a3917eb,false
bd49cafb9758e9a5,true
0217ed60ef276ff1,false
441644835ecc2524,false
32ed48e680d8519e,false
b05c8e38c39b8f9c,true
3b65c3b1ece235bc,false
4e2e84b3deb2ba9f,false
5d7457cc317216c3,false
113cf542c785d654,false
3a3f01723a401c0d,false
c04bc624972c8139,false
68ffba63ce31df37,false
7c7da5cbcd59c204,false
26c9bafe91d2d9c0,false
496f88d723d5adbb,false
99bbb4af934f8a56,false
11b95a256fea2dc8,false
177bed655e978307,false
401380e39da8f6f2,false
620cdbf9b2e93ac2,false
4adaf5c63133097d,false
3670ee8b637eb87a,false
39c0ebbe75db79e2,false
e413cd28a24ff9be,false
368edeff522d723f,false
4feb3de8289155ee,false
53a45a6ae5d1d136,false
1ba3ea64ac5af647,false
39ed2911d4fb5541,false
6d905dde86510078,false
2b96e5ad3bc0eb03,true
60ee67473f634297,false
93a66ecfda1135fd,false
9fd1d2cdda5025ef,false
2494f9e9e824580e,false
57d56b64e951dc98,false
39af00276a726a75,false
eb735914ff5218df,false
3f980259d08e9e4d,false
1edb8fc02f283cb6,false
14b5faf17bba7b24,false
66cd24fae10778bc,false
152d7a0d0ca0472d,false
de854ad04b7a9a7f,false
1801c1a9c4b376b2,false
7e7c7711c43b2ad1,false
3b83fc512d88bd03,true
e7be005252bfb37b,false
6dc445554f4f0237,false
4608a57963363043,false
abdff4a63252f8da,false
b9e0601d979dd316,false
6f5c33e65b6e8242,false
0e0a8ef85b292f01,false
98411757b6013289,false
26766ae4370bf022,false
59c582b70bf7f1a7,false
d3c8900b7eebbe3f,false
a4e1c84e6b9bf89c,false
5f620e9752c472cf,false
2771d7e541818a2e,false
c1baf769fca77d3b,false
5a12b62e0f7b02ef,false
07a0beb8d454d897,false
3700f8eb6f7676f3,false
049061a27f606be6,false
57c3cd293da4e3bc,false
6d31c12e63b16e05,false
12bf00a0d671974a,false
235b0bcbc58d5213,false
27978d8894ad35a9,false
057d06b4c222e5b7,false
45792c497525e972,false
01906f8eef7a9c5e,false
23dfcc4babf93b4c,false
87b0fa7ab07b691d,false
1c0633aa712da04d,false
153a476aaf960951,false
22bfa0b132097c5e,false
261a83ba5d4a9cdc,false
49cccc69750ba971,false
22377c3690c0028f,false
0a8fd2282b0b0f67,false
b7ef7f0d7a466721,false
2b46298562b1ccb5,false
0f66711ecbcc79f9,false
39d7d314390a7e13,false
366de5b52e35822f,false
dc8fede4b7e96650,false
2a9ea95da126d654,false
a8416c3b96b608ce,false
5b5b808d18dbc955,false
7c759d3a04a550af,false
1cf6a384581df42f,false
f658ff4b6a2565a5,false
22e3bc2408516697,false
3ec0109c2b1ec072,false
424a7d124b36badb,false
17b4c386ebf5e007,false
1c911a9df66d46fc,false
45c8eeff51594139,false
23bc9ddc17296705,false
22344060e79e115f,false
65181c9b549c20d3,false
6329d391aa3adb02,false
fdb3c4edf0c75023,false
1946ef9e9ad87bfb,false
554b7de2735636a7,false
47308c65c31f9927,false
7c7bed5c87a9193f,false
c1af19fe731c4f07,false
31c8ac9db5817b5b,false
7c865fe936487a8a,false
6c5e1b1835a1ec2d,false
831530f8ec7d66aa,false
12d193069003a8c4,false
3aa17e1bf675e463,false
18bec646bfd5b939,false
08dd2e1878f55f51,false
1e6da2209bbf619c,false
43679cc514904e94,false
c789f9f8474baf85,false
67ec7950410a9cd2,false
5c8884f1a8d27a80,false
04c302ae37ea3398,false
0139967674d33348,false
1bbae5d704010dde,false
494a8fd0c53a1499,false
341ef86f2e6f72f5,false
79051d87ff00da61,false
83b102c2940cffd5,false
4c7c758b539aced8,false
7dedecb8e3b52ee3,false
203c8803f250aed5,false
1926566e02650ee2,false
2634b30cf98cb5e4,false
e23021c235d710f5,false
113feaf394907556,false
198a3411db1ccc86,true
541ccd5563fa157d,false
f7989bcbc2eeea2e,false
337b8f08591c1c94,true
b59a2e86717a2704,false
4fbdf568226cb3f8,false
10e2982a4993f414,false
09c54a8f9eccf038,false
25f0735e5ad5a064,false
771b5e79dbe8acba,true
ecff261e1c088021,false
6155f933361eb05e,false
d557a11f5a9b46f1,true
37621dda3877b491,false
67141ef3d8bdd520,false
31747b6d4d6502ca,false
4c97dcda1a8458db,false
35e45b16261db1c0,false
1bc7316ea85208e5,false
395cc261d93515f0,false
71c2b8cdfe69e6e4,false
315d4ff760c46198,true
e24230ef5d4575b1,false
4a1b80b084171970,false
3cd6157d71b850a2,false
5429bb79d1ac0d4e,false
47c2f47829a4ce70,false
9b6a215718261758,true
0ec10af2c2b13896,false
629461a6c2b3de97,false
1cfca0d17c6aaea8,false
ea1125ab4b3415c2,false
88ff563638fd3cf8,false
56f6575d2cfabf97,false
15f98f2484869ce8,false
789a48fa2fe8f1f4,false
c67f5f2a55cc6c13,false
9caf1bdc87516566,true
bec2e943bb43c15a,true
64c436e8cc5627c0,false
18946f9a660756e5,false
b41eb22d9483bec1,true
6c9647b23fa9c307,false
31432a608347ceb4,false
7c4d040a998e520d,true
70da610f144ed8f8,false
5e5835e5a557ab43,false
5cfcd806b79e2945,false
7fbe0aa0591758cf,false
6864604206da4f0f,false
282a440e3c481d38,true
ffc09360c7036392,true
5bc708452a9326c4,true
495adf4d1c6fe0c4,false
7776c9f77bf0aa70,false
1a02bb600cf03031,false
5ffedfdf2ad17d8b,false
050ae9b4983e809c,false
3f286503b1556fb0,false
782ca371e9934e7b,false
71c3a6f833dc8050,false
441ad6ce91e4073d,false
c5147e8a9a1ac479,true
039653d6c3743972,false
3f8402afd7d0272f,false
69c974fa16f8fd7f,false
7531bd59cea5cfc6,false
4f11272b2ae68972,false
88d1e88ae159914f,false
40282735087df522,false
4e5bf010385620df,false
5df9495661534fc5,false
42a26c9cf77ab32d,false
45d8d542e8474a88,false
2bc4bf401d498f8b,false
74d2d044b3b58e90,false
6ff552c746c3d225,false
74f41c8fd3e44320,false
658c3a2dc92b28f6,false
440cdbad63d7f536,true
02792678604cdc3e,false
c8a5a940a7ed9862,false
44d121cabf7a0e88,false
ed6b1c439a4627d9,true
2d4637a61e15ffe3,false
c49596b268db5613,false
2656d4a8b7292998,false
0fd3ef142704d480,false
66b1d454b332e512,false
a117da40423fae64,false
3094e3f98637b103,false
52bb7a657d1514e1,false
a1fcf5149f7b8f27,false
5da83ddc0025467f,false
4f7b0fc4a3c304c6,false
1c9ab71c459ee06f,false
39d4216818e5e8c9,false
2d2492e1ca10d8f6,false
7c58c87d3fa51b31,false
694157f4c89985d5,false
85bc4b470c2936b5,false
9f78e58304709f89,false
1e1b0614c3884edc,false
1d7859c5ded54520,false
4e1bbc2f4fc9e117,false
1e5d8643c30127be,false
6487f7cef4c8afe4,false
3a8365022e71cde3,false
4fb60e81ec49288c,false
d8336616a4a7c42c,false
2cbc65840add8e05,false
5bf68cb6a226ff85,false
4c9695830c9145b6,false
51e9a37fbd919c24,false
5c5ebebff951e495,false
ace13eeb4f49c7ab,false
4d936bc30af00e08,false
2b5d25a98f79de02,false
690794a06869f397,false
36d868f5c15ad3a1,false
6593ed6fd20ec880,false
48ac984890c96109,false
8f51ebab7722867c,false
3659f79cd5c17fe8,false
8c87cab2a4ba8070,false
ff9eb2a1bdcbb3ba,false
45fd4f45abfee885,false
cac90b263ceb4e2c,false
3515fb6e74ced94d,false
651e4cb45fc48b6e,false
13e1596232264af1,false
3699015680ab8948,false
7155d4c1d409de96,false
5386377130767446,false
1619ea934920f7c1,false
302b3c76fda659e5,false
d3b5748089f93dc7,false
6d88aec23660f568,false
6c8fbf0ca654b076,false
6db2c3c779a4d6a1,false
27b89a1320033616,false
2beaf7652461933a,true
7b1a1e6b988c6ef7,false
23d9cd48e49fa242,false
18088d896f63dea3,false
f2ecc5ba35893a1a,false
525542b4c3e1e5b7,false
427021d86d701750,false
6bb9b9775e6475b5,false
79456abd481cf64a,false
47c8ef7222499df4,false
17a84d55ac6a7c61,false
76f0fad5f5e8e835,false
22bb0138b4ba437f,false
0ed80b21e8f1650c,false
4b0942f82365d36d,false
73b6575dbd4700db,false
2f1e36bcd6beac04,false
de577a4369502d40,true
4ced51b1758b086e,false
7289ae3ce0e02f2b,false
579e29a7b03cdf9d,false
775810f09fdd327b,false
3f8c315ea4139c03,false
6d30da9787f75757,false
e35413214eb05200,true
e1c9742a3768b3fd,false
0f40bb1648868cc9,false
035b7014d616efdd,false
a60f8f2657f1433a,false
87e8483aa6722a3b,false
38c2597a3264f254,false
5ec0e78c8f3c4a2a,false
6c3bae112885a373,false
40e8ed26dbfd9604,false
710ef8fa3e5055c1,false
e10b171c17d28d79,false
84abd996d46341ec,false
15194d60929ec3ce,false
68e3c21f7a19b0aa,false
7d68e6be357b464a,false
489ff11b760442e1,false
29156911c2159b2e,false
e8952516d3510473,false
3b57c6f2ebf5b4e4,false
25d5969c494454e9,false
13a391f64a52704b,false
a923b11805657614,false
ec6650568679767f,false
63b637552b41692f,false
386ac9c833fa7c4d,false
3a769a50eb6727dd,false
a91b3bd69a35826b,false
370181c5d577b6c8,false
52e5f5a386aaa892,false
62387a69c7566bf2,false
7143a95a6ef2a7ff,false
a37fac9c2b088dea,false
351e803ad7d913ed,false
48d4c3848d6744d5,false
33c9625d3cbef38f,false
2ce5c7f641123e30,false
07daeb663f48814a,false
03520e7479e37826,false
6203c941bd434a95,false
6d3a0ae03de68e94,false
83a04249803f5252,false
5d3cec19f3a5442d,false
900209a68eb779aa,false
5be82f00263c09a0,false
64bcefa9338c2a7b,false
6902d89c178cd458,false
e4a560d34ee4117b,false
1f16c8cd35f7e6f9,false
7e115c635ed49232,false
0849db292a8505eb,false
c2d8689286e64d75,false
a8a476d595ada42e,false
016be1323fd4ba0b,false
30cb687f732f94c5,false
0160fdf86f4804b0,false
6331a2ca89d27066,false
02e4ae16310a81cd,false
7c8c0a8660e6d760,false
25f87e362d014b27,false
18defce0baccd9cb,false
5330e6f97ec67f52,false
4ebdf566df91f374,false
15595c498a7f8008,false
651cd9ff6fb2e7e3,false
07384d68c8180bee,false
410f9b4c7cdbbbbd,false
5d6980aa607d461d,false
0868d298d991d5f4,false
3a975d47615664b6,false
79ba8e9c389d8c3e,false
351c8fc55d21e01d,false
2d090e49cef0f8f1,false
249fb021603e8df3,false
268927ccf66dff57,false
bb8fca4d7c9f9f26,false
483bcd15f52ea278,true
e85d6c2ad0cbc546,false
0725590f6ba4abbd,false
5c9e3537575f0759,false
6b860ee193d3c232,false
c1db8e92cde5336c,false
845314058bc7eb88,false
3c090ea50d9c4724,false
68d3c61d792f4980,false
490e1c2a16b9e325,false
39f6e3494962d00e,false
7e65965604d78564,false
28d8678463079686,false
645a76e87e80da00,false
45294e70b2d8803a,false
436a429a4c07acfa,false
dc4a698f9e6baad3,false
1063cc9603228de8,false
048dd13ec0a6e5f0,false
4e928f20f57b219c,true
078482df5f84b1c5,false
be6654f549144881,false
1ce9cdba6fa7446b,false
7fcc33bdb3326f65,false
6b661935818aa595,false
7fe26302bf95f14f,false
688713515c8115f5,false
4b3cd038d4c5b34c,false
ba005d31c28c88a7,true
0c16bc6693067f63,false
a373edb6f2b5aa80,false
6f51445e2ce601f7,false
5ce2deb07c0f229c,true
3e08803716107ab8,false
39df52f470b0b5e3,true
43e61d032920e809,false
4727992ff1d7afb0,false
4c2c7e67f8c64f54,false
c85bf01104c9c3e5,false
6331ec89d9f1ee6d,false
5fe5cc1b7255014b,false
c8556831ce6043fc,false
02a34d81d5864257,false
14d6fc2b1aa7e315,true
06966f222779f1f1,false
147ec5767d22ff82,false
94af6174d78fe804,true
17a716c6757fe6ad,false
6e7b2b7b4763072b,false
5570c453d0f7c039,false
1ccbe478884ff950,false
f22c128209ea30f6,true
8c3657972f7c8766,false
0a5a6d8dca509374,false
81f6f40ec91d9fba,false
744e004d3a5b36c2,false
4f4c0fcb095520a2,false
d3b6f9195bf11116,false
4f95032cd83dd095,false
b189bbbae29100af,false
282c73c07a26b21f,false
c72fe503b2b6fa47,false
01d30955438251de,false
10a3684930a32acf,false
00bb37f49518a7a6,true
2c275d1fa708560c,false
6d200fdd208088ce,false
21239e112cceba5d,false
6a9d8480c6ed0596,false
bce322318aefe90d,false
6153a114d6b6d8aa,false
79ba3e967af01f27,false
6e99a4ae8e0e5de1,false
e71c1de8527c9645,false
66c2e24937d72caf,false
607d6fcd1b2bd5fd,false
683d0887491aa8dd,false
6f03595e275db02d,false
52e48c656a21b52a,false
5471fb4868c83f3d,false
1f6676bbbafade91,false
c7fb2eb83d322b4e,false
417533f172c22071,false
068dbf35e4d3c3e0,false
52f8b07a1c37cc32,false
3e40afbcf39f77b7,false
3e642b81a8874753,false
2ba146638bee6083,false
6f066677d4b96b7b,false
f058d914de4f41bf,false
0a5715238f88204f,false
76372e6fb48382ad,false
40c9ac87dde6bbed,false
41d522bbf3032cfb,false
9b2fd63f00824f2a,false
374dc69fc38f5b7e,false
30af957ee2d4ccd8,false
59d75f32fe9cc2db,false
5256657f002ed05c,false
6deaa8c629396441,false
1893912617026cf0,false
6703c376a3342723,false
50232c6d72cc6d3e,false
ba69d64242ebd010,false
1308276b78d14d87,false
023f0051ce53e83b,false
ec1913a3ec003f67,true
6880971fa2f66f41,true
06e753149bd2dc77,false
a59d8956e9725993,false
5fb6079ad06569a7,false
1fcb122dfcb0b0f9,false
fd90ad2322122079,false
004b4d803d0787f2,false
47c41c2e479c9bdf,false
6ac24f3814794c03,false
f2d7a6195d074405,false
ddb13de0274325cb,true
b22b1d8514432738,false
070a02d8bc1128a3,false
55fc67900c50f780,false
682eb9c0ada4e362,false
214efb42af0873cd,false
775b321aed359fee,false
4899e8e32f0a2d7d,false
1057f4b7342af4a9,false
62912da241a5b797,false
055ecfafabffca94,false
aa70e4f3424aa288,true
449e9e0df56bca3a,true
e2495a19710f3ecb,false
39b8b116c66ded53,false
13a1b239268bc2a1,false
b2a21420471814de,false
7864ca4f126269e6,false
0d62e7e0bb3ab88b,true
67a789ec701d539d,true
9c42fbe3d24dc26c,true
448917bfcb52ea34,false
97f3ed307fba0352,false
7d3adc1d383400cc,false
86fc56f1d23d1ef9,true
1215bf00cf0329d0,false
6a01cf0261cc2be5,false
6566e99bee32846a,false
1c53401dcf436e33,false
53d831aca69cff9a,false
a58ed74807db8717,false
0451d6d8e50f3f6c,false
03ca0b7f7af338de,true
7cec1a4c2173d2d0,false
3199cd78dae649c3,false
1d87a8b249150c62,true
b1fd06a6ef1c6b89,false
4edfbf4b96083ab5,false
5cd72f460db41052,true
2af1f67fa650e44c,false
db94c372c4ef33f0,false
7c8a8825426886aa,false
3bcb49b7aa9cb95b,false
162a9fa9d8be6bee,false
68670f1c9440af4f,false
7389bedb7b4b392d,false
75f8fb823ad9a71f,false
76f7b339fc9c69b6,false
53802128efa3a5e8,false
7b9fd65f36143dc7,false
26edba8670d3449d,false
4130627976b2d2c9,false
646165f2daa8dcd5,false
188485c6480c3a1a,false
72c5ed5ca1f8fa93,false
2a8c40044ed2b750,false
7e6c2c58803746fa,false
aeccaacdb951cf35,false
18804ef195b8fb5a,false
3eca5361a4cb7a34,false
43e2d816efa92092,false
010676499c66b20e,false
ce184371136bdae0,false
3861c58c21542175,false
3c103307d9bbc2c6,false
15e1d8320ff9ef92,false
6ab112936e5d23b2,false
3ca83378dae8b59c,false
6e415e2e7f7cbb3f,false
5489d1de7c4ba04c,false
3dc9591b3bd33436,false
f2b4c559f434cab0,false
4421be1e8b2f60a2,false
4cdcc157d0b71a69,false
d7c05b4110e061b0,false
a6377bb8e4314fd4,false
39ee0b9af7263978,false
42bf17ae7f7e88f7,false
095cd02d84d38c40,false
352bff5edbc7533d,false
beb0fe3b4524901c,false
5b6f79ba2817c96b,false
42786186665e7ff3,true
bd97bf8481ab10f1,false
7db6208eb2d0325b,true
1956f51db23b776d,false
18fd971989c569b0,false
18b1b68e447983ce,false
68df7a1c3b69e39b,true
2afe04be4b0ae9e4,false
2b5a934bf9c49b33,false
a583ce5eca728288,false
25d3fbda9a8cfc03,false
51162430ebbc4482,false
0a6251ba20b6c4d7,false
3e4a3b9df4096657,false
9dfb54df580841d1,false
60b37eeb2e920337,false
4ffb354230d610ca,false
0bb44d67435f6648,false
4b9c6df24073aa89,true
262a1a7515bb462a,false
ec1f49ee57cf4f3e,false
36cd3d87f5e09cfb,false
139fa061cb0c45e1,false
85ee9b20d4d998e7,false
5cb9d442fd73af80,false
1e2ac0b4d9010f57,false
e1ea119aa756cfd4,false
4667f48b46bfe0da,false
9899df434956e9c1,false
e63d2b4c8d1c901c,false
387c9e328bedaf8d,false
33b1e1faa6c66a82,false
f1a07199dcff335c,false
ef59873e123fc9c6,false
6f0cbbbeef77f519,false
b33ca39231273265,false
533133be45b37efe,false
6b9950e632833c1a,false
170b39c4dc678fe5,false
527ed8d6a5611a27,true
a24cd5c1225dad1d,false
2a7e2ab816f0975b,false
2ce018f463f0a403,false
18f2041148afde00,false
261458f024a43848,false
048ae187cfdc8c31,false
52ae58ce2419e1f5,true
0d0ddf9fd7a5d2c5,true
5a1648f9c3b7a4ad,false
92a26c5c0d729a4d,false
172f94f36986a46b,false
3f6d071e7052629c,false
038b5da8f598f6e3,false
6921a0dcf6164ffd,false
4460b092c3fc22c4,true
0115f674ddf92ca0,false
1dd35f46afed6feb,false
47d486ff12557091,false
0f6804d668798885,false
704bfdc257336ff4,false
58a3b0dc6568834f,false
d2e5560618fb3be9,true
3204b911b69b1f89,false
38c17de6fb3c3414,false
0a6a039fd0ea4445,false
2579715f31c17ab1,false
54fde5931db7af8a,false
4c1d720d1e3e1b8c,false
81967cfca2183e9b,false
71c12417cc7de077,false
28df71c01eb001f5,false
7105814d354ceb86,false
4c6b8a803b7dbb72,false
10a937c44330f3b3,false
919e4275bf7e3851,false
39bf503a2eba8c5f,false
de31d0d50f20692f,false
020c8da948a69116,false
2ab4e4fc0f3f0327,false
40445ed5ac4da0d7,false
df98bcbc8d8d4478,true
70767bb6f2e3b4c2,false
271543a2af9532c6,false
357051ef075e7b7c,false
93523c20cdd57d23,false
f50c4d7c08e8bdf9,false
b79d3af2c380995d,true
093ea782b378dcba,false
33a6b647d0742ac2,false
591002f216db61b4,false
44d69127c416acf7,false
0b5b6824d316ffc7,true
ee0b375eceeeeaf9,false
31e0066d5e7400c6,false
2bee489f7469f57e,false
6cedb1c301258fb3,false
05611a72cd0338ef,false
bd1c18f177e60e1c,false
64b3da3bd345373d,false
388727dcc0c6893c,false
52a3b175a9334e90,false
6a441cdbea694b8f,false
15fc706f4f418bf3,false
5d7ad5af4f843d4a,false
86807e57074c247c,false
165df70618659dbe,false
9b7d60cb3f588514,false
04b6c489592c14c7,false
627304fbe1a8fe33,false
0fc1d164b4f6d39d,false
11e9dde4f726908c,false
3abe0bcdeacb4bfb,false
c9f50ff6ff586584,false
6049f6a247ced9cc,false
35e50c7c293007f6,false
d814f9999b443d19,false
16105201bc18950c,false
12c6c14c3361948a,false
0fd77ad324108422,false
6a1ba424752b8966,false
3e51903e14bc5c08,false
25f5db78a0dc2daa,false
9da0bd7e08425718,false
1457565726c182ff,false
8e6b8591103ddc22,false
1ce7e123d7128897,false
615c6e075351160f,false
19230bfaf507ecc1,false
ed4644403f7b386b,false
12367d55e39a94ad,false
7fbf842a4336f366,false
743cb50daaddef6e,false
09220111bd699fd9,false
89ff175d09f9c4c2,true
6351cc52702db73a,false
490d26febb925269,false
a01eac34d2b95e18,false
2feedc88eea0c859,false
726f6cbadaecc84b,false
ca1eaadd83f85f67,false
3324fd8e070984f2,false
f67e24216023af5e,false
a6e3fa9f13a78a6c,false
49956752ed407ea8,true
505f19232559ef44,false
2be80fd287385a31,false
3e289f7922b9d7ed,false
74d60868f8507f43,false
2a095551b7303340,false
3ea586345fa3ac28,false
b7e796f4fa28000e,true
38e701531ec558d1,false
a5b5f221dc9431e0,true
983a7fca8cc597b8,false
f34091e2ff1484ae,false
716a262d3cdb6337,false
750e62f181dfd07e,false
8546b465a31787e8,false
2ff5dbd7bffaf8e1,false
f20f070dddbc64c6,false
6625b5d39999b34e,false
44100469d38d3175,true
6bdd3d48d75189f9,false
5a35c18e9640f4b0,true
2b11b05f4d477bc3,false
6ed82b6c39757444,false
2f0bc12d2fe63e88,false
fbd0d9a8aa12f741,false
2a1a814750bb0d35,false
2f7792210a42e4f4,false
72959e8d27d87916,false
5d5ff820fd2d3e48,false
1c4db0e11589dadf,false
34be553bf86b55d4,false
45ff30ad52b2da8e,true
cee4e26e6a9c805f,true
425a1ba1ebd3f1b6,false
1b05e6ce00715e81,false
009a612ba67c6cbf,true
33cd963708de2fd6,false
8b0a9b34594e000e,true
ab9df9eee6c43ac7,true
3e7ebe0069996c38,false
715891c07a85f783,false
d669a4ef6a66d3a9,false
1cc0e6b62d91dc58,false
4e2ca7109dbfa98c,false
4680e32e7ac0952d,false
68ccbf305fbd2c75,false
3d13ef4685f9a155,true
1c9161fb1181c63e,false
16b5ac2d9dfd898a,false
3f4fd1e10a572950,false
3a05a00d87b1b4f6,false
002dcfa47790b7a9,false
7b31f0e034cd5b33,false
73c414d5f5eb47cf,false
2bf7f53ea8a65b44,false
0207ee26767e8692,false
035b4a005e1b3999,false
780a65881cb93db7,false
f706e4d5294cdd09,true
0c3432fd34b0ee7d,false
7a18571d210f8743,false
60c55aa4cc4e951b,true
675696a2fb1bcd0f,false
0f2e505bb886ea50,false
04144a005ea64fd1,false
548f1ce920ccda42,false
4d8d979d79fc532b,false
b9ab603b9d72a5c6,true
6a41d0bde1ee1956,false
4e4437b7d60504e5,false
1ddc2a1699cfe139,false
0bdd058df95bb46d,false
05315c6647db8f44,true
0f0acd817decfc28,false
741cd1a426074862,false
7cb07a22df522b91,false
333730fb7115e74e,false
18bbe24c58d815e0,false
1348274ab5b77fc6,false
7a00fba015cea01e,false
5dc850c518b6dd07,false
7060797c9f43dc89,false
41427f5f626011ff,false
d70ed26dae7b44ae,false
021c2edde51c4901,false
3c7e43d0e427e4ac,false
59cb8d24972e3e8c,false
745c2be8f7942795,false
08915fd310276687,false
487944da936d1645,false
49ea8e901598afe8,false
6ef2daeef9ef3be2,false
9d658dae2f351722,false
59bef6ac53ec5430,false
1aadbb36fa7aec72,false
3e7d06aa2ef0c0d3,false
7f58dc8fd915f4a0,false
ef63d6fb922fa8b5,false
56e899e7a0e8cf8b,false
22739224a30774e3,false
2d9eeff541087c92,false
1abe4fc3e3d837f6,false
cb1871d18642b5cf,false
4392dcde367c386d,false
c646a8bea92ae036,false
15b593261dd17e86,false
435b6e3c9e9d3d60,false
558e6a327676dd26,false
0914df0bdae96a9d,false
02415df53b420da1,false
0e75781f73117ac1,false
457151535863af01,false
1663e4483c6f6998,false
5e68431afeafa9bd,false
4e6a5fbcbd976e3c,false
5850e10f0a027f65,false
0c4047c0eda41ece,false
703d00b899bc35a0,false
2c9b30bb4b5d8600,false
4a0c49039f260d53,false
1ce3b3d8ca692746,false
a8ab89d224556dc4,true
0e6d0c885431ef20,false
9fa3cdeed310241a,false
10189bf2ebe9800c,false
221e7422c8e1434a,false
61b2e35e2992f72b,false
3dc9fefa0c1860dd,false
ef0ddd97c091f186,false
55babac2b52ed45a,false
3379259e8f6822ba,false
565524aec5606f32,false
007f0dd960654922,false
48e71cddac00d1cf,false
0543fc9e467808e1,false
1e2ca6aeb110c8bb,false
40a06e47e3fbc1e6,false
374f5915f6c2203e,true
3d81f0d30f40962f,false
0fa4b7d77e690555,true
3a4a6c9f0339f27a,false
1ba915aebe24c94f,false
2470a938dc6cc053,false
427493e047db26ac,false
55b3ee9706c32704,false
5dcb71304224d678,false
23d6314eff9e5eba,false
6f458b140447f7f2,false
62f448fa96a74d7a,false
7a8f5278a4e6822a,false
7e7b62dd56154056,true
0b0175f7dd54bd61,false
5919307312e816a0,false
5e37840b70aa0b7a,false
586d8378197f7869,false
5db7f207df5bd06e,false
05cf951e43f74543,false
5bc347ccab429c0f,true
7d8a671a1e4582cf,false
3f1ea723fdc2e591,false
48de52d340c3f93e,false
0cfccdf4cbcaef6a,false
6d4e6ff233d1d124,false
16471bf26e97bcd5,false
af77403d6b4d8839,false
2c3acc8f17515aed,false
0d98a142ecbd8823,false
6988d5a6e8e9a9c2,false
03e0fd712739f172,false
397e8fd5e98c624a,false
9d4032fcdaa36255,true
784a1fc0aca7194f,false
3596220f1f6211f4,false
110511072f0704f8,true
5ae956f37eec4b0f,false
5ebf299bed571c27,false
0b9c538c48021ef5,false
362eaa8f07181063,false
6c282161f142df94,false
dc2c6bdac72c7393,true
3632d5cf24bb6453,false
3435e37fb33a06b8,false
3db69a731e98d50a,false
368a8fdcd7207e8d,false
4b0173d5ec14e90e,false
2148d65c73915772,false
40bbbf3357b7229d,false
c3104e3fc137cb7b,false
398c6a774696f20c,false
6c07aa5e7a9ef2ed,false
79bbd95e8ff40bc8,false
00a17258e44026a1,false
2a48412c4ddfd874,false
2bb7e1a26d43f7fd,false
159884c61abef5f2,false
bab047cdf75afe02,false
3923bb4c19fca7fc,false
79535c3e8508f6ae,false
50ddcef40cc8b3b2,false
54edb2dd77f36e4a,false
1ad980f3c96e9718,false
bb2d992906311d42,true
614162cd5338c119,false
61d2655270505326,true
125c49a9cdf05411,false
2694e23764050aaf,false
cde53afef40333f6,false
5810864a210a0c49,false
c75807732ea9d146,false
d90f5873c2aae494,false
c54576acd2af43b5,false
67af9e8060174167,false
8c83079d73bae5b5,true
452cc2d0e1194adf,false
01d679b146e79f43,false
02e693b940b2ec51,false
0c38e658e0ce7c20,false
4ca91e221b047c3b,true
dc2a521a045be15a,false
3768461fe0ef91c6,false
27a37531b6a220d0,false
075eab549d25b799,false
56209a165a0387cc,false
d64a6ad9b12d95da,false
61873ba464badcf0,false
e89f783cf8f2942d,false
230db48bb62995d0,false
2ceaa873398741f1,false
45cc21e78ed38b78,false
6d1710a5d360a766,false
2fb825a16ee0eb5d,false
753b742d506a3d06,false
1bc129e47c1f00fb,false
1a5df6408b4a7882,false
64e4a216188e35fd,false
ca112ccff980640d,false
344dba685270b18b,true
5e705a5354b56b57,false
253ca493ac4961fe,false
bc6626bd3e4b3af8,false
ba5e1f045ebbff73,false
c54b96ce671f3049,false
e54be14e6a4b0588,false
0575585872fb42de,false
1671311f7762de21,false
6c927720cb965b97,false
4b586414ef281258,false
0f3637ce713c996e,false
1bb9c63d646efd2d,false
4023428a28c99a1a,true
024dc7860c02f55c,false
b468c53f6f4eecea,false
293dbd5f90682943,false
622ed752fa8e809b,false
c07c42afbf8b110c,false
2e39752211d9286b,false
6359d1d15dd3320a,false
55fe7e34a5d427ae,false
7e1a6a93fbae8693,false
6620a36818576879,false
4111b2aa362a1818,false
427b09465cc54987,false
26aeba003d0206d6,true
4356169514a88924,true
19d84a81ec4c6f30,true
0d9cbcecf2578bed,false
e45768697b8ed231,true
1d8964a44c5a2d78,false
30b6ae81f86cb504,false
817c8973274832cf,true
e5aabe87dd007250,false
70ddee739e92ab4c,false
03c033382da3d6de,true
3e788c8536ed9507,false
359a8b56e30094a8,false
1e212300ea51b610,false
6f3a827cff6fb3c8,false
5b311ad49ac9d496,false
5d81e461b24c0859,true
604d750f445e3df6,false
24cb270f52a6925a,false
40d67ad910ac854d,false
44510c0ce5c551b5,false
087ee5412d01547a,false
1aee27955f398b98,false
90c7db8441ef02ca,false
761db1d87226ea91,false
672f34ba1121c8c0,false
2f59dc87eda2325c,false
26c40a7705f11180,false
0a6bc5a4d1ae3898,false
79781449d4215761,false
3fbb7d7f2fbf5bc7,false
0b6efd17e52b5887,false
d14931db1f0052f8,false
7fa8be187e9648c0,false
623f8917e04a423b,false
46cb2ba56a2c0ffa,false
3e1aecf7b561497c,false
57edce13cb005df5,false
1cf312537037666f,false
a674e821c5240f87,false
a856b3cb0fb3fb98,false
e9998c7bf872e8fa,false
493dd2f0fc24bacb,false
3fe376008e20e776,false
ae14d29560646183,false
4fc8e9f909e1a53a,false
3dc8c3a1351262bc,false
7709ab1ef9e298e4,false
0d1279f071f6ec8f,false
efc0ebf5cb9672c6,false
109a96d9cae056af,true
7ba280d87367f68a,true
606acf59175f554f,false
779d57532b726e78,false
c4db64029f441de7,false
5077dcfa7e69f73e,false
02635b2197e5e602,false
58dbefc5ef4591cf,false
310353153bb67849,false
3f54b4fd71ae6643,false
066d276c9969a0ab,false
0eb54f2a3a0ba7a3,false
c60251e34564d1a2,false
1a911c11265978e1,false
5983f800ce3bf4ad,false
310f675284e65f0c,false
4816469573aab83b,false
b2f19f909c4519c8,false
5058fb26b1ee075c,false
5183f4941fe69827,false
5e11c3c7cab53dbe,false
70d30f5f82cd43a0,false
a304607754e14a92,false
b60ceb4927366bcf,false
1b83059f30e1ad74,false
adad90f87768e66d,false
790a02cec3897811,false
7cbf9ff1351f6c97,false
3bf10ff0d2b9ec8f,false
2e3d06eb24672a5f,false
6cd955020918f4b8,false
22a6566c3c576fd0,false
2c98c0c48ff726f9,false
55312bf0ec3fe6f6,false
2944fdbd32aa0ce5,false
71ea6c569cd01854,false
1fc25a44164019a8,false
9a9e479446897459,true
068984f4fb7eeacd,false
19ceec1b5b6424ac,false
276799a40d4c05b5,false
88073b36084b7a97,true
474adbc9e290a5ef,false
22836781542f4dad,false
1903029d9368e682,false
806b3a0658eaee92,false
32df9f5933252ed6,false
06df953885c2bda7,false
abe8a0ff45d65c68,true
151b224f91081dda,false
22e002aca8c1dff7,false
6c7fa7674d433696,false
27646a2bfc1f81e3,false
767652701c2b725f,false
025a0c842df522d7,false
4d0d002c67dd44bf,false
df1d1c7850ca0ffb,false
6ca8f8ed7e57fb4f,false
7c1b7c9ace927d79,false
64fb7a8f489b73c8,false
729178b50d4bba97,false
1867acca7b8c5171,false
51f8b00af611c757,false
f6dacbcea810512d,false
3b03f194df45d845,false
581ff99529f8ce70,false
0567dbcb6a1d7325,false
ad66167b9927bd2f,false
751e34f9c7dff7ef,false
490af4193f9ecff2,false
35b4d9c4f8636c15,false
54d24b86d1121cdf,false
2ef0fec243d3e52d,false
002c1429ad526e04,false
221e1dbbc121dc23,true
39ca6def28391963,false
2dcd2c2597901be9,false
ee5fbf9aa45b51a3,false
14a02720b4eaf02b,false
1a330b5ff4ff71fb,false
2bb291e12b7c6c47,false
4beca3ef7a2f9e84,true
0a08f938bad7643c,false
bc6a767b001f5033,false
0104f635fd4cb7d1,false
2d4705574c4ce1d7,false
7113f0d1b034e820,true
5d41238ff9ac096b,false
20f3f92a706b289f,false
34f3acf6a372994c,false
0f11f4e13d669f6b,false
2545c91cc73ccfe1,false
1d2df54b45f4d86f,false
0001631e76b12960,false
b2d5b61ff5e14f5a,false
208b7f1589bbd492,true
4508dad31b6f3772,true
10eb15f7a068e90d,false
38f327d166c8e0aa,false
10da7ab6c775278c,false
1ac8a691c4497819,false
0ed758e3d3517631,false
75a7abfc267ceee3,false
8298e6a9159bbfec,false
3c72ee6a07f4036a,false
61da3c1df603a77a,true
3d9fd556eec549e5,true
5deac14ea8d4f7c5,false
7cef65a6834e5452,false
348168e09841bf24,false
31e9793eed340c2c,false
0ec68e34a15a1041,false
7fafde7aa1ac8f9b,false
39bbdfb0a4bc17be,false
938f1278e8469252,false
77ce068df3b421b2,false
38846eb7fffe6e99,false
12e4750409dd5602,false
65b30db0f2e2e96b,false
13035dbce64ad765,false
648a3705604d70c5,false
a5994319bc79e4a0,false
2771d4028cdf7018,false
4e962200ba832fa0,true
697abdbddb65f5f0,false
c7944f82e9b910a2,false
2ddcf5372b7172e4,false
54f074fc2f370160,false
5a79056a4cec908b,false
27b58ae038bf13c2,false
7917395c01d7ef67,false
40554e986814ab4a,false
37b34ec4629763f0,false
1fdcb6c0fd7ca20e,true
0781a6a29ddcd67e,false
6fd946a4799bb33e,false
218ec40f66756bae,false
728740d02f64b7e1,false
1992eb531fe25062,false
031c30e30df48b8c,false
461f1f8bec112aa2,false
deb883709f073cc4,false
480349d68cdedb0e,false
72eac5bd4f5c7c04,false
74b0ddbfd1df1c2a,false
0627c4e15be2cfdf,false
44f0393b71edfb3e,false
5b61a60d8a5d094a,false
6f9d502d6165842e,false
895533c797601e2f,false
4a195e4f11c8d8c6,false
1a76860c515a0142,false
3dc3eb1b656fe2a5,false
400e4e6b41b2275b,false
8890d953580479f8,true
adc357297a394e0e,true
1e857668225cb851,false
557b5a2f253a96a5,false
09512234804bd9ce,false
279811f4f1b3c9e6,false
52af34d4ac820a20,false
69d92f5ba3d48426,true
242dae84780b99a6,false
4011d2932a6511ee,true
5a84d85a8218b4e0,false
88feabbd11531476,true
00e817d158a02b48,false
d3ce6e3f5d9a26ef,false
45ddf1174c4e8ec1,false
482b9851a2f74a7f,false
d1fe2fc84b56b98e,false
743ea3d760f50059,false
1b5a3db9affcf8d8,true
9f8f6b5818fbe2ba,false
4f248d2151bfdb0d,false
0f84dd1bca50af0d,false
35d380a05fcaf187,false
a5c4ff50465a81c0,false
2036940ce24acc56,false
1dfd92844f59a5d3,false
42472f50e2d21f0c,false
9be2c6aba97a3b38,false
5997adda1f7c7dcf,false
389cdaab5aeeebfb,false
520aa643841c5014,false
690b288ea526f355,false
e6a5aedf0366543c,true
be4be8983e141de3,false
43cb42b174d175a9,false
295a7e53867b829c,false
3a2c6a150e085723,false
54b4d648e5789478,false
66b794cc4ad13f3a,false
2bb29e890e364410,false
2b70cd3001d06f44,false
0da186b6e88861a8,false
19b31d99cd418387,true
4b514639db9a5aeb,false
38fb3d80dccbef39,false
465c0015d41b14c5,false
684ce3d3837fc61a,false
5e5ab55ab8839bf7,false
3c41d792d43826e7,false
c2b7e05f6194d666,true
fe3da6dbbfdb9c5e,true
6110319a8a1d422f,false
954e9ce7cb8ef0d7,true
871a91f3946c8a5a,false
c2bb034db35dbf04,false
795ebd4a2c0bf95b,false
e40a7f2cd2144391,false
563ac687b56cd72b,false
bae5b028dce3a66b,true
26edbb0e8259c754,false
378e14c1805b582e,false
2ef62e4eff05a365,false
c4c8b62f01af8b88,true
3096d25a992ccf85,false
6ad14becd33cf76e,false
490bf7a7c3c88831,false
65995c3978f2e756,false
655d383fa25d288a,false
206a01239beea0ad,false
193e1e1d74f185a9,false
15b7ae0073338f78,false
6d973735bd2610bf,false
21be528158583a91,false
57406c17520e31c1,false
2eadd7c96ef93005,false
07e986f6f67d9c53,false
20daf6322a8e9320,false
786393760f2fbca5,false
39528f319f088dff,false
1b15119bba4343a1,false
005f09afd92797b2,false
794eba4c1648205a,false
5041340208851f65,false
5dad216336f31c41,false
68bbd24b7848c32c,false
3ce93ef8a627822b,false
504bc3c0a70e3dfa,false
bb85476b0bd8f02e,false
60bf4461769d7179,false
20e69f99de7e455d,false
2a72481bac49cd64,true
5ebf34b3f2edabc5,false
3f40b4f88c2c965a,false
8ec96a78ee14d050,true
cff303aceb5dc2cf,false
1428a3e5cfffdab1,false
51d4d82cccf81a8a,false
0709a9328019c782,false
e604d17dbf5abc51,false
1bfd495cc7c28a6a,false
8e0b081b5c732249,false
79279b7d7a2fde1b,false
15e03ed1c1074565,true
95db886ba9d45201,false
7a9965fdd52e351a,true
a11667be409c04c8,true
c5e1bb839567144c,false
35e27548f6154aef,false
b98d894e8bdf3187,false
743f7d24caf9b856,false
0346134698c85c73,false
3e927b0ed25c963c,false
2436b40d84daac22,true
15451a2e194851e4,false
10a76f80bc082058,false
68b5e3499045d6dc,false
0848b4021f71720d,false
7491a254caf9172b,false
7511f9b1b5820e53,false
4799e5ef0a2f8dcb,false
647a5d460f41428c,false
44f88fc0946b60ab,false
f91078a52460b0c0,false
40707ff4371638a6,false
45e90af33a30a7ce,false
559eb3adb8041cb9,false
543ea9609baea73f,false
4edc1de896cb4876,false
d6899da97ca01b93,true
e4f2385b3812d62b,false
13a4e3009b0d3c57,false
23e7b1c978bb8507,false
c46b506c03be1d9f,false
6fd0c8bb730a7cd1,false
798de9bee7d8660a,true
4429f9e989d725c4,false
b8fa7a4443faba60,false
77996b95b1487639,false
695f939b81c4d160,false
6403c7e8e9486324,false
095eae46481e38be,false
5893a71008ff8b99,false
00f4180c6c416a83,true
59bbb2fad957a047,false
a45bea9e5d4a6955,false
7e5c5a62b04cd650,false
065a22243129a558,false
61ab7a6c6cb9e8f3,false
54c8e9d7df316acc,false
2ff579d07fd8f398,false
29866f82588d3e5e,false
729195ac41751d5d,false
8c9df3b7028548e1,false
71b6611554d355ef,false
48cba167b5571347,false
5c013e0e164152c0,false
7a32387a107f33a6,false
bc2ba878fa6be8b9,false
0c11e133a7351164,false
e797ff2ad04148c4,false
61f621d7be1b6e39,false
218538273f372e6b,false
f9260a672eae8ac3,true
75f6257c74aa4bb1,false
1afb6514a51b3867,false
90f9f351f38e86f5,false
c37432a1e9215ea0,true
fc637f6c9e3ab984,false
75105a22a37e1cb2,false
3a3a50d378603271,false
7783f7ccc7bfad7d,false
435610a772af17a8,false
57783fa988eae1d7,false
3f915bc33b78ba55,true
2cb4cacfb8af92ac,true
79cfac093e00cee1,false
37a451b601377e62,false
0fdc0bd5c95da931,false
895273b552d9055c,false
6d72fa1f90877259,false
266a19d121315969,false
4d71e81e0e2b2a6e,false
9caa8869d339efbf,false
46cbf77485a9ed7f,false
7e1821be4d895911,false
08d172015941e73e,false
79de398d18aac6a3,false
74349afe695cc6ac,false
4e08b6a300ca1b67,false
683136710b80e7f6,false
b7a7a9cd7b6fc1ff,false
660d1f8163f4925c,false
6b866d22b4bc4025,false
080ceb61f1b56157,false
776e547fc82500c5,false
2055f430cd2bbdca,false
0005f6273e468ca1,false
3219146bd5ba80fa,false
77e2fcbedd96a446,false
1ee586269dac7adb,false
7770fe8a6f004b41,false
05f54d8f2406ddcc,false
67ad1a412c690ee0,false
655c47bac5604c38,false
101f61a11b3ff108,true
f9452729a7136a0d,false
4fbdc8c2925432bf,false
4f8cc049a129dbae,true
6def888349adbb4c,false
6c6717fac512e38f,false
620b32e908482c0e,false
f4f5d06e5c72532c,false
3156ba0ea5a7e053,false
127e51b2e98013f7,false
e42bbc55681114ce,false
7ca6029c27833c13,false
e2aedff0c6e1db93,false
7549bc48c328e056,false
79b23b240bc296b7,false
50448358f6e9023f,false
2a1fba250422239f,false
4a1c4a748886d8c9,false
446b166cd7bdfabb,false
d258e25d265aea77,false
4848e80d91b88498,false
14de438b15bb4452,false
701373ae9764b230,false
4400ac2c26b345c3,true
7b35536b1b961f51,false
00c16d80c6a1f525,false
2d5218411363e174,false
568b228735246b00,false
135160e27f2b210e,false
bef858b2a31fd1d6,true
4036558888fd10ba,false
677bfcb8a1e12432,false
54028d998fdaa7c5,true
1dd8493153a33780,false
76a7e28f9d72d46a,false
42c8443fc2958e36,false
35308588b3d15b51,false
366df5d31ee122c3,false
5034c8a710811fcd,false
a1a4b05cdf822964,true
022ccc347188bd31,false
13febc94bbcc59b6,false
2c3cbd554f7ff5fd,false
a5c5ad305c925cbd,false
cbb7ca505f0b95e6,false
05c440f31b77f38e,false
6dca4b9927003797,false
148a024d3e7d07ae,false
b95ce5f9b7855670,true
4957c595a6e5bd2c,false
409e548ca53f1d9c,true
3f142238c8fd5906,false
a8572fab73b55226,false
55125366bfc1baa7,false
2b6fd8c8455f52aa,false
70adf659c0ba0003,false
1636a5a9c134487b,false
23b1919a7e40f83f,false
39a742b87b1ac265,false
1b051f6ff941d530,false
043b771ad5345b4a,false
2b065a18a1cfaac9,false
0d71969529cd0c81,false
16ee912361c94a4f,false
69506f89f276706f,false
12e6841280c9d1ca,false
f6e833db8588fe2e,false
22b50f3d676c068e,true
74c50c36d06e6c45,false
50e636e2cd147aef,false
29350ea95b9bdb33,false
5c3c4820c19b6727,false
4d7fdc8285d2b504,false
742da4c99749ce44,false
b32c4ceadab1a179,false
43e0da160140567c,false
1aab674c2443f7b5,true
0519fe550f83faf7,false
0220acd9b9da76dd,false
43084675380f1c97,false
1b15ac01528e0be0,false
12d95e5ccd5e1f86,false
fb6f892e0f908e45,false
65508f2c8b8d0175,false
65bcc24766936dc8,false
61f78a4df54d3fd4,false
4c4e68fd992ba729,false
5bc8981b7447ee71,false
6965ff5c6da40a84,false
58bd48a6add52cb7,false
190be3e8209e5985,true
6867de71b861320b,true
3557178a2a8dd627,false
4d2d46fbf0a9a58b,false
22101b11bc858827,false
f63c6a562d04e296,false
4c76a657418e5c13,false
57671a7b1b6d6daa,false
175708d2ee7bb1fd,false
a324d30a22785f36,false
426532fe6b4933ef,false
6b04e9e01ea3e9c0,false
59898230d684712c,false
070c17479124c2f9,true
62e7c83624eddde5,false
2a71cccb1de2bb82,false
6eb21245c51b3de9,false
68accd158f35dcb2,false
dc4349ec0d48d13f,true
3eec9059104995a4,false
775d2cd0ba6e5167,false
17bc2f5da05531e3,false
7616e248c33340c9,false
53167689c1238278,false
2411f206e7649fdd,false
6fe8104dea2d833f,false
2b1e8f9c9441f51f,false
48c16bca72356a39,false
337751266d84347a,false
a2c9dbc51a57142e,true
3ba2fca55dfce668,false
6bad430eb16c53d1,false
235e447d9ea0ddc5,false
307768263534b656,false
5d07e5183053fde6,false
68e8b4927bc32576,false
759b802072f1f4ab,false
4b81ddc134430f59,false
36803337d1dc8426,false
768b1a34052cd160,false
3139a987150888f7,false
1fdd8a747ae00cac,false
77dfac3dd04b2138,true
64c408239f31a552,false
65172b640c27e132,false
0b96b79eff3e4014,false
5283cf3538d561e1,false
5853f926376a260a,false
7fae628e332ffdee,false
20d7911086924733,false
8d14748329ad1727,false
529b662805f47f37,false
7c5612fc9ed55af2,false
0bc4ce2d034bc8bb,false
8f83a3119afa907e,false
7dedb454ad378d57,true
3a0741516c908287,false
2d4e6a3bef4a7c39,false
c7c7e6d624be215c,false
06017bd711ab9884,true
5864a1b311acc658,true
104a18ade1127292,false
6a5b620ce8ac42dd,false
c2f6e64e6a9bcf33,false
85874f4a300e311d,false
4a1073f8790900ac,true
a5d553c18793e7b7,false
b01e28c2f897e869,false
58b1e7c00848be0d,false
497d7ae24302832d,false
7a9252bf0d05ba8e,false
717fd603e81b4a36,false
3d1eba4883fd9238,false
1d366abc9c795fd6,false
4344123e8143061e,false
3fbb805437f0f95f,false
05402f4e1e0add23,false
9a203e7df70d7bcf,false
2ab4b262e29b0de1,false
d95fc418d8a482d1,false
11992b25fa1e0788,false
2f05c6dc6bbd5c03,false
04358ebb8970b43d,false
7a3c10450d2b33b1,false
23d830a786723407,false
3426857bfd0c02c5,false
8f2d66feb65749ce,false
7e3a842b03eaab1d,false
50994b74df85d5f1,false
cbee47985da63025,false
0d2c6132b59831f7,false
eb93e51d1e0d5f9a,false
40eb83b309af830d,true
ef9f102895b80545,false
06598e5847378147,false
78a81f444be516e5,false
16d44262041ee559,false
1a974a05a8ac9de5,false
e36c4d1ca5bc272f,false
75661aaf1bc0ecf7,false
49dba1d82b2961be,true
6258c94b81fdc1ef,false
317722b77669d319,false
cd7d609db607dd8a,false
09422e70e1609893,false
530609792566dd0e,false
1f17e7eb0a37470a,false
7e7a91493843e83f,false
b9bf419388a7fd2d,false
383ae870900d0f8d,false
25959ab380a36116,false
5633e5e076bab61a,false
5c6cf855acb57da8,false
1578e6bbffebdaef,false
1dcb694f49f770b1,false
27c307040884be35,false
2ccc1ff77138afd1,false
3503e648339ef4be,false
97c0eaec4aec114c,false
0f7d7b855034f9c6,false
3189fdad3bde7358,false
ce7ce75ebac06b0b,false
3a680861df1afb49,true
216cd7b02bb39fd4,false
252de1aa997f8507,false
579de021a7f0266c,false
02b7e8d5c4723076,false
170fd7cf3ec00478,false
727854e8d04059bd,false
1a5273609de48952,false
5f577df36dbda28a,false
2da1e89558193141,false
96647f3218cefeb5,false
0bde5c54359ab8ea,false
2634c8bc219c11fd,false
3026a430c0ce8c0e,false
6191cd1975899e37,false
91351c839fd88e6a,true
31e3ee1514645b62,false
7accbce32e29f399,false
7840b18787528af2,false
74fc9146e1fd7a09,false
6ec402b76ac92be6,false
faa4b728f7d6941a,false
356823a8754947c0,false
2b018f270574bb07,false
035027ef0d8fcc4d,false
016c24075d85c3b4,false
21259170969a38fa,false
23306fba14fe9b12,false
57c24b6c01da7d5f,false
66fa577ec02a759f,false
ce96b0defc44d601,false
0af003ca0f977b76,false
22ea751e3311be88,false
9f8a476a181b1242,false
1a75d7af031fca88,false
163705e20426c796,false
77f13a7feca8c55a,false
44cff7077a1d3899,false
744bbbfe628ca2f3,false
5797811795c90e22,true
1ebca4ce06d9976a,false
4757beca29332159,false
5dd5b555bfc81cbf,false
65aa5e230bcd4a70,false
0272e08bb85ed4ef,false
bb7375fda9384817,false
b3864648761e5e66,false
270ae7603f8af460,false
0ccf7c3a32de5f97,true
05c90b95dbd2d2c3,false
231951f762fa7609,false
2acf16f9792ff381,false
35ef4dc0fc968070,false
b5228e507aedcb79,true
c324216a8fc0091a,true
1b783b46b32e4a36,false
7660f9609dcaf633,false
702d5cb92fbd4079,false
3f52fa7a9d59ba30,true
7afad6dc75f1e6b6,true
2a518155e3c244ce,false
04cf17e4148d752c,false
28f3c9ad922e47b9,false
744ad78265dec5cd,false
62901e8ddf1672c4,false
6b4c6f2da4e8c55b,false
0610db257389c2ed,false
5f15f975cc1fc781,false
6395a0e395814534,false
24cc6c4bf402e0a2,true
7a72eee01eb6e9c4,false
0f71287729057249,false
608e46ab5940bfd7,false
74cb19889e7eabb1,true
345fcc1423f0d555,false
589e9e2a5b6af44e,false
fbc2413b68aaac75,false
07881d24daeef1c7,false
a627e6b71190636d,false
0c251b261497a666,false
4c1d8bd2ddb44a4a,false
fcfa5e05fcbcb303,false
b57aef4ae505a3d9,false
135ae72cd5dfc774,false
3aadd9747e608a67,false
b4f8ad18bdbf530a,false
1fc6f201d2ab73e3,false
bd5afcb2d25b698d,false
593f1004895f22ba,false
09977e0cf0429f8b,false
5de98c3a07df4274,false
0c3b898d284a646a,false
fd003ff5d8898024,false
478bad91d05a3cb9,true
08f67b2dd967f4be,false
ec225e645aec5118,true
5596f4fd416e17ae,false
3ae206177b6e621c,false
70dfdd5803b4ca8a,false
17e003b015f3504a,false
6ccb9c5a8cc26ef1,false
55bd8915462ff02e,false
028c3ff97fde06e9,false
a77390d7f1a3510f,false
6bc4dcf45f15b386,false
7c18a7241adc5354,false
0519b9206be9b492,false
4942668b224bb37e,false
5eaa75230ac8e776,false
210d4934f4b05881,false
685ad54498b3f0e5,false
3e8d5e1ed7eeb82a,false
626b9352c09ad8a9,false
3ca43d53a03911ff,false
df604f83f2d24787,false
6b51e5df90bdf201,false
7c8ecd2b1c758736,false
48652770dd448b06,false
2b2e4e056b705a32,false
1c642e650acd5989,false
2c2d9c417a2be62c,false
7b278dbdb6b2291a,true
d02554bfeb6a74d2,false
f798d08b160f1f17,false
5e5ec1d1e9fc07a1,false
12be7a709d99ddc1,false
1ec8c20383167efd,false
1bbb0ebcad7b7244,false
45cacabc791088ba,false
54e842bccc9a7957,false
1cfd831f4ae7c2a0,true
648262188ade36d8,false
352ff79fad790935,false
75bdb042b67f5144,false
5183ab5bbfc85127,false
7703fb293c9dbb3f,false
a291617549a86cc5,false
25de173124e3fb72,false
6551580683ad4ed5,false
0c9650db1f674662,false
0d206a238631a4b0,false
46d37f6055516725,false
21adc1d3b9dd874c,false
0d2c756b9d190f7e,false
d8656d2a24463cdb,false
a43d60a5a0128db0,false
a9ea2a20cbab9bf2,true
7aaa2ab695ca0a84,false
0d9512a9fb6c86b5,false
552cb0e01da66601,true
36c6e36a2eeb00d2,false
aed74f232bdaa32f,false
0a5629609519214a,false
e279137f1e71f897,false
30dc9ab6bbf9d83f,false
639e31f80a099a3f,true
ed3afefcbce6fdc9,true
59cdaa7e7885ce67,false
70430301df789acf,false
19a623b7f4ad6926,false
da5b9ed39122616c,false
21fdd2ec5c91bf12,false
e981a0efeb94fb31,false
917cf93fc65b017f,false
34b23121e6676445,false
1ab9efa4a539c0a7,false
068909c4f430fe3d,false
0a5f918f130eb6e9,false
df5cbb07a10f60c9,true
f14c0d2195ac1af1,false
5395d13791765eb5,false
1ddc102005b281e6,true
2b40f5df952e678b,false
4cacb478c5ae78f4,false
4e5ac5fbea6d53ec,false
971503470d039cf9,false
6eccef5eaa753981,false
454657634d3f96ee,false
28a1993bf3b9704b,false
3a6c54b17844e66f,false
577c11319168179c,false
aef871a8875f7797,true
6ca54ef9aa7adf91,false
1225b7065f171416,false
36a00872605688d6,false
695c4577896c4bca,false
5bfd481b3085e21c,false
38474a2ecaabfcfe,false
6d50ac4ab144f344,false
7fbdcfb9b5d3a84c,false
8ec18ea1ecb2fb91,false
2fa22db8d8f33c0c,false
7041830584a5d0f2,false
190816464b2597b1,false
f5d3292c829b4611,false
cb4ac7b2feec8152,false
09996c9bb52f151a,false
083a57da955fe595,false
ea6e647e5b93083f,false
4e0dcb982fda9a21,false
0180e066fb9ce33f,false
309ab9e78d892773,false
3d46803f7b6b06ee,false
d3d3be7e99f7fe14,false
83fe11df646c0911,false
36db9dead08a8df5,false
09918a5459f79ae8,false
56663dbf8cd70833,false
551d9d1036c4cd2f,false
244190f334d2869c,false
bc5d75431f27975c,false
7d7dae2f0cd6f78c,false
84a63a61a417c214,true
3028ea0034d8b658,false
38b144dfa895b324,false
d5f42dad9dc5da75,false
780681cab17f59e7,false
5a22f351ede07414,false
3b1e305ab1d9cbf0,false
6a0ccc023c32d415,false
cd97f63c7e615dcc,true
0fed0bb9abdf1899,true
4601bfba7d05fe9b,false
5762cc8aab0d8ac4,false
6500cb3d8eca238d,false
7da9a416f51d4cc7,false
ed9a17c5ed1fb12c,false
153d96820d5fd943,false
1b45225247f6e532,false
395b0ed676dee32e,false
2ce68b28995a6760,false
0a0f708f195c3445,false
707b227f84604562,false
81ff82fe292be283,false
04a0e358b3ccffb7,false
00c03cf54c926967,false
0fca7c9bb7c39052,false
7e6eb0dfd4bb9c87,false
128d7a02e81e929e,false
2c52d32df559f0e8,false
fe20ca040794b5a1,true
37b3c786a287d05b,false
4ba7db0c9b858e00,false
4345433b75a6530b,false
2a8b964b6bbaf9fb,false
e807dac2d0397725,false
8723241c2e7a75e9,false
c282fac944b66a2d,true
1cd07e5c4bba7db6,false
009c348b3ccf069e,false
16009dd592c9dd16,false
7f0e69d4b3019adc,false
3a83e71ff9a63f47,false
1d0d111a94f408bd,false
64f0b9fc995fa738,false
49dc782722112f12,false
7444fdf4616fe796,false
747e6262a2c107af,false
3454137e5dfc576f,true
1f614ecb8fe107a7,true
621643b462844e53,false
ad3a43e2e0163acb,false
28d398e7d5dae050,false
10a748ae4806e734,false
0170a70b8781051e,false
4403a86441d00b71,false
365f3fd7c0feaaf2,false
1dfecacb2d9c9e9a,false
4d9285374db10d12,true
a19b85c4667b4f14,false
0bdddccb21835403,false
01e3491ad90e6b9b,false
79568f96a2348a5e,false
227249efc368afb7,false
a2f5c73e89d5d61e,false
22152d354d084cd6,true
5d7440f31fbe370e,true
8b34c7bc7258bf4e,true
7d354203a461d30d,false
3835f558889880dd,false
9733010ee4919cf9,false
4434868c568717b0,false
42357cb0954c6fb1,false
04107c1e571f4a02,false
00b837d67ec1a66d,false
1ed4ff88ff2cfff0,false
484080ba48475595,false
5ca194b8dfa1b226,false
42cdd90fd8e43aea,false
135afd7234507194,false
1e3917cc04974355,true
bcb184184ee959bd,false
8e44ee26fb2176f4,false
18a4b4048a419d5d,false
7c94f90c0138768f,true
9d711b7126af13cd,false
70a2b59cfa5363cf,false
bfef7b0c427e79d4,false
1941af4b75c4f0f7,false
724de7767018fcf5,false
00dc58f19ad589b3,false
6a2ea8ace0c59fda,false
7c1374851fe81d81,false
747855d41db0c0f0,false
1b741f5325316984,false
27439df072b142e2,false
40224d304b524b17,false
07ed766220e17128,false
7e495652be1d167b,false
36db9efd85cbbd72,false
2b3308b11b39bdc8,false
ec212435f8bdf2a0,false
2a89484cbc18ecc7,false
5e6817f64ea8830c,false
2658c29adb4e3bf8,false
3da80f7c74daab40,false
3dbab8628c2e8f4f,false
ed916193a213fa2d,false
42d3af5a1ed38b21,false
637d06d1cadf55d2,false
134b83f3f933990b,false
53d508b10e4a3225,false
3045dca466e8cb6b,false
7c99a10d51b90023,false
0ada0e93c78044ed,false
4b7ef3e6a8f01101,false
13abdc4e5593885c,false
4e0718aaa14fcff1,false
5b3c527a67060ad4,false
069edb1924433482,false
582525ffa9b6ef5c,false
9925aed30419ebfe,false
5048e669f8068f2c,false
bea936c4b6ba3714,false
54005880b4565efd,true
69101dcd7926c80c,false
2fdc9591f104837c,false
057087f79e347537,false
94164d7cc8a385f2,false
98ea2a3434662090,false
2b82dc921d34480d,false
1ae10b03327b2803,false
18e0f21121c994c2,false
91bda66581f25042,false
588bb9ac663315e6,false
78c665a936a5e18a,false
4183f88bcea8e360,false
5b1ef9806e660f42,false
7ce147c95ebb7620,true
1d822cee2b5ab40d,false
7d020e9c07c669b5,false
2fef2d54e85bbf36,false
5c30825743e34c51,false
b66bc871beb357ec,true
32163d7290fbc115,false
3b75302018e8459b,false
221c1c41b62644b0,false
7dc76f04f0b9cb98,false
173d66ddd61d605d,false
59aef4b2362ec9af,false
2f1a08c3ab98f963,false
4f2808f1e62c17c0,false
3bbb0596e71963a9,false
6cd4b8f17f3a1f54,false
e1c9f9021588ad8e,false
2acaac429abdb104,false
ecae3f762b448f92,false
1e1f5f6a05718755,false
3feee8aadcab5500,false
1125a2bcb3430c58,true
d52eca99a17fbe84,true
7d250db5c90fcb61,false
15165e51a2e5216a,false
33aa32d1a216d47a,false
ea9bd1ab50a18019,false
c743973ea33aaa88,false
2af551d326fd6fc4,false
4c9d595a8dc3c536,false
691a3c8fd5dd4601,false
1552518ff5725cd3,false
e1965dc549720f6d,false
56fd8567995611e7,false
5f462dd72223d0a2,false
71964b2b03f09e11,false
fbb0bc4fcfab65a4,false
dc35a9ca0710d5e3,false
bb8bcc98ee31e1de,false
7bb2166fa6e5189d,false
98cdd524d957a0e2,false
5c33105122983a9f,false
ec9350de3826d195,true
dac280f3e5a5b94f,true
0121b20c4f901b80,false
348763c77764dc3d,true
2c3772fda863a340,false
17335f40e8350a0e,false
023e0d1a0be61a8c,false
3bced69392ef7432,true
fe959ae59c92b56a,false
42f67fd6105f299d,false
56db0c93491f66d0,false
9677059c07ed81a0,false
7f75b47d508f227e,false
2c1158431578b8a7,true
78b3eac6fccb4231,false
067abc8ad650793c,false
06b12d5b2cd4a770,false
05849750e55a6ec5,false
8ba66e38d42df694,false
1c4bbe14c0218598,false
74d5d7b1ad35c0b3,false
7d615b43b5cbb3f7,false
1a1ffcd9ea2f19a8,false
1b719314387119b5,false
08430cd9442b7916,false
27b68a0ae17d84c6,false
139f3b120f8644e1,false
d419b2d9f825dd7f,false
5cda164b22eca987,false
4a5b707636d8ee76,false
3fe78234f1c930a0,false
1eaff9221dae74b8,false
2a01afd65fe02fea,false
09ee1c03ea65ddd9,false
080f96773c10b8be,false
27e3070384c47522,false
67043176355eb0fe,false
6f7b36d7d8187380,false
1508e966184e7d5c,false
0789fa9964ad5d4e,false
638ddc91d9c06b59,false
7fffa5aa90512f7f,false
36c3f163314b2ee6,false
40fcbb2e9122227c,false
450eb654d4277667,false
caa727ef68b789b4,false
460c805c70408c0b,false
2776d6b046af1b38,false
501c9b5af2cb3627,false
3d818006c72fb11b,false
f7ead805e408ab9c,false
15d02857d8e77717,false
27e45674094fdf43,false
d4b9d4208c277583,false
7c5eefbda1e9d5e1,false
6f09d01aa1bc9117,false
f88a1704ee73a786,false
13ba76c2cfb809eb,false
ceec4ec92347dd0b,true
f55f8192e97a1cc6,false
55584056b53f2496,false
db41d78cf0b8b925,true
280d3de844569b95,false
38dd00c1f30e065f,false
f4d190b0b507ad16,false
760d1c256f4dd784,false
53ed9f6f5fcd1a01,false
313fa57b89edc742,false
68638a4b7818933b,false
5932990d4f80b0fd,false
92b4f12f489e0d4f,false
63ff400397fd759b,false
0e4b8ab93e9a06d8,false
788a457c76c44967,false
7d6457d7a28e8f69,false
740a254237304f36,false
42eb77484fd4e1b6,false
f18e2e40bb4cf122,false
41fab497b81d5608,false
a2f6b918f1248938,false
309838b2fa6cdfda,false
26d3a4c0b1174b10,false
753a5e6557cd4063,false
1a9d2f6a27dc8f95,false
53dd2a24d3e6975f,false
3b588bfb35ad1c3a,false
1c1477fd7a4a67b5,false
3253bca9f632e3eb,false
7f07c84e0ba8a7ff,false
937d99dcd44ae7a5,true
463c4c42e7187e97,false
330939c7badaed40,false
c87ee47b664de38e,false
0ed66cf37a02a8a2,false
38681436389c9f65,false
22b9f2403e809b1f,false
316546038c627043,false
0fcbde25511ff787,true
7b631aa7613fdd05,false
316e801885e5602e,false
02262747a477ccd8,false
2086012016695ac0,false
65a639495160d456,false
322e10f23228b1bd,false
796448c7fbd414c4,false
275788d6f89eba8e,true
7386d416b228a0cc,false
001595a4c3671ce8,false
0ed307d56e2d9e18,false
bb1947190bec83bc,true
5c35b78cc1f47d75,false
e19b8468ac1a6dc9,false
15286d20ae95d99d,false
075fb8e6b45bcb3c,false
3145bbaf79b92f59,true
55aa282f1baa0bc6,false
10d291bbf016ac72,false
60108ca24192eda3,false
0f2cf0ec10574099,false
6c32cd34c939627d,false
086e403e11aed474,true
02c03e50e6fe92ba,false
6779829f161bbb48,false
62197145322f230a,false
6e6ce2d5cff518f9,false
eea141936bd0ae45,false
11cf00ee97c84b72,false
3fc8c58f2d8c867f,false
d24dae665bd90fb2,false
39d306eef869fa8d,false
5997524cde418201,false
417ab9bf6fd43040,true
0f80db8476fc2c78,false
3da730c947864eea,false
1923543b40efa5c1,true
535ce6646258ab3f,false
40c55dab5a434d3f,false
7a2eb6873e91bb26,true
6bf7ed26e2d1ca6c,false
fb6a837e8be40a26,false
7631c19e363d63bc,false
0f318bc8e1426835,false
6b08f10926ff8a20,false
1d68bffd42d090b0,false
6e1f91aa4ad1f58c,true
38dc9f7a270ac360,false
444770960a688471,false
1e7c424fc5ad6f10,false
602da674dc7b7d73,false
9ae968a3fbf96dcc,false
22fd37224f1eae27,false
12832dd38434efac,false
0b618d9048e4d6c1,false
4c2d108b7c48aed9,false
60eb21f35eef8936,false
e5d90bc4b92ad38a,false
1f3ef5d3d0fb7239,false
8c6e4ffb68894d26,false
d90bcc39ea2b2915,true
394bb09998d436b1,false
3ededc1e97c64537,false
4645a6f6ede9ab5f,false
0d4bf915be504d3f,false
6ad792f7f8c1ce67,false
b6604453d94b87b3,false
2d677440b0080c6d,false
052a026de9a4eb81,false
2438c9ab9e99c2fd,false
3a8d0e253ed1c8ea,true
49b02b63cf7667d8,false
1685c6ffcca6a00b,false
5d5ed9770fd05fa5,false
b32f53b3c7bbad9d,false
24d28b7f45f1f4b7,false
769c6b543bd6cd38,false
5fe986d5dde6f652,false
06fb86f4a0cd2214,false
3c28139b2c7913a0,false
23a9d5c0b458c3dd,false
18bc3e233be707ac,false
19859fd972d05c39,false
0153086670c41fea,false
a8dbf8e6b4370a21,false
509e0ba02433ac89,false
63c435b6f87ebc57,false
af13724963eee372,false
3363aaa462cf28cb,false
7f6c2ac0457a8a14,false
143ff6c19af8e7b6,false
6b7c2d1fe94ced78,false
153472317d188c51,false
22f2618ee7acfcc9,false
fbd93cb5762041f5,false
873aa83589998e7c,true
b4de2f5ef2c741a4,false
7d86b5dbeb31c35f,false
1fbbce44133efb79,false
12173c61d3462577,false
edd216a9d32d093f,false
457ce1f3a0a01e94,false
62d0b7b713e8d2ea,false
e121687d1ade2ab0,false
1894aea8f728a19c,false
5576a526a962302a,false
28c4aef6aa75b1aa,true
7f8b28c78b7c04e9,false
3ad0cf355d04bee9,false
10f432a49f646965,false
02c010a7b30eaba6,false
0af8c12930829c3d,false
6110979251718c58,false
1c847f22d449e095,false
3dc6648405baf0bb,true
1bae9c0326c6afce,false
11f204654f6bc7de,false
2074b84b2a9eed31,false
74e8d3bc26fdd20e,false
99fc3ce787782edd,false
4dd3fefe0dc29dd8,false
77ca66599800d13e,false
1150219859283a19,false
525e4397c49eae24,false
636f74f1644017e6,false
03ebcbfde0f8e31f,false
0d8eb234e3864b70,false
0187439ee14d3b20,false
6a7a9d3054288256,false
46da4c6f6ba1ae9c,false
fb4641904b499645,true
ba458971d794c9ff,false
1bf787068df229d5,false
21a2bb189a423435,false
0c2d82ffb9e28018,false
6d9351eedac8b615,true
1b51f2c357507855,false
55a82d1468263b38,false
49971968ccb655b0,true
0f35346fc9445752,false
0e1054db20de96a0,false
738fba19f45a9024,false
0690a567972b8971,true
3b43b47bfea92917,true
2789fccf0bd45735,false
a086b8e9fa31c2c6,false
12edfb18749e48ba,false
22a9b6dde393d4e0,false
58da0282834e61dd,false
e88e05ba42e72939,false
2d3dfc560ee284ff,false
17af62c141428119,false
7892d1dae575e462,false
0f30f094055f8f11,true
2197b987ed34fbee,false
03a2383c6f875f2c,false
0680061f3d35dbe3,false
3268f64ac8ec3c60,false
6ad89e8b6971b681,false
3a970965282bf840,false
4f894f8eb164a3e7,false
2b1340ad860169ef,false
cf5949984b79e68a,false
d7ffdbeb3152f2c2,false
50749e1dd2038a74,false
d6f9075c3856fce0,false
557d6a853448cea2,false
544a7b77f5af15ff,false
01299c373c6b9483,true
415ffaa259bf5d67,false
1aee24833df954a7,false
16b622995b90d015,false
f59ebb9f296b044a,false
3bcdd5d3bd796b4f,false
6e3ddedde8192c11,false
18d79fab0f17f921,true
d4739e0a3aa72380,false
300c31ed4d825781,false
e6067eb48135d9b2,false
129530bbcd5fa4e5,false
54366bcbd4de464d,false
564763845ea5d333,true
34f2c8e58fa86a40,false
b2d6d88f818d4349,true
54e552a973886ae8,false
52f2b579e64dd186,false
27779625d6c5574d,false
fdbc02442296b577,false
c55c064fdcccb69f,true
110aa90ac0cc6f7a,false
4d104613a0bd0a9b,false
a635523d6c4a86b8,false
08c0bd7f53ba360a,false
5d827e7824471c9b,false
7ebe3e60add439ea,true
41aaf5d7535fe50f,false
21d367189075fe92,true
4dda6d7bee77dc57,false
2507a951554b012e,false
655d65256e982691,false
21d08946b0a38c19,false
510068ceae63a72e,false
060c23265bf9df44,false
3e0a85900e480db5,false
1834ff92952d1556,false
2586ab196751a149,false
37313e36ebab0a87,false
7d1a22ab200632e0,false
6a0f1789e4bca987,false
16a914f16e2f1eb2,false
01b37c6f58dc0c81,false
067c7d93e4357c9c,false
638fdede5c968b16,false
0cc58986cdfb4a66,true
4f67b78f2c16294e,false
70d06db40e63cbb3,false
62ad53b191d5a717,false
ceeec2165994e863,true
31048bf9a23759a3,false
40e36815f5d78c18,true
27bf331e3e36ee32,false
0614ff74b990e034,false
6cb2b43add62e0d0,false
1efad8122d31e421,false
dd597b7759405d1e,false
45d3f4b4365c7e41,false
097f5247c236e908,false
a77195b917750e59,true
228d2e07009bebdb,false
431191dfb4a63d0f,true
58c42e4b5a5acb09,true
598737d5b33deb43,true
6e43b52ab5e6e904,false
1e1925baaf3079f7,false
8eb74d83b12ec1b4,false
369b949afef1dc0c,false
69f023cffa7c555b,false
65b2d533528966ec,false
4c70e460ceae5806,false
3ff58453c2d0dcdd,false
4f684631d55b871b,false
53396ea607ddc8f7,false
5897997b5bbf6a53,false
25767bc0564da42a,false
906f0821c9a56617,false
10184bfd705c6640,false
43ccf8ac384f645b,false
0312468e2376a82e,false
536d00307d43261e,false
761338cd7f86e0f4,false
302e9928280b69c9,false
646608f125c017f6,false
d132077b1d6ecd24,true
9229ed1c57c219bb,true
7b170e9433d542b0,false
45655cb7ed828e7f,false
51d3cef882664286,true
79b3f9a8d75ecc3c,false
3ff544a70f094781,false
4d40ad08dfcb56fe,false
2ae22b21ad8fe3d8,false
0057944e9cf2fd47,true
5dd724ad22c1d6af,false
6bd86c91785740a4,false
5ca12ef7e0acd7d9,false
7ebc326937e3802d,false
0dab3eb51d569942,false
5deca1d18e6d0753,false
9a2b730a02e65db5,true
19893346bc66b705,false
13d55994a80f1464,false
0a56840b83bcdb38,false
f1969dee80fd7ace,false
0b0c012cb601b413,false
13b8eec2012f0d36,false
175dfe6afa8e85c9,false
c801c89f02f3e6a8,false
0b2c50188cdf2483,false
0606d3c8b2f490a4,true
7a09e0095fb347de,false
2ba5bf8260a695d8,false
0d919775c563bb57,false
bb9b580eff546b2a,false
3e5c81a04703e6f5,false
45d1857ee0530a70,false
64ae22ff44e310eb,false
cb5ad6bcb1e42c48,true
311b5a25f9ac175a,false
47a7c8834c96ff07,false
52da1a17bf440edb,true
c3e3cc907945ea93,false
57b006515e55ac6c,false
4e0241c5ad6e6680,false
35d6746ab2784ff9,false
b545def8857d608b,false
d4532a5e96b1e883,false
399a7b95b91067f6,false
52025343e2f06acb,false
445d37bae988902f,false
2cb9448dd2233f21,false
28b5122a7c4d8da0,false
16e90b9380d19a44,false
2071f0c4dc23efeb,false
1fa9c252d5bbbc4a,false
a9f6dc2de29a21f7,false
0010fa5ed2b701eb,true
25c3c36819072499,false
1973b15b1d83de4a,false
3647eef39e100dc8,false
395b2393ff0a1bab,false
541b5551e62a5a9a,false
cca7eaed85e65124,false
8c0d057e4c65f0dd,false
285cd990d80ca605,false
890642041898566a,false
724593fa6dc4e909,false
382c324b83804972,false
5a3d754fbc96e210,false
77977f80813e5fb3,false
6096ecf30a2ef17c,false
3b7e46b04366691b,false
547171767be17dc4,true
303fee0ecd708c61,false
4d427398bd510be9,false
65d60ec9193a45ec,false
50daa3a809800ecb,false
19bdb2a14a0290b8,false
1a88336f447b0dcc,false
f203fbecb40bf7dd,false
1d357e1d119ce79d,false
1dfe2ef2165640b3,false
ef0bd43da5db60c5,false
4fcc0371db16f9a7,false
0514762e8439dcb4,false
5f2e6cb76f679a38,false
ad4873abf31e8a20,false
605a326532576abd,false
0e9d7fcf62cb38e7,false
47699a1b9c97526a,false
5f6e935eb44bdbcf,false
3647425b106efe45,false
fd0807e1e4668a82,false
732177a55f10ba01,false
3b1d09f67a7208b1,false
d37b96818a14dafa,false
f2afede24459904a,false
ab23147885462060,false
62df2475fa47cbb6,false
0e386b667e6849ac,false
0fd4941327dfec50,false
4035271ac59f4d8a,false
61994053fc8438e7,false
5845b508edcc4974,false
06c8a25ad060b8c7,false
0243255ca5062f49,false
2568d52d18f936db,false
85f8de9ce54936b5,true
7c6c6a39f9925c93,false
6812b961a9ba07a4,false
a8abbf10a0fc12ac,false
3887801ceb6eb9ec,false
615d7ce16f6fdbef,false
5e211750a379477c,false
164301d531ce1b5f,false
430635ad30a50d3d,false
19423f65cfe83e43,false
7529f17d0073dd99,true
50467345220c7d56,false
eddaa5faab5b22fb,false
12a24ce62dbc31f2,true
0ecda4168044dad1,false
435e29b2ca2bd312,false
319a571d0b984553,false
3df4b29e3d8b6ec0,true
4d47e28e0f0df2c6,true
75432941fee431d1,false
c7d9d2c2993b7cc3,false
2bbb8ad55cbb2add,false
70ebbe62d708bf86,false
2b5291668cbae6ab,false
3020c10d0db11e02,false
4baf196d7e4b12f9,false
1834471970648783,false
7e0793420cafb23f,false
76aab6249e4a152c,false
6e4d2ed998f0a3f5,false
99257e949ed312d9,false
09abd2c9ef971d2b,false
5560594875ecd9d1,false
3fe9af66e2255564,false
58677c1501e7813c,false
5f73c73a84832a96,true
0e1e4af0d4770a83,false
0138037ec16bb382,false
47a68b090bd9f4d5,false
72b6dae8307808b7,false
7bfd87dca25f73a6,false
34f0eb6e34d6608c,false
4fc09d91758f0e30,false
69c04aa1af6a2dd8,false
69258cf127412369,true
395b56dca848bcc2,false
5814b8c867c49e03,false
0803c3a0ba689516,false
59e8a8b132c323e8,false
9320b41f12734b25,false
dad19c9f81dd3d13,false
65964a4b62faa81b,false
36502cf875626ab4,false
3d31d9ae27880a7b,false
bf4890598d3c3d10,false
3c58ed6a5d6427fb,false
083f3b0616660a15,true
f1ffa40e5416c57e,false
1f6c52c7915fa160,false
43a68303449d96ec,false
59c5b11fad140438,false
0e89601bb6e2511b,false
5a3afd777f11a92d,true
32c99aab45355b18,false
c74714c5b73095d9,false
d2cc3bc39bfb0f87,false
4da081973dc97bc9,false
0e0780ff26c03640,false
7f613a1f7ab58557,false
6c9259aa69b5a03b,true
40b6e78a7a3f363b,true
0f12b79647cdfd79,false
0140a96d7b6037f7,false
34fc86d71ed501ae,false
6bd07814746798c9,false
a3cad85baa094625,false
08d23ee0cafd97b8,false
12b614d3636232e0,false
56d06af6385c6828,false
0368f8556bb35a1e,false
4fa401efc9f378ac,false
758f79158b03572b,false
4acdadbfdfe4a3d1,false
92581d7ee1c15169,false
340b12c7e43e0b38,false
7344eceb603aef62,false
4a5e3b5ca51bec8c,false
a60f7fb039040f6c,false
4975d37a051b2c41,false
2c0c86543559dbc1,false
130bd010a0324d4e,false
698f501f1fd5f116,false
cb4d47e4125f87ea,true
261c9dc136ad8e75,false
67ca4d577cdb2786,false
8cf2fdd37ab0066e,true
6b2e9b19d79cf017,false
2b45b799dd601fbc,false
39f185c923697727,false
f6df862ef8b259d1,false
b2183de5927c9d08,false
73b98cf239ae3892,false
9576d8a14b9141de,true
2845deed2675cb51,false
4c484002af70ef27,false
7ef6542004f32ba3,false
fc0c3e9c378b128d,false
23030e121f95178a,false
0a2c604da55e87d5,false
b20c596a1a05eb5b,true
3958a633161464a7,false
0d4ec5f929efb3ab,false
0640b5d521f4dd77,false
a7d3788d86e7c759,true
57f194a8e8bbc039,false
6aaea587aa50ce6c,false
7e5939d152fd7346,false
bdb2d09c6c06c554,false
da4843ea8bffa7e7,false
39f55f234680f878,false
cac6c8bb6337dc19,true
4fef688812438ba4,false
d567310462e8410b,false
3215b37bd44f78e1,false
18cf64e9013df581,false
37a6be519503a79b,false
edf8d08b0455fb39,false
775649294bc7634e,false
7a225e003742c458,true
a50fe15b56623a30,false
42c3c1da27a94e0a,true
955ef18ac24fc81f,true
044015fbeb0c74f9,true
1ccc38696fc5cbef,false
26958d593f41f6d7,true
1691b648895c4f4d,false
ed8c5248096c36a8,false
219557c44a202d7b,false
9db7bb96fa5b1616,false
bab028c22f5e34c6,false
261395b03d750e02,false
f8304c37cffa21d7,false
cc3e87e77ba1cc47,true
c1ae192c8155337d,true
0053057eb7a7a856,false
218e56e361bdc4f0,false
265ef0f634afea71,false
37660130e3c84911,false
369a4272360866ca,false
caa6be9a9183c8df,false
713ea2574c88c84c,false
4032ada9ec469210,false
4c5130085797951d,false
373038d960f7e1e2,false
3de8d02e00dc1a78,false
65b8f48da9faa4c7,false
2548cae831ae0da6,false
2475f5b42d65f561,false
33fcd5902b9bda3e,false
54af5369d774a085,false
00963464bb4a72c5,false
20c1706764c3e0fc,false
62d075f416d29247,false
887491989ddb353d,false
4c25773c83874f6f,false
2b80794c1879262b,false
225c0c0ab6fc056d,false
1866dd001f130dd3,false
29f44a2471d9dfcc,false
a297a8c012258f96,false
0adc4a2dab602dbe,false
4cdf994d9cdfe7de,false
18a5d10c30e5fd41,true
42d0f81146d00c0a,false
1fddd1d5f2a933fd,false
68548035c3cd2fa6,true
3a263da9f957f5b1,false
3bfcac76cbc4a547,false
08cd08229314cec7,false
599dfa044a1e5661,true
601db60661b76611,false
48459b16cfb8bb8c,false
ccc121dd24b79ef2,false
292081aa878497d4,false
566ef5602a0b488b,false
4a3d3e5badceae1a,false
69a869e505949725,false
1704a0fecd106dc1,true
5fed961ede908126,false
5ecb5fa2669c6420,false
4b19a87f7389b2b7,false
53b3647eb24841ca,false
764b272ea6c4efda,false
2024d3fd5cd05414,false
79cea29416c9d7ad,true
5cdfb1d683cb17ad,true
e61858eafe604c8b,false
1bf8726f4840dc67,false
a595bdadb10f088a,false
900a0a854926a93f,false
503b787f7d0a8f20,false
d741974f2b3bf60a,false
1604c8bba78d6d3d,false
0bc0f600d14439e1,true
442714e3ffc48009,false
e87e7ae9fe83e47c,false
1673becd80476d76,false
62f7bc06083b5556,false
64e5a063c30d3f0f,false
0f7c16960f8b13ac,false
af1c9582a999a3da,false
4c58bac7cc0510f0,false
b57f456c1c19bb17,false
1b66977a001c6682,false
0d7ffcce48723a1b,false
21eca0a87193b7db,false
3db4e125b6c9aba2,false
2cfbda892b3743a1,false
449b47e6a0669fda,false
d56b799c32f29d27,true
0fb7c73c819c65ad,false
2033b6f1747fb8f6,false
449030f71e6359d5,false
42e6ea7fb36dfff0,false
2a5c61a56f8c1ec6,false
6cc2afcb65d58740,false
629c37e2af81024e,false
7adb20b6767cefda,false
78b05606bc471b8e,false
57af62cf0e906771,false
6b9d177cde39f817,false
79386d839305d563,false
211a18a251a02007,false
0c5ca3ae26053c22,false
1cfa4eda6a259d0a,false
17fdd7fe25b0e6fa,false
3bfd077c34f7a55b,false
763a5f3f1f6a29a8,false
38638b201f83af63,false
41e2eb59562837ce,false
3d676ca5e362b9e2,false
1ce66f3642f589be,false
3b03ae3e7658ba9c,false
f8cf6fc2728ac01b,false
31a7be63c77cb046,false
24d71e489025b549,false
32d9a40100d570e3,false
5dddc1cb3eda750b,false
46ea8dc30a517bb8,false
75cd8bc6bd54586a,false
d16c96303408211f,false
5ac8eaf8b35227f1,false
57596d63a0fc2513,false
520cd46e590c8d80,false
7ac373d95fa95af6,false
23bb281ce0bdeb30,false
302b617e9c442229,false
945a9d1a4680c837,false
956628c0b88a2972,false
4cd771d8ae4ebf07,false
ef672b92763cff81,true
5d2f14977d195cdd,false
e818e18acddc57a2,false
0ed9d4b96cc5af4d,false
0a7a4b7207af938e,false
122cad0c4a472ed5,false
50319814b9e62f07,false
2a96ce2434cec3ec,false
24dabfd28ec730da,true
03e1c6e727997519,false
d85413e1e6d1df51,false
d9223b79351ce167,false
21e6ed48d1d656f0,false
55722cf2fa2894ec,false
0935a1ded6b0a81b,false
acf02943ce1e7b6c,true
6a034de05f53f504,false
210b7e84f4e256db,true
003e1fc5b6ec737c,false
2662e4e5731ecf60,true
ef6aaae682cf7cdb,true
14b5be7032a09b08,false
feea69be9754afc0,false
4d62f2fb95922d6b,false
36c40d2f860c7695,false
2a5592a0b859a6d2,false
35cb60f3ac93775b,false
79e1f9f27674192a,false
1abb513a542dca45,false
41106916662d1a80,false
10ae705dec12929f,false
510d70cf6034be39,false
e98ff136f8844b94,false
537a3ea0278a3d10,false
9d7b3fbe07efcc4d,true
05d19cefc57c9231,false
0c033770ecf302a8,false
c2ef86bb6642d274,false
da27ca5c675b82bb,false
45513ff2f567ac04,false
8f3ea20c5f6ddec6,false
0cfd7d8efa86d63f,false
6f8287cd31f05e4f,false
bb59d2df2f080f31,true
460cfaad33416cf0,false
76d10d3479d8fd35,false
2047db438174905d,false
3b33dc162027a348,false
4092cd6f08bdbeb9,false
6de563007dd03fb4,false
551964b2fbd182f2,false
1981b12f93adff18,false
db858bcb78757610,false
9eadbe7081cd1ed6,false
2303673e76be835b,false
11a6fff3f47c4976,false
0948fc141dc35964,false
644506f12be54884,false
3448ba86af041f35,true
2d82781df23a9b16,false
6e05769ffdeceda0,false
16a91215356a1bc1,false
473b919054e0ad98,false
27fd9da89177f9ed,false
1ad9f93db4f47158,false
7452dd2ab4059eb1,false
6ad80f386febf0d3,false
262f0abfe604d7f5,false
3f3e4c9f656656fe,false
116e6e6cda5312e4,false
1a900a75ca4cf632,false
6995ea9ad1c13458,false
42c918613942e1e0,false
018cfd2e0f62b60c,false
455357dfe25e82b5,false
4a172cbe2e7dd65a,false
569f4b90d0a52104,false
587f4029d4259f71,false
d4834665fcf3699c,false
6db2b9363ce29f3a,false
7d787522e593ef33,false
7cad8dc8d0085fcf,false
7ee1d57701c2fc43,false
74ca94ba5bb62a39,false
3d8277ba76bce2cc,false
d24b8e5b25f65beb,false
684d2bed8c5097fc,false
4e46d0942cb48d21,false
7bbaa54633dee898,false
2e1d9c08f1e942cb,false
282665c108dfa6d2,true
838d5ee8f5f5bea6,true
7c640dbe87f13c52,false
849d5db19ef93aca,false
218abc2948293de9,false
1686523e0c68f919,false
3c1d36dda02b0bec,false
300c4667a739b4b4,false
1409c345e8276d99,false
17d0e898d36d44ea,false
1dad115f8fade10e,false
2397f5b729728e2e,false
8f479b04007f2eee,true
0c979100655a5dbe,false
6ea6da3473ea7b20,false
ebccf29e5e8d408d,false
661077cb082e03e7,false
a75ec5118724ee62,false
6a5cc7bd3867b021,false
a9c0b7256512f6d1,false
61ce17b9d355ffff,false
266be6f4b16df706,false
7256f0751ea3f61b,false
1cf1692aaab17159,false
5174ff848351d899,true
99ccb762f707a748,false
22725f6bc148bea8,false
7a7ed9e547172e00,false
1da00442c67f40bb,false
a7e167226a0ad2f2,false
5a83062c5a9b6e73,false
0425f6f23482e050,false
00c5e493f1327d14,false
912821eb5fecc9ff,false
c7107c8877b56f5e,false
62861b5ad0048f88,false
53f83a0f519a157c,false
5983bda2eed15b0c,false
b46d1620284313d2,false
89c8c511ac3db404,false
663137e3ae623981,false
07e8c6849dacfac3,false
12d87263abaaad42,false
7d5c50dc47f0b0d3,false
358defb9758217d9,false
2d5fc39eee42be41,false
0b6fc04b89161012,false
7c74e87b3c25a7e2,false
5e4293ca9170bdd5,false
416a7d08e1ad8175,false
279657a6c512c162,false
73b0cb342a953751,false
2402b7f1a9b106e6,false
57b1ab25ec031b30,true
5a7716c65673b015,false
19989525e52a7d56,false
5a8ad4e953c92dd2,false
50cfe209f8fed116,true
230480590b514007,false
06109a002c925615,true
0537e6d3fbe141d4,false
4210567a5b0129a1,false
1e0bb532bc46b2ac,false
567b0b9cc27d8f5b,false
5848382b47632b1d,false
0eff6112271b0bf7,false
1ea6d2188753ec86,false
087f263f99774a85,false
1a2853d5fbb7a433,false
18b4c9755bb9ca7c,false
5c142cfedcdb18a0,false
1214db2f760b84d2,false
769590133c90ffdf,false
537a062a9c268d60,false
2d39d5cccfac6114,false
0b540e49afa1ef4b,true
2283a088b14bc871,false
20b7cf62ef9eff0b,false
6e46ac9cddef9a29,false
6fc103df5f3df33b,false
af6185849850062c,false
05bce0095c498385,false
3f7840c8eb511837,false
77d17dd16264f7b9,false
705bbdf33c10b49e,false
36c91248bff6c833,false
3f82c05a52718eaa,false
dec78cbb885f2f51,false
1142acea2c2a8bc3,false
c03e4515ab138216,true
7c1c18c573104ded,true
069c7ec79840f727,false
68581736dfe0964b,true
ad223ae10daf44bc,false
5bea3ecd582ec627,false
7a9fad1376c088fb,false
0610194c46125880,false
49624e3c480b069b,false
708fc03b8fe83e45,false
0365fa490321e358,false
094680ba11388c2b,false
4ba1a4e5b9ec8855,false
9a1a98f1bca234be,false
ec528067772590ed,false
74492268282ad25b,false
6055a2f36bee2924,true
5a3e590debd2ff78,false
13a2130076204d2a,false
00e7d3a5961e93d7,false
1840db064956a488,false
3e3a80675988e75f,false
acc943e30cc6ff30,false
3a7c995705a336e7,true
450a042280268ad7,false
2e5178421059898b,false
04407fa864ee80c1,false
ee3a5951d62b3bd2,false
12ada1a6fb48aed2,false
7a700cb59a1d8552,false
3b3feb7b4e98b8a8,true
787a9eb6660284ca,false
2ca80de9eeddf4c6,false
07f516d2c3a15347,false
f98054b7c78ab239,false
8ff8602a651e011f,false
169684ba55fb5aeb,false
5c4b5a17d40c8d08,false
2d3559d1ee86dc5e,false
429ac5aaab24bf1e,false
32c05929fd61be94,false
2bb2a3b495844e35,false
4f4444d2200e42c2,false
5daaa70903dde931,false
061966159acb34db,false
38a42f61aa32e36d,false
09d8c2d432bd69eb,false
374924c3866e8d7c,false
3a7049ecc8b9d7fb,false
18b45864c42cef56,false
b7f2a5fd6c58a144,false
3e24162a36322016,false
66e4184411119d82,false
099c01ebeba257f2,false
7a6e00ba00850605,false
2c3c183f322c070d,false
ee81262abca7e9c5,false
170548a8831db0b6,true
44ec95a6a887cc4a,false
35605b29867fb51f,false
52a6c281f95fa358,true
502c9c5b731377c1,false
c6ec9f9e819c089e,false
556dce8bebc4331c,false
35f9420c32ec6026,false
97bf471dee039eef,false
494dd23df3ad9eb4,false
61a6c08b3a37cffd,false
6e01b4839de6dca3,false
7b9e3fe5674dc826,false
0e4aac716fe7b384,false
6f72b35432c87ac1,false
449f44b073cbc5c0,false
ac1b0a5faa0e8533,false
0507fdbc11430c94,false
7fcb471356b0c300,false
b4865076f89203e2,true
6f948ff76520d46f,false
7b0b0c173affd621,false
2c937ab8d0bb25d1,false
39139b63cc1ce17d,false
f445d5e87c659647,false
1f02c87e6bc4fd49,false
673fa9a4eda0d34a,false
6eef8ba7e744484f,false
3f561d6a9d405cd2,false
0fc33511d04021f4,false
47b55ab47085c9ae,false
46f98a961a4f5c19,false
966657ad2ff4c796,false
aa897ea188c4a345,true
2c61ab267011cce1,false
05e00067a966c855,false
1cd289cbeb65a626,false
326e1b4393772af9,false
1fea9256122bd569,false
1bc0f13a76bdd016,false
32ea3fbcf0c58cf2,false
aa7669f56d34898c,false
28ab953c6cb10b2d,false
0187ac1f80482659,true
424faf33c1cebadc,false
432bddc0b300b174,false
57f3afd9a89b0084,false
68c7556549995904,false
c82936f6e608f171,false
73143d10743856e0,false
469d6471d337b9c7,false
b33c90eed3bcab27,false
47410bc49bb4f195,false
4479c6c6d3501420,false
2b2ed7e5e997956b,false
3630de8ee0d4cbc2,false
731b4c335f84eb0d,false
038fd6c18b5b6cf5,false
f19fd9805bcf13e4,false
5cd1516aa97df379,false
fb16672112863112,false
6f4d93421491e16d,true
41afa9afdf7046b0,false
0946d7565279563c,false
08b75f632db387f9,false
7c3df36c485d789a,false
a3b2aa605c0f4055,false
23011953585c5d30,false
fcab77fb40fc2baf,false
42dc6fc2011419b0,false
34b8d7d2d04c4ff0,false
daa79702e9df2492,false
3db7fa242fd2bdde,false
ef9d06d8aefd3610,true
736249bfc9155cce,false
ca8af86a45d2aa6b,false
e064f88643bd4b71,false
0b92fe2ab006e4ea,false
0b0b13093d340a34,false
adc302aef75c01ed,false
097cdd88efd2f77f,false
048bd007d4e13991,false
724febce059156a9,false
3d0462cdc336cbdd,false
7fce97d1d27f5863,false
0aaad24f063c74b2,false
48d8186fc5d35023,true
bab0299c6497fb34,true
c2d0403627f2fd09,false
4eeef244994f165c,false
723103baa4db30db,false
0a0ca6a14fee08f5,false
652a14f17b661501,false
3a1df7c47736d8ce,false
a43284bff5848a9a,false
340aec4fd94b3049,false
ea5510e2d9b57388,false
25749dff657e38d4,false
2d68ec2f4d2ba421,true
2937e48a838ef95e,false
172999d9821f89eb,false
4fe2e3b503cd30bd,false
4848fd6bf7ff8caa,false
aa4fc907701de5bb,true
4cc781939d0354f5,false
607d6d53a432184f,false
2fd110716b5fabad,false
2458fc262ec14e75,false
53d1a64e2495f6e1,false
55e584f919c93db3,false
1195aa214af9802b,false
2b92cff2cbe6e0c9,false
0859c2db6313a2d2,false
ec035387481c0b25,false
08d5a8d9cbebadbd,false
28356b38c6d79e83,false
1f82126844b4b439,false
5f2e134a5bb43dde,false
393595b2017a7ac2,false
578fcb51c16dfd34,false
71342182eb945f27,false
4987000cbffd8847,false
e7f01d73cdb3477b,false
461802b5dcf09a66,false
0dc30fb46a5f5df8,false
4e50b6fa82dcf9af,false
6f4d9de17a94f87e,false
5f1c19276c5ea7c6,false
244940ff37f5ed7f,false
f1c4b59688944a8f,false
350ff99aa237cc41,true
20ebd529c8ea9bf9,false
6847d603b1512daa,false
194a7ca9a781b648,false
0a59622ec56fe893,false
e23e9c249e5be4c7,false
633402892eadfe44,false
72059a5451be6984,false
d1e760d847d6071f,false
0d4319849fba0e4e,false
025a37d30b590f8e,false
692942ef0599c05c,false
1651575e96e22d2d,false
3e387af81307f68b,false
0d9899ae9d5ecbac,false
08f09a1f0de5b08c,true
1e7a2c84b9ec5a13,false
3f59e87bb1b737d7,false
44271285efab0e7c,false
01fa36c2290e7bd5,false
1f36db47f2ac0cba,false
12216b8bfeffaafc,false
32c15f7422387ffa,false
5e35c347389d950e,false
394053c527bffb34,false
cb61ed5193def72e,false
34098e59af6ef329,false
a4f6466fd447cdfb,true
51d85a2e014a2ee3,false
0b8ad05dbef64cad,false
5ce5bd013458f265,false
f074b5b3d9d83415,true
3c84d991c27c4f2f,false
76e7b74d320919e8,false
2faf7c52f0ed96f3,true
aadf66aee6b62b27,true
8fd87d293497e033,false
3a559c38d9dc0bae,false
6d884022bba983a6,false
1faee2f36d8ac490,false
05e446735bb40e0e,true
0f4822594767bd78,false
72e8c49b178a8454,false
1f16f6516c175e10,false
438f0908e493e288,false
58437c94c963f83e,false
6c52493547d272cc,false
abb0cef56c1a9b0b,false
41caec560228b133,false
023b8beac5a8cbe6,false
b2f24591fb996a02,false
114d74c14459ec5b,false
0255229fcb20813d,false
0a814fb05447c0b9,false
555448df03207757,false
977a4058335fa94c,false
09b1eb19440514ff,false
223fae9db94c1b06,false
fbb8877ae84df6e6,true
85ad91f3d6ffa01f,false
ca6b66fe79115cac,false
ab981895535ccaec,false
0be585667895e577,false
2905481c9f875081,false
0089d1f0781dfdb3,false
73858648fe2ff5a5,false
54eecea651990d64,false
2c8fd00d62e10cb5,false
7d4723f26c814d80,false
00ed7709d5f37f08,true
07c813fa0e833421,false
7db756aad97a0bae,false
7a33abdfd07be8db,false
7e3013ba0016b805,false
8d63bb13dd27359d,true
65b136a3fc1d9eb6,false
0a6f17681104d3a1,false
7f9b5a2aaa46b697,false
800dd6a30806a1f3,true
f4a4782d6e44e96b,true
664c129f6328f8ec,false
74c32d7e9330285f,false
6f5b280ba25ba63e,false
504f73cd34da5566,false
1c4d548a00d930cf,false
69d00c374d0dc440,false
79d10f9854c43cf6,false
2002f1e6f4f96eac,false
407389f261ff190c,false
39d1c8f254357ff0,false
4f4924b0f41320f1,false
ffa5831799df020d,false
2181f38170cec3d2,false
6f2966103ca1a49a,false
d40bdcf7f202b727,false
2e3474c4cd4a15a4,false
55e268e068065fe9,false
0d8e100fd45fddf0,false
43264b245e29af4b,false
254dfbbbd8099358,false
f86400a38dcb2ce7,false
d3c762e939dd7ba9,false
1edfdc6a12cc560a,false
6e521195e8b4a6ab,false
3ef423c7371bc0b9,false
3cb8a169317baf84,false
e5be850de7b68d69,false
1fb1f8675f0a519c,false
3792516f445945eb,false
dc16f8995eda2bb7,true
7a2ecf2e7ece8147,false
69f610e0273ef8b8,false
44edbd36e6ac2d69,true
3a1bf946f1481e67,false
1dff156e847884c1,false
66aaac56f407d41a,false
b4121ef34cb82d74,true
1ac604c9d602e227,false
7a877238ef65f182,false
36690ab291deb1bf,false
36da5c95c92bfeea,false
3cf4bd64cda83cb4,true
7e0749890d551cd3,false
5ba4f25c59b680cf,false
5d9906174567c1b5,false
3583de2e2a73b9e1,false
1b37885bd5d2c39a,false
0064b9100c6d68c2,false
3e05e82368235611,false
010cd4ae1e922524,false
494701e363b2d667,false
11d5fc59fee4efd3,false
31f656cd35ce7a2c,false
23b10c5ad0245dd2,false
46bb44b44a8f91ef,false
70ec5ee35249a006,false
5f06ba20ea816a11,false
bfa0fa9e109b444b,false
03cdf0972e49c2e7,false
775cddd76d4ac0dc,false
f50fe897ef95f19b,false
528513092a2b6de4,false
2ea7d7d58737a508,false
18391bcc203ede54,false
524fb8414f3164c8,false
5649057ac72adf01,false
eb17dcc4b02380c9,false
4fa21d67953230da,false
87d99496727a34c7,false
791de8fcaf34234a,false
07e86ee6fd7791bb,false
072760d71aa38173,false
761527beaad92c3c,false
bc00ec3624572015,false
17e9031421faadee,false
0d0dcc58f5e48372,false
701be4abe07791c7,false
7d7c9767e7f0ec85,false
42f09b34a91a5719,true
1ca763a356d81dfa,false
7e0553828772f5bd,false
2278c0abb777f15a,false
20390882b77905ad,false
04315708e91849ae,false
159f76b87221d311,false
520fadd79ae7ae1f,false
7a4aecfd717a7dd0,false
0a599d90af16b483,false
019270e03895fdf8,false
1fa954b08c01d69e,false
7055554216959c96,false
72ddc5ff27ce13df,false
537eab65b731634b,false
34879b74d5bd78dd,false
ce24b784139e0b0f,false
3a4c7d3bc3fcd5d9,false
063238f38a3e9e48,false
34399283d7537d15,false
2ca2c5b7daad3a31,false
7ec51c93bd796124,false
a92561759c649486,false
5d961d9f82053a88,false
c39284ea0fce867a,false
1b1d7e4ab774bb3d,false
4860b0de65772361,false
4cbfb0d7d8548ecb,true
5009053865f8f41e,true
c3e7cd38978f6e60,false
7d9ccd0ec4872bb0,false
28d595d01ea630ff,false
31a7faa2dae62fa3,true
2a40626925da6aaa,false
e6ce498a177a0c00,false
0c42a7716f6d041c,false
425bacf26e230ba1,false
41027a8f8cc67db4,false
1511bb125236e8c8,false
285de2996c6686b3,false
40714d25ede6530e,false
31f0610c3136b34e,false
4220d201c17291f4,false
ac64d9267de23738,false
8982b72f4d4ecd0d,true
1e380cb2dfd2421e,false
50bc82c25e6cf9fb,false
2aee7d34458c5574,false
fd288cb9a4e35ba7,false
03c28cd4d37f0856,true
777cfad22a896d2d,false
19964ab9081a7a3d,false
e1a3e429f330c6a2,true
6cb9bafbd23a98e8,false
784eed00c3bd4682,false
5803b8e9c495d2a1,false
6f3a9d52d1470f56,false
140642f887f73d43,true
2040fd5aa1038be0,false
1b5407d9b2e64dab,false
7c1ab256a2521f38,false
086295ff18ed0522,false
333c46d8ab50f879,false
2b3113f40ac73f89,false
71431c70f9027e9e,false
49371e2b10909aff,false
b31707204d8d349d,false
30991c9089b4fdd5,false
a4484f322ae1eaad,false
1aa6c18c2f14b049,false
11be7a891b8463e7,false
6473cdc5f6d6bf77,false
0d16cab5db56d3a6,false
40893b944f5dd75f,false
447c7a1584c07c34,true
1ffc6f4c7756a717,false
5824ae449e5177da,false
16906f02b1005ff3,false
3fe73bb3ad262d63,false
4f64340d172ae07e,true
1f89f3a537bdfdc7,false
58c030865f156c93,true
0ed5c72b553460d7,false
31ae8bcb704a04a4,false
fb4f6ad56d0b8fd7,false
ec609ea06629b382,false
748df8dbf37901aa,false
1a5aab2c057ad9f2,false
d2539c90997932b2,false
d3778be5a9a0b1e8,true
2bd3aa9a31c72455,false
184232d41c546736,false
5962dcb2ad1ca68d,false
81c5a13334d887f8,false
0c3e04b2b976769b,false
7fe69b189315f710,false
3388342c6e393fdb,false
3260343f4f4886c2,true
6ef20203ac4e85f2,true
fbed0676ce6c2e42,false
08449fa3cca6731a,false
7c0dce3ef9aca305,false
34699ba62bc3393d,false
4b0d6f9a8f81c247,false
97383f1d98b18425,false
1bf8ab419d4a7b7a,false
0a4b9e2e0407e80d,false
7fa315586e3f58a8,false
687c66ebeecb3d94,false
1cdaa6dd793289c7,false
4d2fe237f1f77d71,false
e1933060e26c477a,false
7a71f24771d2d095,false
1438fd51fffa2653,false
18a3ff224d6ab203,false
6efe867c069a682f,false
6f9985b15f5de678,false
dd9fe82dd43d2e20,false
df562068b594443d,false
b5a027cf06f8b772,false
8d59b42dc24fb494,false
bd01210a8b697ecc,false
db313e6e8d39444f,false
6d8f5e7fa5aa6eee,false
0432d58b53a6f58b,false
375a28eb22ea08a8,true
20ff084f11683a4f,false
6bb31024adc0504c,false
09681ecb5addd627,true
06b5e2da7cc97856,false
33cb1ddcc1b2b482,false
178609f1adcee592,false
687a65c8b3dd51e6,false
3a6b70654f25ec39,false
c177ec8a02ba9cdc,false
21538d9fb8dbb53f,false
52b7cdec3fc4aa14,false
296e39f94675f795,false
67b6990d2eea78db,false
44fb635fcad6a89d,false
4ccedacaec23527f,false
70e46b131557c94d,false
d589f6435627ad31,false
0d1dc2a83d79b274,true
2a022491e3e27e2c,false
88a44e0d8fd0f37a,false
1d8c3db7946a9755,false
ce5f82f91e53890f,false
2eb0b3c89a735b6c,false
8675d1bf966b2da4,false
045c4654f163fcf9,false
155176f7033af1c5,false
57708c1fbbb90b91,false
06ff27a83d70ed43,false
6ff11d186d523d72,true
1f971cf0b1faaa42,false
5f4fb3d20b75bb06,false
1eab86410f98d8d8,false
53f019c84eb2f9dd,false
3cc37d8eb5ecaf14,false
96cb04df2c01daa9,false
352605a1f9899cd9,false
7e14985c0c2c3384,false
46ac3757f7746649,false
4caea0361eab82ee,false
3f0b8f1f14243b7e,false
003866d1823cf28d,false
6bfbf97d33843836,false
ced83db8b82f83dd,false
133bdcaa5138caf6,false
0b127d2e7d45bd91,false
8f6adcfaa7aed71e,false
0357e642c2ebbbe1,false
5e9094d786bf7b83,false
797a4956ee30854c,false
19861d09fdab86bd,false
1b425daba160b03c,false
43515f094ddacd16,false
da077c17d6b64316,true
15465237a5b59434,false
2dd5a73571fb4761,false
3f3fb844c559b331,false
2345e687146325bc,false
bc49ad7647df0fb2,false
0773b47baee6398a,false
119afabe87b1b399,false
27e094154dbf0325,true
b8b1cfd9158acab5,false
aed0370113095bb2,false
2285e940d60f166f,false
f4de123e35e38b65,false
4cf201719ce470f5,false
4639ee063706195e,false
73e0a31d0e0956cc,false
1c1e52188bba68a0,false
724a30a30062a998,false
58abe4b6710eee70,false
4acb6a2bb74d1041,false
0240fc8f33902d15,false
34b259e8bb82f511,false
1604b008e0067909,false
26154711d85dfe4d,false
1faa560f64ef41c2,false
30286cd441213ab1,false
90f8512d114da3f8,false
4611b4d284b2d956,true
d5ef0db01c5744a7,true
22534e94b3922706,false
35c226de5b3784ac,false
17ce862a1f527f91,false
e67c6c22b5ca80a2,false
3641c06645dc39cb,false
264c3bdd494f57f1,false
1636c9a31044b27b,false
1a9468d180b1182e,false
63e5eab66667b309,false
09472bf1835619e3,false
74fd31033bb48481,false
55d0c54d0a699f03,false
47c800b11e990c97,false
552ebb4981c96c05,true
5df6d28d2a059282,false
199cff42f9a57f63,false
56b7cee0c3a7f436,false
bd8f0a85d66bf926,false
4644db281eac9cf7,false
55bb28bb7be93451,false
22bea612dfa6a189,false
4b591bcdea05b3a5,false
06227fada3e2ce1c,false
a40a29de790c2a81,false
7d84bef3a1bcb909,false
4099693938e0e64e,false
6224f9c7c0aab351,false
4d2cb349329f402d,false
e4ca5e68c7ca8378,false
30e8d78c3da6bd54,false
25ff59f5f8214a86,false
51acd2956a1b5151,false
6fe961c5cf12fe5a,true
218b77b47bf72044,false
42539c63fd079972,false
4de124d1758e8b3c,false
504538e8a1384665,false
4622d71e54f4ce3b,false
50c41fef303221ff,false
6f921f24f5d38a6c,false
8b161b327a03d2df,false
612780c990b5771c,false
dddeb6269bd0c3bb,false
1a7508693bbb89f8,false
0a5470eb830d14b4,false
9f58081d19576adb,false
7728af3ad0ab98fb,false
193b050dd57ab552,false
f6094d89128285f6,false
c1854f4e1323c3a0,false
52288605db399c07,false
96a8bb496304c36d,false
03d823b0bd8c276f,false
4b20b62970c519cb,false
3c41ed380ecfc03f,false
4cc88396d9e7d183,false
0b5ba510abeced86,false
6b2963f1b13bdc40,false
38947af72cb59c5d,false
bf480c28b10884e1,false
efed653aefd8b6a1,false
bfb2832f5a326920,false
1e93f7e43167017d,false
223de705b48a5809,false
535b2a20793361b6,false
3e3ebdcf5763c365,false
770f2f997572cc48,false
6c2b1357adb8923a,false
38de38d6453eaf9a,false
7bdbfb2abebbdf35,false
3f87deafd1b524e9,false
092ef1f48a44d362,true
0dd78603e0afac88,false
6a148ed83042a1d7,true
0bbddc31dd6338fa,true
4ba800bc24aaab19,false
f39fd8aa6705f7bf,false
0fda04b386361344,false
f34dc2bb185f6337,false
2a1fd88ea84bd1c4,false
4b18c168b4fba7f1,false
6a6af99006b74597,false
5642bbd27d6b423d,false
07be11275977c7fd,false
52a97c1c37e19771,false
4f5000e5764af732,false
778006ca2b105ba7,false
250c4bfe19ffef42,true
069c1aa98fe92e5d,true
c4e8a9686f726660,false
5cce8f203781b6f1,false
6e2f33bf00d4090b,false
7bb15ee550a0e788,false
3035580424bd2e10,false
75eaab39d1d9db49,false
b15cc0deafea1c10,false
68fd4b5555b3e3a6,false
f4e6a6d51e272943,false
69a1ec53600f20cd,false
2d05dd20e7662ada,false
3144b711ced0909f,false
20f51ffa3512af60,false
5be487779732587b,false
3acfdb5994e693f9,true
781d51c2847b7436,false
494937428f2645e2,false
3a8e4b06d93d1f4b,false
89ffa14945b119e5,false
086ff7828e4218df,false
6697b8ae0a80ba22,false
3045430984e7c2e6,false
f3dd91ec73379068,false
1076aebbc91caa1c,false
3ef68b281084b562,false
df81a8933712ac1c,false
bdef38df14cb6efa,true
71f91ca86143943e,false
08281b3f83cff675,false
7c5d6f9c86b7165f,false
1702ea0435698103,true
4e1a853f69cdb255,false
0b85134703d69186,true
2a7de22e0158cb9a,false
6a7cf804d0e53abf,false
0b537ae86d393ef0,false
44f210f4eb098512,false
dbf6e5fe9e9c40b9,false
35cc04bdb91739f8,true
1b0e9c1bdbbbce81,false
3a8bb320b370e74a,true
350e9b9536e3e24b,false
7d72b9a8fab2d013,false
0a98364673751865,false
40a03055831c654d,false
02b1ce87e7e28aad,false
cb7c7962892f6221,false
150b5e3e92bb3e62,false
d7a1f34da11e1abb,false
fa607b6e23cf0269,false
2a6ce9388a92fdda,false
43d4f351becd7beb,false
3ad63985c8090dd8,true
572eebce04a281fb,false
4d9dc67192220c2b,false
34689af831fe23d4,true
872ea6f5760491da,false
2ea9ad82c6f20b9d,false
196d69be242baa31,false
0b9d2375fae1dd27,false
5fca8d39dc72b0ae,false
5d9fb88d26c845ac,false
a236b35908238fe4,false
1c5e215405e7a08f,true
6e0d7c559d0db19a,false
ae6146d38e1a545c,false
f8a50534e0619df6,false
3dec6160b19193a3,false
72d9d11f0c130bd1,false
7833c4ed5f37336a,false
4a4e9e576dcb1dbf,false
1be760e8feb7eca4,false
0ce77252d5fd7816,false
020b30f1aa18982a,true
70712dc08f9e7ab4,false
f14361ad6fd9a37d,false
f696968f09faa937,false
5848f7538d449b57,false
3a42d7ef227e15e6,false
00813804ab851ccd,false
c99e35f0b9f26a32,false
32eb895a109a00c3,false
187f2ab02e093903,false
7b221170a395b3ce,false
1eb3c13b860cdb15,false
1e02c17a6fb2fb29,false
e89a87285d016ce8,false
43ae8866a145b4c1,false
0dafd8549ff5223f,false
bb19d9c9db82dc25,true
c8a9c3592201abd5,false
e40b06d2bd8d8528,false
244491ad29932a5a,false
3c34ebe43961851b,true
1e444a9afc10ee4e,false
1f5af62ff8a5653b,false
470f5c168b6cbd31,false
5d83e5f49bb9f1d0,false
681189bc47d1d800,false
46ce861684806b70,false
36b0f97306e5f351,false
9e171f14f633165d,false
13dc142f9170ab65,false
629a2561ded9379d,false
39c7750dd0b71981,false
102c6b45a56008c8,false
7b8713e4202610d0,false
500f9859e0b808c3,false
27261b1c96f1944d,false
1d37eb369333649c,false
6f5b7eec8fe549ff,false
5c67f4ad04260f99,false
4091f9cdce219f11,false
38ae29381c241883,false
3ac31fc2d430ddd6,false
3e2a9ba738914e7d,false
213f4250318508c8,false
bac0e0d735ff022d,false
53ee4b67ce142e50,false
596bf68f3414d047,false
5720df6f155ee2ee,false
e70c9d2acf09031a,false
277b0aa4ef60975f,false
35da9a0b5a0543d7,false
5af302e5bc73a4d5,false
147785059c2bebc8,false
c1b2a90a0c1cfd91,false
6a41546af2bd7b8f,false
2c48cfb6fdcd2556,true
282c3bb08f8023d8,false
43804accec511861,false
03d6dabede26982d,false
2fcf987f11a45cad,false
6a571931e60e5fbe,false
6e991503f9931861,false
7ba909113b2fdab1,false
24f7f8c95b0d294f,false
294bb725e8379e08,false
28555144d411872a,true
6e32a7b42fbe768a,false
7261026323d86c17,false
27e48a1c7a955ce2,false
e07dd113629c25a5,false
393d243a12b3cfc1,false
1b37979fa4f36e5e,true
6c0fb79101bdb03d,false
70913d50d6880c20,false
a36fb1c125f0fd9b,false
32e1c2cd7567173f,false
0f76419300b9ce21,false
77e4bf8c37354b58,false
5eea6a944be31e7d,false
7c82df2a6a86ca9d,false
9baa1383075eaa1f,false
071cd53d1a7113c3,false
666d942cdd691cac,false
42b8e79a549d013c,true
13c684b4deada314,false
368446530fe390fe,false
7b3401245d7c49a1,false
ebe71b922eec5895,false
55d74256c7a637da,false
4fd3b9978ed11e5f,false
1d0d5356256d7bf4,false
00225e775a930499,false
40dd00dcc46d44d2,false
24d8891b6b4b1062,false
3c2b0659a0bdbacb,false
20e04ef46d8e3f61,false
5d3061c6e73161e4,false
41d1cbe43d79dae4,false
5c5d90ff3b159732,false
16d8b671b773eb76,false
7a72549bdea2a61a,false
482cc66967ad8769,false
a686e001982bddd2,false
0e754d53e2fbaffb,false
3ca2e71a6595db8f,false
cb6c80c3b7db7a7d,false
4788cfde35514e1f,false
0102e1c261237192,true
7d25d8a605b72c34,false
12bfdf071ff4666a,false
6de5c67610850fd3,false
258d41299470f4e8,false
59a45d4d51306eb1,false
01a88c2e8a0e663b,true
7399d6cd5cdaa7d4,false
73cb1b4583070fe3,false
2ebd7c96f252d0aa,false
10f72070f2cb480b,false
1623b5c2ca129f5f,false
3d410dc3a3d73e58,false
3086a3b68046efdf,false
3213164c6fd63be4,false
173baa60f5172a2d,false
288ae05aabd8c270,false
45683acb4c970a3f,false
1518f603c5822f31,false
383a061182b7bc42,true
57b6880f846bc2f1,false
7e20772a495770f4,true
3c5ec7348c24623d,false
3d56c4d5578a0018,false
b21717aeab7535e6,false
48cb5cd2c762aefa,false
1f8f3f595f144819,false
8eddb62f378b7327,false
2f4fc4168357c4dd,false
a4f934c4e5701b44,true
7c8094d196119045,false
3df2576127bcb3e8,false
60a574afcbd0bf05,false
2100a1a5e0a992ab,false
2996c385dc85520a,false
d8c99b6a05c58309,false
5d8d2a97fa473e82,false
c85b44bbaffab14c,false
35554e584db91046,false
015c89b05c00f709,false
461f10c7e19e9a94,false
7daaa8e1cb18391e,false
eebf71e3d8dfc1ad,false
41dc0f9303ae8479,false
4a572f2891b31dc4,true
471a77c355e87160,false
73e20dcc264ac481,false
665e7a730b0ff336,false
fe6b18192e7f7441,false
2652c6912ee0083f,false
f29f232a1258ca91,false
6e4fa20db3ed1bf2,false
74ef359f0d73a499,false
cf821d79fc29ec8f,true
5fe3915df3c71ae4,false
495605fc47d429fa,false
722dc3ff61ed7680,false
9d7807f80e1c07ba,false
210077d5dc4f9043,false
35480b7332334882,false
16ab0df4b08862df,false
2f98c8c440e961af,false
bf39deb434cb1408,false
44af6b6736ae3176,false
1ff44e5f0014e025,false
47d2f8313892f946,false
2207f3f22bd0a431,false
58b02f54d530d288,true
2ee7a369297dcead,false
5a586a05fd1ccbc0,true
1d6bf8b0ce8daf99,false
23ae982f34118a03,false
583518e6b104a8e7,false
747fea865b70a677,false
1eaf3376ec064110,false
4d20023447df7841,true
24e55e5bc2413c81,false
74eb2380a6a4d35c,false
b318344f8710a81e,false
48a7cf2aeb3fd22a,false
73a68edfcb5ef11d,false
7602bfae1567a2f2,false
25e55d8f0f3d8e78,false
106bf8a360eb0c27,false
5c0a1e78ff8a2bc3,false
1f43e61916cdf52a,false
4879d8826540aab4,false
44ad4d2a098dda32,false
02f1ab115d4a7f15,false
5895f157a935f3ca,false
3c4308d7211973ea,false
47e1e9363d43a5d0,false
616f570f0400860e,false
3ec79e92232ef835,false
67c0c233a40debb7,false
545aa3388f153db1,false
0a72da0ec5258787,false
81715df56bc4c665,false
136196f42d5208c8,false
070bf77ebcaf1a74,false
6186981643d266e5,false
049f99c26e2c2d6a,false
333c9d825acb702c,false
919f6bfb9541e6ed,false
342a542a61388d47,false
01afdc0e5320d41f,false
8b6bd8797a8a57a3,false
67c89ea278805c87,false
3be2bd2a1268e06f,false
1755aae1a3768e92,false
18be3307ede6260c,false
f087ccb2d3bcdcdb,true
b14095d4ac51e425,false
0f0cf9bd6945293f,true
50edc0243b788913,false
1f3f4e646665e4b0,false
f5d50a369b7c6ba9,false
7e4e6b67ecec8338,false
690685acd85cd9c8,false
1853561fbf0011fc,false
6035f54202d35ec3,false
e94051039902489b,false
d7d06b68298e456f,false
12f32114eb4f684d,true
26662d86aad23d57,false
12804be75f95aa3a,false
1051956a0d4050a9,false
366a50150cf36ec0,false
3f8c8ab4b8c6583f,false
2b48475aeea0451d,false
148ffaa4dd31a876,false
778f519b571cea50,false
dd5dc8e752347f3d,true
2d84bced47058553,false
778fb718e5e1819d,true
2b4de926c9ee1cc7,false
4ba9e31dfcfb4f93,false
6a1086a5e5d8e622,false
cda91f7e2504a3d7,false
7ca45996f20cf846,false
efc2a11a59db8687,false
4372b57150a89cb4,false
2757b1d2a7861fee,false
766678f9649e92e0,false
4976802df702d0a2,false
3b2a15875603939f,false
5f0ba6b5939df84a,false
458cd18714f066b2,false
6e5b7b0616d7bdd0,true
172e35911de6d629,false
67a1148b60f69905,false
2cb1e167658d80a2,false
193b5f29126acc82,false
e7ba939858dfea05,false
793b61979d8263ce,false
5435076bff5b291d,false
4d52c99e202c703b,false
3d6f1e9b76b334f4,false
5cf97fc9487f72d6,false
50b55702c8d5f31c,false
435d803de033f5aa,false
15850ee38c66817a,false
2fa4910e9c41fc9e,false
045a4070bfa46360,false
5a8e6156dbc4ca11,false
1ac1e7259981ecd8,false
19cb8e4f82500046,true
11af6253bbe90723,false
5a64925fa1e81dd1,false
6b129f996d0bd661,false
639c9ec01a27790e,false
13aedc3e2313bb5d,false
6317f2f3e46b8981,false
1c89e226e9111f71,false
c53d5e0fb480c770,false
b3664986953e628f,false
2bf8af1fc06b1cab,false
84e38cec9ba9319b,false
6ec0da7780839217,false
6464dc0c4dd8919c,false
3acd74b372751f56,false
09a5c872e0258ad1,false
0d92d68ec469da78,false
37954438c1e9fee6,false
27b34e6ef9ed462e,false
55c62a1fc8841bdb,false
d152829dcf6136cb,false
5f9bb8f242114341,false
540cc62d8c46d95f,false
956f568b34058a64,false
73d6c792bc164554,false
db5d9a4d9e603f74,false
546955b78d33e8de,false
69f4a1d733a90e42,false
4917b3982a5b79d7,false
587b5c97c8807083,false
cf0164e2272bea40,false
2d156a29f453d88d,false
9387b187c1fa4585,false
3b0fa406056ab412,false
640255adf20ae827,false
3214b67a668a69f3,false
39921ebbadede30b,false
847a08c2eaa963f8,false
db70a8c75cd65667,false
2fb662499659c79a,true
0212dcb34cf42eac,false
49a51e664c28d6b0,false
749386d4a1dfc15e,true
a791369b9900c99c,false
794ef73c3c37bf11,false
3613caee49b7d577,false
9fb9df2a048ba447,false
6139bed4b6c4bf77,false
3f61219d20c56ac4,false
61b507fea983257c,false
91dc8943d8883b3e,false
09bd2a56df46effd,true
63b2e5637b058677,false
74cb69bb219b29b0,false
af49e4c7997ab02b,false
46aae36aca5336be,false
7b3edc3d649ac3a2,false
050f3b48b61d3f17,false
92474dc48fc1181c,false
0032ad5ec8fca508,false
439620908b18c1af,false
0763420bb0db1aea,false
08a735688357fd0b,false
533157f141f7ce59,false
2990d7342aa738c1,false
ad252fdfac0fb1da,false
f42dfa17d338fe01,false
65cd67e7e5750474,false
307ddc51cd7bc7cf,false
dd63b34e76c17309,false
7076e69b103e89c3,false
689a4bf32a4cc541,false
275fcbc52ae21eb4,false
056b724b004b4628,false
719a41252a2eaae5,false
094d23be00d86362,false
5480f0c0cddadc69,true
714c4c678790f763,false
37ac9288c3e128ca,false
4a493183cbcc785e,true
7cfe070d3bd991b6,false
9379c067e466b187,false
2fd8124e7898ac6d,false
5bd8de1f95a421c7,false
63bc8619f6b65ec2,false
73e95fa241d4f7fc,false
d13e65df8c4da584,false
60082ac7434766c2,false
a7cb4a7d1ff059cb,false
c2664be9b5135a85,false
e144f32736cec990,false
573701326332417f,false
9d2f473bb037366a,true
10f8bcf26ec81155,false
6a36e743f45c2457,false
164a44df2cf4ac03,false
15c51f45a28d42b9,true
74ffd9396dcae155,false
6c159fc5e30667c9,false
5043c0d272b1bb5a,false
6ecb9f81280371d3,false
0b252997e1e3df50,false
403cb7e1a41659be,false
dbb4d971c4e1b111,false
081d54adbfa634b7,false
4550a8d50a0cacef,false
53d5105325862e83,false
bf7db5a08c417e42,false
debf738f9bd38fa5,false
18456eddc6df6e49,false
1f1628387f6443e4,false
4164477e3deb231a,false
0834bd336c16609e,false
579fd239d1647b2d,false
632f448585d25882,false
ca9a9f9136d20fbb,false
78c861e193c3cb63,false
7751dc27a5c7b881,false
03502e80d71b748a,false
05486a2bf71b8b3a,false
40a5df1a5a763262,false
5bc3a902bf61c1a6,true
472c7c13d1369920,false
323e3cdf81991a4e,false
7d97ed4ab956f808,false
41a32b2a06f35128,false
59bd1b499cbed71a,false
61946ac2175d8178,true
5c8eeda63601ecfa,false
fabdd753a7b0a809,false
4f8ebc0b3f41caa7,false
2a520165eed23bcf,false
054a9ece67beaf9d,false
e3a748188a2ae184,false
44a4dd4187cd7859,false
473ce0d565176ce0,false
75e8d81d9ee3507a,false
265f4c651e65ce29,false
cc577d4bd9da38e3,false
5394c8ee635d6cc8,true
23ab8afbe19d95ff,false
cf59f6d820a3eef9,false
457ae99a89b07847,false
0ee55729b30d1a19,false
27079d4410d34e3b,false
6e505f08c2c803df,true
791847517bdc2a9a,true
ce2bad9251f3459c,false
529b4b4b1352723a,false
7714a20eeb2810ed,false
02199f2a66d847e8,false
1623e940cd389944,false
830b821e89608e02,false
40d1ea0040cbc1e7,false
175d3c14e750893e,false
543f123c2f199158,false
090c3b20e53239e5,false
d777d5517a068949,false
368f52aee961b036,false
0b72882bddb9f600,true
5e4eb161910ad268,false
5fd3983536c01360,false
3b89f9370d2511e1,false
27a10c5da24ce4ab,false
4b5d22339d27be65,false
8d75e56697137169,true
23f19cdc49ac91fa,false
4300e4eaddd5e490,false
08813db6e711e5f9,false
4710aa5e4641b8df,true
784cc4e84145dee4,false
7947ee53a50b76df,false
2d29b09021a6835d,false
3cecf3354688f24b,false
6c3543ce95cdf39b,false
34b6db0cb037afb8,false
e86bac4b3453c13e,false
9dfd554aedcb1ce2,true
275e6ab2068e11fc,false
12bcb54aca1c682d,false
6467f0017f4d5d5b,false
a516cee726fda030,true
b463058212761b93,false
262292484e946631,false
b58b3fdb39918d33,false
074cde8322895230,false
45c88e83d5a20248,true
47ff8aa2cc3baffc,false
32415c8beced5c24,false
15e8844b52ab865a,false
1db71283cf54b0ef,false
b7c9f895c1739d75,false
32d76ba55b8e0282,false
583d222a12bf3bf5,false
724b344c9f8d68d2,false
053850369bfb3997,false
c99a2092f7d0d50a,false
16add61992efe7e5,false
0620dda3deba2f30,false
9bfe63c4237265a4,false
683a0cb3a291e3e2,false
4443ca3ef6d61d0e,false
a89d10f2fe0115c0,false
735b5ba767b4587b,false
8fb5fb9bfbce818e,false
4c68ead17dfee2a8,false
288a814f33a1a0d1,false
d86a598334e3d134,true
5b0a5fbad5d6f8de,true
1127ae053b5f8a80,false
1e77f5001dfef14d,false
74b36c7e1aa3a067,false
2d5beda34ce88d41,false
31d434e762897010,false
50d178f3d6312cd0,false
32978c318579ba0f,false
51a4f76dcd802494,false
a3a4eb4e9f84d047,false
6efc03ad7f150c61,false
59a04292fc974b25,false
31e825432c3f539c,false
116c55b940ef4a6d,true
2ec5162bb7c89e9c,false
67da0f7cb12c9147,false
36c7e75406e3e343,false
32e6aa65ab5585ef,false
4151e4a7248b6376,false
e3febdee90b40a35,false
2fb246240c7b0826,false
66b5651c778a8366,false
db2f8c5936b4ba20,false
721bc23eb8cec655,false
01a329a56bd6ac9c,true
3e50034e4fbdbd69,false
685ca1467478fea5,false
e67ad0a6aa6864cf,false
0c897f911358898f,false
46fa369c227711e9,false
3a684ef5b9a97fc2,false
2925d3100902fd50,false
1f3f3545d45c6d00,false
2176878fe58b2696,false
27088a8b585668af,true
780c2d70a1d01460,false
0bb11fef8c059715,false
48b17437a6fad862,false
540d5d2f08b74ab8,true
c9166ba2c562d23b,false
0aa0f50ad409d1b3,false
da05b497a9dbaa7e,false
38b9724585ecc7ef,false
bfc8506c216fb50d,false
691a99ae0ad24f5a,false
37d94dc2cc9f2a75,false
2b69fcf40a6f3537,false
59204ff1b6424cff,false
6d50a7d6b8cd5cc0,false
0b3a4beb8d3fe27c,false
5c06bfe78685e49f,false
083e7c26ecb0a238,false
5a80337d00ac884d,false
5253345e928b6d46,false
6af912551eefb077,false
5bbf09b085314adc,false
5983a4f1ce9b3601,false
1eef1d5dbd538cf2,false
5669e8d67177d206,false
0c0f031ca8d01102,true
2983b57fb54852e1,false
30c5503f18f84bb5,false
326f7f5170f00180,false
347cb3125ec9355a,false
48e01c854684c583,false
0692790b92c7fcdd,false
41384755915e9c30,false
9ba58b0e2694ebb6,true
96cf8430068ffa90,false
12ca91377fb1ea70,false
d20eeb871e39b628,false
3d987bbf74ace81b,false
5fe99210c3c7c9c3,false
43df465b97b29c7a,true
036c55f7280b1271,false
e4335f6b25987bba,false
3fc5b4590366766c,false
1b627598d8e8a364,false
1753078493ba53ae,false
131f695c0bbbce3c,false
169bd279372e6bd8,false
68ecc7ff0d056462,false
187ab421062d6f5a,false
b792a4084ba02605,false
478b008cbeb19ce7,false
703418c1ec9cbdea,false
449cdde57dd8fea4,false
0ab2efb77753fbbc,false
6cdf9e7d664e2b75,false
60785123e2715970,false
4d5940c88b26e78a,false
412be9c163d5433b,false
62a82c53d9b9ca54,false
41b6ac25e4b422ff,false
32226dd3b51242eb,false
333222c218341ec3,false
288e3785a614f30b,false
1b9411241ef41620,false
6a9054d87c43081f,false
3ff57e09f255c7c6,false
279c416280ba2d26,false
4b41de18c944a14f,false
4670c77b3ca07118,true
67f64a01a608f672,false
12606dc9bb089b3e,false
2031f20b72cd50c8,false
90e066f265950276,false
62529e7957cc7a91,false
2ddba554118e8f8b,false
fac33e4792762515,false
7277a9aee1d666e7,false
13307bef9c54d8a0,false
4227edd65313e847,false
670a74b1d0248066,false
5041118d0c1573e2,false
98aab6c14e8a07dd,false
4fa85bf85a5eff8b,false
1b83c6f56ae9a61a,false
5390b701739162a0,false
5391ef3a981a4e47,false
a12c2422048e738f,false
7315be19d5db0d1a,false
351784bbaeefe849,false
14e4fd2063f4e652,false
609cbc60ba67b86e,false
45a6f823da91e0c9,false
36831ceec073d702,false
516872749a689c5f,false
f24b6d83d229a16a,false
035edea1f996ad76,false
5300b468fa31d0c8,false
b5504bff853c316f,true
6b3b0fd753791012,false
37e791def156903f,false
71399eb177d760b7,true
c89d46054db2b09e,true
cb4095dc2eb2be4a,false
a28a74ca064dcc04,false
65cf7bae57369f2c,true
95eafb4784a72485,false
161543accce007fb,false
38e5ac2f1c324e00,true
3011b41c728e624d,false
53f3891a224857e4,false
093d61dc331d6aa5,false
60837ab4f11da0ae,false
7697ec5a2f0c2f40,false
64f0dea7cf05e93b,false
4da6b613c7d77fcb,false
73bd6bd93125778a,false
ccc1a170be1e0425,false
fc8a6164f667abcd,true
448079d31448b507,false
10cf0517e3fd1015,false
494061ed85813636,false
39b540f2bf2a58f1,false
56f7bf0e6f69b2ad,false
74c17ae925b3a1dd,false
70df4b3aa132076c,false
56682372de460ac8,false
7749647445f158d5,false
2c4d15d27787a563,false
2f89e840fc69aa2b,false
9f4859c595edb88d,false
7b731e5bf1be8315,false
6be4df5a040bddb3,false
0492c2b7a5930f4c,false
ec1f02c3847ae4c7,false
4b1998b5f447546b,false
35622fb5777c1a36,false
a4f6971da0a5a3ff,false
26fa4d45d842c0c9,false
04eb494136f30430,false
19ff48a5f996ad6b,false
43bbb166819857eb,false
761cc7230d974e2e,false
4aa1c6a230b1e830,false
4598e55d7c40770f,false
211ce300376552a4,false
77a8e133d53aaf32,false
301999dff4c6d989,false
3ddf790fd5e984d0,false
03fc1f2c7121d572,true
d095c56c6c85486b,false
13e43cc3d7f345f7,false
23c831a1b74c751b,false
52b279873412c858,false
78e9a37e11dde5d7,false
22f4a428578551c7,false
2c462d6d35935ac4,false
7130f1bca5cb1b07,false
213925214d4ee71c,false
1ee64d6f1cf41c26,false
2c20629fff65a957,false
3f05da38221d99b7,false
1da4f62fe5d4d84c,false
4039d5209fdc5271,false
dabba49bd3fc6318,false
043821071fdf7171,false
d6382443083e4ffe,true
682757606d5669d7,false
ffb4c7bf8a5bac64,false
548506cc43aac104,false
06c892c2e9633c45,false
f510bd25bd488d8b,false
1701a43072f3396e,true
9fad5e1085b335f8,false
266457e48d6df002,true
8512b43502fb4a5e,false
4268e521b7bd20bf,false
3174e11c0237b98d,false
2b0cdbfe4a67c966,false
3f8de11d5f7bac6f,false
7eb511758c72e5d9,true
fff4c5bd8412f08f,false
016458598ce46ce3,false
021bb857c67a6aab,false
08a17c23090db5fd,false
665ade5e5728aff1,false
02f0da28b2399b72,false
52d2ec0b3c1630d4,true
31df2b636f9913a4,false
d813b967a5c427bb,false
f8627c0d7e09e0bc,true
795ac9857a440da6,false
4acc0b496a36ac7f,false
1d46a6fb64ba1195,false
64a6a06aa1b54b55,false
091e5e9fe471f273,false
15701ea00e5daa9d,false
316c62446ddbeff6,false
39dd2cf8e2e1743c,false
361d5cf7bcd636fc,false
143bc7eac472d987,true
05b6a4e53bb71344,false
8d78f36c4944a73d,false
00696d16d2ab435d,true
57ccf997aeee44a0,false
26b7843829c8e68a,false
6ee6d96fc5bb7c3e,false
74899444e1507ac4,false
521e1711ffe6e82c,false
1e1799f069ec0054,false
fb8c246bd824cc04,false
50607e3f6bdd68d4,false
7331567f72eb1830,true
defc165def64903a,true
0180c7ca6245a754,false
5af56e11d135c661,false
2b328f6bddfc5a73,true
548aeddc8f81a6e5,false
658b18983c6d2d72,false
644f6d62cc7cdd99,false
23960fc4d56c6749,true
4e8e7abd228c4c32,false
13f04f0366349ae9,false
462bed7caee78e56,false
5c0b500aca20f601,false
6c697ae82f4effcc,false
6587b027f73f134b,false
30eb966c7344c6d2,false
2b2cf297231ef338,false
0667c3b34f0a7250,false
26215b61348b8df0,false
18b3b4f6834e95f8,false
5830d2aae516d515,false
394b80990158a8ec,true
ccc68a77301af06b,false
7e804a0340ba54d2,false
4454e1688e0fac4e,false
366d33b0f8db8b1e,false
3d471ae30498eb2a,false
27e6b5ecfccd5daf,false
adea69059b83f0ff,false
1217897ee610301b,false
ed8745bc383a419d,false
583280b7fc8cfbee,false
79e2bc7733f88fcc,false
0052e86b83fb38cc,false
3607383d4c157495,false
78d410442eac8348,false
56808acc641f44b8,false
4eb0e7dea76189b2,false
42c53dba1711ba23,true
e3ea997cf9132e7c,false
731894487a3ef6a5,false
15402f6cf1811402,false
382dcf5a973df43c,false
4f46af13f5708b1f,false
33fced46a7c5153d,false
15b2cb7956d2280e,true
081a575a6c5ee198,false
4ce936eb20b8f731,false
3b32f10fe425cdba,false
da29486ea881d96f,false
6b3ef829f6ee3991,false
562368c16de00af6,false
2a163156e69d25ee,false
caeb537fc2afeb4e,false
0422ed7a5807745e,false
5494bb56f2cc6a2c,false
ac1cff1dd7b4a1ce,false
d51b4e70d1b81df3,false
78b7981663e81396,false
723f080487b57af5,false
76d16eb086401d94,false
901b065258635d6d,true
2db8f30d6b382620,false
69bf7018c3aa3718,false
cd22afaf1539c984,false
cf8a5c1dac8ad506,false
15500e10a0cc94a8,false
46760c832851381c,false
79200dfc97d46bd0,false
3c3f126e32bc4f16,false
44ba7548d4f9c80b,false
5f7bd1eb19c7b752,false
e86f508746cb8597,false
7c2ce113431cda25,false
27d17e02871a24f4,false
55f7b8d684e2bbb2,false
10d064e97b3d1e48,false
e9c8a40ced4149f8,false
23e8ba2b17f40caf,false
e45cad7ba5c87001,false
4241d0380a8724e2,false
4ac432e9bf71ebe3,false
77216b5485c0b878,false
fafcce97f03230e2,false
449df2cb6a48d111,false
161a320e11701a46,false
2a9425af89e36942,false
271135b44fe941b6,false
386b9f816e30fc8b,false
52c4c60c2fbbfc21,false
75a1c9fa0a30dada,false
75ec1bcf8332ee15,false
2cfc92183763d47a,false
a7be2adefa414b30,true
3979a05f097f488c,false
3574f0d785de3888,false
450f1cb5556971c7,false
399ead98b270e7b8,false
1b1ebfb61e05de27,false
249d60c5fb26fb06,false
88db0ec89923a293,true
2f72fa90706717d7,false
70fb15e331d46120,false
52f188f4d2ba042d,false
cb1c529ff7ef97f3,false
30145a3fc99f4c66,false
45344e02504f0b5f,false
200dd44063711959,false
17af41468e978f68,false
f7c4dccb5298d9ec,false
6528dd1f4bcb6d92,true
c46f87eeb35f3aa5,false
3d7e513f6fd74469,false
251ca81bb89e27c4,false
45af978842585431,false
5c1df2f9dc487f54,false
151a9e945b26c0f0,false
4a4344520b683dae,false
6dab9e6824184539,false
759565de85b4704e,true
3742d583a6656b21,false
4dcd92ebb3386bd9,false
3a14ee98ef0ddb84,false
764ca78a3f04eb42,false
3a612c6839c713db,false
2ecb7510ee0fddcc,true
52ce774ff92c7948,false
76149d4003eb3335,true
58968fa5b0f84a3a,false
2f1fca33699aa5ea,false
50ec7a3b30cf56cc,false
29ccf45ee25ea4dc,false
4fca40722038f5e9,false
597427f4e227701f,false
6e36fdecfd42969b,false
429b152ec43648ce,false
282e49168b1d30b5,false
9fd6a24bd7a13d8c,false
6197cf9a1391e2e8,false
f0c32de25e186074,false
501b67933b9ebcd0,false
59d4c8ff5591bd3d,false
489288b5e2972dbf,false
2d2fb27ac3652741,false
6515d6379ad87bd8,false
3ecc3aaf05129e8f,false
be8c270d641f34ae,false
2c22cb46745b2436,false
1dc91120889d44c5,false
27cb8ef63d16d2bf,false
53f33e4b3f0ed024,false
31b903c3b3ea0993,false
08c2f51fd69294e1,false
3d8eec6e70e5b240,false
664785773a1257c6,false
214a765cc02b1b4d,false
7b52ae3efe156301,false
9e09a73996559c11,false
09763d86a223d761,true
b1fce5de9de38bd8,true
7aeb6aec043eb49f,false
13459f6b6485f6b0,false
2df96af207f38bfd,false
3df1ae0028e635ec,false
0a75fbeacdb1eb29,false
3d3ce7d52b4f44cc,false
40cd02d8c5a7713a,false
037f93c5e7c1fc69,false
08838727b48e6f24,false
0c65f19b563b5b97,false
7638e0f687446793,false
64ca1d97bae9288a,false
0fefa8b4a138a7ea,false
d4734de7931f9316,false
0bba10527e7d876b,false
2a3744c2d895e3fb,false
46dedf685f45b951,true
0ef5298270a5dae7,false
6a60d78f1947bc87,false
cfb5ad8ccfaac143,false
7dc315a2b35b6f02,false
0343df469ceda647,false
242e2032aea0c08c,false
f43c699ee1dd089f,true
6683b3ef3d6b73b1,false
c7eaaaeda5e01cad,false
2e45c463e7b499c1,true
073401ec6315e5bb,true
aad6bd34c8caf20d,false
5afd2ae2222dae57,false
2df915edfa928f27,false
11dc060f28755680,false
2292b42bd8c2af1a,false
092e68f3c9d5f7dc,false
612d0627a4d75b76,false
6dfaaaf80fda942f,false
5474f1d1fb13d774,false
2f606921d97e5956,false
63df17cfc17ee7e6,false
24dab7363b6cc7cb,false
76eea98cf889ccde,false
48c60b75e7ac0157,false
04dfcc6b8ac406d1,false
1a5faf26fe23ffbd,false
740efaac46345c41,false
0444e643e6d8abc7,false
409eddc85afeff8e,false
4e6a2d717be289b4,false
1c6055f41ae28dc4,true
020abf938b15c421,false
ed4be763ee0911f8,false
14f66d8d84b270ae,false
11da7f66982098b7,false
ca542687b3dc85da,true
a0915e971c383c09,true
54bdd7d708e788cf,false
4ce014e5247d2402,false
45a7cab6463dac70,false
35ae5b96abd9f98f,false
130a4568307632c3,false
b31097089be2ac29,false
3f9dcc81cf325f48,false
a8ad1df84c229ace,false
1f5f801bcc2c1397,false
7069543b292240eb,false
d1a80314837f79ee,false
3acfac57b1e1d1ea,false
e6fabf397b86c335,false
58b950a8bbb8c513,false
7eb35bc73d519cda,false
48dfaa8552da9c37,false
a4668b3b3fb453f4,false
776d3312e9984762,false
5c43b49aa982e984,false
720d237e8d97fb1f,false
0b0ab97f88ef194f,true
ac68549151b3d8b6,false
85cd147342419738,true
5e8c9246f01cbe3a,false
176b419bcf592b06,false
31c38941d55e7c72,false
3ece8e14afe97365,false
857aff626bfbec3e,false
7b030366c287f5d9,false
236401a397a835ca,false
203a330b59c05a8e,false
70ae50f9812b9c78,false
02eac96cf43378c8,false
449903da14a50dfb,false
3b0156151b99989c,true
bc3f1bd522e7e75b,true
695f0ab12706f69e,false
772a4955783968ca,false
404a9584f1e2b68c,false
ed5d7fa062d16d7a,true
1ab02a1ad909751f,false
65634e86bc55499e,false
c808e9412fcac52b,true
58e12cd36b05ed84,false
611b19d31041619a,false
4da503720cacea8b,false
79453791473354b7,false
0545edb5235e9ac5,true
61d78a73fd607feb,false
0ce0328279152986,false
188dd99458046503,true
04b449e7037a5da4,false
4bf184ef52fabf89,false
229a548a622eed38,false
02b0188aab52973d,false
621fe24a07005a2b,false
4d4f7887828cf0e6,true
e7b32a39043e35bb,false
213aeb7396c4afc4,false
ba6b2ed276c281e3,false
62d767a797a01f6e,false
65c977bd58f2b2f8,false
24db8afc6ee5ceae,false
7d05733a54819daa,false
5b6d58e974ae9292,false
225ec20aa57e3694,false
1826a09ba8c9c385,true
20baeb53aceb4dea,true
b81e8b043c1168a9,true
4fde661cd037f631,false
afa56a674eb431fc,false
37092b428696663c,false
5df9ae4c6d3d34c9,false
61402ba4129e397a,false
09827e6109098537,false
519c647b0aa937a6,false
7f80b09b766a0ed9,false
4df2940bc0099731,false
5ec4baf912922ad5,true
0f18d1382518eb0e,false
1f2d8f07b6cc4990,false
776fc5673f9a7796,false
86cc78295f767d4c,false
5dc3fa2a147edc95,false
403b49dd2132bed3,false
2d295a3c97f95fcf,false
1cd985dab3f1b04e,false
4b319c931e3d90b3,false
4811bc3decad067d,false
5104b3880a749e19,false
737c1af8bb970df4,false
a8237f22705e5828,true
f188f729031e50ed,false
4b5088bf98dc2fc6,true
4a02a53aa5259b76,false
63f5b227a37ea656,false
5d596ce1bdead845,false
701fff57362caa66,false
02bfa10e0a7eef37,false
ae880a1796d55b54,false
4489944d419a5607,false
22da073e052e0e58,false
12a819ebc513ddca,false
44c44dad79884631,false
6ae5acaea0ddbc5f,false
07c7621bbd96a4eb,true
4848913a12bff3c0,false
43e3da37952d2336,false
a4010e2a9aba261b,false
f612f6659d53804c,false
6b15b4f8eb0f69b1,false
363adb83ad364295,false
5ef5e60d44fbbfd9,false
c15584ec41a516ea,false
4c5e47adb466496d,true
41773fe6c8ccbf23,false
5abf0251e21e1927,false
346d84e73078c5b5,false
21798746d70d49f4,false
776b6d4f42d10e85,false
01dd80ef61849c0e,false
6439b0cff8eade98,false
2198daaf8f470da3,false
1ad050390f94565a,false
200a8ec61ad9881a,false
453bf1836b3df5ac,true
4223a9410e57b411,false
8c756d10884a1aed,false
314209c772ddf71b,false
0562d455ecfb997f,false
1a5d7bd9febbe4da,false
72f420b2e1a6fb78,false
3a504747b0522d71,false
02953c70509eaa5a,false
676abe4cf0eada1f,false
58bc20993b56a6c6,false
21e50956a6a90494,false
288419d2187df30d,false
f74c9bd58ca6757b,false
a467f534f090f550,true
1a460e08cf5bc75e,false
5739033645329fb7,false
67663e43fc8edf2b,false
01897856299cd21b,false
47fd2d0a1380bb0a,false
2384cc1a15ecca81,false
c09efd510d8627b4,false
3fa2ba684eea94f7,false
0f7b436ba75ec9ef,false
22eab99caee1f835,false
01c44b6b4a868394,false
6fcd2eae85e12100,false
148088c1c61dcd57,false
3bbb4aeb0e24d213,false
600214f0f2dd6ae2,false
453ace3a85a4b5d7,false
b569ee4eac6bd122,false
07b694d0cf79e885,false
77f7ba04cca45d61,false
51ce4cd8a293d03d,true
03b0881488f6ec65,false
6b562916cc72b6be,false
6dd7bedd3c4026d0,false
73c69ac6ce37100f,false
d431f13334b9dbe2,false
01625ec40889e38d,true
0a1e58b49a4da551,true
1e1b90ee9e9bc4bb,false
467fbaa3a9067d4a,false
4b0d29fd0bf75df6,false
51974aaccf81c773,false
a56739a54466221b,false
069469191dd57470,false
f0b89723728f9ddc,false
795f5c41b9e54684,false
413dc7d51d027988,true
3967d25670d083e0,true
632ad44b13c89df0,false
53f27c7797f5d4be,false
7d0d878747b3b431,false
c33bea47afb46494,false
3fbf73e9fb5941c7,true
2282cd8bdd80b12d,false
02017c168d231714,false
6febfa7d2563af46,false
41eb742df0476420,false
28506dec6c30b9bf,true
3d7f1ca3e8407ec4,false
4a238944af0a2ace,false
7a1c20c7a27931cd,false
62ed25efcc3ec507,false
9f374a853dd32287,false
53fffebb13c0a260,false
62b01466dd404e0a,false
5553a4e27f329b33,false
662fe07531be8046,false
4b49604556e58955,false
729b400e256e7d24,false
1d61749ed4d1f42f,false
8cdd7fdebf8f855d,false
76c6fe0aa90afa84,false
67ce2f87a5febd2a,false
41d6492f9f3218ac,false
ce85619365162a90,false
290547aa144bb96e,false
da697c087c8d1c78,false
5d85d1d1a15c78be,false
482da1eb91246eeb,false
09ca73e6c7d6c3af,false
258d0b2c820c1d33,false
5f4cac7e90d5cb11,false
1ff83e536711edea,true
e7168c82bb79f06f,true
6b56a475f4f8aa9c,false
19973692270b9c11,false
556c40df86e08a10,false
0b877ee973ad850d,false
b53694bf146dc1d1,false
7d409246dff5cae4,true
621324a075cd257f,false
ff8cbbb4a217d196,false
2d3009e33445cccc,false
5489d0ffa03a34bf,false
f4994db555f6b68c,true
aa5ce48faa9aaa0c,true
6544771e92441c08,false
54fed885598f4f35,false
c565b4f08f799e69,false
62e6d87fd4262fb0,false
3ade9a99cd346dac,false
8dbb835a262d5de6,false
00f833c0120695be,false
2781aca7a41c75e8,false
0c201822d792f1f3,false
4c14c439718a0b94,false
545fbf6ea0620f42,false
b91dd9d8b836b1b8,false
4d1b0373b77537f5,false
bd421c22910f3274,true
3ff024afa1696daa,false
601cf4deac92f061,false
227e9794eb67ea1a,false
7c8214d9a2c2c614,false
92671c5deb33b212,false
322540e6f2fa907d,false
46abde6ed7a5b081,false
f6216346c2c6df2b,false
82e08a4044d9c6ef,false
2dbf73ccca7dcf27,false
ff3256f9223c5211,false
180f8e5cbb7647a9,false
05440d17ad5701ee,false
1421ebab8b7a0c83,false
643b97e9a9056c68,false
88aadaae0bcad5d5,false
c23ff50ef201cde5,true
58909fffbd4fc94d,false
67d3dace16c24451,false
4b3e0f37d600d14b,false
76284024a36f8fe5,false
897c5e117b709f68,true
4cfa65e8467de55e,false
014455983e56244e,false
6993aac8950aacc2,false
2b8c87b157895cef,false
3356cec75430b33d,false
09d46362c10fb14b,false
fd1f4bd12edaaff8,true
1b7164ca56dfd403,false
7e1c2db4afbf4f89,false
7407d0d13fd95e0c,false
003c789e7a88e7d7,false
769968199ba349a7,false
5e5e1f9eaab146ac,false
5df84c528c413766,false
669ebba72b3b3f30,false
e47171e16195c7e0,false
52aba39943ad9984,false
36c766dd89fafc6e,false
254278aac325d20f,false
7684c49ed3d14fae,false
26d8d7d19d890629,false
164dd6420bb08130,false
d7272d7a8a7bc324,false
2d46ca0f1f1eb4f9,false
4da8252a9d9f9106,true
75e417cbdfb12d9d,false
98884ead60736b8e,true
4828483837e9af40,false
16e6d5c198e64a25,false
08a6bd650ad56704,false
359758bce64f8b56,false
3b287b1302f1632f,true
dc2d689cab3d08f4,false
d176aa9d5be09835,true
0cef48596dbe201b,false
73fe257a63da6cf4,false
17b1eb30efd54a77,false
3439ad9604c35eb1,false
e5d2bd32ce39b0ab,false
caa70661d67be3c5,false
f63a0f0a6d614ab8,false
62bbc831c0fa04ee,false
35a07f363442cc26,false
1589a2a6d21da66d,false
5bbab9c0decf5ac7,false
5d904866d7491664,false
5e5433b389c68d7e,false
31145b7f651205d3,false
028a5e21e7503ff2,false
1b1c9578b569753f,false
88fb88db0d8d8bff,false
29e121bf7b289189,false
19d8d5951c88e9d3,false
5f5a2943ca6b64d0,false
2a7b23620aac3abc,false
90ae513fec2a4012,false
01287468964a08da,false
41d6abfcaa57d428,false
24238dfd8f675e64,false
0e06f607b4567490,false
b7ac1e095e75bd7f,false
b6d0d960aa5ab76b,false
0556f91b66f1a6c2,false
61b2f40bc7935b2e,false
2a923713370fc203,false
c8a50d1b871004a6,false
6d8f87bfd00fdbd7,false
69f171207bec42e0,false
bebaf2738640563a,false
1d1f3d74b7567999,false
1f97b81ee236393e,false
1fc467d4057263f3,false
faa13cd53347db44,false
3b48d6c0677255eb,false
795882cfafda8c3d,false
6fe88f8dc643645c,true
79e0fb2d523f6451,false
1a01b6bd884fdf0b,false
6850d6078487138f,false
b99d9108a011310b,false
214b6738f483edfd,false
646949331ef82158,false
1bb1466b26db00cf,false
033e43d3d3d2f78b,false
6d0bf7fbb9533557,false
6769037b463744e5,false
045decd78c3117fa,false
858e36f68521fe8b,false
7eef891c862f6ffb,false
6d946f3547f9e8c5,false
bbe601e80b05b289,false
9cf6286c2f16e75a,false
b56aae2049e0522d,false
63cc8f99d80bb597,false
a2e918c37f700953,false
48381f9d7220e39b,false
feafac64a339d5c5,true
75ac15831458537e,false
43873abfef1ea6c4,false
60b6405384b85c76,false
64fc697d6502ac4d,false
4c1b551227eaf771,false
f52c77a744d744d2,false
653f3a1d7f343ba4,false
3e3810eb2c1df97d,false
7a4f3a50d3177530,false
6531a5a6bd4fea70,false
254927473c2be2d1,false
53e30eb5d7277a53,false
4316f586fe46a20d,false
584cfe3d34dcf211,false
64f339dabef6506b,false
3711ef7aab0d3ff1,false
7e0746381aa0f4dd,false
3823ffe5b8056a11,false
5272f89708c698f5,false
4213cfcea56d940e,false
541a55b3629110ce,false
4b857b7f6d3ea7d3,true
b009c6c46ab77667,false
159718c88d9732de,false
1cc6200fbbd78b2c,false
2df242ee2a7822ae,false
2ad83f5480c4c400,false
6daa3e3653547348,false
49e547ec0fe3b0d9,false
7ba193fabda2dbd4,false
99d0d3d3a88c8771,false
4278d84ff67c49c5,false
06e92fad7cd1052c,false
12c12688ced392b0,false
05c343454a74c91d,false
58e4c580a5654b6d,false
36eaae6331cc1217,false
344da228d389609d,false
564b3f800d21fa75,false
2ab4fb5f295ffc51,false
72206cf5863c3cfa,false
6ba2776fa75ffb54,false
0b0a0bfe769db065,false
0631425723f35191,false
f4927a2b47881eb7,false
5cc150b1e664274e,false
bfda147c356c3f8f,false
aa8f125769fa1e14,false
084efc9f43a1a277,false
4f7c94455b8cf5a1,false
1135c8a36a1f1200,false
1ae45fac1a24d48d,false
032a4447b72633ee,false
3f02edd81a1ef999,false
1d1b3e3d58023612,false
05c734a3e64980a8,true
2dcaf058b501b937,false
00a4e07b966cfe51,false
65923524efdc4f23,false
6fb84048513da3bd,false
7f6a7c5ec2d5ba1e,false
7823239a6ee57306,false
4f590b2bd6eeb8bd,false
00f2d54a0b35c3d4,false
b2247fda2f82de55,true
64241018e2614ca9,false
195c17c2afb3e9a1,false
1d6e615b3585289f,false
487e361a0156960a,false
9d8051ec89fb8cf4,true
0fc1ed9a4d788691,false
442745cc2191893f,true
01b7b6fe9ef50015,false
0ad87d131fd76259,false
1ea37d98250ddc7c,false
cd1abf0d3db7e63b,false
7763dd8207aebd8f,false
6873fc906cb95470,false
437674401b21f415,false
52af077dd3ce5f1c,false
9c65996de578d9d3,false
a294f2b388d7c8eb,false
2ec69f2bf6262457,false
40d77038484f2f3e,false
6ad858dac38a2611,false
770b0e32b0b73ca4,false
0f9c085bf8682a1f,false
693c4a8d3cf6a143,true
3b03abc9e0dcec06,false
3fef05c73814e5d9,false
66409c6e2ef71b3d,false
4d94c5e7c9420285,false
95bbd9776767c244,false
3c4c8c2daa592956,false
5c44e0131285b5ad,false
15b35d93791667de,false
0f1a0963944ecebd,false
0196f4eb74434f18,false
2ccca6a1814457fd,false
7f3164aa646598ea,false
080f2e413ebc2493,false
20e6321bdb0687e7,true
7ad83ba9bebf28b7,false
70c3560482e6bd3f,false
33d99db37f166fb6,false
6af31d83fbe66a83,false
4acb6e3b166ec15c,false
36ffc055c7905d65,false
60aa307c161e33c6,false
5e058163e2d1a6ba,false
3ec5d74ee80e00da,false
32bcc9b6ec4183b2,false
da76891db64dd1ab,false
54f21701c3c7d2cc,true
6e23eb47ef9e2e2a,false
83e538a106e3b1bc,false
98e9e408e18c6302,false
793644a56afa5808,false
c3ed1c0d64855a67,false
192fba2fd7e07142,false
2082d1f96ef74886,false
4afe5c6c31fa0a71,false
35f55a397815a0c6,false
e547bf34ec208110,false
1f4d77fa253d0d6f,false
454cc1be44c5f996,true
64072ea8afd8f767,false
4ce2e6d6aa5539ff,false
3ac3e8e51d8940ef,false
623b31bbafe52981,false
d56fbab665cc1d01,false
68be8738d06c6cd0,false
65b1c30eeb8c0e2b,false
47c48764a33433d6,false
c4413d7c6d1e7b7f,false
cd9d84a85587ec44,false
24b4e09e501ee2be,false
6fac1910e9aa3af7,false
3bae02fdf526ab79,false
517ef233673ccb4e,false
0988a5ab4eb60a34,false
1f00d8941a919665,false
0c25e89eee4f7d37,false
3604714613c39143,false
7a1f9ee40222c32a,true
3bb545907ebc8890,true
b423175e26c308a1,false
6dee214ac6ccc7e8,false
76da33e05706193e,false
103419aa0be04c41,false
4ec6bfcc5d6c05b9,false
502304ec3027e02b,false
95f5091a2dab6202,true
6a0f5fb99f656fcf,false
0af7cedb3a32f101,false
723c2210185069d6,false
5e573f1d3af82c47,false
56df9ca61e745ab1,false
0f4c6fff143eeb79,true
491d6fd680f16097,false
1e30ff2e530c4e08,false
b7962d3a260f089d,true
5d6357216f3d79bc,false
0409d38f10a2e350,false
809e0499c7857a89,false
309477812c3af09b,false
8f145d5672396efd,false
55b722eb85f7f250,false
58949f516bcfcd30,false
8315bd8a06b0e8b1,true
7c4e4b2811b14694,false
a17da3529186f8b7,false
563ecb1d4e87a166,false
70e42edad117b02d,false
d7d85dbc88145d97,false
662eabe9adca2265,false
6bb7e8c0d41e83c2,false
de5a6908d74486da,false
294dcc5a759cab03,false
5f4fd81453dcab6f,false
1b21e799e62de1ea,false
ba46d74b0673e845,false
cbe7b38968dbce33,false
16d26f4549cd70f2,false
f5da2d60ad898b9c,false
b32fd80830646454,false
191f2acc911ff5c7,false
f5f110b651423f24,false
59985e2fe8df50e2,false
75b99d0cbf367306,false
7abc21eaf1f1694b,false
6208e439248c7a96,false
2c744e0132caa65a,false
ece2b6e923bbcb17,true
6bd7dcedd9518641,false
7f13625d3c03ed0c,false
62b321d7202de3dc,true
ff903ec4d819e58f,false
2cdb5020f3c4f140,false
2e3b7052dac85e5b,false
1246df6f798fd9d5,false
6df024a4df07a4a8,false
674b78d27797ddff,false
e212ba70512c8193,false
40fb60f3ca475d96,false
0d8a09854ea61ddb,false
37672a1fdd27d13a,false
1a31554983694cda,false
790e2503f4e37b85,false
4d45d507878d6b52,false
327bdec447f40487,false
7e228a8506de7518,false
033bc26e6415c3fd,false
6c46492bd080eaa9,false
3c47b353a521a8e5,false
5e14c84372342d1d,false
58297bdc0e39c46d,false
36b2c5466a1d652d,false
a4b6ef1e65f36ed0,false
162d1280c318c09e,true
c440ea3a3d46da81,false
2d4225e1edc7dbac,false
3005df26644f89c4,false
450d872a6f3df975,false
7c081a5595bb6016,false
142785ff6a3367ef,false
4d93be210f599394,false
9af62a28e5334bfd,false
5426aea823911577,false
0ad2eb9436a1f2c4,false
ec8c57d92d5b6372,false
5e613cb58482cda1,false
0b7fba5c7a6d00a8,false
2a1a56e8fbcb958a,false
3de2e27d1a0b491b,false
72fd372dd2e8fe7d,true
79126baf6939b745,false
5e618134ee5cf8ec,false
1391e71044b939a6,false
0edd27a0d9033bd6,false
2ebd8dd07fc3d4b6,false
7f60ca67e070acad,false
7f1d3c929a679c90,false
cc6479d2bd913c2d,false
7bae48f7e58f1361,false
1ec5ca14a4a533c0,false
4ddb8c359c3ff888,false
65f7ad011b31648d,false
083afa8684981000,false
0e2038ddd10fb793,false
4d8e1fc6afb29998,false
588e6424087390d8,false
2d2294e150860899,false
3adbd45c7e6f933f,true
5fcd751100be0bc1,false
275d78c7c786b83b,false
f0a1f93a6e711a18,true
a3df72a68fecd763,false
0a685f8bb9f47984,false
05605a234bc6de37,false
47497fba4a1ec13b,false
78e1c8fd9a92baee,false
09626e5c2a34617b,false
78373a43020383ef,false
1ad3c4f5d96850c3,false
6c06af3ea395ff1f,false
3c2f768d504ef99a,false
a7ff7e0a579250c4,false
410967591ff003bc,false
fbcb9a7a7288f530,false
5153b28354b79eef,false
215176af0313aa16,false
2eb6a498110a18cf,false
35ddb5aa46bb7e4f,false
2a8f54c5f766ac98,false
b35d190046efe106,false
253f6da9899a175e,false
314ce081d9877e7e,false
1473b16a5f710a74,false
4685f405f44d987d,false
4b8ae92d5e6867ba,false
020967d7d721d109,false
33626db04688d054,false
4a0ffc8bf701d89d,false
3c8ec68bba6434ae,true
398151165d51a5d8,false
75e17eece145ed66,false
772e63966bb6af7f,false
485059a820314a85,false
5787240db0aee3f7,false
67d16f47fbf72453,false
304c082a3d85d357,false
340475bfd0e4e05a,false
ee4fdd6b45596472,false
2b80543b67cbed35,true
77ad4bf7c971b551,false
a68462b8dd9cb208,false
5e8313fe5da07bbd,true
561b093844858227,false
42df8077f0416d6b,false
7f25c3d14eaff67c,false
131dc6aaa4ccd30d,false
5be7e7730e23d35c,true
6f92958e15b3df72,false
4c86670a9a1321a6,false
57e580d5e118d26b,false
698eb3a36d10c196,false
2c081dad37708a74,false
3afb1aa9922ec73e,false
0c0b765aa8b0e8f6,false
05d1b10be37337cd,false
1e0b84a7547bd3c1,true
02033303f4c9d790,false
22e8f078f4060eb4,false
937de3d8a5c44905,false
1271592920c04e25,false
57f5a99e02c866fc,false
f3b8e964443e8f5b,false
f4d93e1bc5cae450,false
02372936d0aab738,false
665cceda4f29394d,false
73800347b177e72d,false
6fa07d28fcf841ec,false
4d51a15e737ae188,false
4bdd2cd2d2e9b6e8,false
11bb482c46449191,false
2606483d7b33c2fd,false
29ce2dfc3804c693,false
2eb38fb6c646a5de,false
425779dbf01045f0,false
5e731f2ef0e53cb3,false
4eb2638135e3da80,false
46d921a4a2698132,false
92897a554f56262a,false
9d7e2cd10f82cb72,false
0abba43a097a761b,false
26045e082a78904d,false
19a55d27391e8a60,false
73194d5b1c90f90f,false
58c0794d521cd2b9,false
027577ce5873bb3f,false
4c2ce2f9e826070f,false
20cd47f47e5d33ce,false
6678ab437c60b660,false
1ef2908063ce744a,false
b9e229b0c54980c6,false
1257becfc5965fd1,false
5d042f5b5063a46f,false
27a44133e6fec546,false
1b9d1e5677d39625,false
2dd6c00bfb86daea,true
45ae8e9d5ffa424c,false
b6b4ce1a6f17f51f,false
f3abeb243dbeb25b,false
311032778d039b44,false
dfa72ee62e026e88,false
15e3092207d32d0e,false
5ac3b8cface34245,false
691fbf485350e2fc,false
c79df44d6b57571c,true
7b20f7f71563626e,false
4f495d6c67c8a722,false
d938a7738598c133,false
90dc28216f4e199d,false
0ad48b4b39d3db5c,false
ab0d4a18f0ec38e3,true
726ff48b618c5f22,false
de408dbc38c5e9b4,false
70d3cc8d1dbae5c9,false
78914fbd5729b6bc,false
3ebff5b344d200b8,false
d5fbf304a556913e,false
0c15e73966d03083,false
4633c0ac3c4d5565,false
781942824b0344a7,false
470da675be4d33b3,false
10b7fa81d1a265db,true
94d03ba3e2e38d6f,false
9c794fe940a8fff9,false
e03ecd4cacbf43d5,false
011f8ae3be1c115c,false
3653db3e99797f54,false
1afa80502847612d,false
2b137c654b22a98c,false
20c3164162a9376a,false
5287d05b8461698a,false
24ccb3dbe850b78e,false
0f4c615facbb8054,false
20a893936e16c192,false
0a4ec8cf771e9b57,false
3c7d5215c88bd6f4,false
d5b536db56b87e5f,true
1a61ec02963e56c3,false
fa07e17402e3ec21,false
39a9708fbcac2e17,false
4d7ad45f59715025,false
419a4b5165af5d6a,false
07ce8862bec6ba8a,false
8204ca4955545968,true
45d55349de5c418c,false
5424f30028b5cace,false
65a0a4908bc08d25,false
6817e636d63dc3ad,false
2e2e42116bc0d4ec,false
a4a8bbce250ce678,false
10b4528de98b725c,false
137ce5c60d518f12,false
cb5359761c4955eb,false
72ff166e3faf3a45,false
097aaf23faaa6096,false
471a6f93c4951a4b,true
3c64e0782793e343,false
fc61c4e5a1fce41c,false
094c96fab645e8db,false
89cd7e1574af73c5,true
2f731bb653ffcdbd,false
d417ee45e96f5294,false
e5d8e8e6fc289dfd,false
1305bf635a49f23f,false
41864706bde41574,false
135afafb5368e189,false
09e08a48b9984fdb,false
df7ce4b356fd9623,true
7efe0009e0e27487,false
6f54c00896601fe1,false
3867eace59b7196c,false
dfcd3c29b5c75226,true
25726d0dcefb51cb,false
62e1685fe626dda1,false
bcbc7bd480816d73,false
0b4873194199a16e,false
3f928c03983ed0fd,true
7def15f45cfd7705,false
3d69aa1ebe8725de,false
64f10c89d4863ba1,false
281522f8fa594b67,false
4524b7ccc2ef066a,false
75f8ce6d18b13b65,false
63a010ef05030cea,false
36046209706ec86e,true
790bb835759e4f51,false
7d0769cdab024670,false
027f927c36662f83,false
183e1430fc4da155,false
843932af7dae46c7,true
56ebab8212b40db0,false
4dc259a370a8123f,true
4c48812aef3e62da,false
6497d383b4097c87,false
930efe0d164d125b,false
167d1872ee92a68a,false
851bd6c78547eeb3,false
6aa5f0baad4ed8e5,false
76c333b2262c619d,false
657fb337e1f5b006,false
ef0e2db5b53edc86,false
c6de1279ae67e13e,false
5f0975a4feb46d2d,false
8be7e518fd5d1788,false
6fdfe5f523b3a44d,false
13c8d3a4fd98ef17,false
6745630cce2eb8db,false
7343db4dc21cbb37,false
4009ffdaaba3ef78,false
11aebf31178a7032,false
09b6b8017b16ce1d,false
5298de2c3dfd4e65,false
39a95b8b6e997149,false
c06766388975fcf4,true
1a0059a0f44cfafe,false
250fee5a72296c2e,false
46fdb658fb97764a,false
4b5474131038fe17,false
136efbb15e370c79,false
1825c38e855e8e89,false
4cab7efcb6ca3007,false
18f9e71d6e1969c8,false
08621c8b8f8ffd52,false
5de29c5c94ec66c6,false
c151c5803bfaf5de,false
3c70ff358ac01d4b,false
fa94c4ddc18adb7f,false
422c8cabcc6c2777,false
557553d645c825a3,false
608604cab1319ca6,false
19df81743d690667,false
21ee5136bd4a12fe,false
7da4127f6a35fa2e,false
90a217b8af51b151,false
03624fefb96d31f9,true
07ead72882676abe,false
6a90211c641e1b2c,false
bc897ffc199c8791,false
3cac7ffcdebf488f,false
297a3ffce5fdd78d,false
765d93b4a1ba87a0,false
daee0d3462149f07,false
4d5d113cdf88c008,false
0feaabf43b6f2dea,false
127bc015d71ce377,false
092620d0a16c6fbc,false
505261a5e754571b,false
5bdf9cfabc6e04c2,false
0c1db40d543df871,false
6711e0d3cc07e12a,true
59147e678e4d8bc4,false
90a57be9eb38066a,false
de9896bd2e772cc3,true
4824e81b2eda947c,false
653d44f296c78dc3,false
02975ddec60aa4d5,false
141ae15b6eeff8c8,true
bc3b8145a04ff1fa,false
4bc5f656b7d79db3,false
09ab6bf78bf9b7c3,false
88069c85c4df3b35,false
6f76e0b5bc6796d8,false
059c8ffad3e82f88,false
65dc31b70b779941,false
7c1260461494ade0,false
7bc37c7ae2ddde23,false
0795a07091cc8081,false
9431c5692594799e,true
d6f56ec0c3ebc861,false
7caab45177cf42f6,false
7dd7bad92531aa95,false
30bdfaa4107e5a86,false
f8c0c9803f93ed9a,false
6062e8908b4b037a,false
5a3f5cceb647a301,false
3b7c19aa47638abe,false
479891ea83ddf917,false
2430895f128f02eb,false
6665f827a765a591,false
e43fd2a9538a9a50,true
60644fc6db769f97,false
10eb8a64d2cc4fad,false
76e3fac0497419eb,false
31327240d0cbe79b,false
36b1156030f5b57b,false
6aadae0c5cf0d1e4,false
16048bffdb029f80,false
f764c1d31d434d4c,false
aadad25fcde9c6a1,false
4ec77bdea1eb07e5,false
09ce5f8cdca949df,true
21ca3a6d94ab7cb8,true
619e2dbfe768fc9c,false
2b431aa16fa42e69,false
9836816e3e72ce8e,true
3c098f5edddfd4d8,false
5c980f73592fd6ab,false
04296271555ebeab,false
2ecaf95da7315b5f,false
618835726f9b3980,false
1d55868c7ed5f2df,false
0f5b4ec27015a3f8,false
47b061ad424f8033,false
379e8ca58743e2c3,false
0068d94ece7470f1,false
521ac7300fd1a107,false
24869d0c5977f6f6,false
e01277adccced2d6,false
a0cb796a40d2e20f,false
175781d07b89674a,true
1293816dc8d5a1bb,false
6f9b9bc2fbd46325,false
5564c20394c07987,false
41fbd647ac27223c,false
4ff9852cb17a3a3f,true
053c56f3c8b53723,false
40496f7ace1d2122,true
c0108f27d6ecdb61,true
574e5c8977f3add8,false
40a44ba7dab9c824,false
5b1e6d399fc0dfda,false
d47adc4b14b43d8f,false
33f4a4bbbcf651d4,false
8f1d703925ab0672,true
78c61519811c569d,false
c47a7d543378ad30,true
475568143cb81549,false
85269e715fd2b668,false
12f2e64861bb5abd,false
04b631db0d7956a6,false
07a579753a76685b,false
4bce4c1069d6c416,false
af347842fbc90102,false
230dc75c4e7eb4d5,false
261ee786fd019539,false
2f6bdee2d0fe921a,false
85cfcd515b79b90b,false
42546660c57d477a,false
9be64802044020d7,false
0458e1c34945e63a,false
25135348da67a004,false
08415168b5f3bc01,false
6f445312cac4538d,false
b03aff030e386a85,false
72ded0cc2db90882,false
735daf94001f8416,false
787c1fd06b919701,false
1ad00f833b2b7af3,false
764e2fd3ffb1e3cd,false
2788c91a91b585b0,false
7c807edf693b9c5b,false
5ca8a36c698c747f,true
20315d7bb23c46d2,false
2c60e951ede6dee9,false
25a2920956d418bb,false
7bd798923fdc5239,false
3134eba93707ea77,false
1ccc9c647563592d,false
d9846124463824a3,false
28df1dfbd040378f,false
6cea250cc15368fe,false
0c88f4caec551dd3,false
7fe3d74ae9578049,false
102c2dfdab1d4202,false
3fe43809c42dda6e,false
5b1e0fc65d5ea2e7,false
c7f5c5dbd95ce4fc,false
18de6c45847d06ad,false
016c1d30abc4cf52,false
9c6cbee1fe138bce,false
5f97d3965dd4a862,false
8f99dbc369b608c0,false
a73d21920d9e9e90,false
324a2bb607aaa101,false
17860a155e517045,false
b0f6a5d6fde307ff,false
3f06c25b52f76ae9,false
79bc877f3150cb89,false
f64a344ea7910ad1,false
f644dbdc997d9e30,false
e3e9981b9df4857a,false
518de78bb158edfe,false
37c7db2059ee4f64,false
5aa9eac96b9f1fb0,false
56edd8d7dd9b1804,false
25976937dfd1bda3,false
04353cf92938608f,false
06df316b0f239e13,false
36afc368ef72d97f,false
b83f7fddf8051a65,false
eba483d1bfcc47b6,false
45c092d6c53e8520,false
56685374acd4755f,false
4feba8a6679ad34d,false
1740ca3269c2d299,false
fe60194a9df57643,false
7f404e8146d02c37,false
770b1ec22b1d9fcd,false
114263aebce08972,false
0888cec1808e3595,false
6bc1da7aa81ae24f,false
a594572d066ade5d,true
f882d0bc5f79c72a,true
2c0fb2a5d92a6293,false
2a430193d93a4dec,false
fe8390351306292f,false
28390467ca268cc9,false
efe25414f585737d,true
45e2b414e2077be7,false
62aea7a9630b4f5a,false
4e013c1646f7ceeb,false
14dfdc05c611fd35,false
f8ad1496c41f94ac,false
a56c212f2a65e9c9,false
ecc8b3559f37393f,true
63440e458b9e0ab0,false
7d9c78dfffbc70db,false
42204955b328cb6d,false
46dc65ab83cada7b,false
411dca0366676ad6,false
157a32877b258754,false
5f48105ac6c1d452,false
a1c993d9ed985e3a,false
68013d0a6a24987b,false
fbb5af82cee091d5,false
fe3dfef907f7898b,false
149a0a90fa9d5c73,false
0734baeb849f08f1,false
4a059704433b1f42,false
26987368e199783c,false
2caab68f3457bd14,false
74ab5d77cf6a34cd,false
5183e86716dce18a,true
06a988a8c73c2cfa,false
63b8bb882ecb48db,false
1b7c4041b27f8822,false
91b20450f47ff843,false
790286995715b726,false
48dbbb705b28fd41,false
87188d4bc81d1d82,false
1c6e5c49136f6abd,false
6bd1ccc12d00f8a6,false
38aa19146cf3c261,false
2d0f8d23b555025f,false
2f83f087556b6afa,false
200eeed47751ad92,false
67d08e2b93f8cf24,false
69da90bd04ff1c24,false
b000dc8b8e12af14,false
801ee394690411d4,false
2c43f36106fac55b,false
66272c09475d0f3c,false
04880de1167b2b00,false
506ec5d33519304e,false
b7b4cf247b78c88c,false
66a75ea22d1bf193,false
332292b989187d3f,false
1ec8969b79d94d7b,false
b78de96227834761,false
2631de8f41263a2d,false
593ef5ed7e1479ef,false
c8bacb1a6c4e7577,false
61ff7c82049faadd,true
3e4f0dcb1025045f,false
942328e94207ee3a,true
4f5b6717a66e909f,false
3902bd854399341b,false
a153f22d1d9b1519,false
2db54fa1b69d4681,false
4e19d91659b47067,false
6d78c53aeddc4995,false
b29b2b516e8ee66a,true
d358b27b98e2165f,false
0bf1d8bbdb8eab45,false
6930172b67aebb01,true
35e506a9b0c6f084,false
fa42cb5befd0cb2b,true
0b19c3058dfc36ed,false
0d3730c393d11ebf,false
1517c382804562cb,true
567aff605dbb54cc,false
5fe0e3834378f379,false
6b81d7abfd0de4fd,true
42c833ca13e3b924,false
20bb7399ab6ecbaf,false
1004fbe2d7e03fdc,false
030f3933b814a726,false
0b997c44aca7ef9b,false
6d6a5caab275d2e2,false
dcfbe1b89d5e62e8,false
aa8b21a9f9978723,false
1ec2e245c95f241a,false
f208cb628d54cf8a,false
20ab3bf0e5ba7234,false
2ed7c7dba9775279,false
01f981e589b75a43,false
495c4a452b36e08b,false
3ac34491d97944d1,false
5771a5bbb584d1f4,false
68757e7eb5a0c144,false
1da43a8b4276ba83,false
cbe50eeb0cdc6141,false
4307205b0b89eaa4,false
1587abb36120df07,false
2c7240df4c5aa99a,false
7a7fef39bbe8e02d,false
12689d750e83a2c8,false
53016e3589838801,false
20e7469257f0ad1a,false
5d55eaf5f191d0de,false
1e07e563f50584d4,false
237276a4665ab151,false
703533bf989ab786,false
327b3e1a9b95512a,false
7840ec5ae93289f6,false
f4b74ae05c5ec4e1,false
12486573e59f0ae2,false
05cb15d14811f72b,false
368bd6004aa88561,false
51b7e4e0303fc4ad,true
9469740a2072408b,true
40005d85280da05c,false
d9dc18812f292281,false
625f675d9972fd08,false
68548350ddf43a02,false
ee3e98d71c9403a6,false
0ddd64a14c458581,false
52adffcfc687ed07,false
4ee07d2fa2ba585f,false
33e31855183f7c63,false
67a9647c9ddb7bbc,false
0ed68d725453e7db,false
126e96de70863e8c,false
3f9e8a4252251f7d,false
bbe84a427f1a3cd4,false
50a74a7eb1171e81,false
52334f318cfa69ff,false
134eb76a3b067a8f,false
265602ea68cfa178,false
f7e6ad8861ec5234,false
d6e72e18f8225404,true
bb5e5cbce2dc3a61,true
3d7bacdcdc53e561,false
4e6f5b1192cef575,false
1b69b455268c11aa,false
e659f20d08cfdff3,false
2e92842bba55309e,false
4a67c6c763eeaaac,false
35b66b07c48fce4f,false
fae91be78fc102d0,false
666ded47c3b981c5,false
360ca0c893e70b88,false
3561d762595d1b59,true
73c6d76bf3ec4d5d,true
12c048e3a73defd4,false
f8458407b1d4684c,false
210a871e6dc63b28,false
7eea25f06c4098ec,false
09abecffedff9b70,false
80ef4872a334a78c,false
46545e9d81d3a867,false
2b63f22f4780f645,false
5c135f82e5a513e6,false
dc626570ebf1f2f8,true
1e716c8ecf3dfdb3,false
64e13021bba11c92,false
068083e7897ebe10,false
26bd0adc731cc6dc,false
5f227f52ad984df2,false
512b9ceff1805982,false
c3b993ecb99d07d5,true
c51cd01539e499b9,false
2e88ce1158ab0fdd,false
2ec4de2a5812ac72,false
13579501745f03a2,false
b18e4dcd9e18c0e4,false
2d31b2e5df4567c3,false
dbe311325014233d,false
4b1c524cbd9c231c,true
18bd8fefdaac2058,false
028a35a21295c6d3,false
13275be98ae025ba,false
498a365db06fd791,false
7f2da1a3e7d91c41,false
aa909a43eddf5ee0,false
551ad7f28b57ce8c,false
32b02b211e76718f,false
0efdc450159a2e4b,true
4e05eb93be9fdbf2,false
e983db4b9867cc6c,false
19f42eb8f2cee1e8,false
aa3c578e87d1238a,false
1b01e46c0ca318b7,false
658166c5ef81ae36,true
59f6ccb140d1547e,false
df6a3e2a132d6a49,false
1c2bd64f5d86b011,false
064f0eb0a88b9226,false
5021ba3b17bb19f0,false
0648158e46a49022,false
414d44455a1caf22,false
24a450316131d70c,false
432ed2c4d77ef105,false
eaaa1685e1677eb6,false
84cc9c40f454bb5c,false
325c8b836f583c30,false
45a90510b31d4297,false
3d3bb28d433dc75a,false
decaf18085a7ce78,false
bc4b018bf8fd11d7,false
2e24850df72ff8c1,false
2a26d02289391b3d,false
56afff5b2c20fd23,false
081337f84d2d252d,false
214cc976aae42393,false
7ae6e9dbf5922b33,false
89ab69a87c44b7ca,false
542d1c09265e27bf,false
3a02059fa84618c0,false
5e5814a88d841a43,false
4721434247442312,false
f4adbbc6749390ef,false
732e7b84f3029eec,false
850b61bfb0cb384d,true
0323ea1d8f6283cb,true
5933f8c13e431e47,false
4cd57d67a2b19e38,false
358c1b5defda3c00,true
70c9ca50b49627fd,false
1dbca4c21fa1383a,false
02d8bd2c584833c4,true
0ca3d30773d5a2af,true
6a54415fb7b99f50,false
0ffe44d3636641b1,false
d0f9b28824444cd8,false
0ea83372ad7ea598,false
abea4899216c80a0,false
2bccb7e88b15da2c,false
ad64aa50174ab511,false
93c44f6c23f32d99,false
5f72037435b66d2f,false
3c654bcde9fccdbc,false
38ee9d849cda0f48,false
62c9499808deefb9,true
43740979d27b65a0,false
6fe4451878138848,false
9ecf2a9b0eea66a4,true
205bf460af63e78e,true
61bf4cce2a870760,false
6cee6627a20f7617,false
7632259010f9bc07,false
0c311e3747f6f6dd,false
2a485b3e2daa54b9,false
0e34b53db83a2b34,false
50a5918c3709a882,false
b73a9a6bb09d794c,false
291610397cea72ea,false
684df0e9b34ec1c9,false
9e5f53933b238f1e,false
6c56108bed13e777,false
9581f8001f1af6dc,false
0b2e6558c297e9c6,false
d6daa229ad4bca52,false
5de492dc14f43faf,false
063884f45b25d120,false
5d08dd7d6a559738,false
50cac89da23b3cdd,true
26909fee64150592,false
981bc62b3262fb90,true
8f388eaec50d2bf6,false
55da6786ccdfbc8a,false
e20a58a0813fbc8c,false
55a237e9c49af2a9,false
fc63c854d5b48110,true
2aa72bb8f6193448,false
bad54bab80091959,true
3169915abdcf4c31,false
6421c60f1e3d4803,false
29224c5b9d994bca,false
469adc573000043d,false
0ac0b58ec4597af7,false
2fc6a74f04a0501f,true
05ae477cb1f5c97e,false
147c9fc05b12cf34,false
7ba7a58fb9d81893,false
601cd242941492af,false
4fc7efa5efad61a2,false
71fdb12a908e1144,false
6aa63a7e20ff7aef,false
2ad466f8901f8694,false
89af1cf077e64335,false
31dd8b53647c9f26,false
4cb56abb7a982399,false
c303e853a7b21ca9,false
39f320d76044a947,false
c852121c388b9c92,false
40f595f87ba59eb6,false
b0f1c8c635f28979,false
130feccedb222d01,false
420ed324a3143c3f,false
91ab03949dfb03d0,false
373a5053f366d6d5,false
5230d448d4f1b9eb,false
2070aae1c6b6ed79,false
614930c23838cc69,false
3a5b13590106f719,false
9cf17c6a4ad748ef,false
54ce1d75190e744c,false
9576b0ccd65c537e,true
30964fc952795250,false
6636fe4ea99c607a,false
497e5bfe67f754f1,false
3cf289787ce975b4,false
6dc3e9dbdf0b3c12,true
16c6ecd6cf0688df,false
1db19ff7e49da11b,false
3ae375f7035e3693,false
602fe666238a3b05,false
405eac6e8e86d0a5,false
0600f7d183ca13b1,false
50b2c341059cd5b7,false
425ac7f1e917e6b2,false
4d6434986abf9779,false
26adb7e57cd477ba,false
6cf03eaceaae9402,false
5ebd167050e9b558,true
2b2a69775ee683ac,false
23e14136b56761c1,false
6fde11c91d55ec8a,false
ec2689083fe1afc6,false
443e9610080d712c,false
414ad07f613b0a29,false
42ba252fa7fa915b,false
4dc0b8192bc351bf,false
614684320c477e67,false
65f6ee3cf23fbc28,false
0449454dd20e1099,false
0b596b61543f3ebe,false
7ec3e8db670573e9,false
ab236277c2a68284,false
f5452992d6cb6b04,true
4e4404557de231e3,false
db672f91f4a86a36,false
444eb3ff1df44260,false
7ca774a20e86a5d3,false
45e9d8ebc7854125,false
74854de080f55ae6,false
e06a40d9422cef63,false
e237e1d5e468a530,false
09fd5c218a26366f,false
2eb74545e347dff1,false
5bd965ac8f2decf4,false
46b1eb6100bb962a,false
3851407a8c393c8a,false
42ac2defd464b52c,false
62e57ae695807d15,false
642c95dbff90dce0,false
716ef6f8a7605055,false
51cbf30167f7e8b4,false
a54c5264aa2244c0,false
22b4df210d671e42,false
1dad791e81e4ec9c,false
5d451b02d3bcc153,false
db80e66648f273f3,false
dcf798a2019a993b,false
02bd59545e20d211,false
79b04051c735862b,false
3c46de51faf12f15,false
453a211b33fa4d98,false
7c43a6fcf7371979,false
7e5a51a7a2c85c59,false
29e58e920c4c28aa,false
e18d599e484d2c70,false
806bb67a351426f8,false
3a7acb8a199c4c4a,false
bae9eb9c8ed05edd,false
2a9524e720981109,false
1013b2089ead3127,false
141d65747e9a933a,false
59cea5ce0d93bc11,false
315bd59e6a3693c4,true
703b3e02de5041be,false
22c6f7b6660639b5,false
dedbf8ca679c356c,false
33c1bba55b7f9905,false
2ca0eb826e7b69b8,false
709686a6542f995f,false
2651a2eb09bada7c,false
893dd69e70fb6f38,false
7943fe4a6df64085,false
37c0724687a175d0,false
644d7814be4c29b2,true
572f4ebee9ae60bc,false
7e84ee881c136f76,false
176c8778a90d0b71,false
43a64ad824b5b024,false
ca8826ef69001478,true
4ecc6093e4e01f39,false
4edfa26ac6e8d7b6,false
7176a6abae924ce9,false
4d2de5d425b3968d,false
4d1bf8c801819340,true
64d8b592b51ab78a,false
fcf6f85c39075f31,false
5c8640af098972a9,false
7abdbbd4cc8ba021,false
37a52fbb8dc77f74,false
4b00d762d84f80fb,false
2257ed700300fa8b,false
178582727bc4a6a9,false
e1c01d0127be9b18,false
e0762054d08433da,false
7dad7d213d314965,false
bb0f2e1795f16e12,false
0727ab6efbb81379,false
e623a2aa9cc85a36,false
06157b7e665e4c1d,false
de97dd91699d800b,false
4612810468bd065d,false
8aaf617cb6b3f7a2,false
8195a8c98b9fc4b4,false
0ed9c23f70db4a66,false
63cb7a1c6417c688,false
1bcdd4345ca80ebb,true
0eda4f606b25c9f4,false
093230ea9c3080a1,false
149ea7f124130f42,false
23fd3a2727552c1e,false
10ae2fd61164de08,false
6daedbc0bbef9b87,false
774e0ab737f6fe68,false
7916e1300192775b,false
c47d3884ab5a0ee1,false
c3a686b82d951b03,false
561ffd36b097421a,false
7ea112f84f5a1870,false
3dda656e10f48738,false
49d31901302f01d3,false
025552242bbbfe8e,false
43f023468ec98f41,false
24a227873c4ab69c,false
a5db7b918486546d,false
5993e13d98caab97,false
2ccd7ba8e7ed3c58,false
4c54f030500f8436,false
8c71715ac477ea4a,false
5a582e12bad65b69,false
7e94cd3d82066ff4,false
fdf7664a0469c0f0,true
09079dcfce428645,false
096d350d5c837df9,false
03d01583e6a4c3d7,false
6ac0f8bc64c76a48,false
3c09b488ed47ef0c,false
f66a1caa7ee61043,false
65937a9a18f09f2f,false
7e35e881f387bf88,false
48c36463c4588f49,true
76c583128c56baec,false
1f5fc98ef37a024a,false
280d4fbd32be60f4,false
453426fe458f5876,false
12dc1b7581c5ae46,false
1359f78dbc3df863,false
6e1cdf0de9aeac81,false
3453c7e895404efe,false
6ff3afda83765370,false
46ffcbc622cf35d6,false
2f980d8110e575e9,false
787acb72070d22bb,false
2dad4d3ff0373701,false
479515d65bcc6285,false
750f98cc686b6af9,false
3174a4c841985518,false
7acead354570448c,false
8c4e94c5c5aecbfb,false
296651d2498e5a56,false
600945638998ab78,false
dd92f9cd928b5c76,true
a11262230f1b4b49,false
3f052fdf46c8c184,false
4dbd5420ebbc89f5,false
6035ab58b7a682f5,false
a2bedb82f35055eb,false
9120b2f791a3377c,false
7818ebbc179489fc,false
3a129ace0cf72d9e,false
eb6eda76d98df9da,false
59d5eb399e29ad64,false
3a956f188dfedffe,false
3c014052e80cf4ae,false
7b72c923bf095a05,false
c8fd554d16f1f363,false
2857c320eebd8382,false
4c26659c4bad9514,false
7b292675a1727b55,false
b577269dcef02503,false
3bbbef06f5f6df98,false
3c37b8c8d0e99a4c,false
27457dd82e0f6860,false
741b156337a5e013,false
551e472ca225a1d0,false
0b666bd40e055c3e,false
4248120edc48a742,false
196afc8172e072b0,false
1281085895a70463,false
de482d281aee09bc,true
0a7e56a25bb836a7,false
f0565cb668fe1e9a,false
0c9d26543ae943f9,false
04b740c0bc76fd50,true
a80dec0a63a20d07,true
0c0d7733d899ca2f,false
5d7dd0edff2f31d9,false
1be02c1af69fa242,true
5affb07930d4423e,false
ec2a1b988d5f22cf,false
6fda11723e2423bf,false
7b7e2e2a4d498d43,false
0faa85866f0ba45d,false
6d7510115a2a35f7,false
512d3f74dc5152eb,false
d61e9d11bce8b51d,false
45982889c944c117,false
496c4095d3331ffc,false
1b0c6d353745f95a,false
449d6d6bc3d7ce52,false
665c8042118529f6,false
2ec9a592cf8ab372,false
5f0bac846d6d0772,false
4319242c11b8d43a,false
277cd6648dac5a24,false
112866f23644555e,false
41ed46c0621ab7c1,false
6a5fbd9c80a5e89c,false
aefb24c5c578920b,false
76d89c910f26f815,false
872198d288b6d59f,true
c0c591c672ff7acb,false
061483418ee5c19a,false
c4d64fe52c07a0e9,false
4056b4d1c23e8905,false
74650861c1f64bae,false
725c0c91daf2dd8c,false
78bf8792fc8b8b34,false
0c50b6c88eded0ed,false
32137d8d9835bf86,false
54adc0da6c12fd3f,false
4604619e4192f53a,false
f3ae49adbcbc74b7,false
4a8c77477230011e,false
ac5cbed20b576643,false
64e6bb02c2b5c78d,false
5be4addef8613b3b,false
34516edf3f47bd54,false
1c1f88a56c0dba8e,false
0374f5a19208aee4,false
06c8670bf03ac2c7,false
2d12b6c99d17644c,false
314a3658947579bb,false
355684dc46c39861,false
2e05e0f6957f0902,false
15760c394b7622f3,false
61d27cd4458a1b7b,false
53f282a9add9d513,false
1605160b308ae3bc,true
423cc1bfe9245bba,false
d68499cb1ee86670,true
9f9d29d92ef6111e,false
6fec787e4b8151fc,false
400c24dae419ac85,false
40aacc03caf60201,false
3b149a433aeae4c1,false
15e38c5f3b70fa32,false
7adff833e61a0e48,false
63c365e70e755ed8,false
4291efdb153f1ca2,false
4311fd6f49579505,false
42034ae3234d5601,true
7f2c75ffa3ca8a30,false
ccef7abcdfc0fb80,false
7cbda8777932ce64,false
c4e8f7ee1a6d51d4,false
a28e4881699be7c4,true
35af2819f946c999,false
87e8dcf8f2e92e18,false
5a446271ffa29109,false
528f055a21fed0bf,false
2e085336490b91d3,false
40f3cea1c940ed95,false
f80a976e90c88a63,false
3d85f995a3c79753,false
1c40566faf1a269b,false
19f817f690d69e38,false
66e9ff11a59bb58b,true
7236cae92e227502,false
681d34aa04159ae7,false
85ce24c5616b9f02,false
1d92065e3c8f7595,false
54cd001891bf915e,false
d7d26dbf66925ef6,false
012fe93d7b90199a,false
d5846a5ff913f0f6,false
642f4e35660603b7,false
1cde0e87ee56f110,false
a8b52476bc5646a1,false
df558d712402f99f,true
3448ccdf8be2181f,false
a545dd73e0078950,false
3013a8e3570b05b6,false
f6d8faeb9271f0b4,false
439031d034adb7f3,false
1ad3d652fa86bcab,false
79b137a47ea6b040,false
5de2738edc2b3f5c,false
e709f991cfde411d,false
68da7e88848b76c8,false
5d88ad9458d898dc,false
89af78d494f02e11,false
1bf83e015a40c543,false
059f66fd373ee4e9,false
2360d6272ef06aba,false
7a145363706cf1ff,false
5dc90df46fd69052,false
32388450936dcf59,false
1d88842ddfe25f63,false
1a05f474bd2bdee8,false
7313648bdc7c0bdc,false
4cd99b69a43f2320,false
add21fea8e9cda2a,false
29800233cb4e5fb4,false
6ded0cd3c0437410,false
14ded4becd6195b9,false
15066be9ed2c2ce0,false
5e18e09b45e42ccf,true
cdec8cfbaae107a6,false
ee4a348a51110caf,false
3d8ed266912bdb87,false
eef22507f63f8e65,true
11a48ddd05bd71a4,false
13e43a0a652142fe,false
61a56ff4ce1e5add,false
58a1397020a1f6a7,false
676b7f783955db25,true
27271586c922757e,false
7ad6405bbaa1ab00,false
150e72f138bfc657,false
70c6121c2f362145,true
1705389b52ff1dc1,false
4b260e5deceda92e,false
2e851970dde1b7ca,false
6cb575b9ffc649e9,false
0896e95c77c98581,true
7f674ac3f394365b,false
122d22001607be26,false
d61c8036636bce23,false
180ade315ca9b8d8,false
7d366d9e80d5b265,false
466fa89b76b004da,true
5baaaa29fa72a402,false
94d33f5a8485fe61,false
0deca841255b6c7f,false
631cf8f8b6218a01,false
5b972f5a5c998f68,false
ccecb3c95d364032,false
dcaece292cb68601,false
5f85cf55e51836e6,false
6a949fdae12306a1,false
c77ec33104b8a448,false
0cf303362a6ecb0a,false
64b5a6af0010e9f0,false
650a435f30e3a1eb,false
ee7b56d667060175,true
292a9cdc0642e279,false
6070709c5d79f864,false
8bf566ec03092ffa,true
59c96d6682bf3785,true
21323eeb914548a3,false
350ef89cd1522048,false
24b416731f0a35d6,false
f3b77a7ce244de40,false
2911e2b634571fa0,false
657475ffd45b6bc0,false
4f67ea2ddee4380c,false
2c008b2f65578842,false
634f4e8c5ca2b3e4,false
6358c963a9520126,false
9e27ded4d31716f5,false
2c734b6a5cd23661,false
4d2a7e491d1e0271,false
9033a771e11c3011,false
437ef3e493d91094,false
60db043a1a172808,false
25cbd2c5bf5b8a68,false
7d451dbe0278dcb4,false
472b4080b52fe502,false
44e3bb6e2e94ae7c,false
18e9c6e0ca39ad6e,false
28e06144b016101d,false
c313aee85f6b8256,false
6e357404ce244df6,false
f01384f6883acbfc,false
4abdc242c1a4fa03,true
2077f9bd7d3aecb6,false
4c3c74315110083f,true
6992462dc5b9d4ac,false
7ef8814d103e53d4,false
7e4bfef95ec3a5b1,false
62d2004341e4b2cc,false
779b37ee06556efb,false
195e1819ff9c3dc2,false
06df9185384ae739,false
5c325814f7701224,false
7a9b2f4aec86779d,false
52d880fbacd02947,false
40700e652b0daf0b,false
39ce20fbe4ed213f,false
c8e0b0ab18baffda,true
359a0c216061bb03,false
16a65c6ae1bcd66c,false
036bf8e115e2ca94,false
3823ba952e1711fb,false
39579eb3d2a5b278,false
7843fc559ced7989,false
0ca1b936bc0ab723,false
24100589b8b570c0,false
8e28f0ef069aaea3,false
4c8d6cec79f8e44c,false
b303c0dc540c87c6,false
3e8b21b1591b6d3f,false
2b549c26faff6786,false
c43517adc19ac64d,false
39b937286a072a80,false
4424ebd0a2123894,false
03543e04b3da151d,false
86c97537ef2116d6,true
6b06741c3011019f,false
d9070efb5da32f7a,true
3147ba3c38f043f2,false
65790561f16ec9ed,false
8cced9c789c623b2,true
5a045265797e3579,false
aece38f0598b5b03,false
44774d7ccb0244e7,true
737140028c6c3f21,false
e60bd896590869b8,true
5cc84d48cbe9a3f9,false
2e767f59b1664eed,false
456a5d6a5fa85b40,false
6293f50d8d13ad4f,false
2eb0d5e4145b07f6,false
1e1cf13a6a55a8f1,false
66f6bbb023a8d7f1,false
6ec79d6e79a5814b,false
a5ee9e86f0a76fc0,false
e204ff581de3a5f0,false
491ea5acf9bd7caa,false
5b924415fad2ac66,false
6a6626981b77dc89,false
63853b10e1f91042,false
7b9d8dbfaec09db5,false
f00791edaf65f231,false
2b4f78ee79c627f3,false
5f78904962e85e29,false
868ec3759533fca1,false
50fa4513fd9b7186,false
72c8e32e0d538d05,false
03b6dd0253b05b8a,false
0e79bfcfa69280a0,false
7fdc96193e12ea32,false
389f7efa102d518a,false
3ac7d5a214f4e6c7,false
0c81a8bc8f4e2ac1,false
fe8b266ed73e0d76,true
29ea48a2806b6a34,false
a17cedda6eaa0187,false
44ae9db248112a85,false
64b2357159c96054,true
315c5ec3586c23c8,false
64aed5ae2a4b7d9b,false
e65a44b59370df72,false
760a0ff53e7b47c0,false
57527b84e1e47daa,false
0c1c48394e54170e,false
394bb952398100d0,false
ae62129bffee6cd2,true
021572a6af598282,true
aa7c6146a8561d5d,false
3b8e780be2c9ba22,false
6df2104fa8e977f1,false
2ecfe5d8fd23f06f,false
654623672b1fe1eb,false
45db069e87ee3669,false
6b2a25651098776c,false
0a86dd5307ced3f6,false
28160e62341f727a,false
50aeebdb10a8304d,false
5270c1fec5536c7c,false
7a29b66ebd4a50e3,false
e70b73f6623cb3eb,false
f76ee7febf9bf2e1,false
761f4a1c6783f7df,false
fb71c01f6affa976,false
8b70bc7e0c35dcd8,false
24b59144814649cf,false
25d0b05b67e8d2b4,false
6e969e570f283198,false
b4df99abc32f147e,false
422d55f30590f85e,false
24d0650805d2ee2a,false
d94ace95517b1cfb,false
d33da03fc9bc9eb9,false
256c93716cddad50,false
7b29eea126227070,false
96444e366ad01552,false
4dadd4f7071ad0cd,false
e70e3a1356f73e27,true
d95132d5fc4247ef,false
2c9586283afbd2d7,false
6361cb4afc0a5426,false
36b5f87412867c19,false
43778367cfbf47d4,false
098a65eb4217d8f7,false
6dba6332e89a1e70,false
6b0bfdbdf6cd8f4b,false
1ad581ada9b0bbf1,false
6f0f03f910061347,false
a823b0c1e92a28b0,true
1be4dcb3014acf63,false
39c6be75eb60b7f9,false
05dc15515daaa2d4,false
50763add27ab9ca2,true
4d1c332784ee770e,false
213ade92575cd040,false
19561d731ce36de9,false
377011d30fe3efcd,false
415d8aa4f802fd16,false
0d6b508cea01bfa1,false
4b33f0040eb468d6,false
16965b62215b2133,false
6c9a94a3c2238877,false
59da9613b8c2adb5,false
ffc7ac6377cb922f,false
7c2a077ae636bc31,false
1d16b0937b4fc246,false
7c2c3d99b15789be,false
6943842694973099,false
37a2d0b786500201,false
14b5b92a7fea66a7,false
17c28c00cf339e70,false
5a5bbe082c34f4dc,false
7e362b3a02a2f70d,false
54832a218157bb81,false
fa21aa1cf8114a02,false
f0dfacff8f5fba44,false
17e763adf6f4a923,false
5c2d140bdd2ff899,false
16f19b5dda5b3aa6,false
1c181bf1b287e118,false
205e9edfb7eb4400,false
2c05f2ad9c2681bd,true
7583d6649f02cae6,false
da2b69c88d0439c8,true
43e2b14370d00b96,false
69520d6a18963ef5,false
224ea017b462c9fe,true
6761c93f82300a5a,false
48bd2bc8a7a05ddb,false
18626ce27f468a21,false
11e77c3813a4c038,false
775d3171b891bd22,false
06ce811684c4a4e3,false
61fa2382633d8d28,false
7499f204276808f2,false
95f49366327b0cd0,false
3f8336ade279408e,false
4754d94961feedac,false
5914b502f644b149,false
8e961fcf57a6234a,false
3fdd20e80faa64b5,false
4abe0cfd6dca0131,false
17d1a577ab14ad0b,false
6ea7d8a69ea7e777,false
06eb30271e04f634,false
4dcf1f17734a1920,false
05bac990de57f9ce,false
ac7561802cdc7029,false
c27ddcdae586e13c,false
39eaa470a1969572,false
30b9667e396973e5,false
ddc9c0f7af968a98,false
6e685db7d615d5c7,false
3add2e4b8dcec153,false
62ceb2fe25bd2323,false
f5ddea4dac89d870,false
0a1880febe337572,false
0ff8fae66e436c51,false
1bda2db530e6938e,false
343feb0930c80047,false
b7c708d8b233c16b,false
a05bb7386b2e97fe,false
134c7ae2b2edd4e6,false
0266f5dff1d25bbd,true
0b0e460a73ffe141,false
b34567053c298cf7,false
60de5cba59eaa638,false
fd0b0723a02155bf,false
7b68bfa0be64c974,false
462e47c1beb0b388,false
7aac3ec7635a024c,false
a54bc1a707d1b7e8,false
5e136d3c2dcf320d,false
62bad001d9ce2412,true
762ba65ccb4b5511,false
66fe924ea09e505b,false
f05256bb61525aff,false
96c121806182a306,false
e6be866c69dbda5b,true
a21e0dd6a3b52093,false
34746ffb4b32d640,false
8c4e6feb55108483,false
f5b0ecab9038b08c,false
34e963b7168acbb3,false
5bd0a9ce0b8b89d9,false
553c00064cabc01b,false
55bb90e8329b6710,false
ba1d1a94958ae719,false
531317256c1d2f85,false
0eab8309bb84a5f0,false
67db2ca5078bfec9,false
25e30eced426622d,false
3e5bc02b7c647d61,false
880aec34ee6a83b0,false
45eb0be6c1daf78c,false
391a8e7738162b89,false
0ec0b18c36bff7d1,false
4c38db789480e065,false
2b1bbf002e99a4e1,false
4f38e2dbd377368e,false
3616933cf937ca60,false
66201ab56e36c37b,false
fd346acea837d73d,false
3fb3e906a8e1abb3,false
5486d6711d220aff,false
6937a8cbb98eb469,false
2daf5d37cd9cad48,false
6a8a2e8a37a2104c,false
67949a4652d7eedc,false
3ae75cf738ecb91d,false
10e2486f99c91397,false
9d8645f3d4f0a66e,false
cdf88ef0c07f3bd8,false
56de472adcde44db,false
ef5e767e6a93fdce,false
2959af2415df631f,false
749e54d7a37a6869,false
52892beb76117533,false
31950ed92f90ed38,false
0bc8719ca2a2ee9d,false
24f7b7acd2aef5ee,false
508f8f389ffeae0d,false
d2f0e9d08ec601d2,false
78fd49c5c9980514,false
272628b8fbe6a09e,true
5b7047b64386d722,false
2734c47e013610c6,false
0d1ea28aa5699dd9,false
e964a2669a5072e0,false
193887a32cb31114,false
584dcd6d63babf7c,false
635c95e4fa2b484f,false
24eb054d5cf11259,false
4c067c6403badcd8,false
3384892f9696e725,false
59a7993719482b34,false
7b942bb3e17b1c8d,false
314e528474d54b32,false
1498ef4b503600ca,false
c05654747971e215,false
782778d80b5c0ad6,false
43d65ca5ae7da677,false
1198bee049015dab,false
4b3177181bddd2f5,false
48db9d0c806bddaa,false
00ccb7398d79f007,false
fcd7c77a4dde2023,true
e7a67d273f525f46,false
f38a87abf791a855,false
7e5c055ae4b6768e,false
813b33d432d4899e,false
1a3f9948e2e9d3d2,false
79c0396e8daaefd9,false
4783a7f161695cac,false
9d41a531c92c7353,true
66d40847cc8b299e,false
1d0048c4a68d1a3e,false
5d4f03bb753af5d7,false
4c9c6a677add0cff,false
967b0b7da1ab531c,false
fbf2d12ea322dd71,true
316ba1c4328a8004,false
661b5661b705f113,false
692a01cdb540174b,false
5de6d09b7df6b24c,false
2fcbeccbd8011c40,false
6236fc6396149ab8,false
28e7e6479da69b2d,false
7d4988299738dcff,false
02fb72827babaddf,false
085e03aba6e510a2,true
8f5652c231044075,true
4da0d82ecce97032,false
18d39d660bfbf2fb,false
01274785b1f3026f,false
5844722a89e842ef,false
76615ddb35c7a7ab,false
5f815ed764fb83d7,false
759de447d7b45587,false
e6e888bd45b8311d,false
15dc0bd7fb40bdeb,false
4be41e5d650993e1,false
5b35272bc7b578b4,false
217186e8584d882c,false
1fca476a5a10f78a,false
9ae0690132415488,false
527038ed01c87ffe,false
727d6849d39e025b,false
c07c94bb789cae15,false
b708af92e7980d3b,false
51a784361dbc7067,false
2b0a3317ffd16b2b,false
5ae437fb6019adf6,false
20de877147f7e384,false
c3bfa7c52315ac1a,true
33edd1c7bccb2726,false
f6f2082caf81d5ec,true
00c67216dceef08e,false
c6a6c1e8252acd1d,false
16b9e8707357fb2e,false
4046adc93d1cce8d,false
5b2654ed3941accb,false
913b6a94af808fd7,true
44a1de7d76cbdb18,false
23b5d08e6142ee1f,false
193526ba1ff9b8a5,false
250a14290f2fcfb2,false
69f492ab9cdfedd6,true
220d9e2d947132b5,false
68a4fe788dca646c,false
2cb0f93e1b07ef79,false
f110e13064c6203d,false
c95b744e25ec3cf7,false
d114a0fa01fbe3e9,false
25aec56cf5223f98,false
1323eac3d2cd9fab,false
c0249f0a1195397b,true
10a7aee60c96da33,false
47da34398742cf98,false
4f6f549fc2fc0e7c,true
3303f020339cdacb,false
33c53ece5324a25a,false
1a10a75b76a6e4f7,false
7b056caacaec6219,false
614e914da2d171a9,false
4b197ff232cb6186,false
2c76a1fb2eedd850,false
22e027479a5cd484,false
270108eeddf42f2f,false
0f7baa2a5a9e8b43,false
59d85f10841a41ff,false
c0c366bd12f6912d,false
49ce1d7978775e01,false
753e69d5ae240bbf,false
3fa98d8aa9c57ac2,true
0266b2d4f5d7c863,false
2e51960286625982,false
18edb97b1841cae5,false
647eed4dfcf07cb5,false
2af06bbfc10de638,false
c65fe0a360f3dfbf,false
9a419d2c68e857fb,false
a5ec714cc2e569d9,true
0d8f0f85e483e957,false
558080a9f3c43544,false
7b1c335060bb5b65,false
e47d7fee64496fd8,false
b6f233e06c8c34cc,false
cd8c73c8a69e623f,false
ed7fb6c35654fab0,false
2bdeb2061e1a71cb,false
3826a4bb7412798f,false
22db91ad3147c824,false
77d94720a698ef88,true
789158695f28a1b1,false
3828e9337ad62c3e,false
6500760503b57f56,false
5b89167489cb67e9,false
66a6e31db7e6098b,false
3d3bbcb206b280e0,true
301a5b710853376b,false
82fd7148e0699b4a,false
8445ada7496460b0,false
70d416e5781a678d,false
106f642d07346723,false
84ea5821c372318b,false
5a4c7138bbf22258,false
c16fda5a93ea75d5,false
313462afdc5ebe1a,false
0da1595e92c3a917,false
4409294919789a30,false
4c688bd676fd6dc8,true
50fbaeb3bf774636,false
5a6db8b0dc91fb3d,false
72dc0013fc19faf2,false
1ceccc5eb84d6fb8,false
1b1c8eef0584fc78,false
687605f18d129473,false
2a5513ee54e97e9c,false
4faca166eb2cdf5d,false
31d9fc407c227230,false
04383dd7eac93fee,false
520f35740e962d73,false
4879183c94f98ad6,false
a733ec280f922e59,false
41b08de240c8b484,false
c717d056ed8ec3df,false
01e53ff2e8fcbace,false
2cea4f2826d29f41,false
0766e9f0c40dbb44,false
21c5a49aa52cc62e,false
6bb9e7e16de42768,false
8859915ae421e0f0,false
071c48a5ae7ed6aa,false
7a69baaf7ab920b0,false
54a9b135f9fd209f,false
762595498327a949,false
e4c6a5f37cd59140,true
05d07876c36045e1,false
13f33a2f839fe7d1,false
a679fd2e90417732,false
4c43fc44a23af8c3,false
d57f84247f753123,false
58f07ba28920e525,false
3019c0f7a4228121,false
48398d86eed41251,false
694800abf7ecdae2,false
bfba48191ee7725a,false
5f05327c8d699bc1,false
2b05d4c230146611,false
2482c41db0897f43,false
0e6bcaa68da2938f,false
05312ed01cad316a,false
778894fd3cd8d3ac,false
6fc21e96343a3d6d,false
71d8c6f09deb00ae,false
d04cf27542c2a69b,true
757b3148c1fd6a6a,false
1c15e6ce5453c09d,true
d12ef636c6e919d0,false
e851d71f32db8cb2,false
4ea1a02853835748,false
016b26f3a0fefacc,false
844ded0214497ad9,false
0fc98ffba1b04e7d,false
53293839e683c685,false
530629c149d85633,false
77937d3616f12ca2,false
876d386e3a7cdc97,false
27aeb4b547cac4b1,false
2cef37c30bc872e4,false
32eda9dd51efc03d,false
3ca2d906ad97c165,false
05bdc997efa84878,false
2b1d378d60de3b1e,false
442c055017a0b080,false
97f39db9cce8adf8,false
c40aa6c1991acacf,true
24c15643128054ca,false
4b584c8c2a2151ea,true
839722f2bb9c46e1,false
1a9da13b1e0a0b79,false
fec2c4fe1126d7ff,false
c9a173ea48f4a4b8,false
820572b07bd86d8d,false
3f0a447935d5ab55,false
3deab363f79a4f61,false
4ba02bdc83ff3758,false
0491196f561fc26c,false
d1019bbcd958110b,true
612541b77d52e091,false
6d75b1e1ca5e3970,false
132eb13344c9c675,false
0443cca2fc22f4d8,false
4e5c7a2e6c2aaf40,false
95d12a9286fc01a7,false
1d0ffc3a24238d69,false
79bf9af6d5e8e375,false
58ca8a14a1cd50ee,false
680e46f1442b4ae1,false
7b5e2b7d127f3575,true
64ab9196d64a0da9,false
196e587cdab405ce,false
254b5f1dffcf6ce9,false
175d8ef990674513,false
0bd272e07f03510d,false
6103471b89da8775,false
0519d2e40c0f5573,false
643f79525e8283d1,false
19103ed0d66822f3,false
596723e246d1e90b,false
1d35059c8a78b537,false
3abf46d5cbf28a53,false
aa7a4e058aeea54d,false
77490eaf52b122de,false
5f9bdcb59944c1dd,false
670e7ee09cdbe183,false
e5e3a36b0fcca729,false
47bae7a10634ecc1,false
e843e8e1a516f6a1,false
61f004fe7ab66a16,false
422278afa940a95b,false
cd47c62ce3135285,false
9571df190cd6bd8c,true
7248a0162799e89b,false
4a808db6c10cf494,false
f58390aa33379607,false
229c2d29cf7d66f2,false
7d5b27d2f6e3224d,true
034f79b1acf6ebf0,false
2de71f45be7f9730,false
357efb4fac6c3d06,false
b7a982c4998ce3be,false
f1bed02ee1833869,false
54cd9d7844a02de3,false
1eb74dc7cbfae594,false
10cd8e81a7fc66aa,false
2d37113848b0337b,false
3ad609c99d280d60,false
4f93b89496585765,false
15121534a8e2e925,false
39d1ddddbb328c81,false
115297f69cb15dc3,false
39b1ea1d4f90686f,false
04822814521efaf0,false
da0ac20afd615842,false
3e9586364a527b9f,true
3460066d68e48e21,false
cf70a002f6475829,false
ce93f8b403d9014a,false
0d7b5c1be02fe205,false
1629740ed52f1b5b,false
b5eb27a105ee964c,false
bc903b517463240a,false
98c4993aeebe285e,false
93846f4e35acb655,false
2253762bdc044348,false
26f5472e59ffa910,false
8293c1b2ebe7d1b2,false
7fc14b4b586e5e09,false
782c75b189002f91,false
0162bdf2d6a822e7,false
75978cd03daa3afa,false
328b3f7daae85a63,false
eb8122bbec5f651b,false
2517c31eb61d555e,false
46d25198d010b596,false
6d3394d2f0a6e71b,false
d0581f7d542e89a6,false
c5c87d62ba327da9,false
1f6f6a8b3981147a,true
c4526e7167ec2db2,false
df3055958ee7d667,false
808ed700429b9986,false
35906ab2e79a81b0,false
4e4327517c0814f6,false
17208543ebcebcc4,false
23abe5a15b675b30,false
5964bcefc0a92eec,false
8ff454497ba1a58e,false
00d1779a0bd989fc,false
1e9c054bc97ea655,false
474e80b2f18b1b26,false
54de5fd789c84350,false
222d4a4df8ae5481,true
7f02fed9534eb75a,false
51ae6c57e1f3d0b3,false
3487b25171e75624,false
e8f2d3c1d7e72f01,false
e3bc64eb4be84c42,false
11e9d290a228f392,false
3770f9623dad3168,false
26b20c104c1cd381,false
05e241530b6c4021,false
1f5b8b4aa502fd42,false
ff274f041ae7d9e2,false
2fee1da2016bc34e,true
0646a9a0d3e1bab6,false
b07635f93128707f,false
d35d0da0408ef499,false
839fb921526e9d9c,false
634edc92a8d3bc02,false
4db13479d15edda7,false
2a4da4a59c54b6b2,false
67294dd597702d90,false
633b6aed6951d1b4,false
f30e1b23b7c24e5a,false
5333bfed8fc06b2e,false
ce5d0d72339e765a,false
197c4a00764cc176,false
115b66b4c4e9447c,false
e203075561d2ad58,true
38ab6e160c3b6f6b,false
6042e4e8a768dd5d,false
0b7f4fcc79157a5c,false
15d4cfb35de5783f,false
5c02bb675cef6c6f,false
dad9bdf42b5ef4ec,false
6de80a62a4f0f620,false
6b3c794259a947ef,false
37b5ddf6157876f4,false
5f19a3c03f1ca493,false
44ca577fdbf170f1,false
0e6060cb1b8c6dea,false
fbc98dca8f9980dd,false
090fb5a025c230b5,false
73c0919086b675ea,false
6df08217bee021a7,false
2777b15ba9f5bf2a,false
9b3d9dcba443772f,true
baad3134853ee554,false
5da0dddcadb05e1f,false
584d9750a603ae6d,false
7c71a89d12dc3477,false
03550569ef359139,true
0ef55d495e1ae066,false
8843adc90a8b206d,false
9e21b5d9f3c5277c,false
13a14f73e6bfab21,false
4b6f1ff6758a747c,false
7c29ed3f5a4c861d,false
2ee3e3a0aed3230b,false
11147477bed1b5ca,false
2c6a023e74caeaf6,true
428fd2010319b6df,false
77cf3ca202e27962,false
2d5df91c6b0b5c1e,false
6dc21fc73b38ad56,false
269754b89cf65079,false
4ebb89643c819e0c,false
070a6b27e09d2ce8,false
247a31191a8a9c8c,false
73978fead2528915,false
4b049d9d95324dff,false
00b2c6c321219b5c,false
28ac95f4aec0d33b,false
deb82f0fb77a341c,true
3af7580f7163194e,false
40ff7dda3f361c5c,false
f14b1939129e27e2,false
ae6ecc2f0f3777ac,true
728837ef1204e3a8,false
2895b3d4859e64ce,false
2439a8b6bf6865b5,false
6d93641f76e3d314,true
1b28c3a061a2be0b,false
798890d7d54f1dc6,false
1c6fe05e7fdd9d5c,false
f3499ea78b4b70ce,true
3288d9b123e307bb,false
bcd56a338689114a,false
669a3d0b22437088,false
5f2205aa7dce7139,false
93260f708b7009a5,false
ff2389db6fa1df49,false
4be1047db718fda8,false
4a1474a2127a32c1,false
50b6311bbc6022da,false
3fd32a5fa3920f15,false
7435aebc77ddf97f,false
a8d66b7ab57d37b9,false
daf1cb4bed56a256,false
57d0bce5b81bd1a5,false
40a354bf57c4dec5,false
7c55c78ac929d4a5,true
e05834af01991a84,false
f01944520a16fae0,false
f4f31eea08518e3f,false
213fdcf309b5c637,false
081b1973089df48d,true
51a840b43bb86f45,false
c1139d0d1414e691,false
41b670433a723238,false
5e5f3827df9b28a2,false
3168bf2bfd38d79c,false
59efefe320ace494,false
36f30281d69adeea,false
69c63fc4574fe95c,false
0b59808e5818e93c,false
59c226cffa283ed5,false
37b1fd5fc287ed65,true
27a05eff5d67606e,false
3d6d5b184856b208,true
1690db555b8f6fdc,false
da063a9e82c973ab,false
fad6ca60130f9dea,true
3b8976468b4bc2c8,false
490ab6e22dbd0889,false
1c960d61098688c6,false
11c0ef7a85ba9640,false
7bcc7e6989ecf1b9,false
032c0924bebabf5a,false
19f414e91cac15be,false
5aff0629f4bdaae5,false
68307422447f483c,false
2599360717baf380,false
1082baa863254f77,false
9e751a74f5443615,true
08cafa66ee611caa,false
7c53694828aa34ae,false
0476022cf1f993ed,false
a626b9afa3dce0fe,false
3a9db917adda3a33,false
9ed315dfb467f3af,false
2d4eed2db0f03cce,false
38b6d8d6ead31f0c,false
6ecb1f16a2678886,true
f71d293b3b00107d,false
00cdff733815a97c,false
e3558028e76c8c5a,false
3df0c37bbdb74270,false
311723aca671d9d6,true
32e319ac3bff0874,false
3ff9dd8772193e1e,false
7a00b0d76acbd1af,false
6c106a0105d4e9ad,false
55de2397e8b89881,false
328fe16640bee7df,false
68e7fb41c059e973,false
f699995922bbf15f,false
42481592a3f4a07a,false
7ab9d87b2462f4ad,false
35f4aeb0f9db89c8,false
a98880412c65e305,false
21f3f0c3d5e20cf4,false
e207a9f91906d2d2,false
40f378571f66bb55,false
4a39d7c225392dca,false
4cbeff9b70eca64f,false
1db4c0ea9c1520f9,false
1b291b69077e347d,false
98b9de29abca4bd9,false
0d9c7ccb6863d193,false
12a04e985dec9b7e,false
ea373931a32efafc,false
5fca734ed9f34574,false
809cadfe27c905e0,false
15b45a2a322c0f7e,false
0458d0ad7b349f06,false
6e1fcbfd968ddc35,false
755bc49e2461e7ef,false
05d352eff2dd7144,false
40148fcd1059e9dd,false
6f24537af47d4c40,true
7ac16fa8228d2493,false
5456f8f5f3f3c973,true
79118147c7568ea3,false
763e6bd867e85488,false
049e5d6490fe4974,true
0c2672ff6787d265,false
15ce4334202b406c,false
6476404f164a6539,false
8df59e3080377a3a,false
44527ed8c2d65bb6,false
4b92cadbd591f613,false
54a8be7582aff31d,false
6faad99b468001d9,false
29147784051e1cde,false
39147dcdf3831f7b,true
106f01aea7a22ba0,false
c83718555ebc73d6,true
61b3012d9cecf9ea,false
582e3191c176ecb3,false
4a1be6c0f20b512d,false
14e2a2b9a2b778b3,false
358a88d2ac1f4616,false
159e22c4c3d701d4,false
730e1eefb0d77865,false
f01d8162a1c3216c,false
80537b7e085092c6,false
4838442afbf323a3,false
563c6cc78e119138,false
25d26929d66d0830,false
518c3f6d01690f1e,false
f4d419df7f87624d,false
bae4cd959d8a8157,true
7c482fabca2fc375,false
074f4a8ee56ad79d,false
86510817951a8507,false
4eb36a28c235c5e8,false
47c5d13e94636043,true
659e7d6ebf01f379,false
646d45b9248a0463,false
ab31e5ed45cfa2e4,false
6b380f3ccec96b01,false
23d8d4f1b805e8af,false
5dc97a23e40b817a,false
c0c38e6fec4ac0b2,false
c2970ae92926942f,true
4355966778523df3,false
46195b143a8447de,false
2293f28f88033f5f,false
349c70503e72fc91,false
7fe6fef36d72f783,false
40c518364201e83b,false
a0158cbe800086d8,false
2eba92948a086c2f,false
6f00c4ffdbaacc78,false
2a2960882afabb20,false
a47bd73f5885740a,false
0135a5259f25f5cd,false
5a1afec3110444ef,false
d7fee7aef6d21423,false
3a7efc9689009ff8,false
73c7105f7cf16e5e,false
1bed1142f4851af6,false
01786b572458bfd5,false
36477feb508cd685,false
1bd9b9fd0f775415,false
a886e1213eafb9d6,true
35e0248d4c675f09,false
6a0744c4596d06c2,false
68d2ca6eb2d46d36,false
5a17a1ebcd7ac305,false
19e4345939e16e7b,false
718def1b8feac599,false
3f3aa284e8093e12,false
05b75e60a4283b1a,false
02a9bb575327e080,false
3a9894c1be5b7ef7,false
7812136e135640da,false
3936f7601d64c8aa,false
39fd27e12b264d62,false
7f67c5596abb8589,false
4dde4f102e5da9e1,true
4e2b3b567cf6d2b3,false
41668ff422512a3e,false
0cf7c748c7dd31e1,false
a704adf17b5791ff,false
2706b1a354e95461,false
179986778f679fc1,false
5c151568292d417b,false
04a0d204f9536ddd,true
a9d8ad6308256788,false
4a11d598e57d31f7,false
3f9cea35a4f2143f,false
7a9e49ab7438ee2c,false
591b86c36032c509,false
62058c0ff5e2ca8e,false
00024789953ada9d,false
07b16108f9407a3b,false
2aa41351725c41cb,false
64a0d128eaa638de,false
184d04984325f80e,false
533ba3009061ab33,false
355e52177e2882da,false
5a596c988a10243b,false
703c6ee006429140,false
6c86a0af0d467ba8,false
5271dcaf496589af,false
bf5b2c57d25b5890,false
097d7d7cd1967d35,false
6f596d5de9d907b2,false
9f706299bdc0ef57,false
49fe232360bbf6f6,false
2fe9b12f057dee97,false
75f3589cdb049a27,false
42ba11866c731212,false
4dd8d9574f68e2eb,false
70c22837986b7d59,false
4500ef58d44b1cc3,true
00474b86f9e7e067,true
bf82c9a11c33d104,false
54219d1ca3234d21,false
749dbf26d2d0a70f,false
484e971502b51fe6,false
c49928aad908c4f3,true
9b82f33b13243ec8,false
1d5d242a9b9aa421,false
4931147df16c8e3d,false
bfe642d20df6a42f,false
a53e2b8f045b48b8,false
4d164ab14b370791,false
63f3393f931246c1,false
1eafb50c97fa9adc,false
42b2b624fc7849e4,true
61cc8b7b1aa7a9e7,false
7973ddd2c850eed9,false
6bd2fb69a1683626,false
4c0ac4d2e30942e8,false
4ad9127f86e9bf28,false
6cb8adc489be4ea3,false
5e3bfc9faa41d864,false
480227a9571d025b,false
50362954b037af4a,false
62ec094a3701f211,false
27b0c46bfd9a293d,false
3925d546c061fdd1,false
158551759ab0d9e4,false
e025ba31fd5bc0e9,true
482b87f95ed377f0,false
09366bc364ec2be1,false
54d9190825051192,false
72ebf14fa6bf93e8,false
c791b225a07948b9,false
eeae41fec73c58ea,false
9f0f11c4f1e5334f,false
2e1e297cc55c600a,false
555319e65f1fa817,true
2f6df811128202be,false
08d9890c00900833,false
700f6cd03e69f9ec,false
4e03ce4c8296a886,false
690afdff8e1b4d10,false
2442f1e123902050,false
b2452147f75a04bd,false
f97e94fe7c3460b6,false
7751b3914a726210,false
68acf6f643aed0ab,false
2792452d9e1ec96d,false
5292a7acdb0168bd,false
7254d0c58f48b764,false
4dd9f89d14e6848c,false
a97f52cff4d9496c,false
142c46e7f4867de7,false
1fce65b3ff81af80,false
165328b174b0e329,false
3008f4576175a9c1,false
7f1455ad2913d20d,true
4e46ac8a559cb867,true
6dd0ef2846037c67,false
45737d004132e51d,false
3956036bd47cade2,false
a6bd6ce4ad0ad6a2,false
883579a7f4005f87,false
4dc62085b24987eb,false
885596bedd1158b6,false
700b45d805cbaa0a,false
412463e38dd714fd,false
e14de89987e07cb3,false
3c293db1fd552f58,false
dab9ee1a6d7f53ff,false
404102ee2e7bcd12,false
716f1c01d68072fe,false
47362afdfd7fbb67,false
36b4c92de1f4ba6b,false
2ac03ec4a3ea9dd0,false
16eba4cb22ece4b2,false
6cedff7a42df914d,false
174c28e7a4b83643,false
415b8825467f8566,false
79b26bf47a5d0f16,false
709fbc66311c564d,false
738a9bf02fd8f348,false
3e072460caecfd6f,true
37aaec581d535895,false
463a4aec5e762667,false
ddc08a21fbcacc12,false
4d374e66d4b6ce8e,false
45817bd0e00ef624,false
67cffe5f939aec11,false
7c83e970a97b9a35,false
76778085040b4dc1,true
07296e4a1d131e7b,false
16f087a1d3ca2123,false
5087f942f0ae48ec,false
45a3e115f0293347,false
159cff0a70a9269a,false
66164999c29a508e,false
06e6470febb1a7f5,false
466210ae75dfc559,false
372f4429c97d43a1,false
4ef717291b731b93,true
087f17df3c662f5b,false
3184d175e7f879cc,false
5d6bb6bea94175f2,false
25ad8d9af151246c,false
5471c3fd3e401238,false
40140077dc127569,false
29cf3697b49a990a,false
7673f83aa0df642f,false
73b940b020672e9e,false
54acd99be1e520d3,false
299be5edfb0ab032,false
3e49901aa65e8b80,true
4a40643b83faf69f,false
56bf6a1c06de70b0,false
e852b06730cdb639,false
7836b19c63018e9e,false
3c7587985fd87438,true
7566272df201409e,false
83e102173ca6a62a,false
69de1a352885ac43,false
41e6d3ef711876bd,false
bedda5999fa5a85d,false
dbb08b5a37b7b05b,false
dfb49e256f85025e,false
348d290a5823d2e0,false
2dcad219c54a820e,false
38488713ddff6ff0,false
49ae6615c6c401a5,false
6732cb232ddcaa17,false
66314eef873df811,false
16ee2c349b1c1979,true
8c7c74f37689acc4,false
36bd6f698236110a,false
592e2cd8b510c14e,false
5dfc1a3ad2bb0e63,false
2439a957ac3f3b11,false
03734b44c39264e9,false
2419e603ffe6a53e,true
69049eef22dbb99a,true
40b68c39cb94d0d9,false
147ab3b7c6e74bc9,false
3b99ee57d1daa793,false
4a1cdca196d642bd,false
6dbc83598a246d85,false
c07366e7cf5c4c82,false
42dd853eae3facfa,false
3a5ca2eb7e20246a,false
5960a036c1173358,false
161af819e5241afa,false
3022e65bf716c6ff,false
88934c0fb1711994,false
03622b7b0f5283f2,false
71765da60d763849,false
1e45511b3f493c96,false
6710607931ca89df,false
44b3547ccf8ed901,false
0790ca0a28d3f782,false
419d01428f91c049,false
0a14ebbcd4efcfcf,false
3863dbd7a92e0280,false
5f63236aa7979465,true
59c37297805b3ea4,false
71a56b9324a53072,true
6ee777b3ac5f3e0f,true
75c2712e8f9aa1f7,false
135a82dd8d7f373b,false
589e189d925152d5,false
5968d0c062160b5a,false
887c76826a55653b,true
43434d38e169f917,true
2abe3239cfc99014,false
329c7081b6f1b8ae,true
5ef5574c78c3988d,false
0d173daf340a4300,false
46dff07700176e6f,false
6aa372fb6d7a5440,true
11a06e469ee1b32b,false
9e584c6a9655f97d,true
100e65429faefd7a,false
4b830e81a4e41c98,false
0b84f88d9d188262,false
1e7a7510f35ba98f,false
3425c9a6683e9356,false
55f7a50c766c0d8a,false
251b9cf4041ecedb,false
43c712c664199c4f,false
74a2d4cb3c3ca1af,false
27d4326f3c12a841,false
0ae4048fa1bd12ad,true
dfa21d6d9d27ebe1,false
2128033e14c4d2fa,false
55a8053112345770,false
3358d08de53daf85,false
76885c5701fe8397,false
6c2c18178548bfb9,false
d398e89841346082,false
0e0c7145eae9a5a4,false
6d5cdb236ab0a578,false
3eb2dcc3decff6f7,false
15efe4a429323ecf,false
2aa55b1530748969,false
508506cfd6bd7c50,false
20a4028ee7a55911,false
5c8fd02ad9579dbb,false
6644192ab62881ed,false
38d4e6fabeea3102,false
488a32a18caab656,false
16978dba9bfde089,false
548c0bd2db0f9ac0,false
9da2fc9ec731975d,true
6319e82ee7699a8a,false
48d47d82688446c6,false
e4b96f25222790a2,false
725249e62d4f23f2,false
91627c04f90f3507,false
c4d7fe9eb614e59d,false
0900893eeee7c540,false
30b56510a39baae3,false
5bfa2ab66b8c5cf7,false
2e3477145137a35b,false
147c652e76051243,false
2a506311b813f14f,false
94abc07862966dd1,false
cf1257f5cc8c8605,true
f1068e68e6aa2884,false
0361738852e0ba37,false
dfc53af1f9470086,false
ad1e7b218b41227b,false
641045e4a96fb94d,false
20af5112b7bdee33,false
534db1836c80205b,false
30eb2733f64c9426,false
48146a1880426e4e,false
3cc8f39ea08072fa,false
0f3d93b9e2ef37c4,false
520cae7454e3fb40,true
21ee0a8ebe973973,false
294f55375b081c07,false
6c7fab81c6570171,false
299bc3cff75a1dc3,false
f7e6ff6176c81de3,true
710b230f2a561a0a,false
ab9c3081ad0229a5,false
45c078e948875ef6,false
3250e761468666e8,false
658df785e621d5ee,false
050c5cf3168fe25d,true
99c2bd7a4519c1b2,false
9f55f1b60c9f411c,false
685fc9051dff5d4f,false
e8d2d08e70817133,false
94c19365f42b5b33,true
496ac3b61ac07db6,false
4109365ee49fa200,false
75ad9051bb004855,false
4df2e6952e5e2a80,false
0f80ac2c492e577e,false
4e16eb8c30b09ad5,false
3970069a7d65b1c2,false
66e4205a8104f6e7,false
858df97b57f0c44d,false
2478b8f08da175e6,false
2a5ddebe07e833c8,false
8ece37c1122d64db,false
7a17fb422f7e2ee6,true
8f5b667637cc273e,false
40cf4503d189bce0,false
f425abe14d23f1af,false
2c98c78372531804,false
23a46f23e9e83e19,false
d2620df1056b266e,false
737a9f448b90ceb4,false
2d5c2e8e7fcd5907,true
1b989ab076355f6b,false
3a83a9010017af6f,false
10236ba2dbe2bdcc,false
f50f6224c1c428a3,false
0068cbd003610f28,false
75b58075bbffe9c9,true
591d5b95ccff8315,false
277ddc0657245996,false
7ecd9cf2cb1fda75,false
266ff554e0c38f6d,false
389d2c20408ba988,false
26f52bf18946c0f2,false
05a09471ca7d0ecf,false
4db516b7e076a08f,false
46b5d31509be60e3,false
0ca50be80430430c,false
4ed7596b59184365,false
62a3d28fa093eb52,false
a0dc2027bbe74b40,false
fdcb528d6d62c15a,false
63f1b6144d71d75b,false
dcaf0bc71ed487f8,false
060470a2411a65a2,true
765b3ed2fc1b77b5,false
3f4f4a4c3e0627a6,false
92e64d8b5f099963,true
6fbef2334ace9ec8,false
e1c4500b8bd20fd3,true
35b8574055195927,false
6805f1b31f7264c3,false
016d5a1b68721204,false
5839dd4da02aee2d,true
1b352cff65d43052,false
130e11bd853ea84a,false
bc31caf8f38ffc23,false
a9ec0f37bc5cffb9,false
436d2359cfde6638,false
310de00c39c7ae6d,false
08b37b0dc5f92c80,false
4733341ae022d326,true
526339b704df093d,false
248ba6458a65f496,false
5a8e760e5af93be5,false
9b6d737363429c05,false
6ae46d906b8b4605,false
525897ef7a12dc78,false
8091f3fd662ecb45,false
d4444c0bfd860e08,false
db01b2c4cdca69bb,false
8cedd5bffb20fd35,false
6e8f02187b8a6e9a,false
25a4db3b77e2a69c,false
367aa51aeb0fc74b,false
548038c3fc643ef5,false
a0c2f3ca01a6992f,false
142d85ab44d10ad6,false
516a7c232abf8beb,false
15c7e890c16a2517,false
f1d389e84b08397c,false
167a4b2727d8bc74,false
3361711576b84b8a,false
9f0c474e3feeed5f,false
2fdefd9b98ae4c71,false
3168915bc78588f9,false
5237dedfcb6ea692,false
4f28e6df08851191,false
386ba0e4db2f0100,false
ef14dc389ce14557,false
7f36e4cc3285788e,false
3d611400898e4dd8,false
1cf5184b15b1d903,false
45da0bd33253106e,false
5762f40f8edd9fca,false
1720d69b2c3a2f3d,false
4f9fa1ac162b740d,false
7a50ef1224ee2b8d,false
70bf5d42d18760c4,false
4ffa3bb74a500a6c,false
5d899208b43e119b,false
2953e150d32f4b46,true
88e086a0125506aa,false
5f946496258b8a59,false
147f026e167fbea9,false
2cd199e452533ef1,false
813e2549e15921b2,true
1403d8ca97920eb0,false
2099980486cd3616,false
6c2eff4809ee3a4a,false
2932529d1aebb0e5,false
59b2d1c167895754,false
131f6c389ce06f88,false
5d3de1413460fe93,true
11e8629b9b426720,false
5f5509668d58ccc8,false
4de0481c3ce263ab,false
87c2737bfc2763f9,true
62647777e75b454a,true
24f63ea57180a1e8,false
64fa4dbd4aafe769,false
898a999287e14272,false
f624a5ba843ab476,false
808ab03c8f34c697,false
5efdcb7ddc8681d6,false
5d879f394fa9a6e3,false
da088f146714f367,false
36e6a7c8d509d095,true
074beb9bc6d762a9,false
71b6bdfdd5eff3f7,false
143433d867a0ec1b,false
43f4e723169b376d,false
5962b4f14cf14309,true
1afec5a336a7df1b,false
67c97c6f6ab19204,false
1a0a818fa0addd37,false
be46086d30d62ff2,false
1dbe32915490141d,false
6e9b633736f21796,false
dc7421765ba7a8bb,false
3ce0515a6cab7d13,true
e441691a67e944d5,false
37209e97dafa7311,false
5aa1e2b72b7ffdb1,false
4353b6e0049373f7,false
675f778975a77d23,false
214c3bed6921adaf,false
fe64ce27b2066052,true
028d6270c40258c6,false
115ab9d3ad926263,false
4dfa4db9eaa6f7f7,false
244c0ad7f2c66562,false
ea442ef228916129,false
4d4ae1193826fd7b,false
01d1f42e9669eae0,false
08690678b7b29ac3,false
6143360cd7b98abc,false
392ee9c879c19042,false
2df0c7562f864d7a,false
2df681cea4a2bdea,false
79637aa45c21ee63,false
57f63049aec447c0,false
e244f60252d60071,false
5533c18ed5c32b40,false
1c1f21af01e2f843,false
4317fbf17ba5b51b,false
532e77d95599dcf1,false
31dc8a2dd4ff401b,false
462e12b0840b5802,false
30ee7b89baeaa94a,false
01427d3ef8ef1554,false
2d70ed0a7d7d242e,true
6ccbd6a1fbc1248b,false
2804addf881c4f08,false
475d81d9f3188cd4,false
2e044fed8c730b58,false
298ad836c102eae4,false
36ec3b6802425349,false
0926fecc17f17d16,false
3b660f3b2c801d8a,false
7045d4f3cd9e8924,false
f2350ccd20a49928,false
50a2c47b81f8b92c,false
60a7c0268bed73bb,false
523affa78af2692c,false
0d47174291f7cf0e,false
70be9a4d3274ee28,false
e00e04e52cfb7838,false
0fd4899a491b2ad9,false
5db1180e05eac2eb,false
63f326ba350eedee,true
41407a36cefa244e,false
360a691b15f35614,false
3416a72f3ca3249a,false
01a3c78669dcc8ac,false
905c51d56411eea7,false
6ade71680600419b,false
783477740a7121cb,false
3ab0b5e3d8e51a19,false
5b824bcf47bfc0fe,false
27ef65679996b524,false
0d24551df48dd20b,false
5278f4d74d4accc2,false
415d24265ea6a6ee,false
1b67b036aa5e7493,false
23706702a4cb4638,false
252c35f826fef67e,false
16d1d81a7ae43e37,false
624db9e38782cf5c,false
a7b99dbb5987071f,false
33b0c16bb5ed9b44,false
102e437d93cbec5b,false
c29d0c46a3052689,false
465e89f1e33d436e,false
3ca4e8ed8904e1ed,false
3dedf050f395ab1f,false
503fa43090ea42e0,false
64dea91b426f42bc,false
754ecc3f5da251ac,false
c86afc1f934d8697,true
c3f7a6020e1cefe5,false
494ff81e196e49dc,false
767e3623677f7f1d,false
a7e0dbd39fba6591,false
e8a67dddc12bc6d2,false
5a8a9adfbab737db,false
15b2f2891cdb4f5e,true
2a0640314478c0fd,false
0f9ff1f76a0f34ed,false
44d15a4ec07eef60,false
347c6153ab515007,false
003550438f0c5bb1,false
30edc2c02814f1cb,false
084a2c830159c54c,false
3c6d5f16bf36aee0,false
4933be7a624adb94,false
54424eee4f3d04c5,false
7e48f75140559604,false
6f13bb8d0ef6844f,false
6a973478aab06a48,false
4c18da8897d44bfc,false
d811acd8054f65a4,false
79646a945d00dbc3,false
44fc6c73e408080f,false
fbcb1f9b2c1b2fc7,false
73ff30689a782062,false
0ae8975dc85071e4,false
2bda9bae890a6701,false
49114e35992a03bb,false
664bc2a815d1012c,false
d48d40b2758bf207,false
49541f00d656422a,false
2272f6f5f3eda81e,false
0a422d7b6f1030f6,false
54baa157f0c5c042,false
dff5cc7292479239,false
7c5283c4402af554,false
4d7fa8e323d25025,false
e8aa1e8cf0f63a81,false
02d86ffa392e299f,false
6c27e40cef0a7381,true
f07e71869ea62415,false
cf151d1d47fa3bb2,false
77027f4525cb7e11,false
52984badb8488ea6,false
07922f2846fc51f2,false
3e52c7bb3f8e882c,false
402d6c577164cbca,false
5dc45c99f85c2e17,true
61e3f8a8d36694fb,false
3ef1e6e703f9daef,false
77511a20224b4062,false
5afda05fed5d3de5,false
17fc3f2df46fbc82,false
77cdd11064374fce,false
7f01abdd9c2fe23a,false
007ac89ebaae3dde,false
4d65742d1e8af1a6,false
65dd70a4c9d5b3bc,false
4ca664c93d725838,false
2d6f16ea81ea15cf,false
3504f7dce653c368,false
1f950345df852d63,false
029dfbe92bcb6f97,false
46e46e1ddc08ea22,false
0b61a6a1ca4b0e58,false
554413ee9b13718e,false
6510affe97e7072e,false
12355af34f85122b,false
3831b0d8d8d8fee0,false
6a0e5eaa8165bf1b,false
46938ae60667bfa8,false
b9b0c8fdd46bc7e8,false
42992bb24ad1a39f,false
7a575eb3fb342a6b,true
43ca7ff8accef33a,false
306ab2c36343a5b4,false
775eb63787496df8,false
fea8cd2a7f482ae0,false
2013fe9fc58e53ee,true
e5348a03b254c54c,false
f083387a6e3215c6,false
928c99f29059504b,false
339e2814dafa5293,false
3a113d3cb6dff586,false
0270b274541e33f1,false
580dfaa7390020a5,false
a7c121f9b10e0336,false
76ec7a421dc80d43,false
1a16cbf7f4fc1a7b,false
629bc40d928e7341,false
0df17a700d6a076f,false
5af8c9cbf55d6e26,false
55a2b31b90c15db0,false
033be668c7f23b4a,false
7dfe51262a8605d9,false
0383460a210bb426,false
2fcd0b8048ea5e2a,false
0ef9eff550adb86d,false
7318fc502f8b894c,false
abd068e6a4d35988,false
4691d496331d0aa0,false
e0f4198b9b693a8e,false
397e9c9902e80f75,false
277379ba5bed385a,false
0c147ea221b96fcd,false
234f0fef1131f89b,false
1e47d6d3c688f1f2,false
31b0855df486b41e,false
2d93de7e8147e5f4,false
6489c82d69bb847a,false
8569e748b868dd62,false
346cb7c9854f866b,false
54fde2e02e9baa4c,true
606b2d21d3ff23e1,false
f8b762332bc43aaa,false
62fb6ce653122d1f,false
1feae1fddc595e8b,false
112d464fdffb0e0c,false
65b03398df376105,false
7c35082343193e89,false
ca09bfa7065d15e3,false
54bb20fa70a59ad5,false
bad5ec4e67d9f5aa,true
3601460150cf44a4,false
738a4125913da9d9,true
39b1faf525249e4f,false
47db64d6c21b0454,false
07e2f82bdb97e67b,false
c26a1feb0880b8a4,false
6307d0d51f27babe,false
288c475dc55330dc,false
174793a6d97185c7,false
3aef8d4fec200b8f,false
cd3cac26882402b0,true
418fe8fc57d4880b,false
343db8de8216d2c8,true
2accddfaf4e0db99,false
5b608ebc99b08a62,false
11d530eb5d2a08d0,false
5b52f251f3706192,false
2ea75fe1186cec18,false
65024f00ee454031,false
90b3b9e8a48cdf3a,false
7d233f9e47e217dd,false
0a07069a64c91d2d,true
ab0dd29042fff9de,false
8ca9640dab85dbbc,true
65659cb4832a969b,false
116b7557be32e57e,false
53b7ac71d08cb5f9,true
0c7ea34e8d618a91,false
f03fa8fcf4be6925,false
9ea41779080f5909,false
60642fb9147dd7f0,false
615f1512f573332e,false
0afa8842c7361d59,false
22f8184d45bad9c6,false
09d111460ce503d4,false
30c89e33f11088ff,false
67440af8b76c18d0,false
68525abe3049884d,false
b93b1333f472438e,true
51f902bf54fa60c6,false
dc44b47206f033c9,false
2b1209aeb61eb57c,false
7cea0eb20cc4f005,false
1f21a1539f8ca4fa,false
5f00ec5172e366da,false
520b2b773514ba5b,false
6442edac93b0cb17,true
13d9bdaed3d07560,true
0f50e9133431ca68,false
4069100038268c05,false
3298e29270c81fac,false
14fc4448fe1851e2,false
1442fb63986fa539,true
32324432f7bbdfec,false
2616ca967715b630,false
6c4fa37bf78beb36,false
a3975caee6786c95,false
42892bea11d65459,false
100c923749a5293e,false
6051e55d1d2f2456,false
2c7b980acfdc8bf6,false
67043ef580e31963,false
6358ef3dc3434715,false
55a415c7b722711c,false
55a045ef4b4a329a,false
d61eba18a6ed10f1,true
17d8ddb00a2cd6f1,false
0a37216ebef5325c,false
e058f7be4e95b1ca,false
f4ddf6cefd3a6130,false
031d85ef7b9eae3c,false
f508085e73e4bbc3,true
603b5a6b75b6a164,false
c67abb519fe0deec,true
65a9f4f63b4cff6a,false
072544070e64ad6f,false
6a194d4d9fac8523,false
3754b56b0ad426b6,false
6ef0f1adbda11c5d,false
3837d37b622380b6,false
2ffb84ed32fc192e,false
dd829d8116a1c6a3,false
6d576c1fa20f53d4,false
6be3dc07fb19d28b,true
7a9a111e25d39934,false
db35ccf98de770cc,false
9cf3a4e000e5b00a,false
18ab4dadd9815e26,false
e0adacf9eb05e0b9,true
4f0ce1aef564dbe1,false
4177186e2247d872,false
4be65d50a7d43c6a,false
4f39ca334b5aa421,false
01cba095311db552,false
30d4929deb806e10,false
46d331c70226870b,false
213ca7610442e236,true
2e69a0227f4c4a0a,true
4187b23d6bba37f8,false
4acc9a9f627697df,false
ab4fee3d1c07a299,true
4a797b7f17174b28,false
46a8933bf6c07b4e,false
e1b641cc4b819a7b,false
34d2730c60e038ff,false
b3b29d3627264cd5,false
5e5b6ea2230b2cdb,false
3107806f0e172d47,false
0172d24400f87d4c,false
09051be7ec207620,false
40d2d79632cecf00,false
ec6ced961d617cd8,false
0537dc64f8581266,false
44d01fd6227970f3,false
0e9ab02d3db6ae9a,false
4d5e706042fdb4fb,true
3cb123619473115a,false
7af6dfd95d2b05b0,true
0ba77e0ee6fea844,true
0e77bb9b9fe1901e,false
1fba82d0d73ca3fe,false
5bc61aadfa13519a,false
a88c09b6d80741c7,false
0b66a1735adab95b,false
4b3d34a0e79be58e,false
1d31bb30f0d4dad7,false
c1f38d4fa77d05b1,false
a03983dda232665a,false
5b5448aa4cd90bf9,false
79039ef77de9578e,false
027edfd478d72cad,false
18efd8e386cb768e,false
63cef3d93434e7ae,false
27444f253ac1d5fd,false
5197a2566fad4c0f,false
b3d2da944d84016d,false
058e4a76e4c08a2e,false
d52c1b7c8191ba7f,false
37cd67bbb14e9ce5,false
44031c2e7fbc5fdf,false
192f2bea9f6820bf,false
6ab93a544b3285cd,false
7e8b6f7bc8cef967,false
593a76e79baed848,false
707450f0fc5b4af9,false
203be0e248ca8b0f,false
0834e86c9ab8b285,false
28a215ee7bebac57,false
608bc7060b0a2cee,false
0edd738fac3ce7e8,false
5b8be8d7b21d7567,true
3b5d476e40ec8e55,false
bf6a88934355fb30,false
0dff803415933265,false
0e8d14e06205ca75,false
2b7111dc3b988a60,false
0957afa7ce14c821,false
4a2339a5e8f614be,false
fa3a87e681ad9726,false
3a07ce2d5d894b8d,false
041b6bbe492eb9d3,false
5c695e7194e08391,false
53971812d947221e,false
3d14876d13aa59d9,false
baf2148c986b8a8d,false
653cca8adaa896cd,false
3b24d7e207b19f56,false
d2129695c90620c8,false
39cae4e177b28b9a,false
71190ec388442bcd,false
69abdb983b644bed,false
60b94b5e23590df8,false
5d648e380bf93b79,false
376864aff65e0f0a,false
46536b65bb497c24,true
3341a07778b2f2b6,false
4304158b50f769f9,false
21223dd0cfdb0d4e,false
3189217ecd379687,false
787dd8ee9daab1d5,false
1c13b0045b1645cd,false
04edba6fcb0edf08,false
7cfc356af6a99506,false
231303f080758c47,false
f5343bd52083e2c6,false
25184b399b237630,false
538641e27cce22dc,false
bba1c66f16d45dc4,true
3cd49e738bb0718a,false
6fc1e795e98594c9,false
52b48284051d40ab,false
f60a02f336bbe538,false
9273d40ec6256edd,false
6cea4537999f5236,false
25daf1d2a0292047,false
bcde7f93f04042dd,true
de0bbecee731000f,false
e5765ec66b9fcff5,false
4d7b8fca41abe39a,false
337f74dcceb41b8e,false
5a40e21eb1dbeef0,false
37becbe8b3b092ac,false
123274fddbc1251e,false
0f1358f86edac3d0,true
26ae88ed38d0f1cc,false
3ec107af20a6c75b,false
61905b04ed18e1d8,false
1e0cedf02026b816,false
7d032938ec6630a6,true
228896981379c898,true
0b2d9702aab29893,false
367fe91f66ec9c44,false
4902d1417dd6a374,false
e3eb2098cf28bf95,false
33f2f3c7cbf2edcb,false
9cacf1a921254c69,false
3d54f3bbae09ccc8,false
c71302ab5bd946f3,false
58e66dfa8d2b620d,false
ff4305580c5d8128,false
9d4a959171625a0a,true
0d12d912004048c5,false
4b599b651cb180f7,false
3ea7eb1c12850899,true
71b2f1be60060644,false
011c59b83647d7db,false
6b468d351017c034,false
7dd6cb0fb1d2bc89,false
6f7351cbbf5f2e12,false
abcc373f7271e690,false
2b8caf1e343d7bc2,false
171a8e6208c53626,false
51de9c63c8171216,false
7dc4ed6627933a29,false
64c33d436601282a,false
84253a0a9a0d333d,false
0f34c9b1da7bd28b,false
21c48edb6cdc9701,true
027953e545a88fff,false
f273e022a1cffd2f,false
70ceec6fc60d6456,false
2e31b22bf358f58d,false
93fde421a1426f9d,false
b57feb9e2cc7d4e9,false
2ce9b4d6f5c7793a,false
57ab2c3f9f6aaea9,false
8512fcbda3140daa,false
c7e57ca4a778c068,false
098fcb71120fa229,false
0cf456dc9f136eed,false
5c4023f8b20cb991,false
4a6c49783f9acfa6,false
7c8085a9abc2a461,false
5b495ab798b733d0,false
7c4f57ca496b9e65,true
947e95ba69c1198e,false
5ed7caca9c69ea45,false
78da7ff2bde83811,true
f2daad27ecae2bbb,false
65a1d1cb6c78eeda,false
6eef56eb6685f801,false
1d00a28f84b5fcfa,false
3c144773054c7687,false
1e69d47fd8b7c6f1,false
9abe4f9dacefb702,false
4d4cf58af6d425c9,false
18fd42a57e5b9bdd,false
a15688df8565e10e,true
bcbd05ffd0a3c98f,false
087dac807e9508e2,false
659a0d7c1bbcbe96,false
6ab860f72ef6d867,false
4c8d07b3cd0451db,false
6a34cd14d782b9a8,false
5b6a6bea0180dd76,false
03d68f654fa62be8,false
3667c349b4fef687,false
c18401a23801535b,true
0aa50132633f061f,false
128da5556fe1da18,false
48868e303220193a,false
9159754e6d9769df,false
3a4fe32f7a2a47f6,false
0d02cdd892112ab6,false
7d85070b3f3c4236,false
25a66bc49e5a7bfc,false
2f697c6f3be9c896,false
96e5c93cd08103d7,false
2ac8b9c58b72442f,false
6f774b9013c3a1fe,false
788d5a57fc4a8728,false
8c78a2f1e8981878,false
43ac7d95f58b1c2b,false
f92913210b6a1613,false
351ae90bc3df883e,false
37fb1980385d32d9,false
45dae16ae33720ee,false
6303a588bafd1e99,false
48e30ccab14d5900,false
52d83c9de82677e7,false
74339c6bde2511c9,false
16c47be25b74557c,false
93139dbdfdb83e35,true
52c25a5e694fb4d5,false
2436199ea811280f,false
402fecb4782f6b55,false
4a395be8278c59da,false
7763d59b64124297,false
5a235038b8ff8daf,false
332871e0d18dcbdc,false
ab343501d2c685c7,false
414bd1078b5a814f,false
1e70a9df3279ccf2,false
1e9349495a22e532,false
30d076aacd1c44f4,false
4dea8f5b540bc323,false
2a7d521f0ebd59f3,false
102f5a0be4b828d7,false
61c8ff7ca6e48db8,false
664118a448c173b1,false
7aa2b06baa5b3de5,false
251da29b407859e8,false
3bcceac6ec6a79ea,false
4b987b886bc43057,false
773e29a3e43c654b,false
06bd7c17308d4aea,false
3c9d7d3a6cd92624,false
4d7d41a7c8eada6b,false
513f430d89a9fefb,false
b4b9ba029a0ac02a,false
f11f270e036e3026,false
1f86170ffb464d76,false
69a7f6b4fb73c630,false
5ce860fb796df82a,false
b7d15ffeb8caffd9,false
342b18dd7e5c10a8,false
125f73f15370e0f3,false
5e657e68dbf5ffe9,true
1bd84890490edf9c,true
17cec881de0989d9,false
6f8b8dfa5bc160c3,false
97ca19825776a4fc,false
af999e856c232fd8,false
2fc20a2473a6dd3d,false
74bcb245f1b2f45e,false
2a0b6401295c0dd8,false
3fcf971290c472b8,false
447ac9075ca1604e,false
7a97236f3e94ef41,false
5cdaf69e2f5cc9a6,false
bf194bb84cabe710,false
61dae4ca9862e906,false
61cd0c72f24a1881,false
741416c00235c180,true
3608510e42ff110e,false
6ac22303be6537bc,true
295553826a94647f,false
731c86a61ac13277,false
64e6a46ddfceb097,false
3deacf1e68b4f0c1,false
380de9b0b23c5417,false
256596a91368d044,false
4161411aac7761c8,false
2500935ef0c1db9b,false
17f65fbafcd09d57,true
4ec0c927046bbf89,false
12af26810b13175c,false
250d16185d331709,false
4f3d9807b6b6d221,false
7faf8aa737ffbdf4,false
c5dd1dfdcbeb2a05,true
040ec455080481ed,false
4520eba298510c37,false
3bc1eb8f7217408f,false
2cc4e7ffb51de7ef,false
2692cc89887e119f,true
693bd2ad723481fd,false
4f872607c0d7e1ea,true
769dde89633b86ee,false
8d351d13fcba8dc6,false
6324d1726993e412,false
7a98e198c9f6e703,false
f146ac993fc02c3a,false
a67f1660b5687c48,false
3eb279088a50a28e,false
b7924c6615a795d1,false
e2706aafbcda8be4,false
4133601ab809ab7e,false
dd471015d169c18f,false
f3301b36e7ad62a3,false
01f0202493f9f475,true
2fad18633db417a2,false
42dae8047115138b,false
8442ce84171bf5ab,true
53736ac97ed250fd,false
03645112439b6b51,false
4e33ee1be5b3f382,false
3ad2346c75cc2e73,false
92b3a4524e2b329b,false
1b93882131496ffe,false
2e96a76fd78266af,false
1a05bc4c9a579d5a,false
285fc1e1fe9d96a3,false
0349ea2198cefd8f,false
42bd14bfe33ffefa,true
5d59165afff706fe,false
71b799f0dd370f79,false
068ac40caf7d01d4,false
723bf685d1e2f49d,false
364c6d46eef18bc8,false
b5544bb85c59c66d,false
c7073f401bb7f562,false
2b6397a75e63bdb9,false
539d72c371459343,false
37ad38b286d53065,false
d146c43a628e7946,false
45fca3792d541c6f,false
f0f6cd88fdb0c7b2,false
d5905b944d074dff,true
da63f377ec5b70d4,false
5b35a6df1277c4f2,false
3de99ba0d22b3c00,false
6fec482dff8a4ac7,false
7ec8e67e55959bd9,true
8e9342b1744c8cda,false
3267a9986e800ebf,false
a6a5ca1b091067c6,false
1b3f3c95a90cc547,false
1aaca366b3da8b37,false
3bae75b0e7e31e07,false
6968e38df65b0ab2,false
26ede03eab8af526,false
1a99a07d1f53144f,false
2d53b8a105423a72,false
4c47ed9527f9c067,false
682b790bce9a4af0,false
474546ccc6f81703,false
3dd7a401607d8fb1,false
2ed12ce83eb91a0e,false
59cf0d0b319d0733,false
172a319f722dccf6,false
7a43a0e33085c66f,false
7aab4859fa47c21f,false
78da9199ba5c9d9f,false
368a6f6efa3d6956,false
3f00b2d7bcb82047,false
1c2ec6856d85172f,false
1fc49f3b427a4c46,false
741eb41cba228b4e,false
35aca4b08d966439,false
35d7386ec949bf96,false
7a39e654cbc182b0,false
4bb0f0575bc49719,false
16dd694f36d3d840,false
3ed9744bf4e7967c,false
4d394bed61fc3f76,false
7a6bc1d1d0621c6d,false
036afaba8585aa56,false
1475a7078a856d76,false
0f7279afef45a861,true
89e77955a5bf222f,false
225ae9783a07930c,true
487afc4af7f03167,false
729440dee5ec6c9a,true
28787da377abfe68,false
0281f2618a92fc3a,false
36953f956741bdbe,false
4a840a426b96193c,false
422cd0db2c1f1832,false
5fa4f036c89e725e,false
480b0f20bd0af024,false
464176fd3b01130c,false
c0ee142aeed89845,false
7b0882ee0c69dfe8,false
3283aaac89c54409,false
5bca6a96418ee24c,false
a9bcc32f36e3f1e1,true
cce892182ea5d4ea,false
b81d499d95535c78,true
8268d32d3306f38b,false
4bda41964de7de37,false
5042cdd43cb53066,false
69a7525bd5e81123,false
3e6b614babdfc5f1,false
3d2d3ae8d0f8bd9e,false
5f16e4e9cffef56d,false
7930574eeab09265,false
1e5e17ae28285ffa,false
647b8e0be95ceb9f,false
5621d3e01b647c0c,false
68ec2473a780763b,false
5057ba615059863a,false
75ab0c52d32b70ae,false
5902ae0d423eee27,false
b82eda4737d75ba5,false
7fae9d267c3e6d77,false
3ad5abd15ba914a1,false
2a3e4c22b235a924,false
f48beb5ebdfa7f9c,false
52f3fe3b2fec0da4,false
63f66ddc3d087ffa,false
64f83197edd152a9,false
2bcc306926a078bf,false
3f40b0b6c820f61a,false
cf118c527a43d01b,false
87c9d30738de869f,true
14733afac6768542,false
6945f8a91d3b1157,false
13946357e8d810e7,false
77dd5df7dcca48ee,false
b711e72d4eaee1f5,true
4555330023ad6800,false
114c206157533dbe,false
ccf0f97101bfb995,true
3ae8abf75b7ad8f5,false
04e8c2ce06377060,false
1785f17805b06837,false
39a793fd9a834e38,false
1538316efa21ab5a,false
44cbb70ee355ec58,false
7305183e8960a5f4,false
236ee0bb78ca25f7,true
3a41c1551da486fd,false
67ad8c47d4b3d09e,false
21cd25e4b5ba6bf5,false
64a6747ef058c0e2,false
d8085ae663959235,true
951b31c0823d7fad,false
0b18391938b3ec48,false
3e8df08f399e287d,false
4591de1edfbd5915,false
30663b3fd17483c9,true
d592e6bc53138967,true
467875b8c90876c0,false
2c26e5edf7186b48,false
3175595e83a97f5b,false
7f584e5168a1dc02,false
0780756fc564cbd7,false
15ed6549b7327aa0,false
2e15edd0adda41c7,false
21d49c3a7217057d,false
2764973b8bdd1138,false
60de786b6b9f672e,false
6b2ad8eb536b8caa,false
e1686da6def45a23,true
2e4ee6e218483135,false
2f0cd6175b65f02c,false
1463419810fa49a0,false
4c04bf72da3045cc,false
1dbebe59d5f014fe,false
6157b176339a1126,false
896251274aed8186,true
595c8179d6bd2056,false
0b507ad38db8ecc6,false
3fcf6fa821f34291,false
76dcdd734530872e,false
ce7d5bfb8a0d71ac,false
51600d4dd0953031,false
53e6acbb43a33c30,false
06286973e792b63e,false
3e46e8d56dd0b7a0,false
046b48ce33c84947,false
1077398ab91b715c,false
5c2615d94843bb18,false
a21a9af2a5383bd0,false
0b14c555bce7ec56,false
7ba479e2d1cc7f0e,false
5eff82aece13f066,false
84dc5e2f083563d4,false
4198fd178c28fd72,false
05f0f43f162f597e,false
4ab9001247c3f7fa,false
43eda38f72026ec4,false
65cf6164ab00cefe,false
fa0f31a135a09edc,false
7472ebdc73c30e3a,false
58744a07068351e5,false
aebfb7a22f74637e,false
5d7e6a9aa5e94fd8,false
3b0fe5aa9b4e4d81,false
1c9bda8128b4776c,false
44edf4f72026448f,false
473bf6ba6ab71bdd,false
45dfe22367462ccf,false
44da9eb43553a533,false
94e8270244c3cd44,false
edacfd6003afa0a2,false
1086683a2f89f5b4,false
207f70be720edc88,true
22823bb9aecad879,false
e7a7711439cec89d,false
7a25b71d6e87656d,false
3334486a612bbeba,false
08ebbb70de174cf8,false
3c3cd4f8df08dd93,false
7d0935e3af694c84,false
7347353534c9337e,false
9b870fc9f97f284a,false
0c03ededf315cd15,false
316540c67f1b170c,false
264c6101c6df2bdf,false
441b38b4263fd6e4,false
2af6940cbc962126,false
4869b50757e01bfd,true
46ecc9530a242b2e,false
86321b33d2d953ed,false
193dd0e97d9e4b78,false
4888b47fad2f2dda,false
9667fd0cb39f9aae,true
4218648d84e84945,false
51e1f65951c3f85f,false
2193fa4ff0e87c51,false
1225b6ee0b5a382d,true
24b65c40c0e675f7,false
058781462df99e36,true
9e5934d7dbe45dfd,false
507094b1b439132c,false
0d3323db35d0df41,false
4d51a1a9ab9d36a2,false
3194811e4ae4ee64,false
399da06038f17ee1,false
781fe1d45fca46a8,false
da92c15b1a4f1286,false
e2fb710de27ead49,true
73a482f202d6bb5b,false
63840d4ab399018f,false
7817de5680855e09,false
2aa7320c82ab8b5d,false
9a5b206019593aab,false
2cff992124c5238d,false
68c543fa2369e3e6,false
37a735627210cac8,false
29f2514be10f281c,false
3eafa8f336231945,false
105c6a25dfff9040,false
5208e3ce9a6a80d6,false
fed1ea2a186d61ef,true
7d919c6fc978cf68,false
2bee15bcd374258c,false
323359572c540b7c,false
dca89b55b01b0b69,false
3b8138ee1d08bb54,true
41c64f6692fd3fa7,false
1882a51852d70a2e,false
735e48d49b952fcd,false
4745a8cdf32924e0,false
3ef29b909fa374ec,false
2bec1e9cc3f51045,false
4f86ee135981a000,false
61bc53c754219f07,false
5f41fdf0f87b9ec6,false
38947fc0342fd7a3,false
6b71607591b9dca2,false
1e3ff9767e5863cd,false
fbadba5f443b0b80,false
7303dd2339538cc3,false
385a7caf5b97ac7c,false
439f1f195a8acfc6,false
62d7607017fab755,false
c5ef96556534d0be,false
6510f849ceaf6508,false
efeddbcaf73f7d0e,false
3635d33cef6cf166,false
225310e7a0c366be,false
4603a6aa7fbbba17,false
30cbd997da7d8e34,false
18767a7498e9227e,true
045b96e13d345066,false
74cb54b3ce87595a,false
2d40c2ea898a3135,false
72585ff998767041,false
bb8cfaf487ee2ba9,true
1ad12505dfd513f3,false
8a61d7a98e2cc9c0,false
7e7b197775a76072,false
73f1f9b5b86e8f0d,false
40b6d874a8a5660c,false
76459120e22e40e6,false
302ddf24e4251323,true
43fa1ef35a3b51b2,false
4efa56fdc803858b,false
5349a60bbcc36f77,false
0c2a469fdf1825ef,true
054db217458de1ff,false
4538a839baad7490,false
7e87788005102e3a,false
6f18dde36626b243,false
e0126ab335b44059,false
4a1edadf98124db1,false
00dad2faddd58d30,false
7e80f0acbb7e6b83,false
07156934a65e8f50,false
1e051414f9cd90a7,false
73c2196aee1cf9aa,false
4ba642b0c59aa4cf,false
4339f527ebce6995,false
230ae9081cae7a9f,false
71a66b7102234dc8,false
1c65b0cf64b510d9,false
bf33c478699e3911,false
24cc8a78c025b99f,false
7396d67a7183f14c,true
5f5a3e2ec5096589,false
527863a07fffe521,false
46026f3330fa3779,false
41c3067f58e0f441,false
9a5cfa0d6d5db230,false
689fb92aa00da448,false
2b97544122d5a369,false
381a9c7f53e8c3ef,false
4ee50b7388b31d0c,true
2087469de2602028,false
73f4233b5629fad7,false
4dabae6bb9a785cb,false
73929ab8eb09c69b,false
53c28c126f9cf84f,false
15d926ca20db25a9,false
708e1e4dd9820bbe,false
25ab8923d54767b5,false
5c46ebb9bbafba06,false
0ebeab1e7442824f,false
dcd545891b6e4cde,false
1827d5b8f2b559b7,false
38c912f8f9a42763,false
7576d13cfbacf36c,false
f58991421cc62624,true
0195c782db897ac3,true
7974d14b8960e125,true
992abecd6aa73ec6,false
406766e9153a5e1b,false
3c72452c0ac1f03c,false
6a861bc6c3ef99a5,false
4cd3d207fba9c9ba,false
48dae5f2ee276c8a,false
31e610bef933a460,false
a2b057b4f7733f26,true
31b21f4becce26db,true
4457f03681cbca1d,false
084a5ba83535a99c,false
c80c5db698424c6c,true
fb78df97f4d7d03f,false
64bc303db69c6041,false
bb03304e54888694,false
733cf8bd378e5304,false
294f51f959f76164,false
6fc2162b2d584ee1,false
0d61a187f8f0988b,true
efe25fc54e76523a,false
7902e5e77aed8f9a,false
b14094cc128d8a8f,true
4ff137268d4584d8,false
5a703bb50b29d465,true
090463b3c59099ba,false
7992798773645bf7,false
5ea74523b150c789,false
7122f2ec670a5858,false
e1a8dc826176b960,false
1048cb722be37721,false
275c54cdf58fa6c8,false
4d1e92c47f813edf,true
3a7ebbba9704a34e,false
54c678ebda70dfc9,false
08fb9e7657dd3d90,false
259ac9bfd05d40f3,false
670dfb55751ad3ae,false
66a392d349b92144,false
4597ea8f47e2fcaa,false
0e0c981e0a4ce9c9,false
1b19f1ad9e76c1ad,false
011cd97b1bb01846,false
1122db881398243b,false
5b83065ee34a084c,false
699fd263a288a784,false
38be978eb8bbd23f,true
4072a190e34725f3,false
de8dd55f0aa83941,false
3b90ce56a0512082,false
add32b9722599cd9,true
334f9b87a48956bb,false
732ff53c11271ecc,false
7bf91938e8b071b4,false
1d40d0a9dfd3182a,false
45060770fbb32a58,false
782f602a9ea3d63f,false
39d5d922f5fc6176,false
4904f641391176c1,false
2fff01ac510af11d,false
31e377262cd8b431,false
3c605364e4662448,false
791ad2954e1a6008,false
a1c2572a079a7829,false
6a1c26211274322c,false
7d14b628672ff5a6,false
72c2bb1db1efea01,false
4cdcf8fdc5815c78,false
266d564138449c83,false
85bdf67315df66af,true
58b1e5b9da1cbd96,false
e173393faa920486,false
178ac2774c83777a,false
cea4084bdb6a21dc,false
00c3179368493359,false
173194a40bca2fb8,false
500c779933802d9d,false
324cfd88b034d178,false
931d8b66c9d270f3,false
64138cd46d00a5fc,false
4028c9f1d9f6d62b,false
2c36f4ce3f86e896,true
2a323d333c04349d,false
92ffc75709ae025e,false
4e8b0f4cd5ef7c91,false
849f02d9b01ddde0,false
16020fef46b794b1,false
21db9716919f846e,false
ea1ff070a9e08f7a,false
382da3735103ebe9,false
69a155299ba8e6c0,true
16747d080c598a20,true
77d59d9248ea8a9d,false
46c7176a76c97fa6,false
47950c7e82e321e9,false
030a15658336e5fd,false
3df85e76a029bf9c,false
7dda3d8b5d22264f,false
61184ee8cbdc3944,false
7e6d5846c9c23d1c,false
4b23f82a31342d2f,false
0a0319f04125a6ae,false
52e7f2509ea513a2,false
3bfbd62e724bdb76,false
611113a1bc8fec4f,false
7fae4f6ca39733e4,true
aaf8c6484e480e48,false
a79f2bd2f74f1e2f,true
3712253506ced230,false
eef91adbbf335442,false
4cd4467bf2baaa78,false
e38a383bf8313749,false
08b61162af26ea5e,false
e161d8a5b1882015,false
1942455a725ebd57,false
65162c14615fc2c6,false
6b0dcf1442a3b1e6,false
7dad43f8f2a3acf9,false
9c87031f15dfac9a,true
431b672caa611953,false
7b179118e8e86d4d,false
5c4067b8419a34fe,false
113f592d7d1a5ede,false
3161a264535b7dd8,false
7e16e0b049ed0c91,false
f274511377dbd2da,true
642925b236f96aba,false
ab32cf432a42e646,false
14fbf3bf3e9296b4,false
6ac996e80b810409,true
677ae1de609fd2be,false
a7a421bb202f2922,true
799f63257f0cf703,false
6c01a320e6e641b4,false
0b26b088498c2279,false
35a10af8ad840b9f,false
4741c073a85f4bfc,false
72e63e8da85a621e,false
e40e802b75ff7219,false
167a39047e180799,false
0d16e5e12c7569d0,false
2196ddf639eeb758,false
2180c62d20f172c0,false
59c72d0bc8c7c1b0,false
ef789904f9b7a4c9,true
235f83984df99588,false
45d2ea6f04fce2e8,false
5ed684dfd46d5de1,false
5669d13b9fd4e728,false
35cf4d6d6e74fdf5,false
6045b0190872a912,false
ec19c9021ed3d7b3,false
96470eb5c34dc4da,false
e80fda79da132521,false
5970ca72baee9f43,false
6bc44d4332eb4d54,false
23e6946e3ad89998,false
41f1e2b3c38b7bdf,false
4fe12685e6c9aa19,false
335f536676e70be2,false
3fea62ff699470e3,false
708e9c7d5f32a819,false
583da03dbea25a67,false
566ff0c20b4d0520,false
7c68d465c70eb72a,false
49497404495b9f28,false
6439539230d0a7b6,false
5469dfbd2e60fdd2,false
bf538a8450679922,false
1d78040429324b51,false
7add47532d545990,false
7288905ef2b15ad7,false
98995d4f4b268509,true
993cafdc0737f22d,false
4dbdcc492f0db9dd,false
3edb299b8c44020f,false
0af8cb359549954a,false
154175a490d57ada,false
217f63f33bba667c,false
7257dbafd6aaabdf,false
8ccd45caa123464e,false
7e9005fc136e1fe5,false
11da16db4174cefc,false
07fe01bc954c0c34,true
5b61f5de4d2d52ed,false
9f4f85545227760e,false
3146f5ae18fd68ca,false
5ccbdd14d3ceb703,false
6eaae8278b3052ce,false
7649541ff6251d46,false
8a35e6af344a97ca,false
1b61373b79739cc1,false
47057772212e23d6,false
dab1b189e88d1705,false
afac01776990a6c0,false
291ce9058caf586d,false
2dd8968199c2f3b8,false
fcc728a4a87c643e,false
44285b64f0903911,false
76fecb5100287246,false
8ebfc5ca64a1b4a4,false
12a3e2a68b37398d,false
6e25f9f0e53f7258,false
2e52068678c5f63c,false
3bb5361c09da8925,false
060d7f16bd4fe1e0,false
9b6b5dff529adfac,false
10f36423748447e5,false
163f007b161ffdf1,false
f4d2f6eb26323f97,false
63d2216ab5f3f219,true
10b9184f5c969f2e,false
cc513d765486ff46,true
2c17f2bced9d3476,false
15517e2a31d4f416,false
51abd6f58252b22f,false
5723de6b72f7aa82,false
9d976c9e34717b6b,true
33b15d989227b4d0,false
3d9f095469aec446,true
70201f57eee78019,false
1934ac909589ddc5,true
2093c2bae6410658,false
1bac8f76ce92d11d,false
d8ed878cf61fa661,true
521a4bd3f15496f9,false
6b65f92630316eb6,false
7f585314c34e8941,false
4cd8c47b3eba1bc3,false
7c231a57ca956d44,false
1fdd6c43edceecc2,false
2d17940d7ee16505,false
9011c127a29770b2,false
05e08f9f85d10ad3,false
4942ee473c06da0e,false
0eb6648c03825703,false
36d2fed7b6f4c3a1,false
2ce869889117f64e,false
50add00c1cad9526,false
4a316f5f5c95d0c7,false
1d02850f45acf6aa,false
4bea03008ab0c381,false
5de00937f45a2f88,false
75939bb6661196c1,false
f50d003284af1c4f,false
add696f0b33ff409,false
086b14d6e06edb80,false
dfa716c14b64c8af,false
125365134a17e3de,true
068afe642b57a284,false
323a57e248d8013f,false
4632010f24e95e6d,false
6d5c401e825a2524,false
da5c18c19c94e9e0,false
551e5a077a05801d,false
1f2b61dac728a0cd,false
2417fb5aff2ac6c2,false
1c7453a873186d2e,false
9e1c0eba10589d82,false
c66348269da87819,false
9772de5c4c5c7e4c,true
3208c59e8ef9ddf0,false
1365ebc5d5aeaff8,false
48f7940ef0694703,false
37373729ad688c7c,false
1aca8c31b6933362,false
3f7e602854c7880b,false
30f2fa649ba90289,false
26b72bdb5d604502,false
666273ca4d41f632,false
137603efbc6ca943,false
4c005db1eff29330,false
340339d424baaa85,false
2704cd435f824295,false
7502068ffd56009e,false
709018748006ab20,false
678cae2e783f70df,false
06a4e274b67dbc8a,false
469979a52d4091a8,false
93f2aff547877540,false
37ebdb88bbb449a2,true
ef4bc957dfdaf30f,false
53ab3fe49ce71b8c,false
3b64d359c9e5f795,false
0d441bda0a8fe7d1,false
6bc06ddd483fe005,false
b957ed62bf949637,false
300519d2e76b2665,false
cb2b9aa89048011a,false
5b31befc90b5d7dd,false
3502018ea1ea9d78,false
b62fc55bc03f77eb,true
517a3b1cb31280d2,false
e9393880b195aaf1,true
697f99937b5ed3fe,false
25d1890911941865,false
644663cf81361971,true
7541c97e3e117810,false
6b40cf0c9db9a808,false
4bb4546b007429b3,false
5db49a3540898bc2,false
00e60874f517befa,false
713ae7f16984a635,false
3cbc84ae4765af78,false
7447b0d4245ed3a0,false
7f895be9cfab04f8,false
3ba7c2ce622a25aa,false
2cc51a5f091fde3a,false
76e786480a27abb8,false
55e3d92b65df1341,false
03f7b8cd97cf1914,false
091d35923d81aa97,false
5a3c5f7ada422896,false
f2ef291ce2bcae60,false
438f51b9957c867c,false
2cf468ff3de72a73,false
3e423790016cd6b3,false
5febd0cbff537500,false
4370cddad363f480,false
17be0b6a36576e6a,false
2607b76835bfcc1a,true
75c072a7f100cbb2,false
5c6c30fe33ffadbf,false
5efa546da4841463,false
86bc537f956e3aa4,false
81f64f02471658aa,true
7d1558a96b1b55b4,false
25b428a45dcda88f,false
3f961d54aa5eb0d2,true
7f31393141fbe6ec,false
f4df2992784fd225,false
514ae77ad48ad360,false
7ce10233ada611d1,false
2bed9e12ecc7a7ac,false
379429d286e3c7f5,false
25b15ae51b9f2066,false
0182bd2e28be9a4a,false
690f10e9206af400,false
6e6f6ee3f1f49f05,false
31a7525b186f32d6,false
4cf6f7593d996623,false
68167c3f651275df,false
05add03a439afd26,false
2638460c2ff98bb4,false
2a2dfb398ec0077e,false
7b4512d073243f52,false
6024f3f9b7a35f37,false
062f8d91c1d576d7,false
0026728309cfc1d9,false
be01d0158508a817,true
707b4d18f86d6e7d,false
1376bed72e75ba32,false
238eb38c2e2324f9,false
4e6e7975d0025115,false
a1b457516ac624b9,false
2efa2d71726f3b42,false
36da3586a959bc56,false
14b54138fb586312,false
875b5c992ea2a72b,false
31b5a1b0ded0c3cf,false
b55fbd41f985e2db,false
3455067f5b1a9d74,false
7a3c9a43b4017ea2,false
7ee630951223b9bf,false
455ffccf9199e5cf,false
eced666253134e50,false
34c4cad7faf6be2b,false
1ca34a4e9c3367e4,false
7e531ee03eda6750,false
5c7c579e7217a244,false
65ac60625ca70325,false
0c4a80c22b5608f7,false
650a4deeea8123ef,false
6e906ee9845f902c,false
2b31420f9c536ff9,false
58694c0475b01574,false
1a6b071fb5feef26,false
15e94589941e56ed,false
47ea30cb31d833b2,false
4a1dcb75f6017ea0,false
5d606e220348c86f,false
497cfb97d3437b28,false
53ea93149aa40f51,true
1a65c43d1e0028c6,false
2f8d119d6ea96645,false
1ec474ea9006bd1a,false
4814bb7d60a96cf9,false
668a912bc6ec6ebb,false
4ebd512534c3e278,false
854714e2e2799fb9,false
10d0f616a78dc4f8,false
1b9daf506b8f2c10,false
7ef907863525b281,false
58aa9b7c2be15770,false
504b3822f0c52d21,false
086136b9f0429109,false
7491fb09f850235d,false
0936b16ed3587704,false
2bc1d534a94b3603,false
4fa336bea3213b6e,false
797f40b2190e1360,false
0cc9d91debfe5539,true
ba0be67bcab10369,false
7fb1c02f2ca1e8a2,false
5668a5c0e7bcf956,true
d37760c73b0828a1,false
4c06e7c52fae723c,false
b25b28ea1ecd3dcf,false
7444e87a60ccbbfa,false
a555ecb5e99682c3,false
690af36c52f09fbe,false
6ee95b5efb8c8b05,false
7b3dea7718ead440,false
853df1eef269936c,true
12dd75afcaa2518e,false
b6925fde2e87ee5e,true
b5d26f6a132c099e,false
0374f2cdaa0d04a5,false
763ac8cca9eb0c67,false
e3f7d315de550561,false
449df07a0b665dfd,false
92419aaf308f67d4,true
fef52ce997229db5,false
c4ae336214d15b18,false
3f4b681aa040112f,false
76d4f4feaa0c7224,false
c0113bba51a41e46,false
5c24b46a63f9a416,false
3789066b2cdb45d5,false
16f8a4c7ab376a17,false
87cfb5cb51d18b32,false
74d3106be6796d14,false
739be0b78908dba3,false
b14356be128e37bf,false
478e665a3a2e1d2e,false
0b10f6e50fc2ec47,false
29aee94366fd0643,false
bda6bfde12f64f4c,true
370b6db658d91078,false
2021e5bd7ebf8b3c,false
2c4a82562f48f86a,false
6b62f7f1ccd1e2ea,false
9a4e30d05ed85208,false
098014c6a5747269,false
56e5651f74a7eb6a,false
59113e6d0d907b45,false
a19cbcefebeee5d9,true
09dc8906a7d727c4,false
dce9b18ae10c28e1,false
7e2cf57637902eef,false
b6288b97c5504e81,true
1f595dfa3e6341e0,false
4461778702a8ca8e,false
38553012584f3bf0,false
70e758e0d26c75f8,false
3aa507661864559e,false
5009a865269d04e1,false
d8d0ce9edaf1c8e8,false
33a79d02f2c31954,false
30196bdc090837ea,false
f99f810a75debd2f,false
7edc8728c33c17d1,false
4b1c074fd4df7cd5,false
6dc386c9ee4531a6,false
7bb508a433598a31,false
7b0843aa6fad2dd1,false
6575fe120e8c4930,false
92a3b202f8160d45,false
9d0b52d1e44a37f8,false
1f5b4c218014de99,false
7024ec2c19d5c9b7,false
6583dd7fbfb46fc0,true
78934982ef314207,false
4a42fbe85f0dbbf6,true
28d69bff8d5ccd67,false
5933eb57f0cef060,false
b444921367916f19,false
3d0631ce8e707ea7,false
296317cfaef69220,false
3d7514b010009325,false
63992c2d963ce0cb,false
4ec4de6e390dc041,false
90c9cce6add7fbd7,false
67c8eda8d133adc1,false
498a70485d347fc0,false
0aa9316b4b6216a2,false
4063a9880be0dc23,false
3ea4714c1807323e,false
6765d73caa79569e,false
249602d2a8dc0427,false
0248fa14645dfe07,false
34989e360d6fa183,false
7d2a931a789d2e8b,true
7820715ecd2b73f5,false
6f4c605afeb82588,false
1fd724f14a2e3ecd,false
724a70c4bc6b54e5,false
74fb968ffc75908a,true
9de3f899d59f80e3,false
bfd70d78b6563dff,true
2610a7a3e699afaf,false
62f2c242b2fbf09a,false
5bb9e8b2ac906cc3,false
652d474b0399eab9,false
32b6eac76e264065,true
425f4466239c9a91,false
0ef5a2fdd2111d57,false
674c8fe6ae0e2bee,false
3e57b30bebe574a9,false
6ac4137d2d437255,false
46d7f8cb57776df5,false
003e5d8984472469,false
2e96157f44e8854a,false
f2228df60883219f,false
3a1f21838903499a,false
180ee4b374cb733a,false
35f16da533e271a2,false
f446c6a7fcb2bd86,false
2da2570852a48671,false
06c4dcccc9d75076,false
58b3c506e9031047,false
eadf86ec52447c7c,false
4f570248be42a8a2,false
e368360ab1fa2ab5,false
5a2ef731a11039c8,false
4752008b2d28bb9b,false
3eb8e27d24a87aed,false
2560f3a7c1b7d2f5,false
4ab9b6cecdf8d995,false
833abf3906bb5be9,true
047e8401478740fb,false
0d784becd188679e,false
741528bb63662bf3,false
4511cbff1e0de6f1,false
710fc5fa92fd9af2,false
6134b07df09fb6d5,false
454ae41a92e0c3b2,false
4772f8b261c13ac8,false
41f058bad315aff9,false
77f834b9b31cf304,false
3969b8eeba86ba82,false
32cf9e33c5c7bcf3,false
6bab244492770073,false
36a28b451d2b0e4c,false
1a79595b34c376b4,true
624f058736f5dd76,false
5fefeaeed6acde4f,false
645c46c7f95ae076,true
5972885e122aebdf,false
38b3ee6788486bc5,false
1f347204e1f0a91c,false
224be36b90b36375,false
a4c3841c21113934,false
d6d69096cb4e9411,true
2ad908a2e4a10f27,false
3d5389a8ab74b8fe,false
2761455e7ab28918,true
5a1647a38e1d2ab9,false
54eb1c6e89ec66a1,false
b3fa2482de8ded4f,false
5d22e28c98e46dd8,false
466c726a9207c379,false
538e66bc8c6365ac,false
0e5ff40ebc986539,false
11f50c137ff2d15b,false
58b8a6d616bdedf1,false
5ea2cb6daf457b82,false
5c4ae63b9f4c3409,false
193c13827f7f3738,false
b94a8dd401cbd7f3,false
379dd6ca44d100b5,false
112a1a1dc08bcf4d,false
27948300f2ba153f,false
2b06f71a5e74ba55,false
718923c1022b8d66,false
523325c737ff71b8,false
66f0b688c5d3aeda,false
3b0ccd460d1b9b76,false
a38957688b90d01d,false
0510412101ef0e39,true
06163afda8b5a087,false
43679683cb8aa441,false
3814201ffb4f9f6c,false
7dce021be3622654,false
77a9037c75061710,false
deaa83aaf292e417,false
5d75e4a968a6df5b,false
5c9a0338f008b921,false
0d39695bb590ef82,false
456cd9f35c605d4d,false
1883df0ad80fd886,false
7d8bac9f2731a9cc,false
66ebeffccd41aefe,false
4a6cd5eca7b04fc6,false
6d7c65bf96933a9d,false
9ce7c1373a390bca,false
09b8b6d9a024934f,false
086a1a3a290e44de,false
44b0ce6a2950248a,false
24216d2961ec3872,true
2b29f1724b7e3a7f,false
f786aeb951ed808c,false
110c38a770367805,false
4def02bacfae5a64,false
de57ba7915686f55,false
b120af7be0376e15,false
373ab6d37b931fac,false
3cd6cd35ec0f7477,false
7643f92ce2642644,false
0bcbb45565530204,false
79287f36b2a73995,false
6ce24d0830737780,false
45ab22cb1a646d41,false
4c131cf76545f516,false
392f49041409d615,false
45eb0662a187eff3,false
72a253fe305654db,false
7580560d9ae3816f,false
50ead23a44716a20,false
45ceefb382c7ab25,false
de055466e4de08b6,false
361c9213e2d4ff6f,false
22de8b768d7f79e6,false
45626902d762c7b4,false
29dce341411db886,false
6432dadf38355b4a,false
68c22f7c355f86d5,false
3c2a6838d73bceb8,false
0c6e2e977f23659e,false
9764f420f14252a8,false
2241d974ed239ffd,false
131a575013c24655,false
d758d82177751a8f,false
4c6a8cceeb3b7809,false
5badee98819c2378,false
9d4b613972c3d50a,true
d64948189bad2e60,false
1aef2f38d6c3beab,false
513a7bd8e5c28f6e,false
44e401de05471264,false
882a4c81eb62b2df,false
b5f11509901f0261,false
af438b010e9388eb,false
1ab54d96f9e2e3b7,false
de41a70384c2e955,true
42b9a6004d946599,false
1120d0e911a79f47,false
6bcbfc5f1829d844,false
1f348289420abbef,false
4c76d6bbc01734ea,false
30b4f2b7e53cbe7c,false
058bf68174673877,false
2609c345457e4759,false
70ce95f99759d8a7,false
3c53cf334ccd5dbc,false
5cbd96fe094062de,false
07870afc7b5957f2,false
b6807674dec98490,false
1300315b6ee34788,false
3590cc7d9412f812,false
1e860742bf7fd4c8,false
07e7e3e1c708f616,false
1fcc6d53c336acfa,false
73f3c1d8dfff5765,false
451391288f898616,true
440489a7a5eaedd9,false
6af9d2af3a774236,false
8c0cacd328fb2be8,false
49f3d562987538f5,false
68cbaf1676394179,false
3148f3a1f0aeaa1d,false
999ecc426b454d56,false
259537bc1692d6c2,false
1a7d55cdcd43b0bc,false
6025385d306d392e,false
4af95a7cb25fbdb2,false
49fcab80b7d6b682,false
3c687c5078c76c1a,false
73b10bafbb660284,false
a8ee38a4afae293c,false
f0d174b96d936f8d,false
aed98f38509578d1,false
f13d1fd8871e68ed,false
633cbb98861b96e8,false
57977334dd23faaf,false
79dae39a47d67e48,false
189006b8e71de7ac,true
f428e174e7c23b4a,false
462802d41de977cf,false
8fe6fe6720b017cf,true
7b9cb33961f13728,false
6895983619d361d1,false
5a1638aaf0cc8c26,false
4f88e5d11fb65e1c,false
c308d9b55bbfcd06,true
0051a18caa82bfef,false
98da0e68e7a0e303,false
6edf6705af5175a3,false
25b541e1d542afb9,false
e06a6fb9a60aabe2,true
e9b3422f1b952d57,true
046efc3cef5c5a70,false
bca97f14919b3c4a,false
4e1184c75087010d,false
0f1e58e64c38266b,false
6d1516c8e339198d,false
91181dcba19dec48,false
0041c7853b4f1792,false
a3b9555efe322c62,false
78f0693aaa08a8bb,false
774b50172090ebb1,false
2616f20b9c141629,false
23416e9f673fd37e,false
26a9c0954ec80337,false
06c73830d1dc1762,false
64164ac32e38873f,false
e0c8f9ba78669869,false
5113cfb635320779,false
250002037348e514,false
43992eac937f2714,false
46dd3bafee9db4df,false
0f486a4e201a3a23,false
30757e1c32c43a72,false
4d5c31be24bbb1d0,false
74e3e1c2a1ca1538,false
1cacc5433663465d,false
6b5362260c21a4e5,false
d8ef3896d2bde43f,false
1f0976a5d8c36f9f,false
3e13a176e6fc11f3,false
1e663a1fd4ee20aa,false
6a95deb1e554b148,false
529f84feed013b0c,false
bdbfa3d7af69c512,false
892c2887f3d51567,false
4f479e40b91b155b,false
095fc4c203d88779,false
74aa679317eff31d,false
9b1b7591642bd671,false
a61857e276c7805b,false
18f8d0f3d6f60f5a,false
37336e801616b28c,false
ad75764c66502f7c,false
4ae4a634f4909f1d,false
562008082530bd23,false
4ca6f0a68064b1d2,false
a7964148e0885061,false
2afc27e33f77faf4,true
78a103f4fe54a0a7,false
c660f0378db22f9a,true
563631cd8d0e77e0,true
7e8a217a1b71b137,false
f7250a612c8f4e1d,false
8e9e438e1b3137e5,false
3c08fb84d59d71c4,false
0b0e0f43ffc0db1e,false
1e2de0e506fd786e,false
79eb738f06b3d2fb,false
29c80bd16a6a0704,false
64a154d4cd8a4a6b,false
0b3d61736ba609b5,false
9cf95cc5a3a68112,false
7718b1d2959aa654,false
725d4686b7a1e59e,false
219f5e5d4bc5a9d9,false
1e19cd8a4c456966,false
7d41bfd1a44df898,false
327c10304aa658bf,false
2edd2154bf16c89a,false
78d4e45eb59cfd42,false
467b79abba2edde4,false
9cf5640b28db1a26,false
1118ab899be03474,false
ed3e75a29a8786e8,false
ec227d4fb0d47ddd,true
1fede09bfcb54f19,false
026d8b4916191a0e,false
7f7fc696790d0c0d,true
1e7f60af4558dc1b,true
4a9c565e684d028a,true
7623a8adcf794524,false
1ad597ea5b15b002,false
54e9c846994bc79d,false
5ed1e75a1fe66df7,false
f5560a36ad8a598c,false
5fdb8da2302479c9,false
1c4d391dd4da8114,false
2d36a82a0b8b0b70,false
be0b2ac6331cc513,false
9c07669a4c2a4e60,false
23f3dd483000c8c7,false
5a30bd35efeaa589,false
1341de7f08fd56b7,false
03ffc2c50bbbe88f,false
f33d7d75095ccfaf,false
33558644e2571460,false
e26990de74089331,false
fc1af731a7411e2b,false
6b5ba7fdcee0c8c8,false
309f612fc0d39eab,false
4cbcadf1920afc4f,true
3aa03794e34cb454,false
3dd7445e487c1703,false
5ae4be19d3708ed3,false
71ba5c17bf1d1eee,false
778f646b25e7fde8,false
37f62fcdbabcfce4,false
3d606bf1fde3b28c,false
4c2ae03b1bf25d0c,false
59ccb3b87035be22,false
339901b681b6f11f,false
5034182dbe55fa24,false
68022b8d616fd5d7,true
063752b28c41bb4d,false
4e238a538ef1d77c,false
6db706f34a95ee31,false
7d73f45c7dc94015,false
5483a27485580969,false
1257a876c6241c8c,false
031f5fe188e76c2c,false
225ee38ba936e683,false
356d617bcecdf7f7,false
5d488282a5d86576,false
5a5fde59cb984079,false
0c3dd411a3addf5e,true
18fd8406b7e79021,false
7f185225d227364b,false
cb0ca501353fae8d,false
7f2bc66fec146b2d,false
0276c51c37bc9ff1,false
023ddb52a1a6a23a,false
020eef0c3d8d217d,false
3ad55df689fdd47e,false
7f4c6efab63ffbac,false
2ad9815f4063850d,false
671d0929355227c3,true
4082d91400a26855,false
32eb7c5a6b39fb6f,true
7697f330ec6cf93b,true
aba6fdc67820b657,false
acc886dc20e5440c,false
74e3c3bbd10e0647,false
5f561279f232678a,false
0cf7b347ab6aa7de,false
1c4690cdda10f839,false
10a80e91589e5b5a,false
52e22078da67a69a,false
11e10dd25e23e2b2,false
1997f3da8fbe4a21,false
e91751fdf3a938e9,false
57490856593da094,false
7efc5bc83298583f,false
5cb163c5601d1f47,false
70f6bcdb7a9b011d,false
1c7642ad63c3b534,false
5b059a58dc4cc4ff,false
63a38d95ce9cf678,false
a558292eaff94a4a,true
0b8a78c229b92279,false
fea8830882d21b0a,true
22a88c2f431601c1,false
530d9724631132f0,false
569ba9b77f44e3e2,false
574df3ffcd34fcbb,false
5fbc44c3a8b3371e,false
74d39523fbe68924,false
506dff7bec18bc4b,true
6b96dc6ba380349f,false
3120d46abf764f65,false
71edaddaec3afdfa,true
64a65713faac58d2,true
45d7b1cbfa026d5d,false
7ea6b1cad87fbceb,false
c0445b91dadde70b,true
703a4c73aa18964c,false
5a4af7fe7f815e0d,false
6dead14c89219014,false
5c16ec66258ebcb8,false
04eed9231d2130a1,true
75e65cbc77039554,false
04a7078f5e518aa3,false
2763a96c1b6f704a,false
66768c862a1c9767,false
4cf44d61689cca83,false
58f4c928e52d3dc4,false
426af3157ade5793,false
37e55afa45162ed7,false
a76a60a57a8a8ee4,false
83a7b7d9bc9d9003,true
e6b74a35a33f1bd1,false
5aaef7b4a4081c53,false
f1c1db33f92236b6,false
259915eb2cd433f8,true
4436dec9cecac1a2,false
65c13667fc9aa478,false
ca53edfacd2251f8,true
b39ff6982dcc07e2,false
2ecbe33d79a07ac0,false
1610328d716548f6,false
453703f89c8287a5,false
bd7fcdcbb87d3e07,false
2c2d509bcb90877e,false
10ff6e58764c6b62,false
0e0fbd7e15d77cdf,false
9b4540ecc92f1781,false
0b3b2142ef56e63a,false
05463a302d0b9d31,false
f40e1b5b1e628c9a,false
40955365e42fe593,true
192b7bde16dafd76,false
33954bd25baaa459,false
67f1e4a1adca685e,false
44682bdea711a972,true
61d5290207c578cf,false
3e04a8f34fb3e2c4,false
2d8b3fd344539427,false
cd7f96cc5827a156,true
37c76c7ab70c1ffa,false
d1c29dbc8f8d8d4d,true
7783733cf9678289,false
09f98b8d8c9f57af,false
781155709f36f01e,false
33b150488084550a,false
c5801ccaca3eac1f,true
73487588a10f9e16,false
58f5235d8063c426,false
53ed45ba6d20afc5,false
08a3ba74486e6404,false
63c9b1ef4224343e,false
61fce7db3dc2eaa2,false
725d5cfad374bcd1,false
65f01ff6f86a51dc,false
3c8792406d65db88,false
648064c1d810a674,false
55186b713eaaa23d,false
476973ff306064db,false
2f1f27f2214ce924,false
7b7fc741ec1483a0,false
291fe253c52fa966,false
d62a15f82dabb904,false
02cccca028efab07,false
4c0a5c44a6cd12db,false
5ab3e330b2e90a90,false
eaa1de9d06f8c336,true
3d0dd56ab3185dca,false
1f3bd7502eb5adc0,false
b6f73d89e3e83a5b,false
8f20a657bc0ed929,true
9e463a138b0cdc2f,true
320f45df8cc8d32d,false
7bdfed2b3b9d2fa9,false
018cdfa26ddc598b,false
0d61fc66fc17ec47,false
617cc9c87f2d8c62,false
3256ecead7785d1b,false
a0455a891b94afa5,false
6cce04c0c79bfad8,false
91aff0149bbe8d95,true
3451f066df3e9a0e,false
3226155afc4d151d,false
984b035f0ede4264,false
4a043ddb720013b7,false
7a776c662f4f9997,false
66a13beacfa28658,false
f14112e73df6c1d7,false
41cf4934f784c88b,true
8956aca38be96575,false
5f6a4ef6e70c90f7,false
716aed03a56d645a,false
5ae1cd1ca3a0331c,false
5320d73ae3a21712,false
0f4884ebbc306bdb,false
7a1f468b1cd605c9,false
0d97c4c2cbc97a9c,false
8ab4afeefa169a5a,false
01a30d19f555ce8c,true
2017ea21c51044d9,false
50a99257d8459873,false
11c123fb56d2e99c,false
1de022e7c1fd09a1,false
3b01cce7d4e8aafd,false
640799ded81fda92,false
4446992c4117d606,false
bd2cbb6a9d1475aa,false
6e71984e61b2ec8e,false
1bedbbc6db33d643,false
625e292c22ab2e83,false
46d7a4dc7ff95618,false
946d2c66e964c499,false
b97eb7811a85bd11,false
6d242766bfb5a60e,false
87efa9e4f3cf6a81,true
301208f9aa81771b,false
6ce11ff0df271f90,false
5396d2d8a96c29bb,false
2f2a3d1ff4a2a981,false
6637390331cf317c,false
32af2c23e35dc13e,false
5353881337e60e02,false
b733f5c9b919873e,false
396636e904b78b6b,false
78a988e40a9b921c,false
e6803c9cc3821e14,true
7791f40bf16ec5a7,false
17eaa4098f736742,false
0598d839d1f6123b,false
1df0c5af9fcd79b6,false
9e385bf2f56fa132,false
d1667830cf883991,false
23fa21a47eb464dd,false
5b18a07db02cac1c,false
7c015d6b2bc2aeeb,false
f8fca15732b2bac7,false
776af54293da2b6c,false
470bdb84d441ed8e,false
7ee2d46550256025,false
6badd7963edbbba5,true
09abdd314bc0ba81,false
992fffaa14cca78c,true
8f15cdac13a863f2,true
6e53dee39c811dfd,false
3e66c6fb0808f592,false
6a8d5c1fdfea795a,true
29637f06e5820373,false
4aabb28790baa2a9,false
4ee4f3e46f7cbb02,false
03a46f9d953d08eb,false
dc11558063a4e050,true
1402ee76d193935d,false
6103be38f23b661d,false
070c1e040a2bed91,false
7484819810d0232b,false
70da07ca14a956d6,false
79da2b95192f819e,false
10e054448aeba3d5,false
20c3b515a85d62d6,false
16048fce40bec00c,false
6bc38776b39d0a0a,false
8edaa53c1127a31d,false
47c533ca1e2ceca5,false
46ac32bea83e0240,false
091bc8b4312079af,false
11246e5407304b96,false
12c60b606a04f599,false
780e342fb50db3fb,false
7d85cecff75050ce,false
94d41bc687d632ca,false
2574d15dac30e498,false
b3fad814f7d89bdf,false
6e14403d2a2fa9ec,true
e27edebe2018b2c7,false
0141e0d782471b7d,false
6f37e212f3d2b77e,false
41cb577e917eb551,false
7af7c7eb499ef0a8,false
026b283b6b1ae704,false
590158b35fc9d458,false
16a327fa8b89f4b6,false
46a913d62aac82a0,false
644d3ca8e1b297ff,false
611e32dfd98b4ae2,false
161e8b98cc45c446,true
1ba105c49edeab41,true
1620cfd40be9a38a,true
e6ae0fede746f870,false
00a3d2c6ac860608,false
88e0cd2a4b2c3121,false
c28e8b5641e09380,false
367a5dbfcac40cb2,false
61c8c7943113a1dc,false
7136afe3ea354b98,false
523330b1833d4727,false
1fad56d345ebe682,false
7a1739ee4abb7c65,false
96d2670c04145db7,true
0f23ac8ab5495d70,false
e138e1f97c710760,false
6d739e747f02e717,true
4d27c03c82c0b52e,false
d9d34cd35d6942d2,false
7d08ad52d72fb159,false
b669765a389f7e95,false
641da6734e938f7a,false
15f47e51317e2a8d,false
b42ce7bd4b58dcf5,false
6844dd6dd859a4f0,false
6952e45e43a2745d,false
55618bbd411df9a5,false
fbcd4023e81174d9,true
15c5a7240be9da44,false
1e7d10a442948eb4,false
03ac9403d6f024c4,false
024c7ca709ef7373,false
5c3070196d121690,false
7fbf7192330b66c0,false
36e4236539bcc59c,false
35f6a3fa4a8d0c01,false
6747cb8a95e946cb,false
53e7732e54a06663,false
02f8eb1c39650c66,false
77958638b598aabc,true
280f9f0d1b16c6f2,false
78f26d8771aa1102,false
9e467a17655af390,true
47e22984c81dd9fa,false
5f2a8987436a3f80,false
450508b8f62ba61e,false
644360b6689dfc1f,false
575cb998f4696a82,false
0ce0788c288f50f3,false
468f02b3ae5f9aef,false
3ae24285de62eac6,true
08b5fb0d0900bede,false
31915b00e666f456,false
415c364c6ea2c534,false
1a6813f29a94440d,false
6c7235bedfb03435,false
70e001616be0a781,false
4f7fd958be23a3d1,false
0dbec9b58ea17fb9,false
383f695c953d4b41,false
16298e00a4c6b125,false
480752918e3f8aa1,false
f6b2ccf3b36e2703,false
4dedbb6880d524d8,false
8fab553c4ae09b39,false
93104607d45e0667,false
0c79b82241907bea,false
610a58c1338b2501,false
e6653b39cf1555db,false
44be3f91b6b39506,true
3d756342e181a87b,true
5a3a5fa1c7b5b7b2,false
326158c60d67df83,false
119c5a22e968a70f,true
64246183135b0e64,false
4e0d986e1dcf300a,false
d45948fa154e494e,false
359ea25833dd6b25,false
1d54e41e0d0c0364,false
4329fec464107031,false
7c7b5fb5b60a6cd9,false
61fcdd544c2a8118,false
d10545d343de3565,false
819f64739c8bf72f,false
a4d302fd1681474c,true
ae93f441e47ae8b9,false
388dbb236fa7f0d9,false
1dd6ff0403431153,false
0f0e9bb23675d970,false
8081935462cf1433,true
6dbb96dd2739b5c8,false
24d1dc900a73e061,false
52ff8ad0cfd2bac1,false
1a36787061aab0f3,false
339b5afc7513458e,false
5b375fbc046a42c7,false
730746f8ecc040db,true
7f4dfc167c368f2d,false
15c5c4dfe20778a7,false
ae5e54fa49ef1bc0,true
772bd5787aaf3664,false
e1124ec23e7ad95d,false
1c081b3b97c76bbc,false
79b600955d3ca90a,false
62f6270908baf133,true
721f8b7459ff5a32,false
b20688266307c774,false
1435991f09586388,false
eb50cbfcb1cd7c70,false
188c8ee05d304a26,false
0a448376d90034b6,false
73796f3faccb7162,false
28d092e383d66dfc,false
8331fa2c9a2308b1,true
5421cc5585d669bb,false
9abd4392bba8cd7d,false
185792be02bc098a,false
7f56d6437b132588,false
714569865719b603,false
0dbaf1b3f520b078,false
a90b7e9a46b99ed1,false
71d2a66cff1bf23a,false
64e48541c02dc66a,false
2b158a9fac8529f4,false
cdeea17a6af68dc2,false
2e5363c42d7cef2a,false
4271bba0f666063a,false
124f794ca5f24fec,false
b05afaf8f0393a62,false
66348038cf245900,false
5dd2ac9e88a261ff,false
746d087db4e085f5,false
34901420fd27a2ae,false
36b6f5dab84dd737,false
12c04c3c84a3ff5c,false
17be7377b03d6f1b,false
2f8e70c8c72b3e53,false
7829eab93f76c61d,false
67eace82629c88fe,false
439970583d31e65b,false
1d11152d1eea950a,true
66a8e357526228ef,false
20ccc093f77ab7be,false
611369224576d5ff,false
29ec0250b52e0465,false
9dd9de84a1159704,false
22ea139ea2f84b1e,false
e75137594005b2b6,false
4083b419fb9fec3f,false
04d7f1a689513548,false
d17ea38dd3740f35,true
38501e90e0d782ef,false
37d262b15f6411e3,false
1966436186e99c33,false
c5de3b8397350bee,false
5db2481e3a482e7c,false
0ac72c7210a8a0e0,false
51cf8f23ab498387,false
1d3b12d403e370a2,false
0cc5e08ae7360c6e,false
0762fbfd0b01add7,false
c107014e41029c59,true
187606ab366a51fd,true
0f30395e8e1b9877,false
64bf0d8a0b9b1ee6,false
441f9329a0cd358e,false
15a536d2f01996af,false
1b2cabedc1f9e78b,false
2edafd81ba2c190b,false
3b3590b673278402,false
2c599173c877bdc2,false
4408aa2c7c7f4c5b,true
0a79dc4298a89ef6,false
b563ce61602df27f,false
749906935b31ed57,false
2ce94c29247bd6ad,false
77f1848ecde18465,false
9da9019ef9fb5715,false
3a660c2a147e8c91,false
3c7574d748c1b45b,false
17181b710b300181,false
be48be76748ec140,false
6033c3107781c3ec,false
18b20ed2b5f93847,false
3fe3317613bacdd3,false
4e5665b8fa4687ae,true
beac16bbf8d3357c,false
32e44a06894321a8,true
5121ac0cc4c3eaae,false
d53acd011765a81b,true
45822f13cc123a1a,false
75e3766a0b951a34,false
00324d0eb7f72bf9,false
22a5ae26937ce7ee,false
7d299d734b4cdb4f,false
71d3b1b57da0735e,false
1f28346abf1c3a46,false
6277a7d1e024c9d7,false
37faed9b3eead46c,false
79b44cd79ca3b3de,false
44f39c5da257e41c,false
3a916665e3a49bd6,false
4613d2aae3d03704,false
a16890def6473fd3,false
6b8cb58bb1c84b54,false
c373ec250bf41c15,false
7387c7e48a1eddd6,false
e280ca51f80eb4da,false
141ff70a0a15cfbe,false
5da8962a503e7e11,false
48e145f97f69c233,false
63e6be292fd16268,false
5472ad2bdb120e2a,false
0e047b80655efd31,false
aeb7e0760891e94e,false
79f19b9d04b2b917,false
414a3c82cdbf54e8,false
6e59e0ff4a46d1d2,false
55f9a629ab13c520,true
7d2e494338d84952,false
6ea562aee83f9541,true
bd7aacb5fb1e7d76,false
50ab94855291206a,false
509c511dbff57833,true
738ffb08d2aaf9a3,true
36fc23e9d0b9a22f,false
4e2991c8c8198f5f,false
74a2fcc68e10a91e,false
50dca0d1c3f03446,false
3d8ab0a23cf2aae7,false
ed0707112cdf36e7,false
6b02c2b6792a1401,false
754b5737437dad1c,false
9a908c5b455b29dc,true
52df3c43ea47cfd3,false
77626d976a9852f8,false
61a07c6636a30cd1,false
1804203250b8b073,false
11d7b8f4284181b8,false
5c00fbb8d14c610b,false
7214188a689e2b6f,false
5d923cfbdf029bbd,false
575ca924cdf20ec3,false
11bb19ae1039d6eb,false
1ca534aca153ee0b,false
8caeddfdc23392de,false
69ecf6dde9317e56,false
6bd52bdc6badea5d,false
3f5ab700c3e581b0,true
1f7a38cfb852675d,false
6744f7ece220d401,false
1201561a7e81ecc1,false
5c14d4682e968385,false
502b5d93611800f4,false
d34aeba65c4923f7,false
763e66e3cdae27a7,false
3a4357c914936f5c,false
6112311beda4a35f,false
13a56c5994a25e02,false
e789f984c1507de8,false
560c29fa39d5bf99,false
1101f0a973f000fd,false
6e28cd0827a23feb,false
1e763e82287d8791,false
27c92eeef96fc305,false
2bdd1f5cd63abba9,false
4e934fbd0d3490ae,false
356f715f8811d151,false
179955cd26ad857c,false
60367784bfe33536,false
1251f1f2baa2a92e,false
2fefa0ec39f62cb8,false
2a97ca94abeb644c,false
709f51244e6d5aae,false
64522a3e8f2d2aa2,false
7e483339ca22777d,true
7fd6e335b6d5ac69,false
7bef9be7cc7b99fd,false
0b792a59afa9d345,false
0f04270f076599aa,false
28fd1461fd7401da,false
0d2ba58c1bb9708e,false
75cca821332d936a,true
0a7519b400917ab4,false
5ac3b1ea7a6c357c,false
52337780aa22a160,false
6eb8326f0121e641,false
7d150611cfb37493,false
5fa5bf0416fcfed5,false
55e213900e1e12b0,false
5ffe07d25e67fc6e,false
c925ff34a2fbce23,true
444542935a52108e,false
152e9258f7439235,false
ee433c7213a0fe8e,true
39b8878d06e55a06,false
9d92982a9b119c28,false
44d41b40d691333d,false
0d4e140b9a45b300,false
0a543b40f222fa4d,false
aa326d7cf280120b,false
5cc1cf497e2aa1ed,false
5c0599f49117cb45,true
4d1d9e2d59dce45c,false
5e4f17ebcf8edace,false
43adb349859c3703,false
f8435cb40b9acc65,true
4074a9ade2f91d7f,false
19b0b6924aff2626,true
da5fc0c2961c1cdd,false
f1667d9ee18d9767,true
63ebe0d9a276c8b7,false
4725e65d007ec40b,false
a726e6e9400ea3aa,false
13010dd42ce798e0,false
385bb5a9202a7e0e,false
444fcc9409dd653a,false
74a2ab420bbcfcc3,false
124bb0a477d58eff,false
c001a7e0c35c68ed,false
7d6f9ffcc2d421d3,false
0da1453a8c4017fb,false
169abf066cb76413,false
2bf9416bee61db2a,true
55b0ce18c68616dc,false
a48e75af2bada912,false
6e3b066c318afc4f,false
1757cda7c54a0c7e,false
b60d8c46a33041a8,false
5080d9c9bf377305,false
ebc13da664b74e1c,false
42d4f21bc434f314,false
48db4d18f101cd77,false
47a3e8917a923b0c,false
3fbf564da6549af0,false
2af5f9475528279c,false
0506870697ff838d,false
3dac636cb6484c5b,false
35053a0bd1c55b60,true
3714abfdd4e93d95,false
671bf8efbd386d1f,false
11238c5be6013d18,false
05e0f9cf53389565,false
e69adc92d89ba832,false
48f719250d420341,false
716b7399d7e5faaa,true
3be57d19f7abb916,false
8fdc8e4b29da0381,true
d3d374ff5c343dff,false
deb08c80a1692365,true
f28fc488f7dc60c7,false
a57b8c5878d392ce,false
3b3ad2678e58a9ab,false
62792e66c93eca08,false
169e3baeddecac8a,false
3482b18cc360f5cf,false
38d180d1804e34bb,false
033584241424e83f,false
5a1ccec3e6fda0de,false
567842df09eb03a8,false
15989b4c1fda612e,true
7b6971672856cfbd,false
e290f5300e5fcf16,false
5990c1d781469af8,false
239ef71c1928b40f,false
3c037900ecea7120,false
697c5748950d3116,false
51cde2dc4deca92f,false
4e5a1af6c7295de0,false
5e174d897a01f8a8,false
2bfb70846c2b0301,false
551a5d302b8ab2a3,true
1e2f2f4994944f37,false
1b30921b6ae763d7,false
f1b6f01a6f1e7b9f,false
05f5b7cde173a253,false
63093d3341ce1a15,true
75b28d3688c646bd,true
adacc10323d37f5f,false
9d5bb7bd88bcf818,false
46bb68f51b1188e9,false
47810dfa4051be35,false
5f5aebcc99cceede,false
42f9bfd3d8f17e8e,false
11971d20f253226a,false
7425dffc051b3078,false
3217ec40870feac0,false
55438d63b11d623b,false
1dbf4509db98a0d3,false
0c6cc1cadb0ad50c,false
2075ea5072988275,false
468f768dc4f71987,false
8ed4a22678018331,true
0a697b039d1a6b7b,true
03f4b4bb034cefbb,false
a644014755fe1c41,false
06e36bd6f0358b74,false
713b1b55407098cd,false
74c0277c26e913c5,true
403e997b3147703a,false
18d60e3ed94976d9,false
4e7e7dc8c668f455,false
7883d0c5a2291f48,false
088a2d5d7f770932,false
26592ed0e55dedb7,true
d82c92621e15e4b8,true
23a046bc37526c94,false
82fbed6d7ecbd16d,false
678ac02153e5a555,false
25dfc393855f6b1c,false
cc2b41e2b9fff15a,true
0ca5c6b5e75365b5,false
4305b856184f7e94,false
3ec8cd3ec2909bb6,false
73b989e0c7effc64,true
4eefe2f2f6def8c1,false
016074b2b296fb09,false
dc0c80d735d5925f,false
0edd9fde9b88c660,false
0cbf730ddddb3430,false
2db7a9b022183c05,false
6c80d4e6919383b8,false
5a5968d7d003ae8d,false
3f74e09783445789,false
6377052c8f65273b,false
2b58cf3b4aef885c,false
7b3253f74c4c74f1,false
11b9414e7f2aab19,true
9480606be6e3daad,true
6066c16559f3b66b,false
0e0e2af4a553bc1d,false
5090c9729393e6a2,false
75f424b8b34bd779,false
7645bac377d7f1ee,false
5381d871d904d9aa,false
f31a52c5464e5f89,false
f0afd045d3296e48,false
1d35508c43bbd4ae,false
44399bdf54350033,false
35eddc3bbcdba80c,true
19bdcc64a91b1b72,false
1062724f0105ca8c,false
2ba114edae802da6,false
44fc8ce9a6fc8726,false
4b47edef8b1c41b5,false
59ac2468e257573c,false
6af910c6bd4086f7,false
7cde48d60dd7652c,false
6d472bc0de3057c5,false
23c1b26e9e5df55d,false
27bda75013fb55bb,false
1843eec406930b33,false
69924e17100fe03a,false
960d2149047b897a,false
63c71ff41c3340de,false
617c579a019ff0c9,false
a706e65c2685ec5b,false
2ca5233d8f884fa9,false
ec14e0735c1e65eb,false
7ed0a026ea2e724d,false
5b76cf00842c57f2,false
151ce3886a03b3ef,false
28b242a71d4045ff,false
972ebac47e7b7c10,false
646764278a45ab93,false
0a371b76e21a5654,false
65bdfa4b0a4c6f12,false
1a802c939810f092,false
7d790f2278126546,false
a8165d8b7979708a,false
2c4350c71e4efee2,false
3ba5ebd4113b8243,false
07bcfcbef4fa2d3f,false
6dfec55d2caa3132,true
4cdb48f6313b285c,false
5641587bdd3eccf4,false
b60b26a35a927eb0,false
422fd10d1fe60ed1,false
5db528a81439d89e,false
806c559c406f6eef,false
9f3b1bc3f42467ec,false
dfe27a4426b9256a,true
1f761f7dbb359510,false
05a202566199481b,false
8afb467490b2d040,false
39357016defce6ca,false
2636f4545c343f2d,false
1ef5a72c60e2623d,true
6f4e877dbbc71b9f,false
64fff3cdc1e2c56b,false
0217430e37e58be2,false
3b1b12e36db9e72a,false
3c61475d5760b8d3,false
31e0c558aa75abf0,false
0c30ac949ac45c76,true
312a7fafda6f43d8,false
2d91038b99a0bd62,false
a6bd9b5be92ff39e,false
7be4b67181f35779,false
c2c69a536191b0b0,false
3d37cc225f43fd72,false
5721cc1c87a25ff9,false
05ca8390f5aa6e9d,false
09a5a72c03f3634f,false
48127718fa13cb84,false
6311c0b209db40e2,false
5654c17ccbc2754d,false
25fa3589d51acc52,false
7e515832d980a85b,false
039bbbebef4aea68,false
7fc92bc6a4473f33,false
b81c6bc858f6ef6d,false
35c06a4b7234523b,false
372ecf2697aa0a40,false
1c712e04b575c387,false
760ba027b8063a81,false
89017f928bf94264,false
69427b71e0a448fd,false
03ccd5a0b194161f,false
4b11847b47da7532,false
798b2f009b45ff0e,false
2c6e0a810496aa31,false
76fe7d40ff257bf0,false
6b79e880ffc7d596,true
34a6051339d155b7,false
536f6a71eebcb86f,false
5b1a1bc8f9eb33d4,false
5f2b119a01b50fdc,false
4019238e31907984,false
a51b78a88df31123,false
86d8c3cb74e551bb,false
7cfa462b11a9ddb2,true
706ff0c2696ce257,false
81b04d431420950c,false
6e86fa2290a6f9ac,false
5b3e0c5270a6a668,false
438bccae63712686,false
53351aeee0e43bb3,false
5b39fabb75e0d219,false
1665260f50e52d32,false
6d49edb816bd650d,false
12157b0760a94057,false
0250795ee828e4b2,true
69a4a35cc8c2f531,false
76d2e13612a9d52b,false
791e9a06db84c76f,false
0e17c78a834ad3fa,false
42e93710a9d5d47c,false
5c2dcdb780e36bf1,false
edd78eeefe2af131,false
4a4b8311f5fd2d24,true
756a172b743959ce,false
e21e021ebb26e5fc,false
5628a80b3cd4498e,false
9481d6f8550d14e3,false
5ed9b9218f9c6990,false
2546c79ca19f9903,false
38cb6df244c4bc09,false
4d29345d9b2b427b,false
a4143515567bf3a3,false
1ca8e8aa88c3841f,false
6dc7272ceb2f2f73,false
69954507c2723336,false
e1a2e1a23f17c69a,true
68fb41a5fb6539af,false
0db9a4dbef6a6a89,false
190aa28c699863db,false
28dc0a46c9d9dd1c,false
6130e2e8ba261382,false
3036a22d722abcc4,false
210a5329ee8ba462,false
bebe1b54bfc79f02,false
3baca8ebe55ba87f,false
5fa3662f92a08586,false
497d901d7f9f740f,false
7ad6faa5ef37b3eb,false
706efb02b1db8b6a,false
5aabdaacc2b7f393,false
6c26ac33114c6768,false
15f2672be552ec38,false
22484dec13dfa1af,false
613483481f8d7886,false
140d8c474d22636a,false
67f3428781df0cbf,false
777f2e8804654a93,false
10b22f244209700f,false
4fd6dac4973f2fbe,false
b0bd0f2b9567088c,false
51d68b2a477286b5,true
89c1c1a2b971bcdd,false
ed05e5adb7911f9e,false
3820dfa82c889637,false
699320b476449e54,false
2bbc36b2eb9398ec,false
3ab7e53dc136fc88,false
a41452c9744070fd,false
25d6d688ee9d8f41,false
4a8b0f4515305edf,false
577ba313f213e42b,false
1200e6737c8dcf55,false
593ede508ac58180,false
32ac98cb0a4002d1,false
7660f73f7aeb3f8b,false
3148955cda46c191,false
357600e2a13c1972,false
52b1738a1e9350ec,false
3f15bc21b7bc92fd,false
1e33278de1853c41,false
521fe26bd7e99145,false
733203acdcb18a24,false
5f4dc35c869703c3,false
49a9e03d411e0699,false
7a619c6bbd09fff0,false
4ed27eb9dfbc864a,false
1e9c5cf047e0eb74,false
a921397eee731232,false
206cc603803b8a29,false
271f45d200c12d62,false
1c1528c4dd09b765,false
67d8836f644dc5f6,false
5f1851e5f8a5678c,false
071515d24076d894,false
dd88a2ffe2879fdd,true
0ff62a017cd9d78e,false
5dc79d7c474eb924,false
4c28cfa7b6405282,false
3ec3095ee364358f,false
ca6a099592e61c74,false
4a2cf6d3b8ec4c1e,true
14ea058e9c478056,false
0f4d22c5e9fc9e77,false
6c9dba74efcc4995,false
25fab626d722f220,false
c49a6a58dfaab46c,false
4d70c4b74f908582,false
46e581faf042a8e1,false
1d332409e7faa3a0,true
5e7bd000913b162f,false
0dbe6e517bd739e3,false
8db16b9c164edf2b,false
04749d8e70f643a3,false
645426e2e283971c,true
46cbbb164ed6f66f,false
15f45f2388d5cbfe,false
4f222e5b63d8bd80,false
5208e0db6162df85,false
96bfc536cc7acbef,false
32525c0643fccedd,false
650dbfb5cbcc9adb,false
1f2a15cbe1be18ca,false
896776abe29c4b4f,false
2edf2dd620a6a965,false
77579263ec3120ca,true
22a4a67b56b29af7,false
0d5b879e72616b62,false
12ff02ec0e07b96e,false
0f84e1e92bd55504,false
367f56098663cf6d,false
2bf390284d4a73fc,false
3ed855bcc95775f8,false
0c73b89edbb905e2,false
7c21127cf61b957b,false
ed81d71633197805,false
6510910a0edf5296,false
3171ffdb83580beb,false
270b07da61221cc4,false
2255497c4a4d344d,false
735c60c92f6dc2ee,false
c8d4ad396049bc8a,true
675d888174c60c78,false
facd3ccaec756698,false
4111dd3cf9bed7f9,false
7131c5c624e1409a,false
40f7f30502f59ad9,false
e3c26e10de4b3a16,false
2fb7b22764762530,false
645242e7564d7a70,true
3e971ca78dc5fbb3,false
1553359274824044,false
16552ed8c954c59c,false
e8000f11ef5e7bc2,true
c3e8e59e2c38d767,false
ef6f97011def2ae8,false
773903dfe0ec0a6d,false
34d321de49b4c401,false
63e577cfd10fd715,true
e88048341e303c64,false
43fbe60d8778e004,false
769ac2c18a7cdfab,false
271c2dbef3a7de5d,false
05681cd5088361e4,false
5204d402d3213788,false
8f2c7ae739469b12,false
917861491d4d4758,false
00df639d7c6ee003,false
371846b28033619c,false
6486e1ac4e2776de,false
cd77c57363d92f0f,true
6fbed466ea31923a,false
1ada5623ef4df472,false
376922ee69b8da20,false
e68f6b30c39a7dcf,false
7a426cd2bccc12c4,true
5385eb9582ecd50d,true
14572f4363ee35ec,false
4a1d4d8e1d7aa88f,false
588879cde49b37e2,false
a4e83174596b5d25,false
3206509bd45d928e,false
30a04dba9872f618,false
2d3d2576ebf7789e,false
6c482f696e2420f9,false
5fd5855d0fb59d17,true
4c4232966c4405bc,false
76c8a6df97f09399,false
124e5041300f85cd,false
4752826296140388,false
65eee351bab44a09,false
d55798e711b44708,false
1f416f5664f01cc3,false
29a318f29e120c51,false
ae67b1b497e5c683,true
f3f97575a93e12ad,false
5a9197fb2c79fec7,false
57f88748b713f0f3,false
147f39bb777f88ca,false
d1ba1425d24706e9,false
5a3f7bb4c5c1fe8d,false
51a153e22526d2dc,false
7e7a754798366c02,false
215fb9e0291654c3,false
a07518343e9a9bd1,false
43b3d18c72810d75,false
137cd7b9824d8af5,false
33123acc7ef91c9b,false
cb653c49d5d575dd,false
0d031deb0b3c0de9,false
1d9118d76752a082,false
0f66722fcea99a27,false
766f4c9777e3a533,false
151de2773733b885,false
2cd440e55700bff9,false
5e053a96f10ee7a1,false
88017ae7ffb3d64f,false
ffa8ab5b331da003,false
1abf03ec0025676f,false
2b06cc8cfcab8569,false
6b552b3e0f69dbbc,false
9ada6c145fafcaba,false
cc0a0aa984ea9624,false
4a6a4c02e338c2b6,false
373b0a4cfe86eab4,false
20dd5950ed068b84,false
6fb655607e18af2a,false
2eb56d4e8aee5bfc,false
34879464b54eec8e,false
057f72633f856a9b,false
61c175f2f867aab9,false
79ec4affcd60dde1,false
25fbe53e60ec84cc,false
3fe7a374e0d92a83,false
77c58057aa8efd56,true
6de1b10e73223019,false
5a6b1108346c1a45,false
3898c08a3f0262a5,false
2d01f3b43ce2f75d,false
82e37a2519c612ec,false
7e442eb14f3804ee,false
3ce4318220551624,false
3c8575c58fd204ee,false
5f4d898d47e20e6f,false
771741ff47a8c366,false
058fc2755da061f5,false
45f0f48f9450a397,false
2a176d6aabf0ccea,false
6171b705437db016,false
7288a5377c973af7,false
477ff3f371ba6e45,false
02e107d41b90a61a,false
956ff0404e822d4e,false
0d01ea8d2f62c2cb,false
1a59f494095ff454,false
1c8978d5ce677c91,false
cb43f82ebcd421ab,false
d2f31b3f0696bb47,true
4580f2ecb541cd58,false
2eaceb0f4b6c1ff0,false
279ad2edb1d67bb6,false
361efcdce4d4c5f7,false
47b3af0b0a4c513c,false
11bd8008dc6e35b2,true
2d2ab72805136f9e,false
547be47bbc17058d,false
029f8869c0af05b8,false
41ae3de8e03a7c7a,false
3392810bcf1d707d,false
2029b1ad2dee6a6f,false
3fb3e73db67a336e,false
0208e04c43bbac82,false
6f681b2df51bf99f,true
38e6214249c79e0f,false
0e0b20704256f1d5,false
5f31a2f58a962467,false
7a149952ee1b1375,false
6498903b972c20cf,false
73b9369dd36a3455,false
49678df87488ae0d,false
44bfced0e4120f22,false
9efe7eced107230e,false
33af022c6bd9787b,false
2cce82e10f7cb9b9,false
8261ff4207a6208a,false
f04b4dbd30d4d311,false
4a5c60d1b85a1865,false
134e8f015afd04c5,false
39b80460e5d037cb,false
0d84ab5055c20607,false
18bed64ebaf3535e,false
ad9c6499333b540d,false
28ee6f9f35ee9520,false
5cfbab3aee165672,false
3504b4e989adc6f6,false
3c82e2f48c635876,false
104f419226bb2bcf,true
5f2fe74fa3b6b6b3,false
6b0d6bbbb9f9e9f4,true
943cbd6b8c35c7f0,false
6c358ccbb6efb5d2,false
25593c0c2b393fdc,false
6c0b3bd25db8dbb3,false
6df81b7305f5de48,false
cd191bd623fe820f,false
080b39fa10075473,false
f4cf74744ad7e33a,false
5c4bbb553cf36b7d,false
4320805da9c99017,false
d58de233de192162,false
aaa478c17144717a,false
7b90efad3a3845e0,false
d9cdc7213c050d11,false
67ccbabdb88eff8a,false
19f581eaa37dcd4e,false
7f687e6950656002,false
29bc8506b43e63e2,false
5024eb226a57982e,false
73835d24e3b60e40,true
2d721992ca225eb2,false
3fa2f66540f79735,false
4e0c571445cfbedc,false
ca18aea754141616,false
9d57262534d455d6,true
104fb294fa6e3e67,false
022548e33d366005,false
12d4abcd553f0ca5,false
23937c8d87effe1f,false
4ddfe708a06ae5af,false
108be8d6b0599ad1,false
86de9a678485055c,false
235ab0e22558e5e7,false
6e94484c09ec7785,false
644e1ffa3ea08a55,false
0f75f2f3625e7e72,false
08303c4665162c22,false
468d9f824bb0a337,false
307b09973bad792a,false
235e715e34f3bd56,false
3f50d694c3716227,false
66d5fa9a14d62f44,false
564f9c1512d1657c,false
3086e1f518570709,false
05e055f3c0755fd6,false
4d5fd7400c459ccf,false
758dbd406e70481e,false
0157a151cc07f684,false
ebfc0a698869b85d,false
c8a84e79cb411135,false
94f813e060752fe8,true
0957ba64cddfa379,false
d4ff7741e01ca56d,false
2369db26ec63a4a5,false
0729174d3989bf37,false
7bb0e794dd0014b3,false
1cf620ea18622d5e,false
6c088bcd509b3991,false
5901f0de28b386bc,false
c431c30e7d689e64,false
4bd542c306b7ddcd,false
012d59578444656f,false
660004a44ae2edb2,false
394d0288087ddd75,false
f00910f0e105c0fa,true
61c0f53af8e220af,false
150668edc08ee19e,false
0659c3ee0244a2ee,false
a99951e677dea606,false
2b40f401bf3e3e2a,false
30c3e8e810cf5a6c,false
2fa9ec7472618451,false
49a4b4e311042c63,false
894327c3cb60362c,false
a53e254e8aff6f27,false
7ffb88021a5f24a4,false
b7c8c8d78edba52d,false
306753444f0d7d98,false
12222c516c852c96,false
506be62119ce991f,false
c761695429f29e24,false
68d177a646ab4ed7,false
5df4cf938ff82c8a,false
52abbf88a67f07bb,false
e16c0da9b9df9904,false
2aebf009d7541ea2,false
52f4c6357b324916,true
c7abfe174b104b57,false
db626d6199c4718a,false
2d7273ad88f0947e,false
5ead79612eeb4f0f,true
d7bc3f552b63a492,false
4df080c74669815a,false
3e87d21a99a61798,false
54345b892b85566d,false
68cfef9321347e71,false
31c5c288013f8dcc,false
633c720b1cbfd3a5,false
58ce577b68f13464,false
63f5c8e195e08cc5,false
6755f4c6fb7bf624,false
afc6e6d36938b4d8,false
b5b2b575830203b2,false
69637e5b68206cee,false
305affea2e643443,true
24cff53dc6eee614,false
56fd422d98c93dce,false
1c8f1fa6f06c22d4,false
e493f45fdc0a5319,false
5c3c3873235b3d59,false
b06aa1919f0f7765,false
26538a59743c7d78,false
544770d3bb4f7d85,false
394a42febcca6ea6,false
0b532187ee7bba53,false
0e1ee8de921a927c,false
2c42f53c4757c46a,false
5dcf46a478afa83d,false
14afe624a844edaa,false
7a3ccb6159cbec46,false
4a5526815102772f,false
7319f9038c9cadc0,false
22e440362f726ac3,false
5515677520777f2f,false
6635f0047e329256,false
5808da7590d8c1f4,true
43436493ac4c7fd6,false
1864db151db8bc37,false
eca5d0fd04cad5c9,false
f174af4c1935226f,false
9faf843de021f517,false
7835116755407bd6,false
72fd813fa633bfba,false
c6127fe2c0313887,false
f508e21c6aed6c02,true
1b3f981792104901,false
5da9365fa0dec9bb,false
3b3dbd4b2a415cb1,false
49c3f0d570c00ddf,false
4a1f543aded50f55,false
64538ff86b5ec3ba,false
f6c0eed298d3794b,false
7705c09098554bcb,false
b75158eb62d98b68,true
fe915c049d0c98a3,true
9111a8de1ce56ec2,false
1940850be897d773,false
40273451c43c3a0a,false
c6fcb26129e0d39e,false
41a49980e742290d,false
45401339cd2173a9,false
744fb9bbed663741,false
60677d2fad429291,false
825b773bd6313248,false
01f17c8b8861efa3,false
029bdc46f1b3ad42,false
74aec9adf431b2cb,false
326cadf09ddf3d59,false
102540eb0c968ebd,false
a5b6a88d521227f7,false
6c00aa65548d1051,false
7ee9d21f58881512,true
59211f48e507cc7f,false
333672d4f0819cb0,false
b7def26e2e0299ac,false
69523a5d4f19fcad,false
274d7c93624a9cd5,false
4e0759bc048f92c0,false
8dc0096310c2479d,false
8e02076de567d385,false
4bc7a690664db2ab,false
40ebc5e43a11ebc5,false
2a9c1a21e4169fb5,false
bca7cdcab06c8fc5,false
ced03eab3b42eb5c,true
5fd23db5102e110f,false
b4783aee48807c27,false
7c5f46210f767079,false
53bae9bf268d48f9,false
0906bc3eb04b083b,true
7886cba29880e575,true
72d91056c0fc3613,true
516e943dc06b6ba7,false
637202c33525fb5d,false
8afd8673f672e245,false
7b7fee7b76855da4,false
6ff4eccadab3a53a,false
860bfb1d28f3876a,false
319de6da0628ca5c,false
282f1f08cd66f4a9,false
2b5faeea3b087b36,false
0a68534f54d11bd8,false
ec83012ce153ba9d,false
4d8e573ca1276d66,false
4f991d209c3780db,false
69bfc81e6fe48222,false
411ffbd15d095961,false
faa83e18261f5759,false
8707c1085784d2d5,false
3fdfce7da8648d40,false
f78ceb22528fe2f7,true
36af57c512a47c2f,false
5fc91e55eb99a3b7,false
031a8dd1bff029a4,false
2f3e7956b2ef78f5,false
c49e5e969b88e712,false
525c15097fb1d204,false
0ef8a027bfeec9d7,false
01b95729dd2ea606,true
4993fb9a693c5d1f,false
5fa6de429784c82b,false
5e726a4f3ecc2563,false
b09165fba6195169,false
0d510ec082e3030b,true
e4ce3f36285cd56c,true
3db15447d508310c,false
253147460e6807cd,false
70edbc8155b6dc00,false
20025cbe7c227b61,false
0c688d5d064e14dd,false
07352dbd408b054d,false
7bcfc27726e743b4,false
2c000f0f3a691980,false
54e9bba6ad75be75,false
5cc001358dafb046,false
1c4f740c40ad7132,false
124866a2ed46fd9f,false
a1528bf366b3a257,false
a70473c7fb86dc4b,true
41ad37a614d95046,false
1c0a3c29e74c5033,false
970ef10876307740,false
630a9d1dd09286bd,false
a12ff08cba5d6477,false
35d6794d9725b0fd,false
43fb5de2502da8ae,false
2f613a8415ea338b,false
4cf99ceb3885d3ad,false
531739b1da90a624,false
095612bd4912a1bb,false
79076ae4bfd03754,false
5b0e96fd04e817e2,false
91f50a920e5242d0,true
1c4fcd813ab7c799,false
044626519ce3251e,false
3bacb2c75498d8ed,false
0cc911235ad5ae58,false
2a7172e895e681de,false
64a5d8b385da0d1e,false
7c1dd30095c9afed,false
b9d45b3c11e76c9c,false
024765e39fa97b67,false
4a2bbf0552c5fa3f,false
b423c53f2b45b1c7,false
06b7868c0f289364,false
44e0edd46379c43e,false
237c51d33b55f040,false
9036d9f56a1b2fb9,true
292b362ed0fce0b9,false
72f683f74d75aa5c,false
585cf7b704ae8004,false
e4a1aa11d275735d,false
97e0070b7aa0952b,false
0ef4ba6ac4999810,false
88504546aa896aeb,false
7fb72e22b28cd412,false
501ca19b3611b496,false
4e4d5603d110df40,false
01229284d02b165f,false
6486f5513027fc57,false
5e27e38ba5530951,false
07ab8efa3a788fa7,false
74999cc9cd2f9ade,false
2e7f9aceb8db1351,false
d0c7648dbc47394a,false
3d161b8f5a1505dc,false
7c3c136d9b3d658e,false
6488a7ef989cdc59,false
0f9c780ed0e68206,false
54f68d886a67a8ca,false
c1634067321f3d9d,true
1b7f7fe89ccf663d,false
224ce5dc131bf124,false
1337c87752c478d8,false
1cf814ee937d6b8d,false
5aaf387c6dc5cbec,false
00677f871a5cba42,false
ff25118fb2427ee8,true
47af9c7a45b24896,false
0c62a7d1267c4201,false
2c79101f9f4c81a0,false
46be4a827c568c2d,false
001db4862480718b,false
3e71466bab7041ad,false
8a4ee667e828ab07,false
772aededcd54ac90,false
14f11d9d41e4e7a6,false
7c85ed965ef8e9f3,false
484a4e15f2d9ac72,false
53babcaa0ed8df22,false
d11f10a94bf0a323,false
29b1e37a68aec796,false
2e0a5b2c2d65a6ab,false
930be12364bc912b,true
cb14a230c0b9a911,true
23a3bebefc27cb55,false
f6cf06c970c45b18,false
582a2e2fbe588532,false
34b7ad7b8ee8fc74,false
586c89edc5eb9c82,false
6b85ba83abb4a50d,false
b5b09e1943519a44,true
a87fd61c5290768d,true
04425125d03eddee,false
6c74b95aeb87a129,false
2767ffa2259d14ec,false
61f7d98bdccdb527,false
25d0d5b50eb15150,true
7ff5f8b2645405b2,false
8f668de0c780aa15,false
6e53ece0d3324325,false
5ad5462a0588cb01,false
73a321dc024058d0,true
e52577ada9eb8271,false
6e85d0e0a056531b,false
6419a08a7f1f5dc1,false
12e9497e5dc4b3f0,false
cf5c1df7a16ccb17,true
7f40f93ee30a6f20,false
6a34a0a5d40b8765,false
07014e7a9a325381,true
6699569aee18c2bc,false
9a2a43b0148770e9,false
6c55a64ce8b9b34d,false
1af6221e0422da1f,false
a47e4f8fe5511ada,false
9e7db677b9e884d7,false
0017648a9871097f,false
8868c2f2acf26b64,false
1b6cbbadf665e508,false
3ee8b7a89cfa2899,false
6bd149b668f5a944,false
1a176101b45442be,false
403bad8428475f43,false
0c0f9f450cd81fdf,false
49f240a5f8142afc,false
c79c5d813bd195bf,false
6662218ff7103800,false
36eadf07cc356640,false
5554b3a332cefac5,false
af4886ae32cf1be1,false
31587d37e54b8e19,true
89de6a24473fa0fc,false
115dff12024802f9,false
5928b14a3a06fb6a,false
745fe04efbe9be7d,false
513402a92efa980a,false
78cb0be392ffaf03,false
5111dd0644540269,false
eaba6c028ea2a782,false
084d2feee552645e,false
1882c1c7a5d4cd09,false
7e8453e33283f2b3,true
6f42bfa0223859de,false
4b4d304d2ba55857,false
dd438bd5d50a0752,false
ab87dc5d56b810e4,false
36c5e76fb3ec3bc5,false
36af681491bfcddd,false
7646ad12bd715787,false
36117aca2e9bb21b,false
67a69f6cd60d679f,false
213f3ce599484473,false
7994b181facdd223,false
566565079e945f17,false
f90b81f9e296dde4,false
368585f6b40cad1d,false
1f71263f57a8d84b,false
75c3587d637ccc18,false
e456ad91e9d24ace,false
9e6defd16d6d770f,true
15ce0bc824b2d92e,false
552dfc7f756f77e5,false
3a69fdb7cfc24757,false
4000f6d126a8b3c4,false
98acc928fa06c698,false
3d75020114cdfde4,false
7dd93f910e9e1a45,false
ef95d32bd7a2fa22,false
71d4335bcbfc1b60,false
6a3b73234d5a8074,true
2cfd70984c9cf79a,false
44bceebce73bb922,false
ad2c185fbe59e921,false
5f7a844685e84dc4,false
7a5c9522582dd44b,false
9168432ebd8cb200,false
0f404d9d8533e666,false
e7838fced248dc0e,false
4f80acfe32f020fb,false
36571faff7707169,false
7c09e770b852a96b,false
5cfcec003a243988,false
3ad7e4f8e90aa42e,false
47a8b3269d24385e,false
56c38206db247395,true
28984fa5dcdf01c5,false
7cb0be77f0ee37aa,false
489d6f6b4c87be13,false
ddd0a2d13751abd0,false
1873f42f981b125d,false
176fab8e4083f292,false
497e30276507ee7a,false
7ffb9141777a99ce,false
267244bea207fe54,false
458e42003cc8b772,false
f1072769b00b0d1f,false
0b373225ef0502f7,false
3e7d0eab2cc657af,false
730fa12c05f90a26,false
3684cd189c72f7ac,false
93d18bb71fe13395,false
5d1c6f96cee4db3a,false
40725bdf227877d8,true
18880f94740e54f8,false
45c834e01bf60089,false
c48660564a81805c,false
238dbc73de5f0f9c,false
163fc4fc1459bc4d,false
0f3628d202b82fbd,false
694e2f285f3e5fb5,false
1cf89b4e91bee04f,false
1d3011beffd7965c,false
36afb3aaaf87a861,false
4d691855441d6007,false
2a7a9e284a111aaf,false
564d76488273dfa9,false
39442bf51e708a1d,false
0ed6246f9b1e68ea,false
4ecdb76f177750f8,false
5e1425efab84d29c,false
7f8d51e83499c219,true
1c1b90733294b7db,false
5449dfa627a5c3ea,false
4e8ff5a162ecf2f7,false
31b4fe654aab9e1a,false
03db71cea9839c7a,false
23049970b5be2804,false
10e8b1ff06939e23,false
14f331dabfc3ace0,false
6fc7f97e692b2664,false
18ef18b6a72d0123,false
a665a844f794948a,false
35371526f780d1b3,false
3fcebbd1550e0068,false
e198b5258df943d1,true
179bfedcba11447a,false
63c515306f080824,false
170902a15aa61f32,false
18279f865143547a,false
5e8faf68a08fec72,false
23f2fe5dc1e2fe04,true
805ccadd0c099e0c,false
89591cd89d91de41,false
591c937aa5b7b713,false
56284566d421cf1b,false
4e475f51090200d5,false
2da08634533a7ef8,false
2f5cf2fb40d52f21,false
02432c9a8fe13559,false
6da7f58ca07ff433,false
100b62ae98379e0c,false
43fbd05178fd33d8,false
1a48c3be6b5bb2e2,false
cf8caaedc17fa46b,false
4f7a8abfcf2f9e64,true
2e0e0b6dc53d114a,false
4dfa23b4f102dc2a,false
07860a61893bd794,false
2cf3c3e3c48f040a,false
350eb2f50d1a1492,false
4a9b4cabbccd33a1,false
0c0914af8f841846,false
7c738b5a8920b76f,false
299f49e1c930d706,false
367a1ff9c4c7e2e3,false
2c18cf5091d49ffc,false
63b2ef4a5b70e72e,false
6785689a9d7d00bb,false
c027afb165da6c93,false
dd926fdb4fde8da0,false
5db4d2c17b860388,false
653cf884985ac60c,false
48052d243e5abddf,false
38c728355271943f,true
631fde6f4abd2c02,false
5813596f8893ad8f,false
7b8eff60fd108720,false
76a5c06045972629,false
1b026ffaf80c8175,false
6d5e2c47032909e4,false
275149991f402612,false
268e30630cc31b8d,false
135281807101412e,false
5d8b13c16d70ba3e,false
1e615361fc6856ad,false
7b50c7df59be2eeb,false
0cdb4a62a2fe584d,false
21e9a61b1b4390ed,false
1f242c7b4e099a64,false
45bd0941cc88a1e7,false
30dddc22d316462d,false
1a98842d5ba713ac,false
198a6bfffa296914,false
684ce13654bb4080,false
4216e0365dd7ac65,false
4efbac02af6b56a0,false
40f5eea121ed853e,false
7fc2473897155d03,false
39c1b03ea193a6d6,false
161e6e84a1836f95,true
463f8059c60099c2,false
3dc7df1097ef7e91,false
6dfc0d33adb62165,false
cdc53103929344f0,false
57fb18731122bbf2,false
6ae4115fe3efafe8,false
04e692e64f3e5bc1,false
d5b217703c07f984,true
380e403e96bcd744,false
1105a5e24e5cf265,false
575387f3d11bef2b,false
7e8c06da07a213e0,false
3fd05d2d4a0dd321,false
007fff1c43101277,false
19586a4447c512e1,false
04ce508ccf63e7d0,false
04e928d8010faa2b,false
541ac3be255adaec,false
3988d65ae30229d6,false
7413291661432701,false
24ca3695702c5f39,true
2170aed6b887bf1f,false
713f89cad0f75a06,false
2a3dd49489254775,false
7c5c3f745b22dcbe,false
5c3e61f73b67f189,false
6bcf862ad28474c2,false
58ff963066a82d2f,true
5b289af86267bc2e,false
1aa62b2e14444cd7,false
d542f2b616befbf6,false
4adf49a922a70a49,false
7fa66e88a9bc91d0,false
58c9261388a35a15,false
fcdd369de6905117,false
4efd722928b534f1,false
2949d31e0a6c752b,false
72727c69ea799c27,false
d22c8cc84d842295,false
3459acd0767593b3,false
74e8921900b1bc2f,false
232e17ece18195fc,false
6df294dfa3f68c7e,false
5936c1cec16ec478,false
2437d6496dac710e,false
4632e644f9bfee5c,false
25d59f3748a47abe,false
50c99a249d371300,false
690a5e95f525bb30,false
3450832a7b746008,false
3f7c0ae5a4d230a1,false
0b32f460573b873c,false
3103ee3e0a4ab81d,false
29a3fb15903373d2,false
94196eea6673dbb5,false
a4fdf74f165ab2c5,false
72b8dc2602392253,false
5b5c857159973d25,false
46ac31acb86c83d8,false
69ab9a885f565b26,false
58610b9e8bded624,false
3de330cd26757c0e,false
533a7546c529cdcc,true
3dc9b69dcc3511fa,false
1180c2fd2dcbfcd0,false
6c2c159f3c18afe2,false
72005a0a9d1b56db,false
5ab111ae3684a5f1,false
a480f35c242582d0,false
7622fe104651fb96,false
550dd49431a8e06f,false
19dc843971ade330,false
31d555cd1d27b89a,false
5f1e5e358cacfbe2,false
7d13386f8fb6f2b0,false
56547492c6de4ec7,true
56b05fe9ef77b092,true
13d2446b3543f462,false
0562f5e0179172c9,false
56326ba3b311541f,true
49ab9af4da6c1e6d,false
07de282d367b51d0,false
032333b2bd445702,false
9618bbefca7487ca,true
00b9001dd0a641ec,false
66362ce363ea066c,false
479f93766a268231,false
4d95088fefac1fb5,false
573f64ac39510836,false
6d1ce4d7528a2649,false
5cc30c9949810266,true
d214c7d8d789fb59,false
4340e51395e9a3b0,false
4e03c8af1bd7b0b2,false
d77b222c541e2658,false
6cc43e19cfbd93a3,false
2546914546620b7c,false
ed63035c90f6d7c7,false
2521d302d66d34f4,false
897a0de0f82e782b,false
561294212fea3143,false
2c8f0e634f9921f2,false
59a36c98b712dad7,false
81b80afae0071eda,false
237d22ed8a43319d,false
7baa89232081cac6,false
4a838b0fc2041d4b,false
cc93a81fa05a1c89,false
75270f468ade9a1f,false
555e58f59321dc9c,false
c707e01f3e66d188,false
6ace3aca762cf8cf,false
a1fe376ff453d478,false
059e211eae9fa122,false
0fafbc734713b5ce,false
c7655493261008d8,false
29552f2baece6024,false
34370e4f0a9f5928,false
040ab547e574e055,false
3087ca7dc9242b8f,false
04d39d38b647edac,false
3b87f9891f50b37a,false
4b33ca8c28e52b14,false
2380b52de8efc574,true
a239c5aaa24aab99,false
76643d071ac516b4,false
3ced46d4710d02f8,false
670c76ea75c9ca6e,false
386c62c3969ddfca,false
29a7db143e48a6af,false
12d9bb3d70a06e8e,false
771a3554928b2193,false
4aa38609d079fc48,false
ff51b1326f43760e,true
0bbb56717ca7d902,false
6469786b7e4f6de1,false
7f82830dce2e3d60,false
03ed2f1273921e42,false
bb9e6cbfd725efac,false
a980af035d5fa517,false
e452b116fd4b7168,false
5dedda56c37a37df,false
3aac8dda55d01a09,false
41a8190ca38fe548,false
91263543aaf1a7eb,false
50574cee2b99557b,false
608b1e4b19c14551,false
dbbb320133d913d4,false
025412d5dc4491b8,false
18a2ae5efb11fd21,false
17f1fcea0843cc5a,false
259b7e865c6b273e,false
37bbae53d76c896f,false
a2d103b10815af4b,false
332d2d668677b660,false
3d212fc323f3c393,false
40eed6b3f41ce994,false
3da77109b42745ce,false
0971a00371eca523,false
c615e58466bad667,false
3aa9085b05d97cb5,false
02abcdfc63cb6e66,false
223989f494084258,false
0cde8e157a7035ce,false
7bcdaed1645ea57a,false
6628c53005b87999,false
001a3e60864f76cb,false
27859db1afb375d8,false
c103f458b3b9d42d,false
a10befde91cc0c4d,false
c83daeaef9eaf7fc,false
39a503753873c553,false
596f3e3ac4819434,false
3b3b0df99ee55e43,false
bc8835386e74e6ed,false
d51c5bb35f091931,false
69410e9fe75e6956,true
41dff2ff5b9c3dfd,false
665f321cfc9aef11,false
5f88c540fcd6384b,false
25604795e0c57a6c,false
ce0fceb77dc6518f,false
1593e4ee6a763030,false
c8fd41bd96fef3ca,false
63a7b31d62607939,false
23942abbe72d64ea,true
dce71bc5d40f2529,false
7dbeeb67aafdd7f5,false
d184048e80dc6700,false
621c59520080fe62,false
54feaa05502db446,false
131adb9ba2d512a0,false
8430548cc7d4edb0,true
21f3820ac31f61e0,false
3a768171e72f0836,false
6ae7df6602cdf897,false
18dd4de59c259821,false
09117994fdd6eba3,true
2bfdf3a97a8bbada,true
51f4221d643dad80,false
39969ab454d79ee4,false
9fe6db7083d7b849,false
358df5b49d04bbe4,false
72c3f06b0d9b6ec2,false
0f07bfce3eb04fb8,false
8ee66e67492f23d7,false
10945f71a295347a,true
1f921a38979cc355,false
66a9e53bdf0a9502,true
46c7f92aace9fb85,false
99b7baf74baac182,false
2822d44d3241f872,false
0e0e80cdedb93b10,false
a094aa8232c4374a,true
beec25ee5a628738,false
b878adc9c26796a1,false
2b12ac6026ab7ccc,false
13c0502037a13b18,false
42bfd178c704774f,false
45cfb193016c99b2,false
2377e35e0406f4f3,true
634e7a308c14f00d,false
49bb3718bd64edc4,false
9d101cba183c4cd7,false
2abc8fa983b12182,false
04f36a80d2a13f0f,false
79d4e3bb4528db8a,false
6149df5632731765,false
160eeab0b114ac73,false
dad1d8f47fee1b46,false
670a2e77849ba327,false
0a35edae847fa0d5,false
e1edc03ff931ad40,false
dba58d1565bf3ae7,true
2efc6bebf4189043,false
533f430a539f0166,false
464ce8d58a7b3ce0,false
3040df3aa48c2dde,true
4db2c3bdf1127117,false
10e06b2202c8dd40,false
33ed96c3a62da310,false
5a8e245e5aac60ae,false
180ea85c41d5e58a,false
96c15a0472d3cdf3,false
2e0a3fea6154e554,true
57833acb1c2465af,false
a2692cc658e6b6cc,false
fccc66df7059ab66,false
592cc169938a6641,false
42c86bbb7960744d,false
14f93a56f496823e,false
0571fbef79eaa054,false
c497fd6e467a8695,false
3439a2063da215f9,false
4ad28682cd67fead,false
eb9b74527902bbbd,false
52f2eedb225fec40,false
1ec8965884af37f3,true
772443dbe8b73137,false
5bda189ae0b403c8,false
428ca59d4db65a93,false
56baf2d58776976f,false
35507533227d7ac1,false
e195e1cf0a225919,false
73a1013a0ec90246,false
6a13753545e5d320,false
9a18ffd07fab383a,false
8a89aae94062b987,false
5ef1baeb14efe496,false
7dd44d9fc972739e,false
242a2e0715a92aa8,false
10fd7e728521c1f1,false
19a99b48a33c37cc,false
4167e84d1c99b8c5,false
5eeac3b8babd8ad3,false
cc54fbabc2aee75e,true
5a8dbaf1ea38124c,true
3bec507c792da419,false
42c5d956483e2fb7,false
47beab0ced245677,false
6bdadd63ce92c713,false
019087d68f3e9a5e,false
4663cd79c27da379,false
7dfeb10b1ef7a63c,false
9a1c025739c6d4cb,false
594d4c171b615698,false
a4bee34768d36461,false
1203317a06d77faa,false
bb10f7ca0509bf6c,true
6b29012a4dbdfac3,false
b7edcbeac3e4541c,false
3a2deb34f7f43c74,false
0266ba4e2ca456c0,false
8e330b7d71a61749,false
cc14e6946130c1c1,false
626c9b9f300cc908,false
0ed08611b50a802f,false
77a142f49e77d57e,false
006692448868c79e,false
6e2b9329ad4d339e,false
7846dcc15b208067,false
131e22417393c72d,false
56d3de788c2656ce,false
154d1ee334014cb6,false
6a32243be404d52a,false
218003a465044e37,false
0a2cbca6194096c9,false
4acfa8ea082307fc,false
5c1887671bd2b6fe,false
7a2d7075b492a2db,false
7b2a880f2558d475,false
0578ed91c49cfd61,false
18ceaee603e1a228,false
2ef45af68c4584a5,true
521c3a6a4e10bff3,false
36927f9bb10d1fa9,false
1346f06deb914fd3,false
105f2fe50bb1e69d,false
35093ca460107a95,false
2910aaf4f05baf44,false
50aa88b79a12c966,false
076e8a6402d44d10,false
74f1269c820ff197,false
f7c1e98faa86ccdb,false
0b17ca08ae35be1e,false
58389dee4fbafe4c,false
690b35bdf48d8d8b,false
40432e3eb8ce4300,false
783b5bed82253fcb,false
557451bba38c5778,true
1a672d813c64b203,false
50fd47a574799f76,false
2c43d399ec4fb3ff,false
8c775ca10ca697dd,true
941ee30e753ea9d5,false
753d41f902cf87b5,true
5d0e93ff8f3ff32e,false
009a23b850655a7c,false
2a9af3fa977dca7d,false
567b0149526412ca,false
26870345dde9035e,false
7db01d56f16f659b,false
708c8dba0130d036,false
64ca6e180fbccbf0,false
0e8ac3a2df9e4d2a,false
5fe726e90e305849,false
bbc1b397ce2320e2,false
121801ad45662ddd,false
996b9c911562a4fe,false
b75f50bbad57acce,false
fcc5c8b5367693b9,true
6b8a9451cc03f5ed,false
651e7ab729f41713,false
587020333aeb0746,false
97b2bbb035de8d5c,false
ae712678209a0144,false
01f3bf48107119ca,false
88466d0e17da772a,false
372b8ef4be9bca43,false
27795b496f44552b,false
48b81c8009d1cd49,false
62f4765e04fb0933,false
482dadcead9e23ef,false
3d860fb97e5c49be,false
1e6832a189b43dc3,false
070ed00b16cbc462,false
17b81ea37055d991,false
3beeb3acb2d12973,false
2d622262d8db0d84,false
2a4f590b3be9cc4c,false
63ce01f2cca928b9,false
e6fc140e779915c4,false
85372bfaef3cab48,false
3b3ae2e2cf4b12f1,false
1cc224f276be5dab,false
41ea5a1f22a343c7,false
3cc7ea87cb536a44,false
60d7de3dd8601940,false
fe717446339f065e,false
e6e9fb72fdd931c0,true
73c5b362ed8b805a,false
5ee18d533426e33f,false
74c1f7f2167f814c,false
6104845f65e35c2e,false
61f0439982911fc4,false
183d2413a7b07196,false
4256687cae5e2322,false
1cb89e3cd9a6d724,false
7951696b1a246f9c,false
73e0c03d4341601c,false
7e26da93c888f189,false
20c8cde5a6fda53e,false
ce97ee499c0c233d,false
6df4a5df5452dbab,false
7af93998a2968adf,true
15a1239edf77f9fc,false
0044760b17c19985,false
8ba8c81a5f82b211,false
7ad4f7e59fc93224,false
7058e2f2def26bed,false
7c761f8661e57ffe,false
f60e0a3d3339a028,false
56457bf310d6349c,false
716a15e6a249ab5a,false
d006936bb0a9358d,false
773007a92352b380,false
312b2f929aaa70b2,false
5efdc451a2ee3e77,false
122a65a58d72b68a,false
26acbee505ac979d,true
4b8ff26dcc42271b,false
3f06f73b4461363b,false
35e09d1b33ef99fe,false
70c7e4ddc0e18050,false
40625564b3cb4a35,false
7a40637b62ccf74f,false
1451673a825d794a,false
4f78f513d6866a2c,false
33f0723b00e8c3a5,false
7bc2bb39f7310694,false
b210f549eb41517a,false
46f6da99a2fabdbc,false
2d68e79f4f5c2ba8,false
7b6e200477896863,false
553461b8f2dad667,false
48e3d21aabe36a7c,false
55c459b2f72b4824,false
089b76d20355c70c,false
4563e4bd4f37b55d,false
0975962a80fb8d47,false
27935126f3f11bbb,false
0b099809dc3aaf9a,false
77b40b4c2745ff9f,false
47f4c06affab191c,true
48bd2127345a9727,false
717f840dc4ff8435,false
43392432d2822853,false
5287d1982e6c7211,false
4788b74f347ec4ad,false
2fa4adc07d69c2ac,false
66b9336dc3ad109d,false
4bcd78e07afef607,false
57775ced69e21bc1,false
b73f58c2325c0fc2,true
8650908b8cf00f56,false
bd391d79e022ea8b,false
30ce5a8f7ecfde26,false
1b435508fedd55b1,false
2ff47988c6a10372,false
27557f57ef47e6b1,false
9dd2f0134f279db6,false
39172a02f22d0e23,false
aa4acbaaedf78e10,true
a814d060b25fc452,false
ec3ada6b1b4c53b0,false
7a9b0b29342ec10b,false
a987914b45f9b22e,false
365c00ae550e000a,false
18c82517b8e7ed89,false
74be8724423c215d,false
0d3c7fc3cd6812db,false
711d561d1734b463,false
798a32277a9f2169,false
58ac31ff42b7d5b0,false
037f24e0cda3438c,false
4a08960962261e5e,false
1273d5a78dc6a277,false
234ca192fa590c31,false
0e92c40b96e3c1ce,false
424cd6800c52f60f,false
65146fecd6465efb,false
7d1511d86e8b3377,false
225593f244d1af65,false
79637de291a7e8c9,false
394658e5f2a64a2e,true
5b6e2a00197595ad,false
16bcd77b64957af7,false
ead8fee681e7212c,false
2bc90b79d9c8fe75,false
79aaf1f2eef81285,false
fd6ed33e82100b3d,true
7f6f02173ac0ab64,false
4b2c302ba67975d8,false
652fad984cde8ad6,false
5406dab8908fcfeb,false
62b0c773337ed7e8,false
c3a9eeb93900341c,false
2fcc204a8c2801ca,false
68499bd111a2f77e,false
22cdf91ff9533795,false
5f990243577ad69e,false
38f5d0aa00311e93,false
4409954b45931d04,false
6c3411bb2d3405b2,false
10286907ea25890c,false
6be4a85e9457684e,false
0fc6a1150e5c4a21,false
673fda70af7d79b9,false
7e824f3c4bcf888b,false
2da0f2295f406b07,false
643d7111273f5d30,false
0393ea0f9b75d70a,false
692d3f91c4e26102,false
5043d5e15dd0fe1e,false
3b6a198207382a13,true
3e6d115893d4c708,false
47236977fd04901e,false
326060f749f227d9,true
02b7220b1564b56f,true
3ccb27886bef18c7,false
100984f7b2c9ecd6,false
22b1cb24e4b21e6e,false
4c5adcfb7edfe745,false
0c5193b9f54d6119,false
9f43a3d9851c9ee9,false
f0703a32d3a8bbda,false
5b48548f726f9fd9,false
259ca5815b80ac52,false
9eadc1d7f65536c1,false
131e1c0a276dee18,false
1e904a2f84854abf,false
5b6357e900397140,false
f2d0042a0444f712,false
7919dd085f9b40eb,false
1126708c505767a0,false
73400a47481f5c18,false
2b23d4281b08f9a2,false
7857d43666ef08b2,false
439897945ba710fe,false
5cb89e829133c16a,false
56639c026f3d2a41,false
5d4679cc273b1619,false
35430a96f16fb2d2,false
5b0cb25bffc4476d,false
5313d3508ba76e17,false
584ad96dc2a411e3,false
cfa8d53441169a26,false
c9521855337c95f8,false
62a6ea1113db6c6b,false
07c673c87a49829b,false
5e1d05dfaaabdfde,false
7801a0c66faadc36,false
7173787e29d1577f,true
79dd149038c5ddbf,false
68a61cf2e6f1a3a9,false
6f9d178e38efbed1,false
70f6f5eda9a6c10f,false
20ef99627db82c68,false
568d3865ba991b6a,false
501f919faa5707d3,false
ab09df4cc68084f1,false
4e46540e96bb8803,false
5f1fde88efc88859,false
66f1f0d8fe29e6ae,false
71ca6b9d5c1a1f70,false
7ae57f4cec14b0b5,false
60bbc0a5b6d8a598,false
54005cb470f30979,false
3b31a468c315a324,false
6b6e71d9e483e4a5,false
6b0b89ae13f29c8e,false
1e4bfb50f93df4ff,false
6421fb931c235a78,false
73fa694893122eed,false
72534f4bf166bdfa,false
2f2324e1d436137f,false
28ada8d4e0233603,false
ca3745277dd5a140,false
23ad674a9cd3d4fe,false
69d922bd3e1d61a9,false
e33b6fe0e5efb76d,false
1367e7e3546a653b,true
e5fa1c3832a1f63b,false
927017b9d2f79a9d,false
4a73bedf4a2a5288,false
776cb2c3decda4d9,false
25de029782910d9c,false
532d718f8252f175,false
3d69bd48a2d73f43,false
664a607c94b7c477,false
1c81247cc8910b52,false
6fad4b65582d8274,false
185863a34d30fb0b,false
22494cad80bb4821,false
64e5cfaeef3e00e2,false
402f5e5c2d9e8ffc,false
7e1492b482e6de80,false
04662deede77a250,false
3568072de8a212f7,false
198046a2cdfd3112,false
e77cea9f5c70687e,false
1a07c339331bc201,false
c47fc13fe66c63ad,true
1ed60228ad9deddc,false
02ed5b768cd77767,true
05feb40eda2d78c3,false
160ea5cce460974e,false
478e76efa9f6972b,false
154a478abbdf08a1,false
0e69da9bfc66378e,true
0349103b94a0ba67,false
e0958f652a9199da,true
22a98f4a2544769a,false
0a0577672cd25485,false
729ba93faf5591fb,false
465c4192f6437123,false
2db144769b14b3b8,false
50a21a0de67c0a12,false
0ed096769bda87fe,false
5a78b94c2924fa44,true
3bacfefcdc32bcbf,false
20dbb1c496d4cc72,false
5d5fe1c2962ee3e9,false
1aace1c48775857e,false
72729d493511ae83,false
262698fba37f65d6,false
5fdc46571f1dff0e,false
3a1d3e3b9946770b,false
6b6d130e5c1d81b3,false
18a7f8dd923ff27b,false
676d477054bb74bb,false
0057b02d8d785834,false
79dafeceee4e6512,false
51c4ce9cdf67247c,false
8cb0ec1796f05416,false
28f2c602d787c44a,false
69f7aa9babcc0f72,false
3cc72a55131d981e,false
167b165a76eec2b3,true
344724dd14494f2a,false
1c2fd73b218e56a6,false
c876d1670cc38cf6,false
a5b25cc50fd715b4,false
e493d71994dcfcd0,false
5262edf24970769d,false
436923d540a086dd,false
868149cf72a7ba37,false
b92b01d2b1d50dce,false
9a2527d3f0486853,false
77dce4af72bc6d9e,false
6509f4e91bdf8797,true
5fea28a0298ab1ed,false
015c28fa40b14e62,false
09db4893f6ee5091,false
dcb78319671cb9d7,true
7fa2e14bbb5786e1,false
09a221b8362fd537,false
2a5c6fe4344b6a5d,false
45c4fbd38df8d090,false
8a675034142a3491,true
0c9ec4190fcf07c6,false
7e5f30cabbb7bfb2,false
403a47e7e036134c,false
154838d6447d8aeb,false
133c7caf3464ca23,true
11ff64096d92fb49,false
06ff7ed1d3af5f5e,false
11cd4b085e30c219,false
1b90ad68767d0b55,false
7533b275fab2cdda,false
03855ed05e5889f5,true
0f85b095928ff184,false
349b8ce4e307ed9f,false
5d9f3477999a5a93,false
35b19cece5ee0543,false
095f2b9d0946536c,false
4403a50a01484cac,true
4953afcd0c2541aa,false
f55288e1c05a360e,false
0ec7e66620fbaa01,false
0526f06dad489024,false
2e3cf86283bba6cc,false
d36101ed19096af1,true
971128e29f8fd253,false
8668c47a87c1e64f,true
3d5955169bab6e2c,false
0d48162c0c3ecae4,false
2ebb5b6ff141224f,false
323cab54a0c31336,false
29d7cb04f6cabd12,false
519e5c4e2e922476,false
5bc62e8cdefe0742,false
3d7943eddb20b8ed,false
a797d47cf0d7e3f0,false
4e52f954e4fd1064,false
04495ba8b37a4fc4,false
ba992889562e2c69,true
28134a5af3cae615,false
c7098be52ef388e0,true
9bcc2d946505c18a,false
36ab4df12c00831a,false
420c4b4d66631a4d,false
0551d7bf34ecbaa5,false
6c13793e57805f66,false
26445f07b635fe83,false
488248360c9849a0,false
08e1e17e0c6e9b8e,false
05cd7471e4bd97cb,false
e80725642a4724f7,false
2b4e9eda61150af6,false
328000c5c62e710f,false
013d69af75f3c3f3,false
9f7d3540d9c2e359,true
8005d1bfe87d798f,false
372d310d45e345bc,false
05eda481dffafcbc,false
b071089f1da8692a,false
2491fa122fe40d50,false
718ad591f6cce0be,false
7ed96ac3601f5e51,false
7387c8cb64742a19,false
532df9aeffa02a2d,true
3860fa1ab98669b5,false
3fe0a2af47764c36,false
6dc266c7db6dd36c,false
4f439ca1f5b84ca4,false
33d6b223d988b668,false
49c9fac513b2f352,false
05447cc6e956a8ac,false
5b8620292d3eb8ef,false
5e247dde1ea78120,false
289721c8c80e36ce,false
7a21c8afae2353fe,false
4ca1e4406c931875,false
36b2b02372d92fb6,false
72c05ea67d37086d,false
76a5934df8c68d59,false
724ff564e186c796,false
7fbac7737768d068,false
34b3c1d59bc1a6f3,true
13099ba6cad0bb9c,false
a2d860c3e41c245d,false
429996bc7cb28c65,true
6639fa209c526f89,false
7ae026d9e88005db,false
1f4dccc5c1c259e6,false
12e72312cd034f83,false
0864ebc9b129491e,false
73187f511a9251ee,false
7e7d3cf1dd83809d,false
75beac853faf993e,false
6a33a5f2d67be038,false
289eca8e7f8e9b26,false
234a5fd15b0261c0,false
0e4819db405a9d21,false
5a4ec1c1a4864433,false
142dabb5f52a6c77,false
0ffb49eb8a5f26cf,false
4202fc931bb53945,false
052ae82308f653ea,false
587fca8fc37a13d2,false
29db737cc239a1b2,false
b8d38826334e8752,true
7f2d3d1a746f8e63,false
2741c5060b0cbb54,false
bd6a9bdae20ce97b,false
511020c50f49dfcc,false
53c9d00e51472170,true
92a90090ce23af03,true
7b22fbad08cafb1a,false
1234374cf2a4e82f,false
67911d4cf1582852,false
57ad7c9b13544b7a,false
e2f3f02c7b0c15f1,false
3191dee10998288b,false
734cdcc4203aca3f,false
13e57ac90bdafdf5,false
62d2f0a2c68633e1,false
2eb2f73b7030bc01,false
75f2cb8c6b04bc15,true
77af80ee1a42419e,false
fe05083bae21a779,false
acd8c02764ed9e21,true
0eacdcdb6a0f87a1,false
58ea6635f5395a5b,false
25c73ebd983b0043,false
e29c87316136aa3b,false
0de85899020a9c57,false
3aff048b9a0139b2,false
57bad940d79431ce,false
61ffd6e1aafa10cd,false
67fa810365d088f0,false
c13f2ba3983f6ee1,false
a4bedd431616cad3,false
319d004e3a9f985f,false
1f4556ed94ed6ca4,false
0104d10674a4819d,false
82093aa0f534b10e,false
232b68df63e2d796,false
f4a8870e85f77a52,false
629b9dbf2233b5b5,true
103d30f7b708ba77,false
88b5aa9faf45a376,false
312a7dadc6950271,false
577befbade040ac8,false
3be3e051e22e4b67,false
16467b3f5e2398d5,false
5c3b85c48c01757c,false
18cca00bba906322,false
c0c7002bae3e4538,false
4d9556cd7276673d,false
57651584d3b51765,true
1578bd932e9cb672,false
55ef5416c11e3773,false
529291bfcfd9a64b,false
06e619e37b252501,false
197e438e584ff292,true
4bc0b5570ed758b8,false
4c84d9f95af81648,false
33c905df186b753c,true
c58d5e1d70109ae6,false
d795cc6e07a7376f,false
6c7812d5363c75da,false
5df1ed9c8647fc4b,false
6c3f7f517106dd04,false
1d1607eef32c350a,false
478efb0a4e319e3a,false
2d34b597500dfa65,false
450709ee62c7463b,false
43056a36b694a211,false
011ecdef5dbac2cb,false
e4e7a088387b06a1,false
4ae7f4f22bc6420f,false
162c700e23cd81cd,false
636bc32f18b074f3,false
00a0098171fa8538,false
1661516d6705a452,false
6fcfbbe7ceeea366,false
51bb1b1df2326d78,false
191a5a3865893179,false
60f0317f2c079f47,false
76eaa2061fc4f0fb,false
095415b2eee53127,false
5287bf33abcd24db,false
3ced4351155d25cd,false
4b7828027b9d9451,false
7aaf0034c687f439,false
0161b1b9cd6928ba,false
63b3797ba756d9f7,false
20169865b8657e55,false
2da6e75cf7a04e88,false
0c5e0fbb1c0a3a0c,false
9900ab4c5dd3b555,false
3744054218e31598,false
224fa143a13a9073,false
7bebe3d39520f348,false
21ffb4b33ea36077,false
09e739aa68eb087c,false
7829afdffe2e5a85,false
5c69f547de34c38d,false
3af6f3c8e4bc6cd9,false
3dccb4767a20505f,false
3f2838078bddbee1,false
e268177d9a5f5533,true
2da0e25f00ba43fb,false
7853d3d250ed8eaa,false
4ef396bef9f1e43f,false
36015829299ecc34,false
0cc19b54d18c828d,true
5f114e3b51f21861,false
0e46b7e9cd2af7ef,false
2e285632b7d94aad,false
c7fdaf72cf523495,false
9d2531e1e342a162,true
4d9e4be7872b0319,false
2b53b62270f667e2,false
577dd4c824d5539f,false
1c4736058ecb924e,false
3da7df4ef4d33eb9,false
14abff2e094ee76b,false
04774ad3a08f63a6,false
1971d915e54b459a,false
434789078ca8b669,false
34afe9c9ca5e6090,false
18a114470226edc1,false
875c48024b65a382,false
34a4e0d11e277200,false
9e1d69b02104e0f5,false
b34fb5e08481444a,false
8df1908c2546118b,false
8a9fc87f546e1516,false
562819343feacddc,false
0d6f986d7544b502,false
ec57e73ee35669df,false
3573a3bc68b661de,false
2530e911daee7704,false
17ed71e01232c9d0,false
0fa6787b874abfd3,false
53d5462867e660ee,false
203eddb0d57da265,false
69ed9859b2a01e8c,false
4d1ab00cf4a153cf,false
373912021f0fcc45,false
620a0ce819e75bd8,false
26d03edde428013e,true
435f93e0fb7dd12f,false
0d100dc7296f2a53,false
69edf88948cd8cd9,false
1e24a3e39ec7accd,false
3a2a96baceadc783,false
10343ffddb95c747,false
f6f1b71b07ca99f4,false
9027e3874635f2cf,false
d32b7ccabb40e47d,false
b4d479d0241f253e,false
0b86b5fbe51ff69b,false
d338cfe84d4d8f5a,false
3aab01136d5e7b27,false
372e6fb159c732f2,false
790d6c98404d4a56,false
3e3c0c7e1927eb54,false
76302a2c26f3a65a,false
881b2debc5a0c2a9,false
3db438328f764dff,false
87096b470f870083,true
4c2750e9d92471db,false
fa211b2c146731dc,false
3edfc5148339d70c,false
2af6ce4ebbfa589a,false
eab2fb2aeba0e4a7,true
6927a47010974940,false
9efbfb60d7ca7b04,false
ba036e2f8eb4eb4a,false
3e728ef0b458bc7d,false
a6cf8fb7d40e33a0,true
048403941a44ee3e,true
6362897cd9743740,false
79eaf09daf5e983d,false
7c9d4eddad2967b3,true
9fbbe1332b3fb359,false
42994a11ff43a7fe,false
0b6869a55848ccbd,false
6faeb9d6e1dcd925,false
4a1c19e2f58cba77,false
883a6037f889a563,true
7818644dc50f4d1d,false
7cee6e052b265089,false
3a4efb2ef54dc0a1,false
1f1e2e5f15b4fda1,false
3fab3f767e72224c,true
573b478039e2c48c,true
81371b5dbc045741,true
7ed6075281ce926f,false
892a097c73030a51,false
05a5fb723d131da6,false
78c7940538fc6c3b,true
6b805b90e63846c4,false
425f0f1aeea9e198,true
4efec53a3f356a65,false
671131c521b87350,false
aa9ecef893eb6b19,true
7c18390e39c912eb,false
c1b14df396f01934,false
e1fdceb26c25294e,false
28327369311e7020,false
05a0b89d151bfa4a,false
453a0bb344e48739,false
67cc00749fdeb9fb,true
cbd66a5b15fec9cf,false
4a4b917d4d0a8e90,false
21bfb603752458a6,false
1a4db9086daef81f,false
201ed2bb1fd87436,false
6185d96055b5ae7c,false
4bbe9a89dc6eb59e,false
990689d3b38a3004,true
66d679f3c604bc12,false
6257a2144d376e3d,false
3ed0cd0ad874135b,false
63dfc7e641681cf8,false
50f0e81b7bd65170,false
519e7b09d01cfca6,false
5483af3b1d8e3372,false
bf3775894f5e41c0,true
227a8811f7ce6571,false
8f3f36137bfb3b8d,true
2a322a7251b68a8a,false
72a066bfee863129,false
3b8626e11f0f10c1,false
d1ac08f439f87310,true
506c3a7d3c9b948c,false
7e20d056520b7c32,true
68524fe306b9d416,false
0e9f1c90189e218b,false
b5d7b876d3848522,true
8e5114688a9cec72,false
4cc0bf1efa8a4cdd,false
69844a57c7ff3414,false
0529470cfd2f6b3a,false
4a30e8e78d734814,false
23c79b6c50a948cf,false
3dff9e0a1c3a1efa,false
4da8c1822b681142,false
902cc5a9a80a7a5b,false
92557f240b4c1946,true
6f49a3d550c842a2,false
5fa5e5a6a5c5658e,false
7917213227961511,false
7fda229e445d72df,false
5b407cbaf0931ea3,false
09f2603785e5f414,false
69fdf22276fed1e8,false
176423d5eabac83c,false
1f6b007e42f18907,false
6b84a45758ffc322,false
4e3280d7ccf6cec5,false
204822d35ce4c910,false
410ae3ae547a0af9,false
9adb6226ecff9d84,true
574620b609ae6e20,false
5a3ec7039b561852,false
af34648eba054a85,true
64aa0e9c2629d93f,false
fda28ade20d0a12c,false
2210f142dbab7391,false
cb4ad6853a0b0281,true
0130ef034d2407a5,false
229bdb1b085806bd,false
dde453359fd1e921,false
696bd95b84bbb49d,false
5fbd714da2de70c4,false
13213898f3db6a3f,false
67ff5d304639bc35,false
414fe5cd9273776b,false
0fdefb30f06ad60a,false
7aa63b278cfe60a9,false
7500143964c3a527,false
5235949f0e29e680,false
0cc3758f064e986a,false
29c6e2848e255dd0,false
91fda50add4f7fd4,false
2a3945331dec0454,false
1ea810dc52d801ab,false
748759868c38dd1d,false
0b115a98b7e472c3,false
595bb8863575c73a,true
cdf49af6a9ffcaf9,false
f618f20783ac2e7e,false
4e2b1a042072ce6e,false
66ec5229ac932ebf,false
52572f5b70604ecf,false
de169aaacd901e74,false
2a1326de3d26f3bf,false
888df0539a242d59,false
614895e6dae89ad5,false
0ce193d9f14fbc9d,false
204534f19480d154,false
461367fde67240c8,false
1b03e7eeb4e7bf7c,false
5fc1ffe0e71f7ed8,false
37dab48e3752c692,false
13882c18ff2a1681,false
1f7f44317a32c774,false
78c9649eb8e27a14,false
53e1f05865a2a7f6,false
0882cecf64345471,false
797cd11aa9754823,false
5babc2e3791e107f,false
73d46f47f130ca5c,false
40e29524c2e6c734,false
2317dac4d99acd65,false
c709e8d2b71c1f5b,false
4d0a6001b20fb8ed,false
1d901a390968e6b5,false
70b8be174ff3ec0d,false
334e70a801ae2d37,false
08bc2c7589951c99,false
6b3a93a4f0d5790c,false
3074956cb749e3c9,false
059965cf174453b5,false
3e3e67258a8ae774,false
62502c098a7a701c,false
180b9acc161fe025,false
47198af9c32b0c41,true
4d2408d66dcb0bc3,false
6883f0f8be47823f,false
4ac0698b60201a3e,false
4c939dba62637bc4,false
a7925d1a0f378b10,false
840a8e25239bd474,false
243247b4bbe502fe,false
ea3481c4863f2161,false
6593148012e3de43,false
76a3257ec9ea2121,false
b7d959454c76eeca,false
4f21557aeda2783f,false
2bd451d404c6bd42,false
4a1bdfebed9a210f,false
01f85c3d958d0e46,false
213f52b049628988,false
4dde6e2cdbfae4c0,false
0e272f7b8a466f33,false
7260c10131444d7e,true
ef01604b3e587c03,false
6758ed71117cbc40,false
7d8659b2a7e3a0e7,false
0b71b1194db6868a,false
12f79a47a0ab1d27,false
179eaf654bce125c,false
0e1a59399fde0c9a,false
61887eb9c311ff42,false
65862aef9df9de2f,false
4490bafb6ebf813a,false
284420f966f21a50,true
5f46756518e4b0fa,false
7ef288079d08a8f0,false
6c277bae7f0d91d5,true
39accf5153d66664,false
6bc3ece109f97535,false
479b69410e122429,false
3202a9f0e359477e,false
03d61a86d958b496,false
189231dba0e729c9,false
2475cfdd93df9660,false
219e8f4ef9c0b3a9,false
212ff3ac6e9dbff1,false
30f4b79d636211d5,false
6a944aa3aeb7b859,false
4add7d18b94e1763,false
6ea559b5e40dc7e7,false
6dc87876c412a3c2,false
7234a92f76e8159c,false
595300215ae3288d,false
2895ee0a966f699f,false
7f07e48594b2ea2e,true
7efae81c31f78bd8,false
4fbb262a96ea6b15,false
0ad4ea7e88722ca0,false
58c90f23e8c9a3ac,false
66ae4101f94f7e1e,false
73aa4d04d8666387,false
095db6612e7e1dc5,false
7135bcdb1779e0f5,false
4ebaeb94b5ff0088,false
d02cf3bd4df904d1,false
68458d5db595769a,false
0f7112fccf17ecb4,true
ca46682f3c4bf723,false
7c67e2b9bcb0ea8d,false
efc16720976ae4f4,false
238fbd87c4674133,false
847a25be49b824fb,false
41ebca59c76988ab,false
6a2f9d64ee9616f3,false
14c7aad288bb1324,false
36f31bf4c48082b3,false
0ba18c5c58e6e4dc,true
596ce6a393358178,false
699930c84df5e354,true
010ab95e1ade76fe,false
676116b092f5a5c9,false
da12dc64a65b99a3,false
7865a7a4f92f4d1e,false
682c88eca72f5605,false
fc6e1f7e14b17a9d,false
3f04e7693627e837,false
56a07589c7ff34c3,false
50012629e5baf75e,false
72e148e7ab6cb817,false
42f669103f79b1f7,false
30a7d50c2eaf6e85,false
032a9a439fc62653,false
1df29aff75a54bed,false
0c482817f43b64d8,false
aa6d9a0f15bde034,false
45d43d3aec246029,false
05c6c5ad209d50e5,false
75dae8c76be8dc19,false
290e98b74f4daeb1,false
3a927b5302d93a3c,false
24d777e5a7cf3e52,false
233959e9877f0607,false
62c88370c4d6ba01,false
4170064717a60745,false
25cfe00e06eef5a8,false
35ed7400f0959029,false
7b03f1b93d06b4a6,false
42e70bc29f8024ea,true
3accd6c0560d9490,true
29d92bd7575c5ce7,false
2a63872f665bc459,false
7b214a49f8b2b4cb,false
146e54fce90b1e12,false
566cef3a72b0c451,false
3c0ba785c197ff79,false
ef683149c7dd1f85,true
5667b70fc8a6a333,false
38cf619f78bbe90b,false
496bcd23b5d02565,false
27158510fec07276,false
593c2516b7646406,false
01cc32bc57392eb4,false
31ad7f4e91e1d24c,false
bb8b96603eb9b8ba,false
0f36f928acf987a2,false
53f218f054283ecb,false
24646fe738f4c540,false
96fc669db0680745,true
a432556c8d49818a,false
7086ac31adc1be65,false
df2c2cd7437f0d1e,true
7e124b8c247665c3,false
692b4e2c70dcc4ce,false
0aef7cd8335d0bab,false
4d92659825d99008,false
154eef7e9cbbfa83,false
193fd3dc537ee232,false
2951684afb85f682,false
11e8ac79c106d508,false
22cce7bf6b829b8b,false
6bf0f0991b9ce63b,false
71b7417110da92eb,false
2e7f8276f84332a1,false
6c53e4db37d33423,false
461c7842c80fbf5b,false
0d78b8b37e719444,false
0f18e9049b95850f,false
12954a937baa5558,false
779ef83bebb6a6a8,false
06addf6a1e3bc93b,false
04db06c3e7bea748,false
00608acbaab5d4e7,false
124be1384cf0ad79,false
19e1d50231f36cf4,false
01fe38e0c1c83eea,false
4e7960a680c77220,false
3fd5b915978835a9,true
be42bdf06635a7a0,false
2264dda5368c6fc2,true
1459869ee411a489,false
415492e4e5c2b8a5,false
5c616874c6ba4fb1,true
614d8a9d3868b6bb,false
a2943813bcb9ec28,true
04ee1e508600589e,true
59a271138a1ac593,false
ded189181683bf18,false
19c5b6c1ad4b5bda,false
9151f4613e232453,false
f5e55dbbf200fc6b,false
93f07b676631fcb6,true
70e70f1a50ff142d,false
3053539e38552710,false
1c7827b62bc7a0c9,false
68842bdfa2d7c938,false
061cbe953a3d87c6,false
646eb81200d74d8c,true
24c1a8bed52dfc48,false
61cfa9bd7ecf5f32,false
ee504a1255e2b3c3,false
63583d094f03458d,false
6834e8673725ea11,false
ac6439729c89284c,true
30585d4f8c2f91b0,false
578954e01d42af9e,false
481a2f363e51cf30,false
4c5a715068462451,false
2aa5b7a2300ddcc4,false
4b7648dd88e8ffc9,false
0393c779280f4b0d,false
778f93f7d548c37e,false
1820f23473fd76f4,false
1dc962ece59ed46d,false
8cb97f420ab0b55a,false
2eaa2fe4ef3ff51b,false
4db6f585af08e1f8,false
72631e00f35d3a73,false
58c0d715894ab2b3,false
1d151ac77338abfa,false
b33a9188f4ca56fa,true
00d2474dcac019f3,false
4024448e0224fba7,false
c98468894cacb6c6,false
67203808c38c6aa3,false
3f9f84a35fc2b106,false
b516c1e6774995c7,false
6b0d67b02cd7f22f,false
59e1b3d454f4af65,false
62ba32edd30fe7d8,false
20a31ec55c96868d,false
71286f3005a4dcf7,false
50a3cd445949da46,false
0abbaf2857517772,false
275586a6af46fb5b,false
79a3013f579aa68b,false
53e80381f9d9c922,false
27cd323b8f17fdd7,false
6e840b4cbaa13ef1,false
71769094395f3b1d,false
27545a2726f8c836,false
2a23e14f566c6662,false
3d5e3618b9336eed,true
4c223ca98ef1d850,false
7d1f48b665704551,false
1ee0d3c165c4d030,false
db8326a26b73580e,false
55a91fb25bb8996e,false
3cd305a882023785,false
6b078f51f95a7b10,true
b8bdf63d1122952f,true
6745b0f93ab28946,false
180033b89b848e88,false
0fa89101ac17bef9,false
22fccd31b0ccfa1e,false
5592e56df35eb57a,false
599a8154c3e278f4,false
781d31b73f3f395c,false
674a4f2abf3b95d4,true
6dab130fe5dae283,false
6b1aa6f5b05dc809,false
600f16d931082aa6,false
0585dbaeffd15089,false
6846191d79d4cd62,false
7df86e092dd7d915,false
ffbb8b48f797f978,true
2f0dd10292cefbdb,false
03913c8627858497,false
1bb37b4be3672acc,false
c9606569d504381d,false
697fb02e702f95ef,false
05bbb9ece1c744ed,false
31037f43905dab77,false
09b74c9eb5d597f2,false
f02210349aff5b62,false
374913c40245f5d0,false
3399f4f47762b899,false
12ed7b9f94479456,false
284348829b646358,false
10df00dd28539e59,false
5a9ebfa05f722009,false
5b4bd3b93d9968fa,false
5a8c8d831a432465,false
00431729acc3e55b,false
3f95584004fdc647,false
718d08f3b1668ae8,false
3f922bc98d8062de,false
64ea6e22bd4cc859,false
4fb7455d7cf277ee,false
8d948c9da3e05dcb,false
241f43f1a9996a7b,false
5b22f623a6bf1658,false
080cfed849b29ef6,false
567e7a3955fd97ed,false
b637f87ef06a6594,false
3b3499085f93f046,false
c2e215cdea67530d,false
a191ea8e08c3c8fc,false
44b3d6a2789483c3,false
054bb223df1b4d94,false
d4a8a85088620eca,false
29f224ee62db22d1,false
74a9703651fa4e86,false
6308f73ac79ab0b9,false
1674b1c04ebc7fc6,false
0de6018f6e386a4c,true
fc4b52021bff2a73,true
c53fcd78e96bb41f,true
95e140ce5801fde4,false
b291ff5d9f534e3e,false
238bdbd448b267ca,false
33175e3d6e757a36,false
0d36037110ba0acb,false
e6d0665e96ba793a,false
4b2a4a433163bca8,false
a41f678ea442d9f1,false
26f7815d1040816c,false
6f32741a3a1b1768,false
658c0123f1509d65,false
38fd9ae1ddcdf695,false
757eba74e184c7f3,false
7be3fb8573521863,false
672f46bc88379e26,false
6b5ff0077d4bf497,false
6de382528b5fd0d5,false
3033d6f9e64895b8,false
9b349af929eecc92,false
593e297546cf95d1,false
413b136aa550e8cf,false
023d0043e9b7ee19,false
5d49687aca704a4d,false
21bdc3e741c580e5,false
48186f1eccb17b78,false
913b27cc96aeb4f8,false
2f4204e1f9c892dd,true
6fb57ecfa56d80b3,true
20106f29e6b8b069,false
7904480d2032e53c,false
65d22bc59955816e,false
34e7e41e7602d236,false
7386883a587bcb81,false
7fe2b6b2f6d56fdf,false
4a535bff68498a3d,false
1c50f6fc21f7e3db,false
38ac243f4b7c9914,false
e45bce2e5fa23e8f,false
602a8abb84e16022,false
a58cf6b1c716ed5d,false
749833beca8e88fe,false
581359086966d731,false
6cf180344bb18237,false
98b68524905880f8,true
0d8031da1bd002c9,false
8c4cb3eb4752ec9e,false
345bf45cc053c6d4,false
4d464e46dab41f2a,false
cd45c7f96537c6ec,true
2f1d694a3497c6ff,false
1e55cb76fdaa9c25,false
2ace6865a7107ad3,false
c44b84dd5ecbb796,false
23c0b9f3be539914,false
3d9511c0f2cb973e,false
740cf00f8a90278e,false
145a4f8f7cc0e66c,false
606e5d1346502043,false
902b02121d71789a,false
0deeb6370dbc83ca,false
0a9373154ab3f849,false
79c9d6f3cce58f6e,false
2f72c36cdd5e82ec,false
40f7bbfb52e5277b,false
3689ee4f36759cd4,false
2bb34db2c9b63137,false
8c8c1bab34f131c9,true
78b201c917f0e878,false
70635c10565e8417,false
5dc7b8d74eff1b0b,false
1fe07082780c15d1,false
045aa5c4e85d3be4,false
2970c16c0a921fcb,false
3ddfd95d8d9b764f,false
617a4a5e598f9874,false
60497fb04c770c40,false
5b2ffdaf67ccf323,false
148683e3a3ee7e28,false
4d7c4fe3ea063af6,false
7a88399c4389f066,false
4a46258069773a2e,false
696e663e41162bda,false
7c7fc3105683b365,false
4b0da0a13a96da56,false
4244fb5f440a5b53,false
2bf5372afea0fe99,true
576fe0b03d219a4e,false
2f2f65c65e93529a,false
3b9173127eeb477a,false
109780b0c78264f6,false
207604d8b7175fd5,true
635a23ac2c2621a8,false
39390d98400ca485,true
f095ec6c7c667730,false
06531a981edf3edd,false
07e9717d1cd0541d,false
02cc5276e98590d2,false
0ba94e4fad16964e,false
64ca18883aa429d0,false
bcc5a5246ad326bd,false
70f9f3f085cd55ff,false
4eaa93a8ad56cd5b,false
35b153fd0ea8ad09,false
0b597027efdcbc2a,false
634a6bb8b4ee0cdc,true
6941279daa5df3d9,false
5bce3285d11a173b,false
15d00001ed1d56ac,false
39724fb4e7c4c0cb,false
7ae87f7d79ccd1fe,false
09572fef55d26167,false
3e27724e60a699d7,false
1e0730f74212840b,false
828e08cb00bc4f2c,false
b771ce03fead0831,false
06154f73a623d9cf,false
739872c75e24c7c6,false
5e18cdc2b4340d0b,false
6f73daf755a1b30a,false
6d8c41f207d7f9da,false
4c8f30881bf8a78b,false
63050425317a8656,true
8591e48d3baa3478,false
e142fe34a844efac,true
03c010643d7c2b61,false
29fff6e709fcf937,false
5cee231119f97c85,false
18cb418a164f39d1,false
071b90425df4165d,false
8a6385868031ccd7,false
0a80aa0d2f03ed78,false
33d17c1d2ce195d2,false
38b7abbf2e717061,false
77499a2d79a562f2,false
74b25a31700b8c74,false
4eb92d8799924f0c,false
166bc094a59cc4db,false
27013268e2aacf31,false
f8e5cd608ba6b2dc,false
1b70ae09fa66233f,false
8998323a97ad1d47,false
e0f79447a5668953,false
78928e17fae3d962,false
21eb81f1ef15b47d,false
4da0a03078c3e0bd,false
4106981412f1b8f2,false
582f654e174db92c,false
14cd2564bc060338,false
a081a3c0f07b40d9,false
6bcf4dc1a20ea7d5,false
12d2fed83fa8e5e0,false
0b65ed04aa3036a9,false
183c9a43482546ee,false
24b1126ca3d0bc77,false
06a7aab307823d58,false
47ee27d08f983b48,false
25bd8bb8fa1f01e5,false
7581d834d7e1b95b,false
6288deb820398162,false
412095df22606ac0,false
0f1f32ef77570cc8,false
554fd099a9349eda,false
5fa3d7a471e567e5,false
56dce46b45ead468,false
7b704a767c54809d,false
54ab234df5fc34b6,false
a9cda42a2df6675f,true
097539e401d215bf,false
8d7dabf973ac5d3c,true
53760a180da6dbe3,false
9d900a250397793e,false
4c204c7ccdc70664,false
35bb136e05b60923,false
76e0f7534a71f451,false
e2d31205b837d09d,false
71fe00ff0275c58a,false
7e7f57d996c0d32b,false
85f9321becda6da0,false
68814082c3da83a2,false
7da8121bdc9f10ea,false
b6e8fc9b0808cf59,false
63e2a86fdf0e5013,false
5d79eef674722c70,false
6e61a21d1b8d9f96,false
2a60d519fa1c1c84,false
411bb395685959d8,false
7ba07b64ec53913e,false
a839f42b2c9c74a0,false
13a7693fffcc4590,true
a09330c791a724d4,true
5e4c0c2b41ad225a,false
daff51c4c1c59c46,false
10a6f6d4e813bbac,false
0a7a4fd290f5825b,false
965f480396aa3134,true
c1bd08655bfd9c0d,false
2d1c6ac4b292e09e,false
733fc9b6e96ed70b,false
669385d018999952,false
11d5592cff109cb1,false
8a9339966c8d33a6,false
289d60fa5d30398d,false
46eab62d6db2098c,false
57a895fe0d45203a,false
08c3b6a92f8df442,false
049f481ae0f08d0b,false
bbe2884b53d1cbf2,false
df33560b2824a5a1,false
44383ed41de177f1,false
1a13c699234147d5,false
00bb32b49bcca30a,false
a51262de4a068fdf,false
c51ea158737c7adb,false
2570880bdace4147,false
68691b8537cf8f6a,false
7eb4b55112184f37,false
6d6804a57110c01a,false
7b3588f4bf9103db,false
e7a49ad594e5c75b,false
5075b20dcdbeff54,false
27554a739bc6b726,false
6e6e044da84444df,false
776778c5c9b655b2,false
09338a430576d392,false
5f360aaea58d3e15,false
1bfbb5f6195bb255,false
7f811614e510573b,false
008d853f65d7c3da,false
3065fff4f6c9d1f9,false
0eee0b6eef9dbb59,false
435ec0085d8f87bd,false
348c7a13899f64d9,false
45ce8f6c348f68af,false
5c33b10a2901cf8c,false
8d3fe4d8aff33025,false
d4297d67b7c85916,false
1586aa2bb7956c62,false
4b18299f00e88a80,false
230bced8b1e78a95,false
59f9606e7d84d7fc,false
4c56fe24bd0146ea,false
cabcea9cbbaf70ca,false
4b016a393124aa4f,false
3a6a68e230bfff24,true
a180cb8b48696bc1,false
a3b44c19198eb810,true
a9e708b02f470146,true
0ee43cb8dc7d1fe7,false
7edacb757f4385c0,false
a9479eb9f046bc66,false
460e5ad117ae87c5,false
0bcac586ee5eaae0,false
55795aafa930ce88,false
24688ede0fd62157,false
dc8ff72e176ed9a5,true
200ddcc931b3c22e,false
f0b3ef3f9272bb38,false
58a05ba571083dd9,false
4dba52812d718b85,false
60f696a7df5099d4,false
556447a8207e40a9,false
5f7a9f6b3bf54f04,false
6b522c568211df84,true
28f29696bd4eb643,true
348315b5c50a5646,false
67d86583e70b2ba2,true
7a728186afc18560,false
1988bf4111842aa1,false
54e583163dc15e65,false
72c957773e475b31,false
ef8fd7e209ff8c5d,true
093adbff4ba6b5c7,true
a44f007a5343a97d,false
42c4fc64cfa6cbd3,false
1cb0d96ec09b453e,false
320dd33e31fc7d6d,false
39619292ab4192fb,false
371a52a23168f55b,false
7535aa95b4004496,false
da149b953a6b88be,true
4f2255c7889ac326,false
507a659d3d0fd6e9,false
0cf7d337ed717b1e,false
2f8d8230f31887a5,false
795fc3b6dac10bf2,false
067ab765e64f0cc9,false
aeb3df3682b7ad2f,false
2cf8f956a45228fe,true
2caff44572b93ef1,false
e53249717e91b413,false
193a2a23df0f6676,false
14ec3f565670cdf1,false
0f7311b6ce455fa0,false
3d1eb6e5051f37d0,false
f54ae04e8065257d,false
7ae164a5c5dd29c3,false
16de4dbdd5c95cff,false
5ecfaadbc6a9f52c,false
e281272857bb12bb,true
1aa58a8c8f319c2c,false
5fc17fff5792b240,false
191d34b6631cc5fe,false
650f4a95d5fd4a1a,false
9d12912af0231656,false
36cc0487c7c796ca,true
1fb5d29278262055,false
23f9ee20825cb147,false
964dd05905fca327,false
2a9f74a88845619f,false
234a0882067d1eb9,false
34b76aae8fcae6d0,false
11b2d4a9d5cad191,false
04ed4e9f7788a5e5,false
2832a4b900e643a1,false
08d51a4967f7f394,false
346aab7b221c9739,false
7cdd58547f892f09,false
9beadf786d3ce30f,false
0784a05fabeeee64,false
e0c9a1dc9c64401e,true
5e51ee378a3c5084,true
387c6c06828855b1,false
0fe09b6877799111,false
5dd41806c914f3ab,false
547482d13692bb57,false
a8719ee1b3189619,false
0728c8b380fbadf4,false
4a44069afdae06c3,false
0e9323688e7e9e74,false
35a2ddbb3c464938,false
fed778d65946d7e3,true
8c21d9e55cfaa8ed,true
2e573f4b3dba2a9e,false
49a44add8def8310,false
0f2e4323d8ff3466,true
52a07d42799a22e4,false
6b8bb089c451362b,false
966b1ffbfa5bb8b3,false
00cb942677bd16b4,false
1f639827fe23b8ed,false
2687b252f0e5723a,false
1f73a94041349655,false
56968220cd5b6162,false
62d05cfed068e70b,false
3c1eaf9be1eed974,false
6efc3c2152ba4f3f,false
6ffb583dff1f367a,false
315eb610a4ef0482,false
134fe0c35c6a60c8,false
588c41faa6454dc8,false
0c2a0f08c6f07369,false
e6c3e70b41ebc759,false
193569ade7446c6a,false
efad0661cf4d6daf,false
325c1a23224f2399,false
e18aed0fa70037c5,false
7ff1aa25ada324b5,false
1d2592db772a39ca,false
bb96ea545c5ec18e,true
365e979d3fcdb549,false
0d9f285be22fdeab,false
341a31e5eb5cb117,false
3da16f9e9212cae2,false
3798144e57c9fd51,false
38442bbf85bc451d,true
0a17b8bd0b009cf6,false
7bf556b196b9bd7c,false
590b2f8bc2444beb,false
4ac1abaef85438f8,false
1fb2223a9bd183e0,false
ca51544892013343,false
42cbd6ab6d269b70,true
7ddd45c1cf0a3a2e,false
e113db56a5129b1f,false
65c5f190e29149ca,false
4831629213498e32,false
6c280f5e54644d7b,false
4d05c8ef17e1286a,false
b2f0437666c16d9c,false
565e5ed213767275,true
e4f37bb3c64fb2d8,false
138f27f549523316,false
5e39c143b2bfd8a0,false
29e73f31206960b6,false
a8bb822d5e7643cd,false
20770421392a94d1,false
1c977f606048d9b1,true
73dd6387979a2c76,true
46d1a3f3a36fc818,false
922e82934af278d7,false
3ce6fa7c6f2456f2,false
b88091001065bddc,false
63d6f283ef87f0b4,false
c563550bb6a25ca4,false
0bfa658592c986d7,false
17b4c2a1a5ff2a63,false
2f6c6da766d3d483,false
1d9fbddbba2ae6f6,false
36f69d28dcceee69,false
8f7d7404e29bd57b,false
24eee2d6b4ddec7f,false
36541b859297a452,false
0c5a9527899bd0c7,false
d73d18d8435523df,true
d8a7fb6b4b1a3f25,false
66751a3cb6b461ab,false
158c9ce5e337d8b9,false
226e32314b7f86e7,false
16b0d65bf21d8caf,true
58d86aa20fca661f,false
6b1bedf3ea58d674,false
61ec5132853987b5,false
867d30dfef52c5e1,false
bbdda9d855ea6418,false
56c1febc5e9af5dc,false
7c2846c910536978,false
1fd3b7dcca914f3f,false
9acd8cb46a328054,false
3a4d3d19455b957c,false
e2750389c1a2f132,false
090c9cb7440f4e4a,true
758a3165ab95d990,false
6c7061bcbe60e44e,false
403deb1770a82c81,true
18dd66b65f4de429,false
104f96d9990ac129,false
232f881e8035595f,false
38e0302dfe43b50c,false
228b68551cbe4f5b,false
abdf9119c46d45aa,false
4a01023451262ca2,false
309477931386f822,false
4c3679400be17ed3,false
3701a87eb816de76,false
4a1320a5f4bcbca5,false
c798293de6366904,true
57547b6989127148,false
1c6781c0d76c2503,false
210ea97d5d7c1dd3,false
3b50f13309920e16,false
93357b3494304c44,true
265746c07246c6e8,false
9143525d1b63f8f3,true
29ddd059bfb847ed,false
02dc4f2f1520877f,false
136a549b72f1c235,false
56bfa0b7dc10e8cd,false
500f460c917eb56f,true
25c1fa67463ce77d,false
c046973b1ddc74f0,false
4750421eb4d26b31,false
5678cddc33a0927a,false
2f8da1fdf789bd90,false
13521d8a3d02efac,false
ff80c57ebc2b59a5,false
03ba7458ee2c5b46,false
20f188fe517563cc,true
4bd0d47b69859574,false
193875cd93152904,false
e241e33c38f8e317,false
11b61eb93ccdf5e4,true
374a98da60fd68a3,false
b6aa6c38d0014e3c,true
59583d6cc76d7f10,false
629ddf0f442ba2f0,false
5b4dc5dd2ea445c7,false
fd1ad75baa6ff0b6,true
67ea004a00bc4e6e,false
e4f458422fc4a856,false
74d004cc52de4208,false
8fb7dad826aaeceb,false
a79e1097be69cbad,false
675bbfe64d3013cc,false
7b08f204e217864a,false
21889d306bba840f,false
0432964057a5c883,false
195be43fb844cf7a,false
5f8a94da070f875d,false
5fcb2374a92f5ff9,false
58e1476add40a408,false
e0132c06d9d7ad1d,false
d600fcf55dd75e29,false
39e8bd7b91ad2b1f,false
1bfb471800a19a12,false
09c8ca429d7f4d37,false
11880078e10fcad8,false
4189dde4cc09a627,false
0483e2cbd124a7c5,false
4f5257eaf2bfda9c,false
130017dac0df9098,false
3631c047398e0a21,false
33d3f32049370e04,false
20281d4c7399689a,false
69cb34a4deb2966e,false
59aa4e27e5c1c0b9,false
56cf65a9cef5252e,false
0cc93829d28eca61,false
d366d141e7e026f7,false
5a42b3ca560ed75f,false
e71640ea15b3a3e1,false
77ec4c4412fbaed0,false
172ddea783cdcbe4,false
44288d83a6f7b292,false
429fec23802e397f,false
34e13c2f2e875809,false
6067c2c38e2fc71a,false
6bf8841a93620d9c,false
12585231ba652812,false
1ec64e27a35525cc,false
34aa3a206cebbb4c,false
4620c68b5da4061b,false
257ae1a5e02e7d62,false
0a5dcaf72f552dee,false
a830581d6131f7c1,false
6d083707dfd76945,false
7ffed3c51e83b9e3,false
2b6077a3988f53d0,false
11175fa9205eec52,true
641d3fa7088b3b54,false
f75bb2a4772c1ce5,false
2578a3898618b590,false
2b8e7d0f4f7384a1,false
0d5e0f86499a7875,false
42be26cab135a008,false
41dc9d9e2a335d2a,false
163f06c646e57672,false
8c2c4a2959e8429a,false
21b88406b3ebe105,false
55031a19c1dde727,true
32c362cae46c9a32,false
fa9a9aa0dcbef845,false
79ad4019a78a20db,false
230ef9fa7da04e79,false
3d490c0020745997,false
a650f0f128539bd7,false
6db0ed881ce19d9e,false
3b79eee491c96c7c,false
3835659ccf33b7d5,false
455fd7214b245ff4,false
36eb1fb7ce959af3,false
4a24dcf82326fa4d,false
0278d0df3774c72f,false
452ee845d9a59579,false
0684300890201cea,false
2fba75eb21b888b4,false
3e026b8def47d2cf,false
7a6d33297be30fa3,false
7b9f2c72bb447050,false
5ba4e2261aeea5a3,false
fcdd787bad98a435,false
6ba8de54ab309436,false
3a68d7d4f690c42c,false
d1655da81f7690e7,false
1a679d94b3749f4b,false
a36cb37c234d4930,true
7ca689f0e01a5730,false
39e248f68f620a48,false
4627a67af890c5ad,false
31195dfe3108d070,false
1beb2dd8ba1420d6,false
7702980cbdcbed73,false
e1f4e5aaa059b255,false
56444890c2b1a44e,false
0b6dfa3eccb4fa08,false
699b63ff1d45860f,true
794c73c7f2bae3a6,true
24628c97bc3940c7,false
e227129846f54635,false
5dbd56dbb29eb4cd,false
b99d180a5f9f00bb,false
17d3aa2b9841f13a,true
5aa87fcd3d0432fe,false
28b2bfea66e98c6e,false
400c6be659598da0,false
500e13eb0d20089b,false
299ed2ccb2ef26d7,true
70f5cda634de8b00,false
52f6adc1ec0dee4d,false
188689147e75b469,false
289a6e7df94f883a,false
561cd5acbc38866f,false
d4cbaae184f2e29c,false
4d1a1d269b4a3dcb,false
6027db97c440c159,false
f976a71416262a62,false
53d27e1123f28578,false
125581c3ab6c96f3,true
8e72b61d9ca687b0,false
00f293c62e04d9df,false
e55fd6973c66abf0,false
d9fc4504ffa9ca14,true
b52a7e4eeae0c20c,false
0dd7f9a449527b00,false
2ebc902ca7c5f95f,false
3838b5f8990e3def,false
22b9209fb2665eb8,true
49dc714746eb40f3,false
9a4e93583f027d63,false
095644f7407d4786,false
4a3d489e58a8a850,false
08691e664e438d92,false
4b0bebf7c061dd37,false
523f0666ce72935e,false
67b42a22cab16eac,false
30decc9a639f8764,false
1ea76e96d64b5bb9,false
f4cb6697c743cad2,false
4d33cb7ffbdf7e1f,false
5fbc85ecb6c894fb,false
6969440a3ffd50fe,true
78eac496a221b64b,false
c42098b2fe0680a5,true
dd9ad93a0dd87fac,false
056adc22514142a7,false
2db009d3e8c2aae2,false
62d218d6bbc12c4b,false
444485f074ca20ab,false
b3186f26508e37df,false
318c7e95a6c7fe98,true
14a87c18b44f6a94,false
8dc5b7ae24af930f,true
23c59d25f95236ab,false
0c43b5c581db3ee9,false
5b710244e9347d01,false
4359d5036c7e5d2d,false
0c55761e2a1cf2e6,false
7418a018d6a77c2c,false
51f6ed29ab8d274e,false
53e86687043db7f0,false
64beea398a4e4171,false
72c792f83e13a335,false
9b47b22c22f5c0c1,false
221f9c05af3f48f2,false
dda14f5b15c6d32c,false
843386d66780299a,false
0cf90e15b68896d7,false
4afd95c2f4f82a21,false
6ef81a37bcb9679d,false
31da6ea75e055af0,true
16b0d2fb5cc56404,false
5212e2b4c216462d,false
71e17e5e71e647f1,false
e6022d3ba715be89,false
0f5349a5c308ad57,false
72dfdab6d45c0e89,false
3026d46a8883d655,false
c60fe57487be5929,false
f665cdade46ad59d,false
5c2eeb9bf7df8d56,false
e82e4fd240aafcc5,false
43d31f4dbd78b288,false
7dc693324c548628,false
6e28c005611f46a4,false
0f36bbf4964d67b9,false
9b0d1914897979f4,false
78121c479588b6b0,false
4e2a458d16c382a1,false
23375e40d0e0b33d,false
df637aacc2facb53,true
62a0912012e201fb,false
13c9613c180b5aef,false
51b3c9cb5d1e78b4,true
ed859d084919b44a,false
e5a0b2a751a8a967,false
704195a5dbf0933f,false
4554b8c723f32ce6,false
254758215c301d13,false
9fced8a1d0957f9c,false
452326bc1fedaff2,false
73bf7ca18cad94d4,false
3dd1c3f5262e4729,false
6d92a09fd3d9aae4,false
3fc7e543d331d75b,false
33cf2bde3768e596,false
69563c75027c75be,false
24a37a21ec369c13,false
3de535ab75487746,false
ef1b9af432723b09,false
76f59b12906d16dc,false
1067fcee3ad6d0dc,false
c7ef9c555e00f54d,true
250d76a60c2ec788,false
0fdbf2c186965572,false
1f4fdaf9eecc2df8,false
708c187b1d4941d0,false
00f189c0c2bc66c2,false
3846cbbee0aff664,false
3fecf573349b96c6,false
7a532846be91e1ef,false
5a7a30b2a7649270,false
37ebb20d6a0b39d1,false
b03bab504f186937,false
02e59ad74e5d551e,false
1a9e18803f48feed,false
c4835b79cd06e1ed,false
03c72e2f0dbd09ec,false
0992edb7bdf3d329,false
7e7314b8b8a420dc,false
6091d7233fcf3783,false
e51fbe56314f0b68,false
6f12b1c79a57cf03,false
1449bdc62a8f472c,false
b2e3d24e2c1b72e0,false
3b67f4a2bf47eaf5,false
1cd45439975113fa,false
7bba6f40615ababd,true
b757fe7af29947f2,false
700e3a24ac24ac3b,false
556aa3bd77ec9114,false
ddc967a63974723e,false
e1c20590c891006a,false
59b3d372a3b88e32,false
37d97dc511b1e864,false
5c31c30f18b36989,false
0a51049234abfdb7,false
284e7493b834bcc6,false
3630dce00f8fa879,false
20dc898cccc7a8d7,false
650c385a3a9971e2,false
60ccfc50584ca525,false
f52d9d478c1a4085,false
760b5f0af3bc0587,true
3c3f5ac40c003693,false
6d38e59ce56aa362,false
640afc8f62b89fd6,false
6902068e02a41da7,false
0e61240f559a8c10,false
285991b5addd51b8,false
b7f95bbd12bc7b73,false
03de33eeb5e50f55,false
3b2ffa558de4d1f5,true
3136138b4a77e9b4,false
72df9df87e5217eb,false
40807aa97da9cc0d,false
70b9f684e9d44d83,false
f8046ce76fa478c9,false
3c9ba1719ffd1623,false
4af3675f96011a7f,false
f02579d0bd473f77,false
76817e399fe4af4c,false
69a1353cdf2a2194,false
33a66c7730df7475,false
7fa400d40c9470e5,false
525cd416c0cc9177,false
17ee8cbf82f85892,false
17dc1c5c7d8c4380,false
36357b02bc34e72c,false
979454ed6849908b,false
1bab4af6953bd959,false
9cbed0d2bd7cb5b0,false
17922a4525c2c71c,false
6d1dfdacf358ba8b,false
a773abfda87481f0,false
42771612313a294c,false
bbef51aa25a62549,false
009d6fd71e2738e5,false
2be5df9c28235e52,false
4f9b175203715f4d,false
1db95edb1de27011,true
71f0a1a2f066218d,false
b3fe71e7ac1d4204,false
2493e87fdc7c63f7,false
1c3068a3c1e2bba3,false
107bfd995d6abd6d,false
93b213b4076bf6e2,false
8d1923a4a0f323e5,false
6611132b6cbecad8,false
47674902dd7c66ae,false
7ecc4fca78fb0e33,false
195f2ca4e372d3b3,false
4a9ddf71251e231f,false
77cf2948e3921c19,false
23814df5bf9b0451,false
7ef0fab60c58c203,false
7da2c3d51899a838,false
07874c95377f6130,false
2e471fe43d263a24,false
411faab31263ca4c,false
7f5091862f26f362,false
0965feae40e8e3c6,false
0de31e8653b014f9,false
3781398607d22764,false
3c7804d8c4e998d1,false
ed934925f786d6c5,true
7f1e5d664c703085,false
4bfd4fa5d7765215,false
4144a0ae4259d927,false
0590656c1800315c,false
35c7d5519933bedc,false
3593084ab1d3bf23,false
7aa42cfdfb6b0559,false
01e273f8c432bfde,false
76c5893440fc9791,false
5be210b83e33d2e0,false
7ab1c4c5510e1690,false
f1b56ec7e2a478ba,false
c848dbab30bb7c9c,false
3e0d86caad340340,false
1c8074c568035df4,false
2d58eca98f9f198a,false
0c91d3bad689c999,false
0de75564bb4eb427,false
363aa063953c7230,false
142293909018ff81,false
4c1fe60c6f942193,true
6e59f3040eecfdfd,false
bb85d364a82eb585,false
66a058fe7dc16433,false
fd8c767e13100822,false
4b17c3942aeab380,false
7265a8724f59da57,false
76d497ca536fa321,false
106b1465e342dcff,false
4742503d8e09e5fb,false
62c7e32eaa63c01a,false
25800ca2541f411d,false
551495a700392b87,false
28a31d9f5b432ffd,false
07c052e75bfc69c1,false
44dcab543a298ab3,false
43f12bac3b502a22,false
c87b2a3d961ce582,false
35526bcf5d0215c0,false
5a9b4cf44d5ab959,false
5e5375ebdd354343,false
5b04347447dcb257,false
5089e02d41019376,false
db4e77f4d94e478d,false
5933fdd1204bd456,false
343ceb3c26812661,false
9ee6ea5bef0d9acd,true
5a83134b989ecfe4,false
16059b06a5698ac2,false
85e7887647182ee7,false
0acf292ea3e26d0f,false
bcdcd4c65bef7f26,false
6a82687da0a571ab,false
101d9f4372a6b7a0,false
5c3fbfb9054b9906,false
56b17816aa3e1fd9,false
646143ee7f01f4e7,false
99927835a931e215,false
1dca5fc5852e97dc,false
6d2dfdd1189c4e4a,false
1303a1df622267fe,false
fc5f5eed023f373f,false
724fae11cd836d4f,false
51518586c184d172,false
e91fbfa0d2085bcb,false
31d1dcdbcedbeaae,false
4a5adbf5e906db33,false
62e1bb1901f498d4,true
443728fb4c5d1247,false
21854e7dc5f70628,false
223c2fbc2379218e,false
7b27d91f501b3a14,false
126292870ed8b00d,true
a2759bd31b2717dd,false
f104c401814d83a1,false
3aec8096639329de,false
368bf898f4bb327b,true
75235db28b2da19a,false
77fa5fc196d76e63,false
8d394dd75f828232,false
0f192477fd7537d9,true
69ab4c881d927454,false
2445c4d0b3a60924,false
26091c6124b33dbf,false
5f358142962823e3,false
0bdda85c177fb341,false
08f426f2ec05e970,false
69b13c225950664d,false
5790dff488a94700,false
3bbb48d0749af6c1,false
6815673a8b412c7a,false
44db24859b2c0540,false
b689f8c6deb48c70,false
1a0dac94a4cae296,false
3ad3f98cbf09abb3,false
01bc42a01e3944a7,false
48999547e2c6b1df,true
54f2b1dc5fcb7989,false
115c5a9c2c3eee10,false
1c1fd94ac588ddf6,false
4fe3e26056c4a9e9,false
bde0d1422c225849,true
367a48c711374cf8,false
50a809873c5ed9ca,false
4b9e15ca690c69b6,false
638d2f1dfe09151b,false
cc15f413176a32ab,false
25c61282ca52cd2f,false
24da44f70f6a1d00,false
6f45c09fdaf10755,false
1f03c65975ff26df,false
71f5b42bd7b12fc7,false
1215a8ea7f748e19,false
060ff83f50c66ee0,true
1889e5c9c67a2def,false
4d38b792049ec36c,false
7c165417274dd99f,false
43c81cac47470e78,false
43d3deb93f1ffe31,false
a9c77be6e8c156c0,false
0830c760f7fa652d,false
047ea5c361274532,false
34ac7d329cc7a55d,false
4c0b0141a236ab58,false
326ba1fb81f79479,false
4fc6dd0bf986ed00,false
4b889fbc37e4ac6d,false
332dc3b184d911e3,false
f174ddaeec094b2a,true
cf8770e6b1a8bb5f,false
37375387438ccfe3,false
1197b9861052fd49,false
3f88a9a1a90383d3,false
5047437a6442594b,false
4820e653384ce3d4,false
76af3a960c3cbbad,false
0b8b8357276cbcda,false
5d58935692b7ef93,false
4ae46538a7cef0b5,false
27fc699b9ca8de6a,false
97bfee77cf786e71,false
9a7a6d2999ae753f,false
2d1ad957ee21b897,false
3172fbd5f5101dfe,false
7f812561942fcb8a,false
31234e263759cde2,true
0957e35b49e93cd6,false
1175849f72bdf571,false
f71dc2346fd68d30,false
74b78ed6479960fa,false
d7560a250b118672,false
37106ab53ab044fe,false
daf9950d62215afe,false
5f823dd8fc9470a9,false
06a4f3b86058f493,false
74d7398692893b37,false
1b61b3aed3544c4d,false
4167773533ce775c,false
37ee018c53ec37b1,false
5cb8b47a924d256e,false
07f2440cc84bef5e,false
19637797b284d747,false
449737d1a561ec84,false
74013a249d508c93,false
c1684f920141b9bc,true
e913b9ede2dfb709,false
2382bab56cc15f4c,false
68539bf7a117cd05,false
71eeb8406c586450,false
bd206785ef9e6a92,true
15bb6105fe933b27,false
704917d796c4b8f6,true
e5f33e9f4a40c264,false
68ec4a43e5be8ac1,false
2fd3edd342be90b7,true
4a5b999dd88540dd,false
60dd76e4d86f3371,false
74f1c6eb6557753d,false
636c5679f108544f,false
0a2c89ba4b8b30f2,false
06b86465d67611dc,false
1828d2e8fcbdc670,false
601a54a9690a2019,false
67bfad8244b68bf8,false
febca1f9afcd8830,false
c21bb792864318db,true
25ef61921e35104f,false
55feb32d74d3cca9,true
a826da98b16ff0fc,false
2f5c754910eb52a9,true
232bc466225325e2,false
3409746f01ff2924,false
322005ce45fc2069,false
432c1fe35aace31b,false
9c33412124a9d932,false
48c1f24f7e7577ef,false
7496dabb223c7e3d,false
c159a559261c7135,false
19efb3ead722666d,false
494fd3d6cd153865,false
75f196f59a6b9c2e,false
0686fb6de34a5d44,false
7e49f92c6231c094,false
79bd923eeebfe7a6,false
7c199187de2d535a,false
459697bd5329c8d6,false
54b1b23607f42d82,false
765f601e12bcb8c4,false
3d8e58e6181b9540,false
8ad099c375a8c3d6,true
920a68859e35d222,false
2ae272ce58143723,false
494b7751d9735749,false
734ba674d8cccbff,false
5bace2d139b5486f,false
3521ed608abe59ae,false
2834b7c63f38b166,false
56e408e5cf5595fc,false
a3f6ef6a37e69b52,false
167bb91c08e99051,false
77c9a70c78a41aad,false
410e66904e1ddcaa,false
2a4d4b001739d30a,false
43b8bd796021f1bd,false
65da25fe7c21c1b2,false
73def09bb1be6421,false
532dbfeb1aa9ab05,false
698f07873fecdaea,false
2832aa4881e80c55,false
792f384fef4deb9f,false
2480d2343627bc55,false
04a26240ac12614d,false
217794afe197299d,false
415546d90488de43,true
008b4c3ff1121f72,false
184d198154060224,false
9aea4d1a97f15ef1,false
7e6ae79291dbae05,false
780d50a91b74c16e,false
583ff26e9342c931,false
3fdd1c7a9671bf49,false
1d9a323f32581cee,false
717204f1c2fb7f13,false
ca1bbbb79bcb5e2f,true
88cf4a7e11b2caa0,true
97532a4907187536,false
371e4da0448a2768,false
cb731ce1e46e6b4d,true
01541f2609031f5f,false
4d0b11acf807dd77,false
780ae43debdaae7e,false
460c9bc26fee313a,false
cb6c6cbdf93adfee,false
3f7b8451d97c2e06,false
15bcf4ace0e449a5,false
501beb67e9f90084,false
594fd31d1935b9a0,true
776ccdf5d6e5912c,false
6d51c8baacf7fa96,true
30578fd44fa03f5b,false
2ceee4fa5d5ee503,false
32691af635104d3d,false
759ad310b88a1fc9,false
4af17b215a6b2a35,true
e321d9bf566dde07,false
02ec98458c5dcc25,false
75628a434414918f,false
7e01bd804dd9c5ca,false
09b43d7559631235,false
4b65317c2c1d2c71,false
7346c5fb1ba48cff,false
9086f4a81949c0e1,false
656587f3f5b09a0d,false
71056138d37ffeab,false
6eb58d6790d25514,false
286e81e0c2870e6c,false
8d4f53e379d1b75b,true
3b16d9d40a4fedbb,false
042415fa66004e21,false
496fcefcb955e0c2,false
220eb7c21a57b02f,false
336d7de4618ff39a,false
14e9d978dc18432e,false
6bb5018a70b0d909,false
865c58200171c217,true
233115847ba33eea,false
5a9c0472ecc1d4af,false
794bd0ce01adf5d7,false
75c4c2a142a7fdee,false
1da0503a72358409,false
4a18d7fd3030e077,false
f6a6fd3ac4210d6b,false
7392b85b07493923,true
4e30107851131520,false
50e17c6a78f70d69,false
12f11413040d66ec,false
db7582bea5176871,false
3f0ed521f1472761,false
709f11241fc73cab,false
541392a2df6c7179,true
37b67e4d70960ec5,false
550a77de03f3feff,false
5d9adb31663117ea,false
238468b96d2c6f87,false
6de2c071fd0825e9,false
75519fc57a61562a,false
58c442533d5ae460,false
10fc9e547444d5a2,false
07520519bf7998b3,false
56400aa6e297ee8e,false
5d4a308399ae114d,false
32edb9f1aa0b814b,false
7e8932bfcc16491e,false
831d66b76b05f82f,false
315b0c6f0344719a,true
74a1a03bc7002cb9,false
298dc8e637aef600,false
0626cec1aeabd2af,false
7039d9b3c287cb01,false
1b1673738f2edded,false
66577f65c1706988,false
765d229aed7f40e4,false
78ec128d6b909c86,false
6263116198a77dda,false
778ba49cc339018a,false
6f3eece61a06311d,false
01c4b3991e155ef6,false
0e9f2732435ef03b,false
1ea3c9f5c0674dfa,false
384ab1273a727232,false
46e45618e0afa73c,false
da808e34c5eed498,false
d94a92ccaa214741,false
164bb403b3402b8a,false
93538defc00bf7fb,false
4ad0082b6d17fb7b,false
08a04b0ab4ce7d13,false
9d9c1e7dd5ff8f97,false
6eb660b49a457b7b,false
2288f8754ae73254,false
557b765fe7e5ffda,false
5cb1455fe1c5ac85,false
527646dbc84d29c8,false
60e17dd76206c3c5,false
9d70a01d0a183ee6,false
7c0ed2094d95a1fd,false
0d44258d94c395e2,false
f19bb8a654d1e0d8,false
19b69f0de8bfac3a,false
9b9984772a4371eb,false
7eb8806f381b740d,false
3a2b18db03874446,false
5f8866a81be46be5,false
245bf2d7a6d19276,false
2c7f786142d0f154,false
463be48db73be945,false
292fea36a4e4e4e7,false
5fda0d56d737c18b,false
2aae8573672a9660,false
8677c447c6598022,true
04633c6ab995c2b4,true
79d55bd2daa6da93,false
6ae01a486f796a6f,false
2dc143824b33052b,true
5ce86b274d605aec,false
291dc222e23b2018,false
05bed054b39497b2,false
2ff5a7b84ee0c675,false
5323af811834e935,false
203fa71b298ce7b2,true
ccc69305d5ca11ea,false
1383b69042393572,false
1c9843f72beb8d99,false
a8e4db56c0b1d797,false
fa632cd7d444e193,false
86511d91694a752a,false
7436fcebe9da4a79,false
6b18f8d3ad80862e,false
bb357f2b69f0893e,false
706d580f996776e4,false
6171c7e13ba1b51a,false
4d3ab79628c5d375,false
8e7af58aa5338399,false
4cfbdead41ef6526,false
33903b368f6220be,false
20b3098066f060b0,true
28411680b0e5649f,false
5c6bd705055ef234,false
72f628d63c5f9dd4,false
307159b13023e7b2,false
eef619b71b9e75e3,false
0465a70898195f65,true
3d4134e9ca48b63c,false
e6bd4363c9ce526d,false
69709359931399c4,false
1953eb47faa92cc1,false
bb722ced265d8303,false
25b02c703942a551,false
00be8e38e27bb86a,false
10dff4c4bfb0b11e,false
3192e9436b1ae3cb,false
6cb86631eb958cd1,false
d79d0b2b9c644b58,false
9ec23918cb54cc02,false
158e4b4afac45afc,true
1d3e3e00d00e1116,true
8fca28c6c2f2f832,false
597eff811bec5b7c,false
4a19c809e11ec01b,false
58a9796a65dff947,false
7cda06f31ddf7aaa,false
050a78dc0de2349e,false
8f2ba183d5d01f2d,false
794a56e264ee04c3,true
0ee6dd1359e8d3c6,true
9ac974cfc2e4c632,false
079394ac1fd23bc7,false
f7197546969baf53,false
7f1a7b28fd2442cb,false
48f8568ba16d8f5f,false
06384daa5b5cc3de,false
38b3f8d7a2c1c011,false
2c4a82f18116308f,false
76c05b00214383f5,false
6d2acdebb96963d2,false
b833710f6d2b780b,false
142e2316cf279a54,false
0b1bebdf2a284e9d,false
02e3123d5d40716b,true
3d328ed020ddb9c0,true
50c65060a18faf64,false
26834d9765ded471,true
c07a3032b0a3cce9,false
16daba32061dbc15,true
30287f21e871981c,false
629f998b3a724398,false
8b5995f6c9b137da,true
73f4bf71aa5bb2a3,false
2e18ac6e7d40e3d7,true
3f84c459d17fccc5,false
051e0589ae4a1ee6,false
0b533856083fef78,false
2c98d799522d7a7f,false
7dea52daaf18af45,false
7b052df3389eb561,false
26904bfdbea4aef1,false
240ef96e46ce0758,true
0599db36e7e516f1,false
0a27204946b9b19d,false
a14b86582c4a1993,false
9e82132bdd69d0fe,false
14e17408ffbff334,false
4dd97efb19346d56,false
1f77940d61badbd5,false
0d914626c4effdfe,false
4541d623aae8da64,false
3b7d1eca064bd7b2,false
0174d3478a05d887,false
86f1c54ab826cd96,false
6aba5f43f20fca27,false
160fd3d797048389,false
453673e8c59ab020,false
633aa7cbb9d3bb28,false
7a7b3ed34d8c2ee6,false
9cc11c3703098428,false
1bdf9b5951d3b67e,false
7228c70f01a64c23,false
0b3fa853f9b73e7c,false
42b569352a838c02,false
2e94b7a769c48982,false
3424b4e53e4ddae5,false
d12755d951bd5d44,false
0787a49723f3e336,false
34e03f24e5dd5ee3,false
37759f0050945c92,false
3ef7593f196034c1,false
44c6249ba4c50d93,false
3e8de637e6815dd7,false
7bb021ce82bd21f7,false
1610da624efe5835,false
35a8a8b528cdc3c7,false
f811c80998f94e03,true
247b861375d87742,false
f3ab06ba9413db49,false
3dc411c4028baaef,false
6d9f792c2941ed19,false
4c904b54755f2458,true
45e022560cedd102,false
7cf07ebb8a20aa38,false
6a9175f52e2a335c,false
29099440961c00ad,false
36353b6129d4bd10,false
83fa463967d00acc,false
6e51920495b1d605,false
204967c02388e469,false
61fc4f9fec917cde,false
cd412b874a428848,false
4ce5293031fcfe5e,true
0d9cf8d02f6be9a5,false
9370708181d2bd8d,false
dc7251f00b03a933,false
4e96beeb8e43a639,false
50c0e50c8e22ad89,false
541642fc12351497,false
d41bbda006e89a1c,true
f3e25d0644674f4c,false
61585e59bc7d9573,false
0b827d8d6486bc65,false
615f861749ac189f,false
63f6d2ff58218921,true
3dae8f15263eb1be,false
e230b0181b1282f5,false
4c43fe04e3f3802b,false
1b76e53fe48784c1,false
1c04048089f4326f,true
19eea7a5ce6fc8c1,false
25d4b2e42aa2f9db,false
2bd2eadec28d437f,false
9e156de27e44039b,false
eb60c051ee794fd4,true
09ba88ffb5971fec,false
6772b8371b7dcfdc,false
5449eac94fe9bc5b,false
49874cf91fabe7ba,false
94d034f1d4003993,false
44d9d96e2cb18ba7,false
6e21075224bf184f,false
799dadbe048dd05c,false
91adc201bfe9fd77,false
75d68cafe76dfb82,false
f2fc37f7069e5e3e,false
f85296bbd1e46d5a,false
0f1c3deea44d7726,false
7296425e9f45c507,false
1d5ac44db0876ae4,false
4fd11d4c3352628a,false
335e52536dee6cbe,false
6056a6f457515f0f,false
5575b1cd2b8b465a,false
b518c83881ee059e,false
2357f6c7ca216d06,false
247e84d506f767d3,false
42a5e80f511903b1,false
b7acdd0a04c28357,false
54e1aa396477ec07,false
5b954d9d637de282,false
7f1cb15a27b09acc,false
9734a16535576520,false
1cabb397d4c2e643,false
3a3ecd6f6f8ac574,false
66a1cf376fd1bf35,false
a6ba84aaeb9c8cc6,false
9fe810dc980c49fe,false
b1ca5c25ac9be770,false
02b6695482050801,false
6cf49915208ab10c,false
ffea32e13bac3cb4,true
5408dc9ab66b528d,false
d138219a412b958f,false
47564c35c0eb400b,false
4ab6a2ff3f50b0bd,false
1d8583e87f6108f1,false
56b66c338478539f,false
75bea5247f812abd,false
ce31e585fa1ccb6b,false
1c19af0ccde50ef9,false
44acd29eeeac62a7,false
9aa0e75c1c293fb6,false
759afd36a9dfcd40,false
32813830baf65db3,false
a31e6dc27ec5b9ed,false
2fd1fe4dbc5a3926,false
5688da107abdf281,false
5e475a59ffd674f1,true
5d5d92169ec5aad7,true
6eb5a389d1c84373,false
319bd782786f65d9,false
547054e0636d717c,false
2cca2fae6eee05be,false
b7db8e8b8b96f5aa,false
d4cc6bc8e68be355,false
5818e18a44a0ec98,false
6ca699d09d6200da,true
27e0fa0b3ca3acf2,false
af70b422e80021e8,false
302896e2c1613608,false
5d4388f7e3449690,false
7e4099ebc03ef309,false
0008eace7091c583,false
c6b1bab465a2a27c,false
7b7a168f0d401f89,false
47fba9885839f192,false
7087558193b3395a,false
a870c217bb916c04,true
b60b1853b8440743,true
ec3d25284fc882ff,false
11cd27e3e25497bf,false
283535fe7dbc22a0,false
1c4bb3efd78371f5,false
00c39ea6ee1d5b48,false
7a44a275235e4c83,false
90d82984dcbb3245,false
0c146c25338618c6,false
4116010602e73f73,false
14aa804cc5ad309e,false
5a190da7bf6f5249,false
01edb818d9fab08b,false
126be0b60a8a2c27,false
78244e761f26ae9e,true
f77613374c34ef08,false
40a883b7bfa04227,false
fa2b319e11870da0,false
42541b8bfa003808,false
6e460e6505de7334,false
5245de60768fcc79,false
798fb06fede0bdcc,false
39b7bdeafd2ebfbe,false
2db9fa54f3411f25,false
bb389590d758d121,false
11e6583c703b0aa4,false
d7199215735bea9d,false
6673b8d8af837d18,false
0b0c1ac7969045cc,false
6b02675a1f2ae162,false
9731de25ece53c2b,false
7a8559ee058916c4,false
1c156218432a3e4d,false
3ce9c7d5df91a6a8,false
4df057dc31fd4ccc,false
e0074aed76f0094d,false
838a6c0397cd1703,false
2cbbf4fa4dc9de2f,false
e43e8b3a223db22a,false
3511985bef9c57f8,false
5fa9070dfdc86640,false
06558b64706559b6,true
570dee4f3d5f337a,false
6e0d8f209e439348,false
247b550611254762,false
5d9d466da967b0ee,true
2611ea9deada5eba,false
4afaaf58a121c6c9,false
2eea81a0207cac6c,false
3106bb08443fa465,false
cb23800f568e0999,false
6a23a14df3ec3526,false
471a82435585a37e,false
3e1e2f9e33b15957,false
017f5dd4265ee6c5,false
4416e4cc5c5f247b,false
470b8aa6f4a60a71,false
26a713bb1a7bf1d5,false
b11eb5a407f4b76b,true
635c248609d43a22,true
de447325aeaffd7f,false
ee9cd6d95614e554,true
20256dfb24d33ead,false
404651237f9ecb45,true
00976f33a8b13a29,false
236c5199c162d0c7,false
391585a0165dedba,false
2bc8cfe220d4b413,false
1b573b8453cd24c6,false
5069deefe478ed87,false
a230fa90506d5f78,true
67357fe37f40e757,false
26b560e766ffd9f6,false
41885d8ee6c396e4,false
2dadeee802305c82,false
028cd91a55570da1,false
b53fa52711e3ba94,false
769a45d16cb60bf0,false
33ab0ee4f8341e55,false
4351582da8e2b208,false
4335f4dabce6e683,false
70b0f54df2d24d1f,false
aa9bce0f992b47ab,true
92b44bc5495d898c,false
847fafb86752d8e4,false
001e107326058451,true
ecb4f52b9ba0c0af,false
f8e07f65ed7b31d3,false
01b8eb3cf95a0a1b,false
cc2b3a044d64dd5f,false
1a0c6c8d8ab02f88,false
34dde6e426c4514e,true
6a599a9e24c22e27,true
21591bbff9be6790,false
413fde3c011dbbe9,false
205ba372ef4669d9,false
f8ccf0d29aa41aeb,false
0888efb072f5b65e,false
6bd43b1a5ad67c5b,false
34c5fd58d4fe618a,false
f1cdf856ab571902,false
7c354f36a670c8b6,false
4933f45afcea7e48,false
10fa7fe237ae0c7a,false
3c9cd6cbb97e6664,false
391cc85aa0fd4e53,false
50e2ac017e146fdf,false
9858307cdd0954e8,false
75c36819c06796df,false
6502124da0113819,false
59562e9589de89d6,false
1519aeb2c472957c,false
40d7dfae8872e93c,false
0dd66f2ea8c1bc2b,false
b0e79570926cf1c9,true
febcea2e921e90cb,false
31ccd113bd90b923,false
3db52917df7c22e1,false
2320ebc5655cc29b,true
067deac31eeb3832,false
d82b424e43cccd6b,true
2b0fd78e7b79cb3e,false
faf180d1f24b36a9,false
4768abe334d6ce52,false
61f9f2d8244da35e,false
0c8fba7408281c52,false
7410f605917c8424,false
28a637f50cc62492,false
5adfd646337de2d3,false
c432430b00934d29,false
29528f06df45e0cd,false
0d39e83722e8ef1c,false
7c2a6e03ff8d61e2,false
50cd52b655b37ba8,false
6c925f639d6222b7,false
747f88d6f5f66c4c,false
214719f88a11abb3,false
1117b6ad33d7cf2b,false
ff4c342655c50ca0,false
75aba79d8d3630f5,false
14e991100c180f88,false
36706543856d3a6b,true
e9e04a2c939adc73,false
4a94bd26c076bd7f,false
4cddba71ae976cab,false
532278bb4331f617,false
3c5ae22c3463ccbc,false
04ca09cb1fba57c6,false
61a069bfc7213959,false
373a3844aa12c0e6,false
0f1e6611a26716c1,false
73245290da7902d3,false
2651746a848776e6,false
63dc0902e781e699,false
b48c83f06b518f5e,false
3289b9a06dec2ad3,false
12b22850ae048c33,false
cb1c597498a555e0,false
609e94c5b96e70b6,false
21b55ebf5f15608d,false
13d9e3dce35e603f,false
1e0830d36d85e6d8,false
093721ca1d05c38e,false
738ba3e53e5adc9c,false
63ec39324c533cfc,false
9f861ca3acdf7c4e,false
64a029703f450980,false
59600e9f78ff7a68,false
6323449004215c3a,false
592d81cc2dd7708c,true
12fd0e96e1af9df5,false
35080edd7d4add78,false
11d8d0f1d6516ff6,false
0173520ae3d3336d,false
39e0cc98800680b4,false
097d1a9766c99fe6,false
c975272d4494b00a,false
6f09d11ac717947e,false
7931162f7460fb79,false
722ebfd47725212f,false
4852f4656e91f47c,false
69206b4849612410,false
7bd1c9e67e1c8ccb,false
6bb9daf0face2c24,false
77b33f79a4aa0c26,false
72efc2e54c39ba5b,false
7366008d84b24d7e,false
353f067e35504278,false
00f0704fb9eec210,true
324cc3863ce262d6,false
6e86fa2335386cfe,false
13becb13b0038723,true
992a773ce202ba8e,false
1189f640c7898bb1,false
7dd6c79e7a2e9584,false
e181858a5909f145,false
4007735231d157ca,false
1b7e41311e299608,false
37b33f36d7c7af77,false
55cedb5076ac00d6,false
5fe3a7b000973f6b,true
7338f31cef183844,false
7d1bdbe0f4577e89,false
13144ae95ecebbdd,false
0e40a57ccaf36a05,false
d7aec80e449e0c7a,true
3c71d9f2e73a3f37,false
a89bcc9acde62083,false
9d4c1ac6988ccbd5,true
2c97a8330ea65192,false
244ba1a39746b2ad,false
1282dc94eb6d8e3d,false
2fd345a902288ec0,false
3d2ceafe863edfae,false
29a3e9dfddb17183,false
c7077c4844881ee0,false
5ace3df3ff9af7d2,false
6a4ec341a06dab50,false
4815e5ead35fc705,false
25fb3ce98bfe644d,false
44eec1020d73fe65,false
00b9b4d2786bbb4e,true
cd366c99d63029c0,true
4a931a9b90bab6a9,false
5c1937432514d9be,false
317fe42607f87a6b,false
10c4febd491150d6,false
5e4b664d6162ed95,false
bab60b45d91774d8,false
94d0f0cbb937c561,true
07bb4557a9fd29e3,false
7d49a03411a102eb,true
52ecba238477c779,false
07331077c7557c00,false
1db72871b697bb88,false
21745ca324a221e0,true
ce13fa541f3b8632,false
4108ca933790a285,false
6b576c245d73a7a1,false
6dc09be583b9ed4a,false
605a2a02e4e434fc,false
701587dd28f3e0c6,false
f08c4dfcc86eb019,false
309e36fb6aae71f5,false
8b1c5ae1089bcbd4,true
72bcdfea889d2c05,false
1385e48a26346389,false
3be6060ff479bd7e,true
4048e4f50431420c,false
441ddde4a1ac138a,false
3a4fde08dd471a4d,false
614f60108ca39343,false
1474bcebcb5b09e5,false
6789d249b7d79c30,false
4a30850feb8154ee,false
61c895fef7046e47,false
7c1a6e81b95e14d3,false
6bae4bb1567c2082,false
29361a141814c675,false
3b63903d263345a4,false
aa005cc962c056d5,false
23a0e259b7958084,false
769a3a3b5588fb39,false
185e6475b410b338,false
05c0c3bd44a33bd5,false
2bba3f9fdf893f3a,true
3879848c91635fa0,false
6b920dd26fa45d98,false
754374e9a03cd36b,false
4b670dd7e9053e29,false
d1b449daccf087e5,true
2f3eecf1622468c1,false
0f0a1e873cee47a6,false
6e7d68e625ea568a,false
115fb16c799a2fc2,false
5787345979d1a523,false
5e1624677a901aee,false
2be2cec8dc0f6e5f,false
6173fef11afff702,false
820f275e72dae2bc,false
2eeaf9f76ffc8d9d,false
6b0b5844bf6ae231,false
0d6471e720dd715e,false
2ded0ae1ac956849,false
372108ff901da7c4,false
2cdaec3f219e8c34,false
458de9dccb455cb3,false
1b421bb63cb4f6eb,false
18ce2ad5d9c4d691,false
79e4c9c3f50dbfec,false
3a3139589716883f,false
63aad05a24a5ceb9,false
45d769847f1af6cc,false
4bbd18b39525892c,false
1fbe904f9a216629,false
1e6bbdb7b1015dcc,false
31ac08f70bc12349,false
47174461d5f18e9d,false
032c430f3c774a4e,false
33e20dd3ce708473,false
563f118594289502,false
4b022e2cbf2c4150,false
51959d0d77210761,false
a91740170e426a12,false
4259615936c915d7,false
6ab3b2b6a70b5215,false
251ad766faf3afb5,false
5488424fe255d824,false
108f0db5ffe8ca36,false
65b21758e3e13d26,false
06ed957bacaeba22,false
8cc6516d9cb4d946,false
44e69a98425d2307,false
597e9287fea25055,true
78eb900bd603af3c,false
92e27734df1141d6,false
46fbc72576810460,false
0b7066dd17e70878,false
203ed4f13745bee4,false
3a5293449fa7cde3,false
7ce0a7cc14194b88,false
524ef6c2c6a7c3f6,false
12d761962a27a0f1,false
5da6554679dbd3a7,false
0542ae798275f8f2,false
9c0184ce9dc2dabb,false
def3bf2df2c5e48e,false
71d0c7fd7ad163e6,false
0c0836eed6a1b92c,false
4de02b1c1f27a0e3,false
a546beb103838503,false
6128f3b3b71851a5,false
50960e01dceaa91a,false
4194afe6be840708,false
8d0dd2133495d3a6,true
1a62e94d9091fa44,false
581b0f1a1a389818,false
3472daf5aa58b1ef,false
0271723ae4126e91,false
031ad0fcfdab3473,false
760f14bd93029afb,false
6acf503ca0e019cf,true
2a9e7765bd7ef992,false
74ff0de2ca2f9923,false
946e481e1c75ff54,false
31d6b611d1a3e3fa,false
38da0ed7eb704e6f,false
7c921df7e5e582c5,true
d7ecb72396d2aeb1,false
0a34e6054e30c690,false
6f35d99ac2b1d34c,false
67ff4eca7350eb30,false
38795109698d34c6,false
75e59288dbda4557,false
23738ecd6814f7ea,true
1e98c0f2d49d8d7a,false
9d32bcf1f0d298ab,false
55038fb1ab07f27d,false
b43a1b3616165411,false
3926bc14ed3b13df,false
ae3b7211404c020f,false
70fac44116550d47,false
60ee02b91b97e7da,false
3978753098381244,false
3f1e00bfc8c1774d,false
4d368efb462edad4,false
d4d8b0aaf206f0c1,false
0e2cb12a417a3998,false
0438e6b689ae6c61,false
168e3773a1988209,true
04474e64ce16f8e3,true
2737eb67d822e490,false
6ea36a0f6550d987,false
10696167252363dc,false
600d75d94064039b,false
51d38d1c4485ea25,false
01bc8e16f3b2bfbc,false
61df7854e6e04840,false
5f5fa33b2c69633e,false
0a5f01482522676c,false
0e3e5cd20b297b2e,false
7a327b982a7ae56a,true
0f44e36f1a8fd0d7,false
87456fe11718920c,false
78c6f072e61201a4,false
3c99e47fe6fdc026,false
e22b3f031188091c,false
024e8b8e0bd51c4a,false
451824d9ee38fec5,false
1c5bb8c0b7313d75,false
02ccd3f855861405,false
524ad1cb72947599,false
27ae5a3fb4524863,false
31415d244c4498fd,false
635e0d559c082fcd,false
1688a92237a9731e,false
446c2e2342de8c0f,false
4c1de775eeccca67,false
0fb25f1c2cab3b37,false
3dcb4b271f2994e6,false
5a204031bbfb83ca,false
04f016fdd6650b9d,false
5771bfbc14b926d9,false
9e46d4991c696ec5,false
767911d0803834bd,false
643d39dc4f1068b0,false
4724a41cd7cf1842,false
16e5ab6f656cf2af,false
afea6d74a1207072,false
8048371139635c1a,true
318c7ecc6e2e6217,false
60786be93116d131,false
106c496bf5f30eb7,false
5fd9076fb60e9987,false
3b6720e2dd0d6706,false
19b037d9e0d3f987,true
3dba8909063b1428,false
12b60be78f8ca741,false
3b2ca408bde073cd,false
226700f550ac9332,false
b78c5321c574819a,true
7127759710f4e1e7,true
3c8322516a19d145,false
191e84e4164784db,false
575fe17d74ee64c6,false
188ab21087fa4ce1,false
3d28edc41390272d,false
76fd00ab318e100c,false
04bca62c165a9161,false
7f733b40fbe66635,false
244e1d3d81694502,false
583d6219e09da9fb,false
a1186f3381315a86,true
27f0556f9559cc0f,false
0c9cda666f8ae403,false
2890099d053078c2,false
845a61d19b99ab34,false
d6b752b5a2161ff4,false
fe9deaa9c8191f7c,false
76ac9f2167f123b9,false
7125cf4046b9a3c4,false
09b984301f67cc8e,false
41c4306fd6e9e31b,false
106490ef36f59829,false
2984b06b9e64ccf5,false
46929d38fda4a6f9,false
c29f1c9131c4b2aa,false
f1daa9a8a7568ef3,false
47da203fb7a48eb9,false
643e22b54a5f4667,false
3b3661ec9f506698,false
70802a1269154438,false
13f44b7a727cf65c,false
5eaa7d75ef1dc9c7,false
4b7706af096a7991,true
53ba42bed13d565c,false
59e3716d1c9415d2,false
13f80368fd8806a2,false
5e69bb246222208c,false
16a77cb6a3dcae3c,false
15d78acc4ce0fe99,false
301bc675ccf45d2c,false
7f8f1efa8db2df32,false
40069a2aff85be25,false
1baa7319b26acf90,false
5676960b4f48b382,false
009cf712459c5b74,false
13d2b3b9525fd8dd,false
228c400d50a1965a,false
26dca40c3bc63386,false
b32a2b0715897997,false
0f719b762b9941b7,false
6164e748bf6cc8b3,false
2dc721557128ed2b,false
6f3a6a8f75f04579,false
73834ae0e20e4970,true
281092ef877e487e,false
2d0afafe3f48c599,false
dda4d2fa94656aec,false
787b6d3c207faec4,false
d2f37f2e3e5757c9,true
615517ace67139dc,false
2b972168e6787c2a,false
1b481111da5f2cac,false
4c534610b0716031,false
2c6a2e3d4c7ad699,false
b56f85986350b914,false
4d1b94b2ea9d1d09,false
10d24ead86846b88,false
0664574ac3d3ffe4,false
a3b1428f8ac32a5e,true
605baffc4b2120c5,false
541794318d71950e,false
21930943964b8782,false
64af3465ebb4c5b7,false
13eaaa4814dbec82,true
100a640e897cac17,false
4c520f2fdc7fa5b9,false
10eef3d5da346aa7,true
078927ecd1c180c9,false
5994c433b803d1c6,false
7eaceafc5665eef2,false
63b36054040e5c79,false
7358ba12682be297,false
13befa5e7615438a,false
162888bd88dd4a13,false
498680b7f3ee376f,false
467239f6bf53df3f,false
02bbc6a59f619627,false
13407ba11fb78470,false
3755ea8a6f2fc0c0,false
7f70d1dd87e0d632,false
7497cfe81cd95d6c,false
549baf4425d517f7,false
a275ae44c4ceeea1,false
3b44fddd48519a11,false
1fe46ca5fa5a84be,false
18dc8633f2247ca4,false
322ffb9aaf6fd8f9,false
966999cebbb36b24,true
67eb6b0f1ff3a963,false
2365dd8cd34cce72,false
df7f2ef0f492abf1,false
34305d1fcdd41ddb,false
b5bf6f59a06ac757,false
f7ffd8fc8b5d494c,false
7140c5bbad88d468,false
a1cf8cc8b665f651,false
4341068e27b0ae1c,true
ec2e4976c05255e7,false
7341b2b098f7d5ea,false
764daf11d2b15390,false
0f6ee7befe1e79a3,false
14b17dd6e0f59f0b,false
1bf856e2b9049e38,false
28bd56cd433c76b4,false
9b1a819be2a1c0e8,false
6e730c32ca621166,false
45b310ec82cf7a99,false
4bdaa0d8613bb10b,false
32754484a470a1d0,false
157554d5482510a6,false
9fd2e5bed647659d,false
642034a0e1c995d4,false
c082c6dcf7805088,false
44d73964de387ab1,false
99740a5eb87eb59a,false
7abaed0c782f1e33,false
ed21f861deee12bf,true
64886fe105712865,false
e8e73a9d3629fa5a,false
06e48d635e58b0f7,false
0f8023527a1dca8d,false
3a55a45cb0ac08e9,false
256e60c420fef828,false
642d76581d3a8bc0,false
f3084dee8a74f2da,false
4ee10c9700384b18,false
298ed2b5b9dbfc05,false
fa732a37e8f6f9fc,false
69416d9091112181,false
02ca80bdd1e558e2,false
641ea0444ed81c64,false
23d7d6454b0ff00f,false
73141f1bf17f3627,false
a1f1a5f1f8ebf145,false
4b96713397b4bcf5,false
753937cdea7ed2e2,false
42a90d83d84e0b88,false
02066bc54de265cc,false
08b55fd8cf7f97bb,false
7b56de268cd064c5,false
c52ef9ba00e1edc0,false
44d646bd9d3e0099,true
171704c72196bd88,false
0bc3369403870e83,false
4d05da95b6ba5618,false
375154a92d3b0fac,false
2331eb72c3e8d19f,true
264b6022feed6a86,false
26268979ca83b311,false
0aec10d0cdc2ec32,false
6e542a42e8be52f9,true
62201d854f478004,false
20879a645059b726,false
1ba365a98816221c,false
fe571a0e47d346dc,false
0a543463f0a08972,false
1efa76c35acf9153,false
5f3288bc1c282011,false
63caa27a557b7e2a,false
0a7f05dc70641dd9,false
fab66d095946e5d1,true
264a2726bf3a4a5b,false
709679947f21e11f,false
7c62398be9947137,false
1e3796181693b6d5,false
3f39404ebb15a636,false
4a45678f0bbbad54,false
6ccfe8452295d53e,false
c2f2246d350057f6,false
a63c845ae9c606aa,false
12b32f24c9fb990d,false
2f9636324c5a5828,false
5e4e8c78cd462d1b,false
014608346048013b,false
30392e949cd19749,false
4a6830c96d0792cb,false
3e20e3a23214bc71,false
634f4c41a8145e27,false
520996ec2cb9557c,false
255d1eebc865d566,false
2fe0c798f8ec381b,false
16ba344fcc6f643d,false
5b8e6c30563da3ab,false
ffcb965bc92eeec2,false
f25384c5d24ed6fe,false
71fca1347fae4365,false
60f6429f7cd9fe36,false
6e7edbad3781e88b,false
b3eeb17f07c8209e,false
22e44c662dd6bf98,false
19f64bde00ced972,true
dbf6fc62b0254404,false
10bb295301229b7d,false
727cbdca9c784864,false
08f19088c6482cda,false
68af8d62138cb036,false
6cdecbd3625f647a,false
04fd4616590ca4eb,false
0d53c69a77661673,false
e8517624c4926726,false
4af44fd494d916d1,false
75c06a1fd9dc2827,false
5b17d3ed503b1740,false
7dc7d8682d168448,false
7a94ad730280f274,false
a59c9c1f82cff813,false
2d59df0cb0c24716,false
b6a9d9586b1a1fcc,false
6847e285f3d4c0ac,false
10abef5ee3fcc0e9,false
1c9b35078528803a,false
7fc35e548a47b3ba,false
1fba36041e473ebf,false
25a5058ffdff97f4,false
ca0f487cdd144d30,true
38ff0dd4843048c8,false
0490e521783084ae,false
48aeb4f7eb3e7fea,false
1448fcd66c3e98e0,false
6c3143ee6f3e1093,false
0796386d62ca23c9,false
33296ebb1519cfba,true
4c458026c4ac4197,false
30e79090b41e2bd6,false
1e426ed3590c9878,false
4fa641ddb96e4c18,false
736d0e55d41b3978,false
668479cc3b5099f4,false
98ea2764b282d4dc,false
26b838a821003f49,false
6a75249fc7b5ce6f,false
7e529227e6cdbb33,false
44e5e7dc351b1576,false
bb8c48a517ce1204,false
52c0ae5c7d77e477,false
7a78b43c2f486190,false
1f012a98743f7e21,false
416de175258eab8e,false
34ab1a1a886719b5,false
73b91c80b2f04e61,false
fe9b0e73bea72642,true
663840f5f980ab65,false
970464f2c4412a6d,true
b153fb58e9457b25,false
2077a207170c0768,false
00a25cbd16f7f217,false
0a94412fb093c734,false
109bcef2468f1b50,false
7b9c6a278deaddf0,false
08238f096ac17737,false
2d56388a70d4eaf4,false
a9682667652f8cc3,false
ef24df2a9669003a,false
4da428364ebe546d,false
799c628b1d2b474b,false
e1babfe3688738fd,false
9808aae328fe5656,false
558b13d53c48184c,false
053a418cfe750630,false
71a909a0c35fc980,false
d578889674910956,false
54102d5369b4d422,false
1686652acf1ca159,false
358d18fbdfb60cbf,false
17f73be1b683948a,false
f83f7c9204799c6b,false
19b811485f0d3f27,false
1d2ae8b3ca1f4827,false
5aa15c45fa4f08da,false
d0d3d2768b9b0f53,false
31691667e384b6a8,false
f92a52ebdccb0dc7,false
59ea9a424b6c9889,false
43704d31d9355dde,false
31c71d743bfbc6b2,false
142fcec30d1f0657,false
126854bd0b221746,false
3b0e978a7bae46bb,false
d0c75ca1012d3fdd,false
ea2294f98ca0b1e7,false
7b71db522af1da26,false
2d805fe44412ae91,false
170cdc039f0f8310,false
5c26a8c49f97a3e4,false
f2e20f5ac8ccccd2,true
3b43961bfffc1fe3,false
3138068136cb0949,false
7eb02eb632934f4f,true
282ebbc0fd366725,false
728e60efed49859a,false
4eb90182bd29d170,false
4db4f68c01a9fc35,true
541a9d1437294781,false
70496a3346d860d6,false
3c388b335f424bac,false
4ed3c5fb3b99d413,false
2c83dacefabeb29d,false
3e4d437fe517401f,false
8678adf48ff99f03,false
8a84dfcf5b6f4864,false
5df2827a18e9f8fc,false
2243ac90640456db,false
c7b4b176fed197cd,false
7ae00dd28df7c9fa,false
3dd87655cd32db6d,false
2553f554726f4f60,false
c0bd2e84719970ae,true
66ec4d8622a659fa,false
7ffb60bdf2b81828,false
61bf4f7dda6abaef,false
5596c2b6360ca6ac,false
77026983cb341e5b,false
f7d5c6841097257c,false
666d5fb9caa0341d,false
5464f11cbd63e37e,false
70aaf81e89e285c5,false
490557dd2d8ca4f2,false
86b7c1495a0f2074,false
ce1dca3705acbabd,false
2019d85858d8f837,false
1f62013cadb95c1a,false
337e51f48c5bbb77,false
58669da80a515f13,false
780f2eaf2fd1ffbc,false
40a1c9a372490aa3,false
6c4e3eb30ab59b74,false
31bf8c0728922cc9,false
dc445992fc4385b3,false
933310b3060c5093,false
cfa24867fe4ef30f,true
770c1fc2e8ca8366,false
13429d11953407a5,false
33332985da66f942,false
3b3fe5f84c03b580,false
7ca0e70dee5beb4a,false
16f25ca35b699e9a,true
325a050a41c2a152,false
76be98db6dd9c307,false
1add8d2d7e162955,false
94ff0929c2ff4226,false
79132a80f452539a,false
44c42b830c7daf11,true
6bff317cd7176545,false
2cdd5fd2fa2c5cb7,false
1ba2218569d72d17,false
a852d6c1368c5114,false
39e25c33ae5ffa92,false
7cc35b7e20e32697,false
0e21960cb2130e36,false
78fc6ffcc49effe6,false
e2f2aafa759ed067,true
2537360b7e33849f,false
7cfdd57fedf8571a,false
e9e2e67b3b018ee2,false
af638cdf7083a797,false
5e3de5119e22a5b3,false
414537a908a5ed36,false
6c008ba7017ce750,false
47ec8b6ef8c0c6a3,false
562951e51714d820,false
0a42622107b0136a,false
56afa6af711bd293,false
b9fba1ea87344a10,false
a62af63d450d5604,false
3ae032af9e35c3bf,false
6f2ab1f7a251a338,false
013262bd3b1bc51d,false
4d2f3a51c6e0eda7,false
6f5f4150f5b0ea74,false
0c24468b10ffcd12,false
9971d351ed772b0d,false
10a1927abeaf43f8,true
25b44897d83819ea,false
6e8ec82abaefb478,false
235b982915233e90,false
1d1f7ac4d832f504,false
1366f0c90bf3924b,false
37d7785c159172cc,false
1b2a925969d7218d,false
4a5a274be255cfcc,false
03faa71e9a63aedc,false
51b559959bcff529,false
73ad41dc8d9efac6,false
7f354aaab3eb8597,false
3260639b9a986fff,true
5a1fa59622843abb,false
3696249f58c9e775,false
f8f79cfd89993372,false
b53e5fe255c92eb3,false
bb127331d502b3ae,false
37bc8b790af92198,false
e3487e08f4f78e73,false
bf6dc8fe9fab164e,false
072cce8aa7aa3d2b,false
2968ade1c7fd45f5,false
1fa55b9a89d1462f,false
f8ed1178f511d2f7,false
1462f6d5009ca56d,false
c7441412542ead84,false
68ccde9c6bb246a4,false
0e77102f2e774282,false
52e2905f4f06e9e3,false
b6ea48520075893b,true
2fb181c51f5761cc,false
096999b5fbfe9602,false
1e64046a204868dd,false
998d65a6de81eaa6,false
6964140f34adb82e,false
33b9bede902030a5,false
e797d4da6dc81977,false
0bcd19e25dce7059,false
85a7ea8c9a436ade,false
650bdc7f6cada68c,false
387c545cd7a27122,false
f471c54f1fc98dc2,false
02f69d94ab18ef26,false
3f3019cc8aa1d3d3,false
f90a2c0d3745fbb5,false
6be1aa6726075219,false
1c4ffaba65e816a8,false
2613984016f02ed8,true
5cad62c2020d51d0,false
cdd29ad8bdcb035a,false
307ebd610c6fd7e9,true
464d025cb6c45577,false
34cb580ec57ba3f4,false
4480310b13a960d9,false
6f71a5b98f3c0f0b,false
a8dfe2291c29419f,false
32d3c205d4b3686e,false
fc1320f054bc1e22,false
4a4832a26deb70d2,true
7d89f0e3a59fd7da,false
78033302caf1dce0,false
2179b52c447d3822,true
1a90eaa9dee0e26d,false
e8df212e2a5ea57a,false
7c959e51d10df8fe,false
d1e8dab21ad08783,true
919701854eb93487,false
331494f4221300c8,false
2f8e3ae57b278095,false
2075347d63b813d1,false
4d7de86a6f7c6a9d,false
184eec00dbd4a732,false
32af787c73521b4a,false
58f1147a1fb5b033,false
5d77cf25a22b6728,false
38b640434c362fc4,false
245d4356d537fd88,false
56e4e4c5bae19336,false
5a03c00105837056,false
2b3a2bf5ba4fa676,false
bef6ba0dc98c8f56,false
03c7460e04237496,false
01f8a2a16f115cd0,false
5793027f66e7aaa2,false
5c6421ce7ad6bcdd,false
30ce9cebeef87782,false
628bb525680353d1,false
47a9263e07545a7c,false
48de6e932b20758b,false
40750126ace5459e,false
55b0ebc446acbc3e,false
decb71063561391f,true
64cd566bdb8c347c,false
3f6675e29676aac5,false
4f0768264c129d31,false
3613a05021c1f822,false
100ccb3a4714a0da,false
4d09dead392bd274,false
84a4d7852b02f502,true
12c1ff44cfa469f5,true
6e6224484879f721,false
194dca325525d962,false
4343e0d0b596f871,false
1b565dea3a628093,false
fe15b860c2a2ffda,false
750ce9788061a9c4,false
58ca724a6e3c8b36,false
37191df747e539fb,false
f96f4fdb6e1bc765,true
0671744930f14e80,false
c80a3a3ed02d3b4f,false
36479ef62f8bafeb,false
650d3f6fd20dd85a,false
7d95b2e549d3131c,false
4a16635f86fce265,false
6c012c25780ffc2d,false
7221fde4ae0414ad,false
1d5c8a7065187f03,false
a94fffda0341df31,false
14bd0cdc5b9c42b3,false
7224d460882b3967,false
146c6dfc0a40642b,false
0437d601f51e272c,false
87dc24b1638f1127,false
7034978848bb1e9c,false
ef7e45598f8b9ad6,true
26e62223daa8db2d,false
2d926bde34c3d2a8,false
6a71d9559a1174aa,true
eb70671cde2ba63b,false
00c46677840abb48,false
11b268318c71322f,false
47979091ee5f202d,false
28730d13f980f997,false
7f563899dde5b3fb,false
5fa7eff4cd648cb9,true
75641bdc3a87554c,false
7dd548844b160de4,false
14146f299acb6580,false
48843e3b589ee91b,false
34b8ca7018ef8647,false
3597556091f51c53,false
227a78cc38d7b92f,false
775ba36dfa38039d,false
14b311aaa4e238fd,false
39af83e1d1e9e03e,true
7af82b4e3765a186,false
d350087d86f93edb,false
e2d489869be876bb,false
38a2f2482f9f5d35,false
bc14a4d984c4dc15,false
6af644104be482a6,false
0c3d39fe61ad3ae6,false
59cb351accf4ca5a,false
154f4b6795717377,false
b7a8785b7f887d0f,false
50c81a2b2f358942,false
5d8e833490bebf75,false
5750cb71e584cafd,false
bd2363841678ea05,false
049b1aafd9f6aff8,false
6147003200da9f5a,false
385a313d7f4d30b2,false
45969af68977748c,false
3710f08f5d2a7e14,false
38a2cbe995200638,false
98c9dc12a2f75e1b,false
bc31d379905477af,false
c0b219ab4657d29c,true
31e2bc7b0a43c6cd,true
1505c37715049f8a,false
3a1b77a6be8fd9e8,false
3f8915fa68bb1947,false
356cfbd6373728fa,false
1ddabbc048b96cae,false
44890b233106dae7,false
1aa3573efd8b9cfd,false
6224903ff41b665c,true
321f769c1b154423,false
f48afd31f1d67dbf,false
13c29ad57ecb0936,false
989c98afdee7db2e,false
89679a5a3032e850,true
5fe3f33e41f57651,false
1a12234bf49c1104,false
34e0467f0ba8f8b9,true
7244aae1c6603d84,false
854ac0660525a2ab,false
daacb17b7920102d,false
cb54512be3926f2c,false
20627da324ca9d00,false
0ad6d49a901f144d,false
34143d2a0c910ab2,false
6b60634abad93d2a,false
6b1d0a9f627f3882,false
0e4adae8d282a9e6,false
3ccb78a8a7b1f28c,false
73b3cd23c3637b13,false
6de88461abbe050d,false
9c579ef3ef37190f,true
5e217af5aadb376c,true
43ed5134b3ea75a6,false
1fde3dc8ea16be44,false
698d85b7ad3a73f2,false
3a90852662dff77d,false
019a8aafc966fce1,false
7dbddfab925931c7,false
372bf956004b06a4,false
090aa8f1ccc433db,false
4946baa2b5730e46,false
5f58b633d5af0157,false
55be22d84514abf6,false
25da3fa514c22557,false
79453b9a1c27c6e9,false
28e3b5bd2e4c82ed,false
4cd2ea4cd0fc07ff,true
6513dfafa1166a68,false
1940b0cf67f478cb,false
4c527e61bb385911,true
680190f9bf0af3a3,false
7c2f901be90f98bb,false
0df76668a0dde13e,false
56bf5e4665b47570,false
051d04e76cfd71c5,false
6c88664a2be17687,false
512747471da6c633,false
70e73e63b55f83be,false
1cbf8bda84204c86,true
0d199f3651e6a3d6,false
01c96361902c4cf4,false
17b32c11cfc45dec,false
746becc8a283d79b,false
412f0b9ca7da3938,false
4698a6bb281db838,false
7d9ab391231aad6c,false
644ec67f1ba28c96,false
4935d39f0b41acc5,false
b127bf09499d44ae,true
5215debe6ba74407,false
c91151705db56fc0,false
2ffe6c161325445d,false
0edf7973e8cf5bf4,false
063718d7902809a7,false
000eef0cff4f16f8,false
35444bd0cc13bb29,false
56827edae747e962,false
c287b1da73609027,false
97b38aa095da4b55,false
353fa8d2a51379e1,true
1b6bbe0066273f26,false
8835246661f987a8,true
25c6b6366e4c27f9,false
ca0875dddbd6550c,true
0aa6357a3fb8c4e7,false
28f98509b369f1ff,false
4b975e0fe2df1850,false
afecf4252261464a,false
11eb6d18042a36db,false
9681c47ab0f4e2c6,false
53e19164c9e57ed8,false
2c038ae17316310c,false
882de1ce1a28afd1,false
3ff36ae18a2544ea,false
7f312b5654655139,false
3e2c8f1ecb89faa4,false
420264c7948566af,false
6acc643044ded800,false
4f29d4a7d425c8e8,false
149d3a7e0bd4de26,false
6fedd22693b1d112,false
db17f73099c48789,true
3627e1284b07684d,false
30c1b9f0c1fe766b,false
5046f7681acf0b16,false
8d102f4a03114fd4,false
0594eeddab03f36c,true
272718ed4e3eb017,false
46fe579c7fec6b33,false
249c00e5bf415082,false
3d8dd6c2425497c9,false
4d026c4485008c6a,false
f47ec66ccf5c1e58,false
f7a7aab7953b722a,false
0daadc699b8207bb,false
33a495577d681ce2,false
264121eacaac4058,false
5178a1ffbd7c758c,true
456d0c9384828ca8,false
0af4ba21ada07e16,false
cd237820d87c0ee5,false
3dd26b2144090fcd,true
9f447cc725d78c90,true
2611ee5caff2bd25,true
08c5c0f9173880a3,false
5cd7f7a195f79e1b,false
9bb59e1029e4b527,false
7d4f64862b25c36e,false
5d73e64f9e7618c8,true
5de45d33e380275c,false
34a6dafe38c727e4,false
bf74489be54b07b1,false
6b607e6bdcba2cf3,false
06f742285dfdf54d,false
8aa5e2d2849691b2,true
016117d1c08b06ba,false
73d52675135cdf88,false
6c2c3e9eb78f1060,false
34d36a272151bb7c,false
27f4df9ecbead6e6,false
09bf297f84b747f3,false
00389a745f9dde9c,false
76f810baf757e6a1,false
653d6842b1cb16ec,false
1b59ea9a21d7502a,false
e703cf11a0481915,false
66a65e2eea5ae25a,false
56c198ab901b75f7,false
4893671c6b5d82c5,false
f4fb5a9ce081bc36,true
24728d47d5e5b4bc,false
34e71df470f23ef4,false
049f09556cfe622c,false
5334e8277e4d8d69,false
46b6a7cfb3dbc528,false
0ed3cec61cc111f2,false
c64f30e08fa816d6,false
23cc7dcfcfe15b36,false
6306841d7b5f91ba,false
6e876da5c1b19348,false
341fb54090d282d6,false
371afcf9a35a8a51,false
730884f70869fc9b,false
7da8fc159913e662,true
5618d3d49e4d189e,false
3670c47b58b2ba76,false
0dfd6a10e2ea39e4,false
6ae9aa494845c076,false
0d3ac2d8ac08d6c8,false
4683673090c19cc4,false
118b51f611de1d27,false
01fedf383decb6b8,false
27eac20eb4d2ec05,true
78c3e06e97404969,false
135d393d87a54f2c,false
7e521fae63a8d02e,false
9b669834954c5e3b,false
845a2232cd8240a0,false
3a55742d041dc179,false
463470719634bd3f,false
4ead09f46cac9fcb,false
075b1f53523ccf26,false
80019508ed8eea14,true
42698326e016bfe6,false
32842ac835f73649,false
5cf0d91eaaa01c25,false
534471c6c7d558e7,false
51d256f6d9190b37,false
45414fd2510badc1,false
2313d40031200d27,false
5cddffe4e91d67d6,false
cb75c00f8d9f9cfc,false
52ee275332b31810,false
acfc6702c5596c72,false
2410e6522be43454,true
10c5905aa5a6435f,false
2b18462114245345,false
56b84747f3553715,false
653462c16712bfd3,false
e8570ae368c82b42,false
151171baaaefc210,false
06d8a7e918801112,false
62943c146363586f,false
0cc4a05b0f259032,true
42fed91bb85edf8c,false
3aacb5e238231888,false
04cd9a3827ef4f96,false
1c05c43e0fa833c2,true
6ce8d05cfd513c66,false
417202a78d7c0867,false
36798a3ebbe19c8c,false
005c02070d0d460b,false
13c048d10fa6cca5,true
2dcaa30a1a91b7c6,false
5af00d5cd7ba0228,false
6e021faf1fc9caf9,false
70361947153246fe,false
69ea56ebe98de78e,false
deede01b485cc6fa,false
52738ffc3a8917a8,false
3e970b18aa1a6687,false
3ab1ebf2c7c7da6f,false
33a320c2941eeed9,false
15fe7cc06a7cc3b2,false
0dd87f33ed8771db,false
9d0983d2604b774e,false
4ac370e45fa53cb1,true
1ad967128dda09ba,true
75693608e219cee5,false
ed9d93914c2e58c9,true
5b571d9d339e6f0a,false
047bad031b6e9d30,false
722e07babd59882e,false
1b88be510806fa5b,false
7b65b68e41d5e6b0,false
2d1fd9946a4ac508,false
11c67d27a8142117,false
797883b237e55dbf,true
3914c49ef425ac92,false
01e92db5b2365607,false
aaaa70d8b777bb92,false
3ce7c871fd315456,false
2e2de93b24ccae34,false
4de743e98dc33e69,true
2153f17e36905362,false
d7451c135e326101,false
2d1adaafab278636,false
1ef15a5420831b4d,false
0643e8bf3e3aa61b,false
cc544bf12678ac2c,true
755a6520da351d1b,false
69ba62a7497f9ad1,false
29f66e012adaf990,false
46dc862ea6622659,false
7ebe3c098a2c4acb,false
59518f823136bdce,false
400fa9e4658e7ac1,false
405b2787a1a6291f,false
b7ed878283ad4658,false
4879b2542d4df6b6,true
3fca9490cc5b3f97,false
7adc65df52a68fd8,false
3af6c9cfd08180e6,false
02b04e162adbfd87,false
e481c3eac56bfc00,false
1e48633c2acd9fa4,false
300e77475ed6ae5f,false
58b937c05938a97f,false
16093364a0f66fc4,true
5b03667cc459454d,false
3d521b61054dd929,false
7ec2c5f0620ef7c4,false
84386ba1263f17de,true
25b326a981aba12c,false
7d4c31e6ab2f8ead,false
09bab8a4006a64bb,false
edaaa6214b598a22,false
ab582ce21939dc3d,true
08ff2c62ad55e1d3,false
57e4e551d5072eee,false
a1589cfac27855d2,false
600394a0ee0fc5db,false
701b0680b68cc041,false
9c5338a1566874db,true
0c6639bd52522839,false
4c03451b1b8fe0fa,false
105f9ef7b75d1f76,false
0b89d0af03be39bd,false
360bd35471fb2c15,true
202da273f4222398,false
4d3f0eabbf9f7b81,false
6ed08983a7142846,false
7a57cdefe2762a35,false
58e241ea7b56edd7,false
207d0f4b744da141,false
2d309165ab20a50a,false
0a3874c33856216d,false
33ef3c32a7d3c007,false
42030c4fbca894f4,false
131c87ae9e7032a3,false
1f20e0bf48e76b31,true
764a5f5eb753bf25,false
ad79b7803ff9d150,true
68a424b85372f571,false
3b1058aa30a57c73,false
47d274d56ef5f510,false
04cc25af2b8e2b86,false
00a8b9395ce23507,false
180be1bece4b6d2c,false
70969a1baf213bc3,false
e9f9af30a928d5ba,false
0b1a95b235698a7c,false
e1a48a81c574e218,true
99b25f5cae52ba09,false
1bb2b3bd1302e047,false
67bc9326a7eb3602,false
531fa86b41537d20,false
7485b074167c630b,true
7e1316445183bb10,false
52d2e244ed78c0b8,false
07079a4f1150f253,false
33c6573b5db504a6,false
3fb976871edf4fac,false
c5e705486018d71c,false
5c9dd3981a97ba4e,false
3931c3f73dd3f816,false
6bc97d6383305f32,false
209b5d784977d029,false
b795f5caac4a75cd,false
0e4b45dab5a1478c,false
6d53a623b0870ed3,false
863cd519a6b5800a,false
3dbdeab92361c9ad,false
3140a3d892244316,true
1882775652caa3c7,false
0039acfcc98cd879,false
a80e51c5239db446,false
5b10c9fa684d9163,false
5deb9666ac60624e,false
023ca5b2acd7e72d,false
34f64f200bcd2054,false
78da062164db96f4,false
99b28544fb6170a6,false
6621c40baf142c98,false
94c7ca87c657a923,false
1374ac99dccb2b45,false
5d58fca8c18ca3aa,false
2293a19ad11da49e,false
4336c1fba3800d7b,false
69e0f53cf3a9faae,true
33118e7247dd4ce9,false
50b6b3823ac5a1ec,false
21aea01e9b12fdc8,false
b40337f151926e95,false
301af020c2ac00a4,false
6ee6f2462364ad1f,false
1d0f469b83a18a1d,false
69d279cdcbbd775d,false
6184b00216e248b2,false
10e6ed34a9862e4e,false
94bf05ccd730de00,true
7082c74a3121eb1f,false
ac65eb5410d35593,false
502d58e55b2b43f3,false
323de8973e09c776,false
1f675320da656dda,false
6889178cf6db3fc4,false
1b261ace286c99fa,false
be0d41d9b55a0ea4,false
7fbe33a200bcb6fd,false
25a38d6f09e77e17,false
6dfd1c8d211175e5,false
11965c2e0cd5294e,false
6cb97a4c065046a3,false
3769c2b10c30d2a6,false
3943d2dfdb957f22,false
d2a416d7cc9fe1a2,false
087b02698913e2f8,false
3d7b77f3770a26b0,false
3c3c868b14671e53,false
0387dccbcfe3788f,false
5fc1362daaff439c,false
e83e7519eea65079,true
532474671bf51837,false
21a5d6a2198782ff,false
1257552616824672,false
f72b1989bf80377f,false
f96c23b9e2ad4dff,false
721ff500f147822f,false
3d69506ad821b7a1,false
1b14a31948615abf,false
928e5626539480f6,false
76ce7fe966626cc9,false
0e57e6d54672b9bc,false
00f6e9eafbabd0b1,true
237de2572cac004d,false
455f5df49f5fe430,false
af515bfd9f059fa1,false
3b4c1eebb78fdfd7,false
66f4e77b7f160cef,false
cdf94b06bf320f69,true
4614fd9d9484699e,false
c0ffdb5542c7f696,true
3d48060438180c0a,false
1dea58ac00210e0d,false
5759f835e220d5fa,false
71559e05f97d1c4b,false
35b3557d2dad7702,false
28fdca5266d0d509,false
63962d35840e3bde,false
4a33dca7dc2dc651,false
6dc111795c37147f,false
358727e4f02ea8af,false
f967b39b00275583,false
604757d2fb7a6876,false
50164ddd6ec7abae,false
6635c5d092f3e8c3,false
24bba878041ca36a,true
16437b1709feea56,false
83fe910391776813,false
6be5dd092dfb6a54,false
f861e090a66e0cd0,false
4627469f1ece7295,false
34f6149071ba6c18,false
736fab8466f1b4f6,false
09ccd03b3510ca00,false
204b0934bea05d03,false
563e049525989678,false
131ff46c24ab9887,false
c80a7d024b2e89d1,false
cf72858aac81abf4,true
04e289dbe395b86c,false
b1535b7e5c4d3787,false
6b57bf2097cb7f31,false
e9f91bb788cab525,false
b60726057ccd7e2a,false
69f9ffd80a50669a,false
2c768b1ae10efb2c,false
03f5c8302c87ef1c,false
6c798d8106bde7db,false
71ea8567ee440ed9,false
9c9d5147de506a85,false
7a3cd130af49df15,false
2d5b60cfb7a33038,false
04f320f5d5768ed9,false
629d45c4dc8a9a13,false
1ba90f8a1b55c6b3,true
35b4c23f4e8f0e42,false
6cbeb965c67300d3,false
552a14681cd8a099,true
157a5a643ab0596f,false
24786a1672f5a19e,false
68e1eda40b30afdd,false
015b99827c571e6f,false
3a23ee80d4c75f6e,false
18d237865ce9d479,false
3a940a41324404c2,false
fb984c5ac4e9ae7b,true
5280baf6a5f88d45,false
66a12640a4cb6e64,false
1385bc4b3c92328a,false
7eaf5c1dd5a463af,false
1b77d7dd0c73b53f,false
556cf10a25c09e61,false
98f6771241cdedbc,false
654d1b752c56f185,false
65bbd373bd148613,false
dfeb03fc014a0e38,false
0132446469bcd54e,false
7ac5ca19bab2a13f,false
735b4f9637e11312,false
7a0c4f3b09b14012,false
638e6d73db30fa62,false
02510da6826b8189,false
3e569de946ef87af,false
4c90d4400c76673d,false
16aab188aad4a462,false
c1cc9648bbb5a558,false
874b3c82fac533bf,false
284c3d927313a886,false
02ef488b2b3f09b9,false
cda59e60ad03ed06,true
d858fb3777274eb1,false
295535a3fd34090e,true
89f013277a622ec7,false
52709751562429a1,false
7a3d869f8a6502ac,false
37ab6ce19d297456,false
195054e3e34aeb14,true
550d7c19fecf6000,false
25fdbf1bfa9da9b1,false
5cb15ffe7020c23e,false
0aed7e3c7beb0b99,false
2f6d07b396ba6674,false
51ad782b445a136b,false
442ab10d74662b73,true
5fc695c75dfa2ac1,false
16807820221d8369,false
741ec1b2c1ff95e6,false
7aa64211111fb7df,false
3ca7bf7bfad1b50b,false
0971aaf46166ad8e,false
541019fd4b45de66,false
5a81c991a92f59a5,false
4c5f3304f9df8320,false
b43e05b295c1bf39,false
c126b5e8a6393e34,false
1800fb5c8ba82d42,false
a99aa95b3de3387f,true
0f683cf1da836692,false
3d04a24d08fcbd92,false
5bec79d05cef1c41,false
6f8a2a3c0a751643,false
003b750bd6acd21c,false
9bd20a3bf6449987,false
97ab97a651089fdf,false
5ae9669ca98cd671,true
60dd4e2e344d7567,false
fc5c98421d81aae7,false
5c08a62d3fe032d2,false
64f70269488216f5,false
51119f2e84531388,false
7339eb76adfa857c,true
da3fa86b74358841,false
157b8b6b21097faf,true
1ebd62309c12449e,false
a5a3abf86fb17073,false
47bf20a8df921928,false
3ec4d106981fce90,false
42ba791fc37efd12,false
fb37ccfb8077c027,false
31396af402b5aa03,false
6efc710e4f344ca0,false
4ab1d19a81894bf1,false
79bdff10c149a013,false
99c3ae681b395d70,false
1521fdd31890dc91,false
21a1026bbb34876c,false
15fd543fa3f597b6,false
2602db6aa5ee5925,false
6b3308945a32e87d,false
84fb9125d39e3e7a,false
44a3cd9e25664bc6,false
361fa9d6a0b678a1,false
066970114a077b8b,false
144b534251f2cb0e,false
146b780a3886d2fd,false
786842c7cbe82661,true
0fc9f856b2a00bc5,false
16345b6bcee6ca03,false
03c676a43ec181c3,false
7a1564830a00c13f,false
66174e6b429aa725,false
da576a7021f27d07,true
039f0bd52ede95ce,true
64c8a6cd70376565,false
0968370e1a0c0577,false
92078e2c4babf164,false
41d3d5c4112ae95d,false
0d0de73e479052d0,false
45911ed1391682e0,false
1251e9c226a3cb13,false
0f8fe81ed4f48368,false
1abcefaab8f620cf,false
2f624dc5f3cebc13,false
3e4752a358631a23,false
3735ac1d3afe35d4,false
aac8facb99e2b55c,false
411bfcf5cb3296d5,true
13fc21c7c40d3a7a,false
18bdc871189e31ed,false
766989a347a4cb5c,false
27264217c4881b9a,false
0d29c4674ca0db11,false
743ab468170d3d04,false
aa763a48d85685e4,false
068f87f042d0ceda,false
46143c60c6d3f8e6,false
95fda57ab67a9e2b,true
0e03792e5845788c,false
697699c76fd600f4,false
2609f9b3e4d59b26,false
15b135c2674aaef7,false
34ca33f13428dc28,false
1e1a2a7aadbfbfff,false
37ec4b147e64262f,false
4c79d33ebf26926b,false
64d7f5e97f784001,false
024147c58edbffa8,false
54fb36188b5191ef,false
e37c84be4bc066cc,false
60797362039152d7,false
06909118f28374ef,false
5e885f5263568791,false
c726d76e01fd35be,false
3067199905767b73,false
532d8d2b5e8984a2,false
5d88135ddd611e0d,false
5cbaedeb024c90c8,false
55d1f5519c5afc2b,false
515e53be478e5160,false
64771ca39ea873c3,true
a2ecf864b9112598,false
25ae471389734392,false
edf57c9bf3a1ffeb,false
22e8665406d8f450,false
46a2438508266136,true
afe3fd56e839fb2f,false
2312c0fb08e22dc8,false
650c9804c8c29da4,false
dc55abe327ece7ad,false
92270684b7cf89bd,false
1cda5815e3b27fe0,false
25306f3e482a7f90,false
08f7fde2508e7145,false
4f493e35f45328cb,false
3bd8a99fab4895be,false
bd193b242734db31,false
5774ec93fbbec509,false
0f68a10f3d6246fa,true
a82498acec106a8b,false
6e3b61cd0056395e,false
f73b5a2f6e32a814,false
5adbb5742425fb6c,false
4a8fe601ba1aea53,false
6164d6a5fa09e62a,false
834760263cd44db2,false
afec954ad4f4e69d,true
68eff6244c345e45,false
78b187dd8d8c8462,false
cded11349dd5921c,false
7142289093d0d8fc,true
2d3ca2c2ef72d732,false
037f0ccecaf68070,true
5e52b2c7a46c77aa,false
2ff6d5630ba1c799,false
7ffd6d4d038bedf5,false
50316ef3234496ef,false
3f9f7140aaad7ef0,false
d3c884f5ffdb3aba,false
f433ac3ec6836272,false
4c29e90a92a8ba3d,false
4ec91b059dfea7bf,false
844539eca4ca02dc,false
2b82c2abba5bb256,false
4530e9093b94f92d,false
6491641a315f1f10,false
d10f7f56d540a119,false
d0de739807ec3daa,true
796b94356f3e3d5b,false
52f196dfe602f132,false
9eb8718e90a518d1,false
c97e4f87444d3ee2,false
312151ebd201a341,false
8b2beb111eee27da,true
5797a00aed9e45a9,false
7bc1bf14798ed99c,false
c960078578086dd8,false
710ec2e555725c0a,false
443d4b4f8ba74afa,false
b61bf83e1dded997,false
10fd21905e9b4a29,false
04114d6f4048aeb7,false
53bfa1ddda8afe59,true
462743912ba47947,false
79cac9a4f02402ca,false
215f8c39b9c8fb09,false
0db760b567eebc46,false
3d453ddf3c7ec904,false
7fec001cc7614fc5,false
0934629d09498c7e,true
373638ffbf186be8,false
2f452f08d5225c36,false
2312821dbe16fe2b,false
4f5e6223cc71baef,false
031b647948d2d979,false
8dab5d302317190b,true
00200ae8e7914770,false
025be8b740e66a23,false
69d04e58ab29b8e3,false
4a2b232499610cf3,false
19e54fc98f03dc64,false
3520c486228e8fdf,false
02601c784020ddda,false
1c32f31d79e995a5,false
1ebf06537b4049da,false
3de8b1e13f29d3a9,false
ff005c269c4cf60a,false
68209d8c747ad3a6,false
93457fec8edc04de,false
00ca600c328596fa,false
314253285deaf57f,false
4817e6d09bd438ad,false
51e09331cc78d98c,false
7c8b48ee20f8df55,false
2b1a20a3ea6b1348,false
3a899e2dec23e712,false
16ba237c5d9c2e45,false
af26978a5fc74eec,false
8efb95b78a03775a,false
f5343332e1c6a63a,false
d6f37ae144276620,false
740bd3f57ae2d2eb,true
13493ae2d79d9cb6,false
03ca581948ca20bb,false
0a929bc64591c762,false
19c97f60cb678f11,false
1d2fb66bb8b7321a,true
6ee9d5175c426491,false
0ff263d942788a53,false
19415454572f477f,false
751eef682b7f4203,false
7ccd7983d4d6e531,false
79d3d292d7f373dd,false
5739f43d1652b946,false
1e31ba93a4b03ac7,false
2aa9fd066371833c,false
631053363c48f46e,true
269eaac9d4e02c36,true
7bf6556b7b98eb73,false
4772aac84203ab90,false
8e0b7ca7ef5117a8,false
646addcd43194e7e,true
598b8726a465c5e5,false
67425cd362a81b2e,false
171ab6ea96ec91f2,false
5fd65be1222b4846,false
5c2187012bac2610,false
f62c1ca76408e9b4,false
1106a04e806160f8,false
5fb7dbc91231643c,false
3bd1862c1b4ccd76,false
7fa602c46a551a96,false
3ffe01c1f38b0c49,false
29f52515e61bee6f,false
00fad3e3605dbc55,false
15a9e65fdccfdac4,false
42677daa64e3c236,false
5344c3019dcae199,false
38dc4d91f10329c1,false
75e0db8fddb2069d,false
096b9d9a73b344f1,false
568a3527bad32714,false
7a1dbaee5bf43901,false
079a57e717558a7e,false
f208da695ca8bdbc,true
b57cf6bfc38c5c0e,false
f521127a934b2d07,true
3b84d05bb411a9ea,false
ba58808ff482581f,true
5482046a307d2245,false
705641cb97cef3d8,false
f3d206ad687751e8,true
64ec01c9e904a532,false
7650c9b03d1e0ae5,false
50f7d5b95157b3d5,false
2867237cfac17f65,true
01cd021b2a1ba9f3,false
0daf045a012c971b,false
533c259cb87dd1f9,false
28846dfa337f8702,false
276184fb29ab04c1,false
05d34b1a6c85bcd3,false
ca7be2fe84b3e484,true
ea2768e0bda88616,true
a0884374a543b639,false
0ffca4269e27abd0,false
76f48ef58b4f1516,false
2aca757fb7f7c0cb,false
3607c64b56899be6,false
509ddf93055d02c4,false
124f46e820c72f83,false
0e7a44e5b08677bd,false
2be3ce7a6433e942,false
6aed490014ae6f7c,false
ad92379a094b0425,true
2feb6ac2848befa2,false
30a9707b4654e907,false
5b899e8ce78cda84,false
4b91af0e1a672e43,false
0bede2e8bbf7a000,false
0b394c6f0184de89,false
36e23db439c01455,false
786750dd1613e98e,false
3386cf6e6e804628,false
7835375ef4c6181b,false
49facab9227d7be8,false
7093d50765d12bcb,false
51c74842b8854077,false
6996f3c47eac740d,false
2c69968c2a241644,false
100053ce6a59a115,false
784692d3fe355d2d,false
73d575c238a8dafe,false
19c1f2a25d5ed890,false
2126008d813a2f44,false
b8fe3eaebf682618,false
fcd67ada19c8e4b3,false
51854f8e4daf2faf,false
3041c4ba2bafa8ca,false
51c22ec91c63b191,true
b2a29e5804625dd0,true
2b0b458e0a84f67c,false
64a94c9e639727dc,false
99e7e799f6ebca5d,false
41b0ce24111ddd89,false
5e1e775bdd845ef3,true
9d3bfdb53a7ace0b,false
265f823d6f1f1030,false
256291785c19f103,false
ece40f7314233d3d,false
27ef8a2ef9ec4554,false
6e3d6a70d0f182e8,false
27ec7d61e152bdf9,false
3adb67aeea373a87,false
29cd02211bab195c,false
6d06266e6209d67e,false
b6533ca1471965ab,false
61cbb6d52a752d59,false
5f6ce7600b5a6833,false
24a6d8ebca1f442a,false
473cc081a0c5e7f3,false
6b9533915ca6c666,false
bf331fc3d4431661,true
58248a19831bc140,false
367f1672e42eb789,false
253ad636f400ef84,false
416b460dca460f10,false
508b2b09db70d9fc,false
35727e2081c1e93c,false
72ea6c0895282cb3,false
5d1b08c4b95ca39b,false
27e3cc6a38f11065,false
13179c9f0f519f60,false
0c0d557e089d3db0,false
29873ff59cf7de33,false
440436afea46c984,false
94acea356127c383,false
ba24f87bc0dabc93,false
522656fc3ef96e5f,false
67aab3fb341452f0,false
0585cfd05c2c4c62,false
642288bf8f648035,false
050e0c6bf757d1a8,false
3635bbde5297e49a,false
8909073f48258ef9,false
64489fe3f1f0367b,false
0a82f0e897a8362b,false
155d1f1f36aa52e3,true
67d2bd8ca7230615,false
739864045753ca0c,false
74dd3feeb1c6a1b3,false
1abae5c6dd01aa8c,false
4418eb1a78b8897f,true
4fdd9793d67bdc71,false
9774b24c7f76bde1,false
0bf6d797cd72c928,false
91d00a2548c69a27,false
0e71eb61ba0cc0b9,false
6a73e515cbb10e2f,false
3a3459ccc1d3cbdb,false
7b424cd3d1ec3b9e,false
0cce4344d7e8773e,true
2355087bf200c514,false
1f7b9d3be74810ce,true
154f2d8690c639d9,false
56fa10214e32504a,false
479a546557304785,false
814bf7ba7fb88346,false
3c5f972a166d56a6,false
172587354a266659,false
43c859423f641282,false
683767a050006655,false
e289f60024d06f25,false
1df9b47722864754,false
10036ad858547ad5,false
417d29aaf1e196cf,false
48f286e868cb9209,false
e39a46da4727530a,false
00d49e2dec082d84,false
402141a3f0a66660,false
77f890674a6de0dc,false
f3fcf9229e1b10bc,false
11dba759e8b0bf14,false
00010036a1b77ee3,false
566b2701796a135d,false
dccf911af3782c38,false
b872159bc235a96b,false
393a921d7b671abb,false
162095c103e68df0,false
7419416085171d0b,false
25c4709e51e55965,false
034788dfc2a4daa2,false
6ac7c246ff3878c2,false
07c6dfdbf5db80d8,false
769716ed4321dd80,false
1ee554cc4aa2c6b8,false
684fe72897ba4279,false
01026d39cc481c39,false
19e8ced1cffa08b6,false
7590ac730f62aaaa,false
57d07f36ca3860a3,false
45d9bebb91ec0a74,false
1bfd5aacd469fe92,true
d967215ef8308c58,false
f9e8cf959eabf22c,false
3522e74ce33e1cdf,false
7851fd778237cd31,false
68bf43d29167db04,false
229ccdcebda4f20d,false
4155d3a88efa1137,false
d7de748781ecfaea,true
6c77816a8fc5a35e,false
262ad74806df5690,false
524718b676773110,false
c271f1eb46f3fb85,true
b8c2401f0021a6e2,false
654e5d53268a1fff,false
7ff5b9b1d91a5f6a,false
64c41c233bea6f06,false
3c49dcb05f92f97f,false
13d07750229fa683,false
6153edbdb976a9a8,false
7043a25954dd5fb6,false
687d12c74585aa96,true
588f96c16a6e8e9a,false
3ffec8b0a90d6881,false
1be1f09ec94578f2,false
4429de1c1716314d,false
8c4eda66750ec27b,false
8712abfadd5019d6,false
766065613c1de1c1,false
ea15a9e1b1e3faef,false
67ef3776d43ccb9e,false
66db6b624f7eac51,false
49add0c9c55ffa53,false
366e4a8df0109933,false
765b60be7b19b250,false
d4791d2ab1b3ec71,false
2eaa005738386547,false
45fc1adfd94eaa7e,false
41a9cb065b7271b5,true
f553d308b1fa5a75,false
6be0e672037638bf,false
268e4fdd04007c93,false
7fa00f3e2a7a8c59,false
4f6ccc5af144e9e7,false
d1af98cd573fb871,true
a11b92cbf8fc5ac4,false
5f4b963dbaddff10,false
76fbb466e05f36b4,false
bbd423c41d13c2d0,false
1b532b207a16b3b6,false
d766c1c5d199ed3c,false
50a17b066e6fc641,false
47784760f4e61cd7,false
f76ee8353a4fa3b1,false
ea57e1be7c8504bd,false
22f35f82f6ee4683,false
9b1c62461251330e,false
012e440bc0105d05,false
a8eebd5ac047ce0e,false
c6057ccaa19c0d2c,true
8f085c3e4e5e1096,true
a57de631f1af3853,false
79d1f14b4995f111,false
61d60d3af6fab1c9,false
557f9867c409d18d,false
e77ee88ca7e076b2,false
4e8869b0e614c1c1,false
68e06e4855b13eea,false
6d1311c61596cacf,false
5eb9239b84a0fad8,false
f4a0ea7f767d538d,false
735ace741d9848a4,false
413bf86e1fa528ca,false
92b167378f6909f8,false
2fc20334afa1cbea,false
9eb68ebd64b8bba9,true
25358662000e2393,false
0d44efe3685706ef,false
35965b5d4742b6ed,false
351dad2cf3119db5,false
6d6810f3cea8d728,false
99925f987753e919,false
3eff4a56a41540c7,false
7af89fa1750ecaa1,false
0ac56485782567f4,true
307057d0d2c887da,false
72313c5a4fb80cd8,false
000f18743843525f,false
4fd69ab45a99f9dc,false
65dc59f350f9b437,false
7690ba5005a0c555,false
20286ffc6b1ac7e5,false
73e614cb6b499c95,true
be13d174d044643f,false
786ab67f79ef5604,true
62f9d96f2cb8f025,false
604525e09376098d,false
1532d6360fdae38d,false
46eec8da1738e17e,false
61a6b9a718e07f07,false
4300d7770d1a66c0,false
4e6f13ace7c66355,false
81e45c7a3e8e09d2,false
5bd36ee3951f4c9f,false
2c2c128c5bffc05c,false
284230f44c264b59,true
740b8c4429704920,false
8fd055647df99f21,false
1ff5c6e0a7df7d65,false
fa1701958c88018e,false
278892d0bffac00a,false
ab1c4770689f938e,true
6126eef9ad3b698d,false
3c22d657da6e6d5d,false
5d89af3cea48f1e5,false
4eb2a2c3a16d3ad7,false
6d634fe02d66497b,true
549ff5f052ee54d7,false
4a212164f5958d71,false
e2fa188038a1537f,false
13c728f6dd85b62b,false
3d0892cac1ecb06d,false
97eee8d91d72f32e,false
434ec93d7bbe2be7,true
40f5fe02601ca341,false
04c3eb64652b69f2,false
4022c467573e7257,false
5e9cd89ae77023ad,false
557594226a4295b0,true
9d91b968ec3c084a,true
35ac7df2a48c2c13,false
91ccced37f3476b1,false
90483b7a57b4edb5,false
402ed647e8bd01f8,false
3c3279dca0459fb7,false
3dbd75a85eef35ef,false
3af1df6752b99625,true
0164f384ccd196a4,false
49c34186d8e56f53,false
7d4d35d7d61e6024,false
a098a0927df0fc95,false
b2b70a5f755aa6e9,false
4076609ee1de1305,false
835725bd36e68e43,false
7ad0432c56109478,false
19bbefeed9d049ca,false
3369231e08536d2b,true
bee4cad25fc09353,false
117a804cd0d6cdf3,false
b60f37826d403ca0,true
478b5d09eb5f9b57,false
0e53e0698b0d696d,false
1e5d8e8710f1359f,false
04dd1b8c634c532e,true
9aa4dba81864fe53,false
7f1929123f368ffc,false
dbbc0ea081129f8a,false
28616c0c1d3d52c7,false
841b5b882955fe53,false
540af0adf1ce5a24,false
38c9fabfdb83c0c2,false
01a4f9095bbf787f,false
5a17ea8fc422d8bf,true
3828c79f560beae3,false
0e43ad87ba4147be,true
595069a1aa532ef4,true
1bd956d5e41906ce,false
1c2598ce6f384ee0,false
54ed02f3978edda4,false
7359ca518663a563,false
36a868cdb3ea5dcf,false
2db2165c4d89592c,false
12f88ba2747d3583,false
3eaa544fea0a1bf3,false
250102d9d75f07fe,false
5f8cb1b6a3d8005d,false
a4252efa644dc7bf,false
679734765303ac53,false
0d3a02f6f143c624,false
4d65cd7471d214a5,false
21be1795b00c52e6,false
c430a5a8d3bf6760,false
0f1baa85d84ae8d5,false
a9d0ecd01e86396c,false
62de5b1d3d6187a7,false
bf6b82a687c5bd9c,true
7a3a9126c61719d0,false
bf1d9cbb84413059,false
31fbd8a04ed6be30,false
551127cba91c9073,true
6042bbbddf82edf5,false
1f19184f2e38235a,true
3d86e72297a30d3f,false
67712a02a140b188,false
7423e7205ba9b59c,false
5a48858531e3b92d,false
03f65dfd1e111573,false
1a1623780b38f5dc,false
57596eba08ecef58,false
09a2791d50eaf7a3,true
3fc3cb87ab1e7f18,false
1eeb2941cc2ff0f2,false
54e449aaa975f192,false
9a42294b7f178cc2,false
63a800490eb36ef6,false
740422d25c305090,true
6f3f04e1010b608e,false
608dff0c7ca37cc2,false
0ab72278eb8eb71a,false
b7f48060e8d8d7e9,false
5e06c50e03c73634,false
7d3c0ff44b9822d9,false
734cd4caba755816,false
65e16f651a1bf5e3,false
1707163dd7a6d45b,false
7355fa443e43a12c,false
5938bc7127837b01,false
1ea3edd4291b048a,false
5636cc46426ec858,false
4e75e7a266b432b1,false
099cf330b55a4dca,false
242737564bbe3d24,false
15f9771aed38c8b6,false
d64e04a663d4a7ea,true
a89ef62028d42613,false
0c2e8d783a711d9d,false
54db7360b4ccea76,false
03f1b85acbfa6005,false
4fc87ca7e45718af,false
7674f3a93049b87c,false
12f5264b670d273f,false
6c66e558fc4f32b9,false
528173f6064bcd1d,false
0a5511e370df8425,false
2a59db4cc1aa54c0,false
4e049ec06eb7f736,false
0fd7232f6d877176,false
14f97b4f6cc08598,false
3254c9ec61cc42d4,false
ea41147eff25341b,false
7deb7ef8defcb102,false
51d885c28a69b57e,false
0338e4541c49867e,false
7dfc6992b5d3dbfb,false
481dbac0c7f34e8d,false
1c59383679c3dfa8,false
1625fe668e6e8bbb,false
d81fc8105e22df4e,false
14db17c68986b900,false
3566d6eed90aece1,false
8816ab0ac9df9e2c,false
c97a04e62671985f,false
07d7748d9f5d9bad,false
5afd51e752d6d464,false
56b6a6a97ff16e86,false
79a684e913c5e4a1,false
788b251a197d3dfc,false
1e10da28b3bb00fb,false
0ec3ab4dc55dac93,false
2d2ae916613452cb,false
242625a2173d2eaf,false
0af108f15350550b,false
3c81e83e63404e7d,false
36f5e5dfee4bc980,false
13b82b924dceb3d1,false
76ded2d5d58877cb,false
01185f7ed5b3d306,false
1f237880c3b0335d,false
5745cb85b96cae40,false
6ab94ac9c30a9c95,false
78cdc43ce6661e93,false
2d1b4dfcb28d8a68,false
8e2060a740945583,false
71f7fd4fdf8f4509,false
757e3a5818bc4e6d,false
3705acde4efba447,false
5cd4fb47ae0cebcf,false
36c7f6469fb9bdc9,false
626a09312576a05b,false
2e5e565f4c528fc7,false
0e85baf6fd03a776,false
01e3d60c78e2e059,false
e62952c8f510cd1b,false
2ee0bd516a44b00d,false
1120f64b1a6446ee,false
3c07617f21de0cfd,false
ef64b7a291585931,false
40a3965e3b0168b6,false
f86bfe4b27edc454,false
034b24e389db4323,false
edc6423861d6c384,true
48c01176cbaf1207,false
1bf121dc1c9d2eb4,false
3567c2d1b48ab268,false
358234d06bd14de0,false
2757449081fd5271,false
1986ac53715cb036,false
781f59dd8a756657,false
424c26d205bd46a7,false
028b7b553b44fd35,false
a1a71a602c3cb1da,false
69970e3360111aa9,false
2aebcf278f1657db,false
21fbf741a7732fe2,false
5d9790a0adb35a32,false
b4eae8da8158c351,false
24ba782ccb26e543,false
6cc98ce8d460290b,false
724d91c3f8787c0e,false
216d8304acf69d20,true
02188d6e910ee54b,false
6a8ecd614b1b17d2,false
a240dd1be2731684,false
0e136ba59cdd8feb,false
5dc5e17deef5e498,false
392765d634e14593,false
049dd1eb4b5756f5,false
7c9a786b71f1cf5a,false
19d22918f248eeb8,false
055d2160035d554f,false
5b90608195a3940f,false
a721a0c41b95ec71,false
535146b13923f666,false
b3791fe84f478f1c,true
1ccc99012e645daf,false
12755670a000871a,false
3699dbc1bb49b756,false
7383f09e66022cd0,false
73900653ad234415,false
5dcef385a24f27b4,false
7880ab15df662f41,true
457bcfc02d7fc35a,false
5ca7c80437b91479,false
50b395637e288f35,false
489cd676abcf1d86,false
9beefb61c99e3400,false
014eae2f3fcf14c9,false
b03e449b58835e1b,true
4a5e032a7980deaf,false
2b248278c3269a5a,false
0bb72fbf5ddf2f61,false
2712ee36910aef94,false
2224b37b464038a6,false
672e1bbe83471e40,false
3dc816b86edaafb2,false
14e1e1a383d7b5d4,false
7f4a1c2daf17a95c,false
71ca8c8d31e61be0,false
462e3e5a71e4585e,false
309f089bec436960,false
22a7317ea4200ef4,false
57a46aa004ae59c9,false
55754a9ac9d4fecd,false
6470ee2aa7782bde,false
67e820d6b8e3c717,false
45ff650f3604367a,false
56f41e920c8c2c08,false
1970aadd967e0d6d,false
2362e4d4538e42e9,false
27033395946d2c5a,false
e9a22e216210df6f,false
2ac27899ec021021,false
183a72659b0c6d6d,false
734e5333031235e9,false
1792a18af7167257,false
7c3ff31bf0f22c73,false
053bd78da87f66b0,false
7b9bf62e0a2271f9,false
535aae385dd36816,false
1b293729330e81cf,false
2f94ba7c22a315a1,false
76d44fca4bdd692a,false
16dfcd36ef9e8f59,false
0f07277cccc45db0,false
3940623ef63c477b,false
2e9c7ea6585146f7,false
17d835be01a1ff41,false
ff5339793c4f76ba,false
6bce90cfb9a87a07,false
50f835fb91491ed5,false
2d60cacff65b7852,false
0e6a00eda081457b,false
0c3e639b509ef3c1,false
3089fa67595f5b72,false
0726ecf2d996d4cb,false
4013a43c61b70525,false
1894cea16a9e971d,false
7f7ddb5984ae955f,false
ac860ea6bc2dc448,true
a8fdc26f17ce1dc7,false
6a27a6974caf0969,false
555dafde359542b8,false
08d279559d39189c,false
03b992404e2668c9,false
e23b48263708db23,true
b0c30cf233004c51,false
5299645b1f0fda9e,false
7b75370a33535668,false
6cdc36daa75ad188,false
0f317bbca2ef474d,true
a614950ce8eaefba,false
0b3b9d1c213a7ade,false
10dfbb622fd44c6f,false
651ec1bf198b1f36,false
8a77c23ee0b79240,false
73b37837ad06e629,false
e0b742fd1b32d5ff,true
61524d6d667356c0,false
4e6eacb5dd69b589,false
53a308518a88d231,true
7c79b7810633d9a5,false
3f12281d2c2fc983,false
bb95af006366991d,false
73f7d280f2ed8559,false
525ff2f01ac70b6c,false
73a6f9b79e4e5423,false
7679760ad3afefbe,false
3d931801652d2825,false
00dddfd7777ed883,false
2a21b67d6a040886,false
d6482357e7a3f2fd,false
091ba54df5c6f63f,false
7d6447f90efc6d4f,true
e31bf779c49c7950,false
4fd8e9194bdefdc6,false
16912975d212db73,true
1c3fac1f8190c6b9,false
25e90891b797c28d,false
bc67d09238bc0730,false
54579de042ec5eae,false
1162dfc2c2007473,false
f86311ba164cd507,false
6b2a1db59428b439,false
2d4337f857b0e5c0,false
ab1ed5c7be16fb11,false
d97c54f194f555a1,false
36f5116856606589,false
d9fe0b9b61a40478,false
02172b167e2362b8,false
195a49f56b264309,false
9aff72852863e61d,false
01c883fca3a75b94,false
7450f35bdda45137,false
539cde224471dcad,true
5cd4252294997a44,false
62cc021e78535b01,false
02c11495af7fef59,false
7f95cc79f9a158c7,false
4124b0720de33486,false
3e07f71de5e13bd5,true
00938c95cc1b5178,false
3bdeb009a9677717,false
7bf57c790624895f,false
3d7aca144312673d,false
7c705abad5879bdc,false
2051f11aaf13a03c,true
1acfafc6877a7c98,false
7d9f071169b4ae87,false
a01075d432a3ca8c,false
bc768a837c2ea6d0,false
12830d6835cfc5f0,false
2f771503e9c7dd0c,false
3a2266077e1dcd1c,true
05cd70b9ac36340b,true
06cfc4f5054f3da6,false
178ea457540646b7,false
7479ca4f9159fa4d,false
1c7b7c821e9d4757,false
e72a28bb6f778ac7,false
0f1ded64f926e33b,false
611303ccf3a79851,false
222f4b2d01484dc4,false
2df47d2c36acb550,false
5b16007674c07a4b,false
0af95ca96427cc25,false
18193dfed3310bd6,false
785b3efd7f83c25b,false
00121d78026c5241,false
10081b9ef94daa2d,false
5c9b655a72d050d6,false
2ded1e72d3848c65,false
78d5eed4119b2d0b,true
57d699de3bc5ea15,false
2220048dd748e128,true
573e12bb94269c45,true
25c35ae4c7ac7d32,false
cc0cb96725e6cbc5,false
6b222e1bba108464,false
1673bd2623c4ba30,false
4d0a4ecd1274c681,false
374d329579391579,false
680ca422ccd5117f,false
d433aa9fc54da8c8,false
1493ba39ff2b79ba,false
7e46ffacddb240b9,false
65dad2e5f163cde5,false
57df63ad54e41a4b,false
458cbbb3da7694e2,false
4362759896596e9f,false
1c2bfa9aeba8c743,false
41dfa6f644307c4f,false
247f70addc59ad38,false
7f7badad8dad33de,false
36cab20517178273,false
6761b2e2ed5c33da,false
069e998702bae570,false
6d67fadb6ff7c68c,false
5b858e629e9398ca,true
24341aea358a75aa,false
23f6d42011b7aa2a,false
20771a4dca22e340,false
b8fd53dc7ea83efa,false
d8dffeb7673ca820,false
eac7b904cd1a4fe5,false
e92a3044e79a598c,false
7143bf0105ceabf1,false
d8769278ef27683b,true
0fd3e293b20173f8,false
442cf4622ab90b68,false
4d087571960ff468,false
7f93c2642f7f2d1c,false
59a4a44d157548f2,false
398ee2625531bdd3,false
376dabe4332ac62f,false
3ad360ce6d43e7e6,true
a867486974ecf30e,false
12635475b93e62f1,false
505bc1cb233e7bf5,false
c50bfe421f5494c1,true
3c9b4ac811a043f4,false
09936dffbe1712bb,false
38c6a75f1e85b4da,true
4dab0be3038ad396,false
f3d64bb322a001d4,false
5b3f2fb1b0fe74e5,false
1d32d8f7e02d2a5e,false
dd973f4f7f5d2501,true
62e907feedde3de6,false
1d9b455afc2a3c4a,false
725f900f5e59f59e,false
16ab7823b47b3dfd,false
e4208737d3497c90,false
30716eeb90b62508,false
20139cce256a8bb1,false
3c5ee92cac2fdf89,false
2e5bf1d6cb0d66e4,false
49423c433eba7c73,false
189d9bb0e7ffb33b,false
6ec6e89a9d509d54,false
0fbd50a3a3de450c,true
677a52af6e36766a,false
2888e7edac1f388f,false
1aa80aebde11b278,false
4d2b9ba70b2be7c6,false
4108f1afcff3445b,false
b4c694ad7f6277a5,false
0e84387f2c0694d9,true
5ddaf21afaa5f883,false
2a05e3131026fe46,false
7bd2c3af98df6b5f,false
4d7a33875c0188e2,false
6cdb9bf43a207b05,false
44a4241a2ccbe747,false
1dac0872e70f5d03,false
89a4fd88a0ce2d52,false
5bd5858e66445abc,false
7823d078a66a8cde,false
7093d88576808153,false
156f27a1d4d5dd8a,false
1c87513b3d39b83c,false
cb03642379fd78fc,true
1678e55485740d48,false
0bcb939bea7f281d,false
3923cb6220959e49,false
3a7380340acbbaf4,false
0032593527031ab7,false
d895ec4c20850e72,false
b2b64de4d719f18e,false
0d87c8efcd1cd643,false
5cb20ef37d1666f5,false
12ded81688e7171f,false
52b7bbcabf9026e5,false
546af33ca71217d9,false
39683adf4a5bd2d1,false
377fe7ab2ca120f4,false
5ef1e1e79167052d,false
110825316d424b15,false
dca0c7c3399cb0f0,false
0d1421144f8b852c,false
40cfbb4ec276f159,false
0469021dfdc33c51,false
5980e8caa9ac5ac0,true
4950977ed2680ab8,true
249b2cebddb4784c,false
7f71789a54ad7f56,false
b8e9de861ee41935,true
639c96c9bed415af,false
4141f7051c24886b,false
3101538daf0e82e3,false
2a4c6432b89c56a5,false
20540af20a6625ba,false
56b4cdfe4e8fae27,false
0b91f7a3dd5caa1e,false
133ab29f07774248,false
58cc58bfa00dc2d8,false
7c19e70e337c530a,false
e741e10fdb098a45,true
158eb12f8007e328,false
28e2df8a677b12f9,false
66e6a980eb126f9b,false
71731db274cfd2a5,false
16e891d4e2a0b5ea,false
77107392119ea7d8,true
8f523d2bebc0dc8b,true
6e7419b0ceafd306,false
23bd7807062e8a35,false
2c762113716d4367,false
7107df897736726a,false
ea544a5e0a1ae5d6,false
543853f026c31866,false
7d7217524fef406f,false
004b10cb3ccaabf6,false
7930412686c1d24b,false
8bfccee4378f1047,true
53efb45c75f2617c,false
0d389cea2970b60f,false
c1308e2b75a1e561,false
7003029562648672,true
5db98211ed161919,false
328811d8eb2f9b8f,true
1a7c157e912c1e7d,false
e7f3b67dfdc1ceb0,false
710af21df6670ff2,false
b8f259f990a70e6b,false
2838eab077002291,false
37a07a7176cb547b,false
719509f215937b72,false
278aea960254dfae,false
2a1690b541dcde61,false
772d6843385ef743,false
251402d8d10d1c75,false
45f878c750d8e01e,false
1c39fad5785335e7,false
bf00f391a59924cf,false
73a795a54f43816b,false
25cbb12754a5d778,false
b19067f6fb265f01,true
0973409361d6ba9b,false
1c240108fe9a65b4,false
2676e246a9ac88be,false
2733eb0da50be928,false
193ddc2a99ddcfcf,false
576f74541aef9706,false
093687c562c70c74,false
578a548b543e8903,false
765cb1415f6e42a5,false
67bf69a5b2a9cf0d,false
49d9dd3a142019cb,false
637e408dcfcb6d40,false
4de029108a142060,false
7f94e757a1a27c70,false
13496adf61455293,false
2b96db06f5bd9214,false
163fca27ea18902f,false
5ef3c69f3659a5f1,false
55cda42c1767c8fd,false
3c50e7774d7f0a29,false
64bcc2576ecb1207,true
060d4342d5e24b22,false
3331f74ba42608d5,false
12fa2933d8df9e2c,false
ced425fcc1118473,false
29afcf47a25830af,false
5426ef89d3d47e52,false
69f1c41b1323dc16,false
33461e756b028428,false
789ae327c66a8e42,false
cdf2f99d9ac95685,false
ff8a01615804ab61,false
e798c927ecaadddb,false
38886e741369606d,false
29425d884bac66f7,false
1131d640a3b3e261,false
193015e41071a4a3,false
5262a948b380ab5f,false
40c48f189c207d00,false
789ca312065d61f9,false
1de4d6d7dd3f83b0,false
0644504e49f3fa43,false
304e656872c0a7e2,false
2a5c3f614b274371,false
431e7897957d2351,false
79cc9d8b0ee6a8ff,false
c89c39832ab32cfb,false
0394e1f242892dc5,false
ae234da32caa1900,false
dfd247bb9ff02a7f,false
51cf3413a6113e00,false
484197bd33481a69,true
4af3aa28147c1044,true
342db469abbf16a3,false
c8fb839b88547bed,false
7c1fe0fbb46a4c7a,false
0b077c914d5b0079,true
8f66d15dca3c1eb9,true
1922ae5f4fafc330,false
80efa8e378b08b3b,false
24d1bfa6648c5a11,false
bddd05630f514a18,false
13a4ed3484c6945e,false
24d62364bd653aff,false
529744cda2a9d085,false
567fbbb8a8094b55,false
08f8f3d652538d3e,false
b018a15bf0bf510c,true
5fed8e2fdd2964db,true
83ab3a73446094ff,false
2fcac18815d974b5,false
0b7b719f6226f0bb,false
402199c20b7c3187,false
015d0b27677cfd45,false
ce190277b895a3d0,false
31b8899c59591eea,false
1d76a52932d48a9e,true
00bc26b758551dd3,false
40302b379ac062b4,true
2fccd244ae0f4c85,false
43390eada5eb5659,true
003ec3b2698d4b98,true
6612f44a5692a89c,false
130d5626dffab34e,false
38b6ab778c941123,false
3c1251627e237f95,false
19b2f8fd6b6856da,false
15b3dc46794da7c6,false
22feeabb1ba81f52,false
e229ff985566d063,false
3a0c649e2321e0b3,false
0f61ce28354fc129,false
fba9bafa11ff233e,false
7f28bf83c758a171,true
6091873f4ad08941,false
47d619970fb292cd,false
451f523badc27c9b,false
48503b36a498657a,false
20539f8701a28fcd,false
3407a0df5697fe47,false
6c2575dc15975526,false
3b54c08a36a3b051,false
5ca3cfd33bda2b95,false
1ee0caa8a4f1da29,true
eaed2ae600b85da4,false
1aa082ef3d35d287,false
6a4193e4162696a9,false
3664b24becf3ce6a,false
b87101aad0d69eff,true
6faaafd376497226,false
46191b8a7dc06be1,false
302a885613648758,false
739f51148adbec57,true
2da4f5e4201a3ab1,true
d9015c3f684c7a66,false
d3015929d4c80332,false
168d744439dac9c6,true
05aa793e0a39acd8,false
dcef6313e27734fb,true
0ba5acd6e473279f,false
36b5e6a7cc846b3b,false
71a86c46ec43b5a1,false
1381b8b26fc7d07a,false
76e23a7084209548,true
d6c0db30a60616cb,true
4631ca109fd03e43,false
e9a36ede3da9e1d6,true
738ada97561f6618,false
25892a902b15ca7a,false
3105cb1eeb8eb482,false
630d727df89847e0,false
420d208bc66e568f,false
81fa6f9a4ee3ebc8,false
2774be8f2992e7e7,false
741646db2111698a,false
df2e63fe456756d0,false
7a7f80608e3436c2,false
6af093e431f350a6,false
6d1d53c140ea6a5a,false
76c614a6b743d8dd,false
4dabf04a1a6a2cbe,false
65decef79fd88c75,true
c68190e423a4d92f,true
24c06b5f88552f77,false
c76d89b1b3876ffd,true
8c997f7bbf55c9f8,true
8c27dc85280b6a66,false
0494c74dfee9bcbc,false
1ceebdb98752b720,false
0526d5aa62bb4e33,false
10f6ec0a18aae8c3,false
73641ab111735a9f,false
122d92816f6fd4fb,false
57299f088ea3c429,false
0bfa70de4d64dd5f,false
3764c3e1451d89c1,false
3b9981eb90f4da7e,false
5cc364ab45c4e078,false
a1688c1440bfba1e,false
61d4e2ea6fa42537,false
7b56a696d501e132,false
2de18019ba9c7a0d,false
61efe23af498ed16,false
2c6d702f625803e5,false
46e63fbbf707248e,false
15ebc30843103260,false
5364764e0ef04bf1,false
2d69f0ab065c091e,false
193c406949fb504e,false
6d7a3b2e9a9f33a8,false
1dafc48a6f5c59a5,false
3230d415a972410d,false
218504887ae699c4,false
2696cbd771db6bd7,false
0de9e46d6397ea2b,false
b77d5ea613cd5f3b,false
d3ebed2f36c2ada9,false
18034cf555bb251c,false
53bd4c232b93f33e,false
688b30a35d872bee,false
7355d8b0c0e51f59,false
090ca1f20b4fdfcd,false
6f605931f42c0e68,false
45b79037a95c9dea,false
6c066070910c7cfa,false
9490a8a951c6c24f,false
cf507039fd51a6bf,false
1dacdd963843e582,false
f7fa4daa78f323ab,false
f7a6987a559eda1b,false
142068e05555eae6,false
5e12e65bebf6abde,false
23ceab0a5c032242,false
62a24fa8e6ab3daf,false
c1a12e04af185968,false
443f877511b37a20,false
35603ba9f0abd362,false
139c3d3dfe104680,false
9ded76925b50d155,false
1e4a0c151b508fd8,false
331de2a3e966e4b7,false
6f6027fcc531c856,false
1e0d5765dcb97fb2,false
2dba625c91ccc5f9,true
5ea7e8232d6183f2,false
afb1bdd72d8cac0b,true
32d72b42d83fefc9,false
51e067045c5b1e75,false
03053bec4514663a,false
0189140cbd280ff4,false
6fb03d23b449ecc1,true
406cd4ce305f4eaf,false
7756a0493675a8a9,false
197c89616e7a8e8e,false
04a411facff25ae6,false
33b21575b05bf495,false
6b5f4a557f1a2144,false
47f26e1c7a761700,false
142b1bffc3589739,false
434568bea16d56d1,false
50e95b95cbbb6e89,false
0a77693aa6bd6aba,false
55d383e8ebb11263,false
2ec103822a350218,false
565f638011acd6bf,false
2a90334319659c22,false
3a88a647f03a0202,false
8d1f6c05700c3b0e,false
35d2d17f25d5e5f0,false
d445caf0d45a3ec9,false
6dba9750e26e7ee0,false
7b64c17b675d24f1,false
67de97e52f843c35,true
511efb5d49aaf9d7,false
bfc3a45150023ad0,false
73535960b6656602,false
7b3d4f93baace457,false
6d39302db1087762,false
14e883ba42828036,false
059f6c583250f719,false
2b2c75d53eb65c83,false
6c39ea16fcac4312,false
8da9377dbb1af796,true
bae831f677ba5397,false
bf53678bc91aa84e,false
619023ff3a1c743b,false
3cbb4f746ce4a2e3,false
6b02e1b14423d2e0,false
2effb029f831b77b,false
452e246e62f44b79,false
400ffaaf5a1d45bb,false
4eb4deb5e060ab38,false
5ffef9b49c4cf9bf,false
3e553dab001397c6,false
4718a9c98d711611,false
740eae741a0254cb,false
23a6a090d1727666,false
c3a38982d9e8c2b0,false
2b192c86f1f93470,false
8380d84a624ebccc,false
412ab0195b401b33,false
0f47ae3eae60cf7a,false
4c1c88546d7c1c6a,false
005cb4cbfe0409ae,false
5c5622df9ed2c20a,false
ce9b788b12760f49,false
0953562e1f7268f3,false
1689e23343849e1b,false
25c6ab4c34ad19c8,false
18e595cd74ff1a76,false
e90c20be296a6663,false
4f91f6d1f2f55459,false
29c1287e8a68ee86,false
3f7b7cd38ef5383b,false
3ffe6a1233eb9bc0,false
088e745c2ff1ee93,false
7c4f048850d081b4,false
3669277a038a0e40,false
79dd05aa6a3675a5,false
02cd2d1ae6ae9834,false
630adb3ac6123468,false
09e0a9626483f5fc,false
11e125d138133617,false
23dc7cb0e538a428,false
47c4d44d0098e32e,false
4b5f57b531d3265a,false
76ff9702f0c50045,false
15513dac1f4654f3,false
e37f3d12e1dcd251,true
4b9b3c794f0975c1,false
1dcd7f76b8e99ec6,false
6aa70e323f619eba,false
d76294b4b69f2761,false
7213fbe43169ede8,false
965ce440598d7931,false
c2198cd0747e3b39,false
1d0bd1ff2d5a988b,false
dce901c6b1cfee4c,false
8135f8d595ff6a20,true
09f9f17ff1ae40c3,false
228a7e9aef2268c0,false
4fc39fe3127f0b01,false
e2a84429d3f357a1,false
17bcc540aadb0e88,false
11c43c958d3a68c7,false
4c7e97ba95805a57,false
eba5d61d91dfebea,false
47ce2237d1accad4,false
00466f6f487add1f,false
0f472f250ba7b228,false
7a7e636cdb459121,false
337a925d8be8bba5,false
0f06cf43238d8268,false
0700473f6f1d837c,true
007fb5b9901440e7,false
318ea6bd055fe940,false
0b18e8e51016e9a0,false
8a881f759d7c3af4,false
5dbe8e230972b626,false
3b2a270acf390569,false
733805d36f4aa3e8,false
7333e0328d766be8,false
50a7606334b0790b,false
340bbf119e032275,false
07cef3da1f9d740b,false
274260fd6f71cea7,false
56d89ea3351d7865,false
05ea011a0467725d,false
516859e2e7959f04,false
acff50dd588b55ca,false
49174acf34a7cce7,false
5c7768e2c3678caf,false
71ab9e29dbd6d440,false
78d8b11308a14fc6,false
01778cd83907ab0b,false
2ca8a917167c53c3,false
1c19c44c65a449b2,false
6135a6f96cc109cb,false
5455acd46cc816a0,false
360dcd3ff02197d6,true
64fe44f696aa61e3,false
4584ab3cf848a0d6,false
49613cf44c3f14e0,false
18f4caf5bc5dae86,false
58d5153bc8176d98,false
012d4f81510cbdcf,false
0e26a0843e97b69d,false
4c3baafee448d49b,false
c07a4430d4bea779,false
1130c5b83acc7087,false
1f175de766ea0db1,false
052891a5f87607a9,true
156c1f94cb46f4d4,false
4db4445b6e8a0c15,false
4f2899b6c19152a9,false
c8c79c30a567a23c,false
3523e8a15cb400c3,false
90d3186d9283cd4b,false
50459912208e986e,false
622f5affcb043ce0,false
615698f46bb8979c,false
347973b9d8b5db81,false
9ab95579600112e4,false
05437e553349de13,false
c5d83241f86cab3e,true
21bd9dfebf6996a8,false
2fb5b46cfb1e16f2,false
3c3f443ed3d73b4b,false
1a929b84d4ef0244,false
1881a80733c4c680,false
5a3020213cae08d5,false
06b0990d4d3e200e,false
650cdd29136a7027,true
6eece8f7ac359524,false
2232abd4767eff06,false
1c8a43ee86acfc7a,false
52b89e52a2d50fd3,false
3b6b08327dce7da4,false
65d9cf4d69bc101d,false
c821d37069994b38,false
2c974b24a3081b5a,false
72652cb00e997b3a,false
7113f0a393af595c,false
4d0e0598c2f35daa,false
36aef88e4ff227a2,false
20499e12b741e416,false
abb3c54185896045,false
052c8f5e65051b01,false
1c0641e6c63ba511,true
4a67c7342fc10821,false
3e331a2c7813aed3,false
3bbff00ce0851059,false
276ee4a2ce5235dd,false
7fae96e7d5f5a8d2,false
db5be3f2ec1d593e,false
28ad1adb0340c356,false
488c3a4e3317a77a,false
0ae8d53e5109bb86,false
204c935efae46df8,false
5efc7c28002f9bdf,false
203be59a7aa6de6b,false
43193016873ffa00,false
31cb5fbe955f0e76,false
081d081346071d46,false
3e62ef632cf6aeea,false
484e04c64d6e5bc0,false
3f51ab35b2b918bd,true
59831c73312e168e,true
00202797110621ed,true
1f073d976bdcd809,false
39bda28afc0e9b72,false
3e92df1d87e7df1f,false
53c950b3d3a9abdd,false
6bce7d221dc5623d,false
5378f8bc5782ec38,false
497ced2fc3d7e0e1,false
482b8b4b479dfed2,false
0b52be227062ea0f,false
17e3471d1705c77c,false
cdc8d2be9e34d01f,true
aeb1fa194cc9595d,false
29e741531f066b68,false
4e99c7483963691b,false
4c527fc354ea9d66,false
e31a793e66f0bc5a,false
132843a05eb24705,true
4ebebd05709d7032,false
880d1021382cd703,true
4f967f0ddf16ee53,false
7515496e10180910,false
024d188b10bf18af,false
25ccd1699a152323,false
7d57be47a5c53611,false
5c7004105871b25b,false
de9a3b9097398d16,false
1eb6e7464155103d,false
30c36d13b27a18b7,false
981b745e3100be1b,false
3ce9da3889b87937,false
6b04bac104e66e4a,true
618b531bbc926b7f,false
43be1cb351e34f09,false
690184965c76e15d,false
5fa6d91b8cac0fee,false
24bdce3b3724f3fa,false
055363ba8fb6f0a2,false
7a093b2ced44aa86,false
2dda6648757d512f,false
23eb58ba59a31532,false
74a3facce7401ec1,true
c2696a28f2438b41,false
1d2042d4b3b78988,false
6c833063d2bcba21,false
65162764658bf04c,false
d425f742cb7e5c93,false
62ff478701cb7941,false
5d90689fb0a5976d,false
46a1830da9fac616,false
2be8f66391de6aec,false
738b8d693fc929be,false
6b7f36f973b558c3,false
388d002911bb3969,false
796f3147ff814f66,false
62232e919616862f,true
287124e7db36c7a6,false
e10285a1534ddee8,false
195ef8231dcc11e9,false
54f43229ddeb119a,false
618227f31ff0061a,false
06f8a822f7f1ff5c,false
19720595db227e21,false
50b5d7b5f024de2c,false
081552a0ba063167,false
147fdcd22e77076a,false
1c307b8db78fa301,false
2382a9ee195d2acf,false
71db2f077df1ef33,false
23336ab8913ddd73,true
1d3d1254b3042bde,false
1a9eb58ab878ee8f,false
4e3c6164145eceaa,false
378efe9f480230dd,false
513d9a4fe3df3505,false
cd2e55071a3d4eca,false
25e1816872b24ce5,false
79a182b7ca205c49,false
c7dbd20020499c6b,true
75b8b968a420b800,false
e6657e43b06bfdd3,false
3a1ecf7e88899167,false
5d86fda89e985ac5,false
73bc372953772677,true
47463ff4c958c665,false
01dfa6194686311d,false
5f6cd61f1ba0e595,false
7b0602a0bef2c4a0,false
b2833b9ffb3525be,false
148ff342d34884c4,false
7e87836060f77ada,false
0bc9c20c3f7de474,false
e66cffbf101f6381,false
7a83685d44b24222,false
6988f5e16137a912,false
0144439bfb92392e,false
6be834da99049038,false
79b75a05c5e5d815,false
6aedde0202aad62f,false
e6547741594ac9ca,false
45cb85ff3f51cd6e,false
3c27e530ad2788f7,false
03d6cbae24e783df,false
0d7389dce945b2f3,false
6542d1395d0ea939,false
0379fe8548f431a7,false
0da0459443e125eb,false
0b859db5c3ca1e27,false
4b074e26d2290484,false
67791a4d453933d6,false
5f78e3193778ae80,false
7f73f1e6eb95fbbc,false
9240182188295e35,false
2c7e4ea049e77d12,false
0221f14a8fe782f1,false
73f1d5f65d8120f5,true
febb1d576400c30e,false
09ca8fffeeebd3dc,false
4c9c33efc67139b9,false
e1580c230984e99b,true
faceef34d397f4a1,true
1476f172d408f382,false
23dccaa26875987e,false
1133f52d8740c69b,false
4dac64f3ee43ff8a,false
41c5573b91a27240,false
42b9a1568261ddec,false
d7e45f11b55b1d61,false
96e4eac387f90ba0,false
456e0c5582540b6c,false
3ce8b6c634a6f7d4,false
36c159ba9c2ee62a,false
5dfe14b834a50034,false
7a3f39d7699696e0,false
464a3a1abea94f69,false
70da44742e61ddca,false
e492ebc0daab4738,false
60437a9cd31e3ed5,false
5a4c3eee5ca70695,true
33d74efdc59b8d62,false
fb7b5dd809e174de,false
5cb09f333b4ce826,true
76970d2afe2039da,false
012c59b96de4bf5b,false
79a7fb6b40d6783d,false
7e5481685e770136,false
8d351d6f279b248e,false
0d373949599544e0,false
65c0b6fb56bd51bc,false
40a6b15c36812154,false
788fdb816fff0c92,false
ae8f4dea1c3c5482,true
05569cd5551d64cf,false
195a9dbe3a555eee,false
13d9a9c042722357,true
4076a011906eb524,false
5d315aea48f2d906,false
2e9983759508b167,false
19d195d927beaa45,true
67c037634105be22,true
79255b7329c615fd,false
6a754a2fc0c3cd9c,false
43e8e667a706d7d3,false
31f8d621692704b6,false
e1c350a49feb13c6,false
16b267bc699e0f0c,false
7fd2c719ad2b8919,true
ebe20620f7160f2f,false
7c71d331e5f4fe2e,false
2b07c169afa2dbe6,false
8f639a66b94883a9,false
5a3f6eca9c9694f5,false
30f881e0c808c0f4,false
f31c9a436b06feea,false
d4600688fc37546f,false
7f98c0a22d7d18cc,false
7bf21a8d44483db7,false
261611bb1f2214aa,true
2fd3a32213eb2273,false
63579cba483fc9f4,false
47bf2641c3a3f1a3,true
49866217667ead46,false
51e1997dcc3e64ac,false
00359757e668401d,false
3c0bf1282a81c71a,false
06b8e6061f5016df,false
529c62106eedd87d,false
c6280dde50f386f6,true
7ccf5b413dc44dcd,false
74ddeeba2f8b0d09,false
dbcefd156a245967,false
1192a952d8dc6f6c,false
41e028ba6410058f,false
75e3428d637288f1,false
07d1bf24c3b73d93,false
7c673a1db220223f,false
0c85b8cdce149dd7,false
07840a43d16284a9,false
21550650b7cf8210,false
3c967cba13a431f1,false
5b6982701f80eb3b,false
93d6b30ee10564ea,false
b55e6052815b3d01,true
354c8509cebff019,false
183a0276deab3e71,false
8432726b61b492f9,false
37e1a3690e36563a,false
6c70884844cc422b,false
112bb5ae4b3c0d7d,true
13fc613d5dc558e7,false
efd77c946aa311c3,false
c5c94501318a375c,false
728cc596e971cd9d,false
0aa967127974f1d5,false
471882e798149a0a,false
25f5a46c80c22094,false
1d972dd6503ba9b2,false
5527e14674a81022,false
32e00972c572433a,true
7ef0e5372eacdde2,false
5a584adca7ab86d0,false
48271c25ee4be0f8,false
cc4a12ecfcc522bd,false
d0d589553b3b5c66,false
04271e112bf1abff,false
3bd5372ea2c57773,false
e89c9fd8ba1457ab,false
0ae8874fbed32f72,false
36b6ee4f6a11d403,true
017a8e7451971de5,false
84bf1600a811bc9b,true
e28d64163e3265d3,false
05e08e14083e4d65,false
b2d305538810b306,false
1b79200a53b8d804,false
8edb76a7d90347c2,false
3cccabe5d4fd8619,true
61b4bf351199fd88,true
7f0b20de3ac833c0,false
115b0f181868a26c,false
73616954ea262800,false
2bf5eb803f414242,false
13c200fc28cd78d4,false
543db0b37ba69d6c,false
20ca329db36d2b25,false
42ffe56423397492,false
3eb2bb742e7ce247,false
5b0167fd6540edc7,false
3c21aa6253cced35,false
101236a4af8c4d0f,false
4ebdbc41f59a3030,false
07b0fd77aa9fedc7,false
8d5de982d35fb901,false
c56c15b746687871,false
bc31d0e4c57abc11,true
2efc852364506816,false
47c3f0e84b65b09d,false
59bb4f49f176e9f3,false
7396c5fef383ac4b,false
728d27fdabdf283d,false
58a5ec687727a20c,false
0726ab457960393c,false
0a2d9531f61bc4b1,false
146387419754981c,false
383cd8b17dde9a25,false
82db416501974a30,false
6b9ae790411ce6a0,false
26d6b9383748949d,false
9861245d2a4c7530,false
3f542c69512b56bb,true
481f186cbfb215d1,false
49a0c20c99f0e56d,false
2183c34c0075957c,false
0741c1cb9f149889,false
299ec35071a1c265,false
11b42fb3aa4a1b65,false
e4493e65d9beed35,false
8534613983b60255,false
755703b0708eb50f,false
21c4019573a5684e,false
7f2630941180171e,false
547e8d6e0a0c2782,false
17e217bac48971c1,false
09f9a6f8d3d4b02d,false
7599e1f0450d00c9,false
1b4996befe963f51,false
986f190a905a8cd8,true
31ea9f433e3c9395,false
4abaf820b821514b,false
70435939f78f156e,false
3b75afd0a9ba0e80,false
bb0c19be8a4305d4,false
da359ed6f4685a6e,true
359cb2f8ee720d2c,false
06a0c0c30998d8dc,false
1f9541a36ee53c89,false
38380b5bc724cacc,true
04a4a7c0c9176d3e,true
a8efbfc8b46fad0b,false
c64a5a853175678d,false
771f7017ede7e3b2,false
443098f8ea112532,false
79026b146192978a,false
66337950c6a7d87b,false
50843bdd2c65856b,false
483e124c20640531,false
1651901956c0f6d2,true
b71a4dd4c1a28344,false
769c938803c1ee56,false
6b13fed59e054acd,false
3010218538b37afa,false
19552bebb4b8baaa,false
2259b05094fd236f,true
482b87cd17754c72,false
571c9c385d972057,false
39919d2a2f1c4891,false
dfe54c213c77a3ee,false
3ea7db50d727a1a5,false
7397b778be0533aa,false
3c306ea271db836e,false
04cd19f0b78e7d52,false
5f4223cb509c3b0e,false
12912c2e95309efb,false
33730949ca7b50b5,true
525aa8d05229290a,false
73908e673f8acc29,false
e4a84b3d2384b318,false
6af6887241ddc0cb,false
6c1ec80ffa7fdb4c,false
5f27c6aa3d1541d5,false
4fa78489cfdf7a3e,false
70761090e5035156,false
f0c81297182be06b,false
0cfd2067a3aa7fc5,false
05cd39bd14966590,false
2c4d531b595d4f2a,false
716307607f15bfe5,false
5454175de8bf44c1,false
21c661e54806b7ca,false
0a290e74b026c759,false
3f3a717479b8524c,false
0a04290569a5197b,true
1f50765a7dba54fc,false
25eaf75592cbfe26,false
10be53d78608fff1,false
77a246ed4ed256a6,false
73304f61fc8c936e,false
4dfaffe782b0649a,false
6f3761efdc5da8f0,false
0c333bae3c4fba03,false
66317e61ad67273f,false
698923c0af28a888,false
53b1854932b7bbc5,false
03fc1575da199326,false
513177d46a663434,false
c92da10ac72c7087,false
03b7dd62e9bda07d,false
508a6a03df263458,false
0f9b7e0a8ba23f7f,false
cb4c5bdf45cb01ab,false
0f91dfda133652ff,false
508be942612c35af,true
72fea55b5094e73a,false
6c102f00e629472a,false
015532098bfa4fa9,false
5e0250d38b8582a3,false
7c909f0808aba87a,false
2b6f5e4878d80a58,true
28f1879b163f57f7,false
08699c99b5721b6e,false
6429ec20a9ecb099,false
0a80959bf70f8395,false
6a77a6ca4e6b2c05,false
4426e3a41e309a3f,false
e16ebdaa6f58cef4,false
4bd348c8a92559f0,false
2905ddaa30807f27,false
1d63cf064c4b5290,false
644e67fd3a454fb6,false
942cde5c0fc1fe77,false
210c84553c023ca9,false
490a186a83aea52b,false
5493997ce5ae7359,false
99a6c42841508da6,false
65a34492e8324f39,false
e0c6b98b42a7f150,false
ceadebed600bfd13,true
22e867be911669b7,false
603d8dcf04f5192a,false
0dd9b1db9d8d053d,false
7f01638c07abe956,false
9ec82eeb0c257a56,false
0e35b144abdcff21,false
59f63bbb13ac688f,false
5eb019e882e5cd23,false
2ba35c58b8769d30,false
142db0da44710426,false
2effcde5d254d4f0,false
28bff8ce662ddab5,false
22a4fad9143ecf7a,false
14a8cc9650e49017,false
66828f481e2f6d66,false
42d99b71dc0dd56f,true
5d70643fbe399620,true
5c493598bf2cf9ef,false
40a2404eddde3551,false
5bbd87c194c83a2c,false
09487ea87e38b267,false
339805a82ccaeca8,false
6842e8a446ae7f47,false
60bc52cc12b5c008,false
3c1e4f4d7a4b4b36,false
75384e5830174b9e,false
be288638bd64ca7a,false
29e19312b1ce6c24,false
064b69df433345f1,false
0692428a6f6fc7a7,false
456e9be32e4e3c3c,false
40bb77f8aaeadbe4,false
09db3cdfde789604,false
253cd0c63a91289d,false
2163e904f9b6c427,false
4d9bc90eb8be4823,false
7313b1125345edad,false
47fa228a7b7b20fc,false
0c1e518435ae5677,false
5d11f8becc9f4b0f,false
69fade0f14f6342b,false
aa5b9f218444ac7f,false
54d2d2543626e334,false
6464ab064e90980d,false
41e152489d6f43ad,false
8ef08180130a950b,false
f956900838b74a49,true
583d59b4d95c18ec,false
54904a72f6e1a8fa,false
063a3dd5b6584651,false
591d0cff0902ef91,false
0b69e3843151b0b7,false
40fee8d44d61dc11,false
067bd8b2e4d584b1,false
34f6c761d71d2df0,false
ff663e5a8a515656,false
0aa87bb41396c932,false
0dc76e538b47c215,false
cffe51a337a6f2f6,false
64e0bd5f43718657,false
1d1fa688be20b377,false
e0a298c591fa2e9d,false
5c25486cab91d76f,false
2bbf9e2e95a53f4a,false
3b9e0d5eb41eac10,false
6c89b2d325f9ac5e,true
1877fa9fce92c8a0,false
045540d32e10cb38,false
0a4c6a2c0663ccd2,false
5fdbd70d205c3c3e,false
2214fbc31baaf12e,false
13696d42cb8cab66,false
5ed04598d0af5dbc,false
390fe20d92358b51,false
362fbeeba3b810c9,false
5d7099c56779be2d,false
080ed13855df6ceb,false
4586d77c51aa4d4a,false
3a234cd6cc0388be,false
71fe2266097298fc,false
36384c0835dc4490,false
4db8c63135c549d3,false
4822b2cdbc92ea4e,false
1e266e1578c157ee,true
e681577f5b96823e,true
49cbb51ca72f60e1,false
2b14d5c0c12cd348,false
57e19ed46beaee52,false
5d9d0274a1286f81,false
33e53e7796e501a7,false
402f0f109ad018da,false
191d6857080f1677,false
0c6d477154b259f9,false
647b36ef91718d66,true
79a3ab7fc7e4c184,false
f9014bc8c1bea91c,false
6d4627f2af8c342d,false
6ac34f834e74cbc1,false
2945fa5764913e8a,false
2ee728149dd10d5a,false
806fece925936a6e,false
53a3b2053f261d42,false
07945a73a53110a3,false
9c3a89f6ec6dccca,true
419187b373c3c6fd,false
472562bd0db7726d,false
0bf269445690b98f,false
6fd8596e7d91a353,false
67dd9ca0ed30e993,false
6a4fd827b0dc270d,false
0aef5185402508aa,false
15269684ee634152,false
04c2858961dd53bc,false
289973e3803b5869,false
0a6a7657e43ba589,false
5bc97a68ee207a1c,false
0378c39819c1a4df,false
f5be771a9f4f68b5,false
3767ca34b8437377,false
72dfe288c4e0aba8,false
3541a742597a205e,false
41cc0b2500ac6059,false
7a1a9b7002c7d8c9,false
7474f816bc9bad8c,true
57d2c32b2c4c2ba3,false
5f206fb1dafb6925,false
35a1af88c75c7a85,false
c90d54533c80a27b,false
390e3ce9f8d2ad71,false
5dcab930a3797aa4,false
3f4c85a20d1e7df5,false
3bcd8239f82fd2d1,false
f484a8387ed8e6a4,false
e37255da84aef58e,false
67258dbecd15aeab,false
205d271e515cf11c,false
27b902388219256d,false
8d2b13271ad1525d,false
c8737848a9603302,false
095a042d30b381c7,false
45e5f9cd03ea767e,false
57ac6f03724634a9,true
172e0bfb410a3cdf,false
216f111247253e6b,false
4c171ed23ee77b30,false
07f6e7cbb6df47f0,false
006bbd514392f442,false
032a3a2539b93640,true
2b4d1bc134dc74cf,false
7401eb93c7988abf,false
0d766902c4a43655,false
5fc7d5bbda9521a8,true
ef08d59f65470b68,false
0d4166c600ed4100,true
21e63c342f6e48e0,false
203565561d33b4f8,true
5b7d15e1b2523493,false
8a10d2f6ef5b1b68,true
797514b21cf6890a,false
0070d931975b1fb9,false
a601df4b95bd2629,true
1bbf41c5dabea2ae,true
b624fe49cb2a79e8,true
2ddb2ad750b3d0c3,false
5b026c88c1bd575b,false
750c2a8f9cd35658,true
69365b651ea703d7,false
0e9678bd0ae19bbb,false
2e4182e04ec39031,false
880f7ff7e3f66c0a,false
6b8782e7ba414d67,false
6de979ac767ab2d2,false
16fb7e07af1530f4,false
5f88cde2931745eb,false
6578b30339a1833d,false
29c8263be6f94911,false
2a6c013b685f04dc,false
71a55896cebfc1d4,false
0c19e61f838746eb,false
04a2380636c34dfa,true
73af1cb5c241dec8,false
2ad93b6203a43b32,false
124fb962192486c5,false
7124549082a5ef5c,false
7487243de8f29e65,true
1024f0b5f5be46ca,false
b0186fe2da3d48fb,false
82ffef438f0e6ad7,false
69c6dd4834f4b7b5,false
07937a46aef9d521,false
6da52d4e453c2893,false
5e82739bac0c7f02,false
6530347086bfdfb6,false
082f7ef62110fcff,true
6905e2bc07b5e1c3,false
0cd4bed2d3612a9d,false
17f3bff4e2b3cc70,false
80eb89b7cc90d418,true
fff4a65896a83e53,false
b27f599278729e6c,false
c5ed9b559340b632,false
6aa0b62cba542aac,false
0b2b46eefc8458d9,false
62456d750fa5918c,false
e24bd4e4b12df8ab,false
063bbb9240fc3dc7,false
b6a72d9f1de1ecd4,false
281d86de04d30555,false
25193c1e51f8492b,false
b88f0a9bc9cec638,true
5d6a4abd4632562b,false
52ee251c62decce3,true
445d952d7e6a1650,false
491ad6e02e332f0c,true
e01d8b25f7cd4fd4,false
4631e9bd2f1c162f,false
085cd4b95849be00,false
20ae90e15c3afa9a,true
586ddcb93e7d4148,false
10c3d20d8d365198,false
c285fb2e9bd432a4,false
c991ad7c2c7c91e6,true
7cb94266e89b3dd5,true
6b2b0bcff362488b,false
68acc2fa33e05a73,false
6cefa6446fd7b54c,false
7768a4549d11ac88,false
0d8088682c255759,false
ffb3a64b799cf340,true
231d7b61a240a9ca,false
5edacfb755914079,false
0282d014fd03c2ae,false
3fc0a7e8275622f1,false
1e4a162a08537ae9,false
4f9b55619b142ddd,true
05257d3452ddaf1c,false
b7536d63ce7feb1b,true
017631c1f1763373,true
16284a78f32e7092,false
18726c1506a82e52,false
69b2ca6c1e0f6de1,false
016c6fdbf49ac9c0,false
3e7476012a094f50,false
2324639d3a2daf5d,false
67a67d7022755781,true
d641375595a40d2a,true
22226d9a113b4f63,false
4b84672c70870555,false
0837aaebc3f610b7,false
49d923941c5c0b20,false
1e0cfe003a1d386e,true
e7948bed376d215d,false
93b1adae71a043d9,true
2b7a10b59a104e81,false
2a20cc93b902b11c,false
7130918d18b34ccd,false
3af2818d9dc653a0,false
3ea4439a963a7013,false
53818334eb61f586,false
0018f4da8633ae97,false
17492df1a83497b2,false
1d91ca31e245dbb6,false
7f9af404f08d24c4,false
d001788096c045df,false
2882f356066fcf95,false
4f196d48dd4e1229,false
55f6ca7e3c935b4d,false
53cf60479d50d639,false
372adf6ba0fe1779,true
a28da25e9c8f5e56,false
3893e780e52954b1,false
32cf9f251636e406,false
0a5c09defe19ae04,false
7a338590a263055f,false
626b2ce9b7f259b9,false
5dbdd1e29c80c5ff,false
70e621513abea4c8,false
df031d1eaf9aca8c,false
f7dea9ecff44ca1b,false
b3319de25e1bd3fc,false
3bca8f375852ae46,false
a485a425a4ae1b9d,false
1f91c07d6417ba85,false
7c2b8d505ea37e04,false
4e14041bc101caac,false
7e7b1495f94e3720,false
eceb0f2b04ceaa08,false
0c90681565133611,true
13d3a3d82a3e28e3,false
6eb4793285df7870,false
1ac88752ecda4acb,false
c213a42553566ddd,true
e8bac82139d3828a,false
761ab24a937879ca,false
32174b57a7a12bb9,false
1aadb86b37916d75,false
b4fbc588bfc7d431,false
a851b304dc4510a5,false
4ad8697412fbeb91,false
3d91c4c89e5a9f19,false
0c152ec771064b55,false
9847691c86fa98e0,false
499d69878ef50719,false
bd8a3272e04dced5,true
58c3efc8e0f26631,false
e66b60a06ad36d71,false
0f9ac70a1b02858f,false
10f81b3ef2398cbc,false
26fe42208336657b,false
3c84e9ad17e5b631,false
3e5c438342a3985c,false
0bcb259e1b005039,false
49036145902efe06,false
74216b88ce1ad610,false
6db84400bbb73c00,false
6f81a4d85b02802d,false
5acf723923557763,false
17262d05dce1c0dc,false
50a6d2e4f86ec776,false
2855f420387ce16b,false
58d7ba52e4f2aa58,false
339a07a53bf2e5d9,true
4d6e47c84312942a,false
22f5ef5b709648a5,false
42494d13d2f1bf8d,false
31a2a80f02c14d11,false
124a426cac4069b2,false
2c58b9b0082c5b5d,false
173c0be4eb4504be,false
0c76c0f2323c9fa8,false
4f93cebad6c09327,false
691a52e72105ed64,false
4d70fa076f9d64ce,false
674e877dc78ba1c1,true
0ec7542edee86e2d,false
30cef73155ecdd3e,false
eba5c65b68ede562,true
64fe1f2de8350699,true
5a0777d47a7b9924,false
1f92d8cd00289423,false
110441d5b97c1ce9,false
3d743b78bafa904f,false
f7f712e522b5dc20,false
67c17a1a00c2c15d,false
ca85b9dee1eb8121,false
30653c90873cfa1a,false
db18e1dad1eeb23a,true
7f581c43cfb7fa40,false
305468c9c9f26fc4,false
671d4403a490f73b,true
7e21bc63d8cc0842,false
7d71670935e68398,false
7170ccbcc2d0507e,false
76665714eab4f1eb,false
5158edb0c9cf40b5,false
4bfb14d2b2d1392b,false
19cc19f5f5b96ba4,false
02e76962fb63a2b4,false
f7763509dc6424c9,false
cef8d2b12b2bbf7f,true
a89b29cc99888a2f,false
272dee8054a9cd74,false
78b110a106704839,false
1ffa7fe2955403dd,false
4fd0c0d4676a275b,false
02fb2ced7295f0d5,false
6d4c90b589f0dfe3,false
1e12745846ea7941,true
0e7f949b36b22fb8,false
5ebc48b44aa7bec8,false
606d7defd1d7c90b,false
7fddb4f0866d0474,false
2691a2cd81b9e1e8,false
0047674dabdc10e2,false
30166c1940fc04ef,false
66f4f63a90e05af7,false
5086e1275693df08,false
595d0eb123154952,true
a59489bba0e2313e,false
734d187dc3a2de93,true
c31c715ff4ef17d2,false
800e0ecf98e0b361,false
8325aab2b72f155c,false
4b105e59ecf0d8e2,false
833c2c33bba76de0,false
1198f4aee7c78813,false
39d638a23906cd9c,false
6603a0ba15de432c,false
575c3f99c99476e3,false
5b3f64172256006f,false
786c83110370fcf8,false
50b4d33eefc7fb55,false
1b83ffa358026555,false
3470e9e90230a6ff,false
466602c40feaa373,true
73c368cda982bd55,true
4184e547e74586c1,false
67035b35bb74bc25,false
fc0075187ba04add,false
b09c1ccb8e633d8a,false
cd68d848a882ef5f,false
66b11d26d120a54c,false
2e26540cfba27db2,false
e3cb6a010267f70c,false
6fe2b08e4c87e109,false
377f0a4a0772845a,false
a4512c38619a16e7,false
22d8b6de4ddfdc1e,false
783be4648a38d27f,false
29a50550291ae89d,false
0a337184a6e85e8f,false
35b1ca98bcb30c3c,false
3af923587c2c694f,false
4764989ee9223475,false
2dad3a339a3ebe6b,false
0d21d316e30c3b0c,false
b5dae288b5c11a7d,false
2aeff2560db4f2b7,false
422c1cfd89a0229c,false
181da71669489674,false
2d3229037f6f3a07,false
d3758eac1f07663d,false
7d8a55315d73a038,false
3a8787ada1298821,false
5d27a2004863ee3c,false
0b3a54d389516376,false
5712477fcdefda09,false
152d6d8b169f402d,false
3b9b8215614c01b0,false
02261d3f988873a7,false
3cbf832332e8d9e6,false
60feaf12845de9c6,true
244249f3d2d8ffb5,true
690a0f72e2d3d062,true
2399c64bd354a652,false
27f4f82eafe978a7,false
3e69d52f5c5de2d0,false
5c1876a8c02ede8c,true
d56818c0d8c980b5,true
7a5ec615df720b98,false
141869383892383b,false
4adbb6085cf52865,false
217d1f85b6a8d040,false
e46d694abe8674c3,false
0da52b553fdb644d,true
717af3e719911a02,false
95c2f13a54b2a37a,false
0e1b09a77d6d5ac7,false
edebf1df5ca166cf,false
40c2793fd705a465,false
3987dd6d3621bfff,false
166bce01951e7497,false
63ee3140242b8a89,false
5d122d200a6e387e,false
570456fbe75c42d1,false
e3151f349800fcd2,false
2a6b9f784a15abf5,false
a40f1e2d45e7ac60,true
79ede545d43d345e,false
a184c85b67be3c64,false
887b3089e49ededb,false
4288749fa843201f,false
35bb971aaa4ad3ab,true
a739e3fb79d8c6bf,false
c6fbf172a6b7c004,false
9e657adf9b82e672,false
3a13ab4fff732eb4,false
07b3185a093469b6,false
574d8cf4a265c684,false
37116ed87a4e5abc,false
f10a359aa31b9bf6,false
30ad6a58c1ed7c3e,false
27f1136cd6c427b7,false
306435c787f87238,false
6dec35ae428fd20b,false
a263fa0a8050e16b,false
7c3e362f9ae6d974,false
393a18491e8b5285,false
5e4977f52a039eaf,false
68c26fdb460c799c,false
4e6200a82ed5314b,false
59651c138a8113a3,false
5af02ccbe734da43,false
0161b047ca284290,true
26ded53063db250e,false
37d9da7aca70c7fc,false
4700a2ad88d49302,false
249b9f455d4ae20d,false
312b2cf82c7b14bf,false
6d501e85517363e3,false
ed30cf511bdadc81,false
5fe98636b45b7467,false
11532433e651a8bd,false
ccb7d67a0c11f5a0,false
71b8e25beda69b70,false
4dd7fef414cb1625,true
4563bf5d25eeaff1,false
ff0e66ac9841fa13,false
39e808733505cf9e,false
21eeb42862d77a38,false
6c264d7fb0bc825d,false
25fe573546ff0a91,false
3c8de83053841556,false
5652f36df0a9dc1e,false
b8e324a4be9c92c7,false
1bee70d028d6703d,false
bf40643783d09e9b,false
9d5534067e463326,false
810b1492a8a5e44b,false
30532b5fa1d999c3,false
8ca81d4452f8fcba,false
73cf498060524025,false
fce2877bb049d787,true
b17714c062faf8f0,false
500e632e31ea1bca,false
4bffc21d6b530a8a,false
986df409fc710021,false
11576878c5bf6017,false
1a4ab86c3d9047f1,false
2bc80ebd383d0c2f,true
cc0baed841b401ba,false
1d449abd2317b5e7,false
6ec1019c43d75daa,false
7665e9c7bf200612,true
aa706f6f3cfafb71,false
0cf62b641b4514fc,false
6e1504b984c9d9c0,false
f515a8e71d2ab8d4,false
28d23cd1b24e7a0d,false
49167eb634ac85b1,false
42d921e42afd6fbe,false
2609ddfd3056b996,false
1c19f7be1634c747,false
61a266ee17454bcc,false
ea45854deae7cc4c,false
21d9dfc5d2ecf719,false
6b2252c3dc82d0e2,false
77e9f4264de3ab92,false
5d56c7b213b116df,false
7346101afb2a18bd,false
2c169ca12cf62fe7,false
065f2d8c38574845,false
3ce55b341557deda,false
12484af32ba8caf0,false
efab9b34f386b867,false
1f25c3b8b7d58bbb,false
074b49e91897699f,false
1aa75aa93dfffd5b,false
f894c87ec7c5c249,true
1697bc7c00417a21,false
71c69bdc41a1e729,false
4e26a0249bff465e,true
6c2ed43eab2d1bc7,true
0a8f4a731f977cac,false
90f237c3352837d2,false
0e943f3155e7e95e,false
c69bba3fe7c18f9b,false
a87ba73b4eeabaf7,false
2b6f810820532bfa,false
0eadffce1d36fe02,false
1ea2dfb540bb2295,false
9d82721762c06626,false
3f18add0cedf6778,false
20163c9bf68121f5,false
0d50690b19ddabe3,false
2581728928390b40,false
dcbdee48dd4d9158,false
0c8489c93dbd2965,false
eaf8af2962afc5a8,false
07f26c1a2f3882ab,false
395403e1bb07f1d6,false
7d3d69fa2f36f4b8,false
29e7ef31e885d181,false
5703a74964289cda,false
0cf70acdf1502421,false
eca24e11b6f71707,false
70445ec003a9a1f8,false
617717d29bb858c2,true
167b55b647f9222a,true
736bee8d18d65cbb,false
625e9df5815e7868,false
4190b98f30fe5634,false
611310552caf560c,false
654b34981dd38ac0,false
36fd4779c50e3ad7,false
760775422f7fc8c1,false
924f749244c32bae,true
3cde6493f68f54d4,false
25ca5d2ac1e680bf,true
9392d4b0a8c9684b,true
dd79a466b68a1d9b,false
771495fdec31aafa,false
2ac80466cfaef2ac,false
00aff792ae4fe4e5,false
7640756e6abcbf4f,false
5ced9f1cbd77cc39,false
5b7b2034b419e357,false
4eb3b20dda337491,false
253e1ef97e54b602,false
67811c2570534b32,false
0f12c94e43746d68,true
1310af357910cf35,false
8cae5d25de902f8b,false
40f377476728d24a,false
087ebea9842a4ebd,false
50cb3c853aefc048,false
d67f745cfa981b64,false
cdbbbd96a6162589,false
26acee39888d08ef,false
60c63ffbabc2e917,false
31c67f6b01bc370f,true
0d3b7d9731d88d25,false
8587ee80c0038340,false
a441ebf74859c97e,true
6b41cb0c3fbbd848,false
741ae2952eb4a659,false
ee23f69e0af85c08,false
64085fab9bb48ad5,false
f69d4fab11b03a26,false
7fd55b48946e6431,false
70b9f9d2dc2880ce,false
0f211ec9b35545f1,false
008f248e2dd4b387,false
289ed14145027022,false
28172926c240e564,false
2dc6dcb2b74cd0d4,false
0ed5c8eecd53df4f,false
70ecb666b84f97e0,false
6acfe2d442ac6271,false
02c1ee2927aa6482,false
5f57619bc955ec8f,false
080c4092c7116c06,false
7c329c591ea82913,false
4f77a2934e3ed3e0,false
468bc6eac9e703b3,false
42f48a28f24fa02b,false
656c503670ab3f7c,false
29173f9886d3b8da,false
f59a67c52bfcdbec,false
50d2520776e51fa8,false
18b0364d11e85510,false
717f7cd8b1841cb9,false
27901fafbb88dd89,false
41ca3575dfade400,false
2c6247a18c9cbc58,false
1f69cf311b1ca8f7,false
6f73c8833a499a28,true
251220e8977b1c58,false
1aa046cf29b8b88a,false
7f0a2e782968f051,false
6aaff7611a2df338,false
20cc4aeab64fa1a9,false
30c7b71516249287,false
0947e67b703e8922,false
71501f6a31de4c93,false
7406d348a18d47b4,true
2c7ed152f4b6ab9c,false
39d449382d13a057,false
835e5154f3f829b2,false
68051ce4033efed4,false
7382f3b6890d5ae4,false
60a89e087a71e988,false
05f342b504ef2490,false
566f44263d26de54,true
79bcb88e7a9d97d1,false
2dec415c3be2a248,false
5526266079b630ad,false
1a682aefe989a49f,false
5ed539768c3187f6,false
2b1145bb6bda0aa6,false
6be6461ce5750c6c,false
0b5a3cae2076eb0a,false
dbcf10bb7a194e40,true
48f822b423f30bcd,false
03f01bffccbbff28,false
b0531f59e3a73d47,false
5edf078a267c4eb8,false
30f868599ac338a8,false
1a08aea24ad9d864,false
68d23e5722288bac,false
f1cf1be325fba562,false
7a349904cea7b8da,true
2cc4883791fdde3a,false
377aed0d0b277ea8,false
16b56ac1213e4773,false
83feba74e1fd0537,false
49394bedebebf558,false
01adbe731f2aa18a,false
63fb3b8e4c0e5dd2,false
6ff103871fb0edf8,false
934dcc745eabf7d6,true
b3b59c76fa355636,true
64eb53b0a0789fec,false
6966b27a7df22e85,false
55ab80a7b9cf9d88,false
f465afd47f077339,true
1f3a157075f3edae,false
0c08c5ac8233f6db,false
1ae908b56a6e8ed2,false
2401a4e620bc8997,false
b0ee4a0d1846c29e,false
b715f3c89144e10a,true
3e7ddeba73fa9614,false
31bbf7e345b6b854,false
a5574211eadb3e57,false
2fff55991d59f443,true
3c5555535cec0208,false
1018ef0aa5f83195,false
6c7157afbc9d2ca9,false
790f6fce2477eac6,false
18eb1fc161859181,false
556c32220748c84e,false
0953c0ad75eb772e,false
28b8701ecef72417,true
3117aa1bb891226d,false
251373197cbf2398,false
52beda48df7a9c50,false
e0307379ccb3269f,true
76f4ddabd56bfcde,false
34a9dc0ebfac1295,false
14da722de389454d,false
3c03ffc8eeee6dc1,false
13f68f5e05f1ce3e,false
3c415fbab14e96ea,false
4899cbfab49eb543,false
76036d039b08fb52,false
7892ba42596c852d,false
140e033d544fc257,false
7baf7e38b65cfe51,false
11e480147a3af0bc,false
1b46015492f93718,true
0f7671401fa1e86a,false
43045d4857861b02,false
041f06e347b7b156,false
ec099da48064e7ac,false
1e35d3fca1f051bb,false
40307bd8da4fa769,false
1eed62a8c4860564,false
55c46e374b4ff3e1,false
2679d8c4ee9f110d,false
378cc9c2ea3497da,false
30e0caef00228549,false
2e03b1ee8d1632ab,false
f5082644eb722ed2,true
19ec36cb9887f333,false
0b553beb429a8f9c,false
b8b1a42bf9926559,true
2d027207d15d68a8,false
4c1418dc0e9d7e77,false
3dba23802627d50f,true
949fc7187516666d,true
268f970bf5c52890,false
6ac313265a4fc259,true
32e283d02aa65be1,false
182597276da7eda0,false
3854f7819106033a,false
3bedee68390c0a01,false
cad38168be72f161,false
30277e6b0709b9f4,false
4a2016485dcea6b3,false
6b98007277c3a6d6,false
4f0e247595be46cb,false
4743d7a97476df71,false
39de58860fb7ffc0,false
332fa6e6e4660024,false
1923f40f8e1e3071,false
32bca28512d8fbe8,false
3e104707f354fb90,false
a80568af1d959993,false
5cfcc1031a7a5bb4,false
17e7e098f97edfb2,true
cbc513b7de559eff,false
4d214e4f9f098cd1,false
5c83a37f1e3b7c26,false
2a02268ceb3d4849,false
6da3da9ae81a4053,false
44d00e7e62724b65,false
0c0cc409f8c6587e,false
5dcf095d032c46f0,false
549443d158539b74,false
4662733e4ef65868,true
720b5d0dce958964,false
738ece4563eaba64,false
b1692140292155a0,true
e8fa6bae516b7f08,false
ac9d3f94a7440873,false
4d8e1789a6dd9e49,false
01e2a1b1b545abaf,false
af6483d81a39967b,false
4ada7d631731b2b6,false
0315ea545b4112eb,true
90fc62a8aa36d17c,false
c2f4d84f3a2297cd,false
04e9e7ac304c182b,false
450526bc123aae42,false
1e028ef61d4151ee,false
470242ff317149b2,false
08e6e1dbcdb5787d,false
5f6c60304a882b86,false
323191bdb189501f,false
51bc9ba69cfb2799,false
27bf599299e1cf11,false
1ac41ce43b430a7c,false
c32f8469e3df3160,false
64772f057897aa69,false
5d9b23501c0e35a8,false
80dc39c752dbc080,false
2e3bec98e286556e,false
4f48629fd56a393e,false
0a846d91ef6acecb,false
1217e22e3111e830,false
72a5f473ed8b9e68,false
cd854b353652a8f4,false
05020612dc3ecb75,false
957ca5e250b1facb,false
7023bc9b489155ff,false
24ad5900b04cfb34,false
40b2e108061857be,false
9ff4cb2e0acd10c7,true
288731f4a8d27772,true
ca331d6b5c3d5087,false
7de7d0c7424bdea5,false
22f876bb5d2cdf4f,false
2737b7b67d31661b,false
8d46ba6e052b552b,false
fa5ec59fbdb61b44,false
1d89c7930be34bf2,false
37f0c57a3f6b2d17,false
3ee5d47a3f87687f,false
46518b5410b4e7fb,false
6139b735f294f167,false
68d6dd931f9cec79,false
3a1662e0da7baaf8,false
677e131795a7482a,false
56755ca4b5ccb017,false
d31299db2b232441,false
8f805d84cc538590,false
114ee22e20a337b6,false
380fb09dcea309ae,false
9dd8ff027e87bffe,true
7fcb6fb57a63ba47,false
fadd6b1f63457c87,false
8a57cc4ffadbb3cf,false
0f9ea6f971afa9d3,false
4c39a202a6536984,false
38ae379caa56dc91,false
456c380f1cb578b9,false
6ead00ad5f70a0e5,false
0143a577e2ffd759,false
5f87f0acedd5ff7b,false
534b20ef72497a3e,false
04f8e0e1ce4c1b14,false
1e018c3bcdb6157e,false
0db656b8d26e3e3a,false
28594a5aa6e670c1,false
371b3967fd629cdd,false
e475a3c1cbde3bdc,false
75853cfbb67a3878,false
27b33f97250e2c04,true
4cdbbcd8001258df,false
4087b87bfdd23bc2,false
5649b8f138a7c9cd,false
3b4179e9fad89da3,false
628a97f5291abb76,false
0cfcfbc6e03e4295,true
0afbffe93f3bf848,false
5b11ccd3ff04f94a,false
2d2865d6f171651a,false
2c04be39700f4111,false
3bb4c92a2a758c69,false
267cf8e9190678e9,false
33ce5065d7f7a212,false
051bbb4c0d067e83,false
37f3c8ecfa965237,false
78f8edb36dfcd0bf,false
ec6257fe3cab23ad,true
1f1bb17a8180df7d,true
d4150b8bfd28938d,true
8c34025c900e98b2,false
2aa2b8664643fc8e,false
75031334a53504e1,false
421e262618430af5,false
5613a14591dcd7e6,false
6c14ec34c2a720ee,false
0e9deb8cd49e7181,false
6b4f3691b434cf0d,true
05a4460ead0497a3,false
5b8ee7a314b39331,false
0ca226e82c33c96e,false
178b507bf64bca9f,false
674fdf751936cbd2,false
5d0a5f7b342ba109,false
3976f85f992655d4,false
a30c4256ba95b7a0,false
739ceedca83d2205,false
40d2ca99306ff708,false
490e3a6d1b317233,false
546eff5bff508c05,false
8133952f6f989a3c,true
af898eb636565f79,false
2c22a01d13c0fe1a,false
023e26a790361e2a,false
55f50e671bdf3d38,false
2a5df4f66515379c,false
ba1ada221f7de290,false
1a465d14ba5ab7e9,false
111df26ced43af5a,false
bffa03f2695a8ade,false
e0196ddda5f0debf,false
36dbaccdcf50641e,false
621419068d51061b,false
1468ec90a091e0b1,false
5499f5efe638375e,false
6c1fdb6a2ca45650,false
1fca650d09d26f4a,false
72c96aee15f6a70e,false
49b7171aa989eb91,false
a952307cddbe84d2,false
47704f662037c7c4,false
7c6dfe0dd1a1ac75,false
6f61659e29f0500e,false
1c815030295fe891,false
5ddd3b49f712a4e6,false
2ec80421d2024315,false
3103586b709be4ab,false
5c6038d385f8eef2,false
5298b266a5b9e150,false
55edf2db5ea816a5,false
6e2c4b75246a248d,false
0ff9da048ac3c2f6,false
618f231541aa1721,false
09b09ad965330455,false
2aec4745b69b3909,false
40054a3b4d367dda,false
ea3964281141a8b0,false
7fc9616777d6f45b,false
26e5f1fa8715c11f,false
1008a3458b19bc08,false
df5429928fafcac7,false
0a5869726ebb0763,false
7d83c20ff0b47d2b,false
79e9323fc5fbda7c,false
669cf88c091ff38a,false
65a9acde9098a86c,false
13d18cb4f22d7beb,false
06cf123a1bd2af4c,false
3d22b6eed60fd58b,false
1b9b121c9c6e46e0,false
07c934e8617b4c88,false
1206886a9177d4b6,false
c5ae4d4a5eeb431c,false
0d962764f85059a6,false
84b93f5db1f961d0,false
cc9fa53835635ff7,true
bfe4e9db603cbb50,false
051720c4b2467494,false
0445448c3f600247,false
6b8f3532ac8e62e2,false
802e99b5a956a1b2,true
6079f18084fdfdbe,false
0fab2fa03d4edc96,false
410fba8ce761cb6d,false
535d1efa45137b9b,false
d5a37f05c1fbfebb,false
25485da668d5cef3,true
79de969239ddb3c6,false
31b502055d3363ee,false
7788bfc4114f1645,false
023bed611f7e0290,false
63afc09ca824b3e2,false
793a25c320aee341,false
389cfd9411f2def1,false
0362c1cd2c8158e4,false
60d3f0925e520542,false
4e704f4717528e1b,false
395e2385bba7755d,false
3ed89a18163ce149,false
b83d2e1722a9e64f,false
24e57514c2ef52bc,false
73eeb862432ca400,false
7f3e5b10d22d1810,false
4d5eb4edc26c72cb,false
5155957a40fa88f5,false
094070b98d400b41,false
0a78b1217e872697,false
a62bc05aabb48b02,false
2ae03d026f47ea9d,false
21f90803d394f53b,false
1761d302756f3707,false
79a3c1d11ae05907,false
3817420fdc57c28f,false
4bd1f1f589878f49,false
a708be2e646fe483,true
5e88dbad424ef3cd,true
740523de94834f71,false
66d8f4845693242e,false
0976f1caa4846c5c,false
452caca73c7e0105,false
11029cc8de03178d,false
1435f3f9c2d06096,true
5a0e306de6d20787,false
70dbd2f16e8fcb29,false
64292fadbf9dd2dd,false
5282e5b9a93d69ef,false
35b887cb53c03b2e,false
cefcf88959bf2447,false
47cca97c3cb1750b,false
cae2671ae69f175a,false
ddfa2a1d22d6c567,false
ef87a39df328bf47,false
a5454658f16b5231,false
6ab621a55efd1f05,true
14bbefb7ffe28ff0,false
53138748d5f2bf9e,false
77c26bb32593df6a,false
55b704ae28fefa3c,false
e25d95baa72c8178,true
1661ce53c97d0541,false
23167a7dfde4f6d5,false
f94ab72bd1a7c2e5,false
77c334f6afcfa504,false
7d23ccf777ccecea,false
6b62a55718cfbc4f,false
32d85b0056ecb748,true
0bbf4bf7c8d7dcc4,false
4bfde5ab04f810c0,false
3f563ab12de56378,false
1d8b5ee33a1fbaf1,false
5c3679d3eea010ef,false
1ec7d47549106baf,false
045d83f440758f90,false
68c0d952adf2ec47,false
028f3839656e226b,false
2819e908e5574172,false
6192647e388d1ed8,false
177927f1bf90c28b,true
1b0761d0f2a93fc4,false
5c909a46c2cc2fd9,false
7056461a49939302,false
7e1a2a1d42a368ce,false
7d0b632a850b99c5,false
ba034c8801aeba51,false
0d93a9dceffda461,false
db3782563c6b0bab,true
0489e3ce02eaeb09,false
b69101c7056ac78d,false
0a2dce21f09b1863,true
74db0a5f2c735c1c,false
3f5dafcb6389d8b7,false
694cf2b2437c9b28,false
1194fd244eba14f0,false
8e0572871d1e795d,false
ac01ed61c29d7996,true
2a044b4b06139540,false
51405b881af42b06,false
26a058655a691422,false
0bea3e5810c45ff9,false
2ee1dabd8976bffb,false
4c4ed4b7445be7bc,false
31fff7c45593d782,true
19a1796242a9b50d,false
6ab64470af6d8022,false
0ea7e646ffd004a1,false
5ed8c0a9c060a91e,false
3b49888ed0f51be9,false
3aeba243251b4798,false
1b7be081b9cd86dc,false
3081af374a77d17b,false
e9c257296c29d7bf,true
ca56be734f052d2b,true
3ebf8fef2a777fc4,false
015dea769a29c36d,false
95ad2d5c1510af28,false
145a2af5b8f5e753,false
bfb87849ff86e884,false
54a9edb5349fa003,false
4d7ece590ded6f8f,false
8e08781a94ae55f8,false
332bd9cc4f2e22ea,false
37efbe2d499abd56,false
56a5353732c6c327,false
5ef0ad75d1d8c194,false
619852aed7d3b6a5,false
377ca9eba4bf7f51,false
9f2d2ebf3649a4cf,false
16d7e4eecb9bad83,false
f4e1195b5747d72b,false
400499a59b85156b,false
3cec2d33b146c8a1,false
48759b3d054f997f,false
6b53dc4a7d996ae9,false
7367020026ab22aa,false
1510e9a95701d272,false
1946ad7122ed19ac,false
10e69b314dcb3f0e,false
a23ad1e9139ff9de,false
1720e405501cda0f,false
fbdc03d7908071c7,true
d8f0d9d5fb3bb0d2,false
f4f26106d3613560,false
031b4573002f333f,false
e269ab16e93a97a1,true
3bba23054b3ac3b6,false
7aa47b5b6bac3b44,false
097026715d67a8d8,false
258ba73a38da1945,false
1724d36fdafe41fd,false
50d5a08af5cfa395,false
0a0445c44d049163,false
71002eaaff214115,false
500d34a537f4c274,false
515fc010e1b864e5,false
271a52fbc724e054,false
b5eea6eb3b22a903,false
1d4c75086de8ffa1,false
78b12d70140e0efe,true
4771acaeb24972c4,false
3239a8b8b0091730,false
eb887ca371f5c59c,false
4293a46b8cfde0cb,false
4a80f8d8e4830cab,false
63aab441f908c3d1,false
546d4fc1a3818ff3,false
0c03988a2a480c6c,false
e551573e3711cba6,true
c44620555e4f2d78,false
7430f59f3d599abb,true
d4104d418dfde1a6,false
08571e3464773e29,false
2561d6e953e9e6ff,false
888c859fe5d46b5f,false
17d7d8e8380e0c9a,false
3e11c69a7f089d75,false
ac731300acc8e2bc,false
5f90143da175b9db,false
3446a3f58366a697,false
48614b2a020108e4,false
1ed01d419e351ac5,false
5240fce2ec517f31,false
2888fc5bfc422a76,false
6bdaff312900b7dd,false
241c2855a405ef98,false
4718ce8cb89ff926,false
e46b1de619664000,false
0c578d7e0e7335ef,false
22bd8b0bcd38dd7c,false
6998df1b89a3da04,false
c0ab6dd166b96721,false
112ba77f9e7af7e3,false
e17e514acf48b3bc,true
5a563d5a10ee55aa,false
9900f6bfab6b60a4,true
49d60f6872272d14,false
a7007d043970b12f,false
63733b009231e10b,false
705b4ca2adb442f8,false
f75dd61ee55be4c2,false
d8749d3e22263bac,true
eb27bb1b6062ece8,false
08f816c3047c9971,true
90b23358a0be1b7e,false
267d9b0b44b55a1a,false
6588c2ccef7a6241,false
4aeda93428fbc6b0,false
77f0e6266c4cbc7e,false
19feaaca22aaebad,false
40487ebda82a3afd,false
742a8b57f41f116a,false
c90d17b7637ceb7d,true
00feb2d9ab0fbc44,false
1b0b07cb3b505b45,true
6492c6bdc2211bfd,false
2926170696b2eb04,false
28ade96fcb4ba677,false
6c317ce5c5363996,false
200d6f9d6e559f3f,true
1b43d661dd31a222,false
64f3303408e8c922,false
de9f2645cc4f74bf,false
fb557d5a22281a30,true
6ce65615345adcd4,false
7260111f0627568d,false
4495c40a2cb2a05a,false
0d6ee1b40e7abab5,false
33b91725285c128b,false
6cc3275eccf181db,false
4a994043b41713e3,false
7ce543f51341a77b,false
02131075ad6f6f28,false
7cb7c5626df0a5f2,false
02c9174d8eda7c60,false
33e77c9b621caaeb,false
1d91d0df6ba6d8c5,false
ee7764081b1c6ab3,false
580eec108e98fca5,false
92521712e4b9ded2,true
a22069f64c33bd08,false
9fc93aea1ac4e9f6,false
8b51ca7774c93679,false
a55f8eddbd52f86a,false
4e46644019eb6868,false
2cd4e8d1f3fbfc6a,false
87c6bd81274e023a,false
1e8676b8b495cc20,false
504fbc4bc7169d5c,false
99b86c0dc7075aad,false
4451bdb42107c72c,false
4338c1dde8320657,false
df66d20f41c5f35c,false
596aad10289781b9,false
36607fc75f0e8feb,false
03fb0e1c98a65ed4,false
9b9c958c4db25bd5,false
47884509e71d5ed0,false
6a3c9a58be798daf,false
0e8e0d286fedd690,true
3cd2556881987a9a,false
69113205e09f8c26,false
9306a9fc0ec5158e,false
550fddf678f95706,false
99d90382c6e517ad,true
ba185129a78f0749,true
4de6fd93cdcaeb29,false
71381f3df79854c7,false
41139dadf15fe7b9,false
1be2336270a695b8,false
5f7865aa191c0733,true
0d8b60ef491c13d8,false
4763e1bb76fa02fa,false
053b3b34c3ad7b91,false
87343ad377cd2d8e,false
5400f7585324d292,true
4ebf09198c5fc8fa,false
5f40be10c50b36c1,false
f5612152b0210b58,true
1e214b65d3a37dbd,false
2df7e46a10eecbc1,false
2fe4f76231205480,false
c09fdfbe357a277d,false
359a6251d897c6ce,false
1f6c3ea635ad27fc,false
60e6960b0e970f1d,false
192d18d2b829c5c6,false
40f333fd6125c938,false
1a70c7c49eb22233,false
176b431669d1e12f,false
629f77fd85b679c1,false
5578324aeb71b8ab,false
5ae6030e8cd9f8c2,false
84fd0331d1ce02f3,false
afad52da77f7972f,false
4b2c4fa35cd0b396,false
a594c5d2b7bf2698,false
0ec47e46f8c106ca,false
4a82b8adfa483970,false
29a1ee27b60f5fcc,false
0bf8d4f4c0ec7b9b,false
6939f5a6e5ff5645,false
72c0907e2eb8d8dd,false
8c49142964dfdc1c,false
b73f838ee332458d,true
58c3cb7f8f16c434,false
74f2b568b35b36e9,false
68d41f14bfb5898f,false
2b2acef35b6a5cb1,false
2a0f0c38a0dc9a35,false
77a4a6f2aae05853,false
a76aae875899d743,false
601177c8ecd46981,false
32a34ace02eac726,false
3625e4ac575ab7a2,false
6b770a9f40eb4bea,false
26b679feaac6360b,false
645a19430afaee17,false
3a90525e015442c7,false
5148caa0f7522654,true
58e7c77a4c1ab9b3,false
58f0c5c92663c3f7,false
1136d32ddf67ef42,false
0b0a0e05c84fc578,false
53642ec9ee1dcaa8,true
19fbcba1fb596e15,false
0bc5edaa682e6054,false
5dccc22587886293,true
c9b7828d3205a399,false
1f761a2e5ef3a9ac,false
460cc7ffaf38aebd,false
1e3fb535efe3a8ef,false
0a7abaae9b374787,false
0666a99d0cbc65c2,false
433a46322ecb4ecc,false
fa9786d39df35f52,true
4a31d8b93c6a1922,false
27e588e95bc127ae,false
4ddb1d4fd4c82baa,false
7c3d303b46d8e63a,false
56a5429e40bbc1c4,false
30391e43e638d781,false
e1d075424e9f0780,false
7c7a3d00e88bdcb7,true
6bdd4c4a23b3aca4,false
23e9a2f5dc62a7b4,false
58beb214ff85167d,false
64e5c93e6e5d3f33,true
4541b9884cda8ac4,false
48af9cdc805428fb,false
34b3252c3ae42f32,false
1207bc8fd4fb7dd4,true
483d68bb8bb10114,false
11b522a73fa9ade7,false
1c6657c588dcbeb7,false
78ab839a747994dc,false
5016c613dbe31ef1,false
441b3f5a0ec2e657,false
2ef4c5de91f29ba7,false
5f295612b2e4b0a6,false
ecab262431816271,false
e0dac6fdcc14b921,false
f125b31674522b1f,false
02ac8a4be9564164,false
4ab1748a3b7acc11,false
e95672e5745ddae2,false
4541f5884174f2c8,false
1031deb66ef1ec81,false
bf4c79d96784c19c,false
6cff6ea93c4dc5b6,false
704b90d952ed5686,false
8c5bfe211b68a4c2,false
050543a14dea3ea1,false
14d1cdcf5d6f490f,false
4f6bf37db87723ed,false
7903fe17eb644c68,false
6e77ee43e21d4c67,false
e78519b10f9646bf,false
3de6ff346b13028a,false
081d5cc319fef264,false
7fa622fa502ebac4,false
50006eef3e01f70c,false
78a18accb32b5a55,false
101adde2844b3dd1,false
00b3c09380a08bba,false
2f45d583894402de,false
7a6557be3c741c14,false
07c879d23e0c049a,false
36cd2aeb8d54fe82,false
419405fa89fee3d8,false
4c8963a239e12b0e,false
3489a1115d398163,false
4a86f5de3984e2e2,false
4d87c12ab2754289,false
461be630bd87e93f,false
c87e4d52679f55c3,false
358e636698762998,false
61bf6caa69764295,false
23ab63b959581190,false
7d4f2643756bd938,false
7f9ebb5483fa70d3,false
6354c69db7fdd675,false
7460d34e3a0ea313,true
2fb2ddfaad28a003,false
c37b2d0916dbe174,false
63c0f65d931ab171,false
2f6c287687155c5d,false
2009e3031e4d0dd8,false
3bb9c79e523cf70a,false
761a16b8d0052b1c,false
7bdd8d1d98ef2a75,false
3d8f1aa80f10f208,false
5b62f2fa4e30a71e,false
4c11362a4fed908c,false
7dbcabe9e589a2d5,false
179d7eed59a90aa4,false
d70a6713afb0dd59,false
6e746cff373de6fe,false
4f4aa3d8dcdb14b4,false
62c1923e5283f52d,false
63888a6aac0fc7a7,true
3c1a5f685f031c79,true
283f7bb47296e67f,false
76845fd97b5f63eb,false
3cf0e20ffc02fdbf,false
518d7deab46022eb,false
039e4e85fcbecafe,false
5601e42aa396a363,false
17eb693d2fed5431,false
608c9c71587aa0f4,false
1b6811fe7a0526cc,false
118161094b162fac,false
7f92042fde31b9d3,false
584b20cc459bd499,false
34f4dbd4dd6bb7b8,false
4bd7ba7b24f4f2f5,false
4c96116ad5d1fae9,true
3f6f7a845f3fb11c,false
20f5d3e8b2cd99eb,false
9835f3813778bd6f,false
5b0368851fe7fa08,false
1a7cf71ca3297dbb,false
1d53de0eea181efb,false
68a10ca0baf14cd8,false
30a03a8fa78f5232,false
4293406fb39301a0,false
75d275c031fee87b,false
3db865f6f897d0a4,false
655afe6049f958d2,false
7f26b314f2013c19,false
e80477a014137233,false
a35908f4b0f0860b,false
6749883ba0be2302,true
b6639759c07e57c2,false
37aa3d78b11524fb,false
46e762a9c1e02f6b,false
43ad07a6697d415d,false
2eed71958e86e467,true
551d3d755c612881,false
ebff93e242288a99,false
05ea4c3a8985a991,false
1dbca1482052abe9,false
5577b22fd42b2576,false
713ee5f8ec8c5e8a,false
28b9af33a4f7fc57,false
e473d3f54ffdb5bd,false
5b06133a82d64a5a,false
4758a640265a444f,false
486cf0d7d87eb27f,false
6f10301b36671d79,false
433117395996dddb,false
1e9d7c55fd04ec44,false
59943bfb69e2bba8,true
7320c3e11b3a4740,false
30d184ca0dca142f,false
603d52445b7f4517,false
4d9811745fe924d8,true
4dfd20eaf1475f4c,false
eaafcae86e14b53f,false
46b2f2c4d632189a,false
3ce181ca1519298a,false
0b281eca443fae73,false
79ee82f1174f2cb5,false
26eccce1e7fd772d,false
d166779799cb18ae,false
2095049291b3561b,false
6e9539487cf25ac9,false
2ced0c2ffa4584af,false
136dfd65ec2aaa01,false
2a97f01e147844ac,false
bac7ecebb115fdc1,false
4fee47585a759906,false
05182edd2318a24c,true
c1c2068cbcc81310,true
622a049b90df0812,false
b8116b41156536bb,true
85aa31d3f33e5643,false
66d52b378a551480,false
d00ddefbc5f3e2e6,false
1d9f49c465011402,false
f91e5728324da988,false
7801f4e2e24e7d58,false
2a61aba08837efc8,true
7551bb574832171d,false
33ec3461007e87b6,false
6a252192c850d5cf,false
cb308f0ffaf37574,false
1180bd779a3486fc,false
66e59761d592f3e6,false
d82c83289869827f,false
0f8618d996cdcc1d,false
51c74be65b623389,false
0b95ad1b773775c1,false
3bc130edb991deb6,false
34903373f259f829,false
3595ca19b9d6db46,false
9638a391401ad477,false
37a4ee34d5aa2553,false
ebc1967389f6119c,false
b2f48037bd1514ec,false
4331f231d7aa913e,false
3243eac7dd81b7c9,false
086c5576a9f44e20,false
eac46af5c139f3c2,false
60ee8795e0c30f5d,false
b67877af7f04c674,false
a0c3ef166c2815ac,false
a02912d573df5589,false
8c7bdb4453703d37,false
6f98de02623a6092,false
0d6c975b6ed728bb,false
f4fed3d4c5511fcb,false
32c5237eb7e13183,false
17b3c88bfca46ab7,false
2237a83e9f4e36bb,false
4a0c4f3c3a5d2199,false
d02af2420c1035e6,false
0c084d8fd26f49d4,false
4ab1c2425a7d934e,false
59cdf455054071ee,false
654c45c9d0b6980a,false
7d312f1cc38d5b9b,false
abbb02046d09e9ab,false
4ba30e156b4fb565,false
17498d80d675687c,false
1a7c55cf747ee78b,false
8fc36c6e46df9780,false
57913ae6a2acc61f,false
1a1f65d05a30833c,false
5e94a11ff05e1eb4,false
2dc3c4f139875ac8,false
6a698cf17475e480,false
33f5cce17953fa8b,false
0607637ac5291258,false
9b392a4cad36bc10,false
07045324a4b20423,false
4c1720ceb1844f8a,false
11e42f16b01e0f76,false
5660b957e3eedd66,false
24b36fd5ce29569d,false
d42b7cca1dc7929b,false
566f3903e87a3e68,false
207c7e38180c1cde,true
4363c7b5ccb07317,false
38bb47f8ff5245fd,false
3df8b4ed70050266,false
39a15540c1a86dd1,false
69f0430d25a6a6b1,false
2fd3c5c5130a1210,false
349d6745da18d8e8,false
e36c73afb8baa26a,false
1651c41db73a544d,false
7795a2f6d85372eb,false
3b5ce8207cfc05af,false
5ca7c9a0334037c4,false
114631c17ce605f1,false
d30123630b9db2bd,false
dc2a24ca59f357bc,false
a03dbac353a8b314,false
41d8d6ed5f8c0cf2,false
5c30be4c4a3b0e8a,false
4d45fb7f6588b0ce,false
aede805a9d561e67,false
3a91ad5e00427470,false
6360157b771bb0d0,true
0902c7f6da32b0d4,false
3f646b36d0ee3876,false
1b98db11192c3a34,false
6b241103b79b568e,false
4f5bd0df50e017c9,false
7552b5ab068fb202,false
56816911479bc6da,false
71bd2bf8c03ad286,false
5536b87ba1603220,false
7bd197175de7e5f6,false
0c3df06afe0b60bc,false
05ed1a6ba1876014,false
2820a055554d5458,false
843df14aa9672f4c,false
e8df4651ff9eaaa1,false
2bd0b3305537b4a8,false
5a19ba46f9ed3170,false
304eaa6f7b0736f0,true
555538d11e022457,false
4a666cff196372ee,false
1108a0c17a52cb60,false
7dbc868806892a29,false
1a527fe3b532abe1,false
7e4cb8e8eaa4b33a,false
0f2c5857609dd7a4,true
4980a5b8d6068b12,false
248154035661228c,false
1ddd056bd63c65f9,true
4f48ed1eec40c7a9,false
604cd22d60b9e414,false
205156dc6e656097,false
3111176c8eccd208,false
48bd81a99b8a7d34,false
1e4b6e2d6fda5e71,true
02cf17b16e3eb14f,false
5d6879e0cc18065c,true
3562c04cdeea98ba,false
32e893c75affdefd,false
6ed52724c134581f,false
69c83157328f2915,false
3850808ad9b3a751,false
860890edcdb1d0f2,false
3c56ae57bbe4a894,false
3ee79621986c1d30,false
033807f725cc98e5,false
32fee6d62e6cf871,false
343cbec2ee165227,false
66c39e6406ac4724,true
de848627beeb730c,true
1e2ecee6df8378b5,false
936f37d051741ddf,true
fab9e46ffbbd30eb,false
ddf8a33f0a3e02c0,true
1462a70c972d432e,false
16f00706d2d0b6dc,false
566fc240ec2b02d2,false
103d97f6e901c085,false
d87d77f2aa63b97e,true
1b613b58f8466455,false
238dfcc4dbff66a7,false
7ec25ebf0a94dd14,false
0e7c5d21c0e260c1,false
38fca4ac04215627,false
6689927b06a3c3dc,false
05b823318cf4bdba,false
31ce6ea14181667a,false
0645ce4b5b537475,true
d0e77bb8bc6dbbf4,false
5a08c5f4793c30ff,false
72b575fdf9b48ae0,false
57d480a69c09e6d0,false
4387266f111112ba,false
8a120bf1163a79e1,false
31d34fe495d0ca63,false
c8a256778933596d,true
49a28c6f3c224690,false
35a763629d92e99a,false
33a3eb2c2b74d682,false
0f5b22a2dbddd3be,false
4de57f694d52adfb,false
587b722500532ac7,true
3c91ffcf6fc67132,false
6c9c1ed4fe3ec271,false
11ffc74e397c76bf,false
4d3f14f98330f1fb,false
74ae5798b6d39b55,true
5b99acf39ba90513,false
38f5ff5b230f837d,false
410d54fc6d898fe0,false
1ca4b8c6349df86b,false
0c0e7bc279d93a5c,false
36b1d487133040c7,false
c107f8b99f567dc3,false
48889a258de4b28a,false
f0680d062e1f1cac,true
1fe285ce23716ada,false
8086e7909dc81efe,false
561766dcf06492e5,false
0f612615d9d0153f,false
33c302213043f865,false
ebc0b7648f95d9bc,false
6cbd36b526a10b38,false
49940b90e220763c,false
6fe26ce82ec30f0b,false
00dcfe7f75470cd7,false
1fdf1db04f4c7620,false
149692f3f066b311,false
75f38f46b03d3d05,false
831b01cd7017970b,true
368bc04267253b85,false
37691146175a2271,true
6ad757729bf3f310,false
0b68a878d453e845,false
4f11c07075a74275,false
30d063ecb5fdabb4,false
affdf19f1f95206f,false
53f735c9ae930653,true
af9636d84f92a231,false
ef75caefe65443b6,false
0628248551f27652,false
8e965847aae193f6,false
be2fa72fb71f5011,false
1d6f868364ec60d6,false
08c609c66176b478,false
6a61c2a03cfd8fd3,false
2f9f6144bd84ccd8,false
fb105c1f2fce9073,false
4d3f9f0813836928,false
0fd08883ff18360d,false
76012ce03cddee10,false
7d1b63355c5176d1,false
32226f25335e22f1,true
06b5b0441b9a92dd,false
38042fd79380ab18,false
7154e00e8b31ddb1,false
76c7c26acc9885ba,true
31b990ca4d08a5c8,false
02d8a3bad71c7e03,true
5e14310fb49c8db7,false
66cc09e613df487e,false
4f2e71827467fc0c,true
e64c322dcbcceef2,false
5981a792a4773c37,false
093360038d0ca0e5,false
4b0a564f35565278,false
3ac5f2ca8707dd12,false
3ba77dd2b93b9cad,false
77f009b4825d82ae,false
2413aee75f5d57d5,false
0754a09d86d15ab7,false
fd60e84d1a803f4e,false
d9750e43c10fb123,false
3b19ecaa86f185f4,false
317efc791f20d581,false
e62023305333e658,false
61d5a0da8225b378,false
3ee0f191e3911a54,false
d78c2a9aec7ce0f7,false
28eb433b198bc721,false
30ed11990151d123,false
98fb57905c0adc93,true
48f31aadd101f856,true
218cd9a4ef3baa7c,false
dab5a7de5b38b810,false
4287e085f8e77697,false
77c543f671d7d241,false
4752d122ad4d4209,false
64d255e2fe8a107b,false
6521f277079cfb70,false
1f34a66c0eab523b,false
b0328f180f7f1354,false
64e225804d3d122b,false
c762cc060f69fb88,false
8c2b52389970cd47,true
54b6b0a516b444e8,false
4a6c60849c4b2a80,false
638cdf144a2c948a,false
b4048bb0f1791206,false
5b35b1532ce77a5d,false
69bbf9a1f972c0ef,false
4b1ef1214fb9a7d4,false
1e5cf3219e6705de,false
a6e9764840423925,false
7ba126f99948fecb,false
5b857510522a2806,false
51d944664a24363e,true
6a27ac79a30369dd,false
fbecc2f585d0d53f,false
4eae12dfed271531,false
7ba158b89b877366,false
f88645636a1c27b0,true
30f84a8d60380f6a,false
c310d624a80a9703,false
4acdcbf7fb3507b5,false
f90c1129acd4f4be,false
5139c40dc43aa11e,false
f48fed300b6a0284,false
190956b1264515c2,true
d8715bffdffd49fb,false
4015acc6780b6ca8,false
57551ff0305c44f6,true
24cb487d399d6074,false
b9532b9de4eec4ed,false
2ea05591ae3bc6ff,false
1f26ec6cba3499cf,false
f90349795624a916,true
13810173a0bb908c,false
0d9ea3b99f83bd0c,false
38785f13176b3827,false
68c03243d0dfc3ae,false
393e40956c18e0f0,false
1c7f14990edec9b0,false
0f35481c1204b101,false
39d33610643eb8ed,true
48c54950a5f8f91f,false
b21c050120d5fa89,false
736d38b972681209,false
bcfe78534ee29ce3,false
148f5ea8998aa470,false
6cba9cc4734cdb7a,false
0962dc71e0ad2a29,false
799976fa5f59dc34,false
3ea7007ba56cc08a,false
0f97f23f89598044,true
730259776c71b90b,true
e52a8315b3b30139,true
18ada90b02a3bdad,false
7577fe58f8464302,false
2ae669dcca40b9e8,false
67bf36e04be666cf,false
054d9323f69fcee6,false
01c209ac1276b1f3,false
2ab15fce3cee11ff,true
549412a4274ce27d,false
3a84512d816c3cf1,false
ed0edb266f1d97df,false
26f4df9a462dd35d,false
7089613cb4c7bd93,false
2b34e09d1bd7cbf9,false
7e38295be6cf0f34,false
fef014582dfaca33,false
23cab6c326e717c7,false
f4f3800f5f99d649,false
02de520d52364e50,false
0760948d24340398,false
898772f28889b7b8,false
3be25386fed6e671,false
6b6a87c9fdf4e274,false
d9a246a6e2d5f6d8,false
d8a65b2e769a425f,false
3896fc47312fd88c,false
0d0f16a69d1459af,false
4b2da84a063c7c52,false
4284a5dc034d5c43,false
302fa537cd195da9,false
385409e88e193c10,false
464bbefaab7dabc5,false
0dd169234a50b0df,false
5662c3ca489d6a43,false
cadfba9257766789,false
4238e2fa1f692ce6,false
d1075152f610e4e5,false
78f302884c7a01a4,false
2f619f00d3d327d0,true
612e8860dcb2fed5,true
7358af57583e589e,false
548bd8d1f6748e95,false
72805c4a6366089b,false
1966520cab27a28d,false
7b2200cebbac37d5,false
454da1efd69d07b1,false
9ced8782501b4765,false
3e4ab624f9b4c503,false
1ca835a355ffed25,false
5c989d79282395d3,false
e48b46efcf742857,false
f19175b640b3c2ec,false
42998e3de1e4ba56,false
0624e0b0c3973ba1,false
6c74c0e9058c8481,false
0ef0cc1d48cb8170,false
1803b581ac05af08,false
205df9166059fbaf,false
061c4c7a8ca883b5,false
50c262eb4c76d3fa,false
638eb72d51b06858,false
318c79e20c5869ab,false
2e4ec87f36edd6d2,false
ca22ffaee10a2aad,true
09c5cf8d8095c5ad,false
2f5459cd9c22023b,false
2b54e0edbbb9e539,false
20a2eb6de03f74bd,false
5f5d63f7706ef61c,false
6344a47f3a5779cf,false
63f1154977e71f1b,false
2c7e97ff9a0ec42e,true
41322f9e5a3b3883,false
5c0e8895a9935e2b,false
1a889658d9352d59,false
02a2392d787afdc2,true
016cbbb55dd22011,false
7a4649ca00afe9c9,false
74e91e8dff2df6eb,false
78c28287c3327f52,false
743d5bb5326623a8,false
356d4f2ec2365f25,false
7e8bba3f89118bcd,false
1bdf00eeaa9cf1c3,false
3cc2fb837d04361d,false
177237eae5e4e3e4,false
a45eea08cfcd6332,false
5cc6f18e7cc8e5be,false
588bae88d488cd43,false
0c91359f8d81cb28,false
17f8df05078754af,false
1b0e1f426898f62e,false
22d5ddcb15195648,false
50f28078dc6d71fa,false
55d147883ff27ace,false
587b9a17b6d5c96d,false
0a6ba9f0d0a38421,false
3a548ad985d0995d,false
214950293f47c498,false
1ed20d4f9e5bbd2b,false
2e82b82f607b90bd,false
484deb1821f25f6e,true
46f2410633753b3e,false
2a3e69e202fe201e,false
2caf28d5a4af76b4,false
5fa91b2286a065ee,true
288b141750193f97,false
5d9d050307b0440e,false
5f519724eeccc7a4,false
755350103b66788e,false
2a002f98e037ff78,false
198ff7cb548527ed,false
7023ff2e7e2ccd21,false
5c8fb8763cef09fc,false
475d964812874316,true
ccbc82903cf1ecc7,true
694b93f76ef7b7d4,false
69c0cdb2a336ab42,false
07e1b1205ca6a4c8,false
c8b0abdac6702c07,true
68aa9f3100b14240,false
61dd8eac314cc409,false
2ac8e32b24e895a3,false
73cfcad6e41c6133,false
3eff82a6e4ee98e8,false
797797631bc74d6d,false
0f5e38437ec71a15,false
adec5e7bdbe62cb6,false
27e6ef4e3bd5639a,false
e522f42f9fdce1ef,false
6eed97f759d5c23c,false
3bedc2c3913df5f4,true
96b9e9e4b179b66e,true
2ca8c3253d9e1dcb,true
4b9f6a1a3e45135a,false
7b79aedc9f1ec4be,false
118af35c9159c879,false
5398b2e5a9d10778,false
2a3c076dfd8266b5,false
4f5c3547956c18f3,false
b5eeb4456c86abf9,true
22e1f22e734cf22c,false
20dfb537407cc248,false
49b833c28c957b1f,false
e2f739e1d7a13993,true
7026adfbbeb8ef32,false
731e0cbde5a9c92e,false
1e9e782d97a22ae6,false
2f6fa4b7e98bd77f,false
6ffffcc4530eea4f,false
7e956f3fbf9d8c89,false
137d89126b1ae2a8,false
420b7e749821f053,false
2b5b83a001bf1499,true
262ad50bd8050504,false
1cd9fb208d4b7790,false
46438ec4bb90c606,false
6f2130d4301c2ecd,false
34ef8a48b6fc363c,false
4ac56f533710f53b,false
3f6a2e055bf790ef,false
3cecb592a7dc9617,false
28c41d23b8574b3c,false
464def6e63bb2a3d,false
287a7b888dd32182,false
023a249a2bcd1941,false
4d2af740c4ce65c4,false
5c9397d31f7649eb,false
17a28345badb87b0,false
4218d11b0a6aba4b,false
618c9fceb8fc0f75,false
30485d3580b8adfc,false
774dc00516527c91,false
4ae69a7110c2e0ef,false
1be17cf1686c236f,true
4704001ab182cd89,false
6965c07f46a74934,false
b7cc3a35d2bf8314,false
0528800cfaa15961,false
2dc8bfd57b11656d,false
6d1189699bc87673,false
0750cb4dadfa7701,false
ab9b2b104c710a15,true
879ed8abe087609f,false
7b3946fdc109d1a0,false
78383e2116b197c4,false
32591d53d915372a,false
40c808a786d921d8,false
2e6954720eb5c40e,false
6053218540a3e24d,false
f0ca76f77b390003,false
4d3d4f04d1f16596,false
180963307918b2b5,false
ce691a30df628590,true
3822cc1c4480d7bb,false
214cfc2a7a562c1d,false
3f95991ba8e7fd18,false
63a4014d448eba1e,false
285e57c104507fad,false
729eea1ef5d0c2fe,false
34e3319d261aad01,false
55cf6e44a1de6ea4,true
c78a6ca7db17895c,false
13368d3c78955524,false
71fbeca4fcf644a7,false
f93fafcd2f1cb59e,false
4ac5bcb8b5d62179,true
5865f766ecd17d6e,false
38a4ffbeb18b91e5,false
32a2dddc5bcdb912,false
da4541a14572e698,false
08516786fc8a4058,false
5bc6f2b6e3f1ea82,false
6d89f046bc9c2cbf,false
d463f310da6d840a,true
c67780a76b7c5838,true
8dbfa2682515914a,true
c29af9be43d8d4f5,false
0519e219a4b813e2,false
27a8c664fcaeb599,false
7b18fec8ee1cc8bc,false
307854d161ea9691,false
4ef3fb854d5e5f02,false
b18f5b557e78c785,false
683748d9c4dcf41e,false
3642864389d2b81d,false
12b19d4377e5cfa7,false
0b9344044a624139,false
61a716394c59b595,false
28987983e79a26de,false
e6167aeef0519e61,false
496ced94cb79b90b,false
04959b9a38147e30,false
530bbed314323793,false
d11f17a73ce21581,true
272162f858a7786d,false
5cb8accf2587d317,false
a67973990cbb4842,false
72c60744173bad73,false
7001fb0ba43c7742,false
53e59eba612d596b,false
02eb89bf79757df5,false
3eeda93d8a49b4cd,true
f48d47411a5eb9b0,false
0b7d2342db5faf7d,false
404faea1deb2b532,false
0cfe788df2a75053,false
790fae674c98fb5f,false
45cf5e539bb0dda8,false
fe1dd11d5c95add9,false
456eadc3fac5ab22,false
214aa4b47b9327fa,false
1cfc203d8c74398a,false
313a545c3568ac7a,true
55a330d52b07d69e,false
75f3bb7a83538f2b,false
21808f61af89c392,false
2b1f54c440d5d484,false
030289389220405b,false
df14f74c2d29b1dc,false
d911950e42bfdd21,false
231b4275bfd2ee51,true
ddae97b13d705263,false
467772d420d0e73f,false
084c2317aacfd3e6,false
750673e03cf48c23,true
574ea16afb3fba16,false
79ca11128541edeb,false
cabe8d8b0613a698,false
140b1d0322a8c67b,false
3c9f3fec27d5238d,false
0ae294d24b21a938,false
748d80d5062faf56,false
e970e34b1a09beba,false
f4d5100b1e34f550,false
2578b1c1803734b0,false
29cbbda696889730,false
7b519e7aeb12db7b,false
38eb1fcc21edf89c,false
38aec8165b16800c,false
03a9edac33540f82,false
4ee0131bc1d67d61,false
4c10338982d75fad,false
35396c3e050ce05f,false
8dcac6d050b2864e,false
675b19c9cbe2297d,false
00faf3b2df225f56,false
6717f1fc7379939b,false
556b660be9b04c1a,false
3cb93a084a61d063,false
1a8d2485f3f14f50,false
18e7cf079a8f1f2f,false
0489ff0907f21370,false
164a79e8070f0c32,false
1c7265e794bdd0f1,false
3ee0ad06b3d26208,false
e54cee16b11a173a,true
7c1b48b1f389ddd2,true
56530a14f187babc,false
3363287abe6fccdc,true
12b83ca7ad0f1491,false
696b7953aa80ed21,true
9fe8e5458bb5ae61,true
54fa74ff27662ed2,false
f1cc29711dddfbd1,true
49b2d629bfc38d3e,false
7b314c6d7990644a,false
7f2758069bf2339a,false
fa2a91460d149596,false
4e2e58c95e113c6d,false
13996ea60a439201,false
0c19b03f6ef53b54,false
006bcb0b49a24c71,false
47a817fef5820bbe,false
138572c96688fa9c,false
492e50602959630a,false
7f7990d249391376,false
4229b41c834ac88a,false
40949435009e26e7,false
765ae6c0958bd2c9,false
23444ac2cc037b63,false
6b05e372bf692d0b,false
0ddcdac252a8e0bd,false
6509d6ef64dbe1a6,false
493884db55362f8c,false
154633005cb4be06,false
0136c5837e833e46,false
09cdd27628cdf575,false
54c797063aef3410,false
2bf77e995cdb9e47,false
5c2da463b8f4b742,false
6e6033832115cbef,false
60a5474a30007c4a,true
2e8b6a108b3c7067,false
1800b55f7667f6b1,false
471f1399f717892a,false
2304e0a33ca86a63,false
51f0c1001e0b3b9e,false
5503ee19d8de0f9e,false
4182469c5bd34d72,false
46842805d0564dfd,false
d509304cfc148049,false
46642842b54b168c,false
6383b2e233788287,false
00234d53f62694a4,false
07d30eb624db69d7,false
35b1e8e20c87dde0,false
4cd0a11920e67714,false
15506b0ca4113907,false
19b0d6dbf53aeb2c,false
5ed2b8f3b09d14cd,false
33fa11a62cd76e3f,false
981a922b383b7087,false
76c9b0f8ce5c5350,false
574a8377b549a8ff,false
6b7b05ea2b7ccf63,false
47e60da9d721a42a,true
56469de884e346c2,false
bdfbc8d1e7c2876f,false
17a0dad6fb5d33f7,false
5ae7055cc661c2a9,false
5a9c04126825a349,false
3b62d3afee040da8,false
7a8bb9d4797bfc0b,false
41057ed752129cf5,false
575d11781565eca1,false
1dc10348e3d82ef7,false
786f5af68d25e6f5,false
68051cee2e19c09e,false
070c8498355ee4f4,false
f75755d63288864f,false
84f336c99d752bf3,false
31df09566b4ea87e,false
5d10aedd26e191d6,false
6fb91143a43a7b3a,false
4ed974777bd83465,false
79bacde2de97262c,false
40e1778826469d9c,false
55178e9f414bb079,false
7a7055a45171baac,false
631cc5094cbc2d4c,false
a2dea3692c5cf5ab,false
6348bc10196fe04c,false
2538c267aff95c59,false
31542a18fbffe7ae,false
3f6f61813242fe63,false
6e6ee1474eb50527,false
39091dd2cfa71ab0,false
9037501aea40470a,false
4a99d5cf20617b55,false
208a959bab8d44fe,false
556104e227987869,false
6ecc9973c6e22155,false
ae9ecbe7ddde50d7,false
9a3c0d8d2848a0d7,false
7887413e26d41c9b,false
37d507f1151f87ba,false
28e440bcb82465cd,false
0b6e08e89d4c9097,false
73b98e8ca931642b,false
3fb858e27e16c6dd,false
53b3f09b41906fba,false
9f2c9ef330570e9a,true
15a7cb7a916ada42,true
3ba7c3e9f5440def,false
28362a288ee9992a,false
bf30c130b55611a3,false
61c75064d689dda1,false
7690354288c29b25,false
1678a50379fb3c51,false
e83e92bc9e0a1080,false
54d9c2dea9ae582f,false
1c2081ceda1c50d4,false
21d40de3c2148bae,false
1b7b5d946396582f,false
274f273a23986925,false
134cb30baea17f05,false
1ba0f2f04a3ab90f,false
40e29098cada33c3,false
47115338afd9917a,false
3e92ae0c3d44d170,false
09265f1929ed1c37,false
58b57766a39334cb,false
31e3969fc1d6afc8,true
e783eda0fb31d3f3,false
10f2f85d4fc61bd0,false
2b17d40e80c2de96,false
2c9e8333f73835c2,false
5d44e48b5acdfb47,false
0bd8111be7ba437d,true
bd3bd14dba360fd3,false
90d91e7eece3b1a5,true
3fa79f938a72732d,false
39df786ca897e708,false
6dcf306383bcfc8b,false
09ba3e1936598768,false
732648dea022a617,true
d163fb83168c3c91,false
0fdd7cb3eba0b592,false
0f28441627389980,false
06e909c69b648096,false
c58429ac09b62c68,false
4976cfc40d52c1aa,false
3df7b0ac1ebfdc73,false
ba37cba5e8789134,false
7cb469afb2b29906,true
2bb248749dd5aaab,false
453dcdcb3cddeb4b,false
5f238af604dd0cb5,false
ef67b9577628bc87,false
06708d7670bd3a92,false
1159d4ba50bc2808,false
7514e165523be60b,false
9d8f9a722e2fc61c,false
1d7b402f41374a76,false
16c5830f23de1662,true
418cbd142448345f,false
c4d503b141076669,false
05d2ebb048be7f35,false
06a325290304e8f8,false
a2a1c9603f5b2bf4,false
582b7b3078389787,false
81d215117f66d53a,false
6f131498b120ef7f,false
78e7a3942d804335,true
2a76a6cce99d3792,false
6718cb5f9ec6659d,false
0adb7c308c0ac808,false
2d821a878fd198ab,false
49222d068c8c0d6a,false
094b819f2b092a82,false
158bdc0073e2a158,false
39d30796d5a02e8b,false
ac8fdeb1487b8c74,false
1ed3a7b097c09683,false
5c9c56764a3895c6,false
6e8b3ad56f70f91a,false
901c633fff6f91cc,false
0c114e00fb5d82f6,false
20d6002275c31284,false
177941e019ca98a9,false
19adcbdcf9f8f6b3,false
4d95dfabbb071083,true
1f675a2f240f475a,false
175fd0b26d5f67e9,false
f879fea07b12c37b,false
0b0272ffd6062453,false
4c9d3d2c52025b33,false
1958c3ea31e98cd2,false
2380d1a5215d4b1c,false
24459add58915485,false
707d49e5e8acbbcf,false
a5b2965697244e26,false
fe971646924e7c58,true
6cabe1c20fb855d5,false
3568235eb8925099,false
024939911e0ad5aa,false
75ed7fb0a1734479,false
74344fe11b1a4738,false
31e2336a3e07dd60,false
00d9ca0dfb6081d4,false
41971c54cb493fce,false
5d784dd271623293,true
2374253a9baf68d1,false
74df66a173ceecdd,false
37130704b6e40fa9,false
2a11041f70aed464,false
5a537e1f35d95c7c,false
12893360b0ce40de,false
0291561fcb5b3265,false
7908be8a4a39f015,true
4d945d609a3f3629,false
12009012f00d93f0,false
786443a7b97a0678,false
4c6e9108d0094a30,false
2dcfbcba90d52811,false
d39d741e12e96966,true
1713f984210e9a9a,false
576e69372c74e162,false
220d356836fd50d3,false
3c7c697002a90fd6,false
0e7795f5dcc81021,false
377ca2e88a84217b,false
58c1d6c7abda6907,true
58b37de7c389c416,false
0c816ffb4964c615,false
257671554f68f7f9,false
7543ae7203b92685,false
94ecc6582f430119,false
1c8eb2d8004d36fa,true
5a1c5bba55e0e9ff,false
2ad131226ae41ae7,false
7f4ef2a8f503c510,false
eb1746bcc2061386,false
27a55453f2e3c92f,false
028762c076c3b387,true
5a4ffd93111af666,false
8956bab3817b6f2e,true
33593b5464c4ed42,false
44d463b59758e1b1,false
4bd45a2deec0913c,false
abee5fd8a908ff0f,false
46930c6b4333cda4,false
03eca0bbe734652b,false
6a0f83cd5282b3e3,false
4b6446c23ff2122c,false
d6fad9990f386a17,true
64ee8e2e429c7d59,false
d035105b66a9ba65,false
48bccc11f5d82083,false
677893dbd0cb5b52,false
4f7b9019084cb210,false
07aec0d40f1d92ea,false
4a9494e99bf36121,false
10ee8b8d99c2bd43,false
44a4d39490ec04b5,false
aef43faf7435570b,false
945a6cf0d5484e81,false
3d5a98b10cc5ae3d,false
29d1047ffdd0264a,false
45733edf4c0bb981,false
51441b782f7179e2,false
1f933a0b773bbca3,false
44a1869128def709,false
448b91b6588948aa,false
400d3cf138838d0c,false
aded653a32a3d9a5,true
d813e025fae9b5e1,true
b8e04e9af21d7638,false
7126233bb672d700,false
7cb2955035d0a377,false
1053fd0010b8c4d2,false
62487fff9719224f,false
43d27f128b13a14b,false
50112db5b92a9bdc,false
81a91f1b288a0f16,false
514e4ea1ec8e7932,false
ff60d493a9389813,false
6a82a3fefda52307,false
d436b02b63c34971,false
43c99dc56e7e3cfb,false
9d9efc9ca3952885,false
53228282e821dd3b,false
fd6b89b7ebe4a92c,true
e8540b38494efde1,true
025aec5a7943d58d,false
54fb9af6ceb970bb,false
df9b9983b89dc14a,false
52355357e33f358d,false
05ae1af1aa83e533,false
76cfeeb5c161fccd,false
6d8e23323e9f6c9b,false
d7752c6ca43f6735,false
13044282e058c5bc,false
6e90cc95a82d90f5,false
040fbaadd5fa997a,true
85b645ae7c833719,true
76aa7d3a05a1a4bc,true
1be650ab20422a2c,false
6ecf93a0d8076e60,false
04cf450f4d55850a,false
6132821601542f2f,false
8e9b1c5f078f6f7a,true
5cad5020f1631822,false
5634be6b340e6baf,false
0b05548384320c4c,false
9ce183dfad6f007e,false
4627553e60c95cf6,false
2e45e553b66e0777,false
573db3ec78d3e2ae,true
5858773f8dc84bda,false
fb9f5c990d87e608,true
659b89d3c9eaf450,true
54e9f840f3c1eeca,true
0d42d8b810750e9f,false
3fe6ff3d4f2de188,false
39e907e576c652db,false
49d85df34f935a41,true
aff3b3b0fbb73790,true
20a648fd70529a12,false
47d684efdb4f7751,false
1b25060576ed8bb7,false
f1b654494b1e82bf,false
77b27608830cacfe,false
07289a97a8aa7c27,false
6b3023bbe3ba1d41,false
0db869518ca04ce6,false
35d5abb0d2cb94d1,false
7bbe1d8d2343f2a4,false
285df5608e852686,false
705eb13e5ad146e0,false
b026242e294cb20b,false
4bda7fb6a6a2debd,false
56a04dd5302177b6,false
3fc01a78a832e5d3,false
6c5b8fb6693138d9,false
cd5124fc0b1fc11b,true
fd82fe35db770af4,false
64b21e9dbab0436e,false
7c796753ee15dec2,false
18d8ee0ade52ea6c,false
65b4877ded74bde4,false
2769b578bda17839,false
59989906db712f5a,false
9b618a038da04db4,false
8663f1a519c22613,false
6bc8a5486c82bb54,false
598b54b9d78e1190,false
301f7e8d20418c27,false
3d955f87e5e6c611,false
317751ab4f82f65a,false
20e7d8967d284ac0,false
73056a60d834e567,false
c5f35ff32aee1625,false
8e94151fe3130f5d,true
a89b3fd6f9456599,false
03629b24fb1029c7,true
5ffb4cffafd21edc,false
35ff7034bf4ed8eb,false
4663cfd0d030f12c,false
5c9d6261794a159b,false
47cfe84bf6c85ca8,false
5f39103afdb47226,false
598f3f22322e5668,true
18e04df0746dea96,false
60789c7891c8f6d6,false
10952e54e7028176,false
7f9517ea2c6baddc,false
3cfc26efd608fc59,false
221100edbe075037,false
c077a764b5b7df9e,false
0e18f0a6dbcde316,false
47da06125e4b8a12,false
41e84416cda8759e,false
9cf41fec2bad6af9,false
27e578cb0f0cf6d6,true
6f94811933274c0d,false
e9ab1d57e03f5e91,false
7547acb34a80e85f,false
4b557dd06f93d3d0,false
7234956ce43aba66,false
3eb455f0a96e1f82,false
622dc34db5da0901,false
5230f565bf57d889,false
e1b95c9637e5453a,false
e628cfc9abd3b0ed,false
7b379f2837776fac,false
133ad357322dfefc,false
fc23868496676c8b,false
1b0ab11739730cd2,false
5538e529498f4c21,false
356a70790ec4e392,false
7b4bdaca72dd9be6,false
1135545292efcea2,false
69d5c3e2ad08b5bd,true
415b877535ce2ff3,false
56461dd3abe4476f,false
0ac4b463d61b89a7,false
08d99b0dcca8c92f,false
7482425d9f148458,false
26987823d931f1bb,false
217246818eb07712,false
5552ca475bc16e12,false
03aa1c4c8040b4d3,false
bab35cfc7226ecd2,false
8d1f7b0d55a16fc3,true
14ee0e7633aa6b08,false
083d43d06702857b,false
b26c23feff46c49c,false
73d23c9ead6e3e7b,false
f6e79602a9fea145,false
412b82300368af03,false
2fb647cfc5eadcaa,false
7cd7b8dd2d8ead82,false
6fc0355ac9bd942b,false
2c7708e18259ca61,false
a90fc6c62d4b853e,false
90ca9831a7ec205c,false
11b9a5e5053beb0a,false
32a37f06e30c821d,false
4cf50e2fffdfb8ae,false
03a3a96713919805,false
795ef6633519c82f,false
6e0530ccf042c599,false
0683344f0edc437d,false
4957827692606429,false
5f179c6f94f08c0f,false
0b626654ec8ed7c4,false
275b17cef6968e97,false
52d7de72ea465c45,false
01da6288e266c670,false
7fbe049e4b3bdc68,false
51c2a09f3763b23e,false
2b3f564514c99030,true
3653c8ea3a667219,true
23b561444bb49462,false
1365084297e7bd4f,false
6b82e8e01be69891,true
6cf94a875688add6,false
434299c56dbe9d55,false
0a2641b017dc6d2a,false
5a657595bbc12d6d,false
6fdd9bd6f9d760df,false
01df8396b97b73df,false
1014dd7a32c02517,false
58ddd46be0e9f404,true
127d368ae458e027,false
3c924a02a7540b5e,false
0a22b16ba04988ad,false
1eab25fd6718ca6b,false
12b2b064b4e81610,false
c7c2213aa59233c8,true
795dc3387cc24853,false
7ce02036570aeb5a,false
3e9320c782fa50fa,false
00dbd0a9aca12745,false
1fb61ba40ccdb5d4,false
0ceedebe504284cb,false
368fc2629c9c64c1,false
b75efd7e938971d1,true
844669e936d645ff,false
617b9cc127eebc95,false
ae6f52359fb79f72,false
0529fbe3ce803ed4,false
0dcb9aad75be3653,false
67875ef5d712451b,false
1828ff5f73ce0d6b,false
5cd1d1c8a93cf5dd,false
5261c16e55698aaf,false
3baf8d4fdeda4230,false
25c401e912dcd53a,false
547b09a1c93ea788,false
23950e41cd636546,false
25458d0f94493c02,false
4e51e4535f2a7aee,false
faebb3cd50f81b3f,true
6fe016f32034f517,true
5ae2c784d8ae40dc,false
552ec3a789849e2c,false
7a7fe4a6b8355d6c,false
249f8488a08157d0,false
296962ff54699cec,false
33b1a0bfc6c8e30b,false
0b7c0a5464baabd9,false
0ca7392ad14919be,false
40c11f9e9686b0b7,false
4d47fbac2f72f24d,false
99b3fb3f21a64082,false
724fce9babfc1c55,false
8aa006f1950ca224,false
c5267237fc1bbdf4,false
754dd070e26f50a0,false
436712500178f968,false
3294ad3a97aea2e3,false
94df554d1ded352c,false
4b89b7de2ea48d07,false
1540edf453455484,false
c32b7182da62af8c,false
2a4aab433d1f4df8,false
2ae38aa886f504e9,false
78074aaf55d04f51,false
44c0ef23726e7040,false
3f0c0c3ab0751389,false
64d9add9f47dcf0b,false
22fba2929c8a2b90,true
1b14451e2d595f43,false
4a8c242a746e0142,false
75c7bd772f5f5953,false
39433974a1fedbf3,false
6723a8593a1731c4,false
6beef91d28ea2f4d,false
3308261dac3da162,false
9e59d24c4da2b6bd,true
041fea3b6570d2d4,false
1f2be454599f7324,false
41cde8c6fc836eee,false
53c8d6748eaa191e,false
74ece55ed1a9107c,false
f4387d6b74da90a9,false
942e1f24e0a69548,true
420f137622b09b63,false
c433904e88e74eb0,false
407030586b103269,false
3858a4988483a7a8,false
1e8df49c6b7a6f84,true
544c4894c25cf597,false
424a953264783b7d,false
0981497751dce5a5,false
c32b49730351fd05,false
f589e50c27e7314a,true
4eae204daa4b2a25,false
619a284b58b8712c,false
1ef360b6eb853765,false
f5ba18ebc7fc5200,false
74f736b588333c4d,false
3a4cf9a5851ef64e,false
653291f438c278cc,false
54490dc3d028118e,true
a070fe717c096daf,false
10fd007125a5c6fa,false
77b8dad5c4f3dbcf,false
475be6cb16d89faf,false
74e21caa504cdd86,false
5e304d3d6216f102,false
5295ad0429ae79d9,true
7fcc8199f465401d,false
5a98b2904a9b2d01,false
7bb25c2260d1f5fc,false
7c0116d178cd5b5a,false
23add6fcefcb592f,false
1131476b523491a3,false
38df2b201ead6b00,true
51480cfad2fc49e6,false
4f61faf14748f6cb,false
8e79c2b00d767bf6,true
2a553214447a8461,false
54f1462320486b0a,false
10b2377ea0a187f4,false
bfcb36422a1249d2,false
0259b6a1279a0b4d,false
1e11d639b475f4c9,true
2acc8e0c98ce8022,false
9db8108b17503382,false
61115e92a2d30377,false
093696c134291c21,false
a42f320a3ea527b2,false
6b0f655d75441a83,false
7569a8459aaf5ca4,false
06e9e2ebe952a2ee,false
66572b0947b39ab4,false
2b5ca2a0694f7268,false
58937dca5df95a5b,false
b5e3363071e5bbc5,false
51ab62160a4e0772,false
21dd346419725a62,false
2f249548458d8834,false
16b0b49e1eb765dc,false
5e784f72fd01b5ca,false
60ff8f9d8a4e578f,false
1b1951dc8b09cf2a,false
30d2cf70f923307a,false
b003cbd8c64e6aef,false
7cfb7dc1477affa9,false
25c65cb83b561ee3,false
4babac37b130f1ea,false
4764bbba642c5b85,false
c8f83651d23f03bc,true
5d5795ffc8ce1a97,false
03449b4eefeb2146,true
078c1ba89e95a665,false
4ae07e3fab0e2fd1,true
51e5bb04393e154c,false
0ca09a26c7a7ead0,true
481f48736a9ac029,false
4e2a4fc4e480d93e,false
69046b3db6eb4119,false
0f5c5df5c54bae8d,false
aa715691f2678df6,true
00140b2d16d96961,false
02a6aeadd5f478cd,false
10018695aefd1b4a,false
5260422afeeb027b,true
2e7e2d931e743c7c,false
2e9076480f7491e0,false
4776f617165fc608,false
75306696bf0e7378,false
5be3abda1e3ceff0,false
7e7e3a5eac3d1cdf,false
2382de0b1d64b6c6,false
0875aaeb6b867e82,false
488ccc99be9bafdb,false
0d94ff17bec66fd5,false
b9d306e3fd4943db,false
bee6fe1b9c3ba4a4,false
0a1c7fdbd4a21f42,false
2ff79eadc8053e77,false
7fc6edb9b31420af,false
3592bb17fe1305e5,false
6d58a0826657c87f,false
35b57a1d15f0f756,false
6920e81d5e8e0a01,false
e8c949ef10cebd94,true
5b370438935ede87,false
79cd1c2f1b6dda1e,false
608612b50853aa93,false
05ea312f487153e0,false
99ed65418d4695a0,false
797e0d7f626101e8,true
520db6691bbeb1c0,false
04e1396f8ea551c1,true
c60dbcd8d09b8ee3,false
197cd4ab2553164b,false
6b2e40406e5da1b9,false
53ac5b270108a34b,false
055fc5ba52fc1cf9,false
c651e4877d5aba92,false
336975f6fac573b7,false
293582207e0680ad,false
a4b8379b17f2c237,false
18cfba13467963d3,true
3669f66d202a184e,false
2104bfa307a29108,false
c7fbb32ae3c49686,false
9ce9e539f2b1288f,false
43bc88d6f49c1c46,true
d05e52bdbc8558ef,false
26f6775df8496552,false
55f3a4d064e99fdb,false
629f131fb921fae4,false
197d6fe2b5558b99,false
1c0f3531c0908d07,false
c129d5c6d3a6a6b0,false
27c751bfb7835ca3,false
d6d8b6f30d21c32f,false
f993de3c3e2c959a,false
5b5e0501904d169d,true
7d4b162c9bd3e70b,false
28688491ea87ca60,false
3bdb276c770e221d,false
8e1bfea0ec214972,false
bdd80cafae42bc13,false
0efe1d819450dd87,false
6114e072a6877867,false
4fc18a8eb66c85af,false
458fe86e2650c2a0,false
251629da153549fb,false
be05a8b1d2b5c447,false
58f4a1580314c5e0,false
152c67cb3348ba70,false
4e02dc2a6d33ddfb,false
ad21bcbb97a04cfe,false
76c1eb743f00f458,false
988546f0dffdb943,false
0e217df6377a5b25,false
7773461089024b62,false
0b29651a592ec620,false
1aac98affe9ffc86,false
6f1c86cc8dc217df,false
006f9dc300337b8c,false
401541ff79b0fa95,false
67a9c8a42ed41bdf,false
50141377b0f898ea,false
22ee11c2d55bb752,false
3e89908892f2b2fb,true
689a059b34514b30,false
4af96286bec9fe75,true
5de358e0454ae8d4,false
75e07e72fe718e6e,false
5975adc1fe5be017,false
1c736e03c9596a63,false
6995045d457d982a,false
3d3d3dc4268137e3,false
87c2b19c7d5d62a3,false
cf91328ff1e573db,false
2d1eaa3669fcc2d4,false
bb39a791621f2faa,false
36baca9377ea304e,false
cead38bd59dc431d,false
5eec1b2da08e0fec,false
3973bf8e54c01d6d,false
7f2a32e27049c7c0,false
b05cfa55d41b21d4,false
63b130f0e942c03d,false
2f644aaaf6b2b6a2,false
7a3acfd19f1c696b,false
3a29b77ea8261656,false
7891b0d72fefe7ce,false
0b718de897cb9f30,false
f395555f7cd53a00,false
03424b09b087dd87,false
4fefaeed350307d8,false
2162d4b5c339d8c0,false
596a67d4fc45fcc1,false
004d92a14a99e858,false
54487828dca91e54,false
5a71852ba733e4c2,false
32b5b98ece79eccf,false
3899beea03fcea11,false
4f784687fd097026,false
559dd9c5abd347e2,false
687a24ce22cbd537,false
43552eefcb64f43a,false
80c8bf382150f715,false
b18e5113b3e89887,false
3393c7dd957c0a74,false
7ffbd4e46cdf7b9f,false
322e9a13e74c91ac,false
f89bc744054fda21,false
4fae3b5dc9df20f2,false
1d7b878f9d644d9f,true
f6e336f34534101c,false
15dae6207c5cec11,false
99c13054f21b4793,false
4ade6404f957931f,false
70ded70850300f25,false
3b20ca148e668d85,true
30416bd04b086a96,false
cc1719d0912dcc7b,false
1861080385fe1484,false
0035e56affb0c11e,false
30877e167de4b8df,false
7f13e85c7696b051,false
cedcab547618d4dd,false
7c8878cfa10c2fee,false
5f728d601a61c2bb,false
6dd97fec67d127d9,false
547f0fe10b5d6c4d,false
90bd72e56dd6479c,false
66d23d2dd779ea2d,false
132333cfdb8f4650,false
7281ad1bd68990fc,false
28722c043b976809,false
443ba93ca264ab31,false
5df459e5ae73e60c,false
34a38a62ca79a820,false
17673b8c2fd5e050,false
3003f93167f72d6f,false
37faa874ff0eb582,false
7045ee02515e34b6,true
17922610fc81f408,false
becd640891da3154,true
5d1e273f17d30370,true
1eae209f55d8d613,true
a17c5aeebf612a50,true
09462ed0f63515d3,false
6a970bb2b14f736c,false
12af4151f1741cba,false
4c780b7943b6aa57,false
ef64bcfb97be25e7,false
3227506bdd95c424,false
51c033e0c4b4a483,false
490e34e29d26c6a2,false
87ad4f60d9f5a986,true
7d7d5a6869ecd8dc,false
02d0cbd0c0ab4a69,true
791436e273153388,false
6ba448ba33d99d50,false
145afb47b08b9a31,false
0d729846dc94721b,false
1bb1380f2113b485,false
35fc3b3d8d3f4626,false
1888bc514d1bc11a,false
ae09764055f44d84,false
47813be380992265,false
4509f78ea4d1431b,false
5f681c6813e06440,false
6cd526be3835156d,true
661bd47db05f8ec5,false
e7e6a553d9c52635,true
fb221616adcccd57,true
23fe757c325f9ecc,false
b81f6872fb88d7da,false
805e2e952e49554e,false
6ec5364fcd7cadb1,false
2ef5a674db058ad7,false
180419ec107d5793,false
730f5d47c54cdfe9,true
0af9e6d4a24a531c,false
e7ed8f1d409d1328,false
47ebe49eb15ae37c,false
37befb331d57be3b,false
5fe4fceaf06c554a,false
7bc6a7daba6706e8,false
7a584c1442ecab62,false
2df5119e922b8a01,false
27132f3c7ef33b5a,false
6c65b890032f7f23,false
9e0142061bf3eb12,true
ced059530db4bd2e,false
fc0bfdf873e3360d,true
290b6ba5798626ca,true
e0f07e6adfd5cfc4,false
3c62200c09c9b22e,false
4764c6319966e1f1,false
1cd43b453701a1e0,false
31f90fd94cf57cc2,false
5d894469cdea7511,false
2bd65e5eb46b9213,false
49f3703a7ca7c6ff,true
466d1547caa6bab2,false
6b9ce5bf3ab72eec,false
7ea221c9fb5aa1c4,false
21629b8533873d4f,false
3704f7c98d75f773,false
420c3f3d16a279a7,true
7af35a574c91efed,false
97c1ff0b0cbdadb8,false
e3a72c319f4b79f2,true
12aea62f46a0d38a,false
a76ec0b2e14a1ddc,true
3b76cdd610fcc38c,false
04be3a7d42d61b13,false
f268fa62339837c7,false
5203404339424dcf,false
16fedb029cbafdec,false
11f268f5b31195c8,false
775ded83dca01f37,false
2e9e0f38c7f305e2,false
447d4108ac791c62,false
06ac4b5eaaf69b13,false
c0e6443e9ed8231b,false
d63abe4e55aef6ce,false
14af89fc03640c95,false
3abf168a2973291f,false
0a5422f2fc4b79f3,false
4df61d3200d256d3,false
b8147ec13473a308,false
325fa9ab4dfd43ca,false
147b4466bc7a4593,false
2aba4da1c20b4d34,false
730be65bce71b0e9,true
3a680658d15ecd98,false
aea842813085b855,false
a7214cc9f6865d09,false
6ce40cd8794487e7,false
3e6c351d5d640b47,false
e383e9e54eba0a0f,false
60ca0e7e86a56e50,false
cb0b99a9cf9bf83d,false
2c0a41391a52412d,false
7dd057da1f20b14b,false
4a2142a8d38b5933,false
243a9035cb7952ad,false
6bad7bb3139ccb1d,false
6a3687265c0b3dbf,false
4df48aa959c59ed6,false
2b443ef04f4c2b47,false
45d52a6f9d3450e0,false
4bf8d80136d93f07,false
d2c4c61c5ab14714,false
01537e38454d3c5a,false
0c8f30482f13d8dc,false
0085ae83521b39f9,false
91ed18113e4f6b67,false
5741b78902c7c092,false
94d973f3ff3efc42,false
7e12f3c2a093ed9a,false
aa14e5729692f253,false
34f440665a27972c,false
a1f680e2162770b2,false
3c23877357a467ea,false
5c0510471594d7d4,false
61f0080a0136d44a,false
63cc4aaade021882,false
25041027733383bf,false
313707bf80d4feba,false
3b53dd0c9069e5e3,false
428c24aa510e5b3e,false
52cc40b503922abd,false
47666ee761502add,false
78e3d6a93f6f95a6,false
e6e8864dcabdc102,false
4cab47762cec0487,false
70ccc455fafa4de4,true
45ea38af31c50f63,false
477ce20a8c88f1d5,false
28436fc26dbdb0b8,false
63db20a1c1802089,false
39a1c0362542f0aa,false
0dde6c6715fa74ab,false
7a60cc9dbd0031bd,false
02c068b574f38e7f,false
53aef6c16fda8c56,false
65c3b92ee70e6f1b,false
cb723cf1f07ddd6b,false
1bec4822375a9c96,false
3f5dece4fa500147,false
0acf55501a0b185b,false
496e9f1c2caf07c4,false
24bf4068c1cb1e24,false
d44c9b142ff279ff,false
130b5004ea76a3db,false
c85e11c83734be90,false
15b3af8420d11a7f,false
13bd845eb7f6a693,false
6845aaade635f18a,false
0ba2ccedd80f265a,true
6710e0d5eed99e81,false
5d4c305ef76f92e6,false
65336b3aa7dc22dd,false
5189e7c24e1573ed,false
550d364fd81735bf,false
367b697179d94431,false
1b665f78ee8d280d,false
092b8a5d3f32e0e0,false
33703ac05c9063df,false
3cbabfb0c4506d80,false
9140ab2e89c193dd,false
3e69a9d9ecc3e9b1,false
3941dd4c944391bb,false
024679b4e455311e,false
3ec94c2686f8acf5,false
de32c9de9189437e,true
0ac3ea600d9cf397,true
63992bbb51db508a,false
16b88ea5fe985cc8,false
08f5f2cdb128acbf,false
29ad7bed136f3f0d,false
2d240b20feac8a51,false
8d2316a7f5847549,false
405ddb8d3c137757,false
074a13edab014e38,false
05f42625b29d3a88,false
2496a4da66bcdd77,false
63c6e87edc2b106b,false
0c8582aba736dd8d,false
30b289ca09d6661e,false
2b7b1d958c723d69,false
2a0f5c5655b8447f,false
3fad89af48e74815,false
47d4839cfc0db93d,false
4e2a2430e36ba50d,false
1da5ae2b4875dacd,false
03fe422fed428d63,false
6246aa72a90327b1,false
0745cfba3eac8a8f,false
5c2d490e4057688f,false
6e88d338bc341b74,false
5151f5a006b84d05,false
c07f4af10ca7a53b,false
45688100d989d3f4,false
5f9b691ba61a8bd5,false
042b0e4e8d6a1ae6,false
14336da6cf5da001,false
108ebd6b98238db0,false
0823f9325aae2e25,false
5806aa0b5e3e87e2,false
479decb71ba40447,true
381795c1a191485b,false
d83872c68b2baa7b,false
ee4f7f398a5c07ca,true
41ab3dd96e4e5ec4,false
2f942eac6c1a68f7,false
0602f448f5141443,false
4ddef507c4ed17fe,false
1a686594c8913e75,false
4b3ea4cb0b5a69e2,false
7e5275a2a245c39e,false
60640a4853f6a5fe,false
059476f25465812d,false
30c35f896e61ca28,false
2871a61f331dda11,false
333af9d02313efa6,false
444f4ebcda1a5436,false
31f0887e671a1757,false
273ac60879f6dc72,false
aa44d893f8443ae2,true
59bdab8b4acd3c7b,false
120fecdb6420ffea,true
053b08c68b33bc45,false
cf9e9757e0c37cc2,false
0e8881aba5fc8fa2,false
2dbd4c7efd3c4c30,false
842790712d46d0fb,false
4fddc267c53da919,false
12fa3c6f150d5382,false
d9498c0b406ca875,false
37a43ffee2239253,false
1311595636d05306,false
cddeeaac4482e3cd,false
64c01145733b900a,false
29d39bfd7dfac42b,false
84fe477edaeb2097,false
513a1bdfc5905d40,false
74c2825f65110c90,false
73b3c1c81c520fd7,false
16066271c9bd212d,false
51917c74ba192d84,false
17e565136e21203f,false
5a6b2bf74d5fdba4,false
f63dd3579484c433,false
7ff8ee873dc5e145,true
56c69b47d95a0c2b,false
2c8f2b0fd6364cc0,true
77abdc6943df36b5,false
b0fb14fb2c096d6a,false
b6c871ae821eb580,true
4373e3305f302a4e,false
52030474d74f847b,false
4b755f3572cde1f3,false
6ef8ea8b2150c047,true
987662db01900ab2,false
34606fb34e255e80,false
15ab21180a396c99,false
22f7d06a170c826b,false
bb897f42971b71a5,false
3b4c2d7bdf01129e,false
7a1ee15e3587734f,false
022bd4e8017e2118,false
123d1c2d33afe5e4,false
cfbbddbca6c3ba85,false
30f9ee0db54e82c5,false
f148446c415318f6,true
4ca6681ecc1f192e,true
c05af6e35e5bdfcc,true
93caf062a974e278,false
776871aad925a4d7,false
4309b9c3852b3410,false
2a9461e47d6435c8,false
11f9c47888afaf08,false
c04025680494e65e,false
45110a6c251cd2dc,false
53ccd216e9ee6273,false
3bbbc0dacb0abb6e,false
23c09251132ee772,false
157a8d11ed71862e,false
64939651c5040c47,false
d7e6f34a99d6314d,false
5b8a189d8ea5fe59,false
27b571dd28c72679,true
2d2f5970b3bc63d5,false
6a1918419a1d7a8f,false
65fa8099dd7e74f4,false
72cd299a6bad5fba,false
4d518d0f693a5fb6,false
36936fc12f3fef9c,false
625ffa41bbc5c764,false
b0b9e3f8ba506f18,false
16c5b4f3c754eca9,false
516b90cad6634207,false
b529ed8ff2ea65e3,false
11694fc14042d6d7,false
22071a0ef519fb1d,false
3976ff774d47857b,false
14dcf2168196c6a2,false
d378d523cc91aea3,false
dc850d21f13eaa77,false
b80d84177678ad22,false
7cd1dfc450d8e2f6,false
4a9af0e7fd4e2601,false
7aa9faaa5f29b39b,false
6a3bfadc4f4aac29,false
5cea470ede757bf6,false
cd04cb98dc5d0c9c,false
65806b54d1400283,false
06ffc18c59d2a5bb,false
f9e34cd6f1cf9e9c,false
5431122a57711dff,false
7a67db2d7357dceb,false
000defedc16c6d24,false
3e3fd52fcd95e7db,true
14cb664e6676f905,false
6e84c8edbdb3a05b,false
1d6900a01f380d9e,false
07b545d91586c099,false
6183695efb3ceec9,true
4c18359f1ef7fe43,false
072380c6a3468da9,false
54228a9ea91d3052,false
0a2a55b4798709b4,false
35e4bc170b405b34,false
d572d5ca21321194,false
174794dd669e0718,false
a7ed9f7e27ef6f87,false
8e7a73572200cad5,false
b2d9d3e49d6f5824,false
2e9b5970031f073f,false
38924f4e6b2edc05,false
35445dc0339747d8,false
31edc51535a1c011,false
29070915bacfe3cb,false
5de9a8319d8ec177,false
0b59542d7f475b98,false
5149ae791f05d8d2,true
73dcad9cec7d99c7,false
6fe9b56a825fe604,false
2fff2a21a319ab37,false
59d0ea8c603b412f,false
a854639ee04ead5a,false
730938e743d3dd79,true
73fd98d1782d2bca,false
a7ee73d522ab45d7,true
0ae26e9c6448c950,true
212d981e97fef7bb,false
415748be3238ebbb,false
7625de2e2ec94d0f,false
63fde27c333f69be,false
2e4e6231e95f25da,false
4f20749d38048c3a,false
4afe157c63191753,false
61bede3dbe2a2a5c,false
9ed13eee0dc665e8,false
ce8379387990ff74,true
21515e38254494a0,false
cfc5288e93a21c4c,true
19478069a596ddb9,false
2b2a406f0561449c,false
6a1264a4d4f6289d,false
65acf9fe457bff90,false
4c22651f326b3e36,false
377a4de981ecf623,false
44a8343fb9b26e79,false
9e10c9cad83c5188,false
335de5a48adfe35a,false
7c7058e9cfe763e9,false
dcb11a4dfb30ea51,false
4ac6349f14e1d5a3,false
6f8b33f7d8bbf48e,false
e13c20b9b3fcbaa9,false
11d1a6b1441c85aa,false
5825740cbf92a545,false
25446b105622cb64,false
cbeb3875e3f3c8c8,true
c0286bf77af8d53d,true
1b25a256a2033261,false
05bb9f0ff590e79d,false
5857af0f646c79df,false
51bc92ddf4d64e51,false
759b1695daa596ca,true
1f099dcdb5917618,false
dd7b1f105d617cd3,false
3771470bc88e659a,false
e7b449b9f55c7fc5,false
2387781b7dbf6264,false
73b9385aea2b7def,false
4528c343bb9f0a28,false
18cef9f26a614488,false
1fcfafb12d368d10,false
430c92c8d500ca76,false
c146a4beddf64349,false
840b66145d387d18,false
37543981af0ad39e,false
b7076efdf2f90dbe,false
4e485e37352e1fbb,false
0c0b2f39de3d72bb,true
eed4d571fafe9aec,false
2506b20668afb07e,false
70e739c171fd8474,false
437bd1cb4caabb39,false
bb1ade55acb2236b,false
7fd7e0f4b53c6cec,false
44ae1331eae08c64,false
398800e875881885,false
68fc1faab8d974e6,false
0f6f5a2bc265b80b,false
13933d4e3f4d3c47,true
7c6c67608e2ffecb,true
2da7c45fd73fa270,false
598a8d14d2252234,false
7173c73b17a2ca70,false
ee0581fda34c43f7,true
719cabb70b3ab7cf,false
004ce75156c05d3d,false
40f10493090b5fd4,false
854b3b7ae49cc407,false
07d211864d72b056,false
6fa1717f29153ff7,false
6e5b35d0ce828667,false
4a90202c9a812ceb,true
6ac1a7b027232749,false
10338f03c4c3a793,false
7279053d8e5a0069,false
c45f33557b82bef1,true
0a63e0659aa2e6b4,false
4e88529b704c5efc,true
08a8b5e2ec69ded8,false
3b68593c39de80fb,true
aafc895e3194ccf5,false
5bae023fc716995b,false
3c318476aac60cbe,false
23fd4a83077f62de,true
b476f79962745894,true
d59d4197d479d232,false
3a286209cfb4197c,true
3c442c6f2d4fa5ca,true
54f9af99dfc3cd4e,false
08ebc59e87b0cc33,false
b52342739306694e,false
2b621992d418beca,false
9b6b5da2c9219e8c,true
5649ceee0f21a664,false
bd2786f6e549dc66,false
5a86b099f29b1413,false
221adf2f18e54e92,false
1cd72aae0484aa23,false
98ace8210e48ca1e,true
91f3cd200b940f10,false
1eee04da7f5b35cf,false
2ce57155d2edbdea,false
787c842a89419ca0,false
4b972cd241e9951f,true
4cacf1c006202a4d,false
ddc611074058fcd4,false
9dcd5afb109b4a8a,false
0746dcf742c45860,false
46ed19129123ca26,false
170b8d4e6b410d19,false
74be532fd7a59b5d,false
28d1fe34fb826d66,false
669fe712a8ae9cbb,false
ac0cc92ba7d27c40,false
76a84698bd1a02ba,false
02d032ef3bdfb392,false
087d6e11aa4808c6,false
7a2a816664f2ab8d,false
7ef4b1c93c408e20,false
239a995395227ffc,false
aadebc1864795629,true
413dafca13358914,false
07e2aaf87e3d8b4c,false
4fb01be59a062f10,false
3d8bc23cd6eecf1a,false
1080d4d976b533e7,false
000387d18ff3cc62,false
1d37d34b9d7f6a92,false
1b00df3d54771355,false
750b82d7c502513f,false
6f7af12913b5828f,false
318600e46c487791,false
05456376cf50f65b,false
2a6a8a34648f3329,false
088b01b2e90a18f1,false
0dd7f2a99afa8e93,false
68b286bd8c678c7e,false
ddf170a11fea7676,true
cdf84339c2d2ace1,false
2557de9d1a69b47c,false
7970aeb2fde2e310,false
5533ebd158b2d831,false
0f944b61dc16bd90,false
54e9d262372d95c1,false
1a5c28e69f0b68cd,false
0c424957370980bb,false
36fb613215038366,false
f777e26b11d50df4,false
311111e55e235a53,false
30d3ec1fd747c216,false
5dd7f48d55fac144,false
db578f374a0b9ae4,false
3eaa843c54a18ae8,false
ce6044cae106319e,true
54b07ba01d074ceb,false
1631b116123f69f1,false
3ab9fb14cf06a4fe,false
79f2e0a93afcfbcd,false
53c725053102ec30,false
7aff55ce3029a261,false
cc987fee77556e21,false
437dcd48beb0aa1e,false
8c0b19b4c343374b,true
419afff0102be930,true
eb66c3bc45a1a3d5,false
18361ca1ab43aa8f,false
d4496a3902b388e3,true
493e67a639612641,false
5b1d07b0ee54f4fa,false
4742d947a0700594,false
515645d53d45215f,false
9aec5a771f0aed7a,false
4052f2f911f95cdb,false
4d03508814c916df,true
14e6ed3920a4eacd,false
48a33b7f2f9bf3f5,false
c48daf26a124a632,true
70cc3cf8fe400f27,false
46eca4efee3b2767,false
1cc4c90c6de61b0c,false
57084a86a4eea838,false
6df7ae38bdef43f3,false
28867e58754151a3,false
5f12198e7f72dc99,false
8438ede2ed7b643d,false
4c91ad2d6f9b0a78,false
0737b2e5750b5852,false
696531720cf1afe2,false
4bda2e0fa34ac441,false
6400e429c73554eb,false
26c9bc63050d8bdf,false
582935dd523bd35c,false
210d7db5fd91e444,false
0c6b58a60044d7f6,false
95d39b143d18afeb,false
44f0ecad0f53c8f4,true
1d68deb7093b526e,false
175d8538868a3057,false
7340137cc08f4f3a,false
31462f5d2bd948ea,false
505515937d98fe53,false
66d92becdbf2b1e6,false
8a0e4f9947fd14d9,true
56e2815e454b2f61,false
5b34c0435915c3fa,false
e330039fea977f93,false
19385511f82b3cd2,false
bbf743616f47b64e,false
1a58581f16ba8193,false
5775c1a7502125ec,false
6a05a65a8a6ae338,false
bf1b6712242e58ad,false
0012cbc2e4a6f625,false
6e53520fcb2af775,false
0df743a35a2e1bc5,false
7629b131a1732654,false
5fef7e649a887c98,false
59b6c04bad975d58,false
352465e44d95af5e,false
b0db8afd19914b87,false
c7f72d7b2636b0fd,false
c3ab2038c14e7d3a,false
233fd2a7b2026645,true
3341ff714b607b43,false
f2c641eb3a656205,false
0f03ba560c0721f9,false
537cd810a71087ca,false
4560e436339b59df,false
3c4fa2f2032f1e00,false
844000612171c435,false
8875d84ce229702a,false
471a1b357038b404,false
b981efc6e448d2e0,false
22a305d4954d8af3,false
918494caca932ac9,true
706bb0d16e8020b4,false
dfca54b6bc67cadc,true
34307e8e56e175af,false
7d45ab020cbbe6f8,false
68c9c6490688cd2b,false
5a5cfc91747c6bc6,false
58ecd877e6e41a30,true
8a9f56555d65b59f,true
8834e634eeaa4f63,false
c1bf3d32087e4c26,false
f59983d859fbc584,false
376f798a653aa5b6,false
711f71a99ac2ee32,false
8e67bdea0f6373be,true
04f04ad710c35728,false
2f9de7f4bedfcf2f,false
4c7fdc6faefc1e99,false
1a9b80e3bd04af33,false
4ffabf0fc230e506,false
0f8230db2011d641,false
36a9a7d731253299,true
69a938438768a0ad,false
9b82d409d69fd0f1,false
25654c03f58877cc,false
0bfd3d7b4bf1d36f,false
11c2a968c390c0ab,false
64adb1af9caff0b1,false
fb028038202359d7,false
34a19348afeb06fe,false
480e6e15d83fd6a7,false
071aaf6214818e4e,false
3e77f0d01cc5d772,false
196b55f499feefc7,false
0a9a589a2e4267c0,false
6ce7c03fd70541d9,false
483115d85720228e,false
17b1edc42d577f7e,false
1ca9a02922c89a9e,false
369ab9b529e387ad,false
6eebb322ebc5897c,false
5453bb66a76268b8,true
5fd536a25e5510e0,false
3b4de1f9775456d9,false
762af89807ae36a8,false
3aa5e25fd8aeccee,false
0577f780df01ff71,false
17fc4da20db20111,false
df42ffa018df62d6,false
d6c3810724b7c40f,true
3582b59d6d577e34,false
37a3c063c281dd62,false
0984c108979eda3d,false
9fe0df57b70aa4f7,false
d76fbdb1681aab58,false
2302387ae9d8a63e,false
723163e885f700a6,false
5e11b6508c629e80,false
4d2dadc61fd1c80f,false
069023bd04600ebb,false
70b278c92e24c948,false
2b8bfec2ccd2d959,false
78fa349f450de682,false
a82ed635708cd113,false
55ba9f05d3b5dd99,false
01a0eacb03af2b34,false
49d01c2e64a06582,false
17695461e7112b26,false
f8a46e31f946f101,false
518d46cf958035a9,false
4b3d0cc535f8d673,false
3ab3af325b955eec,false
59ed9c9e9f6d4df0,false
3a77add4be2c8248,false
19b3a69bba837397,true
1ff36d9322fbf71b,false
6aeba54d2c57c0ae,false
7006c7b435dccee9,false
40a281506656b29f,true
6fe968b444d2aef8,false
f64acad4d156d0c1,false
7c86a1c2c19cdf79,false
36242d33606f1be8,false
6cb5217a0fa1573f,false
3f17315fff889599,false
9d1f0849d9b6eb01,true
77b5683065590319,false
150c8860edd133ff,true
4349b0f95498e20f,false
0cb0a782f59899e4,false
3106f948530ce522,false
ce6c4c576445dc64,false
2e83e29158d3aa35,false
3d43c1ec887b2cf4,false
337fcae8a3fe6e64,false
47672f10fe67ff4e,false
7c11d08979197e22,false
652e0ebbcd2768c1,false
38c171ffa9680193,false
a666a71e418888a6,false
280edcc6bd692d40,false
8b8bc1af61eccd4f,true
54b3b2429dbf1da1,false
01b084e9a08f4110,false
42caed2884e3b37a,false
723e979dc8efb417,true
2cf22bbce30dce7f,false
2c9bb2285f958d4b,false
6daf79dbb8cc9088,false
6670475cf5cb5ac7,false
7a07131f4bc18b30,false
5129e42f77433e8f,false
77eadb25b0c74ef9,false
21aec13070bd45b0,false
70837abdfb2d7876,false
928134ffaad99b89,false
35a3eda18ee724bd,false
41593dd7de0184c3,false
1638d20e25380d5e,false
4a2dce13fc475805,false
460a5510def0eb2d,false
6f70161a47474269,false
410fc840379e2c4b,false
6bf89d7937e0cafe,false
0544a78464d1f333,false
475ff0b6b0c7a93a,false
638241fefc5ee793,false
8092532392edf5c0,true
0a300ad59691171a,true
c076ab22463a084c,false
14f82391ec1d11ef,false
048041c89237f7db,false
1d823b4d072a8fb9,false
51989171aa86417f,false
320b255954f1a8d4,false
23a0e57b711c4684,false
068b3634f684a3fe,false
563b56cd0007a992,false
501ee7e1535c4174,false
2e012d378540ab73,false
24db5e522e6f6d20,false
327bc7ba140f747d,false
9af74311d7743aae,true
6022c44cdbe7a0e1,false
15f5a97755e6e87b,false
35f15f33f0953a33,false
1b3ea970610537bb,false
5e0ab95572a8f24e,false
6869e31768d6ff47,false
7d1414abc0931901,false
e78012230fbaa8e7,false
51c45a9c5cca5d0b,false
05b32ff1722961aa,false
3d01d4d6161755ba,false
2eab610f489fdaa0,false
53797147d3615055,false
42d156c0b84f592e,false
1a58acf6e5819c39,false
2902d29d2b347540,false
d82f6f22a41cff66,true
78242c421bc5c632,false
28732e7b2ff67a76,false
60e678f4b6ee7efc,false
0e4ebaddbafa285e,false
3e2ea6e89558bae2,false
6697fd0c865b87f3,false
38a046a18375c6fb,false
909b1bb8c5b23983,false
73ac8b2b02e90b3c,false
bdb3bbe83b9875d5,false
273fa2a651724b63,false
3d1b017ed2d7f5f3,false
3ad2af31ba5a2fc6,false
203e7d8ee30a3747,false
3c8a7b4b2d482d09,false
7ed3fe9a5183001c,true
49a488c68451caec,false
3ae701223b3e65b3,false
75ed713ac8c5c302,false
51134ed4138d7cb0,false
3eb816030e68d503,false
6691716a6266ff29,false
5a53507958f4b3ec,false
51ab74c623abec43,false
604019846704225d,false
b92f2e8ca36865b0,false
a513a43712523837,false
4700c831bc431a9c,false
1887674e73bbe9f8,false
2deecb9f37e417de,false
47e9e7ef6e2689d0,false
5aa1fc57584d8ba8,false
572d339f88294864,false
0ce07dc91bab8c88,false
442bf349886f6118,false
b78041c7505c0f9f,false
12631e3e22a2cffd,false
5075e273dcec460c,false
5c74d0bed8a8ef1e,false
ef0739d94b8aca3e,false
3f6b1d9696fe3877,false
68dbf13867da5ba7,false
5810d26733b6767d,false
18d687e666fcb7d6,false
eedaa31381ffa93f,false
4e478649e7418022,false
1ccc4a1fd76d9bc3,false
7d566d7856ed8d6f,false
2b68b8f46f4b89ec,false
75f4907568c8f339,false
302c124cc92316fe,false
576fddcc0894f476,false
3e43f4fbe2b8316c,false
1ac522aff113ab76,false
61e5877c238c2e9b,true
1838a5f66e856982,false
296a318ce09b2e22,false
4fd8bd967da446e8,false
77cf9000f04475ce,false
3ee3e94597795f40,true
10b2a49b3d137e19,true
6ccf96734d592d0e,false
29036381bfde1731,true
da861269be7034d6,false
3c358d13366cd7b0,false
3fadf7d6484890c9,false
67580be529a51131,false
a89f23300b9af9ce,true
3a3449245e485f36,false
5ce409462420989f,false
3085ffb70666c090,false
4a3e10bd0e541bc2,false
672101e969d1780c,false
45c93d051420f5bd,true
04c860e21e905fc5,false
6360514ccff3270f,false
3cc9486b6ee4dbab,false
5baf9c37c558cb01,true
b71d82acec4c4f57,false
276337338ca48f90,true
506c8c2e6c1d01bb,false
028a7084dac8ac4e,true
01356bd0299f6e2f,true
12615c79b8a701d3,false
0c67297e5e894f27,false
8accacc3a29c4172,true
038ee4221aa3e79d,false
59beaa3edbc48c40,false
2dfa6bd0f0a18ff9,false
363ffcd033312ce9,false
1d6c7395bc665691,false
46715441a439984e,false
c5f73d36865f88e7,true
3222f27565475cef,false
21339d7f505fee99,false
be22b1331463ce57,false
6a792f3cd1ddd9b4,false
17f736c7797d8d0f,false
caeedac368c897df,false
8b82456a742a79cb,false
96c11eb3705df983,false
3cc261d50b0de2e9,false
2d1c8ade622e6b3f,false
3fbb790ad4fd298e,false
af940162f88d6c1e,false
df771ff9c0972a06,false
63ad49815b9a8d89,false
c732e62dd76d30a7,false
d10072a78a87ab32,false
fbe5058fcb0a9fbd,false
73c96f37ff0ca730,false
64c3b7f6e9514581,false
000d41ec36f584ba,false
26fcc7544ac718df,false
115b5ee8fa6f48f8,false
0008e4949f8465f0,false
5276cbf5b06b7bed,false
2b89da93614cf8a4,false
d3daef726c40e5e5,false
201bd791de2269f5,false
76b136c716b5fafe,false
572a2171c5e9a408,false
47d63596d340c610,false
0280efe49115b165,false
54b39a5302470a29,false
7917d43f2a887536,false
272dfde78a554954,false
16068567e12a315b,false
e51242fae8571973,false
74461785a01e3d13,false
e7d1afa3e02e1150,false
edfe741a9a34339c,false
07121665bf7c9018,false
a1894bd965f4b770,false
79d23a4b13a9db6a,false
13fcdcbf52dbe5e1,false
276e26f2b1b76538,false
b01e831e0564dbfb,false
6b54848ebd6b707a,false
1423adab16d672b3,false
4ab779ac98d6957f,false
3adefccaa02c2c06,false
415052db140fad2e,false
307b463477e092c8,false
5f15b9c6e465e213,false
c33369a3653d9074,false
59e6059fd13fb55d,false
682e043a6940621a,false
20e26fe1496ef846,false
016a05a50548aac3,false
0101de1a463c8713,false
46678d1c96bf4105,false
04c07f498b747840,false
76b679a193b34236,true
7bec04101902dcc7,false
376e261bb622f3d2,false
50f51b4a9b4fe0fe,false
36b9a7e440024746,false
fe53b2c60e439115,false
1cd41d393af5262b,false
470df1c2d2ac38c4,false
654fdf0f1e9ae3bb,false
7c6e850c94b55c9b,false
7f15e0e0041877f8,false
088c0ee236452034,false
6d44969888a18242,false
6a98132de50dcd8e,false
1b14fa8bacba8557,false
743eb2b7fed870df,false
007f15190fab1409,false
1aa097338718c793,false
4fa06e26bd5a3c05,false
723bb96fd25c2ca3,true
7bec0925a7f1e7b5,false
05bcc681fb010f48,false
ef89c5eb13694ada,false
2d215e47dd1f925a,false
0f12b480d785a0a7,false
683540433053d4aa,true
1e3ea349f31d7186,false
50ae60f703f7eb6a,false
688a35fe8469c1f7,false
83896a4b8f51002b,false
c163db3708094320,true
438cc1f47492d493,false
0b26a56101bbec8c,false
498944aa76ccb1ff,false
5941bc5cedfdd2d1,false
c01068d74e71550b,true
8ad86dd1dc2b3206,false
4e0548ff29b3cb6e,false
52d9c349943c5f22,false
1750486946000788,false
7a6547aac1fa7ff6,false
f47b429818dbb759,false
72474bc2d17ec03d,false
ebb2ccc035d4ba85,false
b1f705b2c088c98f,false
37d89d0024a44cd3,true
58908fc0760b6744,false
4e87b66e1bded552,false
0cf308bb72b3b122,false
528e6802bf412ed1,false
30598979fc5d9096,false
75abf92ec915b679,false
276f1afe24a8e47e,false
7413a9f30ccb426d,false
35dc469f52d9b1ce,false
65fff3382d7aba1b,false
432a1da62d593820,false
4902ba2c4e420dc5,false
466fa50f2615bed3,false
55fd2276934bf3d9,false
a85dc783b4c702f5,false
56c713500691d3c7,false
5948ea9fcead77ed,false
39264a9da1c29c84,false
3ebf77d69871bb3d,false
969c086a3b9601fa,false
36249614ff990730,false
42b6cd6c1491ed51,false
3db646f4f5fb1d9a,false
ac3edbe154789170,false
30a83f8b7c268639,false
18e07dee53bdd0c0,false
0b474ec56f4ea8b5,false
1f10046d5cf7130a,false
29b4e7e356ebc0c4,false
4033b8115187b538,false
d67aa1a4c9928705,true
32c6762d0f1471ab,false
f3c75d536753ab0d,true
302dc225b8109715,false
09b1e6e80be55b23,false
16cc71cc7626adf1,false
6b4baa478cf9e6f5,true
1f76339d3b5156f8,false
77054bf3b916e4b8,false
4479eb630f61e2d1,false
6842a7ce4ffe8020,false
a08e69a7003aed5d,true
3be819e3c6183674,false
2cc5f7079304dcaa,false
05f57ee9ef932b4b,false
2463d73be7d680aa,false
3e70de0e4c9185dd,false
2f4652eb9ab38fda,false
15c4151f32dbfe8c,false
25e023f794b43f2c,false
4d68ed19e7ff44c4,false
3ba44a50fdf9a86c,false
642891868822b209,true
24b04cc296e666a4,false
a4d520bebabc034b,false
67ba9db049ac7a3d,false
0cfb951e1877f718,false
56cd819f5425f632,false
8a7eac58acfd98d2,true
67b7b94f80eff278,false
f6c1c50ca21406ad,false
2fc70f8d9cf2acdd,false
0f54edf5c5fea0bd,false
5c61e42163ba8bf9,false
0d3e215b6a4db00f,false
b049a7251d61847a,false
61357ccf01dc5364,false
0459f12481bd2c6a,false
87fbfac63495fdc6,false
7d63c263d480f61b,false
7de651be040f7067,false
53d62703649373ad,false
d3c8b92c1d9e71fe,true
3b3e498faa8974b3,false
0f6521d1aa4a56e7,false
618061eef41a5566,false
7217f77d8b841bdd,false
5b4b914ac7c54954,true
0564b041abbce078,false
ff686cb3bd59b074,false
480eb39069ca151b,false
0032329d9d347542,false
7396201432bc95d2,false
2f8e4a816ce1678f,false
1819db1aec63740c,false
5e0c71dd58c99be6,false
c480da14cba079d6,true
6360b8f08c950db8,false
6523147b0c1a85bc,false
241d8072bd5fd151,false
71f48b87d36e32b8,false
7c3159382392c3de,false
3b5fee87d1e38513,false
fd6e205444db0706,false
40151213a476e02a,false
0367806c21e6ecf6,false
bf0229cc210497ba,false
15e6a5899932f3aa,false
6b72f6eff4b77991,false
86ec43578e4fcefd,false
7395f29712075af6,false
32cfeb0723db1079,false
487a8a5e8e6af948,false
354149f1b13f7d26,false
17142211a7f37b99,false
3581abd97d629fb6,false
0992c7caf290a660,false
a80f507b4c640af9,false
6460db8792f09de8,false
a9bf095c52280c5f,false
03bec8aad904f21a,false
4c736fd6525d2c73,false
3cbeadb3427edcbc,true
5e32571fb8412547,false
e5b42248c5ef34db,false
e881d4f73a69b97d,false
49a008c41de82207,false
0b60866a6a09bab6,false
2026baf9c73b2418,false
5c2a5a2d1368d8b6,false
14943ec83579375d,false
5e89c82201d588e6,false
122b216ffba86dfe,false
71333ae11da07c32,false
16d310453a4dbf59,false
a159a025b5558174,true
5dd46be3ed491e8e,false
04929fa219e8214d,false
